# Made in Blockbench 5.1.4
mtllib 2l_signal_post_1970.mtl

o tube
v 0.12268662778005801 1.3401817091320216 0.07812499999999999
v 0.045304375 1.125 2.42861286636753e-17
v 0.045304375 1.125 0.03125000000000003
v 0.036093125 1.1472381249999999 2.0816681711721685e-17
v 0.036093125 1.147238125 0.03125000000000002
v 0.109375 1.189070625 1.0408340855860843e-17
v 0.109375 1.189070625 0.03125000000000001
v 0.087136875 1.198281875 6.938893903907228e-18
v 0.087136875 1.198281875 0.03125000000000001
v 0.109375 1.279679375 -1.0408340855860843e-17
v 0.109375 1.279679375 0.031249999999999993
v 0.087136875 1.270468125 -8.673617379884035e-18
v 0.087136875 1.270468125 0.031249999999999993
v 0.045304375 1.34375 -2.42861286636753e-17
v 0.045304375 1.34375 0.031249999999999972
v 0.036093125 1.3215118750000001 -1.9081958235744878e-17
v 0.036093125 1.3215118750000001 0.03124999999999998
v -0.045304375 1.34375 -2.42861286636753e-17
v -0.045304375 1.34375 0.031249999999999972
v -0.036093125 1.3215118750000001 -1.9081958235744878e-17
v -0.036093125 1.3215118750000001 0.03124999999999998
v -0.109375 1.279679375 -1.0408340855860843e-17
v -0.109375 1.279679375 0.031249999999999993
v -0.087136875 1.270468125 -8.673617379884035e-18
v -0.087136875 1.270468125 0.031249999999999993
v -0.109375 1.189070625 1.0408340855860843e-17
v -0.109375 1.189070625 0.03125000000000001
v -0.087136875 1.198281875 6.938893903907228e-18
v -0.087136875 1.198281875 0.03125000000000001
v -0.045304375 1.125 2.42861286636753e-17
v -0.045304375 1.125 0.03125000000000003
v -0.036093125 1.1472381249999999 2.0816681711721685e-17
v -0.036093125 1.147238125 0.03125000000000002
v 0.045304375 1.5625 2.42861286636753e-17
v 0.045304375 1.5625 0.03125000000000003
v 0.036093125 1.5847381249999999 2.0816681711721685e-17
v 0.036093125 1.584738125 0.03125000000000002
v 0.109375 1.626570625 1.0408340855860843e-17
v 0.109375 1.626570625 0.03125000000000001
v 0.087136875 1.635781875 6.938893903907228e-18
v 0.087136875 1.635781875 0.03125000000000001
v 0.109375 1.717179375 -1.0408340855860843e-17
v 0.109375 1.717179375 0.031249999999999993
v 0.087136875 1.707968125 -8.673617379884035e-18
v 0.087136875 1.707968125 0.031249999999999993
v 0.045304375 1.78125 -2.42861286636753e-17
v 0.045304375 1.78125 0.031249999999999972
v 0.036093125 1.7590118750000001 -1.9081958235744878e-17
v 0.036093125 1.7590118750000001 0.03124999999999998
v -0.045304375 1.78125 -2.42861286636753e-17
v -0.045304375 1.78125 0.031249999999999972
v -0.036093125 1.7590118750000001 -1.9081958235744878e-17
v -0.036093125 1.7590118750000001 0.03124999999999998
v -0.109375 1.717179375 -1.0408340855860843e-17
v -0.109375 1.717179375 0.031249999999999993
v -0.087136875 1.707968125 -8.673617379884035e-18
v -0.087136875 1.707968125 0.031249999999999993
v -0.109375 1.626570625 1.0408340855860843e-17
v -0.109375 1.626570625 0.03125000000000001
v -0.087136875 1.635781875 6.938893903907228e-18
v -0.087136875 1.635781875 0.03125000000000001
v -0.045304375 1.5625 2.42861286636753e-17
v -0.045304375 1.5625 0.03125000000000003
v -0.036093125 1.5847381249999999 2.0816681711721685e-17
v -0.036093125 1.584738125 0.03125000000000002
v 0 1.234375 0.09375
v 0 1.234375 0.1875
v 0.045304375 1.125 0.09375000000000003
v 0.045304375 1.125 0.18750000000000003
v 0.109375 1.189070625 0.09375000000000001
v 0.109375 1.189070625 0.1875
v 0.109375 1.279679375 0.09374999999999997
v 0.109375 1.279679375 0.1875
v 0.045304375 1.34375 0.09374999999999997
v 0.045304375 1.34375 0.18749999999999997
v -0.045304375 1.34375 0.09374999999999997
v -0.045304375 1.34375 0.18749999999999997
v -0.109375 1.279679375 0.09374999999999997
v -0.109375 1.279679375 0.1875
v -0.109375 1.189070625 0.09375000000000001
v -0.109375 1.189070625 0.1875
v -0.045304375 1.125 0.09375000000000003
v -0.045304375 1.125 0.18750000000000003
v 0 1.671875 0.09375
v 0 1.671875 0.1875
v 0.045304375 1.5625 0.09375000000000003
v 0.045304375 1.5625 0.18750000000000003
v 0.109375 1.626570625 0.09375000000000001
v 0.109375 1.626570625 0.1875
v 0.109375 1.717179375 0.09374999999999997
v 0.109375 1.717179375 0.1875
v 0.045304375 1.78125 0.09374999999999996
v 0.045304375 1.78125 0.18749999999999997
v -0.045304375 1.78125 0.09374999999999996
v -0.045304375 1.78125 0.18749999999999997
v -0.109375 1.717179375 0.09374999999999997
v -0.109375 1.717179375 0.1875
v -0.109375 1.626570625 0.09375000000000001
v -0.109375 1.626570625 0.1875
v -0.045304375 1.5625 0.09375000000000003
v -0.045304375 1.5625 0.18750000000000003
v -0.31728687499999997 1.504786875 0.10312500000000002
v -0.31728687499999997 1.504786875 0.02187499999999997
v -0.25478687499999997 1.504786875 0.10312500000000002
v -0.25478687499999997 1.504786875 0.02187499999999997
v -0.3172868750000001 1.223536875 0.10312500000000002
v -0.3172868750000001 1.223536875 0.021874999999999978
v -0.2547868750000001 1.223536875 0.10312500000000002
v -0.2547868750000001 1.223536875 0.021874999999999978
v -0.019057129722782104 0.9987993899243957 0.09687499999999999
v -0.019057129722782104 0.9987993899243957 0.021874999999999978
v -0.031250274848790116 0.9375003098991938 0.09687499999999999
v -0.031250274848790116 0.9375003098991938 0.02187499999999997
v -0.080356209747984 1.0109925350504037 0.09687499999999999
v -0.080356209747984 1.0109925350504037 0.021874999999999978
v -0.09254935487399202 0.9496934550252017 0.09687499999999999
v -0.09254935487399202 0.9496934550252017 0.021874999999999978
v -0.06863147517240836 1.0074353520410928 0.09687499999999999
v -0.06863147517240836 1.0074353520410928 0.02187499999999997
v -0.09254918969522646 0.9496928812591373 0.09687499999999999
v -0.09254918969522646 0.9496928812591373 0.021874999999999978
v -0.1263739459543638 1.0313530665639108 0.09687499999999999
v -0.1263739459543638 1.0313530665639108 0.021874999999999978
v -0.1502916604771819 0.9736105957819554 0.09687499999999999
v -0.1502916604771819 0.9736105957819554 0.021874999999999978
v -0.11556812010364062 1.025577436974093 0.09687499999999998
v -0.11556812010364062 1.025577436974093 0.021874999999999985
v -0.15029125966736576 0.973610586205184 0.09687499999999999
v -0.15029125966736576 0.973610586205184 0.021874999999999978
v -0.1675349708725497 1.0603005765378182 0.09687499999999999
v -0.1675349708725497 1.0603005765378182 0.021874999999999978
v -0.20225811043627484 1.0083337257689091 0.09687499999999999
v -0.20225811043627484 1.0083337257689091 0.021874999999999978
v -0.15806435352752235 1.0525279238241592 0.09687499999999999
v -0.15806435352752235 1.0525279238241592 0.021874999999999978
v -0.2022585273516816 1.00833375 0.09687499999999999
v -0.2022585273516816 1.00833375 0.021874999999999978
v -0.2022585273516816 1.0967220976483185 0.09687499999999999
v -0.2022585273516816 1.0967220976483185 0.021874999999999978
v -0.2464527011758408 1.0525279238241592 0.09687499999999999
v -0.2464527011758408 1.0525279238241592 0.021874999999999978
v -0.1944856588984567 1.0872513033585411 0.09687499999999998
v -0.1944856588984567 1.0872513033585411 0.021874999999999985
v -0.2464525096673658 1.052528163794816 0.09687499999999999
v -0.2464525096673658 1.052528163794816 0.021874999999999978
v -0.22920879846218184 1.1392181541274504 0.09687499999999999
v -0.22920879846218184 1.1392181541274504 0.021874999999999978
v -0.28117564923109095 1.1044950145637251 0.09687499999999999
v -0.28117564923109095 1.1044950145637251 0.021874999999999978
v -0.22343296891327105 1.1284129582636808 0.09687499999999999
v -0.22343296891327105 1.1284129582636808 0.02187499999999997
v -0.28117543969522646 1.1044952437408626 0.09687499999999999
v -0.28117543969522646 1.1044952437408626 0.021874999999999978
v -0.24735068343608918 1.1861554290456362 0.09687499999999999
v -0.24735068343608918 1.1861554290456362 0.021874999999999978
v -0.30509315421804456 1.1622377145228182 0.09687499999999999
v -0.30509315421804456 1.1622377145228182 0.021874999999999978
v -0.24379431982358815 1.1744303352268142 0.09687499999999999
v -0.24379431982358815 1.1744303352268142 0.021874999999999978
v -0.30509339984879 1.1622371901008062 0.09687499999999999
v -0.30509339984879 1.1622371901008062 0.021874999999999978
v -0.2559874649495962 1.235729415252016 0.09687499999999999
v -0.2559874649495962 1.235729415252016 0.021874999999999978
v -0.3172865449747981 1.223536270126008 0.09687499999999999
v -0.3172865449747981 1.223536270126008 0.021874999999999978
v 0.08035620974798399 1.0109925350504037 0.09687499999999999
v 0.08035620974798399 1.0109925350504037 0.021874999999999978
v 0.092549354873992 0.9496934550252017 0.09687499999999999
v 0.092549354873992 0.9496934550252017 0.021874999999999978
v 0.01905712972278209 0.9987993899243957 0.09687499999999999
v 0.01905712972278209 0.9987993899243957 0.021874999999999978
v 0.0312502748487901 0.9375003098991938 0.09687499999999999
v 0.0312502748487901 0.9375003098991938 0.02187499999999997
v 0.1263739459543638 1.0313530665639108 0.09687499999999999
v 0.1263739459543638 1.0313530665639108 0.021874999999999978
v 0.1502916604771819 0.9736105957819554 0.09687499999999999
v 0.1502916604771819 0.9736105957819554 0.021874999999999978
v 0.06863147517240836 1.0074353520410928 0.09687499999999999
v 0.06863147517240836 1.0074353520410928 0.02187499999999997
v 0.09254918969522646 0.9496928812591373 0.09687499999999999
v 0.09254918969522646 0.9496928812591373 0.021874999999999978
v 0.16753497087254968 1.0603005765378182 0.09687499999999999
v 0.16753497087254968 1.0603005765378182 0.021874999999999978
v 0.2022581104362748 1.0083337257689091 0.09687499999999999
v 0.2022581104362748 1.0083337257689091 0.021874999999999978
v 0.11556812010364059 1.025577436974093 0.09687499999999998
v 0.11556812010364059 1.025577436974093 0.021874999999999985
v 0.15029125966736573 0.973610586205184 0.09687499999999999
v 0.15029125966736573 0.973610586205184 0.021874999999999978
v 0.2022585273516816 1.0967220976483185 0.09687499999999999
v 0.2022585273516816 1.0967220976483185 0.021874999999999978
v 0.2464527011758408 1.0525279238241592 0.09687499999999999
v 0.2464527011758408 1.0525279238241592 0.021874999999999978
v 0.15806435352752235 1.0525279238241592 0.09687499999999999
v 0.15806435352752235 1.0525279238241592 0.021874999999999978
v 0.2022585273516816 1.00833375 0.09687499999999999
v 0.2022585273516816 1.00833375 0.021874999999999978
v 0.22920879846218184 1.1392181541274504 0.09687499999999999
v 0.22920879846218184 1.1392181541274504 0.021874999999999978
v 0.28117564923109095 1.1044950145637251 0.09687499999999999
v 0.28117564923109095 1.1044950145637251 0.021874999999999978
v 0.1944856588984567 1.0872513033585411 0.09687499999999998
v 0.1944856588984567 1.0872513033585411 0.021874999999999985
v 0.2464525096673658 1.052528163794816 0.09687499999999999
v 0.2464525096673658 1.052528163794816 0.021874999999999978
v 0.24735068343608918 1.1861554290456362 0.09687499999999999
v 0.24735068343608918 1.1861554290456362 0.021874999999999978
v 0.30509315421804456 1.1622377145228182 0.09687499999999999
v 0.30509315421804456 1.1622377145228182 0.021874999999999978
v 0.22343296891327105 1.1284129582636808 0.09687499999999999
v 0.22343296891327105 1.1284129582636808 0.02187499999999997
v 0.28117543969522646 1.1044952437408626 0.09687499999999999
v 0.28117543969522646 1.1044952437408626 0.021874999999999978
v 0.2559874649495962 1.235729415252016 0.09687499999999999
v 0.2559874649495962 1.235729415252016 0.021874999999999978
v 0.3172865449747981 1.223536270126008 0.09687499999999999
v 0.3172865449747981 1.223536270126008 0.021874999999999978
v 0.24379431982358815 1.1744303352268142 0.09687499999999999
v 0.24379431982358815 1.1744303352268142 0.021874999999999978
v 0.30509339984879 1.1622371901008062 0.09687499999999999
v 0.30509339984879 1.1622371901008062 0.021874999999999978
v 0.3172868750000001 1.223536875 0.10312500000000002
v 0.3172868750000001 1.223536875 0.021874999999999978
v 0.254786875 1.223536875 0.10312500000000002
v 0.254786875 1.223536875 0.021874999999999978
v 0.31728687499999997 1.504786875 0.10312500000000002
v 0.31728687499999997 1.504786875 0.02187499999999997
v 0.25478687499999997 1.504786875 0.10312500000000002
v 0.25478687499999997 1.504786875 0.02187499999999997
v 0.03125 1 0.09999999999999998
v 0.03125 1 0.021874999999999978
v 0.03125 0.9375 0.09999999999999998
v 0.03125 0.9375 0.021874999999999978
v -0.03125 1 0.09999999999999998
v -0.03125 1 0.021874999999999978
v -0.03125 0.9375 0.09999999999999998
v -0.03125 0.9375 0.021874999999999978
v 0.171875 1.0625 0.09375
v 0.171875 1.0625 0.03125
v 0.171875 1 0.09375
v 0.171875 1 0.03125
v -0.171875 1.0625 0.09375
v -0.171875 1.0625 0.03125
v -0.171875 1 0.09375
v -0.171875 1 0.03125
v 0.21875 1.125 0.09375
v 0.21875 1.125 0.03125
v 0.21875 1.0625 0.09375
v 0.21875 1.0625 0.03125
v -0.21875 1.125 0.09375
v -0.21875 1.125 0.03125
v -0.21875 1.0625 0.09375
v -0.21875 1.0625 0.03125
v 0.28125 1.5 0.09375
v 0.28125 1.5 0.03125
v 0.28125 1.125 0.09375
v 0.28125 1.125 0.03125
v -0.28125 1.5 0.09375
v -0.28125 1.5 0.03125
v -0.28125 1.125 0.09375
v -0.28125 1.125 0.03125
v 0.125 1.359375 0.03125
v 0.125 1.359375 0.025000000000000022
v 0.125 1.171875 0.03125
v 0.125 1.171875 0.025000000000000022
v -0.125 1.359375 0.03125
v -0.125 1.359375 0.025000000000000022
v -0.125 1.171875 0.03125
v -0.125 1.171875 0.025000000000000022
v 0.0625 1.375 0.078125
v 0.0625 1.375 -0.21875
v 0.0625 1.34375 0.078125
v 0.0625 1.34375 -0.21875
v -0.0625 1.375 0.078125
v -0.0625 1.375 -0.21875
v -0.0625 1.34375 0.078125
v -0.0625 1.34375 -0.21875
v 0.10580692863070452 1.3570618676954889 0.0625
v 0.10580692863070452 1.3570618676954889 -0.203125
v 0.09384807136929547 1.328190632304511 0.062499999999999986
v 0.09384807136929547 1.328190632304511 -0.203125
v 0.06250007554423796 1.3750001535876024 0.0625
v 0.06250007554423796 1.3750001535876024 -0.203125
v 0.05054121828282891 1.3461289181966247 0.0625
v 0.05054121828282891 1.3461289181966247 -0.203125
v 0.12268662778005801 1.3401817091320216 -0.1875
v 0.10058954086797839 1.318084622219942 0.078125
v 0.10058954086797839 1.318084622219942 -0.1875
v 0.1058066630879204 1.3570616738241592 0.078125
v 0.1058066630879204 1.3570616738241592 -0.1875
v 0.0837095761758408 1.3349645869120796 0.07812499999999999
v 0.0837095761758408 1.3349645869120796 -0.1875
v 0.14062499269548884 1.2968750536307045 0.078125
v 0.14062499269548884 1.2968750536307045 -0.15625000000000003
v 0.11175375730451113 1.2849161963692957 0.078125
v 0.11175375730451113 1.2849161963692957 -0.15625
v 0.12268670680337526 1.3401819067171712 0.07812499999999999
v 0.12268670680337526 1.3401819067171712 -0.15625
v 0.09381547141239754 1.328223049455762 0.07812499999999999
v 0.09381547141239754 1.328223049455762 -0.15625
v 0.10937500000000001 1.296875 0.0625
v 0.10937500000000001 1.296875 -0.125
v 0.140625 1.296875 0.0625
v 0.140625 1.296875 -0.125
v 0.109375 1.234375 0.0625
v 0.109375 1.234375 -0.125
v 0.140625 1.234375 0.0625
v 0.140625 1.234375 -0.125
v 0.10937500000000001 1.234375 0.078125
v 0.10937500000000001 1.234375 -0.078125
v 0.140625 1.234375 0.078125
v 0.140625 1.234375 -0.078125
v 0.109375 1.203125 0.078125
v 0.109375 1.203125 -0.078125
v 0.140625 1.203125 0.078125
v 0.140625 1.203125 -0.078125
v -0.06250007554423796 1.3750001535876024 0.0625
v -0.06250007554423796 1.3750001535876024 -0.203125
v -0.05054121828282891 1.3461289181966247 0.0625
v -0.05054121828282891 1.3461289181966247 -0.203125
v -0.10580692863070452 1.3570618676954889 0.0625
v -0.10580692863070452 1.3570618676954889 -0.203125
v -0.09384807136929547 1.328190632304511 0.062499999999999986
v -0.09384807136929547 1.328190632304511 -0.203125
v -0.109375 1.203125 0.078125
v -0.109375 1.203125 -0.078125
v -0.140625 1.203125 0.078125
v -0.140625 1.203125 -0.078125
v -0.10937500000000001 1.234375 0.078125
v -0.10937500000000001 1.234375 -0.078125
v -0.140625 1.234375 0.078125
v -0.140625 1.234375 -0.078125
v -0.109375 1.234375 0.078125
v -0.109375 1.234375 -0.125
v -0.140625 1.234375 0.078125
v -0.140625 1.234375 -0.125
v -0.10937500000000001 1.296875 0.078125
v -0.10937500000000001 1.296875 -0.125
v -0.140625 1.296875 0.078125
v -0.140625 1.296875 -0.125
v -0.12268670680337526 1.3401819067171712 0.07812499999999999
v -0.12268670680337526 1.3401819067171712 -0.15625
v -0.09381547141239754 1.328223049455762 0.07812499999999999
v -0.09381547141239754 1.328223049455762 -0.15625
v -0.14062499269548884 1.2968750536307045 0.078125
v -0.14062499269548884 1.2968750536307045 -0.15625000000000003
v -0.11175375730451113 1.2849161963692957 0.078125
v -0.11175375730451113 1.2849161963692957 -0.15625
v -0.1058066630879204 1.3570616738241592 0.078125
v -0.1058066630879204 1.3570616738241592 -0.1875
v -0.0837095761758408 1.3349645869120796 0.07812499999999999
v -0.0837095761758408 1.3349645869120796 -0.1875
v -0.12268662778005801 1.3401817091320216 0.07812499999999999
v -0.12268662778005801 1.3401817091320216 -0.1875
v -0.10058954086797839 1.318084622219942 0.078125
v -0.10058954086797839 1.318084622219942 -0.1875
v -0.254786875 1.495213125 0.10312500000000002
v -0.254786875 1.495213125 0.021874999999999978
v -0.317286875 1.495213125 0.10312500000000002
v -0.317286875 1.495213125 0.021874999999999978
v -0.2547868750000001 1.713963125 0.10312500000000001
v -0.2547868750000001 1.713963125 0.021874999999999985
v -0.3172868750000001 1.713963125 0.10312500000000001
v -0.3172868750000001 1.713963125 0.021874999999999985
v -0.03125027484879006 1.9999996901008061 0.09687499999999999
v -0.03125027484879006 1.9999996901008061 0.021874999999999978
v -0.019057129722782035 1.9387006100756041 0.09687499999999999
v -0.019057129722782035 1.9387006100756041 0.02187499999999997
v -0.09254935487399196 1.9878065449747981 0.09687499999999999
v -0.09254935487399196 1.9878065449747981 0.021874999999999978
v -0.08035620974798394 1.9265074649495961 0.09687499999999999
v -0.08035620974798394 1.9265074649495961 0.021874999999999978
v -0.09254918969522655 1.9878071187408626 0.09687499999999999
v -0.09254918969522655 1.9878071187408626 0.021874999999999978
v -0.06863147517240845 1.9300646479589072 0.09687499999999999
v -0.06863147517240845 1.9300646479589072 0.021874999999999978
v -0.15029166047718198 1.9638894042180446 0.09687499999999998
v -0.15029166047718198 1.9638894042180446 0.021874999999999985
v -0.12637394595436385 1.9061469334360892 0.09687499999999998
v -0.12637394595436385 1.9061469334360892 0.021874999999999985
v -0.1502912596673658 1.963889413794816 0.09687499999999998
v -0.1502912596673658 1.963889413794816 0.021874999999999985
v -0.11556812010364068 1.911922563025907 0.09687499999999999
v -0.11556812010364068 1.911922563025907 0.021874999999999978
v -0.2022581104362749 1.9291662742310909 0.09687499999999999
v -0.2022581104362749 1.9291662742310909 0.021874999999999978
v -0.16753497087254976 1.8771994234621818 0.09687499999999999
v -0.16753497087254976 1.8771994234621818 0.02187499999999997
v -0.2022585273516816 1.92916625 0.09687499999999999
v -0.2022585273516816 1.92916625 0.021874999999999978
v -0.15806435352752235 1.8849720761758408 0.09687499999999999
v -0.15806435352752235 1.8849720761758408 0.021874999999999978
v -0.2464527011758408 1.8849720761758408 0.09687499999999999
v -0.2464527011758408 1.8849720761758408 0.021874999999999978
v -0.2022585273516816 1.8407779023516815 0.09687499999999998
v -0.2022585273516816 1.8407779023516815 0.021874999999999985
v -0.2464525096673658 1.884971836205184 0.09687499999999999
v -0.2464525096673658 1.884971836205184 0.021874999999999978
v -0.1944856588984567 1.8502486966414589 0.09687499999999999
v -0.1944856588984567 1.8502486966414589 0.021874999999999978
v -0.28117564923109095 1.8330049854362749 0.09687499999999998
v -0.28117564923109095 1.8330049854362749 0.021874999999999978
v -0.22920879846218184 1.7982818458725496 0.09687499999999999
v -0.22920879846218184 1.7982818458725496 0.021874999999999978
v -0.28117543969522646 1.8330047562591374 0.09687499999999998
v -0.28117543969522646 1.8330047562591374 0.021874999999999978
v -0.22343296891327105 1.8090870417363192 0.09687499999999999
v -0.22343296891327105 1.8090870417363192 0.021874999999999978
v -0.30509315421804456 1.7752622854771818 0.09687499999999998
v -0.30509315421804456 1.7752622854771818 0.021874999999999985
v -0.24735068343608918 1.7513445709543638 0.09687499999999999
v -0.24735068343608918 1.7513445709543638 0.02187499999999997
v -0.30509339984879 1.7752628098991938 0.09687499999999998
v -0.30509339984879 1.7752628098991938 0.021874999999999985
v -0.24379431982358815 1.7630696647731858 0.09687499999999999
v -0.24379431982358815 1.7630696647731858 0.021874999999999978
v -0.3172865449747981 1.713963729873992 0.09687499999999998
v -0.3172865449747981 1.713963729873992 0.021874999999999985
v -0.2559874649495962 1.701770584747984 0.09687499999999999
v -0.2559874649495962 1.701770584747984 0.021874999999999978
v 0.09254935487399193 1.9878065449747981 0.09687499999999999
v 0.09254935487399193 1.9878065449747981 0.021874999999999978
v 0.08035620974798392 1.9265074649495961 0.09687499999999999
v 0.08035620974798392 1.9265074649495961 0.021874999999999978
v 0.03125027484879005 1.9999996901008061 0.09687499999999999
v 0.03125027484879005 1.9999996901008061 0.021874999999999978
v 0.01905712972278202 1.9387006100756041 0.09687499999999999
v 0.01905712972278202 1.9387006100756041 0.02187499999999997
v 0.15029166047718198 1.9638894042180446 0.09687499999999998
v 0.15029166047718198 1.9638894042180446 0.021874999999999985
v 0.12637394595436385 1.9061469334360892 0.09687499999999998
v 0.12637394595436385 1.9061469334360892 0.021874999999999985
v 0.09254918969522655 1.9878071187408626 0.09687499999999999
v 0.09254918969522655 1.9878071187408626 0.021874999999999978
v 0.06863147517240845 1.9300646479589072 0.09687499999999999
v 0.06863147517240845 1.9300646479589072 0.021874999999999978
v 0.20225811043627487 1.9291662742310909 0.09687499999999999
v 0.20225811043627487 1.9291662742310909 0.021874999999999978
v 0.16753497087254973 1.8771994234621818 0.09687499999999999
v 0.16753497087254973 1.8771994234621818 0.02187499999999997
v 0.15029125966736578 1.963889413794816 0.09687499999999998
v 0.15029125966736578 1.963889413794816 0.021874999999999985
v 0.11556812010364065 1.911922563025907 0.09687499999999999
v 0.11556812010364065 1.911922563025907 0.021874999999999978
v 0.2464527011758408 1.8849720761758408 0.09687499999999999
v 0.2464527011758408 1.8849720761758408 0.021874999999999978
v 0.2022585273516816 1.8407779023516815 0.09687499999999998
v 0.2022585273516816 1.8407779023516815 0.021874999999999985
v 0.2022585273516816 1.92916625 0.09687499999999999
v 0.2022585273516816 1.92916625 0.021874999999999978
v 0.15806435352752235 1.8849720761758408 0.09687499999999999
v 0.15806435352752235 1.8849720761758408 0.021874999999999978
v 0.28117564923109095 1.8330049854362749 0.09687499999999998
v 0.28117564923109095 1.8330049854362749 0.021874999999999978
v 0.22920879846218184 1.7982818458725496 0.09687499999999999
v 0.22920879846218184 1.7982818458725496 0.021874999999999978
v 0.2464525096673658 1.884971836205184 0.09687499999999999
v 0.2464525096673658 1.884971836205184 0.021874999999999978
v 0.1944856588984567 1.8502486966414589 0.09687499999999999
v 0.1944856588984567 1.8502486966414589 0.021874999999999978
v 0.30509315421804456 1.7752622854771818 0.09687499999999998
v 0.30509315421804456 1.7752622854771818 0.021874999999999985
v 0.24735068343608918 1.7513445709543638 0.09687499999999999
v 0.24735068343608918 1.7513445709543638 0.02187499999999997
v 0.28117543969522646 1.8330047562591374 0.09687499999999998
v 0.28117543969522646 1.8330047562591374 0.021874999999999978
v 0.22343296891327105 1.8090870417363192 0.09687499999999999
v 0.22343296891327105 1.8090870417363192 0.021874999999999978
v 0.3172865449747981 1.713963729873992 0.09687499999999998
v 0.3172865449747981 1.713963729873992 0.021874999999999985
v 0.2559874649495962 1.701770584747984 0.09687499999999999
v 0.2559874649495962 1.701770584747984 0.021874999999999978
v 0.30509339984879 1.7752628098991938 0.09687499999999998
v 0.30509339984879 1.7752628098991938 0.021874999999999985
v 0.24379431982358815 1.7630696647731858 0.09687499999999999
v 0.24379431982358815 1.7630696647731858 0.021874999999999978
v 0.2547868750000001 1.713963125 0.10312500000000001
v 0.2547868750000001 1.713963125 0.021874999999999985
v 0.3172868750000001 1.713963125 0.10312500000000001
v 0.3172868750000001 1.713963125 0.021874999999999985
v 0.254786875 1.495213125 0.10312500000000002
v 0.254786875 1.495213125 0.021874999999999978
v 0.317286875 1.495213125 0.10312500000000002
v 0.317286875 1.495213125 0.021874999999999978
v 0.03125 2 0.09999999999999998
v 0.03125 2 0.021874999999999978
v 0.03125 1.9375 0.09999999999999998
v 0.03125 1.9375 0.021874999999999978
v -0.03125 2 0.09999999999999998
v -0.03125 2 0.021874999999999978
v -0.03125 1.9375 0.09999999999999998
v -0.03125 1.9375 0.021874999999999978
v 0.125 1.796875 0.03125
v 0.125 1.796875 0.025000000000000022
v 0.125 1.609375 0.03125
v 0.125 1.609375 0.025000000000000022
v -0.125 1.796875 0.03125
v -0.125 1.796875 0.025000000000000022
v -0.125 1.609375 0.03125
v -0.125 1.609375 0.025000000000000022
v 0.0625 1.8125 0.078125
v 0.0625 1.8125 -0.21875000000000003
v 0.0625 1.78125 0.07812499999999999
v 0.0625 1.78125 -0.21875
v -0.0625 1.8125 0.078125
v -0.0625 1.8125 -0.21875000000000003
v -0.0625 1.78125 0.07812499999999999
v -0.0625 1.78125 -0.21875
v 0.10580692863070452 1.7945618676954889 0.0625
v 0.10580692863070452 1.7945618676954889 -0.203125
v 0.09384807136929547 1.765690632304511 0.062499999999999986
v 0.09384807136929547 1.765690632304511 -0.203125
v 0.06250007554423796 1.8125001535876024 0.0625
v 0.06250007554423796 1.8125001535876024 -0.203125
v 0.05054121828282891 1.7836289181966247 0.0625
v 0.05054121828282891 1.7836289181966247 -0.203125
v 0.12268662778005801 1.7776817091320216 0.07812499999999999
v 0.12268662778005801 1.7776817091320216 -0.1875
v 0.10058954086797839 1.755584622219942 0.078125
v 0.10058954086797839 1.755584622219942 -0.1875
v 0.1058066630879204 1.7945616738241592 0.078125
v 0.1058066630879204 1.7945616738241592 -0.1875
v 0.0837095761758408 1.7724645869120796 0.07812499999999999
v 0.0837095761758408 1.7724645869120796 -0.1875
v 0.14062499269548884 1.7343750536307045 0.078125
v 0.14062499269548884 1.7343750536307045 -0.15625
v 0.11175375730451113 1.7224161963692957 0.078125
v 0.11175375730451113 1.7224161963692957 -0.15625
v 0.12268670680337526 1.7776819067171712 0.07812499999999999
v 0.12268670680337526 1.7776819067171712 -0.15625
v 0.09381547141239754 1.765723049455762 0.07812499999999999
v 0.09381547141239754 1.765723049455762 -0.15625
v 0.10937500000000001 1.734375 0.0625
v 0.10937500000000001 1.734375 -0.125
v 0.140625 1.734375 0.0625
v 0.140625 1.734375 -0.125
v 0.109375 1.671875 0.0625
v 0.109375 1.671875 -0.125
v 0.140625 1.671875 0.0625
v 0.140625 1.671875 -0.125
v 0.10937500000000001 1.671875 0.078125
v 0.10937500000000001 1.671875 -0.078125
v 0.140625 1.671875 0.078125
v 0.140625 1.671875 -0.078125
v 0.109375 1.640625 0.078125
v 0.109375 1.640625 -0.078125
v 0.140625 1.640625 0.078125
v 0.140625 1.640625 -0.078125
v -0.06250007554423796 1.8125001535876024 0.0625
v -0.06250007554423796 1.8125001535876024 -0.203125
v -0.05054121828282891 1.7836289181966247 0.0625
v -0.05054121828282891 1.7836289181966247 -0.203125
v -0.10580692863070452 1.7945618676954889 0.0625
v -0.10580692863070452 1.7945618676954889 -0.203125
v -0.09384807136929547 1.765690632304511 0.062499999999999986
v -0.09384807136929547 1.765690632304511 -0.203125
v -0.109375 1.640625 0.078125
v -0.109375 1.640625 -0.078125
v -0.140625 1.640625 0.078125
v -0.140625 1.640625 -0.078125
v -0.10937500000000001 1.671875 0.078125
v -0.10937500000000001 1.671875 -0.078125
v -0.140625 1.671875 0.078125
v -0.140625 1.671875 -0.078125
v -0.109375 1.671875 0.078125
v -0.109375 1.671875 -0.125
v -0.140625 1.671875 0.078125
v -0.140625 1.671875 -0.125
v -0.10937500000000001 1.734375 0.078125
v -0.10937500000000001 1.734375 -0.125
v -0.140625 1.734375 0.078125
v -0.140625 1.734375 -0.125
v -0.12268670680337526 1.7776819067171712 0.07812499999999999
v -0.12268670680337526 1.7776819067171712 -0.15625
v -0.09381547141239754 1.765723049455762 0.07812499999999999
v -0.09381547141239754 1.765723049455762 -0.15625
v -0.14062499269548884 1.7343750536307045 0.078125
v -0.14062499269548884 1.7343750536307045 -0.15625
v -0.11175375730451113 1.7224161963692957 0.078125
v -0.11175375730451113 1.7224161963692957 -0.15625
v -0.1058066630879204 1.7945616738241592 0.078125
v -0.1058066630879204 1.7945616738241592 -0.1875
v -0.0837095761758408 1.7724645869120796 0.07812499999999999
v -0.0837095761758408 1.7724645869120796 -0.1875
v -0.12268662778005801 1.7776817091320216 0.07812499999999999
v -0.12268662778005801 1.7776817091320216 -0.1875
v -0.10058954086797839 1.755584622219942 0.078125
v -0.10058954086797839 1.755584622219942 -0.1875
v 0.28125 1.8125 0.09375
v 0.28125 1.8125 0.03125
v 0.28125 1.5 0.09375
v 0.28125 1.5 0.03125
v -0.28125 1.8125 0.09375
v -0.28125 1.8125 0.03125
v -0.28125 1.5 0.09375
v -0.28125 1.5 0.03125
v 0.21875 1.875 0.09375
v 0.21875 1.875 0.03125
v 0.21875 1.8125 0.09375
v 0.21875 1.8125 0.03125
v -0.21875 1.875 0.09375
v -0.21875 1.875 0.03125
v -0.21875 1.8125 0.09375
v -0.21875 1.8125 0.03125
v 0.171875 1.9375 0.09375
v 0.171875 1.9375 0.03125
v 0.171875 1.875 0.09375
v 0.171875 1.875 0.03125
v -0.171875 1.9375 0.09375
v -0.171875 1.9375 0.03125
v -0.171875 1.875 0.09375
v -0.171875 1.875 0.03125
v 0.26916018530477354 1.265625 0.1119497562591373
v 0.24524247078195544 1.265625 0.0542072854771819
v 0.26916018530477354 1.203125 0.1119497562591373
v 0.24524247078195544 1.203125 0.0542072854771819
v 0.09593277295890726 1.265625 0.18370289982759164
v 0.07201505843608916 1.265625 0.1259604290456362
v 0.09593277295890726 1.203125 0.18370289982759164
v 0.07201505843608916 1.203125 0.1259604290456362
v -0.09593277295890726 1.265625 0.18370289982759164
v -0.07201505843608916 1.265625 0.1259604290456362
v -0.09593277295890726 1.203125 0.18370289982759164
v -0.07201505843608916 1.203125 0.1259604290456362
v -0.26916018530477354 1.265625 0.1119497562591373
v -0.24524247078195544 1.265625 0.0542072854771819
v -0.26916018530477354 1.203125 0.1119497562591373
v -0.24524247078195544 1.203125 0.0542072854771819
v -0.0625 1.4375 0.15625
v -0.0625 1.4375 0.09375
v -0.0625 1 0.15625
v -0.0625 1 0.09375
v -0.125 1.4375 0.15625
v -0.125 1.4375 0.09375
v -0.125 1 0.15625
v -0.125 1 0.09375
v 0.125 1.4375 0.15625
v 0.125 1.4375 0.09375
v 0.125 1 0.15625
v 0.125 1 0.09375
v 0.0625 1.4375 0.15625
v 0.0625 1.4375 0.09375
v 0.0625 1 0.15625
v 0.0625 1 0.09375
v 0.15625 1.4375 0.171875
v 0.15625 1.4375 0.09375
v 0.15625 1.375 0.171875
v 0.15625 1.375 0.09375
v -0.15625 1.4375 0.171875
v -0.15625 1.4375 0.09375
v -0.15625 1.375 0.171875
v -0.15625 1.375 0.09375
v 0.26916018530477354 1.703125 0.1119497562591373
v 0.24524247078195544 1.703125 0.0542072854771819
v 0.26916018530477354 1.640625 0.1119497562591373
v 0.24524247078195544 1.640625 0.0542072854771819
v 0.09593277295890726 1.703125 0.18370289982759164
v 0.07201505843608916 1.703125 0.1259604290456362
v 0.09593277295890726 1.640625 0.18370289982759164
v 0.07201505843608916 1.640625 0.1259604290456362
v -0.09593277295890726 1.703125 0.18370289982759164
v -0.07201505843608916 1.703125 0.1259604290456362
v -0.09593277295890726 1.640625 0.18370289982759164
v -0.07201505843608916 1.640625 0.1259604290456362
v -0.26916018530477354 1.703125 0.1119497562591373
v -0.24524247078195544 1.703125 0.0542072854771819
v -0.26916018530477354 1.640625 0.1119497562591373
v -0.24524247078195544 1.640625 0.0542072854771819
v -0.0625 1.875 0.15625
v -0.0625 1.875 0.09375
v -0.0625 1.4375 0.15625
v -0.0625 1.4375 0.09375
v -0.125 1.875 0.15625
v -0.125 1.875 0.09375
v -0.125 1.4375 0.15625
v -0.125 1.4375 0.09375
v 0.125 1.875 0.15625
v 0.125 1.875 0.09375
v 0.125 1.4375 0.15625
v 0.125 1.4375 0.09375
v 0.0625 1.875 0.15625
v 0.0625 1.875 0.09375
v 0.0625 1.4375 0.15625
v 0.0625 1.4375 0.09375
v 0.15625 1.875 0.171875
v 0.15625 1.875 0.09375
v 0.15625 1.8125 0.17187499999999997
v 0.15625 1.8125 0.09375
v -0.15625 1.875 0.171875
v -0.15625 1.875 0.09375
v -0.15625 1.8125 0.17187499999999997
v -0.15625 1.8125 0.09375
v 0.1875 1 0.1875
v 0.1875 1 0.0625
v 0.1875 0.96875 0.1875
v 0.1875 0.96875 0.0625
v -0.1875 1 0.1875
v -0.1875 1 0.0625
v -0.1875 0.96875 0.1875
v -0.1875 0.96875 0.0625
v 0.1875 0.9375 0.1875
v 0.1875 0.9375 0.0625
v 0.1875 0.90625 0.1875
v 0.1875 0.90625 0.062499999999999986
v -0.1875 0.9375 0.1875
v -0.1875 0.9375 0.0625
v -0.1875 0.90625 0.1875
v -0.1875 0.90625 0.062499999999999986
v 0.09375 0.90625 0.1875
v 0.09375 0.90625 0.062499999999999986
v 0.09375 0.75 0.1875
v 0.09375 0.75 0.0625
v -0.09375 0.90625 0.1875
v -0.09375 0.90625 0.062499999999999986
v -0.09375 0.75 0.1875
v -0.09375 0.75 0.0625
v 0.15625 0.96875 0.171875
v 0.15625 0.96875 0.078125
v 0.15625 0.9375 0.171875
v 0.15625 0.9375 0.078125
v -0.15625 0.96875 0.171875
v -0.15625 0.96875 0.078125
v -0.15625 0.9375 0.171875
v -0.15625 0.9375 0.078125
v 0.0625 0.75 0.1875
v 0.0625 0.75 0.0625
v 0.0625 0.5625 0.18749999999999997
v 0.0625 0.5625 0.0625
v -0.0625 0.75 0.1875
v -0.0625 0.75 0.0625
v -0.0625 0.5625 0.18749999999999997
v -0.0625 0.5625 0.0625
v 0.05625 0.45474906216995714 0.49364865513854883
v 0.05625 0.5598942992428562 0.10124128820861478
v 0.05625 0.33400833388382356 0.4612962745007337
v 0.05625 0.4391535709567227 0.06888890757079968
v -0.05625 0.45474906216995714 0.49364865513854883
v -0.05625 0.5598942992428562 0.10124128820861478
v -0.05625 0.33400833388382356 0.4612962745007337
v -0.05625 0.4391535709567227 0.06888890757079968
v 0.0625 0.5625 0.4375
v 0.0625 0.5625 0.0625
v 0.0625 0.4375 0.4375
v 0.0625 0.4375 0.0625
v -0.0625 0.5625 0.4375
v -0.0625 0.5625 0.0625
v -0.0625 0.4375 0.4375
v -0.0625 0.4375 0.0625
v 0.125 0.625 0.5
v 0.125 0.625 0.43749999999999994
v 0.125 0.3125 0.5000000000000001
v 0.125 0.3125 0.4375
v -0.125 0.625 0.5
v -0.125 0.625 0.43749999999999994
v -0.125 0.3125 0.5000000000000001
v -0.125 0.3125 0.4375
v 0.125 0.78125 0.062499999999999986
v 0.125 0.78125 0.03125
v 0.125 0.53125 0.062499999999999986
v 0.125 0.53125 0.03125
v -0.125 0.78125 0.062499999999999986
v -0.125 0.78125 0.03125
v -0.125 0.53125 0.062499999999999986
v -0.125 0.53125 0.03125
vt 0.09375 0.34375
vt 0.116403125 0.34375
vt 0.116403125 0.359375
vt 0.09375 0.359375
vt 0.174296875 0.375
vt 0.15625 0.375
vt 0.15625 0.359375
vt 0.174296875 0.359375
vt 0.078125 0.3414475
vt 0.078125 0.32340078125000005
vt 0.0836846875 0.32109828124999995
vt 0.0836846875 0.34375
vt 0.140625 0.4006903125
vt 0.16327671875 0.4006903125
vt 0.16097421875 0.40625
vt 0.1429275 0.40625
vt 0.125 0.375
vt 0.147653125 0.375
vt 0.147653125 0.390625
vt 0.125 0.390625
vt 0.189921875 0.40625
vt 0.171875 0.40625
vt 0.171875 0.390625
vt 0.189921875 0.390625
vt 0.078125 0.34144687500000004
vt 0.078125 0.3234
vt 0.083684375 0.32109687499999995
vt 0.083684375 0.34375
vt 0.099309375 0.35234687499999995
vt 0.099309375 0.375
vt 0.09375 0.37269687500000004
vt 0.09375 0.35465
vt 0.1875 0.375
vt 0.210153125 0.375
vt 0.210153125 0.390625
vt 0.1875 0.390625
vt 0.143046875 0.390625
vt 0.125 0.390625
vt 0.125 0.375
vt 0.143046875 0.375
vt 0.20784921875 0.359375
vt 0.1898025 0.359375
vt 0.1875 0.3538153125
vt 0.21015171875 0.3538153125
vt 0.1618096875 0.35234828124999995
vt 0.1618096875 0.375
vt 0.15625 0.3726975
vt 0.15625 0.35465078125000005
vt 0.140625 0.390625
vt 0.163278125 0.390625
vt 0.163278125 0.40625
vt 0.140625 0.40625
vt 0.111796875 0.375
vt 0.09375 0.375
vt 0.09375 0.359375
vt 0.111796875 0.359375
vt 0.20785 0.40625
vt 0.189803125 0.40625
vt 0.1875 0.40069062499999997
vt 0.210153125 0.40069062499999997
vt 0.194528125 0.390625
vt 0.171875 0.390625
vt 0.174178125 0.38506562499999997
vt 0.192225 0.38506562499999997
vt 0.109375 0.359375
vt 0.132028125 0.359375
vt 0.132028125 0.375
vt 0.109375 0.375
vt 0.096171875 0.390625
vt 0.078125 0.390625
vt 0.078125 0.375
vt 0.096171875 0.375
vt 0.1618096875 0.38590078125000005
vt 0.1618096875 0.4039475
vt 0.15625 0.40625
vt 0.15625 0.38359828124999995
vt 0.14765171875 0.3125
vt 0.125 0.3125
vt 0.1273025 0.3069403125
vt 0.14534921875 0.3069403125
vt 0.140625 0.359375
vt 0.163278125 0.359375
vt 0.163278125 0.375
vt 0.140625 0.375
vt 0.127421875 0.375
vt 0.109375 0.375
vt 0.109375 0.359375
vt 0.127421875 0.359375
vt 0.161809375 0.35465
vt 0.161809375 0.37269687500000004
vt 0.15625 0.375
vt 0.15625 0.35234687499999995
vt 0.21875 0.40625
vt 0.21875 0.38359687499999995
vt 0.224309375 0.3859
vt 0.224309375 0.40394687500000004
vt 0.09375 0.359375
vt 0.116403125 0.359375
vt 0.116403125 0.375
vt 0.09375 0.375
vt 0.080546875 0.390625
vt 0.0625 0.390625
vt 0.0625 0.375
vt 0.080546875 0.375
vt 0.1585525 0.3694403125
vt 0.17659921875 0.3694403125
vt 0.17890171875 0.375
vt 0.15625 0.375
vt 0.078125 0.390625
vt 0.078125 0.36797328124999995
vt 0.0836846875 0.37027578125000005
vt 0.0836846875 0.3883225
vt 0.09375 0.328125
vt 0.116403125 0.328125
vt 0.116403125 0.34375
vt 0.09375 0.34375
vt 0.111796875 0.40625
vt 0.09375 0.40625
vt 0.09375 0.390625
vt 0.111796875 0.390625
vt 0.096053125 0.36944062499999997
vt 0.1141 0.36944062499999997
vt 0.116403125 0.375
vt 0.09375 0.375
vt 0.078125 0.36944062499999997
vt 0.100778125 0.36944062499999997
vt 0.098475 0.375
vt 0.080428125 0.375
vt 0.09375 0.34375
vt 0.116403125 0.34375
vt 0.116403125 0.359375
vt 0.09375 0.359375
vt 0.174296875 0.375
vt 0.15625 0.375
vt 0.15625 0.359375
vt 0.174296875 0.359375
vt 0.078125 0.3414475
vt 0.078125 0.32340078125000005
vt 0.0836846875 0.32109828124999995
vt 0.0836846875 0.34375
vt 0.140625 0.4006903125
vt 0.16327671875 0.4006903125
vt 0.16097421875 0.40625
vt 0.1429275 0.40625
vt 0.125 0.375
vt 0.147653125 0.375
vt 0.147653125 0.390625
vt 0.125 0.390625
vt 0.189921875 0.40625
vt 0.171875 0.40625
vt 0.171875 0.390625
vt 0.189921875 0.390625
vt 0.078125 0.34144687500000004
vt 0.078125 0.3234
vt 0.083684375 0.32109687499999995
vt 0.083684375 0.34375
vt 0.099309375 0.35234687499999995
vt 0.099309375 0.375
vt 0.09375 0.37269687500000004
vt 0.09375 0.35465
vt 0.1875 0.375
vt 0.210153125 0.375
vt 0.210153125 0.390625
vt 0.1875 0.390625
vt 0.143046875 0.390625
vt 0.125 0.390625
vt 0.125 0.375
vt 0.143046875 0.375
vt 0.20784921875 0.359375
vt 0.1898025 0.359375
vt 0.1875 0.3538153125
vt 0.21015171875 0.3538153125
vt 0.1618096875 0.35234828124999995
vt 0.1618096875 0.375
vt 0.15625 0.3726975
vt 0.15625 0.35465078125000005
vt 0.140625 0.390625
vt 0.163278125 0.390625
vt 0.163278125 0.40625
vt 0.140625 0.40625
vt 0.111796875 0.375
vt 0.09375 0.375
vt 0.09375 0.359375
vt 0.111796875 0.359375
vt 0.20785 0.40625
vt 0.189803125 0.40625
vt 0.1875 0.40069062499999997
vt 0.210153125 0.40069062499999997
vt 0.194528125 0.390625
vt 0.171875 0.390625
vt 0.174178125 0.38506562499999997
vt 0.192225 0.38506562499999997
vt 0.109375 0.359375
vt 0.132028125 0.359375
vt 0.132028125 0.375
vt 0.109375 0.375
vt 0.096171875 0.390625
vt 0.078125 0.390625
vt 0.078125 0.375
vt 0.096171875 0.375
vt 0.1618096875 0.38590078125000005
vt 0.1618096875 0.4039475
vt 0.15625 0.40625
vt 0.15625 0.38359828124999995
vt 0.14765171875 0.3125
vt 0.125 0.3125
vt 0.1273025 0.3069403125
vt 0.14534921875 0.3069403125
vt 0.140625 0.359375
vt 0.163278125 0.359375
vt 0.163278125 0.375
vt 0.140625 0.375
vt 0.127421875 0.375
vt 0.109375 0.375
vt 0.109375 0.359375
vt 0.127421875 0.359375
vt 0.161809375 0.35465
vt 0.161809375 0.37269687500000004
vt 0.15625 0.375
vt 0.15625 0.35234687499999995
vt 0.21875 0.40625
vt 0.21875 0.38359687499999995
vt 0.224309375 0.3859
vt 0.224309375 0.40394687500000004
vt 0.09375 0.359375
vt 0.116403125 0.359375
vt 0.116403125 0.375
vt 0.09375 0.375
vt 0.080546875 0.390625
vt 0.0625 0.390625
vt 0.0625 0.375
vt 0.080546875 0.375
vt 0.1585525 0.3694403125
vt 0.17659921875 0.3694403125
vt 0.17890171875 0.375
vt 0.15625 0.375
vt 0.078125 0.390625
vt 0.078125 0.36797328124999995
vt 0.0836846875 0.37027578125000005
vt 0.0836846875 0.3883225
vt 0.09375 0.328125
vt 0.116403125 0.328125
vt 0.116403125 0.34375
vt 0.09375 0.34375
vt 0.111796875 0.40625
vt 0.09375 0.40625
vt 0.09375 0.390625
vt 0.111796875 0.390625
vt 0.096053125 0.36944062499999997
vt 0.1141 0.36944062499999997
vt 0.116403125 0.375
vt 0.09375 0.375
vt 0.078125 0.36944062499999997
vt 0.100778125 0.36944062499999997
vt 0.098475 0.375
vt 0.080428125 0.375
vt 0.029596875 0.9790725
vt 0.02092859375 1
vt 0 0.9790725
vt 0 0.96875
vt 0.022653125 0.96875
vt 0.022653125 1
vt 0 1
vt 0 0.970403125
vt 0.0209275 0.97907140625
vt 0 1
vt 0.02734375 0.977346875
vt 0.02734375 1
vt 0 0.9886734375
vt 0 0.96875
vt 0.022653125 0.96875
vt 0.022653125 1
vt 0 1
vt 0.02734375 0.977346875
vt 0.02734375 1
vt 0 0.9886734375
vt 0 0.970403125
vt 0.0209275 0.97907140625
vt 0 1
vt 0 0.96875
vt 0.022653125 0.96875
vt 0.022653125 1
vt 0 1
vt 0.029596875 0.9790725
vt 0.02092859375 1
vt 0 0.9790725
vt 0 0.97265625
vt 0.022653125 0.97265625
vt 0.0113265625 1
vt 0 0.96875
vt 0.022653125 0.96875
vt 0.022653125 1
vt 0 1
vt 0.022653125 1
vt 0 1
vt 0.0113265625 0.97265625
vt 0 1
vt 0.008668125 0.9790725
vt 0.029596875 1
vt 0 0.96875
vt 0.022653125 0.96875
vt 0.022653125 1
vt 0 1
vt 0.0209275 1
vt 0 0.991331875
vt 0.0209275 0.970403125
vt 0 1
vt 0 0.977346875
vt 0.02734375 0.9886734375
vt 0 0.96875
vt 0.022653125 0.96875
vt 0.022653125 1
vt 0 1
vt 0 1
vt 0 0.977346875
vt 0.02734375 0.9886734375
vt 0.0209275 1
vt 0 0.991331875
vt 0.0209275 0.970403125
vt 0 0.96875
vt 0.022653125 0.96875
vt 0.022653125 1
vt 0 1
vt 0 1
vt 0.008668125 0.9790725
vt 0.029596875 1
vt 0.022653125 1
vt 0 1
vt 0.0113265625 0.97265625
vt 0 0.96875
vt 0.022653125 0.96875
vt 0.022653125 1
vt 0 1
vt 0 0.97265625
vt 0.022653125 0.97265625
vt 0.0113265625 1
vt 0.029596875 0.9790725
vt 0.02092859375 1
vt 0 0.9790725
vt 0 0.96875
vt 0.022653125 0.96875
vt 0.022653125 1
vt 0 1
vt 0 0.970403125
vt 0.0209275 0.97907140625
vt 0 1
vt 0.02734375 0.977346875
vt 0.02734375 1
vt 0 0.9886734375
vt 0 0.96875
vt 0.022653125 0.96875
vt 0.022653125 1
vt 0 1
vt 0.02734375 0.977346875
vt 0.02734375 1
vt 0 0.9886734375
vt 0 0.970403125
vt 0.0209275 0.97907140625
vt 0 1
vt 0 0.96875
vt 0.022653125 0.96875
vt 0.022653125 1
vt 0 1
vt 0.029596875 0.9790725
vt 0.02092859375 1
vt 0 0.9790725
vt 0 0.97265625
vt 0.022653125 0.97265625
vt 0.0113265625 1
vt 0 0.96875
vt 0.022653125 0.96875
vt 0.022653125 1
vt 0 1
vt 0.022653125 1
vt 0 1
vt 0.0113265625 0.97265625
vt 0 1
vt 0.008668125 0.9790725
vt 0.029596875 1
vt 0 0.96875
vt 0.022653125 0.96875
vt 0.022653125 1
vt 0 1
vt 0.0209275 1
vt 0 0.991331875
vt 0.0209275 0.970403125
vt 0 1
vt 0 0.977346875
vt 0.02734375 0.9886734375
vt 0 0.96875
vt 0.022653125 0.96875
vt 0.022653125 1
vt 0 1
vt 0 1
vt 0 0.977346875
vt 0.02734375 0.9886734375
vt 0.0209275 1
vt 0 0.991331875
vt 0.0209275 0.970403125
vt 0 0.96875
vt 0.022653125 0.96875
vt 0.022653125 1
vt 0 1
vt 0 1
vt 0.008668125 0.9790725
vt 0.029596875 1
vt 0.022653125 1
vt 0 1
vt 0.0113265625 0.97265625
vt 0 0.96875
vt 0.022653125 0.96875
vt 0.022653125 1
vt 0 1
vt 0 0.97265625
vt 0.022653125 0.97265625
vt 0.0113265625 1
vt 0.3953125 0.671875
vt 0.3953125 0.6875
vt 0.375 0.6875
vt 0.375 0.671875
vt 0.3484375 0.6875
vt 0.3484375 0.703125
vt 0.328125 0.703125
vt 0.328125 0.6875
vt 0.40625 0.6984375
vt 0.40625 0.71875
vt 0.34375 0.71875
vt 0.34375 0.6984375
vt 0.390625 0.6515625
vt 0.390625 0.671875
vt 0.328125 0.671875
vt 0.328125 0.6515625
vt 0.390625 0.65625
vt 0.390625 0.671875
vt 0.328125 0.671875
vt 0.328125 0.65625
vt 0.953125 0.671875
vt 0.953125 0.6875
vt 0.890625 0.6875
vt 0.890625 0.671875
vt 0.39375 0.703125
vt 0.39375 0.71875
vt 0.375 0.71875
vt 0.375 0.703125
vt 0.33125 0.65625
vt 0.33125 0.671875
vt 0.3125 0.671875
vt 0.3125 0.65625
vt 0.390625 0.66875
vt 0.390625 0.6875
vt 0.3671875 0.6875
vt 0.3671875 0.66875
vt 0.34375 0.684375
vt 0.34375 0.703125
vt 0.3203125 0.703125
vt 0.3203125 0.684375
vt 0.328125 0.6875
vt 0.328125 0.703125
vt 0.3046875 0.703125
vt 0.3046875 0.6875
vt 0.9296875 0.625
vt 0.9296875 0.640625
vt 0.90625 0.640625
vt 0.90625 0.625
vt 0.39375 0.703125
vt 0.39375 0.71875
vt 0.375 0.71875
vt 0.375 0.703125
vt 0.33125 0.65625
vt 0.33125 0.671875
vt 0.3125 0.671875
vt 0.3125 0.65625
vt 0.390625 0.66875
vt 0.390625 0.6875
vt 0.3671875 0.6875
vt 0.3671875 0.66875
vt 0.34375 0.684375
vt 0.34375 0.703125
vt 0.3203125 0.703125
vt 0.3203125 0.684375
vt 0.328125 0.6875
vt 0.328125 0.703125
vt 0.3046875 0.703125
vt 0.3046875 0.6875
vt 0.9296875 0.625
vt 0.9296875 0.640625
vt 0.90625 0.640625
vt 0.90625 0.625
vt 0.39375 0.703125
vt 0.39375 0.71875
vt 0.375 0.71875
vt 0.375 0.703125
vt 0.33125 0.65625
vt 0.33125 0.671875
vt 0.3125 0.671875
vt 0.3125 0.65625
vt 0.390625 0.66875
vt 0.390625 0.6875
vt 0.3671875 0.6875
vt 0.3671875 0.66875
vt 0.34375 0.684375
vt 0.34375 0.703125
vt 0.3203125 0.703125
vt 0.3203125 0.684375
vt 0.328125 0.6875
vt 0.328125 0.703125
vt 0.3046875 0.703125
vt 0.3046875 0.6875
vt 0.9296875 0.625
vt 0.9296875 0.640625
vt 0.90625 0.640625
vt 0.90625 0.625
vt 0.39375 0.703125
vt 0.39375 0.71875
vt 0.375 0.71875
vt 0.375 0.703125
vt 0.33125 0.65625
vt 0.33125 0.671875
vt 0.3125 0.671875
vt 0.3125 0.65625
vt 0.390625 0.66875
vt 0.390625 0.6875
vt 0.3671875 0.6875
vt 0.3671875 0.66875
vt 0.34375 0.684375
vt 0.34375 0.703125
vt 0.3203125 0.703125
vt 0.3203125 0.684375
vt 0.328125 0.6875
vt 0.328125 0.703125
vt 0.3046875 0.703125
vt 0.3046875 0.6875
vt 0.9296875 0.625
vt 0.9296875 0.640625
vt 0.90625 0.640625
vt 0.90625 0.625
vt 0.39375 0.703125
vt 0.39375 0.71875
vt 0.375 0.71875
vt 0.375 0.703125
vt 0.33125 0.65625
vt 0.33125 0.671875
vt 0.3125 0.671875
vt 0.3125 0.65625
vt 0.390625 0.66875
vt 0.390625 0.6875
vt 0.3671875 0.6875
vt 0.3671875 0.66875
vt 0.34375 0.684375
vt 0.34375 0.703125
vt 0.3203125 0.703125
vt 0.3203125 0.684375
vt 0.328125 0.6875
vt 0.328125 0.703125
vt 0.3046875 0.703125
vt 0.3046875 0.6875
vt 0.9296875 0.625
vt 0.9296875 0.640625
vt 0.90625 0.640625
vt 0.90625 0.625
vt 0.39375 0.703125
vt 0.39375 0.71875
vt 0.375 0.71875
vt 0.375 0.703125
vt 0.33125 0.65625
vt 0.33125 0.671875
vt 0.3125 0.671875
vt 0.3125 0.65625
vt 0.390625 0.66875
vt 0.390625 0.6875
vt 0.3671875 0.6875
vt 0.3671875 0.66875
vt 0.34375 0.684375
vt 0.34375 0.703125
vt 0.3203125 0.703125
vt 0.3203125 0.684375
vt 0.328125 0.6875
vt 0.328125 0.703125
vt 0.3046875 0.703125
vt 0.3046875 0.6875
vt 0.9296875 0.625
vt 0.9296875 0.640625
vt 0.90625 0.640625
vt 0.90625 0.625
vt 0.39375 0.703125
vt 0.39375 0.71875
vt 0.375 0.71875
vt 0.375 0.703125
vt 0.33125 0.65625
vt 0.33125 0.671875
vt 0.3125 0.671875
vt 0.3125 0.65625
vt 0.390625 0.66875
vt 0.390625 0.6875
vt 0.3671875 0.6875
vt 0.3671875 0.66875
vt 0.34375 0.684375
vt 0.34375 0.703125
vt 0.3203125 0.703125
vt 0.3203125 0.684375
vt 0.328125 0.6875
vt 0.328125 0.703125
vt 0.3046875 0.703125
vt 0.3046875 0.6875
vt 0.9296875 0.625
vt 0.9296875 0.640625
vt 0.90625 0.640625
vt 0.90625 0.625
vt 0.3125 0.65625
vt 0.3125 0.671875
vt 0.33125 0.671875
vt 0.33125 0.65625
vt 0.375 0.703125
vt 0.375 0.71875
vt 0.39375 0.71875
vt 0.39375 0.703125
vt 0.3671875 0.66875
vt 0.3671875 0.6875
vt 0.390625 0.6875
vt 0.390625 0.66875
vt 0.3203125 0.684375
vt 0.3203125 0.703125
vt 0.34375 0.703125
vt 0.34375 0.684375
vt 0.3046875 0.6875
vt 0.3046875 0.703125
vt 0.328125 0.703125
vt 0.328125 0.6875
vt 0.90625 0.625
vt 0.90625 0.640625
vt 0.9296875 0.640625
vt 0.9296875 0.625
vt 0.3125 0.65625
vt 0.3125 0.671875
vt 0.33125 0.671875
vt 0.33125 0.65625
vt 0.375 0.703125
vt 0.375 0.71875
vt 0.39375 0.71875
vt 0.39375 0.703125
vt 0.3671875 0.66875
vt 0.3671875 0.6875
vt 0.390625 0.6875
vt 0.390625 0.66875
vt 0.3203125 0.684375
vt 0.3203125 0.703125
vt 0.34375 0.703125
vt 0.34375 0.684375
vt 0.3046875 0.6875
vt 0.3046875 0.703125
vt 0.328125 0.703125
vt 0.328125 0.6875
vt 0.90625 0.625
vt 0.90625 0.640625
vt 0.9296875 0.640625
vt 0.9296875 0.625
vt 0.3125 0.65625
vt 0.3125 0.671875
vt 0.33125 0.671875
vt 0.33125 0.65625
vt 0.375 0.703125
vt 0.375 0.71875
vt 0.39375 0.71875
vt 0.39375 0.703125
vt 0.3671875 0.66875
vt 0.3671875 0.6875
vt 0.390625 0.6875
vt 0.390625 0.66875
vt 0.3203125 0.684375
vt 0.3203125 0.703125
vt 0.34375 0.703125
vt 0.34375 0.684375
vt 0.3046875 0.6875
vt 0.3046875 0.703125
vt 0.328125 0.703125
vt 0.328125 0.6875
vt 0.90625 0.625
vt 0.90625 0.640625
vt 0.9296875 0.640625
vt 0.9296875 0.625
vt 0.3125 0.65625
vt 0.3125 0.671875
vt 0.33125 0.671875
vt 0.33125 0.65625
vt 0.375 0.703125
vt 0.375 0.71875
vt 0.39375 0.71875
vt 0.39375 0.703125
vt 0.3671875 0.66875
vt 0.3671875 0.6875
vt 0.390625 0.6875
vt 0.390625 0.66875
vt 0.3203125 0.684375
vt 0.3203125 0.703125
vt 0.34375 0.703125
vt 0.34375 0.684375
vt 0.3046875 0.6875
vt 0.3046875 0.703125
vt 0.328125 0.703125
vt 0.328125 0.6875
vt 0.90625 0.625
vt 0.90625 0.640625
vt 0.9296875 0.640625
vt 0.9296875 0.625
vt 0.3125 0.65625
vt 0.3125 0.671875
vt 0.33125 0.671875
vt 0.33125 0.65625
vt 0.375 0.703125
vt 0.375 0.71875
vt 0.39375 0.71875
vt 0.39375 0.703125
vt 0.3671875 0.66875
vt 0.3671875 0.6875
vt 0.390625 0.6875
vt 0.390625 0.66875
vt 0.3203125 0.684375
vt 0.3203125 0.703125
vt 0.34375 0.703125
vt 0.34375 0.684375
vt 0.3046875 0.6875
vt 0.3046875 0.703125
vt 0.328125 0.703125
vt 0.328125 0.6875
vt 0.90625 0.625
vt 0.90625 0.640625
vt 0.9296875 0.640625
vt 0.9296875 0.625
vt 0.3125 0.65625
vt 0.3125 0.671875
vt 0.33125 0.671875
vt 0.33125 0.65625
vt 0.375 0.703125
vt 0.375 0.71875
vt 0.39375 0.71875
vt 0.39375 0.703125
vt 0.3671875 0.66875
vt 0.3671875 0.6875
vt 0.390625 0.6875
vt 0.390625 0.66875
vt 0.3203125 0.684375
vt 0.3203125 0.703125
vt 0.34375 0.703125
vt 0.34375 0.684375
vt 0.3046875 0.6875
vt 0.3046875 0.703125
vt 0.328125 0.703125
vt 0.328125 0.6875
vt 0.90625 0.625
vt 0.90625 0.640625
vt 0.9296875 0.640625
vt 0.9296875 0.625
vt 0.3125 0.65625
vt 0.3125 0.671875
vt 0.33125 0.671875
vt 0.33125 0.65625
vt 0.375 0.703125
vt 0.375 0.71875
vt 0.39375 0.71875
vt 0.39375 0.703125
vt 0.3671875 0.66875
vt 0.3671875 0.6875
vt 0.390625 0.6875
vt 0.390625 0.66875
vt 0.3203125 0.684375
vt 0.3203125 0.703125
vt 0.34375 0.703125
vt 0.34375 0.684375
vt 0.3046875 0.6875
vt 0.3046875 0.703125
vt 0.328125 0.703125
vt 0.328125 0.6875
vt 0.90625 0.625
vt 0.90625 0.640625
vt 0.9296875 0.640625
vt 0.9296875 0.625
vt 0.328125 0.6875
vt 0.328125 0.703125
vt 0.3484375 0.703125
vt 0.3484375 0.6875
vt 0.375 0.671875
vt 0.375 0.6875
vt 0.3953125 0.6875
vt 0.3953125 0.671875
vt 0.34375 0.6984375
vt 0.34375 0.71875
vt 0.40625 0.71875
vt 0.40625 0.6984375
vt 0.328125 0.6515625
vt 0.328125 0.671875
vt 0.390625 0.671875
vt 0.390625 0.6515625
vt 0.328125 0.65625
vt 0.328125 0.671875
vt 0.390625 0.671875
vt 0.390625 0.65625
vt 0.890625 0.671875
vt 0.890625 0.6875
vt 0.953125 0.6875
vt 0.953125 0.671875
vt 0.359375 0.625
vt 0.359375 0.640625
vt 0.328125 0.640625
vt 0.328125 0.625
vt 0.453125 0.59375
vt 0.453125 0.609375
vt 0.421875 0.609375
vt 0.421875 0.59375
vt 0.375 0.625
vt 0.375 0.65625
vt 0.34375 0.65625
vt 0.34375 0.625
vt 0.328125 0.671875
vt 0.328125 0.703125
vt 0.296875 0.703125
vt 0.296875 0.671875
vt 0.390625 0.578125
vt 0.390625 0.59375
vt 0.359375 0.59375
vt 0.359375 0.578125
vt 0.9375 0.671875
vt 0.9375 0.6875
vt 0.90625 0.6875
vt 0.90625 0.671875
vt 0.359375 0.671875
vt 0.359375 0.6875
vt 0.34375 0.6875
vt 0.34375 0.671875
vt 0.390625 0.6875
vt 0.390625 0.703125
vt 0.375 0.703125
vt 0.375 0.6875
vt 0.42578125 0.703125
vt 0.42578125 0.71875
vt 0.33984375 0.71875
vt 0.33984375 0.703125
vt 0.42578125 0.625
vt 0.42578125 0.640625
vt 0.33984375 0.640625
vt 0.33984375 0.625
vt 0.42578125 0.6875
vt 0.42578125 0.703125
vt 0.33984375 0.703125
vt 0.33984375 0.6875
vt 0.4296875 0.578125
vt 0.4296875 0.59375
vt 0.34375 0.59375
vt 0.34375 0.578125
vt 0.3125 0.65625
vt 0.3125 0.671875
vt 0.296875 0.671875
vt 0.296875 0.65625
vt 0.3125 0.609375
vt 0.3125 0.625
vt 0.296875 0.625
vt 0.296875 0.609375
vt 0.4375 0.671875
vt 0.4375 0.6875
vt 0.328125 0.6875
vt 0.328125 0.671875
vt 0.4375 0.625
vt 0.4375 0.640625
vt 0.328125 0.640625
vt 0.328125 0.625
vt 0.421875 0.703125
vt 0.421875 0.71875
vt 0.3125 0.71875
vt 0.3125 0.703125
vt 0.4375 0.5625
vt 0.4375 0.578125
vt 0.328125 0.578125
vt 0.328125 0.5625
vt 0.3125 0.578125
vt 0.3125 0.671875
vt 0.296875 0.671875
vt 0.296875 0.578125
vt 0.3125 0.578125
vt 0.3125 0.671875
vt 0.296875 0.671875
vt 0.296875 0.578125
vt 0.4375 0.65625
vt 0.4375 0.671875
vt 0.296875 0.671875
vt 0.296875 0.65625
vt 0.4375 0.625
vt 0.4375 0.640625
vt 0.296875 0.640625
vt 0.296875 0.625
vt 0.40625 0.21875
vt 0.40625 0.3125
vt 0.265625 0.3125
vt 0.265625 0.21875
vt 0.40625 0.21875
vt 0.40625 0.3125
vt 0.265625 0.3125
vt 0.265625 0.21875
vt 0.9375 0.015625
vt 0.9375 0.0625
vt 0.9359375 0.0625
vt 0.9359375 0.015625
vt 0.9234375 0
vt 0.9234375 0.046875
vt 0.921875 0.046875
vt 0.921875 0
vt 0.984375 0.06093749999999998
vt 0.984375 0.0625
vt 0.921875 0.0625
vt 0.921875 0.06093749999999998
vt 0.984375 0.046875
vt 0.984375 0.04843750000000002
vt 0.921875 0.04843750000000002
vt 0.921875 0.046875
vt 0.96875 0.015625
vt 0.96875 0.0625
vt 0.90625 0.0625
vt 0.90625 0.015625
vt 0.359375 0.359375
vt 0.359375 0.40625
vt 0.296875 0.40625
vt 0.296875 0.359375
vt 0.125 0.3671875
vt 0.125 0.375
vt 0.046875 0.375
vt 0.046875 0.3671875
vt 0.109375 0.3984375
vt 0.109375 0.40625
vt 0.03125 0.40625
vt 0.03125 0.3984375
vt 0.0625 0.328125
vt 0.0625 0.40625
vt 0.03125 0.40625
vt 0.03125 0.328125
vt 0.0625 0.34375
vt 0.0625 0.421875
vt 0.03125 0.421875
vt 0.03125 0.34375
vt 0.09375 0.3671875
vt 0.09375 0.375
vt 0.0625 0.375
vt 0.0625 0.3671875
vt 0.125 0.3828125
vt 0.125 0.390625
vt 0.09375 0.390625
vt 0.09375 0.3828125
vt 0.11328125 0.3984375
vt 0.11328125 0.40625
vt 0.046875 0.40625
vt 0.046875 0.3984375
vt 0.140625 0.3984375
vt 0.140625 0.40625
vt 0.07421875 0.40625
vt 0.07421875 0.3984375
vt 0.0625 0.34375
vt 0.0625 0.41015625
vt 0.05078125 0.41015625
vt 0.05078125 0.34375
vt 0.0625 0.35546875
vt 0.0625 0.421875
vt 0.05078125 0.421875
vt 0.05078125 0.35546875
vt 0.078125 0.3984375
vt 0.078125 0.40625
vt 0.06640625 0.40625
vt 0.06640625 0.3984375
vt 0.08984375 0.3984375
vt 0.08984375 0.40625
vt 0.078125 0.40625
vt 0.078125 0.3984375
vt 0.19921875 0.3828125
vt 0.19921875 0.390625
vt 0.125 0.390625
vt 0.125 0.3828125
vt 0.21875 0.3671875
vt 0.21875 0.375
vt 0.14453125 0.375
vt 0.14453125 0.3671875
vt 0.10362421875 0.34375
vt 0.10362421875 0.41796875
vt 0.09765625 0.41796875
vt 0.09765625 0.34375
vt 0.11924921875 0.33203125
vt 0.11924921875 0.40625
vt 0.11328125 0.40625
vt 0.11328125 0.33203125
vt 0.08799921875 0.3671875
vt 0.08799921875 0.375
vt 0.08203125 0.375
vt 0.08203125 0.3671875
vt 0.08409296875 0.3984375
vt 0.08409296875 0.40625
vt 0.078125 0.40625
vt 0.078125 0.3984375
vt 0.16796875 0.3828125
vt 0.16796875 0.390625
vt 0.09375 0.390625
vt 0.09375 0.3828125
vt 0.125 0.3984375
vt 0.125 0.40625
vt 0.05078125 0.40625
vt 0.05078125 0.3984375
vt 0.078125 0.34375
vt 0.078125 0.41796875
vt 0.06640625 0.41796875
vt 0.06640625 0.34375
vt 0.0625 0.34765625
vt 0.0625 0.421875
vt 0.05078125 0.421875
vt 0.05078125 0.34765625
vt 0.15625 0.3671875
vt 0.15625 0.375
vt 0.14453125 0.375
vt 0.14453125 0.3671875
vt 0.12109375 0.3828125
vt 0.12109375 0.390625
vt 0.109375 0.390625
vt 0.109375 0.3828125
vt 0.15625 0.3671875
vt 0.15625 0.375
vt 0.09375 0.375
vt 0.09375 0.3671875
vt 0.125 0.3828125
vt 0.125 0.390625
vt 0.0625 0.390625
vt 0.0625 0.3828125
vt 0.0625 0.34375
vt 0.0625 0.40625
vt 0.046875 0.40625
vt 0.046875 0.34375
vt 0.078125 0.3125
vt 0.078125 0.375
vt 0.0625 0.375
vt 0.0625 0.3125
vt 0.078125 0.4140625
vt 0.078125 0.421875
vt 0.0625 0.421875
vt 0.0625 0.4140625
vt 0.171875 0.3828125
vt 0.171875 0.390625
vt 0.15625 0.390625
vt 0.15625 0.3828125
vt 0.171875 0.3828125
vt 0.171875 0.390625
vt 0.125 0.390625
vt 0.125 0.3828125
vt 0.140625 0.3984375
vt 0.140625 0.40625
vt 0.09375 0.40625
vt 0.09375 0.3984375
vt 0.15625 0.34375
vt 0.15625 0.390625
vt 0.1484375 0.390625
vt 0.1484375 0.34375
vt 0.109375 0.328125
vt 0.109375 0.375
vt 0.1015625 0.375
vt 0.1015625 0.328125
vt 0.1875 0.3671875
vt 0.1875 0.375
vt 0.1796875 0.375
vt 0.1796875 0.3671875
vt 0.1953125 0.3828125
vt 0.1953125 0.390625
vt 0.1875 0.390625
vt 0.1875 0.3828125
vt 0.07421875 0.3984375
vt 0.07421875 0.40625
vt 0.140625 0.40625
vt 0.140625 0.3984375
vt 0.046875 0.3984375
vt 0.046875 0.40625
vt 0.11328125 0.40625
vt 0.11328125 0.3984375
vt 0.05078125 0.34375
vt 0.05078125 0.41015625
vt 0.0625 0.41015625
vt 0.0625 0.34375
vt 0.05078125 0.35546875
vt 0.05078125 0.421875
vt 0.0625 0.421875
vt 0.0625 0.35546875
vt 0.06640625 0.3984375
vt 0.06640625 0.40625
vt 0.078125 0.40625
vt 0.078125 0.3984375
vt 0.078125 0.3984375
vt 0.078125 0.40625
vt 0.08984375 0.40625
vt 0.08984375 0.3984375
vt 0.09375 0.3984375
vt 0.09375 0.40625
vt 0.140625 0.40625
vt 0.140625 0.3984375
vt 0.125 0.3828125
vt 0.125 0.390625
vt 0.171875 0.390625
vt 0.171875 0.3828125
vt 0.1484375 0.34375
vt 0.1484375 0.390625
vt 0.15625 0.390625
vt 0.15625 0.34375
vt 0.1015625 0.328125
vt 0.1015625 0.375
vt 0.109375 0.375
vt 0.109375 0.328125
vt 0.1796875 0.3671875
vt 0.1796875 0.375
vt 0.1875 0.375
vt 0.1875 0.3671875
vt 0.1875 0.3828125
vt 0.1875 0.390625
vt 0.1953125 0.390625
vt 0.1953125 0.3828125
vt 0.0625 0.3828125
vt 0.0625 0.390625
vt 0.125 0.390625
vt 0.125 0.3828125
vt 0.09375 0.3671875
vt 0.09375 0.375
vt 0.15625 0.375
vt 0.15625 0.3671875
vt 0.046875 0.34375
vt 0.046875 0.40625
vt 0.0625 0.40625
vt 0.0625 0.34375
vt 0.0625 0.3125
vt 0.0625 0.375
vt 0.078125 0.375
vt 0.078125 0.3125
vt 0.0625 0.4140625
vt 0.0625 0.421875
vt 0.078125 0.421875
vt 0.078125 0.4140625
vt 0.15625 0.3828125
vt 0.15625 0.390625
vt 0.171875 0.390625
vt 0.171875 0.3828125
vt 0.05078125 0.3984375
vt 0.05078125 0.40625
vt 0.125 0.40625
vt 0.125 0.3984375
vt 0.09375 0.3828125
vt 0.09375 0.390625
vt 0.16796875 0.390625
vt 0.16796875 0.3828125
vt 0.06640625 0.34375
vt 0.06640625 0.41796875
vt 0.078125 0.41796875
vt 0.078125 0.34375
vt 0.05078125 0.34765625
vt 0.05078125 0.421875
vt 0.0625 0.421875
vt 0.0625 0.34765625
vt 0.14453125 0.3671875
vt 0.14453125 0.375
vt 0.15625 0.375
vt 0.15625 0.3671875
vt 0.109375 0.3828125
vt 0.109375 0.390625
vt 0.12109375 0.390625
vt 0.12109375 0.3828125
vt 0.14453125 0.3671875
vt 0.14453125 0.375
vt 0.21875 0.375
vt 0.21875 0.3671875
vt 0.125 0.3828125
vt 0.125 0.390625
vt 0.19921875 0.390625
vt 0.19921875 0.3828125
vt 0.09765625 0.34375
vt 0.09765625 0.41796875
vt 0.10362421875 0.41796875
vt 0.10362421875 0.34375
vt 0.11328125 0.33203125
vt 0.11328125 0.40625
vt 0.11924921875 0.40625
vt 0.11924921875 0.33203125
vt 0.08203125 0.3671875
vt 0.08203125 0.375
vt 0.08799921875 0.375
vt 0.08799921875 0.3671875
vt 0.078125 0.3984375
vt 0.078125 0.40625
vt 0.08409296875 0.40625
vt 0.08409296875 0.3984375
vt 0.3953125 0.6875
vt 0.3953125 0.671875
vt 0.375 0.671875
vt 0.375 0.6875
vt 0.3484375 0.703125
vt 0.3484375 0.6875
vt 0.328125 0.6875
vt 0.328125 0.703125
vt 0.390625 0.671875
vt 0.390625 0.6515625
vt 0.328125 0.6515625
vt 0.328125 0.671875
vt 0.40625 0.71875
vt 0.40625 0.6984375
vt 0.34375 0.6984375
vt 0.34375 0.71875
vt 0.390625 0.671875
vt 0.390625 0.65625
vt 0.328125 0.65625
vt 0.328125 0.671875
vt 0.953125 0.6875
vt 0.953125 0.671875
vt 0.890625 0.671875
vt 0.890625 0.6875
vt 0.39375 0.71875
vt 0.39375 0.703125
vt 0.375 0.703125
vt 0.375 0.71875
vt 0.33125 0.671875
vt 0.33125 0.65625
vt 0.3125 0.65625
vt 0.3125 0.671875
vt 0.34375 0.703125
vt 0.34375 0.684375
vt 0.3203125 0.684375
vt 0.3203125 0.703125
vt 0.390625 0.6875
vt 0.390625 0.66875
vt 0.3671875 0.66875
vt 0.3671875 0.6875
vt 0.328125 0.703125
vt 0.328125 0.6875
vt 0.3046875 0.6875
vt 0.3046875 0.703125
vt 0.9296875 0.640625
vt 0.9296875 0.625
vt 0.90625 0.625
vt 0.90625 0.640625
vt 0.39375 0.71875
vt 0.39375 0.703125
vt 0.375 0.703125
vt 0.375 0.71875
vt 0.33125 0.671875
vt 0.33125 0.65625
vt 0.3125 0.65625
vt 0.3125 0.671875
vt 0.34375 0.703125
vt 0.34375 0.684375
vt 0.3203125 0.684375
vt 0.3203125 0.703125
vt 0.390625 0.6875
vt 0.390625 0.66875
vt 0.3671875 0.66875
vt 0.3671875 0.6875
vt 0.328125 0.703125
vt 0.328125 0.6875
vt 0.3046875 0.6875
vt 0.3046875 0.703125
vt 0.9296875 0.640625
vt 0.9296875 0.625
vt 0.90625 0.625
vt 0.90625 0.640625
vt 0.39375 0.71875
vt 0.39375 0.703125
vt 0.375 0.703125
vt 0.375 0.71875
vt 0.33125 0.671875
vt 0.33125 0.65625
vt 0.3125 0.65625
vt 0.3125 0.671875
vt 0.34375 0.703125
vt 0.34375 0.684375
vt 0.3203125 0.684375
vt 0.3203125 0.703125
vt 0.390625 0.6875
vt 0.390625 0.66875
vt 0.3671875 0.66875
vt 0.3671875 0.6875
vt 0.328125 0.703125
vt 0.328125 0.6875
vt 0.3046875 0.6875
vt 0.3046875 0.703125
vt 0.9296875 0.640625
vt 0.9296875 0.625
vt 0.90625 0.625
vt 0.90625 0.640625
vt 0.39375 0.71875
vt 0.39375 0.703125
vt 0.375 0.703125
vt 0.375 0.71875
vt 0.33125 0.671875
vt 0.33125 0.65625
vt 0.3125 0.65625
vt 0.3125 0.671875
vt 0.34375 0.703125
vt 0.34375 0.684375
vt 0.3203125 0.684375
vt 0.3203125 0.703125
vt 0.390625 0.6875
vt 0.390625 0.66875
vt 0.3671875 0.66875
vt 0.3671875 0.6875
vt 0.328125 0.703125
vt 0.328125 0.6875
vt 0.3046875 0.6875
vt 0.3046875 0.703125
vt 0.9296875 0.640625
vt 0.9296875 0.625
vt 0.90625 0.625
vt 0.90625 0.640625
vt 0.39375 0.71875
vt 0.39375 0.703125
vt 0.375 0.703125
vt 0.375 0.71875
vt 0.33125 0.671875
vt 0.33125 0.65625
vt 0.3125 0.65625
vt 0.3125 0.671875
vt 0.34375 0.703125
vt 0.34375 0.684375
vt 0.3203125 0.684375
vt 0.3203125 0.703125
vt 0.390625 0.6875
vt 0.390625 0.66875
vt 0.3671875 0.66875
vt 0.3671875 0.6875
vt 0.328125 0.703125
vt 0.328125 0.6875
vt 0.3046875 0.6875
vt 0.3046875 0.703125
vt 0.9296875 0.640625
vt 0.9296875 0.625
vt 0.90625 0.625
vt 0.90625 0.640625
vt 0.39375 0.71875
vt 0.39375 0.703125
vt 0.375 0.703125
vt 0.375 0.71875
vt 0.33125 0.671875
vt 0.33125 0.65625
vt 0.3125 0.65625
vt 0.3125 0.671875
vt 0.34375 0.703125
vt 0.34375 0.684375
vt 0.3203125 0.684375
vt 0.3203125 0.703125
vt 0.390625 0.6875
vt 0.390625 0.66875
vt 0.3671875 0.66875
vt 0.3671875 0.6875
vt 0.328125 0.703125
vt 0.328125 0.6875
vt 0.3046875 0.6875
vt 0.3046875 0.703125
vt 0.9296875 0.640625
vt 0.9296875 0.625
vt 0.90625 0.625
vt 0.90625 0.640625
vt 0.39375 0.71875
vt 0.39375 0.703125
vt 0.375 0.703125
vt 0.375 0.71875
vt 0.33125 0.671875
vt 0.33125 0.65625
vt 0.3125 0.65625
vt 0.3125 0.671875
vt 0.34375 0.703125
vt 0.34375 0.684375
vt 0.3203125 0.684375
vt 0.3203125 0.703125
vt 0.390625 0.6875
vt 0.390625 0.66875
vt 0.3671875 0.66875
vt 0.3671875 0.6875
vt 0.328125 0.703125
vt 0.328125 0.6875
vt 0.3046875 0.6875
vt 0.3046875 0.703125
vt 0.9296875 0.640625
vt 0.9296875 0.625
vt 0.90625 0.625
vt 0.90625 0.640625
vt 0.3125 0.671875
vt 0.3125 0.65625
vt 0.33125 0.65625
vt 0.33125 0.671875
vt 0.375 0.71875
vt 0.375 0.703125
vt 0.39375 0.703125
vt 0.39375 0.71875
vt 0.3203125 0.703125
vt 0.3203125 0.684375
vt 0.34375 0.684375
vt 0.34375 0.703125
vt 0.3671875 0.6875
vt 0.3671875 0.66875
vt 0.390625 0.66875
vt 0.390625 0.6875
vt 0.3046875 0.703125
vt 0.3046875 0.6875
vt 0.328125 0.6875
vt 0.328125 0.703125
vt 0.90625 0.640625
vt 0.90625 0.625
vt 0.9296875 0.625
vt 0.9296875 0.640625
vt 0.3125 0.671875
vt 0.3125 0.65625
vt 0.33125 0.65625
vt 0.33125 0.671875
vt 0.375 0.71875
vt 0.375 0.703125
vt 0.39375 0.703125
vt 0.39375 0.71875
vt 0.3203125 0.703125
vt 0.3203125 0.684375
vt 0.34375 0.684375
vt 0.34375 0.703125
vt 0.3671875 0.6875
vt 0.3671875 0.66875
vt 0.390625 0.66875
vt 0.390625 0.6875
vt 0.3046875 0.703125
vt 0.3046875 0.6875
vt 0.328125 0.6875
vt 0.328125 0.703125
vt 0.90625 0.640625
vt 0.90625 0.625
vt 0.9296875 0.625
vt 0.9296875 0.640625
vt 0.3125 0.671875
vt 0.3125 0.65625
vt 0.33125 0.65625
vt 0.33125 0.671875
vt 0.375 0.71875
vt 0.375 0.703125
vt 0.39375 0.703125
vt 0.39375 0.71875
vt 0.3203125 0.703125
vt 0.3203125 0.684375
vt 0.34375 0.684375
vt 0.34375 0.703125
vt 0.3671875 0.6875
vt 0.3671875 0.66875
vt 0.390625 0.66875
vt 0.390625 0.6875
vt 0.3046875 0.703125
vt 0.3046875 0.6875
vt 0.328125 0.6875
vt 0.328125 0.703125
vt 0.90625 0.640625
vt 0.90625 0.625
vt 0.9296875 0.625
vt 0.9296875 0.640625
vt 0.3125 0.671875
vt 0.3125 0.65625
vt 0.33125 0.65625
vt 0.33125 0.671875
vt 0.375 0.71875
vt 0.375 0.703125
vt 0.39375 0.703125
vt 0.39375 0.71875
vt 0.3203125 0.703125
vt 0.3203125 0.684375
vt 0.34375 0.684375
vt 0.34375 0.703125
vt 0.3671875 0.6875
vt 0.3671875 0.66875
vt 0.390625 0.66875
vt 0.390625 0.6875
vt 0.3046875 0.703125
vt 0.3046875 0.6875
vt 0.328125 0.6875
vt 0.328125 0.703125
vt 0.90625 0.640625
vt 0.90625 0.625
vt 0.9296875 0.625
vt 0.9296875 0.640625
vt 0.3125 0.671875
vt 0.3125 0.65625
vt 0.33125 0.65625
vt 0.33125 0.671875
vt 0.375 0.71875
vt 0.375 0.703125
vt 0.39375 0.703125
vt 0.39375 0.71875
vt 0.3203125 0.703125
vt 0.3203125 0.684375
vt 0.34375 0.684375
vt 0.34375 0.703125
vt 0.3671875 0.6875
vt 0.3671875 0.66875
vt 0.390625 0.66875
vt 0.390625 0.6875
vt 0.3046875 0.703125
vt 0.3046875 0.6875
vt 0.328125 0.6875
vt 0.328125 0.703125
vt 0.90625 0.640625
vt 0.90625 0.625
vt 0.9296875 0.625
vt 0.9296875 0.640625
vt 0.3125 0.671875
vt 0.3125 0.65625
vt 0.33125 0.65625
vt 0.33125 0.671875
vt 0.375 0.71875
vt 0.375 0.703125
vt 0.39375 0.703125
vt 0.39375 0.71875
vt 0.3203125 0.703125
vt 0.3203125 0.684375
vt 0.34375 0.684375
vt 0.34375 0.703125
vt 0.3671875 0.6875
vt 0.3671875 0.66875
vt 0.390625 0.66875
vt 0.390625 0.6875
vt 0.3046875 0.703125
vt 0.3046875 0.6875
vt 0.328125 0.6875
vt 0.328125 0.703125
vt 0.90625 0.640625
vt 0.90625 0.625
vt 0.9296875 0.625
vt 0.9296875 0.640625
vt 0.3125 0.671875
vt 0.3125 0.65625
vt 0.33125 0.65625
vt 0.33125 0.671875
vt 0.375 0.71875
vt 0.375 0.703125
vt 0.39375 0.703125
vt 0.39375 0.71875
vt 0.3203125 0.703125
vt 0.3203125 0.684375
vt 0.34375 0.684375
vt 0.34375 0.703125
vt 0.3671875 0.6875
vt 0.3671875 0.66875
vt 0.390625 0.66875
vt 0.390625 0.6875
vt 0.3046875 0.703125
vt 0.3046875 0.6875
vt 0.328125 0.6875
vt 0.328125 0.703125
vt 0.90625 0.640625
vt 0.90625 0.625
vt 0.9296875 0.625
vt 0.9296875 0.640625
vt 0.328125 0.703125
vt 0.328125 0.6875
vt 0.3484375 0.6875
vt 0.3484375 0.703125
vt 0.375 0.6875
vt 0.375 0.671875
vt 0.3953125 0.671875
vt 0.3953125 0.6875
vt 0.328125 0.671875
vt 0.328125 0.6515625
vt 0.390625 0.6515625
vt 0.390625 0.671875
vt 0.34375 0.71875
vt 0.34375 0.6984375
vt 0.40625 0.6984375
vt 0.40625 0.71875
vt 0.328125 0.671875
vt 0.328125 0.65625
vt 0.390625 0.65625
vt 0.390625 0.671875
vt 0.890625 0.6875
vt 0.890625 0.671875
vt 0.953125 0.671875
vt 0.953125 0.6875
vt 0.390625 0.671875
vt 0.390625 0.65625
vt 0.359375 0.65625
vt 0.359375 0.671875
vt 0.453125 0.609375
vt 0.453125 0.59375
vt 0.421875 0.59375
vt 0.421875 0.609375
vt 0.328125 0.703125
vt 0.328125 0.671875
vt 0.296875 0.671875
vt 0.296875 0.703125
vt 0.375 0.65625
vt 0.375 0.625
vt 0.34375 0.625
vt 0.34375 0.65625
vt 0.390625 0.59375
vt 0.390625 0.578125
vt 0.359375 0.578125
vt 0.359375 0.59375
vt 0.9375 0.6875
vt 0.9375 0.671875
vt 0.90625 0.671875
vt 0.90625 0.6875
vt 0.9375 0.015625
vt 0.9375 0.0625
vt 0.9359375 0.0625
vt 0.9359375 0.015625
vt 0.9234375 0
vt 0.9234375 0.046875
vt 0.921875 0.046875
vt 0.921875 0
vt 0.984375 0.06093749999999998
vt 0.984375 0.0625
vt 0.921875 0.0625
vt 0.921875 0.06093749999999998
vt 0.984375 0.046875
vt 0.984375 0.04843750000000002
vt 0.921875 0.04843750000000002
vt 0.921875 0.046875
vt 0.96875 0.015625
vt 0.96875 0.0625
vt 0.90625 0.0625
vt 0.90625 0.015625
vt 0.359375 0.359375
vt 0.359375 0.40625
vt 0.296875 0.40625
vt 0.296875 0.359375
vt 0.125 0.3671875
vt 0.125 0.375
vt 0.046875 0.375
vt 0.046875 0.3671875
vt 0.109375 0.3984375
vt 0.109375 0.40625
vt 0.03125 0.40625
vt 0.03125 0.3984375
vt 0.0625 0.328125
vt 0.0625 0.40625
vt 0.03125 0.40625
vt 0.03125 0.328125
vt 0.0625 0.34375
vt 0.0625 0.421875
vt 0.03125 0.421875
vt 0.03125 0.34375
vt 0.09375 0.3671875
vt 0.09375 0.375
vt 0.0625 0.375
vt 0.0625 0.3671875
vt 0.125 0.3828125
vt 0.125 0.390625
vt 0.09375 0.390625
vt 0.09375 0.3828125
vt 0.11328125 0.3984375
vt 0.11328125 0.40625
vt 0.046875 0.40625
vt 0.046875 0.3984375
vt 0.140625 0.3984375
vt 0.140625 0.40625
vt 0.07421875 0.40625
vt 0.07421875 0.3984375
vt 0.0625 0.34375
vt 0.0625 0.41015625
vt 0.05078125 0.41015625
vt 0.05078125 0.34375
vt 0.0625 0.35546875
vt 0.0625 0.421875
vt 0.05078125 0.421875
vt 0.05078125 0.35546875
vt 0.078125 0.3984375
vt 0.078125 0.40625
vt 0.06640625 0.40625
vt 0.06640625 0.3984375
vt 0.08984375 0.3984375
vt 0.08984375 0.40625
vt 0.078125 0.40625
vt 0.078125 0.3984375
vt 0.19921875 0.3828125
vt 0.19921875 0.390625
vt 0.125 0.390625
vt 0.125 0.3828125
vt 0.21875 0.3671875
vt 0.21875 0.375
vt 0.14453125 0.375
vt 0.14453125 0.3671875
vt 0.10362421875 0.34375
vt 0.10362421875 0.41796875
vt 0.09765625 0.41796875
vt 0.09765625 0.34375
vt 0.11924921875 0.33203125
vt 0.11924921875 0.40625
vt 0.11328125 0.40625
vt 0.11328125 0.33203125
vt 0.08799921875 0.3671875
vt 0.08799921875 0.375
vt 0.08203125 0.375
vt 0.08203125 0.3671875
vt 0.08409296875 0.3984375
vt 0.08409296875 0.40625
vt 0.078125 0.40625
vt 0.078125 0.3984375
vt 0.16796875 0.3828125
vt 0.16796875 0.390625
vt 0.09375 0.390625
vt 0.09375 0.3828125
vt 0.125 0.3984375
vt 0.125 0.40625
vt 0.05078125 0.40625
vt 0.05078125 0.3984375
vt 0.078125 0.34375
vt 0.078125 0.41796875
vt 0.06640625 0.41796875
vt 0.06640625 0.34375
vt 0.0625 0.34765625
vt 0.0625 0.421875
vt 0.05078125 0.421875
vt 0.05078125 0.34765625
vt 0.15625 0.3671875
vt 0.15625 0.375
vt 0.14453125 0.375
vt 0.14453125 0.3671875
vt 0.12109375 0.3828125
vt 0.12109375 0.390625
vt 0.109375 0.390625
vt 0.109375 0.3828125
vt 0.15625 0.3671875
vt 0.15625 0.375
vt 0.09375 0.375
vt 0.09375 0.3671875
vt 0.125 0.3828125
vt 0.125 0.390625
vt 0.0625 0.390625
vt 0.0625 0.3828125
vt 0.0625 0.34375
vt 0.0625 0.40625
vt 0.046875 0.40625
vt 0.046875 0.34375
vt 0.078125 0.3125
vt 0.078125 0.375
vt 0.0625 0.375
vt 0.0625 0.3125
vt 0.078125 0.4140625
vt 0.078125 0.421875
vt 0.0625 0.421875
vt 0.0625 0.4140625
vt 0.171875 0.3828125
vt 0.171875 0.390625
vt 0.15625 0.390625
vt 0.15625 0.3828125
vt 0.171875 0.3828125
vt 0.171875 0.390625
vt 0.125 0.390625
vt 0.125 0.3828125
vt 0.140625 0.3984375
vt 0.140625 0.40625
vt 0.09375 0.40625
vt 0.09375 0.3984375
vt 0.15625 0.34375
vt 0.15625 0.390625
vt 0.1484375 0.390625
vt 0.1484375 0.34375
vt 0.109375 0.328125
vt 0.109375 0.375
vt 0.1015625 0.375
vt 0.1015625 0.328125
vt 0.1875 0.3671875
vt 0.1875 0.375
vt 0.1796875 0.375
vt 0.1796875 0.3671875
vt 0.1953125 0.3828125
vt 0.1953125 0.390625
vt 0.1875 0.390625
vt 0.1875 0.3828125
vt 0.07421875 0.3984375
vt 0.07421875 0.40625
vt 0.140625 0.40625
vt 0.140625 0.3984375
vt 0.046875 0.3984375
vt 0.046875 0.40625
vt 0.11328125 0.40625
vt 0.11328125 0.3984375
vt 0.05078125 0.34375
vt 0.05078125 0.41015625
vt 0.0625 0.41015625
vt 0.0625 0.34375
vt 0.05078125 0.35546875
vt 0.05078125 0.421875
vt 0.0625 0.421875
vt 0.0625 0.35546875
vt 0.06640625 0.3984375
vt 0.06640625 0.40625
vt 0.078125 0.40625
vt 0.078125 0.3984375
vt 0.078125 0.3984375
vt 0.078125 0.40625
vt 0.08984375 0.40625
vt 0.08984375 0.3984375
vt 0.09375 0.3984375
vt 0.09375 0.40625
vt 0.140625 0.40625
vt 0.140625 0.3984375
vt 0.125 0.3828125
vt 0.125 0.390625
vt 0.171875 0.390625
vt 0.171875 0.3828125
vt 0.1484375 0.34375
vt 0.1484375 0.390625
vt 0.15625 0.390625
vt 0.15625 0.34375
vt 0.1015625 0.328125
vt 0.1015625 0.375
vt 0.109375 0.375
vt 0.109375 0.328125
vt 0.1796875 0.3671875
vt 0.1796875 0.375
vt 0.1875 0.375
vt 0.1875 0.3671875
vt 0.1875 0.3828125
vt 0.1875 0.390625
vt 0.1953125 0.390625
vt 0.1953125 0.3828125
vt 0.0625 0.3828125
vt 0.0625 0.390625
vt 0.125 0.390625
vt 0.125 0.3828125
vt 0.09375 0.3671875
vt 0.09375 0.375
vt 0.15625 0.375
vt 0.15625 0.3671875
vt 0.046875 0.34375
vt 0.046875 0.40625
vt 0.0625 0.40625
vt 0.0625 0.34375
vt 0.0625 0.3125
vt 0.0625 0.375
vt 0.078125 0.375
vt 0.078125 0.3125
vt 0.0625 0.4140625
vt 0.0625 0.421875
vt 0.078125 0.421875
vt 0.078125 0.4140625
vt 0.15625 0.3828125
vt 0.15625 0.390625
vt 0.171875 0.390625
vt 0.171875 0.3828125
vt 0.05078125 0.3984375
vt 0.05078125 0.40625
vt 0.125 0.40625
vt 0.125 0.3984375
vt 0.09375 0.3828125
vt 0.09375 0.390625
vt 0.16796875 0.390625
vt 0.16796875 0.3828125
vt 0.06640625 0.34375
vt 0.06640625 0.41796875
vt 0.078125 0.41796875
vt 0.078125 0.34375
vt 0.05078125 0.34765625
vt 0.05078125 0.421875
vt 0.0625 0.421875
vt 0.0625 0.34765625
vt 0.14453125 0.3671875
vt 0.14453125 0.375
vt 0.15625 0.375
vt 0.15625 0.3671875
vt 0.109375 0.3828125
vt 0.109375 0.390625
vt 0.12109375 0.390625
vt 0.12109375 0.3828125
vt 0.14453125 0.3671875
vt 0.14453125 0.375
vt 0.21875 0.375
vt 0.21875 0.3671875
vt 0.125 0.3828125
vt 0.125 0.390625
vt 0.19921875 0.390625
vt 0.19921875 0.3828125
vt 0.09765625 0.34375
vt 0.09765625 0.41796875
vt 0.10362421875 0.41796875
vt 0.10362421875 0.34375
vt 0.11328125 0.33203125
vt 0.11328125 0.40625
vt 0.11924921875 0.40625
vt 0.11924921875 0.33203125
vt 0.08203125 0.3671875
vt 0.08203125 0.375
vt 0.08799921875 0.375
vt 0.08799921875 0.3671875
vt 0.078125 0.3984375
vt 0.078125 0.40625
vt 0.08409296875 0.40625
vt 0.08409296875 0.3984375
vt 0.3125 0.359375
vt 0.3125 0.4375
vt 0.296875 0.4375
vt 0.296875 0.359375
vt 0.3125 0.359375
vt 0.3125 0.4375
vt 0.296875 0.4375
vt 0.296875 0.359375
vt 0.4375 0.421875
vt 0.4375 0.4375
vt 0.296875 0.4375
vt 0.296875 0.421875
vt 0.4375 0.359375
vt 0.4375 0.375
vt 0.296875 0.375
vt 0.296875 0.359375
vt 0.4375 0.359375
vt 0.4375 0.4375
vt 0.296875 0.4375
vt 0.296875 0.359375
vt 0.4375 0.359375
vt 0.4375 0.4375
vt 0.296875 0.4375
vt 0.296875 0.359375
vt 0.375 0.4375
vt 0.375 0.453125
vt 0.359375 0.453125
vt 0.359375 0.4375
vt 0.359375 0.4375
vt 0.359375 0.453125
vt 0.34375 0.453125
vt 0.34375 0.4375
vt 0.421875 0.4375
vt 0.421875 0.453125
vt 0.3125 0.453125
vt 0.3125 0.4375
vt 0.421875 0.4375
vt 0.421875 0.453125
vt 0.3125 0.453125
vt 0.3125 0.4375
vt 0.421875 0.4375
vt 0.421875 0.453125
vt 0.3125 0.453125
vt 0.3125 0.4375
vt 0.421875 0.4375
vt 0.421875 0.453125
vt 0.3125 0.453125
vt 0.3125 0.4375
vt 0.390625 0.453125
vt 0.390625 0.46875
vt 0.375 0.46875
vt 0.375 0.453125
vt 0.359375 0.453125
vt 0.359375 0.46875
vt 0.34375 0.46875
vt 0.34375 0.453125
vt 0.41015625 0.453125
vt 0.41015625 0.46875
vt 0.32421875 0.46875
vt 0.32421875 0.453125
vt 0.41015625 0.453125
vt 0.41015625 0.46875
vt 0.32421875 0.46875
vt 0.32421875 0.453125
vt 0.41015625 0.453125
vt 0.41015625 0.46875
vt 0.32421875 0.46875
vt 0.32421875 0.453125
vt 0.41015625 0.453125
vt 0.41015625 0.46875
vt 0.32421875 0.46875
vt 0.32421875 0.453125
vt 0.015625 0.984375
vt 0.015625 1
vt 0 1
vt 0 0.984375
vt 0.03125 0.984375
vt 0.03125 1
vt 0.015625 1
vt 0.015625 0.984375
vt 0.046875 0.96875
vt 0.046875 0.984375
vt 0 0.984375
vt 0 0.96875
vt 0.046875 0.984375
vt 0.046875 1
vt 0 1
vt 0 0.984375
vt 0.046875 0.984375
vt 0.046875 1
vt 0 1
vt 0 0.984375
vt 0.046875 0.984375
vt 0.046875 1
vt 0 1
vt 0 0.984375
vt 0.015625 0.984375
vt 0.015625 1
vt 0.03125 1
vt 0.03125 0.984375
vt 0 0.984375
vt 0 1
vt 0.015625 1
vt 0.015625 0.984375
vt 0 0.96875
vt 0 0.984375
vt 0.046875 0.984375
vt 0.046875 0.96875
vt 0 0.984375
vt 0 1
vt 0.046875 1
vt 0.046875 0.984375
vt 0 0.984375
vt 0 1
vt 0.046875 1
vt 0.046875 0.984375
vt 0 0.984375
vt 0 1
vt 0.046875 1
vt 0.046875 0.984375
vt 0.125 0.890625
vt 0.125 1
vt 0.09375 1
vt 0.09375 0.890625
vt 0.125 0.890625
vt 0.125 1
vt 0.09375 1
vt 0.09375 0.890625
vt 0.109375 0.96875
vt 0.109375 1
vt 0.09375 1
vt 0.09375 0.96875
vt 0.125 0.96875
vt 0.125 1
vt 0.109375 1
vt 0.109375 0.96875
vt 0.109375 0.890625
vt 0.109375 1
vt 0.09375 1
vt 0.09375 0.890625
vt 0.125 0.890625
vt 0.125 1
vt 0.109375 1
vt 0.109375 0.890625
vt 0.125 0.890625
vt 0.125 1
vt 0.09375 1
vt 0.09375 0.890625
vt 0.125 0.890625
vt 0.125 1
vt 0.09375 1
vt 0.09375 0.890625
vt 0.109375 0.96875
vt 0.109375 1
vt 0.09375 1
vt 0.09375 0.96875
vt 0.125 0.96875
vt 0.125 1
vt 0.109375 1
vt 0.109375 0.96875
vt 0.109375 0.890625
vt 0.109375 1
vt 0.09375 1
vt 0.09375 0.890625
vt 0.125 0.890625
vt 0.125 1
vt 0.109375 1
vt 0.109375 0.890625
vt 0.01953125 0.96875
vt 0.01953125 0.984375
vt 0 0.984375
vt 0 0.96875
vt 0.03515625 0.96875
vt 0.03515625 0.984375
vt 0.015625 0.984375
vt 0.015625 0.96875
vt 0.078125 0.96484375
vt 0.078125 0.984375
vt 0 0.984375
vt 0 0.96484375
vt 0.078125 0.98046875
vt 0.078125 1
vt 0 1
vt 0 0.98046875
vt 0.078125 0.96875
vt 0.078125 0.984375
vt 0 0.984375
vt 0 0.96875
vt 0.078125 0.96875
vt 0.078125 0.984375
vt 0 0.984375
vt 0 0.96875
vt 0.015625 0.984375
vt 0.015625 1
vt 0 1
vt 0 0.984375
vt 0.03125 0.984375
vt 0.03125 1
vt 0.015625 1
vt 0.015625 0.984375
vt 0.046875 0.96875
vt 0.046875 0.984375
vt 0 0.984375
vt 0 0.96875
vt 0.046875 0.984375
vt 0.046875 1
vt 0 1
vt 0 0.984375
vt 0.046875 0.984375
vt 0.046875 1
vt 0 1
vt 0 0.984375
vt 0.046875 0.984375
vt 0.046875 1
vt 0 1
vt 0 0.984375
vt 0.046875 0.984375
vt 0.046875 1
vt 0.03125 1
vt 0.03125 0.984375
vt 0.03125 0.984375
vt 0.03125 1
vt 0.015625 1
vt 0.015625 0.984375
vt 0.09375 0.96875
vt 0.09375 0.984375
vt 0.046875 0.984375
vt 0.046875 0.96875
vt 0.09375 0.984375
vt 0.09375 1
vt 0.046875 1
vt 0.046875 0.984375
vt 0.09375 0.984375
vt 0.09375 1
vt 0.046875 1
vt 0.046875 0.984375
vt 0.09375 0.984375
vt 0.09375 1
vt 0.046875 1
vt 0.046875 0.984375
vt 0.125 0.890625
vt 0.125 1
vt 0.09375 1
vt 0.09375 0.890625
vt 0.125 0.890625
vt 0.125 1
vt 0.09375 1
vt 0.09375 0.890625
vt 0.109375 0.96875
vt 0.109375 1
vt 0.09375 1
vt 0.09375 0.96875
vt 0.125 0.96875
vt 0.125 1
vt 0.109375 1
vt 0.109375 0.96875
vt 0.109375 0.890625
vt 0.109375 1
vt 0.09375 1
vt 0.09375 0.890625
vt 0.125 0.890625
vt 0.125 1
vt 0.109375 1
vt 0.109375 0.890625
vt 0.125 0.890625
vt 0.125 1
vt 0.09375 1
vt 0.09375 0.890625
vt 0.125 0.890625
vt 0.125 1
vt 0.09375 1
vt 0.09375 0.890625
vt 0.109375 0.96875
vt 0.109375 1
vt 0.09375 1
vt 0.09375 0.96875
vt 0.125 0.96875
vt 0.125 1
vt 0.109375 1
vt 0.109375 0.96875
vt 0.109375 0.890625
vt 0.109375 1
vt 0.09375 1
vt 0.09375 0.890625
vt 0.125 0.890625
vt 0.125 1
vt 0.109375 1
vt 0.109375 0.890625
vt 0.01953125 0.96875
vt 0.01953125 0.984375
vt 0 0.984375
vt 0 0.96875
vt 0.03515625 0.96875
vt 0.03515625 0.984375
vt 0.015625 0.984375
vt 0.015625 0.96875
vt 0.078125 0.96484375
vt 0.078125 0.984375
vt 0 0.984375
vt 0 0.96484375
vt 0.078125 0.98046875
vt 0.078125 1
vt 0 1
vt 0 0.98046875
vt 0.078125 0.96875
vt 0.078125 0.984375
vt 0 0.984375
vt 0 0.96875
vt 0.078125 0.96875
vt 0.078125 0.984375
vt 0 0.984375
vt 0 0.96875
vt 0.03125 0.9921875
vt 0.03125 1
vt 0 1
vt 0 0.9921875
vt 0.03125 0.9921875
vt 0.03125 1
vt 0 1
vt 0 0.9921875
vt 0.09375 0.96875
vt 0.09375 1
vt 0 1
vt 0 0.96875
vt 0.09375 0.96875
vt 0.09375 1
vt 0 1
vt 0 0.96875
vt 0.09375 0.9921875
vt 0.09375 1
vt 0 1
vt 0 0.9921875
vt 0.09375 0.9921875
vt 0.09375 1
vt 0 1
vt 0 0.9921875
vt 0.03125 0.9921875
vt 0.03125 1
vt 0 1
vt 0 0.9921875
vt 0.03125 0.9921875
vt 0.03125 1
vt 0 1
vt 0 0.9921875
vt 0.09375 0.96875
vt 0.09375 1
vt 0 1
vt 0 0.96875
vt 0.09375 0.96875
vt 0.09375 1
vt 0 1
vt 0 0.96875
vt 0.09375 0.9921875
vt 0.09375 1
vt 0 1
vt 0 0.9921875
vt 0.09375 0.9921875
vt 0.09375 1
vt 0 1
vt 0 0.9921875
vt 0.03125 0.953125
vt 0.03125 0.9921875
vt 0 0.9921875
vt 0 0.953125
vt 0.03125 0.953125
vt 0.03125 0.9921875
vt 0 0.9921875
vt 0 0.953125
vt 0.0703125 0.96875
vt 0.0703125 1
vt 0.0234375 1
vt 0.0234375 0.96875
vt 0.0703125 0.96875
vt 0.0703125 1
vt 0.0234375 1
vt 0.0234375 0.96875
vt 0.0703125 0.953125
vt 0.0703125 0.9921875
vt 0.0234375 0.9921875
vt 0.0234375 0.953125
vt 0.0703125 0.953125
vt 0.0703125 0.9921875
vt 0.0234375 0.9921875
vt 0.0234375 0.953125
vt 0.02734375 0.9921875
vt 0.02734375 1
vt 0.00390625 1
vt 0.00390625 0.9921875
vt 0.02734375 0.9921875
vt 0.02734375 1
vt 0.00390625 1
vt 0.00390625 0.9921875
vt 0.0859375 0.97265625
vt 0.0859375 0.99609375
vt 0.0078125 0.99609375
vt 0.0078125 0.97265625
vt 0.0859375 0.97265625
vt 0.0859375 0.99609375
vt 0.0078125 0.99609375
vt 0.0078125 0.97265625
vt 0.0859375 0.9921875
vt 0.0859375 1
vt 0.0078125 1
vt 0.0078125 0.9921875
vt 0.0859375 0.9921875
vt 0.0859375 1
vt 0.0078125 1
vt 0.0078125 0.9921875
vt 0.15625 0.859375
vt 0.15625 0.90625
vt 0.125 0.90625
vt 0.125 0.859375
vt 0.15625 0.859375
vt 0.15625 0.90625
vt 0.125 0.90625
vt 0.125 0.859375
vt 0.15625 0.875
vt 0.15625 0.90625
vt 0.125 0.90625
vt 0.125 0.875
vt 0.15625 0.875
vt 0.15625 0.90625
vt 0.125 0.90625
vt 0.125 0.875
vt 0.15625 0.859375
vt 0.15625 0.90625
vt 0.125 0.90625
vt 0.125 0.859375
vt 0.15625 0.859375
vt 0.15625 0.90625
vt 0.125 0.90625
vt 0.125 0.859375
vt 0.15625 0.96875
vt 0.15625 1
vt 0.0546875 1
vt 0.0546875 0.96875
vt 0.1015625 0.96875
vt 0.1015625 1
vt 0 1
vt 0 0.96875
vt 0.028125 0.8984375
vt 0.028125 1
vt 0 1
vt 0 0.8984375
vt 0.028125 0.84375
vt 0.028125 0.9453125
vt 0 0.9453125
vt 0 0.84375
vt 0.028125 0.96875
vt 0.028125 1
vt 0 1
vt 0 0.96875
vt 0.03125 0.96875
vt 0.03125 1
vt 0.003125 1
vt 0.003125 0.96875
vt 0.15625 0.96875
vt 0.15625 1
vt 0.0625 1
vt 0.0625 0.96875
vt 0.09375 0.96875
vt 0.09375 1
vt 0 1
vt 0 0.96875
vt 0.03125 0.90625
vt 0.03125 1
vt 0 1
vt 0 0.90625
vt 0.03125 0.84375
vt 0.03125 0.9375
vt 0 0.9375
vt 0 0.84375
vt 0.03125 0.96875
vt 0.03125 1
vt 0 1
vt 0 0.96875
vt 0.03125 0.96875
vt 0.03125 1
vt 0 1
vt 0 0.96875
vt 0.0625 0.90625
vt 0.0625 0.984375
vt 0.046875 0.984375
vt 0.046875 0.90625
vt 0.109375 0.90625
vt 0.109375 0.984375
vt 0.09375 0.984375
vt 0.09375 0.90625
vt 0.09375 0.890625
vt 0.09375 0.90625
vt 0.03125 0.90625
vt 0.03125 0.890625
vt 0.09375 0.9375
vt 0.09375 0.953125
vt 0.03125 0.953125
vt 0.03125 0.9375
vt 0.09375 0.90625
vt 0.09375 0.984375
vt 0.03125 0.984375
vt 0.03125 0.90625
vt 0.09375 0.90625
vt 0.09375 0.984375
vt 0.03125 0.984375
vt 0.03125 0.90625
vt 0.5234375 0.359375
vt 0.5234375 0.421875
vt 0.515625 0.421875
vt 0.515625 0.359375
vt 0.53125 0.359375
vt 0.53125 0.421875
vt 0.5234375 0.421875
vt 0.5234375 0.359375
vt 0.6328125 0.359375
vt 0.6328125 0.3671875
vt 0.5234375 0.3671875
vt 0.5234375 0.359375
vt 0.6328125 0.3671875
vt 0.6328125 0.375
vt 0.5234375 0.375
vt 0.5234375 0.3671875
vt 0.96875 0.34375
vt 0.96875 0.46875
vt 0.75 0.46875
vt 0.75 0.34375
vt 0.703125 0.359375
vt 0.703125 0.484375
vt 0.546875 0.484375
vt 0.546875 0.359375
vn 0.7071067811865476 -0.7071067811865476 1.5700924586837752e-16
vn -0.7071067811865476 0.7071067811865476 -1.5700924586837752e-16
vn 0 -2.220446049250313e-16 -1
vn 0 2.220446049250313e-16 1
vn 1 0 0
vn -1 0 0
vn 0 -2.220446049250313e-16 -1
vn 0 2.220446049250313e-16 1
vn 0.7071067811865476 0.7071067811865476 -1.5700924586837752e-16
vn -0.7071067811865476 -0.7071067811865476 1.5700924586837752e-16
vn 0 -2.220446049250313e-16 -1
vn 0 2.220446049250313e-16 1
vn 0 1 -2.220446049250313e-16
vn 0 -1 2.220446049250313e-16
vn 0 -2.220446049250313e-16 -1
vn 0 2.220446049250313e-16 1
vn -0.7071067811865476 0.7071067811865476 -1.5700924586837752e-16
vn 0.7071067811865476 -0.7071067811865476 1.5700924586837752e-16
vn 0 -2.220446049250313e-16 -1
vn 0 2.220446049250313e-16 1
vn -1 0 0
vn 1 0 0
vn 0 -2.220446049250313e-16 -1
vn 0 2.220446049250313e-16 1
vn -0.7071067811865476 -0.7071067811865476 1.5700924586837752e-16
vn 0.7071067811865476 0.7071067811865476 -1.5700924586837752e-16
vn 0 -2.220446049250313e-16 -1
vn 0 2.220446049250313e-16 1
vn 0 -1 2.220446049250313e-16
vn 0 1 -2.220446049250313e-16
vn 0 -2.220446049250313e-16 -1
vn 0 2.220446049250313e-16 1
vn 0.7071067811865479 -0.7071067811865472 1.5700924586837744e-16
vn -0.7071067811865464 0.7071067811865488 -1.570092458683778e-16
vn 0 -2.220446049250313e-16 -1
vn 0 2.220446049250313e-16 1
vn 1 0 0
vn -1 0 0
vn 0 -2.220446049250313e-16 -1
vn 0 2.220446049250313e-16 1
vn 0.7071067811865479 0.7071067811865472 -1.5700924586837744e-16
vn -0.7071067811865479 -0.7071067811865472 1.5700924586837744e-16
vn 0 -2.220446049250313e-16 -1
vn 0 2.220446049250313e-16 1
vn 0 1 -2.220446049250313e-16
vn 0 -1 2.220446049250313e-16
vn 0 -2.220446049250313e-16 -1
vn 0 2.220446049250313e-16 1
vn -0.7071067811865479 0.7071067811865472 -1.5700924586837744e-16
vn 0.7071067811865479 -0.7071067811865472 1.5700924586837744e-16
vn 0 -2.220446049250313e-16 -1
vn 0 2.220446049250313e-16 1
vn -1 0 0
vn 1 0 0
vn 0 -2.220446049250313e-16 -1
vn 0 2.220446049250313e-16 1
vn -0.7071067811865479 -0.7071067811865472 1.5700924586837744e-16
vn 0.7071067811865464 0.7071067811865488 -5.1554669323846286e-15
vn 0 -2.220446049250313e-16 -1
vn 0 2.220446049250313e-16 1
vn 0 -1 2.220446049250313e-16
vn 0 1 -7.327471962526033e-15
vn 0 -2.220446049250313e-16 -1
vn 0 2.220446049250313e-16 1
vn 0 -2.220446049250313e-16 -1
vn 0.7071067811865479 -0.7071067811865472 1.5700924586837744e-16
vn 0 2.220446049250313e-16 1
vn -6.344131569286608e-17 -3.752062786906938e-16 -1
vn 1 0 0
vn 0 2.220446049250313e-16 1
vn -1.5316055794709836e-16 -1.5860375141696662e-16 -1
vn 0.7071067811865479 0.7071067811865472 -1.5700924586837744e-16
vn 0 2.220446049250313e-16 1
vn 0 -2.220446049250313e-16 -1
vn 0 1 -2.220446049250313e-16
vn 0 2.220446049250313e-16 1
vn 1.5316055794709834e-16 -1.5860375141696662e-16 -1
vn -0.7071067811865479 0.7071067811865472 -1.5700924586837744e-16
vn 0 2.220446049250313e-16 1
vn 6.344131569286608e-17 -3.752062786906938e-16 -1
vn -1 0 0
vn 0 2.220446049250313e-16 1
vn 0 -2.220446049250313e-16 -1
vn -0.7071067811865479 -0.7071067811865472 1.5700924586837744e-16
vn 0 2.220446049250313e-16 1
vn 0 -2.220446049250313e-16 -1
vn 0 -1 2.220446049250313e-16
vn 0 2.220446049250313e-16 1
vn 0 -2.220446049250313e-16 -1
vn 0.7071067811865479 -0.7071067811865472 1.5700924586837744e-16
vn 1.2688170701612923e-16 5.28365720819228e-16 1
vn -6.344131569286608e-17 -3.752062786906938e-16 -1
vn 1 0 0
vn -1.2688263138573217e-16 -8.427874260629367e-17 1
vn -8.971970443903375e-17 -3.11764309364065e-16 -1
vn 0.7071067811865479 0.7071067811865472 -1.5700924586837744e-16
vn -3.063211158941967e-16 3.489263119411607e-16 1
vn 0 -3.489272363107635e-16 -1
vn 0 1 -2.220446049250313e-16
vn 0 2.220446049250313e-16 1
vn 8.971970443903374e-17 -3.11764309364065e-16 -1
vn -0.7071067811865478 0.7071067811865472 -1.5700924586837744e-16
vn 3.0632111589419673e-16 3.489263119411607e-16 1
vn 6.344131569286608e-17 -3.752062786906938e-16 -1
vn -1 0 0
vn 1.2688263138573217e-16 -8.427874260629367e-17 1
vn 0 -2.220446049250313e-16 -1
vn -0.7071067811865479 -0.7071067811865472 1.5700924586837744e-16
vn -1.268817070161292e-16 5.28365720819228e-16 1
vn 0 -2.220446049250313e-16 -1
vn 0 -1 2.220446049250313e-16
vn 0 4.758098676964956e-16 1
vn 0 1 -2.220446049250313e-16
vn 0 -1 2.220446049250313e-16
vn -1 3.9474596431116675e-16 -8.765121169122353e-32
vn 1 -3.9474596431116675e-16 8.765121169122353e-32
vn 0 2.4671622769447934e-17 1
vn 0 -2.4671622769447934e-17 -1
vn 0.9807852804032304 -0.1950903220161282 4.331875347676832e-17
vn -0.9807852804032304 0.1950903220161282 -4.331875347676832e-17
vn 0.19509032201612803 0.9807852804032307 -2.177780801034214e-16
vn -0.19509032201612803 -0.9807852804032307 2.177780801034214e-16
vn -4.331875347676828e-17 4.266524821609931e-18 1
vn -6.557028657494242e-17 1.739285191677423e-17 -1
vn 0.9238795325112871 -0.3826834323650892 8.497279155086118e-17
vn -0.9238795325112868 0.38268343236508995 -8.497279155086134e-17
vn 0.38268343236508806 0.9238795325112875 -2.0514246579479145e-16
vn -0.38268343236508956 -0.9238795325112868 2.051424657947913e-16
vn 1.201696742439306e-16 -6.807065242062114e-17 1
vn -1.2016967424393041e-16 6.807065242062168e-17 -1
vn 0.8314696123025451 -0.5555702330196024 1.233613728989452e-16
vn -0.8314696123025452 0.5555702330196024 -1.233613728989452e-16
vn 0.5555702330196016 0.8314696123025459 -1.8462334157088776e-16
vn -0.5555702330196016 -0.8314696123025459 1.8462334157088776e-16
vn 1.8462334157088768e-16 9.868323202608606e-17 1
vn 6.168068644947253e-17 -1.2973293413958742e-16 -1
vn 0.7071067811865467 -0.7071067811865485 1.5700924586837771e-16
vn -0.7071067811865487 0.7071067811865465 -1.5700924586837727e-16
vn 0.7071067811865485 0.7071067811865466 -1.570092458683773e-16
vn -0.7071067811865469 -0.7071067811865482 1.5700924586837766e-16
vn -7.888609052210109e-31 -9.197388681172353e-17 1
vn 0 9.197388681172274e-17 -1
vn 0.5555702330196016 -0.8314696123025459 1.8462334157088776e-16
vn -0.5555702330196038 0.8314696123025443 -1.846233415708874e-16
vn 0.8314696123025463 0.5555702330196007 -1.2336137289894483e-16
vn -0.8314696123025449 -0.5555702330196026 1.2336137289894525e-16
vn 1.2336137289894468e-16 3.7421263354144094e-17 1
vn 3.063098433597115e-17 -6.805224769011558e-17 -1
vn 0.3826834323650914 -0.9238795325112863 2.0514246579479118e-16
vn -0.38268343236508845 0.9238795325112875 -2.0514246579479145e-16
vn 0.9238795325112866 0.3826834323650903 -8.497279155086141e-17
vn -0.9238795325112874 -0.3826834323650887 8.497279155086107e-17
vn 8.497279155086167e-17 1.690213913024005e-17 1
vn -8.497279155086103e-17 -1.690213913023978e-17 -1
vn 0.1950903220161281 -0.9807852804032307 2.177780801034214e-16
vn -0.19509032201612803 0.9807852804032307 -2.177780801034214e-16
vn 0.9807852804032304 0.19509032201612878 -4.331875347676845e-17
vn -0.9807852804032304 -0.19509032201612925 4.3318753476768556e-17
vn 4.331875347676837e-17 4.2665248216095615e-18 1
vn -4.3318753476768347e-17 -4.2665248216095615e-18 -1
vn 0.9807852804032304 0.19509032201612816 -4.3318753476768316e-17
vn -0.9807852804032304 -0.19509032201612822 4.331875347676833e-17
vn -0.19509032201612803 0.9807852804032307 -2.177780801034214e-16
vn 0.19509032201612803 -0.9807852804032307 2.177780801034214e-16
vn 4.3318753476768285e-17 4.266524821609907e-18 1
vn 6.557028657494242e-17 1.739285191677423e-17 -1
vn 0.9238795325112868 0.38268343236508995 -8.497279155086134e-17
vn -0.923879532511287 -0.3826834323650892 8.497279155086118e-17
vn -0.38268343236508806 0.9238795325112875 -2.0514246579479145e-16
vn 0.38268343236508956 -0.9238795325112868 2.051424657947913e-16
vn -1.2016967424393041e-16 -6.807065242062168e-17 1
vn 1.6265607001936102e-16 -3.4500580476774453e-17 -1
vn 0.8314696123025453 0.5555702330196024 -1.233613728989452e-16
vn -0.8314696123025451 -0.5555702330196024 1.233613728989452e-16
vn -0.5555702330196016 0.8314696123025459 -1.8462334157088776e-16
vn 0.5555702330196016 -0.8314696123025459 1.8462334157088776e-16
vn -6.126196867194263e-17 -8.594010954480172e-17 1
vn -1.2336137289894505e-16 -3.742126335414353e-17 -1
vn 0.7071067811865487 0.7071067811865465 -1.5700924586837727e-16
vn -0.7071067811865467 -0.7071067811865483 1.570092458683777e-16
vn -0.7071067811865485 0.7071067811865466 -1.570092458683773e-16
vn 0.7071067811865469 -0.7071067811865482 1.5700924586837766e-16
vn 0 -9.197388681172274e-17 1
vn 7.850462293418812e-17 1.3469263877534831e-17 -1
vn 0.5555702330196037 0.8314696123025442 -1.8462334157088739e-16
vn -0.5555702330196016 -0.8314696123025459 1.8462334157088776e-16
vn -0.8314696123025462 0.5555702330196006 -1.233613728989448e-16
vn 0.8314696123025449 -0.5555702330196026 1.2336137289894525e-16
vn -1.2336137289894517e-16 3.742126335414444e-17 1
vn -1.2294265512141558e-16 -6.371561240642811e-18 -1
vn 0.38268343236508845 0.9238795325112875 -2.0514246579479145e-16
vn -0.3826834323650914 -0.9238795325112863 2.0514246579479118e-16
vn -0.9238795325112866 0.3826834323650903 -8.497279155086141e-17
vn 0.9238795325112874 -0.3826834323650887 8.497279155086107e-17
vn -8.497279155086103e-17 1.690213913023978e-17 1
vn 8.497279155086167e-17 -1.690213913024005e-17 -1
vn 0.19509032201612803 0.9807852804032307 -2.177780801034214e-16
vn -0.1950903220161281 -0.9807852804032307 2.177780801034214e-16
vn -0.9807852804032304 0.19509032201612878 -4.331875347676845e-17
vn 0.9807852804032304 -0.19509032201612925 4.3318753476768556e-17
vn -4.3318753476768347e-17 4.2665248216095615e-18 1
vn 4.331875347676837e-17 -4.2665248216095615e-18 -1
vn 0 -1 2.220446049250313e-16
vn 0 1 -2.220446049250313e-16
vn 1 3.9474596431116675e-16 -8.765121169122353e-32
vn -1 -1.9737298215558337e-16 4.3825605845611765e-32
vn 0 2.467162276944791e-17 1
vn 0 -2.4671622769447934e-17 -1
vn 1 0 0
vn -1 0 0
vn 0 1 -2.220446049250313e-16
vn 0 -1 2.220446049250313e-16
vn 0 0 1
vn 0 0 -1
vn 1 0 0
vn -1 0 0
vn 0 1 -2.220446049250313e-16
vn 0 -1 2.220446049250313e-16
vn 0 0 1
vn 0 0 -1
vn 1 0 0
vn -1 0 0
vn 0 1 -2.220446049250313e-16
vn 0 -1 2.220446049250313e-16
vn 0 0 1
vn 0 0 -1
vn 1 0 0
vn -1 0 0
vn 0 1 -2.220446049250313e-16
vn 0 -1 2.220446049250313e-16
vn 0 0 1
vn 0 0 -1
vn 1 0 0
vn -1 0 0
vn 0 1 -2.220446049250313e-16
vn 0 -1 2.220446049250313e-16
vn 0 0 1
vn 0 0 -1
vn 1 0 0
vn -1 0 0
vn 0 1 -2.220446049250313e-16
vn 0 -1 2.220446049250313e-16
vn 0 2.220446049250313e-16 1
vn 0 -2.220446049250313e-16 -1
vn 0.9238795325112877 -0.3826834323650874 8.497279155086077e-17
vn -0.9238795325112868 0.38268343236508995 -8.497279155086134e-17
vn 0.38268343236508917 0.923879532511287 -2.0514246579479133e-16
vn -0.3826834323650932 -0.9238795325112853 2.0514246579479096e-16
vn -1.6994558310172134e-16 -1.8824032666454899e-16 1
vn 0 -2.220446049250313e-16 -1
vn 0.7071067811865467 -0.7071067811865485 1.5700924586837771e-16
vn -0.7071067811865469 0.7071067811865482 -1.5700924586837766e-16
vn 0.7071067811865472 0.7071067811865478 -1.5700924586837757e-16
vn -0.7071067811865476 -0.7071067811865476 1.5700924586837752e-16
vn 4.1107277357868163e-16 -1.8902816865365136e-16 1
vn 0 -2.220446049250313e-16 -1
vn 0.3826834323650852 -0.9238795325112887 2.0514246579479173e-16
vn -0.38268343236509106 0.9238795325112863 -2.0514246579479118e-16
vn 0.9238795325112872 0.38268343236508917 -8.497279155086116e-17
vn -0.9238795325112863 -0.382683432365091 8.497279155086157e-17
vn 0 2.220446049250313e-16 1
vn -2.2659411080229723e-16 3.250019705277443e-16 -1
vn 0 1 -2.220446049250313e-16
vn 0 -1 2.220446049250313e-16
vn -1 2.220446049250313e-16 -4.930380657631324e-32
vn 1 0 0
vn 0 0 1
vn 0 0 -1
vn 0 1 -2.220446049250313e-16
vn 0 -1 2.220446049250313e-16
vn -1 4.440892098500626e-16 -9.860761315262648e-32
vn 1 0 0
vn 0 -2.220446049250313e-16 1
vn 0 2.220446049250313e-16 -1
vn 0.9238795325112868 0.38268343236508995 -8.497279155086134e-17
vn -0.9238795325112877 -0.3826834323650874 8.497279155086077e-17
vn -0.38268343236508917 0.923879532511287 -2.0514246579479133e-16
vn 0.3826834323650932 -0.9238795325112853 2.0514246579479096e-16
vn 0 2.220446049250313e-16 1
vn 0 -2.220446049250313e-16 -1
vn 0 -1 2.220446049250313e-16
vn 0 1 -2.220446049250313e-16
vn 1 4.440892098500626e-16 -9.860761315262648e-32
vn -1 0 0
vn 0 -2.220446049250313e-16 1
vn 0 2.220446049250313e-16 -1
vn 0 -1 2.220446049250313e-16
vn 0 1 -2.220446049250313e-16
vn 1 2.220446049250313e-16 -4.930380657631324e-32
vn -1 0 0
vn 0 0 1
vn 0 0 -1
vn 0.38268343236509106 0.9238795325112863 -2.0514246579479118e-16
vn -0.3826834323650852 -0.9238795325112887 2.0514246579479173e-16
vn -0.9238795325112872 0.38268343236508917 -8.497279155086116e-17
vn 0.9238795325112863 -0.382683432365091 8.497279155086157e-17
vn 0 2.220446049250313e-16 1
vn 2.2659411080229373e-16 3.2500197052774567e-16 -1
vn 0.7071067811865469 0.7071067811865482 -1.5700924586837766e-16
vn -0.7071067811865467 -0.7071067811865485 1.5700924586837771e-16
vn -0.7071067811865472 0.7071067811865478 -1.5700924586837757e-16
vn 0.7071067811865476 -0.7071067811865476 1.5700924586837752e-16
vn -9.705428184192649e-17 -5.030466603904065e-16 1
vn 0 -2.220446049250313e-16 -1
vn 0 -1 2.220446049250313e-16
vn 0 1 -2.220446049250313e-16
vn 1 2.5376526277146434e-16 -5.634720751578655e-32
vn -1 -2.5376526277146434e-16 5.634720751578655e-32
vn 0 3.1720657846433055e-17 1
vn 0 3.172065784643303e-17 -1
vn 0.9807852804032307 0.19509032201612808 -4.33187534767683e-17
vn -0.9807852804032307 -0.1950903220161281 4.3318753476768303e-17
vn -0.19509032201612803 0.9807852804032307 -2.177780801034214e-16
vn 0.19509032201612803 -0.9807852804032307 2.177780801034214e-16
vn 4.33187534767682e-17 4.26652482161035e-18 1
vn -4.3318753476768205e-17 -4.266524821610301e-18 -1
vn 0.9238795325112868 0.38268343236508995 -8.497279155086134e-17
vn -0.9238795325112866 -0.38268343236509034 8.497279155086142e-17
vn -0.38268343236508806 0.9238795325112875 -2.0514246579479145e-16
vn 0.38268343236508834 -0.9238795325112875 2.0514246579479145e-16
vn -1.2016967424393041e-16 -6.807065242062168e-17 1
vn -8.497279155086097e-17 -1.6902139130239755e-17 -1
vn 0.8314696123025451 0.5555702330196024 -1.233613728989452e-16
vn -0.8314696123025452 -0.5555702330196024 1.233613728989452e-16
vn -0.5555702330196016 0.8314696123025459 -1.8462334157088776e-16
vn 0.5555702330196016 -0.8314696123025459 1.8462334157088776e-16
vn 0 2.220446049250313e-16 1
vn 6.126196867194263e-17 8.594010954480172e-17 -1
vn 0.7071067811865467 0.7071067811865485 -1.5700924586837771e-16
vn -0.7071067811865487 -0.7071067811865465 1.5700924586837727e-16
vn -0.7071067811865469 0.7071067811865482 -1.5700924586837766e-16
vn 0.7071067811865485 -0.7071067811865466 1.570092458683773e-16
vn 0 -9.197388681172432e-17 1
vn 3.9443045261050573e-31 -6.503535905665389e-17 -1
vn 0.5555702330196016 0.8314696123025459 -1.8462334157088776e-16
vn -0.5555702330196038 -0.8314696123025443 1.846233415708874e-16
vn -0.8314696123025449 0.5555702330196026 -1.2336137289894525e-16
vn 0.8314696123025462 -0.5555702330196006 1.233613728989448e-16
vn -1.23361372898945e-16 3.74212633541436e-17 1
vn 3.104970211350192e-17 2.4259423095328603e-17 -1
vn 0.38268343236509134 0.9238795325112863 -2.0514246579479118e-16
vn -0.38268343236508845 -0.9238795325112875 2.0514246579479145e-16
vn -0.9238795325112874 0.3826834323650887 -8.497279155086107e-17
vn 0.9238795325112866 -0.3826834323650903 8.497279155086141e-17
vn -8.49727915508614e-17 1.6902139130240716e-17 1
vn -1.6265607001936132e-16 -3.4500580476774675e-17 -1
vn 0.19509032201612808 0.9807852804032307 -2.177780801034214e-16
vn -0.19509032201612803 -0.9807852804032307 2.177780801034214e-16
vn -0.9807852804032304 0.19509032201612922 -4.331875347676855e-17
vn 0.9807852804032304 -0.19509032201612878 4.331875347676845e-17
vn -4.3318753476768365e-17 4.266524821609586e-18 1
vn -6.55702865749423e-17 1.7392851916774673e-17 -1
vn 0.9807852804032307 -0.1950903220161279 4.3318753476768254e-17
vn -0.9807852804032307 0.1950903220161281 -4.3318753476768303e-17
vn 0.19509032201612808 0.9807852804032307 -2.177780801034214e-16
vn -0.19509032201612803 -0.9807852804032307 2.177780801034214e-16
vn -4.331875347676822e-17 4.266524821610301e-18 1
vn 4.3318753476768205e-17 -4.26652482161035e-18 -1
vn 0.9238795325112866 -0.3826834323650903 8.497279155086141e-17
vn -0.9238795325112868 0.38268343236508995 -8.497279155086134e-17
vn 0.38268343236508806 0.9238795325112875 -2.0514246579479145e-16
vn -0.3826834323650882 -0.9238795325112875 2.0514246579479145e-16
vn 1.201696742439304e-16 -6.807065242062173e-17 1
vn 8.497279155086098e-17 -1.6902139130239706e-17 -1
vn 0.8314696123025452 -0.5555702330196024 1.233613728989452e-16
vn -0.8314696123025451 0.5555702330196024 -1.233613728989452e-16
vn 0.5555702330196016 0.8314696123025459 -1.8462334157088776e-16
vn -0.5555702330196016 -0.8314696123025459 1.8462334157088776e-16
vn -1.2336137289894505e-16 3.742126335414353e-17 1
vn -6.126196867194263e-17 8.594010954480172e-17 -1
vn 0.7071067811865487 -0.7071067811865465 1.5700924586837727e-16
vn -0.7071067811865467 0.7071067811865483 -1.570092458683777e-16
vn 0.7071067811865469 0.7071067811865482 -1.5700924586837766e-16
vn -0.7071067811865485 -0.7071067811865467 1.5700924586837732e-16
vn 7.8886090522101146e-31 -9.197388681172353e-17 1
vn 0 -6.50353590566535e-17 -1
vn 0.5555702330196037 -0.8314696123025442 1.8462334157088739e-16
vn -0.5555702330196016 0.8314696123025459 -1.8462334157088776e-16
vn 0.8314696123025449 0.5555702330196026 -1.2336137289894525e-16
vn -0.8314696123025462 -0.5555702330196006 1.233613728989448e-16
vn 1.2336137289894552e-16 3.74212633541439e-17 1
vn -3.10497021135012e-17 2.4259423095329047e-17 -1
vn 0.38268343236508845 -0.9238795325112875 2.0514246579479145e-16
vn -0.3826834323650914 0.9238795325112863 -2.0514246579479118e-16
vn 0.9238795325112874 0.3826834323650887 -8.497279155086107e-17
vn -0.9238795325112866 -0.3826834323650903 8.497279155086141e-17
vn 8.497279155086077e-17 1.6902139130240396e-17 1
vn 6.008483712196495e-17 -7.69869762522055e-17 -1
vn 0.195090322016128 -0.9807852804032307 2.177780801034214e-16
vn -0.1950903220161281 0.9807852804032307 -2.177780801034214e-16
vn 0.9807852804032304 0.19509032201612922 -4.331875347676855e-17
vn -0.9807852804032304 -0.19509032201612878 4.331875347676845e-17
vn 4.331875347676834e-17 4.266524821609611e-18 1
vn 6.557028657494234e-17 1.7392851916774673e-17 -1
vn 0 1 -2.220446049250313e-16
vn 0 -1 2.220446049250313e-16
vn -1 2.5376526277146434e-16 -5.634720751578655e-32
vn 1 -2.5376526277146434e-16 5.634720751578655e-32
vn 0 3.1720657846433055e-17 1
vn 0 3.172065784643303e-17 -1
vn 1 0 0
vn -1 0 0
vn 0 1 -2.220446049250313e-16
vn 0 -1 2.220446049250313e-16
vn 0 0 1
vn 0 0 -1
vn 1 0 0
vn -1 0 0
vn 0 1 -2.220446049250313e-16
vn 0 -1 2.220446049250313e-16
vn 0 0 1
vn 0 0 -1
vn 1 0 0
vn -1 0 0
vn 0 1 -2.220446049250313e-16
vn 0 -1 2.220446049250313e-16
vn 0 -2.220446049250313e-16 1
vn 0 -2.220446049250313e-16 -1
vn 0.9238795325112877 -0.3826834323650874 8.497279155086077e-17
vn -0.9238795325112868 0.38268343236508995 -8.497279155086134e-17
vn 0.38268343236508917 0.923879532511287 -2.0514246579479133e-16
vn -0.3826834323650932 -0.9238795325112853 2.0514246579479096e-16
vn -1.6994558310172134e-16 -1.8824032666454899e-16 1
vn -2.0715540924933205e-16 8.251193690564316e-16 -1
vn 0.7071067811865467 -0.7071067811865485 1.5700924586837771e-16
vn -0.7071067811865469 0.7071067811865482 -1.5700924586837766e-16
vn 0.7071067811865472 0.7071067811865478 -1.5700924586837757e-16
vn -0.7071067811865476 -0.7071067811865476 1.5700924586837752e-16
vn 4.1107277357868163e-16 -1.8902816865365136e-16 1
vn 0 -2.220446049250313e-16 -1
vn 0.3826834323650852 -0.9238795325112887 2.0514246579479173e-16
vn -0.38268343236509106 0.9238795325112863 -2.0514246579479118e-16
vn 0.9238795325112872 0.38268343236508917 -8.497279155086116e-17
vn -0.9238795325112863 -0.382683432365091 8.497279155086157e-17
vn 0 2.220446049250313e-16 1
vn 0 -2.220446049250313e-16 -1
vn 0 1 -2.220446049250313e-16
vn 0 -1 2.220446049250313e-16
vn -1 2.220446049250313e-16 -4.930380657631324e-32
vn 1 0 0
vn 0 0 1
vn 0 0 -1
vn 0 1 -2.220446049250313e-16
vn 0 -1 2.220446049250313e-16
vn -1 4.440892098500626e-16 -9.860761315262648e-32
vn 1 0 0
vn 0 -2.220446049250313e-16 1
vn 0 2.220446049250313e-16 -1
vn 0.9238795325112867 0.3826834323650899 -8.497279155086132e-17
vn -0.9238795325112877 -0.3826834323650874 8.497279155086077e-17
vn -0.38268343236508917 0.923879532511287 -2.0514246579479133e-16
vn 0.3826834323650932 -0.9238795325112853 2.0514246579479096e-16
vn 0 2.220446049250313e-16 1
vn 5.470465754527776e-16 4.5495058772641444e-18 -1
vn 0 -1 2.220446049250313e-16
vn 0 1 -2.220446049250313e-16
vn 1 4.440892098500626e-16 -9.860761315262648e-32
vn -1 0 0
vn 0 -2.220446049250313e-16 1
vn 0 2.220446049250313e-16 -1
vn 0 -1 2.220446049250313e-16
vn 0 1 -2.220446049250313e-16
vn 1 2.220446049250313e-16 -4.930380657631324e-32
vn -1 0 0
vn 0 0 1
vn 0 0 -1
vn 0.38268343236509106 0.9238795325112863 -2.0514246579479118e-16
vn -0.3826834323650852 -0.9238795325112887 2.0514246579479173e-16
vn -0.9238795325112872 0.38268343236508917 -8.497279155086116e-17
vn 0.9238795325112863 -0.382683432365091 8.497279155086157e-17
vn 0 2.220446049250313e-16 1
vn 0 -2.220446049250313e-16 -1
vn 0.7071067811865469 0.7071067811865482 -1.5700924586837766e-16
vn -0.7071067811865467 -0.7071067811865485 1.5700924586837771e-16
vn -0.7071067811865472 0.7071067811865478 -1.5700924586837757e-16
vn 0.7071067811865476 -0.7071067811865476 1.5700924586837752e-16
vn -9.705428184192649e-17 -5.030466603904065e-16 1
vn 0 -2.220446049250313e-16 -1
vn 1 0 0
vn -1 0 0
vn 0 1 -2.220446049250313e-16
vn 0 -1 2.220446049250313e-16
vn 0 0 1
vn 0 0 -1
vn 1 0 0
vn -1 0 0
vn 0 1 -2.220446049250313e-16
vn 0 -1 2.220446049250313e-16
vn 0 0 1
vn 0 0 -1
vn 1 0 0
vn -1 0 0
vn 0 1 -2.220446049250313e-16
vn 0 -1 2.220446049250313e-16
vn 0 0 1
vn 0 0 -1
vn 0.9238795325112868 0 -0.3826834323650897
vn -0.923879532511287 8.497279155086126e-17 0.3826834323650896
vn 0 1 -2.220446049250313e-16
vn 0 -1 2.220446049250313e-16
vn 0.3826834323650898 2.051424657947913e-16 0.9238795325112868
vn -0.3826834323650896 -2.051424657947913e-16 -0.9238795325112868
vn 0.923879532511287 8.497279155086126e-17 0.3826834323650896
vn -0.9238795325112868 -8.497279155086129e-17 -0.3826834323650897
vn 0 1 -2.220446049250313e-16
vn 0 -1 2.220446049250313e-16
vn -0.3826834323650898 2.051424657947913e-16 0.9238795325112868
vn 0.3826834323650896 0 -0.9238795325112868
vn 1 0 0
vn -1 0 0
vn 0 1 -2.220446049250313e-16
vn 0 -1 2.220446049250313e-16
vn 0 -3.172065784643303e-17 1
vn 0 0 -1
vn 1 0 0
vn -1 0 0
vn 0 1 -2.220446049250313e-16
vn 0 -1 2.220446049250313e-16
vn 0 -3.172065784643303e-17 1
vn 0 0 -1
vn 1 0 0
vn -1 0 0
vn 0 1 -2.220446049250313e-16
vn 0 -1 2.220446049250313e-16
vn 0 -2.220446049250313e-16 1
vn 0 0 -1
vn 0.9238795325112868 0 -0.38268343236508967
vn -0.923879532511287 -8.497279155086126e-17 0.3826834323650896
vn 0 1 -2.220446049250313e-16
vn 0 -1 2.220446049250313e-16
vn 0.3826834323650898 -2.051424657947913e-16 0.9238795325112868
vn -0.38268343236508967 2.051424657947913e-16 -0.9238795325112868
vn 0.923879532511287 -8.497279155086126e-17 0.3826834323650896
vn -0.9238795325112868 8.497279155086128e-17 -0.38268343236508967
vn 0 1 -2.220446049250313e-16
vn 0 -1 2.220446049250313e-16
vn -0.3826834323650898 -2.051424657947913e-16 0.9238795325112868
vn 0.38268343236508967 0 -0.9238795325112868
vn 1 0 0
vn -1 0 0
vn 0 1 -2.220446049250313e-16
vn 0 -1 2.220446049250313e-16
vn 0 3.1720657846433055e-17 1
vn 0 0 -1
vn 1 0 0
vn -1 0 0
vn 0 1 -2.220446049250313e-16
vn 0 -1 2.220446049250313e-16
vn 0 3.1720657846433055e-17 1
vn 0 0 -1
vn 1 0 0
vn -1 0 0
vn 0 1 -2.220446049250313e-16
vn 0 -1 2.220446049250313e-16
vn 0 -2.220446049250313e-16 1
vn 0 0 -1
vn 1 0 0
vn -1 0 0
vn 0 1 -2.220446049250313e-16
vn 0 -1 2.220446049250313e-16
vn 0 2.220446049250313e-16 1
vn 0 -2.220446049250313e-16 -1
vn 1 0 0
vn -1 0 0
vn 0 1 -2.220446049250313e-16
vn 0 -1 2.220446049250313e-16
vn 0 -6.661338147750939e-16 1
vn 0 2.220446049250313e-16 -1
vn 1 0 0
vn -1 0 0
vn 0 1 -2.220446049250313e-16
vn 0 -1 2.220446049250313e-16
vn 0 4.440892098500625e-17 1
vn 0 -4.440892098500625e-17 -1
vn 1 0 0
vn -1 0 0
vn 0 1 -2.220446049250313e-16
vn 0 -1 2.220446049250313e-16
vn 0 2.220446049250313e-16 1
vn 0 2.220446049250313e-16 -1
vn 1 0 0
vn -1 0 0
vn 0 1 -2.220446049250313e-16
vn 0 -1 2.220446049250313e-16
vn 0 -7.401486830834375e-17 1
vn 0 0 -1
vn 1 0 0
vn -1 0 0
vn 0 0.9659258262890684 0.25881904510252074
vn 0 -0.9659258262890682 -0.25881904510252096
vn 0 -0.25881904510252085 0.9659258262890684
vn 0 0.25881904510252085 -0.9659258262890683
vn 1 0 0
vn -1 0 0
vn 0 1 7.401486830834375e-17
vn 0 -1 -7.401486830834375e-17
vn 0 2.220446049250313e-16 1
vn 0 0 -1
vn 1 0 0
vn -1 0 0
vn 0 1 -2.220446049250313e-16
vn 0 -1 2.220446049250313e-16
vn 0 2.220446049250313e-16 1
vn 0 -4.440892098500625e-17 -1
vn 1 0 0
vn -1 0 0
vn 0 1 -2.220446049250313e-16
vn 0 -1 2.220446049250313e-16
vn 0 0 1
vn 0 0 -1
usemtl m_3d215661-f591-00a8-53e2-d8d611c756be
f 2/1/1 6/2/1 7/3/1 3/4/1
f 5/5/2 9/6/2 8/7/2 4/8/2
f 4/9/3 8/10/3 6/11/3 2/12/3
f 3/13/4 7/14/4 9/15/4 5/16/4
f 6/17/5 10/18/5 11/19/5 7/20/5
f 9/21/6 13/22/6 12/23/6 8/24/6
f 8/25/7 12/26/7 10/27/7 6/28/7
f 7/29/8 11/30/8 13/31/8 9/32/8
f 10/33/9 14/34/9 15/35/9 11/36/9
f 13/37/10 17/38/10 16/39/10 12/40/10
f 12/41/11 16/42/11 14/43/11 10/44/11
f 11/45/12 15/46/12 17/47/12 13/48/12
f 14/49/13 18/50/13 19/51/13 15/52/13
f 17/53/14 21/54/14 20/55/14 16/56/14
f 16/57/15 20/58/15 18/59/15 14/60/15
f 15/61/16 19/62/16 21/63/16 17/64/16
f 18/65/17 22/66/17 23/67/17 19/68/17
f 21/69/18 25/70/18 24/71/18 20/72/18
f 20/73/19 24/74/19 22/75/19 18/76/19
f 19/77/20 23/78/20 25/79/20 21/80/20
f 22/81/21 26/82/21 27/83/21 23/84/21
f 25/85/22 29/86/22 28/87/22 24/88/22
f 24/89/23 28/90/23 26/91/23 22/92/23
f 23/93/24 27/94/24 29/95/24 25/96/24
f 26/97/25 30/98/25 31/99/25 27/100/25
f 29/101/26 33/102/26 32/103/26 28/104/26
f 28/105/27 32/106/27 30/107/27 26/108/27
f 27/109/28 31/110/28 33/111/28 29/112/28
f 30/113/29 2/114/29 3/115/29 31/116/29
f 33/117/30 5/118/30 4/119/30 32/120/30
f 32/121/31 4/122/31 2/123/31 30/124/31
f 31/125/32 3/126/32 5/127/32 33/128/32
f 34/129/33 38/130/33 39/131/33 35/132/33
f 37/133/34 41/134/34 40/135/34 36/136/34
f 36/137/35 40/138/35 38/139/35 34/140/35
f 35/141/36 39/142/36 41/143/36 37/144/36
f 38/145/37 42/146/37 43/147/37 39/148/37
f 41/149/38 45/150/38 44/151/38 40/152/38
f 40/153/39 44/154/39 42/155/39 38/156/39
f 39/157/40 43/158/40 45/159/40 41/160/40
f 42/161/41 46/162/41 47/163/41 43/164/41
f 45/165/42 49/166/42 48/167/42 44/168/42
f 44/169/43 48/170/43 46/171/43 42/172/43
f 43/173/44 47/174/44 49/175/44 45/176/44
f 46/177/45 50/178/45 51/179/45 47/180/45
f 49/181/46 53/182/46 52/183/46 48/184/46
f 48/185/47 52/186/47 50/187/47 46/188/47
f 47/189/48 51/190/48 53/191/48 49/192/48
f 50/193/49 54/194/49 55/195/49 51/196/49
f 53/197/50 57/198/50 56/199/50 52/200/50
f 52/201/51 56/202/51 54/203/51 50/204/51
f 51/205/52 55/206/52 57/207/52 53/208/52
f 54/209/53 58/210/53 59/211/53 55/212/53
f 57/213/54 61/214/54 60/215/54 56/216/54
f 56/217/55 60/218/55 58/219/55 54/220/55
f 55/221/56 59/222/56 61/223/56 57/224/56
f 58/225/57 62/226/57 63/227/57 59/228/57
f 61/229/58 65/230/58 64/231/58 60/232/58
f 60/233/59 64/234/59 62/235/59 58/236/59
f 59/237/60 63/238/60 65/239/60 61/240/60
f 62/241/61 34/242/61 35/243/61 63/244/61
f 65/245/62 37/246/62 36/247/62 64/248/62
f 64/249/63 36/250/63 34/251/63 62/252/63
f 63/253/64 35/254/64 37/255/64 65/256/64
f 70/257/65 68/258/65 66/259/65
f 68/260/66 70/261/66 71/262/66 69/263/66
f 69/264/67 71/265/67 67/266/67
f 72/267/68 70/268/68 66/269/68
f 70/270/69 72/271/69 73/272/69 71/273/69
f 71/274/70 73/275/70 67/276/70
f 74/277/71 72/278/71 66/279/71
f 72/280/72 74/281/72 75/282/72 73/283/72
f 73/284/73 75/285/73 67/286/73
f 76/287/74 74/288/74 66/289/74
f 74/290/75 76/291/75 77/292/75 75/293/75
f 75/294/76 77/295/76 67/296/76
f 78/297/77 76/298/77 66/299/77
f 76/300/78 78/301/78 79/302/78 77/303/78
f 77/304/79 79/305/79 67/306/79
f 80/307/80 78/308/80 66/309/80
f 78/310/81 80/311/81 81/312/81 79/313/81
f 79/314/82 81/315/82 67/316/82
f 82/317/83 80/318/83 66/319/83
f 80/320/84 82/321/84 83/322/84 81/323/84
f 81/324/85 83/325/85 67/326/85
f 68/327/86 82/328/86 66/329/86
f 82/330/87 68/331/87 69/332/87 83/333/87
f 83/334/88 69/335/88 67/336/88
f 88/337/89 86/338/89 84/339/89
f 86/340/90 88/341/90 89/342/90 87/343/90
f 87/344/91 89/345/91 85/346/91
f 90/347/92 88/348/92 84/349/92
f 88/350/93 90/351/93 91/352/93 89/353/93
f 89/354/94 91/355/94 85/356/94
f 92/357/95 90/358/95 84/359/95
f 90/360/96 92/361/96 93/362/96 91/363/96
f 91/364/97 93/365/97 85/366/97
f 94/367/98 92/368/98 84/369/98
f 92/370/99 94/371/99 95/372/99 93/373/99
f 93/374/100 95/375/100 85/376/100
f 96/377/101 94/378/101 84/379/101
f 94/380/102 96/381/102 97/382/102 95/383/102
f 95/384/103 97/385/103 85/386/103
f 98/387/104 96/388/104 84/389/104
f 96/390/105 98/391/105 99/392/105 97/393/105
f 97/394/106 99/395/106 85/396/106
f 100/397/107 98/398/107 84/399/107
f 98/400/108 100/401/108 101/402/108 99/403/108
f 99/404/109 101/405/109 85/406/109
f 86/407/110 100/408/110 84/409/110
f 100/410/111 86/411/111 87/412/111 101/413/111
f 101/414/112 87/415/112 85/416/112
f 105/417/113 103/418/113 102/419/113 104/420/113
f 108/421/114 106/422/114 107/423/114 109/424/114
f 102/425/115 103/426/115 107/427/115 106/428/115
f 105/429/116 104/430/116 108/431/116 109/432/116
f 104/433/117 102/434/117 106/435/117 108/436/117
f 109/437/118 107/438/118 103/439/118 105/440/118
f 113/441/119 111/442/119 110/443/119 112/444/119
f 116/445/120 114/446/120 115/447/120 117/448/120
f 110/449/121 111/450/121 115/451/121 114/452/121
f 113/453/122 112/454/122 116/455/122 117/456/122
f 112/457/123 110/458/123 114/459/123 116/460/123
f 117/461/124 115/462/124 111/463/124 113/464/124
f 121/465/125 119/466/125 118/467/125 120/468/125
f 124/469/126 122/470/126 123/471/126 125/472/126
f 118/473/127 119/474/127 123/475/127 122/476/127
f 121/477/128 120/478/128 124/479/128 125/480/128
f 120/481/129 118/482/129 122/483/129 124/484/129
f 125/485/130 123/486/130 119/487/130 121/488/130
f 129/489/131 127/490/131 126/491/131 128/492/131
f 132/493/132 130/494/132 131/495/132 133/496/132
f 126/497/133 127/498/133 131/499/133 130/500/133
f 129/501/134 128/502/134 132/503/134 133/504/134
f 128/505/135 126/506/135 130/507/135 132/508/135
f 133/509/136 131/510/136 127/511/136 129/512/136
f 137/513/137 135/514/137 134/515/137 136/516/137
f 140/517/138 138/518/138 139/519/138 141/520/138
f 134/521/139 135/522/139 139/523/139 138/524/139
f 137/525/140 136/526/140 140/527/140 141/528/140
f 136/529/141 134/530/141 138/531/141 140/532/141
f 141/533/142 139/534/142 135/535/142 137/536/142
f 145/537/143 143/538/143 142/539/143 144/540/143
f 148/541/144 146/542/144 147/543/144 149/544/144
f 142/545/145 143/546/145 147/547/145 146/548/145
f 145/549/146 144/550/146 148/551/146 149/552/146
f 144/553/147 142/554/147 146/555/147 148/556/147
f 149/557/148 147/558/148 143/559/148 145/560/148
f 153/561/149 151/562/149 150/563/149 152/564/149
f 156/565/150 154/566/150 155/567/150 157/568/150
f 150/569/151 151/570/151 155/571/151 154/572/151
f 153/573/152 152/574/152 156/575/152 157/576/152
f 152/577/153 150/578/153 154/579/153 156/580/153
f 157/581/154 155/582/154 151/583/154 153/584/154
f 161/585/155 159/586/155 158/587/155 160/588/155
f 164/589/156 162/590/156 163/591/156 165/592/156
f 158/593/157 159/594/157 163/595/157 162/596/157
f 161/597/158 160/598/158 164/599/158 165/600/158
f 160/601/159 158/602/159 162/603/159 164/604/159
f 165/605/160 163/606/160 159/607/160 161/608/160
f 169/609/161 167/610/161 166/611/161 168/612/161
f 172/613/162 170/614/162 171/615/162 173/616/162
f 166/617/163 167/618/163 171/619/163 170/620/163
f 169/621/164 168/622/164 172/623/164 173/624/164
f 168/625/165 166/626/165 170/627/165 172/628/165
f 173/629/166 171/630/166 167/631/166 169/632/166
f 177/633/167 175/634/167 174/635/167 176/636/167
f 180/637/168 178/638/168 179/639/168 181/640/168
f 174/641/169 175/642/169 179/643/169 178/644/169
f 177/645/170 176/646/170 180/647/170 181/648/170
f 176/649/171 174/650/171 178/651/171 180/652/171
f 181/653/172 179/654/172 175/655/172 177/656/172
f 185/657/173 183/658/173 182/659/173 184/660/173
f 188/661/174 186/662/174 187/663/174 189/664/174
f 182/665/175 183/666/175 187/667/175 186/668/175
f 185/669/176 184/670/176 188/671/176 189/672/176
f 184/673/177 182/674/177 186/675/177 188/676/177
f 189/677/178 187/678/178 183/679/178 185/680/178
f 193/681/179 191/682/179 190/683/179 192/684/179
f 196/685/180 194/686/180 195/687/180 197/688/180
f 190/689/181 191/690/181 195/691/181 194/692/181
f 193/693/182 192/694/182 196/695/182 197/696/182
f 192/697/183 190/698/183 194/699/183 196/700/183
f 197/701/184 195/702/184 191/703/184 193/704/184
f 201/705/185 199/706/185 198/707/185 200/708/185
f 204/709/186 202/710/186 203/711/186 205/712/186
f 198/713/187 199/714/187 203/715/187 202/716/187
f 201/717/188 200/718/188 204/719/188 205/720/188
f 200/721/189 198/722/189 202/723/189 204/724/189
f 205/725/190 203/726/190 199/727/190 201/728/190
f 209/729/191 207/730/191 206/731/191 208/732/191
f 212/733/192 210/734/192 211/735/192 213/736/192
f 206/737/193 207/738/193 211/739/193 210/740/193
f 209/741/194 208/742/194 212/743/194 213/744/194
f 208/745/195 206/746/195 210/747/195 212/748/195
f 213/749/196 211/750/196 207/751/196 209/752/196
f 217/753/197 215/754/197 214/755/197 216/756/197
f 220/757/198 218/758/198 219/759/198 221/760/198
f 214/761/199 215/762/199 219/763/199 218/764/199
f 217/765/200 216/766/200 220/767/200 221/768/200
f 216/769/201 214/770/201 218/771/201 220/772/201
f 221/773/202 219/774/202 215/775/202 217/776/202
f 225/777/203 223/778/203 222/779/203 224/780/203
f 228/781/204 226/782/204 227/783/204 229/784/204
f 222/785/205 223/786/205 227/787/205 226/788/205
f 225/789/206 224/790/206 228/791/206 229/792/206
f 224/793/207 222/794/207 226/795/207 228/796/207
f 229/797/208 227/798/208 223/799/208 225/800/208
f 233/801/209 231/802/209 230/803/209 232/804/209
f 236/805/210 234/806/210 235/807/210 237/808/210
f 230/809/211 231/810/211 235/811/211 234/812/211
f 233/813/212 232/814/212 236/815/212 237/816/212
f 232/817/213 230/818/213 234/819/213 236/820/213
f 237/821/214 235/822/214 231/823/214 233/824/214
f 241/825/215 239/826/215 238/827/215 240/828/215
f 244/829/216 242/830/216 243/831/216 245/832/216
f 238/833/217 239/834/217 243/835/217 242/836/217
f 241/837/218 240/838/218 244/839/218 245/840/218
f 240/841/219 238/842/219 242/843/219 244/844/219
f 245/845/220 243/846/220 239/847/220 241/848/220
f 249/849/221 247/850/221 246/851/221 248/852/221
f 252/853/222 250/854/222 251/855/222 253/856/222
f 246/857/223 247/858/223 251/859/223 250/860/223
f 249/861/224 248/862/224 252/863/224 253/864/224
f 248/865/225 246/866/225 250/867/225 252/868/225
f 253/869/226 251/870/226 247/871/226 249/872/226
f 257/873/227 255/874/227 254/875/227 256/876/227
f 260/877/228 258/878/228 259/879/228 261/880/228
f 254/881/229 255/882/229 259/883/229 258/884/229
f 257/885/230 256/886/230 260/887/230 261/888/230
f 256/889/231 254/890/231 258/891/231 260/892/231
f 261/893/232 259/894/232 255/895/232 257/896/232
f 265/897/233 263/898/233 262/899/233 264/900/233
f 268/901/234 266/902/234 267/903/234 269/904/234
f 262/905/235 263/906/235 267/907/235 266/908/235
f 265/909/236 264/910/236 268/911/236 269/912/236
f 264/913/237 262/914/237 266/915/237 268/916/237
f 269/917/238 267/918/238 263/919/238 265/920/238
f 273/921/239 271/922/239 270/923/239 272/924/239
f 276/925/240 274/926/240 275/927/240 277/928/240
f 270/929/241 271/930/241 275/931/241 274/932/241
f 273/933/242 272/934/242 276/935/242 277/936/242
f 272/937/243 270/938/243 274/939/243 276/940/243
f 277/941/244 275/942/244 271/943/244 273/944/244
f 281/945/245 279/946/245 278/947/245 280/948/245
f 284/949/246 282/950/246 283/951/246 285/952/246
f 278/953/247 279/954/247 283/955/247 282/956/247
f 281/957/248 280/958/248 284/959/248 285/960/248
f 280/961/249 278/962/249 282/963/249 284/964/249
f 285/965/250 283/966/250 279/967/250 281/968/250
f 288/969/251 286/970/251 1/971/251 287/972/251
f 291/973/252 289/974/252 290/975/252 292/976/252
f 1/977/253 286/978/253 290/979/253 289/980/253
f 288/981/254 287/982/254 291/983/254 292/984/254
f 287/985/255 1/986/255 289/987/255 291/988/255
f 292/989/256 290/990/256 286/991/256 288/992/256
f 296/993/257 294/994/257 293/995/257 295/996/257
f 299/997/258 297/998/258 298/999/258 300/1000/258
f 293/1001/259 294/1002/259 298/1003/259 297/1004/259
f 296/1005/260 295/1006/260 299/1007/260 300/1008/260
f 295/1009/261 293/1010/261 297/1011/261 299/1012/261
f 300/1013/262 298/1014/262 294/1015/262 296/1016/262
f 304/1017/263 302/1018/263 301/1019/263 303/1020/263
f 307/1021/264 305/1022/264 306/1023/264 308/1024/264
f 301/1025/265 302/1026/265 306/1027/265 305/1028/265
f 304/1029/266 303/1030/266 307/1031/266 308/1032/266
f 303/1033/267 301/1034/267 305/1035/267 307/1036/267
f 308/1037/268 306/1038/268 302/1039/268 304/1040/268
f 312/1041/269 310/1042/269 309/1043/269 311/1044/269
f 315/1045/270 313/1046/270 314/1047/270 316/1048/270
f 309/1049/271 310/1050/271 314/1051/271 313/1052/271
f 312/1053/272 311/1054/272 315/1055/272 316/1056/272
f 311/1057/273 309/1058/273 313/1059/273 315/1060/273
f 316/1061/274 314/1062/274 310/1063/274 312/1064/274
f 320/1065/275 318/1066/275 317/1067/275 319/1068/275
f 323/1069/276 321/1070/276 322/1071/276 324/1072/276
f 317/1073/277 318/1074/277 322/1075/277 321/1076/277
f 320/1077/278 319/1078/278 323/1079/278 324/1080/278
f 319/1081/279 317/1082/279 321/1083/279 323/1084/279
f 324/1085/280 322/1086/280 318/1087/280 320/1088/280
f 328/1089/281 326/1090/281 325/1091/281 327/1092/281
f 331/1093/282 329/1094/282 330/1095/282 332/1096/282
f 325/1097/283 326/1098/283 330/1099/283 329/1100/283
f 328/1101/284 327/1102/284 331/1103/284 332/1104/284
f 327/1105/285 325/1106/285 329/1107/285 331/1108/285
f 332/1109/286 330/1110/286 326/1111/286 328/1112/286
f 336/1113/287 334/1114/287 333/1115/287 335/1116/287
f 339/1117/288 337/1118/288 338/1119/288 340/1120/288
f 333/1121/289 334/1122/289 338/1123/289 337/1124/289
f 336/1125/290 335/1126/290 339/1127/290 340/1128/290
f 335/1129/291 333/1130/291 337/1131/291 339/1132/291
f 340/1133/292 338/1134/292 334/1135/292 336/1136/292
f 344/1137/293 342/1138/293 341/1139/293 343/1140/293
f 347/1141/294 345/1142/294 346/1143/294 348/1144/294
f 341/1145/295 342/1146/295 346/1147/295 345/1148/295
f 344/1149/296 343/1150/296 347/1151/296 348/1152/296
f 343/1153/297 341/1154/297 345/1155/297 347/1156/297
f 348/1157/298 346/1158/298 342/1159/298 344/1160/298
f 352/1161/299 350/1162/299 349/1163/299 351/1164/299
f 355/1165/300 353/1166/300 354/1167/300 356/1168/300
f 349/1169/301 350/1170/301 354/1171/301 353/1172/301
f 352/1173/302 351/1174/302 355/1175/302 356/1176/302
f 351/1177/303 349/1178/303 353/1179/303 355/1180/303
f 356/1181/304 354/1182/304 350/1183/304 352/1184/304
f 360/1185/305 358/1186/305 357/1187/305 359/1188/305
f 363/1189/306 361/1190/306 362/1191/306 364/1192/306
f 357/1193/307 358/1194/307 362/1195/307 361/1196/307
f 360/1197/308 359/1198/308 363/1199/308 364/1200/308
f 359/1201/309 357/1202/309 361/1203/309 363/1204/309
f 364/1205/310 362/1206/310 358/1207/310 360/1208/310
f 368/1209/311 366/1210/311 365/1211/311 367/1212/311
f 371/1213/312 369/1214/312 370/1215/312 372/1216/312
f 365/1217/313 366/1218/313 370/1219/313 369/1220/313
f 368/1221/314 367/1222/314 371/1223/314 372/1224/314
f 367/1225/315 365/1226/315 369/1227/315 371/1228/315
f 372/1229/316 370/1230/316 366/1231/316 368/1232/316
f 376/1233/317 374/1234/317 373/1235/317 375/1236/317
f 379/1237/318 377/1238/318 378/1239/318 380/1240/318
f 373/1241/319 374/1242/319 378/1243/319 377/1244/319
f 376/1245/320 375/1246/320 379/1247/320 380/1248/320
f 375/1249/321 373/1250/321 377/1251/321 379/1252/321
f 380/1253/322 378/1254/322 374/1255/322 376/1256/322
f 384/1257/323 382/1258/323 381/1259/323 383/1260/323
f 387/1261/324 385/1262/324 386/1263/324 388/1264/324
f 381/1265/325 382/1266/325 386/1267/325 385/1268/325
f 384/1269/326 383/1270/326 387/1271/326 388/1272/326
f 383/1273/327 381/1274/327 385/1275/327 387/1276/327
f 388/1277/328 386/1278/328 382/1279/328 384/1280/328
f 392/1281/329 390/1282/329 389/1283/329 391/1284/329
f 395/1285/330 393/1286/330 394/1287/330 396/1288/330
f 389/1289/331 390/1290/331 394/1291/331 393/1292/331
f 392/1293/332 391/1294/332 395/1295/332 396/1296/332
f 391/1297/333 389/1298/333 393/1299/333 395/1300/333
f 396/1301/334 394/1302/334 390/1303/334 392/1304/334
f 400/1305/335 398/1306/335 397/1307/335 399/1308/335
f 403/1309/336 401/1310/336 402/1311/336 404/1312/336
f 397/1313/337 398/1314/337 402/1315/337 401/1316/337
f 400/1317/338 399/1318/338 403/1319/338 404/1320/338
f 399/1321/339 397/1322/339 401/1323/339 403/1324/339
f 404/1325/340 402/1326/340 398/1327/340 400/1328/340
f 408/1329/341 406/1330/341 405/1331/341 407/1332/341
f 411/1333/342 409/1334/342 410/1335/342 412/1336/342
f 405/1337/343 406/1338/343 410/1339/343 409/1340/343
f 408/1341/344 407/1342/344 411/1343/344 412/1344/344
f 407/1345/345 405/1346/345 409/1347/345 411/1348/345
f 412/1349/346 410/1350/346 406/1351/346 408/1352/346
f 416/1353/347 414/1354/347 413/1355/347 415/1356/347
f 419/1357/348 417/1358/348 418/1359/348 420/1360/348
f 413/1361/349 414/1362/349 418/1363/349 417/1364/349
f 416/1365/350 415/1366/350 419/1367/350 420/1368/350
f 415/1369/351 413/1370/351 417/1371/351 419/1372/351
f 420/1373/352 418/1374/352 414/1375/352 416/1376/352
f 424/1377/353 422/1378/353 421/1379/353 423/1380/353
f 427/1381/354 425/1382/354 426/1383/354 428/1384/354
f 421/1385/355 422/1386/355 426/1387/355 425/1388/355
f 424/1389/356 423/1390/356 427/1391/356 428/1392/356
f 423/1393/357 421/1394/357 425/1395/357 427/1396/357
f 428/1397/358 426/1398/358 422/1399/358 424/1400/358
f 432/1401/359 430/1402/359 429/1403/359 431/1404/359
f 435/1405/360 433/1406/360 434/1407/360 436/1408/360
f 429/1409/361 430/1410/361 434/1411/361 433/1412/361
f 432/1413/362 431/1414/362 435/1415/362 436/1416/362
f 431/1417/363 429/1418/363 433/1419/363 435/1420/363
f 436/1421/364 434/1422/364 430/1423/364 432/1424/364
f 440/1425/365 438/1426/365 437/1427/365 439/1428/365
f 443/1429/366 441/1430/366 442/1431/366 444/1432/366
f 437/1433/367 438/1434/367 442/1435/367 441/1436/367
f 440/1437/368 439/1438/368 443/1439/368 444/1440/368
f 439/1441/369 437/1442/369 441/1443/369 443/1444/369
f 444/1445/370 442/1446/370 438/1447/370 440/1448/370
f 448/1449/371 446/1450/371 445/1451/371 447/1452/371
f 451/1453/372 449/1454/372 450/1455/372 452/1456/372
f 445/1457/373 446/1458/373 450/1459/373 449/1460/373
f 448/1461/374 447/1462/374 451/1463/374 452/1464/374
f 447/1465/375 445/1466/375 449/1467/375 451/1468/375
f 452/1469/376 450/1470/376 446/1471/376 448/1472/376
f 456/1473/377 454/1474/377 453/1475/377 455/1476/377
f 459/1477/378 457/1478/378 458/1479/378 460/1480/378
f 453/1481/379 454/1482/379 458/1483/379 457/1484/379
f 456/1485/380 455/1486/380 459/1487/380 460/1488/380
f 455/1489/381 453/1490/381 457/1491/381 459/1492/381
f 460/1493/382 458/1494/382 454/1495/382 456/1496/382
f 464/1497/383 462/1498/383 461/1499/383 463/1500/383
f 467/1501/384 465/1502/384 466/1503/384 468/1504/384
f 461/1505/385 462/1506/385 466/1507/385 465/1508/385
f 464/1509/386 463/1510/386 467/1511/386 468/1512/386
f 463/1513/387 461/1514/387 465/1515/387 467/1516/387
f 468/1517/388 466/1518/388 462/1519/388 464/1520/388
f 472/1521/389 470/1522/389 469/1523/389 471/1524/389
f 475/1525/390 473/1526/390 474/1527/390 476/1528/390
f 469/1529/391 470/1530/391 474/1531/391 473/1532/391
f 472/1533/392 471/1534/392 475/1535/392 476/1536/392
f 471/1537/393 469/1538/393 473/1539/393 475/1540/393
f 476/1541/394 474/1542/394 470/1543/394 472/1544/394
f 480/1545/395 478/1546/395 477/1547/395 479/1548/395
f 483/1549/396 481/1550/396 482/1551/396 484/1552/396
f 477/1553/397 478/1554/397 482/1555/397 481/1556/397
f 480/1557/398 479/1558/398 483/1559/398 484/1560/398
f 479/1561/399 477/1562/399 481/1563/399 483/1564/399
f 484/1565/400 482/1566/400 478/1567/400 480/1568/400
f 488/1569/401 486/1570/401 485/1571/401 487/1572/401
f 491/1573/402 489/1574/402 490/1575/402 492/1576/402
f 485/1577/403 486/1578/403 490/1579/403 489/1580/403
f 488/1581/404 487/1582/404 491/1583/404 492/1584/404
f 487/1585/405 485/1586/405 489/1587/405 491/1588/405
f 492/1589/406 490/1590/406 486/1591/406 488/1592/406
f 496/1593/407 494/1594/407 493/1595/407 495/1596/407
f 499/1597/408 497/1598/408 498/1599/408 500/1600/408
f 493/1601/409 494/1602/409 498/1603/409 497/1604/409
f 496/1605/410 495/1606/410 499/1607/410 500/1608/410
f 495/1609/411 493/1610/411 497/1611/411 499/1612/411
f 500/1613/412 498/1614/412 494/1615/412 496/1616/412
f 504/1617/413 502/1618/413 501/1619/413 503/1620/413
f 507/1621/414 505/1622/414 506/1623/414 508/1624/414
f 501/1625/415 502/1626/415 506/1627/415 505/1628/415
f 504/1629/416 503/1630/416 507/1631/416 508/1632/416
f 503/1633/417 501/1634/417 505/1635/417 507/1636/417
f 508/1637/418 506/1638/418 502/1639/418 504/1640/418
f 512/1641/419 510/1642/419 509/1643/419 511/1644/419
f 515/1645/420 513/1646/420 514/1647/420 516/1648/420
f 509/1649/421 510/1650/421 514/1651/421 513/1652/421
f 512/1653/422 511/1654/422 515/1655/422 516/1656/422
f 511/1657/423 509/1658/423 513/1659/423 515/1660/423
f 516/1661/424 514/1662/424 510/1663/424 512/1664/424
f 520/1665/425 518/1666/425 517/1667/425 519/1668/425
f 523/1669/426 521/1670/426 522/1671/426 524/1672/426
f 517/1673/427 518/1674/427 522/1675/427 521/1676/427
f 520/1677/428 519/1678/428 523/1679/428 524/1680/428
f 519/1681/429 517/1682/429 521/1683/429 523/1684/429
f 524/1685/430 522/1686/430 518/1687/430 520/1688/430
f 528/1689/431 526/1690/431 525/1691/431 527/1692/431
f 531/1693/432 529/1694/432 530/1695/432 532/1696/432
f 525/1697/433 526/1698/433 530/1699/433 529/1700/433
f 528/1701/434 527/1702/434 531/1703/434 532/1704/434
f 527/1705/435 525/1706/435 529/1707/435 531/1708/435
f 532/1709/436 530/1710/436 526/1711/436 528/1712/436
f 536/1713/437 534/1714/437 533/1715/437 535/1716/437
f 539/1717/438 537/1718/438 538/1719/438 540/1720/438
f 533/1721/439 534/1722/439 538/1723/439 537/1724/439
f 536/1725/440 535/1726/440 539/1727/440 540/1728/440
f 535/1729/441 533/1730/441 537/1731/441 539/1732/441
f 540/1733/442 538/1734/442 534/1735/442 536/1736/442
f 544/1737/443 542/1738/443 541/1739/443 543/1740/443
f 547/1741/444 545/1742/444 546/1743/444 548/1744/444
f 541/1745/445 542/1746/445 546/1747/445 545/1748/445
f 544/1749/446 543/1750/446 547/1751/446 548/1752/446
f 543/1753/447 541/1754/447 545/1755/447 547/1756/447
f 548/1757/448 546/1758/448 542/1759/448 544/1760/448
f 552/1761/449 550/1762/449 549/1763/449 551/1764/449
f 555/1765/450 553/1766/450 554/1767/450 556/1768/450
f 549/1769/451 550/1770/451 554/1771/451 553/1772/451
f 552/1773/452 551/1774/452 555/1775/452 556/1776/452
f 551/1777/453 549/1778/453 553/1779/453 555/1780/453
f 556/1781/454 554/1782/454 550/1783/454 552/1784/454
f 560/1785/455 558/1786/455 557/1787/455 559/1788/455
f 563/1789/456 561/1790/456 562/1791/456 564/1792/456
f 557/1793/457 558/1794/457 562/1795/457 561/1796/457
f 560/1797/458 559/1798/458 563/1799/458 564/1800/458
f 559/1801/459 557/1802/459 561/1803/459 563/1804/459
f 564/1805/460 562/1806/460 558/1807/460 560/1808/460
f 568/1809/461 566/1810/461 565/1811/461 567/1812/461
f 571/1813/462 569/1814/462 570/1815/462 572/1816/462
f 565/1817/463 566/1818/463 570/1819/463 569/1820/463
f 568/1821/464 567/1822/464 571/1823/464 572/1824/464
f 567/1825/465 565/1826/465 569/1827/465 571/1828/465
f 572/1829/466 570/1830/466 566/1831/466 568/1832/466
f 576/1833/467 574/1834/467 573/1835/467 575/1836/467
f 579/1837/468 577/1838/468 578/1839/468 580/1840/468
f 573/1841/469 574/1842/469 578/1843/469 577/1844/469
f 576/1845/470 575/1846/470 579/1847/470 580/1848/470
f 575/1849/471 573/1850/471 577/1851/471 579/1852/471
f 580/1853/472 578/1854/472 574/1855/472 576/1856/472
f 584/1857/473 582/1858/473 581/1859/473 583/1860/473
f 587/1861/474 585/1862/474 586/1863/474 588/1864/474
f 581/1865/475 582/1866/475 586/1867/475 585/1868/475
f 584/1869/476 583/1870/476 587/1871/476 588/1872/476
f 583/1873/477 581/1874/477 585/1875/477 587/1876/477
f 588/1877/478 586/1878/478 582/1879/478 584/1880/478
f 592/1881/479 590/1882/479 589/1883/479 591/1884/479
f 595/1885/480 593/1886/480 594/1887/480 596/1888/480
f 589/1889/481 590/1890/481 594/1891/481 593/1892/481
f 592/1893/482 591/1894/482 595/1895/482 596/1896/482
f 591/1897/483 589/1898/483 593/1899/483 595/1900/483
f 596/1901/484 594/1902/484 590/1903/484 592/1904/484
f 600/1905/485 598/1906/485 597/1907/485 599/1908/485
f 603/1909/486 601/1910/486 602/1911/486 604/1912/486
f 597/1913/487 598/1914/487 602/1915/487 601/1916/487
f 600/1917/488 599/1918/488 603/1919/488 604/1920/488
f 599/1921/489 597/1922/489 601/1923/489 603/1924/489
f 604/1925/490 602/1926/490 598/1927/490 600/1928/490
f 608/1929/491 606/1930/491 605/1931/491 607/1932/491
f 611/1933/492 609/1934/492 610/1935/492 612/1936/492
f 605/1937/493 606/1938/493 610/1939/493 609/1940/493
f 608/1941/494 607/1942/494 611/1943/494 612/1944/494
f 607/1945/495 605/1946/495 609/1947/495 611/1948/495
f 612/1949/496 610/1950/496 606/1951/496 608/1952/496
f 616/1953/497 614/1954/497 613/1955/497 615/1956/497
f 619/1957/498 617/1958/498 618/1959/498 620/1960/498
f 613/1961/499 614/1962/499 618/1963/499 617/1964/499
f 616/1965/500 615/1966/500 619/1967/500 620/1968/500
f 615/1969/501 613/1970/501 617/1971/501 619/1972/501
f 620/1973/502 618/1974/502 614/1975/502 616/1976/502
f 624/1977/503 622/1978/503 621/1979/503 623/1980/503
f 627/1981/504 625/1982/504 626/1983/504 628/1984/504
f 621/1985/505 622/1986/505 626/1987/505 625/1988/505
f 624/1989/506 623/1990/506 627/1991/506 628/1992/506
f 623/1993/507 621/1994/507 625/1995/507 627/1996/507
f 628/1997/508 626/1998/508 622/1999/508 624/2000/508
f 632/2001/509 630/2002/509 629/2003/509 631/2004/509
f 635/2005/510 633/2006/510 634/2007/510 636/2008/510
f 629/2009/511 630/2010/511 634/2011/511 633/2012/511
f 632/2013/512 631/2014/512 635/2015/512 636/2016/512
f 631/2017/513 629/2018/513 633/2019/513 635/2020/513
f 636/2021/514 634/2022/514 630/2023/514 632/2024/514
f 640/2025/515 638/2026/515 637/2027/515 639/2028/515
f 643/2029/516 641/2030/516 642/2031/516 644/2032/516
f 637/2033/517 638/2034/517 642/2035/517 641/2036/517
f 640/2037/518 639/2038/518 643/2039/518 644/2040/518
f 639/2041/519 637/2042/519 641/2043/519 643/2044/519
f 644/2045/520 642/2046/520 638/2047/520 640/2048/520
f 648/2049/521 646/2050/521 645/2051/521 647/2052/521
f 651/2053/522 649/2054/522 650/2055/522 652/2056/522
f 645/2057/523 646/2058/523 650/2059/523 649/2060/523
f 648/2061/524 647/2062/524 651/2063/524 652/2064/524
f 647/2065/525 645/2066/525 649/2067/525 651/2068/525
f 652/2069/526 650/2070/526 646/2071/526 648/2072/526
f 656/2073/527 654/2074/527 653/2075/527 655/2076/527
f 659/2077/528 657/2078/528 658/2079/528 660/2080/528
f 653/2081/529 654/2082/529 658/2083/529 657/2084/529
f 656/2085/530 655/2086/530 659/2087/530 660/2088/530
f 655/2089/531 653/2090/531 657/2091/531 659/2092/531
f 660/2093/532 658/2094/532 654/2095/532 656/2096/532
f 664/2097/533 662/2098/533 661/2099/533 663/2100/533
f 667/2101/534 665/2102/534 666/2103/534 668/2104/534
f 661/2105/535 662/2106/535 666/2107/535 665/2108/535
f 664/2109/536 663/2110/536 667/2111/536 668/2112/536
f 663/2113/537 661/2114/537 665/2115/537 667/2116/537
f 668/2117/538 666/2118/538 662/2119/538 664/2120/538
f 672/2121/539 670/2122/539 669/2123/539 671/2124/539
f 675/2125/540 673/2126/540 674/2127/540 676/2128/540
f 669/2129/541 670/2130/541 674/2131/541 673/2132/541
f 672/2133/542 671/2134/542 675/2135/542 676/2136/542
f 671/2137/543 669/2138/543 673/2139/543 675/2140/543
f 676/2141/544 674/2142/544 670/2143/544 672/2144/544
f 680/2145/545 678/2146/545 677/2147/545 679/2148/545
f 683/2149/546 681/2150/546 682/2151/546 684/2152/546
f 677/2153/547 678/2154/547 682/2155/547 681/2156/547
f 680/2157/548 679/2158/548 683/2159/548 684/2160/548
f 679/2161/549 677/2162/549 681/2163/549 683/2164/549
f 684/2165/550 682/2166/550 678/2167/550 680/2168/550
f 688/2169/551 686/2170/551 685/2171/551 687/2172/551
f 691/2173/552 689/2174/552 690/2175/552 692/2176/552
f 685/2177/553 686/2178/553 690/2179/553 689/2180/553
f 688/2181/554 687/2182/554 691/2183/554 692/2184/554
f 687/2185/555 685/2186/555 689/2187/555 691/2188/555
f 692/2189/556 690/2190/556 686/2191/556 688/2192/556
f 696/2193/557 694/2194/557 693/2195/557 695/2196/557
f 699/2197/558 697/2198/558 698/2199/558 700/2200/558
f 693/2201/559 694/2202/559 698/2203/559 697/2204/559
f 696/2205/560 695/2206/560 699/2207/560 700/2208/560
f 695/2209/561 693/2210/561 697/2211/561 699/2212/561
f 700/2213/562 698/2214/562 694/2215/562 696/2216/562
f 704/2217/563 702/2218/563 701/2219/563 703/2220/563
f 707/2221/564 705/2222/564 706/2223/564 708/2224/564
f 701/2225/565 702/2226/565 706/2227/565 705/2228/565
f 704/2229/566 703/2230/566 707/2231/566 708/2232/566
f 703/2233/567 701/2234/567 705/2235/567 707/2236/567
f 708/2237/568 706/2238/568 702/2239/568 704/2240/568
f 712/2241/569 710/2242/569 709/2243/569 711/2244/569
f 715/2245/570 713/2246/570 714/2247/570 716/2248/570
f 709/2249/571 710/2250/571 714/2251/571 713/2252/571
f 712/2253/572 711/2254/572 715/2255/572 716/2256/572
f 711/2257/573 709/2258/573 713/2259/573 715/2260/573
f 716/2261/574 714/2262/574 710/2263/574 712/2264/574
f 720/2265/575 718/2266/575 717/2267/575 719/2268/575
f 723/2269/576 721/2270/576 722/2271/576 724/2272/576
f 717/2273/577 718/2274/577 722/2275/577 721/2276/577
f 720/2277/578 719/2278/578 723/2279/578 724/2280/578
f 719/2281/579 717/2282/579 721/2283/579 723/2284/579
f 724/2285/580 722/2286/580 718/2287/580 720/2288/580
f 728/2289/581 726/2290/581 725/2291/581 727/2292/581
f 731/2293/582 729/2294/582 730/2295/582 732/2296/582
f 725/2297/583 726/2298/583 730/2299/583 729/2300/583
f 728/2301/584 727/2302/584 731/2303/584 732/2304/584
f 727/2305/585 725/2306/585 729/2307/585 731/2308/585
f 732/2309/586 730/2310/586 726/2311/586 728/2312/586
f 736/2313/587 734/2314/587 733/2315/587 735/2316/587
f 739/2317/588 737/2318/588 738/2319/588 740/2320/588
f 733/2321/589 734/2322/589 738/2323/589 737/2324/589
f 736/2325/590 735/2326/590 739/2327/590 740/2328/590
f 735/2329/591 733/2330/591 737/2331/591 739/2332/591
f 740/2333/592 738/2334/592 734/2335/592 736/2336/592
f 744/2337/593 742/2338/593 741/2339/593 743/2340/593
f 747/2341/594 745/2342/594 746/2343/594 748/2344/594
f 741/2345/595 742/2346/595 746/2347/595 745/2348/595
f 744/2349/596 743/2350/596 747/2351/596 748/2352/596
f 743/2353/597 741/2354/597 745/2355/597 747/2356/597
f 748/2357/598 746/2358/598 742/2359/598 744/2360/598
f 752/2361/599 750/2362/599 749/2363/599 751/2364/599
f 755/2365/600 753/2366/600 754/2367/600 756/2368/600
f 749/2369/601 750/2370/601 754/2371/601 753/2372/601
f 752/2373/602 751/2374/602 755/2375/602 756/2376/602
f 751/2377/603 749/2378/603 753/2379/603 755/2380/603
f 756/2381/604 754/2382/604 750/2383/604 752/2384/604
f 760/2385/605 758/2386/605 757/2387/605 759/2388/605
f 763/2389/606 761/2390/606 762/2391/606 764/2392/606
f 757/2393/607 758/2394/607 762/2395/607 761/2396/607
f 760/2397/608 759/2398/608 763/2399/608 764/2400/608
f 759/2401/609 757/2402/609 761/2403/609 763/2404/609
f 764/2405/610 762/2406/610 758/2407/610 760/2408/610