# Made in Blockbench 5.1.6
mtllib 2l_signal_modern_gantry.mtl

o tube
v 0.045304374999999994 1.1249999999999998 -1.1102230246251565e-16
v 0.045304374999999994 1.1249999999999998 0.03125
v 0.036093125 1.1472381249999999 0
v 0.036093125 1.1472381249999999 0.031249999999999778
v 0.109375 1.189070625 -2.220446049250313e-16
v 0.109375 1.1890706249999998 0.031249999999999778
v 0.087136875 1.198281875 -2.220446049250313e-16
v 0.087136875 1.1982818749999997 0.03124999999999989
v 0.109375 1.279679375 -2.220446049250313e-16
v 0.109375 1.279679375 0.031249999999999778
v 0.087136875 1.270468125 -2.220446049250313e-16
v 0.087136875 1.2704681249999998 0.03124999999999989
v 0.045304374999999994 1.34375 -2.220446049250313e-16
v 0.045304374999999994 1.34375 0.031249999999999778
v 0.036093125 1.321511875 -2.220446049250313e-16
v 0.036093125 1.321511875 0.031249999999999778
v -0.045304374999999994 1.34375 -2.220446049250313e-16
v -0.045304374999999994 1.34375 0.031249999999999778
v -0.036093125 1.321511875 -2.220446049250313e-16
v -0.036093125 1.321511875 0.031249999999999778
v -0.109375 1.279679375 -2.220446049250313e-16
v -0.109375 1.279679375 0.031249999999999778
v -0.087136875 1.270468125 -2.220446049250313e-16
v -0.087136875 1.2704681249999998 0.03124999999999989
v -0.109375 1.189070625 -2.220446049250313e-16
v -0.109375 1.1890706249999998 0.031249999999999778
v -0.087136875 1.198281875 -2.220446049250313e-16
v -0.087136875 1.1982818749999997 0.03124999999999989
v -0.045304374999999994 1.1249999999999998 -1.1102230246251565e-16
v -0.045304374999999994 1.1249999999999998 0.03125
v -0.036093125 1.1472381249999999 0
v -0.036093125 1.1472381249999999 0.031249999999999778
v 0.045304374999999994 1.5625 -4.440892098500626e-16
v 0.045304374999999994 1.5625 0.03124999999999989
v 0.036093125 1.584738125 -4.440892098500626e-16
v 0.036093125 1.5847381249999999 0.031249999999999778
v 0.109375 1.6265706249999998 -3.3306690738754696e-16
v 0.109375 1.6265706249999998 0.031249999999999778
v 0.087136875 1.6357818749999997 -3.3306690738754696e-16
v 0.087136875 1.6357818749999997 0.031249999999999778
v 0.109375 1.7171793749999997 -3.3306690738754696e-16
v 0.109375 1.7171793749999997 0.031249999999999667
v 0.087136875 1.7079681249999998 -3.3306690738754696e-16
v 0.087136875 1.7079681249999998 0.031249999999999667
v 0.045304374999999994 1.78125 -4.440892098500626e-16
v 0.045304374999999994 1.7812499999999996 0.031249999999999778
v 0.036093125 1.7590118749999997 -3.3306690738754696e-16
v 0.036093125 1.7590118749999997 0.031249999999999667
v -0.045304374999999994 1.78125 -4.440892098500626e-16
v -0.045304374999999994 1.7812499999999996 0.031249999999999778
v -0.036093125 1.7590118749999997 -3.3306690738754696e-16
v -0.036093125 1.7590118749999997 0.031249999999999667
v -0.109375 1.7171793749999997 -3.3306690738754696e-16
v -0.109375 1.7171793749999997 0.031249999999999667
v -0.087136875 1.7079681249999998 -3.3306690738754696e-16
v -0.087136875 1.7079681249999998 0.031249999999999667
v -0.109375 1.6265706249999998 -3.3306690738754696e-16
v -0.109375 1.6265706249999998 0.031249999999999778
v -0.087136875 1.6357818749999997 -3.3306690738754696e-16
v -0.087136875 1.6357818749999997 0.031249999999999778
v -0.045304374999999994 1.5625 -4.440892098500626e-16
v -0.045304374999999994 1.5625 0.03124999999999989
v -0.036093125 1.584738125 -4.440892098500626e-16
v -0.036093125 1.5847381249999999 0.031249999999999778
v 0 1.234375 0.09374999999999978
v 0 1.2343749999999998 0.1874999999999999
v 0.045304374999999994 1.125 0.09374999999999983
v 0.045304374999999994 1.125 0.18749999999999994
v 0.109375 1.189070625 0.09374999999999983
v 0.109375 1.1890706249999998 0.18749999999999983
v 0.109375 1.2796793749999997 0.09374999999999994
v 0.109375 1.279679375 0.18749999999999983
v 0.045304374999999994 1.3437499999999998 0.09374999999999978
v 0.045304374999999994 1.34375 0.18749999999999972
v -0.045304374999999994 1.3437499999999998 0.09374999999999978
v -0.045304374999999994 1.34375 0.18749999999999972
v -0.109375 1.2796793749999997 0.09374999999999994
v -0.109375 1.279679375 0.18749999999999983
v -0.109375 1.189070625 0.09374999999999983
v -0.109375 1.1890706249999998 0.18749999999999983
v -0.045304374999999994 1.125 0.09374999999999983
v -0.045304374999999994 1.125 0.18749999999999994
v 0 1.671875 0.09374999999999967
v 0 1.6718749999999998 0.18749999999999967
v 0.045304374999999994 1.5625 0.09374999999999978
v 0.045304374999999994 1.5625 0.18749999999999978
v 0.109375 1.6265706250000003 0.09374999999999978
v 0.109375 1.626570625 0.18749999999999978
v 0.109375 1.7171793749999997 0.09374999999999967
v 0.109375 1.7171793749999997 0.18749999999999967
v 0.045304374999999994 1.78125 0.09374999999999956
v 0.045304374999999994 1.7812499999999996 0.18749999999999978
v -0.045304374999999994 1.78125 0.09374999999999956
v -0.045304374999999994 1.7812499999999996 0.18749999999999978
v -0.109375 1.7171793749999997 0.09374999999999967
v -0.109375 1.7171793749999997 0.18749999999999967
v -0.109375 1.6265706250000003 0.09374999999999978
v -0.109375 1.626570625 0.18749999999999978
v -0.045304374999999994 1.5625 0.09374999999999978
v -0.045304374999999994 1.5625 0.18749999999999978
v 0.125 1.359375 0.031249999999999778
v 0.125 1.359375 0.02499999999999991
v 0.125 1.171875 0.031249999999999778
v 0.125 1.1718749999999998 0.02499999999999991
v -0.125 1.359375 0.031249999999999778
v -0.125 1.359375 0.02499999999999991
v -0.125 1.171875 0.031249999999999778
v -0.125 1.1718749999999998 0.02499999999999991
v 0.0625 1.375 0.07812499999999972
v 0.0625 1.3749999999999998 -0.21875
v 0.0625 1.34375 0.07812499999999978
v 0.0625 1.34375 -0.2187500000000001
v -0.0625 1.375 0.07812499999999972
v -0.0625 1.3749999999999998 -0.21875
v -0.0625 1.34375 0.07812499999999978
v -0.0625 1.34375 -0.2187500000000001
v 0.105806875 1.3570618749999999 0.0625
v 0.105806875 1.3570618749999999 -0.20312500000000022
v 0.093848125 1.328190625 0.062499999999999556
v 0.093848125 1.3281906249999995 -0.20312500000000022
v 0.0625 1.375 0.06249999999999978
v 0.0625 1.3749999999999998 -0.2031250000000001
v 0.05054125 1.34612875 0.06249999999999978
v 0.05054125 1.34612875 -0.2031250000000001
v 0.122686875 1.340181875 0.07812499999999983
v 0.122686875 1.3401818749999999 -0.1875
v 0.10058937499999998 1.3180843749999998 0.07812499999999972
v 0.10058937499999998 1.3180843749999998 -0.18750000000000022
v 0.105806875 1.3570618749999999 0.07812499999999972
v 0.105806875 1.3570618749999999 -0.18750000000000022
v 0.083709375 1.334964375 0.07812499999999978
v 0.083709375 1.3349643749999998 -0.1875
v 0.140625 1.296875 0.07812499999999972
v 0.140625 1.296875 -0.15625000000000022
v 0.11175375 1.2849162499999998 0.07812499999999972
v 0.11175375 1.2849162499999998 -0.15625000000000022
v 0.122686875 1.340181875 0.07812499999999983
v 0.122686875 1.340181875 -0.15625000000000022
v 0.093815625 1.3282231249999998 0.07812499999999989
v 0.093815625 1.3282231249999998 -0.1562500000000001
v 0.109375 1.296875 0.06249999999999978
v 0.109375 1.2968749999999998 -0.1250000000000001
v 0.140625 1.296875 0.06249999999999978
v 0.140625 1.2968749999999998 -0.1250000000000001
v 0.109375 1.2343749999999998 0.06249999999999978
v 0.109375 1.2343749999999998 -0.1250000000000001
v 0.140625 1.2343749999999998 0.06249999999999978
v 0.140625 1.2343749999999998 -0.1250000000000001
v 0.109375 1.234375 0.07812499999999978
v 0.109375 1.2343749999999998 -0.07812500000000011
v 0.140625 1.234375 0.07812499999999978
v 0.140625 1.2343749999999998 -0.07812500000000011
v 0.109375 1.2031249999999998 0.07812499999999989
v 0.109375 1.2031249999999998 -0.07812500000000011
v 0.140625 1.2031249999999998 0.07812499999999989
v 0.140625 1.2031249999999998 -0.07812500000000011
v -0.0625 1.375 0.06249999999999978
v -0.0625 1.3749999999999998 -0.2031250000000001
v -0.05054125 1.34612875 0.06249999999999978
v -0.05054125 1.34612875 -0.2031250000000001
v -0.105806875 1.3570618749999999 0.0625
v -0.105806875 1.3570618749999999 -0.20312500000000022
v -0.093848125 1.328190625 0.062499999999999556
v -0.093848125 1.3281906249999995 -0.20312500000000022
v -0.109375 1.2031249999999998 0.07812499999999989
v -0.109375 1.2031249999999998 -0.07812500000000011
v -0.140625 1.2031249999999998 0.07812499999999989
v -0.140625 1.2031249999999998 -0.07812500000000011
v -0.109375 1.234375 0.07812499999999978
v -0.109375 1.2343749999999998 -0.07812500000000011
v -0.140625 1.234375 0.07812499999999978
v -0.140625 1.2343749999999998 -0.07812500000000011
v -0.109375 1.234375 0.07812499999999978
v -0.109375 1.2343749999999998 -0.1250000000000001
v -0.140625 1.234375 0.07812499999999978
v -0.140625 1.2343749999999998 -0.1250000000000001
v -0.109375 1.296875 0.07812499999999972
v -0.109375 1.2968749999999998 -0.1250000000000001
v -0.140625 1.296875 0.07812499999999972
v -0.140625 1.2968749999999998 -0.1250000000000001
v -0.122686875 1.340181875 0.07812499999999983
v -0.122686875 1.340181875 -0.15625000000000022
v -0.093815625 1.3282231249999998 0.07812499999999989
v -0.093815625 1.3282231249999998 -0.1562500000000001
v -0.140625 1.296875 0.07812499999999972
v -0.140625 1.296875 -0.15625000000000022
v -0.11175375 1.2849162499999998 0.07812499999999972
v -0.11175375 1.2849162499999998 -0.15625000000000022
v -0.105806875 1.3570618749999999 0.07812499999999972
v -0.105806875 1.3570618749999999 -0.18750000000000022
v -0.083709375 1.334964375 0.07812499999999978
v -0.083709375 1.3349643749999998 -0.1875
v -0.122686875 1.340181875 0.07812499999999983
v -0.122686875 1.3401818749999999 -0.1875
v -0.10058937499999998 1.3180843749999998 0.07812499999999972
v -0.10058937499999998 1.3180843749999998 -0.18750000000000022
v -0.317286875 1.5047868749999997 0.10312499999999974
v -0.317286875 1.5047868749999997 0.021874999999999756
v -0.254786875 1.5047868749999997 0.10312499999999974
v -0.254786875 1.5047868749999997 0.021874999999999756
v -0.317286875 1.223536875 0.10312499999999969
v -0.317286875 1.2235368749999997 0.021874999999999867
v -0.254786875 1.223536875 0.10312499999999969
v -0.254786875 1.2235368749999997 0.021874999999999867
v -0.019056875 0.9987993749999999 0.09687499999999988
v -0.019056875 0.9987993749999999 0.021874999999999756
v -0.03125 0.9374999999999999 0.09687499999999982
v -0.03125 0.9374999999999998 0.021874999999999867
v -0.08035625 1.0109925 0.09687499999999988
v -0.08035625 1.0109924999999997 0.021874999999999978
v -0.092549375 0.94969375 0.09687499999999988
v -0.092549375 0.94969375 0.021874999999999867
v 0.03125 0.9999999999999999 0.09999999999999987
v 0.03125 0.9999999999999999 0.021874999999999867
v 0.03125 0.9374999999999998 0.09999999999999992
v 0.03125 0.9374999999999998 0.021874999999999867
v -0.03125 0.9999999999999999 0.09999999999999987
v -0.03125 0.9999999999999999 0.021874999999999867
v -0.03125 0.9374999999999998 0.09999999999999992
v -0.03125 0.9374999999999998 0.021874999999999867
v -0.06863125 1.0074356249999998 0.09687499999999988
v -0.06863125 1.0074356249999998 0.021874999999999756
v -0.092549375 0.9496931249999999 0.09687499999999982
v -0.092549375 0.9496931249999998 0.021874999999999978
v -0.12637375 1.0313531249999999 0.09687499999999993
v -0.12637375 1.0313531249999999 0.021874999999999867
v -0.150291875 0.9736106249999998 0.09687499999999988
v -0.150291875 0.9736106249999998 0.021874999999999756
v -0.115568125 1.0255774999999998 0.09687499999999993
v -0.115568125 1.0255774999999998 0.021874999999999867
v -0.15029125 0.9736106249999998 0.09687499999999988
v -0.15029125 0.9736106249999998 0.021874999999999756
v -0.167535 1.060300625 0.09687499999999988
v -0.167535 1.060300625 0.021874999999999756
v -0.202258125 1.0083337499999998 0.09687499999999993
v -0.202258125 1.0083337499999998 0.021874999999999867
v -0.158064375 1.0525281249999998 0.09687499999999982
v -0.158064375 1.0525281249999998 0.021874999999999978
v -0.20225875 1.0083337499999998 0.09687499999999993
v -0.20225875 1.0083337499999998 0.021874999999999867
v -0.20225875 1.096721875 0.09687499999999982
v -0.20225875 1.0967218749999998 0.021874999999999867
v -0.24645249999999996 1.0525281249999998 0.09687499999999982
v -0.24645249999999996 1.0525281249999998 0.021874999999999978
v -0.194485625 1.08725125 0.09687499999999988
v -0.194485625 1.08725125 0.021874999999999867
v -0.24645249999999996 1.0525281249999998 0.09687499999999982
v -0.24645249999999996 1.0525281249999998 0.021874999999999978
v -0.22920875 1.1392181249999997 0.09687499999999993
v -0.22920875 1.1392181249999997 0.021874999999999867
v -0.281175625 1.104495 0.09687499999999982
v -0.281175625 1.104495 0.021874999999999867
v -0.223433125 1.1284131249999998 0.09687499999999982
v -0.223433125 1.1284131249999998 0.021874999999999867
v -0.281175625 1.104495 0.09687499999999982
v -0.281175625 1.104495 0.021874999999999867
v -0.247350625 1.186155625 0.09687499999999982
v -0.247350625 1.1861556249999998 0.021874999999999867
v -0.30509312499999997 1.1622374999999998 0.09687499999999977
v -0.30509312499999997 1.1622374999999998 0.021874999999999867
v -0.243794375 1.1744306249999998 0.09687499999999988
v -0.243794375 1.1744306249999998 0.021874999999999867
v -0.30509312499999997 1.1622374999999998 0.09687499999999977
v -0.30509312499999997 1.1622374999999998 0.021874999999999867
v -0.2559875 1.235729375 0.09687499999999977
v -0.2559875 1.2357293749999998 0.021874999999999867
v -0.31728625 1.22353625 0.09687499999999977
v -0.31728625 1.2235362499999998 0.021874999999999867
v 0.317286875 1.223536875 0.10312499999999969
v 0.317286875 1.2235368749999997 0.021874999999999867
v 0.254786875 1.223536875 0.10312499999999969
v 0.254786875 1.2235368749999997 0.021874999999999867
v 0.317286875 1.5047868749999997 0.10312499999999974
v 0.317286875 1.5047868749999997 0.021874999999999756
v 0.254786875 1.5047868749999997 0.10312499999999974
v 0.254786875 1.5047868749999997 0.021874999999999756
v 0.2559875 1.235729375 0.09687499999999977
v 0.2559875 1.2357293749999998 0.021874999999999867
v 0.31728625 1.22353625 0.09687499999999977
v 0.31728625 1.2235362499999998 0.021874999999999867
v 0.243794375 1.1744306249999998 0.09687499999999988
v 0.243794375 1.1744306249999998 0.021874999999999867
v 0.30509312499999997 1.1622374999999998 0.09687499999999977
v 0.30509312499999997 1.1622374999999998 0.021874999999999867
v 0.247350625 1.186155625 0.09687499999999982
v 0.247350625 1.1861556249999998 0.021874999999999867
v 0.30509312499999997 1.1622374999999998 0.09687499999999977
v 0.30509312499999997 1.1622374999999998 0.021874999999999867
v 0.223433125 1.1284131249999998 0.09687499999999982
v 0.223433125 1.1284131249999998 0.021874999999999867
v 0.281175625 1.104495 0.09687499999999982
v 0.281175625 1.104495 0.021874999999999867
v 0.22920875 1.1392181249999997 0.09687499999999993
v 0.22920875 1.1392181249999997 0.021874999999999867
v 0.281175625 1.104495 0.09687499999999982
v 0.281175625 1.104495 0.021874999999999867
v 0.194485625 1.08725125 0.09687499999999988
v 0.194485625 1.08725125 0.021874999999999867
v 0.24645249999999996 1.0525281249999998 0.09687499999999982
v 0.24645249999999996 1.0525281249999998 0.021874999999999978
v 0.20225875 1.096721875 0.09687499999999982
v 0.20225875 1.0967218749999998 0.021874999999999867
v 0.24645249999999996 1.0525281249999998 0.09687499999999982
v 0.24645249999999996 1.0525281249999998 0.021874999999999978
v 0.158064375 1.0525281249999998 0.09687499999999982
v 0.158064375 1.0525281249999998 0.021874999999999978
v 0.20225875 1.0083337499999998 0.09687499999999993
v 0.20225875 1.0083337499999998 0.021874999999999867
v 0.167535 1.060300625 0.09687499999999988
v 0.167535 1.060300625 0.021874999999999756
v 0.202258125 1.0083337499999998 0.09687499999999993
v 0.202258125 1.0083337499999998 0.021874999999999867
v 0.115568125 1.0255774999999998 0.09687499999999993
v 0.115568125 1.0255774999999998 0.021874999999999867
v 0.15029125 0.9736106249999998 0.09687499999999988
v 0.15029125 0.9736106249999998 0.021874999999999756
v 0.12637375 1.0313531249999999 0.09687499999999993
v 0.12637375 1.0313531249999999 0.021874999999999867
v 0.150291875 0.9736106249999998 0.09687499999999988
v 0.150291875 0.9736106249999998 0.021874999999999756
v 0.06863125 1.0074356249999998 0.09687499999999988
v 0.06863125 1.0074356249999998 0.021874999999999756
v 0.092549375 0.9496931249999999 0.09687499999999982
v 0.092549375 0.9496931249999998 0.021874999999999978
v 0.08035625 1.0109925 0.09687499999999988
v 0.08035625 1.0109924999999997 0.021874999999999978
v 0.092549375 0.94969375 0.09687499999999988
v 0.092549375 0.94969375 0.021874999999999867
v 0.019056875 0.9987993749999999 0.09687499999999988
v 0.019056875 0.9987993749999999 0.021874999999999756
v 0.03125 0.9374999999999999 0.09687499999999982
v 0.03125 0.9374999999999998 0.021874999999999867
v 0.171875 1.0624999999999998 0.09374999999999994
v 0.171875 1.0625 0.031249999999999778
v 0.171875 1 0.09374999999999978
v 0.171875 0.9999999999999998 0.03124999999999989
v -0.171875 1.0624999999999998 0.09374999999999994
v -0.171875 1.0625 0.031249999999999778
v -0.171875 1 0.09374999999999978
v -0.171875 0.9999999999999998 0.03124999999999989
v 0.21875 1.125 0.09374999999999983
v 0.21875 1.1249999999999998 0.03125
v 0.21875 1.0624999999999998 0.09374999999999994
v 0.21875 1.0625 0.031249999999999778
v -0.21875 1.125 0.09374999999999983
v -0.21875 1.1249999999999998 0.03125
v -0.21875 1.0624999999999998 0.09374999999999994
v -0.21875 1.0625 0.031249999999999778
v 0.28125 1.5 0.09374999999999983
v 0.28125 1.5 0.03125
v 0.28125 1.125 0.09374999999999983
v 0.28125 1.1249999999999998 0.03125
v -0.28125 1.5 0.09374999999999983
v -0.28125 1.5 0.03125
v -0.28125 1.125 0.09374999999999983
v -0.28125 1.1249999999999998 0.03125
v -0.254786875 1.4952131249999998 0.10312499999999974
v -0.254786875 1.495213125 0.021874999999999756
v -0.317286875 1.4952131249999998 0.10312499999999974
v -0.317286875 1.495213125 0.021874999999999756
v -0.254786875 1.7139631249999998 0.10312499999999969
v -0.254786875 1.713963125 0.021874999999999756
v -0.317286875 1.7139631249999998 0.10312499999999969
v -0.317286875 1.713963125 0.021874999999999756
v -0.03125 2 0.09687499999999993
v -0.03125 2 0.021874999999999756
v -0.019056875 1.938700625 0.09687499999999982
v -0.019056875 1.938700625 0.021874999999999756
v -0.092549375 1.9878062499999998 0.09687499999999982
v -0.092549375 1.98780625 0.021874999999999756
v -0.08035625 1.9265075 0.09687499999999982
v -0.08035625 1.9265075 0.021874999999999756
v -0.092549375 1.9878068749999998 0.09687499999999971
v -0.092549375 1.987806875 0.021874999999999756
v -0.06863125 1.930064375 0.09687499999999971
v -0.06863125 1.930064375 0.021874999999999534
v -0.150291875 1.9638893749999997 0.09687499999999971
v -0.150291875 1.963889375 0.021874999999999645
v -0.12637375 1.9061468749999997 0.09687499999999982
v -0.12637375 1.906146875 0.021874999999999756
v -0.15029125 1.9638893749999997 0.09687499999999971
v -0.15029125 1.963889375 0.021874999999999645
v -0.115568125 1.9119224999999997 0.09687499999999982
v -0.115568125 1.9119225 0.021874999999999756
v -0.202258125 1.9291662499999997 0.09687499999999982
v -0.202258125 1.9291662499999997 0.021874999999999756
v -0.167535 1.877199375 0.09687499999999982
v -0.167535 1.877199375 0.021874999999999756
v -0.20225875 1.9291662499999997 0.09687499999999982
v -0.20225875 1.9291662499999997 0.021874999999999756
v -0.158064375 1.884971875 0.09687499999999971
v -0.158064375 1.8849718750000002 0.021874999999999645
v -0.24645249999999996 1.884971875 0.09687499999999971
v -0.24645249999999996 1.8849718750000002 0.021874999999999645
v -0.20225875 1.840778125 0.09687499999999982
v -0.20225875 1.840778125 0.021874999999999756
v -0.24645249999999996 1.884971875 0.09687499999999971
v -0.24645249999999996 1.8849718750000002 0.021874999999999645
v -0.194485625 1.8502487499999998 0.09687499999999971
v -0.194485625 1.85024875 0.021874999999999645
v -0.281175625 1.8330049999999998 0.09687499999999982
v -0.281175625 1.833005 0.021874999999999645
v -0.22920875 1.7982818749999998 0.09687499999999982
v -0.22920875 1.7982818749999998 0.021874999999999756
v -0.281175625 1.8330049999999998 0.09687499999999982
v -0.281175625 1.833005 0.021874999999999645
v -0.223433125 1.809086875 0.09687499999999971
v -0.223433125 1.8090868750000002 0.021874999999999645
v -0.30509312499999997 1.7752624999999997 0.09687499999999982
v -0.30509312499999997 1.7752625 0.021874999999999756
v -0.247350625 1.751344375 0.09687499999999982
v -0.247350625 1.751344375 0.021874999999999645
v -0.30509312499999997 1.7752624999999997 0.09687499999999982
v -0.30509312499999997 1.7752625 0.021874999999999756
v -0.243794375 1.7630693749999997 0.09687499999999982
v -0.243794375 1.763069375 0.021874999999999756
v -0.31728625 1.71396375 0.09687499999999982
v -0.31728625 1.71396375 0.021874999999999756
v -0.2559875 1.701770625 0.09687499999999982
v -0.2559875 1.701770625 0.021874999999999756
v 0.092549375 1.9878062499999998 0.09687499999999982
v 0.092549375 1.98780625 0.021874999999999756
v 0.08035625 1.9265075 0.09687499999999982
v 0.08035625 1.9265075 0.021874999999999756
v 0.03125 2 0.09687499999999993
v 0.03125 2 0.021874999999999756
v 0.019056875 1.938700625 0.09687499999999982
v 0.019056875 1.938700625 0.021874999999999756
v 0.150291875 1.9638893749999997 0.09687499999999971
v 0.150291875 1.963889375 0.021874999999999645
v 0.12637375 1.9061468749999997 0.09687499999999982
v 0.12637375 1.906146875 0.021874999999999756
v 0.092549375 1.9878068749999998 0.09687499999999971
v 0.092549375 1.987806875 0.021874999999999756
v 0.06863125 1.930064375 0.09687499999999971
v 0.06863125 1.930064375 0.021874999999999534
v 0.202258125 1.9291662499999997 0.09687499999999982
v 0.202258125 1.9291662499999997 0.021874999999999756
v 0.167535 1.877199375 0.09687499999999982
v 0.167535 1.877199375 0.021874999999999756
v 0.15029125 1.9638893749999997 0.09687499999999971
v 0.15029125 1.963889375 0.021874999999999645
v 0.115568125 1.9119224999999997 0.09687499999999982
v 0.115568125 1.9119225 0.021874999999999756
v 0.24645249999999996 1.884971875 0.09687499999999971
v 0.24645249999999996 1.8849718750000002 0.021874999999999645
v 0.20225875 1.840778125 0.09687499999999982
v 0.20225875 1.840778125 0.021874999999999756
v 0.20225875 1.9291662499999997 0.09687499999999982
v 0.20225875 1.9291662499999997 0.021874999999999756
v 0.158064375 1.884971875 0.09687499999999971
v 0.158064375 1.8849718750000002 0.021874999999999645
v 0.281175625 1.8330049999999998 0.09687499999999982
v 0.281175625 1.833005 0.021874999999999645
v 0.22920875 1.7982818749999998 0.09687499999999982
v 0.22920875 1.7982818749999998 0.021874999999999756
v 0.24645249999999996 1.884971875 0.09687499999999971
v 0.24645249999999996 1.8849718750000002 0.021874999999999645
v 0.194485625 1.8502487499999998 0.09687499999999971
v 0.194485625 1.85024875 0.021874999999999645
v 0.30509312499999997 1.7752624999999997 0.09687499999999982
v 0.30509312499999997 1.7752625 0.021874999999999756
v 0.247350625 1.751344375 0.09687499999999982
v 0.247350625 1.751344375 0.021874999999999645
v 0.281175625 1.8330049999999998 0.09687499999999982
v 0.281175625 1.833005 0.021874999999999645
v 0.223433125 1.809086875 0.09687499999999971
v 0.223433125 1.8090868750000002 0.021874999999999645
v 0.31728625 1.71396375 0.09687499999999982
v 0.31728625 1.71396375 0.021874999999999756
v 0.2559875 1.701770625 0.09687499999999982
v 0.2559875 1.701770625 0.021874999999999756
v 0.30509312499999997 1.7752624999999997 0.09687499999999982
v 0.30509312499999997 1.7752625 0.021874999999999756
v 0.243794375 1.7630693749999997 0.09687499999999982
v 0.243794375 1.763069375 0.021874999999999756
v 0.254786875 1.7139631249999998 0.10312499999999969
v 0.254786875 1.713963125 0.021874999999999756
v 0.317286875 1.7139631249999998 0.10312499999999969
v 0.317286875 1.713963125 0.021874999999999756
v 0.254786875 1.4952131249999998 0.10312499999999974
v 0.254786875 1.495213125 0.021874999999999756
v 0.317286875 1.4952131249999998 0.10312499999999974
v 0.317286875 1.495213125 0.021874999999999756
v 0.03125 2 0.09999999999999976
v 0.03125 2 0.021874999999999756
v 0.03125 1.9375 0.09999999999999964
v 0.03125 1.9375 0.021874999999999645
v -0.03125 2 0.09999999999999976
v -0.03125 2 0.021874999999999756
v -0.03125 1.9375 0.09999999999999964
v -0.03125 1.9375 0.021874999999999645
v 0.125 1.796875 0.031249999999999667
v 0.125 1.796875 0.0249999999999998
v 0.125 1.609375 0.031249999999999667
v 0.125 1.609375 0.02499999999999991
v -0.125 1.796875 0.031249999999999667
v -0.125 1.796875 0.0249999999999998
v -0.125 1.609375 0.031249999999999667
v -0.125 1.609375 0.02499999999999991
v 0.0625 1.8124999999999996 0.07812499999999967
v 0.0625 1.8124999999999996 -0.21875000000000022
v 0.0625 1.78125 0.07812499999999956
v 0.0625 1.78125 -0.21875000000000044
v -0.0625 1.8124999999999996 0.07812499999999967
v -0.0625 1.8124999999999996 -0.21875000000000022
v -0.0625 1.78125 0.07812499999999956
v -0.0625 1.78125 -0.21875000000000044
v 0.105806875 1.7945618749999999 0.06249999999999989
v 0.105806875 1.7945618749999999 -0.20312500000000022
v 0.093848125 1.765690625 0.06249999999999989
v 0.093848125 1.7656906249999995 -0.20312500000000022
v 0.0625 1.8124999999999996 0.06249999999999978
v 0.0625 1.8124999999999996 -0.20312500000000022
v 0.05054125 1.78362875 0.06249999999999967
v 0.05054125 1.78362875 -0.20312500000000044
v 0.122686875 1.7776818749999999 0.07812499999999967
v 0.122686875 1.777681875 -0.18750000000000022
v 0.10058937499999998 1.7555843749999998 0.078125
v 0.10058937499999998 1.7555843749999998 -0.18750000000000022
v 0.105806875 1.7945618749999999 0.07812499999999978
v 0.105806875 1.7945618749999999 -0.1875
v 0.083709375 1.7724643749999998 0.07812499999999967
v 0.083709375 1.7724643749999998 -0.18750000000000022
v 0.140625 1.7343749999999998 0.07812499999999989
v 0.140625 1.7343749999999998 -0.15625
v 0.11175375 1.7224162499999998 0.07812499999999978
v 0.11175375 1.7224162499999998 -0.15625000000000022
v 0.122686875 1.7776818749999999 0.07812499999999967
v 0.122686875 1.7776818749999999 -0.15625000000000022
v 0.093815625 1.765723125 0.07812499999999956
v 0.093815625 1.765723125 -0.15625000000000044
v 0.109375 1.734375 0.0625
v 0.109375 1.7343749999999998 -0.125
v 0.140625 1.734375 0.0625
v 0.140625 1.7343749999999998 -0.125
v 0.109375 1.671875 0.06249999999999967
v 0.109375 1.671875 -0.12500000000000022
v 0.140625 1.671875 0.06249999999999967
v 0.140625 1.671875 -0.12500000000000022
v 0.109375 1.6718749999999996 0.07812499999999978
v 0.109375 1.6718749999999996 -0.07812500000000022
v 0.140625 1.6718749999999996 0.07812499999999978
v 0.140625 1.6718749999999996 -0.07812500000000022
v 0.109375 1.640625 0.07812499999999956
v 0.109375 1.640625 -0.07812500000000022
v 0.140625 1.640625 0.07812499999999956
v 0.140625 1.640625 -0.07812500000000022
v -0.0625 1.8124999999999996 0.06249999999999978
v -0.0625 1.8124999999999996 -0.20312500000000022
v -0.05054125 1.78362875 0.06249999999999967
v -0.05054125 1.78362875 -0.20312500000000044
v -0.105806875 1.7945618749999999 0.06249999999999989
v -0.105806875 1.7945618749999999 -0.20312500000000022
v -0.093848125 1.765690625 0.06249999999999989
v -0.093848125 1.7656906249999995 -0.20312500000000022
v -0.109375 1.640625 0.07812499999999956
v -0.109375 1.640625 -0.07812500000000022
v -0.140625 1.640625 0.07812499999999956
v -0.140625 1.640625 -0.07812500000000022
v -0.109375 1.6718749999999996 0.07812499999999978
v -0.109375 1.6718749999999996 -0.07812500000000022
v -0.140625 1.6718749999999996 0.07812499999999978
v -0.140625 1.6718749999999996 -0.07812500000000022
v -0.109375 1.6718749999999996 0.07812499999999978
v -0.109375 1.671875 -0.12500000000000022
v -0.140625 1.6718749999999996 0.07812499999999978
v -0.140625 1.671875 -0.12500000000000022
v -0.109375 1.7343749999999998 0.07812499999999989
v -0.109375 1.7343749999999998 -0.125
v -0.140625 1.7343749999999998 0.07812499999999989
v -0.140625 1.7343749999999998 -0.125
v -0.122686875 1.7776818749999999 0.07812499999999967
v -0.122686875 1.7776818749999999 -0.15625000000000022
v -0.093815625 1.765723125 0.07812499999999956
v -0.093815625 1.765723125 -0.15625000000000044
v -0.140625 1.7343749999999998 0.07812499999999989
v -0.140625 1.7343749999999998 -0.15625
v -0.11175375 1.7224162499999998 0.07812499999999978
v -0.11175375 1.7224162499999998 -0.15625000000000022
v -0.105806875 1.7945618749999999 0.07812499999999978
v -0.105806875 1.7945618749999999 -0.1875
v -0.083709375 1.7724643749999998 0.07812499999999967
v -0.083709375 1.7724643749999998 -0.18750000000000022
v -0.122686875 1.7776818749999999 0.07812499999999967
v -0.122686875 1.777681875 -0.18750000000000022
v -0.10058937499999998 1.7555843749999998 0.078125
v -0.10058937499999998 1.7555843749999998 -0.18750000000000022
v 0.28125 1.8125 0.09374999999999978
v 0.28125 1.8124999999999996 0.031249999999999778
v 0.28125 1.5 0.09374999999999983
v 0.28125 1.5 0.03125
v -0.28125 1.8125 0.09374999999999978
v -0.28125 1.8124999999999996 0.031249999999999778
v -0.28125 1.5 0.09374999999999983
v -0.28125 1.5 0.03125
v 0.21875 1.875 0.09374999999999967
v 0.21875 1.875 0.031249999999999667
v 0.21875 1.8125 0.09374999999999978
v 0.21875 1.8124999999999996 0.031249999999999778
v -0.21875 1.875 0.09374999999999967
v -0.21875 1.875 0.031249999999999667
v -0.21875 1.8125 0.09374999999999978
v -0.21875 1.8124999999999996 0.031249999999999778
v 0.171875 1.9375 0.09374999999999956
v 0.171875 1.9374999999999996 0.031249999999999778
v 0.171875 1.875 0.09374999999999967
v 0.171875 1.875 0.031249999999999667
v -0.171875 1.9375 0.09374999999999956
v -0.171875 1.9374999999999996 0.031249999999999778
v -0.171875 1.875 0.09374999999999967
v -0.171875 1.875 0.031249999999999667
v 0.26916 1.265625 0.11194999999999977
v 0.24524250000000003 1.2656249999999998 0.05420749999999985
v 0.26916 1.203125 0.11194999999999994
v 0.24524250000000003 1.203125 0.05420749999999974
v 0.0959325 1.265625 0.1837031249999998
v 0.072015 1.265625 0.12596062499999983
v 0.0959325 1.203125 0.18370312499999986
v 0.072015 1.203125 0.12596062499999972
v -0.0959325 1.265625 0.1837031249999998
v -0.072015 1.265625 0.12596062499999983
v -0.0959325 1.203125 0.18370312499999986
v -0.072015 1.203125 0.12596062499999972
v -0.26916 1.265625 0.11194999999999977
v -0.24524250000000003 1.2656249999999998 0.05420749999999985
v -0.26916 1.203125 0.11194999999999994
v -0.24524250000000003 1.203125 0.05420749999999974
v -0.0625 1.4374999999999998 0.15624999999999978
v -0.0625 1.4375 0.09374999999999972
v -0.0625 1 0.1562499999999999
v -0.0625 1 0.09374999999999978
v -0.125 1.4374999999999998 0.15624999999999978
v -0.125 1.4375 0.09374999999999972
v -0.125 1 0.1562499999999999
v -0.125 1 0.09374999999999978
v 0.125 1.4374999999999998 0.15624999999999978
v 0.125 1.4375 0.09374999999999972
v 0.125 1 0.1562499999999999
v 0.125 1 0.09374999999999978
v 0.0625 1.4374999999999998 0.15624999999999978
v 0.0625 1.4375 0.09374999999999972
v 0.0625 1 0.1562499999999999
v 0.0625 1 0.09374999999999978
v 0.15625 1.4375 0.17187499999999972
v 0.15625 1.4375 0.09374999999999972
v 0.15625 1.375 0.1718749999999999
v 0.15625 1.375 0.09374999999999989
v -0.15625 1.4375 0.17187499999999972
v -0.15625 1.4375 0.09374999999999972
v -0.15625 1.375 0.1718749999999999
v -0.15625 1.375 0.09374999999999989
v 0.26916 1.7031249999999998 0.11194999999999966
v 0.24524250000000003 1.703125 0.05420749999999985
v 0.26916 1.640625 0.11194999999999977
v 0.24524250000000003 1.640625 0.05420749999999963
v 0.0959325 1.703125 0.18370312499999963
v 0.072015 1.7031249999999998 0.12596062499999972
v 0.0959325 1.640625 0.18370312499999975
v 0.072015 1.6406249999999998 0.12596062499999972
v -0.0959325 1.703125 0.18370312499999963
v -0.072015 1.7031249999999998 0.12596062499999972
v -0.0959325 1.640625 0.18370312499999975
v -0.072015 1.6406249999999998 0.12596062499999972
v -0.26916 1.7031249999999998 0.11194999999999966
v -0.24524250000000003 1.703125 0.05420749999999985
v -0.26916 1.640625 0.11194999999999977
v -0.24524250000000003 1.640625 0.05420749999999963
v -0.0625 1.875 0.15624999999999956
v -0.0625 1.875 0.09374999999999967
v -0.0625 1.4374999999999998 0.15624999999999978
v -0.0625 1.4375 0.09374999999999972
v -0.125 1.875 0.15624999999999956
v -0.125 1.875 0.09374999999999967
v -0.125 1.4374999999999998 0.15624999999999978
v -0.125 1.4375 0.09374999999999972
v 0.125 1.875 0.15624999999999956
v 0.125 1.875 0.09374999999999967
v 0.125 1.4374999999999998 0.15624999999999978
v 0.125 1.4375 0.09374999999999972
v 0.0625 1.875 0.15624999999999956
v 0.0625 1.875 0.09374999999999967
v 0.0625 1.4374999999999998 0.15624999999999978
v 0.0625 1.4375 0.09374999999999972
v 0.15625 1.88125 0.17187499999999956
v 0.15625 1.88125 0.09374999999999956
v 0.15625 1.81875 0.17187499999999967
v 0.15625 1.81875 0.09374999999999967
v -0.15625 1.88125 0.17187499999999956
v -0.15625 1.88125 0.09374999999999956
v -0.15625 1.81875 0.17187499999999967
v -0.15625 1.81875 0.09374999999999967
v 0.1875 0.9999999999999998 0.1874999999999999
v 0.1875 0.9999999999999998 0.06249999999999989
v 0.1875 0.9687499999999998 0.18749999999999994
v 0.1875 0.96875 0.06249999999999978
v -0.1875 0.9999999999999998 0.1874999999999999
v -0.1875 0.9999999999999998 0.06249999999999989
v -0.1875 0.9687499999999998 0.18749999999999994
v -0.1875 0.96875 0.06249999999999978
v 0.15625 0.96875 0.17187499999999983
v 0.15625 0.96875 0.07812499999999978
v 0.15625 0.9374999999999998 0.1718749999999999
v 0.15625 0.9374999999999998 0.07812499999999989
v -0.15625 0.96875 0.17187499999999983
v -0.15625 0.96875 0.07812499999999978
v -0.15625 0.9374999999999998 0.1718749999999999
v -0.15625 0.9374999999999998 0.07812499999999989
v 0.1875 0.9374999999999999 0.18749999999999978
v 0.1875 0.9374999999999998 0.06249999999999989
v 0.1875 0.90625 0.18749999999999978
v 0.1875 0.90625 0.06249999999999989
v -0.1875 0.9374999999999999 0.18749999999999978
v -0.1875 0.9374999999999998 0.06249999999999989
v -0.1875 0.90625 0.18749999999999978
v -0.1875 0.90625 0.06249999999999989
v 0.09375 0.90625 0.18749999999999978
v 0.09375 0.90625 0.06249999999999989
v 0.09375 0.75 0.18749999999999978
v 0.09375 0.75 0.06249999999999989
v -0.09375 0.90625 0.18749999999999978
v -0.09375 0.90625 0.06249999999999989
v -0.09375 0.75 0.18749999999999978
v -0.09375 0.75 0.06249999999999989
v 0.0625 0.75 0.18749999999999978
v 0.0625 0.75 0.06249999999999989
v 0.0625 0.5624999999999999 0.1874999999999999
v 0.0625 0.5624999999999998 0.0625
v -0.0625 0.75 0.18749999999999978
v -0.0625 0.75 0.06249999999999989
v -0.0625 0.5624999999999999 0.1874999999999999
v -0.0625 0.5624999999999998 0.0625
v 0.125 0.90625 0.06249999999999989
v 0.125 0.90625 0.031249999999999778
v 0.125 0.65625 0.06249999999999978
v 0.125 0.6562499999999998 0.03124999999999989
v -0.125 0.90625 0.06249999999999989
v -0.125 0.90625 0.031249999999999778
v -0.125 0.65625 0.06249999999999978
v -0.125 0.6562499999999998 0.03124999999999989
v 0.0625 1.4375 0.6874999999999998
v 0.0625 1.4375 0.5624999999999998
v 0.0625 0.4375 0.6874999999999999
v 0.0625 0.4375 0.5625
v -0.0625 1.4375 0.6874999999999998
v -0.0625 1.4375 0.5624999999999998
v -0.0625 0.4375 0.6874999999999999
v -0.0625 0.4375 0.5625
v 0.05 2.0625 0.16249999999999953
v 0.05 2.0625 0.06249999999999967
v 0.05 1.875 0.16249999999999964
v 0.05 1.875 0.06249999999999967
v -0.05 2.0625 0.16249999999999953
v -0.05 2.0625 0.06249999999999967
v -0.05 1.875 0.16249999999999964
v -0.05 1.875 0.06249999999999967
v 0.05 2.0625 0.5624999999999996
v 0.05 2.1625 0.5624999999999996
v 0.05 2.0625 0.06249999999999967
v 0.05 2.1625 0.06249999999999967
v -0.05 2.0625 0.5624999999999996
v -0.05 2.1625 0.5624999999999996
v -0.05 2.0625 0.06249999999999967
v -0.05 2.1625 0.06249999999999967
v 0.0625 2.4375 0.6874999999999998
v 0.0625 2.4375 0.5624999999999998
v 0.0625 1.4375 0.6874999999999998
v 0.0625 1.4375 0.5624999999999998
v -0.0625 2.4375 0.6874999999999998
v -0.0625 2.4375 0.5624999999999998
v -0.0625 1.4375 0.6874999999999998
v -0.0625 1.4375 0.5624999999999998
v 0.0625 3.4375 0.6874999999999991
v 0.0625 3.4375 0.5624999999999993
v 0.0625 2.4375 0.6874999999999998
v 0.0625 2.4375 0.5624999999999998
v -0.0625 3.4375 0.6874999999999991
v -0.0625 3.4375 0.5624999999999993
v -0.0625 2.4375 0.6874999999999998
v -0.0625 2.4375 0.5624999999999998
v 0.05 0.4625 0.5625
v 0.05 0.5625 0.5624999999999999
v 0.05 0.46249999999999997 0.06249999999999989
v 0.05 0.5624999999999998 0.0625
v -0.05 0.4625 0.5625
v -0.05 0.5625 0.5624999999999999
v -0.05 0.46249999999999997 0.06249999999999989
v -0.05 0.5624999999999998 0.0625
vt 0.09375 0.34375
vt 0.116403125 0.34375
vt 0.116403125 0.359375
vt 0.09375 0.359375
vt 0.174296875 0.375
vt 0.15625 0.375
vt 0.15625 0.359375
vt 0.174296875 0.359375
vt 0.078125 0.3414475
vt 0.078125 0.32340078125000005
vt 0.0836846875 0.32109828124999995
vt 0.0836846875 0.34375
vt 0.140625 0.4006903125
vt 0.16327671875 0.4006903125
vt 0.16097421875 0.40625
vt 0.1429275 0.40625
vt 0.125 0.375
vt 0.147653125 0.375
vt 0.147653125 0.390625
vt 0.125 0.390625
vt 0.189921875 0.40625
vt 0.171875 0.40625
vt 0.171875 0.390625
vt 0.189921875 0.390625
vt 0.078125 0.34144687500000004
vt 0.078125 0.3234
vt 0.083684375 0.32109687499999995
vt 0.083684375 0.34375
vt 0.099309375 0.35234687499999995
vt 0.099309375 0.375
vt 0.09375 0.37269687500000004
vt 0.09375 0.35465
vt 0.1875 0.375
vt 0.210153125 0.375
vt 0.210153125 0.390625
vt 0.1875 0.390625
vt 0.143046875 0.390625
vt 0.125 0.390625
vt 0.125 0.375
vt 0.143046875 0.375
vt 0.20784921875 0.359375
vt 0.1898025 0.359375
vt 0.1875 0.3538153125
vt 0.21015171875 0.3538153125
vt 0.1618096875 0.35234828124999995
vt 0.1618096875 0.375
vt 0.15625 0.3726975
vt 0.15625 0.35465078125000005
vt 0.140625 0.390625
vt 0.163278125 0.390625
vt 0.163278125 0.40625
vt 0.140625 0.40625
vt 0.111796875 0.375
vt 0.09375 0.375
vt 0.09375 0.359375
vt 0.111796875 0.359375
vt 0.20785 0.40625
vt 0.189803125 0.40625
vt 0.1875 0.40069062499999997
vt 0.210153125 0.40069062499999997
vt 0.194528125 0.390625
vt 0.171875 0.390625
vt 0.174178125 0.38506562499999997
vt 0.192225 0.38506562499999997
vt 0.109375 0.359375
vt 0.132028125 0.359375
vt 0.132028125 0.375
vt 0.109375 0.375
vt 0.096171875 0.390625
vt 0.078125 0.390625
vt 0.078125 0.375
vt 0.096171875 0.375
vt 0.1618096875 0.38590078125000005
vt 0.1618096875 0.4039475
vt 0.15625 0.40625
vt 0.15625 0.38359828124999995
vt 0.14765171875 0.3125
vt 0.125 0.3125
vt 0.1273025 0.3069403125
vt 0.14534921875 0.3069403125
vt 0.140625 0.359375
vt 0.163278125 0.359375
vt 0.163278125 0.375
vt 0.140625 0.375
vt 0.127421875 0.375
vt 0.109375 0.375
vt 0.109375 0.359375
vt 0.127421875 0.359375
vt 0.161809375 0.35465
vt 0.161809375 0.37269687500000004
vt 0.15625 0.375
vt 0.15625 0.35234687499999995
vt 0.21875 0.40625
vt 0.21875 0.38359687499999995
vt 0.224309375 0.3859
vt 0.224309375 0.40394687500000004
vt 0.09375 0.359375
vt 0.116403125 0.359375
vt 0.116403125 0.375
vt 0.09375 0.375
vt 0.080546875 0.390625
vt 0.0625 0.390625
vt 0.0625 0.375
vt 0.080546875 0.375
vt 0.1585525 0.3694403125
vt 0.17659921875 0.3694403125
vt 0.17890171875 0.375
vt 0.15625 0.375
vt 0.078125 0.390625
vt 0.078125 0.36797328124999995
vt 0.0836846875 0.37027578125000005
vt 0.0836846875 0.3883225
vt 0.09375 0.328125
vt 0.116403125 0.328125
vt 0.116403125 0.34375
vt 0.09375 0.34375
vt 0.111796875 0.40625
vt 0.09375 0.40625
vt 0.09375 0.390625
vt 0.111796875 0.390625
vt 0.096053125 0.36944062499999997
vt 0.1141 0.36944062499999997
vt 0.116403125 0.375
vt 0.09375 0.375
vt 0.078125 0.36944062499999997
vt 0.100778125 0.36944062499999997
vt 0.098475 0.375
vt 0.080428125 0.375
vt 0.09375 0.34375
vt 0.116403125 0.34375
vt 0.116403125 0.359375
vt 0.09375 0.359375
vt 0.174296875 0.375
vt 0.15625 0.375
vt 0.15625 0.359375
vt 0.174296875 0.359375
vt 0.078125 0.3414475
vt 0.078125 0.32340078125000005
vt 0.0836846875 0.32109828124999995
vt 0.0836846875 0.34375
vt 0.140625 0.4006903125
vt 0.16327671875 0.4006903125
vt 0.16097421875 0.40625
vt 0.1429275 0.40625
vt 0.125 0.375
vt 0.147653125 0.375
vt 0.147653125 0.390625
vt 0.125 0.390625
vt 0.189921875 0.40625
vt 0.171875 0.40625
vt 0.171875 0.390625
vt 0.189921875 0.390625
vt 0.078125 0.34144687500000004
vt 0.078125 0.3234
vt 0.083684375 0.32109687499999995
vt 0.083684375 0.34375
vt 0.099309375 0.35234687499999995
vt 0.099309375 0.375
vt 0.09375 0.37269687500000004
vt 0.09375 0.35465
vt 0.1875 0.375
vt 0.210153125 0.375
vt 0.210153125 0.390625
vt 0.1875 0.390625
vt 0.143046875 0.390625
vt 0.125 0.390625
vt 0.125 0.375
vt 0.143046875 0.375
vt 0.20784921875 0.359375
vt 0.1898025 0.359375
vt 0.1875 0.3538153125
vt 0.21015171875 0.3538153125
vt 0.1618096875 0.35234828124999995
vt 0.1618096875 0.375
vt 0.15625 0.3726975
vt 0.15625 0.35465078125000005
vt 0.140625 0.390625
vt 0.163278125 0.390625
vt 0.163278125 0.40625
vt 0.140625 0.40625
vt 0.111796875 0.375
vt 0.09375 0.375
vt 0.09375 0.359375
vt 0.111796875 0.359375
vt 0.20785 0.40625
vt 0.189803125 0.40625
vt 0.1875 0.40069062499999997
vt 0.210153125 0.40069062499999997
vt 0.194528125 0.390625
vt 0.171875 0.390625
vt 0.174178125 0.38506562499999997
vt 0.192225 0.38506562499999997
vt 0.109375 0.359375
vt 0.132028125 0.359375
vt 0.132028125 0.375
vt 0.109375 0.375
vt 0.096171875 0.390625
vt 0.078125 0.390625
vt 0.078125 0.375
vt 0.096171875 0.375
vt 0.1618096875 0.38590078125000005
vt 0.1618096875 0.4039475
vt 0.15625 0.40625
vt 0.15625 0.38359828124999995
vt 0.14765171875 0.3125
vt 0.125 0.3125
vt 0.1273025 0.3069403125
vt 0.14534921875 0.3069403125
vt 0.140625 0.359375
vt 0.163278125 0.359375
vt 0.163278125 0.375
vt 0.140625 0.375
vt 0.127421875 0.375
vt 0.109375 0.375
vt 0.109375 0.359375
vt 0.127421875 0.359375
vt 0.161809375 0.35465
vt 0.161809375 0.37269687500000004
vt 0.15625 0.375
vt 0.15625 0.35234687499999995
vt 0.21875 0.40625
vt 0.21875 0.38359687499999995
vt 0.224309375 0.3859
vt 0.224309375 0.40394687500000004
vt 0.09375 0.359375
vt 0.116403125 0.359375
vt 0.116403125 0.375
vt 0.09375 0.375
vt 0.080546875 0.390625
vt 0.0625 0.390625
vt 0.0625 0.375
vt 0.080546875 0.375
vt 0.1585525 0.3694403125
vt 0.17659921875 0.3694403125
vt 0.17890171875 0.375
vt 0.15625 0.375
vt 0.078125 0.390625
vt 0.078125 0.36797328124999995
vt 0.0836846875 0.37027578125000005
vt 0.0836846875 0.3883225
vt 0.09375 0.328125
vt 0.116403125 0.328125
vt 0.116403125 0.34375
vt 0.09375 0.34375
vt 0.111796875 0.40625
vt 0.09375 0.40625
vt 0.09375 0.390625
vt 0.111796875 0.390625
vt 0.096053125 0.36944062499999997
vt 0.1141 0.36944062499999997
vt 0.116403125 0.375
vt 0.09375 0.375
vt 0.078125 0.36944062499999997
vt 0.100778125 0.36944062499999997
vt 0.098475 0.375
vt 0.080428125 0.375
vt 0.029596875 0.9790725
vt 0.02092859375 1
vt 0 0.9790725
vt 0 0.96875
vt 0.022653125 0.96875
vt 0.022653125 1
vt 0 1
vt 0 0.970403125
vt 0.0209275 0.97907140625
vt 0 1
vt 0.02734375 0.977346875
vt 0.02734375 1
vt 0 0.9886734375
vt 0 0.96875
vt 0.022653125 0.96875
vt 0.022653125 1
vt 0 1
vt 0.02734375 0.977346875
vt 0.02734375 1
vt 0 0.9886734375
vt 0 0.970403125
vt 0.0209275 0.97907140625
vt 0 1
vt 0 0.96875
vt 0.022653125 0.96875
vt 0.022653125 1
vt 0 1
vt 0.029596875 0.9790725
vt 0.02092859375 1
vt 0 0.9790725
vt 0 0.97265625
vt 0.022653125 0.97265625
vt 0.0113265625 1
vt 0 0.96875
vt 0.022653125 0.96875
vt 0.022653125 1
vt 0 1
vt 0.022653125 1
vt 0 1
vt 0.0113265625 0.97265625
vt 0 1
vt 0.008668125 0.9790725
vt 0.029596875 1
vt 0 0.96875
vt 0.022653125 0.96875
vt 0.022653125 1
vt 0 1
vt 0.0209275 1
vt 0 0.991331875
vt 0.0209275 0.970403125
vt 0 1
vt 0 0.977346875
vt 0.02734375 0.9886734375
vt 0 0.96875
vt 0.022653125 0.96875
vt 0.022653125 1
vt 0 1
vt 0 1
vt 0 0.977346875
vt 0.02734375 0.9886734375
vt 0.0209275 1
vt 0 0.991331875
vt 0.0209275 0.970403125
vt 0 0.96875
vt 0.022653125 0.96875
vt 0.022653125 1
vt 0 1
vt 0 1
vt 0.008668125 0.9790725
vt 0.029596875 1
vt 0.022653125 1
vt 0 1
vt 0.0113265625 0.97265625
vt 0 0.96875
vt 0.022653125 0.96875
vt 0.022653125 1
vt 0 1
vt 0 0.97265625
vt 0.022653125 0.97265625
vt 0.0113265625 1
vt 0.029596875 0.9790725
vt 0.02092859375 1
vt 0 0.9790725
vt 0 0.96875
vt 0.022653125 0.96875
vt 0.022653125 1
vt 0 1
vt 0 0.970403125
vt 0.0209275 0.97907140625
vt 0 1
vt 0.02734375 0.977346875
vt 0.02734375 1
vt 0 0.9886734375
vt 0 0.96875
vt 0.022653125 0.96875
vt 0.022653125 1
vt 0 1
vt 0.02734375 0.977346875
vt 0.02734375 1
vt 0 0.9886734375
vt 0 0.970403125
vt 0.0209275 0.97907140625
vt 0 1
vt 0 0.96875
vt 0.022653125 0.96875
vt 0.022653125 1
vt 0 1
vt 0.029596875 0.9790725
vt 0.02092859375 1
vt 0 0.9790725
vt 0 0.97265625
vt 0.022653125 0.97265625
vt 0.0113265625 1
vt 0 0.96875
vt 0.022653125 0.96875
vt 0.022653125 1
vt 0 1
vt 0.022653125 1
vt 0 1
vt 0.0113265625 0.97265625
vt 0 1
vt 0.008668125 0.9790725
vt 0.029596875 1
vt 0 0.96875
vt 0.022653125 0.96875
vt 0.022653125 1
vt 0 1
vt 0.0209275 1
vt 0 0.991331875
vt 0.0209275 0.970403125
vt 0 1
vt 0 0.977346875
vt 0.02734375 0.9886734375
vt 0 0.96875
vt 0.022653125 0.96875
vt 0.022653125 1
vt 0 1
vt 0 1
vt 0 0.977346875
vt 0.02734375 0.9886734375
vt 0.0209275 1
vt 0 0.991331875
vt 0.0209275 0.970403125
vt 0 0.96875
vt 0.022653125 0.96875
vt 0.022653125 1
vt 0 1
vt 0 1
vt 0.008668125 0.9790725
vt 0.029596875 1
vt 0.022653125 1
vt 0 1
vt 0.0113265625 0.97265625
vt 0 0.96875
vt 0.022653125 0.96875
vt 0.022653125 1
vt 0 1
vt 0 0.97265625
vt 0.022653125 0.97265625
vt 0.0113265625 1
vt 0.9375 0.015625
vt 0.9375 0.0625
vt 0.9359375 0.0625
vt 0.9359375 0.015625
vt 0.9234375 0
vt 0.9234375 0.046875
vt 0.921875 0.046875
vt 0.921875 0
vt 0.984375 0.06093749999999998
vt 0.984375 0.0625
vt 0.921875 0.0625
vt 0.921875 0.06093749999999998
vt 0.984375 0.046875
vt 0.984375 0.04843750000000002
vt 0.921875 0.04843750000000002
vt 0.921875 0.046875
vt 0.96875 0.015625
vt 0.96875 0.0625
vt 0.90625 0.0625
vt 0.90625 0.015625
vt 0.359375 0.359375
vt 0.359375 0.40625
vt 0.296875 0.40625
vt 0.296875 0.359375
vt 0.125 0.3671875
vt 0.125 0.375
vt 0.046875 0.375
vt 0.046875 0.3671875
vt 0.109375 0.3984375
vt 0.109375 0.40625
vt 0.03125 0.40625
vt 0.03125 0.3984375
vt 0.0625 0.328125
vt 0.0625 0.40625
vt 0.03125 0.40625
vt 0.03125 0.328125
vt 0.0625 0.34375
vt 0.0625 0.421875
vt 0.03125 0.421875
vt 0.03125 0.34375
vt 0.09375 0.3671875
vt 0.09375 0.375
vt 0.0625 0.375
vt 0.0625 0.3671875
vt 0.125 0.3828125
vt 0.125 0.390625
vt 0.09375 0.390625
vt 0.09375 0.3828125
vt 0.11328125 0.3984375
vt 0.11328125 0.40625
vt 0.046875 0.40625
vt 0.046875 0.3984375
vt 0.140625 0.3984375
vt 0.140625 0.40625
vt 0.07421875 0.40625
vt 0.07421875 0.3984375
vt 0.0625 0.34375
vt 0.0625 0.41015625
vt 0.05078125 0.41015625
vt 0.05078125 0.34375
vt 0.0625 0.35546875
vt 0.0625 0.421875
vt 0.05078125 0.421875
vt 0.05078125 0.35546875
vt 0.078125 0.3984375
vt 0.078125 0.40625
vt 0.06640625 0.40625
vt 0.06640625 0.3984375
vt 0.08984375 0.3984375
vt 0.08984375 0.40625
vt 0.078125 0.40625
vt 0.078125 0.3984375
vt 0.19921875 0.3828125
vt 0.19921875 0.390625
vt 0.125 0.390625
vt 0.125 0.3828125
vt 0.21875 0.3671875
vt 0.21875 0.375
vt 0.14453125 0.375
vt 0.14453125 0.3671875
vt 0.10362421875 0.34375
vt 0.10362421875 0.41796875
vt 0.09765625 0.41796875
vt 0.09765625 0.34375
vt 0.11924921875 0.33203125
vt 0.11924921875 0.40625
vt 0.11328125 0.40625
vt 0.11328125 0.33203125
vt 0.08799921875 0.3671875
vt 0.08799921875 0.375
vt 0.08203125 0.375
vt 0.08203125 0.3671875
vt 0.08409296875 0.3984375
vt 0.08409296875 0.40625
vt 0.078125 0.40625
vt 0.078125 0.3984375
vt 0.16796875 0.3828125
vt 0.16796875 0.390625
vt 0.09375 0.390625
vt 0.09375 0.3828125
vt 0.125 0.3984375
vt 0.125 0.40625
vt 0.05078125 0.40625
vt 0.05078125 0.3984375
vt 0.078125 0.34375
vt 0.078125 0.41796875
vt 0.06640625 0.41796875
vt 0.06640625 0.34375
vt 0.0625 0.34765625
vt 0.0625 0.421875
vt 0.05078125 0.421875
vt 0.05078125 0.34765625
vt 0.15625 0.3671875
vt 0.15625 0.375
vt 0.14453125 0.375
vt 0.14453125 0.3671875
vt 0.12109375 0.3828125
vt 0.12109375 0.390625
vt 0.109375 0.390625
vt 0.109375 0.3828125
vt 0.15625 0.3671875
vt 0.15625 0.375
vt 0.09375 0.375
vt 0.09375 0.3671875
vt 0.125 0.3828125
vt 0.125 0.390625
vt 0.0625 0.390625
vt 0.0625 0.3828125
vt 0.0625 0.34375
vt 0.0625 0.40625
vt 0.046875 0.40625
vt 0.046875 0.34375
vt 0.078125 0.3125
vt 0.078125 0.375
vt 0.0625 0.375
vt 0.0625 0.3125
vt 0.078125 0.4140625
vt 0.078125 0.421875
vt 0.0625 0.421875
vt 0.0625 0.4140625
vt 0.171875 0.3828125
vt 0.171875 0.390625
vt 0.15625 0.390625
vt 0.15625 0.3828125
vt 0.171875 0.3828125
vt 0.171875 0.390625
vt 0.125 0.390625
vt 0.125 0.3828125
vt 0.140625 0.3984375
vt 0.140625 0.40625
vt 0.09375 0.40625
vt 0.09375 0.3984375
vt 0.15625 0.34375
vt 0.15625 0.390625
vt 0.1484375 0.390625
vt 0.1484375 0.34375
vt 0.109375 0.328125
vt 0.109375 0.375
vt 0.1015625 0.375
vt 0.1015625 0.328125
vt 0.1875 0.3671875
vt 0.1875 0.375
vt 0.1796875 0.375
vt 0.1796875 0.3671875
vt 0.1953125 0.3828125
vt 0.1953125 0.390625
vt 0.1875 0.390625
vt 0.1875 0.3828125
vt 0.07421875 0.3984375
vt 0.07421875 0.40625
vt 0.140625 0.40625
vt 0.140625 0.3984375
vt 0.046875 0.3984375
vt 0.046875 0.40625
vt 0.11328125 0.40625
vt 0.11328125 0.3984375
vt 0.05078125 0.34375
vt 0.05078125 0.41015625
vt 0.0625 0.41015625
vt 0.0625 0.34375
vt 0.05078125 0.35546875
vt 0.05078125 0.421875
vt 0.0625 0.421875
vt 0.0625 0.35546875
vt 0.06640625 0.3984375
vt 0.06640625 0.40625
vt 0.078125 0.40625
vt 0.078125 0.3984375
vt 0.078125 0.3984375
vt 0.078125 0.40625
vt 0.08984375 0.40625
vt 0.08984375 0.3984375
vt 0.09375 0.3984375
vt 0.09375 0.40625
vt 0.140625 0.40625
vt 0.140625 0.3984375
vt 0.125 0.3828125
vt 0.125 0.390625
vt 0.171875 0.390625
vt 0.171875 0.3828125
vt 0.1484375 0.34375
vt 0.1484375 0.390625
vt 0.15625 0.390625
vt 0.15625 0.34375
vt 0.1015625 0.328125
vt 0.1015625 0.375
vt 0.109375 0.375
vt 0.109375 0.328125
vt 0.1796875 0.3671875
vt 0.1796875 0.375
vt 0.1875 0.375
vt 0.1875 0.3671875
vt 0.1875 0.3828125
vt 0.1875 0.390625
vt 0.1953125 0.390625
vt 0.1953125 0.3828125
vt 0.0625 0.3828125
vt 0.0625 0.390625
vt 0.125 0.390625
vt 0.125 0.3828125
vt 0.09375 0.3671875
vt 0.09375 0.375
vt 0.15625 0.375
vt 0.15625 0.3671875
vt 0.046875 0.34375
vt 0.046875 0.40625
vt 0.0625 0.40625
vt 0.0625 0.34375
vt 0.0625 0.3125
vt 0.0625 0.375
vt 0.078125 0.375
vt 0.078125 0.3125
vt 0.0625 0.4140625
vt 0.0625 0.421875
vt 0.078125 0.421875
vt 0.078125 0.4140625
vt 0.15625 0.3828125
vt 0.15625 0.390625
vt 0.171875 0.390625
vt 0.171875 0.3828125
vt 0.05078125 0.3984375
vt 0.05078125 0.40625
vt 0.125 0.40625
vt 0.125 0.3984375
vt 0.09375 0.3828125
vt 0.09375 0.390625
vt 0.16796875 0.390625
vt 0.16796875 0.3828125
vt 0.06640625 0.34375
vt 0.06640625 0.41796875
vt 0.078125 0.41796875
vt 0.078125 0.34375
vt 0.05078125 0.34765625
vt 0.05078125 0.421875
vt 0.0625 0.421875
vt 0.0625 0.34765625
vt 0.14453125 0.3671875
vt 0.14453125 0.375
vt 0.15625 0.375
vt 0.15625 0.3671875
vt 0.109375 0.3828125
vt 0.109375 0.390625
vt 0.12109375 0.390625
vt 0.12109375 0.3828125
vt 0.14453125 0.3671875
vt 0.14453125 0.375
vt 0.21875 0.375
vt 0.21875 0.3671875
vt 0.125 0.3828125
vt 0.125 0.390625
vt 0.19921875 0.390625
vt 0.19921875 0.3828125
vt 0.09765625 0.34375
vt 0.09765625 0.41796875
vt 0.10362421875 0.41796875
vt 0.10362421875 0.34375
vt 0.11328125 0.33203125
vt 0.11328125 0.40625
vt 0.11924921875 0.40625
vt 0.11924921875 0.33203125
vt 0.08203125 0.3671875
vt 0.08203125 0.375
vt 0.08799921875 0.375
vt 0.08799921875 0.3671875
vt 0.078125 0.3984375
vt 0.078125 0.40625
vt 0.08409296875 0.40625
vt 0.08409296875 0.3984375
vt 0.3953125 0.671875
vt 0.3953125 0.6875
vt 0.375 0.6875
vt 0.375 0.671875
vt 0.3484375 0.6875
vt 0.3484375 0.703125
vt 0.328125 0.703125
vt 0.328125 0.6875
vt 0.40625 0.6984375
vt 0.40625 0.71875
vt 0.34375 0.71875
vt 0.34375 0.6984375
vt 0.390625 0.6515625
vt 0.390625 0.671875
vt 0.328125 0.671875
vt 0.328125 0.6515625
vt 0.390625 0.65625
vt 0.390625 0.671875
vt 0.328125 0.671875
vt 0.328125 0.65625
vt 0.953125 0.671875
vt 0.953125 0.6875
vt 0.890625 0.6875
vt 0.890625 0.671875
vt 0.39375 0.703125
vt 0.39375 0.71875
vt 0.375 0.71875
vt 0.375 0.703125
vt 0.33125 0.65625
vt 0.33125 0.671875
vt 0.3125 0.671875
vt 0.3125 0.65625
vt 0.390625 0.66875
vt 0.390625 0.6875
vt 0.3671875 0.6875
vt 0.3671875 0.66875
vt 0.34375 0.684375
vt 0.34375 0.703125
vt 0.3203125 0.703125
vt 0.3203125 0.684375
vt 0.328125 0.6875
vt 0.328125 0.703125
vt 0.3046875 0.703125
vt 0.3046875 0.6875
vt 0.9296875 0.625
vt 0.9296875 0.640625
vt 0.90625 0.640625
vt 0.90625 0.625
vt 0.359375 0.625
vt 0.359375 0.640625
vt 0.328125 0.640625
vt 0.328125 0.625
vt 0.453125 0.59375
vt 0.453125 0.609375
vt 0.421875 0.609375
vt 0.421875 0.59375
vt 0.375 0.625
vt 0.375 0.65625
vt 0.34375 0.65625
vt 0.34375 0.625
vt 0.328125 0.671875
vt 0.328125 0.703125
vt 0.296875 0.703125
vt 0.296875 0.671875
vt 0.390625 0.578125
vt 0.390625 0.59375
vt 0.359375 0.59375
vt 0.359375 0.578125
vt 0.9375 0.671875
vt 0.9375 0.6875
vt 0.90625 0.6875
vt 0.90625 0.671875
vt 0.39375 0.703125
vt 0.39375 0.71875
vt 0.375 0.71875
vt 0.375 0.703125
vt 0.33125 0.65625
vt 0.33125 0.671875
vt 0.3125 0.671875
vt 0.3125 0.65625
vt 0.390625 0.66875
vt 0.390625 0.6875
vt 0.3671875 0.6875
vt 0.3671875 0.66875
vt 0.34375 0.684375
vt 0.34375 0.703125
vt 0.3203125 0.703125
vt 0.3203125 0.684375
vt 0.328125 0.6875
vt 0.328125 0.703125
vt 0.3046875 0.703125
vt 0.3046875 0.6875
vt 0.9296875 0.625
vt 0.9296875 0.640625
vt 0.90625 0.640625
vt 0.90625 0.625
vt 0.39375 0.703125
vt 0.39375 0.71875
vt 0.375 0.71875
vt 0.375 0.703125
vt 0.33125 0.65625
vt 0.33125 0.671875
vt 0.3125 0.671875
vt 0.3125 0.65625
vt 0.390625 0.66875
vt 0.390625 0.6875
vt 0.3671875 0.6875
vt 0.3671875 0.66875
vt 0.34375 0.684375
vt 0.34375 0.703125
vt 0.3203125 0.703125
vt 0.3203125 0.684375
vt 0.328125 0.6875
vt 0.328125 0.703125
vt 0.3046875 0.703125
vt 0.3046875 0.6875
vt 0.9296875 0.625
vt 0.9296875 0.640625
vt 0.90625 0.640625
vt 0.90625 0.625
vt 0.39375 0.703125
vt 0.39375 0.71875
vt 0.375 0.71875
vt 0.375 0.703125
vt 0.33125 0.65625
vt 0.33125 0.671875
vt 0.3125 0.671875
vt 0.3125 0.65625
vt 0.390625 0.66875
vt 0.390625 0.6875
vt 0.3671875 0.6875
vt 0.3671875 0.66875
vt 0.34375 0.684375
vt 0.34375 0.703125
vt 0.3203125 0.703125
vt 0.3203125 0.684375
vt 0.328125 0.6875
vt 0.328125 0.703125
vt 0.3046875 0.703125
vt 0.3046875 0.6875
vt 0.9296875 0.625
vt 0.9296875 0.640625
vt 0.90625 0.640625
vt 0.90625 0.625
vt 0.39375 0.703125
vt 0.39375 0.71875
vt 0.375 0.71875
vt 0.375 0.703125
vt 0.33125 0.65625
vt 0.33125 0.671875
vt 0.3125 0.671875
vt 0.3125 0.65625
vt 0.390625 0.66875
vt 0.390625 0.6875
vt 0.3671875 0.6875
vt 0.3671875 0.66875
vt 0.34375 0.684375
vt 0.34375 0.703125
vt 0.3203125 0.703125
vt 0.3203125 0.684375
vt 0.328125 0.6875
vt 0.328125 0.703125
vt 0.3046875 0.703125
vt 0.3046875 0.6875
vt 0.9296875 0.625
vt 0.9296875 0.640625
vt 0.90625 0.640625
vt 0.90625 0.625
vt 0.39375 0.703125
vt 0.39375 0.71875
vt 0.375 0.71875
vt 0.375 0.703125
vt 0.33125 0.65625
vt 0.33125 0.671875
vt 0.3125 0.671875
vt 0.3125 0.65625
vt 0.390625 0.66875
vt 0.390625 0.6875
vt 0.3671875 0.6875
vt 0.3671875 0.66875
vt 0.34375 0.684375
vt 0.34375 0.703125
vt 0.3203125 0.703125
vt 0.3203125 0.684375
vt 0.328125 0.6875
vt 0.328125 0.703125
vt 0.3046875 0.703125
vt 0.3046875 0.6875
vt 0.9296875 0.625
vt 0.9296875 0.640625
vt 0.90625 0.640625
vt 0.90625 0.625
vt 0.39375 0.703125
vt 0.39375 0.71875
vt 0.375 0.71875
vt 0.375 0.703125
vt 0.33125 0.65625
vt 0.33125 0.671875
vt 0.3125 0.671875
vt 0.3125 0.65625
vt 0.390625 0.66875
vt 0.390625 0.6875
vt 0.3671875 0.6875
vt 0.3671875 0.66875
vt 0.34375 0.684375
vt 0.34375 0.703125
vt 0.3203125 0.703125
vt 0.3203125 0.684375
vt 0.328125 0.6875
vt 0.328125 0.703125
vt 0.3046875 0.703125
vt 0.3046875 0.6875
vt 0.9296875 0.625
vt 0.9296875 0.640625
vt 0.90625 0.640625
vt 0.90625 0.625
vt 0.328125 0.6875
vt 0.328125 0.703125
vt 0.3484375 0.703125
vt 0.3484375 0.6875
vt 0.375 0.671875
vt 0.375 0.6875
vt 0.3953125 0.6875
vt 0.3953125 0.671875
vt 0.34375 0.6984375
vt 0.34375 0.71875
vt 0.40625 0.71875
vt 0.40625 0.6984375
vt 0.328125 0.6515625
vt 0.328125 0.671875
vt 0.390625 0.671875
vt 0.390625 0.6515625
vt 0.328125 0.65625
vt 0.328125 0.671875
vt 0.390625 0.671875
vt 0.390625 0.65625
vt 0.890625 0.671875
vt 0.890625 0.6875
vt 0.953125 0.6875
vt 0.953125 0.671875
vt 0.3125 0.65625
vt 0.3125 0.671875
vt 0.33125 0.671875
vt 0.33125 0.65625
vt 0.375 0.703125
vt 0.375 0.71875
vt 0.39375 0.71875
vt 0.39375 0.703125
vt 0.3671875 0.66875
vt 0.3671875 0.6875
vt 0.390625 0.6875
vt 0.390625 0.66875
vt 0.3203125 0.684375
vt 0.3203125 0.703125
vt 0.34375 0.703125
vt 0.34375 0.684375
vt 0.3046875 0.6875
vt 0.3046875 0.703125
vt 0.328125 0.703125
vt 0.328125 0.6875
vt 0.90625 0.625
vt 0.90625 0.640625
vt 0.9296875 0.640625
vt 0.9296875 0.625
vt 0.3125 0.65625
vt 0.3125 0.671875
vt 0.33125 0.671875
vt 0.33125 0.65625
vt 0.375 0.703125
vt 0.375 0.71875
vt 0.39375 0.71875
vt 0.39375 0.703125
vt 0.3671875 0.66875
vt 0.3671875 0.6875
vt 0.390625 0.6875
vt 0.390625 0.66875
vt 0.3203125 0.684375
vt 0.3203125 0.703125
vt 0.34375 0.703125
vt 0.34375 0.684375
vt 0.3046875 0.6875
vt 0.3046875 0.703125
vt 0.328125 0.703125
vt 0.328125 0.6875
vt 0.90625 0.625
vt 0.90625 0.640625
vt 0.9296875 0.640625
vt 0.9296875 0.625
vt 0.3125 0.65625
vt 0.3125 0.671875
vt 0.33125 0.671875
vt 0.33125 0.65625
vt 0.375 0.703125
vt 0.375 0.71875
vt 0.39375 0.71875
vt 0.39375 0.703125
vt 0.3671875 0.66875
vt 0.3671875 0.6875
vt 0.390625 0.6875
vt 0.390625 0.66875
vt 0.3203125 0.684375
vt 0.3203125 0.703125
vt 0.34375 0.703125
vt 0.34375 0.684375
vt 0.3046875 0.6875
vt 0.3046875 0.703125
vt 0.328125 0.703125
vt 0.328125 0.6875
vt 0.90625 0.625
vt 0.90625 0.640625
vt 0.9296875 0.640625
vt 0.9296875 0.625
vt 0.3125 0.65625
vt 0.3125 0.671875
vt 0.33125 0.671875
vt 0.33125 0.65625
vt 0.375 0.703125
vt 0.375 0.71875
vt 0.39375 0.71875
vt 0.39375 0.703125
vt 0.3671875 0.66875
vt 0.3671875 0.6875
vt 0.390625 0.6875
vt 0.390625 0.66875
vt 0.3203125 0.684375
vt 0.3203125 0.703125
vt 0.34375 0.703125
vt 0.34375 0.684375
vt 0.3046875 0.6875
vt 0.3046875 0.703125
vt 0.328125 0.703125
vt 0.328125 0.6875
vt 0.90625 0.625
vt 0.90625 0.640625
vt 0.9296875 0.640625
vt 0.9296875 0.625
vt 0.3125 0.65625
vt 0.3125 0.671875
vt 0.33125 0.671875
vt 0.33125 0.65625
vt 0.375 0.703125
vt 0.375 0.71875
vt 0.39375 0.71875
vt 0.39375 0.703125
vt 0.3671875 0.66875
vt 0.3671875 0.6875
vt 0.390625 0.6875
vt 0.390625 0.66875
vt 0.3203125 0.684375
vt 0.3203125 0.703125
vt 0.34375 0.703125
vt 0.34375 0.684375
vt 0.3046875 0.6875
vt 0.3046875 0.703125
vt 0.328125 0.703125
vt 0.328125 0.6875
vt 0.90625 0.625
vt 0.90625 0.640625
vt 0.9296875 0.640625
vt 0.9296875 0.625
vt 0.3125 0.65625
vt 0.3125 0.671875
vt 0.33125 0.671875
vt 0.33125 0.65625
vt 0.375 0.703125
vt 0.375 0.71875
vt 0.39375 0.71875
vt 0.39375 0.703125
vt 0.3671875 0.66875
vt 0.3671875 0.6875
vt 0.390625 0.6875
vt 0.390625 0.66875
vt 0.3203125 0.684375
vt 0.3203125 0.703125
vt 0.34375 0.703125
vt 0.34375 0.684375
vt 0.3046875 0.6875
vt 0.3046875 0.703125
vt 0.328125 0.703125
vt 0.328125 0.6875
vt 0.90625 0.625
vt 0.90625 0.640625
vt 0.9296875 0.640625
vt 0.9296875 0.625
vt 0.3125 0.65625
vt 0.3125 0.671875
vt 0.33125 0.671875
vt 0.33125 0.65625
vt 0.375 0.703125
vt 0.375 0.71875
vt 0.39375 0.71875
vt 0.39375 0.703125
vt 0.3671875 0.66875
vt 0.3671875 0.6875
vt 0.390625 0.6875
vt 0.390625 0.66875
vt 0.3203125 0.684375
vt 0.3203125 0.703125
vt 0.34375 0.703125
vt 0.34375 0.684375
vt 0.3046875 0.6875
vt 0.3046875 0.703125
vt 0.328125 0.703125
vt 0.328125 0.6875
vt 0.90625 0.625
vt 0.90625 0.640625
vt 0.9296875 0.640625
vt 0.9296875 0.625
vt 0.359375 0.671875
vt 0.359375 0.6875
vt 0.34375 0.6875
vt 0.34375 0.671875
vt 0.390625 0.6875
vt 0.390625 0.703125
vt 0.375 0.703125
vt 0.375 0.6875
vt 0.42578125 0.703125
vt 0.42578125 0.71875
vt 0.33984375 0.71875
vt 0.33984375 0.703125
vt 0.42578125 0.625
vt 0.42578125 0.640625
vt 0.33984375 0.640625
vt 0.33984375 0.625
vt 0.42578125 0.6875
vt 0.42578125 0.703125
vt 0.33984375 0.703125
vt 0.33984375 0.6875
vt 0.4296875 0.578125
vt 0.4296875 0.59375
vt 0.34375 0.59375
vt 0.34375 0.578125
vt 0.3125 0.65625
vt 0.3125 0.671875
vt 0.296875 0.671875
vt 0.296875 0.65625
vt 0.3125 0.609375
vt 0.3125 0.625
vt 0.296875 0.625
vt 0.296875 0.609375
vt 0.4375 0.671875
vt 0.4375 0.6875
vt 0.328125 0.6875
vt 0.328125 0.671875
vt 0.4375 0.625
vt 0.4375 0.640625
vt 0.328125 0.640625
vt 0.328125 0.625
vt 0.421875 0.703125
vt 0.421875 0.71875
vt 0.3125 0.71875
vt 0.3125 0.703125
vt 0.4375 0.5625
vt 0.4375 0.578125
vt 0.328125 0.578125
vt 0.328125 0.5625
vt 0.3125 0.578125
vt 0.3125 0.671875
vt 0.296875 0.671875
vt 0.296875 0.578125
vt 0.3125 0.578125
vt 0.3125 0.671875
vt 0.296875 0.671875
vt 0.296875 0.578125
vt 0.4375 0.65625
vt 0.4375 0.671875
vt 0.296875 0.671875
vt 0.296875 0.65625
vt 0.4375 0.625
vt 0.4375 0.640625
vt 0.296875 0.640625
vt 0.296875 0.625
vt 0.40625 0.21875
vt 0.40625 0.3125
vt 0.265625 0.3125
vt 0.265625 0.21875
vt 0.40625 0.21875
vt 0.40625 0.3125
vt 0.265625 0.3125
vt 0.265625 0.21875
vt 0.3953125 0.6875
vt 0.3953125 0.671875
vt 0.375 0.671875
vt 0.375 0.6875
vt 0.3484375 0.703125
vt 0.3484375 0.6875
vt 0.328125 0.6875
vt 0.328125 0.703125
vt 0.390625 0.671875
vt 0.390625 0.6515625
vt 0.328125 0.6515625
vt 0.328125 0.671875
vt 0.40625 0.71875
vt 0.40625 0.6984375
vt 0.34375 0.6984375
vt 0.34375 0.71875
vt 0.390625 0.671875
vt 0.390625 0.65625
vt 0.328125 0.65625
vt 0.328125 0.671875
vt 0.953125 0.6875
vt 0.953125 0.671875
vt 0.890625 0.671875
vt 0.890625 0.6875
vt 0.39375 0.71875
vt 0.39375 0.703125
vt 0.375 0.703125
vt 0.375 0.71875
vt 0.33125 0.671875
vt 0.33125 0.65625
vt 0.3125 0.65625
vt 0.3125 0.671875
vt 0.34375 0.703125
vt 0.34375 0.684375
vt 0.3203125 0.684375
vt 0.3203125 0.703125
vt 0.390625 0.6875
vt 0.390625 0.66875
vt 0.3671875 0.66875
vt 0.3671875 0.6875
vt 0.328125 0.703125
vt 0.328125 0.6875
vt 0.3046875 0.6875
vt 0.3046875 0.703125
vt 0.9296875 0.640625
vt 0.9296875 0.625
vt 0.90625 0.625
vt 0.90625 0.640625
vt 0.39375 0.71875
vt 0.39375 0.703125
vt 0.375 0.703125
vt 0.375 0.71875
vt 0.33125 0.671875
vt 0.33125 0.65625
vt 0.3125 0.65625
vt 0.3125 0.671875
vt 0.34375 0.703125
vt 0.34375 0.684375
vt 0.3203125 0.684375
vt 0.3203125 0.703125
vt 0.390625 0.6875
vt 0.390625 0.66875
vt 0.3671875 0.66875
vt 0.3671875 0.6875
vt 0.328125 0.703125
vt 0.328125 0.6875
vt 0.3046875 0.6875
vt 0.3046875 0.703125
vt 0.9296875 0.640625
vt 0.9296875 0.625
vt 0.90625 0.625
vt 0.90625 0.640625
vt 0.39375 0.71875
vt 0.39375 0.703125
vt 0.375 0.703125
vt 0.375 0.71875
vt 0.33125 0.671875
vt 0.33125 0.65625
vt 0.3125 0.65625
vt 0.3125 0.671875
vt 0.34375 0.703125
vt 0.34375 0.684375
vt 0.3203125 0.684375
vt 0.3203125 0.703125
vt 0.390625 0.6875
vt 0.390625 0.66875
vt 0.3671875 0.66875
vt 0.3671875 0.6875
vt 0.328125 0.703125
vt 0.328125 0.6875
vt 0.3046875 0.6875
vt 0.3046875 0.703125
vt 0.9296875 0.640625
vt 0.9296875 0.625
vt 0.90625 0.625
vt 0.90625 0.640625
vt 0.39375 0.71875
vt 0.39375 0.703125
vt 0.375 0.703125
vt 0.375 0.71875
vt 0.33125 0.671875
vt 0.33125 0.65625
vt 0.3125 0.65625
vt 0.3125 0.671875
vt 0.34375 0.703125
vt 0.34375 0.684375
vt 0.3203125 0.684375
vt 0.3203125 0.703125
vt 0.390625 0.6875
vt 0.390625 0.66875
vt 0.3671875 0.66875
vt 0.3671875 0.6875
vt 0.328125 0.703125
vt 0.328125 0.6875
vt 0.3046875 0.6875
vt 0.3046875 0.703125
vt 0.9296875 0.640625
vt 0.9296875 0.625
vt 0.90625 0.625
vt 0.90625 0.640625
vt 0.39375 0.71875
vt 0.39375 0.703125
vt 0.375 0.703125
vt 0.375 0.71875
vt 0.33125 0.671875
vt 0.33125 0.65625
vt 0.3125 0.65625
vt 0.3125 0.671875
vt 0.34375 0.703125
vt 0.34375 0.684375
vt 0.3203125 0.684375
vt 0.3203125 0.703125
vt 0.390625 0.6875
vt 0.390625 0.66875
vt 0.3671875 0.66875
vt 0.3671875 0.6875
vt 0.328125 0.703125
vt 0.328125 0.6875
vt 0.3046875 0.6875
vt 0.3046875 0.703125
vt 0.9296875 0.640625
vt 0.9296875 0.625
vt 0.90625 0.625
vt 0.90625 0.640625
vt 0.39375 0.71875
vt 0.39375 0.703125
vt 0.375 0.703125
vt 0.375 0.71875
vt 0.33125 0.671875
vt 0.33125 0.65625
vt 0.3125 0.65625
vt 0.3125 0.671875
vt 0.34375 0.703125
vt 0.34375 0.684375
vt 0.3203125 0.684375
vt 0.3203125 0.703125
vt 0.390625 0.6875
vt 0.390625 0.66875
vt 0.3671875 0.66875
vt 0.3671875 0.6875
vt 0.328125 0.703125
vt 0.328125 0.6875
vt 0.3046875 0.6875
vt 0.3046875 0.703125
vt 0.9296875 0.640625
vt 0.9296875 0.625
vt 0.90625 0.625
vt 0.90625 0.640625
vt 0.39375 0.71875
vt 0.39375 0.703125
vt 0.375 0.703125
vt 0.375 0.71875
vt 0.33125 0.671875
vt 0.33125 0.65625
vt 0.3125 0.65625
vt 0.3125 0.671875
vt 0.34375 0.703125
vt 0.34375 0.684375
vt 0.3203125 0.684375
vt 0.3203125 0.703125
vt 0.390625 0.6875
vt 0.390625 0.66875
vt 0.3671875 0.66875
vt 0.3671875 0.6875
vt 0.328125 0.703125
vt 0.328125 0.6875
vt 0.3046875 0.6875
vt 0.3046875 0.703125
vt 0.9296875 0.640625
vt 0.9296875 0.625
vt 0.90625 0.625
vt 0.90625 0.640625
vt 0.3125 0.671875
vt 0.3125 0.65625
vt 0.33125 0.65625
vt 0.33125 0.671875
vt 0.375 0.71875
vt 0.375 0.703125
vt 0.39375 0.703125
vt 0.39375 0.71875
vt 0.3203125 0.703125
vt 0.3203125 0.684375
vt 0.34375 0.684375
vt 0.34375 0.703125
vt 0.3671875 0.6875
vt 0.3671875 0.66875
vt 0.390625 0.66875
vt 0.390625 0.6875
vt 0.3046875 0.703125
vt 0.3046875 0.6875
vt 0.328125 0.6875
vt 0.328125 0.703125
vt 0.90625 0.640625
vt 0.90625 0.625
vt 0.9296875 0.625
vt 0.9296875 0.640625
vt 0.3125 0.671875
vt 0.3125 0.65625
vt 0.33125 0.65625
vt 0.33125 0.671875
vt 0.375 0.71875
vt 0.375 0.703125
vt 0.39375 0.703125
vt 0.39375 0.71875
vt 0.3203125 0.703125
vt 0.3203125 0.684375
vt 0.34375 0.684375
vt 0.34375 0.703125
vt 0.3671875 0.6875
vt 0.3671875 0.66875
vt 0.390625 0.66875
vt 0.390625 0.6875
vt 0.3046875 0.703125
vt 0.3046875 0.6875
vt 0.328125 0.6875
vt 0.328125 0.703125
vt 0.90625 0.640625
vt 0.90625 0.625
vt 0.9296875 0.625
vt 0.9296875 0.640625
vt 0.3125 0.671875
vt 0.3125 0.65625
vt 0.33125 0.65625
vt 0.33125 0.671875
vt 0.375 0.71875
vt 0.375 0.703125
vt 0.39375 0.703125
vt 0.39375 0.71875
vt 0.3203125 0.703125
vt 0.3203125 0.684375
vt 0.34375 0.684375
vt 0.34375 0.703125
vt 0.3671875 0.6875
vt 0.3671875 0.66875
vt 0.390625 0.66875
vt 0.390625 0.6875
vt 0.3046875 0.703125
vt 0.3046875 0.6875
vt 0.328125 0.6875
vt 0.328125 0.703125
vt 0.90625 0.640625
vt 0.90625 0.625
vt 0.9296875 0.625
vt 0.9296875 0.640625
vt 0.3125 0.671875
vt 0.3125 0.65625
vt 0.33125 0.65625
vt 0.33125 0.671875
vt 0.375 0.71875
vt 0.375 0.703125
vt 0.39375 0.703125
vt 0.39375 0.71875
vt 0.3203125 0.703125
vt 0.3203125 0.684375
vt 0.34375 0.684375
vt 0.34375 0.703125
vt 0.3671875 0.6875
vt 0.3671875 0.66875
vt 0.390625 0.66875
vt 0.390625 0.6875
vt 0.3046875 0.703125
vt 0.3046875 0.6875
vt 0.328125 0.6875
vt 0.328125 0.703125
vt 0.90625 0.640625
vt 0.90625 0.625
vt 0.9296875 0.625
vt 0.9296875 0.640625
vt 0.3125 0.671875
vt 0.3125 0.65625
vt 0.33125 0.65625
vt 0.33125 0.671875
vt 0.375 0.71875
vt 0.375 0.703125
vt 0.39375 0.703125
vt 0.39375 0.71875
vt 0.3203125 0.703125
vt 0.3203125 0.684375
vt 0.34375 0.684375
vt 0.34375 0.703125
vt 0.3671875 0.6875
vt 0.3671875 0.66875
vt 0.390625 0.66875
vt 0.390625 0.6875
vt 0.3046875 0.703125
vt 0.3046875 0.6875
vt 0.328125 0.6875
vt 0.328125 0.703125
vt 0.90625 0.640625
vt 0.90625 0.625
vt 0.9296875 0.625
vt 0.9296875 0.640625
vt 0.3125 0.671875
vt 0.3125 0.65625
vt 0.33125 0.65625
vt 0.33125 0.671875
vt 0.375 0.71875
vt 0.375 0.703125
vt 0.39375 0.703125
vt 0.39375 0.71875
vt 0.3203125 0.703125
vt 0.3203125 0.684375
vt 0.34375 0.684375
vt 0.34375 0.703125
vt 0.3671875 0.6875
vt 0.3671875 0.66875
vt 0.390625 0.66875
vt 0.390625 0.6875
vt 0.3046875 0.703125
vt 0.3046875 0.6875
vt 0.328125 0.6875
vt 0.328125 0.703125
vt 0.90625 0.640625
vt 0.90625 0.625
vt 0.9296875 0.625
vt 0.9296875 0.640625
vt 0.3125 0.671875
vt 0.3125 0.65625
vt 0.33125 0.65625
vt 0.33125 0.671875
vt 0.375 0.71875
vt 0.375 0.703125
vt 0.39375 0.703125
vt 0.39375 0.71875
vt 0.3203125 0.703125
vt 0.3203125 0.684375
vt 0.34375 0.684375
vt 0.34375 0.703125
vt 0.3671875 0.6875
vt 0.3671875 0.66875
vt 0.390625 0.66875
vt 0.390625 0.6875
vt 0.3046875 0.703125
vt 0.3046875 0.6875
vt 0.328125 0.6875
vt 0.328125 0.703125
vt 0.90625 0.640625
vt 0.90625 0.625
vt 0.9296875 0.625
vt 0.9296875 0.640625
vt 0.328125 0.703125
vt 0.328125 0.6875
vt 0.3484375 0.6875
vt 0.3484375 0.703125
vt 0.375 0.6875
vt 0.375 0.671875
vt 0.3953125 0.671875
vt 0.3953125 0.6875
vt 0.328125 0.671875
vt 0.328125 0.6515625
vt 0.390625 0.6515625
vt 0.390625 0.671875
vt 0.34375 0.71875
vt 0.34375 0.6984375
vt 0.40625 0.6984375
vt 0.40625 0.71875
vt 0.328125 0.671875
vt 0.328125 0.65625
vt 0.390625 0.65625
vt 0.390625 0.671875
vt 0.890625 0.6875
vt 0.890625 0.671875
vt 0.953125 0.671875
vt 0.953125 0.6875
vt 0.390625 0.671875
vt 0.390625 0.65625
vt 0.359375 0.65625
vt 0.359375 0.671875
vt 0.453125 0.609375
vt 0.453125 0.59375
vt 0.421875 0.59375
vt 0.421875 0.609375
vt 0.328125 0.703125
vt 0.328125 0.671875
vt 0.296875 0.671875
vt 0.296875 0.703125
vt 0.375 0.65625
vt 0.375 0.625
vt 0.34375 0.625
vt 0.34375 0.65625
vt 0.390625 0.59375
vt 0.390625 0.578125
vt 0.359375 0.578125
vt 0.359375 0.59375
vt 0.9375 0.6875
vt 0.9375 0.671875
vt 0.90625 0.671875
vt 0.90625 0.6875
vt 0.9375 0.015625
vt 0.9375 0.0625
vt 0.9359375 0.0625
vt 0.9359375 0.015625
vt 0.9234375 0
vt 0.9234375 0.046875
vt 0.921875 0.046875
vt 0.921875 0
vt 0.984375 0.06093749999999998
vt 0.984375 0.0625
vt 0.921875 0.0625
vt 0.921875 0.06093749999999998
vt 0.984375 0.046875
vt 0.984375 0.04843750000000002
vt 0.921875 0.04843750000000002
vt 0.921875 0.046875
vt 0.96875 0.015625
vt 0.96875 0.0625
vt 0.90625 0.0625
vt 0.90625 0.015625
vt 0.359375 0.359375
vt 0.359375 0.40625
vt 0.296875 0.40625
vt 0.296875 0.359375
vt 0.125 0.3671875
vt 0.125 0.375
vt 0.046875 0.375
vt 0.046875 0.3671875
vt 0.109375 0.3984375
vt 0.109375 0.40625
vt 0.03125 0.40625
vt 0.03125 0.3984375
vt 0.0625 0.328125
vt 0.0625 0.40625
vt 0.03125 0.40625
vt 0.03125 0.328125
vt 0.0625 0.34375
vt 0.0625 0.421875
vt 0.03125 0.421875
vt 0.03125 0.34375
vt 0.09375 0.3671875
vt 0.09375 0.375
vt 0.0625 0.375
vt 0.0625 0.3671875
vt 0.125 0.3828125
vt 0.125 0.390625
vt 0.09375 0.390625
vt 0.09375 0.3828125
vt 0.11328125 0.3984375
vt 0.11328125 0.40625
vt 0.046875 0.40625
vt 0.046875 0.3984375
vt 0.140625 0.3984375
vt 0.140625 0.40625
vt 0.07421875 0.40625
vt 0.07421875 0.3984375
vt 0.0625 0.34375
vt 0.0625 0.41015625
vt 0.05078125 0.41015625
vt 0.05078125 0.34375
vt 0.0625 0.35546875
vt 0.0625 0.421875
vt 0.05078125 0.421875
vt 0.05078125 0.35546875
vt 0.078125 0.3984375
vt 0.078125 0.40625
vt 0.06640625 0.40625
vt 0.06640625 0.3984375
vt 0.08984375 0.3984375
vt 0.08984375 0.40625
vt 0.078125 0.40625
vt 0.078125 0.3984375
vt 0.19921875 0.3828125
vt 0.19921875 0.390625
vt 0.125 0.390625
vt 0.125 0.3828125
vt 0.21875 0.3671875
vt 0.21875 0.375
vt 0.14453125 0.375
vt 0.14453125 0.3671875
vt 0.10362421875 0.34375
vt 0.10362421875 0.41796875
vt 0.09765625 0.41796875
vt 0.09765625 0.34375
vt 0.11924921875 0.33203125
vt 0.11924921875 0.40625
vt 0.11328125 0.40625
vt 0.11328125 0.33203125
vt 0.08799921875 0.3671875
vt 0.08799921875 0.375
vt 0.08203125 0.375
vt 0.08203125 0.3671875
vt 0.08409296875 0.3984375
vt 0.08409296875 0.40625
vt 0.078125 0.40625
vt 0.078125 0.3984375
vt 0.16796875 0.3828125
vt 0.16796875 0.390625
vt 0.09375 0.390625
vt 0.09375 0.3828125
vt 0.125 0.3984375
vt 0.125 0.40625
vt 0.05078125 0.40625
vt 0.05078125 0.3984375
vt 0.078125 0.34375
vt 0.078125 0.41796875
vt 0.06640625 0.41796875
vt 0.06640625 0.34375
vt 0.0625 0.34765625
vt 0.0625 0.421875
vt 0.05078125 0.421875
vt 0.05078125 0.34765625
vt 0.15625 0.3671875
vt 0.15625 0.375
vt 0.14453125 0.375
vt 0.14453125 0.3671875
vt 0.12109375 0.3828125
vt 0.12109375 0.390625
vt 0.109375 0.390625
vt 0.109375 0.3828125
vt 0.15625 0.3671875
vt 0.15625 0.375
vt 0.09375 0.375
vt 0.09375 0.3671875
vt 0.125 0.3828125
vt 0.125 0.390625
vt 0.0625 0.390625
vt 0.0625 0.3828125
vt 0.0625 0.34375
vt 0.0625 0.40625
vt 0.046875 0.40625
vt 0.046875 0.34375
vt 0.078125 0.3125
vt 0.078125 0.375
vt 0.0625 0.375
vt 0.0625 0.3125
vt 0.078125 0.4140625
vt 0.078125 0.421875
vt 0.0625 0.421875
vt 0.0625 0.4140625
vt 0.171875 0.3828125
vt 0.171875 0.390625
vt 0.15625 0.390625
vt 0.15625 0.3828125
vt 0.171875 0.3828125
vt 0.171875 0.390625
vt 0.125 0.390625
vt 0.125 0.3828125
vt 0.140625 0.3984375
vt 0.140625 0.40625
vt 0.09375 0.40625
vt 0.09375 0.3984375
vt 0.15625 0.34375
vt 0.15625 0.390625
vt 0.1484375 0.390625
vt 0.1484375 0.34375
vt 0.109375 0.328125
vt 0.109375 0.375
vt 0.1015625 0.375
vt 0.1015625 0.328125
vt 0.1875 0.3671875
vt 0.1875 0.375
vt 0.1796875 0.375
vt 0.1796875 0.3671875
vt 0.1953125 0.3828125
vt 0.1953125 0.390625
vt 0.1875 0.390625
vt 0.1875 0.3828125
vt 0.07421875 0.3984375
vt 0.07421875 0.40625
vt 0.140625 0.40625
vt 0.140625 0.3984375
vt 0.046875 0.3984375
vt 0.046875 0.40625
vt 0.11328125 0.40625
vt 0.11328125 0.3984375
vt 0.05078125 0.34375
vt 0.05078125 0.41015625
vt 0.0625 0.41015625
vt 0.0625 0.34375
vt 0.05078125 0.35546875
vt 0.05078125 0.421875
vt 0.0625 0.421875
vt 0.0625 0.35546875
vt 0.06640625 0.3984375
vt 0.06640625 0.40625
vt 0.078125 0.40625
vt 0.078125 0.3984375
vt 0.078125 0.3984375
vt 0.078125 0.40625
vt 0.08984375 0.40625
vt 0.08984375 0.3984375
vt 0.09375 0.3984375
vt 0.09375 0.40625
vt 0.140625 0.40625
vt 0.140625 0.3984375
vt 0.125 0.3828125
vt 0.125 0.390625
vt 0.171875 0.390625
vt 0.171875 0.3828125
vt 0.1484375 0.34375
vt 0.1484375 0.390625
vt 0.15625 0.390625
vt 0.15625 0.34375
vt 0.1015625 0.328125
vt 0.1015625 0.375
vt 0.109375 0.375
vt 0.109375 0.328125
vt 0.1796875 0.3671875
vt 0.1796875 0.375
vt 0.1875 0.375
vt 0.1875 0.3671875
vt 0.1875 0.3828125
vt 0.1875 0.390625
vt 0.1953125 0.390625
vt 0.1953125 0.3828125
vt 0.0625 0.3828125
vt 0.0625 0.390625
vt 0.125 0.390625
vt 0.125 0.3828125
vt 0.09375 0.3671875
vt 0.09375 0.375
vt 0.15625 0.375
vt 0.15625 0.3671875
vt 0.046875 0.34375
vt 0.046875 0.40625
vt 0.0625 0.40625
vt 0.0625 0.34375
vt 0.0625 0.3125
vt 0.0625 0.375
vt 0.078125 0.375
vt 0.078125 0.3125
vt 0.0625 0.4140625
vt 0.0625 0.421875
vt 0.078125 0.421875
vt 0.078125 0.4140625
vt 0.15625 0.3828125
vt 0.15625 0.390625
vt 0.171875 0.390625
vt 0.171875 0.3828125
vt 0.05078125 0.3984375
vt 0.05078125 0.40625
vt 0.125 0.40625
vt 0.125 0.3984375
vt 0.09375 0.3828125
vt 0.09375 0.390625
vt 0.16796875 0.390625
vt 0.16796875 0.3828125
vt 0.06640625 0.34375
vt 0.06640625 0.41796875
vt 0.078125 0.41796875
vt 0.078125 0.34375
vt 0.05078125 0.34765625
vt 0.05078125 0.421875
vt 0.0625 0.421875
vt 0.0625 0.34765625
vt 0.14453125 0.3671875
vt 0.14453125 0.375
vt 0.15625 0.375
vt 0.15625 0.3671875
vt 0.109375 0.3828125
vt 0.109375 0.390625
vt 0.12109375 0.390625
vt 0.12109375 0.3828125
vt 0.14453125 0.3671875
vt 0.14453125 0.375
vt 0.21875 0.375
vt 0.21875 0.3671875
vt 0.125 0.3828125
vt 0.125 0.390625
vt 0.19921875 0.390625
vt 0.19921875 0.3828125
vt 0.09765625 0.34375
vt 0.09765625 0.41796875
vt 0.10362421875 0.41796875
vt 0.10362421875 0.34375
vt 0.11328125 0.33203125
vt 0.11328125 0.40625
vt 0.11924921875 0.40625
vt 0.11924921875 0.33203125
vt 0.08203125 0.3671875
vt 0.08203125 0.375
vt 0.08799921875 0.375
vt 0.08799921875 0.3671875
vt 0.078125 0.3984375
vt 0.078125 0.40625
vt 0.08409296875 0.40625
vt 0.08409296875 0.3984375
vt 0.3125 0.359375
vt 0.3125 0.4375
vt 0.296875 0.4375
vt 0.296875 0.359375
vt 0.3125 0.359375
vt 0.3125 0.4375
vt 0.296875 0.4375
vt 0.296875 0.359375
vt 0.4375 0.421875
vt 0.4375 0.4375
vt 0.296875 0.4375
vt 0.296875 0.421875
vt 0.4375 0.359375
vt 0.4375 0.375
vt 0.296875 0.375
vt 0.296875 0.359375
vt 0.4375 0.359375
vt 0.4375 0.4375
vt 0.296875 0.4375
vt 0.296875 0.359375
vt 0.4375 0.359375
vt 0.4375 0.4375
vt 0.296875 0.4375
vt 0.296875 0.359375
vt 0.375 0.4375
vt 0.375 0.453125
vt 0.359375 0.453125
vt 0.359375 0.4375
vt 0.359375 0.4375
vt 0.359375 0.453125
vt 0.34375 0.453125
vt 0.34375 0.4375
vt 0.421875 0.4375
vt 0.421875 0.453125
vt 0.3125 0.453125
vt 0.3125 0.4375
vt 0.421875 0.4375
vt 0.421875 0.453125
vt 0.3125 0.453125
vt 0.3125 0.4375
vt 0.421875 0.4375
vt 0.421875 0.453125
vt 0.3125 0.453125
vt 0.3125 0.4375
vt 0.421875 0.4375
vt 0.421875 0.453125
vt 0.3125 0.453125
vt 0.3125 0.4375
vt 0.390625 0.453125
vt 0.390625 0.46875
vt 0.375 0.46875
vt 0.375 0.453125
vt 0.359375 0.453125
vt 0.359375 0.46875
vt 0.34375 0.46875
vt 0.34375 0.453125
vt 0.41015625 0.453125
vt 0.41015625 0.46875
vt 0.32421875 0.46875
vt 0.32421875 0.453125
vt 0.41015625 0.453125
vt 0.41015625 0.46875
vt 0.32421875 0.46875
vt 0.32421875 0.453125
vt 0.41015625 0.453125
vt 0.41015625 0.46875
vt 0.32421875 0.46875
vt 0.32421875 0.453125
vt 0.41015625 0.453125
vt 0.41015625 0.46875
vt 0.32421875 0.46875
vt 0.32421875 0.453125
vt 0.015625 0.984375
vt 0.015625 1
vt 0 1
vt 0 0.984375
vt 0.03125 0.984375
vt 0.03125 1
vt 0.015625 1
vt 0.015625 0.984375
vt 0.046875 0.96875
vt 0.046875 0.984375
vt 0 0.984375
vt 0 0.96875
vt 0.046875 0.984375
vt 0.046875 1
vt 0 1
vt 0 0.984375
vt 0.046875 0.984375
vt 0.046875 1
vt 0 1
vt 0 0.984375
vt 0.046875 0.984375
vt 0.046875 1
vt 0 1
vt 0 0.984375
vt 0.015625 0.984375
vt 0.015625 1
vt 0.03125 1
vt 0.03125 0.984375
vt 0 0.984375
vt 0 1
vt 0.015625 1
vt 0.015625 0.984375
vt 0 0.96875
vt 0 0.984375
vt 0.046875 0.984375
vt 0.046875 0.96875
vt 0 0.984375
vt 0 1
vt 0.046875 1
vt 0.046875 0.984375
vt 0 0.984375
vt 0 1
vt 0.046875 1
vt 0.046875 0.984375
vt 0 0.984375
vt 0 1
vt 0.046875 1
vt 0.046875 0.984375
vt 0.125 0.890625
vt 0.125 1
vt 0.09375 1
vt 0.09375 0.890625
vt 0.125 0.890625
vt 0.125 1
vt 0.09375 1
vt 0.09375 0.890625
vt 0.109375 0.96875
vt 0.109375 1
vt 0.09375 1
vt 0.09375 0.96875
vt 0.125 0.96875
vt 0.125 1
vt 0.109375 1
vt 0.109375 0.96875
vt 0.109375 0.890625
vt 0.109375 1
vt 0.09375 1
vt 0.09375 0.890625
vt 0.125 0.890625
vt 0.125 1
vt 0.109375 1
vt 0.109375 0.890625
vt 0.125 0.890625
vt 0.125 1
vt 0.09375 1
vt 0.09375 0.890625
vt 0.125 0.890625
vt 0.125 1
vt 0.09375 1
vt 0.09375 0.890625
vt 0.109375 0.96875
vt 0.109375 1
vt 0.09375 1
vt 0.09375 0.96875
vt 0.125 0.96875
vt 0.125 1
vt 0.109375 1
vt 0.109375 0.96875
vt 0.109375 0.890625
vt 0.109375 1
vt 0.09375 1
vt 0.09375 0.890625
vt 0.125 0.890625
vt 0.125 1
vt 0.109375 1
vt 0.109375 0.890625
vt 0.01953125 0.96875
vt 0.01953125 0.984375
vt 0 0.984375
vt 0 0.96875
vt 0.03515625 0.96875
vt 0.03515625 0.984375
vt 0.015625 0.984375
vt 0.015625 0.96875
vt 0.078125 0.96484375
vt 0.078125 0.984375
vt 0 0.984375
vt 0 0.96484375
vt 0.078125 0.98046875
vt 0.078125 1
vt 0 1
vt 0 0.98046875
vt 0.078125 0.96875
vt 0.078125 0.984375
vt 0 0.984375
vt 0 0.96875
vt 0.078125 0.96875
vt 0.078125 0.984375
vt 0 0.984375
vt 0 0.96875
vt 0.015625 0.984375
vt 0.015625 1
vt 0 1
vt 0 0.984375
vt 0.03125 0.984375
vt 0.03125 1
vt 0.015625 1
vt 0.015625 0.984375
vt 0.046875 0.96875
vt 0.046875 0.984375
vt 0 0.984375
vt 0 0.96875
vt 0.046875 0.984375
vt 0.046875 1
vt 0 1
vt 0 0.984375
vt 0.046875 0.984375
vt 0.046875 1
vt 0 1
vt 0 0.984375
vt 0.046875 0.984375
vt 0.046875 1
vt 0 1
vt 0 0.984375
vt 0.046875 0.984375
vt 0.046875 1
vt 0.03125 1
vt 0.03125 0.984375
vt 0.03125 0.984375
vt 0.03125 1
vt 0.015625 1
vt 0.015625 0.984375
vt 0.09375 0.96875
vt 0.09375 0.984375
vt 0.046875 0.984375
vt 0.046875 0.96875
vt 0.09375 0.984375
vt 0.09375 1
vt 0.046875 1
vt 0.046875 0.984375
vt 0.09375 0.984375
vt 0.09375 1
vt 0.046875 1
vt 0.046875 0.984375
vt 0.09375 0.984375
vt 0.09375 1
vt 0.046875 1
vt 0.046875 0.984375
vt 0.125 0.890625
vt 0.125 1
vt 0.09375 1
vt 0.09375 0.890625
vt 0.125 0.890625
vt 0.125 1
vt 0.09375 1
vt 0.09375 0.890625
vt 0.109375 0.96875
vt 0.109375 1
vt 0.09375 1
vt 0.09375 0.96875
vt 0.125 0.96875
vt 0.125 1
vt 0.109375 1
vt 0.109375 0.96875
vt 0.109375 0.890625
vt 0.109375 1
vt 0.09375 1
vt 0.09375 0.890625
vt 0.125 0.890625
vt 0.125 1
vt 0.109375 1
vt 0.109375 0.890625
vt 0.125 0.890625
vt 0.125 1
vt 0.09375 1
vt 0.09375 0.890625
vt 0.125 0.890625
vt 0.125 1
vt 0.09375 1
vt 0.09375 0.890625
vt 0.109375 0.96875
vt 0.109375 1
vt 0.09375 1
vt 0.09375 0.96875
vt 0.125 0.96875
vt 0.125 1
vt 0.109375 1
vt 0.109375 0.96875
vt 0.109375 0.890625
vt 0.109375 1
vt 0.09375 1
vt 0.09375 0.890625
vt 0.125 0.890625
vt 0.125 1
vt 0.109375 1
vt 0.109375 0.890625
vt 0.01953125 0.96875
vt 0.01953125 0.984375
vt 0 0.984375
vt 0 0.96875
vt 0.03515625 0.96875
vt 0.03515625 0.984375
vt 0.015625 0.984375
vt 0.015625 0.96875
vt 0.078125 0.96484375
vt 0.078125 0.984375
vt 0 0.984375
vt 0 0.96484375
vt 0.078125 0.98046875
vt 0.078125 1
vt 0 1
vt 0 0.98046875
vt 0.078125 0.96875
vt 0.078125 0.984375
vt 0 0.984375
vt 0 0.96875
vt 0.078125 0.96875
vt 0.078125 0.984375
vt 0 0.984375
vt 0 0.96875
vt 0.03125 0.9921875
vt 0.03125 1
vt 0 1
vt 0 0.9921875
vt 0.03125 0.9921875
vt 0.03125 1
vt 0 1
vt 0 0.9921875
vt 0.09375 0.96875
vt 0.09375 1
vt 0 1
vt 0 0.96875
vt 0.09375 0.96875
vt 0.09375 1
vt 0 1
vt 0 0.96875
vt 0.09375 0.9921875
vt 0.09375 1
vt 0 1
vt 0 0.9921875
vt 0.09375 0.9921875
vt 0.09375 1
vt 0 1
vt 0 0.9921875
vt 0.02734375 0.9921875
vt 0.02734375 1
vt 0.00390625 1
vt 0.00390625 0.9921875
vt 0.02734375 0.9921875
vt 0.02734375 1
vt 0.00390625 1
vt 0.00390625 0.9921875
vt 0.0859375 0.97265625
vt 0.0859375 0.99609375
vt 0.0078125 0.99609375
vt 0.0078125 0.97265625
vt 0.0859375 0.97265625
vt 0.0859375 0.99609375
vt 0.0078125 0.99609375
vt 0.0078125 0.97265625
vt 0.0859375 0.9921875
vt 0.0859375 1
vt 0.0078125 1
vt 0.0078125 0.9921875
vt 0.0859375 0.9921875
vt 0.0859375 1
vt 0.0078125 1
vt 0.0078125 0.9921875
vt 0.03125 0.9921875
vt 0.03125 1
vt 0 1
vt 0 0.9921875
vt 0.03125 0.9921875
vt 0.03125 1
vt 0 1
vt 0 0.9921875
vt 0.09375 0.96875
vt 0.09375 1
vt 0 1
vt 0 0.96875
vt 0.09375 0.96875
vt 0.09375 1
vt 0 1
vt 0 0.96875
vt 0.09375 0.9921875
vt 0.09375 1
vt 0 1
vt 0 0.9921875
vt 0.09375 0.9921875
vt 0.09375 1
vt 0 1
vt 0 0.9921875
vt 0.03125 0.953125
vt 0.03125 0.9921875
vt 0 0.9921875
vt 0 0.953125
vt 0.03125 0.953125
vt 0.03125 0.9921875
vt 0 0.9921875
vt 0 0.953125
vt 0.0703125 0.96875
vt 0.0703125 1
vt 0.0234375 1
vt 0.0234375 0.96875
vt 0.0703125 0.96875
vt 0.0703125 1
vt 0.0234375 1
vt 0.0234375 0.96875
vt 0.0703125 0.953125
vt 0.0703125 0.9921875
vt 0.0234375 0.9921875
vt 0.0234375 0.953125
vt 0.0703125 0.953125
vt 0.0703125 0.9921875
vt 0.0234375 0.9921875
vt 0.0234375 0.953125
vt 0.15625 0.859375
vt 0.15625 0.90625
vt 0.125 0.90625
vt 0.125 0.859375
vt 0.15625 0.859375
vt 0.15625 0.90625
vt 0.125 0.90625
vt 0.125 0.859375
vt 0.15625 0.875
vt 0.15625 0.90625
vt 0.125 0.90625
vt 0.125 0.875
vt 0.15625 0.875
vt 0.15625 0.90625
vt 0.125 0.90625
vt 0.125 0.875
vt 0.15625 0.859375
vt 0.15625 0.90625
vt 0.125 0.90625
vt 0.125 0.859375
vt 0.15625 0.859375
vt 0.15625 0.90625
vt 0.125 0.90625
vt 0.125 0.859375
vt 0.5234375 0.359375
vt 0.5234375 0.421875
vt 0.515625 0.421875
vt 0.515625 0.359375
vt 0.53125 0.359375
vt 0.53125 0.421875
vt 0.5234375 0.421875
vt 0.5234375 0.359375
vt 0.6328125 0.359375
vt 0.6328125 0.3671875
vt 0.5234375 0.3671875
vt 0.5234375 0.359375
vt 0.6328125 0.3671875
vt 0.6328125 0.375
vt 0.5234375 0.375
vt 0.5234375 0.3671875
vt 0.96875 0.34375
vt 0.96875 0.46875
vt 0.75 0.46875
vt 0.75 0.34375
vt 0.703125 0.359375
vt 0.703125 0.484375
vt 0.546875 0.484375
vt 0.546875 0.359375
vt 0.125 0.75
vt 0.125 1
vt 0.09375 1
vt 0.09375 0.75
vt 0.09375 0.75
vt 0.09375 1
vt 0.0625 1
vt 0.0625 0.75
vt 0.15625 0.875
vt 0.15625 0.90625
vt 0.125 0.90625
vt 0.125 0.875
vt 0.15625 0.875
vt 0.15625 0.90625
vt 0.125 0.90625
vt 0.125 0.875
vt 0.109375 0.75
vt 0.109375 1
vt 0.078125 1
vt 0.078125 0.75
vt 0.09375 0.75
vt 0.09375 1
vt 0.0625 1
vt 0.0625 0.75
vt 0.15625 0.90625
vt 0.15625 0.859375
vt 0.125 0.859375
vt 0.125 0.90625
vt 0.15625 0.90625
vt 0.15625 0.859375
vt 0.125 0.859375
vt 0.125 0.90625
vt 0.15625 0.90625
vt 0.15625 0.875
vt 0.125 0.875
vt 0.125 0.90625
vt 0.15625 0.90625
vt 0.15625 0.875
vt 0.125 0.875
vt 0.125 0.90625
vt 0.15625 0.90625
vt 0.15625 0.859375
vt 0.125 0.859375
vt 0.125 0.90625
vt 0.15625 0.90625
vt 0.15625 0.859375
vt 0.125 0.859375
vt 0.125 0.90625
vt 0.109375 0.875
vt 0.109375 0.75
vt 0.078125 0.75
vt 0.078125 0.875
vt 0.125 0.875
vt 0.125 0.75
vt 0.09375 0.75
vt 0.09375 0.875
vt 0.15625 0.90625
vt 0.15625 0.875
vt 0.125 0.875
vt 0.125 0.90625
vt 0.15625 0.90625
vt 0.15625 0.875
vt 0.125 0.875
vt 0.125 0.90625
vt 0.078125 0.875
vt 0.078125 0.75
vt 0.046875 0.75
vt 0.046875 0.875
vt 0.09375 0.875
vt 0.09375 0.75
vt 0.0625 0.75
vt 0.0625 0.875
vt 0.125 0.75
vt 0.125 1
vt 0.09375 1
vt 0.09375 0.75
vt 0.09375 0.75
vt 0.09375 1
vt 0.0625 1
vt 0.0625 0.75
vt 0.15625 0.875
vt 0.15625 0.90625
vt 0.125 0.90625
vt 0.125 0.875
vt 0.15625 0.875
vt 0.15625 0.90625
vt 0.125 0.90625
vt 0.125 0.875
vt 0.109375 0.75
vt 0.109375 1
vt 0.078125 1
vt 0.078125 0.75
vt 0.09375 0.75
vt 0.09375 1
vt 0.0625 1
vt 0.0625 0.75
vt 0.125 0.75
vt 0.125 1
vt 0.09375 1
vt 0.09375 0.75
vt 0.09375 0.75
vt 0.09375 1
vt 0.0625 1
vt 0.0625 0.75
vt 0.15625 0.875
vt 0.15625 0.90625
vt 0.125 0.90625
vt 0.125 0.875
vt 0.15625 0.875
vt 0.15625 0.90625
vt 0.125 0.90625
vt 0.125 0.875
vt 0.109375 0.75
vt 0.109375 1
vt 0.078125 1
vt 0.078125 0.75
vt 0.09375 0.75
vt 0.09375 1
vt 0.0625 1
vt 0.0625 0.75
vt 0.140625 0.9375
vt 0.140625 0.8125
vt 0.109375 0.8125
vt 0.109375 0.9375
vt 0.15625 0.9375
vt 0.15625 0.8125
vt 0.125 0.8125
vt 0.125 0.9375
vt 0.15625 0.90625
vt 0.15625 0.875
vt 0.125 0.875
vt 0.125 0.90625
vt 0.15625 0.90625
vt 0.15625 0.875
vt 0.125 0.875
vt 0.125 0.90625
vt 0.109375 0.9375
vt 0.109375 0.8125
vt 0.078125 0.8125
vt 0.078125 0.9375
vt 0.125 0.9375
vt 0.125 0.8125
vt 0.09375 0.8125
vt 0.09375 0.9375
vn 0.707106781186549 -0.7071067811865461 -5.207451113053783e-15
vn -0.7071067811865464 0.7071067811865488 4.998457686516233e-15
vn -1.2741020164051121e-15 -3.0759820766529243e-15 -1
vn 4.545241947821784e-15 -1.0796193645391746e-15 1
vn 1 0 0
vn -1 0 0
vn 0 0 -1
vn 4.9924309024486404e-15 0 1
vn 0.7071067811865478 0.7071067811865472 0
vn -0.7071067811865479 -0.7071067811865472 0
vn 0 0 -1
vn 0 0 1
vn 0 1 0
vn 0 -1 0
vn 0 0 -1
vn 0 0 1
vn -0.7071067811865478 0.7071067811865472 0
vn 0.7071067811865479 -0.7071067811865472 -4.998457686516222e-15
vn 0 0 -1
vn -3.530191059838717e-15 3.5301910598387147e-15 1
vn -1 0 0
vn 1 0 0
vn 0 0 -1
vn -4.9924309024486404e-15 0 1
vn -0.707106781186549 -0.7071067811865461 0
vn 0.7071067811865464 0.7071067811865488 0
vn 6.60617313649164e-15 2.256089043433599e-15 -1
vn 4.609810424377878e-15 8.07543300766048e-15 1
vn 0 -1 0
vn 0 1 0
vn 0 4.992430902448615e-15 -1
vn 0 9.984861804897232e-15 1
vn 0.7071067811865466 -0.7071067811865486 0
vn -0.7071067811865464 0.7071067811865488 0
vn 6.3705100820256e-16 1.5379910383264716e-15 -1
vn 5.075254439915218e-16 1.225285847649786e-15 1
vn 1 0 0
vn -1 0 0
vn 0 0 -1
vn -5.075285681590304e-16 1.2252933901253e-15 1
vn 0.707106781186549 0.7071067811865461 1.0108581572398448e-14
vn -0.7071067811865464 -0.7071067811865488 0
vn -3.5301910598386847e-15 -3.530191059838697e-15 -1
vn -2.304905212188958e-15 -4.0377165038302734e-15 1
vn 0 1 1.4210854715201904e-14
vn 0 -1 0
vn 0 -4.9924309024485655e-15 -1
vn 0 -4.992430902448665e-15 1
vn -0.707106781186549 0.7071067811865461 0
vn 0.7071067811865464 -0.7071067811865488 0
vn 0 0 -1
vn -5.075254439915218e-16 -1.225285847649786e-15 1
vn -1 0 0
vn 1 0 0
vn 0 0 -1
vn -5.075285681590304e-16 1.2252933901253e-15 1
vn -0.7071067811865466 -0.7071067811865485 0
vn 0.7071067811865464 0.7071067811865487 4.998457686516215e-15
vn -1.5379910383264637e-15 6.370510082025605e-16 -1
vn 2.304905212188958e-15 4.0377165038302734e-15 1
vn 0 -1 0
vn 0 1 7.105427357600951e-15
vn 0 0 -1
vn 0 4.992430902448665e-15 1
vn 3.5887881775613494e-16 -3.588788177561347e-16 -1
vn 0.7071067811865478 -0.7071067811865474 -1.633710153114915e-15
vn 8.664056458206526e-16 8.664056458206542e-16 1
vn 1.0150610510858587e-15 1.2252933901253029e-15 -1
vn 1 0 0
vn 5.075305255429287e-16 0 1
vn 1.837926695365179e-15 -7.61290242096777e-16 -1
vn 0.7071067811865478 0.7071067811865472 -1.7358170376845982e-15
vn -1.4864801030838417e-16 1.584163281332919e-15 1
vn 0 0 -1
vn 0 1 -2.3684757858670017e-15
vn 0 1.5225915766287829e-15 1
vn -1.8379266953651788e-15 -7.612902420967769e-16 -1
vn -0.7071067811865478 0.7071067811865474 -1.633710153114917e-15
vn 1.4864801030838417e-16 1.5841632813329194e-15 1
vn -1.0150610510858587e-15 1.2252933901253029e-15 -1
vn -1 0 0
vn -5.075305255429287e-16 0 1
vn -3.5887881775613494e-16 -3.588788177561347e-16 -1
vn -0.7071067811865478 -0.7071067811865474 0
vn -8.664056458206526e-16 8.664056458206542e-16 1
vn 0 -5.075305255429288e-16 -1
vn 0 -1 0
vn 0 5.075305255429297e-16 1
vn 7.177576355122716e-16 -7.177576355122686e-16 -1
vn 0.707106781186549 -0.7071067811865461 -1.7358170376845943e-15
vn -7.17757635512271e-16 7.177576355122705e-16 1
vn 5.075305255429287e-16 -1.225293390125306e-15 -1
vn 1 0 0
vn -5.0753052554293e-16 1.2252933901253029e-15 1
vn 5.075268280645138e-16 -1.2252844635767853e-15 -1
vn 0.7071067811865489 0.7071067811865461 3.369527190799498e-15
vn 5.07526828064518e-16 -1.2252844635767897e-15 1
vn 0 -1.0150610510858575e-15 -1
vn 0 1 4.73695157173399e-15
vn 0 -1.0150610510858593e-15 1
vn -5.075268280645138e-16 -1.2252844635767853e-15 -1
vn -0.707106781186549 0.7071067811865461 0
vn -5.07526828064518e-16 -1.2252844635767897e-15 1
vn -5.075305255429287e-16 -1.225293390125306e-15 -1
vn -1 0 0
vn 5.0753052554293e-16 1.2252933901253029e-15 1
vn -7.177576355122716e-16 -7.177576355122686e-16 -1
vn -0.707106781186549 -0.7071067811865461 0
vn 7.177576355122709e-16 7.177576355122704e-16 1
vn 0 -1.0150610510858575e-15 -1
vn 0 -1 0
vn 0 1.0150610510858593e-15 1
vn 1 0 0
vn -1 0 0
vn 0 1 0
vn 0 -1 3.5527136788005767e-14
vn 0 0 1
vn 0 0 -1
vn 1 0 0
vn -1 0 0
vn 0 1 -7.479397218527378e-16
vn 0 -1 0
vn 0 1.7763568394002505e-15 1
vn 0 3.552713678800526e-15 -1
vn 0.9238808144936869 -0.38268033737112994 0
vn -0.9238808144936849 0.3826803373711352 -3.2000574215620345e-16
vn 0.3826803373711328 0.9238808144936859 0
vn -0.3826803373711367 -0.9238808144936842 1.5446042386979118e-15
vn -9.814602005613415e-15 -1.131640777989988e-14 1
vn -2.188191267265645e-15 9.063699118470214e-16 -1
vn 0.7071067811865488 -0.7071067811865462 5.877541430755553e-16
vn -0.7071067811865458 0.7071067811865493 0
vn 0.7071067811865476 0.7071067811865476 -5.910936315044804e-16
vn -0.7071067811865528 -0.7071067811865422 0
vn -5.8006762820212306e-15 7.764743377960558e-16 1
vn 1.5529486755921347e-15 -1.1601352564042415e-14 -1
vn 0.38268033737114066 -0.9238808144936824 0
vn -0.38268033737114066 0.9238808144936824 0
vn 0.9238808144936854 0.3826803373711335 0
vn -0.9238808144936854 -0.3826803373711335 0
vn 9.063699118470265e-16 -2.1881912672656372e-15 1
vn -3.2822869008984614e-15 -1.3595548677705123e-15 -1
vn 0 1 -1.184237892933501e-15
vn 0 -1 0
vn -1 0 0
vn 1 0 0
vn 0 0 1
vn 0 0 -1
vn 0 1 -1.4210854715202014e-15
vn 0 -1 0
vn -1 0 0
vn 1 0 0
vn 0 3.5527136788004757e-15 1
vn 0 0 -1
vn 0.9238808144936836 0.38268033737113766 -3.200057421562055e-16
vn -0.9238808144936849 -0.382680337371135 0
vn -0.3826803373711327 0.9238808144936858 -7.723021193489569e-16
vn 0.38268033737113666 -0.9238808144936841 0
vn 4.376382534531287e-15 1.8127398236940277e-15 1
vn 2.1881912672656526e-15 9.06369911847003e-16 -1
vn 0 -1 0
vn 0 1 -1.4210854715202014e-15
vn 1 0 0
vn -1 0 0
vn 0 3.5527136788004757e-15 1
vn 0 0 -1
vn 0 -1 1.0931426704001548e-15
vn 0 1 -1.093142670400155e-15
vn 1 0 0
vn -1 0 0
vn 0 8.881784197001252e-16 1
vn 0 0 -1
vn 0.38268033737114066 0.9238808144936824 0
vn -0.38268033737114066 -0.9238808144936824 0
vn -0.9238808144936854 0.3826803373711336 0
vn 0.9238808144936854 -0.38268033737113355 0
vn -2.5475133622962574e-15 -1.508413833380381e-15 1
vn 0 0 -1
vn 0.7071067811865493 0.7071067811865458 0
vn -0.7071067811865525 -0.7071067811865427 5.877541430755523e-16
vn -0.7071067811865476 0.7071067811865476 0
vn 0.7071067811865528 -0.7071067811865424 5.910936315044762e-16
vn 2.0325248238523636e-15 4.5446257959649716e-15 1
vn -1.1601352564042442e-14 -1.552948675592109e-15 -1
vn 0 1 0
vn 0 -1 2.7328566760003914e-15
vn -1 0 0
vn 1 0 0
vn 0 -1.9737298215558355e-16 1
vn 0 -3.9474596431116675e-16 -1
vn 0.9807855216454542 -0.1950891092056517 0
vn -0.9807851410439872 0.19509102262104813 -5.782441896783621e-16
vn 0.19508910920564917 0.9807855216454545 0
vn -0.19509872853597607 -0.9807836082050138 1.4518513920055275e-15
vn -1.7327314553427802e-16 -8.711085571201198e-16 1
vn -3.137883186363035e-15 2.4353335816674743e-15 -1
vn 1 0 0
vn -1 0 0
vn 0 1 0
vn 0 -1 0
vn 0 8.881784197001237e-16 1
vn 0 0 -1
vn 0.9238772789544514 -0.38268887288725667 0
vn -0.9238772789544515 0.38268887288725656 0
vn 0.38268033737113466 0.923880814493685 0
vn -0.3826803373711332 -0.9238808144936855 1.3676183363471131e-15
vn 4.806811688080466e-16 -1.1604648830922608e-15 1
vn -9.613623376160948e-16 2.3209297661845177e-15 -1
vn 0.8314698396094835 -0.5555698928305782 0
vn -0.8314698396094843 0.5555698928305769 0
vn 0.5555698928305802 0.8314698396094822 0
vn -0.5555698928305774 -0.8314698396094838 0
vn -1.2319385199789813e-15 -2.45048331455618e-16 1
vn 4.900966629112345e-16 -2.4638770399579512e-15 -1
vn 0.7071067811865478 -0.7071067811865472 0
vn -0.7071067811865498 0.7071067811865454 -2.081688134657101e-15
vn 0.7071017811562754 0.7071117811814642 0
vn -0.7071117811814649 -0.7071017811562748 0
vn 1.2560593674456211e-15 1.2560771309778923e-15 1
vn 0 -2.512172025739286e-15 -1
vn 0.5555698928305803 -0.8314698396094818 0
vn -0.5555698928305753 0.8314698396094854 0
vn 0.8314698396094824 0.5555698928305799 0
vn -0.8314698396094842 -0.5555698928305769 0
vn -2.450483314556125e-16 -1.2319385199789827e-15 1
vn 0 0 -1
vn 0.38268887288725434 -0.9238772789544525 0
vn -0.38268887288726033 0.9238772789544499 -2.7755493868880968e-15
vn 0.9238808144936853 0.38268033737113377 0
vn -0.9238808144936848 -0.38268033737113494 0
vn 0 0 1
vn 0 0 -1
vn 0.19509102262104858 -0.9807851410439872 0
vn -0.19509102262104838 0.9807851410439872 -2.9143507159789424e-15
vn 0.9807851410439874 0.19509102262104774 0
vn -0.9807851410439872 -0.19509102262104785 0
vn -2.0887866145400475e-15 1.3956804367642383e-15 1
vn 0 0 -1
vn 0 -1 2.7328566760003914e-15
vn 0 1 0
vn 1 0 0
vn -1 0 0
vn 0 -1.9737298215558355e-16 1
vn 0 -3.9474596431116675e-16 -1
vn 0.19509102262104838 0.9807851410439872 -2.891220948391808e-15
vn -0.19509102262104858 -0.9807851410439872 0
vn -0.9807851410439874 0.19509102262104772 -5.775854538974791e-16
vn 0.9807851410439872 -0.19509102262104788 5.775854538974797e-16
vn 3.4655308888790193e-16 1.742233525652139e-15 1
vn 0 0 -1
vn 0.3826888728872573 0.9238772789544512 -2.7755493868881007e-15
vn -0.38268887288725434 -0.9238772789544525 0
vn -0.9238808144936853 0.38268033737113377 -1.1329613909886819e-15
vn 0.9238808144936849 -0.38268033737113505 0
vn 8.205685850672193e-16 -3.398874162591699e-16 1
vn 0 0 -1
vn 0.5555698928305753 0.8314698396094854 0
vn -0.5555698928305803 -0.8314698396094821 0
vn -0.8314698396094823 0.5555698928305799 0
vn 0.8314698396094842 -0.5555698928305769 0
vn 9.8354175717292e-16 -1.7253836142406717e-15 1
vn 1.4769868514345948e-15 -9.868901885233643e-16 -1
vn 0.707106781186548 0.7071067811865471 -2.0816881346571067e-15
vn -0.7071067811865478 -0.7071067811865472 0
vn -0.7071017811562755 0.7071117811814641 -2.09347141453698e-15
vn 0.7071117811814648 -0.7071017811562748 0
vn 0 0 1
vn -2.5121364984235148e-15 0 -1
vn 0.8314698396094843 0.5555698928305769 0
vn -0.8314698396094835 -0.5555698928305782 0
vn -0.5555698928305802 0.8314698396094822 0
vn 0.5555698928305774 -0.8314698396094838 0
vn 2.4504833145561725e-16 1.2319385199789756e-15 1
vn -2.4638770399579626e-15 4.90096662911236e-16 -1
vn 0.9238772789544515 0.3826888728872566 0
vn -0.923877278954451 -0.38268887288725734 0
vn -0.38268033737113466 0.9238808144936849 0
vn 0.3826803373711333 -0.9238808144936856 0
vn -4.806811688080474e-16 -1.1604648830922589e-15 1
vn 3.000686835171127e-15 -2.602481744218796e-15 -1
vn 0.9807851410439871 0.19509102262104883 -5.782441896783641e-16
vn -0.980785521645454 -0.195089109205652 0
vn -0.1950891092056492 0.9807855216454546 -2.903708448932747e-15
vn 0.195098728535976 -0.9807836082050136 0
vn 0 0 1
vn 3.830980519549033e-15 -1.049124532103128e-15 -1
vn 1 0 0
vn -1 0 0
vn 0 1 3.552713678800492e-15
vn 0 -1 3.552713678800507e-15
vn 0 -2.664535259100385e-15 1
vn 0 -1.7763568394002442e-15 -1
vn 1 0 0
vn -1 0 0
vn 0 1 -3.5527136788005104e-15
vn 0 -1 -3.5527136788004915e-15
vn 0 1.7763568394002442e-15 1
vn 0 3.5527136788005136e-15 -1
vn 1 0 0
vn -1 0 0
vn 0 1 0
vn 0 -1 3.5527136788005104e-15
vn 0 0 1
vn 0 0 -1
vn 0 -1 -2.732856676000386e-15
vn 0 1 2.7328566760003875e-15
vn 1 0 0
vn -1 0 0
vn 0 2.5376526277146434e-16 1
vn 0 0 -1
vn 0.980785521645454 0.1950891092056524 0
vn -0.9807851410439872 -0.19509102262104883 -5.782441896783628e-16
vn -0.19509872853597435 0.980783608205014 0
vn 0.19508910920565262 -0.980785521645454 0
vn -1.3956503370161246e-15 -2.0887593303854325e-15 1
vn 0 0 -1
vn 0.9238772789544514 0.38268887288725684 1.1564789112033744e-15
vn -0.9238772789544515 -0.3826888728872566 -1.1564789112033726e-15
vn -0.38268033737113477 0.923880814493685 2.7352366726942208e-15
vn 0.38268033737113766 -0.9238808144936836 0
vn 0 0 1
vn 2.3209120026527835e-15 -9.613445740843582e-16 -1
vn 0.8314698396094833 0.5555698928305782 1.6190749319254953e-15
vn -0.8314698396094822 -0.5555698928305802 0
vn -0.55556989283058 0.8314698396094823 2.4616452272422197e-15
vn 0.5555698928305753 -0.8314698396094854 -2.4616452272422288e-15
vn 4.900966629112369e-16 2.463877039957963e-15 1
vn -1.4769868514345934e-15 -9.868901885233641e-16 -1
vn 0.7071067811865442 0.7071067811865509 0
vn -0.707106781186548 -0.7071067811865471 -2.081688134657103e-15
vn -0.7071117811814613 0.7071017811562783 0
vn 0.7071017811562754 -0.7071117811814642 -2.093471414536977e-15
vn 0 -2.5121364984235254e-15 1
vn 2.5121720257392893e-15 0 -1
vn 0.5555698928305803 0.8314698396094818 2.4517420397728884e-15
vn -0.5555698928305777 -0.8314698396094837 -2.451742039772889e-15
vn -0.8314698396094842 0.5555698928305769 1.6448172981574308e-15
vn 0.8314698396094835 -0.5555698928305782 -1.644817298157435e-15
vn 9.86890188523364e-16 1.4769868514345922e-15 1
vn 1.476986851434598e-15 -9.868901885233586e-16 -1
vn 0.38268887288725423 0.9238772789544524 2.729290230439961e-15
vn -0.38268887288725423 -0.9238772789544524 -2.7292902304399653e-15
vn -0.9238808144936854 0.3826803373711338 1.1329613909886785e-15
vn 0.9238808144936853 -0.38268033737113366 -1.1329613909886799e-15
vn 1.6411371701344422e-15 -6.797748325183438e-16 1
vn -2.320929766184521e-15 -9.613623376160956e-16 -1
vn 0.1950910226210486 0.9807851410439872 2.8912209483918044e-15
vn -0.19509102262104835 -0.9807851410439871 0
vn -0.9807851410439872 0.1950910226210486 5.775854538974805e-16
vn 0.9807851410439871 -0.19509102262104835 -5.775854538974799e-16
vn 0 0 1
vn 0 0 -1
vn 0.9807851410439872 -0.1950910226210481 -5.782441896783608e-16
vn -0.980785521645454 0.19508910920565237 0
vn 0.1950987285359743 0.980783608205014 2.903702784011051e-15
vn -0.19508910920565262 -0.980785521645454 0
vn 1.7422130392769082e-15 -3.4654901387929347e-16 1
vn 0 0 -1
vn 0.9238772789544515 -0.3826888728872566 -1.110219754755238e-15
vn -0.9238772789544509 0.38268887288725806 1.1564789112033783e-15
vn 0.3826803373711347 0.9238808144936849 2.7352366726942164e-15
vn -0.38268033737113777 -0.9238808144936838 -2.7352366726942133e-15
vn 6.797748325183442e-16 1.641137170134438e-15 1
vn -2.8158750509775087e-16 3.962066936318956e-15 -1
vn 0.8314698396094822 -0.5555698928305802 0
vn -0.8314698396094835 0.5555698928305782 1.6653342156947952e-15
vn 0.55556989283058 0.8314698396094823 0
vn -0.5555698928305753 -0.8314698396094854 0
vn -1.4769868514345964e-15 9.86890188523366e-16 1
vn 4.900966629112296e-16 -2.4638770399579583e-15 -1
vn 0.7071067811865498 -0.7071067811865454 -2.081688134657098e-15
vn -0.707106781186546 0.707106781186549 0
vn 0.7071117811814613 0.7071017811562783 2.0934418085150885e-15
vn -0.7071017811562754 -0.7071117811814642 0
vn 2.5121720257392893e-15 0 1
vn 0 2.512136498423538e-15 -1
vn 0.5555698928305802 -0.8314698396094821 -2.451742039772884e-15
vn -0.5555698928305803 0.8314698396094818 2.4517420397728884e-15
vn 0.8314698396094843 0.5555698928305768 1.6448172981574283e-15
vn -0.8314698396094835 -0.5555698928305782 0
vn -9.86890188523359e-16 1.4769868514345954e-15 1
vn 0 0 -1
vn 0.38268887288725734 -0.9238772789544513 -2.7292902304399617e-15
vn -0.38268887288725423 0.9238772789544524 2.729290230439961e-15
vn 0.9238808144936853 0.38268033737113366 1.1329613909886799e-15
vn -0.9238808144936854 -0.3826803373711338 0
vn 0 0 1
vn 6.797925960500756e-16 -1.6411371701344406e-15 -1
vn 0.19509102262104835 -0.9807851410439871 0
vn -0.1950910226210486 0.9807851410439872 2.914350715978939e-15
vn 0.9807851410439872 0.1950910226210486 0
vn -0.9807851410439871 -0.19509102262104835 0
vn 0 0 1
vn 0 0 -1
vn 0 1 2.7328566760003875e-15
vn 0 -1 -2.732856676000386e-15
vn -1 0 0
vn 1 0 0
vn 0 2.5376526277146434e-16 1
vn 0 0 -1
vn 1 0 0
vn -1 0 0
vn 0 1 0
vn 0 -1 0
vn 0 -1.7763568394002505e-15 1
vn 0 1.7763568394002505e-15 -1
vn 1 0 0
vn -1 0 0
vn 0 1 0
vn 0 -1 0
vn 0 0 1
vn 0 -5.921189464667501e-16 -1
vn 1 0 0
vn -1 0 0
vn 0 1 0
vn 0 -1 0
vn 0 -3.5527136788005514e-15 1
vn 0 7.105427357601103e-15 -1
vn 0.9238808144936869 -0.38268033737112994 0
vn -0.9238808144936828 0.38268033737114027 0
vn 0.3826803373711286 0.9238808144936874 0
vn -0.38268033737113666 -0.9238808144936841 1.5446042386979099e-15
vn -2.188191267265652e-15 9.063699118470166e-16 1
vn 2.7191097355410412e-15 6.5645738017970624e-15 -1
vn 0.7071067811865525 -0.7071067811865427 -5.877541430755522e-16
vn -0.7071067811865493 0.7071067811865458 0
vn 0.7071067811865429 0.7071067811865522 5.910936315044842e-16
vn -0.7071067811865481 -0.707106781186547 0
vn 1.0824878226246375e-14 4.247727606429099e-15 1
vn -1.552948675592211e-15 1.1601352564042491e-14 -1
vn 0.3826803373711346 -0.9238808144936849 0
vn -0.38268033737112855 0.9238808144936874 0
vn 0.9238808144936854 0.38268033737113355 0
vn -0.9238808144936861 -0.38268033737113183 0
vn -5.095026724592494e-15 3.01682766676077e-15 1
vn 8.377313625490955e-15 -1.6572727989902587e-15 -1
vn 0 1 -1.1842378929335002e-15
vn 0 -1 0
vn -1 0 0
vn 1 0 0
vn 0 -5.329070518200751e-15 1
vn 0 3.5527136788005136e-15 -1
vn 0 1 0
vn 0 -1 0
vn -1 0 0
vn 1 0 0
vn 0 -7.105427357601103e-15 1
vn 0 0 -1
vn 0.9238808144936828 0.38268033737114027 0
vn -0.9238808144936849 -0.382680337371135 0
vn -0.3826803373711286 0.9238808144936874 0
vn 0.38268033737113666 -0.9238808144936841 0
vn 3.5477461350361673e-15 -2.375916989051502e-15 1
vn 0 0 -1
vn 0 -1 0
vn 0 1 0
vn 1 0 0
vn -1 0 0
vn 0 -7.105427357601103e-15 1
vn 0 0 -1
vn 0 -1 -2.1862853408003084e-15
vn 0 1 0
vn 1 0 0
vn -1 0 0
vn 0 -1.7763568394002442e-15 1
vn 0 3.5527136788005136e-15 -1
vn 0.38268033737112855 0.9238808144936874 0
vn -0.3826803373711346 -0.9238808144936849 0
vn -0.9238808144936854 0.38268033737113355 0
vn 0.9238808144936861 -0.38268033737113183 0
vn 5.095026724592475e-15 3.0168276667607783e-15 1
vn -8.377313625490965e-15 -1.657272798990254e-15 -1
vn 0.7071067811865493 0.7071067811865458 0
vn -0.707106781186549 -0.7071067811865462 -5.877541430755552e-16
vn -0.7071067811865429 0.7071067811865522 0
vn 0.7071067811865481 -0.7071067811865469 0
vn -7.764743377960674e-16 -5.800676282021208e-15 1
vn 6.577150619817364e-15 6.577150619817274e-15 -1
vn 1 0 0
vn -1 0 0
vn 0 1 -7.105427357601002e-15
vn 0 -1 0
vn 0 1.7763568394002506e-16 1
vn 0 -7.105427357601012e-16 -1
vn 1 0 0
vn -1 0 0
vn 0 1 0
vn 0 -1 7.105427357601002e-15
vn 0 1.7763568394002505e-15 1
vn 0 -1.7763568394002378e-15 -1
vn 1 0 0
vn -1 0 0
vn 0 1 -7.105427357601027e-15
vn 0 -1 0
vn 0 1.7763568394002505e-15 1
vn 0 1.776356839400263e-15 -1
vn 0.923880814493685 6.797768345932121e-16 -0.3826803373711343
vn -0.923880814493685 3.398884172966049e-16 0.3826803373711344
vn -2.654707379024359e-16 1 -3.735467091851757e-15
vn 0 -1 0
vn 0.3826831825540632 2.461709865250483e-15 0.9238796359863625
vn -0.3826831825540629 1.641139910166989e-15 -0.9238796359863626
vn 0.923880814493685 -6.797768345932098e-16 0.3826803373711344
vn -0.923880814493685 -1.0196652518898146e-15 -0.3826803373711343
vn -1.0940942380037524e-15 1 -4.531843778404948e-16
vn 0 -1 0
vn -0.3826831825540632 8.205699550834944e-16 0.9238796359863625
vn 0.3826831825540629 1.6411399101669947e-15 -0.9238796359863626
vn 1 0 0
vn -1 0 0
vn 0 1 3.5527136788004978e-15
vn 0 -1 0
vn 0 2.537652627714645e-16 1
vn 0 -1.2688263138573217e-16 -1
vn 1 0 0
vn -1 0 0
vn 0 1 3.5527136788004978e-15
vn 0 -1 0
vn 0 2.537652627714645e-16 1
vn 0 -1.2688263138573217e-16 -1
vn 1 0 0
vn -1 0 0
vn 0 1 0
vn 0 -1 0
vn 0 2.6645352591003757e-15 1
vn 0 -2.6645352591003757e-15 -1
vn 0.9238808144936848 1.3595536691864216e-15 -0.38268033737113494
vn -0.9238808144936849 6.797768345932104e-16 0.3826803373711347
vn 2.654707379024364e-16 1 3.735467091851765e-15
vn 0 -1 0
vn 0.38268318255406303 1.6411399101669948e-15 0.9238796359863627
vn -0.3826831825540625 0 -0.9238796359863629
vn 0.9238808144936849 0 0.3826803373711347
vn -0.9238808144936848 -6.797768345932133e-16 -0.382680337371135
vn 2.453659213909939e-15 1 -2.829098336170768e-15
vn -1.3595649759061863e-15 -1 3.282282714011257e-15
vn -0.382683182554063 1.641139910166989e-15 0.9238796359863626
vn 0.3826831825540625 3.282279820333979e-15 -0.9238796359863629
vn 1 0 0
vn -1 0 0
vn 0 1 0
vn 0 -1 -3.5527136788004978e-15
vn 0 5.075305255429285e-16 1
vn 0 -1.2688263138573217e-16 -1
vn 1 0 0
vn -1 0 0
vn 0 1 0
vn 0 -1 -3.5527136788004978e-15
vn 0 5.075305255429285e-16 1
vn 0 -1.2688263138573217e-16 -1
vn 1 0 0
vn -1 0 0
vn 0 1 0
vn 0 -1 0
vn 0 1.7763568394002505e-15 1
vn 0 -1.7763568394002505e-15 -1
vn 1 0 0
vn -1 0 0
vn 0 1 0
vn 0 -1 -1.776356839400248e-15
vn 0 1.7763568394002505e-15 1
vn 0 3.552713678800526e-15 -1
vn 1 0 0
vn -1 0 0
vn 0 1 0
vn 0 -1 0
vn 0 1.7763568394002378e-15 1
vn 0 -3.5527136788004757e-15 -1
vn 1 0 0
vn -1 0 0
vn 0 1 -8.88178419700126e-16
vn 0 -1 0
vn 0 0 1
vn 0 0 -1
vn 1 0 0
vn -1 0 0
vn 0 1 0
vn 0 -1 0
vn 0 0 1
vn 0 0 -1
vn 1 0 0
vn -1 0 0
vn 0 1 0
vn 0 -1 8.88178419700126e-16
vn 0 5.921189464667498e-16 1
vn 0 -5.921189464667494e-16 -1
vn 1 0 0
vn -1 0 0
vn 0 1 0
vn 0 -1 7.105427357601027e-15
vn 0 -4.440892098500626e-16 1
vn 0 -4.440892098500622e-16 -1
vn 1 0 0
vn -1 0 0
vn 0 1 0
vn 0 -1 0
vn 0 1.1102230246251565e-16 1
vn 0 -2.220446049250313e-16 -1
vn 1 0 0
vn -1 0 0
vn 0 1 0
vn 0 -1 0
vn 0 5.921189464667501e-16 1
vn 0 0 -1
vn 1 0 0
vn -1 0 0
vn 0 0 1
vn 0 0 -1
vn 0 -1 0
vn 0 1 0
vn 1 0 0
vn -1 0 0
vn 0 1 0
vn 0 -1 0
vn 0 0 1
vn 0 0 -1
vn 1 0 0
vn -1 0 0
vn 0 1 0
vn 0 -1 0
vn 0 6.661338147750939e-16 1
vn 0 -4.440892098500626e-16 -1
vn 1 0 0
vn -1 0 0
vn 0 1.1102230246251567e-15 1
vn 0 1.1102230246251587e-15 -1
vn 0 -1 1.1102230246251563e-16
vn 0 1 -4.440892098500627e-16
usemtl m_3d215661-f591-00a8-53e2-d8d611c756be
f 1/1/1 5/2/1 6/3/1 2/4/1
f 4/5/2 8/6/2 7/7/2 3/8/2
f 3/9/3 7/10/3 5/11/3 1/12/3
f 2/13/4 6/14/4 8/15/4 4/16/4
f 5/17/5 9/18/5 10/19/5 6/20/5
f 8/21/6 12/22/6 11/23/6 7/24/6
f 7/25/7 11/26/7 9/27/7 5/28/7
f 6/29/8 10/30/8 12/31/8 8/32/8
f 9/33/9 13/34/9 14/35/9 10/36/9
f 12/37/10 16/38/10 15/39/10 11/40/10
f 11/41/11 15/42/11 13/43/11 9/44/11
f 10/45/12 14/46/12 16/47/12 12/48/12
f 13/49/13 17/50/13 18/51/13 14/52/13
f 16/53/14 20/54/14 19/55/14 15/56/14
f 15/57/15 19/58/15 17/59/15 13/60/15
f 14/61/16 18/62/16 20/63/16 16/64/16
f 17/65/17 21/66/17 22/67/17 18/68/17
f 20/69/18 24/70/18 23/71/18 19/72/18
f 19/73/19 23/74/19 21/75/19 17/76/19
f 18/77/20 22/78/20 24/79/20 20/80/20
f 21/81/21 25/82/21 26/83/21 22/84/21
f 24/85/22 28/86/22 27/87/22 23/88/22
f 23/89/23 27/90/23 25/91/23 21/92/23
f 22/93/24 26/94/24 28/95/24 24/96/24
f 25/97/25 29/98/25 30/99/25 26/100/25
f 28/101/26 32/102/26 31/103/26 27/104/26
f 27/105/27 31/106/27 29/107/27 25/108/27
f 26/109/28 30/110/28 32/111/28 28/112/28
f 29/113/29 1/114/29 2/115/29 30/116/29
f 32/117/30 4/118/30 3/119/30 31/120/30
f 31/121/31 3/122/31 1/123/31 29/124/31
f 30/125/32 2/126/32 4/127/32 32/128/32
f 33/129/33 37/130/33 38/131/33 34/132/33
f 36/133/34 40/134/34 39/135/34 35/136/34
f 35/137/35 39/138/35 37/139/35 33/140/35
f 34/141/36 38/142/36 40/143/36 36/144/36
f 37/145/37 41/146/37 42/147/37 38/148/37
f 40/149/38 44/150/38 43/151/38 39/152/38
f 39/153/39 43/154/39 41/155/39 37/156/39
f 38/157/40 42/158/40 44/159/40 40/160/40
f 41/161/41 45/162/41 46/163/41 42/164/41
f 44/165/42 48/166/42 47/167/42 43/168/42
f 43/169/43 47/170/43 45/171/43 41/172/43
f 42/173/44 46/174/44 48/175/44 44/176/44
f 45/177/45 49/178/45 50/179/45 46/180/45
f 48/181/46 52/182/46 51/183/46 47/184/46
f 47/185/47 51/186/47 49/187/47 45/188/47
f 46/189/48 50/190/48 52/191/48 48/192/48
f 49/193/49 53/194/49 54/195/49 50/196/49
f 52/197/50 56/198/50 55/199/50 51/200/50
f 51/201/51 55/202/51 53/203/51 49/204/51
f 50/205/52 54/206/52 56/207/52 52/208/52
f 53/209/53 57/210/53 58/211/53 54/212/53
f 56/213/54 60/214/54 59/215/54 55/216/54
f 55/217/55 59/218/55 57/219/55 53/220/55
f 54/221/56 58/222/56 60/223/56 56/224/56
f 57/225/57 61/226/57 62/227/57 58/228/57
f 60/229/58 64/230/58 63/231/58 59/232/58
f 59/233/59 63/234/59 61/235/59 57/236/59
f 58/237/60 62/238/60 64/239/60 60/240/60
f 61/241/61 33/242/61 34/243/61 62/244/61
f 64/245/62 36/246/62 35/247/62 63/248/62
f 63/249/63 35/250/63 33/251/63 61/252/63
f 62/253/64 34/254/64 36/255/64 64/256/64
f 69/257/65 67/258/65 65/259/65
f 67/260/66 69/261/66 70/262/66 68/263/66
f 68/264/67 70/265/67 66/266/67
f 71/267/68 69/268/68 65/269/68
f 69/270/69 71/271/69 72/272/69 70/273/69
f 70/274/70 72/275/70 66/276/70
f 73/277/71 71/278/71 65/279/71
f 71/280/72 73/281/72 74/282/72 72/283/72
f 72/284/73 74/285/73 66/286/73
f 75/287/74 73/288/74 65/289/74
f 73/290/75 75/291/75 76/292/75 74/293/75
f 74/294/76 76/295/76 66/296/76
f 77/297/77 75/298/77 65/299/77
f 75/300/78 77/301/78 78/302/78 76/303/78
f 76/304/79 78/305/79 66/306/79
f 79/307/80 77/308/80 65/309/80
f 77/310/81 79/311/81 80/312/81 78/313/81
f 78/314/82 80/315/82 66/316/82
f 81/317/83 79/318/83 65/319/83
f 79/320/84 81/321/84 82/322/84 80/323/84
f 80/324/85 82/325/85 66/326/85
f 67/327/86 81/328/86 65/329/86
f 81/330/87 67/331/87 68/332/87 82/333/87
f 82/334/88 68/335/88 66/336/88
f 87/337/89 85/338/89 83/339/89
f 85/340/90 87/341/90 88/342/90 86/343/90
f 86/344/91 88/345/91 84/346/91
f 89/347/92 87/348/92 83/349/92
f 87/350/93 89/351/93 90/352/93 88/353/93
f 88/354/94 90/355/94 84/356/94
f 91/357/95 89/358/95 83/359/95
f 89/360/96 91/361/96 92/362/96 90/363/96
f 90/364/97 92/365/97 84/366/97
f 93/367/98 91/368/98 83/369/98
f 91/370/99 93/371/99 94/372/99 92/373/99
f 92/374/100 94/375/100 84/376/100
f 95/377/101 93/378/101 83/379/101
f 93/380/102 95/381/102 96/382/102 94/383/102
f 94/384/103 96/385/103 84/386/103
f 97/387/104 95/388/104 83/389/104
f 95/390/105 97/391/105 98/392/105 96/393/105
f 96/394/106 98/395/106 84/396/106
f 99/397/107 97/398/107 83/399/107
f 97/400/108 99/401/108 100/402/108 98/403/108
f 98/404/109 100/405/109 84/406/109
f 85/407/110 99/408/110 83/409/110
f 99/410/111 85/411/111 86/412/111 100/413/111
f 100/414/112 86/415/112 84/416/112
f 104/417/113 102/418/113 101/419/113 103/420/113
f 107/421/114 105/422/114 106/423/114 108/424/114
f 101/425/115 102/426/115 106/427/115 105/428/115
f 104/429/116 103/430/116 107/431/116 108/432/116
f 103/433/117 101/434/117 105/435/117 107/436/117
f 108/437/118 106/438/118 102/439/118 104/440/118
f 112/441/119 110/442/119 109/443/119 111/444/119
f 115/445/120 113/446/120 114/447/120 116/448/120
f 109/449/121 110/450/121 114/451/121 113/452/121
f 112/453/122 111/454/122 115/455/122 116/456/122
f 111/457/123 109/458/123 113/459/123 115/460/123
f 116/461/124 114/462/124 110/463/124 112/464/124
f 120/465/125 118/466/125 117/467/125 119/468/125
f 123/469/126 121/470/126 122/471/126 124/472/126
f 117/473/127 118/474/127 122/475/127 121/476/127
f 120/477/128 119/478/128 123/479/128 124/480/128
f 119/481/129 117/482/129 121/483/129 123/484/129
f 124/485/130 122/486/130 118/487/130 120/488/130
f 128/489/131 126/490/131 125/491/131 127/492/131
f 131/493/132 129/494/132 130/495/132 132/496/132
f 125/497/133 126/498/133 130/499/133 129/500/133
f 128/501/134 127/502/134 131/503/134 132/504/134
f 127/505/135 125/506/135 129/507/135 131/508/135
f 132/509/136 130/510/136 126/511/136 128/512/136
f 136/513/137 134/514/137 133/515/137 135/516/137
f 139/517/138 137/518/138 138/519/138 140/520/138
f 133/521/139 134/522/139 138/523/139 137/524/139
f 136/525/140 135/526/140 139/527/140 140/528/140
f 135/529/141 133/530/141 137/531/141 139/532/141
f 140/533/142 138/534/142 134/535/142 136/536/142
f 144/537/143 142/538/143 141/539/143 143/540/143
f 147/541/144 145/542/144 146/543/144 148/544/144
f 141/545/145 142/546/145 146/547/145 145/548/145
f 144/549/146 143/550/146 147/551/146 148/552/146
f 143/553/147 141/554/147 145/555/147 147/556/147
f 148/557/148 146/558/148 142/559/148 144/560/148
f 152/561/149 150/562/149 149/563/149 151/564/149
f 155/565/150 153/566/150 154/567/150 156/568/150
f 149/569/151 150/570/151 154/571/151 153/572/151
f 152/573/152 151/574/152 155/575/152 156/576/152
f 151/577/153 149/578/153 153/579/153 155/580/153
f 156/581/154 154/582/154 150/583/154 152/584/154
f 160/585/155 158/586/155 157/587/155 159/588/155
f 163/589/156 161/590/156 162/591/156 164/592/156
f 157/593/157 158/594/157 162/595/157 161/596/157
f 160/597/158 159/598/158 163/599/158 164/600/158
f 159/601/159 157/602/159 161/603/159 163/604/159
f 164/605/160 162/606/160 158/607/160 160/608/160
f 168/609/161 166/610/161 165/611/161 167/612/161
f 171/613/162 169/614/162 170/615/162 172/616/162
f 165/617/163 166/618/163 170/619/163 169/620/163
f 168/621/164 167/622/164 171/623/164 172/624/164
f 167/625/165 165/626/165 169/627/165 171/628/165
f 172/629/166 170/630/166 166/631/166 168/632/166
f 176/633/167 174/634/167 173/635/167 175/636/167
f 179/637/168 177/638/168 178/639/168 180/640/168
f 173/641/169 174/642/169 178/643/169 177/644/169
f 176/645/170 175/646/170 179/647/170 180/648/170
f 175/649/171 173/650/171 177/651/171 179/652/171
f 180/653/172 178/654/172 174/655/172 176/656/172
f 184/657/173 182/658/173 181/659/173 183/660/173
f 187/661/174 185/662/174 186/663/174 188/664/174
f 181/665/175 182/666/175 186/667/175 185/668/175
f 184/669/176 183/670/176 187/671/176 188/672/176
f 183/673/177 181/674/177 185/675/177 187/676/177
f 188/677/178 186/678/178 182/679/178 184/680/178
f 192/681/179 190/682/179 189/683/179 191/684/179
f 195/685/180 193/686/180 194/687/180 196/688/180
f 189/689/181 190/690/181 194/691/181 193/692/181
f 192/693/182 191/694/182 195/695/182 196/696/182
f 191/697/183 189/698/183 193/699/183 195/700/183
f 196/701/184 194/702/184 190/703/184 192/704/184
f 200/705/185 198/706/185 197/707/185 199/708/185
f 203/709/186 201/710/186 202/711/186 204/712/186
f 197/713/187 198/714/187 202/715/187 201/716/187
f 200/717/188 199/718/188 203/719/188 204/720/188
f 199/721/189 197/722/189 201/723/189 203/724/189
f 204/725/190 202/726/190 198/727/190 200/728/190
f 208/729/191 206/730/191 205/731/191 207/732/191
f 211/733/192 209/734/192 210/735/192 212/736/192
f 205/737/193 206/738/193 210/739/193 209/740/193
f 208/741/194 207/742/194 211/743/194 212/744/194
f 207/745/195 205/746/195 209/747/195 211/748/195
f 212/749/196 210/750/196 206/751/196 208/752/196
f 216/753/197 214/754/197 213/755/197 215/756/197
f 219/757/198 217/758/198 218/759/198 220/760/198
f 213/761/199 214/762/199 218/763/199 217/764/199
f 216/765/200 215/766/200 219/767/200 220/768/200
f 215/769/201 213/770/201 217/771/201 219/772/201
f 220/773/202 218/774/202 214/775/202 216/776/202
f 224/777/203 222/778/203 221/779/203 223/780/203
f 227/781/204 225/782/204 226/783/204 228/784/204
f 221/785/205 222/786/205 226/787/205 225/788/205
f 224/789/206 223/790/206 227/791/206 228/792/206
f 223/793/207 221/794/207 225/795/207 227/796/207
f 228/797/208 226/798/208 222/799/208 224/800/208
f 232/801/209 230/802/209 229/803/209 231/804/209
f 235/805/210 233/806/210 234/807/210 236/808/210
f 229/809/211 230/810/211 234/811/211 233/812/211
f 232/813/212 231/814/212 235/815/212 236/816/212
f 231/817/213 229/818/213 233/819/213 235/820/213
f 236/821/214 234/822/214 230/823/214 232/824/214
f 240/825/215 238/826/215 237/827/215 239/828/215
f 243/829/216 241/830/216 242/831/216 244/832/216
f 237/833/217 238/834/217 242/835/217 241/836/217
f 240/837/218 239/838/218 243/839/218 244/840/218
f 239/841/219 237/842/219 241/843/219 243/844/219
f 244/845/220 242/846/220 238/847/220 240/848/220
f 248/849/221 246/850/221 245/851/221 247/852/221
f 251/853/222 249/854/222 250/855/222 252/856/222
f 245/857/223 246/858/223 250/859/223 249/860/223
f 248/861/224 247/862/224 251/863/224 252/864/224
f 247/865/225 245/866/225 249/867/225 251/868/225
f 252/869/226 250/870/226 246/871/226 248/872/226
f 256/873/227 254/874/227 253/875/227 255/876/227
f 259/877/228 257/878/228 258/879/228 260/880/228
f 253/881/229 254/882/229 258/883/229 257/884/229
f 256/885/230 255/886/230 259/887/230 260/888/230
f 255/889/231 253/890/231 257/891/231 259/892/231
f 260/893/232 258/894/232 254/895/232 256/896/232
f 264/897/233 262/898/233 261/899/233 263/900/233
f 267/901/234 265/902/234 266/903/234 268/904/234
f 261/905/235 262/906/235 266/907/235 265/908/235
f 264/909/236 263/910/236 267/911/236 268/912/236
f 263/913/237 261/914/237 265/915/237 267/916/237
f 268/917/238 266/918/238 262/919/238 264/920/238
f 272/921/239 270/922/239 269/923/239 271/924/239
f 275/925/240 273/926/240 274/927/240 276/928/240
f 269/929/241 270/930/241 274/931/241 273/932/241
f 272/933/242 271/934/242 275/935/242 276/936/242
f 271/937/243 269/938/243 273/939/243 275/940/243
f 276/941/244 274/942/244 270/943/244 272/944/244
f 280/945/245 278/946/245 277/947/245 279/948/245
f 283/949/246 281/950/246 282/951/246 284/952/246
f 277/953/247 278/954/247 282/955/247 281/956/247
f 280/957/248 279/958/248 283/959/248 284/960/248
f 279/961/249 277/962/249 281/963/249 283/964/249
f 284/965/250 282/966/250 278/967/250 280/968/250
f 288/969/251 286/970/251 285/971/251 287/972/251
f 291/973/252 289/974/252 290/975/252 292/976/252
f 285/977/253 286/978/253 290/979/253 289/980/253
f 288/981/254 287/982/254 291/983/254 292/984/254
f 287/985/255 285/986/255 289/987/255 291/988/255
f 292/989/256 290/990/256 286/991/256 288/992/256
f 296/993/257 294/994/257 293/995/257 295/996/257
f 299/997/258 297/998/258 298/999/258 300/1000/258
f 293/1001/259 294/1002/259 298/1003/259 297/1004/259
f 296/1005/260 295/1006/260 299/1007/260 300/1008/260
f 295/1009/261 293/1010/261 297/1011/261 299/1012/261
f 300/1013/262 298/1014/262 294/1015/262 296/1016/262
f 304/1017/263 302/1018/263 301/1019/263 303/1020/263
f 307/1021/264 305/1022/264 306/1023/264 308/1024/264
f 301/1025/265 302/1026/265 306/1027/265 305/1028/265
f 304/1029/266 303/1030/266 307/1031/266 308/1032/266
f 303/1033/267 301/1034/267 305/1035/267 307/1036/267
f 308/1037/268 306/1038/268 302/1039/268 304/1040/268
f 312/1041/269 310/1042/269 309/1043/269 311/1044/269
f 315/1045/270 313/1046/270 314/1047/270 316/1048/270
f 309/1049/271 310/1050/271 314/1051/271 313/1052/271
f 312/1053/272 311/1054/272 315/1055/272 316/1056/272
f 311/1057/273 309/1058/273 313/1059/273 315/1060/273
f 316/1061/274 314/1062/274 310/1063/274 312/1064/274
f 320/1065/275 318/1066/275 317/1067/275 319/1068/275
f 323/1069/276 321/1070/276 322/1071/276 324/1072/276
f 317/1073/277 318/1074/277 322/1075/277 321/1076/277
f 320/1077/278 319/1078/278 323/1079/278 324/1080/278
f 319/1081/279 317/1082/279 321/1083/279 323/1084/279
f 324/1085/280 322/1086/280 318/1087/280 320/1088/280
f 328/1089/281 326/1090/281 325/1091/281 327/1092/281
f 331/1093/282 329/1094/282 330/1095/282 332/1096/282
f 325/1097/283 326/1098/283 330/1099/283 329/1100/283
f 328/1101/284 327/1102/284 331/1103/284 332/1104/284
f 327/1105/285 325/1106/285 329/1107/285 331/1108/285
f 332/1109/286 330/1110/286 326/1111/286 328/1112/286
f 336/1113/287 334/1114/287 333/1115/287 335/1116/287
f 339/1117/288 337/1118/288 338/1119/288 340/1120/288
f 333/1121/289 334/1122/289 338/1123/289 337/1124/289
f 336/1125/290 335/1126/290 339/1127/290 340/1128/290
f 335/1129/291 333/1130/291 337/1131/291 339/1132/291
f 340/1133/292 338/1134/292 334/1135/292 336/1136/292
f 344/1137/293 342/1138/293 341/1139/293 343/1140/293
f 347/1141/294 345/1142/294 346/1143/294 348/1144/294
f 341/1145/295 342/1146/295 346/1147/295 345/1148/295
f 344/1149/296 343/1150/296 347/1151/296 348/1152/296
f 343/1153/297 341/1154/297 345/1155/297 347/1156/297
f 348/1157/298 346/1158/298 342/1159/298 344/1160/298
f 352/1161/299 350/1162/299 349/1163/299 351/1164/299
f 355/1165/300 353/1166/300 354/1167/300 356/1168/300
f 349/1169/301 350/1170/301 354/1171/301 353/1172/301
f 352/1173/302 351/1174/302 355/1175/302 356/1176/302
f 351/1177/303 349/1178/303 353/1179/303 355/1180/303
f 356/1181/304 354/1182/304 350/1183/304 352/1184/304
f 360/1185/305 358/1186/305 357/1187/305 359/1188/305
f 363/1189/306 361/1190/306 362/1191/306 364/1192/306
f 357/1193/307 358/1194/307 362/1195/307 361/1196/307
f 360/1197/308 359/1198/308 363/1199/308 364/1200/308
f 359/1201/309 357/1202/309 361/1203/309 363/1204/309
f 364/1205/310 362/1206/310 358/1207/310 360/1208/310
f 368/1209/311 366/1210/311 365/1211/311 367/1212/311
f 371/1213/312 369/1214/312 370/1215/312 372/1216/312
f 365/1217/313 366/1218/313 370/1219/313 369/1220/313
f 368/1221/314 367/1222/314 371/1223/314 372/1224/314
f 367/1225/315 365/1226/315 369/1227/315 371/1228/315
f 372/1229/316 370/1230/316 366/1231/316 368/1232/316
f 376/1233/317 374/1234/317 373/1235/317 375/1236/317
f 379/1237/318 377/1238/318 378/1239/318 380/1240/318
f 373/1241/319 374/1242/319 378/1243/319 377/1244/319
f 376/1245/320 375/1246/320 379/1247/320 380/1248/320
f 375/1249/321 373/1250/321 377/1251/321 379/1252/321
f 380/1253/322 378/1254/322 374/1255/322 376/1256/322
f 384/1257/323 382/1258/323 381/1259/323 383/1260/323
f 387/1261/324 385/1262/324 386/1263/324 388/1264/324
f 381/1265/325 382/1266/325 386/1267/325 385/1268/325
f 384/1269/326 383/1270/326 387/1271/326 388/1272/326
f 383/1273/327 381/1274/327 385/1275/327 387/1276/327
f 388/1277/328 386/1278/328 382/1279/328 384/1280/328
f 392/1281/329 390/1282/329 389/1283/329 391/1284/329
f 395/1285/330 393/1286/330 394/1287/330 396/1288/330
f 389/1289/331 390/1290/331 394/1291/331 393/1292/331
f 392/1293/332 391/1294/332 395/1295/332 396/1296/332
f 391/1297/333 389/1298/333 393/1299/333 395/1300/333
f 396/1301/334 394/1302/334 390/1303/334 392/1304/334
f 400/1305/335 398/1306/335 397/1307/335 399/1308/335
f 403/1309/336 401/1310/336 402/1311/336 404/1312/336
f 397/1313/337 398/1314/337 402/1315/337 401/1316/337
f 400/1317/338 399/1318/338 403/1319/338 404/1320/338
f 399/1321/339 397/1322/339 401/1323/339 403/1324/339
f 404/1325/340 402/1326/340 398/1327/340 400/1328/340
f 408/1329/341 406/1330/341 405/1331/341 407/1332/341
f 411/1333/342 409/1334/342 410/1335/342 412/1336/342
f 405/1337/343 406/1338/343 410/1339/343 409/1340/343
f 408/1341/344 407/1342/344 411/1343/344 412/1344/344
f 407/1345/345 405/1346/345 409/1347/345 411/1348/345
f 412/1349/346 410/1350/346 406/1351/346 408/1352/346
f 416/1353/347 414/1354/347 413/1355/347 415/1356/347
f 419/1357/348 417/1358/348 418/1359/348 420/1360/348
f 413/1361/349 414/1362/349 418/1363/349 417/1364/349
f 416/1365/350 415/1366/350 419/1367/350 420/1368/350
f 415/1369/351 413/1370/351 417/1371/351 419/1372/351
f 420/1373/352 418/1374/352 414/1375/352 416/1376/352
f 424/1377/353 422/1378/353 421/1379/353 423/1380/353
f 427/1381/354 425/1382/354 426/1383/354 428/1384/354
f 421/1385/355 422/1386/355 426/1387/355 425/1388/355
f 424/1389/356 423/1390/356 427/1391/356 428/1392/356
f 423/1393/357 421/1394/357 425/1395/357 427/1396/357
f 428/1397/358 426/1398/358 422/1399/358 424/1400/358
f 432/1401/359 430/1402/359 429/1403/359 431/1404/359
f 435/1405/360 433/1406/360 434/1407/360 436/1408/360
f 429/1409/361 430/1410/361 434/1411/361 433/1412/361
f 432/1413/362 431/1414/362 435/1415/362 436/1416/362
f 431/1417/363 429/1418/363 433/1419/363 435/1420/363
f 436/1421/364 434/1422/364 430/1423/364 432/1424/364
f 440/1425/365 438/1426/365 437/1427/365 439/1428/365
f 443/1429/366 441/1430/366 442/1431/366 444/1432/366
f 437/1433/367 438/1434/367 442/1435/367 441/1436/367
f 440/1437/368 439/1438/368 443/1439/368 444/1440/368
f 439/1441/369 437/1442/369 441/1443/369 443/1444/369
f 444/1445/370 442/1446/370 438/1447/370 440/1448/370
f 448/1449/371 446/1450/371 445/1451/371 447/1452/371
f 451/1453/372 449/1454/372 450/1455/372 452/1456/372
f 445/1457/373 446/1458/373 450/1459/373 449/1460/373
f 448/1461/374 447/1462/374 451/1463/374 452/1464/374
f 447/1465/375 445/1466/375 449/1467/375 451/1468/375
f 452/1469/376 450/1470/376 446/1471/376 448/1472/376
f 456/1473/377 454/1474/377 453/1475/377 455/1476/377
f 459/1477/378 457/1478/378 458/1479/378 460/1480/378
f 453/1481/379 454/1482/379 458/1483/379 457/1484/379
f 456/1485/380 455/1486/380 459/1487/380 460/1488/380
f 455/1489/381 453/1490/381 457/1491/381 459/1492/381
f 460/1493/382 458/1494/382 454/1495/382 456/1496/382
f 464/1497/383 462/1498/383 461/1499/383 463/1500/383
f 467/1501/384 465/1502/384 466/1503/384 468/1504/384
f 461/1505/385 462/1506/385 466/1507/385 465/1508/385
f 464/1509/386 463/1510/386 467/1511/386 468/1512/386
f 463/1513/387 461/1514/387 465/1515/387 467/1516/387
f 468/1517/388 466/1518/388 462/1519/388 464/1520/388
f 472/1521/389 470/1522/389 469/1523/389 471/1524/389
f 475/1525/390 473/1526/390 474/1527/390 476/1528/390
f 469/1529/391 470/1530/391 474/1531/391 473/1532/391
f 472/1533/392 471/1534/392 475/1535/392 476/1536/392
f 471/1537/393 469/1538/393 473/1539/393 475/1540/393
f 476/1541/394 474/1542/394 470/1543/394 472/1544/394
f 480/1545/395 478/1546/395 477/1547/395 479/1548/395
f 483/1549/396 481/1550/396 482/1551/396 484/1552/396
f 477/1553/397 478/1554/397 482/1555/397 481/1556/397
f 480/1557/398 479/1558/398 483/1559/398 484/1560/398
f 479/1561/399 477/1562/399 481/1563/399 483/1564/399
f 484/1565/400 482/1566/400 478/1567/400 480/1568/400
f 488/1569/401 486/1570/401 485/1571/401 487/1572/401
f 491/1573/402 489/1574/402 490/1575/402 492/1576/402
f 485/1577/403 486/1578/403 490/1579/403 489/1580/403
f 488/1581/404 487/1582/404 491/1583/404 492/1584/404
f 487/1585/405 485/1586/405 489/1587/405 491/1588/405
f 492/1589/406 490/1590/406 486/1591/406 488/1592/406
f 496/1593/407 494/1594/407 493/1595/407 495/1596/407
f 499/1597/408 497/1598/408 498/1599/408 500/1600/408
f 493/1601/409 494/1602/409 498/1603/409 497/1604/409
f 496/1605/410 495/1606/410 499/1607/410 500/1608/410
f 495/1609/411 493/1610/411 497/1611/411 499/1612/411
f 500/1613/412 498/1614/412 494/1615/412 496/1616/412
f 504/1617/413 502/1618/413 501/1619/413 503/1620/413
f 507/1621/414 505/1622/414 506/1623/414 508/1624/414
f 501/1625/415 502/1626/415 506/1627/415 505/1628/415
f 504/1629/416 503/1630/416 507/1631/416 508/1632/416
f 503/1633/417 501/1634/417 505/1635/417 507/1636/417
f 508/1637/418 506/1638/418 502/1639/418 504/1640/418
f 512/1641/419 510/1642/419 509/1643/419 511/1644/419
f 515/1645/420 513/1646/420 514/1647/420 516/1648/420
f 509/1649/421 510/1650/421 514/1651/421 513/1652/421
f 512/1653/422 511/1654/422 515/1655/422 516/1656/422
f 511/1657/423 509/1658/423 513/1659/423 515/1660/423
f 516/1661/424 514/1662/424 510/1663/424 512/1664/424
f 520/1665/425 518/1666/425 517/1667/425 519/1668/425
f 523/1669/426 521/1670/426 522/1671/426 524/1672/426
f 517/1673/427 518/1674/427 522/1675/427 521/1676/427
f 520/1677/428 519/1678/428 523/1679/428 524/1680/428
f 519/1681/429 517/1682/429 521/1683/429 523/1684/429
f 524/1685/430 522/1686/430 518/1687/430 520/1688/430
f 528/1689/431 526/1690/431 525/1691/431 527/1692/431
f 531/1693/432 529/1694/432 530/1695/432 532/1696/432
f 525/1697/433 526/1698/433 530/1699/433 529/1700/433
f 528/1701/434 527/1702/434 531/1703/434 532/1704/434
f 527/1705/435 525/1706/435 529/1707/435 531/1708/435
f 532/1709/436 530/1710/436 526/1711/436 528/1712/436
f 536/1713/437 534/1714/437 533/1715/437 535/1716/437
f 539/1717/438 537/1718/438 538/1719/438 540/1720/438
f 533/1721/439 534/1722/439 538/1723/439 537/1724/439
f 536/1725/440 535/1726/440 539/1727/440 540/1728/440
f 535/1729/441 533/1730/441 537/1731/441 539/1732/441
f 540/1733/442 538/1734/442 534/1735/442 536/1736/442
f 544/1737/443 542/1738/443 541/1739/443 543/1740/443
f 547/1741/444 545/1742/444 546/1743/444 548/1744/444
f 541/1745/445 542/1746/445 546/1747/445 545/1748/445
f 544/1749/446 543/1750/446 547/1751/446 548/1752/446
f 543/1753/447 541/1754/447 545/1755/447 547/1756/447
f 548/1757/448 546/1758/448 542/1759/448 544/1760/448
f 552/1761/449 550/1762/449 549/1763/449 551/1764/449
f 555/1765/450 553/1766/450 554/1767/450 556/1768/450
f 549/1769/451 550/1770/451 554/1771/451 553/1772/451
f 552/1773/452 551/1774/452 555/1775/452 556/1776/452
f 551/1777/453 549/1778/453 553/1779/453 555/1780/453
f 556/1781/454 554/1782/454 550/1783/454 552/1784/454
f 560/1785/455 558/1786/455 557/1787/455 559/1788/455
f 563/1789/456 561/1790/456 562/1791/456 564/1792/456
f 557/1793/457 558/1794/457 562/1795/457 561/1796/457
f 560/1797/458 559/1798/458 563/1799/458 564/1800/458
f 559/1801/459 557/1802/459 561/1803/459 563/1804/459
f 564/1805/460 562/1806/460 558/1807/460 560/1808/460
f 568/1809/461 566/1810/461 565/1811/461 567/1812/461
f 571/1813/462 569/1814/462 570/1815/462 572/1816/462
f 565/1817/463 566/1818/463 570/1819/463 569/1820/463
f 568/1821/464 567/1822/464 571/1823/464 572/1824/464
f 567/1825/465 565/1826/465 569/1827/465 571/1828/465
f 572/1829/466 570/1830/466 566/1831/466 568/1832/466
f 576/1833/467 574/1834/467 573/1835/467 575/1836/467
f 579/1837/468 577/1838/468 578/1839/468 580/1840/468
f 573/1841/469 574/1842/469 578/1843/469 577/1844/469
f 576/1845/470 575/1846/470 579/1847/470 580/1848/470
f 575/1849/471 573/1850/471 577/1851/471 579/1852/471
f 580/1853/472 578/1854/472 574/1855/472 576/1856/472
f 584/1857/473 582/1858/473 581/1859/473 583/1860/473
f 587/1861/474 585/1862/474 586/1863/474 588/1864/474
f 581/1865/475 582/1866/475 586/1867/475 585/1868/475
f 584/1869/476 583/1870/476 587/1871/476 588/1872/476
f 583/1873/477 581/1874/477 585/1875/477 587/1876/477
f 588/1877/478 586/1878/478 582/1879/478 584/1880/478
f 592/1881/479 590/1882/479 589/1883/479 591/1884/479
f 595/1885/480 593/1886/480 594/1887/480 596/1888/480
f 589/1889/481 590/1890/481 594/1891/481 593/1892/481
f 592/1893/482 591/1894/482 595/1895/482 596/1896/482
f 591/1897/483 589/1898/483 593/1899/483 595/1900/483
f 596/1901/484 594/1902/484 590/1903/484 592/1904/484
f 600/1905/485 598/1906/485 597/1907/485 599/1908/485
f 603/1909/486 601/1910/486 602/1911/486 604/1912/486
f 597/1913/487 598/1914/487 602/1915/487 601/1916/487
f 600/1917/488 599/1918/488 603/1919/488 604/1920/488
f 599/1921/489 597/1922/489 601/1923/489 603/1924/489
f 604/1925/490 602/1926/490 598/1927/490 600/1928/490
f 608/1929/491 606/1930/491 605/1931/491 607/1932/491
f 611/1933/492 609/1934/492 610/1935/492 612/1936/492
f 605/1937/493 606/1938/493 610/1939/493 609/1940/493
f 608/1941/494 607/1942/494 611/1943/494 612/1944/494
f 607/1945/495 605/1946/495 609/1947/495 611/1948/495
f 612/1949/496 610/1950/496 606/1951/496 608/1952/496
f 616/1953/497 614/1954/497 613/1955/497 615/1956/497
f 619/1957/498 617/1958/498 618/1959/498 620/1960/498
f 613/1961/499 614/1962/499 618/1963/499 617/1964/499
f 616/1965/500 615/1966/500 619/1967/500 620/1968/500
f 615/1969/501 613/1970/501 617/1971/501 619/1972/501
f 620/1973/502 618/1974/502 614/1975/502 616/1976/502
f 624/1977/503 622/1978/503 621/1979/503 623/1980/503
f 627/1981/504 625/1982/504 626/1983/504 628/1984/504
f 621/1985/505 622/1986/505 626/1987/505 625/1988/505
f 624/1989/506 623/1990/506 627/1991/506 628/1992/506
f 623/1993/507 621/1994/507 625/1995/507 627/1996/507
f 628/1997/508 626/1998/508 622/1999/508 624/2000/508
f 632/2001/509 630/2002/509 629/2003/509 631/2004/509
f 635/2005/510 633/2006/510 634/2007/510 636/2008/510
f 629/2009/511 630/2010/511 634/2011/511 633/2012/511
f 632/2013/512 631/2014/512 635/2015/512 636/2016/512
f 631/2017/513 629/2018/513 633/2019/513 635/2020/513
f 636/2021/514 634/2022/514 630/2023/514 632/2024/514
f 640/2025/515 638/2026/515 637/2027/515 639/2028/515
f 643/2029/516 641/2030/516 642/2031/516 644/2032/516
f 637/2033/517 638/2034/517 642/2035/517 641/2036/517
f 640/2037/518 639/2038/518 643/2039/518 644/2040/518
f 639/2041/519 637/2042/519 641/2043/519 643/2044/519
f 644/2045/520 642/2046/520 638/2047/520 640/2048/520
f 648/2049/521 646/2050/521 645/2051/521 647/2052/521
f 651/2053/522 649/2054/522 650/2055/522 652/2056/522
f 645/2057/523 646/2058/523 650/2059/523 649/2060/523
f 648/2061/524 647/2062/524 651/2063/524 652/2064/524
f 647/2065/525 645/2066/525 649/2067/525 651/2068/525
f 652/2069/526 650/2070/526 646/2071/526 648/2072/526
f 656/2073/527 654/2074/527 653/2075/527 655/2076/527
f 659/2077/528 657/2078/528 658/2079/528 660/2080/528
f 653/2081/529 654/2082/529 658/2083/529 657/2084/529
f 656/2085/530 655/2086/530 659/2087/530 660/2088/530
f 655/2089/531 653/2090/531 657/2091/531 659/2092/531
f 660/2093/532 658/2094/532 654/2095/532 656/2096/532
f 664/2097/533 662/2098/533 661/2099/533 663/2100/533
f 667/2101/534 665/2102/534 666/2103/534 668/2104/534
f 661/2105/535 662/2106/535 666/2107/535 665/2108/535
f 664/2109/536 663/2110/536 667/2111/536 668/2112/536
f 663/2113/537 661/2114/537 665/2115/537 667/2116/537
f 668/2117/538 666/2118/538 662/2119/538 664/2120/538
f 672/2121/539 670/2122/539 669/2123/539 671/2124/539
f 675/2125/540 673/2126/540 674/2127/540 676/2128/540
f 669/2129/541 670/2130/541 674/2131/541 673/2132/541
f 672/2133/542 671/2134/542 675/2135/542 676/2136/542
f 671/2137/543 669/2138/543 673/2139/543 675/2140/543
f 676/2141/544 674/2142/544 670/2143/544 672/2144/544
f 680/2145/545 678/2146/545 677/2147/545 679/2148/545
f 683/2149/546 681/2150/546 682/2151/546 684/2152/546
f 677/2153/547 678/2154/547 682/2155/547 681/2156/547
f 680/2157/548 679/2158/548 683/2159/548 684/2160/548
f 679/2161/549 677/2162/549 681/2163/549 683/2164/549
f 684/2165/550 682/2166/550 678/2167/550 680/2168/550
f 688/2169/551 686/2170/551 685/2171/551 687/2172/551
f 691/2173/552 689/2174/552 690/2175/552 692/2176/552
f 685/2177/553 686/2178/553 690/2179/553 689/2180/553
f 688/2181/554 687/2182/554 691/2183/554 692/2184/554
f 687/2185/555 685/2186/555 689/2187/555 691/2188/555
f 692/2189/556 690/2190/556 686/2191/556 688/2192/556
f 696/2193/557 694/2194/557 693/2195/557 695/2196/557
f 699/2197/558 697/2198/558 698/2199/558 700/2200/558
f 693/2201/559 694/2202/559 698/2203/559 697/2204/559
f 696/2205/560 695/2206/560 699/2207/560 700/2208/560
f 695/2209/561 693/2210/561 697/2211/561 699/2212/561
f 700/2213/562 698/2214/562 694/2215/562 696/2216/562
f 704/2217/563 702/2218/563 701/2219/563 703/2220/563
f 707/2221/564 705/2222/564 706/2223/564 708/2224/564
f 701/2225/565 702/2226/565 706/2227/565 705/2228/565
f 704/2229/566 703/2230/566 707/2231/566 708/2232/566
f 703/2233/567 701/2234/567 705/2235/567 707/2236/567
f 708/2237/568 706/2238/568 702/2239/568 704/2240/568
f 712/2241/569 710/2242/569 709/2243/569 711/2244/569
f 715/2245/570 713/2246/570 714/2247/570 716/2248/570
f 709/2249/571 710/2250/571 714/2251/571 713/2252/571
f 712/2253/572 711/2254/572 715/2255/572 716/2256/572
f 711/2257/573 709/2258/573 713/2259/573 715/2260/573
f 716/2261/574 714/2262/574 710/2263/574 712/2264/574
f 720/2265/575 718/2266/575 717/2267/575 719/2268/575
f 723/2269/576 721/2270/576 722/2271/576 724/2272/576
f 717/2273/577 718/2274/577 722/2275/577 721/2276/577
f 720/2277/578 719/2278/578 723/2279/578 724/2280/578
f 719/2281/579 717/2282/579 721/2283/579 723/2284/579
f 724/2285/580 722/2286/580 718/2287/580 720/2288/580
f 728/2289/581 726/2290/581 725/2291/581 727/2292/581
f 731/2293/582 729/2294/582 730/2295/582 732/2296/582
f 725/2297/583 726/2298/583 730/2299/583 729/2300/583
f 728/2301/584 727/2302/584 731/2303/584 732/2304/584
f 727/2305/585 725/2306/585 729/2307/585 731/2308/585
f 732/2309/586 730/2310/586 726/2311/586 728/2312/586
f 736/2313/587 734/2314/587 733/2315/587 735/2316/587
f 739/2317/588 737/2318/588 738/2319/588 740/2320/588
f 733/2321/589 734/2322/589 738/2323/589 737/2324/589
f 736/2325/590 735/2326/590 739/2327/590 740/2328/590
f 735/2329/591 733/2330/591 737/2331/591 739/2332/591
f 740/2333/592 738/2334/592 734/2335/592 736/2336/592
f 744/2337/593 742/2338/593 741/2339/593 743/2340/593
f 747/2341/594 745/2342/594 746/2343/594 748/2344/594
f 741/2345/595 742/2346/595 746/2347/595 745/2348/595
f 744/2349/596 743/2350/596 747/2351/596 748/2352/596
f 743/2353/597 741/2354/597 745/2355/597 747/2356/597
f 748/2357/598 746/2358/598 742/2359/598 744/2360/598
f 752/2361/599 750/2362/599 749/2363/599 751/2364/599
f 755/2365/600 753/2366/600 754/2367/600 756/2368/600
f 749/2369/601 750/2370/601 754/2371/601 753/2372/601
f 752/2373/602 751/2374/602 755/2375/602 756/2376/602
f 751/2377/603 749/2378/603 753/2379/603 755/2380/603
f 756/2381/604 754/2382/604 750/2383/604 752/2384/604
f 760/2385/605 758/2386/605 757/2387/605 759/2388/605
f 763/2389/606 761/2390/606 762/2391/606 764/2392/606
f 757/2393/607 758/2394/607 762/2395/607 761/2396/607
f 760/2397/608 759/2398/608 763/2399/608 764/2400/608
f 759/2401/609 757/2402/609 761/2403/609 763/2404/609
f 764/2405/610 762/2406/610 758/2407/610 760/2408/610
f 768/2409/611 766/2410/611 765/2411/611 767/2412/611
f 771/2413/612 769/2414/612 770/2415/612 772/2416/612
f 765/2417/613 766/2418/613 770/2419/613 769/2420/613
f 768/2421/614 767/2422/614 771/2423/614 772/2424/614
f 767/2425/615 765/2426/615 769/2427/615 771/2428/615
f 772/2429/616 770/2430/616 766/2431/616 768/2432/616
f 776/2433/617 774/2434/617 773/2435/617 775/2436/617
f 779/2437/618 777/2438/618 778/2439/618 780/2440/618
f 773/2441/619 774/2442/619 778/2443/619 777/2444/619
f 776/2445/620 775/2446/620 779/2447/620 780/2448/620
f 775/2449/621 773/2450/621 777/2451/621 779/2452/621
f 780/2453/622 778/2454/622 774/2455/622 776/2456/622
f 784/2457/623 782/2458/623 781/2459/623 783/2460/623
f 787/2461/624 785/2462/624 786/2463/624 788/2464/624
f 781/2465/625 782/2466/625 786/2467/625 785/2468/625
f 784/2469/626 783/2470/626 787/2471/626 788/2472/626
f 783/2473/627 781/2474/627 785/2475/627 787/2476/627
f 788/2477/628 786/2478/628 782/2479/628 784/2480/628