# Made in Blockbench 5.1.4
mtllib 3l_signal_post_1970.mtl

o cube
v -0.06863147517240838 1.0074353520410928 0.09687499999999999
v -0.06863147517240838 1.0074353520410928 0.021874999999999978
v -0.09254918969522648 0.9496928812591373 0.09687499999999999
v -0.09254918969522648 0.9496928812591373 0.021874999999999978
v -0.1263739459543638 1.0313530665639108 0.09687499999999999
v -0.1263739459543638 1.0313530665639108 0.021874999999999978
v -0.1502916604771819 0.9736105957819554 0.09687499999999999
v -0.1502916604771819 0.9736105957819554 0.021874999999999978
v -0.3172868749999999 1.504786875 0.10312500000000004
v -0.3172868749999999 1.504786875 0.02187499999999999
v -0.254786875 1.504786875 0.10312500000000004
v -0.254786875 1.504786875 0.02187499999999999
v -0.31728687500000013 1.2235368749999997 0.10312500000000004
v -0.31728687500000013 1.2235368749999997 0.02187499999999999
v -0.25478687500000013 1.223536875 0.10312500000000004
v -0.25478687500000013 1.223536875 0.02187499999999999
v -0.019057129722782173 0.9987993899243957 0.096875
v -0.019057129722782173 0.9987993899243957 0.02187499999999999
v -0.031250274848790116 0.9375003098991936 0.096875
v -0.031250274848790116 0.9375003098991936 0.02187499999999999
v -0.08035620974798399 1.0109925350504037 0.096875
v -0.08035620974798399 1.0109925350504037 0.02187499999999999
v -0.09254935487399202 0.9496934550252017 0.096875
v -0.09254935487399202 0.9496934550252017 0.02187499999999999
v -0.1155681201036407 1.025577436974093 0.096875
v -0.1155681201036407 1.025577436974093 0.02187499999999999
v -0.15029125966736578 0.973610586205184 0.096875
v -0.15029125966736578 0.973610586205184 0.02187499999999999
v -0.1675349708725498 1.0603005765378182 0.096875
v -0.1675349708725498 1.0603005765378182 0.02187499999999999
v -0.2022581104362749 1.008333725768909 0.096875
v -0.2022581104362749 1.008333725768909 0.02187499999999999
v -0.15806435352752238 1.0525279238241592 0.096875
v -0.15806435352752238 1.0525279238241592 0.02187499999999999
v -0.20225852735168168 1.00833375 0.096875
v -0.20225852735168168 1.00833375 0.02187499999999999
v -0.20225852735168162 1.0967220976483185 0.096875
v -0.20225852735168162 1.0967220976483185 0.02187499999999999
v -0.24645270117584087 1.0525279238241592 0.096875
v -0.24645270117584087 1.0525279238241592 0.02187499999999999
v -0.1944856588984567 1.0872513033585411 0.096875
v -0.1944856588984567 1.0872513033585411 0.02187499999999999
v -0.24645250966736582 1.0525281637948158 0.096875
v -0.24645250966736582 1.0525281637948158 0.02187499999999999
v -0.22920879846218184 1.1392181541274504 0.096875
v -0.22920879846218184 1.1392181541274504 0.02187499999999999
v -0.28117564923109095 1.104495014563725 0.096875
v -0.28117564923109095 1.104495014563725 0.02187499999999999
v -0.22343296891327116 1.1284129582636806 0.096875
v -0.22343296891327116 1.1284129582636806 0.02187499999999999
v -0.28117543969522646 1.1044952437408626 0.096875
v -0.28117543969522646 1.1044952437408626 0.02187499999999999
v -0.24735068343608924 1.186155429045636 0.096875
v -0.24735068343608924 1.186155429045636 0.02187499999999999
v -0.3050931542180445 1.1622377145228182 0.096875
v -0.3050931542180445 1.1622377145228182 0.02187499999999999
v -0.2437943198235883 1.174430335226814 0.096875
v -0.2437943198235883 1.174430335226814 0.02187499999999999
v -0.3050933998487902 1.162237190100806 0.096875
v -0.3050933998487902 1.162237190100806 0.02187499999999999
v -0.2559874649495963 1.235729415252016 0.096875
v -0.2559874649495963 1.235729415252016 0.02187499999999999
v -0.31728654497479813 1.2235362701260077 0.096875
v -0.31728654497479813 1.2235362701260077 0.02187499999999999
v 0.08035620974798396 1.0109925350504037 0.096875
v 0.08035620974798396 1.0109925350504037 0.02187499999999999
v 0.09254935487399191 0.9496934550252016 0.096875
v 0.09254935487399191 0.9496934550252016 0.02187499999999999
v 0.01905712972278209 0.9987993899243957 0.096875
v 0.01905712972278209 0.9987993899243957 0.02187499999999999
v 0.03125027484879006 0.9375003098991936 0.096875
v 0.03125027484879006 0.9375003098991936 0.02187499999999999
v 0.1263739459543638 1.0313530665639108 0.096875
v 0.1263739459543638 1.0313530665639108 0.02187499999999999
v 0.1502916604771818 0.9736105957819554 0.096875
v 0.1502916604771818 0.9736105957819554 0.02187499999999999
v 0.06863147517240825 1.0074353520410928 0.096875
v 0.06863147517240825 1.0074353520410928 0.02187499999999999
v 0.09254918969522641 0.9496928812591373 0.096875
v 0.09254918969522641 0.9496928812591373 0.02187499999999999
v 0.16753497087254954 1.060300576537818 0.096875
v 0.16753497087254954 1.060300576537818 0.02187499999999999
v 0.20225811043627479 1.008333725768909 0.096875
v 0.20225811043627479 1.008333725768909 0.02187499999999999
v 0.11556812010364054 1.025577436974093 0.096875
v 0.11556812010364054 1.025577436974093 0.02187499999999999
v 0.15029125966736562 0.9736105862051839 0.096875
v 0.15029125966736562 0.9736105862051839 0.02187499999999999
v 0.2022585273516816 1.0967220976483183 0.096875
v 0.2022585273516816 1.0967220976483183 0.02187499999999999
v 0.24645270117584073 1.052527923824159 0.096875
v 0.24645270117584073 1.052527923824159 0.02187499999999999
v 0.15806435352752235 1.052527923824159 0.096875
v 0.15806435352752235 1.052527923824159 0.02187499999999999
v 0.20225852735168154 1.0083337499999998 0.096875
v 0.20225852735168154 1.0083337499999998 0.02187499999999999
v 0.22920879846218173 1.1392181541274504 0.096875
v 0.22920879846218173 1.1392181541274504 0.02187499999999999
v 0.28117564923109084 1.104495014563725 0.096875
v 0.28117564923109084 1.104495014563725 0.02187499999999999
v 0.1944856588984566 1.087251303358541 0.096875
v 0.1944856588984566 1.087251303358541 0.02187499999999999
v 0.24645250966736565 1.0525281637948158 0.096875
v 0.24645250966736565 1.0525281637948158 0.02187499999999999
v 0.24735068343608907 1.1861554290456362 0.096875
v 0.24735068343608907 1.1861554290456362 0.02187499999999999
v 0.3050931542180445 1.1622377145228182 0.096875
v 0.3050931542180445 1.1622377145228182 0.02187499999999999
v 0.22343296891327102 1.1284129582636808 0.096875
v 0.22343296891327102 1.1284129582636808 0.02187499999999999
v 0.2811754396952264 1.1044952437408626 0.096875
v 0.2811754396952264 1.1044952437408626 0.02187499999999999
v 0.25598746494959607 1.235729415252016 0.096875
v 0.25598746494959607 1.235729415252016 0.02187499999999999
v 0.31728654497479797 1.223536270126008 0.096875
v 0.31728654497479797 1.223536270126008 0.02187499999999999
v 0.24379431982358807 1.1744303352268142 0.096875
v 0.24379431982358807 1.1744303352268142 0.02187499999999999
v 0.30509339984878997 1.162237190100806 0.096875
v 0.30509339984878997 1.162237190100806 0.02187499999999999
v 0.3172868750000001 1.223536875 0.10312500000000004
v 0.3172868750000001 1.223536875 0.02187499999999999
v 0.2547868749999999 1.223536875 0.10312500000000004
v 0.2547868749999999 1.223536875 0.02187499999999999
v 0.31728687499999986 1.5047868749999997 0.10312500000000004
v 0.31728687499999986 1.5047868749999997 0.02187499999999999
v 0.2547868749999999 1.504786875 0.10312500000000004
v 0.2547868749999999 1.504786875 0.02187499999999999
v 0.031249999999999917 1 0.09999999999999999
v 0.031249999999999917 1 0.02187499999999999
v 0.031249999999999944 0.9375 0.09999999999999999
v 0.031249999999999944 0.9375 0.02187499999999999
v -0.031250000000000056 0.9999999999999999 0.09999999999999999
v -0.031250000000000056 0.9999999999999999 0.02187499999999999
v -0.031250000000000056 0.9374999999999999 0.09999999999999999
v -0.031250000000000056 0.9374999999999999 0.02187499999999999
v 0.17187499999999994 1.0624999999999998 0.09375000000000001
v 0.17187499999999994 1.0624999999999998 0.031250000000000014
v 0.1718749999999999 0.9999999999999999 0.09375000000000001
v 0.1718749999999999 0.9999999999999999 0.031250000000000014
v -0.17187500000000003 1.0625 0.09375000000000001
v -0.17187500000000003 1.0625 0.031250000000000014
v -0.171875 1 0.09375000000000001
v -0.171875 1 0.031250000000000014
v 0.21874999999999983 1.1249999999999998 0.09375000000000001
v 0.21874999999999983 1.1249999999999998 0.031250000000000014
v 0.21874999999999983 1.0624999999999998 0.09375000000000001
v 0.21874999999999983 1.0624999999999998 0.031250000000000014
v -0.21875000000000003 1.1249999999999998 0.09375000000000001
v -0.21875000000000003 1.1249999999999998 0.031250000000000014
v -0.21875 1.0624999999999998 0.09375000000000001
v -0.21875 1.0624999999999998 0.031250000000000014
v 0.28124999999999983 1.4999999999999998 0.09375000000000001
v 0.28124999999999983 1.4999999999999998 0.031250000000000014
v 0.28124999999999994 1.1249999999999998 0.09375000000000001
v 0.28124999999999994 1.1249999999999998 0.031250000000000014
v -0.28125000000000017 1.4999999999999998 0.09375000000000001
v -0.28125000000000017 1.4999999999999998 0.031250000000000014
v -0.28125 1.1249999999999998 0.09375000000000001
v -0.28125 1.1249999999999998 0.031250000000000014
v 0.04530437500000001 1.125 5.551115123125783e-17
v 0.04530437500000001 1.125 0.03125000000000004
v 0.036093125000000004 1.1472381249999999 4.163336342344337e-17
v 0.036093125000000004 1.147238125 0.03125000000000003
v 0.109375 1.189070625 4.163336342344337e-17
v 0.109375 1.189070625 0.03125000000000003
v 0.08713687499999995 1.1982818749999997 4.163336342344337e-17
v 0.08713687499999995 1.1982818749999997 0.03125000000000003
v 0.10937499999999994 1.2796793749999997 1.3877787807814457e-17
v 0.10937499999999994 1.2796793749999997 0.03125
v 0.087136875 1.2704681249999998 1.3877787807814457e-17
v 0.087136875 1.2704681249999998 0.03125
v 0.04530437500000001 1.34375 0
v 0.04530437500000001 1.34375 0.031249999999999986
v 0.03609312499999989 1.3215118750000001 1.3877787807814457e-17
v 0.03609312499999989 1.3215118750000001 0.03125
v -0.04530437500000012 1.3437499999999998 0
v -0.04530437500000012 1.3437499999999998 0.031249999999999986
v -0.036093125000000115 1.321511875 1.3877787807814457e-17
v -0.036093125000000115 1.321511875 0.03125
v -0.10937500000000008 1.2796793749999997 1.3877787807814457e-17
v -0.10937500000000008 1.2796793749999997 0.03125
v -0.08713687500000002 1.2704681249999998 1.3877787807814457e-17
v -0.08713687500000002 1.2704681249999998 0.03125
v -0.10937500000000006 1.1890706249999998 4.163336342344337e-17
v -0.10937500000000006 1.1890706249999998 0.03125000000000003
v -0.08713687500000006 1.1982818749999997 4.163336342344337e-17
v -0.08713687500000006 1.1982818749999997 0.03125000000000003
v -0.04530437500000012 1.1249999999999998 5.551115123125783e-17
v -0.04530437500000012 1.1249999999999998 0.03125000000000004
v -0.03609312500000009 1.1472381249999997 4.163336342344337e-17
v -0.03609312500000003 1.1472381249999999 0.03125000000000003
v 0.125 1.359375 0.031250000000000014
v 0.125 1.359375 0.025000000000000036
v 0.12499999999999989 1.171875 0.031250000000000014
v 0.12499999999999989 1.171875 0.025000000000000036
v -0.12500000000000006 1.359375 0.031250000000000014
v -0.12500000000000006 1.359375 0.025000000000000036
v -0.12500000000000003 1.171875 0.031250000000000014
v -0.12500000000000003 1.171875 0.025000000000000036
v 0.06250000000000006 1.375 0.07812500000000001
v 0.06250000000000006 1.375 -0.21875
v 0.062499999999999944 1.34375 0.07812500000000001
v 0.062499999999999944 1.34375 -0.21875
v -0.06250000000000003 1.3749999999999998 0.07812500000000001
v -0.06250000000000003 1.3749999999999998 -0.21875
v -0.06250000000000006 1.3437499999999998 0.07812500000000001
v -0.06250000000000006 1.3437499999999998 -0.21875
v 0.10580692863070457 1.3570618676954889 0.06250000000000001
v 0.10580692863070457 1.3570618676954889 -0.203125
v 0.09384807136929546 1.3281906323045107 0.06250000000000001
v 0.09384807136929546 1.3281906323045107 -0.203125
v 0.06250007554423792 1.3750001535876022 0.06250000000000001
v 0.06250007554423792 1.3750001535876022 -0.203125
v 0.05054121828282887 1.3461289181966245 0.06250000000000001
v 0.05054121828282887 1.3461289181966245 -0.203125
v 0.1226866277800579 1.3401817091320214 0.07812500000000001
v 0.1226866277800579 1.3401817091320214 -0.1875
v 0.10058954086797828 1.318084622219942 0.07812500000000001
v 0.10058954086797828 1.318084622219942 -0.1875
v 0.10580666308792042 1.357061673824159 0.07812500000000001
v 0.10580666308792042 1.357061673824159 -0.1875
v 0.08370957617584074 1.3349645869120796 0.07812500000000001
v 0.08370957617584074 1.3349645869120796 -0.1875
v 0.14062499269548878 1.2968750536307043 0.07812500000000001
v 0.14062499269548878 1.2968750536307043 -0.15625
v 0.11175375730451109 1.2849161963692954 0.07812500000000001
v 0.11175375730451109 1.2849161963692954 -0.15625
v 0.12268670680337523 1.340181906717171 0.07812500000000001
v 0.12268670680337523 1.340181906717171 -0.15625
v 0.09381547141239749 1.328223049455762 0.07812500000000001
v 0.09381547141239749 1.328223049455762 -0.15625
v 0.10937499999999989 1.296875 0.06250000000000001
v 0.10937499999999989 1.296875 -0.12499999999999997
v 0.14062499999999978 1.2968749999999998 0.06250000000000001
v 0.14062499999999978 1.2968749999999998 -0.12499999999999997
v 0.10937499999999994 1.234375 0.06250000000000001
v 0.10937499999999994 1.234375 -0.12499999999999997
v 0.1406249999999999 1.2343749999999998 0.06250000000000001
v 0.1406249999999999 1.2343749999999998 -0.12499999999999997
v 0.10937499999999994 1.234375 0.07812500000000001
v 0.10937499999999994 1.234375 -0.078125
v 0.1406249999999999 1.2343749999999998 0.07812500000000001
v 0.1406249999999999 1.2343749999999998 -0.078125
v 0.10937499999999994 1.203125 0.07812500000000001
v 0.10937499999999994 1.203125 -0.078125
v 0.14062499999999994 1.2031249999999998 0.07812500000000001
v 0.14062499999999994 1.2031249999999998 -0.078125
v -0.06250007554423795 1.3750001535876024 0.06250000000000001
v -0.06250007554423795 1.3750001535876024 -0.203125
v -0.05054121828282898 1.3461289181966245 0.06250000000000001
v -0.05054121828282898 1.3461289181966245 -0.203125
v -0.10580692863070457 1.3570618676954886 0.06250000000000001
v -0.10580692863070457 1.3570618676954886 -0.203125
v -0.0938480713692954 1.3281906323045107 0.06250000000000001
v -0.0938480713692954 1.3281906323045107 -0.203125
v -0.10937500000000011 1.203125 0.07812500000000001
v -0.10937500000000011 1.203125 -0.078125
v -0.14062500000000003 1.203125 0.07812500000000001
v -0.14062500000000003 1.203125 -0.078125
v -0.10937500000000007 1.2343749999999998 0.07812500000000001
v -0.10937500000000007 1.2343749999999998 -0.078125
v -0.140625 1.234375 0.07812500000000001
v -0.140625 1.234375 -0.078125
v -0.10937500000000007 1.2343749999999998 0.07812500000000001
v -0.10937500000000007 1.2343749999999998 -0.12499999999999997
v -0.140625 1.234375 0.07812500000000001
v -0.140625 1.234375 -0.12499999999999997
v -0.10937500000000008 1.2968749999999998 0.07812500000000001
v -0.10937500000000008 1.2968749999999998 -0.12499999999999997
v -0.140625 1.296875 0.07812500000000001
v -0.140625 1.296875 -0.12499999999999997
v -0.12268670680337526 1.3401819067171714 0.07812500000000001
v -0.12268670680337526 1.3401819067171714 -0.15625
v -0.09381547141239764 1.328223049455762 0.07812500000000001
v -0.09381547141239764 1.328223049455762 -0.15625
v -0.14062499269548895 1.2968750536307045 0.07812500000000001
v -0.14062499269548895 1.2968750536307045 -0.15625
v -0.11175375730451113 1.2849161963692957 0.07812500000000001
v -0.11175375730451113 1.2849161963692957 -0.15625
v -0.1058066630879203 1.3570616738241594 0.07812500000000001
v -0.1058066630879203 1.3570616738241594 -0.1875
v -0.08370957617584074 1.3349645869120796 0.07812500000000001
v -0.08370957617584074 1.3349645869120796 -0.1875
v -0.12268662778005807 1.3401817091320216 0.07812500000000001
v -0.12268662778005807 1.3401817091320216 -0.1875
v -0.1005895408679785 1.318084622219942 0.07812500000000001
v -0.1005895408679785 1.318084622219942 -0.1875
v -0.25478687499999997 1.932713125 0.10312500000000004
v -0.25478687499999997 1.932713125 0.02187499999999999
v -0.31728687499999986 1.932713125 0.10312500000000004
v -0.31728687499999986 1.932713125 0.02187499999999999
v -0.2547868750000002 2.1514631250000003 0.10312500000000004
v -0.2547868750000002 2.1514631250000003 0.02187499999999999
v -0.3172868750000001 2.1514631250000003 0.10312500000000004
v -0.3172868750000001 2.1514631250000003 0.02187499999999999
v -0.03125027484878998 2.437499690100806 0.096875
v -0.03125027484878998 2.437499690100806 0.02187499999999999
v -0.019057129722782062 2.3762006100756046 0.096875
v -0.019057129722782062 2.3762006100756046 0.02187499999999999
v -0.09254935487399213 2.4253065449747977 0.096875
v -0.09254935487399213 2.4253065449747977 0.02187499999999999
v -0.08035620974798399 2.3640074649495957 0.096875
v -0.08035620974798399 2.3640074649495957 0.02187499999999999
v -0.09254918969522663 2.4253071187408626 0.096875
v -0.09254918969522663 2.4253071187408626 0.02187499999999999
v -0.06863147517240828 2.3675646479589076 0.096875
v -0.06863147517240828 2.3675646479589076 0.02187499999999999
v -0.15029166047718212 2.4013894042180444 0.096875
v -0.15029166047718212 2.4013894042180444 0.02187499999999999
v -0.12637394595436402 2.343646933436089 0.096875
v -0.12637394595436402 2.343646933436089 0.02187499999999999
v -0.15029125966736573 2.401389413794816 0.096875
v -0.15029125966736573 2.401389413794816 0.02187499999999999
v -0.11556812010364076 2.3494225630259065 0.096875
v -0.11556812010364076 2.3494225630259065 0.02187499999999999
v -0.20225811043627495 2.36666627423109 0.096875
v -0.20225811043627495 2.36666627423109 0.02187499999999999
v -0.16753497087254982 2.3146994234621814 0.096875
v -0.16753497087254982 2.3146994234621814 0.02187499999999999
v -0.20225852735168165 2.36666625 0.096875
v -0.20225852735168165 2.36666625 0.02187499999999999
v -0.15806435352752246 2.322472076175841 0.096875
v -0.15806435352752246 2.322472076175841 0.02187499999999999
v -0.24645270117584095 2.322472076175841 0.096875
v -0.24645270117584095 2.322472076175841 0.02187499999999999
v -0.2022585273516816 2.2782779023516815 0.096875
v -0.2022585273516816 2.2782779023516815 0.02187499999999999
v -0.24645250966736565 2.3224718362051835 0.096875
v -0.24645250966736565 2.3224718362051835 0.02187499999999999
v -0.19448565889845676 2.2877486966414584 0.096875
v -0.19448565889845676 2.2877486966414584 0.02187499999999999
v -0.2811756492310909 2.2705049854362747 0.096875
v -0.2811756492310909 2.2705049854362747 0.02187499999999999
v -0.229208798462182 2.23578184587255 0.096875
v -0.229208798462182 2.23578184587255 0.02187499999999999
v -0.28117543969522657 2.270504756259137 0.096875
v -0.28117543969522657 2.270504756259137 0.02187499999999999
v -0.22343296891327125 2.2465870417363187 0.096875
v -0.22343296891327125 2.2465870417363187 0.02187499999999999
v -0.30509315421804456 2.212762285477181 0.096875
v -0.30509315421804456 2.212762285477181 0.02187499999999999
v -0.2473506834360892 2.1888445709543634 0.096875
v -0.2473506834360892 2.1888445709543634 0.02187499999999999
v -0.3050933998487901 2.2127628098991936 0.096875
v -0.3050933998487901 2.2127628098991936 0.02187499999999999
v -0.24379431982358846 2.2005696647731856 0.096875
v -0.24379431982358846 2.2005696647731856 0.02187499999999999
v -0.317286544974798 2.151463729873992 0.096875
v -0.317286544974798 2.151463729873992 0.02187499999999999
v -0.2559874649495961 2.139270584747984 0.096875
v -0.2559874649495961 2.139270584747984 0.02187499999999999
v 0.09254935487399202 2.425306544974798 0.096875
v 0.09254935487399202 2.425306544974798 0.02187499999999999
v 0.08035620974798396 2.364007464949596 0.096875
v 0.08035620974798396 2.364007464949596 0.02187499999999999
v 0.031250274848790116 2.4374996901008057 0.096875
v 0.031250274848790116 2.4374996901008057 0.02187499999999999
v 0.0190571297227822 2.3762006100756046 0.096875
v 0.0190571297227822 2.3762006100756046 0.02187499999999999
v 0.1502916604771819 2.401389404218045 0.096875
v 0.1502916604771819 2.401389404218045 0.02187499999999999
v 0.1263739459543638 2.3436469334360894 0.096875
v 0.1263739459543638 2.3436469334360894 0.02187499999999999
v 0.0925491896952263 2.4253071187408626 0.096875
v 0.0925491896952263 2.4253071187408626 0.02187499999999999
v 0.06863147517240845 2.3675646479589076 0.096875
v 0.06863147517240845 2.3675646479589076 0.02187499999999999
v 0.20225811043627473 2.3666662742310907 0.096875
v 0.20225811043627473 2.3666662742310907 0.02187499999999999
v 0.16753497087254976 2.314699423462182 0.096875
v 0.16753497087254976 2.314699423462182 0.02187499999999999
v 0.15029125966736573 2.401389413794816 0.096875
v 0.15029125966736573 2.401389413794816 0.02187499999999999
v 0.11556812010364048 2.3494225630259065 0.096875
v 0.11556812010364048 2.3494225630259065 0.02187499999999999
v 0.24645270117584062 2.322472076175841 0.096875
v 0.24645270117584062 2.322472076175841 0.02187499999999999
v 0.20225852735168148 2.278277902351682 0.096875
v 0.20225852735168148 2.278277902351682 0.02187499999999999
v 0.20225852735168154 2.36666625 0.096875
v 0.20225852735168154 2.36666625 0.02187499999999999
v 0.15806435352752235 2.322472076175841 0.096875
v 0.15806435352752235 2.322472076175841 0.02187499999999999
v 0.28117564923109095 2.270504985436275 0.096875
v 0.28117564923109095 2.270504985436275 0.02187499999999999
v 0.22920879846218167 2.23578184587255 0.096875
v 0.22920879846218167 2.23578184587255 0.02187499999999999
v 0.24645250966736565 2.3224718362051835 0.096875
v 0.24645250966736565 2.3224718362051835 0.02187499999999999
v 0.1944856588984567 2.287748696641459 0.096875
v 0.1944856588984567 2.287748696641459 0.02187499999999999
v 0.30509315421804456 2.212762285477181 0.096875
v 0.30509315421804456 2.212762285477181 0.02187499999999999
v 0.24735068343608912 2.1888445709543634 0.096875
v 0.24735068343608912 2.1888445709543634 0.02187499999999999
v 0.2811754396952264 2.2705047562591365 0.096875
v 0.2811754396952264 2.2705047562591365 0.02187499999999999
v 0.2234329689132709 2.246587041736319 0.096875
v 0.2234329689132709 2.246587041736319 0.02187499999999999
v 0.317286544974798 2.151463729873992 0.096875
v 0.317286544974798 2.151463729873992 0.02187499999999999
v 0.2559874649495961 2.139270584747984 0.096875
v 0.2559874649495961 2.139270584747984 0.02187499999999999
v 0.30509339984879 2.2127628098991936 0.096875
v 0.30509339984879 2.2127628098991936 0.02187499999999999
v 0.2437943198235879 2.2005696647731856 0.096875
v 0.2437943198235879 2.2005696647731856 0.02187499999999999
v 0.2547868750000001 2.1514631250000003 0.10312500000000004
v 0.2547868750000001 2.1514631250000003 0.02187499999999999
v 0.31728687499999997 2.1514631250000003 0.10312500000000004
v 0.31728687499999997 2.1514631250000003 0.02187499999999999
v 0.25478687499999997 1.932713125 0.10312500000000004
v 0.25478687499999997 1.932713125 0.02187499999999999
v 0.31728687499999997 1.932713125 0.10312500000000004
v 0.31728687499999997 1.932713125 0.02187499999999999
v 0.03125 2.4375 0.09999999999999999
v 0.03125 2.4375 0.02187499999999999
v 0.031249999999999972 2.375 0.09999999999999999
v 0.031249999999999972 2.375 0.02187499999999999
v -0.03124999999999986 2.4375 0.09999999999999999
v -0.03124999999999986 2.4375 0.02187499999999999
v -0.031249999999999833 2.375 0.09999999999999999
v -0.031249999999999833 2.375 0.02187499999999999
v 0.045304375000000036 2 5.551115123125783e-17
v 0.045304375000000036 2 0.03125000000000004
v 0.03609312499999995 2.0222381249999994 4.163336342344337e-17
v 0.03609312499999995 2.0222381249999994 0.03125000000000003
v 0.109375 2.064070625 4.163336342344337e-17
v 0.109375 2.064070625 0.03125000000000003
v 0.087136875 2.073281875 4.163336342344337e-17
v 0.087136875 2.073281875 0.03125000000000003
v 0.10937499999999989 2.1546793749999997 1.3877787807814457e-17
v 0.10937499999999989 2.1546793749999997 0.03125
v 0.08713687499999989 2.145468125 1.3877787807814457e-17
v 0.08713687499999989 2.145468125 0.03125
v 0.045304375000000036 2.21875 0
v 0.045304375000000036 2.21875 0.031249999999999986
v 0.03609312499999989 2.1965118749999997 1.3877787807814457e-17
v 0.03609312499999989 2.1965118749999997 0.03125
v -0.04530437500000012 2.21875 0
v -0.04530437500000012 2.21875 0.031249999999999986
v -0.03609312499999984 2.196511875 1.3877787807814457e-17
v -0.03609312499999984 2.196511875 0.03125
v -0.10937500000000006 2.1546793749999997 1.3877787807814457e-17
v -0.10937500000000006 2.1546793749999997 0.03125
v -0.08713687499999997 2.145468125 1.3877787807814457e-17
v -0.08713687499999997 2.145468125 0.03125
v -0.10937500000000014 2.0640706249999994 4.163336342344337e-17
v -0.10937500000000014 2.0640706249999994 0.03125000000000003
v -0.08713687499999992 2.073281875 4.163336342344337e-17
v -0.08713687499999992 2.073281875 0.03125000000000003
v -0.04530437500000006 2 5.551115123125783e-17
v -0.04530437500000006 2 0.03125000000000004
v -0.03609312499999989 2.022238125 4.163336342344337e-17
v -0.03609312499999989 2.022238125 0.03125000000000003
v 0.12500000000000006 2.234375 0.031250000000000014
v 0.12500000000000006 2.234375 0.025000000000000036
v 0.125 2.046875 0.031250000000000014
v 0.125 2.046875 0.025000000000000036
v -0.12500000000000008 2.2343749999999996 0.031250000000000014
v -0.12500000000000008 2.2343749999999996 0.025000000000000036
v -0.125 2.046875 0.031250000000000014
v -0.125 2.046875 0.025000000000000036
v 0.06249999999999992 2.25 0.07812500000000001
v 0.06249999999999992 2.25 -0.21875
v 0.06249999999999997 2.21875 0.07812500000000001
v 0.06249999999999997 2.21875 -0.21875
v -0.06250000000000011 2.2499999999999996 0.07812500000000001
v -0.06250000000000011 2.2499999999999996 -0.21875
v -0.06250000000000006 2.21875 0.07812500000000001
v -0.06250000000000006 2.21875 -0.21875
v 0.10580692863070468 2.2320618676954886 0.06250000000000001
v 0.10580692863070468 2.2320618676954886 -0.203125
v 0.0938480713692954 2.203190632304511 0.06250000000000001
v 0.0938480713692954 2.203190632304511 -0.203125
v 0.06250007554423787 2.250000153587602 0.06250000000000001
v 0.06250007554423787 2.250000153587602 -0.203125
v 0.05054121828282898 2.2211289181966247 0.06250000000000001
v 0.05054121828282898 2.2211289181966247 -0.203125
v 0.1226866277800579 2.215181709132021 0.07812500000000001
v 0.1226866277800579 2.215181709132021 -0.1875
v 0.10058954086797828 2.1930846222199416 0.07812500000000001
v 0.10058954086797828 2.1930846222199416 -0.1875
v 0.10580666308792036 2.232061673824159 0.07812500000000001
v 0.10580666308792036 2.232061673824159 -0.1875
v 0.08370957617584074 2.209964586912079 0.07812500000000001
v 0.08370957617584074 2.209964586912079 -0.1875
v 0.1406249926954889 2.1718750536307048 0.07812500000000001
v 0.1406249926954889 2.1718750536307048 -0.15625
v 0.11175375730451109 2.1599161963692954 0.07812500000000001
v 0.11175375730451109 2.1599161963692954 -0.15625
v 0.12268670680337512 2.2151819067171705 0.07812500000000001
v 0.12268670680337512 2.2151819067171705 -0.15625
v 0.09381547141239732 2.2032230494557616 0.07812500000000001
v 0.09381547141239732 2.2032230494557616 -0.15625
v 0.109375 2.171875 0.06250000000000001
v 0.109375 2.171875 -0.12499999999999997
v 0.14062499999999994 2.1718749999999996 0.06250000000000001
v 0.14062499999999994 2.1718749999999996 -0.12499999999999997
v 0.10937500000000011 2.109375 0.06250000000000001
v 0.10937500000000011 2.109375 -0.12499999999999997
v 0.140625 2.109375 0.06250000000000001
v 0.140625 2.109375 -0.12499999999999997
v 0.10937500000000011 2.109375 0.07812500000000001
v 0.10937500000000011 2.109375 -0.078125
v 0.140625 2.109375 0.07812500000000001
v 0.140625 2.109375 -0.078125
v 0.109375 2.078125 0.07812500000000001
v 0.109375 2.078125 -0.078125
v 0.1406249999999999 2.078125 0.07812500000000001
v 0.1406249999999999 2.078125 -0.078125
v -0.06250007554423809 2.250000153587602 0.06250000000000001
v -0.06250007554423809 2.250000153587602 -0.203125
v -0.050541218282828954 2.2211289181966247 0.06250000000000001
v -0.050541218282828954 2.2211289181966247 -0.203125
v -0.10580692863070451 2.2320618676954886 0.06250000000000001
v -0.10580692863070451 2.2320618676954886 -0.203125
v -0.09384807136929549 2.203190632304511 0.06250000000000001
v -0.09384807136929549 2.203190632304511 -0.203125
v -0.10937500000000008 2.078125 0.07812500000000001
v -0.10937500000000008 2.078125 -0.078125
v -0.140625 2.078125 0.07812500000000001
v -0.140625 2.078125 -0.078125
v -0.10937500000000003 2.109375 0.07812500000000001
v -0.10937500000000003 2.109375 -0.078125
v -0.140625 2.109375 0.07812500000000001
v -0.140625 2.109375 -0.078125
v -0.10937500000000003 2.109375 0.07812500000000001
v -0.10937500000000003 2.109375 -0.12499999999999997
v -0.140625 2.109375 0.07812500000000001
v -0.140625 2.109375 -0.12499999999999997
v -0.10937500000000008 2.171875 0.07812500000000001
v -0.10937500000000008 2.171875 -0.12499999999999997
v -0.14062499999999994 2.171875 0.07812500000000001
v -0.14062499999999994 2.171875 -0.12499999999999997
v -0.12268670680337529 2.215181906717171 0.07812500000000001
v -0.12268670680337529 2.215181906717171 -0.15625
v -0.09381547141239752 2.2032230494557616 0.07812500000000001
v -0.09381547141239752 2.2032230494557616 -0.15625
v -0.14062499269548898 2.1718750536307043 0.07812500000000001
v -0.14062499269548898 2.1718750536307043 -0.15625
v -0.11175375730451112 2.1599161963692954 0.07812500000000001
v -0.11175375730451112 2.1599161963692954 -0.15625
v -0.1058066630879205 2.232061673824158 0.07812500000000001
v -0.1058066630879205 2.232061673824158 -0.1875
v -0.08370957617584082 2.2099645869120796 0.07812500000000001
v -0.08370957617584082 2.2099645869120796 -0.1875
v -0.12268662778005812 2.2151817091320214 0.07812500000000001
v -0.12268662778005812 2.2151817091320214 -0.1875
v -0.10058954086797842 2.193084622219942 0.07812500000000001
v -0.10058954086797842 2.193084622219942 -0.1875
v 0.2812499999999999 2.2499999999999996 0.09375000000000001
v 0.2812499999999999 2.2499999999999996 0.031250000000000014
v 0.2812499999999999 1.9374999999999998 0.09375000000000001
v 0.2812499999999999 1.9374999999999998 0.031250000000000014
v -0.28125000000000017 2.2499999999999996 0.09375000000000001
v -0.28125000000000017 2.2499999999999996 0.031250000000000014
v -0.28125 1.9375 0.09375000000000001
v -0.28125 1.9375 0.031250000000000014
v 0.2187499999999999 2.3125 0.09375000000000001
v 0.2187499999999999 2.3125 0.031250000000000014
v 0.2187499999999999 2.25 0.09375000000000001
v 0.2187499999999999 2.25 0.031250000000000014
v -0.2187500000000001 2.3124999999999996 0.09375000000000001
v -0.2187500000000001 2.3124999999999996 0.031250000000000014
v -0.21875000000000006 2.25 0.09375000000000001
v -0.21875000000000006 2.25 0.031250000000000014
v 0.1718750000000001 2.375 0.09375000000000001
v 0.1718750000000001 2.375 0.031250000000000014
v 0.171875 2.3125 0.09375000000000001
v 0.171875 2.3125 0.031250000000000014
v -0.17187499999999994 2.375 0.09375000000000001
v -0.17187499999999994 2.375 0.031250000000000014
v -0.171875 2.3124999999999996 0.09375000000000001
v -0.171875 2.3124999999999996 0.031250000000000014
v 0.2812499999999999 1.9374999999999998 0.09375000000000001
v 0.2812499999999999 1.9374999999999998 0.031250000000000014
v 0.28124999999999983 1.4999999999999998 0.09375000000000001
v 0.28124999999999983 1.4999999999999998 0.031250000000000014
v -0.28125 1.9375 0.09375000000000001
v -0.28125 1.9375 0.031250000000000014
v -0.28125000000000017 1.4999999999999998 0.09375000000000001
v -0.28125000000000017 1.4999999999999998 0.031250000000000014
v 0.04530437499999995 1.5625 5.551115123125783e-17
v 0.04530437499999995 1.5625 0.03125000000000004
v 0.036093124999999976 1.5847381249999997 4.163336342344337e-17
v 0.036093124999999865 1.5847381249999999 0.03125000000000003
v 0.109375 1.6265706249999998 4.163336342344337e-17
v 0.109375 1.6265706249999998 0.03125000000000003
v 0.087136875 1.635781875 4.163336342344337e-17
v 0.087136875 1.635781875 0.03125000000000003
v 0.109375 1.7171793749999997 1.3877787807814457e-17
v 0.109375 1.7171793749999997 0.03125
v 0.08713687499999989 1.707968125 1.3877787807814457e-17
v 0.08713687499999989 1.707968125 0.03125
v 0.04530437500000001 1.78125 0
v 0.04530437500000001 1.78125 0.031249999999999986
v 0.036093125000000004 1.7590118750000001 1.3877787807814457e-17
v 0.036093125000000004 1.7590118750000001 0.03125
v -0.04530437500000012 1.7812499999999996 0
v -0.04530437500000012 1.7812499999999996 0.031249999999999986
v -0.03609312500000009 1.7590118750000001 1.3877787807814457e-17
v -0.03609312500000009 1.7590118750000001 0.03125
v -0.10937500000000008 1.717179375 1.3877787807814457e-17
v -0.10937500000000008 1.717179375 0.03125
v -0.087136875 1.707968125 1.3877787807814457e-17
v -0.087136875 1.707968125 0.03125
v -0.10937500000000011 1.6265706249999998 4.163336342344337e-17
v -0.10937500000000011 1.6265706249999998 0.03125000000000003
v -0.08713687499999995 1.6357818749999997 4.163336342344337e-17
v -0.08713687499999995 1.6357818749999997 0.03125000000000003
v -0.04530437500000015 1.5625 5.551115123125783e-17
v -0.04530437500000015 1.5625 0.03125000000000004
v -0.03609312500000014 1.5847381249999997 4.163336342344337e-17
v -0.03609312500000006 1.5847381249999999 0.03125000000000003
v 0.125 1.796875 0.031250000000000014
v 0.125 1.796875 0.025000000000000036
v 0.12499999999999994 1.6093749999999998 0.031250000000000014
v 0.12499999999999994 1.6093749999999998 0.025000000000000036
v -0.125 1.796875 0.031250000000000014
v -0.125 1.796875 0.025000000000000036
v -0.1250000000000001 1.609375 0.031250000000000014
v -0.1250000000000001 1.609375 0.025000000000000036
v 0.06249999999999989 1.8125 0.07812500000000001
v 0.06249999999999989 1.8125 -0.21875
v 0.062499999999999944 1.78125 0.07812500000000001
v 0.062499999999999944 1.78125 -0.21875
v -0.0625000000000001 1.8124999999999996 0.07812500000000001
v -0.0625000000000001 1.8124999999999996 -0.21875
v -0.06250000000000004 1.7812499999999996 0.07812500000000001
v -0.06250000000000004 1.7812499999999996 -0.21875
v 0.10580692863070457 1.7945618676954889 0.06250000000000001
v 0.10580692863070457 1.7945618676954889 -0.203125
v 0.0938480713692954 1.765690632304511 0.06250000000000001
v 0.0938480713692954 1.765690632304511 -0.203125
v 0.06250007554423789 1.8125001535876022 0.06250000000000001
v 0.06250007554423789 1.8125001535876022 -0.203125
v 0.050541218282828926 1.7836289181966247 0.06250000000000001
v 0.050541218282828926 1.7836289181966247 -0.203125
v 0.12268662778005796 1.7776817091320214 0.07812500000000001
v 0.12268662778005796 1.7776817091320214 -0.1875
v 0.10058954086797833 1.7555846222199418 0.07812500000000001
v 0.10058954086797833 1.7555846222199418 -0.1875
v 0.10580666308792036 1.7945616738241594 0.07812500000000001
v 0.10580666308792036 1.7945616738241594 -0.1875
v 0.0837095761758408 1.7724645869120794 0.07812500000000001
v 0.0837095761758408 1.7724645869120794 -0.1875
v 0.14062499269548873 1.7343750536307043 0.07812500000000001
v 0.14062499269548873 1.7343750536307043 -0.15625
v 0.11175375730451098 1.7224161963692954 0.07812500000000001
v 0.11175375730451098 1.7224161963692954 -0.15625
v 0.12268670680337523 1.777681906717171 0.07812500000000001
v 0.12268670680337523 1.777681906717171 -0.15625
v 0.09381547141239743 1.7657230494557619 0.07812500000000001
v 0.09381547141239743 1.7657230494557619 -0.15625
v 0.10937500000000006 1.734375 0.06250000000000001
v 0.10937500000000006 1.734375 -0.12499999999999997
v 0.14062499999999994 1.7343749999999998 0.06250000000000001
v 0.14062499999999994 1.7343749999999998 -0.12499999999999997
v 0.109375 1.671875 0.06250000000000001
v 0.109375 1.671875 -0.12499999999999997
v 0.14062499999999994 1.671875 0.06250000000000001
v 0.14062499999999994 1.671875 -0.12499999999999997
v 0.109375 1.671875 0.07812500000000001
v 0.109375 1.671875 -0.078125
v 0.14062499999999994 1.671875 0.07812500000000001
v 0.14062499999999994 1.671875 -0.078125
v 0.109375 1.6406249999999996 0.07812500000000001
v 0.109375 1.6406249999999996 -0.078125
v 0.1406249999999999 1.6406249999999996 0.07812500000000001
v 0.1406249999999999 1.6406249999999996 -0.078125
v -0.06250007554423805 1.8125001535876022 0.06250000000000001
v -0.06250007554423805 1.8125001535876022 -0.203125
v -0.05054121828282897 1.7836289181966247 0.06250000000000001
v -0.05054121828282897 1.7836289181966247 -0.203125
v -0.10580692863070466 1.7945618676954886 0.06250000000000001
v -0.10580692863070466 1.7945618676954886 -0.203125
v -0.0938480713692954 1.7656906323045112 0.06250000000000001
v -0.0938480713692954 1.7656906323045112 -0.203125
v -0.1093750000000001 1.6406249999999998 0.07812500000000001
v -0.1093750000000001 1.6406249999999998 -0.078125
v -0.14062500000000003 1.640625 0.07812500000000001
v -0.14062500000000003 1.640625 -0.078125
v -0.10937500000000007 1.671875 0.07812500000000001
v -0.10937500000000007 1.671875 -0.078125
v -0.140625 1.671875 0.07812500000000001
v -0.140625 1.671875 -0.078125
v -0.10937500000000007 1.671875 0.07812500000000001
v -0.10937500000000007 1.671875 -0.12499999999999997
v -0.140625 1.671875 0.07812500000000001
v -0.140625 1.671875 -0.12499999999999997
v -0.10937500000000008 1.734375 0.07812500000000001
v -0.10937500000000008 1.734375 -0.12499999999999997
v -0.14062499999999994 1.734375 0.07812500000000001
v -0.14062499999999994 1.734375 -0.12499999999999997
v -0.12268670680337523 1.777681906717171 0.07812500000000001
v -0.12268670680337523 1.777681906717171 -0.15625
v -0.09381547141239754 1.7657230494557616 0.07812500000000001
v -0.09381547141239754 1.7657230494557616 -0.15625
v -0.14062499269548878 1.7343750536307043 0.07812500000000001
v -0.14062499269548878 1.7343750536307043 -0.15625
v -0.11175375730451112 1.7224161963692954 0.07812500000000001
v -0.11175375730451112 1.7224161963692954 -0.15625
v -0.10580666308792047 1.794561673824159 0.07812500000000001
v -0.10580666308792047 1.794561673824159 -0.1875
v -0.08370957617584082 1.7724645869120796 0.07812500000000001
v -0.08370957617584082 1.7724645869120796 -0.1875
v -0.12268662778005805 1.7776817091320214 0.07812500000000001
v -0.12268662778005805 1.7776817091320214 -0.1875
v -0.1005895408679785 1.7555846222199416 0.07812500000000001
v -0.1005895408679785 1.7555846222199416 -0.1875
v -0.254786875 1.9374999999999998 0.10312500000000004
v -0.254786875 1.9374999999999998 0.02187499999999999
v -0.25478687500000013 1.4999999999999998 0.10312500000000004
v -0.25478687500000013 1.4999999999999998 0.02187499999999999
v -0.31728687499999997 1.9375 0.10312500000000004
v -0.31728687499999997 1.9375 0.02187499999999999
v -0.317286875 1.4999999999999998 0.10312500000000004
v -0.317286875 1.4999999999999998 0.02187499999999999
v 0.31728687499999986 1.9374999999999998 0.10312500000000004
v 0.31728687499999986 1.9374999999999998 0.02187499999999999
v 0.3172868749999998 1.4999999999999998 0.10312500000000004
v 0.3172868749999998 1.4999999999999998 0.02187499999999999
v 0.25478687499999997 1.9374999999999998 0.10312500000000004
v 0.25478687499999997 1.9374999999999998 0.02187499999999999
v 0.25478687499999986 1.4999999999999998 0.10312500000000004
v 0.25478687499999986 1.4999999999999998 0.02187499999999999
v -5.551115123125783e-17 1.234375 0.09375000000000001
v -5.551115123125783e-17 1.234375 0.1875
v 0.04530437500000001 1.125 0.09375000000000004
v 0.04530437500000001 1.125 0.18750000000000006
v 0.109375 1.189070625 0.09375000000000003
v 0.109375 1.189070625 0.1875
v 0.10937499999999994 1.2796793749999997 0.09375
v 0.10937499999999994 1.2796793749999997 0.1875
v 0.04530437500000001 1.34375 0.09374999999999999
v 0.04530437500000001 1.34375 0.1875
v -0.04530437500000012 1.3437499999999998 0.09374999999999999
v -0.04530437500000012 1.3437499999999998 0.1875
v -0.10937500000000008 1.2796793749999997 0.09375
v -0.10937500000000008 1.2796793749999997 0.1875
v -0.10937500000000006 1.1890706249999998 0.09375000000000003
v -0.10937500000000006 1.1890706249999998 0.1875
v -0.04530437500000012 1.1249999999999998 0.09375000000000004
v -0.04530437500000012 1.1249999999999998 0.18750000000000006
v 0.26916018530477354 1.265625 0.11194975625913732
v 0.24524247078195538 1.265625 0.05420728547718191
v 0.2691601853047734 1.203125 0.11194975625913732
v 0.24524247078195538 1.203125 0.05420728547718191
v 0.09593277295890718 1.265625 0.18370289982759164
v 0.07201505843608907 1.2656249999999998 0.1259604290456362
v 0.09593277295890712 1.2031249999999998 0.18370289982759164
v 0.07201505843608907 1.203125 0.1259604290456362
v -0.09593277295890734 1.265625 0.18370289982759164
v -0.07201505843608916 1.265625 0.1259604290456362
v -0.09593277295890734 1.203125 0.18370289982759164
v -0.07201505843608916 1.203125 0.1259604290456362
v -0.2691601853047736 1.2656249999999998 0.11194975625913732
v -0.24524247078195555 1.2656249999999998 0.05420728547718191
v -0.26916018530477365 1.2031249999999998 0.11194975625913732
v -0.24524247078195544 1.2031249999999998 0.05420728547718191
v -0.06250000000000003 1.4374999999999996 0.15625
v -0.06250000000000003 1.4374999999999996 0.09375000000000001
v -0.06250000000000007 1 0.15625
v -0.06250000000000007 1 0.09375000000000001
v -0.12500000000000006 1.4374999999999998 0.15625
v -0.12500000000000006 1.4374999999999998 0.09375000000000001
v -0.12500000000000006 1 0.15625
v -0.12500000000000006 1 0.09375000000000001
v 0.125 1.4374999999999998 0.15625
v 0.125 1.4374999999999998 0.09375000000000001
v 0.125 0.9999999999999999 0.15625
v 0.125 0.9999999999999999 0.09375000000000001
v 0.06250000000000003 1.4375 0.15625
v 0.06250000000000003 1.4375 0.09375000000000001
v 0.06249999999999997 0.9999999999999999 0.15625
v 0.06249999999999997 0.9999999999999999 0.09375000000000001
v 0.15624999999999994 1.4374999999999998 0.171875
v 0.15624999999999994 1.4374999999999998 0.09375000000000001
v 0.15625 1.3749999999999998 0.171875
v 0.15625 1.3749999999999998 0.09375000000000001
v -0.15625000000000003 1.4374999999999998 0.171875
v -0.15625000000000003 1.4374999999999998 0.09375000000000001
v -0.15625000000000003 1.3749999999999998 0.171875
v -0.15625000000000003 1.3749999999999998 0.09375000000000001
v -2.7755575615628914e-17 1.671875 0.09375000000000001
v -2.7755575615628914e-17 1.671875 0.1875
v 0.04530437499999995 1.5625 0.09375000000000004
v 0.04530437499999995 1.5625 0.18750000000000006
v 0.109375 1.6265706249999998 0.09375000000000003
v 0.109375 1.6265706249999998 0.1875
v 0.109375 1.7171793749999997 0.09375
v 0.109375 1.7171793749999997 0.1875
v 0.04530437500000001 1.78125 0.09374999999999999
v 0.04530437500000001 1.78125 0.1875
v -0.04530437500000012 1.7812499999999996 0.09374999999999999
v -0.04530437500000012 1.7812499999999996 0.1875
v -0.10937500000000008 1.717179375 0.09375
v -0.10937500000000008 1.717179375 0.1875
v -0.10937500000000011 1.6265706249999998 0.09375000000000003
v -0.10937500000000011 1.6265706249999998 0.1875
v -0.04530437500000015 1.5625 0.09375000000000004
v -0.04530437500000015 1.5625 0.18750000000000006
v 0.2691601853047736 1.703125 0.11194975625913732
v 0.2452424707819555 1.703125 0.05420728547718191
v 0.2691601853047735 1.6406249999999998 0.11194975625913732
v 0.24524247078195538 1.6406249999999998 0.05420728547718191
v 0.09593277295890734 1.703125 0.18370289982759164
v 0.07201505843608913 1.703125 0.1259604290456362
v 0.09593277295890723 1.6406249999999996 0.18370289982759164
v 0.07201505843608907 1.6406249999999998 0.1259604290456362
v -0.09593277295890727 1.703125 0.18370289982759164
v -0.07201505843608907 1.703125 0.1259604290456362
v -0.09593277295890734 1.6406249999999996 0.18370289982759164
v -0.07201505843608913 1.6406249999999998 0.1259604290456362
v -0.26916018530477354 1.703125 0.11194975625913732
v -0.24524247078195532 1.7031249999999998 0.05420728547718191
v -0.2691601853047736 1.6406249999999996 0.11194975625913732
v -0.24524247078195555 1.6406249999999998 0.05420728547718191
v -0.06250000000000003 1.8749999999999998 0.15625
v -0.06250000000000003 1.8749999999999998 0.09375000000000001
v -0.06250000000000003 1.4374999999999996 0.15625
v -0.06250000000000003 1.4374999999999996 0.09375000000000001
v -0.12500000000000003 1.875 0.15625
v -0.12500000000000003 1.875 0.09375000000000001
v -0.12500000000000006 1.4374999999999998 0.15625
v -0.12500000000000006 1.4374999999999998 0.09375000000000001
v 0.12499999999999994 1.875 0.15625
v 0.12499999999999994 1.875 0.09375000000000001
v 0.125 1.4374999999999998 0.15625
v 0.125 1.4374999999999998 0.09375000000000001
v 0.062499999999999944 1.875 0.15625
v 0.062499999999999944 1.875 0.09375000000000001
v 0.06250000000000003 1.4375 0.15625
v 0.06250000000000003 1.4375 0.09375000000000001
v 0.15625 1.875 0.171875
v 0.15625 1.875 0.09375000000000001
v 0.1562499999999999 1.8124999999999998 0.171875
v 0.1562499999999999 1.8124999999999998 0.09375000000000001
v -0.15625000000000003 1.875 0.171875
v -0.15625000000000003 1.875 0.09375000000000001
v -0.1562500000000001 1.8124999999999998 0.171875
v -0.1562500000000001 1.8124999999999998 0.09375000000000001
v 0 2.109375 0.09375000000000001
v 0 2.109375 0.1875
v 0.045304375000000036 2 0.09375000000000004
v 0.045304375000000036 2 0.18750000000000006
v 0.109375 2.064070625 0.09375000000000003
v 0.109375 2.064070625 0.1875
v 0.10937499999999989 2.1546793749999997 0.09375
v 0.10937499999999989 2.1546793749999997 0.1875
v 0.045304375000000036 2.21875 0.09374999999999999
v 0.045304375000000036 2.21875 0.1875
v -0.04530437500000012 2.21875 0.09374999999999999
v -0.04530437500000012 2.21875 0.1875
v -0.10937500000000006 2.1546793749999997 0.09375
v -0.10937500000000006 2.1546793749999997 0.1875
v -0.10937500000000014 2.0640706249999994 0.09375000000000003
v -0.10937500000000014 2.0640706249999994 0.1875
v -0.04530437500000006 2 0.09375000000000004
v -0.04530437500000006 2 0.18750000000000006
v 0.2691601853047735 2.140625 0.11194975625913732
v 0.24524247078195527 2.140625 0.05420728547718191
v 0.26916018530477354 2.078125 0.11194975625913732
v 0.24524247078195538 2.078125 0.05420728547718191
v 0.09593277295890723 2.140625 0.18370289982759164
v 0.07201505843608913 2.140625 0.1259604290456362
v 0.09593277295890723 2.078125 0.18370289982759164
v 0.07201505843608907 2.078125 0.1259604290456362
v -0.0959327729589074 2.140625 0.18370289982759164
v -0.0720150584360891 2.140625 0.1259604290456362
v -0.09593277295890734 2.078125 0.18370289982759164
v -0.07201505843608916 2.078125 0.1259604290456362
v -0.2691601853047736 2.140625 0.11194975625913732
v -0.24524247078195538 2.140625 0.05420728547718191
v -0.26916018530477365 2.078125 0.11194975625913732
v -0.24524247078195546 2.078125 0.05420728547718191
v -0.06250000000000006 2.312499999999999 0.15625
v -0.06250000000000006 2.312499999999999 0.09375000000000001
v -0.06250000000000003 1.8749999999999998 0.15625
v -0.06250000000000003 1.8749999999999998 0.09375000000000001
v -0.12500000000000025 2.312499999999999 0.15625
v -0.12500000000000025 2.312499999999999 0.09375000000000001
v -0.12500000000000003 1.875 0.15625
v -0.12500000000000003 1.875 0.09375000000000001
v 0.125 2.3125 0.15625
v 0.125 2.3125 0.09375000000000001
v 0.12499999999999994 1.875 0.15625
v 0.12499999999999994 1.875 0.09375000000000001
v 0.06249999999999992 2.3125 0.15625
v 0.06249999999999992 2.3125 0.09375000000000001
v 0.062499999999999944 1.875 0.15625
v 0.062499999999999944 1.875 0.09375000000000001
v 0.15625 2.3125 0.171875
v 0.15625 2.3125 0.09375000000000001
v 0.15624999999999994 2.2499999999999996 0.171875
v 0.15624999999999994 2.2499999999999996 0.09375000000000001
v -0.15625000000000003 2.3124999999999996 0.171875
v -0.15625000000000003 2.3124999999999996 0.09375000000000001
v -0.15624999999999992 2.25 0.171875
v -0.15624999999999992 2.25 0.09375000000000001
v 0.1874999999999999 0.9999999999999999 0.1875
v 0.1874999999999999 0.9999999999999999 0.06250000000000001
v 0.1874999999999999 0.9687499999999999 0.1875
v 0.1874999999999999 0.9687499999999999 0.06250000000000001
v -0.18750000000000003 0.9999999999999999 0.1875
v -0.18750000000000003 0.9999999999999999 0.06250000000000001
v -0.18749999999999994 0.9687499999999999 0.1875
v -0.18749999999999994 0.9687499999999999 0.06250000000000001
v 0.1875 0.9375 0.1875
v 0.1875 0.9375 0.06250000000000001
v 0.1874999999999999 0.9062499999999999 0.1875
v 0.1874999999999999 0.9062499999999999 0.06250000000000001
v -0.1875 0.9375 0.1875
v -0.1875 0.9375 0.06250000000000001
v -0.18750000000000008 0.9062499999999999 0.1875
v -0.18750000000000008 0.9062499999999999 0.06250000000000001
v 0.09374999999999994 0.9062499999999999 0.1875
v 0.09374999999999994 0.9062499999999999 0.06250000000000001
v 0.09374999999999989 0.75 0.1875
v 0.09374999999999989 0.75 0.06250000000000001
v -0.0937500000000001 0.9062499999999999 0.1875
v -0.0937500000000001 0.9062499999999999 0.06250000000000001
v -0.09375000000000008 0.7499999999999999 0.1875
v -0.09375000000000008 0.7499999999999999 0.06250000000000001
v 0.15624999999999994 0.96875 0.171875
v 0.15624999999999994 0.96875 0.07812500000000001
v 0.15625000000000006 0.9375 0.171875
v 0.15625000000000006 0.9375 0.07812500000000001
v -0.15625 0.9687499999999999 0.171875
v -0.15625 0.9687499999999999 0.07812500000000001
v -0.15625000000000006 0.9374999999999999 0.171875
v -0.15625000000000006 0.9374999999999999 0.07812500000000001
v 0.06249999999999989 0.7499999999999999 0.1875
v 0.06249999999999989 0.7499999999999999 0.06250000000000001
v 0.06249999999999997 0.5624999999999999 0.1875
v 0.06249999999999997 0.5624999999999999 0.06250000000000001
v -0.06250000000000011 0.7499999999999999 0.1875
v -0.06250000000000011 0.7499999999999999 0.06250000000000001
v -0.06250000000000006 0.5625 0.1875
v -0.06250000000000006 0.5625 0.06250000000000001
v 0.056249999999999994 0.4547490621699571 0.4936486551385488
v 0.05624999999999997 0.5598942992428562 0.10124128820861479
v 0.05624999999999988 0.33400833388382356 0.4612962745007337
v 0.05624999999999991 0.4391535709567226 0.0688889075707997
v -0.05625000000000005 0.45474906216995714 0.4936486551385488
v -0.05625000000000005 0.5598942992428562 0.10124128820861479
v -0.05625000000000002 0.33400833388382356 0.4612962745007337
v -0.05625000000000002 0.4391535709567226 0.0688889075707997
v 0.06249999999999997 0.5624999999999999 0.4375
v 0.06249999999999997 0.5624999999999999 0.06250000000000001
v 0.062499999999999944 0.43749999999999994 0.4375
v 0.062499999999999944 0.43749999999999994 0.06250000000000001
v -0.06250000000000006 0.5625 0.4375
v -0.06250000000000006 0.5625 0.06250000000000001
v -0.06250000000000006 0.43749999999999994 0.4375
v -0.06250000000000006 0.43749999999999994 0.06250000000000001
v 0.12499999999999989 0.625 0.5
v 0.12499999999999989 0.625 0.4375
v 0.125 0.3125 0.5
v 0.125 0.3125 0.4375
v -0.125 0.625 0.5
v -0.125 0.625 0.4375
v -0.125 0.3125 0.5
v -0.125 0.3125 0.4375
v 0.12499999999999989 0.78125 0.06250000000000001
v 0.12499999999999989 0.78125 0.031250000000000014
v 0.125 0.53125 0.06250000000000001
v 0.125 0.53125 0.031250000000000014
v -0.12500000000000003 0.78125 0.06250000000000001
v -0.12500000000000003 0.78125 0.031250000000000014
v -0.12500000000000006 0.53125 0.06250000000000001
v -0.12500000000000006 0.53125 0.031250000000000014
vt 0.39375 0.703125
vt 0.39375 0.71875
vt 0.375 0.71875
vt 0.375 0.703125
vt 0.33125 0.65625
vt 0.33125 0.671875
vt 0.3125 0.671875
vt 0.3125 0.65625
vt 0.390625 0.66875
vt 0.390625 0.6875
vt 0.3671875 0.6875
vt 0.3671875 0.66875
vt 0.34375 0.684375
vt 0.34375 0.703125
vt 0.3203125 0.703125
vt 0.3203125 0.684375
vt 0.328125 0.6875
vt 0.328125 0.703125
vt 0.3046875 0.703125
vt 0.3046875 0.6875
vt 0.9296875 0.625
vt 0.9296875 0.640625
vt 0.90625 0.640625
vt 0.90625 0.625
vt 0.3953125 0.671875
vt 0.3953125 0.6875
vt 0.375 0.6875
vt 0.375 0.671875
vt 0.3484375 0.6875
vt 0.3484375 0.703125
vt 0.328125 0.703125
vt 0.328125 0.6875
vt 0.40625 0.6984375
vt 0.40625 0.71875
vt 0.34375 0.71875
vt 0.34375 0.6984375
vt 0.390625 0.6515625
vt 0.390625 0.671875
vt 0.328125 0.671875
vt 0.328125 0.6515625
vt 0.390625 0.65625
vt 0.390625 0.671875
vt 0.328125 0.671875
vt 0.328125 0.65625
vt 0.953125 0.671875
vt 0.953125 0.6875
vt 0.890625 0.6875
vt 0.890625 0.671875
vt 0.39375 0.703125
vt 0.39375 0.71875
vt 0.375 0.71875
vt 0.375 0.703125
vt 0.33125 0.65625
vt 0.33125 0.671875
vt 0.3125 0.671875
vt 0.3125 0.65625
vt 0.390625 0.66875
vt 0.390625 0.6875
vt 0.3671875 0.6875
vt 0.3671875 0.66875
vt 0.34375 0.684375
vt 0.34375 0.703125
vt 0.3203125 0.703125
vt 0.3203125 0.684375
vt 0.328125 0.6875
vt 0.328125 0.703125
vt 0.3046875 0.703125
vt 0.3046875 0.6875
vt 0.9296875 0.625
vt 0.9296875 0.640625
vt 0.90625 0.640625
vt 0.90625 0.625
vt 0.39375 0.703125
vt 0.39375 0.71875
vt 0.375 0.71875
vt 0.375 0.703125
vt 0.33125 0.65625
vt 0.33125 0.671875
vt 0.3125 0.671875
vt 0.3125 0.65625
vt 0.390625 0.66875
vt 0.390625 0.6875
vt 0.3671875 0.6875
vt 0.3671875 0.66875
vt 0.34375 0.684375
vt 0.34375 0.703125
vt 0.3203125 0.703125
vt 0.3203125 0.684375
vt 0.328125 0.6875
vt 0.328125 0.703125
vt 0.3046875 0.703125
vt 0.3046875 0.6875
vt 0.9296875 0.625
vt 0.9296875 0.640625
vt 0.90625 0.640625
vt 0.90625 0.625
vt 0.39375 0.703125
vt 0.39375 0.71875
vt 0.375 0.71875
vt 0.375 0.703125
vt 0.33125 0.65625
vt 0.33125 0.671875
vt 0.3125 0.671875
vt 0.3125 0.65625
vt 0.390625 0.66875
vt 0.390625 0.6875
vt 0.3671875 0.6875
vt 0.3671875 0.66875
vt 0.34375 0.684375
vt 0.34375 0.703125
vt 0.3203125 0.703125
vt 0.3203125 0.684375
vt 0.328125 0.6875
vt 0.328125 0.703125
vt 0.3046875 0.703125
vt 0.3046875 0.6875
vt 0.9296875 0.625
vt 0.9296875 0.640625
vt 0.90625 0.640625
vt 0.90625 0.625
vt 0.39375 0.703125
vt 0.39375 0.71875
vt 0.375 0.71875
vt 0.375 0.703125
vt 0.33125 0.65625
vt 0.33125 0.671875
vt 0.3125 0.671875
vt 0.3125 0.65625
vt 0.390625 0.66875
vt 0.390625 0.6875
vt 0.3671875 0.6875
vt 0.3671875 0.66875
vt 0.34375 0.684375
vt 0.34375 0.703125
vt 0.3203125 0.703125
vt 0.3203125 0.684375
vt 0.328125 0.6875
vt 0.328125 0.703125
vt 0.3046875 0.703125
vt 0.3046875 0.6875
vt 0.9296875 0.625
vt 0.9296875 0.640625
vt 0.90625 0.640625
vt 0.90625 0.625
vt 0.39375 0.703125
vt 0.39375 0.71875
vt 0.375 0.71875
vt 0.375 0.703125
vt 0.33125 0.65625
vt 0.33125 0.671875
vt 0.3125 0.671875
vt 0.3125 0.65625
vt 0.390625 0.66875
vt 0.390625 0.6875
vt 0.3671875 0.6875
vt 0.3671875 0.66875
vt 0.34375 0.684375
vt 0.34375 0.703125
vt 0.3203125 0.703125
vt 0.3203125 0.684375
vt 0.328125 0.6875
vt 0.328125 0.703125
vt 0.3046875 0.703125
vt 0.3046875 0.6875
vt 0.9296875 0.625
vt 0.9296875 0.640625
vt 0.90625 0.640625
vt 0.90625 0.625
vt 0.39375 0.703125
vt 0.39375 0.71875
vt 0.375 0.71875
vt 0.375 0.703125
vt 0.33125 0.65625
vt 0.33125 0.671875
vt 0.3125 0.671875
vt 0.3125 0.65625
vt 0.390625 0.66875
vt 0.390625 0.6875
vt 0.3671875 0.6875
vt 0.3671875 0.66875
vt 0.34375 0.684375
vt 0.34375 0.703125
vt 0.3203125 0.703125
vt 0.3203125 0.684375
vt 0.328125 0.6875
vt 0.328125 0.703125
vt 0.3046875 0.703125
vt 0.3046875 0.6875
vt 0.9296875 0.625
vt 0.9296875 0.640625
vt 0.90625 0.640625
vt 0.90625 0.625
vt 0.3125 0.65625
vt 0.3125 0.671875
vt 0.33125 0.671875
vt 0.33125 0.65625
vt 0.375 0.703125
vt 0.375 0.71875
vt 0.39375 0.71875
vt 0.39375 0.703125
vt 0.3671875 0.66875
vt 0.3671875 0.6875
vt 0.390625 0.6875
vt 0.390625 0.66875
vt 0.3203125 0.684375
vt 0.3203125 0.703125
vt 0.34375 0.703125
vt 0.34375 0.684375
vt 0.3046875 0.6875
vt 0.3046875 0.703125
vt 0.328125 0.703125
vt 0.328125 0.6875
vt 0.90625 0.625
vt 0.90625 0.640625
vt 0.9296875 0.640625
vt 0.9296875 0.625
vt 0.3125 0.65625
vt 0.3125 0.671875
vt 0.33125 0.671875
vt 0.33125 0.65625
vt 0.375 0.703125
vt 0.375 0.71875
vt 0.39375 0.71875
vt 0.39375 0.703125
vt 0.3671875 0.66875
vt 0.3671875 0.6875
vt 0.390625 0.6875
vt 0.390625 0.66875
vt 0.3203125 0.684375
vt 0.3203125 0.703125
vt 0.34375 0.703125
vt 0.34375 0.684375
vt 0.3046875 0.6875
vt 0.3046875 0.703125
vt 0.328125 0.703125
vt 0.328125 0.6875
vt 0.90625 0.625
vt 0.90625 0.640625
vt 0.9296875 0.640625
vt 0.9296875 0.625
vt 0.3125 0.65625
vt 0.3125 0.671875
vt 0.33125 0.671875
vt 0.33125 0.65625
vt 0.375 0.703125
vt 0.375 0.71875
vt 0.39375 0.71875
vt 0.39375 0.703125
vt 0.3671875 0.66875
vt 0.3671875 0.6875
vt 0.390625 0.6875
vt 0.390625 0.66875
vt 0.3203125 0.684375
vt 0.3203125 0.703125
vt 0.34375 0.703125
vt 0.34375 0.684375
vt 0.3046875 0.6875
vt 0.3046875 0.703125
vt 0.328125 0.703125
vt 0.328125 0.6875
vt 0.90625 0.625
vt 0.90625 0.640625
vt 0.9296875 0.640625
vt 0.9296875 0.625
vt 0.3125 0.65625
vt 0.3125 0.671875
vt 0.33125 0.671875
vt 0.33125 0.65625
vt 0.375 0.703125
vt 0.375 0.71875
vt 0.39375 0.71875
vt 0.39375 0.703125
vt 0.3671875 0.66875
vt 0.3671875 0.6875
vt 0.390625 0.6875
vt 0.390625 0.66875
vt 0.3203125 0.684375
vt 0.3203125 0.703125
vt 0.34375 0.703125
vt 0.34375 0.684375
vt 0.3046875 0.6875
vt 0.3046875 0.703125
vt 0.328125 0.703125
vt 0.328125 0.6875
vt 0.90625 0.625
vt 0.90625 0.640625
vt 0.9296875 0.640625
vt 0.9296875 0.625
vt 0.3125 0.65625
vt 0.3125 0.671875
vt 0.33125 0.671875
vt 0.33125 0.65625
vt 0.375 0.703125
vt 0.375 0.71875
vt 0.39375 0.71875
vt 0.39375 0.703125
vt 0.3671875 0.66875
vt 0.3671875 0.6875
vt 0.390625 0.6875
vt 0.390625 0.66875
vt 0.3203125 0.684375
vt 0.3203125 0.703125
vt 0.34375 0.703125
vt 0.34375 0.684375
vt 0.3046875 0.6875
vt 0.3046875 0.703125
vt 0.328125 0.703125
vt 0.328125 0.6875
vt 0.90625 0.625
vt 0.90625 0.640625
vt 0.9296875 0.640625
vt 0.9296875 0.625
vt 0.3125 0.65625
vt 0.3125 0.671875
vt 0.33125 0.671875
vt 0.33125 0.65625
vt 0.375 0.703125
vt 0.375 0.71875
vt 0.39375 0.71875
vt 0.39375 0.703125
vt 0.3671875 0.66875
vt 0.3671875 0.6875
vt 0.390625 0.6875
vt 0.390625 0.66875
vt 0.3203125 0.684375
vt 0.3203125 0.703125
vt 0.34375 0.703125
vt 0.34375 0.684375
vt 0.3046875 0.6875
vt 0.3046875 0.703125
vt 0.328125 0.703125
vt 0.328125 0.6875
vt 0.90625 0.625
vt 0.90625 0.640625
vt 0.9296875 0.640625
vt 0.9296875 0.625
vt 0.3125 0.65625
vt 0.3125 0.671875
vt 0.33125 0.671875
vt 0.33125 0.65625
vt 0.375 0.703125
vt 0.375 0.71875
vt 0.39375 0.71875
vt 0.39375 0.703125
vt 0.3671875 0.66875
vt 0.3671875 0.6875
vt 0.390625 0.6875
vt 0.390625 0.66875
vt 0.3203125 0.684375
vt 0.3203125 0.703125
vt 0.34375 0.703125
vt 0.34375 0.684375
vt 0.3046875 0.6875
vt 0.3046875 0.703125
vt 0.328125 0.703125
vt 0.328125 0.6875
vt 0.90625 0.625
vt 0.90625 0.640625
vt 0.9296875 0.640625
vt 0.9296875 0.625
vt 0.328125 0.6875
vt 0.328125 0.703125
vt 0.3484375 0.703125
vt 0.3484375 0.6875
vt 0.375 0.671875
vt 0.375 0.6875
vt 0.3953125 0.6875
vt 0.3953125 0.671875
vt 0.34375 0.6984375
vt 0.34375 0.71875
vt 0.40625 0.71875
vt 0.40625 0.6984375
vt 0.328125 0.6515625
vt 0.328125 0.671875
vt 0.390625 0.671875
vt 0.390625 0.6515625
vt 0.328125 0.65625
vt 0.328125 0.671875
vt 0.390625 0.671875
vt 0.390625 0.65625
vt 0.890625 0.671875
vt 0.890625 0.6875
vt 0.953125 0.6875
vt 0.953125 0.671875
vt 0.359375 0.625
vt 0.359375 0.640625
vt 0.328125 0.640625
vt 0.328125 0.625
vt 0.453125 0.59375
vt 0.453125 0.609375
vt 0.421875 0.609375
vt 0.421875 0.59375
vt 0.375 0.625
vt 0.375 0.65625
vt 0.34375 0.65625
vt 0.34375 0.625
vt 0.328125 0.671875
vt 0.328125 0.703125
vt 0.296875 0.703125
vt 0.296875 0.671875
vt 0.390625 0.578125
vt 0.390625 0.59375
vt 0.359375 0.59375
vt 0.359375 0.578125
vt 0.9375 0.671875
vt 0.9375 0.6875
vt 0.90625 0.6875
vt 0.90625 0.671875
vt 0.359375 0.671875
vt 0.359375 0.6875
vt 0.34375 0.6875
vt 0.34375 0.671875
vt 0.390625 0.6875
vt 0.390625 0.703125
vt 0.375 0.703125
vt 0.375 0.6875
vt 0.42578125 0.703125
vt 0.42578125 0.71875
vt 0.33984375 0.71875
vt 0.33984375 0.703125
vt 0.42578125 0.625
vt 0.42578125 0.640625
vt 0.33984375 0.640625
vt 0.33984375 0.625
vt 0.42578125 0.6875
vt 0.42578125 0.703125
vt 0.33984375 0.703125
vt 0.33984375 0.6875
vt 0.4296875 0.578125
vt 0.4296875 0.59375
vt 0.34375 0.59375
vt 0.34375 0.578125
vt 0.3125 0.65625
vt 0.3125 0.671875
vt 0.296875 0.671875
vt 0.296875 0.65625
vt 0.3125 0.609375
vt 0.3125 0.625
vt 0.296875 0.625
vt 0.296875 0.609375
vt 0.4375 0.671875
vt 0.4375 0.6875
vt 0.328125 0.6875
vt 0.328125 0.671875
vt 0.4375 0.625
vt 0.4375 0.640625
vt 0.328125 0.640625
vt 0.328125 0.625
vt 0.421875 0.703125
vt 0.421875 0.71875
vt 0.3125 0.71875
vt 0.3125 0.703125
vt 0.4375 0.5625
vt 0.4375 0.578125
vt 0.328125 0.578125
vt 0.328125 0.5625
vt 0.3125 0.578125
vt 0.3125 0.671875
vt 0.296875 0.671875
vt 0.296875 0.578125
vt 0.3125 0.578125
vt 0.3125 0.671875
vt 0.296875 0.671875
vt 0.296875 0.578125
vt 0.4375 0.65625
vt 0.4375 0.671875
vt 0.296875 0.671875
vt 0.296875 0.65625
vt 0.4375 0.625
vt 0.4375 0.640625
vt 0.296875 0.640625
vt 0.296875 0.625
vt 0.40625 0.21875
vt 0.40625 0.3125
vt 0.265625 0.3125
vt 0.265625 0.21875
vt 0.40625 0.21875
vt 0.40625 0.3125
vt 0.265625 0.3125
vt 0.265625 0.21875
vt 0.09375 0.34375
vt 0.116403125 0.34375
vt 0.116403125 0.359375
vt 0.09375 0.359375
vt 0.174296875 0.375
vt 0.15625 0.375
vt 0.15625 0.359375
vt 0.174296875 0.359375
vt 0.078125 0.3414475
vt 0.078125 0.32340078125000005
vt 0.0836846875 0.32109828124999995
vt 0.0836846875 0.34375
vt 0.140625 0.4006903125
vt 0.16327671875 0.4006903125
vt 0.16097421875 0.40625
vt 0.1429275 0.40625
vt 0.125 0.375
vt 0.147653125 0.375
vt 0.147653125 0.390625
vt 0.125 0.390625
vt 0.189921875 0.40625
vt 0.171875 0.40625
vt 0.171875 0.390625
vt 0.189921875 0.390625
vt 0.078125 0.34144687500000004
vt 0.078125 0.3234
vt 0.083684375 0.32109687499999995
vt 0.083684375 0.34375
vt 0.099309375 0.35234687499999995
vt 0.099309375 0.375
vt 0.09375 0.37269687500000004
vt 0.09375 0.35465
vt 0.1875 0.375
vt 0.210153125 0.375
vt 0.210153125 0.390625
vt 0.1875 0.390625
vt 0.143046875 0.390625
vt 0.125 0.390625
vt 0.125 0.375
vt 0.143046875 0.375
vt 0.20784921875 0.359375
vt 0.1898025 0.359375
vt 0.1875 0.3538153125
vt 0.21015171875 0.3538153125
vt 0.1618096875 0.35234828124999995
vt 0.1618096875 0.375
vt 0.15625 0.3726975
vt 0.15625 0.35465078125000005
vt 0.140625 0.390625
vt 0.163278125 0.390625
vt 0.163278125 0.40625
vt 0.140625 0.40625
vt 0.111796875 0.375
vt 0.09375 0.375
vt 0.09375 0.359375
vt 0.111796875 0.359375
vt 0.20785 0.40625
vt 0.189803125 0.40625
vt 0.1875 0.40069062499999997
vt 0.210153125 0.40069062499999997
vt 0.194528125 0.390625
vt 0.171875 0.390625
vt 0.174178125 0.38506562499999997
vt 0.192225 0.38506562499999997
vt 0.109375 0.359375
vt 0.132028125 0.359375
vt 0.132028125 0.375
vt 0.109375 0.375
vt 0.096171875 0.390625
vt 0.078125 0.390625
vt 0.078125 0.375
vt 0.096171875 0.375
vt 0.1618096875 0.38590078125000005
vt 0.1618096875 0.4039475
vt 0.15625 0.40625
vt 0.15625 0.38359828124999995
vt 0.14765171875 0.3125
vt 0.125 0.3125
vt 0.1273025 0.3069403125
vt 0.14534921875 0.3069403125
vt 0.140625 0.359375
vt 0.163278125 0.359375
vt 0.163278125 0.375
vt 0.140625 0.375
vt 0.127421875 0.375
vt 0.109375 0.375
vt 0.109375 0.359375
vt 0.127421875 0.359375
vt 0.161809375 0.35465
vt 0.161809375 0.37269687500000004
vt 0.15625 0.375
vt 0.15625 0.35234687499999995
vt 0.21875 0.40625
vt 0.21875 0.38359687499999995
vt 0.224309375 0.3859
vt 0.224309375 0.40394687500000004
vt 0.09375 0.359375
vt 0.116403125 0.359375
vt 0.116403125 0.375
vt 0.09375 0.375
vt 0.080546875 0.390625
vt 0.0625 0.390625
vt 0.0625 0.375
vt 0.080546875 0.375
vt 0.1585525 0.3694403125
vt 0.17659921875 0.3694403125
vt 0.17890171875 0.375
vt 0.15625 0.375
vt 0.078125 0.390625
vt 0.078125 0.36797328124999995
vt 0.0836846875 0.37027578125000005
vt 0.0836846875 0.3883225
vt 0.09375 0.328125
vt 0.116403125 0.328125
vt 0.116403125 0.34375
vt 0.09375 0.34375
vt 0.111796875 0.40625
vt 0.09375 0.40625
vt 0.09375 0.390625
vt 0.111796875 0.390625
vt 0.096053125 0.36944062499999997
vt 0.1141 0.36944062499999997
vt 0.116403125 0.375
vt 0.09375 0.375
vt 0.078125 0.36944062499999997
vt 0.100778125 0.36944062499999997
vt 0.098475 0.375
vt 0.080428125 0.375
vt 0.9375 0.015625
vt 0.9375 0.0625
vt 0.9359375 0.0625
vt 0.9359375 0.015625
vt 0.9234375 0
vt 0.9234375 0.046875
vt 0.921875 0.046875
vt 0.921875 0
vt 0.984375 0.06093749999999998
vt 0.984375 0.0625
vt 0.921875 0.0625
vt 0.921875 0.06093749999999998
vt 0.984375 0.046875
vt 0.984375 0.04843750000000002
vt 0.921875 0.04843750000000002
vt 0.921875 0.046875
vt 0.96875 0.015625
vt 0.96875 0.0625
vt 0.90625 0.0625
vt 0.90625 0.015625
vt 0.359375 0.359375
vt 0.359375 0.40625
vt 0.296875 0.40625
vt 0.296875 0.359375
vt 0.125 0.3671875
vt 0.125 0.375
vt 0.046875 0.375
vt 0.046875 0.3671875
vt 0.109375 0.3984375
vt 0.109375 0.40625
vt 0.03125 0.40625
vt 0.03125 0.3984375
vt 0.0625 0.328125
vt 0.0625 0.40625
vt 0.03125 0.40625
vt 0.03125 0.328125
vt 0.0625 0.34375
vt 0.0625 0.421875
vt 0.03125 0.421875
vt 0.03125 0.34375
vt 0.09375 0.3671875
vt 0.09375 0.375
vt 0.0625 0.375
vt 0.0625 0.3671875
vt 0.125 0.3828125
vt 0.125 0.390625
vt 0.09375 0.390625
vt 0.09375 0.3828125
vt 0.11328125 0.3984375
vt 0.11328125 0.40625
vt 0.046875 0.40625
vt 0.046875 0.3984375
vt 0.140625 0.3984375
vt 0.140625 0.40625
vt 0.07421875 0.40625
vt 0.07421875 0.3984375
vt 0.0625 0.34375
vt 0.0625 0.41015625
vt 0.05078125 0.41015625
vt 0.05078125 0.34375
vt 0.0625 0.35546875
vt 0.0625 0.421875
vt 0.05078125 0.421875
vt 0.05078125 0.35546875
vt 0.078125 0.3984375
vt 0.078125 0.40625
vt 0.06640625 0.40625
vt 0.06640625 0.3984375
vt 0.08984375 0.3984375
vt 0.08984375 0.40625
vt 0.078125 0.40625
vt 0.078125 0.3984375
vt 0.19921875 0.3828125
vt 0.19921875 0.390625
vt 0.125 0.390625
vt 0.125 0.3828125
vt 0.21875 0.3671875
vt 0.21875 0.375
vt 0.14453125 0.375
vt 0.14453125 0.3671875
vt 0.10362421875 0.34375
vt 0.10362421875 0.41796875
vt 0.09765625 0.41796875
vt 0.09765625 0.34375
vt 0.11924921875 0.33203125
vt 0.11924921875 0.40625
vt 0.11328125 0.40625
vt 0.11328125 0.33203125
vt 0.08799921875 0.3671875
vt 0.08799921875 0.375
vt 0.08203125 0.375
vt 0.08203125 0.3671875
vt 0.08409296875 0.3984375
vt 0.08409296875 0.40625
vt 0.078125 0.40625
vt 0.078125 0.3984375
vt 0.16796875 0.3828125
vt 0.16796875 0.390625
vt 0.09375 0.390625
vt 0.09375 0.3828125
vt 0.125 0.3984375
vt 0.125 0.40625
vt 0.05078125 0.40625
vt 0.05078125 0.3984375
vt 0.078125 0.34375
vt 0.078125 0.41796875
vt 0.06640625 0.41796875
vt 0.06640625 0.34375
vt 0.0625 0.34765625
vt 0.0625 0.421875
vt 0.05078125 0.421875
vt 0.05078125 0.34765625
vt 0.15625 0.3671875
vt 0.15625 0.375
vt 0.14453125 0.375
vt 0.14453125 0.3671875
vt 0.12109375 0.3828125
vt 0.12109375 0.390625
vt 0.109375 0.390625
vt 0.109375 0.3828125
vt 0.15625 0.3671875
vt 0.15625 0.375
vt 0.09375 0.375
vt 0.09375 0.3671875
vt 0.125 0.3828125
vt 0.125 0.390625
vt 0.0625 0.390625
vt 0.0625 0.3828125
vt 0.0625 0.34375
vt 0.0625 0.40625
vt 0.046875 0.40625
vt 0.046875 0.34375
vt 0.078125 0.3125
vt 0.078125 0.375
vt 0.0625 0.375
vt 0.0625 0.3125
vt 0.078125 0.4140625
vt 0.078125 0.421875
vt 0.0625 0.421875
vt 0.0625 0.4140625
vt 0.171875 0.3828125
vt 0.171875 0.390625
vt 0.15625 0.390625
vt 0.15625 0.3828125
vt 0.171875 0.3828125
vt 0.171875 0.390625
vt 0.125 0.390625
vt 0.125 0.3828125
vt 0.140625 0.3984375
vt 0.140625 0.40625
vt 0.09375 0.40625
vt 0.09375 0.3984375
vt 0.15625 0.34375
vt 0.15625 0.390625
vt 0.1484375 0.390625
vt 0.1484375 0.34375
vt 0.109375 0.328125
vt 0.109375 0.375
vt 0.1015625 0.375
vt 0.1015625 0.328125
vt 0.1875 0.3671875
vt 0.1875 0.375
vt 0.1796875 0.375
vt 0.1796875 0.3671875
vt 0.1953125 0.3828125
vt 0.1953125 0.390625
vt 0.1875 0.390625
vt 0.1875 0.3828125
vt 0.07421875 0.3984375
vt 0.07421875 0.40625
vt 0.140625 0.40625
vt 0.140625 0.3984375
vt 0.046875 0.3984375
vt 0.046875 0.40625
vt 0.11328125 0.40625
vt 0.11328125 0.3984375
vt 0.05078125 0.34375
vt 0.05078125 0.41015625
vt 0.0625 0.41015625
vt 0.0625 0.34375
vt 0.05078125 0.35546875
vt 0.05078125 0.421875
vt 0.0625 0.421875
vt 0.0625 0.35546875
vt 0.06640625 0.3984375
vt 0.06640625 0.40625
vt 0.078125 0.40625
vt 0.078125 0.3984375
vt 0.078125 0.3984375
vt 0.078125 0.40625
vt 0.08984375 0.40625
vt 0.08984375 0.3984375
vt 0.09375 0.3984375
vt 0.09375 0.40625
vt 0.140625 0.40625
vt 0.140625 0.3984375
vt 0.125 0.3828125
vt 0.125 0.390625
vt 0.171875 0.390625
vt 0.171875 0.3828125
vt 0.1484375 0.34375
vt 0.1484375 0.390625
vt 0.15625 0.390625
vt 0.15625 0.34375
vt 0.1015625 0.328125
vt 0.1015625 0.375
vt 0.109375 0.375
vt 0.109375 0.328125
vt 0.1796875 0.3671875
vt 0.1796875 0.375
vt 0.1875 0.375
vt 0.1875 0.3671875
vt 0.1875 0.3828125
vt 0.1875 0.390625
vt 0.1953125 0.390625
vt 0.1953125 0.3828125
vt 0.0625 0.3828125
vt 0.0625 0.390625
vt 0.125 0.390625
vt 0.125 0.3828125
vt 0.09375 0.3671875
vt 0.09375 0.375
vt 0.15625 0.375
vt 0.15625 0.3671875
vt 0.046875 0.34375
vt 0.046875 0.40625
vt 0.0625 0.40625
vt 0.0625 0.34375
vt 0.0625 0.3125
vt 0.0625 0.375
vt 0.078125 0.375
vt 0.078125 0.3125
vt 0.0625 0.4140625
vt 0.0625 0.421875
vt 0.078125 0.421875
vt 0.078125 0.4140625
vt 0.15625 0.3828125
vt 0.15625 0.390625
vt 0.171875 0.390625
vt 0.171875 0.3828125
vt 0.05078125 0.3984375
vt 0.05078125 0.40625
vt 0.125 0.40625
vt 0.125 0.3984375
vt 0.09375 0.3828125
vt 0.09375 0.390625
vt 0.16796875 0.390625
vt 0.16796875 0.3828125
vt 0.06640625 0.34375
vt 0.06640625 0.41796875
vt 0.078125 0.41796875
vt 0.078125 0.34375
vt 0.05078125 0.34765625
vt 0.05078125 0.421875
vt 0.0625 0.421875
vt 0.0625 0.34765625
vt 0.14453125 0.3671875
vt 0.14453125 0.375
vt 0.15625 0.375
vt 0.15625 0.3671875
vt 0.109375 0.3828125
vt 0.109375 0.390625
vt 0.12109375 0.390625
vt 0.12109375 0.3828125
vt 0.14453125 0.3671875
vt 0.14453125 0.375
vt 0.21875 0.375
vt 0.21875 0.3671875
vt 0.125 0.3828125
vt 0.125 0.390625
vt 0.19921875 0.390625
vt 0.19921875 0.3828125
vt 0.09765625 0.34375
vt 0.09765625 0.41796875
vt 0.10362421875 0.41796875
vt 0.10362421875 0.34375
vt 0.11328125 0.33203125
vt 0.11328125 0.40625
vt 0.11924921875 0.40625
vt 0.11924921875 0.33203125
vt 0.08203125 0.3671875
vt 0.08203125 0.375
vt 0.08799921875 0.375
vt 0.08799921875 0.3671875
vt 0.078125 0.3984375
vt 0.078125 0.40625
vt 0.08409296875 0.40625
vt 0.08409296875 0.3984375
vt 0.3953125 0.6875
vt 0.3953125 0.671875
vt 0.375 0.671875
vt 0.375 0.6875
vt 0.3484375 0.703125
vt 0.3484375 0.6875
vt 0.328125 0.6875
vt 0.328125 0.703125
vt 0.390625 0.671875
vt 0.390625 0.6515625
vt 0.328125 0.6515625
vt 0.328125 0.671875
vt 0.40625 0.71875
vt 0.40625 0.6984375
vt 0.34375 0.6984375
vt 0.34375 0.71875
vt 0.390625 0.671875
vt 0.390625 0.65625
vt 0.328125 0.65625
vt 0.328125 0.671875
vt 0.953125 0.6875
vt 0.953125 0.671875
vt 0.890625 0.671875
vt 0.890625 0.6875
vt 0.39375 0.71875
vt 0.39375 0.703125
vt 0.375 0.703125
vt 0.375 0.71875
vt 0.33125 0.671875
vt 0.33125 0.65625
vt 0.3125 0.65625
vt 0.3125 0.671875
vt 0.34375 0.703125
vt 0.34375 0.684375
vt 0.3203125 0.684375
vt 0.3203125 0.703125
vt 0.390625 0.6875
vt 0.390625 0.66875
vt 0.3671875 0.66875
vt 0.3671875 0.6875
vt 0.328125 0.703125
vt 0.328125 0.6875
vt 0.3046875 0.6875
vt 0.3046875 0.703125
vt 0.9296875 0.640625
vt 0.9296875 0.625
vt 0.90625 0.625
vt 0.90625 0.640625
vt 0.39375 0.71875
vt 0.39375 0.703125
vt 0.375 0.703125
vt 0.375 0.71875
vt 0.33125 0.671875
vt 0.33125 0.65625
vt 0.3125 0.65625
vt 0.3125 0.671875
vt 0.34375 0.703125
vt 0.34375 0.684375
vt 0.3203125 0.684375
vt 0.3203125 0.703125
vt 0.390625 0.6875
vt 0.390625 0.66875
vt 0.3671875 0.66875
vt 0.3671875 0.6875
vt 0.328125 0.703125
vt 0.328125 0.6875
vt 0.3046875 0.6875
vt 0.3046875 0.703125
vt 0.9296875 0.640625
vt 0.9296875 0.625
vt 0.90625 0.625
vt 0.90625 0.640625
vt 0.39375 0.71875
vt 0.39375 0.703125
vt 0.375 0.703125
vt 0.375 0.71875
vt 0.33125 0.671875
vt 0.33125 0.65625
vt 0.3125 0.65625
vt 0.3125 0.671875
vt 0.34375 0.703125
vt 0.34375 0.684375
vt 0.3203125 0.684375
vt 0.3203125 0.703125
vt 0.390625 0.6875
vt 0.390625 0.66875
vt 0.3671875 0.66875
vt 0.3671875 0.6875
vt 0.328125 0.703125
vt 0.328125 0.6875
vt 0.3046875 0.6875
vt 0.3046875 0.703125
vt 0.9296875 0.640625
vt 0.9296875 0.625
vt 0.90625 0.625
vt 0.90625 0.640625
vt 0.39375 0.71875
vt 0.39375 0.703125
vt 0.375 0.703125
vt 0.375 0.71875
vt 0.33125 0.671875
vt 0.33125 0.65625
vt 0.3125 0.65625
vt 0.3125 0.671875
vt 0.34375 0.703125
vt 0.34375 0.684375
vt 0.3203125 0.684375
vt 0.3203125 0.703125
vt 0.390625 0.6875
vt 0.390625 0.66875
vt 0.3671875 0.66875
vt 0.3671875 0.6875
vt 0.328125 0.703125
vt 0.328125 0.6875
vt 0.3046875 0.6875
vt 0.3046875 0.703125
vt 0.9296875 0.640625
vt 0.9296875 0.625
vt 0.90625 0.625
vt 0.90625 0.640625
vt 0.39375 0.71875
vt 0.39375 0.703125
vt 0.375 0.703125
vt 0.375 0.71875
vt 0.33125 0.671875
vt 0.33125 0.65625
vt 0.3125 0.65625
vt 0.3125 0.671875
vt 0.34375 0.703125
vt 0.34375 0.684375
vt 0.3203125 0.684375
vt 0.3203125 0.703125
vt 0.390625 0.6875
vt 0.390625 0.66875
vt 0.3671875 0.66875
vt 0.3671875 0.6875
vt 0.328125 0.703125
vt 0.328125 0.6875
vt 0.3046875 0.6875
vt 0.3046875 0.703125
vt 0.9296875 0.640625
vt 0.9296875 0.625
vt 0.90625 0.625
vt 0.90625 0.640625
vt 0.39375 0.71875
vt 0.39375 0.703125
vt 0.375 0.703125
vt 0.375 0.71875
vt 0.33125 0.671875
vt 0.33125 0.65625
vt 0.3125 0.65625
vt 0.3125 0.671875
vt 0.34375 0.703125
vt 0.34375 0.684375
vt 0.3203125 0.684375
vt 0.3203125 0.703125
vt 0.390625 0.6875
vt 0.390625 0.66875
vt 0.3671875 0.66875
vt 0.3671875 0.6875
vt 0.328125 0.703125
vt 0.328125 0.6875
vt 0.3046875 0.6875
vt 0.3046875 0.703125
vt 0.9296875 0.640625
vt 0.9296875 0.625
vt 0.90625 0.625
vt 0.90625 0.640625
vt 0.39375 0.71875
vt 0.39375 0.703125
vt 0.375 0.703125
vt 0.375 0.71875
vt 0.33125 0.671875
vt 0.33125 0.65625
vt 0.3125 0.65625
vt 0.3125 0.671875
vt 0.34375 0.703125
vt 0.34375 0.684375
vt 0.3203125 0.684375
vt 0.3203125 0.703125
vt 0.390625 0.6875
vt 0.390625 0.66875
vt 0.3671875 0.66875
vt 0.3671875 0.6875
vt 0.328125 0.703125
vt 0.328125 0.6875
vt 0.3046875 0.6875
vt 0.3046875 0.703125
vt 0.9296875 0.640625
vt 0.9296875 0.625
vt 0.90625 0.625
vt 0.90625 0.640625
vt 0.3125 0.671875
vt 0.3125 0.65625
vt 0.33125 0.65625
vt 0.33125 0.671875
vt 0.375 0.71875
vt 0.375 0.703125
vt 0.39375 0.703125
vt 0.39375 0.71875
vt 0.3203125 0.703125
vt 0.3203125 0.684375
vt 0.34375 0.684375
vt 0.34375 0.703125
vt 0.3671875 0.6875
vt 0.3671875 0.66875
vt 0.390625 0.66875
vt 0.390625 0.6875
vt 0.3046875 0.703125
vt 0.3046875 0.6875
vt 0.328125 0.6875
vt 0.328125 0.703125
vt 0.90625 0.640625
vt 0.90625 0.625
vt 0.9296875 0.625
vt 0.9296875 0.640625
vt 0.3125 0.671875
vt 0.3125 0.65625
vt 0.33125 0.65625
vt 0.33125 0.671875
vt 0.375 0.71875
vt 0.375 0.703125
vt 0.39375 0.703125
vt 0.39375 0.71875
vt 0.3203125 0.703125
vt 0.3203125 0.684375
vt 0.34375 0.684375
vt 0.34375 0.703125
vt 0.3671875 0.6875
vt 0.3671875 0.66875
vt 0.390625 0.66875
vt 0.390625 0.6875
vt 0.3046875 0.703125
vt 0.3046875 0.6875
vt 0.328125 0.6875
vt 0.328125 0.703125
vt 0.90625 0.640625
vt 0.90625 0.625
vt 0.9296875 0.625
vt 0.9296875 0.640625
vt 0.3125 0.671875
vt 0.3125 0.65625
vt 0.33125 0.65625
vt 0.33125 0.671875
vt 0.375 0.71875
vt 0.375 0.703125
vt 0.39375 0.703125
vt 0.39375 0.71875
vt 0.3203125 0.703125
vt 0.3203125 0.684375
vt 0.34375 0.684375
vt 0.34375 0.703125
vt 0.3671875 0.6875
vt 0.3671875 0.66875
vt 0.390625 0.66875
vt 0.390625 0.6875
vt 0.3046875 0.703125
vt 0.3046875 0.6875
vt 0.328125 0.6875
vt 0.328125 0.703125
vt 0.90625 0.640625
vt 0.90625 0.625
vt 0.9296875 0.625
vt 0.9296875 0.640625
vt 0.3125 0.671875
vt 0.3125 0.65625
vt 0.33125 0.65625
vt 0.33125 0.671875
vt 0.375 0.71875
vt 0.375 0.703125
vt 0.39375 0.703125
vt 0.39375 0.71875
vt 0.3203125 0.703125
vt 0.3203125 0.684375
vt 0.34375 0.684375
vt 0.34375 0.703125
vt 0.3671875 0.6875
vt 0.3671875 0.66875
vt 0.390625 0.66875
vt 0.390625 0.6875
vt 0.3046875 0.703125
vt 0.3046875 0.6875
vt 0.328125 0.6875
vt 0.328125 0.703125
vt 0.90625 0.640625
vt 0.90625 0.625
vt 0.9296875 0.625
vt 0.9296875 0.640625
vt 0.3125 0.671875
vt 0.3125 0.65625
vt 0.33125 0.65625
vt 0.33125 0.671875
vt 0.375 0.71875
vt 0.375 0.703125
vt 0.39375 0.703125
vt 0.39375 0.71875
vt 0.3203125 0.703125
vt 0.3203125 0.684375
vt 0.34375 0.684375
vt 0.34375 0.703125
vt 0.3671875 0.6875
vt 0.3671875 0.66875
vt 0.390625 0.66875
vt 0.390625 0.6875
vt 0.3046875 0.703125
vt 0.3046875 0.6875
vt 0.328125 0.6875
vt 0.328125 0.703125
vt 0.90625 0.640625
vt 0.90625 0.625
vt 0.9296875 0.625
vt 0.9296875 0.640625
vt 0.3125 0.671875
vt 0.3125 0.65625
vt 0.33125 0.65625
vt 0.33125 0.671875
vt 0.375 0.71875
vt 0.375 0.703125
vt 0.39375 0.703125
vt 0.39375 0.71875
vt 0.3203125 0.703125
vt 0.3203125 0.684375
vt 0.34375 0.684375
vt 0.34375 0.703125
vt 0.3671875 0.6875
vt 0.3671875 0.66875
vt 0.390625 0.66875
vt 0.390625 0.6875
vt 0.3046875 0.703125
vt 0.3046875 0.6875
vt 0.328125 0.6875
vt 0.328125 0.703125
vt 0.90625 0.640625
vt 0.90625 0.625
vt 0.9296875 0.625
vt 0.9296875 0.640625
vt 0.3125 0.671875
vt 0.3125 0.65625
vt 0.33125 0.65625
vt 0.33125 0.671875
vt 0.375 0.71875
vt 0.375 0.703125
vt 0.39375 0.703125
vt 0.39375 0.71875
vt 0.3203125 0.703125
vt 0.3203125 0.684375
vt 0.34375 0.684375
vt 0.34375 0.703125
vt 0.3671875 0.6875
vt 0.3671875 0.66875
vt 0.390625 0.66875
vt 0.390625 0.6875
vt 0.3046875 0.703125
vt 0.3046875 0.6875
vt 0.328125 0.6875
vt 0.328125 0.703125
vt 0.90625 0.640625
vt 0.90625 0.625
vt 0.9296875 0.625
vt 0.9296875 0.640625
vt 0.328125 0.703125
vt 0.328125 0.6875
vt 0.3484375 0.6875
vt 0.3484375 0.703125
vt 0.375 0.6875
vt 0.375 0.671875
vt 0.3953125 0.671875
vt 0.3953125 0.6875
vt 0.328125 0.671875
vt 0.328125 0.6515625
vt 0.390625 0.6515625
vt 0.390625 0.671875
vt 0.34375 0.71875
vt 0.34375 0.6984375
vt 0.40625 0.6984375
vt 0.40625 0.71875
vt 0.328125 0.671875
vt 0.328125 0.65625
vt 0.390625 0.65625
vt 0.390625 0.671875
vt 0.890625 0.6875
vt 0.890625 0.671875
vt 0.953125 0.671875
vt 0.953125 0.6875
vt 0.390625 0.671875
vt 0.390625 0.65625
vt 0.359375 0.65625
vt 0.359375 0.671875
vt 0.453125 0.609375
vt 0.453125 0.59375
vt 0.421875 0.59375
vt 0.421875 0.609375
vt 0.328125 0.703125
vt 0.328125 0.671875
vt 0.296875 0.671875
vt 0.296875 0.703125
vt 0.375 0.65625
vt 0.375 0.625
vt 0.34375 0.625
vt 0.34375 0.65625
vt 0.390625 0.59375
vt 0.390625 0.578125
vt 0.359375 0.578125
vt 0.359375 0.59375
vt 0.9375 0.6875
vt 0.9375 0.671875
vt 0.90625 0.671875
vt 0.90625 0.6875
vt 0.09375 0.34375
vt 0.116403125 0.34375
vt 0.116403125 0.359375
vt 0.09375 0.359375
vt 0.174296875 0.375
vt 0.15625 0.375
vt 0.15625 0.359375
vt 0.174296875 0.359375
vt 0.078125 0.3414475
vt 0.078125 0.32340078125000005
vt 0.0836846875 0.32109828124999995
vt 0.0836846875 0.34375
vt 0.140625 0.4006903125
vt 0.16327671875 0.4006903125
vt 0.16097421875 0.40625
vt 0.1429275 0.40625
vt 0.125 0.375
vt 0.147653125 0.375
vt 0.147653125 0.390625
vt 0.125 0.390625
vt 0.189921875 0.40625
vt 0.171875 0.40625
vt 0.171875 0.390625
vt 0.189921875 0.390625
vt 0.078125 0.34144687500000004
vt 0.078125 0.3234
vt 0.083684375 0.32109687499999995
vt 0.083684375 0.34375
vt 0.099309375 0.35234687499999995
vt 0.099309375 0.375
vt 0.09375 0.37269687500000004
vt 0.09375 0.35465
vt 0.1875 0.375
vt 0.210153125 0.375
vt 0.210153125 0.390625
vt 0.1875 0.390625
vt 0.143046875 0.390625
vt 0.125 0.390625
vt 0.125 0.375
vt 0.143046875 0.375
vt 0.20784921875 0.359375
vt 0.1898025 0.359375
vt 0.1875 0.3538153125
vt 0.21015171875 0.3538153125
vt 0.1618096875 0.35234828124999995
vt 0.1618096875 0.375
vt 0.15625 0.3726975
vt 0.15625 0.35465078125000005
vt 0.140625 0.390625
vt 0.163278125 0.390625
vt 0.163278125 0.40625
vt 0.140625 0.40625
vt 0.111796875 0.375
vt 0.09375 0.375
vt 0.09375 0.359375
vt 0.111796875 0.359375
vt 0.20785 0.40625
vt 0.189803125 0.40625
vt 0.1875 0.40069062499999997
vt 0.210153125 0.40069062499999997
vt 0.194528125 0.390625
vt 0.171875 0.390625
vt 0.174178125 0.38506562499999997
vt 0.192225 0.38506562499999997
vt 0.109375 0.359375
vt 0.132028125 0.359375
vt 0.132028125 0.375
vt 0.109375 0.375
vt 0.096171875 0.390625
vt 0.078125 0.390625
vt 0.078125 0.375
vt 0.096171875 0.375
vt 0.1618096875 0.38590078125000005
vt 0.1618096875 0.4039475
vt 0.15625 0.40625
vt 0.15625 0.38359828124999995
vt 0.14765171875 0.3125
vt 0.125 0.3125
vt 0.1273025 0.3069403125
vt 0.14534921875 0.3069403125
vt 0.140625 0.359375
vt 0.163278125 0.359375
vt 0.163278125 0.375
vt 0.140625 0.375
vt 0.127421875 0.375
vt 0.109375 0.375
vt 0.109375 0.359375
vt 0.127421875 0.359375
vt 0.161809375 0.35465
vt 0.161809375 0.37269687500000004
vt 0.15625 0.375
vt 0.15625 0.35234687499999995
vt 0.21875 0.40625
vt 0.21875 0.38359687499999995
vt 0.224309375 0.3859
vt 0.224309375 0.40394687500000004
vt 0.09375 0.359375
vt 0.116403125 0.359375
vt 0.116403125 0.375
vt 0.09375 0.375
vt 0.080546875 0.390625
vt 0.0625 0.390625
vt 0.0625 0.375
vt 0.080546875 0.375
vt 0.1585525 0.3694403125
vt 0.17659921875 0.3694403125
vt 0.17890171875 0.375
vt 0.15625 0.375
vt 0.078125 0.390625
vt 0.078125 0.36797328124999995
vt 0.0836846875 0.37027578125000005
vt 0.0836846875 0.3883225
vt 0.09375 0.328125
vt 0.116403125 0.328125
vt 0.116403125 0.34375
vt 0.09375 0.34375
vt 0.111796875 0.40625
vt 0.09375 0.40625
vt 0.09375 0.390625
vt 0.111796875 0.390625
vt 0.096053125 0.36944062499999997
vt 0.1141 0.36944062499999997
vt 0.116403125 0.375
vt 0.09375 0.375
vt 0.078125 0.36944062499999997
vt 0.100778125 0.36944062499999997
vt 0.098475 0.375
vt 0.080428125 0.375
vt 0.9375 0.015625
vt 0.9375 0.0625
vt 0.9359375 0.0625
vt 0.9359375 0.015625
vt 0.9234375 0
vt 0.9234375 0.046875
vt 0.921875 0.046875
vt 0.921875 0
vt 0.984375 0.06093749999999998
vt 0.984375 0.0625
vt 0.921875 0.0625
vt 0.921875 0.06093749999999998
vt 0.984375 0.046875
vt 0.984375 0.04843750000000002
vt 0.921875 0.04843750000000002
vt 0.921875 0.046875
vt 0.96875 0.015625
vt 0.96875 0.0625
vt 0.90625 0.0625
vt 0.90625 0.015625
vt 0.359375 0.359375
vt 0.359375 0.40625
vt 0.296875 0.40625
vt 0.296875 0.359375
vt 0.125 0.3671875
vt 0.125 0.375
vt 0.046875 0.375
vt 0.046875 0.3671875
vt 0.109375 0.3984375
vt 0.109375 0.40625
vt 0.03125 0.40625
vt 0.03125 0.3984375
vt 0.0625 0.328125
vt 0.0625 0.40625
vt 0.03125 0.40625
vt 0.03125 0.328125
vt 0.0625 0.34375
vt 0.0625 0.421875
vt 0.03125 0.421875
vt 0.03125 0.34375
vt 0.09375 0.3671875
vt 0.09375 0.375
vt 0.0625 0.375
vt 0.0625 0.3671875
vt 0.125 0.3828125
vt 0.125 0.390625
vt 0.09375 0.390625
vt 0.09375 0.3828125
vt 0.11328125 0.3984375
vt 0.11328125 0.40625
vt 0.046875 0.40625
vt 0.046875 0.3984375
vt 0.140625 0.3984375
vt 0.140625 0.40625
vt 0.07421875 0.40625
vt 0.07421875 0.3984375
vt 0.0625 0.34375
vt 0.0625 0.41015625
vt 0.05078125 0.41015625
vt 0.05078125 0.34375
vt 0.0625 0.35546875
vt 0.0625 0.421875
vt 0.05078125 0.421875
vt 0.05078125 0.35546875
vt 0.078125 0.3984375
vt 0.078125 0.40625
vt 0.06640625 0.40625
vt 0.06640625 0.3984375
vt 0.08984375 0.3984375
vt 0.08984375 0.40625
vt 0.078125 0.40625
vt 0.078125 0.3984375
vt 0.19921875 0.3828125
vt 0.19921875 0.390625
vt 0.125 0.390625
vt 0.125 0.3828125
vt 0.21875 0.3671875
vt 0.21875 0.375
vt 0.14453125 0.375
vt 0.14453125 0.3671875
vt 0.10362421875 0.34375
vt 0.10362421875 0.41796875
vt 0.09765625 0.41796875
vt 0.09765625 0.34375
vt 0.11924921875 0.33203125
vt 0.11924921875 0.40625
vt 0.11328125 0.40625
vt 0.11328125 0.33203125
vt 0.08799921875 0.3671875
vt 0.08799921875 0.375
vt 0.08203125 0.375
vt 0.08203125 0.3671875
vt 0.08409296875 0.3984375
vt 0.08409296875 0.40625
vt 0.078125 0.40625
vt 0.078125 0.3984375
vt 0.16796875 0.3828125
vt 0.16796875 0.390625
vt 0.09375 0.390625
vt 0.09375 0.3828125
vt 0.125 0.3984375
vt 0.125 0.40625
vt 0.05078125 0.40625
vt 0.05078125 0.3984375
vt 0.078125 0.34375
vt 0.078125 0.41796875
vt 0.06640625 0.41796875
vt 0.06640625 0.34375
vt 0.0625 0.34765625
vt 0.0625 0.421875
vt 0.05078125 0.421875
vt 0.05078125 0.34765625
vt 0.15625 0.3671875
vt 0.15625 0.375
vt 0.14453125 0.375
vt 0.14453125 0.3671875
vt 0.12109375 0.3828125
vt 0.12109375 0.390625
vt 0.109375 0.390625
vt 0.109375 0.3828125
vt 0.15625 0.3671875
vt 0.15625 0.375
vt 0.09375 0.375
vt 0.09375 0.3671875
vt 0.125 0.3828125
vt 0.125 0.390625
vt 0.0625 0.390625
vt 0.0625 0.3828125
vt 0.0625 0.34375
vt 0.0625 0.40625
vt 0.046875 0.40625
vt 0.046875 0.34375
vt 0.078125 0.3125
vt 0.078125 0.375
vt 0.0625 0.375
vt 0.0625 0.3125
vt 0.078125 0.4140625
vt 0.078125 0.421875
vt 0.0625 0.421875
vt 0.0625 0.4140625
vt 0.171875 0.3828125
vt 0.171875 0.390625
vt 0.15625 0.390625
vt 0.15625 0.3828125
vt 0.171875 0.3828125
vt 0.171875 0.390625
vt 0.125 0.390625
vt 0.125 0.3828125
vt 0.140625 0.3984375
vt 0.140625 0.40625
vt 0.09375 0.40625
vt 0.09375 0.3984375
vt 0.15625 0.34375
vt 0.15625 0.390625
vt 0.1484375 0.390625
vt 0.1484375 0.34375
vt 0.109375 0.328125
vt 0.109375 0.375
vt 0.1015625 0.375
vt 0.1015625 0.328125
vt 0.1875 0.3671875
vt 0.1875 0.375
vt 0.1796875 0.375
vt 0.1796875 0.3671875
vt 0.1953125 0.3828125
vt 0.1953125 0.390625
vt 0.1875 0.390625
vt 0.1875 0.3828125
vt 0.07421875 0.3984375
vt 0.07421875 0.40625
vt 0.140625 0.40625
vt 0.140625 0.3984375
vt 0.046875 0.3984375
vt 0.046875 0.40625
vt 0.11328125 0.40625
vt 0.11328125 0.3984375
vt 0.05078125 0.34375
vt 0.05078125 0.41015625
vt 0.0625 0.41015625
vt 0.0625 0.34375
vt 0.05078125 0.35546875
vt 0.05078125 0.421875
vt 0.0625 0.421875
vt 0.0625 0.35546875
vt 0.06640625 0.3984375
vt 0.06640625 0.40625
vt 0.078125 0.40625
vt 0.078125 0.3984375
vt 0.078125 0.3984375
vt 0.078125 0.40625
vt 0.08984375 0.40625
vt 0.08984375 0.3984375
vt 0.09375 0.3984375
vt 0.09375 0.40625
vt 0.140625 0.40625
vt 0.140625 0.3984375
vt 0.125 0.3828125
vt 0.125 0.390625
vt 0.171875 0.390625
vt 0.171875 0.3828125
vt 0.1484375 0.34375
vt 0.1484375 0.390625
vt 0.15625 0.390625
vt 0.15625 0.34375
vt 0.1015625 0.328125
vt 0.1015625 0.375
vt 0.109375 0.375
vt 0.109375 0.328125
vt 0.1796875 0.3671875
vt 0.1796875 0.375
vt 0.1875 0.375
vt 0.1875 0.3671875
vt 0.1875 0.3828125
vt 0.1875 0.390625
vt 0.1953125 0.390625
vt 0.1953125 0.3828125
vt 0.0625 0.3828125
vt 0.0625 0.390625
vt 0.125 0.390625
vt 0.125 0.3828125
vt 0.09375 0.3671875
vt 0.09375 0.375
vt 0.15625 0.375
vt 0.15625 0.3671875
vt 0.046875 0.34375
vt 0.046875 0.40625
vt 0.0625 0.40625
vt 0.0625 0.34375
vt 0.0625 0.3125
vt 0.0625 0.375
vt 0.078125 0.375
vt 0.078125 0.3125
vt 0.0625 0.4140625
vt 0.0625 0.421875
vt 0.078125 0.421875
vt 0.078125 0.4140625
vt 0.15625 0.3828125
vt 0.15625 0.390625
vt 0.171875 0.390625
vt 0.171875 0.3828125
vt 0.05078125 0.3984375
vt 0.05078125 0.40625
vt 0.125 0.40625
vt 0.125 0.3984375
vt 0.09375 0.3828125
vt 0.09375 0.390625
vt 0.16796875 0.390625
vt 0.16796875 0.3828125
vt 0.06640625 0.34375
vt 0.06640625 0.41796875
vt 0.078125 0.41796875
vt 0.078125 0.34375
vt 0.05078125 0.34765625
vt 0.05078125 0.421875
vt 0.0625 0.421875
vt 0.0625 0.34765625
vt 0.14453125 0.3671875
vt 0.14453125 0.375
vt 0.15625 0.375
vt 0.15625 0.3671875
vt 0.109375 0.3828125
vt 0.109375 0.390625
vt 0.12109375 0.390625
vt 0.12109375 0.3828125
vt 0.14453125 0.3671875
vt 0.14453125 0.375
vt 0.21875 0.375
vt 0.21875 0.3671875
vt 0.125 0.3828125
vt 0.125 0.390625
vt 0.19921875 0.390625
vt 0.19921875 0.3828125
vt 0.09765625 0.34375
vt 0.09765625 0.41796875
vt 0.10362421875 0.41796875
vt 0.10362421875 0.34375
vt 0.11328125 0.33203125
vt 0.11328125 0.40625
vt 0.11924921875 0.40625
vt 0.11924921875 0.33203125
vt 0.08203125 0.3671875
vt 0.08203125 0.375
vt 0.08799921875 0.375
vt 0.08799921875 0.3671875
vt 0.078125 0.3984375
vt 0.078125 0.40625
vt 0.08409296875 0.40625
vt 0.08409296875 0.3984375
vt 0.3125 0.359375
vt 0.3125 0.4375
vt 0.296875 0.4375
vt 0.296875 0.359375
vt 0.3125 0.359375
vt 0.3125 0.4375
vt 0.296875 0.4375
vt 0.296875 0.359375
vt 0.4375 0.421875
vt 0.4375 0.4375
vt 0.296875 0.4375
vt 0.296875 0.421875
vt 0.4375 0.359375
vt 0.4375 0.375
vt 0.296875 0.375
vt 0.296875 0.359375
vt 0.4375 0.359375
vt 0.4375 0.4375
vt 0.296875 0.4375
vt 0.296875 0.359375
vt 0.4375 0.359375
vt 0.4375 0.4375
vt 0.296875 0.4375
vt 0.296875 0.359375
vt 0.375 0.4375
vt 0.375 0.453125
vt 0.359375 0.453125
vt 0.359375 0.4375
vt 0.359375 0.4375
vt 0.359375 0.453125
vt 0.34375 0.453125
vt 0.34375 0.4375
vt 0.421875 0.4375
vt 0.421875 0.453125
vt 0.3125 0.453125
vt 0.3125 0.4375
vt 0.421875 0.4375
vt 0.421875 0.453125
vt 0.3125 0.453125
vt 0.3125 0.4375
vt 0.421875 0.4375
vt 0.421875 0.453125
vt 0.3125 0.453125
vt 0.3125 0.4375
vt 0.421875 0.4375
vt 0.421875 0.453125
vt 0.3125 0.453125
vt 0.3125 0.4375
vt 0.390625 0.453125
vt 0.390625 0.46875
vt 0.375 0.46875
vt 0.375 0.453125
vt 0.359375 0.453125
vt 0.359375 0.46875
vt 0.34375 0.46875
vt 0.34375 0.453125
vt 0.41015625 0.453125
vt 0.41015625 0.46875
vt 0.32421875 0.46875
vt 0.32421875 0.453125
vt 0.41015625 0.453125
vt 0.41015625 0.46875
vt 0.32421875 0.46875
vt 0.32421875 0.453125
vt 0.41015625 0.453125
vt 0.41015625 0.46875
vt 0.32421875 0.46875
vt 0.32421875 0.453125
vt 0.41015625 0.453125
vt 0.41015625 0.46875
vt 0.32421875 0.46875
vt 0.32421875 0.453125
vt 0.28125 0.203125
vt 0.28125 0.3125
vt 0.265625 0.3125
vt 0.265625 0.203125
vt 0.28125 0.203125
vt 0.28125 0.3125
vt 0.265625 0.3125
vt 0.265625 0.203125
vt 0.40625 0.296875
vt 0.40625 0.3125
vt 0.265625 0.3125
vt 0.265625 0.296875
vt 0.40625 0.296875
vt 0.40625 0.3125
vt 0.265625 0.3125
vt 0.265625 0.296875
vt 0.40625 0.203125
vt 0.40625 0.3125
vt 0.265625 0.3125
vt 0.265625 0.203125
vt 0.40625 0.203125
vt 0.40625 0.3125
vt 0.265625 0.3125
vt 0.265625 0.203125
vt 0.09375 0.34375
vt 0.116403125 0.34375
vt 0.116403125 0.359375
vt 0.09375 0.359375
vt 0.174296875 0.375
vt 0.15625 0.375
vt 0.15625 0.359375
vt 0.174296875 0.359375
vt 0.078125 0.3414475
vt 0.078125 0.32340078125000005
vt 0.0836846875 0.32109828124999995
vt 0.0836846875 0.34375
vt 0.140625 0.4006903125
vt 0.16327671875 0.4006903125
vt 0.16097421875 0.40625
vt 0.1429275 0.40625
vt 0.125 0.375
vt 0.147653125 0.375
vt 0.147653125 0.390625
vt 0.125 0.390625
vt 0.189921875 0.40625
vt 0.171875 0.40625
vt 0.171875 0.390625
vt 0.189921875 0.390625
vt 0.078125 0.34144687500000004
vt 0.078125 0.3234
vt 0.083684375 0.32109687499999995
vt 0.083684375 0.34375
vt 0.099309375 0.35234687499999995
vt 0.099309375 0.375
vt 0.09375 0.37269687500000004
vt 0.09375 0.35465
vt 0.1875 0.375
vt 0.210153125 0.375
vt 0.210153125 0.390625
vt 0.1875 0.390625
vt 0.143046875 0.390625
vt 0.125 0.390625
vt 0.125 0.375
vt 0.143046875 0.375
vt 0.20784921875 0.359375
vt 0.1898025 0.359375
vt 0.1875 0.3538153125
vt 0.21015171875 0.3538153125
vt 0.1618096875 0.35234828124999995
vt 0.1618096875 0.375
vt 0.15625 0.3726975
vt 0.15625 0.35465078125000005
vt 0.140625 0.390625
vt 0.163278125 0.390625
vt 0.163278125 0.40625
vt 0.140625 0.40625
vt 0.111796875 0.375
vt 0.09375 0.375
vt 0.09375 0.359375
vt 0.111796875 0.359375
vt 0.20785 0.40625
vt 0.189803125 0.40625
vt 0.1875 0.40069062499999997
vt 0.210153125 0.40069062499999997
vt 0.194528125 0.390625
vt 0.171875 0.390625
vt 0.174178125 0.38506562499999997
vt 0.192225 0.38506562499999997
vt 0.109375 0.359375
vt 0.132028125 0.359375
vt 0.132028125 0.375
vt 0.109375 0.375
vt 0.096171875 0.390625
vt 0.078125 0.390625
vt 0.078125 0.375
vt 0.096171875 0.375
vt 0.1618096875 0.38590078125000005
vt 0.1618096875 0.4039475
vt 0.15625 0.40625
vt 0.15625 0.38359828124999995
vt 0.14765171875 0.3125
vt 0.125 0.3125
vt 0.1273025 0.3069403125
vt 0.14534921875 0.3069403125
vt 0.140625 0.359375
vt 0.163278125 0.359375
vt 0.163278125 0.375
vt 0.140625 0.375
vt 0.127421875 0.375
vt 0.109375 0.375
vt 0.109375 0.359375
vt 0.127421875 0.359375
vt 0.161809375 0.35465
vt 0.161809375 0.37269687500000004
vt 0.15625 0.375
vt 0.15625 0.35234687499999995
vt 0.21875 0.40625
vt 0.21875 0.38359687499999995
vt 0.224309375 0.3859
vt 0.224309375 0.40394687500000004
vt 0.09375 0.359375
vt 0.116403125 0.359375
vt 0.116403125 0.375
vt 0.09375 0.375
vt 0.080546875 0.390625
vt 0.0625 0.390625
vt 0.0625 0.375
vt 0.080546875 0.375
vt 0.1585525 0.3694403125
vt 0.17659921875 0.3694403125
vt 0.17890171875 0.375
vt 0.15625 0.375
vt 0.078125 0.390625
vt 0.078125 0.36797328124999995
vt 0.0836846875 0.37027578125000005
vt 0.0836846875 0.3883225
vt 0.09375 0.328125
vt 0.116403125 0.328125
vt 0.116403125 0.34375
vt 0.09375 0.34375
vt 0.111796875 0.40625
vt 0.09375 0.40625
vt 0.09375 0.390625
vt 0.111796875 0.390625
vt 0.096053125 0.36944062499999997
vt 0.1141 0.36944062499999997
vt 0.116403125 0.375
vt 0.09375 0.375
vt 0.078125 0.36944062499999997
vt 0.100778125 0.36944062499999997
vt 0.098475 0.375
vt 0.080428125 0.375
vt 0.9375 0.015625
vt 0.9375 0.0625
vt 0.9359375 0.0625
vt 0.9359375 0.015625
vt 0.9234375 0
vt 0.9234375 0.046875
vt 0.921875 0.046875
vt 0.921875 0
vt 0.984375 0.06093749999999998
vt 0.984375 0.0625
vt 0.921875 0.0625
vt 0.921875 0.06093749999999998
vt 0.984375 0.046875
vt 0.984375 0.04843750000000002
vt 0.921875 0.04843750000000002
vt 0.921875 0.046875
vt 0.96875 0.015625
vt 0.96875 0.0625
vt 0.90625 0.0625
vt 0.90625 0.015625
vt 0.359375 0.359375
vt 0.359375 0.40625
vt 0.296875 0.40625
vt 0.296875 0.359375
vt 0.125 0.3671875
vt 0.125 0.375
vt 0.046875 0.375
vt 0.046875 0.3671875
vt 0.109375 0.3984375
vt 0.109375 0.40625
vt 0.03125 0.40625
vt 0.03125 0.3984375
vt 0.0625 0.328125
vt 0.0625 0.40625
vt 0.03125 0.40625
vt 0.03125 0.328125
vt 0.0625 0.34375
vt 0.0625 0.421875
vt 0.03125 0.421875
vt 0.03125 0.34375
vt 0.09375 0.3671875
vt 0.09375 0.375
vt 0.0625 0.375
vt 0.0625 0.3671875
vt 0.125 0.3828125
vt 0.125 0.390625
vt 0.09375 0.390625
vt 0.09375 0.3828125
vt 0.11328125 0.3984375
vt 0.11328125 0.40625
vt 0.046875 0.40625
vt 0.046875 0.3984375
vt 0.140625 0.3984375
vt 0.140625 0.40625
vt 0.07421875 0.40625
vt 0.07421875 0.3984375
vt 0.0625 0.34375
vt 0.0625 0.41015625
vt 0.05078125 0.41015625
vt 0.05078125 0.34375
vt 0.0625 0.35546875
vt 0.0625 0.421875
vt 0.05078125 0.421875
vt 0.05078125 0.35546875
vt 0.078125 0.3984375
vt 0.078125 0.40625
vt 0.06640625 0.40625
vt 0.06640625 0.3984375
vt 0.08984375 0.3984375
vt 0.08984375 0.40625
vt 0.078125 0.40625
vt 0.078125 0.3984375
vt 0.19921875 0.3828125
vt 0.19921875 0.390625
vt 0.125 0.390625
vt 0.125 0.3828125
vt 0.21875 0.3671875
vt 0.21875 0.375
vt 0.14453125 0.375
vt 0.14453125 0.3671875
vt 0.10362421875 0.34375
vt 0.10362421875 0.41796875
vt 0.09765625 0.41796875
vt 0.09765625 0.34375
vt 0.11924921875 0.33203125
vt 0.11924921875 0.40625
vt 0.11328125 0.40625
vt 0.11328125 0.33203125
vt 0.08799921875 0.3671875
vt 0.08799921875 0.375
vt 0.08203125 0.375
vt 0.08203125 0.3671875
vt 0.08409296875 0.3984375
vt 0.08409296875 0.40625
vt 0.078125 0.40625
vt 0.078125 0.3984375
vt 0.16796875 0.3828125
vt 0.16796875 0.390625
vt 0.09375 0.390625
vt 0.09375 0.3828125
vt 0.125 0.3984375
vt 0.125 0.40625
vt 0.05078125 0.40625
vt 0.05078125 0.3984375
vt 0.078125 0.34375
vt 0.078125 0.41796875
vt 0.06640625 0.41796875
vt 0.06640625 0.34375
vt 0.0625 0.34765625
vt 0.0625 0.421875
vt 0.05078125 0.421875
vt 0.05078125 0.34765625
vt 0.15625 0.3671875
vt 0.15625 0.375
vt 0.14453125 0.375
vt 0.14453125 0.3671875
vt 0.12109375 0.3828125
vt 0.12109375 0.390625
vt 0.109375 0.390625
vt 0.109375 0.3828125
vt 0.15625 0.3671875
vt 0.15625 0.375
vt 0.09375 0.375
vt 0.09375 0.3671875
vt 0.125 0.3828125
vt 0.125 0.390625
vt 0.0625 0.390625
vt 0.0625 0.3828125
vt 0.0625 0.34375
vt 0.0625 0.40625
vt 0.046875 0.40625
vt 0.046875 0.34375
vt 0.078125 0.3125
vt 0.078125 0.375
vt 0.0625 0.375
vt 0.0625 0.3125
vt 0.078125 0.4140625
vt 0.078125 0.421875
vt 0.0625 0.421875
vt 0.0625 0.4140625
vt 0.171875 0.3828125
vt 0.171875 0.390625
vt 0.15625 0.390625
vt 0.15625 0.3828125
vt 0.171875 0.3828125
vt 0.171875 0.390625
vt 0.125 0.390625
vt 0.125 0.3828125
vt 0.140625 0.3984375
vt 0.140625 0.40625
vt 0.09375 0.40625
vt 0.09375 0.3984375
vt 0.15625 0.34375
vt 0.15625 0.390625
vt 0.1484375 0.390625
vt 0.1484375 0.34375
vt 0.109375 0.328125
vt 0.109375 0.375
vt 0.1015625 0.375
vt 0.1015625 0.328125
vt 0.1875 0.3671875
vt 0.1875 0.375
vt 0.1796875 0.375
vt 0.1796875 0.3671875
vt 0.1953125 0.3828125
vt 0.1953125 0.390625
vt 0.1875 0.390625
vt 0.1875 0.3828125
vt 0.07421875 0.3984375
vt 0.07421875 0.40625
vt 0.140625 0.40625
vt 0.140625 0.3984375
vt 0.046875 0.3984375
vt 0.046875 0.40625
vt 0.11328125 0.40625
vt 0.11328125 0.3984375
vt 0.05078125 0.34375
vt 0.05078125 0.41015625
vt 0.0625 0.41015625
vt 0.0625 0.34375
vt 0.05078125 0.35546875
vt 0.05078125 0.421875
vt 0.0625 0.421875
vt 0.0625 0.35546875
vt 0.06640625 0.3984375
vt 0.06640625 0.40625
vt 0.078125 0.40625
vt 0.078125 0.3984375
vt 0.078125 0.3984375
vt 0.078125 0.40625
vt 0.08984375 0.40625
vt 0.08984375 0.3984375
vt 0.09375 0.3984375
vt 0.09375 0.40625
vt 0.140625 0.40625
vt 0.140625 0.3984375
vt 0.125 0.3828125
vt 0.125 0.390625
vt 0.171875 0.390625
vt 0.171875 0.3828125
vt 0.1484375 0.34375
vt 0.1484375 0.390625
vt 0.15625 0.390625
vt 0.15625 0.34375
vt 0.1015625 0.328125
vt 0.1015625 0.375
vt 0.109375 0.375
vt 0.109375 0.328125
vt 0.1796875 0.3671875
vt 0.1796875 0.375
vt 0.1875 0.375
vt 0.1875 0.3671875
vt 0.1875 0.3828125
vt 0.1875 0.390625
vt 0.1953125 0.390625
vt 0.1953125 0.3828125
vt 0.0625 0.3828125
vt 0.0625 0.390625
vt 0.125 0.390625
vt 0.125 0.3828125
vt 0.09375 0.3671875
vt 0.09375 0.375
vt 0.15625 0.375
vt 0.15625 0.3671875
vt 0.046875 0.34375
vt 0.046875 0.40625
vt 0.0625 0.40625
vt 0.0625 0.34375
vt 0.0625 0.3125
vt 0.0625 0.375
vt 0.078125 0.375
vt 0.078125 0.3125
vt 0.0625 0.4140625
vt 0.0625 0.421875
vt 0.078125 0.421875
vt 0.078125 0.4140625
vt 0.15625 0.3828125
vt 0.15625 0.390625
vt 0.171875 0.390625
vt 0.171875 0.3828125
vt 0.05078125 0.3984375
vt 0.05078125 0.40625
vt 0.125 0.40625
vt 0.125 0.3984375
vt 0.09375 0.3828125
vt 0.09375 0.390625
vt 0.16796875 0.390625
vt 0.16796875 0.3828125
vt 0.06640625 0.34375
vt 0.06640625 0.41796875
vt 0.078125 0.41796875
vt 0.078125 0.34375
vt 0.05078125 0.34765625
vt 0.05078125 0.421875
vt 0.0625 0.421875
vt 0.0625 0.34765625
vt 0.14453125 0.3671875
vt 0.14453125 0.375
vt 0.15625 0.375
vt 0.15625 0.3671875
vt 0.109375 0.3828125
vt 0.109375 0.390625
vt 0.12109375 0.390625
vt 0.12109375 0.3828125
vt 0.14453125 0.3671875
vt 0.14453125 0.375
vt 0.21875 0.375
vt 0.21875 0.3671875
vt 0.125 0.3828125
vt 0.125 0.390625
vt 0.19921875 0.390625
vt 0.19921875 0.3828125
vt 0.09765625 0.34375
vt 0.09765625 0.41796875
vt 0.10362421875 0.41796875
vt 0.10362421875 0.34375
vt 0.11328125 0.33203125
vt 0.11328125 0.40625
vt 0.11924921875 0.40625
vt 0.11924921875 0.33203125
vt 0.08203125 0.3671875
vt 0.08203125 0.375
vt 0.08799921875 0.375
vt 0.08799921875 0.3671875
vt 0.078125 0.3984375
vt 0.078125 0.40625
vt 0.08409296875 0.40625
vt 0.08409296875 0.3984375
vt 0.328125 0.515625
vt 0.328125 0.625
vt 0.309375 0.625
vt 0.309375 0.515625
vt 0.33125 0.515625
vt 0.33125 0.625
vt 0.3125 0.625
vt 0.3125 0.515625
vt 0.359375 0.653125
vt 0.359375 0.671875
vt 0.34375 0.671875
vt 0.34375 0.653125
vt 0.3125 0.65625
vt 0.3125 0.675
vt 0.296875 0.675
vt 0.296875 0.65625
vt 0.328125 0.515625
vt 0.328125 0.625
vt 0.3125 0.625
vt 0.3125 0.515625
vt 0.921875 0.609375
vt 0.921875 0.71875
vt 0.90625 0.71875
vt 0.90625 0.609375
vt 0.328125 0.515625
vt 0.328125 0.625
vt 0.309375 0.625
vt 0.309375 0.515625
vt 0.33125 0.515625
vt 0.33125 0.625
vt 0.3125 0.625
vt 0.3125 0.515625
vt 0.359375 0.653125
vt 0.359375 0.671875
vt 0.34375 0.671875
vt 0.34375 0.653125
vt 0.3125 0.65625
vt 0.3125 0.675
vt 0.296875 0.675
vt 0.296875 0.65625
vt 0.328125 0.515625
vt 0.328125 0.625
vt 0.3125 0.625
vt 0.3125 0.515625
vt 0.921875 0.609375
vt 0.921875 0.71875
vt 0.90625 0.71875
vt 0.90625 0.609375
vt 0.029596875 0.9790725
vt 0.02092859375 1
vt 0 0.9790725
vt 0 0.96875
vt 0.022653125 0.96875
vt 0.022653125 1
vt 0 1
vt 0 0.970403125
vt 0.0209275 0.97907140625
vt 0 1
vt 0.02734375 0.977346875
vt 0.02734375 1
vt 0 0.9886734375
vt 0 0.96875
vt 0.022653125 0.96875
vt 0.022653125 1
vt 0 1
vt 0.02734375 0.977346875
vt 0.02734375 1
vt 0 0.9886734375
vt 0 0.970403125
vt 0.0209275 0.97907140625
vt 0 1
vt 0 0.96875
vt 0.022653125 0.96875
vt 0.022653125 1
vt 0 1
vt 0.029596875 0.9790725
vt 0.02092859375 1
vt 0 0.9790725
vt 0 0.97265625
vt 0.022653125 0.97265625
vt 0.0113265625 1
vt 0 0.96875
vt 0.022653125 0.96875
vt 0.022653125 1
vt 0 1
vt 0.022653125 1
vt 0 1
vt 0.0113265625 0.97265625
vt 0 1
vt 0.008668125 0.9790725
vt 0.029596875 1
vt 0 0.96875
vt 0.022653125 0.96875
vt 0.022653125 1
vt 0 1
vt 0.0209275 1
vt 0 0.991331875
vt 0.0209275 0.970403125
vt 0 1
vt 0 0.977346875
vt 0.02734375 0.9886734375
vt 0 0.96875
vt 0.022653125 0.96875
vt 0.022653125 1
vt 0 1
vt 0 1
vt 0 0.977346875
vt 0.02734375 0.9886734375
vt 0.0209275 1
vt 0 0.991331875
vt 0.0209275 0.970403125
vt 0 0.96875
vt 0.022653125 0.96875
vt 0.022653125 1
vt 0 1
vt 0 1
vt 0.008668125 0.9790725
vt 0.029596875 1
vt 0.022653125 1
vt 0 1
vt 0.0113265625 0.97265625
vt 0 0.96875
vt 0.022653125 0.96875
vt 0.022653125 1
vt 0 1
vt 0 0.97265625
vt 0.022653125 0.97265625
vt 0.0113265625 1
vt 0.015625 0.984375
vt 0.015625 1
vt 0 1
vt 0 0.984375
vt 0.03125 0.984375
vt 0.03125 1
vt 0.015625 1
vt 0.015625 0.984375
vt 0.046875 0.96875
vt 0.046875 0.984375
vt 0 0.984375
vt 0 0.96875
vt 0.046875 0.984375
vt 0.046875 1
vt 0 1
vt 0 0.984375
vt 0.046875 0.984375
vt 0.046875 1
vt 0 1
vt 0 0.984375
vt 0.046875 0.984375
vt 0.046875 1
vt 0 1
vt 0 0.984375
vt 0.015625 0.984375
vt 0.015625 1
vt 0.03125 1
vt 0.03125 0.984375
vt 0 0.984375
vt 0 1
vt 0.015625 1
vt 0.015625 0.984375
vt 0 0.96875
vt 0 0.984375
vt 0.046875 0.984375
vt 0.046875 0.96875
vt 0 0.984375
vt 0 1
vt 0.046875 1
vt 0.046875 0.984375
vt 0 0.984375
vt 0 1
vt 0.046875 1
vt 0.046875 0.984375
vt 0 0.984375
vt 0 1
vt 0.046875 1
vt 0.046875 0.984375
vt 0.125 0.890625
vt 0.125 1
vt 0.09375 1
vt 0.09375 0.890625
vt 0.125 0.890625
vt 0.125 1
vt 0.09375 1
vt 0.09375 0.890625
vt 0.109375 0.96875
vt 0.109375 1
vt 0.09375 1
vt 0.09375 0.96875
vt 0.125 0.96875
vt 0.125 1
vt 0.109375 1
vt 0.109375 0.96875
vt 0.109375 0.890625
vt 0.109375 1
vt 0.09375 1
vt 0.09375 0.890625
vt 0.125 0.890625
vt 0.125 1
vt 0.109375 1
vt 0.109375 0.890625
vt 0.125 0.890625
vt 0.125 1
vt 0.09375 1
vt 0.09375 0.890625
vt 0.125 0.890625
vt 0.125 1
vt 0.09375 1
vt 0.09375 0.890625
vt 0.109375 0.96875
vt 0.109375 1
vt 0.09375 1
vt 0.09375 0.96875
vt 0.125 0.96875
vt 0.125 1
vt 0.109375 1
vt 0.109375 0.96875
vt 0.109375 0.890625
vt 0.109375 1
vt 0.09375 1
vt 0.09375 0.890625
vt 0.125 0.890625
vt 0.125 1
vt 0.109375 1
vt 0.109375 0.890625
vt 0.01953125 0.96875
vt 0.01953125 0.984375
vt 0 0.984375
vt 0 0.96875
vt 0.03515625 0.96875
vt 0.03515625 0.984375
vt 0.015625 0.984375
vt 0.015625 0.96875
vt 0.078125 0.96484375
vt 0.078125 0.984375
vt 0 0.984375
vt 0 0.96484375
vt 0.078125 0.98046875
vt 0.078125 1
vt 0 1
vt 0 0.98046875
vt 0.078125 0.96875
vt 0.078125 0.984375
vt 0 0.984375
vt 0 0.96875
vt 0.078125 0.96875
vt 0.078125 0.984375
vt 0 0.984375
vt 0 0.96875
vt 0.029596875 0.9790725
vt 0.02092859375 1
vt 0 0.9790725
vt 0 0.96875
vt 0.022653125 0.96875
vt 0.022653125 1
vt 0 1
vt 0 0.970403125
vt 0.0209275 0.97907140625
vt 0 1
vt 0.02734375 0.977346875
vt 0.02734375 1
vt 0 0.9886734375
vt 0 0.96875
vt 0.022653125 0.96875
vt 0.022653125 1
vt 0 1
vt 0.02734375 0.977346875
vt 0.02734375 1
vt 0 0.9886734375
vt 0 0.970403125
vt 0.0209275 0.97907140625
vt 0 1
vt 0 0.96875
vt 0.022653125 0.96875
vt 0.022653125 1
vt 0 1
vt 0.029596875 0.9790725
vt 0.02092859375 1
vt 0 0.9790725
vt 0 0.97265625
vt 0.022653125 0.97265625
vt 0.0113265625 1
vt 0 0.96875
vt 0.022653125 0.96875
vt 0.022653125 1
vt 0 1
vt 0.022653125 1
vt 0 1
vt 0.0113265625 0.97265625
vt 0 1
vt 0.008668125 0.9790725
vt 0.029596875 1
vt 0 0.96875
vt 0.022653125 0.96875
vt 0.022653125 1
vt 0 1
vt 0.0209275 1
vt 0 0.991331875
vt 0.0209275 0.970403125
vt 0 1
vt 0 0.977346875
vt 0.02734375 0.9886734375
vt 0 0.96875
vt 0.022653125 0.96875
vt 0.022653125 1
vt 0 1
vt 0 1
vt 0 0.977346875
vt 0.02734375 0.9886734375
vt 0.0209275 1
vt 0 0.991331875
vt 0.0209275 0.970403125
vt 0 0.96875
vt 0.022653125 0.96875
vt 0.022653125 1
vt 0 1
vt 0 1
vt 0.008668125 0.9790725
vt 0.029596875 1
vt 0.022653125 1
vt 0 1
vt 0.0113265625 0.97265625
vt 0 0.96875
vt 0.022653125 0.96875
vt 0.022653125 1
vt 0 1
vt 0 0.97265625
vt 0.022653125 0.97265625
vt 0.0113265625 1
vt 0.015625 0.984375
vt 0.015625 1
vt 0 1
vt 0 0.984375
vt 0.03125 0.984375
vt 0.03125 1
vt 0.015625 1
vt 0.015625 0.984375
vt 0.046875 0.96875
vt 0.046875 0.984375
vt 0 0.984375
vt 0 0.96875
vt 0.046875 0.984375
vt 0.046875 1
vt 0 1
vt 0 0.984375
vt 0.046875 0.984375
vt 0.046875 1
vt 0 1
vt 0 0.984375
vt 0.046875 0.984375
vt 0.046875 1
vt 0 1
vt 0 0.984375
vt 0.046875 0.984375
vt 0.046875 1
vt 0.03125 1
vt 0.03125 0.984375
vt 0.03125 0.984375
vt 0.03125 1
vt 0.015625 1
vt 0.015625 0.984375
vt 0.09375 0.96875
vt 0.09375 0.984375
vt 0.046875 0.984375
vt 0.046875 0.96875
vt 0.09375 0.984375
vt 0.09375 1
vt 0.046875 1
vt 0.046875 0.984375
vt 0.09375 0.984375
vt 0.09375 1
vt 0.046875 1
vt 0.046875 0.984375
vt 0.09375 0.984375
vt 0.09375 1
vt 0.046875 1
vt 0.046875 0.984375
vt 0.125 0.890625
vt 0.125 1
vt 0.09375 1
vt 0.09375 0.890625
vt 0.125 0.890625
vt 0.125 1
vt 0.09375 1
vt 0.09375 0.890625
vt 0.109375 0.96875
vt 0.109375 1
vt 0.09375 1
vt 0.09375 0.96875
vt 0.125 0.96875
vt 0.125 1
vt 0.109375 1
vt 0.109375 0.96875
vt 0.109375 0.890625
vt 0.109375 1
vt 0.09375 1
vt 0.09375 0.890625
vt 0.125 0.890625
vt 0.125 1
vt 0.109375 1
vt 0.109375 0.890625
vt 0.125 0.890625
vt 0.125 1
vt 0.09375 1
vt 0.09375 0.890625
vt 0.125 0.890625
vt 0.125 1
vt 0.09375 1
vt 0.09375 0.890625
vt 0.109375 0.96875
vt 0.109375 1
vt 0.09375 1
vt 0.09375 0.96875
vt 0.125 0.96875
vt 0.125 1
vt 0.109375 1
vt 0.109375 0.96875
vt 0.109375 0.890625
vt 0.109375 1
vt 0.09375 1
vt 0.09375 0.890625
vt 0.125 0.890625
vt 0.125 1
vt 0.109375 1
vt 0.109375 0.890625
vt 0.01953125 0.96875
vt 0.01953125 0.984375
vt 0 0.984375
vt 0 0.96875
vt 0.03515625 0.96875
vt 0.03515625 0.984375
vt 0.015625 0.984375
vt 0.015625 0.96875
vt 0.078125 0.96484375
vt 0.078125 0.984375
vt 0 0.984375
vt 0 0.96484375
vt 0.078125 0.98046875
vt 0.078125 1
vt 0 1
vt 0 0.98046875
vt 0.078125 0.96875
vt 0.078125 0.984375
vt 0 0.984375
vt 0 0.96875
vt 0.078125 0.96875
vt 0.078125 0.984375
vt 0 0.984375
vt 0 0.96875
vt 0.029596875 0.9790725
vt 0.02092859375 1
vt 0 0.9790725
vt 0 0.96875
vt 0.022653125 0.96875
vt 0.022653125 1
vt 0 1
vt 0 0.970403125
vt 0.0209275 0.97907140625
vt 0 1
vt 0.02734375 0.977346875
vt 0.02734375 1
vt 0 0.9886734375
vt 0 0.96875
vt 0.022653125 0.96875
vt 0.022653125 1
vt 0 1
vt 0.02734375 0.977346875
vt 0.02734375 1
vt 0 0.9886734375
vt 0 0.970403125
vt 0.0209275 0.97907140625
vt 0 1
vt 0 0.96875
vt 0.022653125 0.96875
vt 0.022653125 1
vt 0 1
vt 0.029596875 0.9790725
vt 0.02092859375 1
vt 0 0.9790725
vt 0 0.97265625
vt 0.022653125 0.97265625
vt 0.0113265625 1
vt 0 0.96875
vt 0.022653125 0.96875
vt 0.022653125 1
vt 0 1
vt 0.022653125 1
vt 0 1
vt 0.0113265625 0.97265625
vt 0 1
vt 0.008668125 0.9790725
vt 0.029596875 1
vt 0 0.96875
vt 0.022653125 0.96875
vt 0.022653125 1
vt 0 1
vt 0.0209275 1
vt 0 0.991331875
vt 0.0209275 0.970403125
vt 0 1
vt 0 0.977346875
vt 0.02734375 0.9886734375
vt 0 0.96875
vt 0.022653125 0.96875
vt 0.022653125 1
vt 0 1
vt 0 1
vt 0 0.977346875
vt 0.02734375 0.9886734375
vt 0.0209275 1
vt 0 0.991331875
vt 0.0209275 0.970403125
vt 0 0.96875
vt 0.022653125 0.96875
vt 0.022653125 1
vt 0 1
vt 0 1
vt 0.008668125 0.9790725
vt 0.029596875 1
vt 0.022653125 1
vt 0 1
vt 0.0113265625 0.97265625
vt 0 0.96875
vt 0.022653125 0.96875
vt 0.022653125 1
vt 0 1
vt 0 0.97265625
vt 0.022653125 0.97265625
vt 0.0113265625 1
vt 0.015625 0.984375
vt 0.015625 1
vt 0 1
vt 0 0.984375
vt 0.03125 0.984375
vt 0.03125 1
vt 0.015625 1
vt 0.015625 0.984375
vt 0.046875 0.96875
vt 0.046875 0.984375
vt 0 0.984375
vt 0 0.96875
vt 0.046875 0.984375
vt 0.046875 1
vt 0 1
vt 0 0.984375
vt 0.046875 0.984375
vt 0.046875 1
vt 0 1
vt 0 0.984375
vt 0.046875 0.984375
vt 0.046875 1
vt 0 1
vt 0 0.984375
vt 0.046875 0.984375
vt 0.046875 1
vt 0.03125 1
vt 0.03125 0.984375
vt 0.03125 0.984375
vt 0.03125 1
vt 0.015625 1
vt 0.015625 0.984375
vt 0.09375 0.96875
vt 0.09375 0.984375
vt 0.046875 0.984375
vt 0.046875 0.96875
vt 0.09375 0.984375
vt 0.09375 1
vt 0.046875 1
vt 0.046875 0.984375
vt 0.09375 0.984375
vt 0.09375 1
vt 0.046875 1
vt 0.046875 0.984375
vt 0.09375 0.984375
vt 0.09375 1
vt 0.046875 1
vt 0.046875 0.984375
vt 0.125 0.890625
vt 0.125 1
vt 0.09375 1
vt 0.09375 0.890625
vt 0.125 0.890625
vt 0.125 1
vt 0.09375 1
vt 0.09375 0.890625
vt 0.109375 0.96875
vt 0.109375 1
vt 0.09375 1
vt 0.09375 0.96875
vt 0.125 0.96875
vt 0.125 1
vt 0.109375 1
vt 0.109375 0.96875
vt 0.109375 0.890625
vt 0.109375 1
vt 0.09375 1
vt 0.09375 0.890625
vt 0.125 0.890625
vt 0.125 1
vt 0.109375 1
vt 0.109375 0.890625
vt 0.125 0.890625
vt 0.125 1
vt 0.09375 1
vt 0.09375 0.890625
vt 0.125 0.890625
vt 0.125 1
vt 0.09375 1
vt 0.09375 0.890625
vt 0.109375 0.96875
vt 0.109375 1
vt 0.09375 1
vt 0.09375 0.96875
vt 0.125 0.96875
vt 0.125 1
vt 0.109375 1
vt 0.109375 0.96875
vt 0.109375 0.890625
vt 0.109375 1
vt 0.09375 1
vt 0.09375 0.890625
vt 0.125 0.890625
vt 0.125 1
vt 0.109375 1
vt 0.109375 0.890625
vt 0.01953125 0.96875
vt 0.01953125 0.984375
vt 0 0.984375
vt 0 0.96875
vt 0.03515625 0.96875
vt 0.03515625 0.984375
vt 0.015625 0.984375
vt 0.015625 0.96875
vt 0.078125 0.96484375
vt 0.078125 0.984375
vt 0 0.984375
vt 0 0.96484375
vt 0.078125 0.98046875
vt 0.078125 1
vt 0 1
vt 0 0.98046875
vt 0.078125 0.96875
vt 0.078125 0.984375
vt 0 0.984375
vt 0 0.96875
vt 0.078125 0.96875
vt 0.078125 0.984375
vt 0 0.984375
vt 0 0.96875
vt 0.03125 0.9921875
vt 0.03125 1
vt 0 1
vt 0 0.9921875
vt 0.03125 0.9921875
vt 0.03125 1
vt 0 1
vt 0 0.9921875
vt 0.09375 0.96875
vt 0.09375 1
vt 0 1
vt 0 0.96875
vt 0.09375 0.96875
vt 0.09375 1
vt 0 1
vt 0 0.96875
vt 0.09375 0.9921875
vt 0.09375 1
vt 0 1
vt 0 0.9921875
vt 0.09375 0.9921875
vt 0.09375 1
vt 0 1
vt 0 0.9921875
vt 0.03125 0.9921875
vt 0.03125 1
vt 0 1
vt 0 0.9921875
vt 0.03125 0.9921875
vt 0.03125 1
vt 0 1
vt 0 0.9921875
vt 0.09375 0.96875
vt 0.09375 1
vt 0 1
vt 0 0.96875
vt 0.09375 0.96875
vt 0.09375 1
vt 0 1
vt 0 0.96875
vt 0.09375 0.9921875
vt 0.09375 1
vt 0 1
vt 0 0.9921875
vt 0.09375 0.9921875
vt 0.09375 1
vt 0 1
vt 0 0.9921875
vt 0.03125 0.953125
vt 0.03125 0.9921875
vt 0 0.9921875
vt 0 0.953125
vt 0.03125 0.953125
vt 0.03125 0.9921875
vt 0 0.9921875
vt 0 0.953125
vt 0.0703125 0.96875
vt 0.0703125 1
vt 0.0234375 1
vt 0.0234375 0.96875
vt 0.0703125 0.96875
vt 0.0703125 1
vt 0.0234375 1
vt 0.0234375 0.96875
vt 0.0703125 0.953125
vt 0.0703125 0.9921875
vt 0.0234375 0.9921875
vt 0.0234375 0.953125
vt 0.0703125 0.953125
vt 0.0703125 0.9921875
vt 0.0234375 0.9921875
vt 0.0234375 0.953125
vt 0.02734375 0.9921875
vt 0.02734375 1
vt 0.00390625 1
vt 0.00390625 0.9921875
vt 0.02734375 0.9921875
vt 0.02734375 1
vt 0.00390625 1
vt 0.00390625 0.9921875
vt 0.0859375 0.97265625
vt 0.0859375 0.99609375
vt 0.0078125 0.99609375
vt 0.0078125 0.97265625
vt 0.0859375 0.97265625
vt 0.0859375 0.99609375
vt 0.0078125 0.99609375
vt 0.0078125 0.97265625
vt 0.0859375 0.9921875
vt 0.0859375 1
vt 0.0078125 1
vt 0.0078125 0.9921875
vt 0.0859375 0.9921875
vt 0.0859375 1
vt 0.0078125 1
vt 0.0078125 0.9921875
vt 0.15625 0.859375
vt 0.15625 0.90625
vt 0.125 0.90625
vt 0.125 0.859375
vt 0.15625 0.859375
vt 0.15625 0.90625
vt 0.125 0.90625
vt 0.125 0.859375
vt 0.15625 0.875
vt 0.15625 0.90625
vt 0.125 0.90625
vt 0.125 0.875
vt 0.15625 0.875
vt 0.15625 0.90625
vt 0.125 0.90625
vt 0.125 0.875
vt 0.15625 0.859375
vt 0.15625 0.90625
vt 0.125 0.90625
vt 0.125 0.859375
vt 0.15625 0.859375
vt 0.15625 0.90625
vt 0.125 0.90625
vt 0.125 0.859375
vt 0.15625 0.96875
vt 0.15625 1
vt 0.0546875 1
vt 0.0546875 0.96875
vt 0.1015625 0.96875
vt 0.1015625 1
vt 0 1
vt 0 0.96875
vt 0.028125 0.8984375
vt 0.028125 1
vt 0 1
vt 0 0.8984375
vt 0.028125 0.84375
vt 0.028125 0.9453125
vt 0 0.9453125
vt 0 0.84375
vt 0.028125 0.96875
vt 0.028125 1
vt 0 1
vt 0 0.96875
vt 0.03125 0.96875
vt 0.03125 1
vt 0.003125 1
vt 0.003125 0.96875
vt 0.15625 0.96875
vt 0.15625 1
vt 0.0625 1
vt 0.0625 0.96875
vt 0.09375 0.96875
vt 0.09375 1
vt 0 1
vt 0 0.96875
vt 0.03125 0.90625
vt 0.03125 1
vt 0 1
vt 0 0.90625
vt 0.03125 0.84375
vt 0.03125 0.9375
vt 0 0.9375
vt 0 0.84375
vt 0.03125 0.96875
vt 0.03125 1
vt 0 1
vt 0 0.96875
vt 0.03125 0.96875
vt 0.03125 1
vt 0 1
vt 0 0.96875
vt 0.0625 0.90625
vt 0.0625 0.984375
vt 0.046875 0.984375
vt 0.046875 0.90625
vt 0.109375 0.90625
vt 0.109375 0.984375
vt 0.09375 0.984375
vt 0.09375 0.90625
vt 0.09375 0.890625
vt 0.09375 0.90625
vt 0.03125 0.90625
vt 0.03125 0.890625
vt 0.09375 0.9375
vt 0.09375 0.953125
vt 0.03125 0.953125
vt 0.03125 0.9375
vt 0.09375 0.90625
vt 0.09375 0.984375
vt 0.03125 0.984375
vt 0.03125 0.90625
vt 0.09375 0.90625
vt 0.09375 0.984375
vt 0.03125 0.984375
vt 0.03125 0.90625
vt 0.5234375 0.359375
vt 0.5234375 0.421875
vt 0.515625 0.421875
vt 0.515625 0.359375
vt 0.53125 0.359375
vt 0.53125 0.421875
vt 0.5234375 0.421875
vt 0.5234375 0.359375
vt 0.6328125 0.359375
vt 0.6328125 0.3671875
vt 0.5234375 0.3671875
vt 0.5234375 0.359375
vt 0.6328125 0.3671875
vt 0.6328125 0.375
vt 0.5234375 0.375
vt 0.5234375 0.3671875
vt 0.96875 0.34375
vt 0.96875 0.46875
vt 0.75 0.46875
vt 0.75 0.34375
vt 0.703125 0.359375
vt 0.703125 0.484375
vt 0.546875 0.484375
vt 0.546875 0.359375
vn 0.9238795325112868 -0.3826834323650896 0
vn -0.9238795325112868 0.3826834323650897 0
vn 0.3826834323650897 0.9238795325112868 0
vn -0.38268343236508967 -0.9238795325112868 0
vn 0 0 1
vn 0 0 -1
vn 0 1 0
vn 1.7763568394002505e-15 -1 0
vn -1 7.894919286223331e-16 0
vn 1 -3.947459643111667e-16 0
vn 0 0 1
vn 0 0 -1
vn 0.9807852804032307 -0.19509032201612703 0
vn -0.9807852804032304 0.19509032201612844 0
vn 0.19509032201612844 0.9807852804032304 0
vn -0.1950903220161287 -0.9807852804032304 0
vn 0 0 1
vn 0 0 -1
vn 0.8314696123025453 -0.5555702330196022 0
vn -0.8314696123025457 0.5555702330196018 0
vn 0.5555702330196023 0.8314696123025453 0
vn -0.5555702330196006 -0.8314696123025466 0
vn 0 0 1
vn 0 0 -1
vn 0.7071067811865464 -0.7071067811865488 0
vn -0.7071067811865476 0.7071067811865476 0
vn 0.707106781186548 0.707106781186547 0
vn -0.7071067811865476 -0.7071067811865475 0
vn 0 0 1
vn 0 0 -1
vn 0.5555702330196016 -0.8314696123025458 0
vn -0.5555702330196054 0.8314696123025433 0
vn 0.8314696123025467 0.5555702330196002 0
vn -0.831469612302545 -0.5555702330196026 0
vn 0 0 1
vn 0 0 -1
vn 0.38268343236509006 -0.9238795325112868 0
vn -0.3826834323650853 0.9238795325112887 0
vn 0.923879532511287 0.3826834323650898 0
vn -0.9238795325112878 -0.38268343236508723 0
vn 0 0 1
vn 0 0 -1
vn 0.19509032201612753 -0.9807852804032307 0
vn -0.19509032201612908 0.9807852804032304 0
vn 0.9807852804032307 0.19509032201612803 0
vn -0.9807852804032308 -0.19509032201612697 0
vn 0 0 1
vn 0 0 -1
vn 0.9807852804032307 0.19509032201612703 0
vn -0.9807852804032307 -0.19509032201612733 0
vn -0.1950903220161272 0.9807852804032307 0
vn 0.1950903220161281 -0.9807852804032307 0
vn 0 0 1
vn 0 0 -1
vn 0.9238795325112875 0.38268343236508817 0
vn -0.9238795325112865 -0.38268343236509034 0
vn -0.38268343236508895 0.9238795325112872 0
vn 0.38268343236508995 -0.9238795325112868 0
vn 0 0 1
vn 0 0 -1
vn 0.8314696123025441 0.5555702330196042 0
vn -0.8314696123025453 -0.5555702330196021 0
vn -0.5555702330196012 0.8314696123025459 0
vn 0.5555702330196003 -0.8314696123025467 0
vn 0 0 1
vn 0 0 -1
vn 0.7071067811865489 0.7071067811865462 0
vn -0.7071067811865468 -0.7071067811865483 0
vn -0.7071067811865485 0.7071067811865466 0
vn 0.7071067811865472 -0.7071067811865479 0
vn 0 0 1
vn 0 0 -1
vn 0.5555702330196056 0.831469612302543 0
vn -0.5555702330196026 -0.8314696123025449 0
vn -0.8314696123025467 0.5555702330196002 0
vn 0.8314696123025448 -0.555570233019603 0
vn 0 0 1
vn 0 0 -1
vn 0.38268343236508623 0.9238795325112884 0
vn -0.38268343236508995 -0.9238795325112868 0
vn -0.9238795325112872 0.38268343236508917 0
vn 0.9238795325112875 -0.3826834323650885 0
vn 0 0 1
vn 0 0 -1
vn 0.19509032201612803 0.9807852804032307 0
vn -0.1950903220161297 -0.9807852804032302 0
vn -0.9807852804032304 0.1950903220161285 0
vn 0.9807852804032304 -0.19509032201612816 0
vn 0 0 1
vn 0 0 -1
vn 0 -1 0
vn 1.776356839400252e-15 1 0
vn 1 7.894919286223339e-16 0
vn -1 0 0
vn 0 0 1
vn 0 0 -1
vn 1 4.44089209850063e-16 0
vn -1 0 0
vn -1.7763568394002513e-15 1 0
vn 1.887379141862766e-15 -1 0
vn 0 0 1
vn 0 0 -1
vn 1 -8.88178419700126e-16 0
vn -1 -1.1102230246251575e-16 0
vn 2.422304781000342e-16 1 0
vn -2.4223047810003423e-16 -1 0
vn 0 0 1
vn 0 0 -1
vn 1 0 0
vn -1 -3.3306690738754726e-16 0
vn 0 1 0
vn -1.2688263138573222e-16 -1 0
vn 0 0 1
vn 0 0 -1
vn 1 2.960594732333751e-16 0
vn -1 -5.551115123125783e-16 0
vn 0 1 0
vn 1.4802973661668758e-16 -1 0
vn 0 0 1
vn 0 0 -1
vn 0.7071067811865479 -0.7071067811865472 0
vn -0.707106781186546 0.7071067811865491 0
vn 0 0 -1
vn 6.34406804989397e-17 1.5316073095622327e-16 1
vn 1 6.1264669506265075e-16 0
vn -1 7.689989607613326e-16 0
vn 1.5926346482252258e-16 -3.844994803806664e-16 -1
vn -1.2688214203975728e-16 3.063233475313253e-16 1
vn 0.707106781186549 0.707106781186546 0
vn -0.7071067811865471 -0.7071067811865479 0
vn -4.412738824798393e-16 -4.412738824798398e-16 -1
vn 2.881131515236192e-16 5.047145629787803e-16 1
vn -1.8379400851879453e-15 1 0
vn 2.3069968822840008e-15 -1 0
vn 1.4396903158709127e-30 -6.240538628060794e-16 -1
vn -1.1469736097676723e-30 6.240538628060796e-16 1
vn -0.7071067811865482 0.7071067811865468 0
vn 0.7071067811865486 -0.7071067811865465 0
vn 0 0 -1
vn 6.344068049894018e-17 1.5316073095622265e-16 1
vn -1 -3.063233475313252e-16 0
vn 1 -5.767492205710002e-16 0
vn 1.5926346482252337e-16 -3.8449948038066693e-16 -1
vn -1.2688214203975768e-16 3.0632334753132513e-16 1
vn -0.7071067811865486 -0.7071067811865465 0
vn 0.7071067811865462 0.7071067811865489 -6.151947921866156e-15
vn -4.412738824798417e-16 -4.4127388247984097e-16 -1
vn 2.881131515236159e-16 5.047145629787777e-16 1
vn 2.1442634327192694e-15 -1 0
vn -2.306996882284e-15 1 -7.99360577730113e-15
vn 1.1997419298924307e-30 -6.240538628060818e-16 -1
vn -1.3381358780622738e-30 6.240538628060747e-16 1
vn 1 -5.921189464667499e-16 0
vn -1 -2.5905203907920306e-16 0
vn 2.2204460492503123e-16 1 0
vn 0 -1 0
vn 0 0 1
vn 0 0 -1
vn 1 -3.5527136788004942e-15 0
vn -1 8.881784197001268e-16 0
vn -2.2204460492503115e-15 1 0
vn 1.3322676295501878e-15 -1 0
vn 0 0 1
vn 0 0 -1
vn 0.9238795325112883 -0.38268343236508645 0
vn -0.9238795325112868 0.38268343236508995 0
vn 0.3826834323650855 0.9238795325112885 0
vn -0.3826834323650941 -0.9238795325112852 0
vn 0 0 1
vn 0 0 -1
vn 0.7071067811865467 -0.7071067811865485 0
vn -0.7071067811865449 0.7071067811865502 0
vn 0.7071067811865487 0.7071067811865464 0
vn -0.7071067811865487 -0.7071067811865465 0
vn 0 0 1
vn 0 0 -1
vn 0.3826834323650884 -0.9238795325112874 0
vn -0.3826834323650878 0.9238795325112876 0
vn 0.9238795325112871 0.382683432365089 0
vn -0.9238795325112868 -0.3826834323650901 0
vn 0 0 1
vn 0 0 -1
vn 7.105427357601027e-15 1 0
vn -3.552713678800507e-15 -1 0
vn -1 -8.881784197001244e-16 0
vn 1 1.776356839400252e-15 0
vn 0 0 1
vn 0 0 -1
vn 3.552713678800507e-15 1 0
vn -5.329070518200751e-15 -1 0
vn -1 0 0
vn 1 1.7763568394002505e-15 0
vn 0 0 1
vn 0 0 -1
vn 0.9238795325112883 0.3826834323650864 0
vn -0.9238795325112866 -0.3826834323650905 0
vn -0.3826834323650898 0.9238795325112868 0
vn 0.3826834323650933 -0.9238795325112854 0
vn 0 0 1
vn 0 0 -1
vn -3.552713678800511e-15 -1 0
vn 5.3290705182007656e-15 1 0
vn 1 -1.3322676295501926e-15 0
vn -1 1.1102230246251585e-15 0
vn 0 0 1
vn 0 0 -1
vn -5.3290705182007656e-15 -1 0
vn 3.552713678800511e-15 1 0
vn 1 2.220446049250313e-16 0
vn -1 -1.1102230246251575e-16 0
vn 0 0 1
vn 0 0 -1
vn 0.3826834323650983 0.9238795325112834 0
vn -0.38268343236508257 -0.92387953251129 0
vn -0.9238795325112868 0.38268343236508956 0
vn 0.9238795325112866 -0.38268343236509006 0
vn 0 0 1
vn 0 0 -1
vn 0.7071067811865502 0.7071067811865449 0
vn -0.7071067811865483 -0.7071067811865468 0
vn -0.7071067811865474 0.7071067811865477 0
vn 0.7071067811865452 -0.7071067811865499 0
vn 0 0 1
vn 0 0 -1
vn 0 -1 0
vn 3.552713678800509e-15 1 0
vn 1 1.2688263138573218e-15 0
vn -1 -1.1419436824715885e-15 0
vn 0 0 1
vn 0 0 -1
vn 0.9807852804032305 0.19509032201612772 0
vn -0.9807852804032304 -0.19509032201612914 0
vn -0.1950903220161306 0.98078528040323 0
vn 0.19509032201614157 -0.9807852804032278 0
vn 0 0 1
vn 0 0 -1
vn 0.9238795325112847 0.38268343236509456 0
vn -0.9238795325112862 -0.3826834323650911 0
vn -0.38268343236509383 0.9238795325112853 0
vn 0.3826834323650924 -0.9238795325112856 0
vn 0 0 1
vn 0 0 -1
vn 0.8314696123025497 0.5555702330195956 0
vn -0.8314696123025441 -0.5555702330196041 0
vn -0.5555702330196104 0.8314696123025399 0
vn 0.5555702330196017 -0.8314696123025457 0
vn 0 0 1
vn 0 0 -1
vn 0.7071067811865489 0.7071067811865462 0
vn -0.7071067811865476 -0.7071067811865476 0
vn -0.7071067811865462 0.7071067811865489 0
vn 0.7071067811865476 -0.7071067811865476 0
vn 0 0 1
vn 0 0 -1
vn 0.5555702330196031 0.8314696123025449 0
vn -0.5555702330196006 -0.8314696123025466 0
vn -0.8314696123025421 0.5555702330196068 0
vn 0.8314696123025412 -0.5555702330196086 0
vn 0 0 1
vn 0 0 -1
vn 0.3826834323650888 0.9238795325112874 0
vn -0.38268343236509156 -0.9238795325112861 0
vn -0.9238795325112875 0.38268343236508845 0
vn 0.9238795325112881 -0.38268343236508673 0
vn 0 0 1
vn 0 0 -1
vn 0.19509032201613224 0.9807852804032297 0
vn -0.1950903220161315 -0.9807852804032299 0
vn -0.9807852804032308 0.19509032201612708 0
vn 0.9807852804032315 -0.19509032201612322 0
vn 0 0 1
vn 0 0 -1
vn 0.9807852804032305 -0.1950903220161278 0
vn -0.9807852804032304 0.19509032201612841 0
vn 0.19509032201612456 0.9807852804032312 0
vn -0.19509032201613866 -0.9807852804032284 0
vn 0 0 1
vn 0 0 -1
vn 0.9238795325112862 -0.3826834323650911 0
vn -0.9238795325112871 0.38268343236508895 0
vn 0.3826834323650871 0.9238795325112878 0
vn -0.38268343236509156 -0.9238795325112861 0
vn 0 0 1
vn 0 0 -1
vn 0.8314696123025455 -0.5555702330196022 0
vn -0.8314696123025467 0.5555702330196004 0
vn 0.5555702330196071 0.831469612302542 0
vn -0.5555702330195976 -0.8314696123025483 0
vn 0 0 1
vn 0 0 -1
vn 0.7071067811865458 -0.7071067811865492 0
vn -0.707106781186547 0.707106781186548 0
vn 0.7071067811865498 0.7071067811865454 0
vn -0.7071067811865476 -0.7071067811865476 0
vn 0 0 1
vn 0 0 -1
vn 0.5555702330196026 -0.8314696123025451 0
vn -0.5555702330196001 0.8314696123025467 0
vn 0.8314696123025418 0.5555702330196075 0
vn -0.8314696123025465 -0.5555702330196005 0
vn 0 0 1
vn 0 0 -1
vn 0.38268343236509106 -0.9238795325112862 0
vn -0.3826834323650816 0.9238795325112902 0
vn 0.9238795325112861 0.38268343236509195 0
vn -0.9238795325112872 -0.38268343236508895 0
vn 0 0 1
vn 0 0 -1
vn 0.19509032201612803 -0.9807852804032307 0
vn -0.19509032201613072 0.98078528040323 0
vn 0.9807852804032304 0.19509032201612833 0
vn -0.9807852804032297 -0.1950903220161324 0
vn 0 0 1
vn 0 0 -1
vn 3.552713678800507e-15 1 0
vn 0 -1 0
vn -1 5.075305255429282e-16 0
vn 1 0 0
vn 0 0 1
vn 0 0 -1
vn 1 -4.440892098500626e-16 0
vn -1 -4.440892098500626e-16 0
vn 0 1 0
vn 0 -1 0
vn 0 0 1
vn 0 0 -1
vn 0.7071067811865468 -0.7071067811865483 0
vn -0.7071067811865507 0.7071067811865445 0
vn 0 0 -1
vn 6.344068049894241e-17 1.5316073095622112e-16 1
vn 1 1.2252933901253e-15 0
vn -1 -1.5379979215226794e-15 0
vn 1.592634648225283e-16 -3.8449948038066954e-16 -1
vn -1.2688214203976061e-16 3.0632334753132483e-16 1
vn 0.7071067811865499 0.7071067811865454 0
vn -0.7071067811865495 -0.7071067811865457 0
vn -4.4127388247983934e-16 -4.412738824798369e-16 -1
vn 2.8811315152361767e-16 5.047145629787779e-16 1
vn -2.450586780250593e-15 1 0
vn -3.075995843045346e-15 -1 0
vn -1.919587087827924e-30 -6.240538628060901e-16 -1
vn -1.5292981463569187e-30 6.240538628060888e-16 1
vn -0.7071067811865469 0.7071067811865481 0
vn 0.7071067811865486 -0.7071067811865466 0
vn 0 0 -1
vn 6.344068049894114e-17 1.5316073095622233e-16 1
vn -1 9.189700425939705e-16 0
vn 1 7.689989607613371e-16 0
vn 1.5926346482253395e-16 -3.844994803806685e-16 -1
vn -1.2688214203976493e-16 3.0632334753132355e-16 1
vn -0.7071067811865449 -0.7071067811865501 0
vn 0.7071067811865492 0.7071067811865458 0
vn -4.4127388247984195e-16 -4.412738824798398e-16 -1
vn 2.881131515236166e-16 5.047145629787831e-16 1
vn 0 -1 0
vn 3.0759958430453414e-15 1 0
vn -1.9195870878279213e-30 -6.240538628060901e-16 -1
vn 0 6.240538628060894e-16 1
vn 1 -2.9605947323337477e-16 0
vn -1 -4.440892098500631e-16 0
vn -1.7763568394002497e-15 1 0
vn 0 -1 0
vn 0 0 1
vn 0 0 -1
vn 1 1.776356839400263e-15 0
vn -1 -1.776356839400263e-15 0
vn -1.77635683940025e-15 1 0
vn 1.77635683940025e-15 -1 0
vn 0 0 1
vn 0 0 -1
vn 0.9238795325112843 -0.382683432365096 0
vn -0.9238795325112865 0.38268343236509034 0
vn 0.38268343236507923 0.9238795325112913 0
vn -0.3826834323650902 -0.9238795325112866 0
vn 0 0 1
vn 0 0 -1
vn 0.7071067811865431 -0.707106781186552 0
vn -0.7071067811865467 0.7071067811865485 0
vn 0.707106781186558 0.707106781186537 0
vn -0.7071067811865533 -0.7071067811865417 0
vn 0 0 1
vn 0 0 -1
vn 0.3826834323650962 -0.9238795325112841 0
vn -0.382683432365078 0.9238795325112916 0
vn 0.923879532511283 0.3826834323650994 0
vn -0.9238795325112849 -0.3826834323650943 0
vn 0 0 1
vn 0 0 -1
vn 1.421085471520203e-14 1 0
vn -7.105427357601027e-15 -1 0
vn -1 -1.7763568394002505e-15 0
vn 1 8.881784197001284e-16 0
vn 0 0 1
vn 0 0 -1
vn 7.105427357601027e-15 1 0
vn -7.105427357601027e-15 -1 0
vn -1 3.552713678800501e-15 0
vn 1 -3.552713678800501e-15 0
vn 0 0 1
vn 0 0 -1
vn 0.9238795325112839 0.3826834323650973 0
vn -0.923879532511286 -0.3826834323650916 0
vn -0.3826834323650902 0.9238795325112866 0
vn 0.38268343236509345 -0.9238795325112853 0
vn 0 0 1
vn 0 0 -1
vn -7.105427357601021e-15 -1 0
vn -7.105427357601008e-15 1 0
vn 1 -1.7763568394002378e-15 0
vn -1 0 0
vn 0 0 1
vn 0 0 -1
vn 7.105427357601008e-15 -1 0
vn 7.105427357601033e-15 1 0
vn 1 8.881784197001284e-16 0
vn -1 8.881784197001221e-16 0
vn 0 0 1
vn 0 0 -1
vn 0.3826834323650905 0.9238795325112865 0
vn -0.3826834323650895 -0.9238795325112868 0
vn -0.9238795325112855 0.38268343236509267 0
vn 0.9238795325112862 -0.3826834323650913 0
vn 0 0 1
vn 0 0 -1
vn 0.7071067811865316 0.7071067811865636 0
vn -0.7071067811865418 -0.7071067811865533 0
vn -0.707106781186533 0.707106781186562 0
vn 0.7071067811865476 -0.7071067811865476 0
vn 0 0 1
vn 0 0 -1
vn 1 0 0
vn -1 -6.217248937900885e-16 0
vn 0 1 0
vn -3.9474596431116685e-16 -1 0
vn 0 0 1
vn 0 0 -1
vn 1 0 0
vn -1 -8.881784197001284e-16 0
vn -5.075305255429287e-16 1 0
vn 0 -1 0
vn 0 0 1
vn 0 0 -1
vn 1 -1.7763568394002442e-15 0
vn -1 8.881784197001221e-16 0
vn -6.45947941600091e-16 1 0
vn 6.459479416000911e-16 -1 0
vn 0 0 1
vn 0 0 -1
vn 1 -1.2688263138573217e-16 0
vn -1 4.758098676964954e-16 0
vn 3.9474596431116685e-16 1 0
vn 0 -1 0
vn 0 0 1
vn 0 0 -1
vn 0.7071067811865462 -0.7071067811865488 0
vn -0.7071067811865462 0.7071067811865489 0
vn 0 0 -1
vn 6.344068049894129e-17 1.531607309562221e-16 1
vn 1 0 0
vn -1 -1.5379979215226652e-15 0
vn 1.5926346482252026e-16 -3.84499480380666e-16 -1
vn -1.268821420397553e-16 3.063233475313246e-16 1
vn 0.7071067811865485 0.7071067811865466 0
vn -0.7071067811865479 -0.7071067811865471 0
vn -4.4127388247984156e-16 -4.4127388247984106e-16 -1
vn 2.881131515236198e-16 5.047145629787816e-16 1
vn -3.675880170375891e-15 1 0
vn 0 -1 0
vn 0 -6.240538628060893e-16 -1
vn -2.2939472195353775e-30 6.240538628060885e-16 1
vn -0.7071067811865461 0.7071067811865489 0
vn 0.7071067811865477 -0.7071067811865474 0
vn 0 0 -1
vn 6.344068049894015e-17 1.5316073095622364e-16 1
vn -1 3.0632334753132464e-16 0
vn 1 7.689989607613312e-16 0
vn 1.592634648225216e-16 -3.844994803806655e-16 -1
vn -1.2688214203975652e-16 3.0632334753132464e-16 1
vn -0.707106781186548 -0.707106781186547 0
vn 0.7071067811865479 0.7071067811865471 -6.920941412099427e-15
vn -4.4127388247984644e-16 -4.4127388247984333e-16 -1
vn 2.8811315152361846e-16 5.04714562978781e-16 1
vn 1.2252933901252974e-15 -1 0
vn -1.537997921522669e-15 1 -1.0658141036401512e-14
vn 0 -6.240538628060893e-16 -1
vn -7.6464907317844864e-31 6.240538628060798e-16 1
vn 1 -2.9605947323337477e-16 0
vn -1 5.181040781584061e-16 0
vn 0 1 0
vn -4.4408920985006247e-16 -1 0
vn 0 0 1
vn 0 0 -1
vn 1 1.7763568394002505e-15 0
vn -1 -1.7763568394002505e-15 0
vn -1.776356839400251e-15 1 0
vn 1.776356839400251e-15 -1 0
vn 0 0 1
vn 0 0 -1
vn 0.9238795325112866 -0.3826834323650905 0
vn -0.9238795325112867 0.38268343236509017 0
vn 0.3826834323650844 0.9238795325112892 0
vn -0.3826834323650939 -0.9238795325112851 0
vn 0 0 1
vn 0 0 -1
vn 0.7071067811865467 -0.7071067811865485 0
vn -0.7071067811865529 0.7071067811865422 0
vn 0.7071067811865546 0.7071067811865406 0
vn -0.7071067811865487 -0.7071067811865465 0
vn 0 0 1
vn 0 0 -1
vn 0.3826834323650878 -0.9238795325112876 0
vn -0.3826834323650902 0.9238795325112867 0
vn 0.9238795325112877 0.38268343236508756 0
vn -0.923879532511287 -0.3826834323650894 0
vn 0 0 1
vn 0 0 -1
vn 7.105427357601027e-15 1 0
vn 0 -1 0
vn -1 8.881784197001252e-16 0
vn 1 0 0
vn 0 0 1
vn 0 0 -1
vn 0 1 0
vn 0 -1 0
vn -1 0 0
vn 1 -1.7763568394002315e-15 0
vn 0 0 1
vn 0 0 -1
vn 0.9238795325112861 0.38268343236509195 0
vn -0.9238795325112839 -0.3826834323650969 0
vn -0.3826834323650908 0.9238795325112865 0
vn 0.3826834323650922 -0.923879532511286 0
vn 0 0 1
vn 0 0 -1
vn -3.552713678800509e-15 -1 0
vn 0 1 0
vn 1 -8.881784197001221e-16 0
vn -1 8.881784197001252e-16 0
vn 0 0 1
vn 0 0 -1
vn 0 -1 0
vn 7.10542735760103e-15 1 0
vn 1 2.220446049250313e-16 0
vn -1 6.661338147750916e-16 0
vn 0 0 1
vn 0 0 -1
vn 0.38268343236509755 0.9238795325112837 0
vn -0.3826834323650855 -0.9238795325112885 0
vn -0.9238795325112875 0.3826834323650879 0
vn 0.9238795325112862 -0.3826834323650916 0
vn 0 0 1
vn 0 0 -1
vn 0.7071067811865445 0.7071067811865507 0
vn -0.7071067811865513 -0.7071067811865438 0
vn -0.7071067811865455 0.7071067811865496 0
vn 0.7071067811865503 -0.7071067811865447 0
vn 0 0 1
vn 0 0 -1
vn 1 -2.854859206178974e-16 0
vn -1 1.9032394707859815e-16 0
vn 3.552713678800506e-15 1 0
vn 0 -1 0
vn 0 0 1
vn 0 0 -1
vn 1 -1.2688263138573217e-16 0
vn -1 2.5376526277146434e-16 0
vn 0 1 0
vn 0 -1 0
vn 0 0 1
vn 0 0 -1
vn 3.585138580266286e-17 -2.3891520904187806e-16 -1
vn 0.7071067811865479 -0.7071067811865472 0
vn 1.2688170701612906e-16 3.063211158941968e-16 1
vn 3.965082230804135e-18 -3.158959521416793e-16 -1
vn 1 6.126466950626508e-16 0
vn 0 0 1
vn -3.024390427522343e-17 -2.3330772751443803e-16 -1
vn 0.7071067811865491 0.707106781186546 0
vn -1.268817070161289e-16 3.0632111589419633e-16 1
vn 4.518301815298037e-31 -2.45835098309856e-16 -1
vn -1.8379400851879453e-15 1 0
vn -4.664053486759264e-31 2.5376526277146424e-16 1
vn 3.02439042752234e-17 -2.333077275144384e-16 -1
vn -0.7071067811865482 0.7071067811865468 0
vn 1.268817070161289e-16 3.0632111589419677e-16 1
vn -3.965082230803899e-18 -3.158959521416791e-16 -1
vn -1 -3.0632334753132513e-16 0
vn 0 0 1
vn -3.5851385802662806e-17 -2.389152090418776e-16 -1
vn -0.7071067811865487 -0.7071067811865465 0
vn -1.2688170701612925e-16 3.063211158941964e-16 1
vn 5.441395734552475e-31 -2.5376526277146424e-16 -1
vn 2.1442634327192694e-15 -1 0
vn -5.441395734552475e-31 2.5376526277146424e-16 1
vn 0.9238795325112865 0 -0.3826834323650905
vn -0.923879532511287 8.205698631791646e-16 0.3826834323650896
vn -5.470465754527766e-16 1 2.265941108022972e-16
vn 2.0715540924933153e-16 -1 -1.047163973981462e-15
vn 0.38268343236508967 -6.797823324068909e-16 0.923879532511287
vn -0.38268343236508956 0 -0.9238795325112868
vn 0.9238795325112865 0 0.3826834323650908
vn -0.923879532511287 2.0514246579479133e-16 -0.38268343236508934
vn -5.470465754527762e-16 1 -2.2659411080229723e-16
vn 5.470465754527765e-16 -1 2.2659411080229733e-16
vn -0.3826834323650898 0 0.9238795325112868
vn 0.38268343236508945 6.797823324068898e-16 -0.923879532511287
vn 1 -9.516197353929919e-17 0
vn -1 3.1720657846433055e-17 0
vn 1.7763568394002503e-15 1 0
vn 0 -1 0
vn 0 0 1
vn 0 0 -1
vn 1 0 0
vn -1 1.2688263138573214e-16 0
vn 3.5527136788005025e-15 1 0
vn -4.4408920985006247e-16 -1 0
vn 0 0 1
vn 0 0 -1
vn 1 8.88178419700126e-16 0
vn -1 0 0
vn 0 1 0
vn 1.7763568394002506e-16 -1 0
vn 0 0 1
vn 0 0 -1
vn 3.585138580266235e-17 -2.3891520904187836e-16 -1
vn 0.7071067811865464 -0.7071067811865488 0
vn 1.268817070161297e-16 3.0632111589419717e-16 1
vn 3.965082230803969e-18 -3.1589595214167853e-16 -1
vn 1 0 0
vn 0 0 1
vn -3.024390427522327e-17 -2.333077275144381e-16 -1
vn 0.7071067811865485 0.7071067811865467 0
vn -1.2688170701612903e-16 3.0632111589419633e-16 1
vn 9.036603630596081e-31 -2.458350983098562e-16 -1
vn -3.675880170375891e-15 1 0
vn -9.328106973518536e-31 2.537652627714645e-16 1
vn 3.024390427522264e-17 -2.33307727514439e-16 -1
vn -0.7071067811865462 0.7071067811865489 0
vn 1.2688170701612987e-16 3.0632111589419766e-16 1
vn -3.965082230804279e-18 -3.1589595214167853e-16 -1
vn -1 3.063233475313246e-16 0
vn 0 0 1
vn -3.585138580266276e-17 -2.389152090418779e-16 -1
vn -0.707106781186548 -0.7071067811865471 0
vn -1.2688170701612915e-16 3.0632111589419677e-16 1
vn 3.1093689911728464e-31 -2.537652627714645e-16 -1
vn 1.2252933901252974e-15 -1 0
vn -3.1093689911728464e-31 2.537652627714645e-16 1
vn 0.923879532511287 -1.6411397263583247e-15 -0.3826834323650898
vn -0.9238795325112863 1.6411397263583208e-15 0.38268343236509117
vn -5.470465754527766e-16 1 2.265941108022967e-16
vn 5.470465754527768e-16 -1 -2.265941108022968e-16
vn 0.3826834323650898 -6.79782332406888e-16 0.9238795325112867
vn -0.38268343236508945 3.398911662034443e-16 -0.9238795325112868
vn 0.9238795325112864 -8.205698631791619e-16 0.3826834323650909
vn -0.9238795325112862 8.205698631791617e-16 -0.38268343236509117
vn -1.0940931509055534e-15 1 -4.53188221604595e-16
vn 6.797823324068899e-16 -1 -1.6411397263583289e-15
vn -0.3826834323650898 4.248639577543042e-16 0.9238795325112867
vn 0.38268343236508967 -1.3595646648137804e-15 -0.9238795325112868
vn 1 0 0
vn -1 3.1720657846433036e-17 0
vn 1.7763568394002505e-15 1 0
vn -1.7763568394002503e-15 -1 0
vn 0 0 1
vn 0 0 -1
vn 1 1.2688263138573214e-16 0
vn -1 -1.9032394707859825e-16 0
vn 1.7763568394002505e-15 1 0
vn -3.5527136788005025e-15 -1 0
vn 0 0 1
vn 0 0 -1
vn 1 -1.7763568394002473e-15 0
vn -1 1.3322676295501855e-15 0
vn 0 1 0
vn 0 -1 0
vn 0 0 1
vn 0 0 -1
vn 3.5851385802662196e-17 -2.3891520904187816e-16 -1
vn 0.7071067811865468 -0.7071067811865482 0
vn 1.2688170701612997e-16 3.06321115894197e-16 1
vn 3.965082230803492e-18 -3.158959521416789e-16 -1
vn 1 1.2252933901253001e-15 0
vn 0 0 1
vn -3.024390427522378e-17 -2.333077275144381e-16 -1
vn 0.7071067811865499 0.7071067811865454 0
vn -1.2688170701612861e-16 3.063211158941965e-16 1
vn 6.024402420397389e-31 -2.458350983098563e-16 -1
vn -2.4505867802505927e-15 1 0
vn -6.218737982345692e-31 2.537652627714646e-16 1
vn 3.024390427522293e-17 -2.333077275144389e-16 -1
vn -0.7071067811865469 0.7071067811865481 0
vn 1.268817070161295e-16 3.0632111589419756e-16 1
vn -3.9650822308034855e-18 -3.1589595214167734e-16 -1
vn -1 9.189700425939703e-16 0
vn 0 0 1
vn -3.585138580266156e-17 -2.3891520904187846e-16 -1
vn -0.7071067811865449 -0.7071067811865501 0
vn -1.2688170701613056e-16 3.063211158941973e-16 1
vn 0 -2.537652627714644e-16 -1
vn 0 -1 0
vn 0 2.537652627714644e-16 1
vn 0.9238795325112863 1.6411397263583295e-15 -0.38268343236509134
vn -0.9238795325112868 0 0.3826834323650896
vn -2.654715139082271e-16 1 -3.735467674321255e-15
vn 1.3595646648137804e-15 -1 3.2822794527166605e-15
vn 0.38268343236508984 3.3989116620344525e-16 0.9238795325112868
vn -0.3826834323650899 3.398911662034453e-16 -0.9238795325112867
vn 0.923879532511286 -8.205698631791615e-16 0.3826834323650923
vn -0.9238795325112863 1.2308547947687472e-15 -0.38268343236509084
vn -1.3595646648137786e-15 1 3.282279452716657e-15
vn 0 -1 0
vn -0.38268343236509006 -3.3989116620344545e-16 0.9238795325112868
vn 0.3826834323650896 -5.098367493051676e-16 -0.9238795325112868
vn 1 6.344131569286616e-17 0
vn -1 -5.075305255429294e-16 0
vn 0 1 0
vn -1.7763568394002505e-15 -1 0
vn 0 0 1
vn 0 0 -1
vn 1 -1.2688263138573222e-16 0
vn -1 -6.344131569286612e-17 0
vn 0 1 0
vn -1.7763568394002505e-15 -1 0
vn 0 0 1
vn 0 0 -1
vn 1 -8.881784197001221e-16 0
vn -1 -1.7763568394002568e-15 0
vn -7.105427357601002e-16 1 0
vn -7.105427357601004e-16 -1 0
vn 0 0 1
vn 0 0 -1
vn 1 0 0
vn -1 -1.942890293094024e-15 0
vn 7.401486830834379e-17 1 0
vn 0 -1 0
vn 0 0 1
vn 0 0 -1
vn 1 -3.552713678800493e-15 0
vn -1 2.7200464103316288e-15 0
vn 9.251858538542972e-17 1 0
vn -1.249000902703301e-16 -1 0
vn 0 0 1
vn 0 0 -1
vn 1 -3.5527136788005016e-16 0
vn -1 -8.881784197001254e-17 0
vn -4.2558549277297654e-16 1 0
vn 4.440892098500627e-16 -1 0
vn 0 0 1
vn 0 0 -1
vn 1 3.552713678800504e-15 0
vn -1 1.4432899320127059e-15 0
vn -2.664535259100376e-16 1 0
vn 1.8873791418627653e-16 -1 0
vn 0 0 1
vn 0 0 -1
vn 1 4.440892098500626e-16 0
vn -1 -2.9605947323337516e-16 0
vn 0 1 0
vn -4.440892098500625e-16 -1 0
vn 0 0 1
vn 0 0 -1
vn 1 -4.112743530883693e-16 -1.8093216630610785e-16
vn -1 -2.144786184852405e-16 -5.746937261686304e-17
vn 0 0.9659258262890683 0.2588190451025208
vn 0 -0.9659258262890684 -0.2588190451025207
vn -1.2335811384723957e-16 -0.25881904510252074 0.9659258262890683
vn 0 0.25881904510252063 -0.9659258262890683
vn 1 -2.220446049250314e-16 0
vn -1 0 0
vn 4.4408920985006247e-16 1 0
vn 0 -1 0
vn 0 0 1
vn 0 0 -1
vn 1 3.5527136788005016e-16 0
vn -1 0 0
vn 0 1 0
vn 0 -1 0
vn 0 0 1
vn 0 0 -1
vn 1 4.440892098500626e-16 0
vn -1 1.3877787807814457e-16 0
vn 1.110223024625157e-16 1 0
vn -2.2204460492503126e-16 -1 0
vn 0 0 1
vn 0 0 -1
usemtl m_3d215661-f591-00a8-53e2-d8d611c756be
f 4/1/1 2/2/1 1/3/1 3/4/1
f 7/5/2 5/6/2 6/7/2 8/8/2
f 1/9/3 2/10/3 6/11/3 5/12/3
f 4/13/4 3/14/4 7/15/4 8/16/4
f 3/17/5 1/18/5 5/19/5 7/20/5
f 8/21/6 6/22/6 2/23/6 4/24/6
f 12/25/7 10/26/7 9/27/7 11/28/7
f 15/29/8 13/30/8 14/31/8 16/32/8
f 9/33/9 10/34/9 14/35/9 13/36/9
f 12/37/10 11/38/10 15/39/10 16/40/10
f 11/41/11 9/42/11 13/43/11 15/44/11
f 16/45/12 14/46/12 10/47/12 12/48/12
f 20/49/13 18/50/13 17/51/13 19/52/13
f 23/53/14 21/54/14 22/55/14 24/56/14
f 17/57/15 18/58/15 22/59/15 21/60/15
f 20/61/16 19/62/16 23/63/16 24/64/16
f 19/65/17 17/66/17 21/67/17 23/68/17
f 24/69/18 22/70/18 18/71/18 20/72/18
f 28/73/19 26/74/19 25/75/19 27/76/19
f 31/77/20 29/78/20 30/79/20 32/80/20
f 25/81/21 26/82/21 30/83/21 29/84/21
f 28/85/22 27/86/22 31/87/22 32/88/22
f 27/89/23 25/90/23 29/91/23 31/92/23
f 32/93/24 30/94/24 26/95/24 28/96/24
f 36/97/25 34/98/25 33/99/25 35/100/25
f 39/101/26 37/102/26 38/103/26 40/104/26
f 33/105/27 34/106/27 38/107/27 37/108/27
f 36/109/28 35/110/28 39/111/28 40/112/28
f 35/113/29 33/114/29 37/115/29 39/116/29
f 40/117/30 38/118/30 34/119/30 36/120/30
f 44/121/31 42/122/31 41/123/31 43/124/31
f 47/125/32 45/126/32 46/127/32 48/128/32
f 41/129/33 42/130/33 46/131/33 45/132/33
f 44/133/34 43/134/34 47/135/34 48/136/34
f 43/137/35 41/138/35 45/139/35 47/140/35
f 48/141/36 46/142/36 42/143/36 44/144/36
f 52/145/37 50/146/37 49/147/37 51/148/37
f 55/149/38 53/150/38 54/151/38 56/152/38
f 49/153/39 50/154/39 54/155/39 53/156/39
f 52/157/40 51/158/40 55/159/40 56/160/40
f 51/161/41 49/162/41 53/163/41 55/164/41
f 56/165/42 54/166/42 50/167/42 52/168/42
f 60/169/43 58/170/43 57/171/43 59/172/43
f 63/173/44 61/174/44 62/175/44 64/176/44
f 57/177/45 58/178/45 62/179/45 61/180/45
f 60/181/46 59/182/46 63/183/46 64/184/46
f 59/185/47 57/186/47 61/187/47 63/188/47
f 64/189/48 62/190/48 58/191/48 60/192/48
f 68/193/49 66/194/49 65/195/49 67/196/49
f 71/197/50 69/198/50 70/199/50 72/200/50
f 65/201/51 66/202/51 70/203/51 69/204/51
f 68/205/52 67/206/52 71/207/52 72/208/52
f 67/209/53 65/210/53 69/211/53 71/212/53
f 72/213/54 70/214/54 66/215/54 68/216/54
f 76/217/55 74/218/55 73/219/55 75/220/55
f 79/221/56 77/222/56 78/223/56 80/224/56
f 73/225/57 74/226/57 78/227/57 77/228/57
f 76/229/58 75/230/58 79/231/58 80/232/58
f 75/233/59 73/234/59 77/235/59 79/236/59
f 80/237/60 78/238/60 74/239/60 76/240/60
f 84/241/61 82/242/61 81/243/61 83/244/61
f 87/245/62 85/246/62 86/247/62 88/248/62
f 81/249/63 82/250/63 86/251/63 85/252/63
f 84/253/64 83/254/64 87/255/64 88/256/64
f 83/257/65 81/258/65 85/259/65 87/260/65
f 88/261/66 86/262/66 82/263/66 84/264/66
f 92/265/67 90/266/67 89/267/67 91/268/67
f 95/269/68 93/270/68 94/271/68 96/272/68
f 89/273/69 90/274/69 94/275/69 93/276/69
f 92/277/70 91/278/70 95/279/70 96/280/70
f 91/281/71 89/282/71 93/283/71 95/284/71
f 96/285/72 94/286/72 90/287/72 92/288/72
f 100/289/73 98/290/73 97/291/73 99/292/73
f 103/293/74 101/294/74 102/295/74 104/296/74
f 97/297/75 98/298/75 102/299/75 101/300/75
f 100/301/76 99/302/76 103/303/76 104/304/76
f 99/305/77 97/306/77 101/307/77 103/308/77
f 104/309/78 102/310/78 98/311/78 100/312/78
f 108/313/79 106/314/79 105/315/79 107/316/79
f 111/317/80 109/318/80 110/319/80 112/320/80
f 105/321/81 106/322/81 110/323/81 109/324/81
f 108/325/82 107/326/82 111/327/82 112/328/82
f 107/329/83 105/330/83 109/331/83 111/332/83
f 112/333/84 110/334/84 106/335/84 108/336/84
f 116/337/85 114/338/85 113/339/85 115/340/85
f 119/341/86 117/342/86 118/343/86 120/344/86
f 113/345/87 114/346/87 118/347/87 117/348/87
f 116/349/88 115/350/88 119/351/88 120/352/88
f 115/353/89 113/354/89 117/355/89 119/356/89
f 120/357/90 118/358/90 114/359/90 116/360/90
f 124/361/91 122/362/91 121/363/91 123/364/91
f 127/365/92 125/366/92 126/367/92 128/368/92
f 121/369/93 122/370/93 126/371/93 125/372/93
f 124/373/94 123/374/94 127/375/94 128/376/94
f 123/377/95 121/378/95 125/379/95 127/380/95
f 128/381/96 126/382/96 122/383/96 124/384/96
f 132/385/97 130/386/97 129/387/97 131/388/97
f 135/389/98 133/390/98 134/391/98 136/392/98
f 129/393/99 130/394/99 134/395/99 133/396/99
f 132/397/100 131/398/100 135/399/100 136/400/100
f 131/401/101 129/402/101 133/403/101 135/404/101
f 136/405/102 134/406/102 130/407/102 132/408/102
f 140/409/103 138/410/103 137/411/103 139/412/103
f 143/413/104 141/414/104 142/415/104 144/416/104
f 137/417/105 138/418/105 142/419/105 141/420/105
f 140/421/106 139/422/106 143/423/106 144/424/106
f 139/425/107 137/426/107 141/427/107 143/428/107
f 144/429/108 142/430/108 138/431/108 140/432/108
f 148/433/109 146/434/109 145/435/109 147/436/109
f 151/437/110 149/438/110 150/439/110 152/440/110
f 145/441/111 146/442/111 150/443/111 149/444/111
f 148/445/112 147/446/112 151/447/112 152/448/112
f 147/449/113 145/450/113 149/451/113 151/452/113
f 152/453/114 150/454/114 146/455/114 148/456/114
f 156/457/115 154/458/115 153/459/115 155/460/115
f 159/461/116 157/462/116 158/463/116 160/464/116
f 153/465/117 154/466/117 158/467/117 157/468/117
f 156/469/118 155/470/118 159/471/118 160/472/118
f 155/473/119 153/474/119 157/475/119 159/476/119
f 160/477/120 158/478/120 154/479/120 156/480/120
f 161/481/121 165/482/121 166/483/121 162/484/121
f 164/485/122 168/486/122 167/487/122 163/488/122
f 163/489/123 167/490/123 165/491/123 161/492/123
f 162/493/124 166/494/124 168/495/124 164/496/124
f 165/497/125 169/498/125 170/499/125 166/500/125
f 168/501/126 172/502/126 171/503/126 167/504/126
f 167/505/127 171/506/127 169/507/127 165/508/127
f 166/509/128 170/510/128 172/511/128 168/512/128
f 169/513/129 173/514/129 174/515/129 170/516/129
f 172/517/130 176/518/130 175/519/130 171/520/130
f 171/521/131 175/522/131 173/523/131 169/524/131
f 170/525/132 174/526/132 176/527/132 172/528/132
f 173/529/133 177/530/133 178/531/133 174/532/133
f 176/533/134 180/534/134 179/535/134 175/536/134
f 175/537/135 179/538/135 177/539/135 173/540/135
f 174/541/136 178/542/136 180/543/136 176/544/136
f 177/545/137 181/546/137 182/547/137 178/548/137
f 180/549/138 184/550/138 183/551/138 179/552/138
f 179/553/139 183/554/139 181/555/139 177/556/139
f 178/557/140 182/558/140 184/559/140 180/560/140
f 181/561/141 185/562/141 186/563/141 182/564/141
f 184/565/142 188/566/142 187/567/142 183/568/142
f 183/569/143 187/570/143 185/571/143 181/572/143
f 182/573/144 186/574/144 188/575/144 184/576/144
f 185/577/145 189/578/145 190/579/145 186/580/145
f 188/581/146 192/582/146 191/583/146 187/584/146
f 187/585/147 191/586/147 189/587/147 185/588/147
f 186/589/148 190/590/148 192/591/148 188/592/148
f 189/593/149 161/594/149 162/595/149 190/596/149
f 192/597/150 164/598/150 163/599/150 191/600/150
f 191/601/151 163/602/151 161/603/151 189/604/151
f 190/605/152 162/606/152 164/607/152 192/608/152
f 196/609/153 194/610/153 193/611/153 195/612/153
f 199/613/154 197/614/154 198/615/154 200/616/154
f 193/617/155 194/618/155 198/619/155 197/620/155
f 196/621/156 195/622/156 199/623/156 200/624/156
f 195/625/157 193/626/157 197/627/157 199/628/157
f 200/629/158 198/630/158 194/631/158 196/632/158
f 204/633/159 202/634/159 201/635/159 203/636/159
f 207/637/160 205/638/160 206/639/160 208/640/160
f 201/641/161 202/642/161 206/643/161 205/644/161
f 204/645/162 203/646/162 207/647/162 208/648/162
f 203/649/163 201/650/163 205/651/163 207/652/163
f 208/653/164 206/654/164 202/655/164 204/656/164
f 212/657/165 210/658/165 209/659/165 211/660/165
f 215/661/166 213/662/166 214/663/166 216/664/166
f 209/665/167 210/666/167 214/667/167 213/668/167
f 212/669/168 211/670/168 215/671/168 216/672/168
f 211/673/169 209/674/169 213/675/169 215/676/169
f 216/677/170 214/678/170 210/679/170 212/680/170
f 220/681/171 218/682/171 217/683/171 219/684/171
f 223/685/172 221/686/172 222/687/172 224/688/172
f 217/689/173 218/690/173 222/691/173 221/692/173
f 220/693/174 219/694/174 223/695/174 224/696/174
f 219/697/175 217/698/175 221/699/175 223/700/175
f 224/701/176 222/702/176 218/703/176 220/704/176
f 228/705/177 226/706/177 225/707/177 227/708/177
f 231/709/178 229/710/178 230/711/178 232/712/178
f 225/713/179 226/714/179 230/715/179 229/716/179
f 228/717/180 227/718/180 231/719/180 232/720/180
f 227/721/181 225/722/181 229/723/181 231/724/181
f 232/725/182 230/726/182 226/727/182 228/728/182
f 236/729/183 234/730/183 233/731/183 235/732/183
f 239/733/184 237/734/184 238/735/184 240/736/184
f 233/737/185 234/738/185 238/739/185 237/740/185
f 236/741/186 235/742/186 239/743/186 240/744/186
f 235/745/187 233/746/187 237/747/187 239/748/187
f 240/749/188 238/750/188 234/751/188 236/752/188
f 244/753/189 242/754/189 241/755/189 243/756/189
f 247/757/190 245/758/190 246/759/190 248/760/190
f 241/761/191 242/762/191 246/763/191 245/764/191
f 244/765/192 243/766/192 247/767/192 248/768/192
f 243/769/193 241/770/193 245/771/193 247/772/193
f 248/773/194 246/774/194 242/775/194 244/776/194
f 252/777/195 250/778/195 249/779/195 251/780/195
f 255/781/196 253/782/196 254/783/196 256/784/196
f 249/785/197 250/786/197 254/787/197 253/788/197
f 252/789/198 251/790/198 255/791/198 256/792/198
f 251/793/199 249/794/199 253/795/199 255/796/199
f 256/797/200 254/798/200 250/799/200 252/800/200
f 260/801/201 258/802/201 257/803/201 259/804/201
f 263/805/202 261/806/202 262/807/202 264/808/202
f 257/809/203 258/810/203 262/811/203 261/812/203
f 260/813/204 259/814/204 263/815/204 264/816/204
f 259/817/205 257/818/205 261/819/205 263/820/205
f 264/821/206 262/822/206 258/823/206 260/824/206
f 268/825/207 266/826/207 265/827/207 267/828/207
f 271/829/208 269/830/208 270/831/208 272/832/208
f 265/833/209 266/834/209 270/835/209 269/836/209
f 268/837/210 267/838/210 271/839/210 272/840/210
f 267/841/211 265/842/211 269/843/211 271/844/211
f 272/845/212 270/846/212 266/847/212 268/848/212
f 276/849/213 274/850/213 273/851/213 275/852/213
f 279/853/214 277/854/214 278/855/214 280/856/214
f 273/857/215 274/858/215 278/859/215 277/860/215
f 276/861/216 275/862/216 279/863/216 280/864/216
f 275/865/217 273/866/217 277/867/217 279/868/217
f 280/869/218 278/870/218 274/871/218 276/872/218
f 284/873/219 282/874/219 281/875/219 283/876/219
f 287/877/220 285/878/220 286/879/220 288/880/220
f 281/881/221 282/882/221 286/883/221 285/884/221
f 284/885/222 283/886/222 287/887/222 288/888/222
f 283/889/223 281/890/223 285/891/223 287/892/223
f 288/893/224 286/894/224 282/895/224 284/896/224
f 292/897/225 290/898/225 289/899/225 291/900/225
f 295/901/226 293/902/226 294/903/226 296/904/226
f 289/905/227 290/906/227 294/907/227 293/908/227
f 292/909/228 291/910/228 295/911/228 296/912/228
f 291/913/229 289/914/229 293/915/229 295/916/229
f 296/917/230 294/918/230 290/919/230 292/920/230
f 300/921/231 298/922/231 297/923/231 299/924/231
f 303/925/232 301/926/232 302/927/232 304/928/232
f 297/929/233 298/930/233 302/931/233 301/932/233
f 300/933/234 299/934/234 303/935/234 304/936/234
f 299/937/235 297/938/235 301/939/235 303/940/235
f 304/941/236 302/942/236 298/943/236 300/944/236
f 308/945/237 306/946/237 305/947/237 307/948/237
f 311/949/238 309/950/238 310/951/238 312/952/238
f 305/953/239 306/954/239 310/955/239 309/956/239
f 308/957/240 307/958/240 311/959/240 312/960/240
f 307/961/241 305/962/241 309/963/241 311/964/241
f 312/965/242 310/966/242 306/967/242 308/968/242
f 316/969/243 314/970/243 313/971/243 315/972/243
f 319/973/244 317/974/244 318/975/244 320/976/244
f 313/977/245 314/978/245 318/979/245 317/980/245
f 316/981/246 315/982/246 319/983/246 320/984/246
f 315/985/247 313/986/247 317/987/247 319/988/247
f 320/989/248 318/990/248 314/991/248 316/992/248
f 324/993/249 322/994/249 321/995/249 323/996/249
f 327/997/250 325/998/250 326/999/250 328/1000/250
f 321/1001/251 322/1002/251 326/1003/251 325/1004/251
f 324/1005/252 323/1006/252 327/1007/252 328/1008/252
f 323/1009/253 321/1010/253 325/1011/253 327/1012/253
f 328/1013/254 326/1014/254 322/1015/254 324/1016/254
f 332/1017/255 330/1018/255 329/1019/255 331/1020/255
f 335/1021/256 333/1022/256 334/1023/256 336/1024/256
f 329/1025/257 330/1026/257 334/1027/257 333/1028/257
f 332/1029/258 331/1030/258 335/1031/258 336/1032/258
f 331/1033/259 329/1034/259 333/1035/259 335/1036/259
f 336/1037/260 334/1038/260 330/1039/260 332/1040/260
f 340/1041/261 338/1042/261 337/1043/261 339/1044/261
f 343/1045/262 341/1046/262 342/1047/262 344/1048/262
f 337/1049/263 338/1050/263 342/1051/263 341/1052/263
f 340/1053/264 339/1054/264 343/1055/264 344/1056/264
f 339/1057/265 337/1058/265 341/1059/265 343/1060/265
f 344/1061/266 342/1062/266 338/1063/266 340/1064/266
f 348/1065/267 346/1066/267 345/1067/267 347/1068/267
f 351/1069/268 349/1070/268 350/1071/268 352/1072/268
f 345/1073/269 346/1074/269 350/1075/269 349/1076/269
f 348/1077/270 347/1078/270 351/1079/270 352/1080/270
f 347/1081/271 345/1082/271 349/1083/271 351/1084/271
f 352/1085/272 350/1086/272 346/1087/272 348/1088/272
f 356/1089/273 354/1090/273 353/1091/273 355/1092/273
f 359/1093/274 357/1094/274 358/1095/274 360/1096/274
f 353/1097/275 354/1098/275 358/1099/275 357/1100/275
f 356/1101/276 355/1102/276 359/1103/276 360/1104/276
f 355/1105/277 353/1106/277 357/1107/277 359/1108/277
f 360/1109/278 358/1110/278 354/1111/278 356/1112/278
f 364/1113/279 362/1114/279 361/1115/279 363/1116/279
f 367/1117/280 365/1118/280 366/1119/280 368/1120/280
f 361/1121/281 362/1122/281 366/1123/281 365/1124/281
f 364/1125/282 363/1126/282 367/1127/282 368/1128/282
f 363/1129/283 361/1130/283 365/1131/283 367/1132/283
f 368/1133/284 366/1134/284 362/1135/284 364/1136/284
f 372/1137/285 370/1138/285 369/1139/285 371/1140/285
f 375/1141/286 373/1142/286 374/1143/286 376/1144/286
f 369/1145/287 370/1146/287 374/1147/287 373/1148/287
f 372/1149/288 371/1150/288 375/1151/288 376/1152/288
f 371/1153/289 369/1154/289 373/1155/289 375/1156/289
f 376/1157/290 374/1158/290 370/1159/290 372/1160/290
f 380/1161/291 378/1162/291 377/1163/291 379/1164/291
f 383/1165/292 381/1166/292 382/1167/292 384/1168/292
f 377/1169/293 378/1170/293 382/1171/293 381/1172/293
f 380/1173/294 379/1174/294 383/1175/294 384/1176/294
f 379/1177/295 377/1178/295 381/1179/295 383/1180/295
f 384/1181/296 382/1182/296 378/1183/296 380/1184/296
f 388/1185/297 386/1186/297 385/1187/297 387/1188/297
f 391/1189/298 389/1190/298 390/1191/298 392/1192/298
f 385/1193/299 386/1194/299 390/1195/299 389/1196/299
f 388/1197/300 387/1198/300 391/1199/300 392/1200/300
f 387/1201/301 385/1202/301 389/1203/301 391/1204/301
f 392/1205/302 390/1206/302 386/1207/302 388/1208/302
f 396/1209/303 394/1210/303 393/1211/303 395/1212/303
f 399/1213/304 397/1214/304 398/1215/304 400/1216/304
f 393/1217/305 394/1218/305 398/1219/305 397/1220/305
f 396/1221/306 395/1222/306 399/1223/306 400/1224/306
f 395/1225/307 393/1226/307 397/1227/307 399/1228/307
f 400/1229/308 398/1230/308 394/1231/308 396/1232/308
f 404/1233/309 402/1234/309 401/1235/309 403/1236/309
f 407/1237/310 405/1238/310 406/1239/310 408/1240/310
f 401/1241/311 402/1242/311 406/1243/311 405/1244/311
f 404/1245/312 403/1246/312 407/1247/312 408/1248/312
f 403/1249/313 401/1250/313 405/1251/313 407/1252/313
f 408/1253/314 406/1254/314 402/1255/314 404/1256/314
f 412/1257/315 410/1258/315 409/1259/315 411/1260/315
f 415/1261/316 413/1262/316 414/1263/316 416/1264/316
f 409/1265/317 410/1266/317 414/1267/317 413/1268/317
f 412/1269/318 411/1270/318 415/1271/318 416/1272/318
f 411/1273/319 409/1274/319 413/1275/319 415/1276/319
f 416/1277/320 414/1278/320 410/1279/320 412/1280/320
f 420/1281/321 418/1282/321 417/1283/321 419/1284/321
f 423/1285/322 421/1286/322 422/1287/322 424/1288/322
f 417/1289/323 418/1290/323 422/1291/323 421/1292/323
f 420/1293/324 419/1294/324 423/1295/324 424/1296/324
f 419/1297/325 417/1298/325 421/1299/325 423/1300/325
f 424/1301/326 422/1302/326 418/1303/326 420/1304/326
f 425/1305/327 429/1306/327 430/1307/327 426/1308/327
f 428/1309/328 432/1310/328 431/1311/328 427/1312/328
f 427/1313/329 431/1314/329 429/1315/329 425/1316/329
f 426/1317/330 430/1318/330 432/1319/330 428/1320/330
f 429/1321/331 433/1322/331 434/1323/331 430/1324/331
f 432/1325/332 436/1326/332 435/1327/332 431/1328/332
f 431/1329/333 435/1330/333 433/1331/333 429/1332/333
f 430/1333/334 434/1334/334 436/1335/334 432/1336/334
f 433/1337/335 437/1338/335 438/1339/335 434/1340/335
f 436/1341/336 440/1342/336 439/1343/336 435/1344/336
f 435/1345/337 439/1346/337 437/1347/337 433/1348/337
f 434/1349/338 438/1350/338 440/1351/338 436/1352/338
f 437/1353/339 441/1354/339 442/1355/339 438/1356/339
f 440/1357/340 444/1358/340 443/1359/340 439/1360/340
f 439/1361/341 443/1362/341 441/1363/341 437/1364/341
f 438/1365/342 442/1366/342 444/1367/342 440/1368/342
f 441/1369/343 445/1370/343 446/1371/343 442/1372/343
f 444/1373/344 448/1374/344 447/1375/344 443/1376/344
f 443/1377/345 447/1378/345 445/1379/345 441/1380/345
f 442/1381/346 446/1382/346 448/1383/346 444/1384/346
f 445/1385/347 449/1386/347 450/1387/347 446/1388/347
f 448/1389/348 452/1390/348 451/1391/348 447/1392/348
f 447/1393/349 451/1394/349 449/1395/349 445/1396/349
f 446/1397/350 450/1398/350 452/1399/350 448/1400/350
f 449/1401/351 453/1402/351 454/1403/351 450/1404/351
f 452/1405/352 456/1406/352 455/1407/352 451/1408/352
f 451/1409/353 455/1410/353 453/1411/353 449/1412/353
f 450/1413/354 454/1414/354 456/1415/354 452/1416/354
f 453/1417/355 425/1418/355 426/1419/355 454/1420/355
f 456/1421/356 428/1422/356 427/1423/356 455/1424/356
f 455/1425/357 427/1426/357 425/1427/357 453/1428/357
f 454/1429/358 426/1430/358 428/1431/358 456/1432/358
f 460/1433/359 458/1434/359 457/1435/359 459/1436/359
f 463/1437/360 461/1438/360 462/1439/360 464/1440/360
f 457/1441/361 458/1442/361 462/1443/361 461/1444/361
f 460/1445/362 459/1446/362 463/1447/362 464/1448/362
f 459/1449/363 457/1450/363 461/1451/363 463/1452/363
f 464/1453/364 462/1454/364 458/1455/364 460/1456/364
f 468/1457/365 466/1458/365 465/1459/365 467/1460/365
f 471/1461/366 469/1462/366 470/1463/366 472/1464/366
f 465/1465/367 466/1466/367 470/1467/367 469/1468/367
f 468/1469/368 467/1470/368 471/1471/368 472/1472/368
f 467/1473/369 465/1474/369 469/1475/369 471/1476/369
f 472/1477/370 470/1478/370 466/1479/370 468/1480/370
f 476/1481/371 474/1482/371 473/1483/371 475/1484/371
f 479/1485/372 477/1486/372 478/1487/372 480/1488/372
f 473/1489/373 474/1490/373 478/1491/373 477/1492/373
f 476/1493/374 475/1494/374 479/1495/374 480/1496/374
f 475/1497/375 473/1498/375 477/1499/375 479/1500/375
f 480/1501/376 478/1502/376 474/1503/376 476/1504/376
f 484/1505/377 482/1506/377 481/1507/377 483/1508/377
f 487/1509/378 485/1510/378 486/1511/378 488/1512/378
f 481/1513/379 482/1514/379 486/1515/379 485/1516/379
f 484/1517/380 483/1518/380 487/1519/380 488/1520/380
f 483/1521/381 481/1522/381 485/1523/381 487/1524/381
f 488/1525/382 486/1526/382 482/1527/382 484/1528/382
f 492/1529/383 490/1530/383 489/1531/383 491/1532/383
f 495/1533/384 493/1534/384 494/1535/384 496/1536/384
f 489/1537/385 490/1538/385 494/1539/385 493/1540/385
f 492/1541/386 491/1542/386 495/1543/386 496/1544/386
f 491/1545/387 489/1546/387 493/1547/387 495/1548/387
f 496/1549/388 494/1550/388 490/1551/388 492/1552/388
f 500/1553/389 498/1554/389 497/1555/389 499/1556/389
f 503/1557/390 501/1558/390 502/1559/390 504/1560/390
f 497/1561/391 498/1562/391 502/1563/391 501/1564/391
f 500/1565/392 499/1566/392 503/1567/392 504/1568/392
f 499/1569/393 497/1570/393 501/1571/393 503/1572/393
f 504/1573/394 502/1574/394 498/1575/394 500/1576/394
f 508/1577/395 506/1578/395 505/1579/395 507/1580/395
f 511/1581/396 509/1582/396 510/1583/396 512/1584/396
f 505/1585/397 506/1586/397 510/1587/397 509/1588/397
f 508/1589/398 507/1590/398 511/1591/398 512/1592/398
f 507/1593/399 505/1594/399 509/1595/399 511/1596/399
f 512/1597/400 510/1598/400 506/1599/400 508/1600/400
f 516/1601/401 514/1602/401 513/1603/401 515/1604/401
f 519/1605/402 517/1606/402 518/1607/402 520/1608/402
f 513/1609/403 514/1610/403 518/1611/403 517/1612/403
f 516/1613/404 515/1614/404 519/1615/404 520/1616/404
f 515/1617/405 513/1618/405 517/1619/405 519/1620/405
f 520/1621/406 518/1622/406 514/1623/406 516/1624/406
f 524/1625/407 522/1626/407 521/1627/407 523/1628/407
f 527/1629/408 525/1630/408 526/1631/408 528/1632/408
f 521/1633/409 522/1634/409 526/1635/409 525/1636/409
f 524/1637/410 523/1638/410 527/1639/410 528/1640/410
f 523/1641/411 521/1642/411 525/1643/411 527/1644/411
f 528/1645/412 526/1646/412 522/1647/412 524/1648/412
f 532/1649/413 530/1650/413 529/1651/413 531/1652/413
f 535/1653/414 533/1654/414 534/1655/414 536/1656/414
f 529/1657/415 530/1658/415 534/1659/415 533/1660/415
f 532/1661/416 531/1662/416 535/1663/416 536/1664/416
f 531/1665/417 529/1666/417 533/1667/417 535/1668/417
f 536/1669/418 534/1670/418 530/1671/418 532/1672/418
f 540/1673/419 538/1674/419 537/1675/419 539/1676/419
f 543/1677/420 541/1678/420 542/1679/420 544/1680/420
f 537/1681/421 538/1682/421 542/1683/421 541/1684/421
f 540/1685/422 539/1686/422 543/1687/422 544/1688/422
f 539/1689/423 537/1690/423 541/1691/423 543/1692/423
f 544/1693/424 542/1694/424 538/1695/424 540/1696/424
f 548/1697/425 546/1698/425 545/1699/425 547/1700/425
f 551/1701/426 549/1702/426 550/1703/426 552/1704/426
f 545/1705/427 546/1706/427 550/1707/427 549/1708/427
f 548/1709/428 547/1710/428 551/1711/428 552/1712/428
f 547/1713/429 545/1714/429 549/1715/429 551/1716/429
f 552/1717/430 550/1718/430 546/1719/430 548/1720/430
f 556/1721/431 554/1722/431 553/1723/431 555/1724/431
f 559/1725/432 557/1726/432 558/1727/432 560/1728/432
f 553/1729/433 554/1730/433 558/1731/433 557/1732/433
f 556/1733/434 555/1734/434 559/1735/434 560/1736/434
f 555/1737/435 553/1738/435 557/1739/435 559/1740/435
f 560/1741/436 558/1742/436 554/1743/436 556/1744/436
f 564/1745/437 562/1746/437 561/1747/437 563/1748/437
f 567/1749/438 565/1750/438 566/1751/438 568/1752/438
f 561/1753/439 562/1754/439 566/1755/439 565/1756/439
f 564/1757/440 563/1758/440 567/1759/440 568/1760/440
f 563/1761/441 561/1762/441 565/1763/441 567/1764/441
f 568/1765/442 566/1766/442 562/1767/442 564/1768/442
f 572/1769/443 570/1770/443 569/1771/443 571/1772/443
f 575/1773/444 573/1774/444 574/1775/444 576/1776/444
f 569/1777/445 570/1778/445 574/1779/445 573/1780/445
f 572/1781/446 571/1782/446 575/1783/446 576/1784/446
f 571/1785/447 569/1786/447 573/1787/447 575/1788/447
f 576/1789/448 574/1790/448 570/1791/448 572/1792/448
f 580/1793/449 578/1794/449 577/1795/449 579/1796/449
f 583/1797/450 581/1798/450 582/1799/450 584/1800/450
f 577/1801/451 578/1802/451 582/1803/451 581/1804/451
f 580/1805/452 579/1806/452 583/1807/452 584/1808/452
f 579/1809/453 577/1810/453 581/1811/453 583/1812/453
f 584/1813/454 582/1814/454 578/1815/454 580/1816/454
f 585/1817/455 589/1818/455 590/1819/455 586/1820/455
f 588/1821/456 592/1822/456 591/1823/456 587/1824/456
f 587/1825/457 591/1826/457 589/1827/457 585/1828/457
f 586/1829/458 590/1830/458 592/1831/458 588/1832/458
f 589/1833/459 593/1834/459 594/1835/459 590/1836/459
f 592/1837/460 596/1838/460 595/1839/460 591/1840/460
f 591/1841/461 595/1842/461 593/1843/461 589/1844/461
f 590/1845/462 594/1846/462 596/1847/462 592/1848/462
f 593/1849/463 597/1850/463 598/1851/463 594/1852/463
f 596/1853/464 600/1854/464 599/1855/464 595/1856/464
f 595/1857/465 599/1858/465 597/1859/465 593/1860/465
f 594/1861/466 598/1862/466 600/1863/466 596/1864/466
f 597/1865/467 601/1866/467 602/1867/467 598/1868/467
f 600/1869/468 604/1870/468 603/1871/468 599/1872/468
f 599/1873/469 603/1874/469 601/1875/469 597/1876/469
f 598/1877/470 602/1878/470 604/1879/470 600/1880/470
f 601/1881/471 605/1882/471 606/1883/471 602/1884/471
f 604/1885/472 608/1886/472 607/1887/472 603/1888/472
f 603/1889/473 607/1890/473 605/1891/473 601/1892/473
f 602/1893/474 606/1894/474 608/1895/474 604/1896/474
f 605/1897/475 609/1898/475 610/1899/475 606/1900/475
f 608/1901/476 612/1902/476 611/1903/476 607/1904/476
f 607/1905/477 611/1906/477 609/1907/477 605/1908/477
f 606/1909/478 610/1910/478 612/1911/478 608/1912/478
f 609/1913/479 613/1914/479 614/1915/479 610/1916/479
f 612/1917/480 616/1918/480 615/1919/480 611/1920/480
f 611/1921/481 615/1922/481 613/1923/481 609/1924/481
f 610/1925/482 614/1926/482 616/1927/482 612/1928/482
f 613/1929/483 585/1930/483 586/1931/483 614/1932/483
f 616/1933/484 588/1934/484 587/1935/484 615/1936/484
f 615/1937/485 587/1938/485 585/1939/485 613/1940/485
f 614/1941/486 586/1942/486 588/1943/486 616/1944/486
f 620/1945/487 618/1946/487 617/1947/487 619/1948/487
f 623/1949/488 621/1950/488 622/1951/488 624/1952/488
f 617/1953/489 618/1954/489 622/1955/489 621/1956/489
f 620/1957/490 619/1958/490 623/1959/490 624/1960/490
f 619/1961/491 617/1962/491 621/1963/491 623/1964/491
f 624/1965/492 622/1966/492 618/1967/492 620/1968/492
f 628/1969/493 626/1970/493 625/1971/493 627/1972/493
f 631/1973/494 629/1974/494 630/1975/494 632/1976/494
f 625/1977/495 626/1978/495 630/1979/495 629/1980/495
f 628/1981/496 627/1982/496 631/1983/496 632/1984/496
f 627/1985/497 625/1986/497 629/1987/497 631/1988/497
f 632/1989/498 630/1990/498 626/1991/498 628/1992/498
f 636/1993/499 634/1994/499 633/1995/499 635/1996/499
f 639/1997/500 637/1998/500 638/1999/500 640/2000/500
f 633/2001/501 634/2002/501 638/2003/501 637/2004/501
f 636/2005/502 635/2006/502 639/2007/502 640/2008/502
f 635/2009/503 633/2010/503 637/2011/503 639/2012/503
f 640/2013/504 638/2014/504 634/2015/504 636/2016/504
f 644/2017/505 642/2018/505 641/2019/505 643/2020/505
f 647/2021/506 645/2022/506 646/2023/506 648/2024/506
f 641/2025/507 642/2026/507 646/2027/507 645/2028/507
f 644/2029/508 643/2030/508 647/2031/508 648/2032/508
f 643/2033/509 641/2034/509 645/2035/509 647/2036/509
f 648/2037/510 646/2038/510 642/2039/510 644/2040/510
f 652/2041/511 650/2042/511 649/2043/511 651/2044/511
f 655/2045/512 653/2046/512 654/2047/512 656/2048/512
f 649/2049/513 650/2050/513 654/2051/513 653/2052/513
f 652/2053/514 651/2054/514 655/2055/514 656/2056/514
f 651/2057/515 649/2058/515 653/2059/515 655/2060/515
f 656/2061/516 654/2062/516 650/2063/516 652/2064/516
f 660/2065/517 658/2066/517 657/2067/517 659/2068/517
f 663/2069/518 661/2070/518 662/2071/518 664/2072/518
f 657/2073/519 658/2074/519 662/2075/519 661/2076/519
f 660/2077/520 659/2078/520 663/2079/520 664/2080/520
f 659/2081/521 657/2082/521 661/2083/521 663/2084/521
f 664/2085/522 662/2086/522 658/2087/522 660/2088/522
f 668/2089/523 666/2090/523 665/2091/523 667/2092/523
f 671/2093/524 669/2094/524 670/2095/524 672/2096/524
f 665/2097/525 666/2098/525 670/2099/525 669/2100/525
f 668/2101/526 667/2102/526 671/2103/526 672/2104/526
f 667/2105/527 665/2106/527 669/2107/527 671/2108/527
f 672/2109/528 670/2110/528 666/2111/528 668/2112/528
f 676/2113/529 674/2114/529 673/2115/529 675/2116/529
f 679/2117/530 677/2118/530 678/2119/530 680/2120/530
f 673/2121/531 674/2122/531 678/2123/531 677/2124/531
f 676/2125/532 675/2126/532 679/2127/532 680/2128/532
f 675/2129/533 673/2130/533 677/2131/533 679/2132/533
f 680/2133/534 678/2134/534 674/2135/534 676/2136/534
f 684/2137/535 682/2138/535 681/2139/535 683/2140/535
f 687/2141/536 685/2142/536 686/2143/536 688/2144/536
f 681/2145/537 682/2146/537 686/2147/537 685/2148/537
f 684/2149/538 683/2150/538 687/2151/538 688/2152/538
f 683/2153/539 681/2154/539 685/2155/539 687/2156/539
f 688/2157/540 686/2158/540 682/2159/540 684/2160/540
f 692/2161/541 690/2162/541 689/2163/541 691/2164/541
f 695/2165/542 693/2166/542 694/2167/542 696/2168/542
f 689/2169/543 690/2170/543 694/2171/543 693/2172/543
f 692/2173/544 691/2174/544 695/2175/544 696/2176/544
f 691/2177/545 689/2178/545 693/2179/545 695/2180/545
f 696/2181/546 694/2182/546 690/2183/546 692/2184/546
f 700/2185/547 698/2186/547 697/2187/547 699/2188/547
f 703/2189/548 701/2190/548 702/2191/548 704/2192/548
f 697/2193/549 698/2194/549 702/2195/549 701/2196/549
f 700/2197/550 699/2198/550 703/2199/550 704/2200/550
f 699/2201/551 697/2202/551 701/2203/551 703/2204/551
f 704/2205/552 702/2206/552 698/2207/552 700/2208/552
f 708/2209/553 706/2210/553 705/2211/553 707/2212/553
f 711/2213/554 709/2214/554 710/2215/554 712/2216/554
f 705/2217/555 706/2218/555 710/2219/555 709/2220/555
f 708/2221/556 707/2222/556 711/2223/556 712/2224/556
f 707/2225/557 705/2226/557 709/2227/557 711/2228/557
f 712/2229/558 710/2230/558 706/2231/558 708/2232/558
f 716/2233/559 714/2234/559 713/2235/559 715/2236/559
f 719/2237/560 717/2238/560 718/2239/560 720/2240/560
f 713/2241/561 714/2242/561 718/2243/561 717/2244/561
f 716/2245/562 715/2246/562 719/2247/562 720/2248/562
f 715/2249/563 713/2250/563 717/2251/563 719/2252/563
f 720/2253/564 718/2254/564 714/2255/564 716/2256/564
f 724/2257/565 722/2258/565 721/2259/565 723/2260/565
f 727/2261/566 725/2262/566 726/2263/566 728/2264/566
f 721/2265/567 722/2266/567 726/2267/567 725/2268/567
f 724/2269/568 723/2270/568 727/2271/568 728/2272/568
f 723/2273/569 721/2274/569 725/2275/569 727/2276/569
f 728/2277/570 726/2278/570 722/2279/570 724/2280/570
f 733/2281/571 731/2282/571 729/2283/571
f 731/2284/572 733/2285/572 734/2286/572 732/2287/572
f 732/2288/573 734/2289/573 730/2290/573
f 735/2291/574 733/2292/574 729/2293/574
f 733/2294/575 735/2295/575 736/2296/575 734/2297/575
f 734/2298/576 736/2299/576 730/2300/576
f 737/2301/577 735/2302/577 729/2303/577
f 735/2304/578 737/2305/578 738/2306/578 736/2307/578
f 736/2308/579 738/2309/579 730/2310/579
f 739/2311/580 737/2312/580 729/2313/580
f 737/2314/581 739/2315/581 740/2316/581 738/2317/581
f 738/2318/582 740/2319/582 730/2320/582
f 741/2321/583 739/2322/583 729/2323/583
f 739/2324/584 741/2325/584 742/2326/584 740/2327/584
f 740/2328/585 742/2329/585 730/2330/585
f 743/2331/586 741/2332/586 729/2333/586
f 741/2334/587 743/2335/587 744/2336/587 742/2337/587
f 742/2338/588 744/2339/588 730/2340/588
f 745/2341/589 743/2342/589 729/2343/589
f 743/2344/590 745/2345/590 746/2346/590 744/2347/590
f 744/2348/591 746/2349/591 730/2350/591
f 731/2351/592 745/2352/592 729/2353/592
f 745/2354/593 731/2355/593 732/2356/593 746/2357/593
f 746/2358/594 732/2359/594 730/2360/594
f 750/2361/595 748/2362/595 747/2363/595 749/2364/595
f 753/2365/596 751/2366/596 752/2367/596 754/2368/596
f 747/2369/597 748/2370/597 752/2371/597 751/2372/597
f 750/2373/598 749/2374/598 753/2375/598 754/2376/598
f 749/2377/599 747/2378/599 751/2379/599 753/2380/599
f 754/2381/600 752/2382/600 748/2383/600 750/2384/600
f 758/2385/601 756/2386/601 755/2387/601 757/2388/601
f 761/2389/602 759/2390/602 760/2391/602 762/2392/602
f 755/2393/603 756/2394/603 760/2395/603 759/2396/603
f 758/2397/604 757/2398/604 761/2399/604 762/2400/604
f 757/2401/605 755/2402/605 759/2403/605 761/2404/605
f 762/2405/606 760/2406/606 756/2407/606 758/2408/606
f 766/2409/607 764/2410/607 763/2411/607 765/2412/607
f 769/2413/608 767/2414/608 768/2415/608 770/2416/608
f 763/2417/609 764/2418/609 768/2419/609 767/2420/609
f 766/2421/610 765/2422/610 769/2423/610 770/2424/610
f 765/2425/611 763/2426/611 767/2427/611 769/2428/611
f 770/2429/612 768/2430/612 764/2431/612 766/2432/612
f 774/2433/613 772/2434/613 771/2435/613 773/2436/613
f 777/2437/614 775/2438/614 776/2439/614 778/2440/614
f 771/2441/615 772/2442/615 776/2443/615 775/2444/615
f 774/2445/616 773/2446/616 777/2447/616 778/2448/616
f 773/2449/617 771/2450/617 775/2451/617 777/2452/617
f 778/2453/618 776/2454/618 772/2455/618 774/2456/618
f 782/2457/619 780/2458/619 779/2459/619 781/2460/619
f 785/2461/620 783/2462/620 784/2463/620 786/2464/620
f 779/2465/621 780/2466/621 784/2467/621 783/2468/621
f 782/2469/622 781/2470/622 785/2471/622 786/2472/622
f 781/2473/623 779/2474/623 783/2475/623 785/2476/623
f 786/2477/624 784/2478/624 780/2479/624 782/2480/624
f 791/2481/625 789/2482/625 787/2483/625
f 789/2484/626 791/2485/626 792/2486/626 790/2487/626
f 790/2488/627 792/2489/627 788/2490/627
f 793/2491/628 791/2492/628 787/2493/628
f 791/2494/629 793/2495/629 794/2496/629 792/2497/629
f 792/2498/630 794/2499/630 788/2500/630
f 795/2501/631 793/2502/631 787/2503/631
f 793/2504/632 795/2505/632 796/2506/632 794/2507/632
f 794/2508/633 796/2509/633 788/2510/633
f 797/2511/634 795/2512/634 787/2513/634
f 795/2514/635 797/2515/635 798/2516/635 796/2517/635
f 796/2518/636 798/2519/636 788/2520/636
f 799/2521/637 797/2522/637 787/2523/637
f 797/2524/638 799/2525/638 800/2526/638 798/2527/638
f 798/2528/639 800/2529/639 788/2530/639
f 801/2531/640 799/2532/640 787/2533/640
f 799/2534/641 801/2535/641 802/2536/641 800/2537/641
f 800/2538/642 802/2539/642 788/2540/642
f 803/2541/643 801/2542/643 787/2543/643
f 801/2544/644 803/2545/644 804/2546/644 802/2547/644
f 802/2548/645 804/2549/645 788/2550/645
f 789/2551/646 803/2552/646 787/2553/646
f 803/2554/647 789/2555/647 790/2556/647 804/2557/647
f 804/2558/648 790/2559/648 788/2560/648
f 808/2561/649 806/2562/649 805/2563/649 807/2564/649
f 811/2565/650 809/2566/650 810/2567/650 812/2568/650
f 805/2569/651 806/2570/651 810/2571/651 809/2572/651
f 808/2573/652 807/2574/652 811/2575/652 812/2576/652
f 807/2577/653 805/2578/653 809/2579/653 811/2580/653
f 812/2581/654 810/2582/654 806/2583/654 808/2584/654
f 816/2585/655 814/2586/655 813/2587/655 815/2588/655
f 819/2589/656 817/2590/656 818/2591/656 820/2592/656
f 813/2593/657 814/2594/657 818/2595/657 817/2596/657
f 816/2597/658 815/2598/658 819/2599/658 820/2600/658
f 815/2601/659 813/2602/659 817/2603/659 819/2604/659
f 820/2605/660 818/2606/660 814/2607/660 816/2608/660
f 824/2609/661 822/2610/661 821/2611/661 823/2612/661
f 827/2613/662 825/2614/662 826/2615/662 828/2616/662
f 821/2617/663 822/2618/663 826/2619/663 825/2620/663
f 824/2621/664 823/2622/664 827/2623/664 828/2624/664
f 823/2625/665 821/2626/665 825/2627/665 827/2628/665
f 828/2629/666 826/2630/666 822/2631/666 824/2632/666
f 832/2633/667 830/2634/667 829/2635/667 831/2636/667
f 835/2637/668 833/2638/668 834/2639/668 836/2640/668
f 829/2641/669 830/2642/669 834/2643/669 833/2644/669
f 832/2645/670 831/2646/670 835/2647/670 836/2648/670
f 831/2649/671 829/2650/671 833/2651/671 835/2652/671
f 836/2653/672 834/2654/672 830/2655/672 832/2656/672
f 840/2657/673 838/2658/673 837/2659/673 839/2660/673
f 843/2661/674 841/2662/674 842/2663/674 844/2664/674
f 837/2665/675 838/2666/675 842/2667/675 841/2668/675
f 840/2669/676 839/2670/676 843/2671/676 844/2672/676
f 839/2673/677 837/2674/677 841/2675/677 843/2676/677
f 844/2677/678 842/2678/678 838/2679/678 840/2680/678
f 849/2681/679 847/2682/679 845/2683/679
f 847/2684/680 849/2685/680 850/2686/680 848/2687/680
f 848/2688/681 850/2689/681 846/2690/681
f 851/2691/682 849/2692/682 845/2693/682
f 849/2694/683 851/2695/683 852/2696/683 850/2697/683
f 850/2698/684 852/2699/684 846/2700/684
f 853/2701/685 851/2702/685 845/2703/685
f 851/2704/686 853/2705/686 854/2706/686 852/2707/686
f 852/2708/687 854/2709/687 846/2710/687
f 855/2711/688 853/2712/688 845/2713/688
f 853/2714/689 855/2715/689 856/2716/689 854/2717/689
f 854/2718/690 856/2719/690 846/2720/690
f 857/2721/691 855/2722/691 845/2723/691
f 855/2724/692 857/2725/692 858/2726/692 856/2727/692
f 856/2728/693 858/2729/693 846/2730/693
f 859/2731/694 857/2732/694 845/2733/694
f 857/2734/695 859/2735/695 860/2736/695 858/2737/695
f 858/2738/696 860/2739/696 846/2740/696
f 861/2741/697 859/2742/697 845/2743/697
f 859/2744/698 861/2745/698 862/2746/698 860/2747/698
f 860/2748/699 862/2749/699 846/2750/699
f 847/2751/700 861/2752/700 845/2753/700
f 861/2754/701 847/2755/701 848/2756/701 862/2757/701
f 862/2758/702 848/2759/702 846/2760/702
f 866/2761/703 864/2762/703 863/2763/703 865/2764/703
f 869/2765/704 867/2766/704 868/2767/704 870/2768/704
f 863/2769/705 864/2770/705 868/2771/705 867/2772/705
f 866/2773/706 865/2774/706 869/2775/706 870/2776/706
f 865/2777/707 863/2778/707 867/2779/707 869/2780/707
f 870/2781/708 868/2782/708 864/2783/708 866/2784/708
f 874/2785/709 872/2786/709 871/2787/709 873/2788/709
f 877/2789/710 875/2790/710 876/2791/710 878/2792/710
f 871/2793/711 872/2794/711 876/2795/711 875/2796/711
f 874/2797/712 873/2798/712 877/2799/712 878/2800/712
f 873/2801/713 871/2802/713 875/2803/713 877/2804/713
f 878/2805/714 876/2806/714 872/2807/714 874/2808/714
f 882/2809/715 880/2810/715 879/2811/715 881/2812/715
f 885/2813/716 883/2814/716 884/2815/716 886/2816/716
f 879/2817/717 880/2818/717 884/2819/717 883/2820/717
f 882/2821/718 881/2822/718 885/2823/718 886/2824/718
f 881/2825/719 879/2826/719 883/2827/719 885/2828/719
f 886/2829/720 884/2830/720 880/2831/720 882/2832/720
f 890/2833/721 888/2834/721 887/2835/721 889/2836/721
f 893/2837/722 891/2838/722 892/2839/722 894/2840/722
f 887/2841/723 888/2842/723 892/2843/723 891/2844/723
f 890/2845/724 889/2846/724 893/2847/724 894/2848/724
f 889/2849/725 887/2850/725 891/2851/725 893/2852/725
f 894/2853/726 892/2854/726 888/2855/726 890/2856/726
f 898/2857/727 896/2858/727 895/2859/727 897/2860/727
f 901/2861/728 899/2862/728 900/2863/728 902/2864/728
f 895/2865/729 896/2866/729 900/2867/729 899/2868/729
f 898/2869/730 897/2870/730 901/2871/730 902/2872/730
f 897/2873/731 895/2874/731 899/2875/731 901/2876/731
f 902/2877/732 900/2878/732 896/2879/732 898/2880/732
f 906/2881/733 904/2882/733 903/2883/733 905/2884/733
f 909/2885/734 907/2886/734 908/2887/734 910/2888/734
f 903/2889/735 904/2890/735 908/2891/735 907/2892/735
f 906/2893/736 905/2894/736 909/2895/736 910/2896/736
f 905/2897/737 903/2898/737 907/2899/737 909/2900/737
f 910/2901/738 908/2902/738 904/2903/738 906/2904/738
f 914/2905/739 912/2906/739 911/2907/739 913/2908/739
f 917/2909/740 915/2910/740 916/2911/740 918/2912/740
f 911/2913/741 912/2914/741 916/2915/741 915/2916/741
f 914/2917/742 913/2918/742 917/2919/742 918/2920/742
f 913/2921/743 911/2922/743 915/2923/743 917/2924/743
f 918/2925/744 916/2926/744 912/2927/744 914/2928/744
f 922/2929/745 920/2930/745 919/2931/745 921/2932/745
f 925/2933/746 923/2934/746 924/2935/746 926/2936/746
f 919/2937/747 920/2938/747 924/2939/747 923/2940/747
f 922/2941/748 921/2942/748 925/2943/748 926/2944/748
f 921/2945/749 919/2946/749 923/2947/749 925/2948/749
f 926/2949/750 924/2950/750 920/2951/750 922/2952/750
f 930/2953/751 928/2954/751 927/2955/751 929/2956/751
f 933/2957/752 931/2958/752 932/2959/752 934/2960/752
f 927/2961/753 928/2962/753 932/2963/753 931/2964/753
f 930/2965/754 929/2966/754 933/2967/754 934/2968/754
f 929/2969/755 927/2970/755 931/2971/755 933/2972/755
f 934/2973/756 932/2974/756 928/2975/756 930/2976/756
f 938/2977/757 936/2978/757 935/2979/757 937/2980/757
f 941/2981/758 939/2982/758 940/2983/758 942/2984/758
f 935/2985/759 936/2986/759 940/2987/759 939/2988/759
f 938/2989/760 937/2990/760 941/2991/760 942/2992/760
f 937/2993/761 935/2994/761 939/2995/761 941/2996/761
f 942/2997/762 940/2998/762 936/2999/762 938/3000/762
f 946/3001/763 944/3002/763 943/3003/763 945/3004/763
f 949/3005/764 947/3006/764 948/3007/764 950/3008/764
f 943/3009/765 944/3010/765 948/3011/765 947/3012/765
f 946/3013/766 945/3014/766 949/3015/766 950/3016/766
f 945/3017/767 943/3018/767 947/3019/767 949/3020/767
f 950/3021/768 948/3022/768 944/3023/768 946/3024/768
f 954/3025/769 952/3026/769 951/3027/769 953/3028/769
f 957/3029/770 955/3030/770 956/3031/770 958/3032/770
f 951/3033/771 952/3034/771 956/3035/771 955/3036/771
f 954/3037/772 953/3038/772 957/3039/772 958/3040/772
f 953/3041/773 951/3042/773 955/3043/773 957/3044/773
f 958/3045/774 956/3046/774 952/3047/774 954/3048/774
f 962/3049/775 960/3050/775 959/3051/775 961/3052/775
f 965/3053/776 963/3054/776 964/3055/776 966/3056/776
f 959/3057/777 960/3058/777 964/3059/777 963/3060/777
f 962/3061/778 961/3062/778 965/3063/778 966/3064/778
f 961/3065/779 959/3066/779 963/3067/779 965/3068/779
f 966/3069/780 964/3070/780 960/3071/780 962/3072/780
f 970/3073/781 968/3074/781 967/3075/781 969/3076/781
f 973/3077/782 971/3078/782 972/3079/782 974/3080/782
f 967/3081/783 968/3082/783 972/3083/783 971/3084/783
f 970/3085/784 969/3086/784 973/3087/784 974/3088/784
f 969/3089/785 967/3090/785 971/3091/785 973/3092/785
f 974/3093/786 972/3094/786 968/3095/786 970/3096/786