# Made in Blockbench 5.1.4
mtllib 4l_signal_post_1970.mtl

o tube
v 0.045304374999999994 1.125 2.0816681711721685e-17
v 0.045304374999999994 1.125 0.03125000000000003
v 0.036093125 1.1472381249999999 2.0816681711721685e-17
v 0.036093125 1.147238125 0.031250000000000014
v 0.109375 1.189070625 6.938893903907228e-18
v 0.109375 1.189070625 0.031250000000000014
v 0.087136875 1.198281875 1.3877787807814457e-17
v 0.087136875 1.198281875 0.03125000000000001
v 0.109375 1.279679375 -6.938893903907228e-18
v 0.109375 1.279679375 0.031249999999999993
v 0.087136875 1.270468125 -6.938893903907228e-18
v 0.087136875 1.270468125 0.031249999999999993
v 0.045304374999999994 1.34375 -2.0816681711721685e-17
v 0.045304374999999994 1.34375 0.03124999999999998
v 0.036093125 1.3215118750000001 -1.3877787807814457e-17
v 0.036093125 1.3215118750000001 0.03124999999999998
v -0.045304374999999994 1.34375 -2.0816681711721685e-17
v -0.045304374999999994 1.34375 0.03124999999999998
v -0.036093125 1.3215118750000001 -1.3877787807814457e-17
v -0.036093125 1.3215118750000001 0.03124999999999998
v -0.109375 1.279679375 -6.938893903907228e-18
v -0.109375 1.279679375 0.031249999999999993
v -0.087136875 1.270468125 -6.938893903907228e-18
v -0.087136875 1.270468125 0.031249999999999993
v -0.109375 1.189070625 6.938893903907228e-18
v -0.109375 1.189070625 0.031250000000000014
v -0.087136875 1.198281875 1.3877787807814457e-17
v -0.087136875 1.198281875 0.03125000000000001
v -0.045304374999999994 1.125 2.0816681711721685e-17
v -0.045304374999999994 1.125 0.03125000000000003
v -0.036093125 1.1472381249999999 2.0816681711721685e-17
v -0.036093125 1.147238125 0.031250000000000014
v 0.045304374999999994 2.4375 0
v 0.045304374999999994 2.4375 0.03125
v 0.036093125 2.459738125 1.1102230246251565e-16
v 0.036093125 2.459738125 0.03125
v 0.109375 2.501570625 1.1102230246251565e-16
v 0.109375 2.501570625 0.03125
v 0.087136875 2.510781875 1.1102230246251565e-16
v 0.087136875 2.510781875 0.03125
v 0.109375 2.592179375 0
v 0.109375 2.592179375 0.03125
v 0.087136875 2.582968125 0
v 0.087136875 2.582968125 0.03125
v 0.045304374999999994 2.65625 1.1102230246251565e-16
v 0.045304374999999994 2.65625 0.03125000000000011
v 0.036093125 2.634011875 1.1102230246251565e-16
v 0.036093125 2.634011875 0.03125000000000011
v -0.045304374999999994 2.65625 1.1102230246251565e-16
v -0.045304374999999994 2.65625 0.03125000000000011
v -0.036093125 2.634011875 1.1102230246251565e-16
v -0.036093125 2.634011875 0.03125000000000011
v -0.109375 2.592179375 0
v -0.109375 2.592179375 0.03125
v -0.087136875 2.582968125 0
v -0.087136875 2.582968125 0.03125
v -0.109375 2.501570625 1.1102230246251565e-16
v -0.109375 2.501570625 0.03125
v -0.087136875 2.510781875 1.1102230246251565e-16
v -0.087136875 2.510781875 0.03125
v -0.045304374999999994 2.4375 0
v -0.045304374999999994 2.4375 0.03125
v -0.036093125 2.459738125 1.1102230246251565e-16
v -0.036093125 2.459738125 0.03125
v 0.045304374999999994 1.5625 5.551115123125783e-17
v 0.045304374999999994 1.5625 0.03125000000000003
v 0.036093125 1.5847381249999999 5.551115123125783e-17
v 0.036093125 1.584738125 0.031250000000000056
v 0.109375 1.626570625 1.1102230246251565e-16
v 0.109375 1.626570625 0.03125000000000003
v 0.087136875 1.635781875 5.551115123125783e-17
v 0.087136875 1.635781875 0.031249999999999972
v 0.109375 1.717179375 5.551115123125783e-17
v 0.109375 1.717179375 0.03125000000000003
v 0.087136875 1.707968125 5.551115123125783e-17
v 0.087136875 1.707968125 0.031250000000000056
v 0.045304374999999994 1.78125 5.551115123125783e-17
v 0.045304374999999994 1.78125 0.03125
v 0.036093125 1.7590118750000001 5.551115123125783e-17
v 0.036093125 1.7590118750000001 0.03125
v -0.045304374999999994 1.78125 5.551115123125783e-17
v -0.045304374999999994 1.78125 0.03125
v -0.036093125 1.7590118750000001 5.551115123125783e-17
v -0.036093125 1.7590118750000001 0.03125
v -0.109375 1.717179375 5.551115123125783e-17
v -0.109375 1.717179375 0.03125000000000003
v -0.087136875 1.707968125 5.551115123125783e-17
v -0.087136875 1.707968125 0.031250000000000056
v -0.109375 1.626570625 1.1102230246251565e-16
v -0.109375 1.626570625 0.03125000000000003
v -0.087136875 1.635781875 5.551115123125783e-17
v -0.087136875 1.635781875 0.031249999999999972
v -0.045304374999999994 1.5625 5.551115123125783e-17
v -0.045304374999999994 1.5625 0.03125000000000003
v -0.036093125 1.5847381249999999 5.551115123125783e-17
v -0.036093125 1.584738125 0.031250000000000056
v 0.045304374999999994 2 0
v 0.045304374999999994 2 0.031250000000000056
v 0.036093125 2.022238125 5.551115123125783e-17
v 0.036093125 2.022238125 0.03125000000000017
v 0.109375 2.064070625 5.551115123125783e-17
v 0.109375 2.064070625 0.03125000000000017
v 0.087136875 2.073281875 0
v 0.087136875 2.073281875 0.031250000000000056
v 0.109375 2.154679375 -5.551115123125783e-17
v 0.109375 2.154679375 0.031250000000000056
v 0.087136875 2.145468125 -5.551115123125783e-17
v 0.087136875 2.145468125 0.031250000000000056
v 0.045304374999999994 2.21875 0
v 0.045304374999999994 2.21875 0.031250000000000056
v 0.036093125 2.196511875 -5.551115123125783e-17
v 0.036093125 2.196511875 0.031250000000000056
v -0.045304374999999994 2.21875 0
v -0.045304374999999994 2.21875 0.031250000000000056
v -0.036093125 2.196511875 -5.551115123125783e-17
v -0.036093125 2.196511875 0.031250000000000056
v -0.109375 2.154679375 -5.551115123125783e-17
v -0.109375 2.154679375 0.031250000000000056
v -0.087136875 2.145468125 -5.551115123125783e-17
v -0.087136875 2.145468125 0.031250000000000056
v -0.109375 2.064070625 5.551115123125783e-17
v -0.109375 2.064070625 0.03125000000000017
v -0.087136875 2.073281875 0
v -0.087136875 2.073281875 0.031250000000000056
v -0.045304374999999994 2 0
v -0.045304374999999994 2 0.031250000000000056
v -0.036093125 2.022238125 5.551115123125783e-17
v -0.036093125 2.022238125 0.03125000000000017
v 0 1.234375 0.09374999999999999
v 0 1.234375 0.1875
v 0.045304374999999994 1.125 0.09375
v 0.045304374999999994 1.125 0.18750000000000006
v 0.109375 1.189070625 0.09375
v 0.109375 1.189070625 0.1875
v 0.109375 1.279679375 0.09374999999999997
v 0.109375 1.279679375 0.1875
v 0.045304374999999994 1.34375 0.09374999999999996
v 0.045304374999999994 1.34375 0.1875
v -0.045304374999999994 1.34375 0.09374999999999996
v -0.045304374999999994 1.34375 0.1875
v -0.109375 1.279679375 0.09374999999999997
v -0.109375 1.279679375 0.1875
v -0.109375 1.189070625 0.09375
v -0.109375 1.189070625 0.1875
v -0.045304374999999994 1.125 0.09375
v -0.045304374999999994 1.125 0.18750000000000006
v 0 1.671875 0.09375000000000003
v 0 1.671875 0.18749999999999997
v 0.045304374999999994 1.5625 0.09375000000000004
v 0.045304374999999994 1.5625 0.18750000000000006
v 0.109375 1.626570625 0.09375000000000003
v 0.109375 1.626570625 0.18750000000000003
v 0.109375 1.717179375 0.09375000000000003
v 0.109375 1.717179375 0.18750000000000006
v 0.045304374999999994 1.78125 0.09375000000000003
v 0.045304374999999994 1.78125 0.1875
v -0.045304374999999994 1.78125 0.09375000000000003
v -0.045304374999999994 1.78125 0.1875
v -0.109375 1.717179375 0.09375000000000003
v -0.109375 1.717179375 0.18750000000000006
v -0.109375 1.626570625 0.09375000000000003
v -0.109375 1.626570625 0.18750000000000003
v -0.045304374999999994 1.5625 0.09375000000000004
v -0.045304374999999994 1.5625 0.18750000000000006
v 0 2.109375 0.09375
v 0 2.109375 0.1875000000000001
v 0.045304374999999994 2 0.09375000000000011
v 0.045304374999999994 2 0.18750000000000006
v 0.109375 2.064070625 0.09375000000000011
v 0.109375 2.064070625 0.18750000000000022
v 0.109375 2.154679375 0.09375
v 0.109375 2.154679375 0.18750000000000006
v 0.045304374999999994 2.21875 0.09375000000000006
v 0.045304374999999994 2.21875 0.18750000000000006
v -0.045304374999999994 2.21875 0.09375000000000006
v -0.045304374999999994 2.21875 0.18750000000000006
v -0.109375 2.154679375 0.09375
v -0.109375 2.154679375 0.18750000000000006
v -0.109375 2.064070625 0.09375000000000011
v -0.109375 2.064070625 0.18750000000000022
v -0.045304374999999994 2 0.09375000000000011
v -0.045304374999999994 2 0.18750000000000006
v 0 2.546875 0.09375
v 0 2.546875 0.1875000000000001
v 0.045304374999999994 2.4375 0.09375
v 0.045304374999999994 2.4375 0.1875
v 0.109375 2.501570625 0.09375
v 0.109375 2.501570625 0.1875000000000001
v 0.109375 2.592179375 0.09375
v 0.109375 2.592179375 0.1875000000000001
v 0.045304374999999994 2.65625 0.09375
v 0.045304374999999994 2.65625 0.1875
v -0.045304374999999994 2.65625 0.09375
v -0.045304374999999994 2.65625 0.1875
v -0.109375 2.592179375 0.09375
v -0.109375 2.592179375 0.1875000000000001
v -0.109375 2.501570625 0.09375
v -0.109375 2.501570625 0.1875000000000001
v -0.045304374999999994 2.4375 0.09375
v -0.045304374999999994 2.4375 0.1875
v 0.28125 2.6875 0.09375
v 0.28125 2.6875 0.03125000000000011
v 0.28125 2.375 0.09375
v 0.28125 2.375 0.03125
v -0.28125 2.6875 0.09375
v -0.28125 2.6875 0.03125000000000011
v -0.28125 2.375 0.09375
v -0.28125 2.375 0.03125
v -0.31728687499999997 1.504786875 0.10312500000000006
v -0.31728687499999997 1.504786875 0.02187499999999999
v -0.25478687499999997 1.504786875 0.10312500000000006
v -0.25478687499999997 1.504786875 0.02187499999999999
v -0.3172868750000001 1.223536875 0.10312500000000002
v -0.3172868750000001 1.223536875 0.021874999999999978
v -0.2547868750000001 1.223536875 0.10312500000000002
v -0.2547868750000001 1.223536875 0.021874999999999978
v -0.019057129722782104 0.9987993899243957 0.09687499999999995
v -0.019057129722782104 0.9987993899243957 0.021874999999999964
v -0.031250274848790116 0.9375003098991938 0.09687499999999999
v -0.031250274848790116 0.9375003098991938 0.021874999999999978
v -0.080356209747984 1.0109925350504037 0.09687499999999998
v -0.080356209747984 1.0109925350504037 0.021874999999999978
v -0.09254935487399202 0.9496934550252019 0.09687499999999996
v -0.09254935487399202 0.9496934550252017 0.02187499999999995
v -0.06863147517240836 1.0074353520410928 0.09687499999999999
v -0.06863147517240836 1.0074353520410928 0.021874999999999978
v -0.09254918969522646 0.9496928812591373 0.09687499999999995
v -0.09254918969522646 0.9496928812591373 0.021874999999999964
v -0.1263739459543638 1.0313530665639108 0.09687499999999999
v -0.1263739459543638 1.0313530665639108 0.021874999999999978
v -0.1502916604771819 0.9736105957819554 0.09687499999999996
v -0.1502916604771819 0.9736105957819554 0.02187499999999995
v -0.11556812010364062 1.025577436974093 0.09687499999999996
v -0.11556812010364062 1.025577436974093 0.021874999999999978
v -0.15029125966736576 0.973610586205184 0.09687499999999996
v -0.15029125966736576 0.973610586205184 0.02187499999999995
v -0.1675349708725497 1.0603005765378182 0.09687499999999999
v -0.1675349708725497 1.0603005765378182 0.021874999999999978
v -0.20225811043627484 1.0083337257689091 0.09687499999999996
v -0.20225811043627484 1.0083337257689091 0.021874999999999978
v -0.15806435352752235 1.0525279238241592 0.09687499999999999
v -0.15806435352752235 1.0525279238241592 0.021874999999999964
v -0.2022585273516816 1.00833375 0.09687499999999995
v -0.2022585273516816 1.00833375 0.021874999999999964
v -0.2022585273516816 1.0967220976483185 0.09687499999999999
v -0.2022585273516816 1.0967220976483185 0.02187499999999997
v -0.2464527011758408 1.0525279238241592 0.09687499999999999
v -0.2464527011758408 1.0525279238241592 0.021874999999999964
v -0.1944856588984567 1.0872513033585411 0.09687499999999998
v -0.1944856588984567 1.0872513033585411 0.021874999999999957
v -0.24645250966736576 1.052528163794816 0.09687499999999996
v -0.24645250966736576 1.052528163794816 0.021874999999999978
v -0.22920879846218184 1.1392181541274504 0.09687499999999999
v -0.22920879846218184 1.1392181541274504 0.021874999999999978
v -0.28117564923109095 1.1044950145637251 0.09687499999999999
v -0.28117564923109095 1.1044950145637251 0.021874999999999964
v -0.22343296891327102 1.1284129582636808 0.09687499999999996
v -0.22343296891327102 1.1284129582636808 0.02187499999999995
v -0.28117543969522646 1.1044952437408626 0.09687499999999999
v -0.28117543969522646 1.1044952437408626 0.02187499999999997
v -0.24735068343608918 1.1861554290456362 0.09687499999999999
v -0.24735068343608918 1.1861554290456362 0.02187499999999997
v -0.30509315421804456 1.1622377145228182 0.09687499999999999
v -0.30509315421804456 1.1622377145228182 0.02187499999999997
v -0.24379431982358812 1.1744303352268142 0.09687499999999999
v -0.24379431982358812 1.1744303352268142 0.021874999999999978
v -0.30509339984879 1.1622371901008062 0.09687499999999999
v -0.30509339984879 1.1622371901008062 0.02187499999999997
v -0.2559874649495962 1.235729415252016 0.09687499999999999
v -0.2559874649495962 1.235729415252016 0.021874999999999978
v -0.317286544974798 1.223536270126008 0.09687499999999999
v -0.317286544974798 1.223536270126008 0.021874999999999978
v 0.08035620974798399 1.0109925350504037 0.09687499999999998
v 0.08035620974798399 1.0109925350504037 0.021874999999999978
v 0.092549354873992 0.9496934550252019 0.09687499999999996
v 0.092549354873992 0.9496934550252017 0.02187499999999995
v 0.01905712972278209 0.9987993899243957 0.09687499999999995
v 0.01905712972278209 0.9987993899243957 0.021874999999999964
v 0.0312502748487901 0.9375003098991938 0.09687499999999999
v 0.0312502748487901 0.9375003098991938 0.021874999999999978
v 0.1263739459543638 1.0313530665639108 0.09687499999999999
v 0.1263739459543638 1.0313530665639108 0.021874999999999978
v 0.1502916604771819 0.9736105957819554 0.09687499999999996
v 0.1502916604771819 0.9736105957819554 0.02187499999999995
v 0.06863147517240836 1.0074353520410928 0.09687499999999999
v 0.06863147517240836 1.0074353520410928 0.021874999999999978
v 0.09254918969522646 0.9496928812591373 0.09687499999999995
v 0.09254918969522646 0.9496928812591373 0.021874999999999964
v 0.16753497087254968 1.0603005765378182 0.09687499999999999
v 0.16753497087254968 1.0603005765378182 0.021874999999999978
v 0.20225811043627479 1.0083337257689091 0.09687499999999996
v 0.20225811043627479 1.0083337257689091 0.021874999999999978
v 0.11556812010364059 1.025577436974093 0.09687499999999996
v 0.11556812010364059 1.025577436974093 0.021874999999999978
v 0.15029125966736573 0.973610586205184 0.09687499999999996
v 0.15029125966736573 0.973610586205184 0.02187499999999995
v 0.2022585273516816 1.0967220976483185 0.09687499999999999
v 0.2022585273516816 1.0967220976483185 0.02187499999999997
v 0.2464527011758408 1.0525279238241592 0.09687499999999999
v 0.2464527011758408 1.0525279238241592 0.021874999999999964
v 0.15806435352752235 1.0525279238241592 0.09687499999999999
v 0.15806435352752235 1.0525279238241592 0.021874999999999964
v 0.2022585273516816 1.00833375 0.09687499999999995
v 0.2022585273516816 1.00833375 0.021874999999999964
v 0.22920879846218184 1.1392181541274504 0.09687499999999999
v 0.22920879846218184 1.1392181541274504 0.021874999999999978
v 0.28117564923109095 1.1044950145637251 0.09687499999999999
v 0.28117564923109095 1.1044950145637251 0.021874999999999964
v 0.1944856588984567 1.0872513033585411 0.09687499999999998
v 0.1944856588984567 1.0872513033585411 0.021874999999999957
v 0.24645250966736576 1.052528163794816 0.09687499999999996
v 0.24645250966736576 1.052528163794816 0.021874999999999978
v 0.24735068343608918 1.1861554290456362 0.09687499999999999
v 0.24735068343608918 1.1861554290456362 0.02187499999999997
v 0.30509315421804456 1.1622377145228182 0.09687499999999999
v 0.30509315421804456 1.1622377145228182 0.02187499999999997
v 0.22343296891327102 1.1284129582636808 0.09687499999999996
v 0.22343296891327102 1.1284129582636808 0.02187499999999995
v 0.28117543969522646 1.1044952437408626 0.09687499999999999
v 0.28117543969522646 1.1044952437408626 0.02187499999999997
v 0.317286544974798 1.223536270126008 0.09687499999999999
v 0.2559874649495962 1.235729415252016 0.09687499999999999
v 0.2559874649495962 1.235729415252016 0.021874999999999978
v 0.317286544974798 1.223536270126008 0.021874999999999978
v 0.24379431982358812 1.1744303352268142 0.09687499999999999
v 0.24379431982358812 1.1744303352268142 0.021874999999999978
v 0.30509339984879 1.1622371901008062 0.09687499999999999
v 0.30509339984879 1.1622371901008062 0.02187499999999997
v 0.3172868750000001 1.223536875 0.10312500000000002
v 0.3172868750000001 1.223536875 0.021874999999999978
v 0.254786875 1.223536875 0.10312500000000002
v 0.254786875 1.223536875 0.021874999999999978
v 0.31728687499999997 1.504786875 0.10312500000000006
v 0.31728687499999997 1.504786875 0.02187499999999999
v 0.25478687499999997 1.504786875 0.10312500000000006
v 0.25478687499999997 1.504786875 0.02187499999999999
v 0.03125 1 0.09999999999999998
v 0.03125 1 0.021874999999999978
v 0.03125 0.9375 0.09999999999999995
v 0.03125 0.9375 0.02187499999999995
v -0.03125 1 0.09999999999999998
v -0.03125 1 0.021874999999999978
v -0.03125 0.9375 0.09999999999999995
v -0.03125 0.9375 0.02187499999999995
v 0.171875 1.0625 0.09375
v 0.171875 1.0625 0.031249999999999986
v 0.171875 1 0.09375
v 0.171875 1 0.03125
v -0.171875 1.0625 0.09375
v -0.171875 1.0625 0.031249999999999986
v -0.171875 1 0.09375
v -0.171875 1 0.03125
v 0.21875 1.125 0.09374999999999999
v 0.21875 1.125 0.031249999999999986
v 0.21875 1.0625 0.09375
v 0.21875 1.0625 0.031249999999999986
v -0.21875 1.125 0.09374999999999999
v -0.21875 1.125 0.031249999999999986
v -0.21875 1.0625 0.09375
v -0.21875 1.0625 0.031249999999999986
v 0.28125 1.5 0.09375
v 0.28125 1.5 0.031250000000000014
v 0.28125 1.125 0.09374999999999999
v 0.28125 1.125 0.031249999999999986
v -0.28125 1.5 0.09375
v -0.28125 1.5 0.031250000000000014
v -0.28125 1.125 0.09374999999999999
v -0.28125 1.125 0.031249999999999986
v 0.125 1.359375 0.03125000000000001
v 0.125 1.359375 0.02500000000000003
v 0.125 1.171875 0.031249999999999986
v 0.125 1.171875 0.025000000000000022
v -0.125 1.359375 0.03125000000000001
v -0.125 1.359375 0.02500000000000003
v -0.125 1.171875 0.031249999999999986
v -0.125 1.171875 0.025000000000000022
v 0.0625 1.375 0.078125
v 0.0625 1.375 -0.21875
v 0.0625 1.34375 0.07812499999999999
v 0.0625 1.34375 -0.21875
v -0.0625 1.375 0.078125
v -0.0625 1.375 -0.21875
v -0.0625 1.34375 0.07812499999999999
v -0.0625 1.34375 -0.21875
v 0.10580692863070451 1.3570618676954889 0.06250000000000001
v 0.10580692863070451 1.3570618676954889 -0.20312499999999997
v 0.09384807136929547 1.328190632304511 0.0625
v 0.09384807136929547 1.328190632304511 -0.203125
v 0.06250007554423795 1.3750001535876024 0.06250000000000001
v 0.06250007554423795 1.3750001535876024 -0.203125
v 0.05054121828282891 1.3461289181966247 0.06250000000000003
v 0.05054121828282891 1.3461289181966247 -0.20312499999999997
v 0.12268662778005801 1.3401817091320216 0.078125
v 0.12268662778005801 1.3401817091320216 -0.18749999999999997
v 0.10058954086797839 1.318084622219942 0.078125
v 0.10058954086797839 1.318084622219942 -0.1875
v 0.10580666308792039 1.3570616738241592 0.078125
v 0.10580666308792039 1.3570616738241592 -0.1875
v 0.0837095761758408 1.3349645869120796 0.07812499999999999
v 0.0837095761758408 1.3349645869120796 -0.1875
v 0.14062499269548884 1.2968750536307045 0.078125
v 0.14062499269548884 1.2968750536307045 -0.15625
v 0.11175375730451115 1.2849161963692957 0.078125
v 0.11175375730451115 1.2849161963692957 -0.15625
v 0.12268670680337526 1.3401819067171712 0.07812499999999999
v 0.12268670680337526 1.3401819067171712 -0.15624999999999997
v 0.09381547141239754 1.328223049455762 0.07812499999999999
v 0.09381547141239754 1.328223049455762 -0.15625
v 0.109375 1.296875 0.0625
v 0.109375 1.296875 -0.125
v 0.140625 1.296875 0.0625
v 0.140625 1.296875 -0.125
v 0.109375 1.234375 0.0625
v 0.109375 1.234375 -0.125
v 0.140625 1.234375 0.0625
v 0.140625 1.234375 -0.125
v 0.109375 1.234375 0.078125
v 0.109375 1.234375 -0.078125
v 0.140625 1.234375 0.078125
v 0.140625 1.234375 -0.078125
v 0.109375 1.203125 0.07812499999999997
v 0.109375 1.203125 -0.078125
v 0.140625 1.203125 0.07812499999999997
v 0.140625 1.203125 -0.078125
v -0.06250007554423795 1.3750001535876024 0.06250000000000001
v -0.06250007554423795 1.3750001535876024 -0.203125
v -0.05054121828282891 1.3461289181966247 0.06250000000000003
v -0.05054121828282891 1.3461289181966247 -0.20312499999999997
v -0.10580692863070451 1.3570618676954889 0.06250000000000001
v -0.10580692863070451 1.3570618676954889 -0.20312499999999997
v -0.09384807136929547 1.328190632304511 0.0625
v -0.09384807136929547 1.328190632304511 -0.203125
v -0.109375 1.203125 0.07812499999999997
v -0.109375 1.203125 -0.078125
v -0.140625 1.203125 0.07812499999999997
v -0.140625 1.203125 -0.078125
v -0.109375 1.234375 0.078125
v -0.109375 1.234375 -0.078125
v -0.140625 1.234375 0.078125
v -0.140625 1.234375 -0.078125
v -0.109375 1.234375 0.078125
v -0.109375 1.234375 -0.125
v -0.140625 1.234375 0.078125
v -0.140625 1.234375 -0.125
v -0.109375 1.296875 0.078125
v -0.109375 1.296875 -0.125
v -0.140625 1.296875 0.078125
v -0.140625 1.296875 -0.125
v -0.12268670680337526 1.3401819067171712 0.07812499999999999
v -0.12268670680337526 1.3401819067171712 -0.15624999999999997
v -0.09381547141239754 1.328223049455762 0.07812499999999999
v -0.09381547141239754 1.328223049455762 -0.15625
v -0.14062499269548884 1.2968750536307045 0.078125
v -0.14062499269548884 1.2968750536307045 -0.15625
v -0.11175375730451115 1.2849161963692957 0.078125
v -0.11175375730451115 1.2849161963692957 -0.15625
v -0.10580666308792039 1.3570616738241592 0.078125
v -0.10580666308792039 1.3570616738241592 -0.1875
v -0.0837095761758408 1.3349645869120796 0.07812499999999999
v -0.0837095761758408 1.3349645869120796 -0.1875
v -0.12268662778005801 1.3401817091320216 0.078125
v -0.12268662778005801 1.3401817091320216 -0.18749999999999997
v -0.10058954086797839 1.318084622219942 0.078125
v -0.10058954086797839 1.318084622219942 -0.1875
v -0.254786875 2.370213125 0.10312500000000013
v -0.254786875 2.370213125 0.02187500000000009
v -0.317286875 2.370213125 0.10312500000000013
v -0.317286875 2.370213125 0.02187500000000009
v -0.2547868750000001 2.588963125 0.10312500000000002
v -0.2547868750000001 2.588963125 0.021874999999999978
v -0.3172868750000001 2.588963125 0.10312500000000002
v -0.3172868750000001 2.588963125 0.021874999999999978
v -0.0312502748487901 2.874999690100806 0.09687500000000004
v -0.0312502748487901 2.874999690100806 0.021874999999999978
v -0.019057129722782076 2.8137006100756046 0.09687500000000016
v -0.019057129722782076 2.8137006100756046 0.021874999999999978
v -0.092549354873992 2.862806544974798 0.09687500000000016
v -0.092549354873992 2.862806544974798 0.021874999999999978
v -0.08035620974798398 2.801507464949596 0.09687500000000016
v -0.08035620974798398 2.801507464949596 0.021874999999999978
v -0.09254918969522646 2.862807118740863 0.09687500000000016
v -0.09254918969522646 2.862807118740863 0.021874999999999978
v -0.06863147517240836 2.8050646479589076 0.09687500000000016
v -0.06863147517240836 2.8050646479589076 0.021874999999999978
v -0.1502916604771819 2.838889404218045 0.09687500000000016
v -0.1502916604771819 2.838889404218045 0.021874999999999978
v -0.1263739459543638 2.7811469334360894 0.09687500000000016
v -0.1263739459543638 2.7811469334360894 0.021874999999999978
v -0.1502912596673658 2.838889413794816 0.09687500000000016
v -0.1502912596673658 2.838889413794816 0.021874999999999978
v -0.11556812010364068 2.786922563025907 0.09687500000000004
v -0.11556812010364068 2.786922563025907 0.021874999999999978
v -0.2022581104362749 2.8041662742310907 0.09687500000000016
v -0.2022581104362749 2.8041662742310907 0.021874999999999978
v -0.16753497087254976 2.752199423462182 0.09687500000000004
v -0.16753497087254976 2.752199423462182 0.021874999999999978
v -0.2022585273516816 2.80416625 0.09687500000000016
v -0.2022585273516816 2.80416625 0.021874999999999978
v -0.15806435352752235 2.759972076175841 0.09687500000000004
v -0.15806435352752235 2.759972076175841 0.021874999999999867
v -0.2464527011758408 2.759972076175841 0.09687500000000004
v -0.2464527011758408 2.759972076175841 0.021874999999999867
v -0.2022585273516816 2.715777902351682 0.09687500000000004
v -0.2022585273516816 2.715777902351682 0.021874999999999978
v -0.24645250966736576 2.759971836205184 0.09687500000000004
v -0.24645250966736576 2.759971836205184 0.021874999999999978
v -0.1944856588984567 2.725248696641459 0.09687500000000004
v -0.1944856588984567 2.725248696641459 0.021874999999999978
v -0.28117564923109095 2.708004985436275 0.09687500000000004
v -0.28117564923109095 2.708004985436275 0.021874999999999978
v -0.22920879846218184 2.67328184587255 0.09687500000000004
v -0.22920879846218184 2.67328184587255 0.021874999999999978
v -0.28117543969522646 2.708004756259137 0.09687500000000004
v -0.28117543969522646 2.708004756259137 0.021874999999999978
v -0.22343296891327102 2.684087041736319 0.09687500000000027
v -0.22343296891327102 2.684087041736319 0.02187500000000009
v -0.30509315421804456 2.6502622854771816 0.09687500000000004
v -0.30509315421804456 2.6502622854771816 0.021874999999999978
v -0.24735068343608918 2.6263445709543634 0.09687500000000004
v -0.24735068343608918 2.6263445709543634 0.02187500000000009
v -0.30509339984879 2.650262809899194 0.09687500000000004
v -0.30509339984879 2.650262809899194 0.021874999999999978
v -0.24379431982358812 2.638069664773186 0.09687499999999993
v -0.24379431982358812 2.638069664773186 0.02187500000000009
v -0.317286544974798 2.588963729873992 0.09687500000000004
v -0.317286544974798 2.588963729873992 0.021874999999999978
v -0.2559874649495962 2.576770584747984 0.09687499999999993
v -0.2559874649495962 2.576770584747984 0.021874999999999978
v 0.09254935487399199 2.862806544974798 0.09687500000000016
v 0.09254935487399199 2.862806544974798 0.021874999999999978
v 0.08035620974798396 2.801507464949596 0.09687500000000016
v 0.08035620974798396 2.801507464949596 0.021874999999999978
v 0.03125027484879009 2.874999690100806 0.09687500000000004
v 0.03125027484879009 2.874999690100806 0.021874999999999978
v 0.019057129722782062 2.8137006100756046 0.09687500000000016
v 0.019057129722782062 2.8137006100756046 0.021874999999999978
v 0.1502916604771819 2.838889404218045 0.09687500000000016
v 0.1502916604771819 2.838889404218045 0.021874999999999978
v 0.1263739459543638 2.7811469334360894 0.09687500000000016
v 0.1263739459543638 2.7811469334360894 0.021874999999999978
v 0.09254918969522646 2.862807118740863 0.09687500000000016
v 0.09254918969522646 2.862807118740863 0.021874999999999978
v 0.06863147517240836 2.8050646479589076 0.09687500000000016
v 0.06863147517240836 2.8050646479589076 0.021874999999999978
v 0.20225811043627487 2.8041662742310907 0.09687500000000016
v 0.20225811043627487 2.8041662742310907 0.021874999999999978
v 0.16753497087254973 2.752199423462182 0.09687500000000004
v 0.16753497087254973 2.752199423462182 0.021874999999999978
v 0.15029125966736578 2.838889413794816 0.09687500000000016
v 0.15029125966736578 2.838889413794816 0.021874999999999978
v 0.11556812010364065 2.786922563025907 0.09687500000000004
v 0.11556812010364065 2.786922563025907 0.021874999999999978
v 0.2464527011758408 2.759972076175841 0.09687500000000004
v 0.2464527011758408 2.759972076175841 0.021874999999999867
v 0.2022585273516816 2.715777902351682 0.09687500000000004
v 0.2022585273516816 2.715777902351682 0.021874999999999978
v 0.2022585273516816 2.80416625 0.09687500000000016
v 0.2022585273516816 2.80416625 0.021874999999999978
v 0.15806435352752235 2.759972076175841 0.09687500000000004
v 0.15806435352752235 2.759972076175841 0.021874999999999867
v 0.28117564923109095 2.708004985436275 0.09687500000000004
v 0.28117564923109095 2.708004985436275 0.021874999999999978
v 0.22920879846218184 2.67328184587255 0.09687500000000004
v 0.22920879846218184 2.67328184587255 0.021874999999999978
v 0.24645250966736576 2.759971836205184 0.09687500000000004
v 0.24645250966736576 2.759971836205184 0.021874999999999978
v 0.1944856588984567 2.725248696641459 0.09687500000000004
v 0.1944856588984567 2.725248696641459 0.021874999999999978
v 0.30509315421804456 2.6502622854771816 0.09687500000000004
v 0.30509315421804456 2.6502622854771816 0.021874999999999978
v 0.24735068343608918 2.6263445709543634 0.09687500000000004
v 0.24735068343608918 2.6263445709543634 0.02187500000000009
v 0.28117543969522646 2.708004756259137 0.09687500000000004
v 0.28117543969522646 2.708004756259137 0.021874999999999978
v 0.22343296891327102 2.684087041736319 0.09687500000000027
v 0.22343296891327102 2.684087041736319 0.02187500000000009
v 0.317286544974798 2.588963729873992 0.09687500000000004
v 0.317286544974798 2.588963729873992 0.021874999999999978
v 0.2559874649495962 2.576770584747984 0.09687499999999993
v 0.2559874649495962 2.576770584747984 0.021874999999999978
v 0.30509339984879 2.650262809899194 0.09687500000000004
v 0.30509339984879 2.650262809899194 0.021874999999999978
v 0.24379431982358812 2.638069664773186 0.09687499999999993
v 0.24379431982358812 2.638069664773186 0.02187500000000009
v 0.2547868750000001 2.588963125 0.10312500000000002
v 0.2547868750000001 2.588963125 0.021874999999999978
v 0.3172868750000001 2.588963125 0.10312500000000002
v 0.3172868750000001 2.588963125 0.021874999999999978
v 0.254786875 2.370213125 0.10312500000000013
v 0.254786875 2.370213125 0.02187500000000009
v 0.317286875 2.370213125 0.10312500000000013
v 0.317286875 2.370213125 0.02187500000000009
v 0.03125 2.875 0.09999999999999998
v 0.03125 2.875 0.021874999999999978
v 0.03125 2.8125 0.09999999999999987
v 0.03125 2.8125 0.021874999999999867
v -0.03125 2.875 0.09999999999999998
v -0.03125 2.875 0.021874999999999978
v -0.03125 2.8125 0.09999999999999987
v -0.03125 2.8125 0.021874999999999867
v 0.125 2.671875 0.03125000000000022
v 0.125 2.671875 0.025000000000000355
v 0.125 2.484375 0.03125
v 0.125 2.484375 0.025000000000000022
v -0.125 2.671875 0.03125000000000022
v -0.125 2.671875 0.025000000000000355
v -0.125 2.484375 0.03125
v -0.125 2.484375 0.025000000000000022
v 0.0625 2.6875 0.078125
v 0.0625 2.6875 -0.21875
v 0.0625 2.65625 0.07812500000000011
v 0.0625 2.65625 -0.21875
v -0.0625 2.6875 0.078125
v -0.0625 2.6875 -0.21875
v -0.0625 2.65625 0.07812500000000011
v -0.0625 2.65625 -0.21875
v 0.10580692863070451 2.6695618676954886 0.0625
v 0.10580692863070451 2.6695618676954886 -0.2031249999999999
v 0.09384807136929547 2.640690632304511 0.06250000000000022
v 0.09384807136929547 2.640690632304511 -0.2031249999999999
v 0.06250007554423795 2.687500153587602 0.06250000000000022
v 0.06250007554423795 2.687500153587602 -0.20312499999999978
v 0.05054121828282891 2.6586289181966247 0.06250000000000011
v 0.05054121828282891 2.6586289181966247 -0.2031249999999999
v 0.12268662778005801 2.6526817091320214 0.078125
v 0.12268662778005801 2.6526817091320214 -0.1875
v 0.10058954086797839 2.630584622219942 0.07812500000000011
v 0.10058954086797839 2.630584622219942 -0.1875
v 0.10580666308792039 2.669561673824159 0.07812500000000022
v 0.10580666308792039 2.669561673824159 -0.1874999999999999
v 0.0837095761758408 2.6474645869120796 0.078125
v 0.0837095761758408 2.6474645869120796 -0.1875
v 0.14062499269548884 2.6093750536307048 0.07812500000000011
v 0.14062499269548884 2.6093750536307048 -0.1562499999999999
v 0.11175375730451115 2.5974161963692954 0.07812500000000011
v 0.11175375730451115 2.5974161963692954 -0.1562499999999999
v 0.12268670680337526 2.652681906717171 0.07812500000000011
v 0.12268670680337526 2.652681906717171 -0.1562499999999999
v 0.09381547141239754 2.640723049455762 0.078125
v 0.09381547141239754 2.640723049455762 -0.1562499999999999
v 0.109375 2.609375 0.06250000000000011
v 0.109375 2.609375 -0.12499999999999989
v 0.140625 2.609375 0.06250000000000011
v 0.140625 2.609375 -0.12499999999999989
v 0.109375 2.546875 0.06250000000000022
v 0.109375 2.546875 -0.125
v 0.140625 2.546875 0.06250000000000022
v 0.140625 2.546875 -0.125
v 0.109375 2.546875 0.07812500000000011
v 0.109375 2.546875 -0.078125
v 0.140625 2.546875 0.07812500000000011
v 0.140625 2.546875 -0.078125
v 0.109375 2.515625 0.078125
v 0.109375 2.515625 -0.078125
v 0.140625 2.515625 0.078125
v 0.140625 2.515625 -0.078125
v -0.06250007554423795 2.687500153587602 0.06250000000000022
v -0.06250007554423795 2.687500153587602 -0.20312499999999978
v -0.05054121828282891 2.6586289181966247 0.06250000000000011
v -0.05054121828282891 2.6586289181966247 -0.2031249999999999
v -0.10580692863070451 2.6695618676954886 0.0625
v -0.10580692863070451 2.6695618676954886 -0.2031249999999999
v -0.09384807136929547 2.640690632304511 0.06250000000000022
v -0.09384807136929547 2.640690632304511 -0.2031249999999999
v -0.109375 2.515625 0.078125
v -0.109375 2.515625 -0.078125
v -0.140625 2.515625 0.078125
v -0.140625 2.515625 -0.078125
v -0.109375 2.546875 0.07812500000000011
v -0.109375 2.546875 -0.078125
v -0.140625 2.546875 0.07812500000000011
v -0.140625 2.546875 -0.078125
v -0.109375 2.546875 0.07812500000000011
v -0.109375 2.546875 -0.125
v -0.140625 2.546875 0.07812500000000011
v -0.140625 2.546875 -0.125
v -0.109375 2.609375 0.07812500000000011
v -0.109375 2.609375 -0.12499999999999989
v -0.140625 2.609375 0.07812500000000011
v -0.140625 2.609375 -0.12499999999999989
v -0.12268670680337526 2.652681906717171 0.07812500000000011
v -0.12268670680337526 2.652681906717171 -0.1562499999999999
v -0.09381547141239754 2.640723049455762 0.078125
v -0.09381547141239754 2.640723049455762 -0.1562499999999999
v -0.14062499269548884 2.6093750536307048 0.07812500000000011
v -0.14062499269548884 2.6093750536307048 -0.1562499999999999
v -0.11175375730451115 2.5974161963692954 0.07812500000000011
v -0.11175375730451115 2.5974161963692954 -0.1562499999999999
v -0.10580666308792039 2.669561673824159 0.07812500000000022
v -0.10580666308792039 2.669561673824159 -0.1874999999999999
v -0.0837095761758408 2.6474645869120796 0.078125
v -0.0837095761758408 2.6474645869120796 -0.1875
v -0.12268662778005801 2.6526817091320214 0.078125
v -0.12268662778005801 2.6526817091320214 -0.1875
v -0.10058954086797839 2.630584622219942 0.07812500000000011
v -0.10058954086797839 2.630584622219942 -0.1875
v 0.21875 2.75 0.09375000000000011
v 0.21875 2.75 0.03125000000000022
v 0.21875 2.6875 0.09375
v 0.21875 2.6875 0.03125000000000011
v -0.21875 2.75 0.09375000000000011
v -0.21875 2.75 0.03125000000000022
v -0.21875 2.6875 0.09375
v -0.21875 2.6875 0.03125000000000011
v 0.171875 2.8125 0.09375
v 0.171875 2.8125 0.03125
v 0.171875 2.75 0.09375000000000011
v 0.171875 2.75 0.03125000000000022
v -0.171875 2.8125 0.09375
v -0.171875 2.8125 0.03125
v -0.171875 2.75 0.09375000000000011
v -0.171875 2.75 0.03125000000000022
v 0.28125 1.9375 0.09375
v 0.28125 1.9375 0.031250000000000056
v 0.28125 1.5 0.09375
v 0.28125 1.5 0.031250000000000014
v -0.28125 1.9375 0.09375
v -0.28125 1.9375 0.031250000000000056
v -0.28125 1.5 0.09375
v -0.28125 1.5 0.031250000000000014
v 0.125 1.796875 0.031250000000000056
v 0.125 1.796875 0.025000000000000078
v 0.125 1.609375 0.03125
v 0.125 1.609375 0.025000000000000022
v -0.125 1.796875 0.031250000000000056
v -0.125 1.796875 0.025000000000000078
v -0.125 1.609375 0.03125
v -0.125 1.609375 0.025000000000000022
v 0.0625 1.8125 0.07812500000000003
v 0.0625 1.8125 -0.21874999999999994
v 0.0625 1.78125 0.07812500000000003
v 0.0625 1.78125 -0.21875
v -0.0625 1.8125 0.07812500000000003
v -0.0625 1.8125 -0.21874999999999994
v -0.0625 1.78125 0.07812500000000003
v -0.0625 1.78125 -0.21875
v 0.10580692863070451 1.7945618676954889 0.0625
v 0.10580692863070451 1.7945618676954889 -0.203125
v 0.09384807136929547 1.765690632304511 0.06250000000000003
v 0.09384807136929547 1.765690632304511 -0.203125
v 0.06250007554423795 1.8125001535876024 0.0625
v 0.06250007554423795 1.8125001535876024 -0.20312499999999997
v 0.05054121828282891 1.7836289181966247 0.06250000000000008
v 0.05054121828282891 1.7836289181966247 -0.2031249999999999
v 0.12268662778005801 1.7776817091320216 0.07812500000000003
v 0.12268662778005801 1.7776817091320216 -0.18749999999999992
v 0.10058954086797839 1.755584622219942 0.07812500000000006
v 0.10058954086797839 1.755584622219942 -0.1875
v 0.10580666308792039 1.7945616738241592 0.07812500000000003
v 0.10580666308792039 1.7945616738241592 -0.18749999999999992
v 0.0837095761758408 1.7724645869120796 0.07812500000000006
v 0.0837095761758408 1.7724645869120796 -0.18749999999999994
v 0.14062499269548884 1.7343750536307045 0.07812500000000003
v 0.14062499269548884 1.7343750536307045 -0.15624999999999997
v 0.11175375730451115 1.7224161963692957 0.07812500000000006
v 0.11175375730451115 1.7224161963692954 -0.15624999999999994
v 0.12268670680337526 1.7776819067171712 0.07812500000000008
v 0.12268670680337526 1.7776819067171712 -0.15624999999999997
v 0.09381547141239754 1.765723049455762 0.07812500000000006
v 0.09381547141239754 1.765723049455762 -0.15624999999999994
v 0.109375 1.734375 0.06250000000000006
v 0.109375 1.734375 -0.12499999999999994
v 0.140625 1.734375 0.06250000000000006
v 0.140625 1.734375 -0.12499999999999994
v 0.109375 1.671875 0.06250000000000003
v 0.109375 1.671875 -0.12499999999999994
v 0.140625 1.671875 0.06250000000000003
v 0.140625 1.671875 -0.12499999999999994
v 0.109375 1.671875 0.07812500000000003
v 0.109375 1.671875 -0.07812499999999994
v 0.140625 1.671875 0.07812500000000003
v 0.140625 1.671875 -0.07812499999999994
v 0.109375 1.640625 0.07812500000000003
v 0.109375 1.640625 -0.078125
v 0.140625 1.640625 0.07812500000000003
v 0.140625 1.640625 -0.078125
v -0.06250007554423795 1.8125001535876024 0.0625
v -0.06250007554423795 1.8125001535876024 -0.20312499999999997
v -0.05054121828282891 1.7836289181966247 0.06250000000000008
v -0.05054121828282891 1.7836289181966247 -0.2031249999999999
v -0.10580692863070451 1.7945618676954889 0.0625
v -0.10580692863070451 1.7945618676954889 -0.203125
v -0.09384807136929547 1.765690632304511 0.06250000000000003
v -0.09384807136929547 1.765690632304511 -0.203125
v -0.109375 1.640625 0.07812500000000003
v -0.109375 1.640625 -0.078125
v -0.140625 1.640625 0.07812500000000003
v -0.140625 1.640625 -0.078125
v -0.109375 1.671875 0.07812500000000003
v -0.109375 1.671875 -0.07812499999999994
v -0.140625 1.671875 0.07812500000000003
v -0.140625 1.671875 -0.07812499999999994
v -0.109375 1.671875 0.07812500000000003
v -0.109375 1.671875 -0.12499999999999994
v -0.140625 1.671875 0.07812500000000003
v -0.140625 1.671875 -0.12499999999999994
v -0.109375 1.734375 0.07812500000000003
v -0.109375 1.734375 -0.12499999999999994
v -0.140625 1.734375 0.07812500000000003
v -0.140625 1.734375 -0.12499999999999994
v -0.12268670680337526 1.7776819067171712 0.07812500000000008
v -0.12268670680337526 1.7776819067171712 -0.15624999999999997
v -0.09381547141239754 1.765723049455762 0.07812500000000006
v -0.09381547141239754 1.765723049455762 -0.15624999999999994
v -0.14062499269548884 1.7343750536307045 0.07812500000000003
v -0.14062499269548884 1.7343750536307045 -0.15624999999999997
v -0.11175375730451115 1.7224161963692957 0.07812500000000006
v -0.11175375730451115 1.7224161963692954 -0.15624999999999994
v -0.10580666308792039 1.7945616738241592 0.07812500000000003
v -0.10580666308792039 1.7945616738241592 -0.18749999999999992
v -0.0837095761758408 1.7724645869120796 0.07812500000000006
v -0.0837095761758408 1.7724645869120796 -0.18749999999999994
v -0.12268662778005801 1.7776817091320216 0.07812500000000003
v -0.12268662778005801 1.7776817091320216 -0.18749999999999992
v -0.10058954086797839 1.755584622219942 0.07812500000000006
v -0.10058954086797839 1.755584622219942 -0.1875
v -0.254786875 1.9375 0.10312500000000008
v -0.254786875 1.9375 0.02187500000000009
v -0.254786875 1.5 0.103125
v -0.254786875 1.5 0.02187499999999999
v -0.317286875 1.9375 0.10312500000000008
v -0.317286875 1.9375 0.02187500000000009
v -0.317286875 1.5 0.103125
v -0.317286875 1.5 0.02187499999999999
v 0.317286875 1.9375 0.10312500000000008
v 0.317286875 1.9375 0.02187500000000009
v 0.317286875 1.5 0.103125
v 0.317286875 1.5 0.02187499999999999
v 0.254786875 1.9375 0.10312500000000008
v 0.254786875 1.9375 0.02187500000000009
v 0.254786875 1.5 0.103125
v 0.254786875 1.5 0.02187499999999999
v 0.28125 2.375 0.09375
v 0.28125 2.375 0.03125
v 0.28125 1.9375 0.09375
v 0.28125 1.9375 0.031250000000000056
v -0.28125 2.375 0.09375
v -0.28125 2.375 0.03125
v -0.28125 1.9375 0.09375
v -0.28125 1.9375 0.031250000000000056
v 0.125 2.234375 0.031250000000000056
v 0.125 2.234375 0.025000000000000133
v 0.125 2.046875 0.031250000000000056
v 0.125 2.046875 0.025000000000000078
v -0.125 2.234375 0.031250000000000056
v -0.125 2.234375 0.025000000000000133
v -0.125 2.046875 0.031250000000000056
v -0.125 2.046875 0.025000000000000078
v 0.0625 2.25 0.078125
v 0.0625 2.25 -0.2187499999999999
v 0.0625 2.21875 0.07812500000000011
v 0.0625 2.21875 -0.21874999999999994
v -0.0625 2.25 0.078125
v -0.0625 2.25 -0.2187499999999999
v -0.0625 2.21875 0.07812500000000011
v -0.0625 2.21875 -0.21874999999999994
v 0.10580692863070451 2.2320618676954886 0.0625
v 0.10580692863070451 2.2320618676954886 -0.20312499999999994
v 0.09384807136929547 2.203190632304511 0.06250000000000006
v 0.09384807136929547 2.203190632304511 -0.203125
v 0.06250007554423795 2.250000153587602 0.0625
v 0.06250007554423795 2.250000153587602 -0.20312499999999994
v 0.05054121828282891 2.2211289181966247 0.06250000000000006
v 0.05054121828282891 2.2211289181966247 -0.20312499999999983
v 0.12268662778005801 2.2151817091320214 0.078125
v 0.12268662778005801 2.2151817091320214 -0.1875
v 0.10058954086797839 2.193084622219942 0.07812500000000011
v 0.10058954086797839 2.193084622219942 -0.1875
v 0.10580666308792039 2.232061673824159 0.07812500000000011
v 0.10580666308792039 2.232061673824159 -0.1875
v 0.0837095761758408 2.2099645869120796 0.07812500000000006
v 0.0837095761758408 2.2099645869120796 -0.1875
v 0.14062499269548884 2.1718750536307048 0.078125
v 0.14062499269548884 2.1718750536307048 -0.15625
v 0.11175375730451115 2.1599161963692954 0.078125
v 0.11175375730451115 2.1599161963692954 -0.15625
v 0.12268670680337526 2.215181906717171 0.07812500000000006
v 0.12268670680337526 2.215181906717171 -0.1562499999999999
v 0.09381547141239754 2.203223049455762 0.07812500000000006
v 0.09381547141239754 2.203223049455762 -0.15624999999999983
v 0.109375 2.171875 0.06250000000000006
v 0.109375 2.171875 -0.125
v 0.140625 2.171875 0.06250000000000006
v 0.140625 2.171875 -0.125
v 0.109375 2.109375 0.0625
v 0.109375 2.109375 -0.12499999999999994
v 0.140625 2.109375 0.0625
v 0.140625 2.109375 -0.12499999999999994
v 0.109375 2.109375 0.078125
v 0.109375 2.109375 -0.07812499999999994
v 0.140625 2.109375 0.078125
v 0.140625 2.109375 -0.07812499999999994
v 0.109375 2.078125 0.078125
v 0.109375 2.078125 -0.078125
v 0.140625 2.078125 0.078125
v 0.140625 2.078125 -0.078125
v -0.06250007554423795 2.250000153587602 0.0625
v -0.06250007554423795 2.250000153587602 -0.20312499999999994
v -0.05054121828282891 2.2211289181966247 0.06250000000000006
v -0.05054121828282891 2.2211289181966247 -0.20312499999999983
v -0.10580692863070451 2.2320618676954886 0.0625
v -0.10580692863070451 2.2320618676954886 -0.20312499999999994
v -0.09384807136929547 2.203190632304511 0.06250000000000006
v -0.09384807136929547 2.203190632304511 -0.203125
v -0.109375 2.078125 0.078125
v -0.109375 2.078125 -0.078125
v -0.140625 2.078125 0.078125
v -0.140625 2.078125 -0.078125
v -0.109375 2.109375 0.078125
v -0.109375 2.109375 -0.07812499999999994
v -0.140625 2.109375 0.078125
v -0.140625 2.109375 -0.07812499999999994
v -0.109375 2.109375 0.078125
v -0.109375 2.109375 -0.12499999999999994
v -0.140625 2.109375 0.078125
v -0.140625 2.109375 -0.12499999999999994
v -0.109375 2.171875 0.078125
v -0.109375 2.171875 -0.125
v -0.140625 2.171875 0.078125
v -0.140625 2.171875 -0.125
v -0.12268670680337526 2.215181906717171 0.07812500000000006
v -0.12268670680337526 2.215181906717171 -0.1562499999999999
v -0.09381547141239754 2.203223049455762 0.07812500000000006
v -0.09381547141239754 2.203223049455762 -0.15624999999999983
v -0.14062499269548884 2.1718750536307048 0.078125
v -0.14062499269548884 2.1718750536307048 -0.15625
v -0.11175375730451115 2.1599161963692954 0.078125
v -0.11175375730451115 2.1599161963692954 -0.15625
v -0.10580666308792039 2.232061673824159 0.07812500000000011
v -0.10580666308792039 2.232061673824159 -0.1875
v -0.0837095761758408 2.2099645869120796 0.07812500000000006
v -0.0837095761758408 2.2099645869120796 -0.1875
v -0.12268662778005801 2.2151817091320214 0.078125
v -0.12268662778005801 2.2151817091320214 -0.1875
v -0.10058954086797839 2.193084622219942 0.07812500000000011
v -0.10058954086797839 2.193084622219942 -0.1875
v -0.254786875 2.375 0.10312500000000013
v -0.254786875 2.375 0.02187500000000009
v -0.254786875 1.9375 0.10312500000000008
v -0.254786875 1.9375 0.02187500000000009
v -0.317286875 2.375 0.10312500000000013
v -0.317286875 2.375 0.02187500000000009
v -0.317286875 1.9375 0.10312500000000008
v -0.317286875 1.9375 0.02187500000000009
v 0.317286875 2.375 0.10312500000000013
v 0.317286875 2.375 0.02187500000000009
v 0.317286875 1.9375 0.10312500000000008
v 0.317286875 1.9375 0.02187500000000009
v 0.254786875 2.375 0.10312500000000013
v 0.254786875 2.375 0.02187500000000009
v 0.254786875 1.9375 0.10312500000000008
v 0.254786875 1.9375 0.02187500000000009
v 0.26916018530477354 1.265625 0.11194975625913728
v 0.24524247078195544 1.265625 0.0542072854771819
v 0.26916018530477354 1.203125 0.1119497562591373
v 0.24524247078195544 1.203125 0.054207285477181885
v 0.09593277295890726 1.265625 0.18370289982759164
v 0.07201505843608916 1.265625 0.1259604290456362
v 0.09593277295890726 1.203125 0.18370289982759164
v 0.07201505843608916 1.203125 0.1259604290456362
v -0.09593277295890726 1.265625 0.18370289982759164
v -0.07201505843608916 1.265625 0.1259604290456362
v -0.09593277295890726 1.203125 0.18370289982759164
v -0.07201505843608916 1.203125 0.1259604290456362
v -0.26916018530477354 1.265625 0.11194975625913728
v -0.24524247078195544 1.265625 0.0542072854771819
v -0.26916018530477354 1.203125 0.1119497562591373
v -0.24524247078195544 1.203125 0.054207285477181885
v -0.0625 1.4375 0.15625
v -0.0625 1.4375 0.09375
v -0.0625 1 0.15625
v -0.0625 1 0.09375
v -0.125 1.4375 0.15625
v -0.125 1.4375 0.09375
v -0.125 1 0.15625
v -0.125 1 0.09375
v 0.125 1.4375 0.15625
v 0.125 1.4375 0.09375
v 0.125 1 0.15625
v 0.125 1 0.09375
v 0.0625 1.4375 0.15625
v 0.0625 1.4375 0.09375
v 0.0625 1 0.15625
v 0.0625 1 0.09375
v 0.15625 1.4375 0.171875
v 0.15625 1.4375 0.09375
v 0.15625 1.375 0.171875
v 0.15625 1.375 0.09375000000000003
v -0.15625 1.4375 0.171875
v -0.15625 1.4375 0.09375
v -0.15625 1.375 0.171875
v -0.15625 1.375 0.09375000000000003
v 0.26916018530477354 1.703125 0.11194975625913733
v 0.24524247078195544 1.703125 0.0542072854771819
v 0.26916018530477354 1.640625 0.11194975625913736
v 0.24524247078195544 1.640625 0.0542072854771819
v 0.09593277295890726 1.703125 0.1837028998275917
v 0.07201505843608916 1.703125 0.12596042904563623
v 0.09593277295890726 1.640625 0.18370289982759164
v 0.07201505843608916 1.640625 0.1259604290456362
v -0.09593277295890726 1.703125 0.1837028998275917
v -0.07201505843608916 1.703125 0.12596042904563623
v -0.09593277295890726 1.640625 0.18370289982759164
v -0.07201505843608916 1.640625 0.1259604290456362
v -0.26916018530477354 1.703125 0.11194975625913733
v -0.24524247078195544 1.703125 0.0542072854771819
v -0.26916018530477354 1.640625 0.11194975625913736
v -0.24524247078195544 1.640625 0.0542072854771819
v -0.0625 1.875 0.15625000000000003
v -0.0625 1.875 0.09375000000000006
v -0.0625 1.4375 0.15625
v -0.0625 1.4375 0.09375
v -0.125 1.875 0.15625000000000003
v -0.125 1.875 0.09375000000000006
v -0.125 1.4375 0.15625
v -0.125 1.4375 0.09375
v 0.125 1.875 0.15625000000000003
v 0.125 1.875 0.09375000000000006
v 0.125 1.4375 0.15625
v 0.125 1.4375 0.09375
v 0.0625 1.875 0.15625000000000003
v 0.0625 1.875 0.09375000000000006
v 0.0625 1.4375 0.15625
v 0.0625 1.4375 0.09375
v 0.15625 1.875 0.17187500000000003
v 0.15625 1.875 0.09375000000000006
v 0.15625 1.8125 0.17187500000000003
v 0.15625 1.8125 0.09375000000000003
v -0.15625 1.875 0.17187500000000003
v -0.15625 1.875 0.09375000000000006
v -0.15625 1.8125 0.17187500000000003
v -0.15625 1.8125 0.09375000000000003
v 0.26916018530477354 2.140625 0.11194975625913722
v 0.24524247078195544 2.140625 0.05420728547718201
v 0.26916018530477354 2.078125 0.11194975625913733
v 0.24524247078195544 2.078125 0.054207285477181955
v 0.09593277295890726 2.140625 0.18370289982759158
v 0.07201505843608916 2.140625 0.12596042904563626
v 0.09593277295890726 2.078125 0.18370289982759175
v 0.07201505843608916 2.078125 0.1259604290456363
v -0.09593277295890726 2.140625 0.18370289982759158
v -0.07201505843608916 2.140625 0.12596042904563626
v -0.09593277295890726 2.078125 0.18370289982759175
v -0.07201505843608916 2.078125 0.1259604290456363
v -0.26916018530477354 2.140625 0.11194975625913722
v -0.24524247078195544 2.140625 0.05420728547718201
v -0.26916018530477354 2.078125 0.11194975625913733
v -0.24524247078195544 2.078125 0.054207285477181955
v -0.0625 2.3125 0.15625000000000006
v -0.0625 2.3125 0.09375000000000006
v -0.0625 1.875 0.15625000000000003
v -0.0625 1.875 0.09375000000000006
v -0.125 2.3125 0.15625000000000006
v -0.125 2.3125 0.09375000000000006
v -0.125 1.875 0.15625000000000003
v -0.125 1.875 0.09375000000000006
v 0.125 2.3125 0.15625000000000006
v 0.125 2.3125 0.09375000000000006
v 0.125 1.875 0.15625000000000003
v 0.125 1.875 0.09375000000000006
v 0.0625 2.3125 0.15625000000000006
v 0.0625 2.3125 0.09375000000000006
v 0.0625 1.875 0.15625000000000003
v 0.0625 1.875 0.09375000000000006
v 0.15625 2.3125 0.17187500000000006
v 0.15625 2.3125 0.09375000000000006
v 0.15625 2.25 0.17187500000000006
v 0.15625 2.25 0.09375000000000006
v -0.15625 2.3125 0.17187500000000006
v -0.15625 2.3125 0.09375000000000006
v -0.15625 2.25 0.17187500000000006
v -0.15625 2.25 0.09375000000000006
v 0.26916018530477354 2.578125 0.11194975625913739
v 0.24524247078195544 2.578125 0.0542072854771819
v 0.26916018530477354 2.515625 0.11194975625913739
v 0.24524247078195544 2.515625 0.05420728547718179
v 0.09593277295890726 2.578125 0.1837028998275917
v 0.07201505843608916 2.578125 0.1259604290456363
v 0.09593277295890726 2.515625 0.1837028998275918
v 0.07201505843608916 2.515625 0.1259604290456363
v -0.09593277295890726 2.578125 0.1837028998275917
v -0.07201505843608916 2.578125 0.1259604290456363
v -0.09593277295890726 2.515625 0.1837028998275918
v -0.07201505843608916 2.515625 0.1259604290456363
v -0.26916018530477354 2.578125 0.11194975625913739
v -0.24524247078195544 2.578125 0.0542072854771819
v -0.26916018530477354 2.515625 0.11194975625913739
v -0.24524247078195544 2.515625 0.05420728547718179
v -0.0625 2.75 0.15625000000000022
v -0.0625 2.75 0.09375000000000011
v -0.0625 2.3125 0.15625000000000006
v -0.0625 2.3125 0.09375000000000006
v -0.125 2.75 0.15625000000000022
v -0.125 2.75 0.09375000000000011
v -0.125 2.3125 0.15625000000000006
v -0.125 2.3125 0.09375000000000006
v 0.125 2.75 0.15625000000000022
v 0.125 2.75 0.09375000000000011
v 0.125 2.3125 0.15625000000000006
v 0.125 2.3125 0.09375000000000006
v 0.0625 2.75 0.15625000000000022
v 0.0625 2.75 0.09375000000000011
v 0.0625 2.3125 0.15625000000000006
v 0.0625 2.3125 0.09375000000000006
v 0.15625 2.75 0.1718750000000001
v 0.15625 2.75 0.09375000000000011
v 0.15625 2.6875 0.171875
v 0.15625 2.6875 0.09375
v -0.15625 2.75 0.1718750000000001
v -0.15625 2.75 0.09375000000000011
v -0.15625 2.6875 0.171875
v -0.15625 2.6875 0.09375
v 0.1875 1 0.18749999999999997
v 0.1875 1 0.06249999999999997
v 0.1875 0.96875 0.18749999999999994
v 0.1875 0.96875 0.0625
v -0.1875 1 0.18749999999999997
v -0.1875 1 0.06249999999999997
v -0.1875 0.96875 0.18749999999999994
v -0.1875 0.96875 0.0625
v 0.1875 0.9375 0.1875
v 0.1875 0.9375 0.06249999999999993
v 0.1875 0.90625 0.18749999999999992
v 0.1875 0.90625 0.062499999999999944
v -0.1875 0.9375 0.1875
v -0.1875 0.9375 0.06249999999999993
v -0.1875 0.90625 0.18749999999999992
v -0.1875 0.90625 0.062499999999999944
v 0.09375 0.90625 0.18749999999999992
v 0.09375 0.90625 0.062499999999999944
v 0.09375 0.75 0.18749999999999997
v 0.09375 0.75 0.0625
v -0.09375 0.90625 0.18749999999999992
v -0.09375 0.90625 0.062499999999999944
v -0.09375 0.75 0.18749999999999997
v -0.09375 0.75 0.0625
v 0.15625 0.96875 0.17187499999999997
v 0.15625 0.96875 0.07812499999999996
v 0.15625 0.9375 0.171875
v 0.15625 0.9375 0.07812499999999997
v -0.15625 0.96875 0.17187499999999997
v -0.15625 0.96875 0.07812499999999996
v -0.15625 0.9375 0.171875
v -0.15625 0.9375 0.07812499999999997
v 0.0625 0.75 0.18749999999999997
v 0.0625 0.75 0.0625
v 0.0625 0.5625 0.18749999999999992
v 0.0625 0.5625000000000001 0.06249999999999989
v -0.0625 0.75 0.18749999999999997
v -0.0625 0.75 0.0625
v -0.0625 0.5625 0.18749999999999992
v -0.0625 0.5625000000000001 0.06249999999999989
v 0.05625 0.45474906216995714 0.4936486551385486
v 0.05625 0.5598942992428562 0.10124128820861472
v 0.05625 0.33400833388382356 0.4612962745007335
v 0.05625 0.4391535709567227 0.06888890757079963
v -0.05625 0.45474906216995714 0.4936486551385486
v -0.05625 0.5598942992428562 0.10124128820861472
v -0.05625 0.33400833388382356 0.4612962745007335
v -0.05625 0.4391535709567227 0.06888890757079963
v 0.0625 0.5625 0.4374999999999999
v 0.0625 0.5625000000000001 0.06249999999999989
v 0.0625 0.4375 0.4375000000000001
v 0.0625 0.4375 0.06249999999999989
v -0.0625 0.5625 0.4374999999999999
v -0.0625 0.5625000000000001 0.06249999999999989
v -0.0625 0.4375 0.4375000000000001
v -0.0625 0.4375 0.06249999999999989
v 0.125 0.625 0.4999999999999999
v 0.125 0.625 0.43749999999999994
v 0.125 0.3125 0.5
v 0.125 0.3125 0.4374999999999999
v -0.125 0.625 0.4999999999999999
v -0.125 0.625 0.43749999999999994
v -0.125 0.3125 0.5
v -0.125 0.3125 0.4374999999999999
v 0.125 0.78125 0.062499999999999944
v 0.125 0.78125 0.03125
v 0.125 0.53125 0.062499999999999944
v 0.125 0.53125 0.031249999999999944
v -0.125 0.78125 0.062499999999999944
v -0.125 0.78125 0.03125
v -0.125 0.53125 0.062499999999999944
v -0.125 0.53125 0.031249999999999944
vt 0.09375 0.34375
vt 0.116403125 0.34375
vt 0.116403125 0.359375
vt 0.09375 0.359375
vt 0.174296875 0.375
vt 0.15625 0.375
vt 0.15625 0.359375
vt 0.174296875 0.359375
vt 0.078125 0.3414475
vt 0.078125 0.32340078125000005
vt 0.0836846875 0.32109828124999995
vt 0.0836846875 0.34375
vt 0.140625 0.4006903125
vt 0.16327671875 0.4006903125
vt 0.16097421875 0.40625
vt 0.1429275 0.40625
vt 0.125 0.375
vt 0.147653125 0.375
vt 0.147653125 0.390625
vt 0.125 0.390625
vt 0.189921875 0.40625
vt 0.171875 0.40625
vt 0.171875 0.390625
vt 0.189921875 0.390625
vt 0.078125 0.34144687500000004
vt 0.078125 0.3234
vt 0.083684375 0.32109687499999995
vt 0.083684375 0.34375
vt 0.099309375 0.35234687499999995
vt 0.099309375 0.375
vt 0.09375 0.37269687500000004
vt 0.09375 0.35465
vt 0.1875 0.375
vt 0.210153125 0.375
vt 0.210153125 0.390625
vt 0.1875 0.390625
vt 0.143046875 0.390625
vt 0.125 0.390625
vt 0.125 0.375
vt 0.143046875 0.375
vt 0.20784921875 0.359375
vt 0.1898025 0.359375
vt 0.1875 0.3538153125
vt 0.21015171875 0.3538153125
vt 0.1618096875 0.35234828124999995
vt 0.1618096875 0.375
vt 0.15625 0.3726975
vt 0.15625 0.35465078125000005
vt 0.140625 0.390625
vt 0.163278125 0.390625
vt 0.163278125 0.40625
vt 0.140625 0.40625
vt 0.111796875 0.375
vt 0.09375 0.375
vt 0.09375 0.359375
vt 0.111796875 0.359375
vt 0.20785 0.40625
vt 0.189803125 0.40625
vt 0.1875 0.40069062499999997
vt 0.210153125 0.40069062499999997
vt 0.194528125 0.390625
vt 0.171875 0.390625
vt 0.174178125 0.38506562499999997
vt 0.192225 0.38506562499999997
vt 0.109375 0.359375
vt 0.132028125 0.359375
vt 0.132028125 0.375
vt 0.109375 0.375
vt 0.096171875 0.390625
vt 0.078125 0.390625
vt 0.078125 0.375
vt 0.096171875 0.375
vt 0.1618096875 0.38590078125000005
vt 0.1618096875 0.4039475
vt 0.15625 0.40625
vt 0.15625 0.38359828124999995
vt 0.14765171875 0.3125
vt 0.125 0.3125
vt 0.1273025 0.3069403125
vt 0.14534921875 0.3069403125
vt 0.140625 0.359375
vt 0.163278125 0.359375
vt 0.163278125 0.375
vt 0.140625 0.375
vt 0.127421875 0.375
vt 0.109375 0.375
vt 0.109375 0.359375
vt 0.127421875 0.359375
vt 0.161809375 0.35465
vt 0.161809375 0.37269687500000004
vt 0.15625 0.375
vt 0.15625 0.35234687499999995
vt 0.21875 0.40625
vt 0.21875 0.38359687499999995
vt 0.224309375 0.3859
vt 0.224309375 0.40394687500000004
vt 0.09375 0.359375
vt 0.116403125 0.359375
vt 0.116403125 0.375
vt 0.09375 0.375
vt 0.080546875 0.390625
vt 0.0625 0.390625
vt 0.0625 0.375
vt 0.080546875 0.375
vt 0.1585525 0.3694403125
vt 0.17659921875 0.3694403125
vt 0.17890171875 0.375
vt 0.15625 0.375
vt 0.078125 0.390625
vt 0.078125 0.36797328124999995
vt 0.0836846875 0.37027578125000005
vt 0.0836846875 0.3883225
vt 0.09375 0.328125
vt 0.116403125 0.328125
vt 0.116403125 0.34375
vt 0.09375 0.34375
vt 0.111796875 0.40625
vt 0.09375 0.40625
vt 0.09375 0.390625
vt 0.111796875 0.390625
vt 0.096053125 0.36944062499999997
vt 0.1141 0.36944062499999997
vt 0.116403125 0.375
vt 0.09375 0.375
vt 0.078125 0.36944062499999997
vt 0.100778125 0.36944062499999997
vt 0.098475 0.375
vt 0.080428125 0.375
vt 0.09375 0.34375
vt 0.116403125 0.34375
vt 0.116403125 0.359375
vt 0.09375 0.359375
vt 0.174296875 0.375
vt 0.15625 0.375
vt 0.15625 0.359375
vt 0.174296875 0.359375
vt 0.078125 0.3414475
vt 0.078125 0.32340078125000005
vt 0.0836846875 0.32109828124999995
vt 0.0836846875 0.34375
vt 0.140625 0.4006903125
vt 0.16327671875 0.4006903125
vt 0.16097421875 0.40625
vt 0.1429275 0.40625
vt 0.125 0.375
vt 0.147653125 0.375
vt 0.147653125 0.390625
vt 0.125 0.390625
vt 0.189921875 0.40625
vt 0.171875 0.40625
vt 0.171875 0.390625
vt 0.189921875 0.390625
vt 0.078125 0.34144687500000004
vt 0.078125 0.3234
vt 0.083684375 0.32109687499999995
vt 0.083684375 0.34375
vt 0.099309375 0.35234687499999995
vt 0.099309375 0.375
vt 0.09375 0.37269687500000004
vt 0.09375 0.35465
vt 0.1875 0.375
vt 0.210153125 0.375
vt 0.210153125 0.390625
vt 0.1875 0.390625
vt 0.143046875 0.390625
vt 0.125 0.390625
vt 0.125 0.375
vt 0.143046875 0.375
vt 0.20784921875 0.359375
vt 0.1898025 0.359375
vt 0.1875 0.3538153125
vt 0.21015171875 0.3538153125
vt 0.1618096875 0.35234828124999995
vt 0.1618096875 0.375
vt 0.15625 0.3726975
vt 0.15625 0.35465078125000005
vt 0.140625 0.390625
vt 0.163278125 0.390625
vt 0.163278125 0.40625
vt 0.140625 0.40625
vt 0.111796875 0.375
vt 0.09375 0.375
vt 0.09375 0.359375
vt 0.111796875 0.359375
vt 0.20785 0.40625
vt 0.189803125 0.40625
vt 0.1875 0.40069062499999997
vt 0.210153125 0.40069062499999997
vt 0.194528125 0.390625
vt 0.171875 0.390625
vt 0.174178125 0.38506562499999997
vt 0.192225 0.38506562499999997
vt 0.109375 0.359375
vt 0.132028125 0.359375
vt 0.132028125 0.375
vt 0.109375 0.375
vt 0.096171875 0.390625
vt 0.078125 0.390625
vt 0.078125 0.375
vt 0.096171875 0.375
vt 0.1618096875 0.38590078125000005
vt 0.1618096875 0.4039475
vt 0.15625 0.40625
vt 0.15625 0.38359828124999995
vt 0.14765171875 0.3125
vt 0.125 0.3125
vt 0.1273025 0.3069403125
vt 0.14534921875 0.3069403125
vt 0.140625 0.359375
vt 0.163278125 0.359375
vt 0.163278125 0.375
vt 0.140625 0.375
vt 0.127421875 0.375
vt 0.109375 0.375
vt 0.109375 0.359375
vt 0.127421875 0.359375
vt 0.161809375 0.35465
vt 0.161809375 0.37269687500000004
vt 0.15625 0.375
vt 0.15625 0.35234687499999995
vt 0.21875 0.40625
vt 0.21875 0.38359687499999995
vt 0.224309375 0.3859
vt 0.224309375 0.40394687500000004
vt 0.09375 0.359375
vt 0.116403125 0.359375
vt 0.116403125 0.375
vt 0.09375 0.375
vt 0.080546875 0.390625
vt 0.0625 0.390625
vt 0.0625 0.375
vt 0.080546875 0.375
vt 0.1585525 0.3694403125
vt 0.17659921875 0.3694403125
vt 0.17890171875 0.375
vt 0.15625 0.375
vt 0.078125 0.390625
vt 0.078125 0.36797328124999995
vt 0.0836846875 0.37027578125000005
vt 0.0836846875 0.3883225
vt 0.09375 0.328125
vt 0.116403125 0.328125
vt 0.116403125 0.34375
vt 0.09375 0.34375
vt 0.111796875 0.40625
vt 0.09375 0.40625
vt 0.09375 0.390625
vt 0.111796875 0.390625
vt 0.096053125 0.36944062499999997
vt 0.1141 0.36944062499999997
vt 0.116403125 0.375
vt 0.09375 0.375
vt 0.078125 0.36944062499999997
vt 0.100778125 0.36944062499999997
vt 0.098475 0.375
vt 0.080428125 0.375
vt 0.09375 0.34375
vt 0.116403125 0.34375
vt 0.116403125 0.359375
vt 0.09375 0.359375
vt 0.174296875 0.375
vt 0.15625 0.375
vt 0.15625 0.359375
vt 0.174296875 0.359375
vt 0.078125 0.3414475
vt 0.078125 0.32340078125000005
vt 0.0836846875 0.32109828124999995
vt 0.0836846875 0.34375
vt 0.140625 0.4006903125
vt 0.16327671875 0.4006903125
vt 0.16097421875 0.40625
vt 0.1429275 0.40625
vt 0.125 0.375
vt 0.147653125 0.375
vt 0.147653125 0.390625
vt 0.125 0.390625
vt 0.189921875 0.40625
vt 0.171875 0.40625
vt 0.171875 0.390625
vt 0.189921875 0.390625
vt 0.078125 0.34144687500000004
vt 0.078125 0.3234
vt 0.083684375 0.32109687499999995
vt 0.083684375 0.34375
vt 0.099309375 0.35234687499999995
vt 0.099309375 0.375
vt 0.09375 0.37269687500000004
vt 0.09375 0.35465
vt 0.1875 0.375
vt 0.210153125 0.375
vt 0.210153125 0.390625
vt 0.1875 0.390625
vt 0.143046875 0.390625
vt 0.125 0.390625
vt 0.125 0.375
vt 0.143046875 0.375
vt 0.20784921875 0.359375
vt 0.1898025 0.359375
vt 0.1875 0.3538153125
vt 0.21015171875 0.3538153125
vt 0.1618096875 0.35234828124999995
vt 0.1618096875 0.375
vt 0.15625 0.3726975
vt 0.15625 0.35465078125000005
vt 0.140625 0.390625
vt 0.163278125 0.390625
vt 0.163278125 0.40625
vt 0.140625 0.40625
vt 0.111796875 0.375
vt 0.09375 0.375
vt 0.09375 0.359375
vt 0.111796875 0.359375
vt 0.20785 0.40625
vt 0.189803125 0.40625
vt 0.1875 0.40069062499999997
vt 0.210153125 0.40069062499999997
vt 0.194528125 0.390625
vt 0.171875 0.390625
vt 0.174178125 0.38506562499999997
vt 0.192225 0.38506562499999997
vt 0.109375 0.359375
vt 0.132028125 0.359375
vt 0.132028125 0.375
vt 0.109375 0.375
vt 0.096171875 0.390625
vt 0.078125 0.390625
vt 0.078125 0.375
vt 0.096171875 0.375
vt 0.1618096875 0.38590078125000005
vt 0.1618096875 0.4039475
vt 0.15625 0.40625
vt 0.15625 0.38359828124999995
vt 0.14765171875 0.3125
vt 0.125 0.3125
vt 0.1273025 0.3069403125
vt 0.14534921875 0.3069403125
vt 0.140625 0.359375
vt 0.163278125 0.359375
vt 0.163278125 0.375
vt 0.140625 0.375
vt 0.127421875 0.375
vt 0.109375 0.375
vt 0.109375 0.359375
vt 0.127421875 0.359375
vt 0.161809375 0.35465
vt 0.161809375 0.37269687500000004
vt 0.15625 0.375
vt 0.15625 0.35234687499999995
vt 0.21875 0.40625
vt 0.21875 0.38359687499999995
vt 0.224309375 0.3859
vt 0.224309375 0.40394687500000004
vt 0.09375 0.359375
vt 0.116403125 0.359375
vt 0.116403125 0.375
vt 0.09375 0.375
vt 0.080546875 0.390625
vt 0.0625 0.390625
vt 0.0625 0.375
vt 0.080546875 0.375
vt 0.1585525 0.3694403125
vt 0.17659921875 0.3694403125
vt 0.17890171875 0.375
vt 0.15625 0.375
vt 0.078125 0.390625
vt 0.078125 0.36797328124999995
vt 0.0836846875 0.37027578125000005
vt 0.0836846875 0.3883225
vt 0.09375 0.328125
vt 0.116403125 0.328125
vt 0.116403125 0.34375
vt 0.09375 0.34375
vt 0.111796875 0.40625
vt 0.09375 0.40625
vt 0.09375 0.390625
vt 0.111796875 0.390625
vt 0.096053125 0.36944062499999997
vt 0.1141 0.36944062499999997
vt 0.116403125 0.375
vt 0.09375 0.375
vt 0.078125 0.36944062499999997
vt 0.100778125 0.36944062499999997
vt 0.098475 0.375
vt 0.080428125 0.375
vt 0.09375 0.34375
vt 0.116403125 0.34375
vt 0.116403125 0.359375
vt 0.09375 0.359375
vt 0.174296875 0.375
vt 0.15625 0.375
vt 0.15625 0.359375
vt 0.174296875 0.359375
vt 0.078125 0.3414475
vt 0.078125 0.32340078125000005
vt 0.0836846875 0.32109828124999995
vt 0.0836846875 0.34375
vt 0.140625 0.4006903125
vt 0.16327671875 0.4006903125
vt 0.16097421875 0.40625
vt 0.1429275 0.40625
vt 0.125 0.375
vt 0.147653125 0.375
vt 0.147653125 0.390625
vt 0.125 0.390625
vt 0.189921875 0.40625
vt 0.171875 0.40625
vt 0.171875 0.390625
vt 0.189921875 0.390625
vt 0.078125 0.34144687500000004
vt 0.078125 0.3234
vt 0.083684375 0.32109687499999995
vt 0.083684375 0.34375
vt 0.099309375 0.35234687499999995
vt 0.099309375 0.375
vt 0.09375 0.37269687500000004
vt 0.09375 0.35465
vt 0.1875 0.375
vt 0.210153125 0.375
vt 0.210153125 0.390625
vt 0.1875 0.390625
vt 0.143046875 0.390625
vt 0.125 0.390625
vt 0.125 0.375
vt 0.143046875 0.375
vt 0.20784921875 0.359375
vt 0.1898025 0.359375
vt 0.1875 0.3538153125
vt 0.21015171875 0.3538153125
vt 0.1618096875 0.35234828124999995
vt 0.1618096875 0.375
vt 0.15625 0.3726975
vt 0.15625 0.35465078125000005
vt 0.140625 0.390625
vt 0.163278125 0.390625
vt 0.163278125 0.40625
vt 0.140625 0.40625
vt 0.111796875 0.375
vt 0.09375 0.375
vt 0.09375 0.359375
vt 0.111796875 0.359375
vt 0.20785 0.40625
vt 0.189803125 0.40625
vt 0.1875 0.40069062499999997
vt 0.210153125 0.40069062499999997
vt 0.194528125 0.390625
vt 0.171875 0.390625
vt 0.174178125 0.38506562499999997
vt 0.192225 0.38506562499999997
vt 0.109375 0.359375
vt 0.132028125 0.359375
vt 0.132028125 0.375
vt 0.109375 0.375
vt 0.096171875 0.390625
vt 0.078125 0.390625
vt 0.078125 0.375
vt 0.096171875 0.375
vt 0.1618096875 0.38590078125000005
vt 0.1618096875 0.4039475
vt 0.15625 0.40625
vt 0.15625 0.38359828124999995
vt 0.14765171875 0.3125
vt 0.125 0.3125
vt 0.1273025 0.3069403125
vt 0.14534921875 0.3069403125
vt 0.140625 0.359375
vt 0.163278125 0.359375
vt 0.163278125 0.375
vt 0.140625 0.375
vt 0.127421875 0.375
vt 0.109375 0.375
vt 0.109375 0.359375
vt 0.127421875 0.359375
vt 0.161809375 0.35465
vt 0.161809375 0.37269687500000004
vt 0.15625 0.375
vt 0.15625 0.35234687499999995
vt 0.21875 0.40625
vt 0.21875 0.38359687499999995
vt 0.224309375 0.3859
vt 0.224309375 0.40394687500000004
vt 0.09375 0.359375
vt 0.116403125 0.359375
vt 0.116403125 0.375
vt 0.09375 0.375
vt 0.080546875 0.390625
vt 0.0625 0.390625
vt 0.0625 0.375
vt 0.080546875 0.375
vt 0.1585525 0.3694403125
vt 0.17659921875 0.3694403125
vt 0.17890171875 0.375
vt 0.15625 0.375
vt 0.078125 0.390625
vt 0.078125 0.36797328124999995
vt 0.0836846875 0.37027578125000005
vt 0.0836846875 0.3883225
vt 0.09375 0.328125
vt 0.116403125 0.328125
vt 0.116403125 0.34375
vt 0.09375 0.34375
vt 0.111796875 0.40625
vt 0.09375 0.40625
vt 0.09375 0.390625
vt 0.111796875 0.390625
vt 0.096053125 0.36944062499999997
vt 0.1141 0.36944062499999997
vt 0.116403125 0.375
vt 0.09375 0.375
vt 0.078125 0.36944062499999997
vt 0.100778125 0.36944062499999997
vt 0.098475 0.375
vt 0.080428125 0.375
vt 0.029596875 0.9790725
vt 0.02092859375 1
vt 0 0.9790725
vt 0 0.96875
vt 0.022653125 0.96875
vt 0.022653125 1
vt 0 1
vt 0 0.970403125
vt 0.0209275 0.97907140625
vt 0 1
vt 0.02734375 0.977346875
vt 0.02734375 1
vt 0 0.9886734375
vt 0 0.96875
vt 0.022653125 0.96875
vt 0.022653125 1
vt 0 1
vt 0.02734375 0.977346875
vt 0.02734375 1
vt 0 0.9886734375
vt 0 0.970403125
vt 0.0209275 0.97907140625
vt 0 1
vt 0 0.96875
vt 0.022653125 0.96875
vt 0.022653125 1
vt 0 1
vt 0.029596875 0.9790725
vt 0.02092859375 1
vt 0 0.9790725
vt 0 0.97265625
vt 0.022653125 0.97265625
vt 0.0113265625 1
vt 0 0.96875
vt 0.022653125 0.96875
vt 0.022653125 1
vt 0 1
vt 0.022653125 1
vt 0 1
vt 0.0113265625 0.97265625
vt 0 1
vt 0.008668125 0.9790725
vt 0.029596875 1
vt 0 0.96875
vt 0.022653125 0.96875
vt 0.022653125 1
vt 0 1
vt 0.0209275 1
vt 0 0.991331875
vt 0.0209275 0.970403125
vt 0 1
vt 0 0.977346875
vt 0.02734375 0.9886734375
vt 0 0.96875
vt 0.022653125 0.96875
vt 0.022653125 1
vt 0 1
vt 0 1
vt 0 0.977346875
vt 0.02734375 0.9886734375
vt 0.0209275 1
vt 0 0.991331875
vt 0.0209275 0.970403125
vt 0 0.96875
vt 0.022653125 0.96875
vt 0.022653125 1
vt 0 1
vt 0 1
vt 0.008668125 0.9790725
vt 0.029596875 1
vt 0.022653125 1
vt 0 1
vt 0.0113265625 0.97265625
vt 0 0.96875
vt 0.022653125 0.96875
vt 0.022653125 1
vt 0 1
vt 0 0.97265625
vt 0.022653125 0.97265625
vt 0.0113265625 1
vt 0.029596875 0.9790725
vt 0.02092859375 1
vt 0 0.9790725
vt 0 0.96875
vt 0.022653125 0.96875
vt 0.022653125 1
vt 0 1
vt 0 0.970403125
vt 0.0209275 0.97907140625
vt 0 1
vt 0.02734375 0.977346875
vt 0.02734375 1
vt 0 0.9886734375
vt 0 0.96875
vt 0.022653125 0.96875
vt 0.022653125 1
vt 0 1
vt 0.02734375 0.977346875
vt 0.02734375 1
vt 0 0.9886734375
vt 0 0.970403125
vt 0.0209275 0.97907140625
vt 0 1
vt 0 0.96875
vt 0.022653125 0.96875
vt 0.022653125 1
vt 0 1
vt 0.029596875 0.9790725
vt 0.02092859375 1
vt 0 0.9790725
vt 0 0.97265625
vt 0.022653125 0.97265625
vt 0.0113265625 1
vt 0 0.96875
vt 0.022653125 0.96875
vt 0.022653125 1
vt 0 1
vt 0.022653125 1
vt 0 1
vt 0.0113265625 0.97265625
vt 0 1
vt 0.008668125 0.9790725
vt 0.029596875 1
vt 0 0.96875
vt 0.022653125 0.96875
vt 0.022653125 1
vt 0 1
vt 0.0209275 1
vt 0 0.991331875
vt 0.0209275 0.970403125
vt 0 1
vt 0 0.977346875
vt 0.02734375 0.9886734375
vt 0 0.96875
vt 0.022653125 0.96875
vt 0.022653125 1
vt 0 1
vt 0 1
vt 0 0.977346875
vt 0.02734375 0.9886734375
vt 0.0209275 1
vt 0 0.991331875
vt 0.0209275 0.970403125
vt 0 0.96875
vt 0.022653125 0.96875
vt 0.022653125 1
vt 0 1
vt 0 1
vt 0.008668125 0.9790725
vt 0.029596875 1
vt 0.022653125 1
vt 0 1
vt 0.0113265625 0.97265625
vt 0 0.96875
vt 0.022653125 0.96875
vt 0.022653125 1
vt 0 1
vt 0 0.97265625
vt 0.022653125 0.97265625
vt 0.0113265625 1
vt 0.029596875 0.9790725
vt 0.02092859375 1
vt 0 0.9790725
vt 0 0.96875
vt 0.022653125 0.96875
vt 0.022653125 1
vt 0 1
vt 0 0.970403125
vt 0.0209275 0.97907140625
vt 0 1
vt 0.02734375 0.977346875
vt 0.02734375 1
vt 0 0.9886734375
vt 0 0.96875
vt 0.022653125 0.96875
vt 0.022653125 1
vt 0 1
vt 0.02734375 0.977346875
vt 0.02734375 1
vt 0 0.9886734375
vt 0 0.970403125
vt 0.0209275 0.97907140625
vt 0 1
vt 0 0.96875
vt 0.022653125 0.96875
vt 0.022653125 1
vt 0 1
vt 0.029596875 0.9790725
vt 0.02092859375 1
vt 0 0.9790725
vt 0 0.97265625
vt 0.022653125 0.97265625
vt 0.0113265625 1
vt 0 0.96875
vt 0.022653125 0.96875
vt 0.022653125 1
vt 0 1
vt 0.022653125 1
vt 0 1
vt 0.0113265625 0.97265625
vt 0 1
vt 0.008668125 0.9790725
vt 0.029596875 1
vt 0 0.96875
vt 0.022653125 0.96875
vt 0.022653125 1
vt 0 1
vt 0.0209275 1
vt 0 0.991331875
vt 0.0209275 0.970403125
vt 0 1
vt 0 0.977346875
vt 0.02734375 0.9886734375
vt 0 0.96875
vt 0.022653125 0.96875
vt 0.022653125 1
vt 0 1
vt 0 1
vt 0 0.977346875
vt 0.02734375 0.9886734375
vt 0.0209275 1
vt 0 0.991331875
vt 0.0209275 0.970403125
vt 0 0.96875
vt 0.022653125 0.96875
vt 0.022653125 1
vt 0 1
vt 0 1
vt 0.008668125 0.9790725
vt 0.029596875 1
vt 0.022653125 1
vt 0 1
vt 0.0113265625 0.97265625
vt 0 0.96875
vt 0.022653125 0.96875
vt 0.022653125 1
vt 0 1
vt 0 0.97265625
vt 0.022653125 0.97265625
vt 0.0113265625 1
vt 0.029596875 0.9790725
vt 0.02092859375 1
vt 0 0.9790725
vt 0 0.96875
vt 0.022653125 0.96875
vt 0.022653125 1
vt 0 1
vt 0 0.970403125
vt 0.0209275 0.97907140625
vt 0 1
vt 0.02734375 0.977346875
vt 0.02734375 1
vt 0 0.9886734375
vt 0 0.96875
vt 0.022653125 0.96875
vt 0.022653125 1
vt 0 1
vt 0.02734375 0.977346875
vt 0.02734375 1
vt 0 0.9886734375
vt 0 0.970403125
vt 0.0209275 0.97907140625
vt 0 1
vt 0 0.96875
vt 0.022653125 0.96875
vt 0.022653125 1
vt 0 1
vt 0.029596875 0.9790725
vt 0.02092859375 1
vt 0 0.9790725
vt 0 0.97265625
vt 0.022653125 0.97265625
vt 0.0113265625 1
vt 0 0.96875
vt 0.022653125 0.96875
vt 0.022653125 1
vt 0 1
vt 0.022653125 1
vt 0 1
vt 0.0113265625 0.97265625
vt 0 1
vt 0.008668125 0.9790725
vt 0.029596875 1
vt 0 0.96875
vt 0.022653125 0.96875
vt 0.022653125 1
vt 0 1
vt 0.0209275 1
vt 0 0.991331875
vt 0.0209275 0.970403125
vt 0 1
vt 0 0.977346875
vt 0.02734375 0.9886734375
vt 0 0.96875
vt 0.022653125 0.96875
vt 0.022653125 1
vt 0 1
vt 0 1
vt 0 0.977346875
vt 0.02734375 0.9886734375
vt 0.0209275 1
vt 0 0.991331875
vt 0.0209275 0.970403125
vt 0 0.96875
vt 0.022653125 0.96875
vt 0.022653125 1
vt 0 1
vt 0 1
vt 0.008668125 0.9790725
vt 0.029596875 1
vt 0.022653125 1
vt 0 1
vt 0.0113265625 0.97265625
vt 0 0.96875
vt 0.022653125 0.96875
vt 0.022653125 1
vt 0 1
vt 0 0.97265625
vt 0.022653125 0.97265625
vt 0.0113265625 1
vt 0.3125 0.359375
vt 0.3125 0.4375
vt 0.296875 0.4375
vt 0.296875 0.359375
vt 0.3125 0.359375
vt 0.3125 0.4375
vt 0.296875 0.4375
vt 0.296875 0.359375
vt 0.4375 0.421875
vt 0.4375 0.4375
vt 0.296875 0.4375
vt 0.296875 0.421875
vt 0.4375 0.359375
vt 0.4375 0.375
vt 0.296875 0.375
vt 0.296875 0.359375
vt 0.4375 0.359375
vt 0.4375 0.4375
vt 0.296875 0.4375
vt 0.296875 0.359375
vt 0.4375 0.359375
vt 0.4375 0.4375
vt 0.296875 0.4375
vt 0.296875 0.359375
vt 0.3953125 0.671875
vt 0.3953125 0.6875
vt 0.375 0.6875
vt 0.375 0.671875
vt 0.3484375 0.6875
vt 0.3484375 0.703125
vt 0.328125 0.703125
vt 0.328125 0.6875
vt 0.40625 0.6984375
vt 0.40625 0.71875
vt 0.34375 0.71875
vt 0.34375 0.6984375
vt 0.390625 0.6515625
vt 0.390625 0.671875
vt 0.328125 0.671875
vt 0.328125 0.6515625
vt 0.390625 0.65625
vt 0.390625 0.671875
vt 0.328125 0.671875
vt 0.328125 0.65625
vt 0.953125 0.671875
vt 0.953125 0.6875
vt 0.890625 0.6875
vt 0.890625 0.671875
vt 0.39375 0.703125
vt 0.39375 0.71875
vt 0.375 0.71875
vt 0.375 0.703125
vt 0.33125 0.65625
vt 0.33125 0.671875
vt 0.3125 0.671875
vt 0.3125 0.65625
vt 0.390625 0.66875
vt 0.390625 0.6875
vt 0.3671875 0.6875
vt 0.3671875 0.66875
vt 0.34375 0.684375
vt 0.34375 0.703125
vt 0.3203125 0.703125
vt 0.3203125 0.684375
vt 0.328125 0.6875
vt 0.328125 0.703125
vt 0.3046875 0.703125
vt 0.3046875 0.6875
vt 0.9296875 0.625
vt 0.9296875 0.640625
vt 0.90625 0.640625
vt 0.90625 0.625
vt 0.39375 0.703125
vt 0.39375 0.71875
vt 0.375 0.71875
vt 0.375 0.703125
vt 0.33125 0.65625
vt 0.33125 0.671875
vt 0.3125 0.671875
vt 0.3125 0.65625
vt 0.390625 0.66875
vt 0.390625 0.6875
vt 0.3671875 0.6875
vt 0.3671875 0.66875
vt 0.34375 0.684375
vt 0.34375 0.703125
vt 0.3203125 0.703125
vt 0.3203125 0.684375
vt 0.328125 0.6875
vt 0.328125 0.703125
vt 0.3046875 0.703125
vt 0.3046875 0.6875
vt 0.9296875 0.625
vt 0.9296875 0.640625
vt 0.90625 0.640625
vt 0.90625 0.625
vt 0.39375 0.703125
vt 0.39375 0.71875
vt 0.375 0.71875
vt 0.375 0.703125
vt 0.33125 0.65625
vt 0.33125 0.671875
vt 0.3125 0.671875
vt 0.3125 0.65625
vt 0.390625 0.66875
vt 0.390625 0.6875
vt 0.3671875 0.6875
vt 0.3671875 0.66875
vt 0.34375 0.684375
vt 0.34375 0.703125
vt 0.3203125 0.703125
vt 0.3203125 0.684375
vt 0.328125 0.6875
vt 0.328125 0.703125
vt 0.3046875 0.703125
vt 0.3046875 0.6875
vt 0.9296875 0.625
vt 0.9296875 0.640625
vt 0.90625 0.640625
vt 0.90625 0.625
vt 0.39375 0.703125
vt 0.39375 0.71875
vt 0.375 0.71875
vt 0.375 0.703125
vt 0.33125 0.65625
vt 0.33125 0.671875
vt 0.3125 0.671875
vt 0.3125 0.65625
vt 0.390625 0.66875
vt 0.390625 0.6875
vt 0.3671875 0.6875
vt 0.3671875 0.66875
vt 0.34375 0.684375
vt 0.34375 0.703125
vt 0.3203125 0.703125
vt 0.3203125 0.684375
vt 0.328125 0.6875
vt 0.328125 0.703125
vt 0.3046875 0.703125
vt 0.3046875 0.6875
vt 0.9296875 0.625
vt 0.9296875 0.640625
vt 0.90625 0.640625
vt 0.90625 0.625
vt 0.39375 0.703125
vt 0.39375 0.71875
vt 0.375 0.71875
vt 0.375 0.703125
vt 0.33125 0.65625
vt 0.33125 0.671875
vt 0.3125 0.671875
vt 0.3125 0.65625
vt 0.390625 0.66875
vt 0.390625 0.6875
vt 0.3671875 0.6875
vt 0.3671875 0.66875
vt 0.34375 0.684375
vt 0.34375 0.703125
vt 0.3203125 0.703125
vt 0.3203125 0.684375
vt 0.328125 0.6875
vt 0.328125 0.703125
vt 0.3046875 0.703125
vt 0.3046875 0.6875
vt 0.9296875 0.625
vt 0.9296875 0.640625
vt 0.90625 0.640625
vt 0.90625 0.625
vt 0.39375 0.703125
vt 0.39375 0.71875
vt 0.375 0.71875
vt 0.375 0.703125
vt 0.33125 0.65625
vt 0.33125 0.671875
vt 0.3125 0.671875
vt 0.3125 0.65625
vt 0.390625 0.66875
vt 0.390625 0.6875
vt 0.3671875 0.6875
vt 0.3671875 0.66875
vt 0.34375 0.684375
vt 0.34375 0.703125
vt 0.3203125 0.703125
vt 0.3203125 0.684375
vt 0.328125 0.6875
vt 0.328125 0.703125
vt 0.3046875 0.703125
vt 0.3046875 0.6875
vt 0.9296875 0.625
vt 0.9296875 0.640625
vt 0.90625 0.640625
vt 0.90625 0.625
vt 0.39375 0.703125
vt 0.39375 0.71875
vt 0.375 0.71875
vt 0.375 0.703125
vt 0.33125 0.65625
vt 0.33125 0.671875
vt 0.3125 0.671875
vt 0.3125 0.65625
vt 0.390625 0.66875
vt 0.390625 0.6875
vt 0.3671875 0.6875
vt 0.3671875 0.66875
vt 0.34375 0.684375
vt 0.34375 0.703125
vt 0.3203125 0.703125
vt 0.3203125 0.684375
vt 0.328125 0.6875
vt 0.328125 0.703125
vt 0.3046875 0.703125
vt 0.3046875 0.6875
vt 0.9296875 0.625
vt 0.9296875 0.640625
vt 0.90625 0.640625
vt 0.90625 0.625
vt 0.3125 0.65625
vt 0.3125 0.671875
vt 0.33125 0.671875
vt 0.33125 0.65625
vt 0.375 0.703125
vt 0.375 0.71875
vt 0.39375 0.71875
vt 0.39375 0.703125
vt 0.3671875 0.66875
vt 0.3671875 0.6875
vt 0.390625 0.6875
vt 0.390625 0.66875
vt 0.3203125 0.684375
vt 0.3203125 0.703125
vt 0.34375 0.703125
vt 0.34375 0.684375
vt 0.3046875 0.6875
vt 0.3046875 0.703125
vt 0.328125 0.703125
vt 0.328125 0.6875
vt 0.90625 0.625
vt 0.90625 0.640625
vt 0.9296875 0.640625
vt 0.9296875 0.625
vt 0.3125 0.65625
vt 0.3125 0.671875
vt 0.33125 0.671875
vt 0.33125 0.65625
vt 0.375 0.703125
vt 0.375 0.71875
vt 0.39375 0.71875
vt 0.39375 0.703125
vt 0.3671875 0.66875
vt 0.3671875 0.6875
vt 0.390625 0.6875
vt 0.390625 0.66875
vt 0.3203125 0.684375
vt 0.3203125 0.703125
vt 0.34375 0.703125
vt 0.34375 0.684375
vt 0.3046875 0.6875
vt 0.3046875 0.703125
vt 0.328125 0.703125
vt 0.328125 0.6875
vt 0.90625 0.625
vt 0.90625 0.640625
vt 0.9296875 0.640625
vt 0.9296875 0.625
vt 0.3125 0.65625
vt 0.3125 0.671875
vt 0.33125 0.671875
vt 0.33125 0.65625
vt 0.375 0.703125
vt 0.375 0.71875
vt 0.39375 0.71875
vt 0.39375 0.703125
vt 0.3671875 0.66875
vt 0.3671875 0.6875
vt 0.390625 0.6875
vt 0.390625 0.66875
vt 0.3203125 0.684375
vt 0.3203125 0.703125
vt 0.34375 0.703125
vt 0.34375 0.684375
vt 0.3046875 0.6875
vt 0.3046875 0.703125
vt 0.328125 0.703125
vt 0.328125 0.6875
vt 0.90625 0.625
vt 0.90625 0.640625
vt 0.9296875 0.640625
vt 0.9296875 0.625
vt 0.3125 0.65625
vt 0.3125 0.671875
vt 0.33125 0.671875
vt 0.33125 0.65625
vt 0.375 0.703125
vt 0.375 0.71875
vt 0.39375 0.71875
vt 0.39375 0.703125
vt 0.3671875 0.66875
vt 0.3671875 0.6875
vt 0.390625 0.6875
vt 0.390625 0.66875
vt 0.3203125 0.684375
vt 0.3203125 0.703125
vt 0.34375 0.703125
vt 0.34375 0.684375
vt 0.3046875 0.6875
vt 0.3046875 0.703125
vt 0.328125 0.703125
vt 0.328125 0.6875
vt 0.90625 0.625
vt 0.90625 0.640625
vt 0.9296875 0.640625
vt 0.9296875 0.625
vt 0.3125 0.65625
vt 0.3125 0.671875
vt 0.33125 0.671875
vt 0.33125 0.65625
vt 0.375 0.703125
vt 0.375 0.71875
vt 0.39375 0.71875
vt 0.39375 0.703125
vt 0.3671875 0.66875
vt 0.3671875 0.6875
vt 0.390625 0.6875
vt 0.390625 0.66875
vt 0.3203125 0.684375
vt 0.3203125 0.703125
vt 0.34375 0.703125
vt 0.34375 0.684375
vt 0.3046875 0.6875
vt 0.3046875 0.703125
vt 0.328125 0.703125
vt 0.328125 0.6875
vt 0.90625 0.625
vt 0.90625 0.640625
vt 0.9296875 0.640625
vt 0.9296875 0.625
vt 0.3125 0.65625
vt 0.3125 0.671875
vt 0.33125 0.671875
vt 0.33125 0.65625
vt 0.375 0.703125
vt 0.375 0.71875
vt 0.39375 0.71875
vt 0.39375 0.703125
vt 0.3671875 0.66875
vt 0.3671875 0.6875
vt 0.390625 0.6875
vt 0.390625 0.66875
vt 0.3203125 0.684375
vt 0.3203125 0.703125
vt 0.34375 0.703125
vt 0.34375 0.684375
vt 0.3046875 0.6875
vt 0.3046875 0.703125
vt 0.328125 0.703125
vt 0.328125 0.6875
vt 0.90625 0.625
vt 0.90625 0.640625
vt 0.9296875 0.640625
vt 0.9296875 0.625
vt 0.3125 0.65625
vt 0.3125 0.671875
vt 0.33125 0.671875
vt 0.33125 0.65625
vt 0.375 0.703125
vt 0.375 0.71875
vt 0.39375 0.71875
vt 0.39375 0.703125
vt 0.3671875 0.66875
vt 0.3671875 0.6875
vt 0.390625 0.6875
vt 0.390625 0.66875
vt 0.3203125 0.684375
vt 0.3203125 0.703125
vt 0.34375 0.703125
vt 0.34375 0.684375
vt 0.3046875 0.6875
vt 0.3046875 0.703125
vt 0.328125 0.703125
vt 0.328125 0.6875
vt 0.90625 0.625
vt 0.90625 0.640625
vt 0.9296875 0.640625
vt 0.9296875 0.625
vt 0.328125 0.6875
vt 0.328125 0.703125
vt 0.3484375 0.703125
vt 0.3484375 0.6875
vt 0.375 0.671875
vt 0.375 0.6875
vt 0.3953125 0.6875
vt 0.3953125 0.671875
vt 0.34375 0.6984375
vt 0.34375 0.71875
vt 0.40625 0.71875
vt 0.40625 0.6984375
vt 0.328125 0.6515625
vt 0.328125 0.671875
vt 0.390625 0.671875
vt 0.390625 0.6515625
vt 0.328125 0.65625
vt 0.328125 0.671875
vt 0.390625 0.671875
vt 0.390625 0.65625
vt 0.890625 0.671875
vt 0.890625 0.6875
vt 0.953125 0.6875
vt 0.953125 0.671875
vt 0.359375 0.625
vt 0.359375 0.640625
vt 0.328125 0.640625
vt 0.328125 0.625
vt 0.453125 0.59375
vt 0.453125 0.609375
vt 0.421875 0.609375
vt 0.421875 0.59375
vt 0.375 0.625
vt 0.375 0.65625
vt 0.34375 0.65625
vt 0.34375 0.625
vt 0.328125 0.671875
vt 0.328125 0.703125
vt 0.296875 0.703125
vt 0.296875 0.671875
vt 0.390625 0.578125
vt 0.390625 0.59375
vt 0.359375 0.59375
vt 0.359375 0.578125
vt 0.9375 0.671875
vt 0.9375 0.6875
vt 0.90625 0.6875
vt 0.90625 0.671875
vt 0.359375 0.671875
vt 0.359375 0.6875
vt 0.34375 0.6875
vt 0.34375 0.671875
vt 0.390625 0.6875
vt 0.390625 0.703125
vt 0.375 0.703125
vt 0.375 0.6875
vt 0.42578125 0.703125
vt 0.42578125 0.71875
vt 0.33984375 0.71875
vt 0.33984375 0.703125
vt 0.42578125 0.625
vt 0.42578125 0.640625
vt 0.33984375 0.640625
vt 0.33984375 0.625
vt 0.42578125 0.6875
vt 0.42578125 0.703125
vt 0.33984375 0.703125
vt 0.33984375 0.6875
vt 0.4296875 0.578125
vt 0.4296875 0.59375
vt 0.34375 0.59375
vt 0.34375 0.578125
vt 0.3125 0.65625
vt 0.3125 0.671875
vt 0.296875 0.671875
vt 0.296875 0.65625
vt 0.3125 0.609375
vt 0.3125 0.625
vt 0.296875 0.625
vt 0.296875 0.609375
vt 0.4375 0.671875
vt 0.4375 0.6875
vt 0.328125 0.6875
vt 0.328125 0.671875
vt 0.4375 0.625
vt 0.4375 0.640625
vt 0.328125 0.640625
vt 0.328125 0.625
vt 0.421875 0.703125
vt 0.421875 0.71875
vt 0.3125 0.71875
vt 0.3125 0.703125
vt 0.4375 0.5625
vt 0.4375 0.578125
vt 0.328125 0.578125
vt 0.328125 0.5625
vt 0.3125 0.578125
vt 0.3125 0.671875
vt 0.296875 0.671875
vt 0.296875 0.578125
vt 0.3125 0.578125
vt 0.3125 0.671875
vt 0.296875 0.671875
vt 0.296875 0.578125
vt 0.4375 0.65625
vt 0.4375 0.671875
vt 0.296875 0.671875
vt 0.296875 0.65625
vt 0.4375 0.625
vt 0.4375 0.640625
vt 0.296875 0.640625
vt 0.296875 0.625
vt 0.40625 0.21875
vt 0.40625 0.3125
vt 0.265625 0.3125
vt 0.265625 0.21875
vt 0.40625 0.21875
vt 0.40625 0.3125
vt 0.265625 0.3125
vt 0.265625 0.21875
vt 0.9375 0.015625
vt 0.9375 0.0625
vt 0.9359375 0.0625
vt 0.9359375 0.015625
vt 0.9234375 0
vt 0.9234375 0.046875
vt 0.921875 0.046875
vt 0.921875 0
vt 0.984375 0.06093749999999998
vt 0.984375 0.0625
vt 0.921875 0.0625
vt 0.921875 0.06093749999999998
vt 0.984375 0.046875
vt 0.984375 0.04843750000000002
vt 0.921875 0.04843750000000002
vt 0.921875 0.046875
vt 0.96875 0.015625
vt 0.96875 0.0625
vt 0.90625 0.0625
vt 0.90625 0.015625
vt 0.359375 0.359375
vt 0.359375 0.40625
vt 0.296875 0.40625
vt 0.296875 0.359375
vt 0.125 0.3671875
vt 0.125 0.375
vt 0.046875 0.375
vt 0.046875 0.3671875
vt 0.109375 0.3984375
vt 0.109375 0.40625
vt 0.03125 0.40625
vt 0.03125 0.3984375
vt 0.0625 0.328125
vt 0.0625 0.40625
vt 0.03125 0.40625
vt 0.03125 0.328125
vt 0.0625 0.34375
vt 0.0625 0.421875
vt 0.03125 0.421875
vt 0.03125 0.34375
vt 0.09375 0.3671875
vt 0.09375 0.375
vt 0.0625 0.375
vt 0.0625 0.3671875
vt 0.125 0.3828125
vt 0.125 0.390625
vt 0.09375 0.390625
vt 0.09375 0.3828125
vt 0.11328125 0.3984375
vt 0.11328125 0.40625
vt 0.046875 0.40625
vt 0.046875 0.3984375
vt 0.140625 0.3984375
vt 0.140625 0.40625
vt 0.07421875 0.40625
vt 0.07421875 0.3984375
vt 0.0625 0.34375
vt 0.0625 0.41015625
vt 0.05078125 0.41015625
vt 0.05078125 0.34375
vt 0.0625 0.35546875
vt 0.0625 0.421875
vt 0.05078125 0.421875
vt 0.05078125 0.35546875
vt 0.078125 0.3984375
vt 0.078125 0.40625
vt 0.06640625 0.40625
vt 0.06640625 0.3984375
vt 0.08984375 0.3984375
vt 0.08984375 0.40625
vt 0.078125 0.40625
vt 0.078125 0.3984375
vt 0.19921875 0.3828125
vt 0.19921875 0.390625
vt 0.125 0.390625
vt 0.125 0.3828125
vt 0.21875 0.3671875
vt 0.21875 0.375
vt 0.14453125 0.375
vt 0.14453125 0.3671875
vt 0.10362421875 0.34375
vt 0.10362421875 0.41796875
vt 0.09765625 0.41796875
vt 0.09765625 0.34375
vt 0.11924921875 0.33203125
vt 0.11924921875 0.40625
vt 0.11328125 0.40625
vt 0.11328125 0.33203125
vt 0.08799921875 0.3671875
vt 0.08799921875 0.375
vt 0.08203125 0.375
vt 0.08203125 0.3671875
vt 0.08409296875 0.3984375
vt 0.08409296875 0.40625
vt 0.078125 0.40625
vt 0.078125 0.3984375
vt 0.16796875 0.3828125
vt 0.16796875 0.390625
vt 0.09375 0.390625
vt 0.09375 0.3828125
vt 0.125 0.3984375
vt 0.125 0.40625
vt 0.05078125 0.40625
vt 0.05078125 0.3984375
vt 0.078125 0.34375
vt 0.078125 0.41796875
vt 0.06640625 0.41796875
vt 0.06640625 0.34375
vt 0.0625 0.34765625
vt 0.0625 0.421875
vt 0.05078125 0.421875
vt 0.05078125 0.34765625
vt 0.15625 0.3671875
vt 0.15625 0.375
vt 0.14453125 0.375
vt 0.14453125 0.3671875
vt 0.12109375 0.3828125
vt 0.12109375 0.390625
vt 0.109375 0.390625
vt 0.109375 0.3828125
vt 0.15625 0.3671875
vt 0.15625 0.375
vt 0.09375 0.375
vt 0.09375 0.3671875
vt 0.125 0.3828125
vt 0.125 0.390625
vt 0.0625 0.390625
vt 0.0625 0.3828125
vt 0.0625 0.34375
vt 0.0625 0.40625
vt 0.046875 0.40625
vt 0.046875 0.34375
vt 0.078125 0.3125
vt 0.078125 0.375
vt 0.0625 0.375
vt 0.0625 0.3125
vt 0.078125 0.4140625
vt 0.078125 0.421875
vt 0.0625 0.421875
vt 0.0625 0.4140625
vt 0.171875 0.3828125
vt 0.171875 0.390625
vt 0.15625 0.390625
vt 0.15625 0.3828125
vt 0.171875 0.3828125
vt 0.171875 0.390625
vt 0.125 0.390625
vt 0.125 0.3828125
vt 0.140625 0.3984375
vt 0.140625 0.40625
vt 0.09375 0.40625
vt 0.09375 0.3984375
vt 0.15625 0.34375
vt 0.15625 0.390625
vt 0.1484375 0.390625
vt 0.1484375 0.34375
vt 0.109375 0.328125
vt 0.109375 0.375
vt 0.1015625 0.375
vt 0.1015625 0.328125
vt 0.1875 0.3671875
vt 0.1875 0.375
vt 0.1796875 0.375
vt 0.1796875 0.3671875
vt 0.1953125 0.3828125
vt 0.1953125 0.390625
vt 0.1875 0.390625
vt 0.1875 0.3828125
vt 0.07421875 0.3984375
vt 0.07421875 0.40625
vt 0.140625 0.40625
vt 0.140625 0.3984375
vt 0.046875 0.3984375
vt 0.046875 0.40625
vt 0.11328125 0.40625
vt 0.11328125 0.3984375
vt 0.05078125 0.34375
vt 0.05078125 0.41015625
vt 0.0625 0.41015625
vt 0.0625 0.34375
vt 0.05078125 0.35546875
vt 0.05078125 0.421875
vt 0.0625 0.421875
vt 0.0625 0.35546875
vt 0.06640625 0.3984375
vt 0.06640625 0.40625
vt 0.078125 0.40625
vt 0.078125 0.3984375
vt 0.078125 0.3984375
vt 0.078125 0.40625
vt 0.08984375 0.40625
vt 0.08984375 0.3984375
vt 0.09375 0.3984375
vt 0.09375 0.40625
vt 0.140625 0.40625
vt 0.140625 0.3984375
vt 0.125 0.3828125
vt 0.125 0.390625
vt 0.171875 0.390625
vt 0.171875 0.3828125
vt 0.1484375 0.34375
vt 0.1484375 0.390625
vt 0.15625 0.390625
vt 0.15625 0.34375
vt 0.1015625 0.328125
vt 0.1015625 0.375
vt 0.109375 0.375
vt 0.109375 0.328125
vt 0.1796875 0.3671875
vt 0.1796875 0.375
vt 0.1875 0.375
vt 0.1875 0.3671875
vt 0.1875 0.3828125
vt 0.1875 0.390625
vt 0.1953125 0.390625
vt 0.1953125 0.3828125
vt 0.0625 0.3828125
vt 0.0625 0.390625
vt 0.125 0.390625
vt 0.125 0.3828125
vt 0.09375 0.3671875
vt 0.09375 0.375
vt 0.15625 0.375
vt 0.15625 0.3671875
vt 0.046875 0.34375
vt 0.046875 0.40625
vt 0.0625 0.40625
vt 0.0625 0.34375
vt 0.0625 0.3125
vt 0.0625 0.375
vt 0.078125 0.375
vt 0.078125 0.3125
vt 0.0625 0.4140625
vt 0.0625 0.421875
vt 0.078125 0.421875
vt 0.078125 0.4140625
vt 0.15625 0.3828125
vt 0.15625 0.390625
vt 0.171875 0.390625
vt 0.171875 0.3828125
vt 0.05078125 0.3984375
vt 0.05078125 0.40625
vt 0.125 0.40625
vt 0.125 0.3984375
vt 0.09375 0.3828125
vt 0.09375 0.390625
vt 0.16796875 0.390625
vt 0.16796875 0.3828125
vt 0.06640625 0.34375
vt 0.06640625 0.41796875
vt 0.078125 0.41796875
vt 0.078125 0.34375
vt 0.05078125 0.34765625
vt 0.05078125 0.421875
vt 0.0625 0.421875
vt 0.0625 0.34765625
vt 0.14453125 0.3671875
vt 0.14453125 0.375
vt 0.15625 0.375
vt 0.15625 0.3671875
vt 0.109375 0.3828125
vt 0.109375 0.390625
vt 0.12109375 0.390625
vt 0.12109375 0.3828125
vt 0.14453125 0.3671875
vt 0.14453125 0.375
vt 0.21875 0.375
vt 0.21875 0.3671875
vt 0.125 0.3828125
vt 0.125 0.390625
vt 0.19921875 0.390625
vt 0.19921875 0.3828125
vt 0.09765625 0.34375
vt 0.09765625 0.41796875
vt 0.10362421875 0.41796875
vt 0.10362421875 0.34375
vt 0.11328125 0.33203125
vt 0.11328125 0.40625
vt 0.11924921875 0.40625
vt 0.11924921875 0.33203125
vt 0.08203125 0.3671875
vt 0.08203125 0.375
vt 0.08799921875 0.375
vt 0.08799921875 0.3671875
vt 0.078125 0.3984375
vt 0.078125 0.40625
vt 0.08409296875 0.40625
vt 0.08409296875 0.3984375
vt 0.3953125 0.6875
vt 0.3953125 0.671875
vt 0.375 0.671875
vt 0.375 0.6875
vt 0.3484375 0.703125
vt 0.3484375 0.6875
vt 0.328125 0.6875
vt 0.328125 0.703125
vt 0.390625 0.671875
vt 0.390625 0.6515625
vt 0.328125 0.6515625
vt 0.328125 0.671875
vt 0.40625 0.71875
vt 0.40625 0.6984375
vt 0.34375 0.6984375
vt 0.34375 0.71875
vt 0.390625 0.671875
vt 0.390625 0.65625
vt 0.328125 0.65625
vt 0.328125 0.671875
vt 0.953125 0.6875
vt 0.953125 0.671875
vt 0.890625 0.671875
vt 0.890625 0.6875
vt 0.39375 0.71875
vt 0.39375 0.703125
vt 0.375 0.703125
vt 0.375 0.71875
vt 0.33125 0.671875
vt 0.33125 0.65625
vt 0.3125 0.65625
vt 0.3125 0.671875
vt 0.34375 0.703125
vt 0.34375 0.684375
vt 0.3203125 0.684375
vt 0.3203125 0.703125
vt 0.390625 0.6875
vt 0.390625 0.66875
vt 0.3671875 0.66875
vt 0.3671875 0.6875
vt 0.328125 0.703125
vt 0.328125 0.6875
vt 0.3046875 0.6875
vt 0.3046875 0.703125
vt 0.9296875 0.640625
vt 0.9296875 0.625
vt 0.90625 0.625
vt 0.90625 0.640625
vt 0.39375 0.71875
vt 0.39375 0.703125
vt 0.375 0.703125
vt 0.375 0.71875
vt 0.33125 0.671875
vt 0.33125 0.65625
vt 0.3125 0.65625
vt 0.3125 0.671875
vt 0.34375 0.703125
vt 0.34375 0.684375
vt 0.3203125 0.684375
vt 0.3203125 0.703125
vt 0.390625 0.6875
vt 0.390625 0.66875
vt 0.3671875 0.66875
vt 0.3671875 0.6875
vt 0.328125 0.703125
vt 0.328125 0.6875
vt 0.3046875 0.6875
vt 0.3046875 0.703125
vt 0.9296875 0.640625
vt 0.9296875 0.625
vt 0.90625 0.625
vt 0.90625 0.640625
vt 0.39375 0.71875
vt 0.39375 0.703125
vt 0.375 0.703125
vt 0.375 0.71875
vt 0.33125 0.671875
vt 0.33125 0.65625
vt 0.3125 0.65625
vt 0.3125 0.671875
vt 0.34375 0.703125
vt 0.34375 0.684375
vt 0.3203125 0.684375
vt 0.3203125 0.703125
vt 0.390625 0.6875
vt 0.390625 0.66875
vt 0.3671875 0.66875
vt 0.3671875 0.6875
vt 0.328125 0.703125
vt 0.328125 0.6875
vt 0.3046875 0.6875
vt 0.3046875 0.703125
vt 0.9296875 0.640625
vt 0.9296875 0.625
vt 0.90625 0.625
vt 0.90625 0.640625
vt 0.39375 0.71875
vt 0.39375 0.703125
vt 0.375 0.703125
vt 0.375 0.71875
vt 0.33125 0.671875
vt 0.33125 0.65625
vt 0.3125 0.65625
vt 0.3125 0.671875
vt 0.34375 0.703125
vt 0.34375 0.684375
vt 0.3203125 0.684375
vt 0.3203125 0.703125
vt 0.390625 0.6875
vt 0.390625 0.66875
vt 0.3671875 0.66875
vt 0.3671875 0.6875
vt 0.328125 0.703125
vt 0.328125 0.6875
vt 0.3046875 0.6875
vt 0.3046875 0.703125
vt 0.9296875 0.640625
vt 0.9296875 0.625
vt 0.90625 0.625
vt 0.90625 0.640625
vt 0.39375 0.71875
vt 0.39375 0.703125
vt 0.375 0.703125
vt 0.375 0.71875
vt 0.33125 0.671875
vt 0.33125 0.65625
vt 0.3125 0.65625
vt 0.3125 0.671875
vt 0.34375 0.703125
vt 0.34375 0.684375
vt 0.3203125 0.684375
vt 0.3203125 0.703125
vt 0.390625 0.6875
vt 0.390625 0.66875
vt 0.3671875 0.66875
vt 0.3671875 0.6875
vt 0.328125 0.703125
vt 0.328125 0.6875
vt 0.3046875 0.6875
vt 0.3046875 0.703125
vt 0.9296875 0.640625
vt 0.9296875 0.625
vt 0.90625 0.625
vt 0.90625 0.640625
vt 0.39375 0.71875
vt 0.39375 0.703125
vt 0.375 0.703125
vt 0.375 0.71875
vt 0.33125 0.671875
vt 0.33125 0.65625
vt 0.3125 0.65625
vt 0.3125 0.671875
vt 0.34375 0.703125
vt 0.34375 0.684375
vt 0.3203125 0.684375
vt 0.3203125 0.703125
vt 0.390625 0.6875
vt 0.390625 0.66875
vt 0.3671875 0.66875
vt 0.3671875 0.6875
vt 0.328125 0.703125
vt 0.328125 0.6875
vt 0.3046875 0.6875
vt 0.3046875 0.703125
vt 0.9296875 0.640625
vt 0.9296875 0.625
vt 0.90625 0.625
vt 0.90625 0.640625
vt 0.39375 0.71875
vt 0.39375 0.703125
vt 0.375 0.703125
vt 0.375 0.71875
vt 0.33125 0.671875
vt 0.33125 0.65625
vt 0.3125 0.65625
vt 0.3125 0.671875
vt 0.34375 0.703125
vt 0.34375 0.684375
vt 0.3203125 0.684375
vt 0.3203125 0.703125
vt 0.390625 0.6875
vt 0.390625 0.66875
vt 0.3671875 0.66875
vt 0.3671875 0.6875
vt 0.328125 0.703125
vt 0.328125 0.6875
vt 0.3046875 0.6875
vt 0.3046875 0.703125
vt 0.9296875 0.640625
vt 0.9296875 0.625
vt 0.90625 0.625
vt 0.90625 0.640625
vt 0.3125 0.671875
vt 0.3125 0.65625
vt 0.33125 0.65625
vt 0.33125 0.671875
vt 0.375 0.71875
vt 0.375 0.703125
vt 0.39375 0.703125
vt 0.39375 0.71875
vt 0.3203125 0.703125
vt 0.3203125 0.684375
vt 0.34375 0.684375
vt 0.34375 0.703125
vt 0.3671875 0.6875
vt 0.3671875 0.66875
vt 0.390625 0.66875
vt 0.390625 0.6875
vt 0.3046875 0.703125
vt 0.3046875 0.6875
vt 0.328125 0.6875
vt 0.328125 0.703125
vt 0.90625 0.640625
vt 0.90625 0.625
vt 0.9296875 0.625
vt 0.9296875 0.640625
vt 0.3125 0.671875
vt 0.3125 0.65625
vt 0.33125 0.65625
vt 0.33125 0.671875
vt 0.375 0.71875
vt 0.375 0.703125
vt 0.39375 0.703125
vt 0.39375 0.71875
vt 0.3203125 0.703125
vt 0.3203125 0.684375
vt 0.34375 0.684375
vt 0.34375 0.703125
vt 0.3671875 0.6875
vt 0.3671875 0.66875
vt 0.390625 0.66875
vt 0.390625 0.6875
vt 0.3046875 0.703125
vt 0.3046875 0.6875
vt 0.328125 0.6875
vt 0.328125 0.703125
vt 0.90625 0.640625
vt 0.90625 0.625
vt 0.9296875 0.625
vt 0.9296875 0.640625
vt 0.3125 0.671875
vt 0.3125 0.65625
vt 0.33125 0.65625
vt 0.33125 0.671875
vt 0.375 0.71875
vt 0.375 0.703125
vt 0.39375 0.703125
vt 0.39375 0.71875
vt 0.3203125 0.703125
vt 0.3203125 0.684375
vt 0.34375 0.684375
vt 0.34375 0.703125
vt 0.3671875 0.6875
vt 0.3671875 0.66875
vt 0.390625 0.66875
vt 0.390625 0.6875
vt 0.3046875 0.703125
vt 0.3046875 0.6875
vt 0.328125 0.6875
vt 0.328125 0.703125
vt 0.90625 0.640625
vt 0.90625 0.625
vt 0.9296875 0.625
vt 0.9296875 0.640625
vt 0.3125 0.671875
vt 0.3125 0.65625
vt 0.33125 0.65625
vt 0.33125 0.671875
vt 0.375 0.71875
vt 0.375 0.703125
vt 0.39375 0.703125
vt 0.39375 0.71875
vt 0.3203125 0.703125
vt 0.3203125 0.684375
vt 0.34375 0.684375
vt 0.34375 0.703125
vt 0.3671875 0.6875
vt 0.3671875 0.66875
vt 0.390625 0.66875
vt 0.390625 0.6875
vt 0.3046875 0.703125
vt 0.3046875 0.6875
vt 0.328125 0.6875
vt 0.328125 0.703125
vt 0.90625 0.640625
vt 0.90625 0.625
vt 0.9296875 0.625
vt 0.9296875 0.640625
vt 0.3125 0.671875
vt 0.3125 0.65625
vt 0.33125 0.65625
vt 0.33125 0.671875
vt 0.375 0.71875
vt 0.375 0.703125
vt 0.39375 0.703125
vt 0.39375 0.71875
vt 0.3203125 0.703125
vt 0.3203125 0.684375
vt 0.34375 0.684375
vt 0.34375 0.703125
vt 0.3671875 0.6875
vt 0.3671875 0.66875
vt 0.390625 0.66875
vt 0.390625 0.6875
vt 0.3046875 0.703125
vt 0.3046875 0.6875
vt 0.328125 0.6875
vt 0.328125 0.703125
vt 0.90625 0.640625
vt 0.90625 0.625
vt 0.9296875 0.625
vt 0.9296875 0.640625
vt 0.3125 0.671875
vt 0.3125 0.65625
vt 0.33125 0.65625
vt 0.33125 0.671875
vt 0.375 0.71875
vt 0.375 0.703125
vt 0.39375 0.703125
vt 0.39375 0.71875
vt 0.3203125 0.703125
vt 0.3203125 0.684375
vt 0.34375 0.684375
vt 0.34375 0.703125
vt 0.3671875 0.6875
vt 0.3671875 0.66875
vt 0.390625 0.66875
vt 0.390625 0.6875
vt 0.3046875 0.703125
vt 0.3046875 0.6875
vt 0.328125 0.6875
vt 0.328125 0.703125
vt 0.90625 0.640625
vt 0.90625 0.625
vt 0.9296875 0.625
vt 0.9296875 0.640625
vt 0.3125 0.671875
vt 0.3125 0.65625
vt 0.33125 0.65625
vt 0.33125 0.671875
vt 0.375 0.71875
vt 0.375 0.703125
vt 0.39375 0.703125
vt 0.39375 0.71875
vt 0.3203125 0.703125
vt 0.3203125 0.684375
vt 0.34375 0.684375
vt 0.34375 0.703125
vt 0.3671875 0.6875
vt 0.3671875 0.66875
vt 0.390625 0.66875
vt 0.390625 0.6875
vt 0.3046875 0.703125
vt 0.3046875 0.6875
vt 0.328125 0.6875
vt 0.328125 0.703125
vt 0.90625 0.640625
vt 0.90625 0.625
vt 0.9296875 0.625
vt 0.9296875 0.640625
vt 0.328125 0.703125
vt 0.328125 0.6875
vt 0.3484375 0.6875
vt 0.3484375 0.703125
vt 0.375 0.6875
vt 0.375 0.671875
vt 0.3953125 0.671875
vt 0.3953125 0.6875
vt 0.328125 0.671875
vt 0.328125 0.6515625
vt 0.390625 0.6515625
vt 0.390625 0.671875
vt 0.34375 0.71875
vt 0.34375 0.6984375
vt 0.40625 0.6984375
vt 0.40625 0.71875
vt 0.328125 0.671875
vt 0.328125 0.65625
vt 0.390625 0.65625
vt 0.390625 0.671875
vt 0.890625 0.6875
vt 0.890625 0.671875
vt 0.953125 0.671875
vt 0.953125 0.6875
vt 0.390625 0.671875
vt 0.390625 0.65625
vt 0.359375 0.65625
vt 0.359375 0.671875
vt 0.453125 0.609375
vt 0.453125 0.59375
vt 0.421875 0.59375
vt 0.421875 0.609375
vt 0.328125 0.703125
vt 0.328125 0.671875
vt 0.296875 0.671875
vt 0.296875 0.703125
vt 0.375 0.65625
vt 0.375 0.625
vt 0.34375 0.625
vt 0.34375 0.65625
vt 0.390625 0.59375
vt 0.390625 0.578125
vt 0.359375 0.578125
vt 0.359375 0.59375
vt 0.9375 0.6875
vt 0.9375 0.671875
vt 0.90625 0.671875
vt 0.90625 0.6875
vt 0.9375 0.015625
vt 0.9375 0.0625
vt 0.9359375 0.0625
vt 0.9359375 0.015625
vt 0.9234375 0
vt 0.9234375 0.046875
vt 0.921875 0.046875
vt 0.921875 0
vt 0.984375 0.06093749999999998
vt 0.984375 0.0625
vt 0.921875 0.0625
vt 0.921875 0.06093749999999998
vt 0.984375 0.046875
vt 0.984375 0.04843750000000002
vt 0.921875 0.04843750000000002
vt 0.921875 0.046875
vt 0.96875 0.015625
vt 0.96875 0.0625
vt 0.90625 0.0625
vt 0.90625 0.015625
vt 0.359375 0.359375
vt 0.359375 0.40625
vt 0.296875 0.40625
vt 0.296875 0.359375
vt 0.125 0.3671875
vt 0.125 0.375
vt 0.046875 0.375
vt 0.046875 0.3671875
vt 0.109375 0.3984375
vt 0.109375 0.40625
vt 0.03125 0.40625
vt 0.03125 0.3984375
vt 0.0625 0.328125
vt 0.0625 0.40625
vt 0.03125 0.40625
vt 0.03125 0.328125
vt 0.0625 0.34375
vt 0.0625 0.421875
vt 0.03125 0.421875
vt 0.03125 0.34375
vt 0.09375 0.3671875
vt 0.09375 0.375
vt 0.0625 0.375
vt 0.0625 0.3671875
vt 0.125 0.3828125
vt 0.125 0.390625
vt 0.09375 0.390625
vt 0.09375 0.3828125
vt 0.11328125 0.3984375
vt 0.11328125 0.40625
vt 0.046875 0.40625
vt 0.046875 0.3984375
vt 0.140625 0.3984375
vt 0.140625 0.40625
vt 0.07421875 0.40625
vt 0.07421875 0.3984375
vt 0.0625 0.34375
vt 0.0625 0.41015625
vt 0.05078125 0.41015625
vt 0.05078125 0.34375
vt 0.0625 0.35546875
vt 0.0625 0.421875
vt 0.05078125 0.421875
vt 0.05078125 0.35546875
vt 0.078125 0.3984375
vt 0.078125 0.40625
vt 0.06640625 0.40625
vt 0.06640625 0.3984375
vt 0.08984375 0.3984375
vt 0.08984375 0.40625
vt 0.078125 0.40625
vt 0.078125 0.3984375
vt 0.19921875 0.3828125
vt 0.19921875 0.390625
vt 0.125 0.390625
vt 0.125 0.3828125
vt 0.21875 0.3671875
vt 0.21875 0.375
vt 0.14453125 0.375
vt 0.14453125 0.3671875
vt 0.10362421875 0.34375
vt 0.10362421875 0.41796875
vt 0.09765625 0.41796875
vt 0.09765625 0.34375
vt 0.11924921875 0.33203125
vt 0.11924921875 0.40625
vt 0.11328125 0.40625
vt 0.11328125 0.33203125
vt 0.08799921875 0.3671875
vt 0.08799921875 0.375
vt 0.08203125 0.375
vt 0.08203125 0.3671875
vt 0.08409296875 0.3984375
vt 0.08409296875 0.40625
vt 0.078125 0.40625
vt 0.078125 0.3984375
vt 0.16796875 0.3828125
vt 0.16796875 0.390625
vt 0.09375 0.390625
vt 0.09375 0.3828125
vt 0.125 0.3984375
vt 0.125 0.40625
vt 0.05078125 0.40625
vt 0.05078125 0.3984375
vt 0.078125 0.34375
vt 0.078125 0.41796875
vt 0.06640625 0.41796875
vt 0.06640625 0.34375
vt 0.0625 0.34765625
vt 0.0625 0.421875
vt 0.05078125 0.421875
vt 0.05078125 0.34765625
vt 0.15625 0.3671875
vt 0.15625 0.375
vt 0.14453125 0.375
vt 0.14453125 0.3671875
vt 0.12109375 0.3828125
vt 0.12109375 0.390625
vt 0.109375 0.390625
vt 0.109375 0.3828125
vt 0.15625 0.3671875
vt 0.15625 0.375
vt 0.09375 0.375
vt 0.09375 0.3671875
vt 0.125 0.3828125
vt 0.125 0.390625
vt 0.0625 0.390625
vt 0.0625 0.3828125
vt 0.0625 0.34375
vt 0.0625 0.40625
vt 0.046875 0.40625
vt 0.046875 0.34375
vt 0.078125 0.3125
vt 0.078125 0.375
vt 0.0625 0.375
vt 0.0625 0.3125
vt 0.078125 0.4140625
vt 0.078125 0.421875
vt 0.0625 0.421875
vt 0.0625 0.4140625
vt 0.171875 0.3828125
vt 0.171875 0.390625
vt 0.15625 0.390625
vt 0.15625 0.3828125
vt 0.171875 0.3828125
vt 0.171875 0.390625
vt 0.125 0.390625
vt 0.125 0.3828125
vt 0.140625 0.3984375
vt 0.140625 0.40625
vt 0.09375 0.40625
vt 0.09375 0.3984375
vt 0.15625 0.34375
vt 0.15625 0.390625
vt 0.1484375 0.390625
vt 0.1484375 0.34375
vt 0.109375 0.328125
vt 0.109375 0.375
vt 0.1015625 0.375
vt 0.1015625 0.328125
vt 0.1875 0.3671875
vt 0.1875 0.375
vt 0.1796875 0.375
vt 0.1796875 0.3671875
vt 0.1953125 0.3828125
vt 0.1953125 0.390625
vt 0.1875 0.390625
vt 0.1875 0.3828125
vt 0.07421875 0.3984375
vt 0.07421875 0.40625
vt 0.140625 0.40625
vt 0.140625 0.3984375
vt 0.046875 0.3984375
vt 0.046875 0.40625
vt 0.11328125 0.40625
vt 0.11328125 0.3984375
vt 0.05078125 0.34375
vt 0.05078125 0.41015625
vt 0.0625 0.41015625
vt 0.0625 0.34375
vt 0.05078125 0.35546875
vt 0.05078125 0.421875
vt 0.0625 0.421875
vt 0.0625 0.35546875
vt 0.06640625 0.3984375
vt 0.06640625 0.40625
vt 0.078125 0.40625
vt 0.078125 0.3984375
vt 0.078125 0.3984375
vt 0.078125 0.40625
vt 0.08984375 0.40625
vt 0.08984375 0.3984375
vt 0.09375 0.3984375
vt 0.09375 0.40625
vt 0.140625 0.40625
vt 0.140625 0.3984375
vt 0.125 0.3828125
vt 0.125 0.390625
vt 0.171875 0.390625
vt 0.171875 0.3828125
vt 0.1484375 0.34375
vt 0.1484375 0.390625
vt 0.15625 0.390625
vt 0.15625 0.34375
vt 0.1015625 0.328125
vt 0.1015625 0.375
vt 0.109375 0.375
vt 0.109375 0.328125
vt 0.1796875 0.3671875
vt 0.1796875 0.375
vt 0.1875 0.375
vt 0.1875 0.3671875
vt 0.1875 0.3828125
vt 0.1875 0.390625
vt 0.1953125 0.390625
vt 0.1953125 0.3828125
vt 0.0625 0.3828125
vt 0.0625 0.390625
vt 0.125 0.390625
vt 0.125 0.3828125
vt 0.09375 0.3671875
vt 0.09375 0.375
vt 0.15625 0.375
vt 0.15625 0.3671875
vt 0.046875 0.34375
vt 0.046875 0.40625
vt 0.0625 0.40625
vt 0.0625 0.34375
vt 0.0625 0.3125
vt 0.0625 0.375
vt 0.078125 0.375
vt 0.078125 0.3125
vt 0.0625 0.4140625
vt 0.0625 0.421875
vt 0.078125 0.421875
vt 0.078125 0.4140625
vt 0.15625 0.3828125
vt 0.15625 0.390625
vt 0.171875 0.390625
vt 0.171875 0.3828125
vt 0.05078125 0.3984375
vt 0.05078125 0.40625
vt 0.125 0.40625
vt 0.125 0.3984375
vt 0.09375 0.3828125
vt 0.09375 0.390625
vt 0.16796875 0.390625
vt 0.16796875 0.3828125
vt 0.06640625 0.34375
vt 0.06640625 0.41796875
vt 0.078125 0.41796875
vt 0.078125 0.34375
vt 0.05078125 0.34765625
vt 0.05078125 0.421875
vt 0.0625 0.421875
vt 0.0625 0.34765625
vt 0.14453125 0.3671875
vt 0.14453125 0.375
vt 0.15625 0.375
vt 0.15625 0.3671875
vt 0.109375 0.3828125
vt 0.109375 0.390625
vt 0.12109375 0.390625
vt 0.12109375 0.3828125
vt 0.14453125 0.3671875
vt 0.14453125 0.375
vt 0.21875 0.375
vt 0.21875 0.3671875
vt 0.125 0.3828125
vt 0.125 0.390625
vt 0.19921875 0.390625
vt 0.19921875 0.3828125
vt 0.09765625 0.34375
vt 0.09765625 0.41796875
vt 0.10362421875 0.41796875
vt 0.10362421875 0.34375
vt 0.11328125 0.33203125
vt 0.11328125 0.40625
vt 0.11924921875 0.40625
vt 0.11924921875 0.33203125
vt 0.08203125 0.3671875
vt 0.08203125 0.375
vt 0.08799921875 0.375
vt 0.08799921875 0.3671875
vt 0.078125 0.3984375
vt 0.078125 0.40625
vt 0.08409296875 0.40625
vt 0.08409296875 0.3984375
vt 0.375 0.4375
vt 0.375 0.453125
vt 0.359375 0.453125
vt 0.359375 0.4375
vt 0.359375 0.4375
vt 0.359375 0.453125
vt 0.34375 0.453125
vt 0.34375 0.4375
vt 0.421875 0.4375
vt 0.421875 0.453125
vt 0.3125 0.453125
vt 0.3125 0.4375
vt 0.421875 0.4375
vt 0.421875 0.453125
vt 0.3125 0.453125
vt 0.3125 0.4375
vt 0.421875 0.4375
vt 0.421875 0.453125
vt 0.3125 0.453125
vt 0.3125 0.4375
vt 0.421875 0.4375
vt 0.421875 0.453125
vt 0.3125 0.453125
vt 0.3125 0.4375
vt 0.390625 0.453125
vt 0.390625 0.46875
vt 0.375 0.46875
vt 0.375 0.453125
vt 0.359375 0.453125
vt 0.359375 0.46875
vt 0.34375 0.46875
vt 0.34375 0.453125
vt 0.41015625 0.453125
vt 0.41015625 0.46875
vt 0.32421875 0.46875
vt 0.32421875 0.453125
vt 0.41015625 0.453125
vt 0.41015625 0.46875
vt 0.32421875 0.46875
vt 0.32421875 0.453125
vt 0.41015625 0.453125
vt 0.41015625 0.46875
vt 0.32421875 0.46875
vt 0.32421875 0.453125
vt 0.41015625 0.453125
vt 0.41015625 0.46875
vt 0.32421875 0.46875
vt 0.32421875 0.453125
vt 0.28125 0.203125
vt 0.28125 0.3125
vt 0.265625 0.3125
vt 0.265625 0.203125
vt 0.28125 0.203125
vt 0.28125 0.3125
vt 0.265625 0.3125
vt 0.265625 0.203125
vt 0.40625 0.296875
vt 0.40625 0.3125
vt 0.265625 0.3125
vt 0.265625 0.296875
vt 0.40625 0.296875
vt 0.40625 0.3125
vt 0.265625 0.3125
vt 0.265625 0.296875
vt 0.40625 0.203125
vt 0.40625 0.3125
vt 0.265625 0.3125
vt 0.265625 0.203125
vt 0.40625 0.203125
vt 0.40625 0.3125
vt 0.265625 0.3125
vt 0.265625 0.203125
vt 0.9375 0.015625
vt 0.9375 0.0625
vt 0.9359375 0.0625
vt 0.9359375 0.015625
vt 0.9234375 0
vt 0.9234375 0.046875
vt 0.921875 0.046875
vt 0.921875 0
vt 0.984375 0.06093749999999998
vt 0.984375 0.0625
vt 0.921875 0.0625
vt 0.921875 0.06093749999999998
vt 0.984375 0.046875
vt 0.984375 0.04843750000000002
vt 0.921875 0.04843750000000002
vt 0.921875 0.046875
vt 0.96875 0.015625
vt 0.96875 0.0625
vt 0.90625 0.0625
vt 0.90625 0.015625
vt 0.359375 0.359375
vt 0.359375 0.40625
vt 0.296875 0.40625
vt 0.296875 0.359375
vt 0.125 0.3671875
vt 0.125 0.375
vt 0.046875 0.375
vt 0.046875 0.3671875
vt 0.109375 0.3984375
vt 0.109375 0.40625
vt 0.03125 0.40625
vt 0.03125 0.3984375
vt 0.0625 0.328125
vt 0.0625 0.40625
vt 0.03125 0.40625
vt 0.03125 0.328125
vt 0.0625 0.34375
vt 0.0625 0.421875
vt 0.03125 0.421875
vt 0.03125 0.34375
vt 0.09375 0.3671875
vt 0.09375 0.375
vt 0.0625 0.375
vt 0.0625 0.3671875
vt 0.125 0.3828125
vt 0.125 0.390625
vt 0.09375 0.390625
vt 0.09375 0.3828125
vt 0.11328125 0.3984375
vt 0.11328125 0.40625
vt 0.046875 0.40625
vt 0.046875 0.3984375
vt 0.140625 0.3984375
vt 0.140625 0.40625
vt 0.07421875 0.40625
vt 0.07421875 0.3984375
vt 0.0625 0.34375
vt 0.0625 0.41015625
vt 0.05078125 0.41015625
vt 0.05078125 0.34375
vt 0.0625 0.35546875
vt 0.0625 0.421875
vt 0.05078125 0.421875
vt 0.05078125 0.35546875
vt 0.078125 0.3984375
vt 0.078125 0.40625
vt 0.06640625 0.40625
vt 0.06640625 0.3984375
vt 0.08984375 0.3984375
vt 0.08984375 0.40625
vt 0.078125 0.40625
vt 0.078125 0.3984375
vt 0.19921875 0.3828125
vt 0.19921875 0.390625
vt 0.125 0.390625
vt 0.125 0.3828125
vt 0.21875 0.3671875
vt 0.21875 0.375
vt 0.14453125 0.375
vt 0.14453125 0.3671875
vt 0.10362421875 0.34375
vt 0.10362421875 0.41796875
vt 0.09765625 0.41796875
vt 0.09765625 0.34375
vt 0.11924921875 0.33203125
vt 0.11924921875 0.40625
vt 0.11328125 0.40625
vt 0.11328125 0.33203125
vt 0.08799921875 0.3671875
vt 0.08799921875 0.375
vt 0.08203125 0.375
vt 0.08203125 0.3671875
vt 0.08409296875 0.3984375
vt 0.08409296875 0.40625
vt 0.078125 0.40625
vt 0.078125 0.3984375
vt 0.16796875 0.3828125
vt 0.16796875 0.390625
vt 0.09375 0.390625
vt 0.09375 0.3828125
vt 0.125 0.3984375
vt 0.125 0.40625
vt 0.05078125 0.40625
vt 0.05078125 0.3984375
vt 0.078125 0.34375
vt 0.078125 0.41796875
vt 0.06640625 0.41796875
vt 0.06640625 0.34375
vt 0.0625 0.34765625
vt 0.0625 0.421875
vt 0.05078125 0.421875
vt 0.05078125 0.34765625
vt 0.15625 0.3671875
vt 0.15625 0.375
vt 0.14453125 0.375
vt 0.14453125 0.3671875
vt 0.12109375 0.3828125
vt 0.12109375 0.390625
vt 0.109375 0.390625
vt 0.109375 0.3828125
vt 0.15625 0.3671875
vt 0.15625 0.375
vt 0.09375 0.375
vt 0.09375 0.3671875
vt 0.125 0.3828125
vt 0.125 0.390625
vt 0.0625 0.390625
vt 0.0625 0.3828125
vt 0.0625 0.34375
vt 0.0625 0.40625
vt 0.046875 0.40625
vt 0.046875 0.34375
vt 0.078125 0.3125
vt 0.078125 0.375
vt 0.0625 0.375
vt 0.0625 0.3125
vt 0.078125 0.4140625
vt 0.078125 0.421875
vt 0.0625 0.421875
vt 0.0625 0.4140625
vt 0.171875 0.3828125
vt 0.171875 0.390625
vt 0.15625 0.390625
vt 0.15625 0.3828125
vt 0.171875 0.3828125
vt 0.171875 0.390625
vt 0.125 0.390625
vt 0.125 0.3828125
vt 0.140625 0.3984375
vt 0.140625 0.40625
vt 0.09375 0.40625
vt 0.09375 0.3984375
vt 0.15625 0.34375
vt 0.15625 0.390625
vt 0.1484375 0.390625
vt 0.1484375 0.34375
vt 0.109375 0.328125
vt 0.109375 0.375
vt 0.1015625 0.375
vt 0.1015625 0.328125
vt 0.1875 0.3671875
vt 0.1875 0.375
vt 0.1796875 0.375
vt 0.1796875 0.3671875
vt 0.1953125 0.3828125
vt 0.1953125 0.390625
vt 0.1875 0.390625
vt 0.1875 0.3828125
vt 0.07421875 0.3984375
vt 0.07421875 0.40625
vt 0.140625 0.40625
vt 0.140625 0.3984375
vt 0.046875 0.3984375
vt 0.046875 0.40625
vt 0.11328125 0.40625
vt 0.11328125 0.3984375
vt 0.05078125 0.34375
vt 0.05078125 0.41015625
vt 0.0625 0.41015625
vt 0.0625 0.34375
vt 0.05078125 0.35546875
vt 0.05078125 0.421875
vt 0.0625 0.421875
vt 0.0625 0.35546875
vt 0.06640625 0.3984375
vt 0.06640625 0.40625
vt 0.078125 0.40625
vt 0.078125 0.3984375
vt 0.078125 0.3984375
vt 0.078125 0.40625
vt 0.08984375 0.40625
vt 0.08984375 0.3984375
vt 0.09375 0.3984375
vt 0.09375 0.40625
vt 0.140625 0.40625
vt 0.140625 0.3984375
vt 0.125 0.3828125
vt 0.125 0.390625
vt 0.171875 0.390625
vt 0.171875 0.3828125
vt 0.1484375 0.34375
vt 0.1484375 0.390625
vt 0.15625 0.390625
vt 0.15625 0.34375
vt 0.1015625 0.328125
vt 0.1015625 0.375
vt 0.109375 0.375
vt 0.109375 0.328125
vt 0.1796875 0.3671875
vt 0.1796875 0.375
vt 0.1875 0.375
vt 0.1875 0.3671875
vt 0.1875 0.3828125
vt 0.1875 0.390625
vt 0.1953125 0.390625
vt 0.1953125 0.3828125
vt 0.0625 0.3828125
vt 0.0625 0.390625
vt 0.125 0.390625
vt 0.125 0.3828125
vt 0.09375 0.3671875
vt 0.09375 0.375
vt 0.15625 0.375
vt 0.15625 0.3671875
vt 0.046875 0.34375
vt 0.046875 0.40625
vt 0.0625 0.40625
vt 0.0625 0.34375
vt 0.0625 0.3125
vt 0.0625 0.375
vt 0.078125 0.375
vt 0.078125 0.3125
vt 0.0625 0.4140625
vt 0.0625 0.421875
vt 0.078125 0.421875
vt 0.078125 0.4140625
vt 0.15625 0.3828125
vt 0.15625 0.390625
vt 0.171875 0.390625
vt 0.171875 0.3828125
vt 0.05078125 0.3984375
vt 0.05078125 0.40625
vt 0.125 0.40625
vt 0.125 0.3984375
vt 0.09375 0.3828125
vt 0.09375 0.390625
vt 0.16796875 0.390625
vt 0.16796875 0.3828125
vt 0.06640625 0.34375
vt 0.06640625 0.41796875
vt 0.078125 0.41796875
vt 0.078125 0.34375
vt 0.05078125 0.34765625
vt 0.05078125 0.421875
vt 0.0625 0.421875
vt 0.0625 0.34765625
vt 0.14453125 0.3671875
vt 0.14453125 0.375
vt 0.15625 0.375
vt 0.15625 0.3671875
vt 0.109375 0.3828125
vt 0.109375 0.390625
vt 0.12109375 0.390625
vt 0.12109375 0.3828125
vt 0.14453125 0.3671875
vt 0.14453125 0.375
vt 0.21875 0.375
vt 0.21875 0.3671875
vt 0.125 0.3828125
vt 0.125 0.390625
vt 0.19921875 0.390625
vt 0.19921875 0.3828125
vt 0.09765625 0.34375
vt 0.09765625 0.41796875
vt 0.10362421875 0.41796875
vt 0.10362421875 0.34375
vt 0.11328125 0.33203125
vt 0.11328125 0.40625
vt 0.11924921875 0.40625
vt 0.11924921875 0.33203125
vt 0.08203125 0.3671875
vt 0.08203125 0.375
vt 0.08799921875 0.375
vt 0.08799921875 0.3671875
vt 0.078125 0.3984375
vt 0.078125 0.40625
vt 0.08409296875 0.40625
vt 0.08409296875 0.3984375
vt 0.328125 0.515625
vt 0.328125 0.625
vt 0.309375 0.625
vt 0.309375 0.515625
vt 0.33125 0.515625
vt 0.33125 0.625
vt 0.3125 0.625
vt 0.3125 0.515625
vt 0.359375 0.653125
vt 0.359375 0.671875
vt 0.34375 0.671875
vt 0.34375 0.653125
vt 0.3125 0.65625
vt 0.3125 0.675
vt 0.296875 0.675
vt 0.296875 0.65625
vt 0.328125 0.515625
vt 0.328125 0.625
vt 0.3125 0.625
vt 0.3125 0.515625
vt 0.921875 0.609375
vt 0.921875 0.71875
vt 0.90625 0.71875
vt 0.90625 0.609375
vt 0.328125 0.515625
vt 0.328125 0.625
vt 0.309375 0.625
vt 0.309375 0.515625
vt 0.33125 0.515625
vt 0.33125 0.625
vt 0.3125 0.625
vt 0.3125 0.515625
vt 0.359375 0.653125
vt 0.359375 0.671875
vt 0.34375 0.671875
vt 0.34375 0.653125
vt 0.3125 0.65625
vt 0.3125 0.675
vt 0.296875 0.675
vt 0.296875 0.65625
vt 0.328125 0.515625
vt 0.328125 0.625
vt 0.3125 0.625
vt 0.3125 0.515625
vt 0.921875 0.609375
vt 0.921875 0.71875
vt 0.90625 0.71875
vt 0.90625 0.609375
vt 0.28125 0.203125
vt 0.28125 0.3125
vt 0.265625 0.3125
vt 0.265625 0.203125
vt 0.28125 0.203125
vt 0.28125 0.3125
vt 0.265625 0.3125
vt 0.265625 0.203125
vt 0.40625 0.296875
vt 0.40625 0.3125
vt 0.265625 0.3125
vt 0.265625 0.296875
vt 0.40625 0.296875
vt 0.40625 0.3125
vt 0.265625 0.3125
vt 0.265625 0.296875
vt 0.40625 0.203125
vt 0.40625 0.3125
vt 0.265625 0.3125
vt 0.265625 0.203125
vt 0.40625 0.203125
vt 0.40625 0.3125
vt 0.265625 0.3125
vt 0.265625 0.203125
vt 0.9375 0.015625
vt 0.9375 0.0625
vt 0.9359375 0.0625
vt 0.9359375 0.015625
vt 0.9234375 0
vt 0.9234375 0.046875
vt 0.921875 0.046875
vt 0.921875 0
vt 0.984375 0.06093749999999998
vt 0.984375 0.0625
vt 0.921875 0.0625
vt 0.921875 0.06093749999999998
vt 0.984375 0.046875
vt 0.984375 0.04843750000000002
vt 0.921875 0.04843750000000002
vt 0.921875 0.046875
vt 0.96875 0.015625
vt 0.96875 0.0625
vt 0.90625 0.0625
vt 0.90625 0.015625
vt 0.359375 0.359375
vt 0.359375 0.40625
vt 0.296875 0.40625
vt 0.296875 0.359375
vt 0.125 0.3671875
vt 0.125 0.375
vt 0.046875 0.375
vt 0.046875 0.3671875
vt 0.109375 0.3984375
vt 0.109375 0.40625
vt 0.03125 0.40625
vt 0.03125 0.3984375
vt 0.0625 0.328125
vt 0.0625 0.40625
vt 0.03125 0.40625
vt 0.03125 0.328125
vt 0.0625 0.34375
vt 0.0625 0.421875
vt 0.03125 0.421875
vt 0.03125 0.34375
vt 0.09375 0.3671875
vt 0.09375 0.375
vt 0.0625 0.375
vt 0.0625 0.3671875
vt 0.125 0.3828125
vt 0.125 0.390625
vt 0.09375 0.390625
vt 0.09375 0.3828125
vt 0.11328125 0.3984375
vt 0.11328125 0.40625
vt 0.046875 0.40625
vt 0.046875 0.3984375
vt 0.140625 0.3984375
vt 0.140625 0.40625
vt 0.07421875 0.40625
vt 0.07421875 0.3984375
vt 0.0625 0.34375
vt 0.0625 0.41015625
vt 0.05078125 0.41015625
vt 0.05078125 0.34375
vt 0.0625 0.35546875
vt 0.0625 0.421875
vt 0.05078125 0.421875
vt 0.05078125 0.35546875
vt 0.078125 0.3984375
vt 0.078125 0.40625
vt 0.06640625 0.40625
vt 0.06640625 0.3984375
vt 0.08984375 0.3984375
vt 0.08984375 0.40625
vt 0.078125 0.40625
vt 0.078125 0.3984375
vt 0.19921875 0.3828125
vt 0.19921875 0.390625
vt 0.125 0.390625
vt 0.125 0.3828125
vt 0.21875 0.3671875
vt 0.21875 0.375
vt 0.14453125 0.375
vt 0.14453125 0.3671875
vt 0.10362421875 0.34375
vt 0.10362421875 0.41796875
vt 0.09765625 0.41796875
vt 0.09765625 0.34375
vt 0.11924921875 0.33203125
vt 0.11924921875 0.40625
vt 0.11328125 0.40625
vt 0.11328125 0.33203125
vt 0.08799921875 0.3671875
vt 0.08799921875 0.375
vt 0.08203125 0.375
vt 0.08203125 0.3671875
vt 0.08409296875 0.3984375
vt 0.08409296875 0.40625
vt 0.078125 0.40625
vt 0.078125 0.3984375
vt 0.16796875 0.3828125
vt 0.16796875 0.390625
vt 0.09375 0.390625
vt 0.09375 0.3828125
vt 0.125 0.3984375
vt 0.125 0.40625
vt 0.05078125 0.40625
vt 0.05078125 0.3984375
vt 0.078125 0.34375
vt 0.078125 0.41796875
vt 0.06640625 0.41796875
vt 0.06640625 0.34375
vt 0.0625 0.34765625
vt 0.0625 0.421875
vt 0.05078125 0.421875
vt 0.05078125 0.34765625
vt 0.15625 0.3671875
vt 0.15625 0.375
vt 0.14453125 0.375
vt 0.14453125 0.3671875
vt 0.12109375 0.3828125
vt 0.12109375 0.390625
vt 0.109375 0.390625
vt 0.109375 0.3828125
vt 0.15625 0.3671875
vt 0.15625 0.375
vt 0.09375 0.375
vt 0.09375 0.3671875
vt 0.125 0.3828125
vt 0.125 0.390625
vt 0.0625 0.390625
vt 0.0625 0.3828125
vt 0.0625 0.34375
vt 0.0625 0.40625
vt 0.046875 0.40625
vt 0.046875 0.34375
vt 0.078125 0.3125
vt 0.078125 0.375
vt 0.0625 0.375
vt 0.0625 0.3125
vt 0.078125 0.4140625
vt 0.078125 0.421875
vt 0.0625 0.421875
vt 0.0625 0.4140625
vt 0.171875 0.3828125
vt 0.171875 0.390625
vt 0.15625 0.390625
vt 0.15625 0.3828125
vt 0.171875 0.3828125
vt 0.171875 0.390625
vt 0.125 0.390625
vt 0.125 0.3828125
vt 0.140625 0.3984375
vt 0.140625 0.40625
vt 0.09375 0.40625
vt 0.09375 0.3984375
vt 0.15625 0.34375
vt 0.15625 0.390625
vt 0.1484375 0.390625
vt 0.1484375 0.34375
vt 0.109375 0.328125
vt 0.109375 0.375
vt 0.1015625 0.375
vt 0.1015625 0.328125
vt 0.1875 0.3671875
vt 0.1875 0.375
vt 0.1796875 0.375
vt 0.1796875 0.3671875
vt 0.1953125 0.3828125
vt 0.1953125 0.390625
vt 0.1875 0.390625
vt 0.1875 0.3828125
vt 0.07421875 0.3984375
vt 0.07421875 0.40625
vt 0.140625 0.40625
vt 0.140625 0.3984375
vt 0.046875 0.3984375
vt 0.046875 0.40625
vt 0.11328125 0.40625
vt 0.11328125 0.3984375
vt 0.05078125 0.34375
vt 0.05078125 0.41015625
vt 0.0625 0.41015625
vt 0.0625 0.34375
vt 0.05078125 0.35546875
vt 0.05078125 0.421875
vt 0.0625 0.421875
vt 0.0625 0.35546875
vt 0.06640625 0.3984375
vt 0.06640625 0.40625
vt 0.078125 0.40625
vt 0.078125 0.3984375
vt 0.078125 0.3984375
vt 0.078125 0.40625
vt 0.08984375 0.40625
vt 0.08984375 0.3984375
vt 0.09375 0.3984375
vt 0.09375 0.40625
vt 0.140625 0.40625
vt 0.140625 0.3984375
vt 0.125 0.3828125
vt 0.125 0.390625
vt 0.171875 0.390625
vt 0.171875 0.3828125
vt 0.1484375 0.34375
vt 0.1484375 0.390625
vt 0.15625 0.390625
vt 0.15625 0.34375
vt 0.1015625 0.328125
vt 0.1015625 0.375
vt 0.109375 0.375
vt 0.109375 0.328125
vt 0.1796875 0.3671875
vt 0.1796875 0.375
vt 0.1875 0.375
vt 0.1875 0.3671875
vt 0.1875 0.3828125
vt 0.1875 0.390625
vt 0.1953125 0.390625
vt 0.1953125 0.3828125
vt 0.0625 0.3828125
vt 0.0625 0.390625
vt 0.125 0.390625
vt 0.125 0.3828125
vt 0.09375 0.3671875
vt 0.09375 0.375
vt 0.15625 0.375
vt 0.15625 0.3671875
vt 0.046875 0.34375
vt 0.046875 0.40625
vt 0.0625 0.40625
vt 0.0625 0.34375
vt 0.0625 0.3125
vt 0.0625 0.375
vt 0.078125 0.375
vt 0.078125 0.3125
vt 0.0625 0.4140625
vt 0.0625 0.421875
vt 0.078125 0.421875
vt 0.078125 0.4140625
vt 0.15625 0.3828125
vt 0.15625 0.390625
vt 0.171875 0.390625
vt 0.171875 0.3828125
vt 0.05078125 0.3984375
vt 0.05078125 0.40625
vt 0.125 0.40625
vt 0.125 0.3984375
vt 0.09375 0.3828125
vt 0.09375 0.390625
vt 0.16796875 0.390625
vt 0.16796875 0.3828125
vt 0.06640625 0.34375
vt 0.06640625 0.41796875
vt 0.078125 0.41796875
vt 0.078125 0.34375
vt 0.05078125 0.34765625
vt 0.05078125 0.421875
vt 0.0625 0.421875
vt 0.0625 0.34765625
vt 0.14453125 0.3671875
vt 0.14453125 0.375
vt 0.15625 0.375
vt 0.15625 0.3671875
vt 0.109375 0.3828125
vt 0.109375 0.390625
vt 0.12109375 0.390625
vt 0.12109375 0.3828125
vt 0.14453125 0.3671875
vt 0.14453125 0.375
vt 0.21875 0.375
vt 0.21875 0.3671875
vt 0.125 0.3828125
vt 0.125 0.390625
vt 0.19921875 0.390625
vt 0.19921875 0.3828125
vt 0.09765625 0.34375
vt 0.09765625 0.41796875
vt 0.10362421875 0.41796875
vt 0.10362421875 0.34375
vt 0.11328125 0.33203125
vt 0.11328125 0.40625
vt 0.11924921875 0.40625
vt 0.11924921875 0.33203125
vt 0.08203125 0.3671875
vt 0.08203125 0.375
vt 0.08799921875 0.375
vt 0.08799921875 0.3671875
vt 0.078125 0.3984375
vt 0.078125 0.40625
vt 0.08409296875 0.40625
vt 0.08409296875 0.3984375
vt 0.328125 0.515625
vt 0.328125 0.625
vt 0.309375 0.625
vt 0.309375 0.515625
vt 0.33125 0.515625
vt 0.33125 0.625
vt 0.3125 0.625
vt 0.3125 0.515625
vt 0.359375 0.653125
vt 0.359375 0.671875
vt 0.34375 0.671875
vt 0.34375 0.653125
vt 0.3125 0.65625
vt 0.3125 0.675
vt 0.296875 0.675
vt 0.296875 0.65625
vt 0.328125 0.515625
vt 0.328125 0.625
vt 0.3125 0.625
vt 0.3125 0.515625
vt 0.921875 0.609375
vt 0.921875 0.71875
vt 0.90625 0.71875
vt 0.90625 0.609375
vt 0.328125 0.515625
vt 0.328125 0.625
vt 0.309375 0.625
vt 0.309375 0.515625
vt 0.33125 0.515625
vt 0.33125 0.625
vt 0.3125 0.625
vt 0.3125 0.515625
vt 0.359375 0.653125
vt 0.359375 0.671875
vt 0.34375 0.671875
vt 0.34375 0.653125
vt 0.3125 0.65625
vt 0.3125 0.675
vt 0.296875 0.675
vt 0.296875 0.65625
vt 0.328125 0.515625
vt 0.328125 0.625
vt 0.3125 0.625
vt 0.3125 0.515625
vt 0.921875 0.609375
vt 0.921875 0.71875
vt 0.90625 0.71875
vt 0.90625 0.609375
vt 0.015625 0.984375
vt 0.015625 1
vt 0 1
vt 0 0.984375
vt 0.03125 0.984375
vt 0.03125 1
vt 0.015625 1
vt 0.015625 0.984375
vt 0.046875 0.96875
vt 0.046875 0.984375
vt 0 0.984375
vt 0 0.96875
vt 0.046875 0.984375
vt 0.046875 1
vt 0 1
vt 0 0.984375
vt 0.046875 0.984375
vt 0.046875 1
vt 0 1
vt 0 0.984375
vt 0.046875 0.984375
vt 0.046875 1
vt 0 1
vt 0 0.984375
vt 0.015625 0.984375
vt 0.015625 1
vt 0.03125 1
vt 0.03125 0.984375
vt 0 0.984375
vt 0 1
vt 0.015625 1
vt 0.015625 0.984375
vt 0 0.96875
vt 0 0.984375
vt 0.046875 0.984375
vt 0.046875 0.96875
vt 0 0.984375
vt 0 1
vt 0.046875 1
vt 0.046875 0.984375
vt 0 0.984375
vt 0 1
vt 0.046875 1
vt 0.046875 0.984375
vt 0 0.984375
vt 0 1
vt 0.046875 1
vt 0.046875 0.984375
vt 0.125 0.890625
vt 0.125 1
vt 0.09375 1
vt 0.09375 0.890625
vt 0.125 0.890625
vt 0.125 1
vt 0.09375 1
vt 0.09375 0.890625
vt 0.109375 0.96875
vt 0.109375 1
vt 0.09375 1
vt 0.09375 0.96875
vt 0.125 0.96875
vt 0.125 1
vt 0.109375 1
vt 0.109375 0.96875
vt 0.109375 0.890625
vt 0.109375 1
vt 0.09375 1
vt 0.09375 0.890625
vt 0.125 0.890625
vt 0.125 1
vt 0.109375 1
vt 0.109375 0.890625
vt 0.125 0.890625
vt 0.125 1
vt 0.09375 1
vt 0.09375 0.890625
vt 0.125 0.890625
vt 0.125 1
vt 0.09375 1
vt 0.09375 0.890625
vt 0.109375 0.96875
vt 0.109375 1
vt 0.09375 1
vt 0.09375 0.96875
vt 0.125 0.96875
vt 0.125 1
vt 0.109375 1
vt 0.109375 0.96875
vt 0.109375 0.890625
vt 0.109375 1
vt 0.09375 1
vt 0.09375 0.890625
vt 0.125 0.890625
vt 0.125 1
vt 0.109375 1
vt 0.109375 0.890625
vt 0.01953125 0.96875
vt 0.01953125 0.984375
vt 0 0.984375
vt 0 0.96875
vt 0.03515625 0.96875
vt 0.03515625 0.984375
vt 0.015625 0.984375
vt 0.015625 0.96875
vt 0.078125 0.96484375
vt 0.078125 0.984375
vt 0 0.984375
vt 0 0.96484375
vt 0.078125 0.98046875
vt 0.078125 1
vt 0 1
vt 0 0.98046875
vt 0.078125 0.96875
vt 0.078125 0.984375
vt 0 0.984375
vt 0 0.96875
vt 0.078125 0.96875
vt 0.078125 0.984375
vt 0 0.984375
vt 0 0.96875
vt 0.015625 0.984375
vt 0.015625 1
vt 0 1
vt 0 0.984375
vt 0.03125 0.984375
vt 0.03125 1
vt 0.015625 1
vt 0.015625 0.984375
vt 0.046875 0.96875
vt 0.046875 0.984375
vt 0 0.984375
vt 0 0.96875
vt 0.046875 0.984375
vt 0.046875 1
vt 0 1
vt 0 0.984375
vt 0.046875 0.984375
vt 0.046875 1
vt 0 1
vt 0 0.984375
vt 0.046875 0.984375
vt 0.046875 1
vt 0 1
vt 0 0.984375
vt 0.015625 0.984375
vt 0.015625 1
vt 0.03125 1
vt 0.03125 0.984375
vt 0 0.984375
vt 0 1
vt 0.015625 1
vt 0.015625 0.984375
vt 0 0.96875
vt 0 0.984375
vt 0.046875 0.984375
vt 0.046875 0.96875
vt 0 0.984375
vt 0 1
vt 0.046875 1
vt 0.046875 0.984375
vt 0 0.984375
vt 0 1
vt 0.046875 1
vt 0.046875 0.984375
vt 0 0.984375
vt 0 1
vt 0.046875 1
vt 0.046875 0.984375
vt 0.125 0.890625
vt 0.125 1
vt 0.09375 1
vt 0.09375 0.890625
vt 0.125 0.890625
vt 0.125 1
vt 0.09375 1
vt 0.09375 0.890625
vt 0.109375 0.96875
vt 0.109375 1
vt 0.09375 1
vt 0.09375 0.96875
vt 0.125 0.96875
vt 0.125 1
vt 0.109375 1
vt 0.109375 0.96875
vt 0.109375 0.890625
vt 0.109375 1
vt 0.09375 1
vt 0.09375 0.890625
vt 0.125 0.890625
vt 0.125 1
vt 0.109375 1
vt 0.109375 0.890625
vt 0.125 0.890625
vt 0.125 1
vt 0.09375 1
vt 0.09375 0.890625
vt 0.125 0.890625
vt 0.125 1
vt 0.09375 1
vt 0.09375 0.890625
vt 0.109375 0.96875
vt 0.109375 1
vt 0.09375 1
vt 0.09375 0.96875
vt 0.125 0.96875
vt 0.125 1
vt 0.109375 1
vt 0.109375 0.96875
vt 0.109375 0.890625
vt 0.109375 1
vt 0.09375 1
vt 0.09375 0.890625
vt 0.125 0.890625
vt 0.125 1
vt 0.109375 1
vt 0.109375 0.890625
vt 0.01953125 0.96875
vt 0.01953125 0.984375
vt 0 0.984375
vt 0 0.96875
vt 0.03515625 0.96875
vt 0.03515625 0.984375
vt 0.015625 0.984375
vt 0.015625 0.96875
vt 0.078125 0.96484375
vt 0.078125 0.984375
vt 0 0.984375
vt 0 0.96484375
vt 0.078125 0.98046875
vt 0.078125 1
vt 0 1
vt 0 0.98046875
vt 0.078125 0.96875
vt 0.078125 0.984375
vt 0 0.984375
vt 0 0.96875
vt 0.078125 0.96875
vt 0.078125 0.984375
vt 0 0.984375
vt 0 0.96875
vt 0.015625 0.984375
vt 0.015625 1
vt 0 1
vt 0 0.984375
vt 0.03125 0.984375
vt 0.03125 1
vt 0.015625 1
vt 0.015625 0.984375
vt 0.046875 0.96875
vt 0.046875 0.984375
vt 0 0.984375
vt 0 0.96875
vt 0.046875 0.984375
vt 0.046875 1
vt 0 1
vt 0 0.984375
vt 0.046875 0.984375
vt 0.046875 1
vt 0 1
vt 0 0.984375
vt 0.046875 0.984375
vt 0.046875 1
vt 0 1
vt 0 0.984375
vt 0.015625 0.984375
vt 0.015625 1
vt 0.03125 1
vt 0.03125 0.984375
vt 0 0.984375
vt 0 1
vt 0.015625 1
vt 0.015625 0.984375
vt 0 0.96875
vt 0 0.984375
vt 0.046875 0.984375
vt 0.046875 0.96875
vt 0 0.984375
vt 0 1
vt 0.046875 1
vt 0.046875 0.984375
vt 0 0.984375
vt 0 1
vt 0.046875 1
vt 0.046875 0.984375
vt 0 0.984375
vt 0 1
vt 0.046875 1
vt 0.046875 0.984375
vt 0.125 0.890625
vt 0.125 1
vt 0.09375 1
vt 0.09375 0.890625
vt 0.125 0.890625
vt 0.125 1
vt 0.09375 1
vt 0.09375 0.890625
vt 0.109375 0.96875
vt 0.109375 1
vt 0.09375 1
vt 0.09375 0.96875
vt 0.125 0.96875
vt 0.125 1
vt 0.109375 1
vt 0.109375 0.96875
vt 0.109375 0.890625
vt 0.109375 1
vt 0.09375 1
vt 0.09375 0.890625
vt 0.125 0.890625
vt 0.125 1
vt 0.109375 1
vt 0.109375 0.890625
vt 0.125 0.890625
vt 0.125 1
vt 0.09375 1
vt 0.09375 0.890625
vt 0.125 0.890625
vt 0.125 1
vt 0.09375 1
vt 0.09375 0.890625
vt 0.109375 0.96875
vt 0.109375 1
vt 0.09375 1
vt 0.09375 0.96875
vt 0.125 0.96875
vt 0.125 1
vt 0.109375 1
vt 0.109375 0.96875
vt 0.109375 0.890625
vt 0.109375 1
vt 0.09375 1
vt 0.09375 0.890625
vt 0.125 0.890625
vt 0.125 1
vt 0.109375 1
vt 0.109375 0.890625
vt 0.01953125 0.96875
vt 0.01953125 0.984375
vt 0 0.984375
vt 0 0.96875
vt 0.03515625 0.96875
vt 0.03515625 0.984375
vt 0.015625 0.984375
vt 0.015625 0.96875
vt 0.078125 0.96484375
vt 0.078125 0.984375
vt 0 0.984375
vt 0 0.96484375
vt 0.078125 0.98046875
vt 0.078125 1
vt 0 1
vt 0 0.98046875
vt 0.078125 0.96875
vt 0.078125 0.984375
vt 0 0.984375
vt 0 0.96875
vt 0.078125 0.96875
vt 0.078125 0.984375
vt 0 0.984375
vt 0 0.96875
vt 0.015625 0.984375
vt 0.015625 1
vt 0 1
vt 0 0.984375
vt 0.03125 0.984375
vt 0.03125 1
vt 0.015625 1
vt 0.015625 0.984375
vt 0.046875 0.96875
vt 0.046875 0.984375
vt 0 0.984375
vt 0 0.96875
vt 0.046875 0.984375
vt 0.046875 1
vt 0 1
vt 0 0.984375
vt 0.046875 0.984375
vt 0.046875 1
vt 0 1
vt 0 0.984375
vt 0.046875 0.984375
vt 0.046875 1
vt 0 1
vt 0 0.984375
vt 0.015625 0.984375
vt 0.015625 1
vt 0.03125 1
vt 0.03125 0.984375
vt 0 0.984375
vt 0 1
vt 0.015625 1
vt 0.015625 0.984375
vt 0 0.96875
vt 0 0.984375
vt 0.046875 0.984375
vt 0.046875 0.96875
vt 0 0.984375
vt 0 1
vt 0.046875 1
vt 0.046875 0.984375
vt 0 0.984375
vt 0 1
vt 0.046875 1
vt 0.046875 0.984375
vt 0 0.984375
vt 0 1
vt 0.046875 1
vt 0.046875 0.984375
vt 0.125 0.890625
vt 0.125 1
vt 0.09375 1
vt 0.09375 0.890625
vt 0.125 0.890625
vt 0.125 1
vt 0.09375 1
vt 0.09375 0.890625
vt 0.109375 0.96875
vt 0.109375 1
vt 0.09375 1
vt 0.09375 0.96875
vt 0.125 0.96875
vt 0.125 1
vt 0.109375 1
vt 0.109375 0.96875
vt 0.109375 0.890625
vt 0.109375 1
vt 0.09375 1
vt 0.09375 0.890625
vt 0.125 0.890625
vt 0.125 1
vt 0.109375 1
vt 0.109375 0.890625
vt 0.125 0.890625
vt 0.125 1
vt 0.09375 1
vt 0.09375 0.890625
vt 0.125 0.890625
vt 0.125 1
vt 0.09375 1
vt 0.09375 0.890625
vt 0.109375 0.96875
vt 0.109375 1
vt 0.09375 1
vt 0.09375 0.96875
vt 0.125 0.96875
vt 0.125 1
vt 0.109375 1
vt 0.109375 0.96875
vt 0.109375 0.890625
vt 0.109375 1
vt 0.09375 1
vt 0.09375 0.890625
vt 0.125 0.890625
vt 0.125 1
vt 0.109375 1
vt 0.109375 0.890625
vt 0.01953125 0.96875
vt 0.01953125 0.984375
vt 0 0.984375
vt 0 0.96875
vt 0.03515625 0.96875
vt 0.03515625 0.984375
vt 0.015625 0.984375
vt 0.015625 0.96875
vt 0.078125 0.96484375
vt 0.078125 0.984375
vt 0 0.984375
vt 0 0.96484375
vt 0.078125 0.98046875
vt 0.078125 1
vt 0 1
vt 0 0.98046875
vt 0.078125 0.96875
vt 0.078125 0.984375
vt 0 0.984375
vt 0 0.96875
vt 0.078125 0.96875
vt 0.078125 0.984375
vt 0 0.984375
vt 0 0.96875
vt 0.03125 0.9921875
vt 0.03125 1
vt 0 1
vt 0 0.9921875
vt 0.03125 0.9921875
vt 0.03125 1
vt 0 1
vt 0 0.9921875
vt 0.09375 0.96875
vt 0.09375 1
vt 0 1
vt 0 0.96875
vt 0.09375 0.96875
vt 0.09375 1
vt 0 1
vt 0 0.96875
vt 0.09375 0.9921875
vt 0.09375 1
vt 0 1
vt 0 0.9921875
vt 0.09375 0.9921875
vt 0.09375 1
vt 0 1
vt 0 0.9921875
vt 0.03125 0.9921875
vt 0.03125 1
vt 0 1
vt 0 0.9921875
vt 0.03125 0.9921875
vt 0.03125 1
vt 0 1
vt 0 0.9921875
vt 0.09375 0.96875
vt 0.09375 1
vt 0 1
vt 0 0.96875
vt 0.09375 0.96875
vt 0.09375 1
vt 0 1
vt 0 0.96875
vt 0.09375 0.9921875
vt 0.09375 1
vt 0 1
vt 0 0.9921875
vt 0.09375 0.9921875
vt 0.09375 1
vt 0 1
vt 0 0.9921875
vt 0.03125 0.953125
vt 0.03125 0.9921875
vt 0 0.9921875
vt 0 0.953125
vt 0.03125 0.953125
vt 0.03125 0.9921875
vt 0 0.9921875
vt 0 0.953125
vt 0.0703125 0.96875
vt 0.0703125 1
vt 0.0234375 1
vt 0.0234375 0.96875
vt 0.0703125 0.96875
vt 0.0703125 1
vt 0.0234375 1
vt 0.0234375 0.96875
vt 0.0703125 0.953125
vt 0.0703125 0.9921875
vt 0.0234375 0.9921875
vt 0.0234375 0.953125
vt 0.0703125 0.953125
vt 0.0703125 0.9921875
vt 0.0234375 0.9921875
vt 0.0234375 0.953125
vt 0.02734375 0.9921875
vt 0.02734375 1
vt 0.00390625 1
vt 0.00390625 0.9921875
vt 0.02734375 0.9921875
vt 0.02734375 1
vt 0.00390625 1
vt 0.00390625 0.9921875
vt 0.0859375 0.97265625
vt 0.0859375 0.99609375
vt 0.0078125 0.99609375
vt 0.0078125 0.97265625
vt 0.0859375 0.97265625
vt 0.0859375 0.99609375
vt 0.0078125 0.99609375
vt 0.0078125 0.97265625
vt 0.0859375 0.9921875
vt 0.0859375 1
vt 0.0078125 1
vt 0.0078125 0.9921875
vt 0.0859375 0.9921875
vt 0.0859375 1
vt 0.0078125 1
vt 0.0078125 0.9921875
vt 0.15625 0.859375
vt 0.15625 0.90625
vt 0.125 0.90625
vt 0.125 0.859375
vt 0.15625 0.859375
vt 0.15625 0.90625
vt 0.125 0.90625
vt 0.125 0.859375
vt 0.15625 0.875
vt 0.15625 0.90625
vt 0.125 0.90625
vt 0.125 0.875
vt 0.15625 0.875
vt 0.15625 0.90625
vt 0.125 0.90625
vt 0.125 0.875
vt 0.15625 0.859375
vt 0.15625 0.90625
vt 0.125 0.90625
vt 0.125 0.859375
vt 0.15625 0.859375
vt 0.15625 0.90625
vt 0.125 0.90625
vt 0.125 0.859375
vt 0.15625 0.96875
vt 0.15625 1
vt 0.0546875 1
vt 0.0546875 0.96875
vt 0.1015625 0.96875
vt 0.1015625 1
vt 0 1
vt 0 0.96875
vt 0.028125 0.8984375
vt 0.028125 1
vt 0 1
vt 0 0.8984375
vt 0.028125 0.84375
vt 0.028125 0.9453125
vt 0 0.9453125
vt 0 0.84375
vt 0.028125 0.96875
vt 0.028125 1
vt 0 1
vt 0 0.96875
vt 0.03125 0.96875
vt 0.03125 1
vt 0.003125 1
vt 0.003125 0.96875
vt 0.15625 0.96875
vt 0.15625 1
vt 0.0625 1
vt 0.0625 0.96875
vt 0.09375 0.96875
vt 0.09375 1
vt 0 1
vt 0 0.96875
vt 0.03125 0.90625
vt 0.03125 1
vt 0 1
vt 0 0.90625
vt 0.03125 0.84375
vt 0.03125 0.9375
vt 0 0.9375
vt 0 0.84375
vt 0.03125 0.96875
vt 0.03125 1
vt 0 1
vt 0 0.96875
vt 0.03125 0.96875
vt 0.03125 1
vt 0 1
vt 0 0.96875
vt 0.0625 0.90625
vt 0.0625 0.984375
vt 0.046875 0.984375
vt 0.046875 0.90625
vt 0.109375 0.90625
vt 0.109375 0.984375
vt 0.09375 0.984375
vt 0.09375 0.90625
vt 0.09375 0.890625
vt 0.09375 0.90625
vt 0.03125 0.90625
vt 0.03125 0.890625
vt 0.09375 0.9375
vt 0.09375 0.953125
vt 0.03125 0.953125
vt 0.03125 0.9375
vt 0.09375 0.90625
vt 0.09375 0.984375
vt 0.03125 0.984375
vt 0.03125 0.90625
vt 0.09375 0.90625
vt 0.09375 0.984375
vt 0.03125 0.984375
vt 0.03125 0.90625
vt 0.5234375 0.359375
vt 0.5234375 0.421875
vt 0.515625 0.421875
vt 0.515625 0.359375
vt 0.53125 0.359375
vt 0.53125 0.421875
vt 0.5234375 0.421875
vt 0.5234375 0.359375
vt 0.6328125 0.359375
vt 0.6328125 0.3671875
vt 0.5234375 0.3671875
vt 0.5234375 0.359375
vt 0.6328125 0.3671875
vt 0.6328125 0.375
vt 0.5234375 0.375
vt 0.5234375 0.3671875
vt 0.96875 0.34375
vt 0.96875 0.46875
vt 0.75 0.46875
vt 0.75 0.34375
vt 0.703125 0.359375
vt 0.703125 0.484375
vt 0.546875 0.484375
vt 0.546875 0.359375
vn 0.7071067811865478 -0.7071067811865474 0
vn -0.7071067811865464 0.7071067811865488 0
vn -2.6045262925258125e-16 1.2451250134451741e-16 -1
vn -1.5719626074098137e-16 3.737976721961442e-16 1
vn 1 0 0
vn -1 0 0
vn 1.1944759861689233e-16 -2.883746102854997e-16 -1
vn -9.51616065298182e-17 2.297425106484937e-16 1
vn 0.7071067811865478 0.7071067811865472 0
vn -0.7071067811865479 -0.7071067811865472 0
vn -1.245125013445181e-16 -2.6045262925258155e-16 -1
vn -1.531607309562222e-16 6.344068049894078e-17 1
vn 0 1 0
vn 0 -1 0
vn 0 -3.1202693140304155e-16 -1
vn 0 0 1
vn -0.7071067811865478 0.7071067811865472 0
vn 0.7071067811865479 -0.7071067811865472 0
vn -3.9815688012659753e-17 -9.612443989540388e-17 -1
vn 6.344068049894008e-17 1.5316073095622287e-16 1
vn -1 0 0
vn 1 0 0
vn 4.3147453001993236e-16 -2.883746102854997e-16 -1
vn 2.1686532487322178e-16 2.297425106484937e-16 1
vn -0.7071067811865478 -0.7071067811865474 0
vn 0.7071067811865464 0.7071067811865488 -4.9984576865162514e-15
vn 9.612443989540346e-17 -3.981568801266021e-17 -1
vn 2.881131515236174e-16 5.0471456297878e-16 1
vn 0 -1 0
vn 0 1 -7.105427357601003e-15
vn 0 0 -1
vn 0 6.24053862806077e-16 1
vn 0.7071067811865466 -0.7071067811865486 0
vn -0.7071067811865495 0.7071067811865457 0
vn 0 0 -1
vn 0 0 1
vn 1 0 0
vn -1 0 0
vn 6.37053859290127e-16 -1.5379979215226744e-15 -1
vn 0 0 1
vn 0.7071067811865466 0.7071067811865486 0
vn -0.7071067811865495 -0.7071067811865457 0
vn -1.5379910383264533e-15 6.370510082025626e-16 -1
vn 1.225285847649779e-15 -5.075254439915268e-16 1
vn 0 1 0
vn 0 -1 0
vn 0 0 -1
vn 0 0 1
vn -0.7071067811865466 0.7071067811865486 0
vn 0.7071067811865495 -0.7071067811865457 0
vn 6.370510082025757e-16 1.5379910383264355e-15 -1
vn -5.075254439915391e-16 -1.2252858476497686e-15 1
vn -1 0 0
vn 1 0 0
vn 6.37053859290127e-16 -1.5379979215226744e-15 -1
vn 0 0 1
vn -0.7071067811865466 -0.7071067811865486 0
vn 0.7071067811865495 0.7071067811865457 0
vn 3.5301910598387557e-15 3.5301910598387368e-15 -1
vn 0 0 1
vn 0 -1 0
vn 0 1 0
vn 0 4.992430902448665e-15 -1
vn 0 0 1
vn 0.7071067811865478 -0.7071067811865472 0
vn -0.7071067811865464 0.7071067811865487 0
vn 1.765095529919372e-15 -1.7650955299193704e-15 -1
vn -1.7650955299193716e-15 1.7650955299193704e-15 1
vn 1 0 0
vn -1 0 0
vn 0 0 -1
vn 1.2481077256121601e-15 0 1
vn 0.7071067811865478 0.7071067811865474 0
vn -0.7071067811865479 -0.7071067811865472 0
vn 0 0 -1
vn -3.063214619124444e-16 1.2688136099788156e-16 1
vn 0 1 0
vn 0 -1 0
vn 0 0 -1
vn 0 0 1
vn -0.7071067811865478 0.7071067811865474 0
vn 0.7071067811865479 -0.7071067811865472 0
vn 0 0 -1
vn -7.556664039618056e-16 1.1888692268721309e-15 1
vn -1 0 0
vn 1 0 0
vn -2.4962154512243202e-15 0 -1
vn 2.4962154512243202e-15 0 1
vn -0.7071067811865478 -0.7071067811865474 0
vn 0.7071067811865464 0.7071067811865488 -4.998457686516251e-15
vn 0 0 -1
vn -8.825477649596801e-16 -8.825477649596795e-16 1
vn 0 -1 0
vn 0 1 -7.105427357601002e-15
vn 0 0 -1
vn 0 -1.248107725612154e-15 1
vn 0.7071067811865466 -0.7071067811865486 0
vn -0.7071067811865493 0.7071067811865457 0
vn 1.4465700258180613e-15 -2.5340910490825575e-15 -1
vn -4.037716503830228e-15 2.3049052121889303e-15 1
vn 1 0 0
vn -1 0 0
vn 3.185269296450635e-16 -7.689989607613372e-16 -1
vn -5.075285681590524e-16 1.2252933901252938e-15 1
vn 0.7071067811865466 0.7071067811865485 0
vn -0.7071067811865495 -0.7071067811865457 0
vn 1.7650955299193779e-15 1.7650955299193684e-15 -1
vn 0 0 1
vn 0 1 0
vn 0 -1 0
vn 0 2.4962154512243324e-15 -1
vn 0 0 1
vn -0.7071067811865466 0.7071067811865486 0
vn 0.7071067811865495 -0.7071067811865457 0
vn 0 0 -1
vn 0 0 1
vn -1 0 0
vn 1 0 0
vn -2.1776885215792565e-15 -7.689989607613372e-16 -1
vn 4.484902334289588e-15 1.2252933901252938e-15 1
vn -0.7071067811865466 -0.7071067811865485 0
vn 0.7071067811865495 0.7071067811865457 0
vn 2.5340910490826044e-15 1.4465700258180872e-15 -1
vn -2.304905212188958e-15 -4.0377165038302734e-15 1
vn 0 -1 0
vn 0 1 0
vn 0 2.4962154512243324e-15 -1
vn 0 -4.992430902448665e-15 1
vn 8.971970443903374e-17 -8.971970443903367e-17 -1
vn 0.7071067811865478 -0.7071067811865474 0
vn 2.537634140322584e-16 6.126422317883934e-16 1
vn 0 -3.06323347531325e-16 -1
vn 1 0 0
vn 0 0 1
vn -2.627885093096913e-17 -2.42880262386132e-16 -1
vn 0.7071067811865478 0.7071067811865474 0
vn 0 0 1
vn 0 -2.537652627714644e-16 -1
vn 0 1 0
vn 0 0 1
vn 2.627885093096913e-17 -2.42880262386132e-16 -1
vn -0.7071067811865478 0.7071067811865474 0
vn 0 0 1
vn 0 -3.06323347531325e-16 -1
vn -1 0 0
vn 0 0 1
vn -8.971970443903374e-17 -8.971970443903367e-17 -1
vn -0.7071067811865477 -0.7071067811865474 0
vn -2.537634140322584e-16 6.126422317883934e-16 1
vn 0 -1.268826313857322e-16 -1
vn 0 -1 0
vn 0 5.075305255429288e-16 1
vn -6.34408535080646e-17 -1.5316055794709834e-16 -1
vn 0.7071067811865478 -0.7071067811865472 0
vn -2.319971107400057e-16 6.651999336503314e-16 1
vn 0 0 -1
vn 1 0 0
vn -6.344131569286609e-16 -3.06323347531325e-16 1
vn 0 0 -1
vn 0.7071067811865478 0.7071067811865474 0
vn -7.920816406664608e-16 7.432400515419124e-17 1
vn 0 0 -1
vn 0 1 0
vn 0 -2.537652627714644e-16 1
vn 0 0 -1
vn -0.7071067811865478 0.7071067811865474 0
vn 7.920816406664608e-16 7.43240051541913e-17 1
vn 0 0 -1
vn -1 0 0
vn 6.344131569286609e-16 -3.06323347531325e-16 1
vn 6.34408535080646e-17 -1.5316055794709834e-16 -1
vn -0.7071067811865477 -0.7071067811865474 0
vn 2.319971107400057e-16 6.651999336503313e-16 1
vn 0 -1.268826313857322e-16 -1
vn 0 -1 0
vn 0 7.61295788314393e-16 1
vn 7.177576355122681e-16 -7.177576355122701e-16 -1
vn 0.7071067811865466 -0.7071067811865486 0
vn -1.4790478776090478e-15 -1.1201690598529115e-15 1
vn 5.075305255429287e-16 -1.225293390125294e-15 -1
vn 1 0 0
vn -2.5376526277146434e-16 1.837940085187941e-15 1
vn -2.537634140322599e-16 6.126422317883939e-16 -1
vn 0.7071067811865465 0.7071067811865486 0
vn 3.5887881775613406e-16 3.5887881775613504e-16 1
vn 0 5.075305255429288e-16 -1
vn 0 1 0
vn 0 5.075305255429288e-16 1
vn 2.537634140322599e-16 6.126422317883939e-16 -1
vn -0.7071067811865466 0.7071067811865486 0
vn -3.5887881775613406e-16 3.5887881775613504e-16 1
vn -5.075305255429287e-16 -1.225293390125294e-15 -1
vn -1 0 0
vn 2.5376526277146434e-16 1.837940085187941e-15 1
vn -7.177576355122681e-16 -7.177576355122701e-16 -1
vn -0.7071067811865466 -0.7071067811865486 0
vn 1.4790478776090478e-15 -1.1201690598529117e-15 1
vn 0 -1.0150610510858575e-15 -1
vn 0 -1 0
vn 0 -5.075305255429288e-16 1
vn 0 0 -1
vn 0.7071067811865466 -0.7071067811865486 0
vn -5.075268280645198e-16 -1.2252844635767879e-15 1
vn 0 0 -1
vn 1 0 0
vn 0 0 1
vn 0 0 -1
vn 0.7071067811865465 0.7071067811865486 0
vn -5.075268280645198e-16 1.2252844635767879e-15 1
vn 0 0 -1
vn 0 1 0
vn 0 1.0150610510858575e-15 1
vn 0 0 -1
vn -0.7071067811865466 0.7071067811865486 0
vn 5.075268280645198e-16 1.2252844635767879e-15 1
vn 0 0 -1
vn -1 0 0
vn 0 0 1
vn 0 0 -1
vn -0.7071067811865465 -0.7071067811865486 0
vn 5.075268280645198e-16 -1.2252844635767879e-15 1
vn 0 0 -1
vn 0 -1 0
vn 0 -1.0150610510858575e-15 1
vn 1 0 0
vn -1 0 0
vn 0 1 0
vn 0 -1 0
vn 0 0 1
vn 0 3.552713678800501e-16 -1
vn 0 1 0
vn 0 -1 0
vn -1 3.947459643111668e-16 0
vn 1 -3.947459643111668e-16 0
vn 0 -1.4802973661668753e-16 1
vn 0 4.9343245538895844e-17 -1
vn 0.9807852804032304 -0.19509032201612822 0
vn -0.9807852804032304 0.19509032201612855 0
vn 0.19509032201612803 0.9807852804032307 0
vn -0.1950903220161297 -0.9807852804032302 0
vn 5.655124206371476e-16 5.666967333567274e-16 1
vn -1.3114057314988483e-16 4.788749136836111e-16 -1
vn 0.9238795325112871 -0.38268343236508934 0
vn -0.9238795325112868 0.38268343236508995 0
vn 0.38268343236508806 0.9238795325112875 0
vn -0.38268343236508956 -0.9238795325112868 0
vn -2.549183746525825e-16 -6.154273973843737e-16 1
vn 1.6994558310172196e-16 4.102849315895832e-16 -1
vn 0.8314696123025453 -0.5555702330196024 0
vn -0.8314696123025452 0.5555702330196024 0
vn 0.5555702330196016 0.8314696123025459 0
vn -0.5555702330196016 -0.8314696123025459 0
vn 3.6924668314177536e-16 -2.467227457978905e-16 1
vn 0 0 -1
vn 0.7071067811865467 -0.7071067811865485 0
vn -0.7071067811865487 0.7071067811865465 0
vn 0.7071067811865485 0.7071067811865467 0
vn -0.7071067811865469 -0.7071067811865482 0
vn -4.710277376051335e-16 -4.710277376051323e-16 1
vn 0 1.5700924586837702e-16 -1
vn 0.5555702330196018 -0.8314696123025457 0
vn -0.5555702330196038 0.8314696123025443 0
vn 0.8314696123025462 0.5555702330196006 0
vn -0.8314696123025448 -0.555570233019603 0
vn -6.126196867194326e-17 -3.0798471446983214e-16 1
vn -4.187177775302862e-19 4.0029638525527487e-16 -1
vn 0.38268343236509106 -0.9238795325112862 0
vn -0.38268343236508845 0.9238795325112875 0
vn 0.9238795325112864 0.3826834323650906 0
vn -0.9238795325112874 -0.3826834323650887 0
vn 5.802305146913053e-16 -2.4033934848785964e-16 1
vn -1.2745918732629152e-16 3.0771369869218724e-16 -1
vn 0.195090322016128 -0.9807852804032307 0
vn -0.19509032201612816 0.9807852804032304 0
vn 0.9807852804032304 0.19509032201612925 0
vn -0.9807852804032304 -0.19509032201612833 0
vn 0 0 1
vn 0 0 -1
vn 0.9807852804032304 0.1950903220161282 0
vn -0.9807852804032304 -0.1950903220161282 0
vn -0.19509032201612803 0.9807852804032307 0
vn 0.19509032201612972 -0.9807852804032302 1.451853867356142e-15
vn -3.9223740673007433e-16 -3.0441558705695854e-16 1
vn 2.6109683358018967e-16 -1.7445932662665305e-16 -1
vn 0.9238795325112868 0.38268343236508995 0
vn -0.923879532511287 -0.3826834323650892 0
vn -0.38268343236508806 0.9238795325112875 0
vn 0.38268343236508956 -0.9238795325112868 0
vn 1.6994558310172196e-16 -4.102849315895832e-16 1
vn -8.497279155086083e-17 2.0514246579479123e-16 -1
vn 0.8314696123025453 0.5555702330196021 0
vn -0.8314696123025453 -0.5555702330196024 0
vn -0.5555702330196016 0.8314696123025459 0
vn 0.5555702330196017 -0.8314696123025456 0
vn -1.2252393734388531e-16 -6.159694289396661e-16 1
vn -2.467227457978901e-16 3.6924668314177556e-16 -1
vn 0.7071067811865487 0.7071067811865465 0
vn -0.7071067811865466 -0.7071067811865485 0
vn -0.7071067811865485 0.7071067811865466 0
vn 0.7071067811865469 -0.7071067811865482 0
vn 0 0 1
vn 7.850462293418851e-17 7.850462293418871e-17 -1
vn 0.5555702330196038 0.8314696123025442 0
vn -0.5555702330196016 -0.8314696123025456 0
vn -0.8314696123025462 0.5555702330196006 0
vn 0.8314696123025448 -0.555570233019603 0
vn -1.2336137289894517e-16 -1.8462334157088687e-16 1
vn 4.619770717047491e-16 9.189295300791342e-17 -1
vn 0.38268343236508845 0.9238795325112875 0
vn -0.38268343236509106 -0.9238795325112862 0
vn -0.9238795325112864 0.3826834323650906 0
vn 0.9238795325112874 -0.3826834323650887 0
vn -1.6994558310172203e-16 -4.10284931589583e-16 1
vn 4.35172886018479e-16 1.8025451136589473e-16 -1
vn 0.19509032201612816 0.9807852804032304 0
vn -0.19509032201612803 -0.9807852804032307 0
vn -0.9807852804032304 0.19509032201612925 0
vn 0.9807852804032304 -0.19509032201612833 0
vn 0 0 1
vn -1.0888904005171065e-16 2.165937673838427e-17 -1
vn 0 -1 0
vn 0 1 0
vn 1 3.9474596431116675e-16 0
vn -1 -1.9737298215558337e-16 0
vn 0 -1.4802973661668756e-16 1
vn 0 4.9343245538895844e-17 -1
vn 1 0 0
vn -1 0 0
vn 0 1 0
vn 0 -1 0
vn 0 -4.440892098500626e-16 1
vn 0 4.440892098500626e-16 -1
vn 1 0 0
vn -1 0 0
vn 0 1 0
vn 0 -1 0
vn 0 0 1
vn 0 -2.220446049250313e-16 -1
vn 1 0 0
vn -1 0 0
vn 0 1 0
vn 0 -1 0
vn 0 2.220446049250313e-16 1
vn 0 0 -1
vn 1 0 0
vn -1 0 0
vn 0 1 0
vn 0 -1 0
vn 0 -3.700743415417188e-17 1
vn 0 7.401486830834377e-17 -1
vn 1 0 0
vn -1 0 0
vn 0 1 0
vn 0 -1 0
vn 0 -1.1102230246251565e-16 1
vn 0 3.700743415417188e-17 -1
vn 1 0 0
vn -1 0 0
vn 0 1 0
vn 0 -1 0
vn 0 -4.440892098500626e-16 1
vn 0 0 -1
vn 0.9238795325112881 -0.3826834323650871 0
vn -0.9238795325112868 0.3826834323650895 0
vn 0.38268343236508917 0.923879532511287 0
vn -0.3826834323650932 -0.9238795325112853 0
vn -1.6994558310172137e-16 -4.1028493158958035e-16 1
vn 2.071554092493321e-16 -1.047163973981463e-15 -1
vn 0.7071067811865467 -0.7071067811865485 0
vn -0.7071067811865471 0.707106781186548 0
vn 0.707106781186547 0.7071067811865481 0
vn -0.7071067811865476 -0.7071067811865476 0
vn 0 0 1
vn 8.221455471573634e-16 -8.221455471573644e-16 -1
vn 0.38268343236508534 -0.9238795325112886 0
vn -0.38268343236509106 0.9238795325112862 0
vn 0.9238795325112872 0.38268343236508917 0
vn -0.9238795325112862 -0.3826834323650912 0
vn -1.1329705540114691e-16 2.735232877263885e-16 1
vn 5.939757523768675e-16 8.869377416562199e-16 -1
vn 0 1 0
vn 0 -1 0
vn -1 0 0
vn 1 0 0
vn 0 0 1
vn 0 0 -1
vn 0 1 0
vn 0 -1 0
vn -1 0 0
vn 1 0 0
vn 0 -8.881784197001252e-16 1
vn 0 0 -1
vn 0.923879532511287 0.38268343236508956 0
vn -0.923879532511288 -0.38268343236508706 0
vn -0.38268343236508917 0.923879532511287 0
vn 0.3826834323650932 -0.9238795325112853 0
vn -1.699455831017225e-16 4.1028493158958306e-16 1
vn -8.869377416562204e-16 5.939757523768654e-16 -1
vn 0 -1 0
vn 0 1 0
vn 1 0 0
vn -1 0 0
vn 0 -8.881784197001252e-16 1
vn 0 0 -1
vn 0 -1 0
vn 0 1 0
vn 1 0 0
vn -1 0 0
vn 0 0 1
vn 0 0 -1
vn 0.38268343236509106 0.9238795325112863 0
vn -0.38268343236508534 -0.9238795325112886 0
vn -0.9238795325112871 0.382683432365089 0
vn 0.9238795325112862 -0.3826834323650912 0
vn 1.1329705540114861e-16 2.735232877263878e-16 1
vn 2.2659411080229383e-16 5.47046575452777e-16 -1
vn 0.7071067811865471 0.707106781186548 0
vn -0.7071067811865467 -0.7071067811865485 0
vn -0.707106781186547 0.7071067811865481 0
vn 0.7071067811865476 -0.7071067811865476 0
vn 3.140184917367552e-16 -3.140184917367557e-16 1
vn -1.450182530630873e-15 -1.941085636838539e-16 -1
vn 0 -1 0
vn 0 1 0
vn 1 2.5376526277146434e-16 0
vn -1 -2.5376526277146434e-16 0
vn 0 5.075305255429287e-16 1
vn 0 -5.075305255429287e-16 -1
vn 0.9807852804032303 0.19509032201612947 0
vn -0.9807852804032305 -0.1950903220161281 0
vn -0.19509032201612803 0.9807852804032307 0
vn 0.19509032201613485 -0.9807852804032292 0
vn 1.3956746130132227e-15 2.088774668641529e-15 1
vn 0 0 -1
vn 0.9238795325112867 0.3826834323650899 0
vn -0.9238795325112867 -0.3826834323650899 0
vn -0.38268343236509106 0.9238795325112862 0
vn 0.38268343236509106 -0.9238795325112862 0
vn 0 0 1
vn 0 0 -1
vn 0.8314696123025462 0.5555702330196007 0
vn -0.8314696123025442 -0.5555702330196041 0
vn -0.5555702330196064 0.8314696123025425 0
vn 0.5555702330196016 -0.8314696123025459 0
vn 9.868909831915661e-16 -1.4769867325670918e-15 1
vn 0 0 -1
vn 0.7071067811865467 0.7071067811865485 0
vn -0.7071067811865469 -0.7071067811865482 0
vn -0.7071067811865469 0.7071067811865482 0
vn 0.7071067811865467 -0.7071067811865483 0
vn 0 -2.512147933894045e-15 1
vn 2.5121479338940403e-15 0 -1
vn 0.5555702330196017 0.8314696123025456 0
vn -0.5555702330196014 -0.831469612302546 0
vn -0.8314696123025436 0.5555702330196046 0
vn 0.8314696123025441 -0.555570233019604 0
vn 0 0 1
vn 0 0 -1
vn 0.38268343236508506 0.9238795325112887 0
vn -0.38268343236509145 -0.9238795325112862 0
vn -0.9238795325112868 0.38268343236508995 0
vn 0.9238795325112874 -0.38268343236508817 0
vn -3.282279452716667e-15 1.3595646648137838e-15 1
vn 1.6411397263583303e-15 -6.797823324068906e-16 -1
vn 0.195090322016128 0.9807852804032307 0
vn -0.1950903220161282 -0.9807852804032307 0
vn -0.9807852804032307 0.19509032201612764 0
vn 0.9807852804032304 -0.1950903220161285 0
vn 1.7422246408273712e-15 -3.4655002781414564e-16 1
vn 0 0 -1
vn 0.9807852804032305 -0.1950903220161281 0
vn -0.9807852804032303 0.19509032201612947 0
vn 0.19509032201612803 0.9807852804032307 0
vn -0.19509032201613485 -0.9807852804032292 0
vn -1.7422246408273712e-15 3.4655002781414643e-16 1
vn 0 0 -1
vn 0.9238795325112867 -0.3826834323650899 0
vn -0.9238795325112867 0.3826834323650899 0
vn 0.38268343236509106 0.9238795325112862 0
vn -0.38268343236509106 -0.9238795325112862 0
vn 0 0 1
vn 0 0 -1
vn 0.8314696123025442 -0.5555702330196041 0
vn -0.8314696123025462 0.5555702330196007 0
vn 0.5555702330196064 0.8314696123025425 0
vn -0.5555702330196016 -0.8314696123025459 0
vn -9.86890983191572e-16 -1.4769867325671007e-15 1
vn 0 0 -1
vn 0.7071067811865469 -0.7071067811865482 0
vn -0.7071067811865467 0.7071067811865483 0
vn 0.7071067811865469 0.7071067811865482 0
vn -0.7071067811865467 -0.7071067811865485 0
vn 1.2560739669470201e-15 -1.2560739669470225e-15 1
vn 0 2.512147933894045e-15 -1
vn 0.5555702330196014 -0.831469612302546 0
vn -0.5555702330196017 0.8314696123025456 0
vn 0.8314696123025436 0.5555702330196046 0
vn -0.8314696123025441 -0.555570233019604 0
vn 0 0 1
vn 0 0 -1
vn 0.38268343236509145 -0.9238795325112861 0
vn -0.3826834323650851 0.9238795325112888 0
vn 0.9238795325112868 0.38268343236508995 0
vn -0.9238795325112876 -0.38268343236508817 0
vn 0 0 1
vn -1.6411397263583334e-15 -6.797823324068919e-16 -1
vn 0.19509032201612816 -0.9807852804032304 0
vn -0.195090322016128 0.9807852804032307 0
vn 0.9807852804032307 0.19509032201612764 0
vn -0.9807852804032304 -0.1950903220161285 0
vn -1.7422246408273724e-15 -3.465500278141459e-16 1
vn -1.7422246408273712e-15 -3.4655002781414564e-16 -1
vn 0 1 0
vn 0 -1 0
vn -1 2.5376526277146434e-16 0
vn 1 -2.5376526277146434e-16 0
vn 0 5.075305255429287e-16 1
vn 0 -5.075305255429287e-16 -1
vn 1 0 0
vn -1 0 0
vn 0 1 0
vn 0 -1 0
vn 0 -1.7763568394002505e-15 1
vn 0 1.7763568394002505e-15 -1
vn 1 0 0
vn -1 0 0
vn 0 1 0
vn 0 -1 0
vn 0 -1.1842378929335002e-15 1
vn 0 1.7763568394002505e-15 -1
vn 1 0 0
vn -1 0 0
vn 0 1 0
vn 0 -1 0
vn 0 3.552713678800501e-15 1
vn 0 0 -1
vn 0.9238795325112859 -0.382683432365092 0
vn -0.923879532511286 0.38268343236509206 0
vn 0.3826834323650892 0.923879532511287 0
vn -0.3826834323650892 -0.9238795325112872 0
vn 7.095501933249788e-15 4.751806019014986e-15 1
vn -8.286216369973169e-16 4.188655895925879e-15 -1
vn 0.7071067811865431 -0.707106781186552 0
vn -0.7071067811865435 0.7071067811865516 0
vn 0.707106781186547 0.7071067811865481 0
vn -0.7071067811865476 -0.7071067811865476 0
vn 9.089312311152922e-15 -4.0650164433648954e-15 1
vn -7.764342547353827e-16 5.800730122523532e-15 -1
vn 0.3826834323650975 -0.9238795325112836 0
vn -0.382683432365085 0.9238795325112887 0
vn 0.9238795325112856 0.38268343236509245 0
vn -0.9238795325112868 -0.38268343236508956 0
vn 0 0 1
vn 0 0 -1
vn 0 1 0
vn 0 -1 0
vn -1 0 0
vn 1 0 0
vn 0 1.7763568394002505e-15 1
vn 0 1.7763568394002505e-15 -1
vn 0 1 0
vn 0 -1 0
vn -1 0 0
vn 1 0 0
vn 0 -3.552713678800501e-15 1
vn 0 0 -1
vn 0.923879532511286 0.3826834323650921 0
vn -0.9238795325112859 -0.382683432365092 0
vn -0.38268343236508917 0.923879532511287 0
vn 0.38268343236508917 -0.923879532511287 0
vn -3.0168079388084222e-15 -5.095032339135071e-15 1
vn 2.1881863018111056e-15 9.063764432091927e-16 -1
vn 0 -1 0
vn 0 1 0
vn 1 0 0
vn -1 0 0
vn 0 -3.552713678800501e-15 1
vn 0 0 -1
vn 0 -1 0
vn 0 1 0
vn 1 0 0
vn -1 0 0
vn 0 0 1
vn 0 1.7763568394002505e-15 -1
vn 0.382683432365085 0.9238795325112887 0
vn -0.3826834323650975 -0.9238795325112836 0
vn -0.9238795325112856 0.38268343236509245 0
vn 0.9238795325112868 -0.38268343236508956 0
vn 3.282279452716663e-15 -1.3595646648137926e-15 1
vn 0 0 -1
vn 0.7071067811865436 0.7071067811865516 0
vn -0.7071067811865431 -0.707106781186552 0
vn -0.707106781186547 0.7071067811865482 0
vn 0.7071067811865476 -0.7071067811865476 0
vn -1.5528685094707654e-15 -1.1601460245047064e-14 1
vn 3.2885821886294345e-15 3.288582188629476e-15 -1
vn 1 0 0
vn -1 0 0
vn 0 1 0
vn 0 -1 0
vn 0 -1.7763568394002505e-15 1
vn 0 1.7763568394002505e-15 -1
vn 1 0 0
vn -1 0 0
vn 0 1 0
vn 0 -1 0
vn 0 1.7763568394002505e-15 1
vn 0 -3.552713678800501e-15 -1
vn 1 0 0
vn -1 0 0
vn 0 1 0
vn 0 -1 0
vn 0 0 1
vn 0 9.516197353929913e-17 -1
vn 1 0 0
vn -1 0 0
vn 0 1 0
vn 0 -1 0
vn 0 -2.9605947323337506e-16 1
vn 0 2.9605947323337506e-16 -1
vn 1 0 0
vn -1 0 0
vn 0 1 0
vn 0 -1 0
vn 0 0 1
vn 0 1.7763568394002505e-15 -1
vn 0.923879532511288 -0.38268343236508706 0
vn -0.923879532511287 0.38268343236508956 0
vn 0.38268343236508917 0.923879532511287 0
vn -0.3826834323650932 -0.9238795325112853 0
vn 3.3989116620344273e-16 8.205698631791607e-16 1
vn -1.566720074063112e-15 -2.235115478735202e-15 -1
vn 0.7071067811865467 -0.7071067811865485 0
vn -0.7071067811865472 0.707106781186548 0
vn 0.707106781186547 0.7071067811865481 0
vn -0.7071067811865476 -0.7071067811865476 0
vn 6.2803698347351e-16 6.280369834735111e-16 1
vn 6.280369834735104e-16 6.280369834735114e-16 -1
vn 0.3826834323650914 -0.9238795325112861 0
vn -0.3826834323650911 0.9238795325112862 0
vn 0.9238795325112872 0.38268343236508917 0
vn -0.9238795325112862 -0.3826834323650912 3.6255057728367623e-16
vn 1.2737580847837552e-15 -7.542019847021085e-16 1
vn -8.205698631791647e-16 -3.3989116620344426e-16 -1
vn 0 1 0
vn 0 -1 0
vn -1 0 0
vn 1 0 0
vn 0 -4.440892098500626e-16 1
vn 0 0 -1
vn 0 1 0
vn 0 -1 0
vn -1 0 0
vn 1 0 0
vn 0 0 1
vn 0 1.7763568394002505e-15 -1
vn 0.923879532511287 0.3826834323650895 0
vn -0.9238795325112881 -0.3826834323650871 0
vn -0.38268343236508917 0.923879532511287 0
vn 0.3826834323650932 -0.9238795325112853 0
vn -1.019673498610335e-15 2.461709589537499e-15 1
vn 5.470465754527777e-16 2.2659411080229526e-16 -1
vn 0 -1 0
vn 0 1 0
vn 1 0 0
vn -1 0 0
vn 0 0 1
vn 0 1.7763568394002505e-15 -1
vn 0 -1 0
vn 0 1 0
vn 1 0 0
vn -1 0 0
vn 0 0 1
vn 0 0 -1
vn 0.3826834323650911 0.9238795325112862 0
vn -0.38268343236508534 -0.9238795325112886 0
vn -0.9238795325112872 0.38268343236508917 0
vn 0.9238795325112862 -0.3826834323650912 0
vn 3.673816415745703e-16 -1.4339843171089955e-15 1
vn 8.205698631791654e-16 -3.3989116620344456e-16 -1
vn 0.7071067811865472 0.707106781186548 0
vn -0.7071067811865467 -0.7071067811865485 0
vn -0.707106781186547 0.7071067811865481 0
vn 0.7071067811865476 -0.7071067811865476 0
vn -6.280369834735104e-16 6.280369834735114e-16 1
vn -1.88411095042053e-15 1.884110950420533e-15 -1
vn 1 0 0
vn -1 0 0
vn 0 1 0
vn 0 -1 0
vn 0 -1.9032394707859825e-16 1
vn 0 2.220446049250313e-16 -1
vn 1 0 0
vn -1 0 0
vn 0 1 0
vn 0 -1 0
vn 0 -1.9032394707859825e-16 1
vn 0 2.220446049250313e-16 -1
vn 1 0 0
vn -1 0 0
vn 0 1 0
vn 0 -1 0
vn 0 0 1
vn 0 -1.2688263138573217e-16 -1
vn 1 0 0
vn -1 0 0
vn 0 1 0
vn 0 -1 0
vn 0 0 1
vn 0 2.9605947323337506e-16 -1
vn 1 0 0
vn -1 0 0
vn 0 1 0
vn 0 -1 0
vn 0 3.552713678800501e-15 1
vn 0 1.7763568394002505e-15 -1
vn 0.9238795325112859 -0.38268343236509206 0
vn -0.9238795325112859 0.38268343236509206 0
vn 0.38268343236508917 0.923879532511287 0
vn -0.38268343236508917 -0.9238795325112871 0
vn 6.797823324068942e-16 1.6411397263583427e-15 1
vn -1.3595646648137885e-15 -3.2822794527166854e-15 -1
vn 0.7071067811865431 -0.707106781186552 0
vn -0.7071067811865435 0.7071067811865516 0
vn 0.707106781186547 0.7071067811865481 0
vn -0.7071067811865476 -0.7071067811865476 0
vn 5.800730122523487e-15 -7.764342547354194e-16 1
vn 0 0 -1
vn 0.3826834323650975 -0.9238795325112836 0
vn -0.382683432365085 0.9238795325112887 0
vn 0.9238795325112856 0.38268343236509245 0
vn -0.9238795325112868 -0.38268343236508956 0
vn 4.53188221604606e-16 -1.0940931509055577e-15 1
vn -2.547516169567514e-15 1.5084039694042312e-15 -1
vn 0 1 0
vn 0 -1 0
vn -1 0 0
vn 1 0 0
vn 0 -8.881784197001252e-16 1
vn 0 -8.881784197001252e-16 -1
vn 0 1 0
vn 0 -1 0
vn -1 0 0
vn 1 0 0
vn 0 0 1
vn 0 1.7763568394002505e-15 -1
vn 0.9238795325112859 0.38268343236509206 0
vn -0.9238795325112859 -0.38268343236509206 0
vn -0.38268343236508917 0.923879532511287 0
vn 0.3826834323650892 -0.923879532511287 0
vn -6.797823324068942e-16 1.6411397263583427e-15 1
vn -6.797823324068942e-16 1.6411397263583427e-15 -1
vn 0 -1 0
vn 0 1 0
vn 1 0 0
vn -1 0 0
vn 0 0 1
vn 0 1.7763568394002505e-15 -1
vn 0 -1 0
vn 0 1 0
vn 1 0 0
vn -1 0 0
vn 0 0 1
vn 0 -8.881784197001252e-16 -1
vn 0.38268343236508506 0.9238795325112887 0
vn -0.3826834323650975 -0.9238795325112836 0
vn -0.9238795325112856 0.38268343236509234 0
vn 0.9238795325112868 -0.38268343236508956 0
vn -4.531882216045913e-16 -1.0940931509055638e-15 1
vn 9.06376443209212e-16 2.1881863018111154e-15 -1
vn 0.7071067811865436 0.7071067811865516 0
vn -0.7071067811865431 -0.707106781186552 0
vn -0.707106781186547 0.7071067811865482 0
vn 0.7071067811865476 -0.7071067811865476 0
vn -2.0325082216824095e-15 -4.5446561555765026e-15 1
vn 0 0 -1
vn 1 0 0
vn -1 0 0
vn 0 1 0
vn 0 -1 0
vn 0 -1.2688263138573217e-16 1
vn 0 0 -1
vn 1 0 0
vn -1 0 0
vn 0 1 0
vn 0 -1 0
vn 0 -1.2688263138573217e-16 1
vn 0 0 -1
vn 0.9238795325112867 8.497279155086132e-17 -0.3826834323650899
vn -0.923879532511287 0 0.3826834323650896
vn 0 1 0
vn 0 -1 0
vn 0.38268343236508995 4.102849315895826e-16 0.9238795325112868
vn -0.3826834323650896 0 -0.9238795325112868
vn 0.923879532511287 0 0.3826834323650896
vn -0.9238795325112867 -1.6994558310172265e-16 -0.3826834323650899
vn 0 1 0
vn 0 -1 0
vn -0.38268343236508995 0 0.9238795325112868
vn 0.3826834323650896 2.051424657947913e-16 -0.9238795325112868
vn 1 0 0
vn -1 0 0
vn 0 1 0
vn 0 -1 0
vn 0 0 1
vn 0 0 -1
vn 1 0 0
vn -1 0 0
vn 0 1 0
vn 0 -1 0
vn 0 0 1
vn 0 0 -1
vn 1 0 0
vn -1 0 0
vn 0 1 0
vn 0 -1 0
vn 0 0 1
vn 0 -4.440892098500626e-16 -1
vn 0.923879532511287 0 -0.3826834323650896
vn -0.923879532511287 -3.398911662034449e-16 0.38268343236508945
vn 0 1 0
vn 0 -1 0
vn 0.38268343236508995 4.102849315895826e-16 0.9238795325112868
vn -0.3826834323650898 4.102849315895826e-16 -0.9238795325112868
vn 0.923879532511287 -1.6994558310172245e-16 0.38268343236508945
vn -0.923879532511287 -1.6994558310172253e-16 -0.3826834323650896
vn 0 1 0
vn 0 -1 0
vn -0.38268343236508995 -8.205698631791652e-16 0.9238795325112868
vn 0.3826834323650898 0 -0.9238795325112868
vn 1 0 0
vn -1 0 0
vn 0 1 0
vn 0 -1 0
vn 0 -6.344131569286608e-17 1
vn 0 1.2688263138573217e-16 -1
vn 1 0 0
vn -1 0 0
vn 0 1 0
vn 0 -1 0
vn 0 -6.344131569286608e-17 1
vn 0 1.2688263138573217e-16 -1
vn 1 0 0
vn -1 0 0
vn 0 1 0
vn 0 -1 0
vn 0 0 1
vn 0 4.440892098500626e-16 -1
vn 0.9238795325112863 3.398911662034461e-16 -0.3826834323650908
vn -0.9238795325112866 1.0196734986103367e-15 0.3826834323650902
vn 0 1 0
vn 0 -1 0
vn 0.38268343236508995 1.6411397263583305e-15 0.9238795325112868
vn -0.3826834323650894 -8.205698631791653e-16 -0.923879532511287
vn 0.9238795325112866 3.398911662034456e-16 0.3826834323650902
vn -0.9238795325112863 -6.797823324068922e-16 -0.3826834323650908
vn 0 1 0
vn 0 -1 0
vn -0.38268343236508995 2.4617095895374956e-15 0.9238795325112868
vn 0.3826834323650894 8.205698631791653e-16 -0.923879532511287
vn 1 0 0
vn -1 0 0
vn 0 1 0
vn 0 -1 0
vn 0 -6.344131569286608e-17 1
vn 0 0 -1
vn 1 0 0
vn -1 0 0
vn 0 1 0
vn 0 -1 0
vn 0 -6.344131569286608e-17 1
vn 0 0 -1
vn 1 0 0
vn -1 0 0
vn 0 1 0
vn 0 -1 0
vn 0 0 1
vn 0 0 -1
vn 0.9238795325112871 6.797823324068895e-16 -0.3826834323650893
vn -0.9238795325112867 6.797823324068906e-16 0.3826834323650899
vn 0 1 0
vn 0 -1 0
vn 0.3826834323650896 0 0.9238795325112868
vn -0.38268343236509017 0 -0.9238795325112866
vn 0.9238795325112867 0 0.3826834323650899
vn -0.9238795325112871 0 -0.3826834323650893
vn 0 1 0
vn 0 -1 0
vn -0.3826834323650896 1.6411397263583305e-15 0.9238795325112868
vn 0.38268343236509017 1.64113972635833e-15 -0.9238795325112866
vn 1 0 0
vn -1 0 0
vn 0 1 0
vn 0 -1 0
vn 0 -3.806478941571965e-16 1
vn 0 1.2688263138573217e-16 -1
vn 1 0 0
vn -1 0 0
vn 0 1 0
vn 0 -1 0
vn 0 -3.806478941571965e-16 1
vn 0 1.2688263138573217e-16 -1
vn 1 0 0
vn -1 0 0
vn 0 1 0
vn 0 -1 0
vn 0 -1.7763568394002505e-15 1
vn 0 1.7763568394002505e-15 -1
vn 1 0 0
vn -1 0 0
vn 0 1 0
vn 0 -1 0
vn 0 -8.881784197001252e-16 1
vn 0 -8.881784197001252e-16 -1
vn 1 0 0
vn -1 0 0
vn 0 1 0
vn 0 -1 0
vn 0 -2.6645352591003757e-15 1
vn 0 -4.440892098500626e-16 -1
vn 1 0 0
vn -1 0 0
vn 0 1 0
vn 0 -1 0
vn 0 3.552713678800501e-16 1
vn 0 -3.552713678800501e-16 -1
vn 1 0 0
vn -1 0 0
vn 0 1 0
vn 0 -1 0
vn 0 8.881784197001252e-16 1
vn 0 -4.440892098500626e-16 -1
vn 1 0 0
vn -1 0 0
vn 0 1 0
vn 0 -1 -8.88178419700125e-16
vn 0 -2.9605947323337506e-16 1
vn 0 5.921189464667505e-16 -1
vn 1 0 0
vn -1 0 0
vn 0 0.9659258262890684 0.2588190451025208
vn 0 -0.9659258262890682 -0.258819045102521
vn 0 -0.25881904510252063 0.9659258262890683
vn 0 0.2588190451025209 -0.9659258262890684
vn 1 0 0
vn -1 0 0
vn 0 1 2.9605947323337506e-16
vn 0 -1 0
vn 0 1.7763568394002505e-15 1
vn 0 0 -1
vn 1 0 0
vn -1 0 0
vn 0 1 0
vn 0 -1 0
vn 0 3.552713678800501e-16 1
vn 0 1.7763568394002506e-16 -1
vn 1 0 0
vn -1 0 0
vn 0 1 0
vn 0 -1 0
vn 0 0 1
vn 0 2.220446049250313e-16 -1
usemtl m_3d215661-f591-00a8-53e2-d8d611c756be
f 1/1/1 5/2/1 6/3/1 2/4/1
f 4/5/2 8/6/2 7/7/2 3/8/2
f 3/9/3 7/10/3 5/11/3 1/12/3
f 2/13/4 6/14/4 8/15/4 4/16/4
f 5/17/5 9/18/5 10/19/5 6/20/5
f 8/21/6 12/22/6 11/23/6 7/24/6
f 7/25/7 11/26/7 9/27/7 5/28/7
f 6/29/8 10/30/8 12/31/8 8/32/8
f 9/33/9 13/34/9 14/35/9 10/36/9
f 12/37/10 16/38/10 15/39/10 11/40/10
f 11/41/11 15/42/11 13/43/11 9/44/11
f 10/45/12 14/46/12 16/47/12 12/48/12
f 13/49/13 17/50/13 18/51/13 14/52/13
f 16/53/14 20/54/14 19/55/14 15/56/14
f 15/57/15 19/58/15 17/59/15 13/60/15
f 14/61/16 18/62/16 20/63/16 16/64/16
f 17/65/17 21/66/17 22/67/17 18/68/17
f 20/69/18 24/70/18 23/71/18 19/72/18
f 19/73/19 23/74/19 21/75/19 17/76/19
f 18/77/20 22/78/20 24/79/20 20/80/20
f 21/81/21 25/82/21 26/83/21 22/84/21
f 24/85/22 28/86/22 27/87/22 23/88/22
f 23/89/23 27/90/23 25/91/23 21/92/23
f 22/93/24 26/94/24 28/95/24 24/96/24
f 25/97/25 29/98/25 30/99/25 26/100/25
f 28/101/26 32/102/26 31/103/26 27/104/26
f 27/105/27 31/106/27 29/107/27 25/108/27
f 26/109/28 30/110/28 32/111/28 28/112/28
f 29/113/29 1/114/29 2/115/29 30/116/29
f 32/117/30 4/118/30 3/119/30 31/120/30
f 31/121/31 3/122/31 1/123/31 29/124/31
f 30/125/32 2/126/32 4/127/32 32/128/32
f 33/129/33 37/130/33 38/131/33 34/132/33
f 36/133/34 40/134/34 39/135/34 35/136/34
f 35/137/35 39/138/35 37/139/35 33/140/35
f 34/141/36 38/142/36 40/143/36 36/144/36
f 37/145/37 41/146/37 42/147/37 38/148/37
f 40/149/38 44/150/38 43/151/38 39/152/38
f 39/153/39 43/154/39 41/155/39 37/156/39
f 38/157/40 42/158/40 44/159/40 40/160/40
f 41/161/41 45/162/41 46/163/41 42/164/41
f 44/165/42 48/166/42 47/167/42 43/168/42
f 43/169/43 47/170/43 45/171/43 41/172/43
f 42/173/44 46/174/44 48/175/44 44/176/44
f 45/177/45 49/178/45 50/179/45 46/180/45
f 48/181/46 52/182/46 51/183/46 47/184/46
f 47/185/47 51/186/47 49/187/47 45/188/47
f 46/189/48 50/190/48 52/191/48 48/192/48
f 49/193/49 53/194/49 54/195/49 50/196/49
f 52/197/50 56/198/50 55/199/50 51/200/50
f 51/201/51 55/202/51 53/203/51 49/204/51
f 50/205/52 54/206/52 56/207/52 52/208/52
f 53/209/53 57/210/53 58/211/53 54/212/53
f 56/213/54 60/214/54 59/215/54 55/216/54
f 55/217/55 59/218/55 57/219/55 53/220/55
f 54/221/56 58/222/56 60/223/56 56/224/56
f 57/225/57 61/226/57 62/227/57 58/228/57
f 60/229/58 64/230/58 63/231/58 59/232/58
f 59/233/59 63/234/59 61/235/59 57/236/59
f 58/237/60 62/238/60 64/239/60 60/240/60
f 61/241/61 33/242/61 34/243/61 62/244/61
f 64/245/62 36/246/62 35/247/62 63/248/62
f 63/249/63 35/250/63 33/251/63 61/252/63
f 62/253/64 34/254/64 36/255/64 64/256/64
f 65/257/65 69/258/65 70/259/65 66/260/65
f 68/261/66 72/262/66 71/263/66 67/264/66
f 67/265/67 71/266/67 69/267/67 65/268/67
f 66/269/68 70/270/68 72/271/68 68/272/68
f 69/273/69 73/274/69 74/275/69 70/276/69
f 72/277/70 76/278/70 75/279/70 71/280/70
f 71/281/71 75/282/71 73/283/71 69/284/71
f 70/285/72 74/286/72 76/287/72 72/288/72
f 73/289/73 77/290/73 78/291/73 74/292/73
f 76/293/74 80/294/74 79/295/74 75/296/74
f 75/297/75 79/298/75 77/299/75 73/300/75
f 74/301/76 78/302/76 80/303/76 76/304/76
f 77/305/77 81/306/77 82/307/77 78/308/77
f 80/309/78 84/310/78 83/311/78 79/312/78
f 79/313/79 83/314/79 81/315/79 77/316/79
f 78/317/80 82/318/80 84/319/80 80/320/80
f 81/321/81 85/322/81 86/323/81 82/324/81
f 84/325/82 88/326/82 87/327/82 83/328/82
f 83/329/83 87/330/83 85/331/83 81/332/83
f 82/333/84 86/334/84 88/335/84 84/336/84
f 85/337/85 89/338/85 90/339/85 86/340/85
f 88/341/86 92/342/86 91/343/86 87/344/86
f 87/345/87 91/346/87 89/347/87 85/348/87
f 86/349/88 90/350/88 92/351/88 88/352/88
f 89/353/89 93/354/89 94/355/89 90/356/89
f 92/357/90 96/358/90 95/359/90 91/360/90
f 91/361/91 95/362/91 93/363/91 89/364/91
f 90/365/92 94/366/92 96/367/92 92/368/92
f 93/369/93 65/370/93 66/371/93 94/372/93
f 96/373/94 68/374/94 67/375/94 95/376/94
f 95/377/95 67/378/95 65/379/95 93/380/95
f 94/381/96 66/382/96 68/383/96 96/384/96
f 97/385/97 101/386/97 102/387/97 98/388/97
f 100/389/98 104/390/98 103/391/98 99/392/98
f 99/393/99 103/394/99 101/395/99 97/396/99
f 98/397/100 102/398/100 104/399/100 100/400/100
f 101/401/101 105/402/101 106/403/101 102/404/101
f 104/405/102 108/406/102 107/407/102 103/408/102
f 103/409/103 107/410/103 105/411/103 101/412/103
f 102/413/104 106/414/104 108/415/104 104/416/104
f 105/417/105 109/418/105 110/419/105 106/420/105
f 108/421/106 112/422/106 111/423/106 107/424/106
f 107/425/107 111/426/107 109/427/107 105/428/107
f 106/429/108 110/430/108 112/431/108 108/432/108
f 109/433/109 113/434/109 114/435/109 110/436/109
f 112/437/110 116/438/110 115/439/110 111/440/110
f 111/441/111 115/442/111 113/443/111 109/444/111
f 110/445/112 114/446/112 116/447/112 112/448/112
f 113/449/113 117/450/113 118/451/113 114/452/113
f 116/453/114 120/454/114 119/455/114 115/456/114
f 115/457/115 119/458/115 117/459/115 113/460/115
f 114/461/116 118/462/116 120/463/116 116/464/116
f 117/465/117 121/466/117 122/467/117 118/468/117
f 120/469/118 124/470/118 123/471/118 119/472/118
f 119/473/119 123/474/119 121/475/119 117/476/119
f 118/477/120 122/478/120 124/479/120 120/480/120
f 121/481/121 125/482/121 126/483/121 122/484/121
f 124/485/122 128/486/122 127/487/122 123/488/122
f 123/489/123 127/490/123 125/491/123 121/492/123
f 122/493/124 126/494/124 128/495/124 124/496/124
f 125/497/125 97/498/125 98/499/125 126/500/125
f 128/501/126 100/502/126 99/503/126 127/504/126
f 127/505/127 99/506/127 97/507/127 125/508/127
f 126/509/128 98/510/128 100/511/128 128/512/128
f 133/513/129 131/514/129 129/515/129
f 131/516/130 133/517/130 134/518/130 132/519/130
f 132/520/131 134/521/131 130/522/131
f 135/523/132 133/524/132 129/525/132
f 133/526/133 135/527/133 136/528/133 134/529/133
f 134/530/134 136/531/134 130/532/134
f 137/533/135 135/534/135 129/535/135
f 135/536/136 137/537/136 138/538/136 136/539/136
f 136/540/137 138/541/137 130/542/137
f 139/543/138 137/544/138 129/545/138
f 137/546/139 139/547/139 140/548/139 138/549/139
f 138/550/140 140/551/140 130/552/140
f 141/553/141 139/554/141 129/555/141
f 139/556/142 141/557/142 142/558/142 140/559/142
f 140/560/143 142/561/143 130/562/143
f 143/563/144 141/564/144 129/565/144
f 141/566/145 143/567/145 144/568/145 142/569/145
f 142/570/146 144/571/146 130/572/146
f 145/573/147 143/574/147 129/575/147
f 143/576/148 145/577/148 146/578/148 144/579/148
f 144/580/149 146/581/149 130/582/149
f 131/583/150 145/584/150 129/585/150
f 145/586/151 131/587/151 132/588/151 146/589/151
f 146/590/152 132/591/152 130/592/152
f 151/593/153 149/594/153 147/595/153
f 149/596/154 151/597/154 152/598/154 150/599/154
f 150/600/155 152/601/155 148/602/155
f 153/603/156 151/604/156 147/605/156
f 151/606/157 153/607/157 154/608/157 152/609/157
f 152/610/158 154/611/158 148/612/158
f 155/613/159 153/614/159 147/615/159
f 153/616/160 155/617/160 156/618/160 154/619/160
f 154/620/161 156/621/161 148/622/161
f 157/623/162 155/624/162 147/625/162
f 155/626/163 157/627/163 158/628/163 156/629/163
f 156/630/164 158/631/164 148/632/164
f 159/633/165 157/634/165 147/635/165
f 157/636/166 159/637/166 160/638/166 158/639/166
f 158/640/167 160/641/167 148/642/167
f 161/643/168 159/644/168 147/645/168
f 159/646/169 161/647/169 162/648/169 160/649/169
f 160/650/170 162/651/170 148/652/170
f 163/653/171 161/654/171 147/655/171
f 161/656/172 163/657/172 164/658/172 162/659/172
f 162/660/173 164/661/173 148/662/173
f 149/663/174 163/664/174 147/665/174
f 163/666/175 149/667/175 150/668/175 164/669/175
f 164/670/176 150/671/176 148/672/176
f 169/673/177 167/674/177 165/675/177
f 167/676/178 169/677/178 170/678/178 168/679/178
f 168/680/179 170/681/179 166/682/179
f 171/683/180 169/684/180 165/685/180
f 169/686/181 171/687/181 172/688/181 170/689/181
f 170/690/182 172/691/182 166/692/182
f 173/693/183 171/694/183 165/695/183
f 171/696/184 173/697/184 174/698/184 172/699/184
f 172/700/185 174/701/185 166/702/185
f 175/703/186 173/704/186 165/705/186
f 173/706/187 175/707/187 176/708/187 174/709/187
f 174/710/188 176/711/188 166/712/188
f 177/713/189 175/714/189 165/715/189
f 175/716/190 177/717/190 178/718/190 176/719/190
f 176/720/191 178/721/191 166/722/191
f 179/723/192 177/724/192 165/725/192
f 177/726/193 179/727/193 180/728/193 178/729/193
f 178/730/194 180/731/194 166/732/194
f 181/733/195 179/734/195 165/735/195
f 179/736/196 181/737/196 182/738/196 180/739/196
f 180/740/197 182/741/197 166/742/197
f 167/743/198 181/744/198 165/745/198
f 181/746/199 167/747/199 168/748/199 182/749/199
f 182/750/200 168/751/200 166/752/200
f 187/753/201 185/754/201 183/755/201
f 185/756/202 187/757/202 188/758/202 186/759/202
f 186/760/203 188/761/203 184/762/203
f 189/763/204 187/764/204 183/765/204
f 187/766/205 189/767/205 190/768/205 188/769/205
f 188/770/206 190/771/206 184/772/206
f 191/773/207 189/774/207 183/775/207
f 189/776/208 191/777/208 192/778/208 190/779/208
f 190/780/209 192/781/209 184/782/209
f 193/783/210 191/784/210 183/785/210
f 191/786/211 193/787/211 194/788/211 192/789/211
f 192/790/212 194/791/212 184/792/212
f 195/793/213 193/794/213 183/795/213
f 193/796/214 195/797/214 196/798/214 194/799/214
f 194/800/215 196/801/215 184/802/215
f 197/803/216 195/804/216 183/805/216
f 195/806/217 197/807/217 198/808/217 196/809/217
f 196/810/218 198/811/218 184/812/218
f 199/813/219 197/814/219 183/815/219
f 197/816/220 199/817/220 200/818/220 198/819/220
f 198/820/221 200/821/221 184/822/221
f 185/823/222 199/824/222 183/825/222
f 199/826/223 185/827/223 186/828/223 200/829/223
f 200/830/224 186/831/224 184/832/224
f 204/833/225 202/834/225 201/835/225 203/836/225
f 207/837/226 205/838/226 206/839/226 208/840/226
f 201/841/227 202/842/227 206/843/227 205/844/227
f 204/845/228 203/846/228 207/847/228 208/848/228
f 203/849/229 201/850/229 205/851/229 207/852/229
f 208/853/230 206/854/230 202/855/230 204/856/230
f 212/857/231 210/858/231 209/859/231 211/860/231
f 215/861/232 213/862/232 214/863/232 216/864/232
f 209/865/233 210/866/233 214/867/233 213/868/233
f 212/869/234 211/870/234 215/871/234 216/872/234
f 211/873/235 209/874/235 213/875/235 215/876/235
f 216/877/236 214/878/236 210/879/236 212/880/236
f 220/881/237 218/882/237 217/883/237 219/884/237
f 223/885/238 221/886/238 222/887/238 224/888/238
f 217/889/239 218/890/239 222/891/239 221/892/239
f 220/893/240 219/894/240 223/895/240 224/896/240
f 219/897/241 217/898/241 221/899/241 223/900/241
f 224/901/242 222/902/242 218/903/242 220/904/242
f 228/905/243 226/906/243 225/907/243 227/908/243
f 231/909/244 229/910/244 230/911/244 232/912/244
f 225/913/245 226/914/245 230/915/245 229/916/245
f 228/917/246 227/918/246 231/919/246 232/920/246
f 227/921/247 225/922/247 229/923/247 231/924/247
f 232/925/248 230/926/248 226/927/248 228/928/248
f 236/929/249 234/930/249 233/931/249 235/932/249
f 239/933/250 237/934/250 238/935/250 240/936/250
f 233/937/251 234/938/251 238/939/251 237/940/251
f 236/941/252 235/942/252 239/943/252 240/944/252
f 235/945/253 233/946/253 237/947/253 239/948/253
f 240/949/254 238/950/254 234/951/254 236/952/254
f 244/953/255 242/954/255 241/955/255 243/956/255
f 247/957/256 245/958/256 246/959/256 248/960/256
f 241/961/257 242/962/257 246/963/257 245/964/257
f 244/965/258 243/966/258 247/967/258 248/968/258
f 243/969/259 241/970/259 245/971/259 247/972/259
f 248/973/260 246/974/260 242/975/260 244/976/260
f 252/977/261 250/978/261 249/979/261 251/980/261
f 255/981/262 253/982/262 254/983/262 256/984/262
f 249/985/263 250/986/263 254/987/263 253/988/263
f 252/989/264 251/990/264 255/991/264 256/992/264
f 251/993/265 249/994/265 253/995/265 255/996/265
f 256/997/266 254/998/266 250/999/266 252/1000/266
f 260/1001/267 258/1002/267 257/1003/267 259/1004/267
f 263/1005/268 261/1006/268 262/1007/268 264/1008/268
f 257/1009/269 258/1010/269 262/1011/269 261/1012/269
f 260/1013/270 259/1014/270 263/1015/270 264/1016/270
f 259/1017/271 257/1018/271 261/1019/271 263/1020/271
f 264/1021/272 262/1022/272 258/1023/272 260/1024/272
f 268/1025/273 266/1026/273 265/1027/273 267/1028/273
f 271/1029/274 269/1030/274 270/1031/274 272/1032/274
f 265/1033/275 266/1034/275 270/1035/275 269/1036/275
f 268/1037/276 267/1038/276 271/1039/276 272/1040/276
f 267/1041/277 265/1042/277 269/1043/277 271/1044/277
f 272/1045/278 270/1046/278 266/1047/278 268/1048/278
f 276/1049/279 274/1050/279 273/1051/279 275/1052/279
f 279/1053/280 277/1054/280 278/1055/280 280/1056/280
f 273/1057/281 274/1058/281 278/1059/281 277/1060/281
f 276/1061/282 275/1062/282 279/1063/282 280/1064/282
f 275/1065/283 273/1066/283 277/1067/283 279/1068/283
f 280/1069/284 278/1070/284 274/1071/284 276/1072/284
f 284/1073/285 282/1074/285 281/1075/285 283/1076/285
f 287/1077/286 285/1078/286 286/1079/286 288/1080/286
f 281/1081/287 282/1082/287 286/1083/287 285/1084/287
f 284/1085/288 283/1086/288 287/1087/288 288/1088/288
f 283/1089/289 281/1090/289 285/1091/289 287/1092/289
f 288/1093/290 286/1094/290 282/1095/290 284/1096/290
f 292/1097/291 290/1098/291 289/1099/291 291/1100/291
f 295/1101/292 293/1102/292 294/1103/292 296/1104/292
f 289/1105/293 290/1106/293 294/1107/293 293/1108/293
f 292/1109/294 291/1110/294 295/1111/294 296/1112/294
f 291/1113/295 289/1114/295 293/1115/295 295/1116/295
f 296/1117/296 294/1118/296 290/1119/296 292/1120/296
f 300/1121/297 298/1122/297 297/1123/297 299/1124/297
f 303/1125/298 301/1126/298 302/1127/298 304/1128/298
f 297/1129/299 298/1130/299 302/1131/299 301/1132/299
f 300/1133/300 299/1134/300 303/1135/300 304/1136/300
f 299/1137/301 297/1138/301 301/1139/301 303/1140/301
f 304/1141/302 302/1142/302 298/1143/302 300/1144/302
f 308/1145/303 306/1146/303 305/1147/303 307/1148/303
f 311/1149/304 309/1150/304 310/1151/304 312/1152/304
f 305/1153/305 306/1154/305 310/1155/305 309/1156/305
f 308/1157/306 307/1158/306 311/1159/306 312/1160/306
f 307/1161/307 305/1162/307 309/1163/307 311/1164/307
f 312/1165/308 310/1166/308 306/1167/308 308/1168/308
f 316/1169/309 314/1170/309 313/1171/309 315/1172/309
f 319/1173/310 317/1174/310 318/1175/310 320/1176/310
f 313/1177/311 314/1178/311 318/1179/311 317/1180/311
f 316/1181/312 315/1182/312 319/1183/312 320/1184/312
f 315/1185/313 313/1186/313 317/1187/313 319/1188/313
f 320/1189/314 318/1190/314 314/1191/314 316/1192/314
f 324/1193/315 323/1194/315 322/1195/315 321/1196/315
f 327/1197/316 325/1198/316 326/1199/316 328/1200/316
f 322/1201/317 323/1202/317 326/1203/317 325/1204/317
f 324/1205/318 321/1206/318 327/1207/318 328/1208/318
f 321/1209/319 322/1210/319 325/1211/319 327/1212/319
f 328/1213/320 326/1214/320 323/1215/320 324/1216/320
f 332/1217/321 330/1218/321 329/1219/321 331/1220/321
f 335/1221/322 333/1222/322 334/1223/322 336/1224/322
f 329/1225/323 330/1226/323 334/1227/323 333/1228/323
f 332/1229/324 331/1230/324 335/1231/324 336/1232/324
f 331/1233/325 329/1234/325 333/1235/325 335/1236/325
f 336/1237/326 334/1238/326 330/1239/326 332/1240/326
f 340/1241/327 338/1242/327 337/1243/327 339/1244/327
f 343/1245/328 341/1246/328 342/1247/328 344/1248/328
f 337/1249/329 338/1250/329 342/1251/329 341/1252/329
f 340/1253/330 339/1254/330 343/1255/330 344/1256/330
f 339/1257/331 337/1258/331 341/1259/331 343/1260/331
f 344/1261/332 342/1262/332 338/1263/332 340/1264/332
f 348/1265/333 346/1266/333 345/1267/333 347/1268/333
f 351/1269/334 349/1270/334 350/1271/334 352/1272/334
f 345/1273/335 346/1274/335 350/1275/335 349/1276/335
f 348/1277/336 347/1278/336 351/1279/336 352/1280/336
f 347/1281/337 345/1282/337 349/1283/337 351/1284/337
f 352/1285/338 350/1286/338 346/1287/338 348/1288/338
f 356/1289/339 354/1290/339 353/1291/339 355/1292/339
f 359/1293/340 357/1294/340 358/1295/340 360/1296/340
f 353/1297/341 354/1298/341 358/1299/341 357/1300/341
f 356/1301/342 355/1302/342 359/1303/342 360/1304/342
f 355/1305/343 353/1306/343 357/1307/343 359/1308/343
f 360/1309/344 358/1310/344 354/1311/344 356/1312/344
f 364/1313/345 362/1314/345 361/1315/345 363/1316/345
f 367/1317/346 365/1318/346 366/1319/346 368/1320/346
f 361/1321/347 362/1322/347 366/1323/347 365/1324/347
f 364/1325/348 363/1326/348 367/1327/348 368/1328/348
f 363/1329/349 361/1330/349 365/1331/349 367/1332/349
f 368/1333/350 366/1334/350 362/1335/350 364/1336/350
f 372/1337/351 370/1338/351 369/1339/351 371/1340/351
f 375/1341/352 373/1342/352 374/1343/352 376/1344/352
f 369/1345/353 370/1346/353 374/1347/353 373/1348/353
f 372/1349/354 371/1350/354 375/1351/354 376/1352/354
f 371/1353/355 369/1354/355 373/1355/355 375/1356/355
f 376/1357/356 374/1358/356 370/1359/356 372/1360/356
f 380/1361/357 378/1362/357 377/1363/357 379/1364/357
f 383/1365/358 381/1366/358 382/1367/358 384/1368/358
f 377/1369/359 378/1370/359 382/1371/359 381/1372/359
f 380/1373/360 379/1374/360 383/1375/360 384/1376/360
f 379/1377/361 377/1378/361 381/1379/361 383/1380/361
f 384/1381/362 382/1382/362 378/1383/362 380/1384/362
f 388/1385/363 386/1386/363 385/1387/363 387/1388/363
f 391/1389/364 389/1390/364 390/1391/364 392/1392/364
f 385/1393/365 386/1394/365 390/1395/365 389/1396/365
f 388/1397/366 387/1398/366 391/1399/366 392/1400/366
f 387/1401/367 385/1402/367 389/1403/367 391/1404/367
f 392/1405/368 390/1406/368 386/1407/368 388/1408/368
f 396/1409/369 394/1410/369 393/1411/369 395/1412/369
f 399/1413/370 397/1414/370 398/1415/370 400/1416/370
f 393/1417/371 394/1418/371 398/1419/371 397/1420/371
f 396/1421/372 395/1422/372 399/1423/372 400/1424/372
f 395/1425/373 393/1426/373 397/1427/373 399/1428/373
f 400/1429/374 398/1430/374 394/1431/374 396/1432/374
f 404/1433/375 402/1434/375 401/1435/375 403/1436/375
f 407/1437/376 405/1438/376 406/1439/376 408/1440/376
f 401/1441/377 402/1442/377 406/1443/377 405/1444/377
f 404/1445/378 403/1446/378 407/1447/378 408/1448/378
f 403/1449/379 401/1450/379 405/1451/379 407/1452/379
f 408/1453/380 406/1454/380 402/1455/380 404/1456/380
f 412/1457/381 410/1458/381 409/1459/381 411/1460/381
f 415/1461/382 413/1462/382 414/1463/382 416/1464/382
f 409/1465/383 410/1466/383 414/1467/383 413/1468/383
f 412/1469/384 411/1470/384 415/1471/384 416/1472/384
f 411/1473/385 409/1474/385 413/1475/385 415/1476/385
f 416/1477/386 414/1478/386 410/1479/386 412/1480/386
f 420/1481/387 418/1482/387 417/1483/387 419/1484/387
f 423/1485/388 421/1486/388 422/1487/388 424/1488/388
f 417/1489/389 418/1490/389 422/1491/389 421/1492/389
f 420/1493/390 419/1494/390 423/1495/390 424/1496/390
f 419/1497/391 417/1498/391 421/1499/391 423/1500/391
f 424/1501/392 422/1502/392 418/1503/392 420/1504/392
f 428/1505/393 426/1506/393 425/1507/393 427/1508/393
f 431/1509/394 429/1510/394 430/1511/394 432/1512/394
f 425/1513/395 426/1514/395 430/1515/395 429/1516/395
f 428/1517/396 427/1518/396 431/1519/396 432/1520/396
f 427/1521/397 425/1522/397 429/1523/397 431/1524/397
f 432/1525/398 430/1526/398 426/1527/398 428/1528/398
f 436/1529/399 434/1530/399 433/1531/399 435/1532/399
f 439/1533/400 437/1534/400 438/1535/400 440/1536/400
f 433/1537/401 434/1538/401 438/1539/401 437/1540/401
f 436/1541/402 435/1542/402 439/1543/402 440/1544/402
f 435/1545/403 433/1546/403 437/1547/403 439/1548/403
f 440/1549/404 438/1550/404 434/1551/404 436/1552/404
f 444/1553/405 442/1554/405 441/1555/405 443/1556/405
f 447/1557/406 445/1558/406 446/1559/406 448/1560/406
f 441/1561/407 442/1562/407 446/1563/407 445/1564/407
f 444/1565/408 443/1566/408 447/1567/408 448/1568/408
f 443/1569/409 441/1570/409 445/1571/409 447/1572/409
f 448/1573/410 446/1574/410 442/1575/410 444/1576/410
f 452/1577/411 450/1578/411 449/1579/411 451/1580/411
f 455/1581/412 453/1582/412 454/1583/412 456/1584/412
f 449/1585/413 450/1586/413 454/1587/413 453/1588/413
f 452/1589/414 451/1590/414 455/1591/414 456/1592/414
f 451/1593/415 449/1594/415 453/1595/415 455/1596/415
f 456/1597/416 454/1598/416 450/1599/416 452/1600/416
f 460/1601/417 458/1602/417 457/1603/417 459/1604/417
f 463/1605/418 461/1606/418 462/1607/418 464/1608/418
f 457/1609/419 458/1610/419 462/1611/419 461/1612/419
f 460/1613/420 459/1614/420 463/1615/420 464/1616/420
f 459/1617/421 457/1618/421 461/1619/421 463/1620/421
f 464/1621/422 462/1622/422 458/1623/422 460/1624/422
f 468/1625/423 466/1626/423 465/1627/423 467/1628/423
f 471/1629/424 469/1630/424 470/1631/424 472/1632/424
f 465/1633/425 466/1634/425 470/1635/425 469/1636/425
f 468/1637/426 467/1638/426 471/1639/426 472/1640/426
f 467/1641/427 465/1642/427 469/1643/427 471/1644/427
f 472/1645/428 470/1646/428 466/1647/428 468/1648/428
f 476/1649/429 474/1650/429 473/1651/429 475/1652/429
f 479/1653/430 477/1654/430 478/1655/430 480/1656/430
f 473/1657/431 474/1658/431 478/1659/431 477/1660/431
f 476/1661/432 475/1662/432 479/1663/432 480/1664/432
f 475/1665/433 473/1666/433 477/1667/433 479/1668/433
f 480/1669/434 478/1670/434 474/1671/434 476/1672/434
f 484/1673/435 482/1674/435 481/1675/435 483/1676/435
f 487/1677/436 485/1678/436 486/1679/436 488/1680/436
f 481/1681/437 482/1682/437 486/1683/437 485/1684/437
f 484/1685/438 483/1686/438 487/1687/438 488/1688/438
f 483/1689/439 481/1690/439 485/1691/439 487/1692/439
f 488/1693/440 486/1694/440 482/1695/440 484/1696/440
f 492/1697/441 490/1698/441 489/1699/441 491/1700/441
f 495/1701/442 493/1702/442 494/1703/442 496/1704/442
f 489/1705/443 490/1706/443 494/1707/443 493/1708/443
f 492/1709/444 491/1710/444 495/1711/444 496/1712/444
f 491/1713/445 489/1714/445 493/1715/445 495/1716/445
f 496/1717/446 494/1718/446 490/1719/446 492/1720/446
f 500/1721/447 498/1722/447 497/1723/447 499/1724/447
f 503/1725/448 501/1726/448 502/1727/448 504/1728/448
f 497/1729/449 498/1730/449 502/1731/449 501/1732/449
f 500/1733/450 499/1734/450 503/1735/450 504/1736/450
f 499/1737/451 497/1738/451 501/1739/451 503/1740/451
f 504/1741/452 502/1742/452 498/1743/452 500/1744/452
f 508/1745/453 506/1746/453 505/1747/453 507/1748/453
f 511/1749/454 509/1750/454 510/1751/454 512/1752/454
f 505/1753/455 506/1754/455 510/1755/455 509/1756/455
f 508/1757/456 507/1758/456 511/1759/456 512/1760/456
f 507/1761/457 505/1762/457 509/1763/457 511/1764/457
f 512/1765/458 510/1766/458 506/1767/458 508/1768/458
f 516/1769/459 514/1770/459 513/1771/459 515/1772/459
f 519/1773/460 517/1774/460 518/1775/460 520/1776/460
f 513/1777/461 514/1778/461 518/1779/461 517/1780/461
f 516/1781/462 515/1782/462 519/1783/462 520/1784/462
f 515/1785/463 513/1786/463 517/1787/463 519/1788/463
f 520/1789/464 518/1790/464 514/1791/464 516/1792/464
f 524/1793/465 522/1794/465 521/1795/465 523/1796/465
f 527/1797/466 525/1798/466 526/1799/466 528/1800/466
f 521/1801/467 522/1802/467 526/1803/467 525/1804/467
f 524/1805/468 523/1806/468 527/1807/468 528/1808/468
f 523/1809/469 521/1810/469 525/1811/469 527/1812/469
f 528/1813/470 526/1814/470 522/1815/470 524/1816/470
f 532/1817/471 530/1818/471 529/1819/471 531/1820/471
f 535/1821/472 533/1822/472 534/1823/472 536/1824/472
f 529/1825/473 530/1826/473 534/1827/473 533/1828/473
f 532/1829/474 531/1830/474 535/1831/474 536/1832/474
f 531/1833/475 529/1834/475 533/1835/475 535/1836/475
f 536/1837/476 534/1838/476 530/1839/476 532/1840/476
f 540/1841/477 538/1842/477 537/1843/477 539/1844/477
f 543/1845/478 541/1846/478 542/1847/478 544/1848/478
f 537/1849/479 538/1850/479 542/1851/479 541/1852/479
f 540/1853/480 539/1854/480 543/1855/480 544/1856/480
f 539/1857/481 537/1858/481 541/1859/481 543/1860/481
f 544/1861/482 542/1862/482 538/1863/482 540/1864/482
f 548/1865/483 546/1866/483 545/1867/483 547/1868/483
f 551/1869/484 549/1870/484 550/1871/484 552/1872/484
f 545/1873/485 546/1874/485 550/1875/485 549/1876/485
f 548/1877/486 547/1878/486 551/1879/486 552/1880/486
f 547/1881/487 545/1882/487 549/1883/487 551/1884/487
f 552/1885/488 550/1886/488 546/1887/488 548/1888/488
f 556/1889/489 554/1890/489 553/1891/489 555/1892/489
f 559/1893/490 557/1894/490 558/1895/490 560/1896/490
f 553/1897/491 554/1898/491 558/1899/491 557/1900/491
f 556/1901/492 555/1902/492 559/1903/492 560/1904/492
f 555/1905/493 553/1906/493 557/1907/493 559/1908/493
f 560/1909/494 558/1910/494 554/1911/494 556/1912/494
f 564/1913/495 562/1914/495 561/1915/495 563/1916/495
f 567/1917/496 565/1918/496 566/1919/496 568/1920/496
f 561/1921/497 562/1922/497 566/1923/497 565/1924/497
f 564/1925/498 563/1926/498 567/1927/498 568/1928/498
f 563/1929/499 561/1930/499 565/1931/499 567/1932/499
f 568/1933/500 566/1934/500 562/1935/500 564/1936/500
f 572/1937/501 570/1938/501 569/1939/501 571/1940/501
f 575/1941/502 573/1942/502 574/1943/502 576/1944/502
f 569/1945/503 570/1946/503 574/1947/503 573/1948/503
f 572/1949/504 571/1950/504 575/1951/504 576/1952/504
f 571/1953/505 569/1954/505 573/1955/505 575/1956/505
f 576/1957/506 574/1958/506 570/1959/506 572/1960/506
f 580/1961/507 578/1962/507 577/1963/507 579/1964/507
f 583/1965/508 581/1966/508 582/1967/508 584/1968/508
f 577/1969/509 578/1970/509 582/1971/509 581/1972/509
f 580/1973/510 579/1974/510 583/1975/510 584/1976/510
f 579/1977/511 577/1978/511 581/1979/511 583/1980/511
f 584/1981/512 582/1982/512 578/1983/512 580/1984/512
f 588/1985/513 586/1986/513 585/1987/513 587/1988/513
f 591/1989/514 589/1990/514 590/1991/514 592/1992/514
f 585/1993/515 586/1994/515 590/1995/515 589/1996/515
f 588/1997/516 587/1998/516 591/1999/516 592/2000/516
f 587/2001/517 585/2002/517 589/2003/517 591/2004/517
f 592/2005/518 590/2006/518 586/2007/518 588/2008/518
f 596/2009/519 594/2010/519 593/2011/519 595/2012/519
f 599/2013/520 597/2014/520 598/2015/520 600/2016/520
f 593/2017/521 594/2018/521 598/2019/521 597/2020/521
f 596/2021/522 595/2022/522 599/2023/522 600/2024/522
f 595/2025/523 593/2026/523 597/2027/523 599/2028/523
f 600/2029/524 598/2030/524 594/2031/524 596/2032/524
f 604/2033/525 602/2034/525 601/2035/525 603/2036/525
f 607/2037/526 605/2038/526 606/2039/526 608/2040/526
f 601/2041/527 602/2042/527 606/2043/527 605/2044/527
f 604/2045/528 603/2046/528 607/2047/528 608/2048/528
f 603/2049/529 601/2050/529 605/2051/529 607/2052/529
f 608/2053/530 606/2054/530 602/2055/530 604/2056/530
f 612/2057/531 610/2058/531 609/2059/531 611/2060/531
f 615/2061/532 613/2062/532 614/2063/532 616/2064/532
f 609/2065/533 610/2066/533 614/2067/533 613/2068/533
f 612/2069/534 611/2070/534 615/2071/534 616/2072/534
f 611/2073/535 609/2074/535 613/2075/535 615/2076/535
f 616/2077/536 614/2078/536 610/2079/536 612/2080/536
f 620/2081/537 618/2082/537 617/2083/537 619/2084/537
f 623/2085/538 621/2086/538 622/2087/538 624/2088/538
f 617/2089/539 618/2090/539 622/2091/539 621/2092/539
f 620/2093/540 619/2094/540 623/2095/540 624/2096/540
f 619/2097/541 617/2098/541 621/2099/541 623/2100/541
f 624/2101/542 622/2102/542 618/2103/542 620/2104/542
f 628/2105/543 626/2106/543 625/2107/543 627/2108/543
f 631/2109/544 629/2110/544 630/2111/544 632/2112/544
f 625/2113/545 626/2114/545 630/2115/545 629/2116/545
f 628/2117/546 627/2118/546 631/2119/546 632/2120/546
f 627/2121/547 625/2122/547 629/2123/547 631/2124/547
f 632/2125/548 630/2126/548 626/2127/548 628/2128/548
f 636/2129/549 634/2130/549 633/2131/549 635/2132/549
f 639/2133/550 637/2134/550 638/2135/550 640/2136/550
f 633/2137/551 634/2138/551 638/2139/551 637/2140/551
f 636/2141/552 635/2142/552 639/2143/552 640/2144/552
f 635/2145/553 633/2146/553 637/2147/553 639/2148/553
f 640/2149/554 638/2150/554 634/2151/554 636/2152/554
f 644/2153/555 642/2154/555 641/2155/555 643/2156/555
f 647/2157/556 645/2158/556 646/2159/556 648/2160/556
f 641/2161/557 642/2162/557 646/2163/557 645/2164/557
f 644/2165/558 643/2166/558 647/2167/558 648/2168/558
f 643/2169/559 641/2170/559 645/2171/559 647/2172/559
f 648/2173/560 646/2174/560 642/2175/560 644/2176/560
f 652/2177/561 650/2178/561 649/2179/561 651/2180/561
f 655/2181/562 653/2182/562 654/2183/562 656/2184/562
f 649/2185/563 650/2186/563 654/2187/563 653/2188/563
f 652/2189/564 651/2190/564 655/2191/564 656/2192/564
f 651/2193/565 649/2194/565 653/2195/565 655/2196/565
f 656/2197/566 654/2198/566 650/2199/566 652/2200/566
f 660/2201/567 658/2202/567 657/2203/567 659/2204/567
f 663/2205/568 661/2206/568 662/2207/568 664/2208/568
f 657/2209/569 658/2210/569 662/2211/569 661/2212/569
f 660/2213/570 659/2214/570 663/2215/570 664/2216/570
f 659/2217/571 657/2218/571 661/2219/571 663/2220/571
f 664/2221/572 662/2222/572 658/2223/572 660/2224/572
f 668/2225/573 666/2226/573 665/2227/573 667/2228/573
f 671/2229/574 669/2230/574 670/2231/574 672/2232/574
f 665/2233/575 666/2234/575 670/2235/575 669/2236/575
f 668/2237/576 667/2238/576 671/2239/576 672/2240/576
f 667/2241/577 665/2242/577 669/2243/577 671/2244/577
f 672/2245/578 670/2246/578 666/2247/578 668/2248/578
f 676/2249/579 674/2250/579 673/2251/579 675/2252/579
f 679/2253/580 677/2254/580 678/2255/580 680/2256/580
f 673/2257/581 674/2258/581 678/2259/581 677/2260/581
f 676/2261/582 675/2262/582 679/2263/582 680/2264/582
f 675/2265/583 673/2266/583 677/2267/583 679/2268/583
f 680/2269/584 678/2270/584 674/2271/584 676/2272/584
f 684/2273/585 682/2274/585 681/2275/585 683/2276/585
f 687/2277/586 685/2278/586 686/2279/586 688/2280/586
f 681/2281/587 682/2282/587 686/2283/587 685/2284/587
f 684/2285/588 683/2286/588 687/2287/588 688/2288/588
f 683/2289/589 681/2290/589 685/2291/589 687/2292/589
f 688/2293/590 686/2294/590 682/2295/590 684/2296/590
f 692/2297/591 690/2298/591 689/2299/591 691/2300/591
f 695/2301/592 693/2302/592 694/2303/592 696/2304/592
f 689/2305/593 690/2306/593 694/2307/593 693/2308/593
f 692/2309/594 691/2310/594 695/2311/594 696/2312/594
f 691/2313/595 689/2314/595 693/2315/595 695/2316/595
f 696/2317/596 694/2318/596 690/2319/596 692/2320/596
f 700/2321/597 698/2322/597 697/2323/597 699/2324/597
f 703/2325/598 701/2326/598 702/2327/598 704/2328/598
f 697/2329/599 698/2330/599 702/2331/599 701/2332/599
f 700/2333/600 699/2334/600 703/2335/600 704/2336/600
f 699/2337/601 697/2338/601 701/2339/601 703/2340/601
f 704/2341/602 702/2342/602 698/2343/602 700/2344/602
f 708/2345/603 706/2346/603 705/2347/603 707/2348/603
f 711/2349/604 709/2350/604 710/2351/604 712/2352/604
f 705/2353/605 706/2354/605 710/2355/605 709/2356/605
f 708/2357/606 707/2358/606 711/2359/606 712/2360/606
f 707/2361/607 705/2362/607 709/2363/607 711/2364/607
f 712/2365/608 710/2366/608 706/2367/608 708/2368/608
f 716/2369/609 714/2370/609 713/2371/609 715/2372/609
f 719/2373/610 717/2374/610 718/2375/610 720/2376/610
f 713/2377/611 714/2378/611 718/2379/611 717/2380/611
f 716/2381/612 715/2382/612 719/2383/612 720/2384/612
f 715/2385/613 713/2386/613 717/2387/613 719/2388/613
f 720/2389/614 718/2390/614 714/2391/614 716/2392/614
f 724/2393/615 722/2394/615 721/2395/615 723/2396/615
f 727/2397/616 725/2398/616 726/2399/616 728/2400/616
f 721/2401/617 722/2402/617 726/2403/617 725/2404/617
f 724/2405/618 723/2406/618 727/2407/618 728/2408/618
f 723/2409/619 721/2410/619 725/2411/619 727/2412/619
f 728/2413/620 726/2414/620 722/2415/620 724/2416/620
f 732/2417/621 730/2418/621 729/2419/621 731/2420/621
f 735/2421/622 733/2422/622 734/2423/622 736/2424/622
f 729/2425/623 730/2426/623 734/2427/623 733/2428/623
f 732/2429/624 731/2430/624 735/2431/624 736/2432/624
f 731/2433/625 729/2434/625 733/2435/625 735/2436/625
f 736/2437/626 734/2438/626 730/2439/626 732/2440/626
f 740/2441/627 738/2442/627 737/2443/627 739/2444/627
f 743/2445/628 741/2446/628 742/2447/628 744/2448/628
f 737/2449/629 738/2450/629 742/2451/629 741/2452/629
f 740/2453/630 739/2454/630 743/2455/630 744/2456/630
f 739/2457/631 737/2458/631 741/2459/631 743/2460/631
f 744/2461/632 742/2462/632 738/2463/632 740/2464/632
f 748/2465/633 746/2466/633 745/2467/633 747/2468/633
f 751/2469/634 749/2470/634 750/2471/634 752/2472/634
f 745/2473/635 746/2474/635 750/2475/635 749/2476/635
f 748/2477/636 747/2478/636 751/2479/636 752/2480/636
f 747/2481/637 745/2482/637 749/2483/637 751/2484/637
f 752/2485/638 750/2486/638 746/2487/638 748/2488/638
f 756/2489/639 754/2490/639 753/2491/639 755/2492/639
f 759/2493/640 757/2494/640 758/2495/640 760/2496/640
f 753/2497/641 754/2498/641 758/2499/641 757/2500/641
f 756/2501/642 755/2502/642 759/2503/642 760/2504/642
f 755/2505/643 753/2506/643 757/2507/643 759/2508/643
f 760/2509/644 758/2510/644 754/2511/644 756/2512/644
f 764/2513/645 762/2514/645 761/2515/645 763/2516/645
f 767/2517/646 765/2518/646 766/2519/646 768/2520/646
f 761/2521/647 762/2522/647 766/2523/647 765/2524/647
f 764/2525/648 763/2526/648 767/2527/648 768/2528/648
f 763/2529/649 761/2530/649 765/2531/649 767/2532/649
f 768/2533/650 766/2534/650 762/2535/650 764/2536/650
f 772/2537/651 770/2538/651 769/2539/651 771/2540/651
f 775/2541/652 773/2542/652 774/2543/652 776/2544/652
f 769/2545/653 770/2546/653 774/2547/653 773/2548/653
f 772/2549/654 771/2550/654 775/2551/654 776/2552/654
f 771/2553/655 769/2554/655 773/2555/655 775/2556/655
f 776/2557/656 774/2558/656 770/2559/656 772/2560/656
f 780/2561/657 778/2562/657 777/2563/657 779/2564/657
f 783/2565/658 781/2566/658 782/2567/658 784/2568/658
f 777/2569/659 778/2570/659 782/2571/659 781/2572/659
f 780/2573/660 779/2574/660 783/2575/660 784/2576/660
f 779/2577/661 777/2578/661 781/2579/661 783/2580/661
f 784/2581/662 782/2582/662 778/2583/662 780/2584/662
f 788/2585/663 786/2586/663 785/2587/663 787/2588/663
f 791/2589/664 789/2590/664 790/2591/664 792/2592/664
f 785/2593/665 786/2594/665 790/2595/665 789/2596/665
f 788/2597/666 787/2598/666 791/2599/666 792/2600/666
f 787/2601/667 785/2602/667 789/2603/667 791/2604/667
f 792/2605/668 790/2606/668 786/2607/668 788/2608/668
f 796/2609/669 794/2610/669 793/2611/669 795/2612/669
f 799/2613/670 797/2614/670 798/2615/670 800/2616/670
f 793/2617/671 794/2618/671 798/2619/671 797/2620/671
f 796/2621/672 795/2622/672 799/2623/672 800/2624/672
f 795/2625/673 793/2626/673 797/2627/673 799/2628/673
f 800/2629/674 798/2630/674 794/2631/674 796/2632/674
f 804/2633/675 802/2634/675 801/2635/675 803/2636/675
f 807/2637/676 805/2638/676 806/2639/676 808/2640/676
f 801/2641/677 802/2642/677 806/2643/677 805/2644/677
f 804/2645/678 803/2646/678 807/2647/678 808/2648/678
f 803/2649/679 801/2650/679 805/2651/679 807/2652/679
f 808/2653/680 806/2654/680 802/2655/680 804/2656/680
f 812/2657/681 810/2658/681 809/2659/681 811/2660/681
f 815/2661/682 813/2662/682 814/2663/682 816/2664/682
f 809/2665/683 810/2666/683 814/2667/683 813/2668/683
f 812/2669/684 811/2670/684 815/2671/684 816/2672/684
f 811/2673/685 809/2674/685 813/2675/685 815/2676/685
f 816/2677/686 814/2678/686 810/2679/686 812/2680/686
f 820/2681/687 818/2682/687 817/2683/687 819/2684/687
f 823/2685/688 821/2686/688 822/2687/688 824/2688/688
f 817/2689/689 818/2690/689 822/2691/689 821/2692/689
f 820/2693/690 819/2694/690 823/2695/690 824/2696/690
f 819/2697/691 817/2698/691 821/2699/691 823/2700/691
f 824/2701/692 822/2702/692 818/2703/692 820/2704/692
f 828/2705/693 826/2706/693 825/2707/693 827/2708/693
f 831/2709/694 829/2710/694 830/2711/694 832/2712/694
f 825/2713/695 826/2714/695 830/2715/695 829/2716/695
f 828/2717/696 827/2718/696 831/2719/696 832/2720/696
f 827/2721/697 825/2722/697 829/2723/697 831/2724/697
f 832/2725/698 830/2726/698 826/2727/698 828/2728/698
f 836/2729/699 834/2730/699 833/2731/699 835/2732/699
f 839/2733/700 837/2734/700 838/2735/700 840/2736/700
f 833/2737/701 834/2738/701 838/2739/701 837/2740/701
f 836/2741/702 835/2742/702 839/2743/702 840/2744/702
f 835/2745/703 833/2746/703 837/2747/703 839/2748/703
f 840/2749/704 838/2750/704 834/2751/704 836/2752/704
f 844/2753/705 842/2754/705 841/2755/705 843/2756/705
f 847/2757/706 845/2758/706 846/2759/706 848/2760/706
f 841/2761/707 842/2762/707 846/2763/707 845/2764/707
f 844/2765/708 843/2766/708 847/2767/708 848/2768/708
f 843/2769/709 841/2770/709 845/2771/709 847/2772/709
f 848/2773/710 846/2774/710 842/2775/710 844/2776/710
f 852/2777/711 850/2778/711 849/2779/711 851/2780/711
f 855/2781/712 853/2782/712 854/2783/712 856/2784/712
f 849/2785/713 850/2786/713 854/2787/713 853/2788/713
f 852/2789/714 851/2790/714 855/2791/714 856/2792/714
f 851/2793/715 849/2794/715 853/2795/715 855/2796/715
f 856/2797/716 854/2798/716 850/2799/716 852/2800/716
f 860/2801/717 858/2802/717 857/2803/717 859/2804/717
f 863/2805/718 861/2806/718 862/2807/718 864/2808/718
f 857/2809/719 858/2810/719 862/2811/719 861/2812/719
f 860/2813/720 859/2814/720 863/2815/720 864/2816/720
f 859/2817/721 857/2818/721 861/2819/721 863/2820/721
f 864/2821/722 862/2822/722 858/2823/722 860/2824/722
f 868/2825/723 866/2826/723 865/2827/723 867/2828/723
f 871/2829/724 869/2830/724 870/2831/724 872/2832/724
f 865/2833/725 866/2834/725 870/2835/725 869/2836/725
f 868/2837/726 867/2838/726 871/2839/726 872/2840/726
f 867/2841/727 865/2842/727 869/2843/727 871/2844/727
f 872/2845/728 870/2846/728 866/2847/728 868/2848/728
f 876/2849/729 874/2850/729 873/2851/729 875/2852/729
f 879/2853/730 877/2854/730 878/2855/730 880/2856/730
f 873/2857/731 874/2858/731 878/2859/731 877/2860/731
f 876/2861/732 875/2862/732 879/2863/732 880/2864/732
f 875/2865/733 873/2866/733 877/2867/733 879/2868/733
f 880/2869/734 878/2870/734 874/2871/734 876/2872/734
f 884/2873/735 882/2874/735 881/2875/735 883/2876/735
f 887/2877/736 885/2878/736 886/2879/736 888/2880/736
f 881/2881/737 882/2882/737 886/2883/737 885/2884/737
f 884/2885/738 883/2886/738 887/2887/738 888/2888/738
f 883/2889/739 881/2890/739 885/2891/739 887/2892/739
f 888/2893/740 886/2894/740 882/2895/740 884/2896/740
f 892/2897/741 890/2898/741 889/2899/741 891/2900/741
f 895/2901/742 893/2902/742 894/2903/742 896/2904/742
f 889/2905/743 890/2906/743 894/2907/743 893/2908/743
f 892/2909/744 891/2910/744 895/2911/744 896/2912/744
f 891/2913/745 889/2914/745 893/2915/745 895/2916/745
f 896/2917/746 894/2918/746 890/2919/746 892/2920/746
f 900/2921/747 898/2922/747 897/2923/747 899/2924/747
f 903/2925/748 901/2926/748 902/2927/748 904/2928/748
f 897/2929/749 898/2930/749 902/2931/749 901/2932/749
f 900/2933/750 899/2934/750 903/2935/750 904/2936/750
f 899/2937/751 897/2938/751 901/2939/751 903/2940/751
f 904/2941/752 902/2942/752 898/2943/752 900/2944/752
f 908/2945/753 906/2946/753 905/2947/753 907/2948/753
f 911/2949/754 909/2950/754 910/2951/754 912/2952/754
f 905/2953/755 906/2954/755 910/2955/755 909/2956/755
f 908/2957/756 907/2958/756 911/2959/756 912/2960/756
f 907/2961/757 905/2962/757 909/2963/757 911/2964/757
f 912/2965/758 910/2966/758 906/2967/758 908/2968/758
f 916/2969/759 914/2970/759 913/2971/759 915/2972/759
f 919/2973/760 917/2974/760 918/2975/760 920/2976/760
f 913/2977/761 914/2978/761 918/2979/761 917/2980/761
f 916/2981/762 915/2982/762 919/2983/762 920/2984/762
f 915/2985/763 913/2986/763 917/2987/763 919/2988/763
f 920/2989/764 918/2990/764 914/2991/764 916/2992/764
f 924/2993/765 922/2994/765 921/2995/765 923/2996/765
f 927/2997/766 925/2998/766 926/2999/766 928/3000/766
f 921/3001/767 922/3002/767 926/3003/767 925/3004/767
f 924/3005/768 923/3006/768 927/3007/768 928/3008/768
f 923/3009/769 921/3010/769 925/3011/769 927/3012/769
f 928/3013/770 926/3014/770 922/3015/770 924/3016/770
f 932/3017/771 930/3018/771 929/3019/771 931/3020/771
f 935/3021/772 933/3022/772 934/3023/772 936/3024/772
f 929/3025/773 930/3026/773 934/3027/773 933/3028/773
f 932/3029/774 931/3030/774 935/3031/774 936/3032/774
f 931/3033/775 929/3034/775 933/3035/775 935/3036/775
f 936/3037/776 934/3038/776 930/3039/776 932/3040/776
f 940/3041/777 938/3042/777 937/3043/777 939/3044/777
f 943/3045/778 941/3046/778 942/3047/778 944/3048/778
f 937/3049/779 938/3050/779 942/3051/779 941/3052/779
f 940/3053/780 939/3054/780 943/3055/780 944/3056/780
f 939/3057/781 937/3058/781 941/3059/781 943/3060/781
f 944/3061/782 942/3062/782 938/3063/782 940/3064/782
f 948/3065/783 946/3066/783 945/3067/783 947/3068/783
f 951/3069/784 949/3070/784 950/3071/784 952/3072/784
f 945/3073/785 946/3074/785 950/3075/785 949/3076/785
f 948/3077/786 947/3078/786 951/3079/786 952/3080/786
f 947/3081/787 945/3082/787 949/3083/787 951/3084/787
f 952/3085/788 950/3086/788 946/3087/788 948/3088/788
f 956/3089/789 954/3090/789 953/3091/789 955/3092/789
f 959/3093/790 957/3094/790 958/3095/790 960/3096/790
f 953/3097/791 954/3098/791 958/3099/791 957/3100/791
f 956/3101/792 955/3102/792 959/3103/792 960/3104/792
f 955/3105/793 953/3106/793 957/3107/793 959/3108/793
f 960/3109/794 958/3110/794 954/3111/794 956/3112/794
f 964/3113/795 962/3114/795 961/3115/795 963/3116/795
f 967/3117/796 965/3118/796 966/3119/796 968/3120/796
f 961/3121/797 962/3122/797 966/3123/797 965/3124/797
f 964/3125/798 963/3126/798 967/3127/798 968/3128/798
f 963/3129/799 961/3130/799 965/3131/799 967/3132/799
f 968/3133/800 966/3134/800 962/3135/800 964/3136/800
f 972/3137/801 970/3138/801 969/3139/801 971/3140/801
f 975/3141/802 973/3142/802 974/3143/802 976/3144/802
f 969/3145/803 970/3146/803 974/3147/803 973/3148/803
f 972/3149/804 971/3150/804 975/3151/804 976/3152/804
f 971/3153/805 969/3154/805 973/3155/805 975/3156/805
f 976/3157/806 974/3158/806 970/3159/806 972/3160/806
f 980/3161/807 978/3162/807 977/3163/807 979/3164/807
f 983/3165/808 981/3166/808 982/3167/808 984/3168/808
f 977/3169/809 978/3170/809 982/3171/809 981/3172/809
f 980/3173/810 979/3174/810 983/3175/810 984/3176/810
f 979/3177/811 977/3178/811 981/3179/811 983/3180/811
f 984/3181/812 982/3182/812 978/3183/812 980/3184/812
f 988/3185/813 986/3186/813 985/3187/813 987/3188/813
f 991/3189/814 989/3190/814 990/3191/814 992/3192/814
f 985/3193/815 986/3194/815 990/3195/815 989/3196/815
f 988/3197/816 987/3198/816 991/3199/816 992/3200/816
f 987/3201/817 985/3202/817 989/3203/817 991/3204/817
f 992/3205/818 990/3206/818 986/3207/818 988/3208/818
f 996/3209/819 994/3210/819 993/3211/819 995/3212/819
f 999/3213/820 997/3214/820 998/3215/820 1000/3216/820
f 993/3217/821 994/3218/821 998/3219/821 997/3220/821
f 996/3221/822 995/3222/822 999/3223/822 1000/3224/822
f 995/3225/823 993/3226/823 997/3227/823 999/3228/823
f 1000/3229/824 998/3230/824 994/3231/824 996/3232/824
f 1004/3233/825 1002/3234/825 1001/3235/825 1003/3236/825
f 1007/3237/826 1005/3238/826 1006/3239/826 1008/3240/826
f 1001/3241/827 1002/3242/827 1006/3243/827 1005/3244/827
f 1004/3245/828 1003/3246/828 1007/3247/828 1008/3248/828
f 1003/3249/829 1001/3250/829 1005/3251/829 1007/3252/829
f 1008/3253/830 1006/3254/830 1002/3255/830 1004/3256/830
f 1012/3257/831 1010/3258/831 1009/3259/831 1011/3260/831
f 1015/3261/832 1013/3262/832 1014/3263/832 1016/3264/832
f 1009/3265/833 1010/3266/833 1014/3267/833 1013/3268/833
f 1012/3269/834 1011/3270/834 1015/3271/834 1016/3272/834
f 1011/3273/835 1009/3274/835 1013/3275/835 1015/3276/835
f 1016/3277/836 1014/3278/836 1010/3279/836 1012/3280/836
f 1020/3281/837 1018/3282/837 1017/3283/837 1019/3284/837
f 1023/3285/838 1021/3286/838 1022/3287/838 1024/3288/838
f 1017/3289/839 1018/3290/839 1022/3291/839 1021/3292/839
f 1020/3293/840 1019/3294/840 1023/3295/840 1024/3296/840
f 1019/3297/841 1017/3298/841 1021/3299/841 1023/3300/841
f 1024/3301/842 1022/3302/842 1018/3303/842 1020/3304/842
f 1028/3305/843 1026/3306/843 1025/3307/843 1027/3308/843
f 1031/3309/844 1029/3310/844 1030/3311/844 1032/3312/844
f 1025/3313/845 1026/3314/845 1030/3315/845 1029/3316/845
f 1028/3317/846 1027/3318/846 1031/3319/846 1032/3320/846
f 1027/3321/847 1025/3322/847 1029/3323/847 1031/3324/847
f 1032/3325/848 1030/3326/848 1026/3327/848 1028/3328/848
f 1036/3329/849 1034/3330/849 1033/3331/849 1035/3332/849
f 1039/3333/850 1037/3334/850 1038/3335/850 1040/3336/850
f 1033/3337/851 1034/3338/851 1038/3339/851 1037/3340/851
f 1036/3341/852 1035/3342/852 1039/3343/852 1040/3344/852
f 1035/3345/853 1033/3346/853 1037/3347/853 1039/3348/853
f 1040/3349/854 1038/3350/854 1034/3351/854 1036/3352/854
f 1044/3353/855 1042/3354/855 1041/3355/855 1043/3356/855
f 1047/3357/856 1045/3358/856 1046/3359/856 1048/3360/856
f 1041/3361/857 1042/3362/857 1046/3363/857 1045/3364/857
f 1044/3365/858 1043/3366/858 1047/3367/858 1048/3368/858
f 1043/3369/859 1041/3370/859 1045/3371/859 1047/3372/859
f 1048/3373/860 1046/3374/860 1042/3375/860 1044/3376/860
f 1052/3377/861 1050/3378/861 1049/3379/861 1051/3380/861
f 1055/3381/862 1053/3382/862 1054/3383/862 1056/3384/862
f 1049/3385/863 1050/3386/863 1054/3387/863 1053/3388/863
f 1052/3389/864 1051/3390/864 1055/3391/864 1056/3392/864
f 1051/3393/865 1049/3394/865 1053/3395/865 1055/3396/865
f 1056/3397/866 1054/3398/866 1050/3399/866 1052/3400/866
f 1060/3401/867 1058/3402/867 1057/3403/867 1059/3404/867
f 1063/3405/868 1061/3406/868 1062/3407/868 1064/3408/868
f 1057/3409/869 1058/3410/869 1062/3411/869 1061/3412/869
f 1060/3413/870 1059/3414/870 1063/3415/870 1064/3416/870
f 1059/3417/871 1057/3418/871 1061/3419/871 1063/3420/871
f 1064/3421/872 1062/3422/872 1058/3423/872 1060/3424/872
f 1068/3425/873 1066/3426/873 1065/3427/873 1067/3428/873
f 1071/3429/874 1069/3430/874 1070/3431/874 1072/3432/874
f 1065/3433/875 1066/3434/875 1070/3435/875 1069/3436/875
f 1068/3437/876 1067/3438/876 1071/3439/876 1072/3440/876
f 1067/3441/877 1065/3442/877 1069/3443/877 1071/3444/877
f 1072/3445/878 1070/3446/878 1066/3447/878 1068/3448/878
f 1076/3449/879 1074/3450/879 1073/3451/879 1075/3452/879
f 1079/3453/880 1077/3454/880 1078/3455/880 1080/3456/880
f 1073/3457/881 1074/3458/881 1078/3459/881 1077/3460/881
f 1076/3461/882 1075/3462/882 1079/3463/882 1080/3464/882
f 1075/3465/883 1073/3466/883 1077/3467/883 1079/3468/883
f 1080/3469/884 1078/3470/884 1074/3471/884 1076/3472/884
f 1084/3473/885 1082/3474/885 1081/3475/885 1083/3476/885
f 1087/3477/886 1085/3478/886 1086/3479/886 1088/3480/886
f 1081/3481/887 1082/3482/887 1086/3483/887 1085/3484/887
f 1084/3485/888 1083/3486/888 1087/3487/888 1088/3488/888
f 1083/3489/889 1081/3490/889 1085/3491/889 1087/3492/889
f 1088/3493/890 1086/3494/890 1082/3495/890 1084/3496/890
f 1092/3497/891 1090/3498/891 1089/3499/891 1091/3500/891
f 1095/3501/892 1093/3502/892 1094/3503/892 1096/3504/892
f 1089/3505/893 1090/3506/893 1094/3507/893 1093/3508/893
f 1092/3509/894 1091/3510/894 1095/3511/894 1096/3512/894
f 1091/3513/895 1089/3514/895 1093/3515/895 1095/3516/895
f 1096/3517/896 1094/3518/896 1090/3519/896 1092/3520/896
f 1100/3521/897 1098/3522/897 1097/3523/897 1099/3524/897
f 1103/3525/898 1101/3526/898 1102/3527/898 1104/3528/898
f 1097/3529/899 1098/3530/899 1102/3531/899 1101/3532/899
f 1100/3533/900 1099/3534/900 1103/3535/900 1104/3536/900
f 1099/3537/901 1097/3538/901 1101/3539/901 1103/3540/901
f 1104/3541/902 1102/3542/902 1098/3543/902 1100/3544/902
f 1108/3545/903 1106/3546/903 1105/3547/903 1107/3548/903
f 1111/3549/904 1109/3550/904 1110/3551/904 1112/3552/904
f 1105/3553/905 1106/3554/905 1110/3555/905 1109/3556/905
f 1108/3557/906 1107/3558/906 1111/3559/906 1112/3560/906
f 1107/3561/907 1105/3562/907 1109/3563/907 1111/3564/907
f 1112/3565/908 1110/3566/908 1106/3567/908 1108/3568/908
f 1116/3569/909 1114/3570/909 1113/3571/909 1115/3572/909
f 1119/3573/910 1117/3574/910 1118/3575/910 1120/3576/910
f 1113/3577/911 1114/3578/911 1118/3579/911 1117/3580/911
f 1116/3581/912 1115/3582/912 1119/3583/912 1120/3584/912
f 1115/3585/913 1113/3586/913 1117/3587/913 1119/3588/913
f 1120/3589/914 1118/3590/914 1114/3591/914 1116/3592/914
f 1124/3593/915 1122/3594/915 1121/3595/915 1123/3596/915
f 1127/3597/916 1125/3598/916 1126/3599/916 1128/3600/916
f 1121/3601/917 1122/3602/917 1126/3603/917 1125/3604/917
f 1124/3605/918 1123/3606/918 1127/3607/918 1128/3608/918
f 1123/3609/919 1121/3610/919 1125/3611/919 1127/3612/919
f 1128/3613/920 1126/3614/920 1122/3615/920 1124/3616/920
f 1132/3617/921 1130/3618/921 1129/3619/921 1131/3620/921
f 1135/3621/922 1133/3622/922 1134/3623/922 1136/3624/922
f 1129/3625/923 1130/3626/923 1134/3627/923 1133/3628/923
f 1132/3629/924 1131/3630/924 1135/3631/924 1136/3632/924
f 1131/3633/925 1129/3634/925 1133/3635/925 1135/3636/925
f 1136/3637/926 1134/3638/926 1130/3639/926 1132/3640/926
f 1140/3641/927 1138/3642/927 1137/3643/927 1139/3644/927
f 1143/3645/928 1141/3646/928 1142/3647/928 1144/3648/928
f 1137/3649/929 1138/3650/929 1142/3651/929 1141/3652/929
f 1140/3653/930 1139/3654/930 1143/3655/930 1144/3656/930
f 1139/3657/931 1137/3658/931 1141/3659/931 1143/3660/931
f 1144/3661/932 1142/3662/932 1138/3663/932 1140/3664/932
f 1148/3665/933 1146/3666/933 1145/3667/933 1147/3668/933
f 1151/3669/934 1149/3670/934 1150/3671/934 1152/3672/934
f 1145/3673/935 1146/3674/935 1150/3675/935 1149/3676/935
f 1148/3677/936 1147/3678/936 1151/3679/936 1152/3680/936
f 1147/3681/937 1145/3682/937 1149/3683/937 1151/3684/937
f 1152/3685/938 1150/3686/938 1146/3687/938 1148/3688/938
f 1156/3689/939 1154/3690/939 1153/3691/939 1155/3692/939
f 1159/3693/940 1157/3694/940 1158/3695/940 1160/3696/940
f 1153/3697/941 1154/3698/941 1158/3699/941 1157/3700/941
f 1156/3701/942 1155/3702/942 1159/3703/942 1160/3704/942
f 1155/3705/943 1153/3706/943 1157/3707/943 1159/3708/943
f 1160/3709/944 1158/3710/944 1154/3711/944 1156/3712/944
f 1164/3713/945 1162/3714/945 1161/3715/945 1163/3716/945
f 1167/3717/946 1165/3718/946 1166/3719/946 1168/3720/946
f 1161/3721/947 1162/3722/947 1166/3723/947 1165/3724/947
f 1164/3725/948 1163/3726/948 1167/3727/948 1168/3728/948
f 1163/3729/949 1161/3730/949 1165/3731/949 1167/3732/949
f 1168/3733/950 1166/3734/950 1162/3735/950 1164/3736/950
f 1172/3737/951 1170/3738/951 1169/3739/951 1171/3740/951
f 1175/3741/952 1173/3742/952 1174/3743/952 1176/3744/952
f 1169/3745/953 1170/3746/953 1174/3747/953 1173/3748/953
f 1172/3749/954 1171/3750/954 1175/3751/954 1176/3752/954
f 1171/3753/955 1169/3754/955 1173/3755/955 1175/3756/955
f 1176/3757/956 1174/3758/956 1170/3759/956 1172/3760/956
f 1180/3761/957 1178/3762/957 1177/3763/957 1179/3764/957
f 1183/3765/958 1181/3766/958 1182/3767/958 1184/3768/958
f 1177/3769/959 1178/3770/959 1182/3771/959 1181/3772/959
f 1180/3773/960 1179/3774/960 1183/3775/960 1184/3776/960
f 1179/3777/961 1177/3778/961 1181/3779/961 1183/3780/961
f 1184/3781/962 1182/3782/962 1178/3783/962 1180/3784/962