# Made in Blockbench 5.1.4
mtllib 5l_signal_post_1970.mtl

o tube
v 0.04530437499999995 1.125 2.220446049250313e-16
v 0.04530437499999995 1.125 0.03125000000000022
v 0.03609312499999995 1.1472381249999999 2.220446049250313e-16
v 0.03609312499999995 1.147238125 0.03125000000000022
v 0.109375 1.189070625 1.1102230246251565e-16
v 0.109375 1.189070625 0.03125000000000011
v 0.087136875 1.1982818750000002 1.1102230246251565e-16
v 0.087136875 1.1982818750000002 0.03125
v 0.109375 1.2796793750000002 -1.1102230246251565e-16
v 0.109375 1.2796793750000002 0.03124999999999989
v 0.087136875 1.270468125 -1.1102230246251565e-16
v 0.087136875 1.270468125 0.03124999999999989
v 0.04530437500000006 1.34375 -2.220446049250313e-16
v 0.04530437500000006 1.34375 0.031249999999999778
v 0.03609312499999995 1.3215118750000001 -2.220446049250313e-16
v 0.03609312499999995 1.3215118750000001 0.031249999999999778
v -0.04530437499999995 1.34375 -2.220446049250313e-16
v -0.04530437499999995 1.34375 0.031249999999999778
v -0.03609312499999995 1.3215118750000001 -2.220446049250313e-16
v -0.03609312499999995 1.3215118750000001 0.031249999999999778
v -0.109375 1.2796793750000002 -1.1102230246251565e-16
v -0.109375 1.2796793750000002 0.03124999999999989
v -0.087136875 1.270468125 0
v -0.087136875 1.270468125 0.03124999999999989
v -0.109375 1.189070625 1.1102230246251565e-16
v -0.109375 1.1890706250000003 0.03125000000000011
v -0.087136875 1.1982818750000002 1.1102230246251565e-16
v -0.087136875 1.1982818750000002 0.03125
v -0.04530437500000006 1.125 2.220446049250313e-16
v -0.04530437500000006 1.125 0.03125000000000022
v -0.03609312499999995 1.1472381249999999 2.220446049250313e-16
v -0.03609312499999995 1.147238125 0.03125000000000022
v 0.045304375000000285 2.875 -3.219646771412954e-15
v 0.045304375000000285 2.875 0.03124999999999667
v 0.03609312500000017 2.897238125 -3.219646771412954e-15
v 0.03609312500000017 2.8972381250000003 0.03124999999999667
v 0.10937500000000022 2.939070625 -3.4416913763379853e-15
v 0.10937500000000022 2.939070625 0.03124999999999656
v 0.08713687500000022 2.9482818749999997 -3.3306690738754696e-15
v 0.08713687500000022 2.9482818749999997 0.03124999999999667
v 0.10937500000000033 3.0296793749999997 -3.6637359812630166e-15
v 0.10937500000000033 3.0296793749999997 0.031249999999996336
v 0.08713687500000022 3.020468125 -3.552713678800501e-15
v 0.08713687500000022 3.020468125 0.031249999999996336
v 0.045304375000000285 3.09375 -3.6637359812630166e-15
v 0.045304375000000285 3.09375 0.031249999999996336
v 0.03609312500000028 3.0715118749999997 -3.6637359812630166e-15
v 0.03609312500000028 3.0715118749999997 0.031249999999996336
v -0.04530437499999973 3.09375 -3.6637359812630166e-15
v -0.04530437499999973 3.09375 0.031249999999996336
v -0.036093124999999726 3.0715118749999997 -3.6637359812630166e-15
v -0.036093124999999726 3.0715118749999997 0.031249999999996336
v -0.10937499999999967 3.0296793749999997 -3.6637359812630166e-15
v -0.10937499999999967 3.0296793749999997 0.031249999999996336
v -0.08713687499999978 3.020468125 -3.552713678800501e-15
v -0.08713687499999978 3.020468125 0.031249999999996336
v -0.10937499999999978 2.939070625 -3.4416913763379853e-15
v -0.10937499999999978 2.939070625 0.03124999999999656
v -0.08713687499999978 2.9482818749999997 -3.3306690738754696e-15
v -0.08713687499999978 2.9482818749999997 0.03124999999999667
v -0.04530437499999973 2.875 -3.219646771412954e-15
v -0.04530437499999973 2.875 0.03124999999999667
v -0.036093124999999726 2.897238125 -3.219646771412954e-15
v -0.036093124999999726 2.8972381250000003 0.03124999999999667
v 0.04530437500000006 1.5625 -6.661338147750939e-16
v 0.04530437500000006 1.5625 0.031249999999999334
v 0.03609312500000006 1.584738125 -6.661338147750939e-16
v 0.03609312500000006 1.584738125 0.031249999999999334
v 0.10937500000000011 1.6265706249999998 -8.881784197001252e-16
v 0.10937500000000011 1.626570625 0.031249999999999223
v 0.087136875 1.635781875 -8.881784197001252e-16
v 0.087136875 1.6357818750000002 0.031249999999999112
v 0.10937500000000011 1.717179375 -9.992007221626409e-16
v 0.10937500000000011 1.7171793750000002 0.031249999999999
v 0.087136875 1.707968125 -9.992007221626409e-16
v 0.087136875 1.707968125 0.031249999999999112
v 0.04530437500000006 1.78125 -1.1102230246251565e-15
v 0.04530437500000006 1.78125 0.03124999999999889
v 0.03609312500000006 1.7590118750000001 -1.1102230246251565e-15
v 0.03609312500000006 1.7590118750000001 0.03124999999999889
v -0.04530437499999995 1.78125 -1.1102230246251565e-15
v -0.04530437499999995 1.78125 0.03124999999999889
v -0.03609312499999995 1.7590118750000001 -1.1102230246251565e-15
v -0.03609312499999995 1.7590118750000001 0.03124999999999889
v -0.10937499999999989 1.7171793750000002 -9.992007221626409e-16
v -0.10937499999999989 1.7171793750000002 0.031249999999999
v -0.08713687499999989 1.707968125 -9.992007221626409e-16
v -0.08713687499999989 1.707968125 0.031249999999999112
v -0.10937499999999989 1.626570625 -7.771561172376096e-16
v -0.10937499999999989 1.626570625 0.031249999999999223
v -0.087136875 1.6357818750000002 -8.881784197001252e-16
v -0.087136875 1.6357818750000002 0.031249999999999112
v -0.04530437499999995 1.5625 -6.661338147750939e-16
v -0.04530437499999995 1.5625 0.031249999999999334
v -0.03609312499999995 1.584738125 -6.661338147750939e-16
v -0.03609312499999995 1.584738125 0.031249999999999334
v 0.04530437500000006 2 -1.5543122344752192e-15
v 0.04530437500000006 2 0.031249999999998446
v 0.03609312500000017 2.022238125 -1.6653345369377348e-15
v 0.03609312500000017 2.0222381250000003 0.031249999999998446
v 0.10937500000000011 2.0640706250000003 -1.7763568394002505e-15
v 0.10937500000000011 2.0640706250000003 0.031249999999998224
v 0.08713687500000011 2.073281875 -1.7763568394002505e-15
v 0.08713687500000011 2.073281875 0.031249999999998224
v 0.10937500000000011 2.1546793749999997 -1.887379141862766e-15
v 0.10937500000000011 2.1546793749999997 0.031249999999998
v 0.08713687500000011 2.145468125 -1.887379141862766e-15
v 0.08713687500000011 2.145468125 0.031249999999998113
v 0.045304375000000174 2.21875 -1.9984014443252818e-15
v 0.045304375000000174 2.21875 0.031249999999998
v 0.03609312500000017 2.196511875 -1.9984014443252818e-15
v 0.03609312500000017 2.196511875 0.031249999999998113
v -0.04530437499999984 2.21875 -1.9984014443252818e-15
v -0.04530437499999984 2.21875 0.031249999999998
v -0.03609312499999984 2.196511875 -1.9984014443252818e-15
v -0.03609312499999984 2.196511875 0.031249999999998113
v -0.10937499999999989 2.1546793749999997 -1.887379141862766e-15
v -0.10937499999999989 2.1546793749999997 0.031249999999998
v -0.08713687499999989 2.145468125 -1.887379141862766e-15
v -0.08713687499999989 2.145468125 0.031249999999998113
v -0.10937499999999989 2.0640706250000003 -1.7763568394002505e-15
v -0.10937499999999989 2.0640706250000003 0.031249999999998224
v -0.08713687499999989 2.073281875 -1.7763568394002505e-15
v -0.08713687499999989 2.073281875 0.031249999999998224
v -0.04530437499999984 2 -1.5543122344752192e-15
v -0.04530437499999984 2 0.031249999999998446
v -0.03609312499999995 2.022238125 -1.6653345369377348e-15
v -0.03609312499999995 2.0222381250000003 0.031249999999998446
v 0.045304375000000174 2.4375 -2.55351295663786e-15
v 0.045304375000000174 2.4375 0.031249999999997558
v 0.03609312500000017 2.4597381250000003 -2.55351295663786e-15
v 0.03609312500000017 2.4597381250000003 0.031249999999997558
v 0.10937500000000022 2.5015706250000003 -2.55351295663786e-15
v 0.10937500000000022 2.5015706250000003 0.031249999999997446
v 0.08713687500000022 2.510781875 -2.6645352591003757e-15
v 0.08713687500000022 2.510781875 0.031249999999997335
v 0.10937500000000022 2.5921793749999997 -2.886579864025407e-15
v 0.10937500000000022 2.592179375 0.031249999999997113
v 0.08713687500000022 2.582968125 -2.7755575615628914e-15
v 0.08713687500000022 2.5829681250000003 0.031249999999997335
v 0.045304375000000174 2.65625 -2.7755575615628914e-15
v 0.045304375000000174 2.65625 0.031249999999997113
v 0.03609312500000017 2.634011875 -2.7755575615628914e-15
v 0.03609312500000017 2.634011875 0.031249999999997113
v -0.04530437499999984 2.65625 -2.7755575615628914e-15
v -0.04530437499999984 2.65625 0.031249999999997113
v -0.036093124999999726 2.634011875 -2.7755575615628914e-15
v -0.036093124999999726 2.634011875 0.031249999999997113
v -0.10937499999999978 2.5921793749999997 -2.886579864025407e-15
v -0.10937499999999978 2.592179375 0.031249999999997113
v -0.08713687499999978 2.582968125 -2.7755575615628914e-15
v -0.08713687499999978 2.5829681250000003 0.031249999999997335
v -0.10937499999999978 2.5015706250000003 -2.55351295663786e-15
v -0.10937499999999978 2.5015706250000003 0.031249999999997446
v -0.08713687499999978 2.510781875 -2.6645352591003757e-15
v -0.08713687499999978 2.510781875 0.031249999999997335
v -0.04530437499999984 2.4375 -2.55351295663786e-15
v -0.04530437499999984 2.4375 0.031249999999997558
v -0.03609312499999984 2.4597381250000003 -2.55351295663786e-15
v -0.03609312499999984 2.4597381250000003 0.031249999999997558
v 0 1.2343750000000002 0.09375
v 0 1.2343750000000004 0.1875
v 0.04530437499999995 1.1250000000000002 0.09375000000000022
v 0.04530437499999995 1.1250000000000004 0.18750000000000022
v 0.109375 1.1890706250000003 0.09375000000000011
v 0.109375 1.1890706250000003 0.1875000000000001
v 0.109375 1.2796793750000002 0.09374999999999989
v 0.109375 1.2796793750000004 0.1874999999999999
v 0.04530437500000006 1.3437500000000002 0.09374999999999978
v 0.04530437500000006 1.3437500000000004 0.18749999999999978
v -0.04530437499999995 1.3437500000000002 0.09374999999999978
v -0.04530437499999995 1.3437500000000004 0.18749999999999978
v -0.109375 1.2796793750000002 0.09374999999999989
v -0.109375 1.2796793750000004 0.1874999999999999
v -0.109375 1.1890706250000003 0.09375000000000011
v -0.109375 1.1890706250000003 0.1875000000000001
v -0.04530437500000006 1.1250000000000002 0.09375000000000022
v -0.04530437500000006 1.1250000000000004 0.18750000000000022
v 1.1102230246251565e-16 1.6718750000000002 0.09374999999999911
v 1.1102230246251565e-16 1.6718750000000004 0.1874999999999991
v 0.04530437500000006 1.5625000000000002 0.09374999999999933
v 0.04530437500000006 1.5625000000000004 0.18749999999999933
v 0.10937500000000011 1.6265706250000003 0.09374999999999922
v 0.10937500000000011 1.6265706250000003 0.18749999999999922
v 0.10937500000000011 1.7171793750000002 0.093749999999999
v 0.10937500000000011 1.7171793750000004 0.187499999999999
v 0.04530437500000006 1.7812500000000002 0.09374999999999889
v 0.04530437500000006 1.7812500000000004 0.1874999999999989
v -0.04530437499999995 1.7812500000000002 0.09374999999999889
v -0.04530437499999995 1.7812500000000004 0.1874999999999989
v -0.10937499999999989 1.7171793750000002 0.093749999999999
v -0.10937499999999989 1.7171793750000004 0.187499999999999
v -0.10937499999999989 1.6265706250000003 0.09374999999999922
v -0.10937499999999989 1.6265706250000003 0.18749999999999922
v -0.04530437499999995 1.5625000000000002 0.09374999999999933
v -0.04530437499999995 1.5625000000000004 0.18749999999999933
v 1.1102230246251565e-16 2.109375 0.09374999999999822
v 1.1102230246251565e-16 2.1093750000000004 0.18749999999999822
v 0.04530437500000006 2 0.09374999999999845
v 0.04530437500000006 2.0000000000000004 0.18749999999999845
v 0.10937500000000011 2.0640706250000003 0.09374999999999822
v 0.10937500000000011 2.0640706250000003 0.18749999999999822
v 0.10937500000000011 2.154679375 0.09374999999999811
v 0.10937500000000011 2.1546793750000006 0.187499999999998
v 0.045304375000000174 2.21875 0.093749999999998
v 0.045304375000000174 2.2187500000000004 0.187499999999998
v -0.04530437499999984 2.21875 0.093749999999998
v -0.04530437499999984 2.2187500000000004 0.187499999999998
v -0.10937499999999989 2.154679375 0.09374999999999811
v -0.10937499999999989 2.1546793750000006 0.187499999999998
v -0.10937499999999989 2.0640706250000003 0.09374999999999822
v -0.10937499999999989 2.0640706250000003 0.18749999999999822
v -0.04530437499999984 2 0.09374999999999845
v -0.04530437499999984 2.0000000000000004 0.18749999999999845
v 2.220446049250313e-16 2.5468750000000004 0.09374999999999745
v 2.220446049250313e-16 2.5468750000000004 0.18749999999999722
v 0.045304375000000174 2.4375 0.09374999999999756
v 0.045304375000000174 2.4375000000000004 0.18749999999999756
v 0.10937500000000022 2.5015706250000003 0.09374999999999745
v 0.10937500000000022 2.5015706250000003 0.18749999999999734
v 0.10937500000000022 2.592179375 0.09374999999999734
v 0.10937500000000022 2.592179375 0.1874999999999971
v 0.045304375000000285 2.6562500000000004 0.09374999999999722
v 0.045304375000000174 2.6562500000000004 0.1874999999999971
v -0.04530437499999984 2.6562500000000004 0.09374999999999722
v -0.04530437499999984 2.6562500000000004 0.1874999999999971
v -0.10937499999999978 2.592179375 0.09374999999999734
v -0.10937499999999978 2.592179375 0.1874999999999971
v -0.10937499999999978 2.5015706250000003 0.09374999999999745
v -0.10937499999999978 2.5015706250000003 0.18749999999999734
v -0.04530437499999984 2.4375 0.09374999999999756
v -0.04530437499999984 2.4375000000000004 0.18749999999999756
v 2.220446049250313e-16 2.984375 0.09374999999999645
v 2.220446049250313e-16 2.9843750000000004 0.18749999999999623
v 0.045304375000000285 2.875 0.09374999999999667
v 0.045304375000000285 2.875 0.18749999999999656
v 0.10937500000000022 2.9390706250000003 0.09374999999999667
v 0.10937500000000022 2.9390706250000003 0.18749999999999645
v 0.10937500000000033 3.029679375 0.09374999999999634
v 0.10937500000000033 3.029679375 0.18749999999999623
v 0.045304375000000285 3.09375 0.09374999999999634
v 0.045304375000000285 3.09375 0.18749999999999611
v -0.04530437499999973 3.09375 0.09374999999999634
v -0.04530437499999973 3.09375 0.18749999999999611
v -0.10937499999999967 3.029679375 0.09374999999999634
v -0.10937499999999967 3.029679375 0.18749999999999623
v -0.10937499999999978 2.9390706250000003 0.09374999999999667
v -0.10937499999999978 2.9390706250000003 0.18749999999999645
v -0.04530437499999973 2.875 0.09374999999999667
v -0.04530437499999973 2.875 0.18749999999999656
v 0.2691600000000002 3.015625 0.11194999999999622
v 0.24524250000000014 3.015625 0.0542074999999963
v 0.2691600000000002 2.953125 0.11194999999999644
v 0.24524250000000014 2.953125 0.05420749999999652
v 0.09593250000000031 3.015625 0.18370312499999641
v 0.07201500000000027 3.015625 0.12596062499999638
v 0.09593250000000031 2.9531250000000004 0.18370312499999653
v 0.07201500000000027 2.953125 0.1259606249999966
v -0.31728687499999997 1.5047868750000002 0.10312499999999947
v -0.31728687499999997 1.5047868750000002 0.021874999999999423
v -0.25478687499999997 1.5047868750000002 0.10312499999999947
v -0.25478687499999997 1.5047868750000002 0.021874999999999423
v -0.3172868750000001 1.2235368750000002 0.10312500000000002
v -0.3172868750000001 1.2235368750000002 0.02187500000000009
v -0.2547868750000001 1.2235368750000002 0.10312500000000002
v -0.2547868750000001 1.2235368750000002 0.02187500000000009
v -0.019056875000000084 0.9987993750000002 0.09687500000000049
v -0.019056875000000084 0.9987993750000002 0.021875000000000533
v -0.03125000000000011 0.9375000000000002 0.0968750000000006
v -0.03125000000000011 0.9375 0.021875000000000644
v -0.08035625000000002 1.0109925000000002 0.09687500000000049
v -0.08035625000000002 1.0109925 0.021875000000000533
v -0.09254937500000004 0.9496937500000002 0.09687500000000049
v -0.09254937500000004 0.9496937500000002 0.021875000000000533
v -0.06863125000000003 1.0074356250000003 0.09687500000000049
v -0.06863125000000003 1.007435625 0.021875000000000533
v -0.09254937500000004 0.9496931250000002 0.09687500000000049
v -0.09254937500000004 0.949693125 0.021875000000000533
v -0.12637375000000006 1.0313531250000003 0.09687500000000038
v -0.12637375000000006 1.031353125 0.021875000000000422
v -0.15029187500000007 0.9736106250000003 0.09687500000000049
v -0.15029187500000007 0.9736106250000001 0.021875000000000533
v -0.11556812500000002 1.0255775000000003 0.09687500000000049
v -0.11556812500000002 1.0255775 0.021875000000000422
v -0.15029125 0.9736106250000003 0.09687500000000049
v -0.15029125 0.9736106250000001 0.021875000000000533
v -0.167535 1.0603006250000002 0.09687500000000038
v -0.167535 1.060300625 0.02187500000000031
v -0.20225812500000007 1.0083337500000003 0.09687500000000049
v -0.20225812500000007 1.00833375 0.021875000000000533
v -0.15806437500000003 1.0525281250000003 0.09687500000000038
v -0.15806437500000003 1.052528125 0.02187500000000031
v -0.20225875000000004 1.0083337500000003 0.09687500000000049
v -0.20225875000000004 1.00833375 0.021875000000000533
v -0.20225875000000004 1.0967218750000003 0.09687500000000027
v -0.20225875000000004 1.096721875 0.02187500000000031
v -0.24645249999999996 1.0525281250000003 0.09687500000000038
v -0.24645249999999996 1.052528125 0.021875000000000422
v -0.194485625 1.0872512500000002 0.09687500000000027
v -0.194485625 1.08725125 0.02187500000000031
v -0.24645249999999996 1.0525281250000003 0.09687500000000038
v -0.24645249999999996 1.052528125 0.021875000000000422
v -0.22920874999999996 1.1392181250000002 0.09687500000000027
v -0.22920874999999996 1.1392181250000002 0.0218750000000002
v -0.28117562500000004 1.1044950000000002 0.09687500000000027
v -0.28117562500000004 1.104495 0.02187500000000031
v -0.223433125 1.1284131250000002 0.09687500000000027
v -0.223433125 1.1284131250000002 0.0218750000000002
v -0.28117562500000004 1.1044950000000002 0.09687500000000027
v -0.28117562500000004 1.104495 0.02187500000000031
v -0.24735062500000005 1.1861556250000003 0.09687500000000004
v -0.24735062500000005 1.186155625 0.02187500000000009
v -0.3050931250000001 1.1622375000000003 0.09687500000000016
v -0.3050931250000001 1.1622375000000003 0.02187500000000009
v -0.243794375 1.1744306250000003 0.09687500000000016
v -0.243794375 1.174430625 0.02187500000000009
v -0.3050931250000001 1.1622375000000003 0.09687500000000016
v -0.3050931250000001 1.1622375000000003 0.02187500000000009
v -0.2559874999999999 1.2357293750000002 0.09687500000000004
v -0.2559874999999999 1.235729375 0.021874999999999978
v -0.31728625 1.2235362500000002 0.09687500000000004
v -0.31728625 1.22353625 0.02187500000000009
v 0.08035625000000002 1.0109925000000002 0.09687500000000049
v 0.08035625000000002 1.0109925 0.021875000000000533
v 0.09254937500000004 0.9496937500000002 0.09687500000000049
v 0.09254937499999993 0.9496937500000002 0.021875000000000533
v 0.019056874999999973 0.9987993750000002 0.09687500000000049
v 0.019056874999999973 0.9987993750000002 0.021875000000000533
v 0.03124999999999989 0.9375000000000002 0.0968750000000006
v 0.03124999999999989 0.9375 0.021875000000000644
v 0.12637375000000006 1.0313531250000003 0.09687500000000038
v 0.12637375000000006 1.031353125 0.021875000000000422
v 0.15029187499999996 0.9736106250000003 0.09687500000000049
v 0.15029187499999996 0.9736106250000001 0.021875000000000533
v 0.06863125000000003 1.0074356250000003 0.09687500000000049
v 0.06863125000000003 1.007435625 0.021875000000000533
v 0.09254937500000004 0.9496931250000002 0.09687500000000049
v 0.09254937499999993 0.949693125 0.021875000000000533
v 0.167535 1.0603006250000002 0.09687500000000038
v 0.167535 1.060300625 0.02187500000000031
v 0.20225812500000007 1.0083337500000003 0.09687500000000049
v 0.20225812500000007 1.00833375 0.021875000000000533
v 0.11556812499999991 1.0255775000000003 0.09687500000000049
v 0.11556812499999991 1.0255775 0.021875000000000422
v 0.15029125 0.9736106250000003 0.09687500000000049
v 0.15029125 0.9736106250000001 0.021875000000000533
v 0.20225875000000004 1.0967218750000003 0.09687500000000027
v 0.20225875000000004 1.096721875 0.02187500000000031
v 0.24645249999999996 1.0525281250000003 0.09687500000000038
v 0.24645249999999996 1.052528125 0.02187500000000031
v 0.15806437500000003 1.0525281250000003 0.09687500000000038
v 0.15806437500000003 1.052528125 0.02187500000000031
v 0.20225875000000004 1.0083337500000003 0.09687500000000049
v 0.20225875000000004 1.00833375 0.021875000000000533
v 0.22920874999999996 1.1392181250000002 0.09687500000000027
v 0.22920874999999996 1.1392181250000002 0.0218750000000002
v 0.28117562500000004 1.1044950000000002 0.09687500000000027
v 0.28117562500000004 1.104495 0.02187500000000031
v 0.194485625 1.0872512500000002 0.09687500000000027
v 0.194485625 1.08725125 0.02187500000000031
v 0.24645249999999996 1.0525281250000003 0.09687500000000038
v 0.24645249999999996 1.052528125 0.02187500000000031
v 0.24735062500000005 1.186155625 0.09687500000000004
v 0.24735062500000005 1.186155625 0.02187500000000009
v 0.3050931250000001 1.1622375000000003 0.09687500000000016
v 0.3050931250000001 1.1622375 0.02187500000000009
v 0.223433125 1.1284131250000002 0.09687500000000027
v 0.223433125 1.128413125 0.0218750000000002
v 0.28117562500000004 1.1044950000000002 0.09687500000000027
v 0.28117562500000004 1.104495 0.02187500000000031
v 0.2559874999999999 1.2357293750000002 0.09687500000000004
v 0.2559874999999999 1.235729375 0.021874999999999978
v 0.31728625 1.2235362500000002 0.09687500000000004
v 0.31728625 1.22353625 0.02187500000000009
v 0.243794375 1.1744306250000003 0.09687500000000016
v 0.243794375 1.174430625 0.02187500000000009
v 0.3050931250000001 1.1622375000000003 0.09687500000000016
v 0.3050931250000001 1.1622375 0.02187500000000009
v 0.3172868750000001 1.2235368750000002 0.10312500000000002
v 0.3172868750000001 1.2235368750000002 0.02187500000000009
v 0.2547868750000001 1.2235368750000002 0.10312500000000002
v 0.2547868750000001 1.2235368750000002 0.02187500000000009
v 0.3172868750000001 1.5047868750000002 0.10312499999999947
v 0.3172868750000001 1.5047868750000002 0.021874999999999423
v 0.2547868750000001 1.5047868750000002 0.10312499999999947
v 0.2547868750000001 1.5047868750000002 0.021874999999999423
v 0.03125 1.0000000000000002 0.10000000000000053
v 0.03125 1 0.021875000000000533
v 0.03124999999999989 0.9375000000000002 0.10000000000000064
v 0.03124999999999989 0.9375 0.021875000000000644
v -0.03125 1.0000000000000002 0.10000000000000053
v -0.03125 1 0.021875000000000533
v -0.03125000000000011 0.9375000000000002 0.10000000000000064
v -0.03125000000000011 0.9375 0.021875000000000644
v 0.171875 1.0625000000000002 0.09375000000000033
v 0.171875 1.0625 0.03125000000000033
v 0.171875 1.0000000000000002 0.09375000000000044
v 0.171875 1 0.031250000000000444
v -0.171875 1.0625000000000002 0.09375000000000033
v -0.171875 1.0625 0.03125000000000033
v -0.171875 1.0000000000000002 0.09375000000000044
v -0.171875 1 0.031250000000000444
v 0.21875 1.1250000000000002 0.09375000000000022
v 0.21875 1.125 0.03125000000000022
v 0.21875 1.0625000000000002 0.09375000000000033
v 0.21875 1.0625 0.03125000000000033
v -0.21875 1.1250000000000002 0.09375000000000022
v -0.21875 1.125 0.03125000000000022
v -0.21875 1.0625000000000002 0.09375000000000033
v -0.21875 1.0625 0.03125000000000033
v 0.28125 1.5000000000000002 0.09374999999999944
v 0.28125 1.5 0.031249999999999445
v 0.28125 1.1250000000000002 0.09375000000000022
v 0.28125 1.125 0.03125000000000022
v -0.28125 1.5000000000000002 0.09374999999999944
v -0.28125 1.5 0.031249999999999445
v -0.28125 1.1250000000000004 0.09375000000000022
v -0.28125 1.125 0.03125000000000022
v 0.125 1.359375 0.031249999999999778
v 0.125 1.359375 0.02499999999999969
v 0.125 1.171875 0.03125000000000011
v 0.125 1.171875 0.025000000000000133
v -0.125 1.359375 0.031249999999999778
v -0.125 1.359375 0.02499999999999969
v -0.125 1.171875 0.03125000000000011
v -0.125 1.171875 0.025000000000000133
v 0.0625 1.3750000000000002 0.07812499999999967
v 0.0625 1.3749999999999996 -0.21875000000000022
v 0.0625 1.3437500000000002 0.07812499999999978
v 0.0625 1.3437499999999996 -0.21875000000000022
v -0.0625 1.3750000000000002 0.07812499999999967
v -0.0625 1.3749999999999996 -0.21875000000000022
v -0.0625 1.3437500000000002 0.07812499999999978
v -0.0625 1.3437499999999996 -0.21875000000000022
v 0.10580687499999997 1.357061875 0.06249999999999978
v 0.10580687499999997 1.3570618749999996 -0.20312500000000022
v 0.09384812499999995 1.3281906250000002 0.06249999999999978
v 0.09384812500000006 1.3281906249999995 -0.20312500000000022
v 0.0625 1.3750000000000002 0.06249999999999978
v 0.0625 1.3749999999999996 -0.20312500000000022
v 0.05054124999999998 1.34612875 0.06249999999999978
v 0.05054125000000009 1.3461287499999997 -0.20312500000000022
v 0.12268687499999997 1.3401818750000003 0.07812499999999978
v 0.12268687499999997 1.3401818749999996 -0.18750000000000022
v 0.10058937499999998 1.3180843750000002 0.07812499999999978
v 0.10058937499999998 1.3180843749999998 -0.18750000000000022
v 0.10580687499999997 1.3570618750000003 0.07812499999999978
v 0.10580687499999997 1.3570618749999996 -0.18750000000000022
v 0.08370937500000009 1.3349643750000002 0.07812499999999978
v 0.08370937500000009 1.3349643749999998 -0.18750000000000022
v 0.140625 1.2968750000000002 0.07812499999999978
v 0.140625 1.2968749999999996 -0.1562500000000001
v 0.11175374999999999 1.2849162500000002 0.07812499999999989
v 0.11175374999999999 1.2849162499999998 -0.1562500000000001
v 0.12268687499999997 1.3401818750000003 0.07812499999999978
v 0.12268687499999997 1.3401818749999999 -0.15625000000000022
v 0.09381562500000007 1.328223125 0.07812499999999978
v 0.09381562500000007 1.3282231249999996 -0.15625000000000022
v 0.109375 1.296875 0.06249999999999989
v 0.109375 1.2968749999999998 -0.1250000000000001
v 0.140625 1.296875 0.06249999999999989
v 0.140625 1.2968749999999998 -0.1250000000000001
v 0.109375 1.234375 0.0625
v 0.109375 1.2343749999999998 -0.125
v 0.140625 1.234375 0.0625
v 0.140625 1.2343749999999998 -0.125
v 0.109375 1.2343750000000002 0.078125
v 0.109375 1.234375 -0.078125
v 0.140625 1.234375 0.078125
v 0.140625 1.234375 -0.078125
v 0.109375 1.2031250000000002 0.078125
v 0.109375 1.203125 -0.078125
v 0.140625 1.203125 0.078125
v 0.140625 1.203125 -0.078125
v -0.0625 1.3750000000000002 0.06249999999999978
v -0.0625 1.3749999999999996 -0.20312500000000022
v -0.05054124999999998 1.34612875 0.06249999999999978
v -0.05054124999999998 1.3461287499999997 -0.20312500000000022
v -0.10580687499999997 1.3570618750000003 0.06249999999999978
v -0.10580687499999997 1.3570618749999996 -0.20312500000000022
v -0.09384812499999995 1.3281906250000002 0.06249999999999978
v -0.09384812499999995 1.3281906249999995 -0.20312500000000022
v -0.109375 1.2031250000000002 0.078125
v -0.109375 1.203125 -0.078125
v -0.140625 1.2031250000000002 0.078125
v -0.140625 1.203125 -0.078125
v -0.109375 1.2343750000000002 0.078125
v -0.109375 1.234375 -0.078125
v -0.140625 1.2343750000000002 0.078125
v -0.140625 1.234375 -0.078125
v -0.109375 1.2343750000000002 0.078125
v -0.109375 1.2343749999999998 -0.125
v -0.140625 1.2343750000000002 0.078125
v -0.140625 1.2343749999999998 -0.125
v -0.109375 1.2968750000000002 0.07812499999999989
v -0.109375 1.2968749999999998 -0.1250000000000001
v -0.140625 1.2968750000000002 0.07812499999999989
v -0.140625 1.2968749999999998 -0.1250000000000001
v -0.12268687499999997 1.3401818750000003 0.07812499999999978
v -0.12268687499999997 1.3401818749999999 -0.15625000000000022
v -0.09381562499999996 1.328223125 0.07812499999999978
v -0.09381562499999996 1.3282231249999996 -0.15625000000000022
v -0.140625 1.2968750000000002 0.07812499999999989
v -0.140625 1.2968749999999998 -0.1562500000000001
v -0.11175374999999999 1.2849162500000002 0.07812499999999989
v -0.11175374999999999 1.2849162499999998 -0.1562500000000001
v -0.10580687499999997 1.3570618750000003 0.07812499999999978
v -0.10580687499999997 1.3570618749999996 -0.18750000000000022
v -0.08370937499999997 1.3349643750000002 0.07812499999999978
v -0.08370937499999997 1.3349643749999998 -0.18750000000000022
v -0.12268687499999997 1.3401818750000003 0.07812499999999978
v -0.12268687499999997 1.3401818749999996 -0.18750000000000022
v -0.10058937499999998 1.3180843750000002 0.07812499999999978
v -0.10058937499999998 1.3180843749999998 -0.18750000000000022
v -0.25478687499999986 2.8077131250000003 0.10312499999999658
v -0.25478687499999986 2.8077131250000003 0.021874999999996647
v -0.31728687499999986 2.8077131250000003 0.10312499999999658
v -0.31728687499999986 2.8077131250000003 0.021874999999996647
v -0.25478687499999986 3.0264631250000003 0.10312499999999614
v -0.25478687499999986 3.0264631250000003 0.021874999999996203
v -0.31728687499999986 3.0264631250000003 0.10312499999999614
v -0.31728687499999986 3.0264631250000003 0.021874999999996203
v -0.031249999999999667 3.3125 0.09687499999999583
v -0.031249999999999667 3.3125 0.021874999999995648
v -0.01905687499999964 3.2512006250000005 0.09687499999999583
v -0.01905687499999964 3.251200625 0.02187499999999576
v -0.09254937499999971 3.30030625 0.09687499999999583
v -0.09254937499999971 3.30030625 0.02187499999999587
v -0.08035624999999968 3.2390075000000005 0.09687499999999583
v -0.08035624999999968 3.2390075 0.02187499999999576
v -0.09254937499999971 3.3003068750000004 0.09687499999999583
v -0.09254937499999971 3.300306875 0.021874999999995648
v -0.0686312499999997 3.2425643750000006 0.09687499999999583
v -0.0686312499999997 3.242564375 0.02187499999999576
v -0.15029187499999963 3.276389375 0.09687499999999583
v -0.15029187499999963 3.276389375 0.02187499999999587
v -0.12637374999999973 3.218646875 0.09687499999999605
v -0.12637374999999973 3.2186468749999997 0.02187499999999598
v -0.15029124999999965 3.276389375 0.09687499999999583
v -0.15029124999999965 3.276389375 0.02187499999999587
v -0.11556812499999969 3.2244225 0.09687499999999605
v -0.11556812499999969 3.2244224999999997 0.02187499999999598
v -0.20225812499999962 3.2416662500000006 0.09687499999999594
v -0.20225812499999962 3.2416662499999997 0.02187499999999587
v -0.16753499999999977 3.1896993750000004 0.09687499999999583
v -0.16753499999999966 3.189699375 0.02187499999999587
v -0.2022587499999996 3.2416662500000006 0.09687499999999594
v -0.2022587499999996 3.2416662499999997 0.02187499999999587
v -0.1580643749999997 3.197471875 0.09687499999999594
v -0.1580643749999997 3.1974718749999997 0.02187499999999587
v -0.24645249999999963 3.197471875 0.09687499999999594
v -0.24645249999999963 3.1974718749999997 0.02187499999999587
v -0.2022587499999996 3.1532781250000004 0.09687499999999594
v -0.2022587499999996 3.153278125 0.02187499999999598
v -0.24645249999999963 3.197471875 0.09687499999999594
v -0.24645249999999963 3.1974718749999997 0.02187499999999587
v -0.19448562499999966 3.1627487500000004 0.09687499999999616
v -0.19448562499999966 3.16274875 0.021874999999996092
v -0.2811756249999997 3.1455050000000004 0.09687499999999616
v -0.2811756249999997 3.145505 0.021874999999996092
v -0.22920874999999963 3.1107818750000003 0.09687499999999616
v -0.22920874999999963 3.110781875 0.021874999999996203
v -0.2811756249999997 3.1455050000000004 0.09687499999999616
v -0.2811756249999997 3.145505 0.021874999999996092
v -0.22343312499999968 3.121586875 0.09687499999999605
v -0.22343312499999968 3.121586875 0.02187499999999598
v -0.30509312499999985 3.0877625 0.09687499999999616
v -0.30509312499999985 3.0877625 0.021874999999996203
v -0.2473506249999997 3.0638443750000004 0.09687499999999616
v -0.24735062499999982 3.063844375 0.021874999999996092
v -0.30509312499999985 3.0877625 0.09687499999999616
v -0.30509312499999985 3.0877625 0.021874999999996203
v -0.24379437499999967 3.075569375 0.09687499999999627
v -0.24379437499999967 3.0755693749999997 0.021874999999996203
v -0.31728624999999977 3.0264637500000005 0.09687499999999627
v -0.31728624999999977 3.02646375 0.021874999999996425
v -0.2559874999999997 3.014270625 0.09687499999999649
v -0.2559874999999997 3.014270625 0.021874999999996425
v 0.09254937500000027 3.30030625 0.09687499999999583
v 0.09254937500000027 3.30030625 0.02187499999999587
v 0.08035625000000035 3.2390075000000005 0.09687499999999583
v 0.08035625000000024 3.2390075 0.02187499999999576
v 0.03125000000000033 3.3125 0.09687499999999583
v 0.03125000000000033 3.3125 0.021874999999995648
v 0.019056875000000306 3.2512006250000005 0.09687499999999583
v 0.019056875000000306 3.251200625 0.02187499999999576
v 0.1502918750000003 3.276389375 0.09687499999999583
v 0.1502918750000003 3.276389375 0.02187499999999587
v 0.12637375000000028 3.218646875 0.09687499999999605
v 0.12637375000000028 3.2186468749999997 0.02187499999999598
v 0.09254937500000027 3.3003068750000004 0.09687499999999583
v 0.09254937500000027 3.300306875 0.021874999999995648
v 0.06863125000000025 3.2425643750000006 0.09687499999999583
v 0.06863125000000025 3.242564375 0.02187499999999576
v 0.2022581250000003 3.2416662500000006 0.09687499999999594
v 0.2022581250000003 3.2416662499999997 0.02187499999999587
v 0.1675350000000002 3.1896993750000004 0.09687499999999583
v 0.16753500000000032 3.189699375 0.02187499999999587
v 0.15029125000000032 3.276389375 0.09687499999999583
v 0.15029125000000032 3.276389375 0.02187499999999587
v 0.11556812500000035 3.2244225 0.09687499999999605
v 0.11556812500000024 3.2244224999999997 0.02187499999999598
v 0.2464525000000003 3.197471875 0.09687499999999594
v 0.2464525000000003 3.1974718749999997 0.02187499999999587
v 0.20225875000000026 3.1532781250000004 0.09687499999999594
v 0.20225875000000026 3.153278125 0.02187499999999598
v 0.20225875000000026 3.2416662500000006 0.09687499999999594
v 0.20225875000000026 3.2416662499999997 0.02187499999999587
v 0.15806437500000026 3.197471875 0.09687499999999594
v 0.15806437500000026 3.1974718749999997 0.02187499999999587
v 0.28117562500000026 3.1455050000000004 0.09687499999999616
v 0.28117562500000026 3.145505 0.021874999999996092
v 0.22920875000000018 3.1107818750000003 0.09687499999999616
v 0.22920875000000018 3.110781875 0.021874999999996203
v 0.2464525000000003 3.197471875 0.09687499999999594
v 0.2464525000000003 3.1974718749999997 0.02187499999999587
v 0.19448562500000033 3.1627487500000004 0.09687499999999616
v 0.19448562500000033 3.16274875 0.021874999999996092
v 0.3050931250000003 3.0877625 0.09687499999999616
v 0.3050931250000003 3.0877625 0.021874999999996203
v 0.24735062500000027 3.0638443750000004 0.09687499999999616
v 0.24735062500000027 3.063844375 0.021874999999996092
v 0.28117562500000026 3.1455050000000004 0.09687499999999616
v 0.28117562500000026 3.145505 0.021874999999996092
v 0.22343312500000023 3.121586875 0.09687499999999605
v 0.22343312500000023 3.121586875 0.02187499999999598
v 0.3172862500000002 3.0264637500000005 0.09687499999999627
v 0.3172862500000002 3.02646375 0.021874999999996425
v 0.25598750000000026 3.014270625 0.09687499999999649
v 0.25598750000000026 3.014270625 0.021874999999996425
v 0.3050931250000003 3.0877625 0.09687499999999616
v 0.3050931250000003 3.0877625 0.021874999999996203
v 0.24379437500000023 3.075569375 0.09687499999999627
v 0.24379437500000023 3.0755693749999997 0.021874999999996203
v 0.2547868750000003 3.0264631250000003 0.10312499999999614
v 0.2547868750000003 3.0264631250000003 0.021874999999996203
v 0.3172868750000003 3.0264631250000003 0.10312499999999614
v 0.3172868750000003 3.0264631250000003 0.021874999999996203
v 0.2547868750000003 2.8077131250000003 0.10312499999999658
v 0.2547868750000003 2.8077131250000003 0.021874999999996647
v 0.3172868750000003 2.8077131250000003 0.10312499999999658
v 0.3172868750000003 2.8077131250000003 0.021874999999996647
v 0.03125000000000033 3.3125000000000004 0.09999999999999598
v 0.03125000000000033 3.3125 0.021874999999995648
v 0.03125000000000033 3.2500000000000004 0.09999999999999598
v 0.03125000000000033 3.25 0.02187499999999598
v -0.031249999999999667 3.3125000000000004 0.09999999999999598
v -0.031249999999999667 3.3125 0.021874999999995648
v -0.031249999999999667 3.2500000000000004 0.09999999999999598
v -0.031249999999999667 3.25 0.02187499999999598
v 0.12500000000000033 3.109375 0.031249999999996225
v 0.12500000000000033 3.109375 0.02499999999999636
v 0.12500000000000022 2.921875 0.03124999999999656
v 0.12500000000000022 2.921875 0.02499999999999669
v -0.12499999999999967 3.109375 0.031249999999996225
v -0.12499999999999967 3.109375 0.02499999999999636
v -0.12499999999999978 2.921875 0.03124999999999656
v -0.12499999999999978 2.921875 0.02499999999999669
v 0.06250000000000033 3.125 0.07812499999999611
v 0.06250000000000033 3.1249999999999996 -0.21875000000000366
v 0.06250000000000033 3.09375 0.07812499999999623
v 0.06250000000000033 3.0937499999999996 -0.21875000000000366
v -0.06249999999999967 3.125 0.07812499999999611
v -0.06249999999999967 3.1249999999999996 -0.21875000000000366
v -0.06249999999999967 3.09375 0.07812499999999623
v -0.06249999999999967 3.0937499999999996 -0.21875000000000366
v 0.1058068750000003 3.107061875 0.062499999999996225
v 0.1058068750000003 3.1070618749999994 -0.20312500000000366
v 0.09384812500000028 3.078190625 0.062499999999996225
v 0.09384812500000028 3.0781906249999995 -0.203125000000004
v 0.06250000000000033 3.125 0.062499999999996225
v 0.06250000000000033 3.1249999999999996 -0.203125000000004
v 0.050541250000000315 3.09612875 0.062499999999996225
v 0.050541250000000315 3.0961287499999997 -0.20312500000000389
v 0.1226868750000003 3.0901818750000003 0.07812499999999623
v 0.1226868750000003 3.090181875 -0.18750000000000377
v 0.10058937500000031 3.068084375 0.07812499999999611
v 0.10058937500000031 3.0680843749999993 -0.18750000000000377
v 0.1058068750000003 3.1070618750000003 0.07812499999999611
v 0.1058068750000003 3.1070618749999994 -0.18750000000000389
v 0.08370937500000031 3.084964375 0.07812499999999623
v 0.08370937500000031 3.0849643749999998 -0.18750000000000377
v 0.14062500000000033 3.046875 0.07812499999999623
v 0.14062500000000022 3.0468749999999996 -0.15625000000000377
v 0.11175375000000021 3.03491625 0.07812499999999645
v 0.11175375000000021 3.0349162499999998 -0.15625000000000355
v 0.1226868750000003 3.0901818750000003 0.07812499999999623
v 0.1226868750000003 3.090181875 -0.15625000000000377
v 0.09381562500000029 3.078223125 0.07812499999999623
v 0.09381562500000029 3.0782231249999996 -0.15625000000000377
v 0.10937500000000033 3.046875 0.062499999999996225
v 0.10937500000000033 3.0468749999999996 -0.12500000000000377
v 0.14062500000000022 3.046875 0.062499999999996225
v 0.14062500000000033 3.0468749999999996 -0.12500000000000377
v 0.10937500000000022 2.984375 0.062499999999996336
v 0.10937500000000022 2.984375 -0.12500000000000377
v 0.14062500000000022 2.984375 0.062499999999996336
v 0.14062500000000022 2.984375 -0.12500000000000377
v 0.10937500000000022 2.984375 0.07812499999999634
v 0.10937500000000022 2.984375 -0.07812500000000366
v 0.14062500000000022 2.984375 0.07812499999999634
v 0.14062500000000022 2.984375 -0.07812500000000366
v 0.10937500000000022 2.953125 0.07812499999999645
v 0.10937500000000022 2.9531249999999996 -0.07812500000000355
v 0.14062500000000022 2.953125 0.07812499999999645
v 0.14062500000000022 2.9531249999999996 -0.07812500000000355
v -0.06249999999999967 3.125 0.062499999999996225
v -0.06249999999999967 3.1249999999999996 -0.203125000000004
v -0.05054124999999976 3.09612875 0.062499999999996225
v -0.05054124999999976 3.0961287499999997 -0.20312500000000389
v -0.10580687499999974 3.107061875 0.062499999999996225
v -0.10580687499999974 3.1070618749999994 -0.20312500000000366
v -0.09384812499999973 3.078190625 0.062499999999996225
v -0.09384812499999973 3.0781906249999995 -0.203125000000004
v -0.10937499999999978 2.953125 0.07812499999999645
v -0.10937499999999978 2.9531249999999996 -0.07812500000000355
v -0.14062499999999978 2.953125 0.07812499999999645
v -0.14062499999999978 2.9531249999999996 -0.07812500000000355
v -0.10937499999999978 2.984375 0.07812499999999634
v -0.10937499999999978 2.984375 -0.07812500000000366
v -0.14062499999999978 2.984375 0.07812499999999634
v -0.14062499999999978 2.984375 -0.07812500000000366
v -0.10937499999999978 2.984375 0.07812499999999634
v -0.10937499999999978 2.984375 -0.12500000000000377
v -0.14062499999999978 2.984375 0.07812499999999634
v -0.14062499999999978 2.984375 -0.12500000000000366
v -0.10937499999999967 3.046875 0.07812499999999623
v -0.10937499999999967 3.0468749999999996 -0.12500000000000377
v -0.14062499999999967 3.046875 0.07812499999999623
v -0.14062499999999967 3.046875 -0.12500000000000366
v -0.12268687499999975 3.0901818750000003 0.07812499999999623
v -0.12268687499999975 3.090181875 -0.15625000000000377
v -0.09381562499999974 3.078223125 0.07812499999999623
v -0.09381562499999974 3.0782231249999996 -0.15625000000000377
v -0.14062499999999967 3.046875 0.07812499999999623
v -0.14062499999999967 3.0468749999999996 -0.15625000000000377
v -0.11175374999999976 3.03491625 0.07812499999999645
v -0.11175374999999976 3.0349162499999998 -0.15625000000000355
v -0.10580687499999974 3.1070618750000003 0.07812499999999611
v -0.10580687499999974 3.1070618749999994 -0.18750000000000389
v -0.08370937499999975 3.084964375 0.07812499999999623
v -0.08370937499999975 3.0849643749999998 -0.18750000000000377
v -0.12268687499999975 3.0901818750000003 0.07812499999999623
v -0.12268687499999975 3.090181875 -0.18750000000000377
v -0.10058937499999976 3.068084375 0.07812499999999611
v -0.10058937499999976 3.0680843749999993 -0.18750000000000377
v 0.28125000000000033 3.125 0.09374999999999611
v 0.28125000000000033 3.125 0.031249999999996225
v 0.2812500000000002 2.8125 0.093749999999997
v 0.2812500000000002 2.8125 0.03124999999999689
v -0.28124999999999967 3.125 0.09374999999999634
v -0.28124999999999967 3.125 0.031249999999996225
v -0.2812499999999998 2.8125 0.093749999999997
v -0.2812499999999998 2.8125 0.03124999999999689
v 0.21875000000000033 3.1875 0.09374999999999589
v 0.21875000000000033 3.1875 0.031249999999996003
v 0.21875000000000033 3.125 0.09374999999999611
v 0.21875000000000033 3.125 0.031249999999996225
v -0.21874999999999967 3.1875 0.09374999999999611
v -0.21874999999999967 3.1875 0.031249999999996003
v -0.21874999999999967 3.125 0.09374999999999634
v -0.21874999999999967 3.125 0.031249999999996225
v 0.17187500000000033 3.2500000000000004 0.09374999999999589
v 0.17187500000000033 3.25 0.031249999999996003
v 0.17187500000000022 3.1875 0.09374999999999589
v 0.17187500000000033 3.1875 0.031249999999996003
v -0.17187499999999967 3.2500000000000004 0.09374999999999589
v -0.17187499999999967 3.25 0.031249999999996003
v -0.17187499999999967 3.1875 0.09374999999999611
v -0.17187499999999967 3.1875 0.031249999999996003
v 0.2812500000000001 1.9375000000000002 0.09374999999999856
v 0.28125 1.9375 0.031249999999998557
v 0.28125 1.5000000000000002 0.09374999999999944
v 0.28125 1.5 0.031249999999999445
v -0.2812499999999999 1.9375000000000002 0.09374999999999856
v -0.2812499999999999 1.9375 0.031249999999998557
v -0.28125 1.5000000000000002 0.09374999999999944
v -0.28125 1.5 0.031249999999999445
v 0.1250000000000001 1.796875 0.03124999999999889
v 0.1250000000000001 1.796875 0.0249999999999988
v 0.1250000000000001 1.609375 0.031249999999999223
v 0.1250000000000001 1.609375 0.024999999999999245
v -0.12499999999999989 1.796875 0.03124999999999889
v -0.12499999999999989 1.796875 0.024999999999998912
v -0.12499999999999989 1.609375 0.031249999999999223
v -0.12499999999999989 1.609375 0.024999999999999245
v 0.06250000000000011 1.8125 0.07812499999999878
v 0.06250000000000011 1.8124999999999996 -0.2187500000000011
v 0.06250000000000011 1.7812500000000002 0.07812499999999889
v 0.06250000000000011 1.7812499999999996 -0.2187500000000011
v -0.06249999999999989 1.8125 0.07812499999999878
v -0.06249999999999989 1.8124999999999996 -0.2187500000000011
v -0.06249999999999989 1.7812500000000002 0.07812499999999889
v -0.06249999999999989 1.7812499999999996 -0.2187500000000011
v 0.10580687500000008 1.794561875 0.06249999999999889
v 0.10580687500000008 1.7945618749999994 -0.2031250000000011
v 0.09384812500000006 1.765690625 0.06249999999999889
v 0.09384812500000006 1.7656906249999995 -0.203125000000001
v 0.06250000000000011 1.8125 0.06249999999999878
v 0.06250000000000011 1.8124999999999996 -0.2031250000000011
v 0.05054125000000009 1.78362875 0.06249999999999889
v 0.05054125000000009 1.7836287499999997 -0.2031250000000011
v 0.12268687500000008 1.7776818750000003 0.07812499999999889
v 0.12268687500000008 1.7776818749999996 -0.1875000000000011
v 0.10058937500000009 1.7555843750000002 0.07812499999999889
v 0.10058937500000009 1.7555843749999998 -0.1875000000000011
v 0.10580687500000008 1.7945618750000003 0.07812499999999889
v 0.10580687500000008 1.7945618749999996 -0.1875000000000011
v 0.08370937500000009 1.7724643750000002 0.07812499999999889
v 0.08370937500000009 1.7724643749999998 -0.1875000000000011
v 0.1406250000000001 1.734375 0.07812499999999889
v 0.1406250000000001 1.7343749999999998 -0.156250000000001
v 0.1117537500000001 1.7224162500000002 0.078124999999999
v 0.1117537500000001 1.7224162499999998 -0.156250000000001
v 0.12268687500000008 1.7776818750000003 0.07812499999999889
v 0.12268687500000008 1.7776818749999996 -0.1562500000000011
v 0.09381562500000007 1.765723125 0.07812499999999889
v 0.09381562500000007 1.7657231249999996 -0.1562500000000011
v 0.10937500000000011 1.734375 0.062499999999999
v 0.10937500000000011 1.7343749999999998 -0.125000000000001
v 0.1406250000000001 1.734375 0.062499999999999
v 0.1406250000000001 1.7343749999999998 -0.125000000000001
v 0.10937500000000011 1.671875 0.06249999999999911
v 0.10937500000000011 1.6718749999999998 -0.1250000000000009
v 0.1406250000000001 1.671875 0.06249999999999911
v 0.1406250000000001 1.6718749999999998 -0.1250000000000009
v 0.10937500000000011 1.6718750000000002 0.078124999999999
v 0.10937500000000011 1.6718749999999998 -0.07812500000000089
v 0.1406250000000001 1.6718750000000002 0.078124999999999
v 0.1406250000000001 1.6718749999999998 -0.07812500000000089
v 0.10937500000000011 1.640625 0.07812499999999911
v 0.10937500000000011 1.640625 -0.07812500000000089
v 0.1406250000000001 1.640625 0.07812499999999911
v 0.1406250000000001 1.640625 -0.07812500000000089
v -0.06249999999999989 1.8125 0.06249999999999878
v -0.06249999999999989 1.8124999999999996 -0.2031250000000011
v -0.05054124999999987 1.78362875 0.06249999999999889
v -0.05054124999999987 1.7836287499999997 -0.2031250000000011
v -0.10580687499999997 1.794561875 0.06249999999999889
v -0.10580687499999997 1.7945618749999994 -0.2031250000000011
v -0.09384812499999995 1.765690625 0.06249999999999889
v -0.09384812499999995 1.7656906249999995 -0.203125000000001
v -0.10937499999999989 1.640625 0.07812499999999911
v -0.10937499999999989 1.640625 -0.07812500000000078
v -0.1406249999999999 1.6406250000000002 0.07812499999999922
v -0.1406249999999999 1.640625 -0.07812500000000078
v -0.10937499999999989 1.6718750000000002 0.078124999999999
v -0.10937499999999989 1.671875 -0.07812500000000089
v -0.1406249999999999 1.6718750000000002 0.07812499999999911
v -0.1406249999999999 1.671875 -0.07812500000000089
v -0.10937499999999989 1.6718750000000002 0.078124999999999
v -0.10937499999999989 1.6718749999999998 -0.1250000000000009
v -0.1406249999999999 1.6718750000000002 0.07812499999999911
v -0.1406249999999999 1.6718749999999998 -0.1250000000000009
v -0.10937499999999989 1.7343750000000002 0.078124999999999
v -0.10937499999999989 1.7343749999999998 -0.125000000000001
v -0.1406249999999999 1.7343750000000002 0.078124999999999
v -0.1406249999999999 1.7343749999999998 -0.125000000000001
v -0.12268687499999986 1.7776818750000003 0.07812499999999889
v -0.12268687499999997 1.7776818749999996 -0.1562500000000011
v -0.09381562499999985 1.765723125 0.07812499999999889
v -0.09381562499999985 1.7657231249999996 -0.1562500000000011
v -0.1406249999999999 1.7343750000000002 0.078124999999999
v -0.1406249999999999 1.7343749999999998 -0.156250000000001
v -0.11175374999999987 1.7224162500000002 0.078124999999999
v -0.11175374999999987 1.7224162499999998 -0.156250000000001
v -0.10580687499999997 1.7945618750000003 0.07812499999999889
v -0.10580687499999997 1.7945618749999996 -0.1875000000000011
v -0.08370937499999986 1.7724643750000002 0.07812499999999889
v -0.08370937499999986 1.7724643749999998 -0.1875000000000011
v -0.12268687499999986 1.7776818750000003 0.07812499999999889
v -0.12268687499999997 1.7776818749999996 -0.1875000000000011
v -0.10058937499999987 1.7555843750000002 0.07812499999999889
v -0.10058937499999987 1.7555843749999998 -0.1875000000000011
v -0.25478687499999986 1.9375000000000002 0.10312499999999847
v -0.25478687499999997 1.9375 0.021874999999998535
v -0.2547868750000001 1.5000000000000002 0.10312499999999947
v -0.2547868750000001 1.5 0.021874999999999423
v -0.31728687499999986 1.9375000000000002 0.10312499999999847
v -0.31728687499999997 1.9375 0.021874999999998535
v -0.3172868750000001 1.5000000000000002 0.10312499999999947
v -0.3172868750000001 1.5 0.021874999999999423
v 0.3172868750000001 1.9375000000000002 0.10312499999999847
v 0.3172868750000001 1.9375 0.021874999999998535
v 0.3172868750000001 1.5000000000000002 0.10312499999999947
v 0.3172868750000001 1.5 0.021874999999999423
v 0.2547868750000001 1.9375000000000002 0.10312499999999847
v 0.2547868750000001 1.9375 0.021874999999998535
v 0.2547868750000001 1.5000000000000002 0.10312499999999947
v 0.2547868750000001 1.5 0.021874999999999423
v 0.2812500000000001 2.375 0.09374999999999767
v 0.2812500000000001 2.375 0.03124999999999767
v 0.2812500000000001 1.9375000000000002 0.09374999999999856
v 0.28125 1.9375 0.031249999999998557
v -0.2812499999999998 2.375 0.09374999999999767
v -0.2812499999999998 2.375 0.03124999999999767
v -0.2812499999999999 1.9375000000000002 0.09374999999999856
v -0.2812499999999999 1.9375 0.031249999999998557
v 0.1250000000000001 2.234375 0.031249999999998
v 0.1250000000000001 2.234375 0.024999999999997913
v 0.1250000000000001 2.046875 0.031249999999998335
v 0.1250000000000001 2.046875 0.024999999999998357
v -0.12499999999999989 2.234375 0.031249999999998
v -0.12499999999999989 2.234375 0.024999999999997913
v -0.12499999999999989 2.046875 0.031249999999998335
v -0.12499999999999989 2.046875 0.024999999999998357
v 0.06250000000000011 2.25 0.078124999999998
v 0.06250000000000011 2.2499999999999996 -0.218750000000002
v 0.06250000000000011 2.21875 0.078124999999998
v 0.06250000000000011 2.2187499999999996 -0.218750000000002
v -0.06249999999999989 2.25 0.078124999999998
v -0.06249999999999989 2.2499999999999996 -0.218750000000002
v -0.06249999999999989 2.21875 0.078124999999998
v -0.06249999999999989 2.2187499999999996 -0.218750000000002
v 0.10580687500000019 2.2320618750000003 0.062499999999998
v 0.10580687500000019 2.2320618749999994 -0.203125000000002
v 0.09384812500000017 2.203190625 0.062499999999998
v 0.09384812500000017 2.2031906249999995 -0.203125000000002
v 0.06250000000000011 2.25 0.062499999999998
v 0.06250000000000011 2.2499999999999996 -0.203125000000002
v 0.05054125000000009 2.22112875 0.062499999999998
v 0.05054125000000009 2.2211287499999997 -0.203125000000002
v 0.1226868750000002 2.2151818750000003 0.078124999999998
v 0.1226868750000002 2.2151818749999994 -0.1875000000000019
v 0.10058937500000009 2.193084375 0.07812499999999811
v 0.10058937500000009 2.1930843749999998 -0.187500000000002
v 0.10580687500000019 2.2320618750000003 0.078124999999998
v 0.10580687500000019 2.2320618749999994 -0.187500000000002
v 0.08370937500000009 2.209964375 0.078124999999998
v 0.08370937500000009 2.2099643749999998 -0.187500000000002
v 0.1406250000000001 2.171875 0.07812499999999811
v 0.1406250000000001 2.171875 -0.156250000000002
v 0.1117537500000001 2.15991625 0.07812499999999811
v 0.11175375000000021 2.1599162499999998 -0.1562500000000019
v 0.1226868750000002 2.2151818750000003 0.078124999999998
v 0.1226868750000002 2.215181875 -0.156250000000002
v 0.09381562500000018 2.203223125 0.07812499999999811
v 0.09381562500000018 2.2032231249999996 -0.1562500000000021
v 0.10937500000000011 2.171875 0.062499999999998
v 0.10937500000000011 2.171875 -0.125000000000002
v 0.1406250000000001 2.171875 0.062499999999998
v 0.1406250000000001 2.171875 -0.125000000000002
v 0.10937500000000011 2.109375 0.06249999999999811
v 0.10937500000000011 2.109375 -0.12500000000000178
v 0.1406250000000001 2.109375 0.06249999999999811
v 0.1406250000000001 2.109375 -0.12500000000000178
v 0.10937500000000011 2.109375 0.07812499999999822
v 0.10937500000000011 2.109375 -0.07812500000000178
v 0.1406250000000001 2.109375 0.07812499999999822
v 0.1406250000000001 2.109375 -0.07812500000000178
v 0.10937500000000011 2.078125 0.07812499999999822
v 0.10937500000000011 2.078125 -0.07812500000000167
v 0.1406250000000001 2.078125 0.07812499999999822
v 0.1406250000000001 2.078125 -0.07812500000000167
v -0.06249999999999989 2.25 0.062499999999998
v -0.06249999999999989 2.2499999999999996 -0.203125000000002
v -0.05054124999999987 2.22112875 0.062499999999998
v -0.05054124999999987 2.2211287499999997 -0.203125000000002
v -0.10580687499999986 2.2320618750000003 0.062499999999998
v -0.10580687499999986 2.2320618749999994 -0.203125000000002
v -0.09384812499999984 2.2031906250000004 0.062499999999998
v -0.09384812499999984 2.2031906249999995 -0.203125000000002
v -0.10937499999999989 2.078125 0.07812499999999822
v -0.10937499999999989 2.078125 -0.07812500000000167
v -0.1406249999999999 2.078125 0.07812499999999822
v -0.1406249999999999 2.078125 -0.07812500000000167
v -0.10937499999999989 2.109375 0.07812499999999822
v -0.10937499999999989 2.109375 -0.07812500000000178
v -0.1406249999999999 2.109375 0.07812499999999822
v -0.1406249999999999 2.109375 -0.07812500000000178
v -0.10937499999999989 2.109375 0.07812499999999822
v -0.10937499999999989 2.109375 -0.12500000000000178
v -0.1406249999999999 2.109375 0.07812499999999822
v -0.1406249999999999 2.109375 -0.12500000000000178
v -0.10937499999999989 2.171875 0.07812499999999811
v -0.10937499999999989 2.171875 -0.125000000000002
v -0.1406249999999999 2.171875 0.07812499999999811
v -0.1406249999999999 2.171875 -0.125000000000002
v -0.12268687499999986 2.2151818750000003 0.078124999999998
v -0.12268687499999986 2.215181875 -0.156250000000002
v -0.09381562499999985 2.203223125 0.07812499999999811
v -0.09381562499999985 2.2032231249999996 -0.1562500000000021
v -0.1406249999999999 2.171875 0.07812499999999811
v -0.1406249999999999 2.171875 -0.156250000000002
v -0.11175374999999987 2.15991625 0.07812499999999811
v -0.11175374999999987 2.1599162499999998 -0.1562500000000019
v -0.10580687499999986 2.2320618750000003 0.078124999999998
v -0.10580687499999986 2.2320618749999994 -0.187500000000002
v -0.08370937499999986 2.209964375 0.078124999999998
v -0.08370937499999986 2.2099643749999998 -0.187500000000002
v -0.12268687499999986 2.2151818750000003 0.078124999999998
v -0.12268687499999986 2.2151818749999994 -0.1875000000000019
v -0.10058937499999987 2.193084375 0.07812499999999811
v -0.10058937499999987 2.1930843749999998 -0.187500000000002
v 0.12500000000000022 2.671875 0.03124999999999689
v 0.12500000000000022 2.671875 0.024999999999997025
v 0.12500000000000022 2.484375 0.031249999999997446
v 0.12500000000000022 2.484375 0.02499999999999747
v -0.12499999999999978 2.671875 0.03124999999999689
v -0.12499999999999978 2.671875 0.024999999999997025
v -0.12499999999999978 2.484375 0.031249999999997446
v -0.12499999999999978 2.484375 0.02499999999999747
v 0.06250000000000022 2.6875 0.07812499999999711
v 0.06250000000000022 2.6874999999999996 -0.2187500000000029
v 0.06250000000000022 2.65625 0.07812499999999711
v 0.06250000000000022 2.6562499999999996 -0.2187500000000029
v -0.06249999999999978 2.6875 0.07812499999999711
v -0.06249999999999978 2.6874999999999996 -0.2187500000000029
v -0.06249999999999978 2.65625 0.07812499999999711
v -0.06249999999999978 2.6562499999999996 -0.2187500000000029
v 0.10580687500000019 2.6695618750000003 0.06249999999999711
v 0.10580687500000019 2.6695618749999994 -0.2031250000000029
v 0.09384812500000017 2.640690625 0.062499999999997224
v 0.09384812500000017 2.6406906249999995 -0.2031250000000029
v 0.06250000000000022 2.6875 0.06249999999999711
v 0.06250000000000022 2.6874999999999996 -0.203125000000003
v 0.050541250000000204 2.65862875 0.062499999999997
v 0.050541250000000204 2.6586287499999997 -0.2031250000000031
v 0.1226868750000002 2.6526818750000007 0.07812499999999711
v 0.1226868750000002 2.652681875 -0.18750000000000278
v 0.1005893750000002 2.630584375 0.07812499999999711
v 0.1005893750000002 2.6305843749999998 -0.18750000000000278
v 0.10580687500000019 2.6695618750000003 0.07812499999999711
v 0.10580687500000019 2.6695618749999994 -0.1875000000000029
v 0.0837093750000002 2.647464375 0.07812499999999689
v 0.0837093750000002 2.6474643749999998 -0.1875000000000029
v 0.14062500000000022 2.609375 0.07812499999999711
v 0.14062500000000022 2.6093749999999996 -0.1562500000000029
v 0.11175375000000021 2.59741625 0.07812499999999711
v 0.11175375000000021 2.5974162499999998 -0.15625000000000278
v 0.1226868750000002 2.6526818750000007 0.07812499999999711
v 0.1226868750000002 2.652681875 -0.1562500000000029
v 0.09381562500000018 2.640723125 0.078124999999997
v 0.09381562500000018 2.6407231249999996 -0.156250000000003
v 0.10937500000000022 2.609375 0.062499999999997224
v 0.10937500000000022 2.609375 -0.1250000000000029
v 0.14062500000000022 2.609375 0.062499999999997224
v 0.14062500000000022 2.609375 -0.1250000000000029
v 0.10937500000000022 2.546875 0.062499999999997335
v 0.10937500000000022 2.5468749999999996 -0.12500000000000266
v 0.14062500000000022 2.546875 0.062499999999997335
v 0.14062500000000022 2.5468749999999996 -0.12500000000000266
v 0.10937500000000022 2.546875 0.07812499999999734
v 0.10937500000000022 2.546875 -0.07812500000000266
v 0.14062500000000022 2.546875 0.07812499999999734
v 0.14062500000000022 2.546875 -0.07812500000000266
v 0.10937500000000022 2.515625 0.07812499999999734
v 0.10937500000000022 2.515625 -0.07812500000000255
v 0.14062500000000022 2.515625 0.07812499999999734
v 0.14062500000000022 2.515625 -0.07812500000000255
v -0.06249999999999978 2.6875 0.06249999999999711
v -0.06249999999999978 2.6874999999999996 -0.203125000000003
v -0.05054124999999976 2.65862875 0.062499999999997
v -0.05054124999999987 2.6586287499999997 -0.2031250000000031
v -0.10580687499999974 2.6695618750000003 0.06249999999999711
v -0.10580687499999974 2.6695618749999994 -0.2031250000000029
v -0.09384812499999973 2.640690625 0.062499999999997224
v -0.09384812499999973 2.6406906249999995 -0.2031250000000029
v -0.10937499999999978 2.515625 0.07812499999999734
v -0.10937499999999978 2.515625 -0.07812500000000255
v -0.14062499999999978 2.515625 0.07812499999999734
v -0.14062499999999978 2.515625 -0.07812500000000255
v -0.10937499999999978 2.546875 0.07812499999999734
v -0.10937499999999978 2.546875 -0.07812500000000266
v -0.14062499999999978 2.546875 0.07812499999999734
v -0.14062499999999978 2.546875 -0.07812500000000266
v -0.10937499999999978 2.546875 0.07812499999999734
v -0.10937499999999978 2.5468749999999996 -0.12500000000000266
v -0.14062499999999978 2.546875 0.07812499999999734
v -0.14062499999999978 2.5468749999999996 -0.12500000000000266
v -0.10937499999999978 2.609375 0.07812499999999711
v -0.10937499999999978 2.609375 -0.1250000000000029
v -0.14062499999999978 2.609375 0.07812499999999711
v -0.14062499999999978 2.609375 -0.1250000000000029
v -0.12268687499999975 2.6526818750000007 0.07812499999999711
v -0.12268687499999975 2.652681875 -0.1562500000000029
v -0.09381562499999985 2.640723125 0.078124999999997
v -0.09381562499999985 2.6407231249999996 -0.156250000000003
v -0.14062499999999978 2.609375 0.07812499999999711
v -0.14062499999999978 2.6093749999999996 -0.1562500000000029
v -0.11175374999999976 2.59741625 0.07812499999999711
v -0.11175374999999976 2.5974162499999998 -0.15625000000000278
v -0.10580687499999974 2.6695618750000003 0.07812499999999711
v -0.10580687499999974 2.6695618749999994 -0.1875000000000029
v -0.08370937499999975 2.647464375 0.07812499999999689
v -0.08370937499999986 2.6474643749999998 -0.1875000000000029
v -0.12268687499999975 2.6526818750000007 0.07812499999999711
v -0.12268687499999975 2.652681875 -0.18750000000000278
v -0.10058937499999976 2.630584375 0.07812499999999711
v -0.10058937499999976 2.6305843749999998 -0.18750000000000278
v -0.25478687499999986 2.375 0.10312499999999769
v -0.25478687499999986 2.375 0.021874999999997646
v -0.25478687499999986 1.9375000000000002 0.10312499999999847
v -0.25478687499999997 1.9375 0.021874999999998535
v -0.31728687499999986 2.375 0.10312499999999769
v -0.31728687499999986 2.375 0.021874999999997646
v -0.31728687499999986 1.9375000000000002 0.10312499999999847
v -0.31728687499999997 1.9375 0.021874999999998535
v 0.3172868750000002 2.375 0.10312499999999769
v 0.3172868750000002 2.375 0.021874999999997646
v 0.3172868750000001 1.9375000000000002 0.10312499999999847
v 0.3172868750000001 1.9375 0.021874999999998535
v 0.2547868750000002 2.375 0.10312499999999769
v 0.2547868750000002 2.375 0.021874999999997646
v 0.2547868750000001 1.9375000000000002 0.10312499999999847
v 0.2547868750000001 1.9375 0.021874999999998535
v 0.2812500000000002 2.8125 0.093749999999997
v 0.2812500000000002 2.8125 0.03124999999999689
v 0.2812500000000001 2.375 0.09374999999999767
v 0.2812500000000001 2.375 0.03124999999999767
v -0.2812499999999998 2.8125 0.093749999999997
v -0.2812499999999998 2.8125 0.03124999999999689
v -0.2812499999999998 2.375 0.09374999999999767
v -0.2812499999999998 2.375 0.03124999999999767
v -0.25478687499999986 2.8125 0.10312499999999669
v -0.25478687499999986 2.8125 0.021874999999996758
v -0.25478687499999986 2.375 0.10312499999999769
v -0.25478687499999986 2.375 0.021874999999997646
v -0.31728687499999986 2.8125 0.10312499999999669
v -0.31728687499999986 2.8125 0.021874999999996758
v -0.31728687499999986 2.375 0.10312499999999769
v -0.31728687499999986 2.375 0.021874999999997646
v 0.3172868750000003 2.8125 0.10312499999999669
v 0.3172868750000003 2.8125 0.021874999999996758
v 0.3172868750000002 2.375 0.10312499999999769
v 0.3172868750000002 2.375 0.021874999999997646
v 0.2547868750000003 2.8125 0.10312499999999669
v 0.2547868750000003 2.8125 0.021874999999996758
v 0.2547868750000002 2.375 0.10312499999999769
v 0.2547868750000002 2.375 0.021874999999997646
v 0.26915999999999995 1.2656250000000002 0.11195
v 0.24524249999999992 1.265625 0.054207499999999964
v 0.26915999999999995 1.2031250000000002 0.11195
v 0.24524249999999992 1.203125 0.054207500000000075
v 0.09593250000000009 1.2656250000000004 0.18370312499999997
v 0.07201500000000005 1.2656250000000004 0.12596062499999994
v 0.09593249999999998 1.2031250000000004 0.18370312500000008
v 0.07201500000000005 1.2031250000000002 0.12596062500000005
v -0.09593249999999998 1.2656250000000004 0.18370312499999997
v -0.07201500000000005 1.2656250000000004 0.12596062499999994
v -0.09593249999999998 1.2031250000000004 0.18370312500000008
v -0.07201500000000005 1.2031250000000004 0.12596062500000005
v -0.26915999999999995 1.2656250000000004 0.11194999999999988
v -0.24524249999999992 1.2656250000000002 0.054207499999999964
v -0.26915999999999995 1.2031250000000004 0.11195
v -0.24524249999999992 1.2031250000000002 0.054207500000000075
v -0.0625 1.4375000000000004 0.15624999999999956
v -0.0625 1.4375000000000002 0.09374999999999956
v -0.0625 1.0000000000000004 0.15625000000000044
v -0.0625 1.0000000000000002 0.09375000000000044
v -0.125 1.4375000000000004 0.15624999999999956
v -0.125 1.4375000000000002 0.09374999999999956
v -0.125 1.0000000000000004 0.15625000000000044
v -0.125 1.0000000000000002 0.09375000000000044
v 0.125 1.4375000000000004 0.15624999999999956
v 0.125 1.4375000000000002 0.09374999999999956
v 0.125 1.0000000000000004 0.15625000000000044
v 0.125 1.0000000000000002 0.09375000000000044
v 0.0625 1.4375000000000004 0.15624999999999956
v 0.0625 1.4375000000000002 0.09374999999999956
v 0.06249999999999989 1.0000000000000004 0.15625000000000044
v 0.06249999999999989 1.0000000000000002 0.09375000000000044
v 0.1562500000000001 1.4375000000000004 0.17187499999999956
v 0.15625 1.4375000000000002 0.09374999999999956
v 0.15625 1.3750000000000004 0.17187499999999978
v 0.15625 1.3750000000000002 0.09374999999999978
v -0.15625 1.4375000000000004 0.17187499999999956
v -0.15625 1.4375000000000002 0.09374999999999956
v -0.15625 1.3750000000000004 0.17187499999999967
v -0.15625 1.3750000000000002 0.09374999999999978
v 0.26916000000000007 1.7031250000000002 0.111949999999999
v 0.24524250000000014 1.7031250000000002 0.054207499999999076
v 0.26916000000000007 1.6406250000000002 0.1119499999999991
v 0.24524250000000003 1.640625 0.05420749999999919
v 0.09593250000000009 1.7031250000000004 0.18370312499999908
v 0.07201500000000005 1.7031250000000004 0.12596062499999905
v 0.09593250000000009 1.6406250000000004 0.1837031249999992
v 0.07201500000000005 1.6406250000000002 0.12596062499999916
v -0.09593249999999987 1.7031250000000004 0.18370312499999908
v -0.07201499999999994 1.7031250000000004 0.12596062499999905
v -0.09593249999999987 1.6406250000000004 0.1837031249999992
v -0.07201499999999994 1.6406250000000002 0.12596062499999916
v -0.26915999999999995 1.7031250000000004 0.1119499999999991
v -0.24524249999999992 1.7031250000000002 0.054207499999999076
v -0.26915999999999995 1.6406250000000002 0.11194999999999922
v -0.24524249999999992 1.640625 0.05420749999999919
v -0.06249999999999989 1.8750000000000004 0.15624999999999867
v -0.06249999999999989 1.8750000000000002 0.09374999999999867
v -0.0625 1.4375000000000004 0.15624999999999956
v -0.0625 1.4375000000000002 0.09374999999999956
v -0.12499999999999989 1.8750000000000004 0.15624999999999867
v -0.12499999999999989 1.8750000000000002 0.09374999999999867
v -0.125 1.4375000000000004 0.15624999999999956
v -0.125 1.4375000000000002 0.09374999999999956
v 0.1250000000000001 1.8750000000000004 0.15624999999999867
v 0.1250000000000001 1.8750000000000002 0.09374999999999867
v 0.125 1.4375000000000004 0.15624999999999956
v 0.125 1.4375000000000002 0.09374999999999956
v 0.06250000000000011 1.8750000000000004 0.15624999999999867
v 0.06250000000000011 1.8750000000000002 0.09374999999999867
v 0.0625 1.4375000000000004 0.15624999999999956
v 0.0625 1.4375000000000002 0.09374999999999956
v 0.1562500000000001 1.8750000000000004 0.17187499999999867
v 0.1562500000000001 1.8750000000000002 0.09374999999999867
v 0.1562500000000001 1.8125000000000004 0.17187499999999878
v 0.1562500000000001 1.8125000000000002 0.09374999999999878
v -0.1562499999999999 1.8750000000000004 0.17187499999999867
v -0.1562499999999999 1.8750000000000002 0.09374999999999867
v -0.1562499999999999 1.8125000000000004 0.17187499999999878
v -0.1562499999999999 1.8125000000000002 0.09374999999999889
v 0.2691600000000002 2.140625 0.1119499999999981
v 0.24524250000000014 2.140625 0.05420749999999819
v 0.2691600000000002 2.078125 0.11194999999999822
v 0.24524250000000014 2.078125 0.0542074999999983
v 0.09593250000000009 2.1406250000000004 0.18370312499999808
v 0.07201500000000016 2.140625 0.12596062499999805
v 0.09593250000000009 2.0781250000000004 0.1837031249999982
v 0.07201500000000016 2.078125 0.12596062499999827
v -0.09593249999999987 2.1406250000000004 0.18370312499999808
v -0.07201499999999983 2.140625 0.12596062499999805
v -0.09593249999999987 2.0781250000000004 0.1837031249999982
v -0.07201499999999983 2.078125 0.12596062499999827
v -0.26915999999999984 2.140625 0.1119499999999981
v -0.24524249999999992 2.140625 0.05420749999999819
v -0.26915999999999995 2.078125 0.11194999999999822
v -0.24524249999999992 2.078125 0.05420749999999841
v -0.06249999999999989 2.3125 0.15624999999999778
v -0.06249999999999989 2.3125 0.09374999999999789
v -0.06249999999999989 1.8750000000000004 0.15624999999999867
v -0.06249999999999989 1.8750000000000002 0.09374999999999867
v -0.12499999999999989 2.3125 0.15624999999999778
v -0.12499999999999989 2.3125 0.09374999999999789
v -0.12499999999999989 1.8750000000000004 0.15624999999999867
v -0.12499999999999989 1.8750000000000002 0.09374999999999867
v 0.1250000000000001 2.3125 0.15624999999999778
v 0.1250000000000001 2.3125 0.09374999999999789
v 0.1250000000000001 1.8750000000000004 0.15624999999999867
v 0.1250000000000001 1.8750000000000002 0.09374999999999867
v 0.06250000000000011 2.3125 0.15624999999999778
v 0.06250000000000011 2.3125 0.09374999999999789
v 0.06250000000000011 1.8750000000000004 0.15624999999999867
v 0.06250000000000011 1.8750000000000002 0.09374999999999867
v 0.1562500000000001 2.3125 0.17187499999999778
v 0.1562500000000001 2.3125 0.09374999999999789
v 0.1562500000000001 2.25 0.1718749999999979
v 0.1562500000000001 2.25 0.09374999999999789
v -0.1562499999999999 2.3125 0.17187499999999778
v -0.1562499999999999 2.3125 0.09374999999999789
v -0.1562499999999999 2.25 0.1718749999999979
v -0.1562499999999999 2.25 0.09374999999999789
v 0.2691600000000002 2.5781250000000004 0.11194999999999711
v 0.24524250000000014 2.578125 0.05420749999999719
v 0.2691600000000002 2.515625 0.11194999999999733
v 0.24524250000000014 2.515625 0.05420749999999741
v 0.0959325000000002 2.5781250000000004 0.1837031249999972
v 0.07201500000000016 2.5781250000000004 0.12596062499999716
v 0.0959325000000002 2.5156250000000004 0.1837031249999974
v 0.07201500000000016 2.515625 0.12596062499999738
v -0.09593249999999987 2.5781250000000004 0.1837031249999972
v -0.07201499999999983 2.5781250000000004 0.12596062499999716
v -0.09593249999999987 2.5156250000000004 0.1837031249999974
v -0.07201499999999983 2.515625 0.12596062499999738
v -0.26915999999999984 2.5781250000000004 0.11194999999999711
v -0.2452424999999998 2.578125 0.0542074999999973
v -0.26915999999999984 2.515625 0.11194999999999733
v -0.2452424999999998 2.515625 0.05420749999999752
v -0.06249999999999978 2.7500000000000004 0.1562499999999969
v -0.06249999999999978 2.75 0.093749999999997
v -0.06249999999999989 2.3125 0.15624999999999778
v -0.06249999999999989 2.3125 0.09374999999999789
v -0.12499999999999978 2.7500000000000004 0.1562499999999969
v -0.12499999999999978 2.75 0.093749999999997
v -0.12499999999999989 2.3125 0.15624999999999778
v -0.12499999999999989 2.3125 0.09374999999999789
v 0.12500000000000022 2.7500000000000004 0.1562499999999969
v 0.12500000000000022 2.75 0.093749999999997
v 0.1250000000000001 2.3125 0.15624999999999778
v 0.1250000000000001 2.3125 0.09374999999999789
v 0.06250000000000022 2.7500000000000004 0.1562499999999969
v 0.06250000000000022 2.75 0.093749999999997
v 0.06250000000000011 2.3125 0.15624999999999778
v 0.06250000000000011 2.3125 0.09374999999999789
v 0.15625000000000022 2.7500000000000004 0.1718749999999969
v 0.15625000000000022 2.75 0.093749999999997
v 0.15625000000000022 2.6875000000000004 0.1718749999999971
v 0.15625000000000022 2.6875 0.09374999999999711
v -0.15624999999999978 2.7500000000000004 0.1718749999999969
v -0.15624999999999978 2.75 0.093749999999997
v -0.15624999999999978 2.6875000000000004 0.1718749999999971
v -0.15624999999999978 2.6875 0.09374999999999711
v -0.09593249999999975 3.015625 0.18370312499999641
v -0.07201499999999972 3.015625 0.12596062499999638
v -0.09593249999999975 2.9531250000000004 0.18370312499999653
v -0.07201499999999972 2.953125 0.1259606249999966
v -0.26915999999999973 3.015625 0.11194999999999622
v -0.2452424999999997 3.015625 0.0542074999999963
v -0.26915999999999973 2.953125 0.11194999999999644
v -0.2452424999999997 2.953125 0.05420749999999652
v -0.06249999999999967 3.1875 0.156249999999996
v -0.06249999999999967 3.1875 0.09374999999999611
v -0.06249999999999978 2.7500000000000004 0.1562499999999969
v -0.06249999999999978 2.75 0.093749999999997
v -0.12499999999999967 3.1875 0.156249999999996
v -0.12499999999999967 3.1875 0.09374999999999611
v -0.12499999999999978 2.7500000000000004 0.1562499999999969
v -0.12499999999999978 2.75 0.093749999999997
v 0.12500000000000033 3.1875 0.156249999999996
v 0.12500000000000033 3.1875 0.09374999999999611
v 0.12500000000000022 2.7500000000000004 0.1562499999999969
v 0.12500000000000022 2.75 0.093749999999997
v 0.06250000000000033 3.1875 0.156249999999996
v 0.06250000000000033 3.1875 0.09374999999999611
v 0.06250000000000022 2.7500000000000004 0.1562499999999969
v 0.06250000000000022 2.75 0.093749999999997
v 0.15625000000000033 3.1875000000000004 0.1718749999999959
v 0.15625000000000033 3.1875 0.09374999999999589
v 0.15625000000000033 3.125 0.17187499999999623
v 0.15625000000000033 3.125 0.09374999999999611
v -0.15624999999999978 3.1875000000000004 0.1718749999999959
v -0.15624999999999978 3.1875 0.09374999999999611
v -0.15624999999999978 3.125 0.17187499999999623
v -0.15624999999999978 3.125 0.09374999999999634
v 0.1874999999999999 1.0000000000000004 0.18750000000000044
v 0.1875 1.0000000000000002 0.06250000000000044
v 0.1874999999999999 0.9687500000000004 0.18750000000000056
v 0.1875 0.9687500000000002 0.06250000000000056
v -0.1875 1.0000000000000004 0.18750000000000044
v -0.1874999999999999 1.0000000000000002 0.06250000000000044
v -0.1875 0.9687500000000004 0.18750000000000056
v -0.1874999999999999 0.9687500000000002 0.06250000000000056
v 0.1874999999999999 0.9375000000000004 0.18750000000000067
v 0.1874999999999999 0.9375000000000002 0.06250000000000056
v 0.1874999999999999 0.9062500000000004 0.18750000000000067
v 0.1874999999999999 0.90625 0.06250000000000067
v -0.1875000000000001 0.9375000000000004 0.18750000000000067
v -0.1875 0.9375000000000002 0.06250000000000056
v -0.1875000000000001 0.9062500000000004 0.18750000000000067
v -0.1875000000000001 0.90625 0.06250000000000067
v 0.09375 0.9062500000000004 0.18750000000000067
v 0.09374999999999989 0.90625 0.06250000000000067
v 0.09374999999999989 0.7500000000000004 0.1875000000000009
v 0.09374999999999989 0.7500000000000002 0.062500000000001
v -0.09375 0.9062500000000004 0.18750000000000067
v -0.09375 0.90625 0.06250000000000067
v -0.09375000000000011 0.7500000000000004 0.1875000000000009
v -0.09375000000000011 0.7500000000000002 0.062500000000001
v 0.15625 0.9687500000000004 0.17187500000000056
v 0.15625 0.9687500000000002 0.07812500000000044
v 0.15625 0.9375000000000004 0.17187500000000067
v 0.15625 0.9375000000000002 0.07812500000000056
v -0.1562500000000001 0.9687500000000004 0.17187500000000056
v -0.15625 0.9687500000000002 0.07812500000000056
v -0.1562500000000001 0.9375000000000004 0.17187500000000067
v -0.15625 0.9375000000000002 0.07812500000000056
v 0.06249999999999989 0.7500000000000004 0.1875000000000009
v 0.06249999999999989 0.7500000000000002 0.062500000000001
v 0.06249999999999989 0.5625000000000004 0.18750000000000133
v 0.06249999999999989 0.5625 0.06250000000000144
v -0.06250000000000011 0.7500000000000004 0.1875000000000009
v -0.06250000000000011 0.7500000000000002 0.062500000000001
v -0.06250000000000011 0.5625000000000004 0.18750000000000133
v -0.06250000000000011 0.5625 0.06250000000000144
v 0.05624999999999991 0.4547487500000009 0.4936487500000015
v 0.05624999999999991 0.5598943750000003 0.10124125000000139
v 0.0562499999999998 0.3340081250000009 0.46129625000000196
v 0.05624999999999991 0.43915375000000023 0.06888875000000172
v -0.05625000000000013 0.4547487500000009 0.4936487500000015
v -0.05625000000000013 0.5598943750000003 0.10124125000000139
v -0.05625000000000013 0.3340081250000009 0.46129625000000196
v -0.05625000000000013 0.43915375000000023 0.06888875000000172
v 0.06249999999999989 0.5625000000000009 0.43750000000000133
v 0.06249999999999989 0.5625 0.06250000000000144
v 0.06249999999999989 0.4375000000000009 0.43750000000000155
v 0.06249999999999989 0.4375 0.06250000000000155
v -0.06250000000000011 0.5625000000000009 0.43750000000000133
v -0.06250000000000011 0.5625 0.06250000000000144
v -0.06250000000000011 0.4375000000000009 0.43750000000000155
v -0.06250000000000011 0.4375 0.06250000000000155
v 0.12499999999999989 0.6250000000000011 0.5000000000000013
v 0.12499999999999989 0.6250000000000009 0.4375000000000011
v 0.12499999999999989 0.3125000000000011 0.5000000000000018
v 0.12499999999999989 0.3125000000000009 0.4375000000000018
v -0.1250000000000001 0.6250000000000011 0.5000000000000013
v -0.1250000000000001 0.6250000000000009 0.4375000000000011
v -0.1250000000000001 0.3125000000000011 0.5000000000000018
v -0.1250000000000001 0.3125000000000009 0.4375000000000018
v 0.12499999999999989 0.7812500000000002 0.06250000000000089
v 0.12499999999999989 0.78125 0.03125000000000089
v 0.12499999999999989 0.5312500000000002 0.06250000000000144
v 0.12499999999999989 0.53125 0.031250000000001554
v -0.1250000000000001 0.7812500000000002 0.06250000000000089
v -0.1250000000000001 0.78125 0.03125000000000089
v -0.1250000000000001 0.5312500000000002 0.06250000000000144
v -0.1250000000000001 0.53125 0.031250000000001554
vt 0.09375 0.34375
vt 0.116403125 0.34375
vt 0.116403125 0.359375
vt 0.09375 0.359375
vt 0.174296875 0.375
vt 0.15625 0.375
vt 0.15625 0.359375
vt 0.174296875 0.359375
vt 0.078125 0.3414475
vt 0.078125 0.32340078125000005
vt 0.0836846875 0.32109828124999995
vt 0.0836846875 0.34375
vt 0.140625 0.4006903125
vt 0.16327671875 0.4006903125
vt 0.16097421875 0.40625
vt 0.1429275 0.40625
vt 0.125 0.375
vt 0.147653125 0.375
vt 0.147653125 0.390625
vt 0.125 0.390625
vt 0.189921875 0.40625
vt 0.171875 0.40625
vt 0.171875 0.390625
vt 0.189921875 0.390625
vt 0.078125 0.34144687500000004
vt 0.078125 0.3234
vt 0.083684375 0.32109687499999995
vt 0.083684375 0.34375
vt 0.099309375 0.35234687499999995
vt 0.099309375 0.375
vt 0.09375 0.37269687500000004
vt 0.09375 0.35465
vt 0.1875 0.375
vt 0.210153125 0.375
vt 0.210153125 0.390625
vt 0.1875 0.390625
vt 0.143046875 0.390625
vt 0.125 0.390625
vt 0.125 0.375
vt 0.143046875 0.375
vt 0.20784921875 0.359375
vt 0.1898025 0.359375
vt 0.1875 0.3538153125
vt 0.21015171875 0.3538153125
vt 0.1618096875 0.35234828124999995
vt 0.1618096875 0.375
vt 0.15625 0.3726975
vt 0.15625 0.35465078125000005
vt 0.140625 0.390625
vt 0.163278125 0.390625
vt 0.163278125 0.40625
vt 0.140625 0.40625
vt 0.111796875 0.375
vt 0.09375 0.375
vt 0.09375 0.359375
vt 0.111796875 0.359375
vt 0.20785 0.40625
vt 0.189803125 0.40625
vt 0.1875 0.40069062499999997
vt 0.210153125 0.40069062499999997
vt 0.194528125 0.390625
vt 0.171875 0.390625
vt 0.174178125 0.38506562499999997
vt 0.192225 0.38506562499999997
vt 0.109375 0.359375
vt 0.132028125 0.359375
vt 0.132028125 0.375
vt 0.109375 0.375
vt 0.096171875 0.390625
vt 0.078125 0.390625
vt 0.078125 0.375
vt 0.096171875 0.375
vt 0.1618096875 0.38590078125000005
vt 0.1618096875 0.4039475
vt 0.15625 0.40625
vt 0.15625 0.38359828124999995
vt 0.14765171875 0.3125
vt 0.125 0.3125
vt 0.1273025 0.3069403125
vt 0.14534921875 0.3069403125
vt 0.140625 0.359375
vt 0.163278125 0.359375
vt 0.163278125 0.375
vt 0.140625 0.375
vt 0.127421875 0.375
vt 0.109375 0.375
vt 0.109375 0.359375
vt 0.127421875 0.359375
vt 0.161809375 0.35465
vt 0.161809375 0.37269687500000004
vt 0.15625 0.375
vt 0.15625 0.35234687499999995
vt 0.21875 0.40625
vt 0.21875 0.38359687499999995
vt 0.224309375 0.3859
vt 0.224309375 0.40394687500000004
vt 0.09375 0.359375
vt 0.116403125 0.359375
vt 0.116403125 0.375
vt 0.09375 0.375
vt 0.080546875 0.390625
vt 0.0625 0.390625
vt 0.0625 0.375
vt 0.080546875 0.375
vt 0.1585525 0.3694403125
vt 0.17659921875 0.3694403125
vt 0.17890171875 0.375
vt 0.15625 0.375
vt 0.078125 0.390625
vt 0.078125 0.36797328124999995
vt 0.0836846875 0.37027578125000005
vt 0.0836846875 0.3883225
vt 0.09375 0.328125
vt 0.116403125 0.328125
vt 0.116403125 0.34375
vt 0.09375 0.34375
vt 0.111796875 0.40625
vt 0.09375 0.40625
vt 0.09375 0.390625
vt 0.111796875 0.390625
vt 0.096053125 0.36944062499999997
vt 0.1141 0.36944062499999997
vt 0.116403125 0.375
vt 0.09375 0.375
vt 0.078125 0.36944062499999997
vt 0.100778125 0.36944062499999997
vt 0.098475 0.375
vt 0.080428125 0.375
vt 0.09375 0.34375
vt 0.116403125 0.34375
vt 0.116403125 0.359375
vt 0.09375 0.359375
vt 0.174296875 0.375
vt 0.15625 0.375
vt 0.15625 0.359375
vt 0.174296875 0.359375
vt 0.078125 0.3414475
vt 0.078125 0.32340078125000005
vt 0.0836846875 0.32109828124999995
vt 0.0836846875 0.34375
vt 0.140625 0.4006903125
vt 0.16327671875 0.4006903125
vt 0.16097421875 0.40625
vt 0.1429275 0.40625
vt 0.125 0.375
vt 0.147653125 0.375
vt 0.147653125 0.390625
vt 0.125 0.390625
vt 0.189921875 0.40625
vt 0.171875 0.40625
vt 0.171875 0.390625
vt 0.189921875 0.390625
vt 0.078125 0.34144687500000004
vt 0.078125 0.3234
vt 0.083684375 0.32109687499999995
vt 0.083684375 0.34375
vt 0.099309375 0.35234687499999995
vt 0.099309375 0.375
vt 0.09375 0.37269687500000004
vt 0.09375 0.35465
vt 0.1875 0.375
vt 0.210153125 0.375
vt 0.210153125 0.390625
vt 0.1875 0.390625
vt 0.143046875 0.390625
vt 0.125 0.390625
vt 0.125 0.375
vt 0.143046875 0.375
vt 0.20784921875 0.359375
vt 0.1898025 0.359375
vt 0.1875 0.3538153125
vt 0.21015171875 0.3538153125
vt 0.1618096875 0.35234828124999995
vt 0.1618096875 0.375
vt 0.15625 0.3726975
vt 0.15625 0.35465078125000005
vt 0.140625 0.390625
vt 0.163278125 0.390625
vt 0.163278125 0.40625
vt 0.140625 0.40625
vt 0.111796875 0.375
vt 0.09375 0.375
vt 0.09375 0.359375
vt 0.111796875 0.359375
vt 0.20785 0.40625
vt 0.189803125 0.40625
vt 0.1875 0.40069062499999997
vt 0.210153125 0.40069062499999997
vt 0.194528125 0.390625
vt 0.171875 0.390625
vt 0.174178125 0.38506562499999997
vt 0.192225 0.38506562499999997
vt 0.109375 0.359375
vt 0.132028125 0.359375
vt 0.132028125 0.375
vt 0.109375 0.375
vt 0.096171875 0.390625
vt 0.078125 0.390625
vt 0.078125 0.375
vt 0.096171875 0.375
vt 0.1618096875 0.38590078125000005
vt 0.1618096875 0.4039475
vt 0.15625 0.40625
vt 0.15625 0.38359828124999995
vt 0.14765171875 0.3125
vt 0.125 0.3125
vt 0.1273025 0.3069403125
vt 0.14534921875 0.3069403125
vt 0.140625 0.359375
vt 0.163278125 0.359375
vt 0.163278125 0.375
vt 0.140625 0.375
vt 0.127421875 0.375
vt 0.109375 0.375
vt 0.109375 0.359375
vt 0.127421875 0.359375
vt 0.161809375 0.35465
vt 0.161809375 0.37269687500000004
vt 0.15625 0.375
vt 0.15625 0.35234687499999995
vt 0.21875 0.40625
vt 0.21875 0.38359687499999995
vt 0.224309375 0.3859
vt 0.224309375 0.40394687500000004
vt 0.09375 0.359375
vt 0.116403125 0.359375
vt 0.116403125 0.375
vt 0.09375 0.375
vt 0.080546875 0.390625
vt 0.0625 0.390625
vt 0.0625 0.375
vt 0.080546875 0.375
vt 0.1585525 0.3694403125
vt 0.17659921875 0.3694403125
vt 0.17890171875 0.375
vt 0.15625 0.375
vt 0.078125 0.390625
vt 0.078125 0.36797328124999995
vt 0.0836846875 0.37027578125000005
vt 0.0836846875 0.3883225
vt 0.09375 0.328125
vt 0.116403125 0.328125
vt 0.116403125 0.34375
vt 0.09375 0.34375
vt 0.111796875 0.40625
vt 0.09375 0.40625
vt 0.09375 0.390625
vt 0.111796875 0.390625
vt 0.096053125 0.36944062499999997
vt 0.1141 0.36944062499999997
vt 0.116403125 0.375
vt 0.09375 0.375
vt 0.078125 0.36944062499999997
vt 0.100778125 0.36944062499999997
vt 0.098475 0.375
vt 0.080428125 0.375
vt 0.09375 0.34375
vt 0.116403125 0.34375
vt 0.116403125 0.359375
vt 0.09375 0.359375
vt 0.174296875 0.375
vt 0.15625 0.375
vt 0.15625 0.359375
vt 0.174296875 0.359375
vt 0.078125 0.3414475
vt 0.078125 0.32340078125000005
vt 0.0836846875 0.32109828124999995
vt 0.0836846875 0.34375
vt 0.140625 0.4006903125
vt 0.16327671875 0.4006903125
vt 0.16097421875 0.40625
vt 0.1429275 0.40625
vt 0.125 0.375
vt 0.147653125 0.375
vt 0.147653125 0.390625
vt 0.125 0.390625
vt 0.189921875 0.40625
vt 0.171875 0.40625
vt 0.171875 0.390625
vt 0.189921875 0.390625
vt 0.078125 0.34144687500000004
vt 0.078125 0.3234
vt 0.083684375 0.32109687499999995
vt 0.083684375 0.34375
vt 0.099309375 0.35234687499999995
vt 0.099309375 0.375
vt 0.09375 0.37269687500000004
vt 0.09375 0.35465
vt 0.1875 0.375
vt 0.210153125 0.375
vt 0.210153125 0.390625
vt 0.1875 0.390625
vt 0.143046875 0.390625
vt 0.125 0.390625
vt 0.125 0.375
vt 0.143046875 0.375
vt 0.20784921875 0.359375
vt 0.1898025 0.359375
vt 0.1875 0.3538153125
vt 0.21015171875 0.3538153125
vt 0.1618096875 0.35234828124999995
vt 0.1618096875 0.375
vt 0.15625 0.3726975
vt 0.15625 0.35465078125000005
vt 0.140625 0.390625
vt 0.163278125 0.390625
vt 0.163278125 0.40625
vt 0.140625 0.40625
vt 0.111796875 0.375
vt 0.09375 0.375
vt 0.09375 0.359375
vt 0.111796875 0.359375
vt 0.20785 0.40625
vt 0.189803125 0.40625
vt 0.1875 0.40069062499999997
vt 0.210153125 0.40069062499999997
vt 0.194528125 0.390625
vt 0.171875 0.390625
vt 0.174178125 0.38506562499999997
vt 0.192225 0.38506562499999997
vt 0.109375 0.359375
vt 0.132028125 0.359375
vt 0.132028125 0.375
vt 0.109375 0.375
vt 0.096171875 0.390625
vt 0.078125 0.390625
vt 0.078125 0.375
vt 0.096171875 0.375
vt 0.1618096875 0.38590078125000005
vt 0.1618096875 0.4039475
vt 0.15625 0.40625
vt 0.15625 0.38359828124999995
vt 0.14765171875 0.3125
vt 0.125 0.3125
vt 0.1273025 0.3069403125
vt 0.14534921875 0.3069403125
vt 0.140625 0.359375
vt 0.163278125 0.359375
vt 0.163278125 0.375
vt 0.140625 0.375
vt 0.127421875 0.375
vt 0.109375 0.375
vt 0.109375 0.359375
vt 0.127421875 0.359375
vt 0.161809375 0.35465
vt 0.161809375 0.37269687500000004
vt 0.15625 0.375
vt 0.15625 0.35234687499999995
vt 0.21875 0.40625
vt 0.21875 0.38359687499999995
vt 0.224309375 0.3859
vt 0.224309375 0.40394687500000004
vt 0.09375 0.359375
vt 0.116403125 0.359375
vt 0.116403125 0.375
vt 0.09375 0.375
vt 0.080546875 0.390625
vt 0.0625 0.390625
vt 0.0625 0.375
vt 0.080546875 0.375
vt 0.1585525 0.3694403125
vt 0.17659921875 0.3694403125
vt 0.17890171875 0.375
vt 0.15625 0.375
vt 0.078125 0.390625
vt 0.078125 0.36797328124999995
vt 0.0836846875 0.37027578125000005
vt 0.0836846875 0.3883225
vt 0.09375 0.328125
vt 0.116403125 0.328125
vt 0.116403125 0.34375
vt 0.09375 0.34375
vt 0.111796875 0.40625
vt 0.09375 0.40625
vt 0.09375 0.390625
vt 0.111796875 0.390625
vt 0.096053125 0.36944062499999997
vt 0.1141 0.36944062499999997
vt 0.116403125 0.375
vt 0.09375 0.375
vt 0.078125 0.36944062499999997
vt 0.100778125 0.36944062499999997
vt 0.098475 0.375
vt 0.080428125 0.375
vt 0.09375 0.34375
vt 0.116403125 0.34375
vt 0.116403125 0.359375
vt 0.09375 0.359375
vt 0.174296875 0.375
vt 0.15625 0.375
vt 0.15625 0.359375
vt 0.174296875 0.359375
vt 0.078125 0.3414475
vt 0.078125 0.32340078125000005
vt 0.0836846875 0.32109828124999995
vt 0.0836846875 0.34375
vt 0.140625 0.4006903125
vt 0.16327671875 0.4006903125
vt 0.16097421875 0.40625
vt 0.1429275 0.40625
vt 0.125 0.375
vt 0.147653125 0.375
vt 0.147653125 0.390625
vt 0.125 0.390625
vt 0.189921875 0.40625
vt 0.171875 0.40625
vt 0.171875 0.390625
vt 0.189921875 0.390625
vt 0.078125 0.34144687500000004
vt 0.078125 0.3234
vt 0.083684375 0.32109687499999995
vt 0.083684375 0.34375
vt 0.099309375 0.35234687499999995
vt 0.099309375 0.375
vt 0.09375 0.37269687500000004
vt 0.09375 0.35465
vt 0.1875 0.375
vt 0.210153125 0.375
vt 0.210153125 0.390625
vt 0.1875 0.390625
vt 0.143046875 0.390625
vt 0.125 0.390625
vt 0.125 0.375
vt 0.143046875 0.375
vt 0.20784921875 0.359375
vt 0.1898025 0.359375
vt 0.1875 0.3538153125
vt 0.21015171875 0.3538153125
vt 0.1618096875 0.35234828124999995
vt 0.1618096875 0.375
vt 0.15625 0.3726975
vt 0.15625 0.35465078125000005
vt 0.140625 0.390625
vt 0.163278125 0.390625
vt 0.163278125 0.40625
vt 0.140625 0.40625
vt 0.111796875 0.375
vt 0.09375 0.375
vt 0.09375 0.359375
vt 0.111796875 0.359375
vt 0.20785 0.40625
vt 0.189803125 0.40625
vt 0.1875 0.40069062499999997
vt 0.210153125 0.40069062499999997
vt 0.194528125 0.390625
vt 0.171875 0.390625
vt 0.174178125 0.38506562499999997
vt 0.192225 0.38506562499999997
vt 0.109375 0.359375
vt 0.132028125 0.359375
vt 0.132028125 0.375
vt 0.109375 0.375
vt 0.096171875 0.390625
vt 0.078125 0.390625
vt 0.078125 0.375
vt 0.096171875 0.375
vt 0.1618096875 0.38590078125000005
vt 0.1618096875 0.4039475
vt 0.15625 0.40625
vt 0.15625 0.38359828124999995
vt 0.14765171875 0.3125
vt 0.125 0.3125
vt 0.1273025 0.3069403125
vt 0.14534921875 0.3069403125
vt 0.140625 0.359375
vt 0.163278125 0.359375
vt 0.163278125 0.375
vt 0.140625 0.375
vt 0.127421875 0.375
vt 0.109375 0.375
vt 0.109375 0.359375
vt 0.127421875 0.359375
vt 0.161809375 0.35465
vt 0.161809375 0.37269687500000004
vt 0.15625 0.375
vt 0.15625 0.35234687499999995
vt 0.21875 0.40625
vt 0.21875 0.38359687499999995
vt 0.224309375 0.3859
vt 0.224309375 0.40394687500000004
vt 0.09375 0.359375
vt 0.116403125 0.359375
vt 0.116403125 0.375
vt 0.09375 0.375
vt 0.080546875 0.390625
vt 0.0625 0.390625
vt 0.0625 0.375
vt 0.080546875 0.375
vt 0.1585525 0.3694403125
vt 0.17659921875 0.3694403125
vt 0.17890171875 0.375
vt 0.15625 0.375
vt 0.078125 0.390625
vt 0.078125 0.36797328124999995
vt 0.0836846875 0.37027578125000005
vt 0.0836846875 0.3883225
vt 0.09375 0.328125
vt 0.116403125 0.328125
vt 0.116403125 0.34375
vt 0.09375 0.34375
vt 0.111796875 0.40625
vt 0.09375 0.40625
vt 0.09375 0.390625
vt 0.111796875 0.390625
vt 0.096053125 0.36944062499999997
vt 0.1141 0.36944062499999997
vt 0.116403125 0.375
vt 0.09375 0.375
vt 0.078125 0.36944062499999997
vt 0.100778125 0.36944062499999997
vt 0.098475 0.375
vt 0.080428125 0.375
vt 0.09375 0.34375
vt 0.116403125 0.34375
vt 0.116403125 0.359375
vt 0.09375 0.359375
vt 0.174296875 0.375
vt 0.15625 0.375
vt 0.15625 0.359375
vt 0.174296875 0.359375
vt 0.078125 0.3414475
vt 0.078125 0.32340078125000005
vt 0.0836846875 0.32109828124999995
vt 0.0836846875 0.34375
vt 0.140625 0.4006903125
vt 0.16327671875 0.4006903125
vt 0.16097421875 0.40625
vt 0.1429275 0.40625
vt 0.125 0.375
vt 0.147653125 0.375
vt 0.147653125 0.390625
vt 0.125 0.390625
vt 0.189921875 0.40625
vt 0.171875 0.40625
vt 0.171875 0.390625
vt 0.189921875 0.390625
vt 0.078125 0.34144687500000004
vt 0.078125 0.3234
vt 0.083684375 0.32109687499999995
vt 0.083684375 0.34375
vt 0.099309375 0.35234687499999995
vt 0.099309375 0.375
vt 0.09375 0.37269687500000004
vt 0.09375 0.35465
vt 0.1875 0.375
vt 0.210153125 0.375
vt 0.210153125 0.390625
vt 0.1875 0.390625
vt 0.143046875 0.390625
vt 0.125 0.390625
vt 0.125 0.375
vt 0.143046875 0.375
vt 0.20784921875 0.359375
vt 0.1898025 0.359375
vt 0.1875 0.3538153125
vt 0.21015171875 0.3538153125
vt 0.1618096875 0.35234828124999995
vt 0.1618096875 0.375
vt 0.15625 0.3726975
vt 0.15625 0.35465078125000005
vt 0.140625 0.390625
vt 0.163278125 0.390625
vt 0.163278125 0.40625
vt 0.140625 0.40625
vt 0.111796875 0.375
vt 0.09375 0.375
vt 0.09375 0.359375
vt 0.111796875 0.359375
vt 0.20785 0.40625
vt 0.189803125 0.40625
vt 0.1875 0.40069062499999997
vt 0.210153125 0.40069062499999997
vt 0.194528125 0.390625
vt 0.171875 0.390625
vt 0.174178125 0.38506562499999997
vt 0.192225 0.38506562499999997
vt 0.109375 0.359375
vt 0.132028125 0.359375
vt 0.132028125 0.375
vt 0.109375 0.375
vt 0.096171875 0.390625
vt 0.078125 0.390625
vt 0.078125 0.375
vt 0.096171875 0.375
vt 0.1618096875 0.38590078125000005
vt 0.1618096875 0.4039475
vt 0.15625 0.40625
vt 0.15625 0.38359828124999995
vt 0.14765171875 0.3125
vt 0.125 0.3125
vt 0.1273025 0.3069403125
vt 0.14534921875 0.3069403125
vt 0.140625 0.359375
vt 0.163278125 0.359375
vt 0.163278125 0.375
vt 0.140625 0.375
vt 0.127421875 0.375
vt 0.109375 0.375
vt 0.109375 0.359375
vt 0.127421875 0.359375
vt 0.161809375 0.35465
vt 0.161809375 0.37269687500000004
vt 0.15625 0.375
vt 0.15625 0.35234687499999995
vt 0.21875 0.40625
vt 0.21875 0.38359687499999995
vt 0.224309375 0.3859
vt 0.224309375 0.40394687500000004
vt 0.09375 0.359375
vt 0.116403125 0.359375
vt 0.116403125 0.375
vt 0.09375 0.375
vt 0.080546875 0.390625
vt 0.0625 0.390625
vt 0.0625 0.375
vt 0.080546875 0.375
vt 0.1585525 0.3694403125
vt 0.17659921875 0.3694403125
vt 0.17890171875 0.375
vt 0.15625 0.375
vt 0.078125 0.390625
vt 0.078125 0.36797328124999995
vt 0.0836846875 0.37027578125000005
vt 0.0836846875 0.3883225
vt 0.09375 0.328125
vt 0.116403125 0.328125
vt 0.116403125 0.34375
vt 0.09375 0.34375
vt 0.111796875 0.40625
vt 0.09375 0.40625
vt 0.09375 0.390625
vt 0.111796875 0.390625
vt 0.096053125 0.36944062499999997
vt 0.1141 0.36944062499999997
vt 0.116403125 0.375
vt 0.09375 0.375
vt 0.078125 0.36944062499999997
vt 0.100778125 0.36944062499999997
vt 0.098475 0.375
vt 0.080428125 0.375
vt 0.029596875 0.9790725
vt 0.02092859375 1
vt 0 0.9790725
vt 0 0.96875
vt 0.022653125 0.96875
vt 0.022653125 1
vt 0 1
vt 0 0.970403125
vt 0.0209275 0.97907140625
vt 0 1
vt 0.02734375 0.977346875
vt 0.02734375 1
vt 0 0.9886734375
vt 0 0.96875
vt 0.022653125 0.96875
vt 0.022653125 1
vt 0 1
vt 0.02734375 0.977346875
vt 0.02734375 1
vt 0 0.9886734375
vt 0 0.970403125
vt 0.0209275 0.97907140625
vt 0 1
vt 0 0.96875
vt 0.022653125 0.96875
vt 0.022653125 1
vt 0 1
vt 0.029596875 0.9790725
vt 0.02092859375 1
vt 0 0.9790725
vt 0 0.97265625
vt 0.022653125 0.97265625
vt 0.0113265625 1
vt 0 0.96875
vt 0.022653125 0.96875
vt 0.022653125 1
vt 0 1
vt 0.022653125 1
vt 0 1
vt 0.0113265625 0.97265625
vt 0 1
vt 0.008668125 0.9790725
vt 0.029596875 1
vt 0 0.96875
vt 0.022653125 0.96875
vt 0.022653125 1
vt 0 1
vt 0.0209275 1
vt 0 0.991331875
vt 0.0209275 0.970403125
vt 0 1
vt 0 0.977346875
vt 0.02734375 0.9886734375
vt 0 0.96875
vt 0.022653125 0.96875
vt 0.022653125 1
vt 0 1
vt 0 1
vt 0 0.977346875
vt 0.02734375 0.9886734375
vt 0.0209275 1
vt 0 0.991331875
vt 0.0209275 0.970403125
vt 0 0.96875
vt 0.022653125 0.96875
vt 0.022653125 1
vt 0 1
vt 0 1
vt 0.008668125 0.9790725
vt 0.029596875 1
vt 0.022653125 1
vt 0 1
vt 0.0113265625 0.97265625
vt 0 0.96875
vt 0.022653125 0.96875
vt 0.022653125 1
vt 0 1
vt 0 0.97265625
vt 0.022653125 0.97265625
vt 0.0113265625 1
vt 0.029596875 0.9790725
vt 0.02092859375 1
vt 0 0.9790725
vt 0 0.96875
vt 0.022653125 0.96875
vt 0.022653125 1
vt 0 1
vt 0 0.970403125
vt 0.0209275 0.97907140625
vt 0 1
vt 0.02734375 0.977346875
vt 0.02734375 1
vt 0 0.9886734375
vt 0 0.96875
vt 0.022653125 0.96875
vt 0.022653125 1
vt 0 1
vt 0.02734375 0.977346875
vt 0.02734375 1
vt 0 0.9886734375
vt 0 0.970403125
vt 0.0209275 0.97907140625
vt 0 1
vt 0 0.96875
vt 0.022653125 0.96875
vt 0.022653125 1
vt 0 1
vt 0.029596875 0.9790725
vt 0.02092859375 1
vt 0 0.9790725
vt 0 0.97265625
vt 0.022653125 0.97265625
vt 0.0113265625 1
vt 0 0.96875
vt 0.022653125 0.96875
vt 0.022653125 1
vt 0 1
vt 0.022653125 1
vt 0 1
vt 0.0113265625 0.97265625
vt 0 1
vt 0.008668125 0.9790725
vt 0.029596875 1
vt 0 0.96875
vt 0.022653125 0.96875
vt 0.022653125 1
vt 0 1
vt 0.0209275 1
vt 0 0.991331875
vt 0.0209275 0.970403125
vt 0 1
vt 0 0.977346875
vt 0.02734375 0.9886734375
vt 0 0.96875
vt 0.022653125 0.96875
vt 0.022653125 1
vt 0 1
vt 0 1
vt 0 0.977346875
vt 0.02734375 0.9886734375
vt 0.0209275 1
vt 0 0.991331875
vt 0.0209275 0.970403125
vt 0 0.96875
vt 0.022653125 0.96875
vt 0.022653125 1
vt 0 1
vt 0 1
vt 0.008668125 0.9790725
vt 0.029596875 1
vt 0.022653125 1
vt 0 1
vt 0.0113265625 0.97265625
vt 0 0.96875
vt 0.022653125 0.96875
vt 0.022653125 1
vt 0 1
vt 0 0.97265625
vt 0.022653125 0.97265625
vt 0.0113265625 1
vt 0.029596875 0.9790725
vt 0.02092859375 1
vt 0 0.9790725
vt 0 0.96875
vt 0.022653125 0.96875
vt 0.022653125 1
vt 0 1
vt 0 0.970403125
vt 0.0209275 0.97907140625
vt 0 1
vt 0.02734375 0.977346875
vt 0.02734375 1
vt 0 0.9886734375
vt 0 0.96875
vt 0.022653125 0.96875
vt 0.022653125 1
vt 0 1
vt 0.02734375 0.977346875
vt 0.02734375 1
vt 0 0.9886734375
vt 0 0.970403125
vt 0.0209275 0.97907140625
vt 0 1
vt 0 0.96875
vt 0.022653125 0.96875
vt 0.022653125 1
vt 0 1
vt 0.029596875 0.9790725
vt 0.02092859375 1
vt 0 0.9790725
vt 0 0.97265625
vt 0.022653125 0.97265625
vt 0.0113265625 1
vt 0 0.96875
vt 0.022653125 0.96875
vt 0.022653125 1
vt 0 1
vt 0.022653125 1
vt 0 1
vt 0.0113265625 0.97265625
vt 0 1
vt 0.008668125 0.9790725
vt 0.029596875 1
vt 0 0.96875
vt 0.022653125 0.96875
vt 0.022653125 1
vt 0 1
vt 0.0209275 1
vt 0 0.991331875
vt 0.0209275 0.970403125
vt 0 1
vt 0 0.977346875
vt 0.02734375 0.9886734375
vt 0 0.96875
vt 0.022653125 0.96875
vt 0.022653125 1
vt 0 1
vt 0 1
vt 0 0.977346875
vt 0.02734375 0.9886734375
vt 0.0209275 1
vt 0 0.991331875
vt 0.0209275 0.970403125
vt 0 0.96875
vt 0.022653125 0.96875
vt 0.022653125 1
vt 0 1
vt 0 1
vt 0.008668125 0.9790725
vt 0.029596875 1
vt 0.022653125 1
vt 0 1
vt 0.0113265625 0.97265625
vt 0 0.96875
vt 0.022653125 0.96875
vt 0.022653125 1
vt 0 1
vt 0 0.97265625
vt 0.022653125 0.97265625
vt 0.0113265625 1
vt 0.029596875 0.9790725
vt 0.02092859375 1
vt 0 0.9790725
vt 0 0.96875
vt 0.022653125 0.96875
vt 0.022653125 1
vt 0 1
vt 0 0.970403125
vt 0.0209275 0.97907140625
vt 0 1
vt 0.02734375 0.977346875
vt 0.02734375 1
vt 0 0.9886734375
vt 0 0.96875
vt 0.022653125 0.96875
vt 0.022653125 1
vt 0 1
vt 0.02734375 0.977346875
vt 0.02734375 1
vt 0 0.9886734375
vt 0 0.970403125
vt 0.0209275 0.97907140625
vt 0 1
vt 0 0.96875
vt 0.022653125 0.96875
vt 0.022653125 1
vt 0 1
vt 0.029596875 0.9790725
vt 0.02092859375 1
vt 0 0.9790725
vt 0 0.97265625
vt 0.022653125 0.97265625
vt 0.0113265625 1
vt 0 0.96875
vt 0.022653125 0.96875
vt 0.022653125 1
vt 0 1
vt 0.022653125 1
vt 0 1
vt 0.0113265625 0.97265625
vt 0 1
vt 0.008668125 0.9790725
vt 0.029596875 1
vt 0 0.96875
vt 0.022653125 0.96875
vt 0.022653125 1
vt 0 1
vt 0.0209275 1
vt 0 0.991331875
vt 0.0209275 0.970403125
vt 0 1
vt 0 0.977346875
vt 0.02734375 0.9886734375
vt 0 0.96875
vt 0.022653125 0.96875
vt 0.022653125 1
vt 0 1
vt 0 1
vt 0 0.977346875
vt 0.02734375 0.9886734375
vt 0.0209275 1
vt 0 0.991331875
vt 0.0209275 0.970403125
vt 0 0.96875
vt 0.022653125 0.96875
vt 0.022653125 1
vt 0 1
vt 0 1
vt 0.008668125 0.9790725
vt 0.029596875 1
vt 0.022653125 1
vt 0 1
vt 0.0113265625 0.97265625
vt 0 0.96875
vt 0.022653125 0.96875
vt 0.022653125 1
vt 0 1
vt 0 0.97265625
vt 0.022653125 0.97265625
vt 0.0113265625 1
vt 0.029596875 0.9790725
vt 0.02092859375 1
vt 0 0.9790725
vt 0 0.96875
vt 0.022653125 0.96875
vt 0.022653125 1
vt 0 1
vt 0 0.970403125
vt 0.0209275 0.97907140625
vt 0 1
vt 0.02734375 0.977346875
vt 0.02734375 1
vt 0 0.9886734375
vt 0 0.96875
vt 0.022653125 0.96875
vt 0.022653125 1
vt 0 1
vt 0.02734375 0.977346875
vt 0.02734375 1
vt 0 0.9886734375
vt 0 0.970403125
vt 0.0209275 0.97907140625
vt 0 1
vt 0 0.96875
vt 0.022653125 0.96875
vt 0.022653125 1
vt 0 1
vt 0.029596875 0.9790725
vt 0.02092859375 1
vt 0 0.9790725
vt 0 0.97265625
vt 0.022653125 0.97265625
vt 0.0113265625 1
vt 0 0.96875
vt 0.022653125 0.96875
vt 0.022653125 1
vt 0 1
vt 0.022653125 1
vt 0 1
vt 0.0113265625 0.97265625
vt 0 1
vt 0.008668125 0.9790725
vt 0.029596875 1
vt 0 0.96875
vt 0.022653125 0.96875
vt 0.022653125 1
vt 0 1
vt 0.0209275 1
vt 0 0.991331875
vt 0.0209275 0.970403125
vt 0 1
vt 0 0.977346875
vt 0.02734375 0.9886734375
vt 0 0.96875
vt 0.022653125 0.96875
vt 0.022653125 1
vt 0 1
vt 0 1
vt 0 0.977346875
vt 0.02734375 0.9886734375
vt 0.0209275 1
vt 0 0.991331875
vt 0.0209275 0.970403125
vt 0 0.96875
vt 0.022653125 0.96875
vt 0.022653125 1
vt 0 1
vt 0 1
vt 0.008668125 0.9790725
vt 0.029596875 1
vt 0.022653125 1
vt 0 1
vt 0.0113265625 0.97265625
vt 0 0.96875
vt 0.022653125 0.96875
vt 0.022653125 1
vt 0 1
vt 0 0.97265625
vt 0.022653125 0.97265625
vt 0.0113265625 1
vt 0.015625 0.984375
vt 0.015625 1
vt 0 1
vt 0 0.984375
vt 0.03125 0.984375
vt 0.03125 1
vt 0.015625 1
vt 0.015625 0.984375
vt 0.046875 0.96875
vt 0.046875 0.984375
vt 0 0.984375
vt 0 0.96875
vt 0.046875 0.984375
vt 0.046875 1
vt 0 1
vt 0 0.984375
vt 0.046875 0.984375
vt 0.046875 1
vt 0 1
vt 0 0.984375
vt 0.046875 0.984375
vt 0.046875 1
vt 0 1
vt 0 0.984375
vt 0.3953125 0.671875
vt 0.3953125 0.6875
vt 0.375 0.6875
vt 0.375 0.671875
vt 0.3484375 0.6875
vt 0.3484375 0.703125
vt 0.328125 0.703125
vt 0.328125 0.6875
vt 0.40625 0.6984375
vt 0.40625 0.71875
vt 0.34375 0.71875
vt 0.34375 0.6984375
vt 0.390625 0.6515625
vt 0.390625 0.671875
vt 0.328125 0.671875
vt 0.328125 0.6515625
vt 0.390625 0.65625
vt 0.390625 0.671875
vt 0.328125 0.671875
vt 0.328125 0.65625
vt 0.953125 0.671875
vt 0.953125 0.6875
vt 0.890625 0.6875
vt 0.890625 0.671875
vt 0.39375 0.703125
vt 0.39375 0.71875
vt 0.375 0.71875
vt 0.375 0.703125
vt 0.33125 0.65625
vt 0.33125 0.671875
vt 0.3125 0.671875
vt 0.3125 0.65625
vt 0.390625 0.66875
vt 0.390625 0.6875
vt 0.3671875 0.6875
vt 0.3671875 0.66875
vt 0.34375 0.684375
vt 0.34375 0.703125
vt 0.3203125 0.703125
vt 0.3203125 0.684375
vt 0.328125 0.6875
vt 0.328125 0.703125
vt 0.3046875 0.703125
vt 0.3046875 0.6875
vt 0.9296875 0.625
vt 0.9296875 0.640625
vt 0.90625 0.640625
vt 0.90625 0.625
vt 0.39375 0.703125
vt 0.39375 0.71875
vt 0.375 0.71875
vt 0.375 0.703125
vt 0.33125 0.65625
vt 0.33125 0.671875
vt 0.3125 0.671875
vt 0.3125 0.65625
vt 0.390625 0.66875
vt 0.390625 0.6875
vt 0.3671875 0.6875
vt 0.3671875 0.66875
vt 0.34375 0.684375
vt 0.34375 0.703125
vt 0.3203125 0.703125
vt 0.3203125 0.684375
vt 0.328125 0.6875
vt 0.328125 0.703125
vt 0.3046875 0.703125
vt 0.3046875 0.6875
vt 0.9296875 0.625
vt 0.9296875 0.640625
vt 0.90625 0.640625
vt 0.90625 0.625
vt 0.39375 0.703125
vt 0.39375 0.71875
vt 0.375 0.71875
vt 0.375 0.703125
vt 0.33125 0.65625
vt 0.33125 0.671875
vt 0.3125 0.671875
vt 0.3125 0.65625
vt 0.390625 0.66875
vt 0.390625 0.6875
vt 0.3671875 0.6875
vt 0.3671875 0.66875
vt 0.34375 0.684375
vt 0.34375 0.703125
vt 0.3203125 0.703125
vt 0.3203125 0.684375
vt 0.328125 0.6875
vt 0.328125 0.703125
vt 0.3046875 0.703125
vt 0.3046875 0.6875
vt 0.9296875 0.625
vt 0.9296875 0.640625
vt 0.90625 0.640625
vt 0.90625 0.625
vt 0.39375 0.703125
vt 0.39375 0.71875
vt 0.375 0.71875
vt 0.375 0.703125
vt 0.33125 0.65625
vt 0.33125 0.671875
vt 0.3125 0.671875
vt 0.3125 0.65625
vt 0.390625 0.66875
vt 0.390625 0.6875
vt 0.3671875 0.6875
vt 0.3671875 0.66875
vt 0.34375 0.684375
vt 0.34375 0.703125
vt 0.3203125 0.703125
vt 0.3203125 0.684375
vt 0.328125 0.6875
vt 0.328125 0.703125
vt 0.3046875 0.703125
vt 0.3046875 0.6875
vt 0.9296875 0.625
vt 0.9296875 0.640625
vt 0.90625 0.640625
vt 0.90625 0.625
vt 0.39375 0.703125
vt 0.39375 0.71875
vt 0.375 0.71875
vt 0.375 0.703125
vt 0.33125 0.65625
vt 0.33125 0.671875
vt 0.3125 0.671875
vt 0.3125 0.65625
vt 0.390625 0.66875
vt 0.390625 0.6875
vt 0.3671875 0.6875
vt 0.3671875 0.66875
vt 0.34375 0.684375
vt 0.34375 0.703125
vt 0.3203125 0.703125
vt 0.3203125 0.684375
vt 0.328125 0.6875
vt 0.328125 0.703125
vt 0.3046875 0.703125
vt 0.3046875 0.6875
vt 0.9296875 0.625
vt 0.9296875 0.640625
vt 0.90625 0.640625
vt 0.90625 0.625
vt 0.39375 0.703125
vt 0.39375 0.71875
vt 0.375 0.71875
vt 0.375 0.703125
vt 0.33125 0.65625
vt 0.33125 0.671875
vt 0.3125 0.671875
vt 0.3125 0.65625
vt 0.390625 0.66875
vt 0.390625 0.6875
vt 0.3671875 0.6875
vt 0.3671875 0.66875
vt 0.34375 0.684375
vt 0.34375 0.703125
vt 0.3203125 0.703125
vt 0.3203125 0.684375
vt 0.328125 0.6875
vt 0.328125 0.703125
vt 0.3046875 0.703125
vt 0.3046875 0.6875
vt 0.9296875 0.625
vt 0.9296875 0.640625
vt 0.90625 0.640625
vt 0.90625 0.625
vt 0.39375 0.703125
vt 0.39375 0.71875
vt 0.375 0.71875
vt 0.375 0.703125
vt 0.33125 0.65625
vt 0.33125 0.671875
vt 0.3125 0.671875
vt 0.3125 0.65625
vt 0.390625 0.66875
vt 0.390625 0.6875
vt 0.3671875 0.6875
vt 0.3671875 0.66875
vt 0.34375 0.684375
vt 0.34375 0.703125
vt 0.3203125 0.703125
vt 0.3203125 0.684375
vt 0.328125 0.6875
vt 0.328125 0.703125
vt 0.3046875 0.703125
vt 0.3046875 0.6875
vt 0.9296875 0.625
vt 0.9296875 0.640625
vt 0.90625 0.640625
vt 0.90625 0.625
vt 0.3125 0.65625
vt 0.3125 0.671875
vt 0.33125 0.671875
vt 0.33125 0.65625
vt 0.375 0.703125
vt 0.375 0.71875
vt 0.39375 0.71875
vt 0.39375 0.703125
vt 0.3671875 0.66875
vt 0.3671875 0.6875
vt 0.390625 0.6875
vt 0.390625 0.66875
vt 0.3203125 0.684375
vt 0.3203125 0.703125
vt 0.34375 0.703125
vt 0.34375 0.684375
vt 0.3046875 0.6875
vt 0.3046875 0.703125
vt 0.328125 0.703125
vt 0.328125 0.6875
vt 0.90625 0.625
vt 0.90625 0.640625
vt 0.9296875 0.640625
vt 0.9296875 0.625
vt 0.3125 0.65625
vt 0.3125 0.671875
vt 0.33125 0.671875
vt 0.33125 0.65625
vt 0.375 0.703125
vt 0.375 0.71875
vt 0.39375 0.71875
vt 0.39375 0.703125
vt 0.3671875 0.66875
vt 0.3671875 0.6875
vt 0.390625 0.6875
vt 0.390625 0.66875
vt 0.3203125 0.684375
vt 0.3203125 0.703125
vt 0.34375 0.703125
vt 0.34375 0.684375
vt 0.3046875 0.6875
vt 0.3046875 0.703125
vt 0.328125 0.703125
vt 0.328125 0.6875
vt 0.90625 0.625
vt 0.90625 0.640625
vt 0.9296875 0.640625
vt 0.9296875 0.625
vt 0.3125 0.65625
vt 0.3125 0.671875
vt 0.33125 0.671875
vt 0.33125 0.65625
vt 0.375 0.703125
vt 0.375 0.71875
vt 0.39375 0.71875
vt 0.39375 0.703125
vt 0.3671875 0.66875
vt 0.3671875 0.6875
vt 0.390625 0.6875
vt 0.390625 0.66875
vt 0.3203125 0.684375
vt 0.3203125 0.703125
vt 0.34375 0.703125
vt 0.34375 0.684375
vt 0.3046875 0.6875
vt 0.3046875 0.703125
vt 0.328125 0.703125
vt 0.328125 0.6875
vt 0.90625 0.625
vt 0.90625 0.640625
vt 0.9296875 0.640625
vt 0.9296875 0.625
vt 0.3125 0.65625
vt 0.3125 0.671875
vt 0.33125 0.671875
vt 0.33125 0.65625
vt 0.375 0.703125
vt 0.375 0.71875
vt 0.39375 0.71875
vt 0.39375 0.703125
vt 0.3671875 0.66875
vt 0.3671875 0.6875
vt 0.390625 0.6875
vt 0.390625 0.66875
vt 0.3203125 0.684375
vt 0.3203125 0.703125
vt 0.34375 0.703125
vt 0.34375 0.684375
vt 0.3046875 0.6875
vt 0.3046875 0.703125
vt 0.328125 0.703125
vt 0.328125 0.6875
vt 0.90625 0.625
vt 0.90625 0.640625
vt 0.9296875 0.640625
vt 0.9296875 0.625
vt 0.3125 0.65625
vt 0.3125 0.671875
vt 0.33125 0.671875
vt 0.33125 0.65625
vt 0.375 0.703125
vt 0.375 0.71875
vt 0.39375 0.71875
vt 0.39375 0.703125
vt 0.3671875 0.66875
vt 0.3671875 0.6875
vt 0.390625 0.6875
vt 0.390625 0.66875
vt 0.3203125 0.684375
vt 0.3203125 0.703125
vt 0.34375 0.703125
vt 0.34375 0.684375
vt 0.3046875 0.6875
vt 0.3046875 0.703125
vt 0.328125 0.703125
vt 0.328125 0.6875
vt 0.90625 0.625
vt 0.90625 0.640625
vt 0.9296875 0.640625
vt 0.9296875 0.625
vt 0.3125 0.65625
vt 0.3125 0.671875
vt 0.33125 0.671875
vt 0.33125 0.65625
vt 0.375 0.703125
vt 0.375 0.71875
vt 0.39375 0.71875
vt 0.39375 0.703125
vt 0.3671875 0.66875
vt 0.3671875 0.6875
vt 0.390625 0.6875
vt 0.390625 0.66875
vt 0.3203125 0.684375
vt 0.3203125 0.703125
vt 0.34375 0.703125
vt 0.34375 0.684375
vt 0.3046875 0.6875
vt 0.3046875 0.703125
vt 0.328125 0.703125
vt 0.328125 0.6875
vt 0.90625 0.625
vt 0.90625 0.640625
vt 0.9296875 0.640625
vt 0.9296875 0.625
vt 0.3125 0.65625
vt 0.3125 0.671875
vt 0.33125 0.671875
vt 0.33125 0.65625
vt 0.375 0.703125
vt 0.375 0.71875
vt 0.39375 0.71875
vt 0.39375 0.703125
vt 0.3671875 0.66875
vt 0.3671875 0.6875
vt 0.390625 0.6875
vt 0.390625 0.66875
vt 0.3203125 0.684375
vt 0.3203125 0.703125
vt 0.34375 0.703125
vt 0.34375 0.684375
vt 0.3046875 0.6875
vt 0.3046875 0.703125
vt 0.328125 0.703125
vt 0.328125 0.6875
vt 0.90625 0.625
vt 0.90625 0.640625
vt 0.9296875 0.640625
vt 0.9296875 0.625
vt 0.328125 0.6875
vt 0.328125 0.703125
vt 0.3484375 0.703125
vt 0.3484375 0.6875
vt 0.375 0.671875
vt 0.375 0.6875
vt 0.3953125 0.6875
vt 0.3953125 0.671875
vt 0.34375 0.6984375
vt 0.34375 0.71875
vt 0.40625 0.71875
vt 0.40625 0.6984375
vt 0.328125 0.6515625
vt 0.328125 0.671875
vt 0.390625 0.671875
vt 0.390625 0.6515625
vt 0.328125 0.65625
vt 0.328125 0.671875
vt 0.390625 0.671875
vt 0.390625 0.65625
vt 0.890625 0.671875
vt 0.890625 0.6875
vt 0.953125 0.6875
vt 0.953125 0.671875
vt 0.359375 0.625
vt 0.359375 0.640625
vt 0.328125 0.640625
vt 0.328125 0.625
vt 0.453125 0.59375
vt 0.453125 0.609375
vt 0.421875 0.609375
vt 0.421875 0.59375
vt 0.375 0.625
vt 0.375 0.65625
vt 0.34375 0.65625
vt 0.34375 0.625
vt 0.328125 0.671875
vt 0.328125 0.703125
vt 0.296875 0.703125
vt 0.296875 0.671875
vt 0.390625 0.578125
vt 0.390625 0.59375
vt 0.359375 0.59375
vt 0.359375 0.578125
vt 0.9375 0.671875
vt 0.9375 0.6875
vt 0.90625 0.6875
vt 0.90625 0.671875
vt 0.359375 0.671875
vt 0.359375 0.6875
vt 0.34375 0.6875
vt 0.34375 0.671875
vt 0.390625 0.6875
vt 0.390625 0.703125
vt 0.375 0.703125
vt 0.375 0.6875
vt 0.42578125 0.703125
vt 0.42578125 0.71875
vt 0.33984375 0.71875
vt 0.33984375 0.703125
vt 0.42578125 0.625
vt 0.42578125 0.640625
vt 0.33984375 0.640625
vt 0.33984375 0.625
vt 0.42578125 0.6875
vt 0.42578125 0.703125
vt 0.33984375 0.703125
vt 0.33984375 0.6875
vt 0.4296875 0.578125
vt 0.4296875 0.59375
vt 0.34375 0.59375
vt 0.34375 0.578125
vt 0.3125 0.65625
vt 0.3125 0.671875
vt 0.296875 0.671875
vt 0.296875 0.65625
vt 0.3125 0.609375
vt 0.3125 0.625
vt 0.296875 0.625
vt 0.296875 0.609375
vt 0.4375 0.671875
vt 0.4375 0.6875
vt 0.328125 0.6875
vt 0.328125 0.671875
vt 0.4375 0.625
vt 0.4375 0.640625
vt 0.328125 0.640625
vt 0.328125 0.625
vt 0.421875 0.703125
vt 0.421875 0.71875
vt 0.3125 0.71875
vt 0.3125 0.703125
vt 0.4375 0.5625
vt 0.4375 0.578125
vt 0.328125 0.578125
vt 0.328125 0.5625
vt 0.3125 0.578125
vt 0.3125 0.671875
vt 0.296875 0.671875
vt 0.296875 0.578125
vt 0.3125 0.578125
vt 0.3125 0.671875
vt 0.296875 0.671875
vt 0.296875 0.578125
vt 0.4375 0.65625
vt 0.4375 0.671875
vt 0.296875 0.671875
vt 0.296875 0.65625
vt 0.4375 0.625
vt 0.4375 0.640625
vt 0.296875 0.640625
vt 0.296875 0.625
vt 0.40625 0.21875
vt 0.40625 0.3125
vt 0.265625 0.3125
vt 0.265625 0.21875
vt 0.40625 0.21875
vt 0.40625 0.3125
vt 0.265625 0.3125
vt 0.265625 0.21875
vt 0.9375 0.015625
vt 0.9375 0.0625
vt 0.9359375 0.0625
vt 0.9359375 0.015625
vt 0.9234375 0
vt 0.9234375 0.046875
vt 0.921875 0.046875
vt 0.921875 0
vt 0.984375 0.06093749999999998
vt 0.984375 0.0625
vt 0.921875 0.0625
vt 0.921875 0.06093749999999998
vt 0.984375 0.046875
vt 0.984375 0.04843750000000002
vt 0.921875 0.04843750000000002
vt 0.921875 0.046875
vt 0.96875 0.015625
vt 0.96875 0.0625
vt 0.90625 0.0625
vt 0.90625 0.015625
vt 0.359375 0.359375
vt 0.359375 0.40625
vt 0.296875 0.40625
vt 0.296875 0.359375
vt 0.125 0.3671875
vt 0.125 0.375
vt 0.046875 0.375
vt 0.046875 0.3671875
vt 0.109375 0.3984375
vt 0.109375 0.40625
vt 0.03125 0.40625
vt 0.03125 0.3984375
vt 0.0625 0.328125
vt 0.0625 0.40625
vt 0.03125 0.40625
vt 0.03125 0.328125
vt 0.0625 0.34375
vt 0.0625 0.421875
vt 0.03125 0.421875
vt 0.03125 0.34375
vt 0.09375 0.3671875
vt 0.09375 0.375
vt 0.0625 0.375
vt 0.0625 0.3671875
vt 0.125 0.3828125
vt 0.125 0.390625
vt 0.09375 0.390625
vt 0.09375 0.3828125
vt 0.11328125 0.3984375
vt 0.11328125 0.40625
vt 0.046875 0.40625
vt 0.046875 0.3984375
vt 0.140625 0.3984375
vt 0.140625 0.40625
vt 0.07421875 0.40625
vt 0.07421875 0.3984375
vt 0.0625 0.34375
vt 0.0625 0.41015625
vt 0.05078125 0.41015625
vt 0.05078125 0.34375
vt 0.0625 0.35546875
vt 0.0625 0.421875
vt 0.05078125 0.421875
vt 0.05078125 0.35546875
vt 0.078125 0.3984375
vt 0.078125 0.40625
vt 0.06640625 0.40625
vt 0.06640625 0.3984375
vt 0.08984375 0.3984375
vt 0.08984375 0.40625
vt 0.078125 0.40625
vt 0.078125 0.3984375
vt 0.19921875 0.3828125
vt 0.19921875 0.390625
vt 0.125 0.390625
vt 0.125 0.3828125
vt 0.21875 0.3671875
vt 0.21875 0.375
vt 0.14453125 0.375
vt 0.14453125 0.3671875
vt 0.10362421875 0.34375
vt 0.10362421875 0.41796875
vt 0.09765625 0.41796875
vt 0.09765625 0.34375
vt 0.11924921875 0.33203125
vt 0.11924921875 0.40625
vt 0.11328125 0.40625
vt 0.11328125 0.33203125
vt 0.08799921875 0.3671875
vt 0.08799921875 0.375
vt 0.08203125 0.375
vt 0.08203125 0.3671875
vt 0.08409296875 0.3984375
vt 0.08409296875 0.40625
vt 0.078125 0.40625
vt 0.078125 0.3984375
vt 0.16796875 0.3828125
vt 0.16796875 0.390625
vt 0.09375 0.390625
vt 0.09375 0.3828125
vt 0.125 0.3984375
vt 0.125 0.40625
vt 0.05078125 0.40625
vt 0.05078125 0.3984375
vt 0.078125 0.34375
vt 0.078125 0.41796875
vt 0.06640625 0.41796875
vt 0.06640625 0.34375
vt 0.0625 0.34765625
vt 0.0625 0.421875
vt 0.05078125 0.421875
vt 0.05078125 0.34765625
vt 0.15625 0.3671875
vt 0.15625 0.375
vt 0.14453125 0.375
vt 0.14453125 0.3671875
vt 0.12109375 0.3828125
vt 0.12109375 0.390625
vt 0.109375 0.390625
vt 0.109375 0.3828125
vt 0.15625 0.3671875
vt 0.15625 0.375
vt 0.09375 0.375
vt 0.09375 0.3671875
vt 0.125 0.3828125
vt 0.125 0.390625
vt 0.0625 0.390625
vt 0.0625 0.3828125
vt 0.0625 0.34375
vt 0.0625 0.40625
vt 0.046875 0.40625
vt 0.046875 0.34375
vt 0.078125 0.3125
vt 0.078125 0.375
vt 0.0625 0.375
vt 0.0625 0.3125
vt 0.078125 0.4140625
vt 0.078125 0.421875
vt 0.0625 0.421875
vt 0.0625 0.4140625
vt 0.171875 0.3828125
vt 0.171875 0.390625
vt 0.15625 0.390625
vt 0.15625 0.3828125
vt 0.171875 0.3828125
vt 0.171875 0.390625
vt 0.125 0.390625
vt 0.125 0.3828125
vt 0.140625 0.3984375
vt 0.140625 0.40625
vt 0.09375 0.40625
vt 0.09375 0.3984375
vt 0.15625 0.34375
vt 0.15625 0.390625
vt 0.1484375 0.390625
vt 0.1484375 0.34375
vt 0.109375 0.328125
vt 0.109375 0.375
vt 0.1015625 0.375
vt 0.1015625 0.328125
vt 0.1875 0.3671875
vt 0.1875 0.375
vt 0.1796875 0.375
vt 0.1796875 0.3671875
vt 0.1953125 0.3828125
vt 0.1953125 0.390625
vt 0.1875 0.390625
vt 0.1875 0.3828125
vt 0.07421875 0.3984375
vt 0.07421875 0.40625
vt 0.140625 0.40625
vt 0.140625 0.3984375
vt 0.046875 0.3984375
vt 0.046875 0.40625
vt 0.11328125 0.40625
vt 0.11328125 0.3984375
vt 0.05078125 0.34375
vt 0.05078125 0.41015625
vt 0.0625 0.41015625
vt 0.0625 0.34375
vt 0.05078125 0.35546875
vt 0.05078125 0.421875
vt 0.0625 0.421875
vt 0.0625 0.35546875
vt 0.06640625 0.3984375
vt 0.06640625 0.40625
vt 0.078125 0.40625
vt 0.078125 0.3984375
vt 0.078125 0.3984375
vt 0.078125 0.40625
vt 0.08984375 0.40625
vt 0.08984375 0.3984375
vt 0.09375 0.3984375
vt 0.09375 0.40625
vt 0.140625 0.40625
vt 0.140625 0.3984375
vt 0.125 0.3828125
vt 0.125 0.390625
vt 0.171875 0.390625
vt 0.171875 0.3828125
vt 0.1484375 0.34375
vt 0.1484375 0.390625
vt 0.15625 0.390625
vt 0.15625 0.34375
vt 0.1015625 0.328125
vt 0.1015625 0.375
vt 0.109375 0.375
vt 0.109375 0.328125
vt 0.1796875 0.3671875
vt 0.1796875 0.375
vt 0.1875 0.375
vt 0.1875 0.3671875
vt 0.1875 0.3828125
vt 0.1875 0.390625
vt 0.1953125 0.390625
vt 0.1953125 0.3828125
vt 0.0625 0.3828125
vt 0.0625 0.390625
vt 0.125 0.390625
vt 0.125 0.3828125
vt 0.09375 0.3671875
vt 0.09375 0.375
vt 0.15625 0.375
vt 0.15625 0.3671875
vt 0.046875 0.34375
vt 0.046875 0.40625
vt 0.0625 0.40625
vt 0.0625 0.34375
vt 0.0625 0.3125
vt 0.0625 0.375
vt 0.078125 0.375
vt 0.078125 0.3125
vt 0.0625 0.4140625
vt 0.0625 0.421875
vt 0.078125 0.421875
vt 0.078125 0.4140625
vt 0.15625 0.3828125
vt 0.15625 0.390625
vt 0.171875 0.390625
vt 0.171875 0.3828125
vt 0.05078125 0.3984375
vt 0.05078125 0.40625
vt 0.125 0.40625
vt 0.125 0.3984375
vt 0.09375 0.3828125
vt 0.09375 0.390625
vt 0.16796875 0.390625
vt 0.16796875 0.3828125
vt 0.06640625 0.34375
vt 0.06640625 0.41796875
vt 0.078125 0.41796875
vt 0.078125 0.34375
vt 0.05078125 0.34765625
vt 0.05078125 0.421875
vt 0.0625 0.421875
vt 0.0625 0.34765625
vt 0.14453125 0.3671875
vt 0.14453125 0.375
vt 0.15625 0.375
vt 0.15625 0.3671875
vt 0.109375 0.3828125
vt 0.109375 0.390625
vt 0.12109375 0.390625
vt 0.12109375 0.3828125
vt 0.14453125 0.3671875
vt 0.14453125 0.375
vt 0.21875 0.375
vt 0.21875 0.3671875
vt 0.125 0.3828125
vt 0.125 0.390625
vt 0.19921875 0.390625
vt 0.19921875 0.3828125
vt 0.09765625 0.34375
vt 0.09765625 0.41796875
vt 0.10362421875 0.41796875
vt 0.10362421875 0.34375
vt 0.11328125 0.33203125
vt 0.11328125 0.40625
vt 0.11924921875 0.40625
vt 0.11924921875 0.33203125
vt 0.08203125 0.3671875
vt 0.08203125 0.375
vt 0.08799921875 0.375
vt 0.08799921875 0.3671875
vt 0.078125 0.3984375
vt 0.078125 0.40625
vt 0.08409296875 0.40625
vt 0.08409296875 0.3984375
vt 0.3953125 0.6875
vt 0.3953125 0.671875
vt 0.375 0.671875
vt 0.375 0.6875
vt 0.3484375 0.703125
vt 0.3484375 0.6875
vt 0.328125 0.6875
vt 0.328125 0.703125
vt 0.390625 0.671875
vt 0.390625 0.6515625
vt 0.328125 0.6515625
vt 0.328125 0.671875
vt 0.40625 0.71875
vt 0.40625 0.6984375
vt 0.34375 0.6984375
vt 0.34375 0.71875
vt 0.390625 0.671875
vt 0.390625 0.65625
vt 0.328125 0.65625
vt 0.328125 0.671875
vt 0.953125 0.6875
vt 0.953125 0.671875
vt 0.890625 0.671875
vt 0.890625 0.6875
vt 0.39375 0.71875
vt 0.39375 0.703125
vt 0.375 0.703125
vt 0.375 0.71875
vt 0.33125 0.671875
vt 0.33125 0.65625
vt 0.3125 0.65625
vt 0.3125 0.671875
vt 0.34375 0.703125
vt 0.34375 0.684375
vt 0.3203125 0.684375
vt 0.3203125 0.703125
vt 0.390625 0.6875
vt 0.390625 0.66875
vt 0.3671875 0.66875
vt 0.3671875 0.6875
vt 0.328125 0.703125
vt 0.328125 0.6875
vt 0.3046875 0.6875
vt 0.3046875 0.703125
vt 0.9296875 0.640625
vt 0.9296875 0.625
vt 0.90625 0.625
vt 0.90625 0.640625
vt 0.39375 0.71875
vt 0.39375 0.703125
vt 0.375 0.703125
vt 0.375 0.71875
vt 0.33125 0.671875
vt 0.33125 0.65625
vt 0.3125 0.65625
vt 0.3125 0.671875
vt 0.34375 0.703125
vt 0.34375 0.684375
vt 0.3203125 0.684375
vt 0.3203125 0.703125
vt 0.390625 0.6875
vt 0.390625 0.66875
vt 0.3671875 0.66875
vt 0.3671875 0.6875
vt 0.328125 0.703125
vt 0.328125 0.6875
vt 0.3046875 0.6875
vt 0.3046875 0.703125
vt 0.9296875 0.640625
vt 0.9296875 0.625
vt 0.90625 0.625
vt 0.90625 0.640625
vt 0.39375 0.71875
vt 0.39375 0.703125
vt 0.375 0.703125
vt 0.375 0.71875
vt 0.33125 0.671875
vt 0.33125 0.65625
vt 0.3125 0.65625
vt 0.3125 0.671875
vt 0.34375 0.703125
vt 0.34375 0.684375
vt 0.3203125 0.684375
vt 0.3203125 0.703125
vt 0.390625 0.6875
vt 0.390625 0.66875
vt 0.3671875 0.66875
vt 0.3671875 0.6875
vt 0.328125 0.703125
vt 0.328125 0.6875
vt 0.3046875 0.6875
vt 0.3046875 0.703125
vt 0.9296875 0.640625
vt 0.9296875 0.625
vt 0.90625 0.625
vt 0.90625 0.640625
vt 0.39375 0.71875
vt 0.39375 0.703125
vt 0.375 0.703125
vt 0.375 0.71875
vt 0.33125 0.671875
vt 0.33125 0.65625
vt 0.3125 0.65625
vt 0.3125 0.671875
vt 0.34375 0.703125
vt 0.34375 0.684375
vt 0.3203125 0.684375
vt 0.3203125 0.703125
vt 0.390625 0.6875
vt 0.390625 0.66875
vt 0.3671875 0.66875
vt 0.3671875 0.6875
vt 0.328125 0.703125
vt 0.328125 0.6875
vt 0.3046875 0.6875
vt 0.3046875 0.703125
vt 0.9296875 0.640625
vt 0.9296875 0.625
vt 0.90625 0.625
vt 0.90625 0.640625
vt 0.39375 0.71875
vt 0.39375 0.703125
vt 0.375 0.703125
vt 0.375 0.71875
vt 0.33125 0.671875
vt 0.33125 0.65625
vt 0.3125 0.65625
vt 0.3125 0.671875
vt 0.34375 0.703125
vt 0.34375 0.684375
vt 0.3203125 0.684375
vt 0.3203125 0.703125
vt 0.390625 0.6875
vt 0.390625 0.66875
vt 0.3671875 0.66875
vt 0.3671875 0.6875
vt 0.328125 0.703125
vt 0.328125 0.6875
vt 0.3046875 0.6875
vt 0.3046875 0.703125
vt 0.9296875 0.640625
vt 0.9296875 0.625
vt 0.90625 0.625
vt 0.90625 0.640625
vt 0.39375 0.71875
vt 0.39375 0.703125
vt 0.375 0.703125
vt 0.375 0.71875
vt 0.33125 0.671875
vt 0.33125 0.65625
vt 0.3125 0.65625
vt 0.3125 0.671875
vt 0.34375 0.703125
vt 0.34375 0.684375
vt 0.3203125 0.684375
vt 0.3203125 0.703125
vt 0.390625 0.6875
vt 0.390625 0.66875
vt 0.3671875 0.66875
vt 0.3671875 0.6875
vt 0.328125 0.703125
vt 0.328125 0.6875
vt 0.3046875 0.6875
vt 0.3046875 0.703125
vt 0.9296875 0.640625
vt 0.9296875 0.625
vt 0.90625 0.625
vt 0.90625 0.640625
vt 0.39375 0.71875
vt 0.39375 0.703125
vt 0.375 0.703125
vt 0.375 0.71875
vt 0.33125 0.671875
vt 0.33125 0.65625
vt 0.3125 0.65625
vt 0.3125 0.671875
vt 0.34375 0.703125
vt 0.34375 0.684375
vt 0.3203125 0.684375
vt 0.3203125 0.703125
vt 0.390625 0.6875
vt 0.390625 0.66875
vt 0.3671875 0.66875
vt 0.3671875 0.6875
vt 0.328125 0.703125
vt 0.328125 0.6875
vt 0.3046875 0.6875
vt 0.3046875 0.703125
vt 0.9296875 0.640625
vt 0.9296875 0.625
vt 0.90625 0.625
vt 0.90625 0.640625
vt 0.3125 0.671875
vt 0.3125 0.65625
vt 0.33125 0.65625
vt 0.33125 0.671875
vt 0.375 0.71875
vt 0.375 0.703125
vt 0.39375 0.703125
vt 0.39375 0.71875
vt 0.3203125 0.703125
vt 0.3203125 0.684375
vt 0.34375 0.684375
vt 0.34375 0.703125
vt 0.3671875 0.6875
vt 0.3671875 0.66875
vt 0.390625 0.66875
vt 0.390625 0.6875
vt 0.3046875 0.703125
vt 0.3046875 0.6875
vt 0.328125 0.6875
vt 0.328125 0.703125
vt 0.90625 0.640625
vt 0.90625 0.625
vt 0.9296875 0.625
vt 0.9296875 0.640625
vt 0.3125 0.671875
vt 0.3125 0.65625
vt 0.33125 0.65625
vt 0.33125 0.671875
vt 0.375 0.71875
vt 0.375 0.703125
vt 0.39375 0.703125
vt 0.39375 0.71875
vt 0.3203125 0.703125
vt 0.3203125 0.684375
vt 0.34375 0.684375
vt 0.34375 0.703125
vt 0.3671875 0.6875
vt 0.3671875 0.66875
vt 0.390625 0.66875
vt 0.390625 0.6875
vt 0.3046875 0.703125
vt 0.3046875 0.6875
vt 0.328125 0.6875
vt 0.328125 0.703125
vt 0.90625 0.640625
vt 0.90625 0.625
vt 0.9296875 0.625
vt 0.9296875 0.640625
vt 0.3125 0.671875
vt 0.3125 0.65625
vt 0.33125 0.65625
vt 0.33125 0.671875
vt 0.375 0.71875
vt 0.375 0.703125
vt 0.39375 0.703125
vt 0.39375 0.71875
vt 0.3203125 0.703125
vt 0.3203125 0.684375
vt 0.34375 0.684375
vt 0.34375 0.703125
vt 0.3671875 0.6875
vt 0.3671875 0.66875
vt 0.390625 0.66875
vt 0.390625 0.6875
vt 0.3046875 0.703125
vt 0.3046875 0.6875
vt 0.328125 0.6875
vt 0.328125 0.703125
vt 0.90625 0.640625
vt 0.90625 0.625
vt 0.9296875 0.625
vt 0.9296875 0.640625
vt 0.3125 0.671875
vt 0.3125 0.65625
vt 0.33125 0.65625
vt 0.33125 0.671875
vt 0.375 0.71875
vt 0.375 0.703125
vt 0.39375 0.703125
vt 0.39375 0.71875
vt 0.3203125 0.703125
vt 0.3203125 0.684375
vt 0.34375 0.684375
vt 0.34375 0.703125
vt 0.3671875 0.6875
vt 0.3671875 0.66875
vt 0.390625 0.66875
vt 0.390625 0.6875
vt 0.3046875 0.703125
vt 0.3046875 0.6875
vt 0.328125 0.6875
vt 0.328125 0.703125
vt 0.90625 0.640625
vt 0.90625 0.625
vt 0.9296875 0.625
vt 0.9296875 0.640625
vt 0.3125 0.671875
vt 0.3125 0.65625
vt 0.33125 0.65625
vt 0.33125 0.671875
vt 0.375 0.71875
vt 0.375 0.703125
vt 0.39375 0.703125
vt 0.39375 0.71875
vt 0.3203125 0.703125
vt 0.3203125 0.684375
vt 0.34375 0.684375
vt 0.34375 0.703125
vt 0.3671875 0.6875
vt 0.3671875 0.66875
vt 0.390625 0.66875
vt 0.390625 0.6875
vt 0.3046875 0.703125
vt 0.3046875 0.6875
vt 0.328125 0.6875
vt 0.328125 0.703125
vt 0.90625 0.640625
vt 0.90625 0.625
vt 0.9296875 0.625
vt 0.9296875 0.640625
vt 0.3125 0.671875
vt 0.3125 0.65625
vt 0.33125 0.65625
vt 0.33125 0.671875
vt 0.375 0.71875
vt 0.375 0.703125
vt 0.39375 0.703125
vt 0.39375 0.71875
vt 0.3203125 0.703125
vt 0.3203125 0.684375
vt 0.34375 0.684375
vt 0.34375 0.703125
vt 0.3671875 0.6875
vt 0.3671875 0.66875
vt 0.390625 0.66875
vt 0.390625 0.6875
vt 0.3046875 0.703125
vt 0.3046875 0.6875
vt 0.328125 0.6875
vt 0.328125 0.703125
vt 0.90625 0.640625
vt 0.90625 0.625
vt 0.9296875 0.625
vt 0.9296875 0.640625
vt 0.3125 0.671875
vt 0.3125 0.65625
vt 0.33125 0.65625
vt 0.33125 0.671875
vt 0.375 0.71875
vt 0.375 0.703125
vt 0.39375 0.703125
vt 0.39375 0.71875
vt 0.3203125 0.703125
vt 0.3203125 0.684375
vt 0.34375 0.684375
vt 0.34375 0.703125
vt 0.3671875 0.6875
vt 0.3671875 0.66875
vt 0.390625 0.66875
vt 0.390625 0.6875
vt 0.3046875 0.703125
vt 0.3046875 0.6875
vt 0.328125 0.6875
vt 0.328125 0.703125
vt 0.90625 0.640625
vt 0.90625 0.625
vt 0.9296875 0.625
vt 0.9296875 0.640625
vt 0.328125 0.703125
vt 0.328125 0.6875
vt 0.3484375 0.6875
vt 0.3484375 0.703125
vt 0.375 0.6875
vt 0.375 0.671875
vt 0.3953125 0.671875
vt 0.3953125 0.6875
vt 0.328125 0.671875
vt 0.328125 0.6515625
vt 0.390625 0.6515625
vt 0.390625 0.671875
vt 0.34375 0.71875
vt 0.34375 0.6984375
vt 0.40625 0.6984375
vt 0.40625 0.71875
vt 0.328125 0.671875
vt 0.328125 0.65625
vt 0.390625 0.65625
vt 0.390625 0.671875
vt 0.890625 0.6875
vt 0.890625 0.671875
vt 0.953125 0.671875
vt 0.953125 0.6875
vt 0.390625 0.671875
vt 0.390625 0.65625
vt 0.359375 0.65625
vt 0.359375 0.671875
vt 0.453125 0.609375
vt 0.453125 0.59375
vt 0.421875 0.59375
vt 0.421875 0.609375
vt 0.328125 0.703125
vt 0.328125 0.671875
vt 0.296875 0.671875
vt 0.296875 0.703125
vt 0.375 0.65625
vt 0.375 0.625
vt 0.34375 0.625
vt 0.34375 0.65625
vt 0.390625 0.59375
vt 0.390625 0.578125
vt 0.359375 0.578125
vt 0.359375 0.59375
vt 0.9375 0.6875
vt 0.9375 0.671875
vt 0.90625 0.671875
vt 0.90625 0.6875
vt 0.9375 0.015625
vt 0.9375 0.0625
vt 0.9359375 0.0625
vt 0.9359375 0.015625
vt 0.9234375 0
vt 0.9234375 0.046875
vt 0.921875 0.046875
vt 0.921875 0
vt 0.984375 0.06093749999999998
vt 0.984375 0.0625
vt 0.921875 0.0625
vt 0.921875 0.06093749999999998
vt 0.984375 0.046875
vt 0.984375 0.04843750000000002
vt 0.921875 0.04843750000000002
vt 0.921875 0.046875
vt 0.96875 0.015625
vt 0.96875 0.0625
vt 0.90625 0.0625
vt 0.90625 0.015625
vt 0.359375 0.359375
vt 0.359375 0.40625
vt 0.296875 0.40625
vt 0.296875 0.359375
vt 0.125 0.3671875
vt 0.125 0.375
vt 0.046875 0.375
vt 0.046875 0.3671875
vt 0.109375 0.3984375
vt 0.109375 0.40625
vt 0.03125 0.40625
vt 0.03125 0.3984375
vt 0.0625 0.328125
vt 0.0625 0.40625
vt 0.03125 0.40625
vt 0.03125 0.328125
vt 0.0625 0.34375
vt 0.0625 0.421875
vt 0.03125 0.421875
vt 0.03125 0.34375
vt 0.09375 0.3671875
vt 0.09375 0.375
vt 0.0625 0.375
vt 0.0625 0.3671875
vt 0.125 0.3828125
vt 0.125 0.390625
vt 0.09375 0.390625
vt 0.09375 0.3828125
vt 0.11328125 0.3984375
vt 0.11328125 0.40625
vt 0.046875 0.40625
vt 0.046875 0.3984375
vt 0.140625 0.3984375
vt 0.140625 0.40625
vt 0.07421875 0.40625
vt 0.07421875 0.3984375
vt 0.0625 0.34375
vt 0.0625 0.41015625
vt 0.05078125 0.41015625
vt 0.05078125 0.34375
vt 0.0625 0.35546875
vt 0.0625 0.421875
vt 0.05078125 0.421875
vt 0.05078125 0.35546875
vt 0.078125 0.3984375
vt 0.078125 0.40625
vt 0.06640625 0.40625
vt 0.06640625 0.3984375
vt 0.08984375 0.3984375
vt 0.08984375 0.40625
vt 0.078125 0.40625
vt 0.078125 0.3984375
vt 0.19921875 0.3828125
vt 0.19921875 0.390625
vt 0.125 0.390625
vt 0.125 0.3828125
vt 0.21875 0.3671875
vt 0.21875 0.375
vt 0.14453125 0.375
vt 0.14453125 0.3671875
vt 0.10362421875 0.34375
vt 0.10362421875 0.41796875
vt 0.09765625 0.41796875
vt 0.09765625 0.34375
vt 0.11924921875 0.33203125
vt 0.11924921875 0.40625
vt 0.11328125 0.40625
vt 0.11328125 0.33203125
vt 0.08799921875 0.3671875
vt 0.08799921875 0.375
vt 0.08203125 0.375
vt 0.08203125 0.3671875
vt 0.08409296875 0.3984375
vt 0.08409296875 0.40625
vt 0.078125 0.40625
vt 0.078125 0.3984375
vt 0.16796875 0.3828125
vt 0.16796875 0.390625
vt 0.09375 0.390625
vt 0.09375 0.3828125
vt 0.125 0.3984375
vt 0.125 0.40625
vt 0.05078125 0.40625
vt 0.05078125 0.3984375
vt 0.078125 0.34375
vt 0.078125 0.41796875
vt 0.06640625 0.41796875
vt 0.06640625 0.34375
vt 0.0625 0.34765625
vt 0.0625 0.421875
vt 0.05078125 0.421875
vt 0.05078125 0.34765625
vt 0.15625 0.3671875
vt 0.15625 0.375
vt 0.14453125 0.375
vt 0.14453125 0.3671875
vt 0.12109375 0.3828125
vt 0.12109375 0.390625
vt 0.109375 0.390625
vt 0.109375 0.3828125
vt 0.15625 0.3671875
vt 0.15625 0.375
vt 0.09375 0.375
vt 0.09375 0.3671875
vt 0.125 0.3828125
vt 0.125 0.390625
vt 0.0625 0.390625
vt 0.0625 0.3828125
vt 0.0625 0.34375
vt 0.0625 0.40625
vt 0.046875 0.40625
vt 0.046875 0.34375
vt 0.078125 0.3125
vt 0.078125 0.375
vt 0.0625 0.375
vt 0.0625 0.3125
vt 0.078125 0.4140625
vt 0.078125 0.421875
vt 0.0625 0.421875
vt 0.0625 0.4140625
vt 0.171875 0.3828125
vt 0.171875 0.390625
vt 0.15625 0.390625
vt 0.15625 0.3828125
vt 0.171875 0.3828125
vt 0.171875 0.390625
vt 0.125 0.390625
vt 0.125 0.3828125
vt 0.140625 0.3984375
vt 0.140625 0.40625
vt 0.09375 0.40625
vt 0.09375 0.3984375
vt 0.15625 0.34375
vt 0.15625 0.390625
vt 0.1484375 0.390625
vt 0.1484375 0.34375
vt 0.109375 0.328125
vt 0.109375 0.375
vt 0.1015625 0.375
vt 0.1015625 0.328125
vt 0.1875 0.3671875
vt 0.1875 0.375
vt 0.1796875 0.375
vt 0.1796875 0.3671875
vt 0.1953125 0.3828125
vt 0.1953125 0.390625
vt 0.1875 0.390625
vt 0.1875 0.3828125
vt 0.07421875 0.3984375
vt 0.07421875 0.40625
vt 0.140625 0.40625
vt 0.140625 0.3984375
vt 0.046875 0.3984375
vt 0.046875 0.40625
vt 0.11328125 0.40625
vt 0.11328125 0.3984375
vt 0.05078125 0.34375
vt 0.05078125 0.41015625
vt 0.0625 0.41015625
vt 0.0625 0.34375
vt 0.05078125 0.35546875
vt 0.05078125 0.421875
vt 0.0625 0.421875
vt 0.0625 0.35546875
vt 0.06640625 0.3984375
vt 0.06640625 0.40625
vt 0.078125 0.40625
vt 0.078125 0.3984375
vt 0.078125 0.3984375
vt 0.078125 0.40625
vt 0.08984375 0.40625
vt 0.08984375 0.3984375
vt 0.09375 0.3984375
vt 0.09375 0.40625
vt 0.140625 0.40625
vt 0.140625 0.3984375
vt 0.125 0.3828125
vt 0.125 0.390625
vt 0.171875 0.390625
vt 0.171875 0.3828125
vt 0.1484375 0.34375
vt 0.1484375 0.390625
vt 0.15625 0.390625
vt 0.15625 0.34375
vt 0.1015625 0.328125
vt 0.1015625 0.375
vt 0.109375 0.375
vt 0.109375 0.328125
vt 0.1796875 0.3671875
vt 0.1796875 0.375
vt 0.1875 0.375
vt 0.1875 0.3671875
vt 0.1875 0.3828125
vt 0.1875 0.390625
vt 0.1953125 0.390625
vt 0.1953125 0.3828125
vt 0.0625 0.3828125
vt 0.0625 0.390625
vt 0.125 0.390625
vt 0.125 0.3828125
vt 0.09375 0.3671875
vt 0.09375 0.375
vt 0.15625 0.375
vt 0.15625 0.3671875
vt 0.046875 0.34375
vt 0.046875 0.40625
vt 0.0625 0.40625
vt 0.0625 0.34375
vt 0.0625 0.3125
vt 0.0625 0.375
vt 0.078125 0.375
vt 0.078125 0.3125
vt 0.0625 0.4140625
vt 0.0625 0.421875
vt 0.078125 0.421875
vt 0.078125 0.4140625
vt 0.15625 0.3828125
vt 0.15625 0.390625
vt 0.171875 0.390625
vt 0.171875 0.3828125
vt 0.05078125 0.3984375
vt 0.05078125 0.40625
vt 0.125 0.40625
vt 0.125 0.3984375
vt 0.09375 0.3828125
vt 0.09375 0.390625
vt 0.16796875 0.390625
vt 0.16796875 0.3828125
vt 0.06640625 0.34375
vt 0.06640625 0.41796875
vt 0.078125 0.41796875
vt 0.078125 0.34375
vt 0.05078125 0.34765625
vt 0.05078125 0.421875
vt 0.0625 0.421875
vt 0.0625 0.34765625
vt 0.14453125 0.3671875
vt 0.14453125 0.375
vt 0.15625 0.375
vt 0.15625 0.3671875
vt 0.109375 0.3828125
vt 0.109375 0.390625
vt 0.12109375 0.390625
vt 0.12109375 0.3828125
vt 0.14453125 0.3671875
vt 0.14453125 0.375
vt 0.21875 0.375
vt 0.21875 0.3671875
vt 0.125 0.3828125
vt 0.125 0.390625
vt 0.19921875 0.390625
vt 0.19921875 0.3828125
vt 0.09765625 0.34375
vt 0.09765625 0.41796875
vt 0.10362421875 0.41796875
vt 0.10362421875 0.34375
vt 0.11328125 0.33203125
vt 0.11328125 0.40625
vt 0.11924921875 0.40625
vt 0.11924921875 0.33203125
vt 0.08203125 0.3671875
vt 0.08203125 0.375
vt 0.08799921875 0.375
vt 0.08799921875 0.3671875
vt 0.078125 0.3984375
vt 0.078125 0.40625
vt 0.08409296875 0.40625
vt 0.08409296875 0.3984375
vt 0.3125 0.359375
vt 0.3125 0.4375
vt 0.296875 0.4375
vt 0.296875 0.359375
vt 0.3125 0.359375
vt 0.3125 0.4375
vt 0.296875 0.4375
vt 0.296875 0.359375
vt 0.4375 0.421875
vt 0.4375 0.4375
vt 0.296875 0.4375
vt 0.296875 0.421875
vt 0.4375 0.359375
vt 0.4375 0.375
vt 0.296875 0.375
vt 0.296875 0.359375
vt 0.4375 0.359375
vt 0.4375 0.4375
vt 0.296875 0.4375
vt 0.296875 0.359375
vt 0.4375 0.359375
vt 0.4375 0.4375
vt 0.296875 0.4375
vt 0.296875 0.359375
vt 0.375 0.4375
vt 0.375 0.453125
vt 0.359375 0.453125
vt 0.359375 0.4375
vt 0.359375 0.4375
vt 0.359375 0.453125
vt 0.34375 0.453125
vt 0.34375 0.4375
vt 0.421875 0.4375
vt 0.421875 0.453125
vt 0.3125 0.453125
vt 0.3125 0.4375
vt 0.421875 0.4375
vt 0.421875 0.453125
vt 0.3125 0.453125
vt 0.3125 0.4375
vt 0.421875 0.4375
vt 0.421875 0.453125
vt 0.3125 0.453125
vt 0.3125 0.4375
vt 0.421875 0.4375
vt 0.421875 0.453125
vt 0.3125 0.453125
vt 0.3125 0.4375
vt 0.390625 0.453125
vt 0.390625 0.46875
vt 0.375 0.46875
vt 0.375 0.453125
vt 0.359375 0.453125
vt 0.359375 0.46875
vt 0.34375 0.46875
vt 0.34375 0.453125
vt 0.41015625 0.453125
vt 0.41015625 0.46875
vt 0.32421875 0.46875
vt 0.32421875 0.453125
vt 0.41015625 0.453125
vt 0.41015625 0.46875
vt 0.32421875 0.46875
vt 0.32421875 0.453125
vt 0.41015625 0.453125
vt 0.41015625 0.46875
vt 0.32421875 0.46875
vt 0.32421875 0.453125
vt 0.41015625 0.453125
vt 0.41015625 0.46875
vt 0.32421875 0.46875
vt 0.32421875 0.453125
vt 0.28125 0.203125
vt 0.28125 0.3125
vt 0.265625 0.3125
vt 0.265625 0.203125
vt 0.28125 0.203125
vt 0.28125 0.3125
vt 0.265625 0.3125
vt 0.265625 0.203125
vt 0.40625 0.296875
vt 0.40625 0.3125
vt 0.265625 0.3125
vt 0.265625 0.296875
vt 0.40625 0.296875
vt 0.40625 0.3125
vt 0.265625 0.3125
vt 0.265625 0.296875
vt 0.40625 0.203125
vt 0.40625 0.3125
vt 0.265625 0.3125
vt 0.265625 0.203125
vt 0.40625 0.203125
vt 0.40625 0.3125
vt 0.265625 0.3125
vt 0.265625 0.203125
vt 0.9375 0.015625
vt 0.9375 0.0625
vt 0.9359375 0.0625
vt 0.9359375 0.015625
vt 0.9234375 0
vt 0.9234375 0.046875
vt 0.921875 0.046875
vt 0.921875 0
vt 0.984375 0.06093749999999998
vt 0.984375 0.0625
vt 0.921875 0.0625
vt 0.921875 0.06093749999999998
vt 0.984375 0.046875
vt 0.984375 0.04843750000000002
vt 0.921875 0.04843750000000002
vt 0.921875 0.046875
vt 0.96875 0.015625
vt 0.96875 0.0625
vt 0.90625 0.0625
vt 0.90625 0.015625
vt 0.359375 0.359375
vt 0.359375 0.40625
vt 0.296875 0.40625
vt 0.296875 0.359375
vt 0.125 0.3671875
vt 0.125 0.375
vt 0.046875 0.375
vt 0.046875 0.3671875
vt 0.109375 0.3984375
vt 0.109375 0.40625
vt 0.03125 0.40625
vt 0.03125 0.3984375
vt 0.0625 0.328125
vt 0.0625 0.40625
vt 0.03125 0.40625
vt 0.03125 0.328125
vt 0.0625 0.34375
vt 0.0625 0.421875
vt 0.03125 0.421875
vt 0.03125 0.34375
vt 0.09375 0.3671875
vt 0.09375 0.375
vt 0.0625 0.375
vt 0.0625 0.3671875
vt 0.125 0.3828125
vt 0.125 0.390625
vt 0.09375 0.390625
vt 0.09375 0.3828125
vt 0.11328125 0.3984375
vt 0.11328125 0.40625
vt 0.046875 0.40625
vt 0.046875 0.3984375
vt 0.140625 0.3984375
vt 0.140625 0.40625
vt 0.07421875 0.40625
vt 0.07421875 0.3984375
vt 0.0625 0.34375
vt 0.0625 0.41015625
vt 0.05078125 0.41015625
vt 0.05078125 0.34375
vt 0.0625 0.35546875
vt 0.0625 0.421875
vt 0.05078125 0.421875
vt 0.05078125 0.35546875
vt 0.078125 0.3984375
vt 0.078125 0.40625
vt 0.06640625 0.40625
vt 0.06640625 0.3984375
vt 0.08984375 0.3984375
vt 0.08984375 0.40625
vt 0.078125 0.40625
vt 0.078125 0.3984375
vt 0.19921875 0.3828125
vt 0.19921875 0.390625
vt 0.125 0.390625
vt 0.125 0.3828125
vt 0.21875 0.3671875
vt 0.21875 0.375
vt 0.14453125 0.375
vt 0.14453125 0.3671875
vt 0.10362421875 0.34375
vt 0.10362421875 0.41796875
vt 0.09765625 0.41796875
vt 0.09765625 0.34375
vt 0.11924921875 0.33203125
vt 0.11924921875 0.40625
vt 0.11328125 0.40625
vt 0.11328125 0.33203125
vt 0.08799921875 0.3671875
vt 0.08799921875 0.375
vt 0.08203125 0.375
vt 0.08203125 0.3671875
vt 0.08409296875 0.3984375
vt 0.08409296875 0.40625
vt 0.078125 0.40625
vt 0.078125 0.3984375
vt 0.16796875 0.3828125
vt 0.16796875 0.390625
vt 0.09375 0.390625
vt 0.09375 0.3828125
vt 0.125 0.3984375
vt 0.125 0.40625
vt 0.05078125 0.40625
vt 0.05078125 0.3984375
vt 0.078125 0.34375
vt 0.078125 0.41796875
vt 0.06640625 0.41796875
vt 0.06640625 0.34375
vt 0.0625 0.34765625
vt 0.0625 0.421875
vt 0.05078125 0.421875
vt 0.05078125 0.34765625
vt 0.15625 0.3671875
vt 0.15625 0.375
vt 0.14453125 0.375
vt 0.14453125 0.3671875
vt 0.12109375 0.3828125
vt 0.12109375 0.390625
vt 0.109375 0.390625
vt 0.109375 0.3828125
vt 0.15625 0.3671875
vt 0.15625 0.375
vt 0.09375 0.375
vt 0.09375 0.3671875
vt 0.125 0.3828125
vt 0.125 0.390625
vt 0.0625 0.390625
vt 0.0625 0.3828125
vt 0.0625 0.34375
vt 0.0625 0.40625
vt 0.046875 0.40625
vt 0.046875 0.34375
vt 0.078125 0.3125
vt 0.078125 0.375
vt 0.0625 0.375
vt 0.0625 0.3125
vt 0.078125 0.4140625
vt 0.078125 0.421875
vt 0.0625 0.421875
vt 0.0625 0.4140625
vt 0.171875 0.3828125
vt 0.171875 0.390625
vt 0.15625 0.390625
vt 0.15625 0.3828125
vt 0.171875 0.3828125
vt 0.171875 0.390625
vt 0.125 0.390625
vt 0.125 0.3828125
vt 0.140625 0.3984375
vt 0.140625 0.40625
vt 0.09375 0.40625
vt 0.09375 0.3984375
vt 0.15625 0.34375
vt 0.15625 0.390625
vt 0.1484375 0.390625
vt 0.1484375 0.34375
vt 0.109375 0.328125
vt 0.109375 0.375
vt 0.1015625 0.375
vt 0.1015625 0.328125
vt 0.1875 0.3671875
vt 0.1875 0.375
vt 0.1796875 0.375
vt 0.1796875 0.3671875
vt 0.1953125 0.3828125
vt 0.1953125 0.390625
vt 0.1875 0.390625
vt 0.1875 0.3828125
vt 0.07421875 0.3984375
vt 0.07421875 0.40625
vt 0.140625 0.40625
vt 0.140625 0.3984375
vt 0.046875 0.3984375
vt 0.046875 0.40625
vt 0.11328125 0.40625
vt 0.11328125 0.3984375
vt 0.05078125 0.34375
vt 0.05078125 0.41015625
vt 0.0625 0.41015625
vt 0.0625 0.34375
vt 0.05078125 0.35546875
vt 0.05078125 0.421875
vt 0.0625 0.421875
vt 0.0625 0.35546875
vt 0.06640625 0.3984375
vt 0.06640625 0.40625
vt 0.078125 0.40625
vt 0.078125 0.3984375
vt 0.078125 0.3984375
vt 0.078125 0.40625
vt 0.08984375 0.40625
vt 0.08984375 0.3984375
vt 0.09375 0.3984375
vt 0.09375 0.40625
vt 0.140625 0.40625
vt 0.140625 0.3984375
vt 0.125 0.3828125
vt 0.125 0.390625
vt 0.171875 0.390625
vt 0.171875 0.3828125
vt 0.1484375 0.34375
vt 0.1484375 0.390625
vt 0.15625 0.390625
vt 0.15625 0.34375
vt 0.1015625 0.328125
vt 0.1015625 0.375
vt 0.109375 0.375
vt 0.109375 0.328125
vt 0.1796875 0.3671875
vt 0.1796875 0.375
vt 0.1875 0.375
vt 0.1875 0.3671875
vt 0.1875 0.3828125
vt 0.1875 0.390625
vt 0.1953125 0.390625
vt 0.1953125 0.3828125
vt 0.0625 0.3828125
vt 0.0625 0.390625
vt 0.125 0.390625
vt 0.125 0.3828125
vt 0.09375 0.3671875
vt 0.09375 0.375
vt 0.15625 0.375
vt 0.15625 0.3671875
vt 0.046875 0.34375
vt 0.046875 0.40625
vt 0.0625 0.40625
vt 0.0625 0.34375
vt 0.0625 0.3125
vt 0.0625 0.375
vt 0.078125 0.375
vt 0.078125 0.3125
vt 0.0625 0.4140625
vt 0.0625 0.421875
vt 0.078125 0.421875
vt 0.078125 0.4140625
vt 0.15625 0.3828125
vt 0.15625 0.390625
vt 0.171875 0.390625
vt 0.171875 0.3828125
vt 0.05078125 0.3984375
vt 0.05078125 0.40625
vt 0.125 0.40625
vt 0.125 0.3984375
vt 0.09375 0.3828125
vt 0.09375 0.390625
vt 0.16796875 0.390625
vt 0.16796875 0.3828125
vt 0.06640625 0.34375
vt 0.06640625 0.41796875
vt 0.078125 0.41796875
vt 0.078125 0.34375
vt 0.05078125 0.34765625
vt 0.05078125 0.421875
vt 0.0625 0.421875
vt 0.0625 0.34765625
vt 0.14453125 0.3671875
vt 0.14453125 0.375
vt 0.15625 0.375
vt 0.15625 0.3671875
vt 0.109375 0.3828125
vt 0.109375 0.390625
vt 0.12109375 0.390625
vt 0.12109375 0.3828125
vt 0.14453125 0.3671875
vt 0.14453125 0.375
vt 0.21875 0.375
vt 0.21875 0.3671875
vt 0.125 0.3828125
vt 0.125 0.390625
vt 0.19921875 0.390625
vt 0.19921875 0.3828125
vt 0.09765625 0.34375
vt 0.09765625 0.41796875
vt 0.10362421875 0.41796875
vt 0.10362421875 0.34375
vt 0.11328125 0.33203125
vt 0.11328125 0.40625
vt 0.11924921875 0.40625
vt 0.11924921875 0.33203125
vt 0.08203125 0.3671875
vt 0.08203125 0.375
vt 0.08799921875 0.375
vt 0.08799921875 0.3671875
vt 0.078125 0.3984375
vt 0.078125 0.40625
vt 0.08409296875 0.40625
vt 0.08409296875 0.3984375
vt 0.328125 0.515625
vt 0.328125 0.625
vt 0.309375 0.625
vt 0.309375 0.515625
vt 0.33125 0.515625
vt 0.33125 0.625
vt 0.3125 0.625
vt 0.3125 0.515625
vt 0.359375 0.653125
vt 0.359375 0.671875
vt 0.34375 0.671875
vt 0.34375 0.653125
vt 0.3125 0.65625
vt 0.3125 0.675
vt 0.296875 0.675
vt 0.296875 0.65625
vt 0.328125 0.515625
vt 0.328125 0.625
vt 0.3125 0.625
vt 0.3125 0.515625
vt 0.921875 0.609375
vt 0.921875 0.71875
vt 0.90625 0.71875
vt 0.90625 0.609375
vt 0.328125 0.515625
vt 0.328125 0.625
vt 0.309375 0.625
vt 0.309375 0.515625
vt 0.33125 0.515625
vt 0.33125 0.625
vt 0.3125 0.625
vt 0.3125 0.515625
vt 0.359375 0.653125
vt 0.359375 0.671875
vt 0.34375 0.671875
vt 0.34375 0.653125
vt 0.3125 0.65625
vt 0.3125 0.675
vt 0.296875 0.675
vt 0.296875 0.65625
vt 0.328125 0.515625
vt 0.328125 0.625
vt 0.3125 0.625
vt 0.3125 0.515625
vt 0.921875 0.609375
vt 0.921875 0.71875
vt 0.90625 0.71875
vt 0.90625 0.609375
vt 0.28125 0.203125
vt 0.28125 0.3125
vt 0.265625 0.3125
vt 0.265625 0.203125
vt 0.28125 0.203125
vt 0.28125 0.3125
vt 0.265625 0.3125
vt 0.265625 0.203125
vt 0.40625 0.296875
vt 0.40625 0.3125
vt 0.265625 0.3125
vt 0.265625 0.296875
vt 0.40625 0.296875
vt 0.40625 0.3125
vt 0.265625 0.3125
vt 0.265625 0.296875
vt 0.40625 0.203125
vt 0.40625 0.3125
vt 0.265625 0.3125
vt 0.265625 0.203125
vt 0.40625 0.203125
vt 0.40625 0.3125
vt 0.265625 0.3125
vt 0.265625 0.203125
vt 0.9375 0.015625
vt 0.9375 0.0625
vt 0.9359375 0.0625
vt 0.9359375 0.015625
vt 0.9234375 0
vt 0.9234375 0.046875
vt 0.921875 0.046875
vt 0.921875 0
vt 0.984375 0.06093749999999998
vt 0.984375 0.0625
vt 0.921875 0.0625
vt 0.921875 0.06093749999999998
vt 0.984375 0.046875
vt 0.984375 0.04843750000000002
vt 0.921875 0.04843750000000002
vt 0.921875 0.046875
vt 0.96875 0.015625
vt 0.96875 0.0625
vt 0.90625 0.0625
vt 0.90625 0.015625
vt 0.359375 0.359375
vt 0.359375 0.40625
vt 0.296875 0.40625
vt 0.296875 0.359375
vt 0.125 0.3671875
vt 0.125 0.375
vt 0.046875 0.375
vt 0.046875 0.3671875
vt 0.109375 0.3984375
vt 0.109375 0.40625
vt 0.03125 0.40625
vt 0.03125 0.3984375
vt 0.0625 0.328125
vt 0.0625 0.40625
vt 0.03125 0.40625
vt 0.03125 0.328125
vt 0.0625 0.34375
vt 0.0625 0.421875
vt 0.03125 0.421875
vt 0.03125 0.34375
vt 0.09375 0.3671875
vt 0.09375 0.375
vt 0.0625 0.375
vt 0.0625 0.3671875
vt 0.125 0.3828125
vt 0.125 0.390625
vt 0.09375 0.390625
vt 0.09375 0.3828125
vt 0.11328125 0.3984375
vt 0.11328125 0.40625
vt 0.046875 0.40625
vt 0.046875 0.3984375
vt 0.140625 0.3984375
vt 0.140625 0.40625
vt 0.07421875 0.40625
vt 0.07421875 0.3984375
vt 0.0625 0.34375
vt 0.0625 0.41015625
vt 0.05078125 0.41015625
vt 0.05078125 0.34375
vt 0.0625 0.35546875
vt 0.0625 0.421875
vt 0.05078125 0.421875
vt 0.05078125 0.35546875
vt 0.078125 0.3984375
vt 0.078125 0.40625
vt 0.06640625 0.40625
vt 0.06640625 0.3984375
vt 0.08984375 0.3984375
vt 0.08984375 0.40625
vt 0.078125 0.40625
vt 0.078125 0.3984375
vt 0.19921875 0.3828125
vt 0.19921875 0.390625
vt 0.125 0.390625
vt 0.125 0.3828125
vt 0.21875 0.3671875
vt 0.21875 0.375
vt 0.14453125 0.375
vt 0.14453125 0.3671875
vt 0.10362421875 0.34375
vt 0.10362421875 0.41796875
vt 0.09765625 0.41796875
vt 0.09765625 0.34375
vt 0.11924921875 0.33203125
vt 0.11924921875 0.40625
vt 0.11328125 0.40625
vt 0.11328125 0.33203125
vt 0.08799921875 0.3671875
vt 0.08799921875 0.375
vt 0.08203125 0.375
vt 0.08203125 0.3671875
vt 0.08409296875 0.3984375
vt 0.08409296875 0.40625
vt 0.078125 0.40625
vt 0.078125 0.3984375
vt 0.16796875 0.3828125
vt 0.16796875 0.390625
vt 0.09375 0.390625
vt 0.09375 0.3828125
vt 0.125 0.3984375
vt 0.125 0.40625
vt 0.05078125 0.40625
vt 0.05078125 0.3984375
vt 0.078125 0.34375
vt 0.078125 0.41796875
vt 0.06640625 0.41796875
vt 0.06640625 0.34375
vt 0.0625 0.34765625
vt 0.0625 0.421875
vt 0.05078125 0.421875
vt 0.05078125 0.34765625
vt 0.15625 0.3671875
vt 0.15625 0.375
vt 0.14453125 0.375
vt 0.14453125 0.3671875
vt 0.12109375 0.3828125
vt 0.12109375 0.390625
vt 0.109375 0.390625
vt 0.109375 0.3828125
vt 0.15625 0.3671875
vt 0.15625 0.375
vt 0.09375 0.375
vt 0.09375 0.3671875
vt 0.125 0.3828125
vt 0.125 0.390625
vt 0.0625 0.390625
vt 0.0625 0.3828125
vt 0.0625 0.34375
vt 0.0625 0.40625
vt 0.046875 0.40625
vt 0.046875 0.34375
vt 0.078125 0.3125
vt 0.078125 0.375
vt 0.0625 0.375
vt 0.0625 0.3125
vt 0.078125 0.4140625
vt 0.078125 0.421875
vt 0.0625 0.421875
vt 0.0625 0.4140625
vt 0.171875 0.3828125
vt 0.171875 0.390625
vt 0.15625 0.390625
vt 0.15625 0.3828125
vt 0.171875 0.3828125
vt 0.171875 0.390625
vt 0.125 0.390625
vt 0.125 0.3828125
vt 0.140625 0.3984375
vt 0.140625 0.40625
vt 0.09375 0.40625
vt 0.09375 0.3984375
vt 0.15625 0.34375
vt 0.15625 0.390625
vt 0.1484375 0.390625
vt 0.1484375 0.34375
vt 0.109375 0.328125
vt 0.109375 0.375
vt 0.1015625 0.375
vt 0.1015625 0.328125
vt 0.1875 0.3671875
vt 0.1875 0.375
vt 0.1796875 0.375
vt 0.1796875 0.3671875
vt 0.1953125 0.3828125
vt 0.1953125 0.390625
vt 0.1875 0.390625
vt 0.1875 0.3828125
vt 0.07421875 0.3984375
vt 0.07421875 0.40625
vt 0.140625 0.40625
vt 0.140625 0.3984375
vt 0.046875 0.3984375
vt 0.046875 0.40625
vt 0.11328125 0.40625
vt 0.11328125 0.3984375
vt 0.05078125 0.34375
vt 0.05078125 0.41015625
vt 0.0625 0.41015625
vt 0.0625 0.34375
vt 0.05078125 0.35546875
vt 0.05078125 0.421875
vt 0.0625 0.421875
vt 0.0625 0.35546875
vt 0.06640625 0.3984375
vt 0.06640625 0.40625
vt 0.078125 0.40625
vt 0.078125 0.3984375
vt 0.078125 0.3984375
vt 0.078125 0.40625
vt 0.08984375 0.40625
vt 0.08984375 0.3984375
vt 0.09375 0.3984375
vt 0.09375 0.40625
vt 0.140625 0.40625
vt 0.140625 0.3984375
vt 0.125 0.3828125
vt 0.125 0.390625
vt 0.171875 0.390625
vt 0.171875 0.3828125
vt 0.1484375 0.34375
vt 0.1484375 0.390625
vt 0.15625 0.390625
vt 0.15625 0.34375
vt 0.1015625 0.328125
vt 0.1015625 0.375
vt 0.109375 0.375
vt 0.109375 0.328125
vt 0.1796875 0.3671875
vt 0.1796875 0.375
vt 0.1875 0.375
vt 0.1875 0.3671875
vt 0.1875 0.3828125
vt 0.1875 0.390625
vt 0.1953125 0.390625
vt 0.1953125 0.3828125
vt 0.0625 0.3828125
vt 0.0625 0.390625
vt 0.125 0.390625
vt 0.125 0.3828125
vt 0.09375 0.3671875
vt 0.09375 0.375
vt 0.15625 0.375
vt 0.15625 0.3671875
vt 0.046875 0.34375
vt 0.046875 0.40625
vt 0.0625 0.40625
vt 0.0625 0.34375
vt 0.0625 0.3125
vt 0.0625 0.375
vt 0.078125 0.375
vt 0.078125 0.3125
vt 0.0625 0.4140625
vt 0.0625 0.421875
vt 0.078125 0.421875
vt 0.078125 0.4140625
vt 0.15625 0.3828125
vt 0.15625 0.390625
vt 0.171875 0.390625
vt 0.171875 0.3828125
vt 0.05078125 0.3984375
vt 0.05078125 0.40625
vt 0.125 0.40625
vt 0.125 0.3984375
vt 0.09375 0.3828125
vt 0.09375 0.390625
vt 0.16796875 0.390625
vt 0.16796875 0.3828125
vt 0.06640625 0.34375
vt 0.06640625 0.41796875
vt 0.078125 0.41796875
vt 0.078125 0.34375
vt 0.05078125 0.34765625
vt 0.05078125 0.421875
vt 0.0625 0.421875
vt 0.0625 0.34765625
vt 0.14453125 0.3671875
vt 0.14453125 0.375
vt 0.15625 0.375
vt 0.15625 0.3671875
vt 0.109375 0.3828125
vt 0.109375 0.390625
vt 0.12109375 0.390625
vt 0.12109375 0.3828125
vt 0.14453125 0.3671875
vt 0.14453125 0.375
vt 0.21875 0.375
vt 0.21875 0.3671875
vt 0.125 0.3828125
vt 0.125 0.390625
vt 0.19921875 0.390625
vt 0.19921875 0.3828125
vt 0.09765625 0.34375
vt 0.09765625 0.41796875
vt 0.10362421875 0.41796875
vt 0.10362421875 0.34375
vt 0.11328125 0.33203125
vt 0.11328125 0.40625
vt 0.11924921875 0.40625
vt 0.11924921875 0.33203125
vt 0.08203125 0.3671875
vt 0.08203125 0.375
vt 0.08799921875 0.375
vt 0.08799921875 0.3671875
vt 0.078125 0.3984375
vt 0.078125 0.40625
vt 0.08409296875 0.40625
vt 0.08409296875 0.3984375
vt 0.9375 0.015625
vt 0.9375 0.0625
vt 0.9359375 0.0625
vt 0.9359375 0.015625
vt 0.9234375 0
vt 0.9234375 0.046875
vt 0.921875 0.046875
vt 0.921875 0
vt 0.984375 0.06093749999999998
vt 0.984375 0.0625
vt 0.921875 0.0625
vt 0.921875 0.06093749999999998
vt 0.984375 0.046875
vt 0.984375 0.04843750000000002
vt 0.921875 0.04843750000000002
vt 0.921875 0.046875
vt 0.96875 0.015625
vt 0.96875 0.0625
vt 0.90625 0.0625
vt 0.90625 0.015625
vt 0.359375 0.359375
vt 0.359375 0.40625
vt 0.296875 0.40625
vt 0.296875 0.359375
vt 0.125 0.3671875
vt 0.125 0.375
vt 0.046875 0.375
vt 0.046875 0.3671875
vt 0.109375 0.3984375
vt 0.109375 0.40625
vt 0.03125 0.40625
vt 0.03125 0.3984375
vt 0.0625 0.328125
vt 0.0625 0.40625
vt 0.03125 0.40625
vt 0.03125 0.328125
vt 0.0625 0.34375
vt 0.0625 0.421875
vt 0.03125 0.421875
vt 0.03125 0.34375
vt 0.09375 0.3671875
vt 0.09375 0.375
vt 0.0625 0.375
vt 0.0625 0.3671875
vt 0.125 0.3828125
vt 0.125 0.390625
vt 0.09375 0.390625
vt 0.09375 0.3828125
vt 0.11328125 0.3984375
vt 0.11328125 0.40625
vt 0.046875 0.40625
vt 0.046875 0.3984375
vt 0.140625 0.3984375
vt 0.140625 0.40625
vt 0.07421875 0.40625
vt 0.07421875 0.3984375
vt 0.0625 0.34375
vt 0.0625 0.41015625
vt 0.05078125 0.41015625
vt 0.05078125 0.34375
vt 0.0625 0.35546875
vt 0.0625 0.421875
vt 0.05078125 0.421875
vt 0.05078125 0.35546875
vt 0.078125 0.3984375
vt 0.078125 0.40625
vt 0.06640625 0.40625
vt 0.06640625 0.3984375
vt 0.08984375 0.3984375
vt 0.08984375 0.40625
vt 0.078125 0.40625
vt 0.078125 0.3984375
vt 0.19921875 0.3828125
vt 0.19921875 0.390625
vt 0.125 0.390625
vt 0.125 0.3828125
vt 0.21875 0.3671875
vt 0.21875 0.375
vt 0.14453125 0.375
vt 0.14453125 0.3671875
vt 0.10362421875 0.34375
vt 0.10362421875 0.41796875
vt 0.09765625 0.41796875
vt 0.09765625 0.34375
vt 0.11924921875 0.33203125
vt 0.11924921875 0.40625
vt 0.11328125 0.40625
vt 0.11328125 0.33203125
vt 0.08799921875 0.3671875
vt 0.08799921875 0.375
vt 0.08203125 0.375
vt 0.08203125 0.3671875
vt 0.08409296875 0.3984375
vt 0.08409296875 0.40625
vt 0.078125 0.40625
vt 0.078125 0.3984375
vt 0.16796875 0.3828125
vt 0.16796875 0.390625
vt 0.09375 0.390625
vt 0.09375 0.3828125
vt 0.125 0.3984375
vt 0.125 0.40625
vt 0.05078125 0.40625
vt 0.05078125 0.3984375
vt 0.078125 0.34375
vt 0.078125 0.41796875
vt 0.06640625 0.41796875
vt 0.06640625 0.34375
vt 0.0625 0.34765625
vt 0.0625 0.421875
vt 0.05078125 0.421875
vt 0.05078125 0.34765625
vt 0.15625 0.3671875
vt 0.15625 0.375
vt 0.14453125 0.375
vt 0.14453125 0.3671875
vt 0.12109375 0.3828125
vt 0.12109375 0.390625
vt 0.109375 0.390625
vt 0.109375 0.3828125
vt 0.15625 0.3671875
vt 0.15625 0.375
vt 0.09375 0.375
vt 0.09375 0.3671875
vt 0.125 0.3828125
vt 0.125 0.390625
vt 0.0625 0.390625
vt 0.0625 0.3828125
vt 0.0625 0.34375
vt 0.0625 0.40625
vt 0.046875 0.40625
vt 0.046875 0.34375
vt 0.078125 0.3125
vt 0.078125 0.375
vt 0.0625 0.375
vt 0.0625 0.3125
vt 0.078125 0.4140625
vt 0.078125 0.421875
vt 0.0625 0.421875
vt 0.0625 0.4140625
vt 0.171875 0.3828125
vt 0.171875 0.390625
vt 0.15625 0.390625
vt 0.15625 0.3828125
vt 0.171875 0.3828125
vt 0.171875 0.390625
vt 0.125 0.390625
vt 0.125 0.3828125
vt 0.140625 0.3984375
vt 0.140625 0.40625
vt 0.09375 0.40625
vt 0.09375 0.3984375
vt 0.15625 0.34375
vt 0.15625 0.390625
vt 0.1484375 0.390625
vt 0.1484375 0.34375
vt 0.109375 0.328125
vt 0.109375 0.375
vt 0.1015625 0.375
vt 0.1015625 0.328125
vt 0.1875 0.3671875
vt 0.1875 0.375
vt 0.1796875 0.375
vt 0.1796875 0.3671875
vt 0.1953125 0.3828125
vt 0.1953125 0.390625
vt 0.1875 0.390625
vt 0.1875 0.3828125
vt 0.07421875 0.3984375
vt 0.07421875 0.40625
vt 0.140625 0.40625
vt 0.140625 0.3984375
vt 0.046875 0.3984375
vt 0.046875 0.40625
vt 0.11328125 0.40625
vt 0.11328125 0.3984375
vt 0.05078125 0.34375
vt 0.05078125 0.41015625
vt 0.0625 0.41015625
vt 0.0625 0.34375
vt 0.05078125 0.35546875
vt 0.05078125 0.421875
vt 0.0625 0.421875
vt 0.0625 0.35546875
vt 0.06640625 0.3984375
vt 0.06640625 0.40625
vt 0.078125 0.40625
vt 0.078125 0.3984375
vt 0.078125 0.3984375
vt 0.078125 0.40625
vt 0.08984375 0.40625
vt 0.08984375 0.3984375
vt 0.09375 0.3984375
vt 0.09375 0.40625
vt 0.140625 0.40625
vt 0.140625 0.3984375
vt 0.125 0.3828125
vt 0.125 0.390625
vt 0.171875 0.390625
vt 0.171875 0.3828125
vt 0.1484375 0.34375
vt 0.1484375 0.390625
vt 0.15625 0.390625
vt 0.15625 0.34375
vt 0.1015625 0.328125
vt 0.1015625 0.375
vt 0.109375 0.375
vt 0.109375 0.328125
vt 0.1796875 0.3671875
vt 0.1796875 0.375
vt 0.1875 0.375
vt 0.1875 0.3671875
vt 0.1875 0.3828125
vt 0.1875 0.390625
vt 0.1953125 0.390625
vt 0.1953125 0.3828125
vt 0.0625 0.3828125
vt 0.0625 0.390625
vt 0.125 0.390625
vt 0.125 0.3828125
vt 0.09375 0.3671875
vt 0.09375 0.375
vt 0.15625 0.375
vt 0.15625 0.3671875
vt 0.046875 0.34375
vt 0.046875 0.40625
vt 0.0625 0.40625
vt 0.0625 0.34375
vt 0.0625 0.3125
vt 0.0625 0.375
vt 0.078125 0.375
vt 0.078125 0.3125
vt 0.0625 0.4140625
vt 0.0625 0.421875
vt 0.078125 0.421875
vt 0.078125 0.4140625
vt 0.15625 0.3828125
vt 0.15625 0.390625
vt 0.171875 0.390625
vt 0.171875 0.3828125
vt 0.05078125 0.3984375
vt 0.05078125 0.40625
vt 0.125 0.40625
vt 0.125 0.3984375
vt 0.09375 0.3828125
vt 0.09375 0.390625
vt 0.16796875 0.390625
vt 0.16796875 0.3828125
vt 0.06640625 0.34375
vt 0.06640625 0.41796875
vt 0.078125 0.41796875
vt 0.078125 0.34375
vt 0.05078125 0.34765625
vt 0.05078125 0.421875
vt 0.0625 0.421875
vt 0.0625 0.34765625
vt 0.14453125 0.3671875
vt 0.14453125 0.375
vt 0.15625 0.375
vt 0.15625 0.3671875
vt 0.109375 0.3828125
vt 0.109375 0.390625
vt 0.12109375 0.390625
vt 0.12109375 0.3828125
vt 0.14453125 0.3671875
vt 0.14453125 0.375
vt 0.21875 0.375
vt 0.21875 0.3671875
vt 0.125 0.3828125
vt 0.125 0.390625
vt 0.19921875 0.390625
vt 0.19921875 0.3828125
vt 0.09765625 0.34375
vt 0.09765625 0.41796875
vt 0.10362421875 0.41796875
vt 0.10362421875 0.34375
vt 0.11328125 0.33203125
vt 0.11328125 0.40625
vt 0.11924921875 0.40625
vt 0.11924921875 0.33203125
vt 0.08203125 0.3671875
vt 0.08203125 0.375
vt 0.08799921875 0.375
vt 0.08799921875 0.3671875
vt 0.078125 0.3984375
vt 0.078125 0.40625
vt 0.08409296875 0.40625
vt 0.08409296875 0.3984375
vt 0.328125 0.515625
vt 0.328125 0.625
vt 0.309375 0.625
vt 0.309375 0.515625
vt 0.33125 0.515625
vt 0.33125 0.625
vt 0.3125 0.625
vt 0.3125 0.515625
vt 0.359375 0.653125
vt 0.359375 0.671875
vt 0.34375 0.671875
vt 0.34375 0.653125
vt 0.3125 0.65625
vt 0.3125 0.675
vt 0.296875 0.675
vt 0.296875 0.65625
vt 0.328125 0.515625
vt 0.328125 0.625
vt 0.3125 0.625
vt 0.3125 0.515625
vt 0.921875 0.609375
vt 0.921875 0.71875
vt 0.90625 0.71875
vt 0.90625 0.609375
vt 0.328125 0.515625
vt 0.328125 0.625
vt 0.309375 0.625
vt 0.309375 0.515625
vt 0.33125 0.515625
vt 0.33125 0.625
vt 0.3125 0.625
vt 0.3125 0.515625
vt 0.359375 0.653125
vt 0.359375 0.671875
vt 0.34375 0.671875
vt 0.34375 0.653125
vt 0.3125 0.65625
vt 0.3125 0.675
vt 0.296875 0.675
vt 0.296875 0.65625
vt 0.328125 0.515625
vt 0.328125 0.625
vt 0.3125 0.625
vt 0.3125 0.515625
vt 0.921875 0.609375
vt 0.921875 0.71875
vt 0.90625 0.71875
vt 0.90625 0.609375
vt 0.28125 0.203125
vt 0.28125 0.3125
vt 0.265625 0.3125
vt 0.265625 0.203125
vt 0.28125 0.203125
vt 0.28125 0.3125
vt 0.265625 0.3125
vt 0.265625 0.203125
vt 0.40625 0.296875
vt 0.40625 0.3125
vt 0.265625 0.3125
vt 0.265625 0.296875
vt 0.40625 0.296875
vt 0.40625 0.3125
vt 0.265625 0.3125
vt 0.265625 0.296875
vt 0.40625 0.203125
vt 0.40625 0.3125
vt 0.265625 0.3125
vt 0.265625 0.203125
vt 0.40625 0.203125
vt 0.40625 0.3125
vt 0.265625 0.3125
vt 0.265625 0.203125
vt 0.328125 0.515625
vt 0.328125 0.625
vt 0.309375 0.625
vt 0.309375 0.515625
vt 0.33125 0.515625
vt 0.33125 0.625
vt 0.3125 0.625
vt 0.3125 0.515625
vt 0.359375 0.653125
vt 0.359375 0.671875
vt 0.34375 0.671875
vt 0.34375 0.653125
vt 0.3125 0.65625
vt 0.3125 0.675
vt 0.296875 0.675
vt 0.296875 0.65625
vt 0.328125 0.515625
vt 0.328125 0.625
vt 0.3125 0.625
vt 0.3125 0.515625
vt 0.921875 0.609375
vt 0.921875 0.71875
vt 0.90625 0.71875
vt 0.90625 0.609375
vt 0.328125 0.515625
vt 0.328125 0.625
vt 0.309375 0.625
vt 0.309375 0.515625
vt 0.33125 0.515625
vt 0.33125 0.625
vt 0.3125 0.625
vt 0.3125 0.515625
vt 0.359375 0.653125
vt 0.359375 0.671875
vt 0.34375 0.671875
vt 0.34375 0.653125
vt 0.3125 0.65625
vt 0.3125 0.675
vt 0.296875 0.675
vt 0.296875 0.65625
vt 0.328125 0.515625
vt 0.328125 0.625
vt 0.3125 0.625
vt 0.3125 0.515625
vt 0.921875 0.609375
vt 0.921875 0.71875
vt 0.90625 0.71875
vt 0.90625 0.609375
vt 0.015625 0.984375
vt 0.015625 1
vt 0 1
vt 0 0.984375
vt 0.03125 0.984375
vt 0.03125 1
vt 0.015625 1
vt 0.015625 0.984375
vt 0.046875 0.96875
vt 0.046875 0.984375
vt 0 0.984375
vt 0 0.96875
vt 0.046875 0.984375
vt 0.046875 1
vt 0 1
vt 0 0.984375
vt 0.046875 0.984375
vt 0.046875 1
vt 0 1
vt 0 0.984375
vt 0.046875 0.984375
vt 0.046875 1
vt 0 1
vt 0 0.984375
vt 0.015625 0.984375
vt 0.015625 1
vt 0.03125 1
vt 0.03125 0.984375
vt 0 0.984375
vt 0 1
vt 0.015625 1
vt 0.015625 0.984375
vt 0 0.96875
vt 0 0.984375
vt 0.046875 0.984375
vt 0.046875 0.96875
vt 0 0.984375
vt 0 1
vt 0.046875 1
vt 0.046875 0.984375
vt 0 0.984375
vt 0 1
vt 0.046875 1
vt 0.046875 0.984375
vt 0 0.984375
vt 0 1
vt 0.046875 1
vt 0.046875 0.984375
vt 0.125 0.890625
vt 0.125 1
vt 0.09375 1
vt 0.09375 0.890625
vt 0.125 0.890625
vt 0.125 1
vt 0.09375 1
vt 0.09375 0.890625
vt 0.109375 0.96875
vt 0.109375 1
vt 0.09375 1
vt 0.09375 0.96875
vt 0.125 0.96875
vt 0.125 1
vt 0.109375 1
vt 0.109375 0.96875
vt 0.109375 0.890625
vt 0.109375 1
vt 0.09375 1
vt 0.09375 0.890625
vt 0.125 0.890625
vt 0.125 1
vt 0.109375 1
vt 0.109375 0.890625
vt 0.125 0.890625
vt 0.125 1
vt 0.09375 1
vt 0.09375 0.890625
vt 0.125 0.890625
vt 0.125 1
vt 0.09375 1
vt 0.09375 0.890625
vt 0.109375 0.96875
vt 0.109375 1
vt 0.09375 1
vt 0.09375 0.96875
vt 0.125 0.96875
vt 0.125 1
vt 0.109375 1
vt 0.109375 0.96875
vt 0.109375 0.890625
vt 0.109375 1
vt 0.09375 1
vt 0.09375 0.890625
vt 0.125 0.890625
vt 0.125 1
vt 0.109375 1
vt 0.109375 0.890625
vt 0.01953125 0.96875
vt 0.01953125 0.984375
vt 0 0.984375
vt 0 0.96875
vt 0.03515625 0.96875
vt 0.03515625 0.984375
vt 0.015625 0.984375
vt 0.015625 0.96875
vt 0.078125 0.96484375
vt 0.078125 0.984375
vt 0 0.984375
vt 0 0.96484375
vt 0.078125 0.98046875
vt 0.078125 1
vt 0 1
vt 0 0.98046875
vt 0.078125 0.96875
vt 0.078125 0.984375
vt 0 0.984375
vt 0 0.96875
vt 0.078125 0.96875
vt 0.078125 0.984375
vt 0 0.984375
vt 0 0.96875
vt 0.015625 0.984375
vt 0.015625 1
vt 0 1
vt 0 0.984375
vt 0.03125 0.984375
vt 0.03125 1
vt 0.015625 1
vt 0.015625 0.984375
vt 0.046875 0.96875
vt 0.046875 0.984375
vt 0 0.984375
vt 0 0.96875
vt 0.046875 0.984375
vt 0.046875 1
vt 0 1
vt 0 0.984375
vt 0.046875 0.984375
vt 0.046875 1
vt 0 1
vt 0 0.984375
vt 0.046875 0.984375
vt 0.046875 1
vt 0 1
vt 0 0.984375
vt 0.015625 0.984375
vt 0.015625 1
vt 0.03125 1
vt 0.03125 0.984375
vt 0 0.984375
vt 0 1
vt 0.015625 1
vt 0.015625 0.984375
vt 0 0.96875
vt 0 0.984375
vt 0.046875 0.984375
vt 0.046875 0.96875
vt 0 0.984375
vt 0 1
vt 0.046875 1
vt 0.046875 0.984375
vt 0 0.984375
vt 0 1
vt 0.046875 1
vt 0.046875 0.984375
vt 0 0.984375
vt 0 1
vt 0.046875 1
vt 0.046875 0.984375
vt 0.125 0.890625
vt 0.125 1
vt 0.09375 1
vt 0.09375 0.890625
vt 0.125 0.890625
vt 0.125 1
vt 0.09375 1
vt 0.09375 0.890625
vt 0.109375 0.96875
vt 0.109375 1
vt 0.09375 1
vt 0.09375 0.96875
vt 0.125 0.96875
vt 0.125 1
vt 0.109375 1
vt 0.109375 0.96875
vt 0.109375 0.890625
vt 0.109375 1
vt 0.09375 1
vt 0.09375 0.890625
vt 0.125 0.890625
vt 0.125 1
vt 0.109375 1
vt 0.109375 0.890625
vt 0.125 0.890625
vt 0.125 1
vt 0.09375 1
vt 0.09375 0.890625
vt 0.125 0.890625
vt 0.125 1
vt 0.09375 1
vt 0.09375 0.890625
vt 0.109375 0.96875
vt 0.109375 1
vt 0.09375 1
vt 0.09375 0.96875
vt 0.125 0.96875
vt 0.125 1
vt 0.109375 1
vt 0.109375 0.96875
vt 0.109375 0.890625
vt 0.109375 1
vt 0.09375 1
vt 0.09375 0.890625
vt 0.125 0.890625
vt 0.125 1
vt 0.109375 1
vt 0.109375 0.890625
vt 0.01953125 0.96875
vt 0.01953125 0.984375
vt 0 0.984375
vt 0 0.96875
vt 0.03515625 0.96875
vt 0.03515625 0.984375
vt 0.015625 0.984375
vt 0.015625 0.96875
vt 0.078125 0.96484375
vt 0.078125 0.984375
vt 0 0.984375
vt 0 0.96484375
vt 0.078125 0.98046875
vt 0.078125 1
vt 0 1
vt 0 0.98046875
vt 0.078125 0.96875
vt 0.078125 0.984375
vt 0 0.984375
vt 0 0.96875
vt 0.078125 0.96875
vt 0.078125 0.984375
vt 0 0.984375
vt 0 0.96875
vt 0.015625 0.984375
vt 0.015625 1
vt 0 1
vt 0 0.984375
vt 0.03125 0.984375
vt 0.03125 1
vt 0.015625 1
vt 0.015625 0.984375
vt 0.046875 0.96875
vt 0.046875 0.984375
vt 0 0.984375
vt 0 0.96875
vt 0.046875 0.984375
vt 0.046875 1
vt 0 1
vt 0 0.984375
vt 0.046875 0.984375
vt 0.046875 1
vt 0 1
vt 0 0.984375
vt 0.046875 0.984375
vt 0.046875 1
vt 0 1
vt 0 0.984375
vt 0.015625 0.984375
vt 0.015625 1
vt 0.03125 1
vt 0.03125 0.984375
vt 0 0.984375
vt 0 1
vt 0.015625 1
vt 0.015625 0.984375
vt 0 0.96875
vt 0 0.984375
vt 0.046875 0.984375
vt 0.046875 0.96875
vt 0 0.984375
vt 0 1
vt 0.046875 1
vt 0.046875 0.984375
vt 0 0.984375
vt 0 1
vt 0.046875 1
vt 0.046875 0.984375
vt 0 0.984375
vt 0 1
vt 0.046875 1
vt 0.046875 0.984375
vt 0.125 0.890625
vt 0.125 1
vt 0.09375 1
vt 0.09375 0.890625
vt 0.125 0.890625
vt 0.125 1
vt 0.09375 1
vt 0.09375 0.890625
vt 0.109375 0.96875
vt 0.109375 1
vt 0.09375 1
vt 0.09375 0.96875
vt 0.125 0.96875
vt 0.125 1
vt 0.109375 1
vt 0.109375 0.96875
vt 0.109375 0.890625
vt 0.109375 1
vt 0.09375 1
vt 0.09375 0.890625
vt 0.125 0.890625
vt 0.125 1
vt 0.109375 1
vt 0.109375 0.890625
vt 0.125 0.890625
vt 0.125 1
vt 0.09375 1
vt 0.09375 0.890625
vt 0.125 0.890625
vt 0.125 1
vt 0.09375 1
vt 0.09375 0.890625
vt 0.109375 0.96875
vt 0.109375 1
vt 0.09375 1
vt 0.09375 0.96875
vt 0.125 0.96875
vt 0.125 1
vt 0.109375 1
vt 0.109375 0.96875
vt 0.109375 0.890625
vt 0.109375 1
vt 0.09375 1
vt 0.09375 0.890625
vt 0.125 0.890625
vt 0.125 1
vt 0.109375 1
vt 0.109375 0.890625
vt 0.01953125 0.96875
vt 0.01953125 0.984375
vt 0 0.984375
vt 0 0.96875
vt 0.03515625 0.96875
vt 0.03515625 0.984375
vt 0.015625 0.984375
vt 0.015625 0.96875
vt 0.078125 0.96484375
vt 0.078125 0.984375
vt 0 0.984375
vt 0 0.96484375
vt 0.078125 0.98046875
vt 0.078125 1
vt 0 1
vt 0 0.98046875
vt 0.078125 0.96875
vt 0.078125 0.984375
vt 0 0.984375
vt 0 0.96875
vt 0.078125 0.96875
vt 0.078125 0.984375
vt 0 0.984375
vt 0 0.96875
vt 0.015625 0.984375
vt 0.015625 1
vt 0 1
vt 0 0.984375
vt 0.03125 0.984375
vt 0.03125 1
vt 0.015625 1
vt 0.015625 0.984375
vt 0.046875 0.96875
vt 0.046875 0.984375
vt 0 0.984375
vt 0 0.96875
vt 0.046875 0.984375
vt 0.046875 1
vt 0 1
vt 0 0.984375
vt 0.046875 0.984375
vt 0.046875 1
vt 0 1
vt 0 0.984375
vt 0.046875 0.984375
vt 0.046875 1
vt 0 1
vt 0 0.984375
vt 0.046875 0.984375
vt 0.046875 1
vt 0.03125 1
vt 0.03125 0.984375
vt 0.03125 0.984375
vt 0.03125 1
vt 0.015625 1
vt 0.015625 0.984375
vt 0.09375 0.96875
vt 0.09375 0.984375
vt 0.046875 0.984375
vt 0.046875 0.96875
vt 0.09375 0.984375
vt 0.09375 1
vt 0.046875 1
vt 0.046875 0.984375
vt 0.09375 0.984375
vt 0.09375 1
vt 0.046875 1
vt 0.046875 0.984375
vt 0.09375 0.984375
vt 0.09375 1
vt 0.046875 1
vt 0.046875 0.984375
vt 0.125 0.890625
vt 0.125 1
vt 0.09375 1
vt 0.09375 0.890625
vt 0.125 0.890625
vt 0.125 1
vt 0.09375 1
vt 0.09375 0.890625
vt 0.109375 0.96875
vt 0.109375 1
vt 0.09375 1
vt 0.09375 0.96875
vt 0.125 0.96875
vt 0.125 1
vt 0.109375 1
vt 0.109375 0.96875
vt 0.109375 0.890625
vt 0.109375 1
vt 0.09375 1
vt 0.09375 0.890625
vt 0.125 0.890625
vt 0.125 1
vt 0.109375 1
vt 0.109375 0.890625
vt 0.125 0.890625
vt 0.125 1
vt 0.09375 1
vt 0.09375 0.890625
vt 0.125 0.890625
vt 0.125 1
vt 0.09375 1
vt 0.09375 0.890625
vt 0.109375 0.96875
vt 0.109375 1
vt 0.09375 1
vt 0.09375 0.96875
vt 0.125 0.96875
vt 0.125 1
vt 0.109375 1
vt 0.109375 0.96875
vt 0.109375 0.890625
vt 0.109375 1
vt 0.09375 1
vt 0.09375 0.890625
vt 0.125 0.890625
vt 0.125 1
vt 0.109375 1
vt 0.109375 0.890625
vt 0.01953125 0.96875
vt 0.01953125 0.984375
vt 0 0.984375
vt 0 0.96875
vt 0.03515625 0.96875
vt 0.03515625 0.984375
vt 0.015625 0.984375
vt 0.015625 0.96875
vt 0.078125 0.96484375
vt 0.078125 0.984375
vt 0 0.984375
vt 0 0.96484375
vt 0.078125 0.98046875
vt 0.078125 1
vt 0 1
vt 0 0.98046875
vt 0.078125 0.96875
vt 0.078125 0.984375
vt 0 0.984375
vt 0 0.96875
vt 0.078125 0.96875
vt 0.078125 0.984375
vt 0 0.984375
vt 0 0.96875
vt 0.046875 0.984375
vt 0.046875 1
vt 0.03125 1
vt 0.03125 0.984375
vt 0.03125 0.984375
vt 0.03125 1
vt 0.015625 1
vt 0.015625 0.984375
vt 0.09375 0.96875
vt 0.09375 0.984375
vt 0.046875 0.984375
vt 0.046875 0.96875
vt 0.09375 0.984375
vt 0.09375 1
vt 0.046875 1
vt 0.046875 0.984375
vt 0.09375 0.984375
vt 0.09375 1
vt 0.046875 1
vt 0.046875 0.984375
vt 0.09375 0.984375
vt 0.09375 1
vt 0.046875 1
vt 0.046875 0.984375
vt 0.125 0.890625
vt 0.125 1
vt 0.09375 1
vt 0.09375 0.890625
vt 0.125 0.890625
vt 0.125 1
vt 0.09375 1
vt 0.09375 0.890625
vt 0.109375 0.96875
vt 0.109375 1
vt 0.09375 1
vt 0.09375 0.96875
vt 0.125 0.96875
vt 0.125 1
vt 0.109375 1
vt 0.109375 0.96875
vt 0.109375 0.890625
vt 0.109375 1
vt 0.09375 1
vt 0.09375 0.890625
vt 0.125 0.890625
vt 0.125 1
vt 0.109375 1
vt 0.109375 0.890625
vt 0.125 0.890625
vt 0.125 1
vt 0.09375 1
vt 0.09375 0.890625
vt 0.125 0.890625
vt 0.125 1
vt 0.09375 1
vt 0.09375 0.890625
vt 0.109375 0.96875
vt 0.109375 1
vt 0.09375 1
vt 0.09375 0.96875
vt 0.125 0.96875
vt 0.125 1
vt 0.109375 1
vt 0.109375 0.96875
vt 0.109375 0.890625
vt 0.109375 1
vt 0.09375 1
vt 0.09375 0.890625
vt 0.125 0.890625
vt 0.125 1
vt 0.109375 1
vt 0.109375 0.890625
vt 0.01953125 0.96875
vt 0.01953125 0.984375
vt 0 0.984375
vt 0 0.96875
vt 0.03515625 0.96875
vt 0.03515625 0.984375
vt 0.015625 0.984375
vt 0.015625 0.96875
vt 0.078125 0.96484375
vt 0.078125 0.984375
vt 0 0.984375
vt 0 0.96484375
vt 0.078125 0.98046875
vt 0.078125 1
vt 0 1
vt 0 0.98046875
vt 0.078125 0.96875
vt 0.078125 0.984375
vt 0 0.984375
vt 0 0.96875
vt 0.078125 0.96875
vt 0.078125 0.984375
vt 0 0.984375
vt 0 0.96875
vt 0.03125 0.9921875
vt 0.03125 1
vt 0 1
vt 0 0.9921875
vt 0.03125 0.9921875
vt 0.03125 1
vt 0 1
vt 0 0.9921875
vt 0.09375 0.96875
vt 0.09375 1
vt 0 1
vt 0 0.96875
vt 0.09375 0.96875
vt 0.09375 1
vt 0 1
vt 0 0.96875
vt 0.09375 0.9921875
vt 0.09375 1
vt 0 1
vt 0 0.9921875
vt 0.09375 0.9921875
vt 0.09375 1
vt 0 1
vt 0 0.9921875
vt 0.03125 0.9921875
vt 0.03125 1
vt 0 1
vt 0 0.9921875
vt 0.03125 0.9921875
vt 0.03125 1
vt 0 1
vt 0 0.9921875
vt 0.09375 0.96875
vt 0.09375 1
vt 0 1
vt 0 0.96875
vt 0.09375 0.96875
vt 0.09375 1
vt 0 1
vt 0 0.96875
vt 0.09375 0.9921875
vt 0.09375 1
vt 0 1
vt 0 0.9921875
vt 0.09375 0.9921875
vt 0.09375 1
vt 0 1
vt 0 0.9921875
vt 0.03125 0.953125
vt 0.03125 0.9921875
vt 0 0.9921875
vt 0 0.953125
vt 0.03125 0.953125
vt 0.03125 0.9921875
vt 0 0.9921875
vt 0 0.953125
vt 0.0703125 0.96875
vt 0.0703125 1
vt 0.0234375 1
vt 0.0234375 0.96875
vt 0.0703125 0.96875
vt 0.0703125 1
vt 0.0234375 1
vt 0.0234375 0.96875
vt 0.0703125 0.953125
vt 0.0703125 0.9921875
vt 0.0234375 0.9921875
vt 0.0234375 0.953125
vt 0.0703125 0.953125
vt 0.0703125 0.9921875
vt 0.0234375 0.9921875
vt 0.0234375 0.953125
vt 0.02734375 0.9921875
vt 0.02734375 1
vt 0.00390625 1
vt 0.00390625 0.9921875
vt 0.02734375 0.9921875
vt 0.02734375 1
vt 0.00390625 1
vt 0.00390625 0.9921875
vt 0.0859375 0.97265625
vt 0.0859375 0.99609375
vt 0.0078125 0.99609375
vt 0.0078125 0.97265625
vt 0.0859375 0.97265625
vt 0.0859375 0.99609375
vt 0.0078125 0.99609375
vt 0.0078125 0.97265625
vt 0.0859375 0.9921875
vt 0.0859375 1
vt 0.0078125 1
vt 0.0078125 0.9921875
vt 0.0859375 0.9921875
vt 0.0859375 1
vt 0.0078125 1
vt 0.0078125 0.9921875
vt 0.15625 0.859375
vt 0.15625 0.90625
vt 0.125 0.90625
vt 0.125 0.859375
vt 0.15625 0.859375
vt 0.15625 0.90625
vt 0.125 0.90625
vt 0.125 0.859375
vt 0.15625 0.875
vt 0.15625 0.90625
vt 0.125 0.90625
vt 0.125 0.875
vt 0.15625 0.875
vt 0.15625 0.90625
vt 0.125 0.90625
vt 0.125 0.875
vt 0.15625 0.859375
vt 0.15625 0.90625
vt 0.125 0.90625
vt 0.125 0.859375
vt 0.15625 0.859375
vt 0.15625 0.90625
vt 0.125 0.90625
vt 0.125 0.859375
vt 0.15625 0.96875
vt 0.15625 1
vt 0.0546875 1
vt 0.0546875 0.96875
vt 0.1015625 0.96875
vt 0.1015625 1
vt 0 1
vt 0 0.96875
vt 0.028125 0.8984375
vt 0.028125 1
vt 0 1
vt 0 0.8984375
vt 0.028125 0.84375
vt 0.028125 0.9453125
vt 0 0.9453125
vt 0 0.84375
vt 0.028125 0.96875
vt 0.028125 1
vt 0 1
vt 0 0.96875
vt 0.03125 0.96875
vt 0.03125 1
vt 0.003125 1
vt 0.003125 0.96875
vt 0.15625 0.96875
vt 0.15625 1
vt 0.0625 1
vt 0.0625 0.96875
vt 0.09375 0.96875
vt 0.09375 1
vt 0 1
vt 0 0.96875
vt 0.03125 0.90625
vt 0.03125 1
vt 0 1
vt 0 0.90625
vt 0.03125 0.84375
vt 0.03125 0.9375
vt 0 0.9375
vt 0 0.84375
vt 0.03125 0.96875
vt 0.03125 1
vt 0 1
vt 0 0.96875
vt 0.03125 0.96875
vt 0.03125 1
vt 0 1
vt 0 0.96875
vt 0.0625 0.90625
vt 0.0625 0.984375
vt 0.046875 0.984375
vt 0.046875 0.90625
vt 0.109375 0.90625
vt 0.109375 0.984375
vt 0.09375 0.984375
vt 0.09375 0.90625
vt 0.09375 0.890625
vt 0.09375 0.90625
vt 0.03125 0.90625
vt 0.03125 0.890625
vt 0.09375 0.9375
vt 0.09375 0.953125
vt 0.03125 0.953125
vt 0.03125 0.9375
vt 0.09375 0.90625
vt 0.09375 0.984375
vt 0.03125 0.984375
vt 0.03125 0.90625
vt 0.09375 0.90625
vt 0.09375 0.984375
vt 0.03125 0.984375
vt 0.03125 0.90625
vt 0.5234375 0.359375
vt 0.5234375 0.421875
vt 0.515625 0.421875
vt 0.515625 0.359375
vt 0.53125 0.359375
vt 0.53125 0.421875
vt 0.5234375 0.421875
vt 0.5234375 0.359375
vt 0.6328125 0.359375
vt 0.6328125 0.3671875
vt 0.5234375 0.3671875
vt 0.5234375 0.359375
vt 0.6328125 0.3671875
vt 0.6328125 0.375
vt 0.5234375 0.375
vt 0.5234375 0.3671875
vt 0.96875 0.34375
vt 0.96875 0.46875
vt 0.75 0.46875
vt 0.75 0.34375
vt 0.703125 0.359375
vt 0.703125 0.484375
vt 0.546875 0.484375
vt 0.546875 0.359375
vn 0.7071067811865476 -0.7071067811865476 0
vn -0.7071067811865476 0.7071067811865476 0
vn -6.370510082025646e-16 -1.5379910383264464e-15 -1
vn -3.0226656158471888e-15 4.755476907488492e-15 1
vn 1 0 0
vn -1 0 0
vn 1.2741077185802193e-15 -3.0759958430453394e-15 -1
vn -1.015057136318083e-15 2.450586780250594e-15 1
vn 0.7071067811865469 0.7071067811865481 0
vn -0.7071067811865476 -0.7071067811865476 0
vn 1.5379910383264487e-15 -6.370510082025688e-16 -1
vn -1.2252858476497753e-15 5.075254439915322e-16 1
vn 0 1 0
vn 0 -1 0
vn 0 0 -1
vn 0 0 1
vn -0.7071067811865464 0.7071067811865488 0
vn 0.7071067811865476 -0.7071067811865476 0
vn 2.2560890434335843e-15 -6.606173136491619e-15 -1
vn 5.075254439915303e-16 1.2252858476497769e-15 1
vn -1 0 0
vn 1 0 0
vn 6.370538592901097e-16 -1.5379979215226697e-15 -1
vn 3.977373766130579e-15 2.4505867802506e-15 1
vn -0.7071067811865482 -0.7071067811865469 0
vn 0.7071067811865476 0.7071067811865476 -4.998457686516237e-15
vn 1.5379910383264466e-15 -6.370510082025679e-16 -1
vn -1.2252858476497759e-15 5.075254439915273e-16 1
vn 0 -1 0
vn 0 1 -7.105427357601002e-15
vn 0 0 -1
vn 0 0 1
vn 0.7071067811865469 -0.7071067811865481 0
vn -0.7071067811865429 0.7071067811865521 0
vn -4.167242068041296e-15 1.992200021512287e-15 -1
vn 4.037716503830262e-15 -2.3049052121889603e-15 1
vn 1 -1.2252933901253e-15 0
vn -1 0 0
vn -3.718323183868437e-15 -3.07599584304533e-15 -1
vn -1.0150571363180563e-15 2.450586780250601e-15 1
vn 0.7071067811865488 0.7071067811865464 0
vn -0.7071067811865468 -0.7071067811865483 0
vn 1.5379910383264675e-15 -6.370510082025562e-16 -1
vn 0 0 1
vn 0 1 0
vn 0 -1 0
vn 0 0 -1
vn 0 0 1
vn -0.7071067811865493 0.7071067811865457 0
vn 0.707106781186546 -0.7071067811865491 0
vn 2.8931400516361905e-15 -5.06818209816523e-15 -1
vn 0 0 1
vn -1 1.2252933901253e-15 0
vn 1 0 0
vn 6.266538621028825e-15 -3.07599584304533e-15 -1
vn -6.007488038766703e-15 2.450586780250607e-15 1
vn -0.7071067811865464 -0.7071067811865488 0
vn 0.707106781186543 0.7071067811865522 -1.0189163745590895e-14
vn 1.5379910383264558e-15 -6.37051008202564e-16 -1
vn -1.2252858476497854e-15 5.0752544399152e-16 1
vn 0 -1 0
vn 0 1 -1.4210854715202054e-14
vn 0 0 -1
vn 0 0 1
vn 0.7071067811865464 -0.7071067811865488 4.901130459344734e-15
vn -0.7071067811865483 0.7071067811865468 -5.19070605907456e-15
vn -1.2741020164051334e-15 -3.075982076652918e-15 -1
vn -3.0226656158471777e-15 4.755476907488481e-15 1
vn 1 0 0
vn -1 0 0
vn 6.370538592900892e-16 -1.537997921522665e-15 -1
vn 3.977373766130538e-15 2.450586780250594e-15 1
vn 0.7071067811865476 0.7071067811865476 0
vn -0.7071067811865483 -0.7071067811865468 0
vn 1.5379910383264566e-15 -6.370510082025643e-16 -1
vn -1.2252858476497779e-15 5.075254439915271e-16 1
vn 0 1 0
vn 0 -1 0
vn 0 0 -1
vn 0 0 1
vn -0.7071067811865469 0.7071067811865481 0
vn 0.7071067811865483 -0.7071067811865468 0
vn -6.370510082025669e-16 -1.5379910383264519e-15 -1
vn -3.0226656158471844e-15 4.755476907488498e-15 1
vn -1 0 0
vn 1 -1.5379979215226697e-15 0
vn -4.355377043158555e-15 -1.537997921522663e-15 -1
vn 3.977373766130577e-15 2.450586780250594e-15 1
vn -0.7071067811865482 -0.7071067811865469 0
vn 0.7071067811865476 0.7071067811865476 0
vn 3.075982076652917e-15 -1.2741020164051178e-15 -1
vn -1.2252858476497818e-15 5.075254439915237e-16 1
vn 0 -1 0
vn 0 1 0
vn 0 0 -1
vn 0 0 1
vn 0.7071067811865488 -0.7071067811865464 0
vn -0.7071067811865468 0.7071067811865483 0
vn -6.370510082025541e-16 -1.537991038326458e-15 -1
vn 1.0150508879830385e-15 2.4505716952995597e-15 1
vn 1 0 0
vn -1 0 0
vn 6.370538592900962e-16 -1.5379979215226744e-15 -1
vn 3.9773737661305744e-15 2.450586780250612e-15 1
vn 0.7071067811865493 0.7071067811865457 0
vn -0.7071067811865498 -0.7071067811865452 0
vn 1.5379910383264544e-15 -6.370510082025635e-16 -1
vn 3.5301910598387545e-15 3.530191059838736e-15 1
vn 0 1 0
vn 0 -1 0
vn 0 0 -1
vn 0 4.992430902448666e-15 1
vn -0.7071067811865488 0.7071067811865464 0
vn 0.7071067811865491 -0.707106781186546 0
vn -6.370510082025538e-16 -1.5379910383264572e-15 -1
vn -3.5301910598387463e-15 3.530191059838734e-15 1
vn -1 0 0
vn 1 0 0
vn 6.370538592900962e-16 -1.5379979215226744e-15 -1
vn -1.015057136318066e-15 2.450586780250612e-15 1
vn -0.7071067811865488 -0.7071067811865464 0
vn 0.7071067811865468 0.7071067811865483 -1.0189163745590789e-14
vn -1.992200021512311e-15 -4.1672420680413056e-15 -1
vn -2.450571695299573e-15 1.015050887983029e-15 1
vn 0 -1 0
vn 0 1 -1.4210854715201955e-14
vn 0 -4.992430902448665e-15 -1
vn 0 0 1
vn 0.7071067811865488 -0.7071067811865464 0
vn -0.707106781186546 0.7071067811865491 0
vn 2.8931400516361803e-15 -5.068182098165221e-15 -1
vn -3.0226656158472266e-15 4.755476907488514e-15 1
vn 1 0 0
vn -1 0 0
vn -4.355377043158544e-15 -1.5379979215226744e-15 -1
vn 8.462276100420188e-15 3.675880170375899e-15 1
vn 0.7071067811865488 0.7071067811865464 0
vn -0.707106781186546 -0.7071067811865491 0
vn 0 0 -1
vn 0 0 1
vn 0 1 0
vn 0 -1 0
vn 0 0 -1
vn 0 0 1
vn -0.7071067811865493 0.7071067811865457 -1.0108581572398524e-14
vn 0.707106781186546 -0.707106781186549 9.99691537303246e-15
vn 3.530191059838747e-15 -3.5301910598387317e-15 -1
vn -7.0603821196774815e-15 7.060382119677493e-15 1
vn -1 0 0
vn 1 0 0
vn -4.355377043158544e-15 -1.5379979215226744e-15 -1
vn 3.4698451979715486e-15 3.675880170375899e-15 1
vn -0.7071067811865495 -0.7071067811865457 0
vn 0.7071067811865468 0.7071067811865483 0
vn 1.5379910383264675e-15 -6.370510082025562e-16 -1
vn -1.225285847649784e-15 5.075254439915195e-16 1
vn 0 -1 0
vn 0 1 0
vn 0 0 -1
vn 0 0 1
vn 2.10230807447753e-16 -1.9430420990890563e-15 -1
vn 0.7071067811865476 -0.7071067811865476 0
vn -2.1023080744774826e-16 1.9430420990890583e-15 1
vn 0 -2.4505867802506e-15 -1
vn 1 0 0
vn 2.487495192938275e-30 2.450586780250594e-15 1
vn -2.1023080744775312e-16 -1.943042099089056e-15 -1
vn 0.7071067811865482 0.7071067811865469 -1.7358170376845982e-15
vn 2.1023080744775312e-16 1.943042099089056e-15 1
vn 0 -2.0301221021717147e-15 -1
vn 0 1 -2.3684757858670005e-15
vn 0 2.0301221021717147e-15 1
vn 2.10230807447753e-16 -1.9430420990890563e-15 -1
vn -0.7071067811865476 0.7071067811865476 -1.6337101531149146e-15
vn -2.10230807447753e-16 1.9430420990890563e-15 1
vn 0 -2.4505867802506e-15 -1
vn -1 0 0
vn -2.487495192938275e-30 2.450586780250594e-15 1
vn -2.1023080744775312e-16 -1.943042099089056e-15 -1
vn -0.7071067811865482 -0.7071067811865469 1.633710153114916e-15
vn 2.1023080744774836e-16 1.943042099089058e-15 1
vn 0 -2.0301221021717147e-15 -1
vn 0 -1 2.3684757858670005e-15
vn 0 2.0301221021717147e-15 1
vn 2.10230807447753e-16 -1.9430420990890563e-15 -1
vn 0.7071067811865476 -0.7071067811865476 0
vn -2.1023080744774826e-16 1.9430420990890583e-15 1
vn 0 -2.4505867802506e-15 -1
vn 1 0 0
vn 2.487495192938275e-30 2.450586780250594e-15 1
vn -2.10230807447753e-16 -1.9430420990890563e-15 -1
vn 0.7071067811865476 0.7071067811865476 -1.7358170376845968e-15
vn 2.10230807447753e-16 1.9430420990890563e-15 1
vn 0 -2.0301221021717147e-15 -1
vn 0 1 -2.3684757858670005e-15
vn 0 2.0301221021717147e-15 1
vn 2.1023080744775312e-16 -1.943042099089056e-15 -1
vn -0.7071067811865482 0.7071067811865469 -1.633710153114916e-15
vn -2.1023080744775312e-16 1.943042099089056e-15 1
vn 0 -2.4505867802506e-15 -1
vn -1 0 0
vn -2.487495192938275e-30 2.450586780250594e-15 1
vn -2.1023080744775312e-16 -1.943042099089056e-15 -1
vn -0.7071067811865482 -0.7071067811865469 1.633710153114916e-15
vn 2.1023080744774836e-16 1.943042099089058e-15 1
vn 0 -2.0301221021717147e-15 -1
vn 0 -1 2.3684757858670005e-15
vn 0 2.0301221021717147e-15 1
vn -1.0150536561290273e-15 -2.4505689271535703e-15 -1
vn 0.7071067811865488 -0.7071067811865464 0
vn 1.0150536561290395e-15 2.4505689271535754e-15 1
vn -5.075305255429262e-16 -1.2252933901253e-15 -1
vn 1 0 0
vn 1.0150610510858574e-15 2.450586780250588e-15 1
vn -2.1023080744774836e-16 -1.943042099089058e-15 -1
vn 0.7071067811865469 0.7071067811865481 -3.3695271907995195e-15
vn 1.4355152710245368e-15 1.4355152710245392e-15 1
vn 0 -2.0301221021717147e-15 -1
vn 0 1 -4.736951571734001e-15
vn 0 2.0301221021717147e-15 1
vn 2.1023080744774826e-16 -1.9430420990890583e-15 -1
vn -0.7071067811865464 0.7071067811865488 -3.369527190799521e-15
vn -1.435515271024536e-15 1.435515271024541e-15 1
vn 5.075305255429262e-16 -1.2252933901253e-15 -1
vn -1 0 0
vn -1.0150610510858574e-15 2.450586780250588e-15 1
vn 1.0150536561290273e-15 -2.4505689271535703e-15 -1
vn -0.7071067811865488 -0.7071067811865464 3.369527190799505e-15
vn -1.0150536561290395e-15 2.4505689271535754e-15 1
vn 0 -2.0301221021717147e-15 -1
vn 0 -1 4.736951571734001e-15
vn 0 2.0301221021717147e-15 1
vn -5.075268280645172e-16 -1.2252844635767818e-15 -1
vn 0.7071067811865488 -0.7071067811865464 0
vn 2.972960206167715e-16 3.168326562665846e-15 1
vn -5.075305255429312e-16 -1.2252933901253e-15 -1
vn 1 0 0
vn 4.974990385876562e-30 2.4505867802506e-15 1
vn -2.1023080744775788e-16 -1.943042099089054e-15 -1
vn 0.7071067811865493 0.7071067811865457 8.168550765574575e-16
vn 7.177576355122715e-16 7.17757635512269e-16 1
vn 0 -2.0301221021717147e-15 -1
vn 0 1 0
vn 0 1.0150610510858574e-15 1
vn 2.1023080744775788e-16 -1.943042099089054e-15 -1
vn -0.7071067811865493 0.7071067811865457 0
vn -7.177576355122719e-16 7.177576355122681e-16 1
vn 5.075305255429312e-16 -1.2252933901253e-15 -1
vn -1 0 0
vn -4.974990385876562e-30 2.4505867802506e-15 1
vn 5.075268280645175e-16 -1.2252844635767824e-15 -1
vn -0.7071067811865493 -0.7071067811865457 3.3695271907995076e-15
vn -2.9729602061677163e-16 3.1683265626658463e-15 1
vn 0 -1.0150610510858534e-15 -1
vn 0 -1 4.736951571734001e-15
vn 0 3.045183153257572e-15 1
vn 1.4355152710245437e-15 -1.4355152710245362e-15 -1
vn 0.7071067811865493 -0.7071067811865457 0
vn -9.27988442960022e-16 2.6607997346013146e-15 1
vn 5.075305255429359e-16 -3.6758801703759e-15 -1
vn 1 -1.2252933901253e-15 0
vn -1.0150610510858518e-15 2.450586780250601e-15 1
vn -7.177576355122675e-16 -7.1775763551227e-16 -1
vn 0.7071067811865464 0.7071067811865488 0
vn -5.075268280645158e-16 1.2252844635767914e-15 1
vn 0 -1.0150610510858574e-15 -1
vn 0 1 0
vn 0 1.0150610510858615e-15 1
vn 7.177576355122689e-16 -7.177576355122701e-16 -1
vn -0.7071067811865469 0.7071067811865481 0
vn 5.075268280645168e-16 1.2252844635767914e-15 1
vn -5.075305255429365e-16 -3.675880170375899e-15 -1
vn -1 1.2252933901252997e-15 0
vn 1.015061051085853e-15 2.4505867802505987e-15 1
vn -1.435515271024543e-15 -1.435515271024538e-15 -1
vn -0.7071067811865488 -0.7071067811865464 0
vn 9.279884429600217e-16 2.6607997346013154e-15 1
vn 0 -2.0301221021717147e-15 -1
vn 0 -1 0
vn 0 3.04518315325756e-15 1
vn 0.9238808144936849 -1.3595536691864226e-15 -0.3826803373711352
vn -0.923880814493685 6.797768345932148e-16 0.38268033737113444
vn 0 1 0
vn -2.1881884760075056e-15 -1 9.063687556809917e-16
vn 0.3826831825540643 3.2822798203339763e-15 0.9238796359863621
vn -0.38268318255406375 -3.2822798203339767e-15 -0.9238796359863622
vn 0 1 0
vn 0 -1 0
vn -1 3.9474596431116675e-16 0
vn 1 -3.9474596431116675e-16 0
vn 0 1.973729821555834e-15 1
vn 0 -2.3684757858670005e-15 -1
vn 0.980785521645454 -0.19508910920565214 0
vn -0.9807851410439872 0.19509102262104858 -5.782441896783616e-16
vn 0.19508910920564942 0.9807855216454546 0
vn -0.1950987285359745 -0.980783608205014 2.903702784011055e-15
vn 3.46546291068557e-16 1.7422171142402426e-15 1
vn 0 0 -1
vn 0.9238772789544514 -0.38268887288725706 1.1102197547552395e-15
vn -0.9238772789544514 0.382688872887257 -1.1564789112033742e-15
vn 0.38268033737113455 0.923880814493685 -2.7352366726942208e-15
vn -0.3826803373711345 -0.923880814493685 2.7352366726942208e-15
vn -1.641137170134438e-15 6.797925960500802e-16 1
vn 9.613623376160944e-16 -2.3209297661845185e-15 -1
vn 0.8314698396094835 -0.5555698928305779 1.6190749319254955e-15
vn -0.8314698396094828 0.5555698928305791 -1.619074931925494e-15
vn 0.5555698928305779 0.8314698396094836 -2.4616452272422233e-15
vn -0.5555698928305771 -0.8314698396094841 2.4616452272422288e-15
vn -1.4769868514346e-15 9.868901885233627e-16 1
vn -4.967935256121251e-16 -3.940863891392563e-15 -1
vn 0.7071067811865476 -0.7071067811865476 2.1279177773924137e-15
vn -0.7071067811865485 0.7071067811865467 -2.081688134657108e-15
vn 0.7071017811562751 0.7071117811814644 -2.0934714145369775e-15
vn -0.7071117811814653 -0.7071017811562743 2.09344180851508e-15
vn -1.776353227829253e-20 2.5121542619557913e-15 1
vn -1.256077130977897e-15 -1.256094894761392e-15 -1
vn 0.5555698928305779 -0.8314698396094835 2.4517420397728967e-15
vn -0.5555698928305771 0.8314698396094841 0
vn 0.8314698396094846 0.5555698928305762 -1.6448172981574314e-15
vn -0.8314698396094827 -0.555569892830579 1.6448172981574397e-15
vn 1.4769868514346e-15 9.868901885233627e-16 1
vn -4.900966629112341e-16 -2.46387703995795e-15 -1
vn 0.3826888728872601 -0.9238772789544502 0
vn -0.382688872887257 0.9238772789544514 -2.7755493868880984e-15
vn 0.9238808144936845 0.3826803373711358 0
vn -0.923880814493685 -0.3826803373711345 1.132961390988684e-15
vn -1.3595851921001605e-15 3.282274340268876e-15 1
vn 6.79792596050077e-16 -1.6411371701344454e-15 -1
vn 0.19509102262104483 -0.980785141043988 2.9143507159789353e-15
vn -0.19509102262104824 0.9807851410439873 -2.9143507159789334e-15
vn 0.9807851410439874 0.19509102262104683 -5.775854538974754e-16
vn -0.9807851410439874 -0.19509102262104683 0
vn -3.465530888879029e-16 1.7422335256521455e-15 1
vn -1.3956804367642392e-15 -2.088786614540045e-15 -1
vn 0.9807851410439873 0.1950910226210475 -5.782441896783638e-16
vn -0.9807855216454543 -0.19508910920565115 0
vn -0.19508910920564904 0.9807855216454545 -2.9037084489327444e-15
vn 0.19509872853597385 -0.980783608205014 -2.8880413399430847e-16
vn 0 0 1
vn 3.465462910685493e-16 -1.7422171142402385e-15 -1
vn 0.9238772789544518 0.38268887288725545 -1.156478911203375e-15
vn -0.9238772789544514 -0.38268887288725706 1.1564789112033744e-15
vn -0.3826803373711345 0.923880814493685 -2.7352366726942208e-15
vn 0.38268033737113516 -0.9238808144936848 2.73523667269422e-15
vn 9.613623376160948e-16 2.320929766184516e-15 1
vn -1.6411371701344389e-15 -6.797925960500774e-16 -1
vn 0.8314698396094828 0.5555698928305791 -1.665334215694794e-15
vn -0.8314698396094828 -0.5555698928305791 1.619074931925494e-15
vn -0.5555698928305771 0.8314698396094841 -2.461645227242225e-15
vn 0.5555698928305771 -0.8314698396094841 2.4616452272422288e-15
vn 4.900966629112361e-16 2.463877039957963e-15 1
vn -4.900966629112361e-16 -2.463877039957963e-15 -1
vn 0.7071067811865485 0.7071067811865467 -2.127947870982821e-15
vn -0.7071067811865476 -0.7071067811865476 2.035399613157961e-15
vn -0.7071017811562752 0.7071117811814643 -2.0934714145369807e-15
vn 0.7071117811814652 -0.7071017811562743 2.0934418085150767e-15
vn 0 2.512172025739286e-15 1
vn 2.5121187348912347e-15 -2.5121542619557913e-15 -1
vn 0.5555698928305796 0.8314698396094825 0
vn -0.5555698928305779 -0.8314698396094837 2.4980013235421966e-15
vn -0.8314698396094846 0.5555698928305762 0
vn 0.8314698396094828 -0.5555698928305791 1.64481729815744e-15
vn 0 0 1
vn -9.8689018852336e-16 -1.4769868514345958e-15 -1
vn 0.38268887288725706 0.9238772789544514 0
vn -0.38268887288725695 -0.9238772789544513 2.775549386888094e-15
vn -0.923880814493685 0.3826803373711345 0
vn 0.923880814493685 -0.38268033737113455 1.1329613909886824e-15
vn -2.8155197803428523e-16 3.962049172787238e-15 1
vn 9.613445740843578e-16 -2.320912002652782e-15 -1
vn 0.19509102262104822 0.9807851410439873 -2.891220948391799e-15
vn -0.19509102262104824 -0.9807851410439873 2.9143507159789334e-15
vn -0.9807851410439874 0.19509102262104683 -5.775854538974754e-16
vn 0.9807851410439875 -0.19509102262104688 5.775854538974763e-16
vn 3.465530888879029e-16 1.7422335256521455e-15 1
vn -3.465530888879029e-16 -1.7422335256521455e-15 -1
vn 0 -1 0
vn 0 1 0
vn 1 0 0
vn -1 0 0
vn 0 1.973729821555834e-15 1
vn 0 -2.3684757858670005e-15 -1
vn 1 -1.7763568394002505e-15 5.048709793414476e-30
vn -1 1.7763568394002505e-15 -5.048709793414476e-30
vn 0 1 -2.842170943040401e-15
vn 0 -1 2.842170943040401e-15
vn 0 1.7763568394002505e-15 1
vn 0 -1.7763568394002505e-15 -1
vn 1 0 0
vn -1 0 0
vn 0 1 -3.552713678800501e-15
vn 0 -1 3.552713678800501e-15
vn 0 1.7763568394002505e-15 1
vn 0 -1.7763568394002505e-15 -1
vn 1 0 0
vn -1 0 0
vn 0 1 -3.552713678800501e-15
vn 0 -1 3.552713678800501e-15
vn 0 1.7763568394002505e-15 1
vn 0 -1.7763568394002505e-15 -1
vn 1 0 0
vn -1 0 0
vn 0 1 -3.552713678800501e-15
vn -3.9474596431116675e-16 -1 3.552713678800501e-15
vn 0 2.0724163126336257e-15 1
vn 0 -2.0724163126336257e-15 -1
vn 1 0 0
vn -1 0 0
vn 0 1 0
vn 0 -1 0
vn 0 1.7763568394002505e-15 1
vn 0 -2.3684757858670005e-15 -1
vn 1 0 0
vn -1 0 0
vn 0 1 -2.2438191655582118e-15
vn 0 -1 2.243819165558211e-15
vn 0 3.552713678800501e-15 1
vn 0 0 -1
vn 0.9238808144936868 -0.38268033737113016 6.40011484312403e-16
vn -0.9238808144936855 0.3826803373711332 -9.600172264686033e-16
vn 0.38268033737113294 0.9238808144936858 -1.5446042386979132e-15
vn -0.38268033737113294 -0.9238808144936858 2.1569588675543502e-15
vn 0 0 1
vn 0 0 -1
vn 0.7071067811865458 -0.7071067811865493 1.7763236324061314e-15
vn -0.7071067811865511 0.707106781186544 -1.776323632406127e-15
vn 0.7071067811865476 0.7071067811865476 -1.7732808945134402e-15
vn -0.7071067811865499 -0.7071067811865452 1.1821872630089562e-15
vn 0 0 1
vn 0 0 -1
vn 0.3826803373711285 -0.9238808144936876 2.6275301413778046e-15
vn -0.3826803373711418 0.923880814493682 -1.7467524320145358e-15
vn 0.923880814493686 0.3826803373711325 -1.0876429353491306e-15
vn -0.9238808144936853 -0.3826803373711337 7.250952902327559e-16
vn 3.2822869008984685e-15 1.3595548677705173e-15 1
vn 9.06369911847025e-16 -2.188191267265626e-15 -1
vn 0 1 -1.1842378929335002e-15
vn 0 -1 1.1842378929335002e-15
vn -1 0 0
vn 1 0 0
vn 0 1.7763568394002505e-15 1
vn 0 -1.7763568394002505e-15 -1
vn 0 1 -1.4210854715202005e-15
vn -7.105427357601002e-15 -1 1.4210854715202005e-15
vn -1 0 0
vn 1 0 0
vn 0 0 1
vn 0 0 -1
vn 0.9238808144936844 0.3826803373711357 -9.600172264686096e-16
vn -0.9238808144936855 -0.3826803373711332 9.600172264686033e-16
vn -0.38268033737113294 0.9238808144936858 -2.31690635804687e-15
vn 0.38268033737113294 -0.9238808144936858 1.5446042386979132e-15
vn 0 0 1
vn 0 0 -1
vn 0 -1 1.4210854715202005e-15
vn 0 1 -1.4210854715202005e-15
vn 1 0 0
vn -1 0 0
vn 0 0 1
vn 0 0 -1
vn 0 -1 2.1862853408003084e-15
vn 0 1 -2.1862853408003084e-15
vn 1 0 0
vn -1 0 0
vn 0 1.7763568394002505e-15 1
vn 0 -1.7763568394002505e-15 -1
vn 0.38268033737114054 0.9238808144936824 -1.7467524320145299e-15
vn -0.38268033737113444 -0.923880814493685 1.7467524320145346e-15
vn -0.9238808144936851 0.38268033737113405 -7.250952902327565e-16
vn 0.9238808144936844 -0.3826803373711357 7.250952902327597e-16
vn 9.063699118470259e-16 2.188191267265637e-15 1
vn -9.063699118470115e-16 -2.1881912672656428e-15 -1
vn 0.7071067811865458 0.7071067811865493 -1.7763236324061314e-15
vn -0.7071067811865493 -0.7071067811865458 1.7763236324061226e-15
vn -0.7071067811865476 0.7071067811865476 -1.7732808945134402e-15
vn 0.7071067811865476 -0.7071067811865476 1.1821872630089601e-15
vn 0 0 1
vn 0 0 -1
vn 0 -1 0
vn 0 1 0
vn 1 0 0
vn -1 0 0
vn 0 2.0301221021717147e-15 1
vn 0 -2.0301221021717147e-15 -1
vn 0.980785521645454 0.1950891092056528 0
vn -0.980785141043987 -0.19509102262104921 0
vn -0.19509872853597082 0.9807836082050148 0
vn 0.19508910920565248 -0.980785521645454 5.807416897865477e-15
vn 0 0 1
vn -3.830992855978847e-15 1.0491327750640638e-15 -1
vn 0.9238772789544508 0.3826888728872583 -2.2666986659586145e-15
vn -0.9238772789544515 -0.3826888728872568 0
vn -0.38268033737113516 0.9238808144936848 -5.470473345388424e-15
vn 0.38268033737114054 -0.9238808144936824 5.470473345388417e-15
vn 0 0 1
vn -2.6024995077505423e-15 -3.0007223622345857e-15 -1
vn 0.8314698396094846 0.5555698928305762 0
vn -0.8314698396094854 -0.555569892830575 6.568818295240568e-15
vn -0.5555698928305803 0.8314698396094821 0
vn 0.5555698928305747 -0.8314698396094858 4.92329045448446e-15
vn -4.967935256120984e-16 3.940863891392598e-15 1
vn 0 0 -1
vn 0.7071067811865485 0.7071067811865466 -8.326634781100758e-15
vn -0.7071067811865458 -0.7071067811865493 4.209636005639928e-15
vn -0.7071117811814643 0.7071017811562752 -8.373767234060316e-15
vn 0.7071017811562743 -0.7071117811814652 4.18694282907396e-15
vn 0 0 1
vn 1.2560948947613938e-15 -1.2560771309778988e-15 -1
vn 0.5555698928305755 0.8314698396094852 -4.949743363315096e-15
vn -0.5555698928305794 -0.8314698396094824 4.903484079545769e-15
vn -0.8314698396094816 0.5555698928305808 -3.289634596314885e-15
vn 0.8314698396094846 -0.5555698928305762 3.289634596314858e-15
vn -9.801933258224785e-16 4.927754079915952e-15 1
vn -4.967935256121438e-16 -3.9408638913925675e-15 -1
vn 0.3826888728872539 0.9238772789544525 -5.50483961732806e-15
vn -0.38268887288725334 -0.9238772789544529 0
vn -0.9238808144936839 0.3826803373711372 -2.2659227819773807e-15
vn 0.9238808144936845 -0.3826803373711358 0
vn 1.6411371701344357e-15 -6.797748325183433e-16 1
vn -2.320929766184521e-15 -9.613623376160924e-16 -1
vn 0.19509102262105474 0.980785141043986 0
vn -0.19509102262105502 -0.9807851410439857 5.8055716643707405e-15
vn -0.9807851410439876 0.19509102262104616 0
vn 0.9807851410439873 -0.19509102262104788 1.1551709077949569e-15
vn -1.3956804367642355e-15 2.088786614540052e-15 1
vn -6.931061777758034e-16 -3.4844670513042783e-15 -1
vn 0.9807851410439873 -0.1950910226210479 0
vn -0.9807855216454536 0.1950891092056542 0
vn 0.19509872853597116 0.9807836082050146 0
vn -0.19508910920565245 -0.980785521645454 6.0962067923904445e-15
vn 0 0 1
vn 3.1378640524026862e-15 -2.4353049453843274e-15 -1
vn 0.9238772789544518 -0.3826888728872557 0
vn -0.9238772789544508 0.3826888728872582 -2.266698665958614e-15
vn 0.3826803373711345 0.923880814493685 0
vn -0.3826803373711406 -0.9238808144936826 5.470473345388419e-15
vn 1.3595496650367132e-15 3.2822743402688777e-15 1
vn 2.602499507750528e-15 -3.000722362234608e-15 -1
vn 0.8314698396094824 -0.5555698928305796 6.5688182952406014e-15
vn -0.8314698396094824 0.5555698928305796 0
vn 0.5555698928305803 0.8314698396094818 -9.846580908968874e-15
vn -0.5555698928305762 -0.8314698396094847 4.100881805405745e-15
vn -2.463877039957955e-15 -4.900966629112351e-16 1
vn -9.868901885233631e-16 -1.4769868514345912e-15 -1
vn 0.7071067811865458 -0.7071067811865493 4.163376269314215e-15
vn -0.707106781186551 0.707106781186544 -8.326634781100706e-15
vn 0.7071117811814644 0.7071017811562752 -4.186883617030158e-15
vn -0.7071017811562734 -0.7071117811814662 4.186942829073972e-15
vn 0 0 1
vn 0 0 -1
vn 0.5555698928305796 -0.8314698396094825 4.94974336331507e-15
vn -0.5555698928305755 0.8314698396094852 -4.9034840795457966e-15
vn 0.8314698396094824 0.5555698928305796 -3.2896345963148774e-15
vn -0.8314698396094855 -0.5555698928305751 3.289634596314856e-15
vn -1.9737803770467373e-15 2.9539737028692053e-15 1
vn -9.801933258224794e-16 -4.92775407991595e-15 -1
vn 0.38268887288725995 -0.92387727895445 0
vn -0.3826888728872601 0.9238772789544502 -5.5048396173280475e-15
vn 0.9238808144936844 0.3826803373711357 0
vn -0.9238808144936845 -0.3826803373711357 2.265922781977372e-15
vn 0 0 1
vn 2.320929766184516e-15 -9.613623376160987e-16 -1
vn 0.19509102262104858 -0.9807851410439872 5.828701431957894e-15
vn -0.19509102262104824 0.9807851410439872 0
vn 0.9807851410439875 0.1950910226210462 -1.1551709077949502e-15
vn -0.9807851410439873 -0.19509102262104788 0
vn 3.1379139624163683e-15 2.435339703427951e-15 1
vn 6.931061777758277e-16 -3.484467051304274e-15 -1
vn 0 1 0
vn 0 -1 0
vn -1 0 0
vn 1 0 0
vn 0 2.0301221021717147e-15 1
vn 0 -2.0301221021717147e-15 -1
vn 1 0 0
vn -1 0 0
vn 0 1 -5.684341886080777e-15
vn 0 -1 5.684341886080802e-15
vn 0 0 1
vn 0 -5.329070518200751e-15 -1
vn 1 -5.921189464667501e-16 0
vn -1 5.921189464667501e-16 0
vn 0 1 0
vn 0 -1 0
vn 0 1.7763568394002505e-15 1
vn 0 -1.7763568394002505e-15 -1
vn 1 0 0
vn -1 0 0
vn 0 1 -1.4958794437054752e-15
vn 0 -1 1.4958794437054746e-15
vn 0 3.552713678800501e-15 1
vn 0 0 -1
vn 0.9238808144936844 -0.3826803373711357 6.400114843124066e-16
vn -0.9238808144936844 0.3826803373711357 -6.400114843124058e-16
vn 0.382680337371137 0.9238808144936841 -1.544604238697911e-15
vn -0.38268033737113694 -0.923880814493684 1.5446042386979089e-15
vn 0 0 1
vn 5.205018934026401e-15 -6.001396636439522e-15 -1
vn 0.7071067811865565 -0.7071067811865387 1.1755082861510987e-15
vn -0.7071067811865493 0.7071067811865458 -2.3640777754816776e-15
vn 0.7071067811865382 0.7071067811865569 -1.1821872630089757e-15
vn -0.7071067811865476 -0.7071067811865476 2.3643745260179214e-15
vn -5.800676282021225e-15 7.76474337796051e-16 1
vn 7.764743377960854e-16 -5.8006762820213426e-15 -1
vn 0.3826803373711285 -0.9238808144936876 1.5691165914706883e-15
vn -0.38268033737114054 0.9238808144936824 -1.7541539253705236e-15
vn 0.9238808144936869 0.38268033737113044 -1.1627331578638255e-15
vn -0.9238808144936853 -0.3826803373711337 7.250952902327559e-16
vn 6.564573801796937e-15 2.7191097355410207e-15 1
vn 0 0 -1
vn 0 1 -2.3684757858670005e-15
vn 0 -1 0
vn -1 1.776356839400263e-15 -4.2072581611787595e-30
vn 1 1.0518145402946823e-30 5.921189464667501e-16
vn 0 1.7763568394002505e-15 1
vn 0 0 -1
vn 0 1 0
vn 0 -1 2.842170943040401e-15
vn -1 0 0
vn 1 0 0
vn 0 3.552713678800501e-15 1
vn 0 -3.5527136788004504e-15 -1
vn 0.9238808144936859 0.3826803373711328 -6.400114843124067e-16
vn -0.9238808144936844 -0.3826803373711357 6.400114843124066e-16
vn -0.38268033737113605 0.9238808144936843 -1.5446042386979093e-15
vn 0.3826803373711369 -0.923880814493684 1.5446042386979095e-15
vn 0 0 1
vn -1.0643238405108506e-14 7.127750967154388e-15 -1
vn 0 -1 2.842170943040401e-15
vn 0 1 0
vn 1 0 0
vn -1 0 0
vn 0 3.552713678800501e-15 1
vn 0 -3.5527136788004504e-15 -1
vn 0 -1 0
vn 0 1 -2.1862853408003084e-15
vn 1 -1.776356839400263e-15 0
vn -1 1.7763568394002505e-15 0
vn 0 1.7763568394002505e-15 1
vn -3.552713678800501e-15 6.310887241768139e-30 -1
vn 0.38268033737114054 0.9238808144936824 -1.7467524320145299e-15
vn -0.38268033737112966 -0.923880814493687 1.754153925370539e-15
vn -0.9238808144936869 0.38268033737113044 -7.250952902327497e-16
vn 0.9238808144936844 -0.3826803373711357 7.250952902327597e-16
vn 0 0 1
vn 6.564573801796987e-15 -2.7191097355410246e-15 -1
vn 0.7071067811865422 0.7071067811865529 -2.3640777754817017e-15
vn -0.7071067811865493 -0.7071067811865458 1.1755082861511105e-15
vn -0.7071067811865382 0.7071067811865569 -2.3643745260179514e-15
vn 0.7071067811865476 -0.7071067811865476 1.1821872630089601e-15
vn 7.764743377960674e-16 5.800676282021208e-15 1
vn -3.2885753099087224e-15 -3.28857530990864e-15 -1
vn 1 -3.552713678800501e-16 0
vn -1 3.552713678800501e-16 0
vn 0 1 0
vn 0 -1 0
vn 3.9474596431116675e-16 2.842170943040401e-15 1
vn 0 -2.1316282072803005e-15 -1
vn 1 0 0
vn -1 0 0
vn 0 1 0
vn 0 -1 0
vn 5.075305255429287e-16 3.552713678800501e-15 1
vn 0 -3.552713678800501e-15 -1
vn 1 0 0
vn -1 0 0
vn 0 1 -7.105427357601014e-15
vn 0 -1 0
vn 0 0 1
vn 0 0 -1
vn 1 -3.6062212810103395e-30 -1.7763568394002505e-15
vn -1 2.5376526277146434e-16 -9.015553202525849e-31
vn 0 1 -3.552713678800501e-15
vn 0 -1 3.552713678800501e-15
vn 0 2.0301221021717147e-15 1
vn 0 -2.0301221021717147e-15 -1
vn 1 0 0
vn -1 0 0
vn 0 1 0
vn 0 -1 0
vn 0 1.7763568394002505e-15 1
vn -4.440892098500626e-16 -1.7763568394002505e-15 -1
vn 1 0 0
vn -1 0 0
vn 0 1 -1.4958794437054746e-15
vn 0 -1 2.243819165558211e-15
vn 0 3.552713678800526e-15 1
vn 0 0 -1
vn 0.9238808144936844 -0.3826803373711357 9.600172264686096e-16
vn -0.9238808144936844 0.3826803373711357 -6.400114843124066e-16
vn 0.38268033737113694 0.923880814493684 -2.3169063580468655e-15
vn -0.382680337371137 -0.9238808144936841 1.544604238697911e-15
vn -2.1881912672656507e-15 9.063699118470113e-16 1
vn 0 0 -1
vn 0.7071067811865458 -0.7071067811865493 1.7763236324061314e-15
vn -0.7071067811865493 0.7071067811865458 -1.7763236324061226e-15
vn 0.7071067811865476 0.7071067811865476 -1.7732808945134402e-15
vn -0.7071067811865476 -0.7071067811865476 1.1821872630089601e-15
vn 0 0 1
vn 0 0 -1
vn 0.3826803373711346 -0.9238808144936851 8.807777093632618e-16
vn -0.38268033737114054 0.9238808144936824 -2.6275301413777885e-15
vn 0.9238808144936844 0.38268033737113577 -3.6254764511638003e-16
vn -0.9238808144936844 -0.3826803373711357 7.250952902327597e-16
vn 3.28228690089848e-15 1.359554867770515e-15 1
vn 9.063699118470154e-16 -2.1881912672656526e-15 -1
vn 0 1 -1.1842378929335002e-15
vn 0 -1 1.1842378929335002e-15
vn -1 0 0
vn 1 0 0
vn 0 1.7763568394002505e-15 1
vn 0 -1.7763568394002505e-15 -1
vn 0 1 -2.842170943040403e-15
vn 0 -1 0
vn -1 0 0
vn 1 0 0
vn 0 3.5527136788004757e-15 1
vn 0 0 -1
vn 0.9238808144936844 0.3826803373711357 -6.400114843124066e-16
vn -0.9238808144936855 -0.3826803373711332 9.600172264686033e-16
vn -0.3826803373711361 0.9238808144936843 -1.5446042386979114e-15
vn 0.3826803373711361 -0.9238808144936843 1.5446042386979108e-15
vn 8.28636399495129e-16 4.188656812745497e-15 1
vn 1.3595548677705289e-15 -3.282286900898476e-15 -1
vn 0 -1 0
vn -5.048709793414479e-30 1 -1.4210854715202014e-15
vn 1 0 0
vn -1 0 0
vn 3.552713678800526e-15 3.5527136788004757e-15 1
vn 0 -3.552713678800501e-15 -1
vn 0 -1 2.1862853408003096e-15
vn 0 1 -2.1862853408003084e-15
vn 1 0 0
vn -1 0 0
vn 3.552713678800501e-15 0 1
vn 0 -1.7763568394002505e-15 -1
vn 0.38268033737113333 0.9238808144936856 -2.812567475277632e-15
vn -0.38268033737113444 -0.923880814493685 1.7467524320145346e-15
vn -0.9238808144936853 0.3826803373711337 -6.500050677180587e-16
vn 0.9238808144936844 -0.3826803373711357 7.250952902327597e-16
vn 9.063699118470259e-16 2.188191267265637e-15 1
vn -9.063699118470164e-16 -2.1881912672656546e-15 -1
vn 0.707106781186544 0.7071067811865511 -1.7632624292266701e-15
vn -0.7071067811865493 -0.7071067811865458 2.0767313055336284e-15
vn -0.7071067811865476 0.7071067811865476 -1.7732808945134402e-15
vn 0.7071067811865476 -0.7071067811865476 1.1821872630089601e-15
vn 0 0 1
vn 0 0 -1
vn 1 -2.5376526277146715e-16 -1.3664283380001931e-15
vn -1 5.075305255429318e-16 1.3664283380001923e-15
vn 0 1 -2.7328566760003875e-15
vn 0 -1 2.732856676000384e-15
vn 0 2.2838873649431793e-15 1
vn 0 -2.0301221021717147e-15 -1
vn 1 0 0
vn -1 0 0
vn 0 1 -2.7328566760003875e-15
vn 0 -1 2.732856676000384e-15
vn 0 2.2838873649431793e-15 1
vn 0 -2.0301221021717147e-15 -1
vn 1 -2.5376526277146434e-16 0
vn -1 2.537652627714645e-16 0
vn 0 1 0
vn 0 -1 3.552713678800501e-15
vn 0 2.030122102171716e-15 1
vn 0 -2.0301221021717147e-15 -1
vn 1 0 0
vn -1 0 0
vn 0 1 0
vn 0 -1 0
vn 0 1.7763568394002505e-15 1
vn 0 -2.3684757858670005e-15 -1
vn 1 0 0
vn -1 0 0
vn 0 1 -1.495879443705474e-15
vn 0 -1 1.495879443705474e-15
vn 0 0 1
vn 0 0 -1
vn 0.9238808144936844 -0.3826803373711357 1.2800229686248128e-15
vn -0.9238808144936844 0.3826803373711357 -6.400114843124064e-16
vn 0.3826803373711361 0.9238808144936843 -3.0892084773958217e-15
vn -0.3826803373711361 -0.9238808144936843 1.5446042386979108e-15
vn 0 0 1
vn 0 0 -1
vn 0.7071067811865405 -0.7071067811865546 2.3640777754816966e-15
vn -0.7071067811865476 0.7071067811865476 -2.3640777754816717e-15
vn 0.7071067811865476 0.7071067811865476 -2.3643745260179214e-15
vn -0.7071067811865476 -0.7071067811865476 1.1821872630089595e-15
vn 2.512100972112573e-15 2.512100972112573e-15 1
vn 3.2885753099086045e-15 -3.2885753099086708e-15 -1
vn 0.3826803373711419 -0.9238808144936821 0
vn -0.38268033737114054 0.9238808144936824 -1.7541539253705236e-15
vn 0.9238808144936854 0.38268033737113377 0
vn -0.9238808144936853 -0.3826803373711337 2.874574226016807e-16
vn -9.06369911846994e-16 2.188191267265641e-15 1
vn 3.2822869008984602e-15 1.3595548677705125e-15 -1
vn 0 1 0
vn 0 -1 0
vn -1 0 0
vn 1 0 0
vn 0 1.7763568394002505e-15 1
vn 0 -3.552713678800501e-15 -1
vn 0 1 0
vn 0 -1 0
vn -1 0 0
vn 1 0 0
vn 0 0 1
vn 0 -3.552713678800501e-15 -1
vn 0.9238808144936844 0.3826803373711357 -6.400114843124064e-16
vn -0.9238808144936844 -0.3826803373711357 1.2800229686248128e-15
vn -0.38268033737113694 0.923880814493684 -1.5446042386979103e-15
vn 0.38268033737112883 -0.9238808144936874 1.544604238697916e-15
vn 0 0 1
vn 0 0 -1
vn 0 -1 0
vn 0 1 0
vn 1 0 0
vn -1 0 0
vn 0 0 1
vn 0 -3.552713678800501e-15 -1
vn 0 -1 0
vn 0 1 0
vn 1 0 0
vn -1 0 0
vn 0 1.7763568394002505e-15 1
vn 0 -3.552713678800501e-15 -1
vn 0.38268033737114054 0.9238808144936824 -1.7467524320145299e-15
vn -0.3826803373711284 -0.9238808144936875 0
vn -0.9238808144936844 0.3826803373711357 -7.250952902327597e-16
vn 0.9238808144936844 -0.3826803373711357 7.250952902327589e-16
vn -2.37591698905144e-15 3.547746135036135e-15 1
vn 3.2822869008984574e-15 -1.3595548677705196e-15 -1
vn 0.7071067811865422 0.7071067811865529 -2.3640777754817017e-15
vn -0.7071067811865493 -0.7071067811865458 2.364077775481679e-15
vn -0.7071067811865476 0.7071067811865476 -2.3643745260179203e-15
vn 0.7071067811865476 -0.7071067811865476 1.1821872630089601e-15
vn 0 0 1
vn -5.800676282021217e-15 -7.764743377960588e-16 -1
vn 1 0 0
vn -1 0 0
vn 0 1 0
vn 0 -1 0
vn 0 2.960594732333751e-15 1
vn 0 -2.3684757858670005e-15 -1
vn 1 0 0
vn -1 0 0
vn 0 1 -1.495879443705474e-15
vn 0 -1 1.495879443705474e-15
vn 0 0 1
vn 0 0 -1
vn 0.9238808144936844 -0.3826803373711357 1.2800229686248128e-15
vn -0.9238808144936844 0.3826803373711357 -6.400114843124061e-16
vn 0.38268033737113694 0.923880814493684 -3.0892084773958205e-15
vn -0.3826803373711369 -0.923880814493684 1.5446042386979095e-15
vn 1.3595548677704851e-15 3.2822869008984433e-15 1
vn 3.5477461350361764e-15 2.3759169890514594e-15 -1
vn 0.7071067811865493 -0.7071067811865458 2.364077775481679e-15
vn -0.7071067811865493 0.7071067811865458 -2.3640777754816776e-15
vn 0.7071067811865382 0.7071067811865569 -2.3643745260179522e-15
vn -0.7071067811865476 -0.7071067811865476 1.1821872630089607e-15
vn 0 0 1
vn 3.288575309908656e-15 -3.288575309908706e-15 -1
vn 0.3826803373711285 -0.9238808144936876 1.7541539253705337e-15
vn -0.38268033737115265 0.9238808144936774 -3.5009063573850344e-15
vn 0.923880814493686 0.38268033737113244 -7.250952902327535e-16
vn -0.9238808144936844 -0.38268033737113577 7.250952902327601e-16
vn 0 0 1
vn 3.2822869008984618e-15 1.3595548677705076e-15 -1
vn 0 1 0
vn 0 -1 2.3684757858670005e-15
vn -1 0 0
vn 1 0 0
vn 0 1.7763568394002505e-15 1
vn 0 -3.5527136788004757e-15 -1
vn 0 1 0
vn 0 -1 0
vn -1 0 0
vn 1 0 0
vn 0 0 1
vn 0 -3.552713678800501e-15 -1
vn 0.9238808144936858 0.3826803373711327 -6.400114843124071e-16
vn -0.9238808144936865 -0.38268033737113066 1.2800229686247958e-15
vn -0.3826803373711369 0.923880814493684 -1.5446042386979095e-15
vn 0.3826803373711369 -0.923880814493684 1.3846567482053885e-15
vn 1.3595548677705032e-15 -3.282286900898487e-15 1
vn -2.1881912672656443e-15 -9.063699118470156e-16 -1
vn 0 -1 0
vn 0 1 0
vn 1 0 0
vn -1 0 0
vn 0 0 1
vn 0 -3.552713678800501e-15 -1
vn 0 -1 2.1862853408003084e-15
vn 0 1 0
vn 1 0 0
vn -1 0 0
vn 0 3.552713678800501e-15 1
vn 0 -3.5527136788004757e-15 -1
vn 0.3826803373711418 0.923880814493682 -3.500906357385065e-15
vn -0.3826803373711285 -0.9238808144936876 1.74675243201454e-15
vn -0.923880814493686 0.38268033737113244 -1.450190580465507e-15
vn 0.9238808144936853 -0.3826803373711337 7.250952902327559e-16
vn 3.2822869008984594e-15 -1.3595548677704928e-15 1
vn 3.28228690089848e-15 -1.359554867770515e-15 -1
vn 0.707106781186544 0.7071067811865511 -2.3640777754817076e-15
vn -0.7071067811865565 -0.7071067811865387 2.364077775481655e-15
vn -0.7071067811865382 0.7071067811865569 -2.3643745260179514e-15
vn 0.7071067811865476 -0.7071067811865476 8.866404472567209e-16
vn 5.024201944225091e-15 -5.024201944225224e-15 1
vn -3.2885753099086893e-15 -3.2885753099086727e-15 -1
vn 1 -2.5376526277146434e-16 0
vn -1 0 0
vn 0 1 0
vn 0 -1 2.7328566760003875e-15
vn 0 1.7763568394002513e-15 1
vn 0 -2.0301221021717147e-15 -1
vn 1 -2.5376526277146434e-16 0
vn -1 2.537652627714645e-16 0
vn 0 1 0
vn 0 -1 2.7328566760003875e-15
vn 0 1.7763568394002513e-15 1
vn 0 -2.0301221021717147e-15 -1
vn 1 -2.5376526277146434e-16 0
vn -1 0 0
vn 0 1 0
vn 0 -1 0
vn 0 1.522591576628786e-15 1
vn 0 -1.7763568394002505e-15 -1
vn 1 0 0
vn -1 0 0
vn 0 1 0
vn 0 -1 0
vn 0 2.2838873649431793e-15 1
vn 0 -2.0301221021717147e-15 -1
vn 1 -2.5376526277146434e-16 0
vn -1 2.5376526277146434e-16 0
vn 0 1 0
vn 0 -1 0
vn 0 2.2838873649431793e-15 1
vn 0 -2.0301221021717147e-15 -1
vn 0.923880814493685 -6.797768345932099e-16 -0.38268033737113444
vn -0.923880814493685 2.3209188382097414e-15 0.38268033737113444
vn 8.286235001013197e-16 1 -4.188651469692246e-15
vn 2.6547073790243795e-16 -1 3.735467091851757e-15
vn 0.38268318255406325 0 0.9238796359863625
vn -0.38268318255406325 -1.641139910166983e-15 -0.9238796359863625
vn 0.9238808144936858 6.797768345932075e-16 0.38268033737113305
vn -0.9238808144936849 -6.797768345932113e-16 -0.3826803373711352
vn -1.094094238003754e-15 1 -4.531843778404934e-16
vn 0 -1 0
vn -0.38268318255406364 1.6411399101669887e-15 0.9238796359863625
vn 0.38268318255406325 -1.6411399101669887e-15 -0.9238796359863625
vn 1 0 0
vn -1 0 0
vn 0 1 -3.552713678800501e-15
vn 0 -1 3.552713678800501e-15
vn 0 2.0301221021717147e-15 1
vn 0 -2.0301221021717147e-15 -1
vn 1 0 0
vn -1 2.5376526277146434e-16 -9.015553202525849e-31
vn 0 1 -3.552713678800501e-15
vn 0 -1 3.552713678800501e-15
vn 0 2.0301221021717147e-15 1
vn 0 -2.0301221021717147e-15 -1
vn 1 -5.048709793414476e-30 -1.4210854715202005e-15
vn -1 0 0
vn 0 1 -2.842170943040401e-15
vn -1.0097419586828951e-30 -1 2.842170943040401e-15
vn 0 3.552713678800501e-15 1
vn 0 -3.552713678800501e-15 -1
vn 0.9238808144936855 -2.3209188382097323e-15 -0.38268033737113366
vn -0.923880814493685 6.797768345932099e-16 0.38268033737113444
vn 1.0940942380037526e-15 1 -4.531843778404937e-16
vn 2.6547073790243795e-16 -1 3.735467091851757e-15
vn 0.38268318255406364 1.6411399101669887e-15 0.9238796359863625
vn -0.38268318255406275 -1.6411399101669832e-15 -0.9238796359863626
vn 0.9238808144936858 6.79776834593205e-16 0.382680337371133
vn -0.923880814493685 -6.797768345932076e-16 -0.38268033737113444
vn -1.0940942380037536e-15 1 -4.531843778404932e-16
vn -2.654707379024334e-16 -1 3.735467091851751e-15
vn -0.3826831825540628 1.641139910166989e-15 0.9238796359863626
vn 0.38268318255406303 -1.641139910166983e-15 -0.9238796359863625
vn 1 -2.5376526277146434e-16 9.015553202525849e-31
vn -1 2.5376526277146434e-16 -9.015553202525849e-31
vn 0 1 -3.552713678800501e-15
vn 0 -1 3.552713678800501e-15
vn 0 2.0301221021717147e-15 1
vn 0 -2.0301221021717147e-15 -1
vn 1 -2.5376526277146434e-16 9.015553202525849e-31
vn -1 2.5376526277146434e-16 -9.015553202525849e-31
vn 0 1 -3.552713678800501e-15
vn 0 -1 3.552713678800501e-15
vn 0 2.0301221021717147e-15 1
vn 0 -2.0301221021717147e-15 -1
vn 1 0 0
vn -1 0 0
vn 0 1 -2.842170943040401e-15
vn 0 -1 2.842170943040401e-15
vn 0 1.7763568394002505e-15 1
vn 0 -3.552713678800501e-15 -1
vn 0.9238808144936849 -6.797768345932113e-16 -0.3826803373711352
vn -0.9238808144936858 6.797768345932075e-16 0.38268033737113305
vn 0 1 0
vn -2.188188476007504e-15 -1 9.06368755680991e-16
vn 0.3826831825540628 1.641139910166989e-15 0.9238796359863626
vn -0.3826831825540625 -3.2822798203339783e-15 -0.9238796359863627
vn 0.923880814493685 1.3595536691864198e-15 0.38268033737113444
vn -0.9238808144936855 9.613651690233237e-16 -0.38268033737113366
vn 2.719129951812367e-15 1 -6.564565428022514e-15
vn -5.309414758048716e-16 -1 7.470934183703515e-15
vn -0.38268318255406303 1.641139910166989e-15 0.9238796359863626
vn 0.3826831825540623 -3.282279820333979e-15 -0.9238796359863629
vn 1 0 0
vn -1 0 0
vn 0 1 0
vn 0 -1 3.552713678800501e-15
vn 0 2.030122102171717e-15 1
vn 0 -1.7763568394002513e-15 -1
vn 1 0 0
vn -1 0 0
vn 0 1 0
vn 0 -1 3.552713678800501e-15
vn 0 2.030122102171717e-15 1
vn 0 -1.7763568394002513e-15 -1
vn 1 0 0
vn -1 0 0
vn 0 1 0
vn 0 -1 0
vn 0 1.7763568394002505e-15 1
vn 0 0 -1
vn 0.9238808144936849 -1.3595536691864226e-15 -0.3826803373711352
vn -0.923880814493685 1.3595536691864198e-15 0.38268033737113444
vn -5.309414758048718e-16 1 -7.470934183703514e-15
vn -2.1881884760075044e-15 -1 9.063687556809913e-16
vn 0.38268318255406364 3.2822798203339542e-15 0.9238796359863625
vn -0.38268318255406303 -3.2822798203339546e-15 -0.9238796359863625
vn 0.9238808144936851 1.3595536691864106e-15 0.38268033737113455
vn -0.9238808144936844 -1.3595536691864147e-15 -0.3826803373711357
vn -2.188188476007506e-15 1 -9.063687556809903e-16
vn -5.309414758048709e-16 -1 7.470934183703501e-15
vn -0.38268318255406364 3.2822798203339775e-15 0.9238796359863625
vn 0.3826831825540625 -3.2822798203339783e-15 -0.9238796359863627
vn 1 -2.5376526277146434e-16 1.803110640505173e-30
vn -1 2.537652627714641e-16 -1.803110640505171e-30
vn 0 1 -7.105427357601014e-15
vn 0 -1 0
vn 0 2.0301221021717127e-15 1
vn 0 -2.0301221021717147e-15 -1
vn 1 -2.5376526277146434e-16 1.803110640505173e-30
vn -1 2.537652627714641e-16 -1.803110640505171e-30
vn 0 1 -7.105427357601014e-15
vn 0 -1 0
vn 0 2.0301221021717127e-15 1
vn 0 -2.0301221021717147e-15 -1
vn 1 0 0
vn -1 0 0
vn 0 1 -5.68434188608081e-15
vn 0 -1 5.684341886080802e-15
vn 0 3.552713678800501e-15 1
vn 0 -1.7763568394002505e-15 -1
vn 0.923880814493685 1.3595536691864198e-15 0.38268033737113444
vn -0.9238808144936849 -1.3595536691864226e-15 -0.3826803373711352
vn 0 1 0
vn -5.309414758048758e-16 -1 7.470934183703512e-15
vn -0.3826831825540641 1.641139910167e-15 0.9238796359863622
vn 0.38268318255406364 -3.2822798203339775e-15 -0.9238796359863625
vn 1 -2.5376526277146434e-16 0
vn -1 2.5376526277146463e-16 0
vn 0 1 0
vn 0 -1 7.105427357601014e-15
vn 0 2.030122102171717e-15 1
vn 0 -2.0301221021717147e-15 -1
vn 1 -2.5376526277146434e-16 0
vn -1 2.5376526277146463e-16 0
vn 0 1 0
vn 0 -1 7.105427357601014e-15
vn 0 2.030122102171717e-15 1
vn 0 -2.0301221021717147e-15 -1
vn 1 0 0
vn -1 0 0
vn -4.038967834731579e-30 1 -5.684341886080802e-15
vn 0 -1 0
vn 0 5.3290705182007135e-15 1
vn -7.105427357600999e-16 -3.552713678800501e-15 -1
vn 1 3.1554436208840472e-30 8.881784197001252e-16
vn -1 -3.1554436208840472e-30 -8.881784197001252e-16
vn 0 1 -1.7763568394002505e-15
vn 0 -1 1.7763568394002505e-15
vn 0 3.552713678800501e-15 1
vn 0 -3.552713678800501e-15 -1
vn 1 0 0
vn -1 0 -8.881784197001244e-16
vn 0 1 -1.7763568394002489e-15
vn 0 -1 3.552713678800501e-15
vn 0 0 1
vn 0 -3.5527136788004757e-15 -1
vn 1 -1.893266172530431e-30 -8.881784197001252e-16
vn -1 7.105427357601002e-16 -2.524354896707238e-30
vn 0 1 -3.552713678800501e-15
vn 0 -1 1.776356839400252e-15
vn 0 1.4210854715202005e-15 1
vn 0 -2.1316282072803036e-15 -1
vn 1 0 0
vn -1 -4.2072581611787294e-30 -1.1842378929335002e-15
vn -8.414516322357449e-31 1 -2.3684757858669977e-15
vn 0 -1 2.3684757858669977e-15
vn 0 3.552713678800501e-15 1
vn -3.552713678800501e-16 0 -1
vn 1 0 0
vn -1 0 0
vn 0 1 -1.776356839400252e-15
vn 0 -1 3.552713678800504e-15
vn 0 2.3684757858670005e-15 1
vn 0 -2.3684757858669977e-15 -1
vn 1 0 0
vn -1 0 0
vn 0 0.9659256095066465 0.2588198541441783
vn 0 -0.9659256095066464 -0.25881985414417813
vn 0 -0.2588201426066993 0.9659255322130419
vn 0 0.2588201426067001 -0.9659255322130414
vn 1 0 0
vn -1 0 0
vn 0 1 -2.3684757858670013e-15
vn 0 -1 2.3684757858670005e-15
vn 0 1.7763568394002505e-15 1
vn 0 -8.881784197001252e-16 -1
vn 1 0 0
vn -1 0 0
vn 0 1 -3.5527136788004883e-15
vn 0 -1 3.552713678800501e-15
vn 0 1.4210854715202005e-15 1
vn 0 -2.1316282072803005e-15 -1
vn 1 0 0
vn -1 0 0
vn 0 1 -7.105427357601002e-15
vn 0 -1 7.105427357601027e-15
vn 0 2.220446049250313e-15 1
vn 0 -2.6645352591003757e-15 -1
usemtl m_3d215661-f591-00a8-53e2-d8d611c756be
f 1/1/1 5/2/1 6/3/1 2/4/1
f 4/5/2 8/6/2 7/7/2 3/8/2
f 3/9/3 7/10/3 5/11/3 1/12/3
f 2/13/4 6/14/4 8/15/4 4/16/4
f 5/17/5 9/18/5 10/19/5 6/20/5
f 8/21/6 12/22/6 11/23/6 7/24/6
f 7/25/7 11/26/7 9/27/7 5/28/7
f 6/29/8 10/30/8 12/31/8 8/32/8
f 9/33/9 13/34/9 14/35/9 10/36/9
f 12/37/10 16/38/10 15/39/10 11/40/10
f 11/41/11 15/42/11 13/43/11 9/44/11
f 10/45/12 14/46/12 16/47/12 12/48/12
f 13/49/13 17/50/13 18/51/13 14/52/13
f 16/53/14 20/54/14 19/55/14 15/56/14
f 15/57/15 19/58/15 17/59/15 13/60/15
f 14/61/16 18/62/16 20/63/16 16/64/16
f 17/65/17 21/66/17 22/67/17 18/68/17
f 20/69/18 24/70/18 23/71/18 19/72/18
f 19/73/19 23/74/19 21/75/19 17/76/19
f 18/77/20 22/78/20 24/79/20 20/80/20
f 21/81/21 25/82/21 26/83/21 22/84/21
f 24/85/22 28/86/22 27/87/22 23/88/22
f 23/89/23 27/90/23 25/91/23 21/92/23
f 22/93/24 26/94/24 28/95/24 24/96/24
f 25/97/25 29/98/25 30/99/25 26/100/25
f 28/101/26 32/102/26 31/103/26 27/104/26
f 27/105/27 31/106/27 29/107/27 25/108/27
f 26/109/28 30/110/28 32/111/28 28/112/28
f 29/113/29 1/114/29 2/115/29 30/116/29
f 32/117/30 4/118/30 3/119/30 31/120/30
f 31/121/31 3/122/31 1/123/31 29/124/31
f 30/125/32 2/126/32 4/127/32 32/128/32
f 33/129/33 37/130/33 38/131/33 34/132/33
f 36/133/34 40/134/34 39/135/34 35/136/34
f 35/137/35 39/138/35 37/139/35 33/140/35
f 34/141/36 38/142/36 40/143/36 36/144/36
f 37/145/37 41/146/37 42/147/37 38/148/37
f 40/149/38 44/150/38 43/151/38 39/152/38
f 39/153/39 43/154/39 41/155/39 37/156/39
f 38/157/40 42/158/40 44/159/40 40/160/40
f 41/161/41 45/162/41 46/163/41 42/164/41
f 44/165/42 48/166/42 47/167/42 43/168/42
f 43/169/43 47/170/43 45/171/43 41/172/43
f 42/173/44 46/174/44 48/175/44 44/176/44
f 45/177/45 49/178/45 50/179/45 46/180/45
f 48/181/46 52/182/46 51/183/46 47/184/46
f 47/185/47 51/186/47 49/187/47 45/188/47
f 46/189/48 50/190/48 52/191/48 48/192/48
f 49/193/49 53/194/49 54/195/49 50/196/49
f 52/197/50 56/198/50 55/199/50 51/200/50
f 51/201/51 55/202/51 53/203/51 49/204/51
f 50/205/52 54/206/52 56/207/52 52/208/52
f 53/209/53 57/210/53 58/211/53 54/212/53
f 56/213/54 60/214/54 59/215/54 55/216/54
f 55/217/55 59/218/55 57/219/55 53/220/55
f 54/221/56 58/222/56 60/223/56 56/224/56
f 57/225/57 61/226/57 62/227/57 58/228/57
f 60/229/58 64/230/58 63/231/58 59/232/58
f 59/233/59 63/234/59 61/235/59 57/236/59
f 58/237/60 62/238/60 64/239/60 60/240/60
f 61/241/61 33/242/61 34/243/61 62/244/61
f 64/245/62 36/246/62 35/247/62 63/248/62
f 63/249/63 35/250/63 33/251/63 61/252/63
f 62/253/64 34/254/64 36/255/64 64/256/64
f 65/257/65 69/258/65 70/259/65 66/260/65
f 68/261/66 72/262/66 71/263/66 67/264/66
f 67/265/67 71/266/67 69/267/67 65/268/67
f 66/269/68 70/270/68 72/271/68 68/272/68
f 69/273/69 73/274/69 74/275/69 70/276/69
f 72/277/70 76/278/70 75/279/70 71/280/70
f 71/281/71 75/282/71 73/283/71 69/284/71
f 70/285/72 74/286/72 76/287/72 72/288/72
f 73/289/73 77/290/73 78/291/73 74/292/73
f 76/293/74 80/294/74 79/295/74 75/296/74
f 75/297/75 79/298/75 77/299/75 73/300/75
f 74/301/76 78/302/76 80/303/76 76/304/76
f 77/305/77 81/306/77 82/307/77 78/308/77
f 80/309/78 84/310/78 83/311/78 79/312/78
f 79/313/79 83/314/79 81/315/79 77/316/79
f 78/317/80 82/318/80 84/319/80 80/320/80
f 81/321/81 85/322/81 86/323/81 82/324/81
f 84/325/82 88/326/82 87/327/82 83/328/82
f 83/329/83 87/330/83 85/331/83 81/332/83
f 82/333/84 86/334/84 88/335/84 84/336/84
f 85/337/85 89/338/85 90/339/85 86/340/85
f 88/341/86 92/342/86 91/343/86 87/344/86
f 87/345/87 91/346/87 89/347/87 85/348/87
f 86/349/88 90/350/88 92/351/88 88/352/88
f 89/353/89 93/354/89 94/355/89 90/356/89
f 92/357/90 96/358/90 95/359/90 91/360/90
f 91/361/91 95/362/91 93/363/91 89/364/91
f 90/365/92 94/366/92 96/367/92 92/368/92
f 93/369/93 65/370/93 66/371/93 94/372/93
f 96/373/94 68/374/94 67/375/94 95/376/94
f 95/377/95 67/378/95 65/379/95 93/380/95
f 94/381/96 66/382/96 68/383/96 96/384/96
f 97/385/97 101/386/97 102/387/97 98/388/97
f 100/389/98 104/390/98 103/391/98 99/392/98
f 99/393/99 103/394/99 101/395/99 97/396/99
f 98/397/100 102/398/100 104/399/100 100/400/100
f 101/401/101 105/402/101 106/403/101 102/404/101
f 104/405/102 108/406/102 107/407/102 103/408/102
f 103/409/103 107/410/103 105/411/103 101/412/103
f 102/413/104 106/414/104 108/415/104 104/416/104
f 105/417/105 109/418/105 110/419/105 106/420/105
f 108/421/106 112/422/106 111/423/106 107/424/106
f 107/425/107 111/426/107 109/427/107 105/428/107
f 106/429/108 110/430/108 112/431/108 108/432/108
f 109/433/109 113/434/109 114/435/109 110/436/109
f 112/437/110 116/438/110 115/439/110 111/440/110
f 111/441/111 115/442/111 113/443/111 109/444/111
f 110/445/112 114/446/112 116/447/112 112/448/112
f 113/449/113 117/450/113 118/451/113 114/452/113
f 116/453/114 120/454/114 119/455/114 115/456/114
f 115/457/115 119/458/115 117/459/115 113/460/115
f 114/461/116 118/462/116 120/463/116 116/464/116
f 117/465/117 121/466/117 122/467/117 118/468/117
f 120/469/118 124/470/118 123/471/118 119/472/118
f 119/473/119 123/474/119 121/475/119 117/476/119
f 118/477/120 122/478/120 124/479/120 120/480/120
f 121/481/121 125/482/121 126/483/121 122/484/121
f 124/485/122 128/486/122 127/487/122 123/488/122
f 123/489/123 127/490/123 125/491/123 121/492/123
f 122/493/124 126/494/124 128/495/124 124/496/124
f 125/497/125 97/498/125 98/499/125 126/500/125
f 128/501/126 100/502/126 99/503/126 127/504/126
f 127/505/127 99/506/127 97/507/127 125/508/127
f 126/509/128 98/510/128 100/511/128 128/512/128
f 129/513/129 133/514/129 134/515/129 130/516/129
f 132/517/130 136/518/130 135/519/130 131/520/130
f 131/521/131 135/522/131 133/523/131 129/524/131
f 130/525/132 134/526/132 136/527/132 132/528/132
f 133/529/133 137/530/133 138/531/133 134/532/133
f 136/533/134 140/534/134 139/535/134 135/536/134
f 135/537/135 139/538/135 137/539/135 133/540/135
f 134/541/136 138/542/136 140/543/136 136/544/136
f 137/545/137 141/546/137 142/547/137 138/548/137
f 140/549/138 144/550/138 143/551/138 139/552/138
f 139/553/139 143/554/139 141/555/139 137/556/139
f 138/557/140 142/558/140 144/559/140 140/560/140
f 141/561/141 145/562/141 146/563/141 142/564/141
f 144/565/142 148/566/142 147/567/142 143/568/142
f 143/569/143 147/570/143 145/571/143 141/572/143
f 142/573/144 146/574/144 148/575/144 144/576/144
f 145/577/145 149/578/145 150/579/145 146/580/145
f 148/581/146 152/582/146 151/583/146 147/584/146
f 147/585/147 151/586/147 149/587/147 145/588/147
f 146/589/148 150/590/148 152/591/148 148/592/148
f 149/593/149 153/594/149 154/595/149 150/596/149
f 152/597/150 156/598/150 155/599/150 151/600/150
f 151/601/151 155/602/151 153/603/151 149/604/151
f 150/605/152 154/606/152 156/607/152 152/608/152
f 153/609/153 157/610/153 158/611/153 154/612/153
f 156/613/154 160/614/154 159/615/154 155/616/154
f 155/617/155 159/618/155 157/619/155 153/620/155
f 154/621/156 158/622/156 160/623/156 156/624/156
f 157/625/157 129/626/157 130/627/157 158/628/157
f 160/629/158 132/630/158 131/631/158 159/632/158
f 159/633/159 131/634/159 129/635/159 157/636/159
f 158/637/160 130/638/160 132/639/160 160/640/160
f 165/641/161 163/642/161 161/643/161
f 163/644/162 165/645/162 166/646/162 164/647/162
f 164/648/163 166/649/163 162/650/163
f 167/651/164 165/652/164 161/653/164
f 165/654/165 167/655/165 168/656/165 166/657/165
f 166/658/166 168/659/166 162/660/166
f 169/661/167 167/662/167 161/663/167
f 167/664/168 169/665/168 170/666/168 168/667/168
f 168/668/169 170/669/169 162/670/169
f 171/671/170 169/672/170 161/673/170
f 169/674/171 171/675/171 172/676/171 170/677/171
f 170/678/172 172/679/172 162/680/172
f 173/681/173 171/682/173 161/683/173
f 171/684/174 173/685/174 174/686/174 172/687/174
f 172/688/175 174/689/175 162/690/175
f 175/691/176 173/692/176 161/693/176
f 173/694/177 175/695/177 176/696/177 174/697/177
f 174/698/178 176/699/178 162/700/178
f 177/701/179 175/702/179 161/703/179
f 175/704/180 177/705/180 178/706/180 176/707/180
f 176/708/181 178/709/181 162/710/181
f 163/711/182 177/712/182 161/713/182
f 177/714/183 163/715/183 164/716/183 178/717/183
f 178/718/184 164/719/184 162/720/184
f 183/721/185 181/722/185 179/723/185
f 181/724/186 183/725/186 184/726/186 182/727/186
f 182/728/187 184/729/187 180/730/187
f 185/731/188 183/732/188 179/733/188
f 183/734/189 185/735/189 186/736/189 184/737/189
f 184/738/190 186/739/190 180/740/190
f 187/741/191 185/742/191 179/743/191
f 185/744/192 187/745/192 188/746/192 186/747/192
f 186/748/193 188/749/193 180/750/193
f 189/751/194 187/752/194 179/753/194
f 187/754/195 189/755/195 190/756/195 188/757/195
f 188/758/196 190/759/196 180/760/196
f 191/761/197 189/762/197 179/763/197
f 189/764/198 191/765/198 192/766/198 190/767/198
f 190/768/199 192/769/199 180/770/199
f 193/771/200 191/772/200 179/773/200
f 191/774/201 193/775/201 194/776/201 192/777/201
f 192/778/202 194/779/202 180/780/202
f 195/781/203 193/782/203 179/783/203
f 193/784/204 195/785/204 196/786/204 194/787/204
f 194/788/205 196/789/205 180/790/205
f 181/791/206 195/792/206 179/793/206
f 195/794/207 181/795/207 182/796/207 196/797/207
f 196/798/208 182/799/208 180/800/208
f 201/801/209 199/802/209 197/803/209
f 199/804/210 201/805/210 202/806/210 200/807/210
f 200/808/211 202/809/211 198/810/211
f 203/811/212 201/812/212 197/813/212
f 201/814/213 203/815/213 204/816/213 202/817/213
f 202/818/214 204/819/214 198/820/214
f 205/821/215 203/822/215 197/823/215
f 203/824/216 205/825/216 206/826/216 204/827/216
f 204/828/217 206/829/217 198/830/217
f 207/831/218 205/832/218 197/833/218
f 205/834/219 207/835/219 208/836/219 206/837/219
f 206/838/220 208/839/220 198/840/220
f 209/841/221 207/842/221 197/843/221
f 207/844/222 209/845/222 210/846/222 208/847/222
f 208/848/223 210/849/223 198/850/223
f 211/851/224 209/852/224 197/853/224
f 209/854/225 211/855/225 212/856/225 210/857/225
f 210/858/226 212/859/226 198/860/226
f 213/861/227 211/862/227 197/863/227
f 211/864/228 213/865/228 214/866/228 212/867/228
f 212/868/229 214/869/229 198/870/229
f 199/871/230 213/872/230 197/873/230
f 213/874/231 199/875/231 200/876/231 214/877/231
f 214/878/232 200/879/232 198/880/232
f 219/881/233 217/882/233 215/883/233
f 217/884/234 219/885/234 220/886/234 218/887/234
f 218/888/235 220/889/235 216/890/235
f 221/891/236 219/892/236 215/893/236
f 219/894/237 221/895/237 222/896/237 220/897/237
f 220/898/238 222/899/238 216/900/238
f 223/901/239 221/902/239 215/903/239
f 221/904/240 223/905/240 224/906/240 222/907/240
f 222/908/241 224/909/241 216/910/241
f 225/911/242 223/912/242 215/913/242
f 223/914/243 225/915/243 226/916/243 224/917/243
f 224/918/244 226/919/244 216/920/244
f 227/921/245 225/922/245 215/923/245
f 225/924/246 227/925/246 228/926/246 226/927/246
f 226/928/247 228/929/247 216/930/247
f 229/931/248 227/932/248 215/933/248
f 227/934/249 229/935/249 230/936/249 228/937/249
f 228/938/250 230/939/250 216/940/250
f 231/941/251 229/942/251 215/943/251
f 229/944/252 231/945/252 232/946/252 230/947/252
f 230/948/253 232/949/253 216/950/253
f 217/951/254 231/952/254 215/953/254
f 231/954/255 217/955/255 218/956/255 232/957/255
f 232/958/256 218/959/256 216/960/256
f 237/961/257 235/962/257 233/963/257
f 235/964/258 237/965/258 238/966/258 236/967/258
f 236/968/259 238/969/259 234/970/259
f 239/971/260 237/972/260 233/973/260
f 237/974/261 239/975/261 240/976/261 238/977/261
f 238/978/262 240/979/262 234/980/262
f 241/981/263 239/982/263 233/983/263
f 239/984/264 241/985/264 242/986/264 240/987/264
f 240/988/265 242/989/265 234/990/265
f 243/991/266 241/992/266 233/993/266
f 241/994/267 243/995/267 244/996/267 242/997/267
f 242/998/268 244/999/268 234/1000/268
f 245/1001/269 243/1002/269 233/1003/269
f 243/1004/270 245/1005/270 246/1006/270 244/1007/270
f 244/1008/271 246/1009/271 234/1010/271
f 247/1011/272 245/1012/272 233/1013/272
f 245/1014/273 247/1015/273 248/1016/273 246/1017/273
f 246/1018/274 248/1019/274 234/1020/274
f 249/1021/275 247/1022/275 233/1023/275
f 247/1024/276 249/1025/276 250/1026/276 248/1027/276
f 248/1028/277 250/1029/277 234/1030/277
f 235/1031/278 249/1032/278 233/1033/278
f 249/1034/279 235/1035/279 236/1036/279 250/1037/279
f 250/1038/280 236/1039/280 234/1040/280
f 254/1041/281 252/1042/281 251/1043/281 253/1044/281
f 257/1045/282 255/1046/282 256/1047/282 258/1048/282
f 251/1049/283 252/1050/283 256/1051/283 255/1052/283
f 254/1053/284 253/1054/284 257/1055/284 258/1056/284
f 253/1057/285 251/1058/285 255/1059/285 257/1060/285
f 258/1061/286 256/1062/286 252/1063/286 254/1064/286
f 262/1065/287 260/1066/287 259/1067/287 261/1068/287
f 265/1069/288 263/1070/288 264/1071/288 266/1072/288
f 259/1073/289 260/1074/289 264/1075/289 263/1076/289
f 262/1077/290 261/1078/290 265/1079/290 266/1080/290
f 261/1081/291 259/1082/291 263/1083/291 265/1084/291
f 266/1085/292 264/1086/292 260/1087/292 262/1088/292
f 270/1089/293 268/1090/293 267/1091/293 269/1092/293
f 273/1093/294 271/1094/294 272/1095/294 274/1096/294
f 267/1097/295 268/1098/295 272/1099/295 271/1100/295
f 270/1101/296 269/1102/296 273/1103/296 274/1104/296
f 269/1105/297 267/1106/297 271/1107/297 273/1108/297
f 274/1109/298 272/1110/298 268/1111/298 270/1112/298
f 278/1113/299 276/1114/299 275/1115/299 277/1116/299
f 281/1117/300 279/1118/300 280/1119/300 282/1120/300
f 275/1121/301 276/1122/301 280/1123/301 279/1124/301
f 278/1125/302 277/1126/302 281/1127/302 282/1128/302
f 277/1129/303 275/1130/303 279/1131/303 281/1132/303
f 282/1133/304 280/1134/304 276/1135/304 278/1136/304
f 286/1137/305 284/1138/305 283/1139/305 285/1140/305
f 289/1141/306 287/1142/306 288/1143/306 290/1144/306
f 283/1145/307 284/1146/307 288/1147/307 287/1148/307
f 286/1149/308 285/1150/308 289/1151/308 290/1152/308
f 285/1153/309 283/1154/309 287/1155/309 289/1156/309
f 290/1157/310 288/1158/310 284/1159/310 286/1160/310
f 294/1161/311 292/1162/311 291/1163/311 293/1164/311
f 297/1165/312 295/1166/312 296/1167/312 298/1168/312
f 291/1169/313 292/1170/313 296/1171/313 295/1172/313
f 294/1173/314 293/1174/314 297/1175/314 298/1176/314
f 293/1177/315 291/1178/315 295/1179/315 297/1180/315
f 298/1181/316 296/1182/316 292/1183/316 294/1184/316
f 302/1185/317 300/1186/317 299/1187/317 301/1188/317
f 305/1189/318 303/1190/318 304/1191/318 306/1192/318
f 299/1193/319 300/1194/319 304/1195/319 303/1196/319
f 302/1197/320 301/1198/320 305/1199/320 306/1200/320
f 301/1201/321 299/1202/321 303/1203/321 305/1204/321
f 306/1205/322 304/1206/322 300/1207/322 302/1208/322
f 310/1209/323 308/1210/323 307/1211/323 309/1212/323
f 313/1213/324 311/1214/324 312/1215/324 314/1216/324
f 307/1217/325 308/1218/325 312/1219/325 311/1220/325
f 310/1221/326 309/1222/326 313/1223/326 314/1224/326
f 309/1225/327 307/1226/327 311/1227/327 313/1228/327
f 314/1229/328 312/1230/328 308/1231/328 310/1232/328
f 318/1233/329 316/1234/329 315/1235/329 317/1236/329
f 321/1237/330 319/1238/330 320/1239/330 322/1240/330
f 315/1241/331 316/1242/331 320/1243/331 319/1244/331
f 318/1245/332 317/1246/332 321/1247/332 322/1248/332
f 317/1249/333 315/1250/333 319/1251/333 321/1252/333
f 322/1253/334 320/1254/334 316/1255/334 318/1256/334
f 326/1257/335 324/1258/335 323/1259/335 325/1260/335
f 329/1261/336 327/1262/336 328/1263/336 330/1264/336
f 323/1265/337 324/1266/337 328/1267/337 327/1268/337
f 326/1269/338 325/1270/338 329/1271/338 330/1272/338
f 325/1273/339 323/1274/339 327/1275/339 329/1276/339
f 330/1277/340 328/1278/340 324/1279/340 326/1280/340
f 334/1281/341 332/1282/341 331/1283/341 333/1284/341
f 337/1285/342 335/1286/342 336/1287/342 338/1288/342
f 331/1289/343 332/1290/343 336/1291/343 335/1292/343
f 334/1293/344 333/1294/344 337/1295/344 338/1296/344
f 333/1297/345 331/1298/345 335/1299/345 337/1300/345
f 338/1301/346 336/1302/346 332/1303/346 334/1304/346
f 342/1305/347 340/1306/347 339/1307/347 341/1308/347
f 345/1309/348 343/1310/348 344/1311/348 346/1312/348
f 339/1313/349 340/1314/349 344/1315/349 343/1316/349
f 342/1317/350 341/1318/350 345/1319/350 346/1320/350
f 341/1321/351 339/1322/351 343/1323/351 345/1324/351
f 346/1325/352 344/1326/352 340/1327/352 342/1328/352
f 350/1329/353 348/1330/353 347/1331/353 349/1332/353
f 353/1333/354 351/1334/354 352/1335/354 354/1336/354
f 347/1337/355 348/1338/355 352/1339/355 351/1340/355
f 350/1341/356 349/1342/356 353/1343/356 354/1344/356
f 349/1345/357 347/1346/357 351/1347/357 353/1348/357
f 354/1349/358 352/1350/358 348/1351/358 350/1352/358
f 358/1353/359 356/1354/359 355/1355/359 357/1356/359
f 361/1357/360 359/1358/360 360/1359/360 362/1360/360
f 355/1361/361 356/1362/361 360/1363/361 359/1364/361
f 358/1365/362 357/1366/362 361/1367/362 362/1368/362
f 357/1369/363 355/1370/363 359/1371/363 361/1372/363
f 362/1373/364 360/1374/364 356/1375/364 358/1376/364
f 366/1377/365 364/1378/365 363/1379/365 365/1380/365
f 369/1381/366 367/1382/366 368/1383/366 370/1384/366
f 363/1385/367 364/1386/367 368/1387/367 367/1388/367
f 366/1389/368 365/1390/368 369/1391/368 370/1392/368
f 365/1393/369 363/1394/369 367/1395/369 369/1396/369
f 370/1397/370 368/1398/370 364/1399/370 366/1400/370
f 374/1401/371 372/1402/371 371/1403/371 373/1404/371
f 377/1405/372 375/1406/372 376/1407/372 378/1408/372
f 371/1409/373 372/1410/373 376/1411/373 375/1412/373
f 374/1413/374 373/1414/374 377/1415/374 378/1416/374
f 373/1417/375 371/1418/375 375/1419/375 377/1420/375
f 378/1421/376 376/1422/376 372/1423/376 374/1424/376
f 382/1425/377 380/1426/377 379/1427/377 381/1428/377
f 385/1429/378 383/1430/378 384/1431/378 386/1432/378
f 379/1433/379 380/1434/379 384/1435/379 383/1436/379
f 382/1437/380 381/1438/380 385/1439/380 386/1440/380
f 381/1441/381 379/1442/381 383/1443/381 385/1444/381
f 386/1445/382 384/1446/382 380/1447/382 382/1448/382
f 390/1449/383 388/1450/383 387/1451/383 389/1452/383
f 393/1453/384 391/1454/384 392/1455/384 394/1456/384
f 387/1457/385 388/1458/385 392/1459/385 391/1460/385
f 390/1461/386 389/1462/386 393/1463/386 394/1464/386
f 389/1465/387 387/1466/387 391/1467/387 393/1468/387
f 394/1469/388 392/1470/388 388/1471/388 390/1472/388
f 398/1473/389 396/1474/389 395/1475/389 397/1476/389
f 401/1477/390 399/1478/390 400/1479/390 402/1480/390
f 395/1481/391 396/1482/391 400/1483/391 399/1484/391
f 398/1485/392 397/1486/392 401/1487/392 402/1488/392
f 397/1489/393 395/1490/393 399/1491/393 401/1492/393
f 402/1493/394 400/1494/394 396/1495/394 398/1496/394
f 406/1497/395 404/1498/395 403/1499/395 405/1500/395
f 409/1501/396 407/1502/396 408/1503/396 410/1504/396
f 403/1505/397 404/1506/397 408/1507/397 407/1508/397
f 406/1509/398 405/1510/398 409/1511/398 410/1512/398
f 405/1513/399 403/1514/399 407/1515/399 409/1516/399
f 410/1517/400 408/1518/400 404/1519/400 406/1520/400
f 414/1521/401 412/1522/401 411/1523/401 413/1524/401
f 417/1525/402 415/1526/402 416/1527/402 418/1528/402
f 411/1529/403 412/1530/403 416/1531/403 415/1532/403
f 414/1533/404 413/1534/404 417/1535/404 418/1536/404
f 413/1537/405 411/1538/405 415/1539/405 417/1540/405
f 418/1541/406 416/1542/406 412/1543/406 414/1544/406
f 422/1545/407 420/1546/407 419/1547/407 421/1548/407
f 425/1549/408 423/1550/408 424/1551/408 426/1552/408
f 419/1553/409 420/1554/409 424/1555/409 423/1556/409
f 422/1557/410 421/1558/410 425/1559/410 426/1560/410
f 421/1561/411 419/1562/411 423/1563/411 425/1564/411
f 426/1565/412 424/1566/412 420/1567/412 422/1568/412
f 430/1569/413 428/1570/413 427/1571/413 429/1572/413
f 433/1573/414 431/1574/414 432/1575/414 434/1576/414
f 427/1577/415 428/1578/415 432/1579/415 431/1580/415
f 430/1581/416 429/1582/416 433/1583/416 434/1584/416
f 429/1585/417 427/1586/417 431/1587/417 433/1588/417
f 434/1589/418 432/1590/418 428/1591/418 430/1592/418
f 438/1593/419 436/1594/419 435/1595/419 437/1596/419
f 441/1597/420 439/1598/420 440/1599/420 442/1600/420
f 435/1601/421 436/1602/421 440/1603/421 439/1604/421
f 438/1605/422 437/1606/422 441/1607/422 442/1608/422
f 437/1609/423 435/1610/423 439/1611/423 441/1612/423
f 442/1613/424 440/1614/424 436/1615/424 438/1616/424
f 446/1617/425 444/1618/425 443/1619/425 445/1620/425
f 449/1621/426 447/1622/426 448/1623/426 450/1624/426
f 443/1625/427 444/1626/427 448/1627/427 447/1628/427
f 446/1629/428 445/1630/428 449/1631/428 450/1632/428
f 445/1633/429 443/1634/429 447/1635/429 449/1636/429
f 450/1637/430 448/1638/430 444/1639/430 446/1640/430
f 454/1641/431 452/1642/431 451/1643/431 453/1644/431
f 457/1645/432 455/1646/432 456/1647/432 458/1648/432
f 451/1649/433 452/1650/433 456/1651/433 455/1652/433
f 454/1653/434 453/1654/434 457/1655/434 458/1656/434
f 453/1657/435 451/1658/435 455/1659/435 457/1660/435
f 458/1661/436 456/1662/436 452/1663/436 454/1664/436
f 462/1665/437 460/1666/437 459/1667/437 461/1668/437
f 465/1669/438 463/1670/438 464/1671/438 466/1672/438
f 459/1673/439 460/1674/439 464/1675/439 463/1676/439
f 462/1677/440 461/1678/440 465/1679/440 466/1680/440
f 461/1681/441 459/1682/441 463/1683/441 465/1684/441
f 466/1685/442 464/1686/442 460/1687/442 462/1688/442
f 470/1689/443 468/1690/443 467/1691/443 469/1692/443
f 473/1693/444 471/1694/444 472/1695/444 474/1696/444
f 467/1697/445 468/1698/445 472/1699/445 471/1700/445
f 470/1701/446 469/1702/446 473/1703/446 474/1704/446
f 469/1705/447 467/1706/447 471/1707/447 473/1708/447
f 474/1709/448 472/1710/448 468/1711/448 470/1712/448
f 478/1713/449 476/1714/449 475/1715/449 477/1716/449
f 481/1717/450 479/1718/450 480/1719/450 482/1720/450
f 475/1721/451 476/1722/451 480/1723/451 479/1724/451
f 478/1725/452 477/1726/452 481/1727/452 482/1728/452
f 477/1729/453 475/1730/453 479/1731/453 481/1732/453
f 482/1733/454 480/1734/454 476/1735/454 478/1736/454
f 486/1737/455 484/1738/455 483/1739/455 485/1740/455
f 489/1741/456 487/1742/456 488/1743/456 490/1744/456
f 483/1745/457 484/1746/457 488/1747/457 487/1748/457
f 486/1749/458 485/1750/458 489/1751/458 490/1752/458
f 485/1753/459 483/1754/459 487/1755/459 489/1756/459
f 490/1757/460 488/1758/460 484/1759/460 486/1760/460
f 494/1761/461 492/1762/461 491/1763/461 493/1764/461
f 497/1765/462 495/1766/462 496/1767/462 498/1768/462
f 491/1769/463 492/1770/463 496/1771/463 495/1772/463
f 494/1773/464 493/1774/464 497/1775/464 498/1776/464
f 493/1777/465 491/1778/465 495/1779/465 497/1780/465
f 498/1781/466 496/1782/466 492/1783/466 494/1784/466
f 502/1785/467 500/1786/467 499/1787/467 501/1788/467
f 505/1789/468 503/1790/468 504/1791/468 506/1792/468
f 499/1793/469 500/1794/469 504/1795/469 503/1796/469
f 502/1797/470 501/1798/470 505/1799/470 506/1800/470
f 501/1801/471 499/1802/471 503/1803/471 505/1804/471
f 506/1805/472 504/1806/472 500/1807/472 502/1808/472
f 510/1809/473 508/1810/473 507/1811/473 509/1812/473
f 513/1813/474 511/1814/474 512/1815/474 514/1816/474
f 507/1817/475 508/1818/475 512/1819/475 511/1820/475
f 510/1821/476 509/1822/476 513/1823/476 514/1824/476
f 509/1825/477 507/1826/477 511/1827/477 513/1828/477
f 514/1829/478 512/1830/478 508/1831/478 510/1832/478
f 518/1833/479 516/1834/479 515/1835/479 517/1836/479
f 521/1837/480 519/1838/480 520/1839/480 522/1840/480
f 515/1841/481 516/1842/481 520/1843/481 519/1844/481
f 518/1845/482 517/1846/482 521/1847/482 522/1848/482
f 517/1849/483 515/1850/483 519/1851/483 521/1852/483
f 522/1853/484 520/1854/484 516/1855/484 518/1856/484
f 526/1857/485 524/1858/485 523/1859/485 525/1860/485
f 529/1861/486 527/1862/486 528/1863/486 530/1864/486
f 523/1865/487 524/1866/487 528/1867/487 527/1868/487
f 526/1869/488 525/1870/488 529/1871/488 530/1872/488
f 525/1873/489 523/1874/489 527/1875/489 529/1876/489
f 530/1877/490 528/1878/490 524/1879/490 526/1880/490
f 534/1881/491 532/1882/491 531/1883/491 533/1884/491
f 537/1885/492 535/1886/492 536/1887/492 538/1888/492
f 531/1889/493 532/1890/493 536/1891/493 535/1892/493
f 534/1893/494 533/1894/494 537/1895/494 538/1896/494
f 533/1897/495 531/1898/495 535/1899/495 537/1900/495
f 538/1901/496 536/1902/496 532/1903/496 534/1904/496
f 542/1905/497 540/1906/497 539/1907/497 541/1908/497
f 545/1909/498 543/1910/498 544/1911/498 546/1912/498
f 539/1913/499 540/1914/499 544/1915/499 543/1916/499
f 542/1917/500 541/1918/500 545/1919/500 546/1920/500
f 541/1921/501 539/1922/501 543/1923/501 545/1924/501
f 546/1925/502 544/1926/502 540/1927/502 542/1928/502
f 550/1929/503 548/1930/503 547/1931/503 549/1932/503
f 553/1933/504 551/1934/504 552/1935/504 554/1936/504
f 547/1937/505 548/1938/505 552/1939/505 551/1940/505
f 550/1941/506 549/1942/506 553/1943/506 554/1944/506
f 549/1945/507 547/1946/507 551/1947/507 553/1948/507
f 554/1949/508 552/1950/508 548/1951/508 550/1952/508
f 558/1953/509 556/1954/509 555/1955/509 557/1956/509
f 561/1957/510 559/1958/510 560/1959/510 562/1960/510
f 555/1961/511 556/1962/511 560/1963/511 559/1964/511
f 558/1965/512 557/1966/512 561/1967/512 562/1968/512
f 557/1969/513 555/1970/513 559/1971/513 561/1972/513
f 562/1973/514 560/1974/514 556/1975/514 558/1976/514
f 566/1977/515 564/1978/515 563/1979/515 565/1980/515
f 569/1981/516 567/1982/516 568/1983/516 570/1984/516
f 563/1985/517 564/1986/517 568/1987/517 567/1988/517
f 566/1989/518 565/1990/518 569/1991/518 570/1992/518
f 565/1993/519 563/1994/519 567/1995/519 569/1996/519
f 570/1997/520 568/1998/520 564/1999/520 566/2000/520
f 574/2001/521 572/2002/521 571/2003/521 573/2004/521
f 577/2005/522 575/2006/522 576/2007/522 578/2008/522
f 571/2009/523 572/2010/523 576/2011/523 575/2012/523
f 574/2013/524 573/2014/524 577/2015/524 578/2016/524
f 573/2017/525 571/2018/525 575/2019/525 577/2020/525
f 578/2021/526 576/2022/526 572/2023/526 574/2024/526
f 582/2025/527 580/2026/527 579/2027/527 581/2028/527
f 585/2029/528 583/2030/528 584/2031/528 586/2032/528
f 579/2033/529 580/2034/529 584/2035/529 583/2036/529
f 582/2037/530 581/2038/530 585/2039/530 586/2040/530
f 581/2041/531 579/2042/531 583/2043/531 585/2044/531
f 586/2045/532 584/2046/532 580/2047/532 582/2048/532
f 590/2049/533 588/2050/533 587/2051/533 589/2052/533
f 593/2053/534 591/2054/534 592/2055/534 594/2056/534
f 587/2057/535 588/2058/535 592/2059/535 591/2060/535
f 590/2061/536 589/2062/536 593/2063/536 594/2064/536
f 589/2065/537 587/2066/537 591/2067/537 593/2068/537
f 594/2069/538 592/2070/538 588/2071/538 590/2072/538
f 598/2073/539 596/2074/539 595/2075/539 597/2076/539
f 601/2077/540 599/2078/540 600/2079/540 602/2080/540
f 595/2081/541 596/2082/541 600/2083/541 599/2084/541
f 598/2085/542 597/2086/542 601/2087/542 602/2088/542
f 597/2089/543 595/2090/543 599/2091/543 601/2092/543
f 602/2093/544 600/2094/544 596/2095/544 598/2096/544
f 606/2097/545 604/2098/545 603/2099/545 605/2100/545
f 609/2101/546 607/2102/546 608/2103/546 610/2104/546
f 603/2105/547 604/2106/547 608/2107/547 607/2108/547
f 606/2109/548 605/2110/548 609/2111/548 610/2112/548
f 605/2113/549 603/2114/549 607/2115/549 609/2116/549
f 610/2117/550 608/2118/550 604/2119/550 606/2120/550
f 614/2121/551 612/2122/551 611/2123/551 613/2124/551
f 617/2125/552 615/2126/552 616/2127/552 618/2128/552
f 611/2129/553 612/2130/553 616/2131/553 615/2132/553
f 614/2133/554 613/2134/554 617/2135/554 618/2136/554
f 613/2137/555 611/2138/555 615/2139/555 617/2140/555
f 618/2141/556 616/2142/556 612/2143/556 614/2144/556
f 622/2145/557 620/2146/557 619/2147/557 621/2148/557
f 625/2149/558 623/2150/558 624/2151/558 626/2152/558
f 619/2153/559 620/2154/559 624/2155/559 623/2156/559
f 622/2157/560 621/2158/560 625/2159/560 626/2160/560
f 621/2161/561 619/2162/561 623/2163/561 625/2164/561
f 626/2165/562 624/2166/562 620/2167/562 622/2168/562
f 630/2169/563 628/2170/563 627/2171/563 629/2172/563
f 633/2173/564 631/2174/564 632/2175/564 634/2176/564
f 627/2177/565 628/2178/565 632/2179/565 631/2180/565
f 630/2181/566 629/2182/566 633/2183/566 634/2184/566
f 629/2185/567 627/2186/567 631/2187/567 633/2188/567
f 634/2189/568 632/2190/568 628/2191/568 630/2192/568
f 638/2193/569 636/2194/569 635/2195/569 637/2196/569
f 641/2197/570 639/2198/570 640/2199/570 642/2200/570
f 635/2201/571 636/2202/571 640/2203/571 639/2204/571
f 638/2205/572 637/2206/572 641/2207/572 642/2208/572
f 637/2209/573 635/2210/573 639/2211/573 641/2212/573
f 642/2213/574 640/2214/574 636/2215/574 638/2216/574
f 646/2217/575 644/2218/575 643/2219/575 645/2220/575
f 649/2221/576 647/2222/576 648/2223/576 650/2224/576
f 643/2225/577 644/2226/577 648/2227/577 647/2228/577
f 646/2229/578 645/2230/578 649/2231/578 650/2232/578
f 645/2233/579 643/2234/579 647/2235/579 649/2236/579
f 650/2237/580 648/2238/580 644/2239/580 646/2240/580
f 654/2241/581 652/2242/581 651/2243/581 653/2244/581
f 657/2245/582 655/2246/582 656/2247/582 658/2248/582
f 651/2249/583 652/2250/583 656/2251/583 655/2252/583
f 654/2253/584 653/2254/584 657/2255/584 658/2256/584
f 653/2257/585 651/2258/585 655/2259/585 657/2260/585
f 658/2261/586 656/2262/586 652/2263/586 654/2264/586
f 662/2265/587 660/2266/587 659/2267/587 661/2268/587
f 665/2269/588 663/2270/588 664/2271/588 666/2272/588
f 659/2273/589 660/2274/589 664/2275/589 663/2276/589
f 662/2277/590 661/2278/590 665/2279/590 666/2280/590
f 661/2281/591 659/2282/591 663/2283/591 665/2284/591
f 666/2285/592 664/2286/592 660/2287/592 662/2288/592
f 670/2289/593 668/2290/593 667/2291/593 669/2292/593
f 673/2293/594 671/2294/594 672/2295/594 674/2296/594
f 667/2297/595 668/2298/595 672/2299/595 671/2300/595
f 670/2301/596 669/2302/596 673/2303/596 674/2304/596
f 669/2305/597 667/2306/597 671/2307/597 673/2308/597
f 674/2309/598 672/2310/598 668/2311/598 670/2312/598
f 678/2313/599 676/2314/599 675/2315/599 677/2316/599
f 681/2317/600 679/2318/600 680/2319/600 682/2320/600
f 675/2321/601 676/2322/601 680/2323/601 679/2324/601
f 678/2325/602 677/2326/602 681/2327/602 682/2328/602
f 677/2329/603 675/2330/603 679/2331/603 681/2332/603
f 682/2333/604 680/2334/604 676/2335/604 678/2336/604
f 686/2337/605 684/2338/605 683/2339/605 685/2340/605
f 689/2341/606 687/2342/606 688/2343/606 690/2344/606
f 683/2345/607 684/2346/607 688/2347/607 687/2348/607
f 686/2349/608 685/2350/608 689/2351/608 690/2352/608
f 685/2353/609 683/2354/609 687/2355/609 689/2356/609
f 690/2357/610 688/2358/610 684/2359/610 686/2360/610
f 694/2361/611 692/2362/611 691/2363/611 693/2364/611
f 697/2365/612 695/2366/612 696/2367/612 698/2368/612
f 691/2369/613 692/2370/613 696/2371/613 695/2372/613
f 694/2373/614 693/2374/614 697/2375/614 698/2376/614
f 693/2377/615 691/2378/615 695/2379/615 697/2380/615
f 698/2381/616 696/2382/616 692/2383/616 694/2384/616
f 702/2385/617 700/2386/617 699/2387/617 701/2388/617
f 705/2389/618 703/2390/618 704/2391/618 706/2392/618
f 699/2393/619 700/2394/619 704/2395/619 703/2396/619
f 702/2397/620 701/2398/620 705/2399/620 706/2400/620
f 701/2401/621 699/2402/621 703/2403/621 705/2404/621
f 706/2405/622 704/2406/622 700/2407/622 702/2408/622
f 710/2409/623 708/2410/623 707/2411/623 709/2412/623
f 713/2413/624 711/2414/624 712/2415/624 714/2416/624
f 707/2417/625 708/2418/625 712/2419/625 711/2420/625
f 710/2421/626 709/2422/626 713/2423/626 714/2424/626
f 709/2425/627 707/2426/627 711/2427/627 713/2428/627
f 714/2429/628 712/2430/628 708/2431/628 710/2432/628
f 718/2433/629 716/2434/629 715/2435/629 717/2436/629
f 721/2437/630 719/2438/630 720/2439/630 722/2440/630
f 715/2441/631 716/2442/631 720/2443/631 719/2444/631
f 718/2445/632 717/2446/632 721/2447/632 722/2448/632
f 717/2449/633 715/2450/633 719/2451/633 721/2452/633
f 722/2453/634 720/2454/634 716/2455/634 718/2456/634
f 726/2457/635 724/2458/635 723/2459/635 725/2460/635
f 729/2461/636 727/2462/636 728/2463/636 730/2464/636
f 723/2465/637 724/2466/637 728/2467/637 727/2468/637
f 726/2469/638 725/2470/638 729/2471/638 730/2472/638
f 725/2473/639 723/2474/639 727/2475/639 729/2476/639
f 730/2477/640 728/2478/640 724/2479/640 726/2480/640
f 734/2481/641 732/2482/641 731/2483/641 733/2484/641
f 737/2485/642 735/2486/642 736/2487/642 738/2488/642
f 731/2489/643 732/2490/643 736/2491/643 735/2492/643
f 734/2493/644 733/2494/644 737/2495/644 738/2496/644
f 733/2497/645 731/2498/645 735/2499/645 737/2500/645
f 738/2501/646 736/2502/646 732/2503/646 734/2504/646
f 742/2505/647 740/2506/647 739/2507/647 741/2508/647
f 745/2509/648 743/2510/648 744/2511/648 746/2512/648
f 739/2513/649 740/2514/649 744/2515/649 743/2516/649
f 742/2517/650 741/2518/650 745/2519/650 746/2520/650
f 741/2521/651 739/2522/651 743/2523/651 745/2524/651
f 746/2525/652 744/2526/652 740/2527/652 742/2528/652
f 750/2529/653 748/2530/653 747/2531/653 749/2532/653
f 753/2533/654 751/2534/654 752/2535/654 754/2536/654
f 747/2537/655 748/2538/655 752/2539/655 751/2540/655
f 750/2541/656 749/2542/656 753/2543/656 754/2544/656
f 749/2545/657 747/2546/657 751/2547/657 753/2548/657
f 754/2549/658 752/2550/658 748/2551/658 750/2552/658
f 758/2553/659 756/2554/659 755/2555/659 757/2556/659
f 761/2557/660 759/2558/660 760/2559/660 762/2560/660
f 755/2561/661 756/2562/661 760/2563/661 759/2564/661
f 758/2565/662 757/2566/662 761/2567/662 762/2568/662
f 757/2569/663 755/2570/663 759/2571/663 761/2572/663
f 762/2573/664 760/2574/664 756/2575/664 758/2576/664
f 766/2577/665 764/2578/665 763/2579/665 765/2580/665
f 769/2581/666 767/2582/666 768/2583/666 770/2584/666
f 763/2585/667 764/2586/667 768/2587/667 767/2588/667
f 766/2589/668 765/2590/668 769/2591/668 770/2592/668
f 765/2593/669 763/2594/669 767/2595/669 769/2596/669
f 770/2597/670 768/2598/670 764/2599/670 766/2600/670
f 774/2601/671 772/2602/671 771/2603/671 773/2604/671
f 777/2605/672 775/2606/672 776/2607/672 778/2608/672
f 771/2609/673 772/2610/673 776/2611/673 775/2612/673
f 774/2613/674 773/2614/674 777/2615/674 778/2616/674
f 773/2617/675 771/2618/675 775/2619/675 777/2620/675
f 778/2621/676 776/2622/676 772/2623/676 774/2624/676
f 782/2625/677 780/2626/677 779/2627/677 781/2628/677
f 785/2629/678 783/2630/678 784/2631/678 786/2632/678
f 779/2633/679 780/2634/679 784/2635/679 783/2636/679
f 782/2637/680 781/2638/680 785/2639/680 786/2640/680
f 781/2641/681 779/2642/681 783/2643/681 785/2644/681
f 786/2645/682 784/2646/682 780/2647/682 782/2648/682
f 790/2649/683 788/2650/683 787/2651/683 789/2652/683
f 793/2653/684 791/2654/684 792/2655/684 794/2656/684
f 787/2657/685 788/2658/685 792/2659/685 791/2660/685
f 790/2661/686 789/2662/686 793/2663/686 794/2664/686
f 789/2665/687 787/2666/687 791/2667/687 793/2668/687
f 794/2669/688 792/2670/688 788/2671/688 790/2672/688
f 798/2673/689 796/2674/689 795/2675/689 797/2676/689
f 801/2677/690 799/2678/690 800/2679/690 802/2680/690
f 795/2681/691 796/2682/691 800/2683/691 799/2684/691
f 798/2685/692 797/2686/692 801/2687/692 802/2688/692
f 797/2689/693 795/2690/693 799/2691/693 801/2692/693
f 802/2693/694 800/2694/694 796/2695/694 798/2696/694
f 806/2697/695 804/2698/695 803/2699/695 805/2700/695
f 809/2701/696 807/2702/696 808/2703/696 810/2704/696
f 803/2705/697 804/2706/697 808/2707/697 807/2708/697
f 806/2709/698 805/2710/698 809/2711/698 810/2712/698
f 805/2713/699 803/2714/699 807/2715/699 809/2716/699
f 810/2717/700 808/2718/700 804/2719/700 806/2720/700
f 814/2721/701 812/2722/701 811/2723/701 813/2724/701
f 817/2725/702 815/2726/702 816/2727/702 818/2728/702
f 811/2729/703 812/2730/703 816/2731/703 815/2732/703
f 814/2733/704 813/2734/704 817/2735/704 818/2736/704
f 813/2737/705 811/2738/705 815/2739/705 817/2740/705
f 818/2741/706 816/2742/706 812/2743/706 814/2744/706
f 822/2745/707 820/2746/707 819/2747/707 821/2748/707
f 825/2749/708 823/2750/708 824/2751/708 826/2752/708
f 819/2753/709 820/2754/709 824/2755/709 823/2756/709
f 822/2757/710 821/2758/710 825/2759/710 826/2760/710
f 821/2761/711 819/2762/711 823/2763/711 825/2764/711
f 826/2765/712 824/2766/712 820/2767/712 822/2768/712
f 830/2769/713 828/2770/713 827/2771/713 829/2772/713
f 833/2773/714 831/2774/714 832/2775/714 834/2776/714
f 827/2777/715 828/2778/715 832/2779/715 831/2780/715
f 830/2781/716 829/2782/716 833/2783/716 834/2784/716
f 829/2785/717 827/2786/717 831/2787/717 833/2788/717
f 834/2789/718 832/2790/718 828/2791/718 830/2792/718
f 838/2793/719 836/2794/719 835/2795/719 837/2796/719
f 841/2797/720 839/2798/720 840/2799/720 842/2800/720
f 835/2801/721 836/2802/721 840/2803/721 839/2804/721
f 838/2805/722 837/2806/722 841/2807/722 842/2808/722
f 837/2809/723 835/2810/723 839/2811/723 841/2812/723
f 842/2813/724 840/2814/724 836/2815/724 838/2816/724
f 846/2817/725 844/2818/725 843/2819/725 845/2820/725
f 849/2821/726 847/2822/726 848/2823/726 850/2824/726
f 843/2825/727 844/2826/727 848/2827/727 847/2828/727
f 846/2829/728 845/2830/728 849/2831/728 850/2832/728
f 845/2833/729 843/2834/729 847/2835/729 849/2836/729
f 850/2837/730 848/2838/730 844/2839/730 846/2840/730
f 854/2841/731 852/2842/731 851/2843/731 853/2844/731
f 857/2845/732 855/2846/732 856/2847/732 858/2848/732
f 851/2849/733 852/2850/733 856/2851/733 855/2852/733
f 854/2853/734 853/2854/734 857/2855/734 858/2856/734
f 853/2857/735 851/2858/735 855/2859/735 857/2860/735
f 858/2861/736 856/2862/736 852/2863/736 854/2864/736
f 862/2865/737 860/2866/737 859/2867/737 861/2868/737
f 865/2869/738 863/2870/738 864/2871/738 866/2872/738
f 859/2873/739 860/2874/739 864/2875/739 863/2876/739
f 862/2877/740 861/2878/740 865/2879/740 866/2880/740
f 861/2881/741 859/2882/741 863/2883/741 865/2884/741
f 866/2885/742 864/2886/742 860/2887/742 862/2888/742
f 870/2889/743 868/2890/743 867/2891/743 869/2892/743
f 873/2893/744 871/2894/744 872/2895/744 874/2896/744
f 867/2897/745 868/2898/745 872/2899/745 871/2900/745
f 870/2901/746 869/2902/746 873/2903/746 874/2904/746
f 869/2905/747 867/2906/747 871/2907/747 873/2908/747
f 874/2909/748 872/2910/748 868/2911/748 870/2912/748
f 878/2913/749 876/2914/749 875/2915/749 877/2916/749
f 881/2917/750 879/2918/750 880/2919/750 882/2920/750
f 875/2921/751 876/2922/751 880/2923/751 879/2924/751
f 878/2925/752 877/2926/752 881/2927/752 882/2928/752
f 877/2929/753 875/2930/753 879/2931/753 881/2932/753
f 882/2933/754 880/2934/754 876/2935/754 878/2936/754
f 886/2937/755 884/2938/755 883/2939/755 885/2940/755
f 889/2941/756 887/2942/756 888/2943/756 890/2944/756
f 883/2945/757 884/2946/757 888/2947/757 887/2948/757
f 886/2949/758 885/2950/758 889/2951/758 890/2952/758
f 885/2953/759 883/2954/759 887/2955/759 889/2956/759
f 890/2957/760 888/2958/760 884/2959/760 886/2960/760
f 894/2961/761 892/2962/761 891/2963/761 893/2964/761
f 897/2965/762 895/2966/762 896/2967/762 898/2968/762
f 891/2969/763 892/2970/763 896/2971/763 895/2972/763
f 894/2973/764 893/2974/764 897/2975/764 898/2976/764
f 893/2977/765 891/2978/765 895/2979/765 897/2980/765
f 898/2981/766 896/2982/766 892/2983/766 894/2984/766
f 902/2985/767 900/2986/767 899/2987/767 901/2988/767
f 905/2989/768 903/2990/768 904/2991/768 906/2992/768
f 899/2993/769 900/2994/769 904/2995/769 903/2996/769
f 902/2997/770 901/2998/770 905/2999/770 906/3000/770
f 901/3001/771 899/3002/771 903/3003/771 905/3004/771
f 906/3005/772 904/3006/772 900/3007/772 902/3008/772
f 910/3009/773 908/3010/773 907/3011/773 909/3012/773
f 913/3013/774 911/3014/774 912/3015/774 914/3016/774
f 907/3017/775 908/3018/775 912/3019/775 911/3020/775
f 910/3021/776 909/3022/776 913/3023/776 914/3024/776
f 909/3025/777 907/3026/777 911/3027/777 913/3028/777
f 914/3029/778 912/3030/778 908/3031/778 910/3032/778
f 918/3033/779 916/3034/779 915/3035/779 917/3036/779
f 921/3037/780 919/3038/780 920/3039/780 922/3040/780
f 915/3041/781 916/3042/781 920/3043/781 919/3044/781
f 918/3045/782 917/3046/782 921/3047/782 922/3048/782
f 917/3049/783 915/3050/783 919/3051/783 921/3052/783
f 922/3053/784 920/3054/784 916/3055/784 918/3056/784
f 926/3057/785 924/3058/785 923/3059/785 925/3060/785
f 929/3061/786 927/3062/786 928/3063/786 930/3064/786
f 923/3065/787 924/3066/787 928/3067/787 927/3068/787
f 926/3069/788 925/3070/788 929/3071/788 930/3072/788
f 925/3073/789 923/3074/789 927/3075/789 929/3076/789
f 930/3077/790 928/3078/790 924/3079/790 926/3080/790
f 934/3081/791 932/3082/791 931/3083/791 933/3084/791
f 937/3085/792 935/3086/792 936/3087/792 938/3088/792
f 931/3089/793 932/3090/793 936/3091/793 935/3092/793
f 934/3093/794 933/3094/794 937/3095/794 938/3096/794
f 933/3097/795 931/3098/795 935/3099/795 937/3100/795
f 938/3101/796 936/3102/796 932/3103/796 934/3104/796
f 942/3105/797 940/3106/797 939/3107/797 941/3108/797
f 945/3109/798 943/3110/798 944/3111/798 946/3112/798
f 939/3113/799 940/3114/799 944/3115/799 943/3116/799
f 942/3117/800 941/3118/800 945/3119/800 946/3120/800
f 941/3121/801 939/3122/801 943/3123/801 945/3124/801
f 946/3125/802 944/3126/802 940/3127/802 942/3128/802
f 950/3129/803 948/3130/803 947/3131/803 949/3132/803
f 953/3133/804 951/3134/804 952/3135/804 954/3136/804
f 947/3137/805 948/3138/805 952/3139/805 951/3140/805
f 950/3141/806 949/3142/806 953/3143/806 954/3144/806
f 949/3145/807 947/3146/807 951/3147/807 953/3148/807
f 954/3149/808 952/3150/808 948/3151/808 950/3152/808
f 958/3153/809 956/3154/809 955/3155/809 957/3156/809
f 961/3157/810 959/3158/810 960/3159/810 962/3160/810
f 955/3161/811 956/3162/811 960/3163/811 959/3164/811
f 958/3165/812 957/3166/812 961/3167/812 962/3168/812
f 957/3169/813 955/3170/813 959/3171/813 961/3172/813
f 962/3173/814 960/3174/814 956/3175/814 958/3176/814
f 966/3177/815 964/3178/815 963/3179/815 965/3180/815
f 969/3181/816 967/3182/816 968/3183/816 970/3184/816
f 963/3185/817 964/3186/817 968/3187/817 967/3188/817
f 966/3189/818 965/3190/818 969/3191/818 970/3192/818
f 965/3193/819 963/3194/819 967/3195/819 969/3196/819
f 970/3197/820 968/3198/820 964/3199/820 966/3200/820
f 974/3201/821 972/3202/821 971/3203/821 973/3204/821
f 977/3205/822 975/3206/822 976/3207/822 978/3208/822
f 971/3209/823 972/3210/823 976/3211/823 975/3212/823
f 974/3213/824 973/3214/824 977/3215/824 978/3216/824
f 973/3217/825 971/3218/825 975/3219/825 977/3220/825
f 978/3221/826 976/3222/826 972/3223/826 974/3224/826
f 982/3225/827 980/3226/827 979/3227/827 981/3228/827
f 985/3229/828 983/3230/828 984/3231/828 986/3232/828
f 979/3233/829 980/3234/829 984/3235/829 983/3236/829
f 982/3237/830 981/3238/830 985/3239/830 986/3240/830
f 981/3241/831 979/3242/831 983/3243/831 985/3244/831
f 986/3245/832 984/3246/832 980/3247/832 982/3248/832
f 990/3249/833 988/3250/833 987/3251/833 989/3252/833
f 993/3253/834 991/3254/834 992/3255/834 994/3256/834
f 987/3257/835 988/3258/835 992/3259/835 991/3260/835
f 990/3261/836 989/3262/836 993/3263/836 994/3264/836
f 989/3265/837 987/3266/837 991/3267/837 993/3268/837
f 994/3269/838 992/3270/838 988/3271/838 990/3272/838
f 998/3273/839 996/3274/839 995/3275/839 997/3276/839
f 1001/3277/840 999/3278/840 1000/3279/840 1002/3280/840
f 995/3281/841 996/3282/841 1000/3283/841 999/3284/841
f 998/3285/842 997/3286/842 1001/3287/842 1002/3288/842
f 997/3289/843 995/3290/843 999/3291/843 1001/3292/843
f 1002/3293/844 1000/3294/844 996/3295/844 998/3296/844
f 1006/3297/845 1004/3298/845 1003/3299/845 1005/3300/845
f 1009/3301/846 1007/3302/846 1008/3303/846 1010/3304/846
f 1003/3305/847 1004/3306/847 1008/3307/847 1007/3308/847
f 1006/3309/848 1005/3310/848 1009/3311/848 1010/3312/848
f 1005/3313/849 1003/3314/849 1007/3315/849 1009/3316/849
f 1010/3317/850 1008/3318/850 1004/3319/850 1006/3320/850
f 1014/3321/851 1012/3322/851 1011/3323/851 1013/3324/851
f 1017/3325/852 1015/3326/852 1016/3327/852 1018/3328/852
f 1011/3329/853 1012/3330/853 1016/3331/853 1015/3332/853
f 1014/3333/854 1013/3334/854 1017/3335/854 1018/3336/854
f 1013/3337/855 1011/3338/855 1015/3339/855 1017/3340/855
f 1018/3341/856 1016/3342/856 1012/3343/856 1014/3344/856
f 1022/3345/857 1020/3346/857 1019/3347/857 1021/3348/857
f 1025/3349/858 1023/3350/858 1024/3351/858 1026/3352/858
f 1019/3353/859 1020/3354/859 1024/3355/859 1023/3356/859
f 1022/3357/860 1021/3358/860 1025/3359/860 1026/3360/860
f 1021/3361/861 1019/3362/861 1023/3363/861 1025/3364/861
f 1026/3365/862 1024/3366/862 1020/3367/862 1022/3368/862
f 1030/3369/863 1028/3370/863 1027/3371/863 1029/3372/863
f 1033/3373/864 1031/3374/864 1032/3375/864 1034/3376/864
f 1027/3377/865 1028/3378/865 1032/3379/865 1031/3380/865
f 1030/3381/866 1029/3382/866 1033/3383/866 1034/3384/866
f 1029/3385/867 1027/3386/867 1031/3387/867 1033/3388/867
f 1034/3389/868 1032/3390/868 1028/3391/868 1030/3392/868
f 1038/3393/869 1036/3394/869 1035/3395/869 1037/3396/869
f 1041/3397/870 1039/3398/870 1040/3399/870 1042/3400/870
f 1035/3401/871 1036/3402/871 1040/3403/871 1039/3404/871
f 1038/3405/872 1037/3406/872 1041/3407/872 1042/3408/872
f 1037/3409/873 1035/3410/873 1039/3411/873 1041/3412/873
f 1042/3413/874 1040/3414/874 1036/3415/874 1038/3416/874
f 1046/3417/875 1044/3418/875 1043/3419/875 1045/3420/875
f 1049/3421/876 1047/3422/876 1048/3423/876 1050/3424/876
f 1043/3425/877 1044/3426/877 1048/3427/877 1047/3428/877
f 1046/3429/878 1045/3430/878 1049/3431/878 1050/3432/878
f 1045/3433/879 1043/3434/879 1047/3435/879 1049/3436/879
f 1050/3437/880 1048/3438/880 1044/3439/880 1046/3440/880
f 1054/3441/881 1052/3442/881 1051/3443/881 1053/3444/881
f 1057/3445/882 1055/3446/882 1056/3447/882 1058/3448/882
f 1051/3449/883 1052/3450/883 1056/3451/883 1055/3452/883
f 1054/3453/884 1053/3454/884 1057/3455/884 1058/3456/884
f 1053/3457/885 1051/3458/885 1055/3459/885 1057/3460/885
f 1058/3461/886 1056/3462/886 1052/3463/886 1054/3464/886
f 1062/3465/887 1060/3466/887 1059/3467/887 1061/3468/887
f 1065/3469/888 1063/3470/888 1064/3471/888 1066/3472/888
f 1059/3473/889 1060/3474/889 1064/3475/889 1063/3476/889
f 1062/3477/890 1061/3478/890 1065/3479/890 1066/3480/890
f 1061/3481/891 1059/3482/891 1063/3483/891 1065/3484/891
f 1066/3485/892 1064/3486/892 1060/3487/892 1062/3488/892
f 1070/3489/893 1068/3490/893 1067/3491/893 1069/3492/893
f 1073/3493/894 1071/3494/894 1072/3495/894 1074/3496/894
f 1067/3497/895 1068/3498/895 1072/3499/895 1071/3500/895
f 1070/3501/896 1069/3502/896 1073/3503/896 1074/3504/896
f 1069/3505/897 1067/3506/897 1071/3507/897 1073/3508/897
f 1074/3509/898 1072/3510/898 1068/3511/898 1070/3512/898
f 1078/3513/899 1076/3514/899 1075/3515/899 1077/3516/899
f 1081/3517/900 1079/3518/900 1080/3519/900 1082/3520/900
f 1075/3521/901 1076/3522/901 1080/3523/901 1079/3524/901
f 1078/3525/902 1077/3526/902 1081/3527/902 1082/3528/902
f 1077/3529/903 1075/3530/903 1079/3531/903 1081/3532/903
f 1082/3533/904 1080/3534/904 1076/3535/904 1078/3536/904
f 1086/3537/905 1084/3538/905 1083/3539/905 1085/3540/905
f 1089/3541/906 1087/3542/906 1088/3543/906 1090/3544/906
f 1083/3545/907 1084/3546/907 1088/3547/907 1087/3548/907
f 1086/3549/908 1085/3550/908 1089/3551/908 1090/3552/908
f 1085/3553/909 1083/3554/909 1087/3555/909 1089/3556/909
f 1090/3557/910 1088/3558/910 1084/3559/910 1086/3560/910
f 1094/3561/911 1092/3562/911 1091/3563/911 1093/3564/911
f 1097/3565/912 1095/3566/912 1096/3567/912 1098/3568/912
f 1091/3569/913 1092/3570/913 1096/3571/913 1095/3572/913
f 1094/3573/914 1093/3574/914 1097/3575/914 1098/3576/914
f 1093/3577/915 1091/3578/915 1095/3579/915 1097/3580/915
f 1098/3581/916 1096/3582/916 1092/3583/916 1094/3584/916
f 1102/3585/917 1100/3586/917 1099/3587/917 1101/3588/917
f 1105/3589/918 1103/3590/918 1104/3591/918 1106/3592/918
f 1099/3593/919 1100/3594/919 1104/3595/919 1103/3596/919
f 1102/3597/920 1101/3598/920 1105/3599/920 1106/3600/920
f 1101/3601/921 1099/3602/921 1103/3603/921 1105/3604/921
f 1106/3605/922 1104/3606/922 1100/3607/922 1102/3608/922
f 1110/3609/923 1108/3610/923 1107/3611/923 1109/3612/923
f 1113/3613/924 1111/3614/924 1112/3615/924 1114/3616/924
f 1107/3617/925 1108/3618/925 1112/3619/925 1111/3620/925
f 1110/3621/926 1109/3622/926 1113/3623/926 1114/3624/926
f 1109/3625/927 1107/3626/927 1111/3627/927 1113/3628/927
f 1114/3629/928 1112/3630/928 1108/3631/928 1110/3632/928
f 1118/3633/929 1116/3634/929 1115/3635/929 1117/3636/929
f 1121/3637/930 1119/3638/930 1120/3639/930 1122/3640/930
f 1115/3641/931 1116/3642/931 1120/3643/931 1119/3644/931
f 1118/3645/932 1117/3646/932 1121/3647/932 1122/3648/932
f 1117/3649/933 1115/3650/933 1119/3651/933 1121/3652/933
f 1122/3653/934 1120/3654/934 1116/3655/934 1118/3656/934
f 1126/3657/935 1124/3658/935 1123/3659/935 1125/3660/935
f 1129/3661/936 1127/3662/936 1128/3663/936 1130/3664/936
f 1123/3665/937 1124/3666/937 1128/3667/937 1127/3668/937
f 1126/3669/938 1125/3670/938 1129/3671/938 1130/3672/938
f 1125/3673/939 1123/3674/939 1127/3675/939 1129/3676/939
f 1130/3677/940 1128/3678/940 1124/3679/940 1126/3680/940
f 1134/3681/941 1132/3682/941 1131/3683/941 1133/3684/941
f 1137/3685/942 1135/3686/942 1136/3687/942 1138/3688/942
f 1131/3689/943 1132/3690/943 1136/3691/943 1135/3692/943
f 1134/3693/944 1133/3694/944 1137/3695/944 1138/3696/944
f 1133/3697/945 1131/3698/945 1135/3699/945 1137/3700/945
f 1138/3701/946 1136/3702/946 1132/3703/946 1134/3704/946
f 1142/3705/947 1140/3706/947 1139/3707/947 1141/3708/947
f 1145/3709/948 1143/3710/948 1144/3711/948 1146/3712/948
f 1139/3713/949 1140/3714/949 1144/3715/949 1143/3716/949
f 1142/3717/950 1141/3718/950 1145/3719/950 1146/3720/950
f 1141/3721/951 1139/3722/951 1143/3723/951 1145/3724/951
f 1146/3725/952 1144/3726/952 1140/3727/952 1142/3728/952
f 1150/3729/953 1148/3730/953 1147/3731/953 1149/3732/953
f 1153/3733/954 1151/3734/954 1152/3735/954 1154/3736/954
f 1147/3737/955 1148/3738/955 1152/3739/955 1151/3740/955
f 1150/3741/956 1149/3742/956 1153/3743/956 1154/3744/956
f 1149/3745/957 1147/3746/957 1151/3747/957 1153/3748/957
f 1154/3749/958 1152/3750/958 1148/3751/958 1150/3752/958
f 1158/3753/959 1156/3754/959 1155/3755/959 1157/3756/959
f 1161/3757/960 1159/3758/960 1160/3759/960 1162/3760/960
f 1155/3761/961 1156/3762/961 1160/3763/961 1159/3764/961
f 1158/3765/962 1157/3766/962 1161/3767/962 1162/3768/962
f 1157/3769/963 1155/3770/963 1159/3771/963 1161/3772/963
f 1162/3773/964 1160/3774/964 1156/3775/964 1158/3776/964
f 1166/3777/965 1164/3778/965 1163/3779/965 1165/3780/965
f 1169/3781/966 1167/3782/966 1168/3783/966 1170/3784/966
f 1163/3785/967 1164/3786/967 1168/3787/967 1167/3788/967
f 1166/3789/968 1165/3790/968 1169/3791/968 1170/3792/968
f 1165/3793/969 1163/3794/969 1167/3795/969 1169/3796/969
f 1170/3797/970 1168/3798/970 1164/3799/970 1166/3800/970
f 1174/3801/971 1172/3802/971 1171/3803/971 1173/3804/971
f 1177/3805/972 1175/3806/972 1176/3807/972 1178/3808/972
f 1171/3809/973 1172/3810/973 1176/3811/973 1175/3812/973
f 1174/3813/974 1173/3814/974 1177/3815/974 1178/3816/974
f 1173/3817/975 1171/3818/975 1175/3819/975 1177/3820/975
f 1178/3821/976 1176/3822/976 1172/3823/976 1174/3824/976
f 1182/3825/977 1180/3826/977 1179/3827/977 1181/3828/977
f 1185/3829/978 1183/3830/978 1184/3831/978 1186/3832/978
f 1179/3833/979 1180/3834/979 1184/3835/979 1183/3836/979
f 1182/3837/980 1181/3838/980 1185/3839/980 1186/3840/980
f 1181/3841/981 1179/3842/981 1183/3843/981 1185/3844/981
f 1186/3845/982 1184/3846/982 1180/3847/982 1182/3848/982
f 1190/3849/983 1188/3850/983 1187/3851/983 1189/3852/983
f 1193/3853/984 1191/3854/984 1192/3855/984 1194/3856/984
f 1187/3857/985 1188/3858/985 1192/3859/985 1191/3860/985
f 1190/3861/986 1189/3862/986 1193/3863/986 1194/3864/986
f 1189/3865/987 1187/3866/987 1191/3867/987 1193/3868/987
f 1194/3869/988 1192/3870/988 1188/3871/988 1190/3872/988
f 1198/3873/989 1196/3874/989 1195/3875/989 1197/3876/989
f 1201/3877/990 1199/3878/990 1200/3879/990 1202/3880/990
f 1195/3881/991 1196/3882/991 1200/3883/991 1199/3884/991
f 1198/3885/992 1197/3886/992 1201/3887/992 1202/3888/992
f 1197/3889/993 1195/3890/993 1199/3891/993 1201/3892/993
f 1202/3893/994 1200/3894/994 1196/3895/994 1198/3896/994
f 1206/3897/995 1204/3898/995 1203/3899/995 1205/3900/995
f 1209/3901/996 1207/3902/996 1208/3903/996 1210/3904/996
f 1203/3905/997 1204/3906/997 1208/3907/997 1207/3908/997
f 1206/3909/998 1205/3910/998 1209/3911/998 1210/3912/998
f 1205/3913/999 1203/3914/999 1207/3915/999 1209/3916/999
f 1210/3917/1000 1208/3918/1000 1204/3919/1000 1206/3920/1000
f 1214/3921/1001 1212/3922/1001 1211/3923/1001 1213/3924/1001
f 1217/3925/1002 1215/3926/1002 1216/3927/1002 1218/3928/1002
f 1211/3929/1003 1212/3930/1003 1216/3931/1003 1215/3932/1003
f 1214/3933/1004 1213/3934/1004 1217/3935/1004 1218/3936/1004
f 1213/3937/1005 1211/3938/1005 1215/3939/1005 1217/3940/1005
f 1218/3941/1006 1216/3942/1006 1212/3943/1006 1214/3944/1006
f 1222/3945/1007 1220/3946/1007 1219/3947/1007 1221/3948/1007
f 1225/3949/1008 1223/3950/1008 1224/3951/1008 1226/3952/1008
f 1219/3953/1009 1220/3954/1009 1224/3955/1009 1223/3956/1009
f 1222/3957/1010 1221/3958/1010 1225/3959/1010 1226/3960/1010
f 1221/3961/1011 1219/3962/1011 1223/3963/1011 1225/3964/1011
f 1226/3965/1012 1224/3966/1012 1220/3967/1012 1222/3968/1012
f 1230/3969/1013 1228/3970/1013 1227/3971/1013 1229/3972/1013
f 1233/3973/1014 1231/3974/1014 1232/3975/1014 1234/3976/1014
f 1227/3977/1015 1228/3978/1015 1232/3979/1015 1231/3980/1015
f 1230/3981/1016 1229/3982/1016 1233/3983/1016 1234/3984/1016
f 1229/3985/1017 1227/3986/1017 1231/3987/1017 1233/3988/1017
f 1234/3989/1018 1232/3990/1018 1228/3991/1018 1230/3992/1018
f 1238/3993/1019 1236/3994/1019 1235/3995/1019 1237/3996/1019
f 1241/3997/1020 1239/3998/1020 1240/3999/1020 1242/4000/1020
f 1235/4001/1021 1236/4002/1021 1240/4003/1021 1239/4004/1021
f 1238/4005/1022 1237/4006/1022 1241/4007/1022 1242/4008/1022
f 1237/4009/1023 1235/4010/1023 1239/4011/1023 1241/4012/1023
f 1242/4013/1024 1240/4014/1024 1236/4015/1024 1238/4016/1024
f 1246/4017/1025 1244/4018/1025 1243/4019/1025 1245/4020/1025
f 1249/4021/1026 1247/4022/1026 1248/4023/1026 1250/4024/1026
f 1243/4025/1027 1244/4026/1027 1248/4027/1027 1247/4028/1027
f 1246/4029/1028 1245/4030/1028 1249/4031/1028 1250/4032/1028
f 1245/4033/1029 1243/4034/1029 1247/4035/1029 1249/4036/1029
f 1250/4037/1030 1248/4038/1030 1244/4039/1030 1246/4040/1030
f 1254/4041/1031 1252/4042/1031 1251/4043/1031 1253/4044/1031
f 1257/4045/1032 1255/4046/1032 1256/4047/1032 1258/4048/1032
f 1251/4049/1033 1252/4050/1033 1256/4051/1033 1255/4052/1033
f 1254/4053/1034 1253/4054/1034 1257/4055/1034 1258/4056/1034
f 1253/4057/1035 1251/4058/1035 1255/4059/1035 1257/4060/1035
f 1258/4061/1036 1256/4062/1036 1252/4063/1036 1254/4064/1036
f 1262/4065/1037 1260/4066/1037 1259/4067/1037 1261/4068/1037
f 1265/4069/1038 1263/4070/1038 1264/4071/1038 1266/4072/1038
f 1259/4073/1039 1260/4074/1039 1264/4075/1039 1263/4076/1039
f 1262/4077/1040 1261/4078/1040 1265/4079/1040 1266/4080/1040
f 1261/4081/1041 1259/4082/1041 1263/4083/1041 1265/4084/1041
f 1266/4085/1042 1264/4086/1042 1260/4087/1042 1262/4088/1042
f 1270/4089/1043 1268/4090/1043 1267/4091/1043 1269/4092/1043
f 1273/4093/1044 1271/4094/1044 1272/4095/1044 1274/4096/1044
f 1267/4097/1045 1268/4098/1045 1272/4099/1045 1271/4100/1045
f 1270/4101/1046 1269/4102/1046 1273/4103/1046 1274/4104/1046
f 1269/4105/1047 1267/4106/1047 1271/4107/1047 1273/4108/1047
f 1274/4109/1048 1272/4110/1048 1268/4111/1048 1270/4112/1048
f 1278/4113/1049 1276/4114/1049 1275/4115/1049 1277/4116/1049
f 1281/4117/1050 1279/4118/1050 1280/4119/1050 1282/4120/1050
f 1275/4121/1051 1276/4122/1051 1280/4123/1051 1279/4124/1051
f 1278/4125/1052 1277/4126/1052 1281/4127/1052 1282/4128/1052
f 1277/4129/1053 1275/4130/1053 1279/4131/1053 1281/4132/1053
f 1282/4133/1054 1280/4134/1054 1276/4135/1054 1278/4136/1054
f 1286/4137/1055 1284/4138/1055 1283/4139/1055 1285/4140/1055
f 1289/4141/1056 1287/4142/1056 1288/4143/1056 1290/4144/1056
f 1283/4145/1057 1284/4146/1057 1288/4147/1057 1287/4148/1057
f 1286/4149/1058 1285/4150/1058 1289/4151/1058 1290/4152/1058
f 1285/4153/1059 1283/4154/1059 1287/4155/1059 1289/4156/1059
f 1290/4157/1060 1288/4158/1060 1284/4159/1060 1286/4160/1060
f 1294/4161/1061 1292/4162/1061 1291/4163/1061 1293/4164/1061
f 1297/4165/1062 1295/4166/1062 1296/4167/1062 1298/4168/1062
f 1291/4169/1063 1292/4170/1063 1296/4171/1063 1295/4172/1063
f 1294/4173/1064 1293/4174/1064 1297/4175/1064 1298/4176/1064
f 1293/4177/1065 1291/4178/1065 1295/4179/1065 1297/4180/1065
f 1298/4181/1066 1296/4182/1066 1292/4183/1066 1294/4184/1066
f 1302/4185/1067 1300/4186/1067 1299/4187/1067 1301/4188/1067
f 1305/4189/1068 1303/4190/1068 1304/4191/1068 1306/4192/1068
f 1299/4193/1069 1300/4194/1069 1304/4195/1069 1303/4196/1069
f 1302/4197/1070 1301/4198/1070 1305/4199/1070 1306/4200/1070
f 1301/4201/1071 1299/4202/1071 1303/4203/1071 1305/4204/1071
f 1306/4205/1072 1304/4206/1072 1300/4207/1072 1302/4208/1072
f 1310/4209/1073 1308/4210/1073 1307/4211/1073 1309/4212/1073
f 1313/4213/1074 1311/4214/1074 1312/4215/1074 1314/4216/1074
f 1307/4217/1075 1308/4218/1075 1312/4219/1075 1311/4220/1075
f 1310/4221/1076 1309/4222/1076 1313/4223/1076 1314/4224/1076
f 1309/4225/1077 1307/4226/1077 1311/4227/1077 1313/4228/1077
f 1314/4229/1078 1312/4230/1078 1308/4231/1078 1310/4232/1078
f 1318/4233/1079 1316/4234/1079 1315/4235/1079 1317/4236/1079
f 1321/4237/1080 1319/4238/1080 1320/4239/1080 1322/4240/1080
f 1315/4241/1081 1316/4242/1081 1320/4243/1081 1319/4244/1081
f 1318/4245/1082 1317/4246/1082 1321/4247/1082 1322/4248/1082
f 1317/4249/1083 1315/4250/1083 1319/4251/1083 1321/4252/1083
f 1322/4253/1084 1320/4254/1084 1316/4255/1084 1318/4256/1084
f 1326/4257/1085 1324/4258/1085 1323/4259/1085 1325/4260/1085
f 1329/4261/1086 1327/4262/1086 1328/4263/1086 1330/4264/1086
f 1323/4265/1087 1324/4266/1087 1328/4267/1087 1327/4268/1087
f 1326/4269/1088 1325/4270/1088 1329/4271/1088 1330/4272/1088
f 1325/4273/1089 1323/4274/1089 1327/4275/1089 1329/4276/1089
f 1330/4277/1090 1328/4278/1090 1324/4279/1090 1326/4280/1090
f 1334/4281/1091 1332/4282/1091 1331/4283/1091 1333/4284/1091
f 1337/4285/1092 1335/4286/1092 1336/4287/1092 1338/4288/1092
f 1331/4289/1093 1332/4290/1093 1336/4291/1093 1335/4292/1093
f 1334/4293/1094 1333/4294/1094 1337/4295/1094 1338/4296/1094
f 1333/4297/1095 1331/4298/1095 1335/4299/1095 1337/4300/1095
f 1338/4301/1096 1336/4302/1096 1332/4303/1096 1334/4304/1096
f 1342/4305/1097 1340/4306/1097 1339/4307/1097 1341/4308/1097
f 1345/4309/1098 1343/4310/1098 1344/4311/1098 1346/4312/1098
f 1339/4313/1099 1340/4314/1099 1344/4315/1099 1343/4316/1099
f 1342/4317/1100 1341/4318/1100 1345/4319/1100 1346/4320/1100
f 1341/4321/1101 1339/4322/1101 1343/4323/1101 1345/4324/1101
f 1346/4325/1102 1344/4326/1102 1340/4327/1102 1342/4328/1102
f 1350/4329/1103 1348/4330/1103 1347/4331/1103 1349/4332/1103
f 1353/4333/1104 1351/4334/1104 1352/4335/1104 1354/4336/1104
f 1347/4337/1105 1348/4338/1105 1352/4339/1105 1351/4340/1105
f 1350/4341/1106 1349/4342/1106 1353/4343/1106 1354/4344/1106
f 1349/4345/1107 1347/4346/1107 1351/4347/1107 1353/4348/1107
f 1354/4349/1108 1352/4350/1108 1348/4351/1108 1350/4352/1108
f 1358/4353/1109 1356/4354/1109 1355/4355/1109 1357/4356/1109
f 1361/4357/1110 1359/4358/1110 1360/4359/1110 1362/4360/1110
f 1355/4361/1111 1356/4362/1111 1360/4363/1111 1359/4364/1111
f 1358/4365/1112 1357/4366/1112 1361/4367/1112 1362/4368/1112
f 1357/4369/1113 1355/4370/1113 1359/4371/1113 1361/4372/1113
f 1362/4373/1114 1360/4374/1114 1356/4375/1114 1358/4376/1114
f 1366/4377/1115 1364/4378/1115 1363/4379/1115 1365/4380/1115
f 1369/4381/1116 1367/4382/1116 1368/4383/1116 1370/4384/1116
f 1363/4385/1117 1364/4386/1117 1368/4387/1117 1367/4388/1117
f 1366/4389/1118 1365/4390/1118 1369/4391/1118 1370/4392/1118
f 1365/4393/1119 1363/4394/1119 1367/4395/1119 1369/4396/1119
f 1370/4397/1120 1368/4398/1120 1364/4399/1120 1366/4400/1120
f 1374/4401/1121 1372/4402/1121 1371/4403/1121 1373/4404/1121
f 1377/4405/1122 1375/4406/1122 1376/4407/1122 1378/4408/1122
f 1371/4409/1123 1372/4410/1123 1376/4411/1123 1375/4412/1123
f 1374/4413/1124 1373/4414/1124 1377/4415/1124 1378/4416/1124
f 1373/4417/1125 1371/4418/1125 1375/4419/1125 1377/4420/1125
f 1378/4421/1126 1376/4422/1126 1372/4423/1126 1374/4424/1126
f 1382/4425/1127 1380/4426/1127 1379/4427/1127 1381/4428/1127
f 1385/4429/1128 1383/4430/1128 1384/4431/1128 1386/4432/1128
f 1379/4433/1129 1380/4434/1129 1384/4435/1129 1383/4436/1129
f 1382/4437/1130 1381/4438/1130 1385/4439/1130 1386/4440/1130
f 1381/4441/1131 1379/4442/1131 1383/4443/1131 1385/4444/1131
f 1386/4445/1132 1384/4446/1132 1380/4447/1132 1382/4448/1132
f 1390/4449/1133 1388/4450/1133 1387/4451/1133 1389/4452/1133
f 1393/4453/1134 1391/4454/1134 1392/4455/1134 1394/4456/1134
f 1387/4457/1135 1388/4458/1135 1392/4459/1135 1391/4460/1135
f 1390/4461/1136 1389/4462/1136 1393/4463/1136 1394/4464/1136
f 1389/4465/1137 1387/4466/1137 1391/4467/1137 1393/4468/1137
f 1394/4469/1138 1392/4470/1138 1388/4471/1138 1390/4472/1138