# Made in Blockbench 5.0.3
mtllib endpoint_signal_modern.mtl

o tube
v 0.045304374999999994 1.0625 2.0816681711721685e-17
v 0.045304374999999994 1.0625 0.03125000000000003
v 0.036093125 1.0847381249999999 2.0816681711721685e-17
v 0.036093125 1.084738125 0.031250000000000014
v 0.109375 1.126570625 6.938893903907228e-18
v 0.109375 1.126570625 0.031250000000000014
v 0.087136875 1.135781875 1.0408340855860843e-17
v 0.087136875 1.135781875 0.03125000000000001
v 0.109375 1.217179375 -8.673617379884035e-18
v 0.109375 1.217179375 0.031249999999999993
v 0.087136875 1.207968125 -6.938893903907228e-18
v 0.087136875 1.207968125 0.031249999999999993
v 0.045304374999999994 1.28125 -2.0816681711721685e-17
v 0.045304374999999994 1.28125 0.03124999999999998
v 0.036093125 1.2590118750000001 -1.3877787807814457e-17
v 0.036093125 1.2590118750000001 0.03124999999999998
v -0.045304374999999994 1.28125 -2.0816681711721685e-17
v -0.045304374999999994 1.28125 0.03124999999999998
v -0.036093125 1.2590118750000001 -1.3877787807814457e-17
v -0.036093125 1.2590118750000001 0.03124999999999998
v -0.109375 1.217179375 -8.673617379884035e-18
v -0.109375 1.217179375 0.031249999999999993
v -0.087136875 1.207968125 -6.938893903907228e-18
v -0.087136875 1.207968125 0.031249999999999993
v -0.109375 1.126570625 6.938893903907228e-18
v -0.109375 1.126570625 0.031250000000000014
v -0.087136875 1.135781875 1.0408340855860843e-17
v -0.087136875 1.135781875 0.03125000000000001
v -0.045304374999999994 1.0625 2.0816681711721685e-17
v -0.045304374999999994 1.0625 0.03125000000000003
v -0.036093125 1.0847381249999999 2.0816681711721685e-17
v -0.036093125 1.084738125 0.031250000000000014
v 0 1.1718749999999998 0.09375000000000006
v 0 1.1718749999999998 0.18750000000000006
v 0.045304374999999994 1.0624999999999998 0.09375
v 0.045304374999999994 1.0624999999999998 0.18750000000000006
v 0.109375 1.1265706249999998 0.09375000000000006
v 0.109375 1.1265706249999998 0.18750000000000006
v 0.109375 1.2171793749999997 0.09375000000000003
v 0.109375 1.2171793749999997 0.18750000000000003
v 0.045304374999999994 1.2812499999999998 0.09375000000000001
v 0.045304374999999994 1.2812499999999998 0.18750000000000006
v -0.045304374999999994 1.2812499999999998 0.09375000000000001
v -0.045304374999999994 1.2812499999999998 0.18750000000000006
v -0.109375 1.2171793749999997 0.09375000000000003
v -0.109375 1.2171793749999997 0.18750000000000003
v -0.109375 1.1265706249999998 0.09375000000000006
v -0.109375 1.1265706249999998 0.18750000000000006
v -0.045304374999999994 1.0624999999999998 0.09375
v -0.045304374999999994 1.0624999999999998 0.18750000000000006
v 0.125 1.296875 0.03125000000000008
v 0.125 1.296875 0.025
v 0.125 1.109375 0.031250000000000014
v 0.125 1.109375 0.024999999999999925
v -0.125 1.296875 0.03125000000000008
v -0.125 1.296875 0.025
v -0.125 1.109375 0.031250000000000014
v -0.125 1.109375 0.024999999999999925
v 0.0625 1.3124999999999998 0.07812500000000006
v 0.0625 1.3125 -0.2187499999999999
v 0.0625 1.2812499999999998 0.07812500000000004
v 0.0625 1.28125 -0.21874999999999992
v -0.0625 1.3124999999999998 0.07812500000000006
v -0.0625 1.3125 -0.2187499999999999
v -0.0625 1.2812499999999998 0.07812500000000004
v -0.0625 1.28125 -0.21874999999999992
v 0.10580692863070451 1.2945618676954889 0.06250000000000004
v 0.10580692863070451 1.2945618676954889 -0.2031249999999999
v 0.09384807136929547 1.265690632304511 0.06250000000000006
v 0.09384807136929547 1.265690632304511 -0.2031249999999999
v 0.06250007554423795 1.3125001535876024 0.06250000000000003
v 0.06250007554423795 1.3125001535876024 -0.20312499999999992
v 0.05054121828282891 1.2836289181966245 0.06250000000000003
v 0.05054121828282891 1.2836289181966247 -0.2031249999999999
v 0.12268662778005801 1.2776817091320214 0.07812500000000004
v 0.12268662778005801 1.2776817091320216 -0.1874999999999999
v 0.10058954086797839 1.2555846222199418 0.07812500000000003
v 0.10058954086797839 1.255584622219942 -0.18749999999999992
v 0.10580666308792039 1.294561673824159 0.07812500000000004
v 0.10580666308792039 1.2945616738241592 -0.1874999999999999
v 0.0837095761758408 1.2724645869120794 0.07812500000000004
v 0.0837095761758408 1.2724645869120796 -0.18749999999999992
v 0.14062499269548884 1.2343750536307043 0.07812500000000006
v 0.14062499269548884 1.2343750536307045 -0.15625
v 0.11175375730451115 1.2224161963692954 0.07812500000000006
v 0.11175375730451115 1.2224161963692957 -0.15625
v 0.12268670680337526 1.277681906717171 0.07812500000000004
v 0.12268670680337526 1.2776819067171712 -0.1562499999999999
v 0.09381547141239754 1.2657230494557619 0.07812500000000004
v 0.09381547141239754 1.265723049455762 -0.15624999999999992
v 0.109375 1.2343749999999998 0.06250000000000006
v 0.109375 1.234375 -0.125
v 0.140625 1.2343749999999998 0.06250000000000006
v 0.140625 1.234375 -0.125
v 0.109375 1.1718749999999998 0.06250000000000006
v 0.109375 1.171875 -0.12499999999999999
v 0.140625 1.1718749999999998 0.06250000000000006
v 0.140625 1.171875 -0.12499999999999999
v 0.109375 1.1718749999999998 0.07812500000000006
v 0.109375 1.171875 -0.078125
v 0.140625 1.1718749999999998 0.07812500000000006
v 0.140625 1.171875 -0.078125
v 0.109375 1.1406249999999998 0.07812500000000007
v 0.109375 1.140625 -0.078125
v 0.140625 1.1406249999999998 0.07812500000000007
v 0.140625 1.140625 -0.078125
v -0.06250007554423795 1.3125001535876024 0.06250000000000003
v -0.06250007554423795 1.3125001535876024 -0.20312499999999992
v -0.05054121828282891 1.2836289181966245 0.06250000000000003
v -0.05054121828282891 1.2836289181966247 -0.2031249999999999
v -0.10580692863070451 1.2945618676954889 0.06250000000000004
v -0.10580692863070451 1.2945618676954889 -0.2031249999999999
v -0.09384807136929547 1.265690632304511 0.06250000000000006
v -0.09384807136929547 1.265690632304511 -0.2031249999999999
v -0.109375 1.1406249999999998 0.07812500000000007
v -0.109375 1.140625 -0.078125
v -0.140625 1.1406249999999998 0.07812500000000007
v -0.140625 1.140625 -0.078125
v -0.109375 1.1718749999999998 0.07812500000000006
v -0.109375 1.171875 -0.078125
v -0.140625 1.1718749999999998 0.07812500000000006
v -0.140625 1.171875 -0.078125
v -0.109375 1.1718749999999998 0.07812500000000006
v -0.109375 1.171875 -0.12499999999999999
v -0.140625 1.1718749999999998 0.07812500000000006
v -0.140625 1.171875 -0.12499999999999999
v -0.109375 1.2343749999999998 0.07812500000000006
v -0.109375 1.234375 -0.125
v -0.140625 1.2343749999999998 0.07812500000000006
v -0.140625 1.234375 -0.125
v -0.12268670680337526 1.277681906717171 0.07812500000000004
v -0.12268670680337526 1.2776819067171712 -0.1562499999999999
v -0.09381547141239754 1.2657230494557619 0.07812500000000004
v -0.09381547141239754 1.265723049455762 -0.15624999999999992
v -0.14062499269548884 1.2343750536307043 0.07812500000000006
v -0.14062499269548884 1.2343750536307045 -0.15625
v -0.11175375730451115 1.2224161963692954 0.07812500000000006
v -0.11175375730451115 1.2224161963692957 -0.15625
v -0.10580666308792039 1.294561673824159 0.07812500000000004
v -0.10580666308792039 1.2945616738241592 -0.1874999999999999
v -0.0837095761758408 1.2724645869120794 0.07812500000000004
v -0.0837095761758408 1.2724645869120796 -0.18749999999999992
v -0.12268662778005801 1.2776817091320214 0.07812500000000004
v -0.12268662778005801 1.2776817091320216 -0.1874999999999999
v -0.10058954086797839 1.2555846222199418 0.07812500000000003
v -0.10058954086797839 1.255584622219942 -0.18749999999999992
v -0.31728687499999997 1.2547868749999997 0.10312500000000004
v -0.31728687499999997 1.254786875 0.0225
v -0.25478687499999997 1.2547868749999997 0.10312500000000004
v -0.25478687499999997 1.254786875 0.0225
v -0.317286875 1.1610368749999997 0.10312500000000008
v -0.317286875 1.161036875 0.0225
v -0.254786875 1.1610368749999997 0.10312500000000008
v -0.254786875 1.161036875 0.0225
v -0.019057129722782062 0.9362993899243957 0.09687499999999995
v -0.019057129722782062 0.9362993899243957 0.02187500000000002
v -0.03125027484879009 0.8750003098991938 0.09687499999999999
v -0.03125027484879009 0.8750003098991938 0.021875000000000006
v -0.08035620974798396 0.9484925350504037 0.09687499999999998
v -0.08035620974798396 0.9484925350504037 0.02187499999999999
v -0.09254935487399199 0.8871934550252019 0.09687499999999996
v -0.09254935487399199 0.8871934550252017 0.021875000000000006
v 0.03125 0.9374999999999999 0.10000000000000003
v 0.03125 0.9374999999999999 0.0225
v 0.03125 0.8749999999999999 0.10000000000000002
v 0.03125 0.8749999999999999 0.0225
v -0.03125 0.9374999999999999 0.10000000000000003
v -0.03125 0.9374999999999999 0.0225
v -0.03125 0.8749999999999999 0.10000000000000002
v -0.03125 0.8749999999999999 0.0225
v -0.06863147517240836 0.9449353520410927 0.09687499999999995
v -0.06863147517240836 0.9449353520410927 0.02187499999999999
v -0.09254918969522646 0.8871928812591372 0.09687499999999998
v -0.09254918969522646 0.8871928812591372 0.02187500000000002
v -0.1263739459543638 0.9688530665639108 0.09687499999999993
v -0.1263739459543638 0.9688530665639108 0.021875000000000006
v -0.1502916604771819 0.9111105957819554 0.09687499999999996
v -0.1502916604771819 0.9111105957819553 0.02187499999999999
v -0.11556812010364059 0.963077436974093 0.09687499999999993
v -0.11556812010364059 0.963077436974093 0.02187499999999999
v -0.15029125966736573 0.9111105862051839 0.09687499999999999
v -0.15029125966736573 0.9111105862051839 0.02187499999999999
v -0.16753497087254968 0.9978005765378181 0.09687499999999998
v -0.16753497087254968 0.9978005765378181 0.02187499999999999
v -0.20225811043627479 0.945833725768909 0.09687499999999999
v -0.20225811043627479 0.945833725768909 0.02187499999999999
v -0.15806435352752235 0.9900279238241592 0.09687499999999995
v -0.15806435352752235 0.9900279238241592 0.02187500000000002
v -0.2022585273516816 0.9458337499999999 0.09687499999999998
v -0.2022585273516816 0.9458337499999999 0.02187500000000002
v -0.2022585273516816 1.0342220976483183 0.09687499999999995
v -0.2022585273516816 1.0342220976483185 0.021875000000000006
v -0.2464527011758408 0.9900279238241592 0.09687499999999995
v -0.2464527011758408 0.9900279238241592 0.02187500000000002
v -0.1944856588984567 1.024751303358541 0.09687499999999995
v -0.1944856588984567 1.0247513033585411 0.02187499999999999
v -0.24645250966736576 0.9900281637948161 0.09687499999999996
v -0.24645250966736576 0.990028163794816 0.02187500000000002
v -0.22920879846218184 1.0767181541274502 0.09687499999999996
v -0.22920879846218184 1.0767181541274504 0.021875000000000006
v -0.28117564923109095 1.041995014563725 0.09687499999999995
v -0.28117564923109095 1.0419950145637251 0.021875
v -0.22343296891327102 1.0659129582636806 0.09687499999999993
v -0.22343296891327102 1.0659129582636808 0.021875
v -0.28117543969522646 1.0419952437408624 0.09687499999999995
v -0.28117543969522646 1.0419952437408626 0.02187499999999999
v -0.24735068343608918 1.123655429045636 0.09687499999999993
v -0.24735068343608918 1.1236554290456362 0.021874999999999985
v -0.30509315421804456 1.099737714522818 0.09687499999999992
v -0.30509315421804456 1.0997377145228182 0.021874999999999985
v -0.24379431982358812 1.111930335226814 0.09687499999999993
v -0.24379431982358812 1.1119303352268142 0.021874999999999985
v -0.30509339984879 1.099737190100806 0.09687499999999993
v -0.30509339984879 1.0997371901008062 0.021874999999999985
v -0.2559874649495962 1.1732294152520157 0.09687499999999999
v -0.2559874649495962 1.173229415252016 0.021874999999999978
v -0.317286544974798 1.1610362701260077 0.09687499999999999
v -0.317286544974798 1.161036270126008 0.021874999999999978
v 0.3172868750000001 1.1610368749999997 0.10312500000000008
v 0.3172868750000001 1.161036875 0.0225
v 0.2547868750000001 1.1610368749999997 0.10312500000000008
v 0.2547868750000001 1.161036875 0.0225
v 0.317286875 1.2547868749999997 0.10312500000000004
v 0.317286875 1.254786875 0.0225
v 0.254786875 1.2547868749999997 0.10312500000000004
v 0.254786875 1.254786875 0.0225
v 0.2559874649495962 1.1732294152520157 0.09687499999999999
v 0.2559874649495962 1.173229415252016 0.021874999999999978
v 0.317286544974798 1.1610362701260077 0.09687499999999999
v 0.317286544974798 1.161036270126008 0.021874999999999978
v 0.24379431982358812 1.111930335226814 0.09687499999999993
v 0.24379431982358812 1.1119303352268142 0.021874999999999985
v 0.30509339984879 1.099737190100806 0.09687499999999993
v 0.30509339984879 1.0997371901008062 0.021874999999999985
v 0.24735068343608918 1.123655429045636 0.09687499999999993
v 0.24735068343608918 1.1236554290456362 0.021874999999999985
v 0.30509315421804456 1.099737714522818 0.09687499999999992
v 0.30509315421804456 1.0997377145228182 0.021874999999999985
v 0.22343296891327102 1.0659129582636806 0.09687499999999993
v 0.22343296891327102 1.0659129582636808 0.021875
v 0.28117543969522646 1.0419952437408624 0.09687499999999995
v 0.28117543969522646 1.0419952437408626 0.02187499999999999
v 0.22920879846218184 1.0767181541274502 0.09687499999999996
v 0.22920879846218184 1.0767181541274504 0.021875000000000006
v 0.28117564923109095 1.041995014563725 0.09687499999999995
v 0.28117564923109095 1.0419950145637251 0.021875
v 0.1944856588984567 1.024751303358541 0.09687499999999995
v 0.1944856588984567 1.0247513033585411 0.02187499999999999
v 0.24645250966736576 0.9900281637948161 0.09687499999999996
v 0.24645250966736576 0.990028163794816 0.02187500000000002
v 0.2022585273516816 1.0342220976483183 0.09687499999999995
v 0.2022585273516816 1.0342220976483185 0.021875000000000006
v 0.2464527011758408 0.9900279238241592 0.09687499999999995
v 0.2464527011758408 0.9900279238241592 0.02187500000000002
v 0.15806435352752235 0.9900279238241592 0.09687499999999995
v 0.15806435352752235 0.9900279238241592 0.02187500000000002
v 0.2022585273516816 0.9458337499999999 0.09687499999999998
v 0.2022585273516816 0.9458337499999999 0.02187500000000002
v 0.16753497087254968 0.9978005765378181 0.09687499999999998
v 0.16753497087254968 0.9978005765378181 0.02187499999999999
v 0.20225811043627479 0.945833725768909 0.09687499999999999
v 0.20225811043627479 0.945833725768909 0.02187499999999999
v 0.11556812010364059 0.963077436974093 0.09687499999999993
v 0.11556812010364059 0.963077436974093 0.02187499999999999
v 0.15029125966736573 0.9111105862051839 0.09687499999999999
v 0.15029125966736573 0.9111105862051839 0.02187499999999999
v 0.1263739459543638 0.9688530665639108 0.09687499999999993
v 0.1263739459543638 0.9688530665639108 0.021875000000000006
v 0.1502916604771819 0.9111105957819554 0.09687499999999996
v 0.1502916604771819 0.9111105957819553 0.02187499999999999
v 0.06863147517240836 0.9449353520410927 0.09687499999999995
v 0.06863147517240836 0.9449353520410927 0.02187499999999999
v 0.09254918969522646 0.8871928812591372 0.09687499999999998
v 0.09254918969522646 0.8871928812591372 0.02187500000000002
v 0.08035620974798396 0.9484925350504037 0.09687499999999998
v 0.08035620974798396 0.9484925350504037 0.02187499999999999
v 0.09254935487399199 0.8871934550252019 0.09687499999999996
v 0.09254935487399199 0.8871934550252017 0.021875000000000006
v 0.019057129722782062 0.9362993899243957 0.09687499999999995
v 0.019057129722782062 0.9362993899243957 0.02187500000000002
v 0.03125027484879009 0.8750003098991938 0.09687499999999999
v 0.03125027484879009 0.8750003098991938 0.021875000000000006
v 0.171875 0.9999999999999998 0.09375
v 0.171875 1 0.031250000000000035
v 0.171875 0.9375 0.09375000000000001
v 0.171875 0.9374999999999999 0.031250000000000014
v -0.171875 0.9999999999999998 0.09375
v -0.171875 1 0.031250000000000035
v -0.171875 0.9375 0.09375000000000001
v -0.171875 0.9374999999999999 0.031250000000000014
v 0.21875 1.0624999999999998 0.09375
v 0.21875 1.0625 0.03125000000000003
v 0.21875 0.9999999999999998 0.09375
v 0.21875 1 0.031250000000000035
v -0.21875 1.0624999999999998 0.09375
v -0.21875 1.0625 0.03125000000000003
v -0.21875 0.9999999999999998 0.09375
v -0.21875 1 0.031250000000000035
v 0.26249999999999996 1.3749999999999998 0.09375000000000006
v 0.26249999999999996 1.375 0.031250000000000056
v 0.26249999999999996 1.0624999999999998 0.09375
v 0.26249999999999996 1.0625 0.03125000000000003
v -0.26249999999999996 1.3749999999999998 0.09375000000000006
v -0.26249999999999996 1.375 0.031250000000000056
v -0.26249999999999996 1.0624999999999998 0.09375
v -0.26249999999999996 1.0625 0.03125000000000003
v -0.03125027484879009 1.5374996901008058 0.09687499999999999
v -0.03125027484879009 1.537499690100806 0.021875000000000033
v -0.019057129722782062 1.4762006100756038 0.09687499999999998
v -0.019057129722782062 1.476200610075604 0.021875000000000033
v -0.09254935487399199 1.5253065449747976 0.09687499999999998
v -0.09254935487399199 1.5253065449747978 0.021875000000000033
v -0.08035620974798396 1.4640074649495958 0.096875
v -0.08035620974798396 1.464007464949596 0.02187500000000006
v -0.09254918969522646 1.5253071187408622 0.09687499999999999
v -0.09254918969522646 1.5253071187408624 0.02187500000000006
v -0.06863147517240836 1.4675646479589068 0.096875
v -0.06863147517240836 1.467564647958907 0.021875000000000033
v -0.1502916604771819 1.5013894042180442 0.09687500000000003
v -0.1502916604771819 1.5013894042180445 0.021875000000000033
v -0.1263739459543638 1.4436469334360889 0.09687499999999998
v -0.1263739459543638 1.443646933436089 0.021875000000000033
v -0.15029125966736578 1.5013894137948154 0.09687499999999999
v -0.15029125966736578 1.5013894137948156 0.02187500000000006
v -0.11556812010364065 1.4494225630259063 0.096875
v -0.11556812010364065 1.4494225630259066 0.021875000000000047
v -0.20225811043627487 1.4666662742310903 0.09687499999999999
v -0.20225811043627487 1.4666662742310905 0.021875000000000033
v -0.16753497087254973 1.4146994234621812 0.096875
v -0.16753497087254973 1.4146994234621815 0.021875000000000033
v -0.2022585273516816 1.4666662499999996 0.09687499999999999
v -0.2022585273516816 1.4666662499999998 0.021875000000000033
v -0.15806435352752235 1.4224720761758405 0.09687500000000003
v -0.15806435352752235 1.4224720761758407 0.021875000000000047
v -0.2464527011758408 1.4224720761758405 0.09687500000000003
v -0.2464527011758408 1.4224720761758407 0.021875000000000047
v -0.2022585273516816 1.3782779023516811 0.096875
v -0.2022585273516816 1.3782779023516813 0.021875000000000047
v -0.24645250966736576 1.4224718362051836 0.09687499999999999
v -0.24645250966736576 1.4224718362051838 0.021875000000000047
v -0.1944856588984567 1.3877486966414585 0.09687500000000004
v -0.1944856588984567 1.3877486966414587 0.021875000000000047
v -0.28117564923109095 1.3705049854362745 0.09687499999999996
v -0.28117564923109095 1.3705049854362747 0.021875000000000075
v -0.22920879846218184 1.3357818458725494 0.09687499999999998
v -0.22920879846218184 1.3357818458725497 0.02187500000000006
v -0.28117543969522646 1.3705047562591366 0.09687499999999995
v -0.28117543969522646 1.3705047562591368 0.021875000000000047
v -0.22343296891327102 1.3465870417363184 0.09687499999999998
v -0.22343296891327102 1.3465870417363186 0.02187500000000006
v -0.30509315421804456 1.312762285477181 0.09687499999999998
v -0.30509315421804456 1.3127622854771812 0.021875000000000068
v -0.24735068343608918 1.288844570954363 0.09687499999999996
v -0.24735068343608918 1.2888445709543632 0.021875000000000068
v -0.30509339984879 1.3127628098991933 0.09687499999999995
v -0.30509339984879 1.3127628098991935 0.02187500000000006
v -0.24379431982358812 1.3005696647731853 0.09687499999999996
v -0.24379431982358812 1.3005696647731855 0.021875000000000068
v -0.317286544974798 1.2514637298739915 0.09687499999999996
v -0.317286544974798 1.2514637298739917 0.021875000000000082
v -0.2559874649495962 1.2392705847479835 0.09687499999999998
v -0.2559874649495962 1.2392705847479837 0.021874999999999964
v 0.09254935487399199 1.5253065449747976 0.09687499999999998
v 0.09254935487399199 1.5253065449747978 0.021875000000000033
v 0.08035620974798396 1.4640074649495958 0.096875
v 0.08035620974798396 1.464007464949596 0.02187500000000006
v 0.03125027484879009 1.5374996901008058 0.09687499999999999
v 0.03125027484879009 1.537499690100806 0.021875000000000033
v 0.019057129722782062 1.4762006100756038 0.09687499999999998
v 0.019057129722782062 1.476200610075604 0.021875000000000033
v 0.1502916604771819 1.5013894042180442 0.09687500000000003
v 0.1502916604771819 1.5013894042180445 0.021875000000000033
v 0.1263739459543638 1.4436469334360889 0.09687499999999998
v 0.1263739459543638 1.443646933436089 0.021875000000000033
v 0.09254918969522646 1.5253071187408622 0.09687499999999999
v 0.09254918969522646 1.5253071187408624 0.02187500000000006
v 0.06863147517240836 1.4675646479589068 0.096875
v 0.06863147517240836 1.467564647958907 0.021875000000000033
v 0.20225811043627487 1.4666662742310903 0.09687499999999999
v 0.20225811043627487 1.4666662742310905 0.021875000000000033
v 0.16753497087254973 1.4146994234621812 0.096875
v 0.16753497087254973 1.4146994234621815 0.021875000000000033
v 0.15029125966736578 1.5013894137948154 0.09687499999999999
v 0.15029125966736578 1.5013894137948156 0.02187500000000006
v 0.11556812010364065 1.4494225630259063 0.096875
v 0.11556812010364065 1.4494225630259066 0.021875000000000047
v 0.2464527011758408 1.4224720761758405 0.09687500000000003
v 0.2464527011758408 1.4224720761758407 0.021875000000000047
v 0.2022585273516816 1.3782779023516811 0.096875
v 0.2022585273516816 1.3782779023516813 0.021875000000000047
v 0.2022585273516816 1.4666662499999996 0.09687499999999999
v 0.2022585273516816 1.4666662499999998 0.021875000000000033
v 0.15806435352752235 1.4224720761758405 0.09687500000000003
v 0.15806435352752235 1.4224720761758407 0.021875000000000047
v 0.28117564923109095 1.3705049854362745 0.09687499999999996
v 0.28117564923109095 1.3705049854362747 0.021875000000000075
v 0.22920879846218184 1.3357818458725494 0.09687499999999998
v 0.22920879846218184 1.3357818458725497 0.02187500000000006
v 0.24645250966736576 1.4224718362051836 0.09687499999999999
v 0.24645250966736576 1.4224718362051838 0.021875000000000047
v 0.1944856588984567 1.3877486966414585 0.09687500000000004
v 0.1944856588984567 1.3877486966414587 0.021875000000000047
v 0.30509315421804456 1.312762285477181 0.09687499999999998
v 0.30509315421804456 1.3127622854771812 0.021875000000000068
v 0.24735068343608918 1.288844570954363 0.09687499999999996
v 0.24735068343608918 1.2888445709543632 0.021875000000000068
v 0.28117543969522646 1.3705047562591366 0.09687499999999995
v 0.28117543969522646 1.3705047562591368 0.021875000000000047
v 0.22343296891327102 1.3465870417363184 0.09687499999999998
v 0.22343296891327102 1.3465870417363186 0.02187500000000006
v 0.317286544974798 1.2514637298739915 0.09687499999999996
v 0.317286544974798 1.2514637298739917 0.021875000000000082
v 0.2559874649495962 1.2392705847479835 0.09687499999999998
v 0.2559874649495962 1.2392705847479837 0.021874999999999964
v 0.30509339984879 1.3127628098991933 0.09687499999999995
v 0.30509339984879 1.3127628098991935 0.02187500000000006
v 0.24379431982358812 1.3005696647731853 0.09687499999999996
v 0.24379431982358812 1.3005696647731855 0.021875000000000068
v 0.03125 1.5374999999999994 0.10000000000000002
v 0.03125 1.5374999999999996 0.0225
v 0.03125 1.4749999999999994 0.10000000000000005
v 0.03125 1.4749999999999996 0.0225
v -0.03125 1.5374999999999994 0.10000000000000002
v -0.03125 1.5374999999999996 0.0225
v -0.03125 1.4749999999999994 0.10000000000000005
v -0.03125 1.4749999999999996 0.0225
v 0.140625 1.4999999999999998 0.09375000000000004
v 0.140625 1.5 0.03125000000000008
v 0.140625 1.4374999999999998 0.09375000000000007
v 0.140625 1.4375 0.031250000000000056
v -0.140625 1.4999999999999998 0.09375000000000004
v -0.140625 1.5 0.03125000000000008
v -0.140625 1.4374999999999998 0.09375000000000007
v -0.140625 1.4375 0.031250000000000056
v 0.26916018530477354 1.2031249999999998 0.11194975625913739
v 0.24524247078195544 1.203125 0.0542072854771819
v 0.26916018530477354 1.1406249999999998 0.11194975625913739
v 0.24524247078195544 1.140625 0.05420728547718191
v 0.09593277295890726 1.2031249999999998 0.1837028998275917
v 0.07201505843608916 1.2031249999999998 0.12596042904563626
v 0.09593277295890726 1.1406249999999998 0.1837028998275917
v 0.07201505843608916 1.1406249999999998 0.12596042904563626
v -0.09593277295890726 1.2031249999999998 0.1837028998275917
v -0.07201505843608916 1.2031249999999998 0.12596042904563626
v -0.09593277295890726 1.1406249999999998 0.1837028998275917
v -0.07201505843608916 1.1406249999999998 0.12596042904563626
v -0.26916018530477354 1.2031249999999998 0.11194975625913739
v -0.24524247078195544 1.203125 0.0542072854771819
v -0.26916018530477354 1.1406249999999998 0.11194975625913739
v -0.24524247078195544 1.140625 0.05420728547718191
v -0.0625 1.3749999999999998 0.15625000000000006
v -0.0625 1.3749999999999998 0.09375000000000006
v -0.0625 0.9374999999999999 0.15625000000000006
v -0.0625 0.9375 0.09375000000000001
v -0.125 1.3749999999999998 0.15625000000000006
v -0.125 1.3749999999999998 0.09375000000000006
v -0.125 0.9374999999999999 0.15625000000000006
v -0.125 0.9375 0.09375000000000001
v 0.125 1.3749999999999998 0.15625000000000006
v 0.125 1.3749999999999998 0.09375000000000006
v 0.125 0.9374999999999999 0.15625000000000006
v 0.125 0.9375 0.09375000000000001
v 0.0625 1.3749999999999998 0.15625000000000006
v 0.0625 1.3749999999999998 0.09375000000000006
v 0.0625 0.9374999999999999 0.15625000000000006
v 0.0625 0.9375 0.09375000000000001
v 0.15625 1.3812499999999999 0.17187500000000006
v 0.15625 1.3812499999999999 0.09375000000000006
v 0.15625 1.3187499999999999 0.171875
v 0.15625 1.3187499999999999 0.09375000000000003
v -0.15625 1.3812499999999999 0.17187500000000006
v -0.15625 1.3812499999999999 0.09375000000000006
v -0.15625 1.3187499999999999 0.171875
v -0.15625 1.3187499999999999 0.09375000000000003
v 0.1875 0.9375 0.18750000000000003
v 0.1875 0.9374999999999999 0.06250000000000004
v 0.1875 0.9062499999999999 0.18750000000000008
v 0.1875 0.9062499999999999 0.06250000000000004
v -0.1875 0.9375 0.18750000000000003
v -0.1875 0.9374999999999999 0.06250000000000004
v -0.1875 0.9062499999999999 0.18750000000000008
v -0.1875 0.9062499999999999 0.06250000000000004
v 0.15625 0.9062499999999999 0.17187500000000006
v 0.15625 0.9062499999999999 0.07812500000000004
v 0.15625 0.8749999999999999 0.17187500000000006
v 0.15625 0.875 0.07812500000000003
v -0.15625 0.9062499999999999 0.17187500000000006
v -0.15625 0.9062499999999999 0.07812500000000004
v -0.15625 0.8749999999999999 0.17187500000000006
v -0.15625 0.875 0.07812500000000003
v 0.1875 0.8749999999999999 0.18750000000000003
v 0.1875 0.8749999999999999 0.06250000000000006
v 0.1875 0.8437499999999999 0.1875
v 0.1875 0.8437499999999999 0.0625
v -0.1875 0.8749999999999999 0.18750000000000003
v -0.1875 0.8749999999999999 0.06250000000000006
v -0.1875 0.8437499999999999 0.1875
v -0.1875 0.8437499999999999 0.0625
v 0.09375 0.8437499999999999 0.1875
v 0.09375 0.8437499999999999 0.0625
v 0.09375 0.6875 0.1875
v 0.09375 0.6874999999999999 0.0625
v -0.09375 0.8437499999999999 0.1875
v -0.09375 0.8437499999999999 0.0625
v -0.09375 0.6875 0.1875
v -0.09375 0.6874999999999999 0.0625
v 0.0625 0.6875 0.1875
v 0.0625 0.6874999999999999 0.0625
v 0.0625 0.5 0.1875
v 0.0625 0.4999999999999999 0.0625
v -0.0625 0.6875 0.1875
v -0.0625 0.6874999999999999 0.0625
v -0.0625 0.5 0.1875
v -0.0625 0.4999999999999999 0.0625
v 0.125 0.5624999999999999 0.5
v 0.125 0.5624999999999999 0.4375
v 0.125 0.25 0.4999999999999999
v 0.125 0.2499999999999999 0.43750000000000006
v -0.125 0.5624999999999999 0.5
v -0.125 0.5624999999999999 0.4375
v -0.125 0.25 0.4999999999999999
v -0.125 0.2499999999999999 0.43750000000000006
v 0.0625 0.5 0.4374999999999999
v 0.0625 0.4999999999999999 0.0625
v 0.0625 0.3749999999999999 0.4375
v 0.0625 0.375 0.0625
v -0.0625 0.5 0.4374999999999999
v -0.0625 0.4999999999999999 0.0625
v -0.0625 0.3749999999999999 0.4375
v -0.0625 0.375 0.0625
v 0.05625 0.39224906216995703 0.4936486551385487
v 0.05625 0.49739429924285616 0.10124128820861478
v 0.05625 0.27150833388382356 0.4612962745007335
v 0.05625 0.37665357095672247 0.0688889075707998
v -0.05625 0.39224906216995703 0.4936486551385487
v -0.05625 0.49739429924285616 0.10124128820861478
v -0.05625 0.27150833388382356 0.4612962745007335
v -0.05625 0.37665357095672247 0.0688889075707998
v 0.21875 1.4374999999999998 0.09375000000000007
v 0.21875 1.4375 0.031250000000000056
v 0.21875 1.3749999999999998 0.09375000000000006
v 0.21875 1.375 0.031250000000000056
v -0.21875 1.4374999999999998 0.09375000000000007
v -0.21875 1.4375 0.031250000000000056
v -0.21875 1.3749999999999998 0.09375000000000006
v -0.21875 1.375 0.031250000000000056
vt 0.09375 0.34375
vt 0.116403125 0.34375
vt 0.116403125 0.359375
vt 0.09375 0.359375
vt 0.174296875 0.375
vt 0.15625 0.375
vt 0.15625 0.359375
vt 0.174296875 0.359375
vt 0.078125 0.3414475
vt 0.078125 0.32340078125000005
vt 0.0836846875 0.32109828124999995
vt 0.0836846875 0.34375
vt 0.140625 0.4006903125
vt 0.16327671875 0.4006903125
vt 0.16097421875 0.40625
vt 0.1429275 0.40625
vt 0.125 0.375
vt 0.147653125 0.375
vt 0.147653125 0.390625
vt 0.125 0.390625
vt 0.189921875 0.40625
vt 0.171875 0.40625
vt 0.171875 0.390625
vt 0.189921875 0.390625
vt 0.078125 0.34144687500000004
vt 0.078125 0.3234
vt 0.083684375 0.32109687499999995
vt 0.083684375 0.34375
vt 0.099309375 0.35234687499999995
vt 0.099309375 0.375
vt 0.09375 0.37269687500000004
vt 0.09375 0.35465
vt 0.1875 0.375
vt 0.210153125 0.375
vt 0.210153125 0.390625
vt 0.1875 0.390625
vt 0.143046875 0.390625
vt 0.125 0.390625
vt 0.125 0.375
vt 0.143046875 0.375
vt 0.20784921875 0.359375
vt 0.1898025 0.359375
vt 0.1875 0.3538153125
vt 0.21015171875 0.3538153125
vt 0.1618096875 0.35234828124999995
vt 0.1618096875 0.375
vt 0.15625 0.3726975
vt 0.15625 0.35465078125000005
vt 0.140625 0.390625
vt 0.163278125 0.390625
vt 0.163278125 0.40625
vt 0.140625 0.40625
vt 0.111796875 0.375
vt 0.09375 0.375
vt 0.09375 0.359375
vt 0.111796875 0.359375
vt 0.20785 0.40625
vt 0.189803125 0.40625
vt 0.1875 0.40069062499999997
vt 0.210153125 0.40069062499999997
vt 0.194528125 0.390625
vt 0.171875 0.390625
vt 0.174178125 0.38506562499999997
vt 0.192225 0.38506562499999997
vt 0.109375 0.359375
vt 0.132028125 0.359375
vt 0.132028125 0.375
vt 0.109375 0.375
vt 0.096171875 0.390625
vt 0.078125 0.390625
vt 0.078125 0.375
vt 0.096171875 0.375
vt 0.1618096875 0.38590078125000005
vt 0.1618096875 0.4039475
vt 0.15625 0.40625
vt 0.15625 0.38359828124999995
vt 0.14765171875 0.3125
vt 0.125 0.3125
vt 0.1273025 0.3069403125
vt 0.14534921875 0.3069403125
vt 0.140625 0.359375
vt 0.163278125 0.359375
vt 0.163278125 0.375
vt 0.140625 0.375
vt 0.127421875 0.375
vt 0.109375 0.375
vt 0.109375 0.359375
vt 0.127421875 0.359375
vt 0.161809375 0.35465
vt 0.161809375 0.37269687500000004
vt 0.15625 0.375
vt 0.15625 0.35234687499999995
vt 0.21875 0.40625
vt 0.21875 0.38359687499999995
vt 0.224309375 0.3859
vt 0.224309375 0.40394687500000004
vt 0.09375 0.359375
vt 0.116403125 0.359375
vt 0.116403125 0.375
vt 0.09375 0.375
vt 0.080546875 0.390625
vt 0.0625 0.390625
vt 0.0625 0.375
vt 0.080546875 0.375
vt 0.1585525 0.3694403125
vt 0.17659921875 0.3694403125
vt 0.17890171875 0.375
vt 0.15625 0.375
vt 0.078125 0.390625
vt 0.078125 0.36797328124999995
vt 0.0836846875 0.37027578125000005
vt 0.0836846875 0.3883225
vt 0.09375 0.328125
vt 0.116403125 0.328125
vt 0.116403125 0.34375
vt 0.09375 0.34375
vt 0.111796875 0.40625
vt 0.09375 0.40625
vt 0.09375 0.390625
vt 0.111796875 0.390625
vt 0.096053125 0.36944062499999997
vt 0.1141 0.36944062499999997
vt 0.116403125 0.375
vt 0.09375 0.375
vt 0.078125 0.36944062499999997
vt 0.100778125 0.36944062499999997
vt 0.098475 0.375
vt 0.080428125 0.375
vt 0.029596875 0.9790725
vt 0.02092859375 1
vt 0 0.9790725
vt 0 0.96875
vt 0.022653125 0.96875
vt 0.022653125 1
vt 0 1
vt 0 0.970403125
vt 0.0209275 0.97907140625
vt 0 1
vt 0.02734375 0.977346875
vt 0.02734375 1
vt 0 0.9886734375
vt 0 0.96875
vt 0.022653125 0.96875
vt 0.022653125 1
vt 0 1
vt 0.02734375 0.977346875
vt 0.02734375 1
vt 0 0.9886734375
vt 0 0.970403125
vt 0.0209275 0.97907140625
vt 0 1
vt 0 0.96875
vt 0.022653125 0.96875
vt 0.022653125 1
vt 0 1
vt 0.029596875 0.9790725
vt 0.02092859375 1
vt 0 0.9790725
vt 0 0.97265625
vt 0.022653125 0.97265625
vt 0.0113265625 1
vt 0 0.96875
vt 0.022653125 0.96875
vt 0.022653125 1
vt 0 1
vt 0.022653125 1
vt 0 1
vt 0.0113265625 0.97265625
vt 0 1
vt 0.008668125 0.9790725
vt 0.029596875 1
vt 0 0.96875
vt 0.022653125 0.96875
vt 0.022653125 1
vt 0 1
vt 0.0209275 1
vt 0 0.991331875
vt 0.0209275 0.970403125
vt 0 1
vt 0 0.977346875
vt 0.02734375 0.9886734375
vt 0 0.96875
vt 0.022653125 0.96875
vt 0.022653125 1
vt 0 1
vt 0 1
vt 0 0.977346875
vt 0.02734375 0.9886734375
vt 0.0209275 1
vt 0 0.991331875
vt 0.0209275 0.970403125
vt 0 0.96875
vt 0.022653125 0.96875
vt 0.022653125 1
vt 0 1
vt 0 1
vt 0.008668125 0.9790725
vt 0.029596875 1
vt 0.022653125 1
vt 0 1
vt 0.0113265625 0.97265625
vt 0 0.96875
vt 0.022653125 0.96875
vt 0.022653125 1
vt 0 1
vt 0 0.97265625
vt 0.022653125 0.97265625
vt 0.0113265625 1
vt 0.9375 0.015625
vt 0.9375 0.0625
vt 0.9359375 0.0625
vt 0.9359375 0.015625
vt 0.9234375 0
vt 0.9234375 0.046875
vt 0.921875 0.046875
vt 0.921875 0
vt 0.984375 0.06093749999999998
vt 0.984375 0.0625
vt 0.921875 0.0625
vt 0.921875 0.06093749999999998
vt 0.984375 0.046875
vt 0.984375 0.04843750000000002
vt 0.921875 0.04843750000000002
vt 0.921875 0.046875
vt 0.96875 0.015625
vt 0.96875 0.0625
vt 0.90625 0.0625
vt 0.90625 0.015625
vt 0.359375 0.359375
vt 0.359375 0.40625
vt 0.296875 0.40625
vt 0.296875 0.359375
vt 0.125 0.3671875
vt 0.125 0.375
vt 0.046875 0.375
vt 0.046875 0.3671875
vt 0.109375 0.3984375
vt 0.109375 0.40625
vt 0.03125 0.40625
vt 0.03125 0.3984375
vt 0.0625 0.328125
vt 0.0625 0.40625
vt 0.03125 0.40625
vt 0.03125 0.328125
vt 0.0625 0.34375
vt 0.0625 0.421875
vt 0.03125 0.421875
vt 0.03125 0.34375
vt 0.09375 0.3671875
vt 0.09375 0.375
vt 0.0625 0.375
vt 0.0625 0.3671875
vt 0.125 0.3828125
vt 0.125 0.390625
vt 0.09375 0.390625
vt 0.09375 0.3828125
vt 0.11328125 0.3984375
vt 0.11328125 0.40625
vt 0.046875 0.40625
vt 0.046875 0.3984375
vt 0.140625 0.3984375
vt 0.140625 0.40625
vt 0.07421875 0.40625
vt 0.07421875 0.3984375
vt 0.0625 0.34375
vt 0.0625 0.41015625
vt 0.05078125 0.41015625
vt 0.05078125 0.34375
vt 0.0625 0.35546875
vt 0.0625 0.421875
vt 0.05078125 0.421875
vt 0.05078125 0.35546875
vt 0.078125 0.3984375
vt 0.078125 0.40625
vt 0.06640625 0.40625
vt 0.06640625 0.3984375
vt 0.08984375 0.3984375
vt 0.08984375 0.40625
vt 0.078125 0.40625
vt 0.078125 0.3984375
vt 0.19921875 0.3828125
vt 0.19921875 0.390625
vt 0.125 0.390625
vt 0.125 0.3828125
vt 0.21875 0.3671875
vt 0.21875 0.375
vt 0.14453125 0.375
vt 0.14453125 0.3671875
vt 0.10362421875 0.34375
vt 0.10362421875 0.41796875
vt 0.09765625 0.41796875
vt 0.09765625 0.34375
vt 0.11924921875 0.33203125
vt 0.11924921875 0.40625
vt 0.11328125 0.40625
vt 0.11328125 0.33203125
vt 0.08799921875 0.3671875
vt 0.08799921875 0.375
vt 0.08203125 0.375
vt 0.08203125 0.3671875
vt 0.08409296875 0.3984375
vt 0.08409296875 0.40625
vt 0.078125 0.40625
vt 0.078125 0.3984375
vt 0.16796875 0.3828125
vt 0.16796875 0.390625
vt 0.09375 0.390625
vt 0.09375 0.3828125
vt 0.125 0.3984375
vt 0.125 0.40625
vt 0.05078125 0.40625
vt 0.05078125 0.3984375
vt 0.078125 0.34375
vt 0.078125 0.41796875
vt 0.06640625 0.41796875
vt 0.06640625 0.34375
vt 0.0625 0.34765625
vt 0.0625 0.421875
vt 0.05078125 0.421875
vt 0.05078125 0.34765625
vt 0.15625 0.3671875
vt 0.15625 0.375
vt 0.14453125 0.375
vt 0.14453125 0.3671875
vt 0.12109375 0.3828125
vt 0.12109375 0.390625
vt 0.109375 0.390625
vt 0.109375 0.3828125
vt 0.15625 0.3671875
vt 0.15625 0.375
vt 0.09375 0.375
vt 0.09375 0.3671875
vt 0.125 0.3828125
vt 0.125 0.390625
vt 0.0625 0.390625
vt 0.0625 0.3828125
vt 0.0625 0.34375
vt 0.0625 0.40625
vt 0.046875 0.40625
vt 0.046875 0.34375
vt 0.078125 0.3125
vt 0.078125 0.375
vt 0.0625 0.375
vt 0.0625 0.3125
vt 0.078125 0.4140625
vt 0.078125 0.421875
vt 0.0625 0.421875
vt 0.0625 0.4140625
vt 0.171875 0.3828125
vt 0.171875 0.390625
vt 0.15625 0.390625
vt 0.15625 0.3828125
vt 0.171875 0.3828125
vt 0.171875 0.390625
vt 0.125 0.390625
vt 0.125 0.3828125
vt 0.140625 0.3984375
vt 0.140625 0.40625
vt 0.09375 0.40625
vt 0.09375 0.3984375
vt 0.15625 0.34375
vt 0.15625 0.390625
vt 0.1484375 0.390625
vt 0.1484375 0.34375
vt 0.109375 0.328125
vt 0.109375 0.375
vt 0.1015625 0.375
vt 0.1015625 0.328125
vt 0.1875 0.3671875
vt 0.1875 0.375
vt 0.1796875 0.375
vt 0.1796875 0.3671875
vt 0.1953125 0.3828125
vt 0.1953125 0.390625
vt 0.1875 0.390625
vt 0.1875 0.3828125
vt 0.07421875 0.3984375
vt 0.07421875 0.40625
vt 0.140625 0.40625
vt 0.140625 0.3984375
vt 0.046875 0.3984375
vt 0.046875 0.40625
vt 0.11328125 0.40625
vt 0.11328125 0.3984375
vt 0.05078125 0.34375
vt 0.05078125 0.41015625
vt 0.0625 0.41015625
vt 0.0625 0.34375
vt 0.05078125 0.35546875
vt 0.05078125 0.421875
vt 0.0625 0.421875
vt 0.0625 0.35546875
vt 0.06640625 0.3984375
vt 0.06640625 0.40625
vt 0.078125 0.40625
vt 0.078125 0.3984375
vt 0.078125 0.3984375
vt 0.078125 0.40625
vt 0.08984375 0.40625
vt 0.08984375 0.3984375
vt 0.09375 0.3984375
vt 0.09375 0.40625
vt 0.140625 0.40625
vt 0.140625 0.3984375
vt 0.125 0.3828125
vt 0.125 0.390625
vt 0.171875 0.390625
vt 0.171875 0.3828125
vt 0.1484375 0.34375
vt 0.1484375 0.390625
vt 0.15625 0.390625
vt 0.15625 0.34375
vt 0.1015625 0.328125
vt 0.1015625 0.375
vt 0.109375 0.375
vt 0.109375 0.328125
vt 0.1796875 0.3671875
vt 0.1796875 0.375
vt 0.1875 0.375
vt 0.1875 0.3671875
vt 0.1875 0.3828125
vt 0.1875 0.390625
vt 0.1953125 0.390625
vt 0.1953125 0.3828125
vt 0.0625 0.3828125
vt 0.0625 0.390625
vt 0.125 0.390625
vt 0.125 0.3828125
vt 0.09375 0.3671875
vt 0.09375 0.375
vt 0.15625 0.375
vt 0.15625 0.3671875
vt 0.046875 0.34375
vt 0.046875 0.40625
vt 0.0625 0.40625
vt 0.0625 0.34375
vt 0.0625 0.3125
vt 0.0625 0.375
vt 0.078125 0.375
vt 0.078125 0.3125
vt 0.0625 0.4140625
vt 0.0625 0.421875
vt 0.078125 0.421875
vt 0.078125 0.4140625
vt 0.15625 0.3828125
vt 0.15625 0.390625
vt 0.171875 0.390625
vt 0.171875 0.3828125
vt 0.05078125 0.3984375
vt 0.05078125 0.40625
vt 0.125 0.40625
vt 0.125 0.3984375
vt 0.09375 0.3828125
vt 0.09375 0.390625
vt 0.16796875 0.390625
vt 0.16796875 0.3828125
vt 0.06640625 0.34375
vt 0.06640625 0.41796875
vt 0.078125 0.41796875
vt 0.078125 0.34375
vt 0.05078125 0.34765625
vt 0.05078125 0.421875
vt 0.0625 0.421875
vt 0.0625 0.34765625
vt 0.14453125 0.3671875
vt 0.14453125 0.375
vt 0.15625 0.375
vt 0.15625 0.3671875
vt 0.109375 0.3828125
vt 0.109375 0.390625
vt 0.12109375 0.390625
vt 0.12109375 0.3828125
vt 0.14453125 0.3671875
vt 0.14453125 0.375
vt 0.21875 0.375
vt 0.21875 0.3671875
vt 0.125 0.3828125
vt 0.125 0.390625
vt 0.19921875 0.390625
vt 0.19921875 0.3828125
vt 0.09765625 0.34375
vt 0.09765625 0.41796875
vt 0.10362421875 0.41796875
vt 0.10362421875 0.34375
vt 0.11328125 0.33203125
vt 0.11328125 0.40625
vt 0.11924921875 0.40625
vt 0.11924921875 0.33203125
vt 0.08203125 0.3671875
vt 0.08203125 0.375
vt 0.08799921875 0.375
vt 0.08799921875 0.3671875
vt 0.078125 0.3984375
vt 0.078125 0.40625
vt 0.08409296875 0.40625
vt 0.08409296875 0.3984375
vt 0.3953125 0.671875
vt 0.3953125 0.6875
vt 0.375 0.6875
vt 0.375 0.671875
vt 0.3484375 0.6875
vt 0.3484375 0.703125
vt 0.328125 0.703125
vt 0.328125 0.6875
vt 0.40625 0.6984375
vt 0.40625 0.71875
vt 0.34375 0.71875
vt 0.34375 0.6984375
vt 0.390625 0.6515625
vt 0.390625 0.671875
vt 0.328125 0.671875
vt 0.328125 0.6515625
vt 0.390625 0.65625
vt 0.390625 0.671875
vt 0.328125 0.671875
vt 0.328125 0.65625
vt 0.40625 0.59375
vt 0.40625 0.609375
vt 0.34375 0.609375
vt 0.34375 0.59375
vt 0.39375 0.703125
vt 0.39375 0.71875
vt 0.375 0.71875
vt 0.375 0.703125
vt 0.33125 0.65625
vt 0.33125 0.671875
vt 0.3125 0.671875
vt 0.3125 0.65625
vt 0.390625 0.66875
vt 0.390625 0.6875
vt 0.3671875 0.6875
vt 0.3671875 0.66875
vt 0.34375 0.684375
vt 0.34375 0.703125
vt 0.3203125 0.703125
vt 0.3203125 0.684375
vt 0.328125 0.6875
vt 0.328125 0.703125
vt 0.3046875 0.703125
vt 0.3046875 0.6875
vt 0.4140625 0.53125
vt 0.4140625 0.546875
vt 0.390625 0.546875
vt 0.390625 0.53125
vt 0.359375 0.625
vt 0.359375 0.640625
vt 0.328125 0.640625
vt 0.328125 0.625
vt 0.453125 0.59375
vt 0.453125 0.609375
vt 0.421875 0.609375
vt 0.421875 0.59375
vt 0.375 0.625
vt 0.375 0.65625
vt 0.34375 0.65625
vt 0.34375 0.625
vt 0.328125 0.671875
vt 0.328125 0.703125
vt 0.296875 0.703125
vt 0.296875 0.671875
vt 0.390625 0.578125
vt 0.390625 0.59375
vt 0.359375 0.59375
vt 0.359375 0.578125
vt 0.390625 0.59375
vt 0.390625 0.609375
vt 0.359375 0.609375
vt 0.359375 0.59375
vt 0.39375 0.703125
vt 0.39375 0.71875
vt 0.375 0.71875
vt 0.375 0.703125
vt 0.33125 0.65625
vt 0.33125 0.671875
vt 0.3125 0.671875
vt 0.3125 0.65625
vt 0.390625 0.66875
vt 0.390625 0.6875
vt 0.3671875 0.6875
vt 0.3671875 0.66875
vt 0.34375 0.684375
vt 0.34375 0.703125
vt 0.3203125 0.703125
vt 0.3203125 0.684375
vt 0.328125 0.6875
vt 0.328125 0.703125
vt 0.3046875 0.703125
vt 0.3046875 0.6875
vt 0.4140625 0.53125
vt 0.4140625 0.546875
vt 0.390625 0.546875
vt 0.390625 0.53125
vt 0.39375 0.703125
vt 0.39375 0.71875
vt 0.375 0.71875
vt 0.375 0.703125
vt 0.33125 0.65625
vt 0.33125 0.671875
vt 0.3125 0.671875
vt 0.3125 0.65625
vt 0.390625 0.66875
vt 0.390625 0.6875
vt 0.3671875 0.6875
vt 0.3671875 0.66875
vt 0.34375 0.684375
vt 0.34375 0.703125
vt 0.3203125 0.703125
vt 0.3203125 0.684375
vt 0.328125 0.6875
vt 0.328125 0.703125
vt 0.3046875 0.703125
vt 0.3046875 0.6875
vt 0.4140625 0.53125
vt 0.4140625 0.546875
vt 0.390625 0.546875
vt 0.390625 0.53125
vt 0.39375 0.703125
vt 0.39375 0.71875
vt 0.375 0.71875
vt 0.375 0.703125
vt 0.33125 0.65625
vt 0.33125 0.671875
vt 0.3125 0.671875
vt 0.3125 0.65625
vt 0.390625 0.66875
vt 0.390625 0.6875
vt 0.3671875 0.6875
vt 0.3671875 0.66875
vt 0.34375 0.684375
vt 0.34375 0.703125
vt 0.3203125 0.703125
vt 0.3203125 0.684375
vt 0.328125 0.6875
vt 0.328125 0.703125
vt 0.3046875 0.703125
vt 0.3046875 0.6875
vt 0.4140625 0.53125
vt 0.4140625 0.546875
vt 0.390625 0.546875
vt 0.390625 0.53125
vt 0.39375 0.703125
vt 0.39375 0.71875
vt 0.375 0.71875
vt 0.375 0.703125
vt 0.33125 0.65625
vt 0.33125 0.671875
vt 0.3125 0.671875
vt 0.3125 0.65625
vt 0.390625 0.66875
vt 0.390625 0.6875
vt 0.3671875 0.6875
vt 0.3671875 0.66875
vt 0.34375 0.684375
vt 0.34375 0.703125
vt 0.3203125 0.703125
vt 0.3203125 0.684375
vt 0.328125 0.6875
vt 0.328125 0.703125
vt 0.3046875 0.703125
vt 0.3046875 0.6875
vt 0.4140625 0.53125
vt 0.4140625 0.546875
vt 0.390625 0.546875
vt 0.390625 0.53125
vt 0.39375 0.703125
vt 0.39375 0.71875
vt 0.375 0.71875
vt 0.375 0.703125
vt 0.33125 0.65625
vt 0.33125 0.671875
vt 0.3125 0.671875
vt 0.3125 0.65625
vt 0.390625 0.66875
vt 0.390625 0.6875
vt 0.3671875 0.6875
vt 0.3671875 0.66875
vt 0.34375 0.684375
vt 0.34375 0.703125
vt 0.3203125 0.703125
vt 0.3203125 0.684375
vt 0.328125 0.6875
vt 0.328125 0.703125
vt 0.3046875 0.703125
vt 0.3046875 0.6875
vt 0.4140625 0.53125
vt 0.4140625 0.546875
vt 0.390625 0.546875
vt 0.390625 0.53125
vt 0.39375 0.703125
vt 0.39375 0.71875
vt 0.375 0.71875
vt 0.375 0.703125
vt 0.33125 0.65625
vt 0.33125 0.671875
vt 0.3125 0.671875
vt 0.3125 0.65625
vt 0.390625 0.66875
vt 0.390625 0.6875
vt 0.3671875 0.6875
vt 0.3671875 0.66875
vt 0.34375 0.684375
vt 0.34375 0.703125
vt 0.3203125 0.703125
vt 0.3203125 0.684375
vt 0.328125 0.6875
vt 0.328125 0.703125
vt 0.3046875 0.703125
vt 0.3046875 0.6875
vt 0.4140625 0.53125
vt 0.4140625 0.546875
vt 0.390625 0.546875
vt 0.390625 0.53125
vt 0.328125 0.6875
vt 0.328125 0.703125
vt 0.3484375 0.703125
vt 0.3484375 0.6875
vt 0.375 0.671875
vt 0.375 0.6875
vt 0.3953125 0.6875
vt 0.3953125 0.671875
vt 0.34375 0.6984375
vt 0.34375 0.71875
vt 0.40625 0.71875
vt 0.40625 0.6984375
vt 0.328125 0.6515625
vt 0.328125 0.671875
vt 0.390625 0.671875
vt 0.390625 0.6515625
vt 0.328125 0.65625
vt 0.328125 0.671875
vt 0.390625 0.671875
vt 0.390625 0.65625
vt 0.34375 0.59375
vt 0.34375 0.609375
vt 0.40625 0.609375
vt 0.40625 0.59375
vt 0.3125 0.65625
vt 0.3125 0.671875
vt 0.33125 0.671875
vt 0.33125 0.65625
vt 0.375 0.703125
vt 0.375 0.71875
vt 0.39375 0.71875
vt 0.39375 0.703125
vt 0.3671875 0.66875
vt 0.3671875 0.6875
vt 0.390625 0.6875
vt 0.390625 0.66875
vt 0.3203125 0.684375
vt 0.3203125 0.703125
vt 0.34375 0.703125
vt 0.34375 0.684375
vt 0.3046875 0.6875
vt 0.3046875 0.703125
vt 0.328125 0.703125
vt 0.328125 0.6875
vt 0.390625 0.53125
vt 0.390625 0.546875
vt 0.4140625 0.546875
vt 0.4140625 0.53125
vt 0.3125 0.65625
vt 0.3125 0.671875
vt 0.33125 0.671875
vt 0.33125 0.65625
vt 0.375 0.703125
vt 0.375 0.71875
vt 0.39375 0.71875
vt 0.39375 0.703125
vt 0.3671875 0.66875
vt 0.3671875 0.6875
vt 0.390625 0.6875
vt 0.390625 0.66875
vt 0.3203125 0.684375
vt 0.3203125 0.703125
vt 0.34375 0.703125
vt 0.34375 0.684375
vt 0.3046875 0.6875
vt 0.3046875 0.703125
vt 0.328125 0.703125
vt 0.328125 0.6875
vt 0.390625 0.53125
vt 0.390625 0.546875
vt 0.4140625 0.546875
vt 0.4140625 0.53125
vt 0.3125 0.65625
vt 0.3125 0.671875
vt 0.33125 0.671875
vt 0.33125 0.65625
vt 0.375 0.703125
vt 0.375 0.71875
vt 0.39375 0.71875
vt 0.39375 0.703125
vt 0.3671875 0.66875
vt 0.3671875 0.6875
vt 0.390625 0.6875
vt 0.390625 0.66875
vt 0.3203125 0.684375
vt 0.3203125 0.703125
vt 0.34375 0.703125
vt 0.34375 0.684375
vt 0.3046875 0.6875
vt 0.3046875 0.703125
vt 0.328125 0.703125
vt 0.328125 0.6875
vt 0.390625 0.53125
vt 0.390625 0.546875
vt 0.4140625 0.546875
vt 0.4140625 0.53125
vt 0.3125 0.65625
vt 0.3125 0.671875
vt 0.33125 0.671875
vt 0.33125 0.65625
vt 0.375 0.703125
vt 0.375 0.71875
vt 0.39375 0.71875
vt 0.39375 0.703125
vt 0.3671875 0.66875
vt 0.3671875 0.6875
vt 0.390625 0.6875
vt 0.390625 0.66875
vt 0.3203125 0.684375
vt 0.3203125 0.703125
vt 0.34375 0.703125
vt 0.34375 0.684375
vt 0.3046875 0.6875
vt 0.3046875 0.703125
vt 0.328125 0.703125
vt 0.328125 0.6875
vt 0.390625 0.53125
vt 0.390625 0.546875
vt 0.4140625 0.546875
vt 0.4140625 0.53125
vt 0.3125 0.65625
vt 0.3125 0.671875
vt 0.33125 0.671875
vt 0.33125 0.65625
vt 0.375 0.703125
vt 0.375 0.71875
vt 0.39375 0.71875
vt 0.39375 0.703125
vt 0.3671875 0.66875
vt 0.3671875 0.6875
vt 0.390625 0.6875
vt 0.390625 0.66875
vt 0.3203125 0.684375
vt 0.3203125 0.703125
vt 0.34375 0.703125
vt 0.34375 0.684375
vt 0.3046875 0.6875
vt 0.3046875 0.703125
vt 0.328125 0.703125
vt 0.328125 0.6875
vt 0.390625 0.53125
vt 0.390625 0.546875
vt 0.4140625 0.546875
vt 0.4140625 0.53125
vt 0.3125 0.65625
vt 0.3125 0.671875
vt 0.33125 0.671875
vt 0.33125 0.65625
vt 0.375 0.703125
vt 0.375 0.71875
vt 0.39375 0.71875
vt 0.39375 0.703125
vt 0.3671875 0.66875
vt 0.3671875 0.6875
vt 0.390625 0.6875
vt 0.390625 0.66875
vt 0.3203125 0.684375
vt 0.3203125 0.703125
vt 0.34375 0.703125
vt 0.34375 0.684375
vt 0.3046875 0.6875
vt 0.3046875 0.703125
vt 0.328125 0.703125
vt 0.328125 0.6875
vt 0.390625 0.53125
vt 0.390625 0.546875
vt 0.4140625 0.546875
vt 0.4140625 0.53125
vt 0.3125 0.65625
vt 0.3125 0.671875
vt 0.33125 0.671875
vt 0.33125 0.65625
vt 0.375 0.703125
vt 0.375 0.71875
vt 0.39375 0.71875
vt 0.39375 0.703125
vt 0.3671875 0.66875
vt 0.3671875 0.6875
vt 0.390625 0.6875
vt 0.390625 0.66875
vt 0.3203125 0.684375
vt 0.3203125 0.703125
vt 0.34375 0.703125
vt 0.34375 0.684375
vt 0.3046875 0.6875
vt 0.3046875 0.703125
vt 0.328125 0.703125
vt 0.328125 0.6875
vt 0.390625 0.53125
vt 0.390625 0.546875
vt 0.4140625 0.546875
vt 0.4140625 0.53125
vt 0.359375 0.671875
vt 0.359375 0.6875
vt 0.34375 0.6875
vt 0.34375 0.671875
vt 0.390625 0.6875
vt 0.390625 0.703125
vt 0.375 0.703125
vt 0.375 0.6875
vt 0.42578125 0.703125
vt 0.42578125 0.71875
vt 0.33984375 0.71875
vt 0.33984375 0.703125
vt 0.42578125 0.625
vt 0.42578125 0.640625
vt 0.33984375 0.640625
vt 0.33984375 0.625
vt 0.42578125 0.6875
vt 0.42578125 0.703125
vt 0.33984375 0.703125
vt 0.33984375 0.6875
vt 0.4296875 0.578125
vt 0.4296875 0.59375
vt 0.34375 0.59375
vt 0.34375 0.578125
vt 0.3125 0.65625
vt 0.3125 0.671875
vt 0.296875 0.671875
vt 0.296875 0.65625
vt 0.3125 0.609375
vt 0.3125 0.625
vt 0.296875 0.625
vt 0.296875 0.609375
vt 0.4375 0.671875
vt 0.4375 0.6875
vt 0.328125 0.6875
vt 0.328125 0.671875
vt 0.4375 0.625
vt 0.4375 0.640625
vt 0.328125 0.640625
vt 0.328125 0.625
vt 0.421875 0.703125
vt 0.421875 0.71875
vt 0.3125 0.71875
vt 0.3125 0.703125
vt 0.4375 0.5625
vt 0.4375 0.578125
vt 0.328125 0.578125
vt 0.328125 0.5625
vt 0.3125 0.578125
vt 0.3125 0.671875
vt 0.296875 0.671875
vt 0.296875 0.578125
vt 0.3125 0.578125
vt 0.3125 0.671875
vt 0.296875 0.671875
vt 0.296875 0.578125
vt 0.4375 0.65625
vt 0.4375 0.671875
vt 0.296875 0.671875
vt 0.296875 0.65625
vt 0.4375 0.625
vt 0.4375 0.640625
vt 0.296875 0.640625
vt 0.296875 0.625
vt 0.40625 0.21875
vt 0.40625 0.296875
vt 0.265625 0.296875
vt 0.265625 0.21875
vt 0.40625 0.21875
vt 0.40625 0.296875
vt 0.265625 0.296875
vt 0.265625 0.21875
vt 0.39375 0.71875
vt 0.39375 0.703125
vt 0.375 0.703125
vt 0.375 0.71875
vt 0.33125 0.671875
vt 0.33125 0.65625
vt 0.3125 0.65625
vt 0.3125 0.671875
vt 0.34375 0.703125
vt 0.34375 0.684375
vt 0.3203125 0.684375
vt 0.3203125 0.703125
vt 0.390625 0.6875
vt 0.390625 0.66875
vt 0.3671875 0.66875
vt 0.3671875 0.6875
vt 0.328125 0.703125
vt 0.328125 0.6875
vt 0.3046875 0.6875
vt 0.3046875 0.703125
vt 0.4140625 0.546875
vt 0.4140625 0.53125
vt 0.390625 0.53125
vt 0.390625 0.546875
vt 0.39375 0.71875
vt 0.39375 0.703125
vt 0.375 0.703125
vt 0.375 0.71875
vt 0.33125 0.671875
vt 0.33125 0.65625
vt 0.3125 0.65625
vt 0.3125 0.671875
vt 0.34375 0.703125
vt 0.34375 0.684375
vt 0.3203125 0.684375
vt 0.3203125 0.703125
vt 0.390625 0.6875
vt 0.390625 0.66875
vt 0.3671875 0.66875
vt 0.3671875 0.6875
vt 0.328125 0.703125
vt 0.328125 0.6875
vt 0.3046875 0.6875
vt 0.3046875 0.703125
vt 0.4140625 0.546875
vt 0.4140625 0.53125
vt 0.390625 0.53125
vt 0.390625 0.546875
vt 0.39375 0.71875
vt 0.39375 0.703125
vt 0.375 0.703125
vt 0.375 0.71875
vt 0.33125 0.671875
vt 0.33125 0.65625
vt 0.3125 0.65625
vt 0.3125 0.671875
vt 0.34375 0.703125
vt 0.34375 0.684375
vt 0.3203125 0.684375
vt 0.3203125 0.703125
vt 0.390625 0.6875
vt 0.390625 0.66875
vt 0.3671875 0.66875
vt 0.3671875 0.6875
vt 0.328125 0.703125
vt 0.328125 0.6875
vt 0.3046875 0.6875
vt 0.3046875 0.703125
vt 0.4140625 0.546875
vt 0.4140625 0.53125
vt 0.390625 0.53125
vt 0.390625 0.546875
vt 0.39375 0.71875
vt 0.39375 0.703125
vt 0.375 0.703125
vt 0.375 0.71875
vt 0.33125 0.671875
vt 0.33125 0.65625
vt 0.3125 0.65625
vt 0.3125 0.671875
vt 0.34375 0.703125
vt 0.34375 0.684375
vt 0.3203125 0.684375
vt 0.3203125 0.703125
vt 0.390625 0.6875
vt 0.390625 0.66875
vt 0.3671875 0.66875
vt 0.3671875 0.6875
vt 0.328125 0.703125
vt 0.328125 0.6875
vt 0.3046875 0.6875
vt 0.3046875 0.703125
vt 0.4140625 0.546875
vt 0.4140625 0.53125
vt 0.390625 0.53125
vt 0.390625 0.546875
vt 0.39375 0.71875
vt 0.39375 0.703125
vt 0.375 0.703125
vt 0.375 0.71875
vt 0.33125 0.671875
vt 0.33125 0.65625
vt 0.3125 0.65625
vt 0.3125 0.671875
vt 0.34375 0.703125
vt 0.34375 0.684375
vt 0.3203125 0.684375
vt 0.3203125 0.703125
vt 0.390625 0.6875
vt 0.390625 0.66875
vt 0.3671875 0.66875
vt 0.3671875 0.6875
vt 0.328125 0.703125
vt 0.328125 0.6875
vt 0.3046875 0.6875
vt 0.3046875 0.703125
vt 0.4140625 0.546875
vt 0.4140625 0.53125
vt 0.390625 0.53125
vt 0.390625 0.546875
vt 0.39375 0.71875
vt 0.39375 0.703125
vt 0.375 0.703125
vt 0.375 0.71875
vt 0.33125 0.671875
vt 0.33125 0.65625
vt 0.3125 0.65625
vt 0.3125 0.671875
vt 0.34375 0.703125
vt 0.34375 0.684375
vt 0.3203125 0.684375
vt 0.3203125 0.703125
vt 0.390625 0.6875
vt 0.390625 0.66875
vt 0.3671875 0.66875
vt 0.3671875 0.6875
vt 0.328125 0.703125
vt 0.328125 0.6875
vt 0.3046875 0.6875
vt 0.3046875 0.703125
vt 0.4140625 0.546875
vt 0.4140625 0.53125
vt 0.390625 0.53125
vt 0.390625 0.546875
vt 0.39375 0.71875
vt 0.39375 0.703125
vt 0.375 0.703125
vt 0.375 0.71875
vt 0.33125 0.671875
vt 0.33125 0.65625
vt 0.3125 0.65625
vt 0.3125 0.671875
vt 0.34375 0.703125
vt 0.34375 0.684375
vt 0.3203125 0.684375
vt 0.3203125 0.703125
vt 0.390625 0.6875
vt 0.390625 0.66875
vt 0.3671875 0.66875
vt 0.3671875 0.6875
vt 0.328125 0.703125
vt 0.328125 0.6875
vt 0.3046875 0.6875
vt 0.3046875 0.703125
vt 0.4140625 0.546875
vt 0.4140625 0.53125
vt 0.390625 0.53125
vt 0.390625 0.546875
vt 0.3125 0.671875
vt 0.3125 0.65625
vt 0.33125 0.65625
vt 0.33125 0.671875
vt 0.375 0.71875
vt 0.375 0.703125
vt 0.39375 0.703125
vt 0.39375 0.71875
vt 0.3203125 0.703125
vt 0.3203125 0.684375
vt 0.34375 0.684375
vt 0.34375 0.703125
vt 0.3671875 0.6875
vt 0.3671875 0.66875
vt 0.390625 0.66875
vt 0.390625 0.6875
vt 0.3046875 0.703125
vt 0.3046875 0.6875
vt 0.328125 0.6875
vt 0.328125 0.703125
vt 0.390625 0.546875
vt 0.390625 0.53125
vt 0.4140625 0.53125
vt 0.4140625 0.546875
vt 0.3125 0.671875
vt 0.3125 0.65625
vt 0.33125 0.65625
vt 0.33125 0.671875
vt 0.375 0.71875
vt 0.375 0.703125
vt 0.39375 0.703125
vt 0.39375 0.71875
vt 0.3203125 0.703125
vt 0.3203125 0.684375
vt 0.34375 0.684375
vt 0.34375 0.703125
vt 0.3671875 0.6875
vt 0.3671875 0.66875
vt 0.390625 0.66875
vt 0.390625 0.6875
vt 0.3046875 0.703125
vt 0.3046875 0.6875
vt 0.328125 0.6875
vt 0.328125 0.703125
vt 0.390625 0.546875
vt 0.390625 0.53125
vt 0.4140625 0.53125
vt 0.4140625 0.546875
vt 0.3125 0.671875
vt 0.3125 0.65625
vt 0.33125 0.65625
vt 0.33125 0.671875
vt 0.375 0.71875
vt 0.375 0.703125
vt 0.39375 0.703125
vt 0.39375 0.71875
vt 0.3203125 0.703125
vt 0.3203125 0.684375
vt 0.34375 0.684375
vt 0.34375 0.703125
vt 0.3671875 0.6875
vt 0.3671875 0.66875
vt 0.390625 0.66875
vt 0.390625 0.6875
vt 0.3046875 0.703125
vt 0.3046875 0.6875
vt 0.328125 0.6875
vt 0.328125 0.703125
vt 0.390625 0.546875
vt 0.390625 0.53125
vt 0.4140625 0.53125
vt 0.4140625 0.546875
vt 0.3125 0.671875
vt 0.3125 0.65625
vt 0.33125 0.65625
vt 0.33125 0.671875
vt 0.375 0.71875
vt 0.375 0.703125
vt 0.39375 0.703125
vt 0.39375 0.71875
vt 0.3203125 0.703125
vt 0.3203125 0.684375
vt 0.34375 0.684375
vt 0.34375 0.703125
vt 0.3671875 0.6875
vt 0.3671875 0.66875
vt 0.390625 0.66875
vt 0.390625 0.6875
vt 0.3046875 0.703125
vt 0.3046875 0.6875
vt 0.328125 0.6875
vt 0.328125 0.703125
vt 0.390625 0.546875
vt 0.390625 0.53125
vt 0.4140625 0.53125
vt 0.4140625 0.546875
vt 0.3125 0.671875
vt 0.3125 0.65625
vt 0.33125 0.65625
vt 0.33125 0.671875
vt 0.375 0.71875
vt 0.375 0.703125
vt 0.39375 0.703125
vt 0.39375 0.71875
vt 0.3203125 0.703125
vt 0.3203125 0.684375
vt 0.34375 0.684375
vt 0.34375 0.703125
vt 0.3671875 0.6875
vt 0.3671875 0.66875
vt 0.390625 0.66875
vt 0.390625 0.6875
vt 0.3046875 0.703125
vt 0.3046875 0.6875
vt 0.328125 0.6875
vt 0.328125 0.703125
vt 0.390625 0.546875
vt 0.390625 0.53125
vt 0.4140625 0.53125
vt 0.4140625 0.546875
vt 0.3125 0.671875
vt 0.3125 0.65625
vt 0.33125 0.65625
vt 0.33125 0.671875
vt 0.375 0.71875
vt 0.375 0.703125
vt 0.39375 0.703125
vt 0.39375 0.71875
vt 0.3203125 0.703125
vt 0.3203125 0.684375
vt 0.34375 0.684375
vt 0.34375 0.703125
vt 0.3671875 0.6875
vt 0.3671875 0.66875
vt 0.390625 0.66875
vt 0.390625 0.6875
vt 0.3046875 0.703125
vt 0.3046875 0.6875
vt 0.328125 0.6875
vt 0.328125 0.703125
vt 0.390625 0.546875
vt 0.390625 0.53125
vt 0.4140625 0.53125
vt 0.4140625 0.546875
vt 0.3125 0.671875
vt 0.3125 0.65625
vt 0.33125 0.65625
vt 0.33125 0.671875
vt 0.375 0.71875
vt 0.375 0.703125
vt 0.39375 0.703125
vt 0.39375 0.71875
vt 0.3203125 0.703125
vt 0.3203125 0.684375
vt 0.34375 0.684375
vt 0.34375 0.703125
vt 0.3671875 0.6875
vt 0.3671875 0.66875
vt 0.390625 0.66875
vt 0.390625 0.6875
vt 0.3046875 0.703125
vt 0.3046875 0.6875
vt 0.328125 0.6875
vt 0.328125 0.703125
vt 0.390625 0.546875
vt 0.390625 0.53125
vt 0.4140625 0.53125
vt 0.4140625 0.546875
vt 0.390625 0.671875
vt 0.390625 0.65625
vt 0.359375 0.65625
vt 0.359375 0.671875
vt 0.453125 0.609375
vt 0.453125 0.59375
vt 0.421875 0.59375
vt 0.421875 0.609375
vt 0.328125 0.703125
vt 0.328125 0.671875
vt 0.296875 0.671875
vt 0.296875 0.703125
vt 0.375 0.65625
vt 0.375 0.625
vt 0.34375 0.625
vt 0.34375 0.65625
vt 0.390625 0.59375
vt 0.390625 0.578125
vt 0.359375 0.578125
vt 0.359375 0.59375
vt 0.390625 0.609375
vt 0.390625 0.59375
vt 0.359375 0.59375
vt 0.359375 0.609375
vt 0.390625 0.453125
vt 0.390625 0.46875
vt 0.375 0.46875
vt 0.375 0.453125
vt 0.359375 0.453125
vt 0.359375 0.46875
vt 0.34375 0.46875
vt 0.34375 0.453125
vt 0.41015625 0.453125
vt 0.41015625 0.46875
vt 0.32421875 0.46875
vt 0.32421875 0.453125
vt 0.41015625 0.453125
vt 0.41015625 0.46875
vt 0.32421875 0.46875
vt 0.32421875 0.453125
vt 0.41015625 0.453125
vt 0.41015625 0.46875
vt 0.32421875 0.46875
vt 0.32421875 0.453125
vt 0.41015625 0.453125
vt 0.41015625 0.46875
vt 0.32421875 0.46875
vt 0.32421875 0.453125
vt 0.015625 0.984375
vt 0.015625 1
vt 0 1
vt 0 0.984375
vt 0.03125 0.984375
vt 0.03125 1
vt 0.015625 1
vt 0.015625 0.984375
vt 0.046875 0.96875
vt 0.046875 0.984375
vt 0 0.984375
vt 0 0.96875
vt 0.046875 0.984375
vt 0.046875 1
vt 0 1
vt 0 0.984375
vt 0.046875 0.984375
vt 0.046875 1
vt 0 1
vt 0 0.984375
vt 0.046875 0.984375
vt 0.046875 1
vt 0 1
vt 0 0.984375
vt 0.015625 0.984375
vt 0.015625 1
vt 0.03125 1
vt 0.03125 0.984375
vt 0 0.984375
vt 0 1
vt 0.015625 1
vt 0.015625 0.984375
vt 0 0.96875
vt 0 0.984375
vt 0.046875 0.984375
vt 0.046875 0.96875
vt 0 0.984375
vt 0 1
vt 0.046875 1
vt 0.046875 0.984375
vt 0 0.984375
vt 0 1
vt 0.046875 1
vt 0.046875 0.984375
vt 0 0.984375
vt 0 1
vt 0.046875 1
vt 0.046875 0.984375
vt 0.125 0.890625
vt 0.125 1
vt 0.09375 1
vt 0.09375 0.890625
vt 0.125 0.890625
vt 0.125 1
vt 0.09375 1
vt 0.09375 0.890625
vt 0.109375 0.96875
vt 0.109375 1
vt 0.09375 1
vt 0.09375 0.96875
vt 0.125 0.96875
vt 0.125 1
vt 0.109375 1
vt 0.109375 0.96875
vt 0.109375 0.890625
vt 0.109375 1
vt 0.09375 1
vt 0.09375 0.890625
vt 0.125 0.890625
vt 0.125 1
vt 0.109375 1
vt 0.109375 0.890625
vt 0.125 0.890625
vt 0.125 1
vt 0.09375 1
vt 0.09375 0.890625
vt 0.125 0.890625
vt 0.125 1
vt 0.09375 1
vt 0.09375 0.890625
vt 0.109375 0.96875
vt 0.109375 1
vt 0.09375 1
vt 0.09375 0.96875
vt 0.125 0.96875
vt 0.125 1
vt 0.109375 1
vt 0.109375 0.96875
vt 0.109375 0.890625
vt 0.109375 1
vt 0.09375 1
vt 0.09375 0.890625
vt 0.125 0.890625
vt 0.125 1
vt 0.109375 1
vt 0.109375 0.890625
vt 0.01953125 0.96875
vt 0.01953125 0.984375
vt 0 0.984375
vt 0 0.96875
vt 0.03515625 0.96875
vt 0.03515625 0.984375
vt 0.015625 0.984375
vt 0.015625 0.96875
vt 0.078125 0.96484375
vt 0.078125 0.984375
vt 0 0.984375
vt 0 0.96484375
vt 0.078125 0.98046875
vt 0.078125 1
vt 0 1
vt 0 0.98046875
vt 0.078125 0.96875
vt 0.078125 0.984375
vt 0 0.984375
vt 0 0.96875
vt 0.078125 0.96875
vt 0.078125 0.984375
vt 0 0.984375
vt 0 0.96875
vt 0.03125 0.9921875
vt 0.03125 1
vt 0 1
vt 0 0.9921875
vt 0.03125 0.9921875
vt 0.03125 1
vt 0 1
vt 0 0.9921875
vt 0.09375 0.96875
vt 0.09375 1
vt 0 1
vt 0 0.96875
vt 0.09375 0.96875
vt 0.09375 1
vt 0 1
vt 0 0.96875
vt 0.09375 0.9921875
vt 0.09375 1
vt 0 1
vt 0 0.9921875
vt 0.09375 0.9921875
vt 0.09375 1
vt 0 1
vt 0 0.9921875
vt 0.02734375 0.9921875
vt 0.02734375 1
vt 0.00390625 1
vt 0.00390625 0.9921875
vt 0.02734375 0.9921875
vt 0.02734375 1
vt 0.00390625 1
vt 0.00390625 0.9921875
vt 0.0859375 0.97265625
vt 0.0859375 0.99609375
vt 0.0078125 0.99609375
vt 0.0078125 0.97265625
vt 0.0859375 0.97265625
vt 0.0859375 0.99609375
vt 0.0078125 0.99609375
vt 0.0078125 0.97265625
vt 0.0859375 0.9921875
vt 0.0859375 1
vt 0.0078125 1
vt 0.0078125 0.9921875
vt 0.0859375 0.9921875
vt 0.0859375 1
vt 0.0078125 1
vt 0.0078125 0.9921875
vt 0.03125 0.9921875
vt 0.03125 1
vt 0 1
vt 0 0.9921875
vt 0.03125 0.9921875
vt 0.03125 1
vt 0 1
vt 0 0.9921875
vt 0.09375 0.96875
vt 0.09375 1
vt 0 1
vt 0 0.96875
vt 0.09375 0.96875
vt 0.09375 1
vt 0 1
vt 0 0.96875
vt 0.09375 0.9921875
vt 0.09375 1
vt 0 1
vt 0 0.9921875
vt 0.09375 0.9921875
vt 0.09375 1
vt 0 1
vt 0 0.9921875
vt 0.03125 0.953125
vt 0.03125 0.9921875
vt 0 0.9921875
vt 0 0.953125
vt 0.03125 0.953125
vt 0.03125 0.9921875
vt 0 0.9921875
vt 0 0.953125
vt 0.0703125 0.96875
vt 0.0703125 1
vt 0.0234375 1
vt 0.0234375 0.96875
vt 0.0703125 0.96875
vt 0.0703125 1
vt 0.0234375 1
vt 0.0234375 0.96875
vt 0.0703125 0.953125
vt 0.0703125 0.9921875
vt 0.0234375 0.9921875
vt 0.0234375 0.953125
vt 0.0703125 0.953125
vt 0.0703125 0.9921875
vt 0.0234375 0.9921875
vt 0.0234375 0.953125
vt 0.15625 0.859375
vt 0.15625 0.90625
vt 0.125 0.90625
vt 0.125 0.859375
vt 0.15625 0.859375
vt 0.15625 0.90625
vt 0.125 0.90625
vt 0.125 0.859375
vt 0.15625 0.875
vt 0.15625 0.90625
vt 0.125 0.90625
vt 0.125 0.875
vt 0.15625 0.875
vt 0.15625 0.90625
vt 0.125 0.90625
vt 0.125 0.875
vt 0.15625 0.859375
vt 0.15625 0.90625
vt 0.125 0.90625
vt 0.125 0.859375
vt 0.15625 0.859375
vt 0.15625 0.90625
vt 0.125 0.90625
vt 0.125 0.859375
vt 0.0625 0.90625
vt 0.0625 0.984375
vt 0.046875 0.984375
vt 0.046875 0.90625
vt 0.109375 0.90625
vt 0.109375 0.984375
vt 0.09375 0.984375
vt 0.09375 0.90625
vt 0.09375 0.890625
vt 0.09375 0.90625
vt 0.03125 0.90625
vt 0.03125 0.890625
vt 0.09375 0.9375
vt 0.09375 0.953125
vt 0.03125 0.953125
vt 0.03125 0.9375
vt 0.09375 0.90625
vt 0.09375 0.984375
vt 0.03125 0.984375
vt 0.03125 0.90625
vt 0.09375 0.90625
vt 0.09375 0.984375
vt 0.03125 0.984375
vt 0.03125 0.90625
vt 0.15625 0.96875
vt 0.15625 1
vt 0.0625 1
vt 0.0625 0.96875
vt 0.09375 0.96875
vt 0.09375 1
vt 0 1
vt 0 0.96875
vt 0.03125 0.90625
vt 0.03125 1
vt 0 1
vt 0 0.90625
vt 0.03125 0.84375
vt 0.03125 0.9375
vt 0 0.9375
vt 0 0.84375
vt 0.03125 0.96875
vt 0.03125 1
vt 0 1
vt 0 0.96875
vt 0.03125 0.96875
vt 0.03125 1
vt 0 1
vt 0 0.96875
vt 0.15625 0.96875
vt 0.15625 1
vt 0.0546875 1
vt 0.0546875 0.96875
vt 0.1015625 0.96875
vt 0.1015625 1
vt 0 1
vt 0 0.96875
vt 0.028125 0.8984375
vt 0.028125 1
vt 0 1
vt 0 0.8984375
vt 0.028125 0.84375
vt 0.028125 0.9453125
vt 0 0.9453125
vt 0 0.84375
vt 0.028125 0.96875
vt 0.028125 1
vt 0 1
vt 0 0.96875
vt 0.03125 0.96875
vt 0.03125 1
vt 0.003125 1
vt 0.003125 0.96875
vt 0.3125 0.65625
vt 0.3125 0.671875
vt 0.296875 0.671875
vt 0.296875 0.65625
vt 0.3125 0.609375
vt 0.3125 0.625
vt 0.296875 0.625
vt 0.296875 0.609375
vt 0.4375 0.671875
vt 0.4375 0.6875
vt 0.328125 0.6875
vt 0.328125 0.671875
vt 0.4375 0.625
vt 0.4375 0.640625
vt 0.328125 0.640625
vt 0.328125 0.625
vt 0.421875 0.703125
vt 0.421875 0.71875
vt 0.3125 0.71875
vt 0.3125 0.703125
vt 0.4375 0.5625
vt 0.4375 0.578125
vt 0.328125 0.578125
vt 0.328125 0.5625
vn 0.7071067811865474 -0.7071067811865477 3.0632065370904663e-16
vn -0.7071067811865475 0.7071067811865478 0
vn -1.7004200263895046e-16 -3.386818922314508e-17 -1
vn -1.5719626074097996e-16 3.7379767219614316e-16 1
vn 1 0 0
vn -1 0 0
vn 2.1532932663318407e-17 -2.4031217523791686e-16 -1
vn -9.516160652981918e-17 2.297425106484935e-16 1
vn 0.7071067811865476 0.7071067811865476 0
vn -0.7071067811865475 -0.7071067811865476 0
vn -1.2451250134451707e-16 -2.604526292525808e-16 -1
vn -1.5316073095622248e-16 6.344068049894058e-17 1
vn 0 1 0
vn 0 -1 0
vn 0 -3.1202693140304e-16 -1
vn 0 0 1
vn -0.7071067811865476 0.7071067811865476 -3.063206537090467e-16
vn 0.7071067811865475 -0.7071067811865476 1.92248372558317e-16
vn 1.534354729732007e-17 -1.512836752053838e-16 -1
vn 6.344068049894066e-17 1.5316073095622245e-16 1
vn -1 0 0
vn 1 0 0
vn 2.555531312155984e-16 -2.4031217523791686e-16 -1
vn 2.1686532487322085e-16 2.297425106484935e-16 1
vn -0.7071067811865474 -0.7071067811865477 -3.0632065370904663e-16
vn 0.7071067811865475 0.7071067811865477 -5.7674511767495125e-16
vn 1.4418665984310532e-16 -5.972353201899016e-17 -1
vn 2.8811315152361876e-16 5.047145629787819e-16 1
vn 0 -1 -4.4408920985006257e-16
vn 0 1 -8.881784197001254e-16
vn 0 0 -1
vn 0 6.240538628060797e-16 1
vn 2.537634140322584e-16 6.126422317883934e-16 -1
vn 0.7071067811865478 -0.7071067811865474 0
vn 0 0 1
vn -1.268826313857322e-16 -3.06323347531325e-16 -1
vn 1 0 0
vn 1.2688263138573214e-16 3.0632334753132493e-16 1
vn -1.1599855537000286e-16 -3.325999668251658e-16 -1
vn 0.7071067811865477 0.7071067811865474 -4.0842753827872854e-16
vn 3.063211158941967e-16 -1.268817070161293e-16 1
vn 0 -3.8064789415719656e-16 -1
vn 0 1 -5.921189464667498e-16
vn 0 0 1
vn 1.1599855537000286e-16 -3.325999668251658e-16 -1
vn -0.7071067811865477 0.7071067811865474 -2.0421376913936437e-16
vn -3.063211158941967e-16 -1.268817070161293e-16 1
vn 1.2688263138573217e-16 -3.06323347531325e-16 -1
vn -1 0 0
vn -1.2688263138573214e-16 3.0632334753132493e-16 1
vn -2.537634140322584e-16 6.126422317883934e-16 -1
vn -0.7071067811865477 -0.7071067811865474 0
vn 0 0 1
vn 0 5.075305255429288e-16 -1
vn 0 -1 0
vn 0 0 1
vn 1 0 0
vn -1 0 0
vn 0 1 0
vn 0 -1 2.2204460492502815e-15
vn 0 -3.7007434154171886e-16 1
vn 0 4.070817756958907e-16 -1
vn 1 0 0
vn -1 0 0
vn 0 1 4.674623261579607e-16
vn 0 -1 -5.142085587737568e-16
vn 0 -4.440892098500624e-16 1
vn 0 8.881784197001252e-16 -1
vn 0.923879532511288 -0.382683432365087 9.796085511398387e-17
vn -0.923879532511288 0.38268343236508734 0
vn 0.38268343236508995 0.9238795325112868 -2.4134407740563685e-16
vn -0.3826834323650895 -0.9238795325112871 1.9307526192450956e-16
vn -1.0357770462466785e-16 5.235819869907279e-16 1
vn 2.0715540924933178e-16 -1.0471639739814612e-15 -1
vn 0.707106781186546 -0.7071067811865491 -3.6572052575887587e-16
vn -0.7071067811865474 0.7071067811865478 4.767428282213913e-16
vn 0.7071067811865474 0.7071067811865478 3.6943351969030024e-16
vn -0.7071067811865472 -0.7071067811865478 -5.541502795354504e-16
vn -3.1401849173675454e-16 -3.140184917367556e-16 1
vn 6.28036983473511e-16 6.280369834735114e-16 -1
vn 0.38268343236508534 -0.9238795325112886 -6.587323279442612e-16
vn -0.3826834323650918 0.923879532511286 6.513308411134245e-16
vn 0.9238795325112872 0.38268343236508906 2.7191293296275555e-16
vn -0.9238795325112862 -0.3826834323650915 -2.8324263850287218e-16
vn -1.1329705540114696e-16 2.735232877263885e-16 1
vn -8.580658003002418e-17 2.5280774680145467e-15 -1
vn 0 1 1.0362081563168124e-15
vn 0 -1 -1.0362081563168124e-15
vn -1 0 0
vn 1 0 0
vn 0 0 1
vn 0 -2.220446049250313e-16 -1
vn 0 1 1.1990408665951686e-15
vn 0 -1 -1.1546319456101624e-15
vn -1 0 0
vn 1 0 0
vn 0 4.440892098500627e-16 1
vn 0 0 -1
vn 0.9238795325112871 0.38268343236508906 0
vn -0.923879532511288 -0.38268343236508684 9.796085511398383e-17
vn -0.38268343236509 0.9238795325112868 0
vn 0.38268343236508945 -0.9238795325112868 -5.309569702924014e-16
vn 2.7352328772638884e-16 1.1329705540114773e-16 1
vn -5.470465754527775e-16 -2.2659411080229516e-16 -1
vn 0 -1 -1.1546319456101624e-15
vn 0 1 1.1990408665951686e-15
vn 1 0 0
vn -1 0 0
vn 0 4.440892098500627e-16 1
vn 0 0 -1
vn 0 -1 -8.88178419700125e-16
vn 0 1 9.564998366001346e-16
vn 1 0 0
vn -1 0 0
vn 0 0 1
vn 0 -2.220446049250313e-16 -1
vn 0.38268343236509106 0.9238795325112862 6.587323279442593e-16
vn -0.3826834323650855 -0.9238795325112885 -6.587323279442612e-16
vn -0.9238795325112871 0.382683432365089 2.719129329627557e-16
vn 0.9238795325112862 -0.3826834323650914 -3.1723175512321693e-16
vn 1.1329705540114884e-16 2.735232877263877e-16 1
vn 9.063764432091753e-16 2.188186301811108e-15 -1
vn 0.7071067811865467 0.7071067811865485 4.767428282213919e-16
vn -0.7071067811865471 -0.707106781186548 -3.6572052575887532e-16
vn -0.7071067811865472 0.7071067811865478 4.802635755973903e-16
vn 0.7071067811865472 -0.7071067811865478 -5.910936315044804e-16
vn 0 0 1
vn -6.280369834735108e-16 6.280369834735113e-16 -1
vn 0 1 2.7540416114732555e-15
vn 0 -1 -2.60342996084581e-15
vn -1 5.921189464667501e-16 1.630720217511135e-30
vn 1 -5.921189464667501e-16 -1.630720217511135e-30
vn 0 4.440892098500626e-16 1
vn 0 0 -1
vn 0.9807852804032304 -0.19509032201612841 6.938893903907235e-17
vn -0.9807852804032304 0.1950903220161286 0
vn 0.195090322016128 0.9807852804032305 -3.62963466839036e-16
vn -0.1950903220161289 -0.9807852804032304 0
vn 5.655124206371473e-16 5.666967333567272e-16 1
vn 3.922374067300745e-16 -3.0441558705695814e-16 -1
vn 1 0 0
vn -1 0 0
vn 0 1 0
vn 0 -1 0
vn 0 -2.220446049250313e-16 1
vn 0 0 -1
vn 0.9238795325112871 -0.3826834323650893 1.8503717077085936e-16
vn -0.923879532511287 0.38268343236508945 -1.3877787807814464e-16
vn 0.38268343236508967 0.923879532511287 -3.419041096579858e-16
vn -0.38268343236509034 -0.9238795325112866 0
vn -3.519688269306905e-17 4.952577231404432e-16 1
vn -1.2016967424393014e-16 2.9011525734565225e-16 -1
vn 0.8314696123025452 -0.5555702330196024 0
vn -0.8314696123025455 0.5555702330196022 0
vn 0.5555702330196016 0.8314696123025459 0
vn -0.5555702330196018 -0.8314696123025457 0
vn 1.0473155163084432e-15 3.684092475867154e-16 1
vn 0 0 -1
vn 0.7071067811865478 -0.7071067811865474 2.775557561562892e-16
vn -0.7071067811865467 0.7071067811865485 1.8503717077085983e-15
vn 0.7071067811865481 0.7071067811865469 -2.6168207644729585e-16
vn -0.7071067811865482 -0.7071067811865469 0
vn 3.1401849173675415e-16 3.1401849173675513e-16 1
vn 0 -3.1401849173675424e-16 -1
vn 0.5555702330196027 -0.831469612302545 -2.1741867565576e-15
vn -0.555570233019604 0.8314696123025441 2.3129646346357395e-15
vn 0.8314696123025462 0.5555702330196007 1.4392160171543571e-15
vn -0.8314696123025439 -0.5555702330196042 2.056022881649095e-16
vn 3.079847144698326e-16 -6.126196867194236e-17 1
vn -3.104970211350144e-17 2.4630402802035917e-16 -1
vn 0.38268343236509067 -0.9238795325112864 -2.5905203907920326e-15
vn -0.3826834323650883 0.9238795325112874 2.6367796834847527e-15
vn 0.9238795325112866 0.3826834323650906 1.0621598943857695e-15
vn -0.9238795325112874 -0.3826834323650887 -1.1329705540114814e-15
vn 2.0514246579479108e-16 8.497279155086142e-17 1
vn 8.4972791550861e-17 -2.0514246579479145e-16 -1
vn 0.19509032201612803 -0.9807852804032307 -2.891205793294681e-15
vn -0.19509032201612836 0.9807852804032304 2.706168622523821e-15
vn 0.9807852804032304 0.19509032201612925 5.775833796902476e-16
vn -0.9807852804032304 -0.19509032201612833 -5.775833796902451e-16
vn 1.7327501390707336e-16 -8.711123204136868e-16 1
vn 2.1659376738384204e-17 -1.0888904005171087e-16 -1
vn 0 -1 -2.60342996084581e-15
vn 0 1 2.7540416114732555e-15
vn 1 5.921189464667501e-16 1.5415402056159935e-30
vn -1 -5.921189464667502e-16 -1.5415402056159939e-30
vn 0 4.440892098500626e-16 1
vn 0 0 -1
vn 0.19509032201612822 0.9807852804032304 2.7292982688701787e-15
vn -0.19509032201612803 -0.9807852804032307 -2.9143354396410383e-15
vn -0.9807852804032304 0.19509032201612925 5.414844184596068e-16
vn 0.9807852804032304 -0.1950903220161284 -5.640462692287546e-16
vn -1.732750139070737e-16 -8.711123204136868e-16 1
vn -2.165937673838417e-17 -1.0888904005171085e-16 -1
vn 0.3826834323650884 0.9238795325112874 2.6830389761774673e-15
vn -0.3826834323650909 -0.9238795325112863 -2.590520390792032e-15
vn -0.9238795325112865 0.38268343236509056 1.097565224198628e-15
vn 0.9238795325112873 -0.3826834323650886 -1.062159894385764e-15
vn 2.051424657947915e-16 -8.49727915508616e-17 1
vn -1.8754402444825708e-16 -1.6265607001936053e-16 -1
vn 0.5555702330196038 0.8314696123025443 2.3129646346357403e-15
vn -0.5555702330196002 -0.8314696123025466 -2.127927463864889e-15
vn -0.8314696123025463 0.5555702330196007 1.5420171612368115e-15
vn 0.831469612302544 -0.5555702330196042 -1.6448183053192756e-15
vn 6.126196867194221e-17 -3.079847144698315e-16 1
vn 4.926080560407207e-16 -6.209940422700262e-17 -1
vn 0.7071067811865483 0.7071067811865467 1.8966310004013086e-15
vn -0.707106781186548 -0.7071067811865471 2.775557561562891e-16
vn -0.7071067811865482 0.7071067811865468 1.8317745351310706e-15
vn 0.7071067811865482 -0.7071067811865468 2.6168207644729585e-16
vn 0 0 1
vn -1.570092458683773e-16 -1.570092458683772e-16 -1
vn 0.8314696123025453 0.5555702330196021 0
vn -0.8314696123025451 -0.5555702330196024 0
vn -0.5555702330196016 0.8314696123025459 0
vn 0.5555702330196018 -0.8314696123025457 0
vn -6.772313976116083e-16 -1.8546077712594772e-16 1
vn 0 0 -1
vn 0.923879532511287 0.3826834323650893 -1.8503717077085943e-16
vn -0.9238795325112871 -0.3826834323650891 1.8503717077085928e-16
vn -0.38268343236508967 0.923879532511287 -3.419041096579859e-16
vn 0.3826834323650904 -0.9238795325112866 6.838082193159712e-16
vn 3.519688269306888e-17 4.952577231404436e-16 1
vn 3.750880488965137e-16 -3.253121400387211e-16 -1
vn 0.9807852804032304 0.19509032201612841 0
vn -0.9807852804032304 -0.19509032201612833 6.938893903907232e-17
vn -0.19509032201612803 0.9807852804032307 0
vn 0.19509032201612886 -0.9807852804032304 7.259269336780717e-16
vn -3.922374067300745e-16 -3.0441558705695834e-16 1
vn -4.78874913683611e-16 1.311405731498846e-16 -1
vn 1 0 0
vn -1 0 0
vn 0 1 3.996802888650565e-15
vn 0 -1 8.881784197001252e-16
vn 0 2.220446049250319e-16 1
vn 0 3.330669073875462e-16 -1
vn 1 0 0
vn -1 0 0
vn 0 1 3.3306690738754712e-15
vn 0 -1 -3.996802888650566e-15
vn 0 0 1
vn 0 -1.1102230246251568e-16 -1
vn 1 0 0
vn -1 0 0
vn 0 1 3.552713678800501e-15
vn 0 -1 -3.330669073875471e-15
vn 0 -1.7763568394002506e-16 1
vn 0 8.881784197001253e-17 -1
vn 0.9807852804032307 0.1950903220161281 5.782411586589351e-16
vn -0.9807852804032304 -0.19509032201612858 -4.163336342344344e-16
vn -0.19509032201613144 0.9807852804032299 2.903707734712285e-15
vn 0.19509032201612886 -0.9807852804032304 -2.177780801034215e-15
vn -1.7445932662665246e-16 -2.610968335801894e-16 1
vn 8.663750695353822e-17 -4.355561602068432e-16 -1
vn 0.9238795325112868 0.38268343236509 1.1102230246251587e-15
vn -0.9238795325112867 -0.3826834323650899 -1.1564823173178723e-15
vn -0.38268343236508817 0.9238795325112876 2.7352328772638895e-15
vn 0.38268343236508806 -0.9238795325112875 -2.735232877263887e-15
vn 5.304546058335132e-16 4.600608404473757e-16 1
vn 4.102849315895828e-16 1.6994558310172275e-16 -1
vn 0.8314696123025452 0.5555702330196024 1.6190752442450222e-15
vn -0.8314696123025452 -0.5555702330196024 -1.6653345369377366e-15
vn -0.5555702330196015 0.8314696123025459 2.4616445542785053e-15
vn 0.5555702330196016 -0.8314696123025459 -2.4616445542785045e-15
vn -1.2336137289894505e-16 1.8462334157088778e-16 1
vn 3.6924668314177536e-16 2.467227457978905e-16 -1
vn 0.7071067811865467 0.7071067811865485 2.5905203907920357e-15
vn -0.7071067811865487 -0.7071067811865465 -2.1279274638648807e-15
vn -0.7071067811865469 0.7071067811865482 2.6168207644729625e-15
vn 0.7071067811865483 -0.7071067811865467 -2.0934566115783645e-15
vn 0 9.42055475210268e-16 1
vn -1.570092458683779e-16 -1.5700924586837742e-16 -1
vn 0.5555702330196017 0.8314696123025456 2.451742512713891e-15
vn -0.5555702330196016 -0.8314696123025456 -1.8503717077085967e-15
vn -0.8314696123025449 0.5555702330196031 1.6448183053192726e-15
vn 0.8314696123025451 -0.5555702330196024 -1.4392160171543607e-15
vn -9.852161120814406e-16 1.2419880845400651e-16 1
vn -4.3134608736877734e-16 -2.4588531024283007e-16 -1
vn 0.3826834323650911 0.9238795325112862 2.729298268870178e-15
vn -0.3826834323650886 -0.9238795325112874 -2.405483220021178e-15
vn -0.9238795325112873 0.3826834323650886 1.132970554011482e-15
vn 0.9238795325112865 -0.38268343236509084 -1.1329705540114883e-15
vn -2.403393484878596e-16 5.802305146913034e-16 1
vn -1.2745918732629116e-16 -3.0771369869218636e-16 -1
vn 0.19509032201612805 0.9807852804032307 2.891205793294684e-15
vn -0.19509032201612797 -0.9807852804032305 -2.9143354396410434e-15
vn -0.9807852804032305 0.19509032201612844 5.775833796902458e-16
vn 0.9807852804032303 -0.19509032201612922 -5.053854572289671e-16
vn -1.7445932662665313e-16 2.610968335801902e-16 1
vn -1.9160918110942357e-15 4.15422843973988e-17 -1
vn 0.9807852804032304 -0.19509032201612875 -4.1633363423443474e-16
vn -0.9807852804032304 0.19509032201612825 5.782411586589355e-16
vn 0.19509032201613144 0.9807852804032299 2.177780801034214e-15
vn -0.1950903220161289 -0.9807852804032304 -2.903707734712287e-15
vn 3.0441558705695903e-16 3.9223740673007453e-16 1
vn 0 0 -1
vn 0.9238795325112867 -0.3826834323650899 -1.1102230246251573e-15
vn -0.9238795325112868 0.38268343236509 1.1564823173178735e-15
vn 0.38268343236508806 0.9238795325112875 2.735232877263886e-15
vn -0.38268343236508817 -0.9238795325112876 -2.7352328772638888e-15
vn -9.55318563587818e-16 -5.656514885265823e-16 1
vn -2.4033934848786083e-16 5.80230514691306e-16 -1
vn 0.8314696123025453 -0.5555702330196024 -1.619075244245022e-15
vn -0.8314696123025452 0.5555702330196024 1.665334536937737e-15
vn 0.5555702330196016 0.8314696123025459 2.4616445542785045e-15
vn -0.5555702330196016 -0.8314696123025459 -2.461644554278504e-15
vn 1.2336137289894505e-16 1.8462334157088778e-16 1
vn -2.458853102428303e-16 4.313460873687783e-16 -1
vn 0.7071067811865487 -0.7071067811865465 -2.0816681711721658e-15
vn -0.7071067811865461 0.7071067811865489 2.590520390792037e-15
vn 0.7071067811865469 0.7071067811865482 2.093456611578369e-15
vn -0.7071067811865483 -0.7071067811865467 -2.0934566115783656e-15
vn -7.8504622934188815e-16 1.5700924586837752e-16 1
vn 0 -3.1401849173675562e-16 -1
vn 0.5555702330196014 -0.8314696123025459 -1.8503717077085975e-15
vn -0.5555702330196015 0.8314696123025458 2.451742512713892e-15
vn 0.8314696123025449 0.5555702330196031 1.2336137289894552e-15
vn -0.8314696123025453 -0.5555702330196024 -1.4392160171543624e-15
vn 4.313460873687776e-16 -2.458853102428302e-16 1
vn 2.4672274579789005e-16 -3.692466831417753e-16 -1
vn 0.38268343236508834 -0.9238795325112874 -2.405483220021179e-15
vn -0.3826834323650911 0.9238795325112862 2.729298268870178e-15
vn 0.9238795325112873 0.3826834323650886 9.913492347600468e-16
vn -0.9238795325112865 -0.38268343236509084 -1.0621598943857705e-15
vn -3.750880488965133e-16 3.253121400387207e-16 1
vn -7.768327846849918e-17 -3.9268649024304693e-16 -1
vn 0.19509032201612836 -0.9807852804032304 -2.914335439641043e-15
vn -0.1950903220161276 0.9807852804032308 2.914335439641042e-15
vn 0.9807852804032305 0.1950903220161284 5.775833796902458e-16
vn -0.9807852804032304 -0.1950903220161292 -5.053854572289663e-16
vn 1.744593266266532e-16 2.610968335801902e-16 1
vn -4.391090983655814e-17 -3.483264968935169e-16 -1
vn 1 0 0
vn -1 0 0
vn 0 1 2.8650916764520163e-15
vn 0 -1 -2.8650916764520155e-15
vn 0 4.440892098500626e-16 1
vn 0 0 -1
vn 1 0 0
vn -1 0 0
vn 0 1 3.552713678800503e-15
vn 0 -1 -3.5527136788005e-15
vn 0 4.440892098500626e-16 1
vn 0 4.440892098500626e-16 -1
vn 0.9238795325112871 -8.497279155086119e-17 -0.3826834323650893
vn -0.923879532511287 0 0.3826834323650896
vn 2.9136594006439268e-16 1 3.604572177573568e-15
vn -1.2321054774874873e-15 -1 -2.974565754024471e-15
vn 0.3826834323650896 0 0.9238795325112868
vn -0.38268343236508995 0 -0.9238795325112868
vn 0.923879532511287 0 0.3826834323650896
vn -0.923879532511287 0 -0.3826834323650892
vn 1.0257123289739565e-15 1 4.2486395775430617e-16
vn 0 -1 0
vn -0.3826834323650896 0 0.9238795325112868
vn 0.38268343236508995 -2.051424657947913e-16 -0.9238795325112868
vn 1 0 0
vn -1 0 0
vn 0 1 -4.440892098500626e-16
vn 0 -1 -8.881784197001246e-16
vn 0 0 1
vn 0 9.516197353929916e-17 -1
vn 1 0 0
vn -1 0 0
vn 0 1 -4.440892098500626e-16
vn 0 -1 -8.881784197001246e-16
vn 0 0 1
vn 0 9.516197353929916e-17 -1
vn 1 0 0
vn -1 0 0
vn 0 1 0
vn 0 -1 3.552713678800502e-16
vn 0 -8.881784197001256e-16 1
vn 0 4.440892098500626e-16 -1
vn 1 0 0
vn -1 0 0
vn 0 1 -4.440892098500627e-16
vn 0 -1 0
vn 0 1.7763568394002473e-15 1
vn 0 0 -1
vn 1 0 0
vn -1 0 0
vn 0 1 0
vn 0 -1 -5.9211894646675e-16
vn 0 0 1
vn 0 4.440892098500634e-16 -1
vn 1 0 0
vn -1 0 0
vn 0 1 0
vn 0 -1 0
vn 0 -8.881784197001252e-16 1
vn 0 1.7763568394002505e-15 -1
vn 1 0 0
vn -1 0 0
vn 0 1 0
vn 0 -1 4.440892098500626e-16
vn 0 0 1
vn 0 0 -1
vn 1 0 0
vn -1 0 0
vn 0 1 -4.440892098500626e-16
vn 0 -1 8.881784197001252e-16
vn 0 0 1
vn 0 0 -1
vn 1 0 0
vn -1 0 0
vn 0 1 0
vn 0 -1 1.7763568394002552e-15
vn 0 -3.552713678800502e-16 1
vn 0 -1.7763568394002506e-16 -1
vn 1 0 0
vn -1 0 0
vn 0 1 -2.9605947323337516e-16
vn 0 -1 -2.9605947323337506e-16
vn 0 8.881784197001244e-16 1
vn 0 0 -1
vn 1 0 0
vn -1 0 0
vn 0 0.9659258262890682 0.25881904510252096
vn 0 -0.9659258262890684 -0.25881904510252063
vn 0 -0.25881904510252174 0.9659258262890681
vn 0 0.2588190451025196 -0.9659258262890686
vn 1 0 0
vn -1 0 0
vn 0 1 3.5527136788005e-15
vn 0 -1 -3.552713678800501e-15
vn 0 -2.220446049250313e-16 1
vn 0 0 -1
usemtl m_3d215661-f591-00a8-53e2-d8d611c756be
f 1/1/1 5/2/1 6/3/1 2/4/1
f 4/5/2 8/6/2 7/7/2 3/8/2
f 3/9/3 7/10/3 5/11/3 1/12/3
f 2/13/4 6/14/4 8/15/4 4/16/4
f 5/17/5 9/18/5 10/19/5 6/20/5
f 8/21/6 12/22/6 11/23/6 7/24/6
f 7/25/7 11/26/7 9/27/7 5/28/7
f 6/29/8 10/30/8 12/31/8 8/32/8
f 9/33/9 13/34/9 14/35/9 10/36/9
f 12/37/10 16/38/10 15/39/10 11/40/10
f 11/41/11 15/42/11 13/43/11 9/44/11
f 10/45/12 14/46/12 16/47/12 12/48/12
f 13/49/13 17/50/13 18/51/13 14/52/13
f 16/53/14 20/54/14 19/55/14 15/56/14
f 15/57/15 19/58/15 17/59/15 13/60/15
f 14/61/16 18/62/16 20/63/16 16/64/16
f 17/65/17 21/66/17 22/67/17 18/68/17
f 20/69/18 24/70/18 23/71/18 19/72/18
f 19/73/19 23/74/19 21/75/19 17/76/19
f 18/77/20 22/78/20 24/79/20 20/80/20
f 21/81/21 25/82/21 26/83/21 22/84/21
f 24/85/22 28/86/22 27/87/22 23/88/22
f 23/89/23 27/90/23 25/91/23 21/92/23
f 22/93/24 26/94/24 28/95/24 24/96/24
f 25/97/25 29/98/25 30/99/25 26/100/25
f 28/101/26 32/102/26 31/103/26 27/104/26
f 27/105/27 31/106/27 29/107/27 25/108/27
f 26/109/28 30/110/28 32/111/28 28/112/28
f 29/113/29 1/114/29 2/115/29 30/116/29
f 32/117/30 4/118/30 3/119/30 31/120/30
f 31/121/31 3/122/31 1/123/31 29/124/31
f 30/125/32 2/126/32 4/127/32 32/128/32
f 37/129/33 35/130/33 33/131/33
f 35/132/34 37/133/34 38/134/34 36/135/34
f 36/136/35 38/137/35 34/138/35
f 39/139/36 37/140/36 33/141/36
f 37/142/37 39/143/37 40/144/37 38/145/37
f 38/146/38 40/147/38 34/148/38
f 41/149/39 39/150/39 33/151/39
f 39/152/40 41/153/40 42/154/40 40/155/40
f 40/156/41 42/157/41 34/158/41
f 43/159/42 41/160/42 33/161/42
f 41/162/43 43/163/43 44/164/43 42/165/43
f 42/166/44 44/167/44 34/168/44
f 45/169/45 43/170/45 33/171/45
f 43/172/46 45/173/46 46/174/46 44/175/46
f 44/176/47 46/177/47 34/178/47
f 47/179/48 45/180/48 33/181/48
f 45/182/49 47/183/49 48/184/49 46/185/49
f 46/186/50 48/187/50 34/188/50
f 49/189/51 47/190/51 33/191/51
f 47/192/52 49/193/52 50/194/52 48/195/52
f 48/196/53 50/197/53 34/198/53
f 35/199/54 49/200/54 33/201/54
f 49/202/55 35/203/55 36/204/55 50/205/55
f 50/206/56 36/207/56 34/208/56
f 54/209/57 52/210/57 51/211/57 53/212/57
f 57/213/58 55/214/58 56/215/58 58/216/58
f 51/217/59 52/218/59 56/219/59 55/220/59
f 54/221/60 53/222/60 57/223/60 58/224/60
f 53/225/61 51/226/61 55/227/61 57/228/61
f 58/229/62 56/230/62 52/231/62 54/232/62
f 62/233/63 60/234/63 59/235/63 61/236/63
f 65/237/64 63/238/64 64/239/64 66/240/64
f 59/241/65 60/242/65 64/243/65 63/244/65
f 62/245/66 61/246/66 65/247/66 66/248/66
f 61/249/67 59/250/67 63/251/67 65/252/67
f 66/253/68 64/254/68 60/255/68 62/256/68
f 70/257/69 68/258/69 67/259/69 69/260/69
f 73/261/70 71/262/70 72/263/70 74/264/70
f 67/265/71 68/266/71 72/267/71 71/268/71
f 70/269/72 69/270/72 73/271/72 74/272/72
f 69/273/73 67/274/73 71/275/73 73/276/73
f 74/277/74 72/278/74 68/279/74 70/280/74
f 78/281/75 76/282/75 75/283/75 77/284/75
f 81/285/76 79/286/76 80/287/76 82/288/76
f 75/289/77 76/290/77 80/291/77 79/292/77
f 78/293/78 77/294/78 81/295/78 82/296/78
f 77/297/79 75/298/79 79/299/79 81/300/79
f 82/301/80 80/302/80 76/303/80 78/304/80
f 86/305/81 84/306/81 83/307/81 85/308/81
f 89/309/82 87/310/82 88/311/82 90/312/82
f 83/313/83 84/314/83 88/315/83 87/316/83
f 86/317/84 85/318/84 89/319/84 90/320/84
f 85/321/85 83/322/85 87/323/85 89/324/85
f 90/325/86 88/326/86 84/327/86 86/328/86
f 94/329/87 92/330/87 91/331/87 93/332/87
f 97/333/88 95/334/88 96/335/88 98/336/88
f 91/337/89 92/338/89 96/339/89 95/340/89
f 94/341/90 93/342/90 97/343/90 98/344/90
f 93/345/91 91/346/91 95/347/91 97/348/91
f 98/349/92 96/350/92 92/351/92 94/352/92
f 102/353/93 100/354/93 99/355/93 101/356/93
f 105/357/94 103/358/94 104/359/94 106/360/94
f 99/361/95 100/362/95 104/363/95 103/364/95
f 102/365/96 101/366/96 105/367/96 106/368/96
f 101/369/97 99/370/97 103/371/97 105/372/97
f 106/373/98 104/374/98 100/375/98 102/376/98
f 110/377/99 108/378/99 107/379/99 109/380/99
f 113/381/100 111/382/100 112/383/100 114/384/100
f 107/385/101 108/386/101 112/387/101 111/388/101
f 110/389/102 109/390/102 113/391/102 114/392/102
f 109/393/103 107/394/103 111/395/103 113/396/103
f 114/397/104 112/398/104 108/399/104 110/400/104
f 118/401/105 116/402/105 115/403/105 117/404/105
f 121/405/106 119/406/106 120/407/106 122/408/106
f 115/409/107 116/410/107 120/411/107 119/412/107
f 118/413/108 117/414/108 121/415/108 122/416/108
f 117/417/109 115/418/109 119/419/109 121/420/109
f 122/421/110 120/422/110 116/423/110 118/424/110
f 126/425/111 124/426/111 123/427/111 125/428/111
f 129/429/112 127/430/112 128/431/112 130/432/112
f 123/433/113 124/434/113 128/435/113 127/436/113
f 126/437/114 125/438/114 129/439/114 130/440/114
f 125/441/115 123/442/115 127/443/115 129/444/115
f 130/445/116 128/446/116 124/447/116 126/448/116
f 134/449/117 132/450/117 131/451/117 133/452/117
f 137/453/118 135/454/118 136/455/118 138/456/118
f 131/457/119 132/458/119 136/459/119 135/460/119
f 134/461/120 133/462/120 137/463/120 138/464/120
f 133/465/121 131/466/121 135/467/121 137/468/121
f 138/469/122 136/470/122 132/471/122 134/472/122
f 142/473/123 140/474/123 139/475/123 141/476/123
f 145/477/124 143/478/124 144/479/124 146/480/124
f 139/481/125 140/482/125 144/483/125 143/484/125
f 142/485/126 141/486/126 145/487/126 146/488/126
f 141/489/127 139/490/127 143/491/127 145/492/127
f 146/493/128 144/494/128 140/495/128 142/496/128
f 150/497/129 148/498/129 147/499/129 149/500/129
f 153/501/130 151/502/130 152/503/130 154/504/130
f 147/505/131 148/506/131 152/507/131 151/508/131
f 150/509/132 149/510/132 153/511/132 154/512/132
f 149/513/133 147/514/133 151/515/133 153/516/133
f 154/517/134 152/518/134 148/519/134 150/520/134
f 158/521/135 156/522/135 155/523/135 157/524/135
f 161/525/136 159/526/136 160/527/136 162/528/136
f 155/529/137 156/530/137 160/531/137 159/532/137
f 158/533/138 157/534/138 161/535/138 162/536/138
f 157/537/139 155/538/139 159/539/139 161/540/139
f 162/541/140 160/542/140 156/543/140 158/544/140
f 166/545/141 164/546/141 163/547/141 165/548/141
f 169/549/142 167/550/142 168/551/142 170/552/142
f 163/553/143 164/554/143 168/555/143 167/556/143
f 166/557/144 165/558/144 169/559/144 170/560/144
f 165/561/145 163/562/145 167/563/145 169/564/145
f 170/565/146 168/566/146 164/567/146 166/568/146
f 174/569/147 172/570/147 171/571/147 173/572/147
f 177/573/148 175/574/148 176/575/148 178/576/148
f 171/577/149 172/578/149 176/579/149 175/580/149
f 174/581/150 173/582/150 177/583/150 178/584/150
f 173/585/151 171/586/151 175/587/151 177/588/151
f 178/589/152 176/590/152 172/591/152 174/592/152
f 182/593/153 180/594/153 179/595/153 181/596/153
f 185/597/154 183/598/154 184/599/154 186/600/154
f 179/601/155 180/602/155 184/603/155 183/604/155
f 182/605/156 181/606/156 185/607/156 186/608/156
f 181/609/157 179/610/157 183/611/157 185/612/157
f 186/613/158 184/614/158 180/615/158 182/616/158
f 190/617/159 188/618/159 187/619/159 189/620/159
f 193/621/160 191/622/160 192/623/160 194/624/160
f 187/625/161 188/626/161 192/627/161 191/628/161
f 190/629/162 189/630/162 193/631/162 194/632/162
f 189/633/163 187/634/163 191/635/163 193/636/163
f 194/637/164 192/638/164 188/639/164 190/640/164
f 198/641/165 196/642/165 195/643/165 197/644/165
f 201/645/166 199/646/166 200/647/166 202/648/166
f 195/649/167 196/650/167 200/651/167 199/652/167
f 198/653/168 197/654/168 201/655/168 202/656/168
f 197/657/169 195/658/169 199/659/169 201/660/169
f 202/661/170 200/662/170 196/663/170 198/664/170
f 206/665/171 204/666/171 203/667/171 205/668/171
f 209/669/172 207/670/172 208/671/172 210/672/172
f 203/673/173 204/674/173 208/675/173 207/676/173
f 206/677/174 205/678/174 209/679/174 210/680/174
f 205/681/175 203/682/175 207/683/175 209/684/175
f 210/685/176 208/686/176 204/687/176 206/688/176
f 214/689/177 212/690/177 211/691/177 213/692/177
f 217/693/178 215/694/178 216/695/178 218/696/178
f 211/697/179 212/698/179 216/699/179 215/700/179
f 214/701/180 213/702/180 217/703/180 218/704/180
f 213/705/181 211/706/181 215/707/181 217/708/181
f 218/709/182 216/710/182 212/711/182 214/712/182
f 222/713/183 220/714/183 219/715/183 221/716/183
f 225/717/184 223/718/184 224/719/184 226/720/184
f 219/721/185 220/722/185 224/723/185 223/724/185
f 222/725/186 221/726/186 225/727/186 226/728/186
f 221/729/187 219/730/187 223/731/187 225/732/187
f 226/733/188 224/734/188 220/735/188 222/736/188
f 230/737/189 228/738/189 227/739/189 229/740/189
f 233/741/190 231/742/190 232/743/190 234/744/190
f 227/745/191 228/746/191 232/747/191 231/748/191
f 230/749/192 229/750/192 233/751/192 234/752/192
f 229/753/193 227/754/193 231/755/193 233/756/193
f 234/757/194 232/758/194 228/759/194 230/760/194
f 238/761/195 236/762/195 235/763/195 237/764/195
f 241/765/196 239/766/196 240/767/196 242/768/196
f 235/769/197 236/770/197 240/771/197 239/772/197
f 238/773/198 237/774/198 241/775/198 242/776/198
f 237/777/199 235/778/199 239/779/199 241/780/199
f 242/781/200 240/782/200 236/783/200 238/784/200
f 246/785/201 244/786/201 243/787/201 245/788/201
f 249/789/202 247/790/202 248/791/202 250/792/202
f 243/793/203 244/794/203 248/795/203 247/796/203
f 246/797/204 245/798/204 249/799/204 250/800/204
f 245/801/205 243/802/205 247/803/205 249/804/205
f 250/805/206 248/806/206 244/807/206 246/808/206
f 254/809/207 252/810/207 251/811/207 253/812/207
f 257/813/208 255/814/208 256/815/208 258/816/208
f 251/817/209 252/818/209 256/819/209 255/820/209
f 254/821/210 253/822/210 257/823/210 258/824/210
f 253/825/211 251/826/211 255/827/211 257/828/211
f 258/829/212 256/830/212 252/831/212 254/832/212
f 262/833/213 260/834/213 259/835/213 261/836/213
f 265/837/214 263/838/214 264/839/214 266/840/214
f 259/841/215 260/842/215 264/843/215 263/844/215
f 262/845/216 261/846/216 265/847/216 266/848/216
f 261/849/217 259/850/217 263/851/217 265/852/217
f 266/853/218 264/854/218 260/855/218 262/856/218
f 270/857/219 268/858/219 267/859/219 269/860/219
f 273/861/220 271/862/220 272/863/220 274/864/220
f 267/865/221 268/866/221 272/867/221 271/868/221
f 270/869/222 269/870/222 273/871/222 274/872/222
f 269/873/223 267/874/223 271/875/223 273/876/223
f 274/877/224 272/878/224 268/879/224 270/880/224
f 278/881/225 276/882/225 275/883/225 277/884/225
f 281/885/226 279/886/226 280/887/226 282/888/226
f 275/889/227 276/890/227 280/891/227 279/892/227
f 278/893/228 277/894/228 281/895/228 282/896/228
f 277/897/229 275/898/229 279/899/229 281/900/229
f 282/901/230 280/902/230 276/903/230 278/904/230
f 286/905/231 284/906/231 283/907/231 285/908/231
f 289/909/232 287/910/232 288/911/232 290/912/232
f 283/913/233 284/914/233 288/915/233 287/916/233
f 286/917/234 285/918/234 289/919/234 290/920/234
f 285/921/235 283/922/235 287/923/235 289/924/235
f 290/925/236 288/926/236 284/927/236 286/928/236
f 294/929/237 292/930/237 291/931/237 293/932/237
f 297/933/238 295/934/238 296/935/238 298/936/238
f 291/937/239 292/938/239 296/939/239 295/940/239
f 294/941/240 293/942/240 297/943/240 298/944/240
f 293/945/241 291/946/241 295/947/241 297/948/241
f 298/949/242 296/950/242 292/951/242 294/952/242
f 302/953/243 300/954/243 299/955/243 301/956/243
f 305/957/244 303/958/244 304/959/244 306/960/244
f 299/961/245 300/962/245 304/963/245 303/964/245
f 302/965/246 301/966/246 305/967/246 306/968/246
f 301/969/247 299/970/247 303/971/247 305/972/247
f 306/973/248 304/974/248 300/975/248 302/976/248
f 310/977/249 308/978/249 307/979/249 309/980/249
f 313/981/250 311/982/250 312/983/250 314/984/250
f 307/985/251 308/986/251 312/987/251 311/988/251
f 310/989/252 309/990/252 313/991/252 314/992/252
f 309/993/253 307/994/253 311/995/253 313/996/253
f 314/997/254 312/998/254 308/999/254 310/1000/254
f 318/1001/255 316/1002/255 315/1003/255 317/1004/255
f 321/1005/256 319/1006/256 320/1007/256 322/1008/256
f 315/1009/257 316/1010/257 320/1011/257 319/1012/257
f 318/1013/258 317/1014/258 321/1015/258 322/1016/258
f 317/1017/259 315/1018/259 319/1019/259 321/1020/259
f 322/1021/260 320/1022/260 316/1023/260 318/1024/260
f 326/1025/261 324/1026/261 323/1027/261 325/1028/261
f 329/1029/262 327/1030/262 328/1031/262 330/1032/262
f 323/1033/263 324/1034/263 328/1035/263 327/1036/263
f 326/1037/264 325/1038/264 329/1039/264 330/1040/264
f 325/1041/265 323/1042/265 327/1043/265 329/1044/265
f 330/1045/266 328/1046/266 324/1047/266 326/1048/266
f 334/1049/267 332/1050/267 331/1051/267 333/1052/267
f 337/1053/268 335/1054/268 336/1055/268 338/1056/268
f 331/1057/269 332/1058/269 336/1059/269 335/1060/269
f 334/1061/270 333/1062/270 337/1063/270 338/1064/270
f 333/1065/271 331/1066/271 335/1067/271 337/1068/271
f 338/1069/272 336/1070/272 332/1071/272 334/1072/272
f 342/1073/273 340/1074/273 339/1075/273 341/1076/273
f 345/1077/274 343/1078/274 344/1079/274 346/1080/274
f 339/1081/275 340/1082/275 344/1083/275 343/1084/275
f 342/1085/276 341/1086/276 345/1087/276 346/1088/276
f 341/1089/277 339/1090/277 343/1091/277 345/1092/277
f 346/1093/278 344/1094/278 340/1095/278 342/1096/278
f 350/1097/279 348/1098/279 347/1099/279 349/1100/279
f 353/1101/280 351/1102/280 352/1103/280 354/1104/280
f 347/1105/281 348/1106/281 352/1107/281 351/1108/281
f 350/1109/282 349/1110/282 353/1111/282 354/1112/282
f 349/1113/283 347/1114/283 351/1115/283 353/1116/283
f 354/1117/284 352/1118/284 348/1119/284 350/1120/284
f 358/1121/285 356/1122/285 355/1123/285 357/1124/285
f 361/1125/286 359/1126/286 360/1127/286 362/1128/286
f 355/1129/287 356/1130/287 360/1131/287 359/1132/287
f 358/1133/288 357/1134/288 361/1135/288 362/1136/288
f 357/1137/289 355/1138/289 359/1139/289 361/1140/289
f 362/1141/290 360/1142/290 356/1143/290 358/1144/290
f 366/1145/291 364/1146/291 363/1147/291 365/1148/291
f 369/1149/292 367/1150/292 368/1151/292 370/1152/292
f 363/1153/293 364/1154/293 368/1155/293 367/1156/293
f 366/1157/294 365/1158/294 369/1159/294 370/1160/294
f 365/1161/295 363/1162/295 367/1163/295 369/1164/295
f 370/1165/296 368/1166/296 364/1167/296 366/1168/296
f 374/1169/297 372/1170/297 371/1171/297 373/1172/297
f 377/1173/298 375/1174/298 376/1175/298 378/1176/298
f 371/1177/299 372/1178/299 376/1179/299 375/1180/299
f 374/1181/300 373/1182/300 377/1183/300 378/1184/300
f 373/1185/301 371/1186/301 375/1187/301 377/1188/301
f 378/1189/302 376/1190/302 372/1191/302 374/1192/302
f 382/1193/303 380/1194/303 379/1195/303 381/1196/303
f 385/1197/304 383/1198/304 384/1199/304 386/1200/304
f 379/1201/305 380/1202/305 384/1203/305 383/1204/305
f 382/1205/306 381/1206/306 385/1207/306 386/1208/306
f 381/1209/307 379/1210/307 383/1211/307 385/1212/307
f 386/1213/308 384/1214/308 380/1215/308 382/1216/308
f 390/1217/309 388/1218/309 387/1219/309 389/1220/309
f 393/1221/310 391/1222/310 392/1223/310 394/1224/310
f 387/1225/311 388/1226/311 392/1227/311 391/1228/311
f 390/1229/312 389/1230/312 393/1231/312 394/1232/312
f 389/1233/313 387/1234/313 391/1235/313 393/1236/313
f 394/1237/314 392/1238/314 388/1239/314 390/1240/314
f 398/1241/315 396/1242/315 395/1243/315 397/1244/315
f 401/1245/316 399/1246/316 400/1247/316 402/1248/316
f 395/1249/317 396/1250/317 400/1251/317 399/1252/317
f 398/1253/318 397/1254/318 401/1255/318 402/1256/318
f 397/1257/319 395/1258/319 399/1259/319 401/1260/319
f 402/1261/320 400/1262/320 396/1263/320 398/1264/320
f 406/1265/321 404/1266/321 403/1267/321 405/1268/321
f 409/1269/322 407/1270/322 408/1271/322 410/1272/322
f 403/1273/323 404/1274/323 408/1275/323 407/1276/323
f 406/1277/324 405/1278/324 409/1279/324 410/1280/324
f 405/1281/325 403/1282/325 407/1283/325 409/1284/325
f 410/1285/326 408/1286/326 404/1287/326 406/1288/326
f 414/1289/327 412/1290/327 411/1291/327 413/1292/327
f 417/1293/328 415/1294/328 416/1295/328 418/1296/328
f 411/1297/329 412/1298/329 416/1299/329 415/1300/329
f 414/1301/330 413/1302/330 417/1303/330 418/1304/330
f 413/1305/331 411/1306/331 415/1307/331 417/1308/331
f 418/1309/332 416/1310/332 412/1311/332 414/1312/332
f 422/1313/333 420/1314/333 419/1315/333 421/1316/333
f 425/1317/334 423/1318/334 424/1319/334 426/1320/334
f 419/1321/335 420/1322/335 424/1323/335 423/1324/335
f 422/1325/336 421/1326/336 425/1327/336 426/1328/336
f 421/1329/337 419/1330/337 423/1331/337 425/1332/337
f 426/1333/338 424/1334/338 420/1335/338 422/1336/338
f 430/1337/339 428/1338/339 427/1339/339 429/1340/339
f 433/1341/340 431/1342/340 432/1343/340 434/1344/340
f 427/1345/341 428/1346/341 432/1347/341 431/1348/341
f 430/1349/342 429/1350/342 433/1351/342 434/1352/342
f 429/1353/343 427/1354/343 431/1355/343 433/1356/343
f 434/1357/344 432/1358/344 428/1359/344 430/1360/344
f 438/1361/345 436/1362/345 435/1363/345 437/1364/345
f 441/1365/346 439/1366/346 440/1367/346 442/1368/346
f 435/1369/347 436/1370/347 440/1371/347 439/1372/347
f 438/1373/348 437/1374/348 441/1375/348 442/1376/348
f 437/1377/349 435/1378/349 439/1379/349 441/1380/349
f 442/1381/350 440/1382/350 436/1383/350 438/1384/350
f 446/1385/351 444/1386/351 443/1387/351 445/1388/351
f 449/1389/352 447/1390/352 448/1391/352 450/1392/352
f 443/1393/353 444/1394/353 448/1395/353 447/1396/353
f 446/1397/354 445/1398/354 449/1399/354 450/1400/354
f 445/1401/355 443/1402/355 447/1403/355 449/1404/355
f 450/1405/356 448/1406/356 444/1407/356 446/1408/356
f 454/1409/357 452/1410/357 451/1411/357 453/1412/357
f 457/1413/358 455/1414/358 456/1415/358 458/1416/358
f 451/1417/359 452/1418/359 456/1419/359 455/1420/359
f 454/1421/360 453/1422/360 457/1423/360 458/1424/360
f 453/1425/361 451/1426/361 455/1427/361 457/1428/361
f 458/1429/362 456/1430/362 452/1431/362 454/1432/362
f 462/1433/363 460/1434/363 459/1435/363 461/1436/363
f 465/1437/364 463/1438/364 464/1439/364 466/1440/364
f 459/1441/365 460/1442/365 464/1443/365 463/1444/365
f 462/1445/366 461/1446/366 465/1447/366 466/1448/366
f 461/1449/367 459/1450/367 463/1451/367 465/1452/367
f 466/1453/368 464/1454/368 460/1455/368 462/1456/368
f 470/1457/369 468/1458/369 467/1459/369 469/1460/369
f 473/1461/370 471/1462/370 472/1463/370 474/1464/370
f 467/1465/371 468/1466/371 472/1467/371 471/1468/371
f 470/1469/372 469/1470/372 473/1471/372 474/1472/372
f 469/1473/373 467/1474/373 471/1475/373 473/1476/373
f 474/1477/374 472/1478/374 468/1479/374 470/1480/374
f 478/1481/375 476/1482/375 475/1483/375 477/1484/375
f 481/1485/376 479/1486/376 480/1487/376 482/1488/376
f 475/1489/377 476/1490/377 480/1491/377 479/1492/377
f 478/1493/378 477/1494/378 481/1495/378 482/1496/378
f 477/1497/379 475/1498/379 479/1499/379 481/1500/379
f 482/1501/380 480/1502/380 476/1503/380 478/1504/380
f 486/1505/381 484/1506/381 483/1507/381 485/1508/381
f 489/1509/382 487/1510/382 488/1511/382 490/1512/382
f 483/1513/383 484/1514/383 488/1515/383 487/1516/383
f 486/1517/384 485/1518/384 489/1519/384 490/1520/384
f 485/1521/385 483/1522/385 487/1523/385 489/1524/385
f 490/1525/386 488/1526/386 484/1527/386 486/1528/386
f 494/1529/387 492/1530/387 491/1531/387 493/1532/387
f 497/1533/388 495/1534/388 496/1535/388 498/1536/388
f 491/1537/389 492/1538/389 496/1539/389 495/1540/389
f 494/1541/390 493/1542/390 497/1543/390 498/1544/390
f 493/1545/391 491/1546/391 495/1547/391 497/1548/391
f 498/1549/392 496/1550/392 492/1551/392 494/1552/392
f 502/1553/393 500/1554/393 499/1555/393 501/1556/393
f 505/1557/394 503/1558/394 504/1559/394 506/1560/394
f 499/1561/395 500/1562/395 504/1563/395 503/1564/395
f 502/1565/396 501/1566/396 505/1567/396 506/1568/396
f 501/1569/397 499/1570/397 503/1571/397 505/1572/397
f 506/1573/398 504/1574/398 500/1575/398 502/1576/398
f 510/1577/399 508/1578/399 507/1579/399 509/1580/399
f 513/1581/400 511/1582/400 512/1583/400 514/1584/400
f 507/1585/401 508/1586/401 512/1587/401 511/1588/401
f 510/1589/402 509/1590/402 513/1591/402 514/1592/402
f 509/1593/403 507/1594/403 511/1595/403 513/1596/403
f 514/1597/404 512/1598/404 508/1599/404 510/1600/404
f 518/1601/405 516/1602/405 515/1603/405 517/1604/405
f 521/1605/406 519/1606/406 520/1607/406 522/1608/406
f 515/1609/407 516/1610/407 520/1611/407 519/1612/407
f 518/1613/408 517/1614/408 521/1615/408 522/1616/408
f 517/1617/409 515/1618/409 519/1619/409 521/1620/409
f 522/1621/410 520/1622/410 516/1623/410 518/1624/410
f 526/1625/411 524/1626/411 523/1627/411 525/1628/411
f 529/1629/412 527/1630/412 528/1631/412 530/1632/412
f 523/1633/413 524/1634/413 528/1635/413 527/1636/413
f 526/1637/414 525/1638/414 529/1639/414 530/1640/414
f 525/1641/415 523/1642/415 527/1643/415 529/1644/415
f 530/1645/416 528/1646/416 524/1647/416 526/1648/416
f 534/1649/417 532/1650/417 531/1651/417 533/1652/417
f 537/1653/418 535/1654/418 536/1655/418 538/1656/418
f 531/1657/419 532/1658/419 536/1659/419 535/1660/419
f 534/1661/420 533/1662/420 537/1663/420 538/1664/420
f 533/1665/421 531/1666/421 535/1667/421 537/1668/421
f 538/1669/422 536/1670/422 532/1671/422 534/1672/422
f 542/1673/423 540/1674/423 539/1675/423 541/1676/423
f 545/1677/424 543/1678/424 544/1679/424 546/1680/424
f 539/1681/425 540/1682/425 544/1683/425 543/1684/425
f 542/1685/426 541/1686/426 545/1687/426 546/1688/426
f 541/1689/427 539/1690/427 543/1691/427 545/1692/427
f 546/1693/428 544/1694/428 540/1695/428 542/1696/428