# Made in Blockbench 5.1.6
mtllib combined.mtl

o circle
v 0.1875 5.8125 -0.525
v 0.20215375 5.7578125 -0.525
v 0.22753375 5.77246625 -0.525
v 0.2421875 5.79784625 -0.525
v 0.2421875 5.82715375 -0.525
v 0.22753375 5.85253375 -0.525
v 0.20215375 5.8671875 -0.525
v 0.17284625 5.8671875 -0.525
v 0.14746625 5.85253375 -0.525
v 0.1328125 5.82715375 -0.525
v 0.1328125 5.79784625 -0.525
v 0.14746625 5.77246625 -0.525
v 0.17284625 5.7578125 -0.525
vt 0.21078125 0.79703125
vt 0.2421875 0.85140625
vt 0.125 0.8828125
vt 0.2421875 0.85140625
vt 0.2421875 0.91421875
vt 0.125 0.8828125
vt 0.2421875 0.91421875
vt 0.21078125 0.96859375
vt 0.125 0.8828125
vt 0.21078125 0.96859375
vt 0.15640625 1
vt 0.125 0.8828125
vt 0.15640625 1
vt 0.09359375 1
vt 0.125 0.8828125
vt 0.09359375 1
vt 0.03921875 0.96859375
vt 0.125 0.8828125
vt 0.03921875 0.96859375
vt 0.0078125 0.91421875
vt 0.125 0.8828125
vt 0.0078125 0.91421875
vt 0.0078125 0.85140625
vt 0.125 0.8828125
vt 0.0078125 0.85140625
vt 0.03921875 0.79703125
vt 0.125 0.8828125
vt 0.03921875 0.79703125
vt 0.09359375 0.765625
vt 0.125 0.8828125
vt 0.09359375 0.765625
vt 0.15640625 0.765625
vt 0.125 0.8828125
vt 0.15640625 0.765625
vt 0.21078125 0.79703125
vt 0.125 0.8828125
vn 0 2.220446049250313e-16 1
vn 0 2.220446049250313e-16 1
vn 0 2.220446049250313e-16 1
vn 0 2.220446049250313e-16 1
vn 0 2.220446049250313e-16 1
vn 0 2.220446049250313e-16 1
vn 0 2.220446049250313e-16 1
vn 0 2.220446049250313e-16 1
vn 0 2.220446049250313e-16 1
vn 0 2.220446049250313e-16 1
vn 0 2.220446049250313e-16 1
vn 0 2.220446049250313e-16 1
usemtl m_409504fd-f58c-4195-329e-2b61b82ac830
f 3/1/1 4/2/1 1/3/1
f 4/4/2 5/5/2 1/6/2
f 5/7/3 6/8/3 1/9/3
f 6/10/4 7/11/4 1/12/4
f 7/13/5 8/14/5 1/15/5
f 8/16/6 9/17/6 1/18/6
f 9/19/7 10/20/7 1/21/7
f 10/22/8 11/23/8 1/24/8
f 11/25/9 12/26/9 1/27/9
f 12/28/10 13/29/10 1/30/10
f 13/31/11 2/32/11 1/33/11
f 2/34/12 3/35/12 1/36/12
o tube
v 0.204246875 5.75 -0.546875
v 0.204246875 5.75 -0.484375
v 0.196464375 5.779045 -0.546875
v 0.196464375 5.779045 -0.484375
v 0.233253125 5.766746875 -0.546875
v 0.233253125 5.766746875 -0.484375
v 0.211990625 5.788009375 -0.546875
v 0.211990625 5.788009375 -0.484375
v 0.25 5.795753125 -0.546875
v 0.25 5.795753125 -0.484375
v 0.220955 5.803535625 -0.546875
v 0.220955 5.803535625 -0.484375
v 0.25 5.829246875 -0.546875
v 0.25 5.829246875 -0.484375
v 0.220955 5.821464375 -0.546875
v 0.220955 5.821464375 -0.484375
v 0.233253125 5.858253125 -0.546875
v 0.233253125 5.858253125 -0.484375
v 0.211990625 5.836990625 -0.546875
v 0.211990625 5.836990625 -0.484375
v 0.204246875 5.875 -0.546875
v 0.204246875 5.875 -0.484375
v 0.196464375 5.845955 -0.546875
v 0.196464375 5.845955 -0.484375
v 0.170753125 5.875 -0.546875
v 0.170753125 5.875 -0.484375
v 0.178535625 5.845955 -0.546875
v 0.178535625 5.845955 -0.484375
v 0.141746875 5.858253125 -0.546875
v 0.141746875 5.858253125 -0.484375
v 0.163009375 5.836990625 -0.546875
v 0.163009375 5.836990625 -0.484375
v 0.125 5.829246875 -0.546875
v 0.125 5.829246875 -0.484375
v 0.154045 5.821464375 -0.546875
v 0.154045 5.821464375 -0.484375
v 0.125 5.795753125 -0.546875
v 0.125 5.795753125 -0.484375
v 0.154045 5.803535625 -0.546875
v 0.154045 5.803535625 -0.484375
v 0.141746875 5.766746875 -0.546875
v 0.141746875 5.766746875 -0.484375
v 0.163009375 5.788009375 -0.546875
v 0.163009375 5.788009375 -0.484375
v 0.170753125 5.75 -0.546875
v 0.170753125 5.75 -0.484375
v 0.178535625 5.779045 -0.546875
v 0.178535625 5.779045 -0.484375
vt 0.28125 0.34375
vt 0.289621875 0.34375
vt 0.289621875 0.359375
vt 0.28125 0.359375
vt 0.28573125 0.359375
vt 0.28125 0.359375
vt 0.28125 0.34375
vt 0.28573125 0.34375
vt 0.28125 0.35742734374999996
vt 0.28125 0.35294499999999995
vt 0.28851390625 0.35100062499999996
vt 0.2885103125 0.359375
vt 0.28125 0.35211187499999996
vt 0.289624375 0.35211187499999996
vt 0.287676875 0.359375
vt 0.28319453125 0.35937312499999996
vt 0.28125 0.34375
vt 0.289621875 0.34375
vt 0.289621875 0.359375
vt 0.28125 0.359375
vt 0.28573125 0.359375
vt 0.28125 0.359375
vt 0.28125 0.34375
vt 0.28573125 0.34375
vt 0.28125 0.357430625
vt 0.28125 0.35294828125
vt 0.2885103125 0.35100062499999996
vt 0.28851390625 0.359375
vt 0.28125 0.35211187499999996
vt 0.289624375 0.35211187499999996
vt 0.28767984375 0.35937312499999996
vt 0.2831975 0.359375
vt 0.28125 0.34375
vt 0.289621875 0.34375
vt 0.289621875 0.359375
vt 0.28125 0.359375
vt 0.28573125 0.359375
vt 0.28125 0.359375
vt 0.28125 0.34375
vt 0.28573125 0.34375
vt 0.28125 0.35742968750000004
vt 0.28125 0.35294843750000005
vt 0.2885109375 0.35100312499999997
vt 0.2885109375 0.359375
vt 0.2885109375 0.35100312499999997
vt 0.2885109375 0.359375
vt 0.28125 0.35742968750000004
vt 0.28125 0.35294843750000005
vt 0.28125 0.34375
vt 0.289621875 0.34375
vt 0.289621875 0.359375
vt 0.28125 0.359375
vt 0.28573125 0.359375
vt 0.28125 0.359375
vt 0.28125 0.34375
vt 0.28573125 0.34375
vt 0.28767671875 0.359375
vt 0.283194375 0.359375
vt 0.28125 0.35211109375000005
vt 0.289624375 0.35211468749999997
vt 0.288513125 0.35100062499999996
vt 0.288513125 0.359375
vt 0.28125 0.3574275
vt 0.281251875 0.35294515625
vt 0.28125 0.34375
vt 0.289621875 0.34375
vt 0.289621875 0.359375
vt 0.28125 0.359375
vt 0.28573125 0.359375
vt 0.28125 0.359375
vt 0.28125 0.34375
vt 0.28573125 0.34375
vt 0.28768 0.359375
vt 0.28319765625 0.359375
vt 0.28125 0.35211468749999997
vt 0.289624375 0.35211109375000005
vt 0.288513125 0.35100062499999996
vt 0.288513125 0.359375
vt 0.281251875 0.35743046874999995
vt 0.28125 0.35294812499999995
vt 0.28125 0.34375
vt 0.289621875 0.34375
vt 0.289621875 0.359375
vt 0.28125 0.359375
vt 0.28573125 0.359375
vt 0.28125 0.359375
vt 0.28125 0.34375
vt 0.28573125 0.34375
vt 0.2876765625 0.359375
vt 0.2831953125 0.359375
vt 0.28125 0.3521140625
vt 0.289621875 0.3521140625
vt 0.289621875 0.359375
vt 0.28125 0.359375
vt 0.2831953125 0.3521140625
vt 0.2876765625 0.3521140625
vt 0.28125 0.34375
vt 0.289621875 0.34375
vt 0.289621875 0.359375
vt 0.28125 0.359375
vt 0.28573125 0.359375
vt 0.28125 0.359375
vt 0.28125 0.34375
vt 0.28573125 0.34375
vt 0.28851390625 0.35294828125
vt 0.28851390625 0.357430625
vt 0.28125 0.359375
vt 0.28125359375 0.35100062499999996
vt 0.289624375 0.359375
vt 0.28125 0.359375
vt 0.2831975 0.35211187499999996
vt 0.28767984375 0.35211390625000005
vt 0.28125 0.34375
vt 0.289621875 0.34375
vt 0.289621875 0.359375
vt 0.28125 0.359375
vt 0.28573125 0.359375
vt 0.28125 0.359375
vt 0.28125 0.34375
vt 0.28573125 0.34375
vt 0.28851390625 0.35294499999999995
vt 0.28851390625 0.35742734374999996
vt 0.28125359375 0.359375
vt 0.28125 0.35100062499999996
vt 0.289624375 0.359375
vt 0.28125 0.359375
vt 0.28319453125 0.35211390625000005
vt 0.287676875 0.35211187499999996
vt 0.28125 0.34375
vt 0.289621875 0.34375
vt 0.289621875 0.359375
vt 0.28125 0.359375
vt 0.28573125 0.359375
vt 0.28125 0.359375
vt 0.28125 0.34375
vt 0.28573125 0.34375
vt 0.2885109375 0.35294843750000005
vt 0.2885109375 0.35742968750000004
vt 0.28125 0.359375
vt 0.28125 0.35100312499999997
vt 0.28125 0.359375
vt 0.28125 0.35100312499999997
vt 0.2885109375 0.35294843750000005
vt 0.2885109375 0.35742968750000004
vt 0.28125 0.34375
vt 0.289621875 0.34375
vt 0.289621875 0.359375
vt 0.28125 0.359375
vt 0.28573125 0.359375
vt 0.28125 0.359375
vt 0.28125 0.34375
vt 0.28573125 0.34375
vt 0.28319765625 0.35211109375000005
vt 0.28768 0.35211109375000005
vt 0.289624375 0.359375
vt 0.28125 0.35937140624999997
vt 0.28125 0.359375
vt 0.28125 0.35100062499999996
vt 0.288513125 0.35294812499999995
vt 0.28851109375 0.35743046874999995
vt 0.28125 0.34375
vt 0.289621875 0.34375
vt 0.289621875 0.359375
vt 0.28125 0.359375
vt 0.28573125 0.359375
vt 0.28125 0.359375
vt 0.28125 0.34375
vt 0.28573125 0.34375
vt 0.283194375 0.35211109375000005
vt 0.28767671875 0.35211109375000005
vt 0.289624375 0.35937140624999997
vt 0.28125 0.359375
vt 0.28125 0.359375
vt 0.28125 0.35100062499999996
vt 0.28851109375 0.35294515625
vt 0.288513125 0.3574275
vt 0.28125 0.34375
vt 0.289621875 0.34375
vt 0.289621875 0.359375
vt 0.28125 0.359375
vt 0.28573125 0.359375
vt 0.28125 0.359375
vt 0.28125 0.34375
vt 0.28573125 0.34375
vt 0.2831953125 0.3521140625
vt 0.2876765625 0.3521140625
vt 0.289621875 0.359375
vt 0.28125 0.359375
vt 0.28125 0.3521140625
vt 0.289621875 0.3521140625
vt 0.2876765625 0.359375
vt 0.2831953125 0.359375
vn 0.5000024352623959 -0.8660239977804736 1.9229595644276144e-16
vn -0.5000121476207339 0.8660183902387416 -1.9229471131837297e-16
vn 0 -2.220446049250313e-16 -1
vn 0 2.220446049250313e-16 1
vn 0.8660239977804736 -0.5000024352623959 1.1102284319939223e-16
vn -0.8660183902387416 0.5000121476207339 -1.1102499977616229e-16
vn 0 -2.220446049250313e-16 -1
vn 0 2.220446049250313e-16 1
vn 1 0 0
vn -1 0 0
vn 0 -2.220446049250313e-16 -1
vn 0 2.220446049250313e-16 1
vn 0.8660239977804736 0.5000024352623959 -1.1102284319939223e-16
vn -0.8660183902387416 -0.5000121476207339 1.1102499977616229e-16
vn 0 -2.220446049250313e-16 -1
vn 0 2.220446049250313e-16 1
vn 0.5000024352623959 0.8660239977804736 -1.9229595644276144e-16
vn -0.5000121476207339 -0.8660183902387416 1.9229471131837297e-16
vn 0 -2.220446049250313e-16 -1
vn 0 2.220446049250313e-16 1
vn 0 1 -2.220446049250313e-16
vn 0 -1 2.220446049250313e-16
vn 0 -2.220446049250313e-16 -1
vn 0 2.220446049250313e-16 1
vn -0.5000024352623959 0.8660239977804736 -1.9229595644276144e-16
vn 0.5000121476207339 -0.8660183902387416 1.9229471131837297e-16
vn 0 -2.220446049250313e-16 -1
vn 0 2.220446049250313e-16 1
vn -0.8660239977804736 0.5000024352623959 -1.1102284319939223e-16
vn 0.8660183902387416 -0.5000121476207339 1.1102499977616229e-16
vn 0 -2.220446049250313e-16 -1
vn 0 2.220446049250313e-16 1
vn -1 0 0
vn 1 0 0
vn 0 -2.220446049250313e-16 -1
vn 0 2.220446049250313e-16 1
vn -0.8660239977804736 -0.5000024352623959 1.1102284319939223e-16
vn 0.8660183902387416 0.5000121476207339 -1.1102499977616229e-16
vn 0 -2.220446049250313e-16 -1
vn 0 2.220446049250313e-16 1
vn -0.5000024352623959 -0.8660239977804736 1.9229595644276144e-16
vn 0.5000121476207339 0.8660183902387416 -1.9229471131837297e-16
vn 0 -2.220446049250313e-16 -1
vn 0 2.220446049250313e-16 1
vn 0 -1 2.220446049250313e-16
vn 0 1 -2.220446049250313e-16
vn 0 -2.220446049250313e-16 -1
vn 0 2.220446049250313e-16 1
usemtl m_3d215661-f591-00a8-53e2-d8d611c756be
f 14/37/13 18/38/13 19/39/13 15/40/13
f 17/41/14 21/42/14 20/43/14 16/44/14
f 16/45/15 20/46/15 18/47/15 14/48/15
f 15/49/16 19/50/16 21/51/16 17/52/16
f 18/53/17 22/54/17 23/55/17 19/56/17
f 21/57/18 25/58/18 24/59/18 20/60/18
f 20/61/19 24/62/19 22/63/19 18/64/19
f 19/65/20 23/66/20 25/67/20 21/68/20
f 22/69/21 26/70/21 27/71/21 23/72/21
f 25/73/22 29/74/22 28/75/22 24/76/22
f 24/77/23 28/78/23 26/79/23 22/80/23
f 23/81/24 27/82/24 29/83/24 25/84/24
f 26/85/25 30/86/25 31/87/25 27/88/25
f 29/89/26 33/90/26 32/91/26 28/92/26
f 28/93/27 32/94/27 30/95/27 26/96/27
f 27/97/28 31/98/28 33/99/28 29/100/28
f 30/101/29 34/102/29 35/103/29 31/104/29
f 33/105/30 37/106/30 36/107/30 32/108/30
f 32/109/31 36/110/31 34/111/31 30/112/31
f 31/113/32 35/114/32 37/115/32 33/116/32
f 34/117/33 38/118/33 39/119/33 35/120/33
f 37/121/34 41/122/34 40/123/34 36/124/34
f 36/125/35 40/126/35 38/127/35 34/128/35
f 35/129/36 39/130/36 41/131/36 37/132/36
f 38/133/37 42/134/37 43/135/37 39/136/37
f 41/137/38 45/138/38 44/139/38 40/140/38
f 40/141/39 44/142/39 42/143/39 38/144/39
f 39/145/40 43/146/40 45/147/40 41/148/40
f 42/149/41 46/150/41 47/151/41 43/152/41
f 45/153/42 49/154/42 48/155/42 44/156/42
f 44/157/43 48/158/43 46/159/43 42/160/43
f 43/161/44 47/162/44 49/163/44 45/164/44
f 46/165/45 50/166/45 51/167/45 47/168/45
f 49/169/46 53/170/46 52/171/46 48/172/46
f 48/173/47 52/174/47 50/175/47 46/176/47
f 47/177/48 51/178/48 53/179/48 49/180/48
f 50/181/49 54/182/49 55/183/49 51/184/49
f 53/185/50 57/186/50 56/187/50 52/188/50
f 52/189/51 56/190/51 54/191/51 50/192/51
f 51/193/52 55/194/52 57/195/52 53/196/52
f 54/197/53 58/198/53 59/199/53 55/200/53
f 57/201/54 61/202/54 60/203/54 56/204/54
f 56/205/55 60/206/55 58/207/55 54/208/55
f 55/209/56 59/210/56 61/211/56 57/212/56
f 58/213/57 14/214/57 15/215/57 59/216/57
f 61/217/58 17/218/58 16/219/58 60/220/58
f 60/221/59 16/222/59 14/223/59 58/224/59
f 59/225/60 15/226/60 17/227/60 61/228/60
o cube
v 0.2006475 5.883283125 -0.4765625
v 0.2006475 5.883283125 -0.7265625
v 0.2006475 5.8594175 -0.4765625
v 0.2006475 5.8594175 -0.7265625
v 0.1743525 5.883283125 -0.4765625
v 0.1743525 5.883283125 -0.7265625
v 0.1743525 5.8594175 -0.4765625
v 0.1743525 5.8594175 -0.7265625
v 0.2006475 5.883283125 -0.4765625
v 0.2006475 5.883283125 -0.7265625
v 0.2006475 5.8594175 -0.4765625
v 0.2006475 5.8594175 -0.7265625
v 0.240591875 5.863003125 -0.4765625
v 0.240591875 5.863003125 -0.703835
v 0.22341875 5.8446493749999995 -0.4765625
v 0.22341875 5.8446493749999995 -0.703835
v 0.23975875 5.863939375 -0.4765625
v 0.23975875 5.863939375 -0.703835
v 0.22341875 5.8446493749999995 -0.4765625
v 0.22341875 5.8446493749999995 -0.703835
v 0.2578125 5.81907 -0.4765625
v 0.2578125 5.81907 -0.61292625
v 0.23656625 5.81907 -0.4765625
v 0.23656625 5.81907 -0.61292625
v 0.2578125 5.81907 -0.4765625
v 0.2578125 5.81907 -0.61292625
v 0.23656625 5.81907 -0.4765625
v 0.23656625 5.81907 -0.61292625
v 0.2578125 5.789533125 -0.4765625
v 0.2578125 5.789533125 -0.544744375
v 0.23656625 5.789533125 -0.4765625
v 0.23656625 5.789533125 -0.544744375
v 0.1743525 5.883283125 -0.4765625
v 0.1743525 5.883283125 -0.7265625
v 0.1743525 5.8594175 -0.4765625
v 0.1743525 5.8594175 -0.7265625
v 0.134408125 5.863003125 -0.4765625
v 0.134408125 5.863003125 -0.703835
v 0.15158125 5.8446493749999995 -0.4765625
v 0.15158125 5.8446493749999995 -0.703835
v 0.13524125 5.863939375 -0.4765625
v 0.13524125 5.863939375 -0.703835
v 0.15158125 5.8446493749999995 -0.4765625
v 0.15158125 5.8446493749999995 -0.703835
v 0.1171875 5.81907 -0.4765625
v 0.1171875 5.81907 -0.61292625
v 0.13843375 5.81907 -0.4765625
v 0.13843375 5.81907 -0.61292625
v 0.1171875 5.81907 -0.4765625
v 0.1171875 5.81907 -0.61292625
v 0.13843375 5.81907 -0.4765625
v 0.13843375 5.81907 -0.61292625
v 0.1171875 5.789533125 -0.4765625
v 0.1171875 5.789533125 -0.544744375
v 0.13843375 5.789533125 -0.4765625
v 0.13843375 5.789533125 -0.544744375
vt 0.41796875 0.3984375
vt 0.41796875 0.4046875
vt 0.375 0.4046875
vt 0.375 0.3984375
vt 0.42578125 0.3984375
vt 0.42578125 0.4046875
vt 0.3828125 0.4046875
vt 0.3828125 0.3984375
vt 0.3966546875 0.35546875
vt 0.3966546875 0.3984375
vt 0.38828125 0.3984375
vt 0.38828125 0.35546875
vt 0.3966546875 0.36328125
vt 0.3966546875 0.40625
vt 0.38828125 0.40625
vt 0.38828125 0.36328125
vt 0.3966546875 0.3984375
vt 0.3966546875 0.4046875
vt 0.38828125 0.4046875
vt 0.38828125 0.3984375
vt 0.3950921875 0.3984375
vt 0.3950921875 0.4046875
vt 0.38671875 0.4046875
vt 0.38671875 0.3984375
vt 0.375 0.40625
vt 0.4296875 0.40625
vt 0.4296875 0.3984375
vt 0.375 0.3984375
vt 0.3828125 0.40625
vt 0.4375 0.40625
vt 0.4375 0.3984375
vt 0.3828125 0.3984375
vt 0.38828125 0.3984375
vt 0.39453125 0.3984375
vt 0.39453125 0.34375
vt 0.38828125 0.34375
vt 0.38828125 0.40625
vt 0.39453125 0.40625
vt 0.39453125 0.3515625
vt 0.38828125 0.3515625
vt 0.38828125 0.40625
vt 0.39453125 0.40625
vt 0.39453125 0.3984375
vt 0.38828125 0.3984375
vt 0.38671875 0.40625
vt 0.39296875 0.40625
vt 0.39296875 0.3984375
vt 0.38671875 0.3984375
vt 0.375 0.40625
vt 0.4296875 0.40625
vt 0.4296875 0.3984375
vt 0.375 0.3984375
vt 0.3828125 0.40625
vt 0.4375 0.40625
vt 0.4375 0.3984375
vt 0.3828125 0.3984375
vt 0.38828125 0.3984375
vt 0.39453125 0.3984375
vt 0.39453125 0.34375
vt 0.38828125 0.34375
vt 0.38828125 0.40625
vt 0.39453125 0.40625
vt 0.39453125 0.3515625
vt 0.38828125 0.3515625
vt 0.38828125 0.40625
vt 0.39453125 0.40625
vt 0.39453125 0.3984375
vt 0.38828125 0.3984375
vt 0.38671875 0.40625
vt 0.39296875 0.40625
vt 0.39296875 0.3984375
vt 0.38671875 0.3984375
vt 0.375 0.4046875
vt 0.38671875 0.4046875
vt 0.38671875 0.39792171875000004
vt 0.375 0.39792171875000004
vt 0.4140625 0.4046875
vt 0.42578125 0.4046875
vt 0.42578125 0.39792171875000004
vt 0.4140625 0.39792171875000004
vt 0.38828125 0.3671875
vt 0.3966546875 0.3671875
vt 0.3966546875 0.35546875
vt 0.38828125 0.35546875
vt 0.38828125 0.40625
vt 0.3966546875 0.40625
vt 0.3966546875 0.39453125
vt 0.38828125 0.39453125
vt 0.38828125 0.4046875
vt 0.3966546875 0.4046875
vt 0.3966546875 0.39792171875000004
vt 0.38828125 0.39792171875000004
vt 0.38671875 0.4046875
vt 0.3950921875 0.4046875
vt 0.3950921875 0.39792171875000004
vt 0.38671875 0.39792171875000004
vt 0.4296875 0.3984375
vt 0.4296875 0.40625
vt 0.375 0.40625
vt 0.375 0.3984375
vt 0.4375 0.3984375
vt 0.4375 0.40625
vt 0.3828125 0.40625
vt 0.3828125 0.3984375
vt 0.39453125 0.34375
vt 0.39453125 0.3984375
vt 0.38828125 0.3984375
vt 0.38828125 0.34375
vt 0.39453125 0.3515625
vt 0.39453125 0.40625
vt 0.38828125 0.40625
vt 0.38828125 0.3515625
vt 0.39453125 0.3984375
vt 0.39453125 0.40625
vt 0.38828125 0.40625
vt 0.38828125 0.3984375
vt 0.39296875 0.3984375
vt 0.39296875 0.40625
vt 0.38671875 0.40625
vt 0.38671875 0.3984375
vt 0.4296875 0.3984375
vt 0.4296875 0.40625
vt 0.375 0.40625
vt 0.375 0.3984375
vt 0.4375 0.3984375
vt 0.4375 0.40625
vt 0.3828125 0.40625
vt 0.3828125 0.3984375
vt 0.39453125 0.34375
vt 0.39453125 0.3984375
vt 0.38828125 0.3984375
vt 0.38828125 0.34375
vt 0.39453125 0.3515625
vt 0.39453125 0.40625
vt 0.38828125 0.40625
vt 0.38828125 0.3515625
vt 0.39453125 0.3984375
vt 0.39453125 0.40625
vt 0.38828125 0.40625
vt 0.38828125 0.3984375
vt 0.39296875 0.3984375
vt 0.39296875 0.40625
vt 0.38671875 0.40625
vt 0.38671875 0.3984375
vt 0.38671875 0.39792171875000004
vt 0.38671875 0.4046875
vt 0.375 0.4046875
vt 0.375 0.39792171875000004
vt 0.42578125 0.39792171875000004
vt 0.42578125 0.4046875
vt 0.4140625 0.4046875
vt 0.4140625 0.39792171875000004
vt 0.3966546875 0.35546875
vt 0.3966546875 0.3671875
vt 0.38828125 0.3671875
vt 0.38828125 0.35546875
vt 0.3966546875 0.39453125
vt 0.3966546875 0.40625
vt 0.38828125 0.40625
vt 0.38828125 0.39453125
vt 0.3966546875 0.39792171875000004
vt 0.3966546875 0.4046875
vt 0.38828125 0.4046875
vt 0.38828125 0.39792171875000004
vt 0.3950921875 0.39792171875000004
vt 0.3950921875 0.4046875
vt 0.38671875 0.4046875
vt 0.38671875 0.39792171875000004
vn 1 0 0
vn -1 0 0
vn 0 1 0
vn 0 -1 0
vn 0 0 1
vn 0 0 -1
vn -1 0 0
vn 0.7302021808350583 -0.683231128611486 0
vn 0.45270208702600107 0.8916618307420717 0
vn -0.5441284603357273 -0.8390019181460022 0
vn 0 0 1
vn 0.34107118781393525 -0.3191314114133182 -0.8842090177625055
vn -0.7630410817830638 0.6463499884051456 0
vn 0 -1 0
vn 0.9277190252466737 0.373279265691736 0
vn -0.8893953537766143 -0.457138824298015 0
vn 0 0 1
vn 0 -0.89672345270896 -0.44259128929715896
vn 0 1 0
vn 0 -1 0
vn 1 0 0
vn -1 0 0
vn 0 0 1
vn 0 -0.9175978655059549 -0.39750994606288226
vn 1 0 0
vn -0.7302021808350583 -0.683231128611486 0
vn -0.45270208702600107 0.8916618307420717 0
vn 0.5441284603357273 -0.8390019181460022 0
vn 0 0 1
vn -0.3410711878139353 -0.31913141141331813 -0.8842090177625055
vn 0.7630410817830638 0.6463499884051456 0
vn 0 -1 0
vn -0.9277190252466737 0.373279265691736 0
vn 0.8893953537766143 -0.457138824298015 0
vn 0 0 1
vn 0 -0.89672345270896 -0.4425912892971591
vn 0 1 0
vn 0 -1 0
vn -1 0 0
vn 1 0 0
vn 0 0 1
vn 0 -0.9175978655059549 -0.39750994606288226
usemtl m_3d215661-f591-00a8-53e2-d8d611c756be
f 65/229/61 63/230/61 62/231/61 64/232/61
f 68/233/62 66/234/62 67/235/62 69/236/62
f 62/237/63 63/238/63 67/239/63 66/240/63
f 65/241/64 64/242/64 68/243/64 69/244/64
f 64/245/65 62/246/65 66/247/65 68/248/65
f 69/249/66 67/250/66 63/251/66 65/252/66
f 70/253/67 71/254/67 73/255/67 72/256/67
f 75/257/68 74/258/68 76/259/68 77/260/68
f 75/261/69 71/262/69 70/263/69 74/264/69
f 76/265/70 72/266/70 73/267/70 77/268/70
f 74/269/71 70/270/71 72/271/71 76/272/71
f 71/273/72 75/274/72 77/275/72 73/276/72
f 78/277/73 79/278/73 81/279/73 80/280/73
f 83/281/74 82/282/74 84/283/74 85/284/74
f 83/285/75 79/286/75 78/287/75 82/288/75
f 84/289/76 80/290/76 81/291/76 85/292/76
f 82/293/77 78/294/77 80/295/77 84/296/77
f 79/297/78 83/298/78 85/299/78 81/300/78
f 86/301/79 87/302/79 89/303/79 88/304/79
f 91/305/80 90/306/80 92/307/80 93/308/80
f 91/309/81 87/310/81 86/311/81 90/312/81
f 92/313/82 88/314/82 89/315/82 93/316/82
f 90/317/83 86/318/83 88/319/83 92/320/83
f 87/321/84 91/322/84 93/323/84 89/324/84
f 97/325/85 95/326/85 94/327/85 96/328/85
f 100/329/86 98/330/86 99/331/86 101/332/86
f 94/333/87 95/334/87 99/335/87 98/336/87
f 97/337/88 96/338/88 100/339/88 101/340/88
f 96/341/89 94/342/89 98/343/89 100/344/89
f 101/345/90 99/346/90 95/347/90 97/348/90
f 105/349/91 103/350/91 102/351/91 104/352/91
f 108/353/92 106/354/92 107/355/92 109/356/92
f 102/357/93 103/358/93 107/359/93 106/360/93
f 105/361/94 104/362/94 108/363/94 109/364/94
f 104/365/95 102/366/95 106/367/95 108/368/95
f 109/369/96 107/370/96 103/371/96 105/372/96
f 113/373/97 111/374/97 110/375/97 112/376/97
f 116/377/98 114/378/98 115/379/98 117/380/98
f 110/381/99 111/382/99 115/383/99 114/384/99
f 113/385/100 112/386/100 116/387/100 117/388/100
f 112/389/101 110/390/101 114/391/101 116/392/101
f 117/393/102 115/394/102 111/395/102 113/396/102
o cube
v -0.14643875 5.9312499999999995 -0.46874999999999994
v -0.14643875 5.9312499999999995 -0.9375
v -0.14643875 5.910416874999999 -0.46874999999999994
v -0.14643875 5.910416874999999 -0.9375
v -0.19731125 5.9312499999999995 -0.46874999999999994
v -0.19731125 5.9312499999999995 -0.9375
v -0.19731125 5.910416874999999 -0.46874999999999994
v -0.19731125 5.910416874999999 -0.9375
v -0.19731125 5.9312499999999995 -0.46874999999999994
v -0.19731125 5.9312499999999995 -0.9375
v -0.19731125 5.910416874999999 -0.46874999999999994
v -0.19731125 5.910416874999999 -0.9375
v -0.248183125 5.897395625 -0.46874999999999994
v -0.248183125 5.897395625 -0.859375
v -0.23546499999999998 5.8843749999999995 -0.46874999999999994
v -0.23546499999999998 5.8843749999999995 -0.859375
v -0.248183125 5.897395625 -0.46874999999999994
v -0.248183125 5.897395625 -0.859375
v -0.23546499999999998 5.8843749999999995 -0.46874999999999994
v -0.23546499999999998 5.8843749999999995 -0.859375
v -0.28125 5.8453124999999995 -0.46874999999999994
v -0.28125 5.8453124999999995 -0.6875
v -0.26090125 5.8453124999999995 -0.46874999999999994
v -0.26090125 5.8453124999999995 -0.6875
v -0.28125 5.8453124999999995 -0.46874999999999994
v -0.28125 5.8453124999999995 -0.6875
v -0.26090125 5.8453124999999995 -0.46874999999999994
v -0.26090125 5.8453124999999995 -0.6875
v -0.28125 5.8062499999999995 -0.46874999999999994
v -0.28125 5.8062499999999995 -0.5625
v -0.26090125 5.8062499999999995 -0.46874999999999994
v -0.26090125 5.8062499999999995 -0.5625
v -0.14643875 5.9312499999999995 -0.46874999999999994
v -0.14643875 5.9312499999999995 -0.9375
v -0.14643875 5.910416874999999 -0.46874999999999994
v -0.14643875 5.910416874999999 -0.9375
v -0.095566875 5.897395625 -0.46874999999999994
v -0.095566875 5.897395625 -0.859375
v -0.108285 5.8843749999999995 -0.46874999999999994
v -0.108285 5.8843749999999995 -0.859375
v -0.095566875 5.897395625 -0.46874999999999994
v -0.095566875 5.897395625 -0.859375
v -0.108285 5.8843749999999995 -0.46874999999999994
v -0.108285 5.8843749999999995 -0.859375
v -0.0625 5.8453124999999995 -0.46874999999999994
v -0.0625 5.8453124999999995 -0.6875
v -0.08284875 5.8453124999999995 -0.46874999999999994
v -0.08284875 5.8453124999999995 -0.6875
v -0.0625 5.8453124999999995 -0.46874999999999994
v -0.0625 5.8453124999999995 -0.6875
v -0.08284875 5.8453124999999995 -0.46874999999999994
v -0.08284875 5.8453124999999995 -0.6875
v -0.0625 5.8062499999999995 -0.46874999999999994
v -0.0625 5.8062499999999995 -0.5625
v -0.08284875 5.8062499999999995 -0.46874999999999994
v -0.08284875 5.8062499999999995 -0.5625
vt 0.4140625 0.421875
vt 0.4140625 0.428125
vt 0.296875 0.428125
vt 0.296875 0.421875
vt 0.421875 0.421875
vt 0.421875 0.428125
vt 0.3046875 0.428125
vt 0.3046875 0.421875
vt 0.3203125 0.328125
vt 0.3203125 0.4453125
vt 0.3046875 0.4453125
vt 0.3046875 0.328125
vt 0.3203125 0.3359375
vt 0.3203125 0.453125
vt 0.3046875 0.453125
vt 0.3046875 0.3359375
vt 0.3203125 0.421875
vt 0.3203125 0.428125
vt 0.3046875 0.428125
vt 0.3046875 0.421875
vt 0.3203125 0.421875
vt 0.3203125 0.428125
vt 0.3046875 0.428125
vt 0.3046875 0.421875
vt 0.4140625 0.421875
vt 0.4140625 0.4296875
vt 0.296875 0.4296875
vt 0.296875 0.421875
vt 0.421875 0.421875
vt 0.421875 0.4296875
vt 0.3046875 0.4296875
vt 0.3046875 0.421875
vt 0.3203125 0.328125
vt 0.3203125 0.4453125
vt 0.3046875 0.4453125
vt 0.3046875 0.328125
vt 0.3203125 0.3359375
vt 0.3203125 0.453125
vt 0.3046875 0.453125
vt 0.3046875 0.3359375
vt 0.3203125 0.421875
vt 0.3203125 0.4296875
vt 0.3046875 0.4296875
vt 0.3046875 0.421875
vt 0.3203125 0.421875
vt 0.3203125 0.4296875
vt 0.3046875 0.4296875
vt 0.3046875 0.421875
vt 0.4140625 0.421875
vt 0.4140625 0.4296875
vt 0.296875 0.4296875
vt 0.296875 0.421875
vt 0.421875 0.421875
vt 0.421875 0.4296875
vt 0.3046875 0.4296875
vt 0.3046875 0.421875
vt 0.3203125 0.328125
vt 0.3203125 0.4453125
vt 0.3046875 0.4453125
vt 0.3046875 0.328125
vt 0.3203125 0.3359375
vt 0.3203125 0.453125
vt 0.3046875 0.453125
vt 0.3046875 0.3359375
vt 0.3203125 0.421875
vt 0.3203125 0.4296875
vt 0.3046875 0.4296875
vt 0.3046875 0.421875
vt 0.3203125 0.421875
vt 0.3203125 0.4296875
vt 0.3046875 0.4296875
vt 0.3046875 0.421875
vt 0.4140625 0.421875
vt 0.4140625 0.428125
vt 0.296875 0.428125
vt 0.296875 0.421875
vt 0.421875 0.421875
vt 0.421875 0.428125
vt 0.3046875 0.428125
vt 0.3046875 0.421875
vt 0.3203125 0.328125
vt 0.3203125 0.4453125
vt 0.3046875 0.4453125
vt 0.3046875 0.328125
vt 0.3203125 0.3359375
vt 0.3203125 0.453125
vt 0.3046875 0.453125
vt 0.3046875 0.3359375
vt 0.3203125 0.421875
vt 0.3203125 0.428125
vt 0.3046875 0.428125
vt 0.3046875 0.421875
vt 0.3203125 0.421875
vt 0.3203125 0.428125
vt 0.3046875 0.428125
vt 0.3046875 0.421875
vt 0.296875 0.4296875
vt 0.4140625 0.4296875
vt 0.4140625 0.421875
vt 0.296875 0.421875
vt 0.3046875 0.4296875
vt 0.421875 0.4296875
vt 0.421875 0.421875
vt 0.3046875 0.421875
vt 0.3046875 0.4453125
vt 0.3203125 0.4453125
vt 0.3203125 0.328125
vt 0.3046875 0.328125
vt 0.3046875 0.453125
vt 0.3203125 0.453125
vt 0.3203125 0.3359375
vt 0.3046875 0.3359375
vt 0.3046875 0.4296875
vt 0.3203125 0.4296875
vt 0.3203125 0.421875
vt 0.3046875 0.421875
vt 0.3046875 0.4296875
vt 0.3203125 0.4296875
vt 0.3203125 0.421875
vt 0.3046875 0.421875
vt 0.296875 0.4296875
vt 0.4140625 0.4296875
vt 0.4140625 0.421875
vt 0.296875 0.421875
vt 0.3046875 0.4296875
vt 0.421875 0.4296875
vt 0.421875 0.421875
vt 0.3046875 0.421875
vt 0.3046875 0.4453125
vt 0.3203125 0.4453125
vt 0.3203125 0.328125
vt 0.3046875 0.328125
vt 0.3046875 0.453125
vt 0.3203125 0.453125
vt 0.3203125 0.3359375
vt 0.3046875 0.3359375
vt 0.3046875 0.4296875
vt 0.3203125 0.4296875
vt 0.3203125 0.421875
vt 0.3046875 0.421875
vt 0.3046875 0.4296875
vt 0.3203125 0.4296875
vt 0.3203125 0.421875
vt 0.3046875 0.421875
vt 0.296875 0.428125
vt 0.4140625 0.428125
vt 0.4140625 0.421875
vt 0.296875 0.421875
vt 0.3046875 0.428125
vt 0.421875 0.428125
vt 0.421875 0.421875
vt 0.3046875 0.421875
vt 0.3046875 0.4453125
vt 0.3203125 0.4453125
vt 0.3203125 0.328125
vt 0.3046875 0.328125
vt 0.3046875 0.453125
vt 0.3203125 0.453125
vt 0.3203125 0.3359375
vt 0.3046875 0.3359375
vt 0.3046875 0.428125
vt 0.3203125 0.428125
vt 0.3203125 0.421875
vt 0.3046875 0.421875
vt 0.3046875 0.428125
vt 0.3203125 0.428125
vt 0.3203125 0.421875
vt 0.3046875 0.421875
vn 1 0 0
vn -1 0 0
vn 0 1 0
vn 0 -1 0
vn 0 0 1
vn 0 0 -1
vn 1 0 0
vn -0.7153677965646191 -0.6987481059997814 0
vn -0.5540178835960128 0.832504765545396 0
vn 0.56374986427687 -0.8259455735869106 0
vn 0 0 1
vn -0.5671873502949211 -0.5540102429391521 -0.6094022976523211
vn 0.7153677965646191 0.6987481059997814 0
vn 0 -1 0
vn -0.8442258399894536 0.5359876221463529 0
vn 0.8379960885334519 -0.5456762369781509 0
vn 0 0 1
vn 0 -0.9570247263924219 -0.290006332816217
vn 0 1 0
vn 0 -1 0
vn -1 0 0
vn 1 0 0
vn 0 0 1
vn 0 -0.9544799780350297 -0.29827499313594685
vn -1 0 0
vn 0.7153677965646191 -0.6987481059997814 0
vn 0.5540178835960128 0.832504765545396 0
vn -0.56374986427687 -0.8259455735869106 0
vn 0 0 1
vn 0.5671873502949211 -0.554010242939152 -0.6094022976523211
vn -0.7153677965646191 0.6987481059997814 0
vn 0 -1 0
vn 0.8442258399894538 0.5359876221463529 0
vn -0.8379960885334519 -0.5456762369781509 0
vn 0 0 1
vn 0 -0.9570247263924219 -0.29000633281621696
vn 0 1 0
vn 0 -1 0
vn 1 0 0
vn -1 0 0
vn 0 0 1
vn 0 -0.9544799780350297 -0.29827499313594685
usemtl m_3d215661-f591-00a8-53e2-d8d611c756be
f 121/397/103 119/398/103 118/399/103 120/400/103
f 124/401/104 122/402/104 123/403/104 125/404/104
f 118/405/105 119/406/105 123/407/105 122/408/105
f 121/409/106 120/410/106 124/411/106 125/412/106
f 120/413/107 118/414/107 122/415/107 124/416/107
f 125/417/108 123/418/108 119/419/108 121/420/108
f 129/421/109 127/422/109 126/423/109 128/424/109
f 132/425/110 130/426/110 131/427/110 133/428/110
f 126/429/111 127/430/111 131/431/111 130/432/111
f 129/433/112 128/434/112 132/435/112 133/436/112
f 128/437/113 126/438/113 130/439/113 132/440/113
f 133/441/114 131/442/114 127/443/114 129/444/114
f 137/445/115 135/446/115 134/447/115 136/448/115
f 140/449/116 138/450/116 139/451/116 141/452/116
f 134/453/117 135/454/117 139/455/117 138/456/117
f 137/457/118 136/458/118 140/459/118 141/460/118
f 136/461/119 134/462/119 138/463/119 140/464/119
f 141/465/120 139/466/120 135/467/120 137/468/120
f 145/469/121 143/470/121 142/471/121 144/472/121
f 148/473/122 146/474/122 147/475/122 149/476/122
f 142/477/123 143/478/123 147/479/123 146/480/123
f 145/481/124 144/482/124 148/483/124 149/484/124
f 144/485/125 142/486/125 146/487/125 148/488/125
f 149/489/126 147/490/126 143/491/126 145/492/126
f 150/493/127 151/494/127 153/495/127 152/496/127
f 155/497/128 154/498/128 156/499/128 157/500/128
f 155/501/129 151/502/129 150/503/129 154/504/129
f 156/505/130 152/506/130 153/507/130 157/508/130
f 154/509/131 150/510/131 152/511/131 156/512/131
f 151/513/132 155/514/132 157/515/132 153/516/132
f 158/517/133 159/518/133 161/519/133 160/520/133
f 163/521/134 162/522/134 164/523/134 165/524/134
f 163/525/135 159/526/135 158/527/135 162/528/135
f 164/529/136 160/530/136 161/531/136 165/532/136
f 162/533/137 158/534/137 160/535/137 164/536/137
f 159/537/138 163/538/138 165/539/138 161/540/138
f 166/541/139 167/542/139 169/543/139 168/544/139
f 171/545/140 170/546/140 172/547/140 173/548/140
f 171/549/141 167/550/141 166/551/141 170/552/141
f 172/553/142 168/554/142 169/555/142 173/556/142
f 170/557/143 166/558/143 168/559/143 172/560/143
f 167/561/144 171/562/144 173/563/144 169/564/144
o circle
v -0.171875 5.81875 -0.534375
v -0.146755 5.9125 -0.534375
v -0.103245 5.887379999999999 -0.534375
v -0.078125 5.84387 -0.534375
v -0.078125 5.793629999999999 -0.534375
v -0.103245 5.75012 -0.534375
v -0.146755 5.725 -0.534375
v -0.196995 5.725 -0.534375
v -0.240505 5.75012 -0.534375
v -0.265625 5.793629999999999 -0.534375
v -0.265625 5.84387 -0.534375
v -0.240505 5.887379999999999 -0.534375
v -0.196995 5.9125 -0.534375
vt 0.3247625 0.6752374999999999
vt 0.375 0.7622625000000001
vt 0.1875 0.8125
vt 0.375 0.7622625000000001
vt 0.375 0.8627374999999999
vt 0.1875 0.8125
vt 0.375 0.8627374999999999
vt 0.3247625 0.9497625
vt 0.1875 0.8125
vt 0.3247625 0.9497625
vt 0.2377375 1
vt 0.1875 0.8125
vt 0.2377375 1
vt 0.1372625 1
vt 0.1875 0.8125
vt 0.1372625 1
vt 0.0502375 0.9497625
vt 0.1875 0.8125
vt 0.0502375 0.9497625
vt 0 0.8627374999999999
vt 0.1875 0.8125
vt 0 0.8627374999999999
vt 0 0.7622625000000001
vt 0.1875 0.8125
vt 0 0.7622625000000001
vt 0.0502375 0.6752374999999999
vt 0.1875 0.8125
vt 0.0502375 0.6752374999999999
vt 0.1372625 0.625
vt 0.1875 0.8125
vt 0.1372625 0.625
vt 0.2377375 0.625
vt 0.1875 0.8125
vt 0.2377375 0.625
vt 0.3247625 0.6752374999999999
vt 0.1875 0.8125
vn 0 2.220446049250313e-16 -1
vn 0 2.220446049250313e-16 -1
vn 0 2.220446049250313e-16 -1
vn 0 2.220446049250313e-16 -1
vn 0 2.220446049250313e-16 -1
vn 0 2.220446049250313e-16 -1
vn 0 2.220446049250313e-16 -1
vn 0 2.220446049250313e-16 -1
vn 0 2.220446049250313e-16 -1
vn 0 2.220446049250313e-16 -1
vn 0 2.220446049250313e-16 -1
vn 0 2.220446049250313e-16 -1
usemtl m_409504fd-f58c-4195-329e-2b61b82ac830
f 176/565/145 177/566/145 174/567/145
f 177/568/146 178/569/146 174/570/146
f 178/571/147 179/572/147 174/573/147
f 179/574/148 180/575/148 174/576/148
f 180/577/149 181/578/149 174/579/149
f 181/580/150 182/581/150 174/582/150
f 182/583/151 183/584/151 174/585/151
f 183/586/152 184/587/152 174/588/152
f 184/589/153 185/590/153 174/591/153
f 185/592/154 186/593/154 174/594/154
f 186/595/155 175/596/155 174/597/155
f 175/598/156 176/599/156 174/600/156
o tube
v -0.14466125 5.9203125 -0.5
v -0.14466125 5.9203125 -0.5625
v -0.152075 5.892645 -0.5
v -0.152075 5.892645 -0.5625
v -0.09752625 5.89309875 -0.5
v -0.09752625 5.89309875 -0.5625
v -0.11778 5.872845 -0.5
v -0.11778 5.872845 -0.5625
v -0.0703125 5.845963749999999 -0.5
v -0.0703125 5.845963749999999 -0.5625
v -0.09798 5.83855 -0.5
v -0.09798 5.83855 -0.5625
v -0.0703125 5.79153625 -0.5
v -0.0703125 5.79153625 -0.5625
v -0.09798 5.79895 -0.5
v -0.09798 5.79895 -0.5625
v -0.09752625 5.744401249999999 -0.5
v -0.09752625 5.744401249999999 -0.5625
v -0.11778 5.764654999999999 -0.5
v -0.11778 5.764654999999999 -0.5625
v -0.14466125 5.7171875 -0.5
v -0.14466125 5.7171875 -0.5625
v -0.152075 5.744854999999999 -0.5
v -0.152075 5.744854999999999 -0.5625
v -0.19908875 5.7171875 -0.5
v -0.19908875 5.7171875 -0.5625
v -0.191675 5.744854999999999 -0.5
v -0.191675 5.744854999999999 -0.5625
v -0.24622375000000002 5.744401249999999 -0.5
v -0.24622375000000002 5.744401249999999 -0.5625
v -0.22597 5.764654999999999 -0.5
v -0.22597 5.764654999999999 -0.5625
v -0.2734375 5.79153625 -0.5
v -0.2734375 5.79153625 -0.5625
v -0.24577 5.79895 -0.5
v -0.24577 5.79895 -0.5625
v -0.2734375 5.845963749999999 -0.5
v -0.2734375 5.845963749999999 -0.5625
v -0.24577 5.83855 -0.5
v -0.24577 5.83855 -0.5625
v -0.24622375000000002 5.89309875 -0.5
v -0.24622375000000002 5.89309875 -0.5625
v -0.22597 5.872845 -0.5
v -0.22597 5.872845 -0.5625
v -0.19908875 5.9203125 -0.5
v -0.19908875 5.9203125 -0.5625
v -0.191675 5.892645 -0.5
v -0.191675 5.892645 -0.5625
vt 0.296875 0.34375
vt 0.31048125 0.34375
vt 0.31048125 0.359375
vt 0.296875 0.359375
vt 0.306775 0.359375
vt 0.296875 0.359375
vt 0.296875 0.34375
vt 0.306775 0.34375
vt 0.296875 0.35752125
vt 0.296875 0.34762140625000004
vt 0.30379265625 0.3457678125
vt 0.30379203125 0.359375
vt 0.296875 0.3524575
vt 0.3104821875 0.3524575
vt 0.30862828125 0.359375
vt 0.2987284375 0.35937453124999996
vt 0.296875 0.34375
vt 0.31048125 0.34375
vt 0.31048125 0.359375
vt 0.296875 0.359375
vt 0.306775 0.359375
vt 0.296875 0.359375
vt 0.296875 0.34375
vt 0.306775 0.34375
vt 0.296875 0.3575215625
vt 0.296875 0.34762171875000003
vt 0.30379203125 0.3457678125
vt 0.30379265625 0.359375
vt 0.296875 0.3524575
vt 0.3104821875 0.3524575
vt 0.30862859375 0.35937453124999996
vt 0.29872890625 0.359375
vt 0.296875 0.34375
vt 0.31048125 0.34375
vt 0.31048125 0.359375
vt 0.296875 0.359375
vt 0.306775 0.359375
vt 0.296875 0.359375
vt 0.296875 0.34375
vt 0.306775 0.34375
vt 0.296875 0.357521875
vt 0.296875 0.34762187499999997
vt 0.3037921875 0.34576874999999996
vt 0.3037921875 0.359375
vt 0.3037921875 0.34576874999999996
vt 0.3037921875 0.359375
vt 0.296875 0.357521875
vt 0.296875 0.34762187499999997
vt 0.296875 0.34375
vt 0.31048125 0.34375
vt 0.31048125 0.359375
vt 0.296875 0.359375
vt 0.306775 0.359375
vt 0.296875 0.359375
vt 0.296875 0.34375
vt 0.306775 0.34375
vt 0.30862828125 0.359375
vt 0.2987284375 0.359375
vt 0.296875 0.35245734375000004
vt 0.3104821875 0.35245796875
vt 0.3037925 0.3457678125
vt 0.3037925 0.359375
vt 0.296875 0.35752109374999996
vt 0.29687546875 0.34762140625000004
vt 0.296875 0.34375
vt 0.31048125 0.34375
vt 0.31048125 0.359375
vt 0.296875 0.359375
vt 0.306775 0.359375
vt 0.296875 0.359375
vt 0.296875 0.34375
vt 0.306775 0.34375
vt 0.30862859375 0.359375
vt 0.29872875 0.359375
vt 0.296875 0.35245796875
vt 0.3104821875 0.35245734375000004
vt 0.3037925 0.3457678125
vt 0.3037925 0.359375
vt 0.29687546875 0.3575215625
vt 0.296875 0.34762171875000003
vt 0.296875 0.34375
vt 0.31048125 0.34375
vt 0.31048125 0.359375
vt 0.296875 0.359375
vt 0.306775 0.359375
vt 0.296875 0.359375
vt 0.296875 0.34375
vt 0.306775 0.34375
vt 0.308628125 0.359375
vt 0.298728125 0.359375
vt 0.296875 0.35245781249999997
vt 0.31048125 0.35245781249999997
vt 0.31048125 0.359375
vt 0.296875 0.359375
vt 0.298728125 0.35245781249999997
vt 0.308628125 0.35245781249999997
vt 0.296875 0.34375
vt 0.31048125 0.34375
vt 0.31048125 0.359375
vt 0.296875 0.359375
vt 0.306775 0.359375
vt 0.296875 0.359375
vt 0.296875 0.34375
vt 0.306775 0.34375
vt 0.30379265625 0.34762171875000003
vt 0.30379265625 0.3575215625
vt 0.296875 0.359375
vt 0.296875625 0.3457678125
vt 0.3104821875 0.359375
vt 0.296875 0.359375
vt 0.29872890625 0.3524575
vt 0.30862859375 0.35245796875
vt 0.296875 0.34375
vt 0.31048125 0.34375
vt 0.31048125 0.359375
vt 0.296875 0.359375
vt 0.306775 0.359375
vt 0.296875 0.359375
vt 0.296875 0.34375
vt 0.306775 0.34375
vt 0.30379265625 0.34762140625000004
vt 0.30379265625 0.35752125
vt 0.296875625 0.359375
vt 0.296875 0.3457678125
vt 0.3104821875 0.359375
vt 0.296875 0.359375
vt 0.2987284375 0.35245796875
vt 0.30862828125 0.3524575
vt 0.296875 0.34375
vt 0.31048125 0.34375
vt 0.31048125 0.359375
vt 0.296875 0.359375
vt 0.306775 0.359375
vt 0.296875 0.359375
vt 0.296875 0.34375
vt 0.306775 0.34375
vt 0.3037921875 0.34762187499999997
vt 0.3037921875 0.357521875
vt 0.296875 0.359375
vt 0.296875 0.34576874999999996
vt 0.296875 0.359375
vt 0.296875 0.34576874999999996
vt 0.3037921875 0.34762187499999997
vt 0.3037921875 0.357521875
vt 0.296875 0.34375
vt 0.31048125 0.34375
vt 0.31048125 0.359375
vt 0.296875 0.359375
vt 0.306775 0.359375
vt 0.296875 0.359375
vt 0.296875 0.34375
vt 0.306775 0.34375
vt 0.29872875 0.35245734375000004
vt 0.30862859375 0.35245734375000004
vt 0.3104821875 0.359375
vt 0.296875 0.359374375
vt 0.296875 0.359375
vt 0.296875 0.3457678125
vt 0.3037925 0.34762171875000003
vt 0.30379203125 0.3575215625
vt 0.296875 0.34375
vt 0.31048125 0.34375
vt 0.31048125 0.359375
vt 0.296875 0.359375
vt 0.306775 0.359375
vt 0.296875 0.359375
vt 0.296875 0.34375
vt 0.306775 0.34375
vt 0.2987284375 0.35245734375000004
vt 0.30862828125 0.35245734375000004
vt 0.3104821875 0.359374375
vt 0.296875 0.359375
vt 0.296875 0.359375
vt 0.296875 0.3457678125
vt 0.30379203125 0.34762140625000004
vt 0.3037925 0.35752109374999996
vt 0.296875 0.34375
vt 0.31048125 0.34375
vt 0.31048125 0.359375
vt 0.296875 0.359375
vt 0.306775 0.359375
vt 0.296875 0.359375
vt 0.296875 0.34375
vt 0.306775 0.34375
vt 0.298728125 0.35245781249999997
vt 0.308628125 0.35245781249999997
vt 0.31048125 0.359375
vt 0.296875 0.359375
vt 0.296875 0.35245781249999997
vt 0.31048125 0.35245781249999997
vt 0.308628125 0.359375
vt 0.298728125 0.359375
vn 0.5000047549191339 0.8660226585131923 1.9229565906568708e-16
vn -0.4999956916624099 -0.8660278911900172 -1.9229682095334538e-16
vn 0 -2.220446049250313e-16 1
vn 0 2.220446049250313e-16 -1
vn 0.8660226585131923 0.5000047549191339 1.1102335826665619e-16
vn -0.8660278911900172 -0.4999956916624099 -1.1102134581939758e-16
vn 0 -2.220446049250313e-16 1
vn 0 2.220446049250313e-16 -1
vn 1 0 0
vn -1 0 0
vn 0 -2.220446049250313e-16 1
vn 0 2.220446049250313e-16 -1
vn 0.8660226585131923 -0.5000047549191339 -1.1102335826665619e-16
vn -0.8660278911900172 0.4999956916624099 1.1102134581939758e-16
vn 0 -2.220446049250313e-16 1
vn 0 2.220446049250313e-16 -1
vn 0.5000047549191339 -0.8660226585131923 -1.9229565906568708e-16
vn -0.4999956916624099 0.8660278911900172 1.9229682095334538e-16
vn 0 -2.220446049250313e-16 1
vn 0 2.220446049250313e-16 -1
vn 0 -1 -2.220446049250313e-16
vn 0 1 2.220446049250313e-16
vn 0 -2.220446049250313e-16 1
vn 0 2.220446049250313e-16 -1
vn -0.5000047549191339 -0.8660226585131923 -1.9229565906568708e-16
vn 0.4999956916624099 0.8660278911900172 1.9229682095334538e-16
vn 0 -2.220446049250313e-16 1
vn 0 2.220446049250313e-16 -1
vn -0.8660226585131923 -0.5000047549191339 -1.1102335826665619e-16
vn 0.8660278911900172 0.4999956916624099 1.1102134581939758e-16
vn 0 -2.220446049250313e-16 1
vn 0 2.220446049250313e-16 -1
vn -1 0 0
vn 1 0 0
vn 0 -2.220446049250313e-16 1
vn 0 2.220446049250313e-16 -1
vn -0.8660226585131923 0.5000047549191339 1.1102335826665619e-16
vn 0.8660278911900172 -0.4999956916624099 -1.1102134581939758e-16
vn 0 -2.220446049250313e-16 1
vn 0 2.220446049250313e-16 -1
vn -0.5000047549191339 0.8660226585131923 1.9229565906568708e-16
vn 0.4999956916624099 -0.8660278911900172 -1.9229682095334538e-16
vn 0 -2.220446049250313e-16 1
vn 0 2.220446049250313e-16 -1
vn 0 1 2.220446049250313e-16
vn 0 -1 -2.220446049250313e-16
vn 0 -2.220446049250313e-16 1
vn 0 2.220446049250313e-16 -1
usemtl m_3d215661-f591-00a8-53e2-d8d611c756be
f 187/601/157 191/602/157 192/603/157 188/604/157
f 190/605/158 194/606/158 193/607/158 189/608/158
f 189/609/159 193/610/159 191/611/159 187/612/159
f 188/613/160 192/614/160 194/615/160 190/616/160
f 191/617/161 195/618/161 196/619/161 192/620/161
f 194/621/162 198/622/162 197/623/162 193/624/162
f 193/625/163 197/626/163 195/627/163 191/628/163
f 192/629/164 196/630/164 198/631/164 194/632/164
f 195/633/165 199/634/165 200/635/165 196/636/165
f 198/637/166 202/638/166 201/639/166 197/640/166
f 197/641/167 201/642/167 199/643/167 195/644/167
f 196/645/168 200/646/168 202/647/168 198/648/168
f 199/649/169 203/650/169 204/651/169 200/652/169
f 202/653/170 206/654/170 205/655/170 201/656/170
f 201/657/171 205/658/171 203/659/171 199/660/171
f 200/661/172 204/662/172 206/663/172 202/664/172
f 203/665/173 207/666/173 208/667/173 204/668/173
f 206/669/174 210/670/174 209/671/174 205/672/174
f 205/673/175 209/674/175 207/675/175 203/676/175
f 204/677/176 208/678/176 210/679/176 206/680/176
f 207/681/177 211/682/177 212/683/177 208/684/177
f 210/685/178 214/686/178 213/687/178 209/688/178
f 209/689/179 213/690/179 211/691/179 207/692/179
f 208/693/180 212/694/180 214/695/180 210/696/180
f 211/697/181 215/698/181 216/699/181 212/700/181
f 214/701/182 218/702/182 217/703/182 213/704/182
f 213/705/183 217/706/183 215/707/183 211/708/183
f 212/709/184 216/710/184 218/711/184 214/712/184
f 215/713/185 219/714/185 220/715/185 216/716/185
f 218/717/186 222/718/186 221/719/186 217/720/186
f 217/721/187 221/722/187 219/723/187 215/724/187
f 216/725/188 220/726/188 222/727/188 218/728/188
f 219/729/189 223/730/189 224/731/189 220/732/189
f 222/733/190 226/734/190 225/735/190 221/736/190
f 221/737/191 225/738/191 223/739/191 219/740/191
f 220/741/192 224/742/192 226/743/192 222/744/192
f 223/745/193 227/746/193 228/747/193 224/748/193
f 226/749/194 230/750/194 229/751/194 225/752/194
f 225/753/195 229/754/195 227/755/195 223/756/195
f 224/757/196 228/758/196 230/759/196 226/760/196
f 227/761/197 231/762/197 232/763/197 228/764/197
f 230/765/198 234/766/198 233/767/198 229/768/198
f 229/769/199 233/770/199 231/771/199 227/772/199
f 228/773/200 232/774/200 234/775/200 230/776/200
f 231/777/201 187/778/201 188/779/201 232/780/201
f 234/781/202 190/782/202 189/783/202 233/784/202
f 233/785/203 189/786/203 187/787/203 231/788/203
f 232/789/204 188/790/204 190/791/204 234/792/204
o tube
v -0.14466125 5.7015625 -0.5
v -0.14466125 5.7015625 -0.5625
v -0.152075 5.673895 -0.5
v -0.152075 5.673895 -0.5625
v -0.09752625 5.67434875 -0.5
v -0.09752625 5.67434875 -0.5625
v -0.11778 5.654095 -0.5
v -0.11778 5.654095 -0.5625
v -0.0703125 5.627213749999999 -0.5
v -0.0703125 5.627213749999999 -0.5625
v -0.09798 5.6198 -0.5
v -0.09798 5.6198 -0.5625
v -0.0703125 5.57278625 -0.5
v -0.0703125 5.57278625 -0.5625
v -0.09798 5.5802 -0.5
v -0.09798 5.5802 -0.5625
v -0.09752625 5.525651249999999 -0.5
v -0.09752625 5.525651249999999 -0.5625
v -0.11778 5.545904999999999 -0.5
v -0.11778 5.545904999999999 -0.5625
v -0.14466125 5.4984375 -0.5
v -0.14466125 5.4984375 -0.5625
v -0.152075 5.526104999999999 -0.5
v -0.152075 5.526104999999999 -0.5625
v -0.19908875 5.4984375 -0.5
v -0.19908875 5.4984375 -0.5625
v -0.191675 5.526104999999999 -0.5
v -0.191675 5.526104999999999 -0.5625
v -0.24622375000000002 5.525651249999999 -0.5
v -0.24622375000000002 5.525651249999999 -0.5625
v -0.22597 5.545904999999999 -0.5
v -0.22597 5.545904999999999 -0.5625
v -0.2734375 5.57278625 -0.5
v -0.2734375 5.57278625 -0.5625
v -0.24577 5.5802 -0.5
v -0.24577 5.5802 -0.5625
v -0.2734375 5.627213749999999 -0.5
v -0.2734375 5.627213749999999 -0.5625
v -0.24577 5.6198 -0.5
v -0.24577 5.6198 -0.5625
v -0.24622375000000002 5.67434875 -0.5
v -0.24622375000000002 5.67434875 -0.5625
v -0.22597 5.654095 -0.5
v -0.22597 5.654095 -0.5625
v -0.19908875 5.7015625 -0.5
v -0.19908875 5.7015625 -0.5625
v -0.191675 5.673895 -0.5
v -0.191675 5.673895 -0.5625
vt 0.296875 0.34375
vt 0.31048125 0.34375
vt 0.31048125 0.359375
vt 0.296875 0.359375
vt 0.306775 0.359375
vt 0.296875 0.359375
vt 0.296875 0.34375
vt 0.306775 0.34375
vt 0.296875 0.35752125
vt 0.296875 0.34762140625000004
vt 0.30379265625 0.3457678125
vt 0.30379203125 0.359375
vt 0.296875 0.3524575
vt 0.3104821875 0.3524575
vt 0.30862828125 0.359375
vt 0.2987284375 0.35937453124999996
vt 0.296875 0.34375
vt 0.31048125 0.34375
vt 0.31048125 0.359375
vt 0.296875 0.359375
vt 0.306775 0.359375
vt 0.296875 0.359375
vt 0.296875 0.34375
vt 0.306775 0.34375
vt 0.296875 0.3575215625
vt 0.296875 0.34762171875000003
vt 0.30379203125 0.3457678125
vt 0.30379265625 0.359375
vt 0.296875 0.3524575
vt 0.3104821875 0.3524575
vt 0.30862859375 0.35937453124999996
vt 0.29872890625 0.359375
vt 0.296875 0.34375
vt 0.31048125 0.34375
vt 0.31048125 0.359375
vt 0.296875 0.359375
vt 0.306775 0.359375
vt 0.296875 0.359375
vt 0.296875 0.34375
vt 0.306775 0.34375
vt 0.296875 0.357521875
vt 0.296875 0.34762187499999997
vt 0.3037921875 0.34576874999999996
vt 0.3037921875 0.359375
vt 0.3037921875 0.34576874999999996
vt 0.3037921875 0.359375
vt 0.296875 0.357521875
vt 0.296875 0.34762187499999997
vt 0.296875 0.34375
vt 0.31048125 0.34375
vt 0.31048125 0.359375
vt 0.296875 0.359375
vt 0.306775 0.359375
vt 0.296875 0.359375
vt 0.296875 0.34375
vt 0.306775 0.34375
vt 0.30862828125 0.359375
vt 0.2987284375 0.359375
vt 0.296875 0.35245734375000004
vt 0.3104821875 0.35245796875
vt 0.3037925 0.3457678125
vt 0.3037925 0.359375
vt 0.296875 0.35752109374999996
vt 0.29687546875 0.34762140625000004
vt 0.296875 0.34375
vt 0.31048125 0.34375
vt 0.31048125 0.359375
vt 0.296875 0.359375
vt 0.306775 0.359375
vt 0.296875 0.359375
vt 0.296875 0.34375
vt 0.306775 0.34375
vt 0.30862859375 0.359375
vt 0.29872875 0.359375
vt 0.296875 0.35245796875
vt 0.3104821875 0.35245734375000004
vt 0.3037925 0.3457678125
vt 0.3037925 0.359375
vt 0.29687546875 0.3575215625
vt 0.296875 0.34762171875000003
vt 0.296875 0.34375
vt 0.31048125 0.34375
vt 0.31048125 0.359375
vt 0.296875 0.359375
vt 0.306775 0.359375
vt 0.296875 0.359375
vt 0.296875 0.34375
vt 0.306775 0.34375
vt 0.308628125 0.359375
vt 0.298728125 0.359375
vt 0.296875 0.35245781249999997
vt 0.31048125 0.35245781249999997
vt 0.31048125 0.359375
vt 0.296875 0.359375
vt 0.298728125 0.35245781249999997
vt 0.308628125 0.35245781249999997
vt 0.296875 0.34375
vt 0.31048125 0.34375
vt 0.31048125 0.359375
vt 0.296875 0.359375
vt 0.306775 0.359375
vt 0.296875 0.359375
vt 0.296875 0.34375
vt 0.306775 0.34375
vt 0.30379265625 0.34762171875000003
vt 0.30379265625 0.3575215625
vt 0.296875 0.359375
vt 0.296875625 0.3457678125
vt 0.3104821875 0.359375
vt 0.296875 0.359375
vt 0.29872890625 0.3524575
vt 0.30862859375 0.35245796875
vt 0.296875 0.34375
vt 0.31048125 0.34375
vt 0.31048125 0.359375
vt 0.296875 0.359375
vt 0.306775 0.359375
vt 0.296875 0.359375
vt 0.296875 0.34375
vt 0.306775 0.34375
vt 0.30379265625 0.34762140625000004
vt 0.30379265625 0.35752125
vt 0.296875625 0.359375
vt 0.296875 0.3457678125
vt 0.3104821875 0.359375
vt 0.296875 0.359375
vt 0.2987284375 0.35245796875
vt 0.30862828125 0.3524575
vt 0.296875 0.34375
vt 0.31048125 0.34375
vt 0.31048125 0.359375
vt 0.296875 0.359375
vt 0.306775 0.359375
vt 0.296875 0.359375
vt 0.296875 0.34375
vt 0.306775 0.34375
vt 0.3037921875 0.34762187499999997
vt 0.3037921875 0.357521875
vt 0.296875 0.359375
vt 0.296875 0.34576874999999996
vt 0.296875 0.359375
vt 0.296875 0.34576874999999996
vt 0.3037921875 0.34762187499999997
vt 0.3037921875 0.357521875
vt 0.296875 0.34375
vt 0.31048125 0.34375
vt 0.31048125 0.359375
vt 0.296875 0.359375
vt 0.306775 0.359375
vt 0.296875 0.359375
vt 0.296875 0.34375
vt 0.306775 0.34375
vt 0.29872875 0.35245734375000004
vt 0.30862859375 0.35245734375000004
vt 0.3104821875 0.359375
vt 0.296875 0.359374375
vt 0.296875 0.359375
vt 0.296875 0.3457678125
vt 0.3037925 0.34762171875000003
vt 0.30379203125 0.3575215625
vt 0.296875 0.34375
vt 0.31048125 0.34375
vt 0.31048125 0.359375
vt 0.296875 0.359375
vt 0.306775 0.359375
vt 0.296875 0.359375
vt 0.296875 0.34375
vt 0.306775 0.34375
vt 0.2987284375 0.35245734375000004
vt 0.30862828125 0.35245734375000004
vt 0.3104821875 0.359374375
vt 0.296875 0.359375
vt 0.296875 0.359375
vt 0.296875 0.3457678125
vt 0.30379203125 0.34762140625000004
vt 0.3037925 0.35752109374999996
vt 0.296875 0.34375
vt 0.31048125 0.34375
vt 0.31048125 0.359375
vt 0.296875 0.359375
vt 0.306775 0.359375
vt 0.296875 0.359375
vt 0.296875 0.34375
vt 0.306775 0.34375
vt 0.298728125 0.35245781249999997
vt 0.308628125 0.35245781249999997
vt 0.31048125 0.359375
vt 0.296875 0.359375
vt 0.296875 0.35245781249999997
vt 0.31048125 0.35245781249999997
vt 0.308628125 0.359375
vt 0.298728125 0.359375
vn 0.5000047549191339 0.8660226585131923 1.9229565906568708e-16
vn -0.4999956916624099 -0.8660278911900172 -1.9229682095334538e-16
vn 0 -2.220446049250313e-16 1
vn 0 2.220446049250313e-16 -1
vn 0.8660226585131923 0.5000047549191339 1.1102335826665619e-16
vn -0.8660278911900172 -0.4999956916624099 -1.1102134581939758e-16
vn 0 -2.220446049250313e-16 1
vn 0 2.220446049250313e-16 -1
vn 1 0 0
vn -1 0 0
vn 0 -2.220446049250313e-16 1
vn 0 2.220446049250313e-16 -1
vn 0.8660226585131923 -0.5000047549191339 -1.1102335826665619e-16
vn -0.8660278911900172 0.4999956916624099 1.1102134581939758e-16
vn 0 -2.220446049250313e-16 1
vn 0 2.220446049250313e-16 -1
vn 0.5000047549191339 -0.8660226585131923 -1.9229565906568708e-16
vn -0.4999956916624099 0.8660278911900172 1.9229682095334538e-16
vn 0 -2.220446049250313e-16 1
vn 0 2.220446049250313e-16 -1
vn 0 -1 -2.220446049250313e-16
vn 0 1 2.220446049250313e-16
vn 0 -2.220446049250313e-16 1
vn 0 2.220446049250313e-16 -1
vn -0.5000047549191339 -0.8660226585131923 -1.9229565906568708e-16
vn 0.4999956916624099 0.8660278911900172 1.9229682095334538e-16
vn 0 -2.220446049250313e-16 1
vn 0 2.220446049250313e-16 -1
vn -0.8660226585131923 -0.5000047549191339 -1.1102335826665619e-16
vn 0.8660278911900172 0.4999956916624099 1.1102134581939758e-16
vn 0 -2.220446049250313e-16 1
vn 0 2.220446049250313e-16 -1
vn -1 0 0
vn 1 0 0
vn 0 -2.220446049250313e-16 1
vn 0 2.220446049250313e-16 -1
vn -0.8660226585131923 0.5000047549191339 1.1102335826665619e-16
vn 0.8660278911900172 -0.4999956916624099 -1.1102134581939758e-16
vn 0 -2.220446049250313e-16 1
vn 0 2.220446049250313e-16 -1
vn -0.5000047549191339 0.8660226585131923 1.9229565906568708e-16
vn 0.4999956916624099 -0.8660278911900172 -1.9229682095334538e-16
vn 0 -2.220446049250313e-16 1
vn 0 2.220446049250313e-16 -1
vn 0 1 2.220446049250313e-16
vn 0 -1 -2.220446049250313e-16
vn 0 -2.220446049250313e-16 1
vn 0 2.220446049250313e-16 -1
usemtl m_3d215661-f591-00a8-53e2-d8d611c756be
f 235/793/205 239/794/205 240/795/205 236/796/205
f 238/797/206 242/798/206 241/799/206 237/800/206
f 237/801/207 241/802/207 239/803/207 235/804/207
f 236/805/208 240/806/208 242/807/208 238/808/208
f 239/809/209 243/810/209 244/811/209 240/812/209
f 242/813/210 246/814/210 245/815/210 241/816/210
f 241/817/211 245/818/211 243/819/211 239/820/211
f 240/821/212 244/822/212 246/823/212 242/824/212
f 243/825/213 247/826/213 248/827/213 244/828/213
f 246/829/214 250/830/214 249/831/214 245/832/214
f 245/833/215 249/834/215 247/835/215 243/836/215
f 244/837/216 248/838/216 250/839/216 246/840/216
f 247/841/217 251/842/217 252/843/217 248/844/217
f 250/845/218 254/846/218 253/847/218 249/848/218
f 249/849/219 253/850/219 251/851/219 247/852/219
f 248/853/220 252/854/220 254/855/220 250/856/220
f 251/857/221 255/858/221 256/859/221 252/860/221
f 254/861/222 258/862/222 257/863/222 253/864/222
f 253/865/223 257/866/223 255/867/223 251/868/223
f 252/869/224 256/870/224 258/871/224 254/872/224
f 255/873/225 259/874/225 260/875/225 256/876/225
f 258/877/226 262/878/226 261/879/226 257/880/226
f 257/881/227 261/882/227 259/883/227 255/884/227
f 256/885/228 260/886/228 262/887/228 258/888/228
f 259/889/229 263/890/229 264/891/229 260/892/229
f 262/893/230 266/894/230 265/895/230 261/896/230
f 261/897/231 265/898/231 263/899/231 259/900/231
f 260/901/232 264/902/232 266/903/232 262/904/232
f 263/905/233 267/906/233 268/907/233 264/908/233
f 266/909/234 270/910/234 269/911/234 265/912/234
f 265/913/235 269/914/235 267/915/235 263/916/235
f 264/917/236 268/918/236 270/919/236 266/920/236
f 267/921/237 271/922/237 272/923/237 268/924/237
f 270/925/238 274/926/238 273/927/238 269/928/238
f 269/929/239 273/930/239 271/931/239 267/932/239
f 268/933/240 272/934/240 274/935/240 270/936/240
f 271/937/241 275/938/241 276/939/241 272/940/241
f 274/941/242 278/942/242 277/943/242 273/944/242
f 273/945/243 277/946/243 275/947/243 271/948/243
f 272/949/244 276/950/244 278/951/244 274/952/244
f 275/953/245 279/954/245 280/955/245 276/956/245
f 278/957/246 282/958/246 281/959/246 277/960/246
f 277/961/247 281/962/247 279/963/247 275/964/247
f 276/965/248 280/966/248 282/967/248 278/968/248
f 279/969/249 235/970/249 236/971/249 280/972/249
f 282/973/250 238/974/250 237/975/250 281/976/250
f 281/977/251 237/978/251 235/979/251 279/980/251
f 280/981/252 236/982/252 238/983/252 282/984/252
o circle
v -0.171875 5.6 -0.534375
v -0.146755 5.69375 -0.534375
v -0.103245 5.668629999999999 -0.534375
v -0.078125 5.62512 -0.534375
v -0.078125 5.574879999999999 -0.534375
v -0.103245 5.53137 -0.534375
v -0.146755 5.50625 -0.534375
v -0.196995 5.50625 -0.534375
v -0.240505 5.53137 -0.534375
v -0.265625 5.574879999999999 -0.534375
v -0.265625 5.62512 -0.534375
v -0.240505 5.668629999999999 -0.534375
v -0.196995 5.69375 -0.534375
vt 0.3247625 0.6752374999999999
vt 0.375 0.7622625000000001
vt 0.1875 0.8125
vt 0.375 0.7622625000000001
vt 0.375 0.8627374999999999
vt 0.1875 0.8125
vt 0.375 0.8627374999999999
vt 0.3247625 0.9497625
vt 0.1875 0.8125
vt 0.3247625 0.9497625
vt 0.2377375 1
vt 0.1875 0.8125
vt 0.2377375 1
vt 0.1372625 1
vt 0.1875 0.8125
vt 0.1372625 1
vt 0.0502375 0.9497625
vt 0.1875 0.8125
vt 0.0502375 0.9497625
vt 0 0.8627374999999999
vt 0.1875 0.8125
vt 0 0.8627374999999999
vt 0 0.7622625000000001
vt 0.1875 0.8125
vt 0 0.7622625000000001
vt 0.0502375 0.6752374999999999
vt 0.1875 0.8125
vt 0.0502375 0.6752374999999999
vt 0.1372625 0.625
vt 0.1875 0.8125
vt 0.1372625 0.625
vt 0.2377375 0.625
vt 0.1875 0.8125
vt 0.2377375 0.625
vt 0.3247625 0.6752374999999999
vt 0.1875 0.8125
vn 0 2.220446049250313e-16 -1
vn 0 2.220446049250313e-16 -1
vn 0 2.220446049250313e-16 -1
vn 0 2.220446049250313e-16 -1
vn 0 2.220446049250313e-16 -1
vn 0 2.220446049250313e-16 -1
vn 0 2.220446049250313e-16 -1
vn 0 2.220446049250313e-16 -1
vn 0 2.220446049250313e-16 -1
vn 0 2.220446049250313e-16 -1
vn 0 2.220446049250313e-16 -1
vn 0 2.220446049250313e-16 -1
usemtl m_409504fd-f58c-4195-329e-2b61b82ac830
f 285/985/253 286/986/253 283/987/253
f 286/988/254 287/989/254 283/990/254
f 287/991/255 288/992/255 283/993/255
f 288/994/256 289/995/256 283/996/256
f 289/997/257 290/998/257 283/999/257
f 290/1000/258 291/1001/258 283/1002/258
f 291/1003/259 292/1004/259 283/1005/259
f 292/1006/260 293/1007/260 283/1008/260
f 293/1009/261 294/1010/261 283/1011/261
f 294/1012/262 295/1013/262 283/1014/262
f 295/1015/263 284/1016/263 283/1017/263
f 284/1018/264 285/1019/264 283/1020/264
o cube
v -0.14643875 5.7124999999999995 -0.46874999999999994
v -0.14643875 5.7124999999999995 -0.9375
v -0.14643875 5.691666874999999 -0.46874999999999994
v -0.14643875 5.691666874999999 -0.9375
v -0.19731125 5.7124999999999995 -0.46874999999999994
v -0.19731125 5.7124999999999995 -0.9375
v -0.19731125 5.691666874999999 -0.46874999999999994
v -0.19731125 5.691666874999999 -0.9375
v -0.19731125 5.7124999999999995 -0.46874999999999994
v -0.19731125 5.7124999999999995 -0.9375
v -0.19731125 5.691666874999999 -0.46874999999999994
v -0.19731125 5.691666874999999 -0.9375
v -0.248183125 5.678645625 -0.46874999999999994
v -0.248183125 5.678645625 -0.859375
v -0.23546499999999998 5.6656249999999995 -0.46874999999999994
v -0.23546499999999998 5.6656249999999995 -0.859375
v -0.248183125 5.678645625 -0.46874999999999994
v -0.248183125 5.678645625 -0.859375
v -0.23546499999999998 5.6656249999999995 -0.46874999999999994
v -0.23546499999999998 5.6656249999999995 -0.859375
v -0.28125 5.6265624999999995 -0.46874999999999994
v -0.28125 5.6265624999999995 -0.6875
v -0.26090125 5.6265624999999995 -0.46874999999999994
v -0.26090125 5.6265624999999995 -0.6875
v -0.28125 5.6265624999999995 -0.46874999999999994
v -0.28125 5.6265624999999995 -0.6875
v -0.26090125 5.6265624999999995 -0.46874999999999994
v -0.26090125 5.6265624999999995 -0.6875
v -0.28125 5.5874999999999995 -0.46874999999999994
v -0.28125 5.5874999999999995 -0.5625
v -0.26090125 5.5874999999999995 -0.46874999999999994
v -0.26090125 5.5874999999999995 -0.5625
v -0.14643875 5.7124999999999995 -0.46874999999999994
v -0.14643875 5.7124999999999995 -0.9375
v -0.14643875 5.691666874999999 -0.46874999999999994
v -0.14643875 5.691666874999999 -0.9375
v -0.095566875 5.678645625 -0.46874999999999994
v -0.095566875 5.678645625 -0.859375
v -0.108285 5.6656249999999995 -0.46874999999999994
v -0.108285 5.6656249999999995 -0.859375
v -0.095566875 5.678645625 -0.46874999999999994
v -0.095566875 5.678645625 -0.859375
v -0.108285 5.6656249999999995 -0.46874999999999994
v -0.108285 5.6656249999999995 -0.859375
v -0.0625 5.6265624999999995 -0.46874999999999994
v -0.0625 5.6265624999999995 -0.6875
v -0.08284875 5.6265624999999995 -0.46874999999999994
v -0.08284875 5.6265624999999995 -0.6875
v -0.0625 5.6265624999999995 -0.46874999999999994
v -0.0625 5.6265624999999995 -0.6875
v -0.08284875 5.6265624999999995 -0.46874999999999994
v -0.08284875 5.6265624999999995 -0.6875
v -0.0625 5.5874999999999995 -0.46874999999999994
v -0.0625 5.5874999999999995 -0.5625
v -0.08284875 5.5874999999999995 -0.46874999999999994
v -0.08284875 5.5874999999999995 -0.5625
vt 0.4140625 0.421875
vt 0.4140625 0.428125
vt 0.296875 0.428125
vt 0.296875 0.421875
vt 0.421875 0.421875
vt 0.421875 0.428125
vt 0.3046875 0.428125
vt 0.3046875 0.421875
vt 0.3203125 0.328125
vt 0.3203125 0.4453125
vt 0.3046875 0.4453125
vt 0.3046875 0.328125
vt 0.3203125 0.3359375
vt 0.3203125 0.453125
vt 0.3046875 0.453125
vt 0.3046875 0.3359375
vt 0.3203125 0.421875
vt 0.3203125 0.428125
vt 0.3046875 0.428125
vt 0.3046875 0.421875
vt 0.3203125 0.421875
vt 0.3203125 0.428125
vt 0.3046875 0.428125
vt 0.3046875 0.421875
vt 0.4140625 0.421875
vt 0.4140625 0.4296875
vt 0.296875 0.4296875
vt 0.296875 0.421875
vt 0.421875 0.421875
vt 0.421875 0.4296875
vt 0.3046875 0.4296875
vt 0.3046875 0.421875
vt 0.3203125 0.328125
vt 0.3203125 0.4453125
vt 0.3046875 0.4453125
vt 0.3046875 0.328125
vt 0.3203125 0.3359375
vt 0.3203125 0.453125
vt 0.3046875 0.453125
vt 0.3046875 0.3359375
vt 0.3203125 0.421875
vt 0.3203125 0.4296875
vt 0.3046875 0.4296875
vt 0.3046875 0.421875
vt 0.3203125 0.421875
vt 0.3203125 0.4296875
vt 0.3046875 0.4296875
vt 0.3046875 0.421875
vt 0.4140625 0.421875
vt 0.4140625 0.4296875
vt 0.296875 0.4296875
vt 0.296875 0.421875
vt 0.421875 0.421875
vt 0.421875 0.4296875
vt 0.3046875 0.4296875
vt 0.3046875 0.421875
vt 0.3203125 0.328125
vt 0.3203125 0.4453125
vt 0.3046875 0.4453125
vt 0.3046875 0.328125
vt 0.3203125 0.3359375
vt 0.3203125 0.453125
vt 0.3046875 0.453125
vt 0.3046875 0.3359375
vt 0.3203125 0.421875
vt 0.3203125 0.4296875
vt 0.3046875 0.4296875
vt 0.3046875 0.421875
vt 0.3203125 0.421875
vt 0.3203125 0.4296875
vt 0.3046875 0.4296875
vt 0.3046875 0.421875
vt 0.4140625 0.421875
vt 0.4140625 0.428125
vt 0.296875 0.428125
vt 0.296875 0.421875
vt 0.421875 0.421875
vt 0.421875 0.428125
vt 0.3046875 0.428125
vt 0.3046875 0.421875
vt 0.3203125 0.328125
vt 0.3203125 0.4453125
vt 0.3046875 0.4453125
vt 0.3046875 0.328125
vt 0.3203125 0.3359375
vt 0.3203125 0.453125
vt 0.3046875 0.453125
vt 0.3046875 0.3359375
vt 0.3203125 0.421875
vt 0.3203125 0.428125
vt 0.3046875 0.428125
vt 0.3046875 0.421875
vt 0.3203125 0.421875
vt 0.3203125 0.428125
vt 0.3046875 0.428125
vt 0.3046875 0.421875
vt 0.296875 0.4296875
vt 0.4140625 0.4296875
vt 0.4140625 0.421875
vt 0.296875 0.421875
vt 0.3046875 0.4296875
vt 0.421875 0.4296875
vt 0.421875 0.421875
vt 0.3046875 0.421875
vt 0.3046875 0.4453125
vt 0.3203125 0.4453125
vt 0.3203125 0.328125
vt 0.3046875 0.328125
vt 0.3046875 0.453125
vt 0.3203125 0.453125
vt 0.3203125 0.3359375
vt 0.3046875 0.3359375
vt 0.3046875 0.4296875
vt 0.3203125 0.4296875
vt 0.3203125 0.421875
vt 0.3046875 0.421875
vt 0.3046875 0.4296875
vt 0.3203125 0.4296875
vt 0.3203125 0.421875
vt 0.3046875 0.421875
vt 0.296875 0.4296875
vt 0.4140625 0.4296875
vt 0.4140625 0.421875
vt 0.296875 0.421875
vt 0.3046875 0.4296875
vt 0.421875 0.4296875
vt 0.421875 0.421875
vt 0.3046875 0.421875
vt 0.3046875 0.4453125
vt 0.3203125 0.4453125
vt 0.3203125 0.328125
vt 0.3046875 0.328125
vt 0.3046875 0.453125
vt 0.3203125 0.453125
vt 0.3203125 0.3359375
vt 0.3046875 0.3359375
vt 0.3046875 0.4296875
vt 0.3203125 0.4296875
vt 0.3203125 0.421875
vt 0.3046875 0.421875
vt 0.3046875 0.4296875
vt 0.3203125 0.4296875
vt 0.3203125 0.421875
vt 0.3046875 0.421875
vt 0.296875 0.428125
vt 0.4140625 0.428125
vt 0.4140625 0.421875
vt 0.296875 0.421875
vt 0.3046875 0.428125
vt 0.421875 0.428125
vt 0.421875 0.421875
vt 0.3046875 0.421875
vt 0.3046875 0.4453125
vt 0.3203125 0.4453125
vt 0.3203125 0.328125
vt 0.3046875 0.328125
vt 0.3046875 0.453125
vt 0.3203125 0.453125
vt 0.3203125 0.3359375
vt 0.3046875 0.3359375
vt 0.3046875 0.428125
vt 0.3203125 0.428125
vt 0.3203125 0.421875
vt 0.3046875 0.421875
vt 0.3046875 0.428125
vt 0.3203125 0.428125
vt 0.3203125 0.421875
vt 0.3046875 0.421875
vn 1 0 0
vn -1 0 0
vn 0 1 0
vn 0 -1 0
vn 0 0 1
vn 0 0 -1
vn 1 0 0
vn -0.7153677965646191 -0.6987481059997814 0
vn -0.5540178835960128 0.832504765545396 0
vn 0.56374986427687 -0.8259455735869106 0
vn 0 0 1
vn -0.5671873502949211 -0.5540102429391521 -0.6094022976523211
vn 0.7153677965646191 0.6987481059997814 0
vn 0 -1 0
vn -0.8442258399894536 0.5359876221463529 0
vn 0.8379960885334519 -0.5456762369781509 0
vn 0 0 1
vn 0 -0.9570247263924219 -0.290006332816217
vn 0 1 0
vn 0 -1 0
vn -1 0 0
vn 1 0 0
vn 0 0 1
vn 0 -0.9544799780350297 -0.29827499313594685
vn -1 0 0
vn 0.7153677965646191 -0.6987481059997814 0
vn 0.5540178835960128 0.832504765545396 0
vn -0.56374986427687 -0.8259455735869106 0
vn 0 0 1
vn 0.5671873502949211 -0.554010242939152 -0.6094022976523211
vn -0.7153677965646191 0.6987481059997814 0
vn 0 -1 0
vn 0.8442258399894538 0.5359876221463529 0
vn -0.8379960885334519 -0.5456762369781509 0
vn 0 0 1
vn 0 -0.9570247263924219 -0.29000633281621696
vn 0 1 0
vn 0 -1 0
vn 1 0 0
vn -1 0 0
vn 0 0 1
vn 0 -0.9544799780350297 -0.29827499313594685
usemtl m_3d215661-f591-00a8-53e2-d8d611c756be
f 299/1021/265 297/1022/265 296/1023/265 298/1024/265
f 302/1025/266 300/1026/266 301/1027/266 303/1028/266
f 296/1029/267 297/1030/267 301/1031/267 300/1032/267
f 299/1033/268 298/1034/268 302/1035/268 303/1036/268
f 298/1037/269 296/1038/269 300/1039/269 302/1040/269
f 303/1041/270 301/1042/270 297/1043/270 299/1044/270
f 307/1045/271 305/1046/271 304/1047/271 306/1048/271
f 310/1049/272 308/1050/272 309/1051/272 311/1052/272
f 304/1053/273 305/1054/273 309/1055/273 308/1056/273
f 307/1057/274 306/1058/274 310/1059/274 311/1060/274
f 306/1061/275 304/1062/275 308/1063/275 310/1064/275
f 311/1065/276 309/1066/276 305/1067/276 307/1068/276
f 315/1069/277 313/1070/277 312/1071/277 314/1072/277
f 318/1073/278 316/1074/278 317/1075/278 319/1076/278
f 312/1077/279 313/1078/279 317/1079/279 316/1080/279
f 315/1081/280 314/1082/280 318/1083/280 319/1084/280
f 314/1085/281 312/1086/281 316/1087/281 318/1088/281
f 319/1089/282 317/1090/282 313/1091/282 315/1092/282
f 323/1093/283 321/1094/283 320/1095/283 322/1096/283
f 326/1097/284 324/1098/284 325/1099/284 327/1100/284
f 320/1101/285 321/1102/285 325/1103/285 324/1104/285
f 323/1105/286 322/1106/286 326/1107/286 327/1108/286
f 322/1109/287 320/1110/287 324/1111/287 326/1112/287
f 327/1113/288 325/1114/288 321/1115/288 323/1116/288
f 328/1117/289 329/1118/289 331/1119/289 330/1120/289
f 333/1121/290 332/1122/290 334/1123/290 335/1124/290
f 333/1125/291 329/1126/291 328/1127/291 332/1128/291
f 334/1129/292 330/1130/292 331/1131/292 335/1132/292
f 332/1133/293 328/1134/293 330/1135/293 334/1136/293
f 329/1137/294 333/1138/294 335/1139/294 331/1140/294
f 336/1141/295 337/1142/295 339/1143/295 338/1144/295
f 341/1145/296 340/1146/296 342/1147/296 343/1148/296
f 341/1149/297 337/1150/297 336/1151/297 340/1152/297
f 342/1153/298 338/1154/298 339/1155/298 343/1156/298
f 340/1157/299 336/1158/299 338/1159/299 342/1160/299
f 337/1161/300 341/1162/300 343/1163/300 339/1164/300
f 344/1165/301 345/1166/301 347/1167/301 346/1168/301
f 349/1169/302 348/1170/302 350/1171/302 351/1172/302
f 349/1173/303 345/1174/303 344/1175/303 348/1176/303
f 350/1177/304 346/1178/304 347/1179/304 351/1180/304
f 348/1181/305 344/1182/305 346/1183/305 350/1184/305
f 345/1185/306 349/1186/306 351/1187/306 347/1188/306
o circle
v 0.171875 5.178125 -0.534375
v 0.196995 5.271875 -0.534375
v 0.240505 5.246754999999999 -0.534375
v 0.265625 5.203245 -0.534375
v 0.265625 5.153004999999999 -0.534375
v 0.240505 5.109495 -0.534375
v 0.196995 5.084375 -0.534375
v 0.146755 5.084375 -0.534375
v 0.103245 5.109495 -0.534375
v 0.078125 5.153004999999999 -0.534375
v 0.078125 5.203245 -0.534375
v 0.103245 5.246754999999999 -0.534375
v 0.146755 5.271875 -0.534375
vt 0.3247625 0.6752374999999999
vt 0.375 0.7622625000000001
vt 0.1875 0.8125
vt 0.375 0.7622625000000001
vt 0.375 0.8627374999999999
vt 0.1875 0.8125
vt 0.375 0.8627374999999999
vt 0.3247625 0.9497625
vt 0.1875 0.8125
vt 0.3247625 0.9497625
vt 0.2377375 1
vt 0.1875 0.8125
vt 0.2377375 1
vt 0.1372625 1
vt 0.1875 0.8125
vt 0.1372625 1
vt 0.0502375 0.9497625
vt 0.1875 0.8125
vt 0.0502375 0.9497625
vt 0 0.8627374999999999
vt 0.1875 0.8125
vt 0 0.8627374999999999
vt 0 0.7622625000000001
vt 0.1875 0.8125
vt 0 0.7622625000000001
vt 0.0502375 0.6752374999999999
vt 0.1875 0.8125
vt 0.0502375 0.6752374999999999
vt 0.1372625 0.625
vt 0.1875 0.8125
vt 0.1372625 0.625
vt 0.2377375 0.625
vt 0.1875 0.8125
vt 0.2377375 0.625
vt 0.3247625 0.6752374999999999
vt 0.1875 0.8125
vn 0 2.220446049250313e-16 -1
vn 0 2.220446049250313e-16 -1
vn 0 2.220446049250313e-16 -1
vn 0 2.220446049250313e-16 -1
vn 0 2.220446049250313e-16 -1
vn 0 2.220446049250313e-16 -1
vn 0 2.220446049250313e-16 -1
vn 0 2.220446049250313e-16 -1
vn 0 2.220446049250313e-16 -1
vn 0 2.220446049250313e-16 -1
vn 0 2.220446049250313e-16 -1
vn 0 2.220446049250313e-16 -1
usemtl m_409504fd-f58c-4195-329e-2b61b82ac830
f 354/1189/307 355/1190/307 352/1191/307
f 355/1192/308 356/1193/308 352/1194/308
f 356/1195/309 357/1196/309 352/1197/309
f 357/1198/310 358/1199/310 352/1200/310
f 358/1201/311 359/1202/311 352/1203/311
f 359/1204/312 360/1205/312 352/1206/312
f 360/1207/313 361/1208/313 352/1209/313
f 361/1210/314 362/1211/314 352/1212/314
f 362/1213/315 363/1214/315 352/1215/315
f 363/1216/316 364/1217/316 352/1218/316
f 364/1219/317 353/1220/317 352/1221/317
f 353/1222/318 354/1223/318 352/1224/318
o tube
v 0.19908875 5.2796875 -0.5
v 0.19908875 5.2796875 -0.5625
v 0.191675 5.25202 -0.5
v 0.191675 5.25202 -0.5625
v 0.24622375000000002 5.25247375 -0.5
v 0.24622375000000002 5.25247375 -0.5625
v 0.22597 5.23222 -0.5
v 0.22597 5.23222 -0.5625
v 0.2734375 5.205338749999999 -0.5
v 0.2734375 5.205338749999999 -0.5625
v 0.24577 5.197925 -0.5
v 0.24577 5.197925 -0.5625
v 0.2734375 5.15091125 -0.5
v 0.2734375 5.15091125 -0.5625
v 0.24577 5.158325 -0.5
v 0.24577 5.158325 -0.5625
v 0.24622375000000002 5.103776249999999 -0.5
v 0.24622375000000002 5.103776249999999 -0.5625
v 0.22597 5.124029999999999 -0.5
v 0.22597 5.124029999999999 -0.5625
v 0.19908875 5.0765625 -0.5
v 0.19908875 5.0765625 -0.5625
v 0.191675 5.104229999999999 -0.5
v 0.191675 5.104229999999999 -0.5625
v 0.14466125 5.0765625 -0.5
v 0.14466125 5.0765625 -0.5625
v 0.152075 5.104229999999999 -0.5
v 0.152075 5.104229999999999 -0.5625
v 0.09752625 5.103776249999999 -0.5
v 0.09752625 5.103776249999999 -0.5625
v 0.11778 5.124029999999999 -0.5
v 0.11778 5.124029999999999 -0.5625
v 0.0703125 5.15091125 -0.5
v 0.0703125 5.15091125 -0.5625
v 0.09798 5.158325 -0.5
v 0.09798 5.158325 -0.5625
v 0.0703125 5.205338749999999 -0.5
v 0.0703125 5.205338749999999 -0.5625
v 0.09798 5.197925 -0.5
v 0.09798 5.197925 -0.5625
v 0.09752625 5.25247375 -0.5
v 0.09752625 5.25247375 -0.5625
v 0.11778 5.23222 -0.5
v 0.11778 5.23222 -0.5625
v 0.14466125 5.2796875 -0.5
v 0.14466125 5.2796875 -0.5625
v 0.152075 5.25202 -0.5
v 0.152075 5.25202 -0.5625
vt 0.296875 0.34375
vt 0.31048125 0.34375
vt 0.31048125 0.359375
vt 0.296875 0.359375
vt 0.306775 0.359375
vt 0.296875 0.359375
vt 0.296875 0.34375
vt 0.306775 0.34375
vt 0.296875 0.35752125
vt 0.296875 0.34762140625000004
vt 0.30379265625 0.3457678125
vt 0.30379203125 0.359375
vt 0.296875 0.3524575
vt 0.3104821875 0.3524575
vt 0.30862828125 0.359375
vt 0.2987284375 0.35937453124999996
vt 0.296875 0.34375
vt 0.31048125 0.34375
vt 0.31048125 0.359375
vt 0.296875 0.359375
vt 0.306775 0.359375
vt 0.296875 0.359375
vt 0.296875 0.34375
vt 0.306775 0.34375
vt 0.296875 0.3575215625
vt 0.296875 0.34762171875000003
vt 0.30379203125 0.3457678125
vt 0.30379265625 0.359375
vt 0.296875 0.3524575
vt 0.3104821875 0.3524575
vt 0.30862859375 0.35937453124999996
vt 0.29872890625 0.359375
vt 0.296875 0.34375
vt 0.31048125 0.34375
vt 0.31048125 0.359375
vt 0.296875 0.359375
vt 0.306775 0.359375
vt 0.296875 0.359375
vt 0.296875 0.34375
vt 0.306775 0.34375
vt 0.296875 0.357521875
vt 0.296875 0.34762187499999997
vt 0.3037921875 0.34576874999999996
vt 0.3037921875 0.359375
vt 0.3037921875 0.34576874999999996
vt 0.3037921875 0.359375
vt 0.296875 0.357521875
vt 0.296875 0.34762187499999997
vt 0.296875 0.34375
vt 0.31048125 0.34375
vt 0.31048125 0.359375
vt 0.296875 0.359375
vt 0.306775 0.359375
vt 0.296875 0.359375
vt 0.296875 0.34375
vt 0.306775 0.34375
vt 0.30862828125 0.359375
vt 0.2987284375 0.359375
vt 0.296875 0.35245734375000004
vt 0.3104821875 0.35245796875
vt 0.3037925 0.3457678125
vt 0.3037925 0.359375
vt 0.296875 0.35752109374999996
vt 0.29687546875 0.34762140625000004
vt 0.296875 0.34375
vt 0.31048125 0.34375
vt 0.31048125 0.359375
vt 0.296875 0.359375
vt 0.306775 0.359375
vt 0.296875 0.359375
vt 0.296875 0.34375
vt 0.306775 0.34375
vt 0.30862859375 0.359375
vt 0.29872875 0.359375
vt 0.296875 0.35245796875
vt 0.3104821875 0.35245734375000004
vt 0.3037925 0.3457678125
vt 0.3037925 0.359375
vt 0.29687546875 0.3575215625
vt 0.296875 0.34762171875000003
vt 0.296875 0.34375
vt 0.31048125 0.34375
vt 0.31048125 0.359375
vt 0.296875 0.359375
vt 0.306775 0.359375
vt 0.296875 0.359375
vt 0.296875 0.34375
vt 0.306775 0.34375
vt 0.308628125 0.359375
vt 0.298728125 0.359375
vt 0.296875 0.35245781249999997
vt 0.31048125 0.35245781249999997
vt 0.31048125 0.359375
vt 0.296875 0.359375
vt 0.298728125 0.35245781249999997
vt 0.308628125 0.35245781249999997
vt 0.296875 0.34375
vt 0.31048125 0.34375
vt 0.31048125 0.359375
vt 0.296875 0.359375
vt 0.306775 0.359375
vt 0.296875 0.359375
vt 0.296875 0.34375
vt 0.306775 0.34375
vt 0.30379265625 0.34762171875000003
vt 0.30379265625 0.3575215625
vt 0.296875 0.359375
vt 0.296875625 0.3457678125
vt 0.3104821875 0.359375
vt 0.296875 0.359375
vt 0.29872890625 0.3524575
vt 0.30862859375 0.35245796875
vt 0.296875 0.34375
vt 0.31048125 0.34375
vt 0.31048125 0.359375
vt 0.296875 0.359375
vt 0.306775 0.359375
vt 0.296875 0.359375
vt 0.296875 0.34375
vt 0.306775 0.34375
vt 0.30379265625 0.34762140625000004
vt 0.30379265625 0.35752125
vt 0.296875625 0.359375
vt 0.296875 0.3457678125
vt 0.3104821875 0.359375
vt 0.296875 0.359375
vt 0.2987284375 0.35245796875
vt 0.30862828125 0.3524575
vt 0.296875 0.34375
vt 0.31048125 0.34375
vt 0.31048125 0.359375
vt 0.296875 0.359375
vt 0.306775 0.359375
vt 0.296875 0.359375
vt 0.296875 0.34375
vt 0.306775 0.34375
vt 0.3037921875 0.34762187499999997
vt 0.3037921875 0.357521875
vt 0.296875 0.359375
vt 0.296875 0.34576874999999996
vt 0.296875 0.359375
vt 0.296875 0.34576874999999996
vt 0.3037921875 0.34762187499999997
vt 0.3037921875 0.357521875
vt 0.296875 0.34375
vt 0.31048125 0.34375
vt 0.31048125 0.359375
vt 0.296875 0.359375
vt 0.306775 0.359375
vt 0.296875 0.359375
vt 0.296875 0.34375
vt 0.306775 0.34375
vt 0.29872875 0.35245734375000004
vt 0.30862859375 0.35245734375000004
vt 0.3104821875 0.359375
vt 0.296875 0.359374375
vt 0.296875 0.359375
vt 0.296875 0.3457678125
vt 0.3037925 0.34762171875000003
vt 0.30379203125 0.3575215625
vt 0.296875 0.34375
vt 0.31048125 0.34375
vt 0.31048125 0.359375
vt 0.296875 0.359375
vt 0.306775 0.359375
vt 0.296875 0.359375
vt 0.296875 0.34375
vt 0.306775 0.34375
vt 0.2987284375 0.35245734375000004
vt 0.30862828125 0.35245734375000004
vt 0.3104821875 0.359374375
vt 0.296875 0.359375
vt 0.296875 0.359375
vt 0.296875 0.3457678125
vt 0.30379203125 0.34762140625000004
vt 0.3037925 0.35752109374999996
vt 0.296875 0.34375
vt 0.31048125 0.34375
vt 0.31048125 0.359375
vt 0.296875 0.359375
vt 0.306775 0.359375
vt 0.296875 0.359375
vt 0.296875 0.34375
vt 0.306775 0.34375
vt 0.298728125 0.35245781249999997
vt 0.308628125 0.35245781249999997
vt 0.31048125 0.359375
vt 0.296875 0.359375
vt 0.296875 0.35245781249999997
vt 0.31048125 0.35245781249999997
vt 0.308628125 0.359375
vt 0.298728125 0.359375
vn 0.5000047549191339 0.8660226585131923 1.9229565906568708e-16
vn -0.4999956916624099 -0.8660278911900172 -1.9229682095334538e-16
vn 0 -2.220446049250313e-16 1
vn 0 2.220446049250313e-16 -1
vn 0.8660226585131923 0.5000047549191339 1.1102335826665619e-16
vn -0.8660278911900172 -0.4999956916624099 -1.1102134581939758e-16
vn 0 -2.220446049250313e-16 1
vn 0 2.220446049250313e-16 -1
vn 1 0 0
vn -1 0 0
vn 0 -2.220446049250313e-16 1
vn 0 2.220446049250313e-16 -1
vn 0.8660226585131923 -0.5000047549191339 -1.1102335826665619e-16
vn -0.8660278911900172 0.4999956916624099 1.1102134581939758e-16
vn 0 -2.220446049250313e-16 1
vn 0 2.220446049250313e-16 -1
vn 0.5000047549191339 -0.8660226585131923 -1.9229565906568708e-16
vn -0.4999956916624099 0.8660278911900172 1.9229682095334538e-16
vn 0 -2.220446049250313e-16 1
vn 0 2.220446049250313e-16 -1
vn 0 -1 -2.220446049250313e-16
vn 0 1 2.220446049250313e-16
vn 0 -2.220446049250313e-16 1
vn 0 2.220446049250313e-16 -1
vn -0.5000047549191339 -0.8660226585131923 -1.9229565906568708e-16
vn 0.4999956916624099 0.8660278911900172 1.9229682095334538e-16
vn 0 -2.220446049250313e-16 1
vn 0 2.220446049250313e-16 -1
vn -0.8660226585131923 -0.5000047549191339 -1.1102335826665619e-16
vn 0.8660278911900172 0.4999956916624099 1.1102134581939758e-16
vn 0 -2.220446049250313e-16 1
vn 0 2.220446049250313e-16 -1
vn -1 0 0
vn 1 0 0
vn 0 -2.220446049250313e-16 1
vn 0 2.220446049250313e-16 -1
vn -0.8660226585131923 0.5000047549191339 1.1102335826665619e-16
vn 0.8660278911900172 -0.4999956916624099 -1.1102134581939758e-16
vn 0 -2.220446049250313e-16 1
vn 0 2.220446049250313e-16 -1
vn -0.5000047549191339 0.8660226585131923 1.9229565906568708e-16
vn 0.4999956916624099 -0.8660278911900172 -1.9229682095334538e-16
vn 0 -2.220446049250313e-16 1
vn 0 2.220446049250313e-16 -1
vn 0 1 2.220446049250313e-16
vn 0 -1 -2.220446049250313e-16
vn 0 -2.220446049250313e-16 1
vn 0 2.220446049250313e-16 -1
usemtl m_3d215661-f591-00a8-53e2-d8d611c756be
f 365/1225/319 369/1226/319 370/1227/319 366/1228/319
f 368/1229/320 372/1230/320 371/1231/320 367/1232/320
f 367/1233/321 371/1234/321 369/1235/321 365/1236/321
f 366/1237/322 370/1238/322 372/1239/322 368/1240/322
f 369/1241/323 373/1242/323 374/1243/323 370/1244/323
f 372/1245/324 376/1246/324 375/1247/324 371/1248/324
f 371/1249/325 375/1250/325 373/1251/325 369/1252/325
f 370/1253/326 374/1254/326 376/1255/326 372/1256/326
f 373/1257/327 377/1258/327 378/1259/327 374/1260/327
f 376/1261/328 380/1262/328 379/1263/328 375/1264/328
f 375/1265/329 379/1266/329 377/1267/329 373/1268/329
f 374/1269/330 378/1270/330 380/1271/330 376/1272/330
f 377/1273/331 381/1274/331 382/1275/331 378/1276/331
f 380/1277/332 384/1278/332 383/1279/332 379/1280/332
f 379/1281/333 383/1282/333 381/1283/333 377/1284/333
f 378/1285/334 382/1286/334 384/1287/334 380/1288/334
f 381/1289/335 385/1290/335 386/1291/335 382/1292/335
f 384/1293/336 388/1294/336 387/1295/336 383/1296/336
f 383/1297/337 387/1298/337 385/1299/337 381/1300/337
f 382/1301/338 386/1302/338 388/1303/338 384/1304/338
f 385/1305/339 389/1306/339 390/1307/339 386/1308/339
f 388/1309/340 392/1310/340 391/1311/340 387/1312/340
f 387/1313/341 391/1314/341 389/1315/341 385/1316/341
f 386/1317/342 390/1318/342 392/1319/342 388/1320/342
f 389/1321/343 393/1322/343 394/1323/343 390/1324/343
f 392/1325/344 396/1326/344 395/1327/344 391/1328/344
f 391/1329/345 395/1330/345 393/1331/345 389/1332/345
f 390/1333/346 394/1334/346 396/1335/346 392/1336/346
f 393/1337/347 397/1338/347 398/1339/347 394/1340/347
f 396/1341/348 400/1342/348 399/1343/348 395/1344/348
f 395/1345/349 399/1346/349 397/1347/349 393/1348/349
f 394/1349/350 398/1350/350 400/1351/350 396/1352/350
f 397/1353/351 401/1354/351 402/1355/351 398/1356/351
f 400/1357/352 404/1358/352 403/1359/352 399/1360/352
f 399/1361/353 403/1362/353 401/1363/353 397/1364/353
f 398/1365/354 402/1366/354 404/1367/354 400/1368/354
f 401/1369/355 405/1370/355 406/1371/355 402/1372/355
f 404/1373/356 408/1374/356 407/1375/356 403/1376/356
f 403/1377/357 407/1378/357 405/1379/357 401/1380/357
f 402/1381/358 406/1382/358 408/1383/358 404/1384/358
f 405/1385/359 409/1386/359 410/1387/359 406/1388/359
f 408/1389/360 412/1390/360 411/1391/360 407/1392/360
f 407/1393/361 411/1394/361 409/1395/361 405/1396/361
f 406/1397/362 410/1398/362 412/1399/362 408/1400/362
f 409/1401/363 365/1402/363 366/1403/363 410/1404/363
f 412/1405/364 368/1406/364 367/1407/364 411/1408/364
f 411/1409/365 367/1410/365 365/1411/365 409/1412/365
f 410/1413/366 366/1414/366 368/1415/366 412/1416/366
o cube
v 0.19731125 5.2906249999999995 -0.46874999999999994
v 0.19731125 5.2906249999999995 -0.9375
v 0.19731125 5.269791874999999 -0.46874999999999994
v 0.19731125 5.269791874999999 -0.9375
v 0.14643875 5.2906249999999995 -0.46874999999999994
v 0.14643875 5.2906249999999995 -0.9375
v 0.14643875 5.269791874999999 -0.46874999999999994
v 0.14643875 5.269791874999999 -0.9375
v 0.14643875 5.2906249999999995 -0.46874999999999994
v 0.14643875 5.2906249999999995 -0.9375
v 0.14643875 5.269791874999999 -0.46874999999999994
v 0.14643875 5.269791874999999 -0.9375
v 0.095566875 5.256770625 -0.46874999999999994
v 0.095566875 5.256770625 -0.859375
v 0.108285 5.2437499999999995 -0.46874999999999994
v 0.108285 5.2437499999999995 -0.859375
v 0.095566875 5.256770625 -0.46874999999999994
v 0.095566875 5.256770625 -0.859375
v 0.108285 5.2437499999999995 -0.46874999999999994
v 0.108285 5.2437499999999995 -0.859375
v 0.0625 5.2046874999999995 -0.46874999999999994
v 0.0625 5.2046874999999995 -0.6875
v 0.08284875 5.2046874999999995 -0.46874999999999994
v 0.08284875 5.2046874999999995 -0.6875
v 0.0625 5.2046874999999995 -0.46874999999999994
v 0.0625 5.2046874999999995 -0.6875
v 0.08284875 5.2046874999999995 -0.46874999999999994
v 0.08284875 5.2046874999999995 -0.6875
v 0.0625 5.1656249999999995 -0.46874999999999994
v 0.0625 5.1656249999999995 -0.5625
v 0.08284875 5.1656249999999995 -0.46874999999999994
v 0.08284875 5.1656249999999995 -0.5625
v 0.19731125 5.2906249999999995 -0.46874999999999994
v 0.19731125 5.2906249999999995 -0.9375
v 0.19731125 5.269791874999999 -0.46874999999999994
v 0.19731125 5.269791874999999 -0.9375
v 0.248183125 5.256770625 -0.46874999999999994
v 0.248183125 5.256770625 -0.859375
v 0.23546499999999998 5.2437499999999995 -0.46874999999999994
v 0.23546499999999998 5.2437499999999995 -0.859375
v 0.248183125 5.256770625 -0.46874999999999994
v 0.248183125 5.256770625 -0.859375
v 0.23546499999999998 5.2437499999999995 -0.46874999999999994
v 0.23546499999999998 5.2437499999999995 -0.859375
v 0.28125 5.2046874999999995 -0.46874999999999994
v 0.28125 5.2046874999999995 -0.6875
v 0.26090125 5.2046874999999995 -0.46874999999999994
v 0.26090125 5.2046874999999995 -0.6875
v 0.28125 5.2046874999999995 -0.46874999999999994
v 0.28125 5.2046874999999995 -0.6875
v 0.26090125 5.2046874999999995 -0.46874999999999994
v 0.26090125 5.2046874999999995 -0.6875
v 0.28125 5.1656249999999995 -0.46874999999999994
v 0.28125 5.1656249999999995 -0.5625
v 0.26090125 5.1656249999999995 -0.46874999999999994
v 0.26090125 5.1656249999999995 -0.5625
vt 0.4140625 0.421875
vt 0.4140625 0.428125
vt 0.296875 0.428125
vt 0.296875 0.421875
vt 0.421875 0.421875
vt 0.421875 0.428125
vt 0.3046875 0.428125
vt 0.3046875 0.421875
vt 0.3203125 0.328125
vt 0.3203125 0.4453125
vt 0.3046875 0.4453125
vt 0.3046875 0.328125
vt 0.3203125 0.3359375
vt 0.3203125 0.453125
vt 0.3046875 0.453125
vt 0.3046875 0.3359375
vt 0.3203125 0.421875
vt 0.3203125 0.428125
vt 0.3046875 0.428125
vt 0.3046875 0.421875
vt 0.3203125 0.421875
vt 0.3203125 0.428125
vt 0.3046875 0.428125
vt 0.3046875 0.421875
vt 0.4140625 0.421875
vt 0.4140625 0.4296875
vt 0.296875 0.4296875
vt 0.296875 0.421875
vt 0.421875 0.421875
vt 0.421875 0.4296875
vt 0.3046875 0.4296875
vt 0.3046875 0.421875
vt 0.3203125 0.328125
vt 0.3203125 0.4453125
vt 0.3046875 0.4453125
vt 0.3046875 0.328125
vt 0.3203125 0.3359375
vt 0.3203125 0.453125
vt 0.3046875 0.453125
vt 0.3046875 0.3359375
vt 0.3203125 0.421875
vt 0.3203125 0.4296875
vt 0.3046875 0.4296875
vt 0.3046875 0.421875
vt 0.3203125 0.421875
vt 0.3203125 0.4296875
vt 0.3046875 0.4296875
vt 0.3046875 0.421875
vt 0.4140625 0.421875
vt 0.4140625 0.4296875
vt 0.296875 0.4296875
vt 0.296875 0.421875
vt 0.421875 0.421875
vt 0.421875 0.4296875
vt 0.3046875 0.4296875
vt 0.3046875 0.421875
vt 0.3203125 0.328125
vt 0.3203125 0.4453125
vt 0.3046875 0.4453125
vt 0.3046875 0.328125
vt 0.3203125 0.3359375
vt 0.3203125 0.453125
vt 0.3046875 0.453125
vt 0.3046875 0.3359375
vt 0.3203125 0.421875
vt 0.3203125 0.4296875
vt 0.3046875 0.4296875
vt 0.3046875 0.421875
vt 0.3203125 0.421875
vt 0.3203125 0.4296875
vt 0.3046875 0.4296875
vt 0.3046875 0.421875
vt 0.4140625 0.421875
vt 0.4140625 0.428125
vt 0.296875 0.428125
vt 0.296875 0.421875
vt 0.421875 0.421875
vt 0.421875 0.428125
vt 0.3046875 0.428125
vt 0.3046875 0.421875
vt 0.3203125 0.328125
vt 0.3203125 0.4453125
vt 0.3046875 0.4453125
vt 0.3046875 0.328125
vt 0.3203125 0.3359375
vt 0.3203125 0.453125
vt 0.3046875 0.453125
vt 0.3046875 0.3359375
vt 0.3203125 0.421875
vt 0.3203125 0.428125
vt 0.3046875 0.428125
vt 0.3046875 0.421875
vt 0.3203125 0.421875
vt 0.3203125 0.428125
vt 0.3046875 0.428125
vt 0.3046875 0.421875
vt 0.296875 0.4296875
vt 0.4140625 0.4296875
vt 0.4140625 0.421875
vt 0.296875 0.421875
vt 0.3046875 0.4296875
vt 0.421875 0.4296875
vt 0.421875 0.421875
vt 0.3046875 0.421875
vt 0.3046875 0.4453125
vt 0.3203125 0.4453125
vt 0.3203125 0.328125
vt 0.3046875 0.328125
vt 0.3046875 0.453125
vt 0.3203125 0.453125
vt 0.3203125 0.3359375
vt 0.3046875 0.3359375
vt 0.3046875 0.4296875
vt 0.3203125 0.4296875
vt 0.3203125 0.421875
vt 0.3046875 0.421875
vt 0.3046875 0.4296875
vt 0.3203125 0.4296875
vt 0.3203125 0.421875
vt 0.3046875 0.421875
vt 0.296875 0.4296875
vt 0.4140625 0.4296875
vt 0.4140625 0.421875
vt 0.296875 0.421875
vt 0.3046875 0.4296875
vt 0.421875 0.4296875
vt 0.421875 0.421875
vt 0.3046875 0.421875
vt 0.3046875 0.4453125
vt 0.3203125 0.4453125
vt 0.3203125 0.328125
vt 0.3046875 0.328125
vt 0.3046875 0.453125
vt 0.3203125 0.453125
vt 0.3203125 0.3359375
vt 0.3046875 0.3359375
vt 0.3046875 0.4296875
vt 0.3203125 0.4296875
vt 0.3203125 0.421875
vt 0.3046875 0.421875
vt 0.3046875 0.4296875
vt 0.3203125 0.4296875
vt 0.3203125 0.421875
vt 0.3046875 0.421875
vt 0.296875 0.428125
vt 0.4140625 0.428125
vt 0.4140625 0.421875
vt 0.296875 0.421875
vt 0.3046875 0.428125
vt 0.421875 0.428125
vt 0.421875 0.421875
vt 0.3046875 0.421875
vt 0.3046875 0.4453125
vt 0.3203125 0.4453125
vt 0.3203125 0.328125
vt 0.3046875 0.328125
vt 0.3046875 0.453125
vt 0.3203125 0.453125
vt 0.3203125 0.3359375
vt 0.3046875 0.3359375
vt 0.3046875 0.428125
vt 0.3203125 0.428125
vt 0.3203125 0.421875
vt 0.3046875 0.421875
vt 0.3046875 0.428125
vt 0.3203125 0.428125
vt 0.3203125 0.421875
vt 0.3046875 0.421875
vn 1 0 0
vn -1 0 0
vn 0 1 0
vn 0 -1 0
vn 0 0 1
vn 0 0 -1
vn 1 0 0
vn -0.7153677965646191 -0.6987481059997814 0
vn -0.5540178835960128 0.832504765545396 0
vn 0.56374986427687 -0.8259455735869106 0
vn 0 0 1
vn -0.5671873502949211 -0.5540102429391521 -0.6094022976523211
vn 0.7153677965646191 0.6987481059997814 0
vn 0 -1 0
vn -0.8442258399894536 0.5359876221463529 0
vn 0.8379960885334519 -0.5456762369781509 0
vn 0 0 1
vn 0 -0.9570247263924219 -0.290006332816217
vn 0 1 0
vn 0 -1 0
vn -1 0 0
vn 1 0 0
vn 0 0 1
vn 0 -0.9544799780350297 -0.29827499313594685
vn -1 0 0
vn 0.7153677965646191 -0.6987481059997814 0
vn 0.5540178835960128 0.832504765545396 0
vn -0.56374986427687 -0.8259455735869106 0
vn 0 0 1
vn 0.5671873502949211 -0.554010242939152 -0.6094022976523211
vn -0.7153677965646191 0.6987481059997814 0
vn 0 -1 0
vn 0.8442258399894538 0.5359876221463529 0
vn -0.8379960885334519 -0.5456762369781509 0
vn 0 0 1
vn 0 -0.9570247263924219 -0.29000633281621696
vn 0 1 0
vn 0 -1 0
vn 1 0 0
vn -1 0 0
vn 0 0 1
vn 0 -0.9544799780350297 -0.29827499313594685
usemtl m_3d215661-f591-00a8-53e2-d8d611c756be
f 416/1417/367 414/1418/367 413/1419/367 415/1420/367
f 419/1421/368 417/1422/368 418/1423/368 420/1424/368
f 413/1425/369 414/1426/369 418/1427/369 417/1428/369
f 416/1429/370 415/1430/370 419/1431/370 420/1432/370
f 415/1433/371 413/1434/371 417/1435/371 419/1436/371
f 420/1437/372 418/1438/372 414/1439/372 416/1440/372
f 424/1441/373 422/1442/373 421/1443/373 423/1444/373
f 427/1445/374 425/1446/374 426/1447/374 428/1448/374
f 421/1449/375 422/1450/375 426/1451/375 425/1452/375
f 424/1453/376 423/1454/376 427/1455/376 428/1456/376
f 423/1457/377 421/1458/377 425/1459/377 427/1460/377
f 428/1461/378 426/1462/378 422/1463/378 424/1464/378
f 432/1465/379 430/1466/379 429/1467/379 431/1468/379
f 435/1469/380 433/1470/380 434/1471/380 436/1472/380
f 429/1473/381 430/1474/381 434/1475/381 433/1476/381
f 432/1477/382 431/1478/382 435/1479/382 436/1480/382
f 431/1481/383 429/1482/383 433/1483/383 435/1484/383
f 436/1485/384 434/1486/384 430/1487/384 432/1488/384
f 440/1489/385 438/1490/385 437/1491/385 439/1492/385
f 443/1493/386 441/1494/386 442/1495/386 444/1496/386
f 437/1497/387 438/1498/387 442/1499/387 441/1500/387
f 440/1501/388 439/1502/388 443/1503/388 444/1504/388
f 439/1505/389 437/1506/389 441/1507/389 443/1508/389
f 444/1509/390 442/1510/390 438/1511/390 440/1512/390
f 445/1513/391 446/1514/391 448/1515/391 447/1516/391
f 450/1517/392 449/1518/392 451/1519/392 452/1520/392
f 450/1521/393 446/1522/393 445/1523/393 449/1524/393
f 451/1525/394 447/1526/394 448/1527/394 452/1528/394
f 449/1529/395 445/1530/395 447/1531/395 451/1532/395
f 446/1533/396 450/1534/396 452/1535/396 448/1536/396
f 453/1537/397 454/1538/397 456/1539/397 455/1540/397
f 458/1541/398 457/1542/398 459/1543/398 460/1544/398
f 458/1545/399 454/1546/399 453/1547/399 457/1548/399
f 459/1549/400 455/1550/400 456/1551/400 460/1552/400
f 457/1553/401 453/1554/401 455/1555/401 459/1556/401
f 454/1557/402 458/1558/402 460/1559/402 456/1560/402
f 461/1561/403 462/1562/403 464/1563/403 463/1564/403
f 466/1565/404 465/1566/404 467/1567/404 468/1568/404
f 466/1569/405 462/1570/405 461/1571/405 465/1572/405
f 467/1573/406 463/1574/406 464/1575/406 468/1576/406
f 465/1577/407 461/1578/407 463/1579/407 467/1580/407
f 462/1581/408 466/1582/408 468/1583/408 464/1584/408
o cube
v 0.19731125 5.50625 -0.46874999999999994
v 0.19731125 5.50625 -0.9375
v 0.19731125 5.485416874999999 -0.46874999999999994
v 0.19731125 5.485416874999999 -0.9375
v 0.14643875 5.50625 -0.46874999999999994
v 0.14643875 5.50625 -0.9375
v 0.14643875 5.485416874999999 -0.46874999999999994
v 0.14643875 5.485416874999999 -0.9375
v 0.14643875 5.50625 -0.46874999999999994
v 0.14643875 5.50625 -0.9375
v 0.14643875 5.485416874999999 -0.46874999999999994
v 0.14643875 5.485416874999999 -0.9375
v 0.095566875 5.472395625 -0.46874999999999994
v 0.095566875 5.472395625 -0.859375
v 0.108285 5.459375 -0.46874999999999994
v 0.108285 5.459375 -0.859375
v 0.095566875 5.472395625 -0.46874999999999994
v 0.095566875 5.472395625 -0.859375
v 0.108285 5.459375 -0.46874999999999994
v 0.108285 5.459375 -0.859375
v 0.0625 5.4203125 -0.46874999999999994
v 0.0625 5.4203125 -0.6875
v 0.08284875 5.4203125 -0.46874999999999994
v 0.08284875 5.4203125 -0.6875
v 0.0625 5.4203125 -0.46874999999999994
v 0.0625 5.4203125 -0.6875
v 0.08284875 5.4203125 -0.46874999999999994
v 0.08284875 5.4203125 -0.6875
v 0.0625 5.38125 -0.46874999999999994
v 0.0625 5.38125 -0.5625
v 0.08284875 5.38125 -0.46874999999999994
v 0.08284875 5.38125 -0.5625
v 0.19731125 5.50625 -0.46874999999999994
v 0.19731125 5.50625 -0.9375
v 0.19731125 5.485416874999999 -0.46874999999999994
v 0.19731125 5.485416874999999 -0.9375
v 0.248183125 5.472395625 -0.46874999999999994
v 0.248183125 5.472395625 -0.859375
v 0.23546499999999998 5.459375 -0.46874999999999994
v 0.23546499999999998 5.459375 -0.859375
v 0.248183125 5.472395625 -0.46874999999999994
v 0.248183125 5.472395625 -0.859375
v 0.23546499999999998 5.459375 -0.46874999999999994
v 0.23546499999999998 5.459375 -0.859375
v 0.28125 5.4203125 -0.46874999999999994
v 0.28125 5.4203125 -0.6875
v 0.26090125 5.4203125 -0.46874999999999994
v 0.26090125 5.4203125 -0.6875
v 0.28125 5.4203125 -0.46874999999999994
v 0.28125 5.4203125 -0.6875
v 0.26090125 5.4203125 -0.46874999999999994
v 0.26090125 5.4203125 -0.6875
v 0.28125 5.38125 -0.46874999999999994
v 0.28125 5.38125 -0.5625
v 0.26090125 5.38125 -0.46874999999999994
v 0.26090125 5.38125 -0.5625
vt 0.4140625 0.421875
vt 0.4140625 0.428125
vt 0.296875 0.428125
vt 0.296875 0.421875
vt 0.421875 0.421875
vt 0.421875 0.428125
vt 0.3046875 0.428125
vt 0.3046875 0.421875
vt 0.3203125 0.328125
vt 0.3203125 0.4453125
vt 0.3046875 0.4453125
vt 0.3046875 0.328125
vt 0.3203125 0.3359375
vt 0.3203125 0.453125
vt 0.3046875 0.453125
vt 0.3046875 0.3359375
vt 0.3203125 0.421875
vt 0.3203125 0.428125
vt 0.3046875 0.428125
vt 0.3046875 0.421875
vt 0.3203125 0.421875
vt 0.3203125 0.428125
vt 0.3046875 0.428125
vt 0.3046875 0.421875
vt 0.4140625 0.421875
vt 0.4140625 0.4296875
vt 0.296875 0.4296875
vt 0.296875 0.421875
vt 0.421875 0.421875
vt 0.421875 0.4296875
vt 0.3046875 0.4296875
vt 0.3046875 0.421875
vt 0.3203125 0.328125
vt 0.3203125 0.4453125
vt 0.3046875 0.4453125
vt 0.3046875 0.328125
vt 0.3203125 0.3359375
vt 0.3203125 0.453125
vt 0.3046875 0.453125
vt 0.3046875 0.3359375
vt 0.3203125 0.421875
vt 0.3203125 0.4296875
vt 0.3046875 0.4296875
vt 0.3046875 0.421875
vt 0.3203125 0.421875
vt 0.3203125 0.4296875
vt 0.3046875 0.4296875
vt 0.3046875 0.421875
vt 0.4140625 0.421875
vt 0.4140625 0.4296875
vt 0.296875 0.4296875
vt 0.296875 0.421875
vt 0.421875 0.421875
vt 0.421875 0.4296875
vt 0.3046875 0.4296875
vt 0.3046875 0.421875
vt 0.3203125 0.328125
vt 0.3203125 0.4453125
vt 0.3046875 0.4453125
vt 0.3046875 0.328125
vt 0.3203125 0.3359375
vt 0.3203125 0.453125
vt 0.3046875 0.453125
vt 0.3046875 0.3359375
vt 0.3203125 0.421875
vt 0.3203125 0.4296875
vt 0.3046875 0.4296875
vt 0.3046875 0.421875
vt 0.3203125 0.421875
vt 0.3203125 0.4296875
vt 0.3046875 0.4296875
vt 0.3046875 0.421875
vt 0.4140625 0.421875
vt 0.4140625 0.428125
vt 0.296875 0.428125
vt 0.296875 0.421875
vt 0.421875 0.421875
vt 0.421875 0.428125
vt 0.3046875 0.428125
vt 0.3046875 0.421875
vt 0.3203125 0.328125
vt 0.3203125 0.4453125
vt 0.3046875 0.4453125
vt 0.3046875 0.328125
vt 0.3203125 0.3359375
vt 0.3203125 0.453125
vt 0.3046875 0.453125
vt 0.3046875 0.3359375
vt 0.3203125 0.421875
vt 0.3203125 0.428125
vt 0.3046875 0.428125
vt 0.3046875 0.421875
vt 0.3203125 0.421875
vt 0.3203125 0.428125
vt 0.3046875 0.428125
vt 0.3046875 0.421875
vt 0.296875 0.4296875
vt 0.4140625 0.4296875
vt 0.4140625 0.421875
vt 0.296875 0.421875
vt 0.3046875 0.4296875
vt 0.421875 0.4296875
vt 0.421875 0.421875
vt 0.3046875 0.421875
vt 0.3046875 0.4453125
vt 0.3203125 0.4453125
vt 0.3203125 0.328125
vt 0.3046875 0.328125
vt 0.3046875 0.453125
vt 0.3203125 0.453125
vt 0.3203125 0.3359375
vt 0.3046875 0.3359375
vt 0.3046875 0.4296875
vt 0.3203125 0.4296875
vt 0.3203125 0.421875
vt 0.3046875 0.421875
vt 0.3046875 0.4296875
vt 0.3203125 0.4296875
vt 0.3203125 0.421875
vt 0.3046875 0.421875
vt 0.296875 0.4296875
vt 0.4140625 0.4296875
vt 0.4140625 0.421875
vt 0.296875 0.421875
vt 0.3046875 0.4296875
vt 0.421875 0.4296875
vt 0.421875 0.421875
vt 0.3046875 0.421875
vt 0.3046875 0.4453125
vt 0.3203125 0.4453125
vt 0.3203125 0.328125
vt 0.3046875 0.328125
vt 0.3046875 0.453125
vt 0.3203125 0.453125
vt 0.3203125 0.3359375
vt 0.3046875 0.3359375
vt 0.3046875 0.4296875
vt 0.3203125 0.4296875
vt 0.3203125 0.421875
vt 0.3046875 0.421875
vt 0.3046875 0.4296875
vt 0.3203125 0.4296875
vt 0.3203125 0.421875
vt 0.3046875 0.421875
vt 0.296875 0.428125
vt 0.4140625 0.428125
vt 0.4140625 0.421875
vt 0.296875 0.421875
vt 0.3046875 0.428125
vt 0.421875 0.428125
vt 0.421875 0.421875
vt 0.3046875 0.421875
vt 0.3046875 0.4453125
vt 0.3203125 0.4453125
vt 0.3203125 0.328125
vt 0.3046875 0.328125
vt 0.3046875 0.453125
vt 0.3203125 0.453125
vt 0.3203125 0.3359375
vt 0.3046875 0.3359375
vt 0.3046875 0.428125
vt 0.3203125 0.428125
vt 0.3203125 0.421875
vt 0.3046875 0.421875
vt 0.3046875 0.428125
vt 0.3203125 0.428125
vt 0.3203125 0.421875
vt 0.3046875 0.421875
vn 1 0 0
vn -1 0 0
vn 0 1 0
vn 0 -1 0
vn 0 0 1
vn 0 0 -1
vn 1 0 0
vn -0.7153677965646191 -0.6987481059997814 0
vn -0.5540178835960128 0.832504765545396 0
vn 0.56374986427687 -0.8259455735869106 0
vn 0 0 1
vn -0.5671873502949211 -0.5540102429391521 -0.6094022976523211
vn 0.7153677965646191 0.6987481059997814 0
vn 0 -1 0
vn -0.8442258399894536 0.5359876221463529 0
vn 0.8379960885334519 -0.5456762369781509 0
vn 0 0 1
vn 0 -0.9570247263924219 -0.290006332816217
vn 0 1 0
vn 0 -1 0
vn -1 0 0
vn 1 0 0
vn 0 0 1
vn 0 -0.9544799780350297 -0.29827499313594685
vn -1 0 0
vn 0.7153677965646191 -0.6987481059997814 0
vn 0.5540178835960128 0.832504765545396 0
vn -0.56374986427687 -0.8259455735869106 0
vn 0 0 1
vn 0.5671873502949211 -0.554010242939152 -0.6094022976523211
vn -0.7153677965646191 0.6987481059997814 0
vn 0 -1 0
vn 0.8442258399894538 0.5359876221463529 0
vn -0.8379960885334519 -0.5456762369781509 0
vn 0 0 1
vn 0 -0.9570247263924219 -0.29000633281621696
vn 0 1 0
vn 0 -1 0
vn 1 0 0
vn -1 0 0
vn 0 0 1
vn 0 -0.9544799780350297 -0.29827499313594685
usemtl m_3d215661-f591-00a8-53e2-d8d611c756be
f 472/1585/409 470/1586/409 469/1587/409 471/1588/409
f 475/1589/410 473/1590/410 474/1591/410 476/1592/410
f 469/1593/411 470/1594/411 474/1595/411 473/1596/411
f 472/1597/412 471/1598/412 475/1599/412 476/1600/412
f 471/1601/413 469/1602/413 473/1603/413 475/1604/413
f 476/1605/414 474/1606/414 470/1607/414 472/1608/414
f 480/1609/415 478/1610/415 477/1611/415 479/1612/415
f 483/1613/416 481/1614/416 482/1615/416 484/1616/416
f 477/1617/417 478/1618/417 482/1619/417 481/1620/417
f 480/1621/418 479/1622/418 483/1623/418 484/1624/418
f 479/1625/419 477/1626/419 481/1627/419 483/1628/419
f 484/1629/420 482/1630/420 478/1631/420 480/1632/420
f 488/1633/421 486/1634/421 485/1635/421 487/1636/421
f 491/1637/422 489/1638/422 490/1639/422 492/1640/422
f 485/1641/423 486/1642/423 490/1643/423 489/1644/423
f 488/1645/424 487/1646/424 491/1647/424 492/1648/424
f 487/1649/425 485/1650/425 489/1651/425 491/1652/425
f 492/1653/426 490/1654/426 486/1655/426 488/1656/426
f 496/1657/427 494/1658/427 493/1659/427 495/1660/427
f 499/1661/428 497/1662/428 498/1663/428 500/1664/428
f 493/1665/429 494/1666/429 498/1667/429 497/1668/429
f 496/1669/430 495/1670/430 499/1671/430 500/1672/430
f 495/1673/431 493/1674/431 497/1675/431 499/1676/431
f 500/1677/432 498/1678/432 494/1679/432 496/1680/432
f 501/1681/433 502/1682/433 504/1683/433 503/1684/433
f 506/1685/434 505/1686/434 507/1687/434 508/1688/434
f 506/1689/435 502/1690/435 501/1691/435 505/1692/435
f 507/1693/436 503/1694/436 504/1695/436 508/1696/436
f 505/1697/437 501/1698/437 503/1699/437 507/1700/437
f 502/1701/438 506/1702/438 508/1703/438 504/1704/438
f 509/1705/439 510/1706/439 512/1707/439 511/1708/439
f 514/1709/440 513/1710/440 515/1711/440 516/1712/440
f 514/1713/441 510/1714/441 509/1715/441 513/1716/441
f 515/1717/442 511/1718/442 512/1719/442 516/1720/442
f 513/1721/443 509/1722/443 511/1723/443 515/1724/443
f 510/1725/444 514/1726/444 516/1727/444 512/1728/444
f 517/1729/445 518/1730/445 520/1731/445 519/1732/445
f 522/1733/446 521/1734/446 523/1735/446 524/1736/446
f 522/1737/447 518/1738/447 517/1739/447 521/1740/447
f 523/1741/448 519/1742/448 520/1743/448 524/1744/448
f 521/1745/449 517/1746/449 519/1747/449 523/1748/449
f 518/1749/450 522/1750/450 524/1751/450 520/1752/450
o circle
v 0.171875 5.39375 -0.534375
v 0.196995 5.4875 -0.534375
v 0.240505 5.46238 -0.534375
v 0.265625 5.41887 -0.534375
v 0.265625 5.36863 -0.534375
v 0.240505 5.32512 -0.534375
v 0.196995 5.3 -0.534375
v 0.146755 5.3 -0.534375
v 0.103245 5.32512 -0.534375
v 0.078125 5.36863 -0.534375
v 0.078125 5.41887 -0.534375
v 0.103245 5.46238 -0.534375
v 0.146755 5.4875 -0.534375
vt 0.3247625 0.6752374999999999
vt 0.375 0.7622625000000001
vt 0.1875 0.8125
vt 0.375 0.7622625000000001
vt 0.375 0.8627374999999999
vt 0.1875 0.8125
vt 0.375 0.8627374999999999
vt 0.3247625 0.9497625
vt 0.1875 0.8125
vt 0.3247625 0.9497625
vt 0.2377375 1
vt 0.1875 0.8125
vt 0.2377375 1
vt 0.1372625 1
vt 0.1875 0.8125
vt 0.1372625 1
vt 0.0502375 0.9497625
vt 0.1875 0.8125
vt 0.0502375 0.9497625
vt 0 0.8627374999999999
vt 0.1875 0.8125
vt 0 0.8627374999999999
vt 0 0.7622625000000001
vt 0.1875 0.8125
vt 0 0.7622625000000001
vt 0.0502375 0.6752374999999999
vt 0.1875 0.8125
vt 0.0502375 0.6752374999999999
vt 0.1372625 0.625
vt 0.1875 0.8125
vt 0.1372625 0.625
vt 0.2377375 0.625
vt 0.1875 0.8125
vt 0.2377375 0.625
vt 0.3247625 0.6752374999999999
vt 0.1875 0.8125
vn 0 2.220446049250313e-16 -1
vn 0 2.220446049250313e-16 -1
vn 0 2.220446049250313e-16 -1
vn 0 2.220446049250313e-16 -1
vn 0 2.220446049250313e-16 -1
vn 0 2.220446049250313e-16 -1
vn 0 2.220446049250313e-16 -1
vn 0 2.220446049250313e-16 -1
vn 0 2.220446049250313e-16 -1
vn 0 2.220446049250313e-16 -1
vn 0 2.220446049250313e-16 -1
vn 0 2.220446049250313e-16 -1
usemtl m_409504fd-f58c-4195-329e-2b61b82ac830
f 527/1753/451 528/1754/451 525/1755/451
f 528/1756/452 529/1757/452 525/1758/452
f 529/1759/453 530/1760/453 525/1761/453
f 530/1762/454 531/1763/454 525/1764/454
f 531/1765/455 532/1766/455 525/1767/455
f 532/1768/456 533/1769/456 525/1770/456
f 533/1771/457 534/1772/457 525/1773/457
f 534/1774/458 535/1775/458 525/1776/458
f 535/1777/459 536/1778/459 525/1779/459
f 536/1780/460 537/1781/460 525/1782/460
f 537/1783/461 526/1784/461 525/1785/461
f 526/1786/462 527/1787/462 525/1788/462
o tube
v 0.19908875 5.4953125 -0.5
v 0.19908875 5.4953125 -0.5625
v 0.191675 5.467645 -0.5
v 0.191675 5.467645 -0.5625
v 0.24622375000000002 5.46809875 -0.5
v 0.24622375000000002 5.46809875 -0.5625
v 0.22597 5.447845 -0.5
v 0.22597 5.447845 -0.5625
v 0.2734375 5.420963749999999 -0.5
v 0.2734375 5.420963749999999 -0.5625
v 0.24577 5.41355 -0.5
v 0.24577 5.41355 -0.5625
v 0.2734375 5.36653625 -0.5
v 0.2734375 5.36653625 -0.5625
v 0.24577 5.37395 -0.5
v 0.24577 5.37395 -0.5625
v 0.24622375000000002 5.319401249999999 -0.5
v 0.24622375000000002 5.319401249999999 -0.5625
v 0.22597 5.339655 -0.5
v 0.22597 5.339655 -0.5625
v 0.19908875 5.2921875 -0.5
v 0.19908875 5.2921875 -0.5625
v 0.191675 5.319855 -0.5
v 0.191675 5.319855 -0.5625
v 0.14466125 5.2921875 -0.5
v 0.14466125 5.2921875 -0.5625
v 0.152075 5.319855 -0.5
v 0.152075 5.319855 -0.5625
v 0.09752625 5.319401249999999 -0.5
v 0.09752625 5.319401249999999 -0.5625
v 0.11778 5.339655 -0.5
v 0.11778 5.339655 -0.5625
v 0.0703125 5.36653625 -0.5
v 0.0703125 5.36653625 -0.5625
v 0.09798 5.37395 -0.5
v 0.09798 5.37395 -0.5625
v 0.0703125 5.420963749999999 -0.5
v 0.0703125 5.420963749999999 -0.5625
v 0.09798 5.41355 -0.5
v 0.09798 5.41355 -0.5625
v 0.09752625 5.46809875 -0.5
v 0.09752625 5.46809875 -0.5625
v 0.11778 5.447845 -0.5
v 0.11778 5.447845 -0.5625
v 0.14466125 5.4953125 -0.5
v 0.14466125 5.4953125 -0.5625
v 0.152075 5.467645 -0.5
v 0.152075 5.467645 -0.5625
vt 0.296875 0.34375
vt 0.31048125 0.34375
vt 0.31048125 0.359375
vt 0.296875 0.359375
vt 0.306775 0.359375
vt 0.296875 0.359375
vt 0.296875 0.34375
vt 0.306775 0.34375
vt 0.296875 0.35752125
vt 0.296875 0.34762140625000004
vt 0.30379265625 0.3457678125
vt 0.30379203125 0.359375
vt 0.296875 0.3524575
vt 0.3104821875 0.3524575
vt 0.30862828125 0.359375
vt 0.2987284375 0.35937453124999996
vt 0.296875 0.34375
vt 0.31048125 0.34375
vt 0.31048125 0.359375
vt 0.296875 0.359375
vt 0.306775 0.359375
vt 0.296875 0.359375
vt 0.296875 0.34375
vt 0.306775 0.34375
vt 0.296875 0.3575215625
vt 0.296875 0.34762171875000003
vt 0.30379203125 0.3457678125
vt 0.30379265625 0.359375
vt 0.296875 0.3524575
vt 0.3104821875 0.3524575
vt 0.30862859375 0.35937453124999996
vt 0.29872890625 0.359375
vt 0.296875 0.34375
vt 0.31048125 0.34375
vt 0.31048125 0.359375
vt 0.296875 0.359375
vt 0.306775 0.359375
vt 0.296875 0.359375
vt 0.296875 0.34375
vt 0.306775 0.34375
vt 0.296875 0.357521875
vt 0.296875 0.34762187499999997
vt 0.3037921875 0.34576874999999996
vt 0.3037921875 0.359375
vt 0.3037921875 0.34576874999999996
vt 0.3037921875 0.359375
vt 0.296875 0.357521875
vt 0.296875 0.34762187499999997
vt 0.296875 0.34375
vt 0.31048125 0.34375
vt 0.31048125 0.359375
vt 0.296875 0.359375
vt 0.306775 0.359375
vt 0.296875 0.359375
vt 0.296875 0.34375
vt 0.306775 0.34375
vt 0.30862828125 0.359375
vt 0.2987284375 0.359375
vt 0.296875 0.35245734375000004
vt 0.3104821875 0.35245796875
vt 0.3037925 0.3457678125
vt 0.3037925 0.359375
vt 0.296875 0.35752109374999996
vt 0.29687546875 0.34762140625000004
vt 0.296875 0.34375
vt 0.31048125 0.34375
vt 0.31048125 0.359375
vt 0.296875 0.359375
vt 0.306775 0.359375
vt 0.296875 0.359375
vt 0.296875 0.34375
vt 0.306775 0.34375
vt 0.30862859375 0.359375
vt 0.29872875 0.359375
vt 0.296875 0.35245796875
vt 0.3104821875 0.35245734375000004
vt 0.3037925 0.3457678125
vt 0.3037925 0.359375
vt 0.29687546875 0.3575215625
vt 0.296875 0.34762171875000003
vt 0.296875 0.34375
vt 0.31048125 0.34375
vt 0.31048125 0.359375
vt 0.296875 0.359375
vt 0.306775 0.359375
vt 0.296875 0.359375
vt 0.296875 0.34375
vt 0.306775 0.34375
vt 0.308628125 0.359375
vt 0.298728125 0.359375
vt 0.296875 0.35245781249999997
vt 0.31048125 0.35245781249999997
vt 0.31048125 0.359375
vt 0.296875 0.359375
vt 0.298728125 0.35245781249999997
vt 0.308628125 0.35245781249999997
vt 0.296875 0.34375
vt 0.31048125 0.34375
vt 0.31048125 0.359375
vt 0.296875 0.359375
vt 0.306775 0.359375
vt 0.296875 0.359375
vt 0.296875 0.34375
vt 0.306775 0.34375
vt 0.30379265625 0.34762171875000003
vt 0.30379265625 0.3575215625
vt 0.296875 0.359375
vt 0.296875625 0.3457678125
vt 0.3104821875 0.359375
vt 0.296875 0.359375
vt 0.29872890625 0.3524575
vt 0.30862859375 0.35245796875
vt 0.296875 0.34375
vt 0.31048125 0.34375
vt 0.31048125 0.359375
vt 0.296875 0.359375
vt 0.306775 0.359375
vt 0.296875 0.359375
vt 0.296875 0.34375
vt 0.306775 0.34375
vt 0.30379265625 0.34762140625000004
vt 0.30379265625 0.35752125
vt 0.296875625 0.359375
vt 0.296875 0.3457678125
vt 0.3104821875 0.359375
vt 0.296875 0.359375
vt 0.2987284375 0.35245796875
vt 0.30862828125 0.3524575
vt 0.296875 0.34375
vt 0.31048125 0.34375
vt 0.31048125 0.359375
vt 0.296875 0.359375
vt 0.306775 0.359375
vt 0.296875 0.359375
vt 0.296875 0.34375
vt 0.306775 0.34375
vt 0.3037921875 0.34762187499999997
vt 0.3037921875 0.357521875
vt 0.296875 0.359375
vt 0.296875 0.34576874999999996
vt 0.296875 0.359375
vt 0.296875 0.34576874999999996
vt 0.3037921875 0.34762187499999997
vt 0.3037921875 0.357521875
vt 0.296875 0.34375
vt 0.31048125 0.34375
vt 0.31048125 0.359375
vt 0.296875 0.359375
vt 0.306775 0.359375
vt 0.296875 0.359375
vt 0.296875 0.34375
vt 0.306775 0.34375
vt 0.29872875 0.35245734375000004
vt 0.30862859375 0.35245734375000004
vt 0.3104821875 0.359375
vt 0.296875 0.359374375
vt 0.296875 0.359375
vt 0.296875 0.3457678125
vt 0.3037925 0.34762171875000003
vt 0.30379203125 0.3575215625
vt 0.296875 0.34375
vt 0.31048125 0.34375
vt 0.31048125 0.359375
vt 0.296875 0.359375
vt 0.306775 0.359375
vt 0.296875 0.359375
vt 0.296875 0.34375
vt 0.306775 0.34375
vt 0.2987284375 0.35245734375000004
vt 0.30862828125 0.35245734375000004
vt 0.3104821875 0.359374375
vt 0.296875 0.359375
vt 0.296875 0.359375
vt 0.296875 0.3457678125
vt 0.30379203125 0.34762140625000004
vt 0.3037925 0.35752109374999996
vt 0.296875 0.34375
vt 0.31048125 0.34375
vt 0.31048125 0.359375
vt 0.296875 0.359375
vt 0.306775 0.359375
vt 0.296875 0.359375
vt 0.296875 0.34375
vt 0.306775 0.34375
vt 0.298728125 0.35245781249999997
vt 0.308628125 0.35245781249999997
vt 0.31048125 0.359375
vt 0.296875 0.359375
vt 0.296875 0.35245781249999997
vt 0.31048125 0.35245781249999997
vt 0.308628125 0.359375
vt 0.298728125 0.359375
vn 0.5000047549191339 0.8660226585131923 1.9229565906568708e-16
vn -0.4999956916624099 -0.8660278911900172 -1.9229682095334538e-16
vn 0 -2.220446049250313e-16 1
vn 0 2.220446049250313e-16 -1
vn 0.8660226585131923 0.5000047549191339 1.1102335826665619e-16
vn -0.8660278911900172 -0.4999956916624099 -1.1102134581939758e-16
vn 0 -2.220446049250313e-16 1
vn 0 2.220446049250313e-16 -1
vn 1 0 0
vn -1 0 0
vn 0 -2.220446049250313e-16 1
vn 0 2.220446049250313e-16 -1
vn 0.8660226585131923 -0.5000047549191339 -1.1102335826665619e-16
vn -0.8660278911900172 0.4999956916624099 1.1102134581939758e-16
vn 0 -2.220446049250313e-16 1
vn 0 2.220446049250313e-16 -1
vn 0.5000047549191339 -0.8660226585131923 -1.9229565906568708e-16
vn -0.4999956916624099 0.8660278911900172 1.9229682095334538e-16
vn 0 -2.220446049250313e-16 1
vn 0 2.220446049250313e-16 -1
vn 0 -1 -2.220446049250313e-16
vn 0 1 2.220446049250313e-16
vn 0 -2.220446049250313e-16 1
vn 0 2.220446049250313e-16 -1
vn -0.5000047549191339 -0.8660226585131923 -1.9229565906568708e-16
vn 0.4999956916624099 0.8660278911900172 1.9229682095334538e-16
vn 0 -2.220446049250313e-16 1
vn 0 2.220446049250313e-16 -1
vn -0.8660226585131923 -0.5000047549191339 -1.1102335826665619e-16
vn 0.8660278911900172 0.4999956916624099 1.1102134581939758e-16
vn 0 -2.220446049250313e-16 1
vn 0 2.220446049250313e-16 -1
vn -1 0 0
vn 1 0 0
vn 0 -2.220446049250313e-16 1
vn 0 2.220446049250313e-16 -1
vn -0.8660226585131923 0.5000047549191339 1.1102335826665619e-16
vn 0.8660278911900172 -0.4999956916624099 -1.1102134581939758e-16
vn 0 -2.220446049250313e-16 1
vn 0 2.220446049250313e-16 -1
vn -0.5000047549191339 0.8660226585131923 1.9229565906568708e-16
vn 0.4999956916624099 -0.8660278911900172 -1.9229682095334538e-16
vn 0 -2.220446049250313e-16 1
vn 0 2.220446049250313e-16 -1
vn 0 1 2.220446049250313e-16
vn 0 -1 -2.220446049250313e-16
vn 0 -2.220446049250313e-16 1
vn 0 2.220446049250313e-16 -1
usemtl m_3d215661-f591-00a8-53e2-d8d611c756be
f 538/1789/463 542/1790/463 543/1791/463 539/1792/463
f 541/1793/464 545/1794/464 544/1795/464 540/1796/464
f 540/1797/465 544/1798/465 542/1799/465 538/1800/465
f 539/1801/466 543/1802/466 545/1803/466 541/1804/466
f 542/1805/467 546/1806/467 547/1807/467 543/1808/467
f 545/1809/468 549/1810/468 548/1811/468 544/1812/468
f 544/1813/469 548/1814/469 546/1815/469 542/1816/469
f 543/1817/470 547/1818/470 549/1819/470 545/1820/470
f 546/1821/471 550/1822/471 551/1823/471 547/1824/471
f 549/1825/472 553/1826/472 552/1827/472 548/1828/472
f 548/1829/473 552/1830/473 550/1831/473 546/1832/473
f 547/1833/474 551/1834/474 553/1835/474 549/1836/474
f 550/1837/475 554/1838/475 555/1839/475 551/1840/475
f 553/1841/476 557/1842/476 556/1843/476 552/1844/476
f 552/1845/477 556/1846/477 554/1847/477 550/1848/477
f 551/1849/478 555/1850/478 557/1851/478 553/1852/478
f 554/1853/479 558/1854/479 559/1855/479 555/1856/479
f 557/1857/480 561/1858/480 560/1859/480 556/1860/480
f 556/1861/481 560/1862/481 558/1863/481 554/1864/481
f 555/1865/482 559/1866/482 561/1867/482 557/1868/482
f 558/1869/483 562/1870/483 563/1871/483 559/1872/483
f 561/1873/484 565/1874/484 564/1875/484 560/1876/484
f 560/1877/485 564/1878/485 562/1879/485 558/1880/485
f 559/1881/486 563/1882/486 565/1883/486 561/1884/486
f 562/1885/487 566/1886/487 567/1887/487 563/1888/487
f 565/1889/488 569/1890/488 568/1891/488 564/1892/488
f 564/1893/489 568/1894/489 566/1895/489 562/1896/489
f 563/1897/490 567/1898/490 569/1899/490 565/1900/490
f 566/1901/491 570/1902/491 571/1903/491 567/1904/491
f 569/1905/492 573/1906/492 572/1907/492 568/1908/492
f 568/1909/493 572/1910/493 570/1911/493 566/1912/493
f 567/1913/494 571/1914/494 573/1915/494 569/1916/494
f 570/1917/495 574/1918/495 575/1919/495 571/1920/495
f 573/1921/496 577/1922/496 576/1923/496 572/1924/496
f 572/1925/497 576/1926/497 574/1927/497 570/1928/497
f 571/1929/498 575/1930/498 577/1931/498 573/1932/498
f 574/1933/499 578/1934/499 579/1935/499 575/1936/499
f 577/1937/500 581/1938/500 580/1939/500 576/1940/500
f 576/1941/501 580/1942/501 578/1943/501 574/1944/501
f 575/1945/502 579/1946/502 581/1947/502 577/1948/502
f 578/1949/503 582/1950/503 583/1951/503 579/1952/503
f 581/1953/504 585/1954/504 584/1955/504 580/1956/504
f 580/1957/505 584/1958/505 582/1959/505 578/1960/505
f 579/1961/506 583/1962/506 585/1963/506 581/1964/506
f 582/1965/507 538/1966/507 539/1967/507 583/1968/507
f 585/1969/508 541/1970/508 540/1971/508 584/1972/508
f 584/1973/509 540/1974/509 538/1975/509 582/1976/509
f 583/1977/510 539/1978/510 541/1979/510 585/1980/510
o cube
v 0.328125 6 -0.4375
v 0.328125 6 -0.5
v 0.328125 5 -0.4375
v 0.328125 5 -0.5
v -0.328125 6 -0.5
v -0.328125 6 -0.4375
v -0.328125 5 -0.5
v -0.328125 5 -0.4375
vt 0.28125 0.71875
vt 0.46875 0.71875
vt 0.46875 0.46875
vt 0.28125 0.46875
vt 0.453125 0.71875
vt 0.46875 0.71875
vt 0.46875 0.46875
vt 0.453125 0.46875
vt 0.28125 0.71875
vt 0.46875 0.71875
vt 0.46875 0.46875
vt 0.28125 0.46875
vt 0.28125 0.71875
vt 0.296875 0.71875
vt 0.296875 0.46875
vt 0.28125 0.46875
vt 0.28125 0.71875
vt 0.46875 0.71875
vt 0.46875 0.703125
vt 0.28125 0.703125
vt 0.28125 0.484375
vt 0.46875 0.484375
vt 0.46875 0.46875
vt 0.28125 0.46875
vn 0 0 -1
vn 1 0 0
vn 0 0 1
vn -1 0 0
vn 0 1 0
vn 0 -1 0
usemtl m_3d215661-f591-00a8-53e2-d8d611c756be
f 589/1984/511 592/1983/511 590/1982/511 587/1981/511
f 588/1988/512 589/1987/512 587/1986/512 586/1985/512
f 593/1992/513 588/1991/513 586/1990/513 591/1989/513
f 592/1996/514 593/1995/514 591/1994/514 590/1993/514
f 591/2000/515 586/1999/515 587/1998/515 590/1997/515
f 592/2004/516 589/2003/516 588/2002/516 593/2001/516
o cube
v 0.265625 6 -0.3125
v 0.265625 6 -0.4375
v 0.265625 5 -0.3125
v 0.265625 5 -0.4375
v -0.265625 6 -0.4375
v -0.265625 6 -0.3125
v -0.265625 5 -0.4375
v -0.265625 5 -0.3125
vt 0 0.125
vt 0.03125 0.125
vt 0.03125 0.109375
vt 0 0.109375
vt 0.4375 0.71875
vt 0.46875 0.71875
vt 0.46875 0.46875
vt 0.4375 0.46875
vt 0.28125 0.71875
vt 0.46875 0.71875
vt 0.46875 0.46875
vt 0.28125 0.46875
vt 0.28125 0.71875
vt 0.3125 0.71875
vt 0.3125 0.46875
vt 0.28125 0.46875
vt 0.28125 0.71875
vt 0.46875 0.71875
vt 0.46875 0.6875
vt 0.28125 0.6875
vt 0.28125 0.5
vt 0.46875 0.5
vt 0.46875 0.46875
vt 0.28125 0.46875
vn 0 0 -1
vn 1 0 0
vn 0 0 1
vn -1 0 0
vn 0 1 0
vn 0 -1 0
usemtl m_3d215661-f591-00a8-53e2-d8d611c756be
f 597/2008/517 600/2007/517 598/2006/517 595/2005/517
f 596/2012/518 597/2011/518 595/2010/518 594/2009/518
f 601/2016/519 596/2015/519 594/2014/519 599/2013/519
f 600/2020/520 601/2019/520 599/2018/520 598/2017/520
f 599/2024/521 594/2023/521 595/2022/521 598/2021/521
f 600/2028/522 597/2027/522 596/2026/522 601/2025/522
o cube
v 0.203125 5.1875 0.671875
v 0.203125 5.1875 0.640625
v 0.203125 4.3125 0.671875
v 0.203125 4.3125 0.640625
v 0.171875 5.1875 0.640625
v 0.171875 5.1875 0.671875
v 0.171875 4.3125 0.640625
v 0.171875 4.3125 0.671875
vt 0.5 0.71875
vt 0.515625 0.71875
vt 0.515625 0.515625
vt 0.5 0.515625
vt 0.5 0.71875
vt 0.515625 0.71875
vt 0.515625 0.515625
vt 0.5 0.515625
vt 0.5 0.71875
vt 0.515625 0.71875
vt 0.515625 0.515625
vt 0.5 0.515625
vt 0.5 0.71875
vt 0.515625 0.71875
vt 0.515625 0.515625
vt 0.5 0.515625
vt 0.5 0.734375
vt 0.515625 0.734375
vt 0.515625 0.71875
vt 0.5 0.71875
vt 0.5 0.734375
vt 0.515625 0.734375
vt 0.515625 0.71875
vt 0.5 0.71875
vn 0 0 -1
vn 1 0 0
vn 0 0 1
vn -1 0 0
vn 0 1 0
vn 0 -1 0
usemtl m_3d215661-f591-00a8-53e2-d8d611c756be
f 605/2032/523 608/2031/523 606/2030/523 603/2029/523
f 604/2036/524 605/2035/524 603/2034/524 602/2033/524
f 609/2040/525 604/2039/525 602/2038/525 607/2037/525
f 608/2044/526 609/2043/526 607/2042/526 606/2041/526
f 607/2048/527 602/2047/527 603/2046/527 606/2045/527
f 608/2052/528 605/2051/528 604/2050/528 609/2049/528
o cube
v -0.171875 5.1875 0.671875
v -0.171875 5.1875 0.640625
v -0.171875 4.3125 0.671875
v -0.171875 4.3125 0.640625
v -0.203125 5.1875 0.640625
v -0.203125 5.1875 0.671875
v -0.203125 4.3125 0.640625
v -0.203125 4.3125 0.671875
vt 0.5 0.71875
vt 0.515625 0.71875
vt 0.515625 0.515625
vt 0.5 0.515625
vt 0.5 0.71875
vt 0.515625 0.71875
vt 0.515625 0.515625
vt 0.5 0.515625
vt 0.5 0.71875
vt 0.515625 0.71875
vt 0.515625 0.515625
vt 0.5 0.515625
vt 0.5 0.71875
vt 0.515625 0.71875
vt 0.515625 0.515625
vt 0.5 0.515625
vt 0.5 0.734375
vt 0.515625 0.734375
vt 0.515625 0.71875
vt 0.5 0.71875
vt 0.5 0.734375
vt 0.515625 0.734375
vt 0.515625 0.71875
vt 0.5 0.71875
vn 0 0 -1
vn 1 0 0
vn 0 0 1
vn -1 0 0
vn 0 1 0
vn 0 -1 0
usemtl m_3d215661-f591-00a8-53e2-d8d611c756be
f 613/2056/529 616/2055/529 614/2054/529 611/2053/529
f 612/2060/530 613/2059/530 611/2058/530 610/2057/530
f 617/2064/531 612/2063/531 610/2062/531 615/2061/531
f 616/2068/532 617/2067/532 615/2066/532 614/2065/532
f 615/2072/533 610/2071/533 611/2070/533 614/2069/533
f 616/2076/534 613/2075/534 612/2074/534 617/2073/534
o cube
v 0.265625 5.21875 0.671875
v 0.265625 5.21875 0.640625
v 0.265625 5.1875 0.671875
v 0.265625 5.1875 0.640625
v -0.265625 5.21875 0.640625
v -0.265625 5.21875 0.671875
v -0.265625 5.1875 0.640625
v -0.265625 5.1875 0.671875
vt 0.546875 0.734375
vt 0.703125 0.734375
vt 0.703125 0.71875
vt 0.546875 0.71875
vt 0.734375 0.734375
vt 0.75 0.734375
vt 0.75 0.71875
vt 0.734375 0.71875
vt 0.546875 0.734375
vt 0.703125 0.734375
vt 0.703125 0.71875
vt 0.546875 0.71875
vt 0.5 0.734375
vt 0.515625 0.734375
vt 0.515625 0.71875
vt 0.5 0.71875
vt 0.546875 0.734375
vt 0.703125 0.734375
vt 0.703125 0.71875
vt 0.546875 0.71875
vt 0.546875 0.734375
vt 0.703125 0.734375
vt 0.703125 0.71875
vt 0.546875 0.71875
vn 0 0 -1
vn 1 0 0
vn 0 0 1
vn -1 0 0
vn 0 1 0
vn 0 -1 0
usemtl m_3d215661-f591-00a8-53e2-d8d611c756be
f 621/2080/535 624/2079/535 622/2078/535 619/2077/535
f 620/2084/536 621/2083/536 619/2082/536 618/2081/536
f 625/2088/537 620/2087/537 618/2086/537 623/2085/537
f 624/2092/538 625/2091/538 623/2090/538 622/2089/538
f 623/2096/539 618/2095/539 619/2094/539 622/2093/539
f 624/2100/540 621/2099/540 620/2098/540 625/2097/540
o cube
v 0.328125 5.81875 -0.34375
v 0.328125 5.81875 -0.4375
v 0.328125 5 -0.34375
v 0.328125 5 -0.4375
v 0.265625 5.81875 -0.4375
v 0.265625 5.81875 -0.34375
v 0.265625 5 -0.4375
v 0.265625 5 -0.34375
vt 0 0.990625
vt 0.0625 0.990625
vt 0.0625 0.171875
vt 0 0.171875
vt 0.03125 0.990625
vt 0.125 0.990625
vt 0.125 0.171875
vt 0.03125 0.171875
vt 0.0625 0.990625
vt 0.125 0.990625
vt 0.125 0.171875
vt 0.0625 0.171875
vt 0 0.990625
vt 0.09375 0.990625
vt 0.09375 0.171875
vt 0 0.171875
vt 0.0625 1
vt 0.125 1
vt 0.125 0.90625
vt 0.0625 0.90625
vt 0.0625 0.96875
vt 0.125 0.96875
vt 0.125 0.875
vt 0.0625 0.875
vn 0 0 -1
vn 1 0 0
vn 0 0 1
vn -1 0 0
vn 0 1 0
vn 0 -1 0
usemtl m_b2af6bd8-ffc8-ff72-7f7b-7b18782af15d
f 629/2104/541 632/2103/541 630/2102/541 627/2101/541
f 628/2108/542 629/2107/542 627/2106/542 626/2105/542
f 633/2112/543 628/2111/543 626/2110/543 631/2109/543
f 632/2116/544 633/2115/544 631/2114/544 630/2113/544
f 631/2120/545 626/2119/545 627/2118/545 630/2117/545
f 632/2124/546 629/2123/546 628/2122/546 633/2121/546
o cube
v -0.265625 5.81875 -0.34375
v -0.265625 5.81875 -0.4375
v -0.265625 5 -0.34375
v -0.265625 5 -0.4375
v -0.328125 5.81875 -0.4375
v -0.328125 5.81875 -0.34375
v -0.328125 5 -0.4375
v -0.328125 5 -0.34375
vt 0 1
vt 0.0625 1
vt 0.0625 0.18125000000000002
vt 0 0.18125000000000002
vt 0.03125 1
vt 0.125 1
vt 0.125 0.18125000000000002
vt 0.03125 0.18125000000000002
vt 0.0625 1
vt 0.125 1
vt 0.125 0.18125000000000002
vt 0.0625 0.18125000000000002
vt 0 1
vt 0.09375 1
vt 0.09375 0.18125000000000002
vt 0 0.18125000000000002
vt 0.0625 1
vt 0.125 1
vt 0.125 0.90625
vt 0.0625 0.90625
vt 0.0625 0.96875
vt 0.125 0.96875
vt 0.125 0.875
vt 0.0625 0.875
vn 0 0 -1
vn 1 0 0
vn 0 0 1
vn -1 0 0
vn 0 1 0
vn 0 -1 0
usemtl m_b2af6bd8-ffc8-ff72-7f7b-7b18782af15d
f 637/2128/547 640/2127/547 638/2126/547 635/2125/547
f 636/2132/548 637/2131/548 635/2130/548 634/2129/548
f 641/2136/549 636/2135/549 634/2134/549 639/2133/549
f 640/2140/550 641/2139/550 639/2138/550 638/2137/550
f 639/2144/551 634/2143/551 635/2142/551 638/2141/551
f 640/2148/552 637/2147/552 636/2146/552 641/2145/552
o cube
v -0.296875 5.21875 0.5625
v -0.296875 5.21875 0.21875
v -0.296875 5.1875 0.5625
v -0.296875 5.1875 0.21875
v -0.328125 5.21875 0.21875
v -0.328125 5.21875 0.5625
v -0.328125 5.1875 0.21875
v -0.328125 5.1875 0.5625
vt 0 1
vt 0.0625 1
vt 0.0625 0.9375
vt 0 0.9375
vt 0 1
vt 1 1
vt 1 0.9375
vt 0 0.9375
vt 0.0625 1
vt 0.125 1
vt 0.125 0.9375
vt 0.0625 0.9375
vt 0 1
vt 1 1
vt 1 0.9375
vt 0 0.9375
vt 0 1
vt 0.0625 1
vt 0.0625 0
vt 0 0
vt 0 1
vt 0.0625 1
vt 0.0625 0
vt 0 0
vn 0 0 -1
vn 1 0 0
vn 0 0 1
vn -1 0 0
vn 0 1 0
vn 0 -1 0
usemtl m_b2af6bd8-ffc8-ff72-7f7b-7b18782af15d
f 645/2152/553 648/2151/553 646/2150/553 643/2149/553
f 644/2156/554 645/2155/554 643/2154/554 642/2153/554
f 649/2160/555 644/2159/555 642/2158/555 647/2157/555
f 648/2164/556 649/2163/556 647/2162/556 646/2161/556
f 647/2168/557 642/2167/557 643/2166/557 646/2165/557
f 648/2172/558 645/2171/558 644/2170/558 649/2169/558
o cube
v 0.203125 4.3125 0.6875
v 0.203125 4.3125 0.21875
v 0.203125 4.25 0.6875
v 0.203125 4.25 0.21875
v -0.203125 4.3125 0.21875
v -0.203125 4.3125 0.6875
v -0.203125 4.25 0.21875
v -0.203125 4.25 0.6875
vt 0.34375 0.5625
vt 0.84375 0.5625
vt 0.84375 0.5
vt 0.34375 0.5
vt 0.46875 0.6875
vt 1 0.6875
vt 1 0.625
vt 0.46875 0.625
vt 0.21875 0.8125
vt 0.71875 0.8125
vt 0.71875 0.75
vt 0.21875 0.75
vt 0.3125 0.625
vt 0.84375 0.625
vt 0.84375 0.5625
vt 0.3125 0.5625
vt 0.15625 0.75
vt 0.65625 0.75
vt 0.65625 0.21875
vt 0.15625 0.21875
vt 0 0.90625
vt 0.5 0.90625
vt 0.5 0.375
vt 0 0.375
vn 0 0 -1
vn 1 0 0
vn 0 0 1
vn -1 0 0
vn 0 1 0
vn 0 -1 0
usemtl m_b2af6bd8-ffc8-ff72-7f7b-7b18782af15d
f 653/2176/559 656/2175/559 654/2174/559 651/2173/559
f 652/2180/560 653/2179/560 651/2178/560 650/2177/560
f 657/2184/561 652/2183/561 650/2182/561 655/2181/561
f 656/2188/562 657/2187/562 655/2186/562 654/2185/562
f 655/2192/563 650/2191/563 651/2190/563 654/2189/563
f 656/2196/564 653/2195/564 652/2194/564 657/2193/564
o cube
v -0.265625 5.21875 0.65625
v -0.265625 5.21875 0.5625
v -0.265625 5.1875 0.65625
v -0.265625 5.1875 0.5625
v -0.328125 5.21875 0.5625
v -0.328125 5.21875 0.65625
v -0.328125 5.1875 0.5625
v -0.328125 5.1875 0.65625
vt 0 0.96875
vt 0.0625 0.96875
vt 0.0625 0.9375
vt 0 0.9375
vt 0.84375 0.96875
vt 0.9375 0.96875
vt 0.9375 0.9375
vt 0.84375 0.9375
vt 0.0625 0.96875
vt 0.125 0.96875
vt 0.125 0.9375
vt 0.0625 0.9375
vt 0.0625 0.96875
vt 0.15625 0.96875
vt 0.15625 0.9375
vt 0.0625 0.9375
vt 0.0625 0.9375
vt 0.125 0.9375
vt 0.125 0.84375
vt 0.0625 0.84375
vt 0.0625 0.15625
vt 0.125 0.15625
vt 0.125 0.0625
vt 0.0625 0.0625
vn 0 0 -1
vn 1 0 0
vn 0 0 1
vn -1 0 0
vn 0 1 0
vn 0 -1 0
usemtl m_b2af6bd8-ffc8-ff72-7f7b-7b18782af15d
f 661/2200/565 664/2199/565 662/2198/565 659/2197/565
f 660/2204/566 661/2203/566 659/2202/566 658/2201/566
f 665/2208/567 660/2207/567 658/2206/567 663/2205/567
f 664/2212/568 665/2211/568 663/2210/568 662/2209/568
f 663/2216/569 658/2215/569 659/2214/569 662/2213/569
f 664/2220/570 661/2219/570 660/2218/570 665/2217/570
o cube
v 0.328125 5.21875 0.5625
v 0.328125 5.21875 0.21875
v 0.328125 5.1875 0.5625
v 0.328125 5.1875 0.21875
v 0.296875 5.21875 0.21875
v 0.296875 5.21875 0.5625
v 0.296875 5.1875 0.21875
v 0.296875 5.1875 0.5625
vt 0 0.96875
vt 0.03125 0.96875
vt 0.03125 0.9375
vt 0 0.9375
vt 0 0.96875
vt 0.34375 0.96875
vt 0.34375 0.9375
vt 0 0.9375
vt 0.09375 0.96875
vt 0.125 0.96875
vt 0.125 0.9375
vt 0.09375 0.9375
vt 0.65625 0.96875
vt 1 0.96875
vt 1 0.9375
vt 0.65625 0.9375
vt 0.09375 0.34375
vt 0.125 0.34375
vt 0.125 0
vt 0.09375 0
vt 0.09375 1
vt 0.125 1
vt 0.125 0.65625
vt 0.09375 0.65625
vn 0 0 -1
vn 1 0 0
vn 0 0 1
vn -1 0 0
vn 0 1 0
vn 0 -1 0
usemtl m_b2af6bd8-ffc8-ff72-7f7b-7b18782af15d
f 669/2224/571 672/2223/571 670/2222/571 667/2221/571
f 668/2228/572 669/2227/572 667/2226/572 666/2225/572
f 673/2232/573 668/2231/573 666/2230/573 671/2229/573
f 672/2236/574 673/2235/574 671/2234/574 670/2233/574
f 671/2240/575 666/2239/575 667/2238/575 670/2237/575
f 672/2244/576 669/2243/576 668/2242/576 673/2241/576
o cube
v 0.328125 5.21875 0.65625
v 0.328125 5.21875 0.5625
v 0.328125 5.1875 0.65625
v 0.328125 5.1875 0.5625
v 0.265625 5.21875 0.5625
v 0.265625 5.21875 0.65625
v 0.265625 5.1875 0.5625
v 0.265625 5.1875 0.65625
vt 0 0.96875
vt 0.0625 0.96875
vt 0.0625 0.9375
vt 0 0.9375
vt 0.84375 0.96875
vt 0.9375 0.96875
vt 0.9375 0.9375
vt 0.84375 0.9375
vt 0.0625 0.96875
vt 0.125 0.96875
vt 0.125 0.9375
vt 0.0625 0.9375
vt 0.0625 0.96875
vt 0.15625 0.96875
vt 0.15625 0.9375
vt 0.0625 0.9375
vt 0.0625 0.9375
vt 0.125 0.9375
vt 0.125 0.84375
vt 0.0625 0.84375
vt 0.0625 0.15625
vt 0.125 0.15625
vt 0.125 0.0625
vt 0.0625 0.0625
vn 0 0 -1
vn 1 0 0
vn 0 0 1
vn -1 0 0
vn 0 1 0
vn 0 -1 0
usemtl m_b2af6bd8-ffc8-ff72-7f7b-7b18782af15d
f 677/2248/577 680/2247/577 678/2246/577 675/2245/577
f 676/2252/578 677/2251/578 675/2250/578 674/2249/578
f 681/2256/579 676/2255/579 674/2254/579 679/2253/579
f 680/2260/580 681/2259/580 679/2258/580 678/2257/580
f 679/2264/581 674/2263/581 675/2262/581 678/2261/581
f 680/2268/582 677/2267/582 676/2266/582 681/2265/582
o cube
v 0.328125 5 -0.34375
v 0.328125 5 -0.4375
v 0.328125 4.96875 -0.34375
v 0.328125 4.96875 -0.4375
v -0.328125 5 -0.4375
v -0.328125 5 -0.34375
v -0.328125 4.96875 -0.4375
v -0.328125 4.96875 -0.34375
vt 0.046875 1
vt 0.703125 1
vt 0.703125 0.96875
vt 0.046875 0.96875
vt 0.03125 1
vt 0.125 1
vt 0.125 0.96875
vt 0.03125 0.96875
vt 0.046875 1
vt 0.703125 1
vt 0.703125 0.96875
vt 0.046875 0.96875
vt 0 1
vt 0.09375 1
vt 0.09375 0.96875
vt 0 0.96875
vt 0.046875 1
vt 0.703125 1
vt 0.703125 0.90625
vt 0.046875 0.90625
vt 0.046875 0.96875
vt 0.703125 0.96875
vt 0.703125 0.875
vt 0.046875 0.875
vn 0 0 -1
vn 1 0 0
vn 0 0 1
vn -1 0 0
vn 0 1 0
vn 0 -1 0
usemtl m_b2af6bd8-ffc8-ff72-7f7b-7b18782af15d
f 685/2272/583 688/2271/583 686/2270/583 683/2269/583
f 684/2276/584 685/2275/584 683/2274/584 682/2273/584
f 689/2280/585 684/2279/585 682/2278/585 687/2277/585
f 688/2284/586 689/2283/586 687/2282/586 686/2281/586
f 687/2288/587 682/2287/587 683/2286/587 686/2285/587
f 688/2292/588 685/2291/588 684/2290/588 689/2289/588
o cube
v 0.109375 4.78125 -0.34375
v 0.109375 4.78125 -0.4375
v 0.109375 4.75 -0.34375
v 0.109375 4.75 -0.4375
v -0.109375 4.78125 -0.4375
v -0.109375 4.78125 -0.34375
v -0.109375 4.75 -0.4375
v -0.109375 4.75 -0.34375
vt 0.265625 0.96875
vt 0.484375 0.96875
vt 0.484375 0.9375
vt 0.265625 0.9375
vt 0.03125 0.96875
vt 0.125 0.96875
vt 0.125 0.9375
vt 0.03125 0.9375
vt 0.265625 0.96875
vt 0.484375 0.96875
vt 0.484375 0.9375
vt 0.265625 0.9375
vt 0 0.96875
vt 0.09375 0.96875
vt 0.09375 0.9375
vt 0 0.9375
vt 0.265625 1
vt 0.484375 1
vt 0.484375 0.90625
vt 0.265625 0.90625
vt 0.265625 0.96875
vt 0.484375 0.96875
vt 0.484375 0.875
vt 0.265625 0.875
vn 0 0 -1
vn 1 0 0
vn 0 0 1
vn -1 0 0
vn 0 1 0
vn 0 -1 0
usemtl m_b2af6bd8-ffc8-ff72-7f7b-7b18782af15d
f 693/2296/589 696/2295/589 694/2294/589 691/2293/589
f 692/2300/590 693/2299/590 691/2298/590 690/2297/590
f 697/2304/591 692/2303/591 690/2302/591 695/2301/591
f 696/2308/592 697/2307/592 695/2306/592 694/2305/592
f 695/2312/593 690/2311/593 691/2310/593 694/2309/593
f 696/2316/594 693/2315/594 692/2314/594 697/2313/594
o cube
v 0.0625 4.78125 -0.21875
v 0.0625 4.78125 -0.34375
v 0.0625 4.75 -0.21875
v 0.0625 4.75 -0.34375
v -0.0625 4.78125 -0.34375
v -0.0625 4.78125 -0.21875
v -0.0625 4.75 -0.34375
v -0.0625 4.75 -0.21875
vt 0.3125 0.96875
vt 0.4375 0.96875
vt 0.4375 0.9375
vt 0.3125 0.9375
vt 0.03125 0.96875
vt 0.15625 0.96875
vt 0.15625 0.9375
vt 0.03125 0.9375
vt 0.3125 0.96875
vt 0.4375 0.96875
vt 0.4375 0.9375
vt 0.3125 0.9375
vt 0.03125 0.96875
vt 0.15625 0.96875
vt 0.15625 0.9375
vt 0.03125 0.9375
vt 0.3125 0.96875
vt 0.4375 0.96875
vt 0.4375 0.84375
vt 0.3125 0.84375
vt 0.3125 0.96875
vt 0.4375 0.96875
vt 0.4375 0.84375
vt 0.3125 0.84375
vn 0 0 -1
vn 1 0 0
vn 0 0 1
vn -1 0 0
vn 0 1 0
vn 0 -1 0
usemtl m_b2af6bd8-ffc8-ff72-7f7b-7b18782af15d
f 701/2320/595 704/2319/595 702/2318/595 699/2317/595
f 700/2324/596 701/2323/596 699/2322/596 698/2321/596
f 705/2328/597 700/2327/597 698/2326/597 703/2325/597
f 704/2332/598 705/2331/598 703/2330/598 702/2329/598
f 703/2336/599 698/2335/599 699/2334/599 702/2333/599
f 704/2340/600 701/2339/600 700/2338/600 705/2337/600
o cube
v -0.08917352198356213 4.77399291845604 -0.3375
v -0.08917352198356213 4.77399291845604 -0.43125
v -0.11127060889564175 4.75189583154396 -0.3375
v -0.11127060889564175 4.75189583154396 -0.43125
v -0.3060277038126378 4.990847100285116 -0.43125
v -0.3060277038126378 4.990847100285116 -0.3375
v -0.32812479072471745 4.968750013373036 -0.43125
v -0.32812479072471745 4.968750013373036 -0.3375
vt 0.193321875 0.96875
vt 0.5 0.96875
vt 0.5 0.9375
vt 0.193321875 0.9375
vt 0.03125 0.96875
vt 0.125 0.96875
vt 0.125 0.9375
vt 0.03125 0.9375
vt 0.25 0.96875
vt 0.556678125 0.96875
vt 0.556678125 0.9375
vt 0.25 0.9375
vt 0 0.96875
vt 0.09375 0.96875
vt 0.09375 0.9375
vt 0 0.9375
vt 0.25 1
vt 0.556678125 1
vt 0.556678125 0.90625
vt 0.25 0.90625
vt 0.25 0.96875
vt 0.556678125 0.96875
vt 0.556678125 0.875
vt 0.25 0.875
vn 0 0 -1
vn 0.7071067811865475 -0.7071067811865476 0
vn 0 0 1
vn -0.7071067811865475 0.7071067811865476 0
vn 0.7071067811865476 0.7071067811865475 0
vn -0.7071067811865476 -0.7071067811865475 0
usemtl m_b2af6bd8-ffc8-ff72-7f7b-7b18782af15d
f 709/2344/601 712/2343/601 710/2342/601 707/2341/601
f 708/2348/602 709/2347/602 707/2346/602 706/2345/602
f 713/2352/603 708/2351/603 706/2350/603 711/2349/603
f 712/2356/604 713/2355/604 711/2354/604 710/2353/604
f 711/2360/605 706/2359/605 707/2358/605 710/2357/605
f 712/2364/606 709/2363/606 708/2362/606 713/2361/606
o cube
v 0.3060277119120796 4.990847108384558 -0.3375
v 0.3060277119120796 4.990847108384558 -0.43125
v 0.32812479882415924 4.968750021472478 -0.3375
v 0.32812479882415924 4.968750021472478 -0.43125
v 0.08917353008300397 4.773992926555482 -0.43125
v 0.08917353008300397 4.773992926555482 -0.3375
v 0.11127061699508359 4.751895839643402 -0.43125
v 0.11127061699508359 4.751895839643402 -0.3375
vt 0.25 0.96875
vt 0.556678125 0.96875
vt 0.556678125 0.9375
vt 0.25 0.9375
vt 0.03125 0.96875
vt 0.125 0.96875
vt 0.125 0.9375
vt 0.03125 0.9375
vt 0.296875 0.96875
vt 0.603553125 0.96875
vt 0.603553125 0.9375
vt 0.296875 0.9375
vt 0 0.96875
vt 0.09375 0.96875
vt 0.09375 0.9375
vt 0 0.9375
vt 0.296875 1
vt 0.603553125 1
vt 0.603553125 0.90625
vt 0.296875 0.90625
vt 0.296875 0.96875
vt 0.603553125 0.96875
vt 0.603553125 0.875
vt 0.296875 0.875
vn 0 0 -1
vn 0.7071067811865475 0.7071067811865476 0
vn 0 0 1
vn -0.7071067811865475 -0.7071067811865476 0
vn -0.7071067811865476 0.7071067811865475 0
vn 0.7071067811865476 -0.7071067811865475 0
usemtl m_b2af6bd8-ffc8-ff72-7f7b-7b18782af15d
f 717/2368/607 720/2367/607 718/2366/607 715/2365/607
f 716/2372/608 717/2371/608 715/2370/608 714/2369/608
f 721/2376/609 716/2375/609 714/2374/609 719/2373/609
f 720/2380/610 721/2379/610 719/2378/610 718/2377/610
f 719/2384/611 714/2383/611 715/2382/611 718/2381/611
f 720/2388/612 717/2387/612 716/2386/612 721/2385/612
o cube
v 0.06875 5.0625 -0.1875
v 0.06875 5.0625 -0.3125
v 0.06875 4.9375 -0.1875
v 0.06875 4.9375 -0.3125
v -0.06875 5.0625 -0.3125
v -0.06875 5.0625 -0.1875
v -0.06875 4.9375 -0.3125
v -0.06875 4.9375 -0.1875
vt 0.0125 1
vt 0.15 1
vt 0.15 0.875
vt 0.0125 0.875
vt 0 1
vt 0.125 1
vt 0.125 0.875
vt 0 0.875
vt 0 1
vt 0.1375 1
vt 0.1375 0.875
vt 0 0.875
vt 0 1
vt 0.125 1
vt 0.125 0.875
vt 0 0.875
vt 0 1
vt 0.1375 1
vt 0.1375 0.875
vt 0 0.875
vt 0 1
vt 0.1375 1
vt 0.1375 0.875
vt 0 0.875
vn 0 0 -1
vn 1 0 0
vn 0 0 1
vn -1 0 0
vn 0 1 0
vn 0 -1 0
usemtl m_b2af6bd8-ffc8-ff72-7f7b-7b18782af15d
f 725/2392/613 728/2391/613 726/2390/613 723/2389/613
f 724/2396/614 725/2395/614 723/2394/614 722/2393/614
f 729/2400/615 724/2399/615 722/2398/615 727/2397/615
f 728/2404/616 729/2403/616 727/2402/616 726/2401/616
f 727/2408/617 722/2407/617 723/2406/617 726/2405/617
f 728/2412/618 725/2411/618 724/2410/618 729/2409/618
o cube
v -0.296875 5.8125 -0.21875
v -0.296875 5.8125 -0.34375
v -0.296875 5.78125 -0.21875
v -0.296875 5.78125 -0.34375
v -0.328125 5.8125 -0.34375
v -0.328125 5.8125 -0.21875
v -0.328125 5.78125 -0.34375
v -0.328125 5.78125 -0.21875
vt 0 1
vt 0.03125 1
vt 0.03125 0.96875
vt 0 0.96875
vt 0 1
vt 0.125 1
vt 0.125 0.96875
vt 0 0.96875
vt 0.09375 1
vt 0.125 1
vt 0.125 0.96875
vt 0.09375 0.96875
vt 0.0625 1
vt 0.1875 1
vt 0.1875 0.96875
vt 0.0625 0.96875
vt 0.09375 0.9375
vt 0.125 0.9375
vt 0.125 0.8125
vt 0.09375 0.8125
vt 0.09375 1
vt 0.125 1
vt 0.125 0.875
vt 0.09375 0.875
vn 0 0 -1
vn 1 0 0
vn 0 0 1
vn -1 0 0
vn 0 1 0
vn 0 -1 0
usemtl m_b2af6bd8-ffc8-ff72-7f7b-7b18782af15d
f 733/2416/619 736/2415/619 734/2414/619 731/2413/619
f 732/2420/620 733/2419/620 731/2418/620 730/2417/620
f 737/2424/621 732/2423/621 730/2422/621 735/2421/621
f 736/2428/622 737/2427/622 735/2426/622 734/2425/622
f 735/2432/623 730/2431/623 731/2430/623 734/2429/623
f 736/2436/624 733/2435/624 732/2434/624 737/2433/624
o cube
v -0.296875 5.15625 -0.21875
v -0.296875 5.15625 -0.34375
v -0.296875 5.125 -0.21875
v -0.296875 5.125 -0.34375
v -0.328125 5.15625 -0.34375
v -0.328125 5.15625 -0.21875
v -0.328125 5.125 -0.34375
v -0.328125 5.125 -0.21875
vt 0 1
vt 0.03125 1
vt 0.03125 0.96875
vt 0 0.96875
vt 0 1
vt 0.125 1
vt 0.125 0.96875
vt 0 0.96875
vt 0.09375 1
vt 0.125 1
vt 0.125 0.96875
vt 0.09375 0.96875
vt 0.0625 1
vt 0.1875 1
vt 0.1875 0.96875
vt 0.0625 0.96875
vt 0.09375 0.9375
vt 0.125 0.9375
vt 0.125 0.8125
vt 0.09375 0.8125
vt 0.09375 1
vt 0.125 1
vt 0.125 0.875
vt 0.09375 0.875
vn 0 0 -1
vn 1 0 0
vn 0 0 1
vn -1 0 0
vn 0 1 0
vn 0 -1 0
usemtl m_b2af6bd8-ffc8-ff72-7f7b-7b18782af15d
f 741/2440/625 744/2439/625 742/2438/625 739/2437/625
f 740/2444/626 741/2443/626 739/2442/626 738/2441/626
f 745/2448/627 740/2447/627 738/2446/627 743/2445/627
f 744/2452/628 745/2451/628 743/2450/628 742/2449/628
f 743/2456/629 738/2455/629 739/2454/629 742/2453/629
f 744/2460/630 741/2459/630 740/2458/630 745/2457/630
o cube
v 0.328125 5.78125 -0.1875
v 0.328125 5.78125 -0.21875
v 0.328125 5.15625 -0.1875
v 0.328125 5.15625 -0.21875
v 0.296875 5.78125 -0.21875
v 0.296875 5.78125 -0.1875
v 0.296875 5.15625 -0.21875
v 0.296875 5.15625 -0.1875
vt 0.03125 0.96875
vt 0.0625 0.96875
vt 0.0625 0.34375
vt 0.03125 0.34375
vt 0.09375 0.96875
vt 0.125 0.96875
vt 0.125 0.34375
vt 0.09375 0.34375
vt 0.0625 0.96875
vt 0.09375 0.96875
vt 0.09375 0.34375
vt 0.0625 0.34375
vt 0 0.96875
vt 0.03125 0.96875
vt 0.03125 0.34375
vt 0 0.34375
vt 0.0625 1
vt 0.09375 1
vt 0.09375 0.96875
vt 0.0625 0.96875
vt 0.0625 0.90625
vt 0.09375 0.90625
vt 0.09375 0.875
vt 0.0625 0.875
vn 0 0 -1
vn 1 0 0
vn 0 0 1
vn -1 0 0
vn 0 1 0
vn 0 -1 0
usemtl m_b2af6bd8-ffc8-ff72-7f7b-7b18782af15d
f 749/2464/631 752/2463/631 750/2462/631 747/2461/631
f 748/2468/632 749/2467/632 747/2466/632 746/2465/632
f 753/2472/633 748/2471/633 746/2470/633 751/2469/633
f 752/2476/634 753/2475/634 751/2474/634 750/2473/634
f 751/2480/635 746/2479/635 747/2478/635 750/2477/635
f 752/2484/636 749/2483/636 748/2482/636 753/2481/636
o cube
v 0.328125 5.15625 -0.1875
v 0.328125 5.15625 -0.21875
v 0.328125 5.125 -0.21875
v 0.296875 5.15625 -0.1875
v 0.296875 5.15625 -0.21875
v 0.296875 5.125 -0.21875
vt 0.125 0.9375
vt 0.09375 0.9375
vt 0.09375 0.90625
vt 0.03125 0.9375
vt 0 0.9375
vt 0.03125 0.90625
vt 0.125 0.96875
vt 0.125 1
vt 0.0625 1
vt 0.0625 0.96875
vt 0.125 0.90625
vt 0.125 0.9375
vt 0.0625 0.9375
vt 0.0625 0.90625
vt 0.0625 0.90625
vt 0.0625 0.9375
vt 0 0.9375
vt 0 0.90625
vn 1 0 0
vn -1 0 0
vn 0 1 0
vn 0 -0.7071067811865476 0.7071067811865476
vn 0 0 -1
usemtl m_b2af6bd8-ffc8-ff72-7f7b-7b18782af15d
f 755/2485/637 754/2486/637 756/2487/637
f 757/2488/638 758/2489/638 759/2490/638
f 754/2491/639 755/2492/639 758/2493/639 757/2494/639
f 756/2495/640 754/2496/640 757/2497/640 759/2498/640
f 759/2499/641 758/2500/641 755/2501/641 756/2502/641
o cube
v 0.328125 5.8125 -0.21875
v 0.328125 5.8125 -0.34375
v 0.328125 5.78125 -0.21875
v 0.328125 5.78125 -0.34375
v 0.296875 5.8125 -0.34375
v 0.296875 5.8125 -0.21875
v 0.296875 5.78125 -0.34375
v 0.296875 5.78125 -0.21875
vt 0.03125 1
vt 0.0625 1
vt 0.0625 0.96875
vt 0.03125 0.96875
vt 0 1
vt 0.125 1
vt 0.125 0.96875
vt 0 0.96875
vt 0.0625 1
vt 0.09375 1
vt 0.09375 0.96875
vt 0.0625 0.96875
vt 0.0625 1
vt 0.1875 1
vt 0.1875 0.96875
vt 0.0625 0.96875
vt 0.0625 0.9375
vt 0.09375 0.9375
vt 0.09375 0.8125
vt 0.0625 0.8125
vt 0.0625 1
vt 0.09375 1
vt 0.09375 0.875
vt 0.0625 0.875
vn 0 0 -1
vn 1 0 0
vn 0 0 1
vn -1 0 0
vn 0 1 0
vn 0 -1 0
usemtl m_b2af6bd8-ffc8-ff72-7f7b-7b18782af15d
f 763/2506/642 766/2505/642 764/2504/642 761/2503/642
f 762/2510/643 763/2509/643 761/2508/643 760/2507/643
f 767/2514/644 762/2513/644 760/2512/644 765/2511/644
f 766/2518/645 767/2517/645 765/2516/645 764/2515/645
f 765/2522/646 760/2521/646 761/2520/646 764/2519/646
f 766/2526/647 763/2525/647 762/2524/647 767/2523/647
o cube
v 0.328125 5.8125 -0.21875
v 0.328125 5.78125 -0.1875
v 0.328125 5.78125 -0.21875
v 0.296875 5.8125 -0.21875
v 0.296875 5.78125 -0.1875
v 0.296875 5.78125 -0.21875
vt 0.15625 1
vt 0.1875 0.96875
vt 0.15625 0.96875
vt 0.03125 1
vt 0.03125 0.96875
vt 0 0.96875
vt 0.125 0.8125
vt 0.125 0.84375
vt 0.0625 0.84375
vt 0.0625 0.8125
vt 0.125 0.96875
vt 0.125 1
vt 0.0625 1
vt 0.0625 0.96875
vt 0.0625 0.96875
vt 0.0625 1
vt 0 1
vt 0 0.96875
vn -1 0 0
vn 1 0 0
vn 0 -1 0
vn 0 0.7071067811865476 0.7071067811865476
vn 0 0 -1
usemtl m_b2af6bd8-ffc8-ff72-7f7b-7b18782af15d
f 768/2527/648 770/2528/648 769/2529/648
f 771/2530/649 772/2531/649 773/2532/649
f 770/2533/650 769/2534/650 772/2535/650 773/2536/650
f 769/2537/651 768/2538/651 771/2539/651 772/2540/651
f 773/2541/652 771/2542/652 768/2543/652 770/2544/652
o cube
v -0.296875 5.8125 -0.21875
v -0.296875 5.78125 -0.1875
v -0.296875 5.78125 -0.21875
v -0.328125 5.8125 -0.21875
v -0.328125 5.78125 -0.1875
v -0.328125 5.78125 -0.21875
vt 0.15625 1
vt 0.1875 0.96875
vt 0.15625 0.96875
vt 0.03125 1
vt 0.03125 0.96875
vt 0 0.96875
vt 0.125 0.8125
vt 0.125 0.84375
vt 0.0625 0.84375
vt 0.0625 0.8125
vt 0.125 0.96875
vt 0.125 1
vt 0.0625 1
vt 0.0625 0.96875
vt 0.0625 0.96875
vt 0.0625 1
vt 0 1
vt 0 0.96875
vn -1 0 0
vn 1 0 0
vn 0 -1 0
vn 0 0.7071067811865476 0.7071067811865476
vn 0 0 -1
usemtl m_b2af6bd8-ffc8-ff72-7f7b-7b18782af15d
f 774/2545/653 776/2546/653 775/2547/653
f 777/2548/654 778/2549/654 779/2550/654
f 776/2551/655 775/2552/655 778/2553/655 779/2554/655
f 775/2555/656 774/2556/656 777/2557/656 778/2558/656
f 779/2559/657 777/2560/657 774/2561/657 776/2562/657
o cube
v 0.328125 5.15625 -0.21875
v 0.328125 5.15625 -0.34375
v 0.328125 5.125 -0.21875
v 0.328125 5.125 -0.34375
v 0.296875 5.15625 -0.34375
v 0.296875 5.15625 -0.21875
v 0.296875 5.125 -0.34375
v 0.296875 5.125 -0.21875
vt 0.03125 1
vt 0.0625 1
vt 0.0625 0.96875
vt 0.03125 0.96875
vt 0 1
vt 0.125 1
vt 0.125 0.96875
vt 0 0.96875
vt 0.0625 1
vt 0.09375 1
vt 0.09375 0.96875
vt 0.0625 0.96875
vt 0.0625 1
vt 0.1875 1
vt 0.1875 0.96875
vt 0.0625 0.96875
vt 0.0625 0.9375
vt 0.09375 0.9375
vt 0.09375 0.8125
vt 0.0625 0.8125
vt 0.0625 1
vt 0.09375 1
vt 0.09375 0.875
vt 0.0625 0.875
vn 0 0 -1
vn 1 0 0
vn 0 0 1
vn -1 0 0
vn 0 1 0
vn 0 -1 0
usemtl m_b2af6bd8-ffc8-ff72-7f7b-7b18782af15d
f 783/2566/658 786/2565/658 784/2564/658 781/2563/658
f 782/2570/659 783/2569/659 781/2568/659 780/2567/659
f 787/2574/660 782/2573/660 780/2572/660 785/2571/660
f 786/2578/661 787/2577/661 785/2576/661 784/2575/661
f 785/2582/662 780/2581/662 781/2580/662 784/2579/662
f 786/2586/663 783/2585/663 782/2584/663 787/2583/663
o cube
v -0.296875 5.78125 -0.1875
v -0.296875 5.78125 -0.21875
v -0.296875 5.15625 -0.1875
v -0.296875 5.15625 -0.21875
v -0.328125 5.78125 -0.21875
v -0.328125 5.78125 -0.1875
v -0.328125 5.15625 -0.21875
v -0.328125 5.15625 -0.1875
vt 0 0.96875
vt 0.03125 0.96875
vt 0.03125 0.34375
vt 0 0.34375
vt 0.09375 0.96875
vt 0.125 0.96875
vt 0.125 0.34375
vt 0.09375 0.34375
vt 0.09375 0.96875
vt 0.125 0.96875
vt 0.125 0.34375
vt 0.09375 0.34375
vt 0 0.96875
vt 0.03125 0.96875
vt 0.03125 0.34375
vt 0 0.34375
vt 0.09375 1
vt 0.125 1
vt 0.125 0.96875
vt 0.09375 0.96875
vt 0.09375 0.90625
vt 0.125 0.90625
vt 0.125 0.875
vt 0.09375 0.875
vn 0 0 -1
vn 1 0 0
vn 0 0 1
vn -1 0 0
vn 0 1 0
vn 0 -1 0
usemtl m_b2af6bd8-ffc8-ff72-7f7b-7b18782af15d
f 791/2590/664 794/2589/664 792/2588/664 789/2587/664
f 790/2594/665 791/2593/665 789/2592/665 788/2591/665
f 795/2598/666 790/2597/666 788/2596/666 793/2595/666
f 794/2602/667 795/2601/667 793/2600/667 792/2599/667
f 793/2606/668 788/2605/668 789/2604/668 792/2603/668
f 794/2610/669 791/2609/669 790/2608/669 795/2607/669
o cube
v -0.296875 5.15625 -0.1875
v -0.296875 5.15625 -0.21875
v -0.296875 5.125 -0.21875
v -0.328125 5.15625 -0.1875
v -0.328125 5.15625 -0.21875
v -0.328125 5.125 -0.21875
vt 0.125 0.9375
vt 0.09375 0.9375
vt 0.09375 0.90625
vt 0.03125 0.9375
vt 0 0.9375
vt 0.03125 0.90625
vt 0.125 0.96875
vt 0.125 1
vt 0.0625 1
vt 0.0625 0.96875
vt 0.125 0.90625
vt 0.125 0.9375
vt 0.0625 0.9375
vt 0.0625 0.90625
vt 0.0625 0.90625
vt 0.0625 0.9375
vt 0 0.9375
vt 0 0.90625
vn 1 0 0
vn -1 0 0
vn 0 1 0
vn 0 -0.7071067811865476 0.7071067811865476
vn 0 0 -1
usemtl m_b2af6bd8-ffc8-ff72-7f7b-7b18782af15d
f 797/2611/670 796/2612/670 798/2613/670
f 799/2614/671 800/2615/671 801/2616/671
f 796/2617/672 797/2618/672 800/2619/672 799/2620/672
f 798/2621/673 796/2622/673 799/2623/673 801/2624/673
f 801/2625/674 800/2626/674 797/2627/674 798/2628/674
o cube
v 0.203125 4.3125 0.68125
v 0.0625 4.25 0.21875
v 0.203125 4.25 0.68125
v 0.0625 4.1875 0.21875
v 0.140625 4.3125 0.68125
v 0 4.25 0.21875
v 0.140625 4.25 0.68125
v 0 4.1875 0.21875
vt 0.5 0.9375
vt 0.5 1
vt 0.03125 1
vt 0.03125 0.9375
vt 0.46875 0.9375
vt 0.46875 1
vt 0 1
vt 0 0.9375
vt 0.125 0.53125
vt 0.125 1
vt 0.0625 1
vt 0.0625 0.53125
vt 0.125 0.5
vt 0.125 0.96875
vt 0.0625 0.96875
vt 0.0625 0.5
vt 0.125 0.9375
vt 0.125 1
vt 0.0625 1
vt 0.0625 0.9375
vt 0.0625 0.9375
vt 0.0625 1
vt 0 1
vt 0 0.9375
vn 0.9567521361388583 0 -0.29090436571789613
vn -0.9567521361388583 0 0.29090436571789613
vn 0 0.9909924304103234 -0.13391789600139506
vn 0 -0.9909924304103234 0.133917896001395
vn 0 0 1
vn 0 0 -1
usemtl m_b2af6bd8-ffc8-ff72-7f7b-7b18782af15d
f 805/2629/675 803/2630/675 802/2631/675 804/2632/675
f 808/2633/676 806/2634/676 807/2635/676 809/2636/676
f 802/2637/677 803/2638/677 807/2639/677 806/2640/677
f 805/2641/678 804/2642/678 808/2643/678 809/2644/678
f 804/2645/679 802/2646/679 806/2647/679 808/2648/679
f 809/2649/680 807/2650/680 803/2651/680 805/2652/680
o cube
v -0.140625 4.3125 0.68125
v 0 4.25 0.21875
v -0.140625 4.25 0.68125
v 0 4.1875 0.21875
v -0.203125 4.3125 0.68125
v -0.0625 4.25 0.21875
v -0.203125 4.25 0.68125
v -0.0625 4.1875 0.21875
vt 0.5 0.9375
vt 0.5 1
vt 0.03125 1
vt 0.03125 0.9375
vt 0.46875 0.9375
vt 0.46875 1
vt 0 1
vt 0 0.9375
vt 0.125 0.53125
vt 0.125 1
vt 0.0625 1
vt 0.0625 0.53125
vt 0.125 0.5
vt 0.125 0.96875
vt 0.0625 0.96875
vt 0.0625 0.5
vt 0.125 0.9375
vt 0.125 1
vt 0.0625 1
vt 0.0625 0.9375
vt 0.0625 0.9375
vt 0.0625 1
vt 0 1
vt 0 0.9375
vn 0.9567521361388583 0 0.29090436571789613
vn -0.9567521361388583 0 -0.29090436571789613
vn 0 0.9909924304103234 -0.133917896001395
vn 0 -0.9909924304103234 0.13391789600139506
vn 0 0 1
vn 0 0 -1
usemtl m_b2af6bd8-ffc8-ff72-7f7b-7b18782af15d
f 813/2653/681 811/2654/681 810/2655/681 812/2656/681
f 816/2657/682 814/2658/682 815/2659/682 817/2660/682
f 810/2661/683 811/2662/683 815/2663/683 814/2664/683
f 813/2665/684 812/2666/684 816/2667/684 817/2668/684
f 812/2669/685 810/2670/685 814/2671/685 816/2672/685
f 817/2673/686 815/2674/686 811/2675/686 813/2676/686
o circle
v 0.140625 6.975 -0.534375
v 0.165745 7.06875 -0.534375
v 0.209255 7.043629999999999 -0.534375
v 0.234375 7.00012 -0.534375
v 0.234375 6.949879999999999 -0.534375
v 0.209255 6.90637 -0.534375
v 0.165745 6.88125 -0.534375
v 0.115505 6.88125 -0.534375
v 0.071995 6.90637 -0.534375
v 0.046875 6.949879999999999 -0.534375
v 0.046875 7.00012 -0.534375
v 0.071995 7.043629999999999 -0.534375
v 0.115505 7.06875 -0.534375
vt 0.3247625 0.6752374999999999
vt 0.375 0.7622625000000001
vt 0.1875 0.8125
vt 0.375 0.7622625000000001
vt 0.375 0.8627374999999999
vt 0.1875 0.8125
vt 0.375 0.8627374999999999
vt 0.3247625 0.9497625
vt 0.1875 0.8125
vt 0.3247625 0.9497625
vt 0.2377375 1
vt 0.1875 0.8125
vt 0.2377375 1
vt 0.1372625 1
vt 0.1875 0.8125
vt 0.1372625 1
vt 0.0502375 0.9497625
vt 0.1875 0.8125
vt 0.0502375 0.9497625
vt 0 0.8627374999999999
vt 0.1875 0.8125
vt 0 0.8627374999999999
vt 0 0.7622625000000001
vt 0.1875 0.8125
vt 0 0.7622625000000001
vt 0.0502375 0.6752374999999999
vt 0.1875 0.8125
vt 0.0502375 0.6752374999999999
vt 0.1372625 0.625
vt 0.1875 0.8125
vt 0.1372625 0.625
vt 0.2377375 0.625
vt 0.1875 0.8125
vt 0.2377375 0.625
vt 0.3247625 0.6752374999999999
vt 0.1875 0.8125
vn 0 2.220446049250313e-16 -1
vn 0 2.220446049250313e-16 -1
vn 0 2.220446049250313e-16 -1
vn 0 2.220446049250313e-16 -1
vn 0 2.220446049250313e-16 -1
vn 0 2.220446049250313e-16 -1
vn 0 2.220446049250313e-16 -1
vn 0 2.220446049250313e-16 -1
vn 0 2.220446049250313e-16 -1
vn 0 2.220446049250313e-16 -1
vn 0 2.220446049250313e-16 -1
vn 0 2.220446049250313e-16 -1
usemtl m_409504fd-f58c-4195-329e-2b61b82ac830
f 820/2677/687 821/2678/687 818/2679/687
f 821/2680/688 822/2681/688 818/2682/688
f 822/2683/689 823/2684/689 818/2685/689
f 823/2686/690 824/2687/690 818/2688/690
f 824/2689/691 825/2690/691 818/2691/691
f 825/2692/692 826/2693/692 818/2694/692
f 826/2695/693 827/2696/693 818/2697/693
f 827/2698/694 828/2699/694 818/2700/694
f 828/2701/695 829/2702/695 818/2703/695
f 829/2704/696 830/2705/696 818/2706/696
f 830/2707/697 819/2708/697 818/2709/697
f 819/2710/698 820/2711/698 818/2712/698
o tube
v 0.16783875 7.0765625 -0.5
v 0.16783875 7.0765625 -0.5625
v 0.160425 7.048895 -0.5
v 0.160425 7.048895 -0.5625
v 0.21497375000000002 7.04934875 -0.5
v 0.21497375000000002 7.04934875 -0.5625
v 0.19472 7.029095 -0.5
v 0.19472 7.029095 -0.5625
v 0.2421875 7.002213749999999 -0.5
v 0.2421875 7.002213749999999 -0.5625
v 0.21452 6.9948 -0.5
v 0.21452 6.9948 -0.5625
v 0.2421875 6.94778625 -0.5
v 0.2421875 6.94778625 -0.5625
v 0.21452 6.9552 -0.5
v 0.21452 6.9552 -0.5625
v 0.21497375000000002 6.900651249999999 -0.5
v 0.21497375000000002 6.900651249999999 -0.5625
v 0.19472 6.920904999999999 -0.5
v 0.19472 6.920904999999999 -0.5625
v 0.16783875 6.8734375 -0.5
v 0.16783875 6.8734375 -0.5625
v 0.160425 6.901104999999999 -0.5
v 0.160425 6.901104999999999 -0.5625
v 0.11341125 6.8734375 -0.5
v 0.11341125 6.8734375 -0.5625
v 0.120825 6.901104999999999 -0.5
v 0.120825 6.901104999999999 -0.5625
v 0.06627625 6.900651249999999 -0.5
v 0.06627625 6.900651249999999 -0.5625
v 0.08653 6.920904999999999 -0.5
v 0.08653 6.920904999999999 -0.5625
v 0.0390625 6.94778625 -0.5
v 0.0390625 6.94778625 -0.5625
v 0.06673 6.9552 -0.5
v 0.06673 6.9552 -0.5625
v 0.0390625 7.002213749999999 -0.5
v 0.0390625 7.002213749999999 -0.5625
v 0.06673 6.9948 -0.5
v 0.06673 6.9948 -0.5625
v 0.06627625 7.04934875 -0.5
v 0.06627625 7.04934875 -0.5625
v 0.08653 7.029095 -0.5
v 0.08653 7.029095 -0.5625
v 0.11341125 7.0765625 -0.5
v 0.11341125 7.0765625 -0.5625
v 0.120825 7.048895 -0.5
v 0.120825 7.048895 -0.5625
vt 0.296875 0.34375
vt 0.31048125 0.34375
vt 0.31048125 0.359375
vt 0.296875 0.359375
vt 0.306775 0.359375
vt 0.296875 0.359375
vt 0.296875 0.34375
vt 0.306775 0.34375
vt 0.296875 0.35752125
vt 0.296875 0.34762140625000004
vt 0.30379265625 0.3457678125
vt 0.30379203125 0.359375
vt 0.296875 0.3524575
vt 0.3104821875 0.3524575
vt 0.30862828125 0.359375
vt 0.2987284375 0.35937453124999996
vt 0.296875 0.34375
vt 0.31048125 0.34375
vt 0.31048125 0.359375
vt 0.296875 0.359375
vt 0.306775 0.359375
vt 0.296875 0.359375
vt 0.296875 0.34375
vt 0.306775 0.34375
vt 0.296875 0.3575215625
vt 0.296875 0.34762171875000003
vt 0.30379203125 0.3457678125
vt 0.30379265625 0.359375
vt 0.296875 0.3524575
vt 0.3104821875 0.3524575
vt 0.30862859375 0.35937453124999996
vt 0.29872890625 0.359375
vt 0.296875 0.34375
vt 0.31048125 0.34375
vt 0.31048125 0.359375
vt 0.296875 0.359375
vt 0.306775 0.359375
vt 0.296875 0.359375
vt 0.296875 0.34375
vt 0.306775 0.34375
vt 0.296875 0.357521875
vt 0.296875 0.34762187499999997
vt 0.3037921875 0.34576874999999996
vt 0.3037921875 0.359375
vt 0.3037921875 0.34576874999999996
vt 0.3037921875 0.359375
vt 0.296875 0.357521875
vt 0.296875 0.34762187499999997
vt 0.296875 0.34375
vt 0.31048125 0.34375
vt 0.31048125 0.359375
vt 0.296875 0.359375
vt 0.306775 0.359375
vt 0.296875 0.359375
vt 0.296875 0.34375
vt 0.306775 0.34375
vt 0.30862828125 0.359375
vt 0.2987284375 0.359375
vt 0.296875 0.35245734375000004
vt 0.3104821875 0.35245796875
vt 0.3037925 0.3457678125
vt 0.3037925 0.359375
vt 0.296875 0.35752109374999996
vt 0.29687546875 0.34762140625000004
vt 0.296875 0.34375
vt 0.31048125 0.34375
vt 0.31048125 0.359375
vt 0.296875 0.359375
vt 0.306775 0.359375
vt 0.296875 0.359375
vt 0.296875 0.34375
vt 0.306775 0.34375
vt 0.30862859375 0.359375
vt 0.29872875 0.359375
vt 0.296875 0.35245796875
vt 0.3104821875 0.35245734375000004
vt 0.3037925 0.3457678125
vt 0.3037925 0.359375
vt 0.29687546875 0.3575215625
vt 0.296875 0.34762171875000003
vt 0.296875 0.34375
vt 0.31048125 0.34375
vt 0.31048125 0.359375
vt 0.296875 0.359375
vt 0.306775 0.359375
vt 0.296875 0.359375
vt 0.296875 0.34375
vt 0.306775 0.34375
vt 0.308628125 0.359375
vt 0.298728125 0.359375
vt 0.296875 0.35245781249999997
vt 0.31048125 0.35245781249999997
vt 0.31048125 0.359375
vt 0.296875 0.359375
vt 0.298728125 0.35245781249999997
vt 0.308628125 0.35245781249999997
vt 0.296875 0.34375
vt 0.31048125 0.34375
vt 0.31048125 0.359375
vt 0.296875 0.359375
vt 0.306775 0.359375
vt 0.296875 0.359375
vt 0.296875 0.34375
vt 0.306775 0.34375
vt 0.30379265625 0.34762171875000003
vt 0.30379265625 0.3575215625
vt 0.296875 0.359375
vt 0.296875625 0.3457678125
vt 0.3104821875 0.359375
vt 0.296875 0.359375
vt 0.29872890625 0.3524575
vt 0.30862859375 0.35245796875
vt 0.296875 0.34375
vt 0.31048125 0.34375
vt 0.31048125 0.359375
vt 0.296875 0.359375
vt 0.306775 0.359375
vt 0.296875 0.359375
vt 0.296875 0.34375
vt 0.306775 0.34375
vt 0.30379265625 0.34762140625000004
vt 0.30379265625 0.35752125
vt 0.296875625 0.359375
vt 0.296875 0.3457678125
vt 0.3104821875 0.359375
vt 0.296875 0.359375
vt 0.2987284375 0.35245796875
vt 0.30862828125 0.3524575
vt 0.296875 0.34375
vt 0.31048125 0.34375
vt 0.31048125 0.359375
vt 0.296875 0.359375
vt 0.306775 0.359375
vt 0.296875 0.359375
vt 0.296875 0.34375
vt 0.306775 0.34375
vt 0.3037921875 0.34762187499999997
vt 0.3037921875 0.357521875
vt 0.296875 0.359375
vt 0.296875 0.34576874999999996
vt 0.296875 0.359375
vt 0.296875 0.34576874999999996
vt 0.3037921875 0.34762187499999997
vt 0.3037921875 0.357521875
vt 0.296875 0.34375
vt 0.31048125 0.34375
vt 0.31048125 0.359375
vt 0.296875 0.359375
vt 0.306775 0.359375
vt 0.296875 0.359375
vt 0.296875 0.34375
vt 0.306775 0.34375
vt 0.29872875 0.35245734375000004
vt 0.30862859375 0.35245734375000004
vt 0.3104821875 0.359375
vt 0.296875 0.359374375
vt 0.296875 0.359375
vt 0.296875 0.3457678125
vt 0.3037925 0.34762171875000003
vt 0.30379203125 0.3575215625
vt 0.296875 0.34375
vt 0.31048125 0.34375
vt 0.31048125 0.359375
vt 0.296875 0.359375
vt 0.306775 0.359375
vt 0.296875 0.359375
vt 0.296875 0.34375
vt 0.306775 0.34375
vt 0.2987284375 0.35245734375000004
vt 0.30862828125 0.35245734375000004
vt 0.3104821875 0.359374375
vt 0.296875 0.359375
vt 0.296875 0.359375
vt 0.296875 0.3457678125
vt 0.30379203125 0.34762140625000004
vt 0.3037925 0.35752109374999996
vt 0.296875 0.34375
vt 0.31048125 0.34375
vt 0.31048125 0.359375
vt 0.296875 0.359375
vt 0.306775 0.359375
vt 0.296875 0.359375
vt 0.296875 0.34375
vt 0.306775 0.34375
vt 0.298728125 0.35245781249999997
vt 0.308628125 0.35245781249999997
vt 0.31048125 0.359375
vt 0.296875 0.359375
vt 0.296875 0.35245781249999997
vt 0.31048125 0.35245781249999997
vt 0.308628125 0.359375
vt 0.298728125 0.359375
vn 0.5000047549191339 0.8660226585131923 1.9229565906568708e-16
vn -0.4999956916624099 -0.8660278911900172 -1.9229682095334538e-16
vn 0 -2.220446049250313e-16 1
vn 0 2.220446049250313e-16 -1
vn 0.8660226585131923 0.5000047549191339 1.1102335826665619e-16
vn -0.8660278911900172 -0.4999956916624099 -1.1102134581939758e-16
vn 0 -2.220446049250313e-16 1
vn 0 2.220446049250313e-16 -1
vn 1 0 0
vn -1 0 0
vn 0 -2.220446049250313e-16 1
vn 0 2.220446049250313e-16 -1
vn 0.8660226585131923 -0.5000047549191339 -1.1102335826665619e-16
vn -0.8660278911900172 0.4999956916624099 1.1102134581939758e-16
vn 0 -2.220446049250313e-16 1
vn 0 2.220446049250313e-16 -1
vn 0.5000047549191339 -0.8660226585131923 -1.9229565906568708e-16
vn -0.4999956916624099 0.8660278911900172 1.9229682095334538e-16
vn 0 -2.220446049250313e-16 1
vn 0 2.220446049250313e-16 -1
vn 0 -1 -2.220446049250313e-16
vn 0 1 2.220446049250313e-16
vn 0 -2.220446049250313e-16 1
vn 0 2.220446049250313e-16 -1
vn -0.5000047549191339 -0.8660226585131923 -1.9229565906568708e-16
vn 0.4999956916624099 0.8660278911900172 1.9229682095334538e-16
vn 0 -2.220446049250313e-16 1
vn 0 2.220446049250313e-16 -1
vn -0.8660226585131923 -0.5000047549191339 -1.1102335826665619e-16
vn 0.8660278911900172 0.4999956916624099 1.1102134581939758e-16
vn 0 -2.220446049250313e-16 1
vn 0 2.220446049250313e-16 -1
vn -1 0 0
vn 1 0 0
vn 0 -2.220446049250313e-16 1
vn 0 2.220446049250313e-16 -1
vn -0.8660226585131923 0.5000047549191339 1.1102335826665619e-16
vn 0.8660278911900172 -0.4999956916624099 -1.1102134581939758e-16
vn 0 -2.220446049250313e-16 1
vn 0 2.220446049250313e-16 -1
vn -0.5000047549191339 0.8660226585131923 1.9229565906568708e-16
vn 0.4999956916624099 -0.8660278911900172 -1.9229682095334538e-16
vn 0 -2.220446049250313e-16 1
vn 0 2.220446049250313e-16 -1
vn 0 1 2.220446049250313e-16
vn 0 -1 -2.220446049250313e-16
vn 0 -2.220446049250313e-16 1
vn 0 2.220446049250313e-16 -1
usemtl m_3d215661-f591-00a8-53e2-d8d611c756be
f 831/2713/699 835/2714/699 836/2715/699 832/2716/699
f 834/2717/700 838/2718/700 837/2719/700 833/2720/700
f 833/2721/701 837/2722/701 835/2723/701 831/2724/701
f 832/2725/702 836/2726/702 838/2727/702 834/2728/702
f 835/2729/703 839/2730/703 840/2731/703 836/2732/703
f 838/2733/704 842/2734/704 841/2735/704 837/2736/704
f 837/2737/705 841/2738/705 839/2739/705 835/2740/705
f 836/2741/706 840/2742/706 842/2743/706 838/2744/706
f 839/2745/707 843/2746/707 844/2747/707 840/2748/707
f 842/2749/708 846/2750/708 845/2751/708 841/2752/708
f 841/2753/709 845/2754/709 843/2755/709 839/2756/709
f 840/2757/710 844/2758/710 846/2759/710 842/2760/710
f 843/2761/711 847/2762/711 848/2763/711 844/2764/711
f 846/2765/712 850/2766/712 849/2767/712 845/2768/712
f 845/2769/713 849/2770/713 847/2771/713 843/2772/713
f 844/2773/714 848/2774/714 850/2775/714 846/2776/714
f 847/2777/715 851/2778/715 852/2779/715 848/2780/715
f 850/2781/716 854/2782/716 853/2783/716 849/2784/716
f 849/2785/717 853/2786/717 851/2787/717 847/2788/717
f 848/2789/718 852/2790/718 854/2791/718 850/2792/718
f 851/2793/719 855/2794/719 856/2795/719 852/2796/719
f 854/2797/720 858/2798/720 857/2799/720 853/2800/720
f 853/2801/721 857/2802/721 855/2803/721 851/2804/721
f 852/2805/722 856/2806/722 858/2807/722 854/2808/722
f 855/2809/723 859/2810/723 860/2811/723 856/2812/723
f 858/2813/724 862/2814/724 861/2815/724 857/2816/724
f 857/2817/725 861/2818/725 859/2819/725 855/2820/725
f 856/2821/726 860/2822/726 862/2823/726 858/2824/726
f 859/2825/727 863/2826/727 864/2827/727 860/2828/727
f 862/2829/728 866/2830/728 865/2831/728 861/2832/728
f 861/2833/729 865/2834/729 863/2835/729 859/2836/729
f 860/2837/730 864/2838/730 866/2839/730 862/2840/730
f 863/2841/731 867/2842/731 868/2843/731 864/2844/731
f 866/2845/732 870/2846/732 869/2847/732 865/2848/732
f 865/2849/733 869/2850/733 867/2851/733 863/2852/733
f 864/2853/734 868/2854/734 870/2855/734 866/2856/734
f 867/2857/735 871/2858/735 872/2859/735 868/2860/735
f 870/2861/736 874/2862/736 873/2863/736 869/2864/736
f 869/2865/737 873/2866/737 871/2867/737 867/2868/737
f 868/2869/738 872/2870/738 874/2871/738 870/2872/738
f 871/2873/739 875/2874/739 876/2875/739 872/2876/739
f 874/2877/740 878/2878/740 877/2879/740 873/2880/740
f 873/2881/741 877/2882/741 875/2883/741 871/2884/741
f 872/2885/742 876/2886/742 878/2887/742 874/2888/742
f 875/2889/743 831/2890/743 832/2891/743 876/2892/743
f 878/2893/744 834/2894/744 833/2895/744 877/2896/744
f 877/2897/745 833/2898/745 831/2899/745 875/2900/745
f 876/2901/746 832/2902/746 834/2903/746 878/2904/746
o cube
v 0.16606125 7.0874999999999995 -0.46874999999999994
v 0.16606125 7.0874999999999995 -0.9375
v 0.16606125 7.066666874999999 -0.46874999999999994
v 0.16606125 7.066666874999999 -0.9375
v 0.11518875 7.0874999999999995 -0.46874999999999994
v 0.11518875 7.0874999999999995 -0.9375
v 0.11518875 7.066666874999999 -0.46874999999999994
v 0.11518875 7.066666874999999 -0.9375
v 0.11518875 7.0874999999999995 -0.46874999999999994
v 0.11518875 7.0874999999999995 -0.9375
v 0.11518875 7.066666874999999 -0.46874999999999994
v 0.11518875 7.066666874999999 -0.9375
v 0.064316875 7.053645625 -0.46874999999999994
v 0.064316875 7.053645625 -0.859375
v 0.077035 7.0406249999999995 -0.46874999999999994
v 0.077035 7.0406249999999995 -0.859375
v 0.064316875 7.053645625 -0.46874999999999994
v 0.064316875 7.053645625 -0.859375
v 0.077035 7.0406249999999995 -0.46874999999999994
v 0.077035 7.0406249999999995 -0.859375
v 0.03125 7.0015624999999995 -0.46874999999999994
v 0.03125 7.0015624999999995 -0.6875
v 0.05159875 7.0015624999999995 -0.46874999999999994
v 0.05159875 7.0015624999999995 -0.6875
v 0.03125 7.0015624999999995 -0.46874999999999994
v 0.03125 7.0015624999999995 -0.6875
v 0.05159875 7.0015624999999995 -0.46874999999999994
v 0.05159875 7.0015624999999995 -0.6875
v 0.03125 6.9624999999999995 -0.46874999999999994
v 0.03125 6.9624999999999995 -0.5625
v 0.05159875 6.9624999999999995 -0.46874999999999994
v 0.05159875 6.9624999999999995 -0.5625
v 0.16606125 7.0874999999999995 -0.46874999999999994
v 0.16606125 7.0874999999999995 -0.9375
v 0.16606125 7.066666874999999 -0.46874999999999994
v 0.16606125 7.066666874999999 -0.9375
v 0.216933125 7.053645625 -0.46874999999999994
v 0.216933125 7.053645625 -0.859375
v 0.20421499999999998 7.0406249999999995 -0.46874999999999994
v 0.20421499999999998 7.0406249999999995 -0.859375
v 0.216933125 7.053645625 -0.46874999999999994
v 0.216933125 7.053645625 -0.859375
v 0.20421499999999998 7.0406249999999995 -0.46874999999999994
v 0.20421499999999998 7.0406249999999995 -0.859375
v 0.25 7.0015624999999995 -0.46874999999999994
v 0.25 7.0015624999999995 -0.6875
v 0.22965125 7.0015624999999995 -0.46874999999999994
v 0.22965125 7.0015624999999995 -0.6875
v 0.25 7.0015624999999995 -0.46874999999999994
v 0.25 7.0015624999999995 -0.6875
v 0.22965125 7.0015624999999995 -0.46874999999999994
v 0.22965125 7.0015624999999995 -0.6875
v 0.25 6.9624999999999995 -0.46874999999999994
v 0.25 6.9624999999999995 -0.5625
v 0.22965125 6.9624999999999995 -0.46874999999999994
v 0.22965125 6.9624999999999995 -0.5625
vt 0.4140625 0.421875
vt 0.4140625 0.428125
vt 0.296875 0.428125
vt 0.296875 0.421875
vt 0.421875 0.421875
vt 0.421875 0.428125
vt 0.3046875 0.428125
vt 0.3046875 0.421875
vt 0.3203125 0.328125
vt 0.3203125 0.4453125
vt 0.3046875 0.4453125
vt 0.3046875 0.328125
vt 0.3203125 0.3359375
vt 0.3203125 0.453125
vt 0.3046875 0.453125
vt 0.3046875 0.3359375
vt 0.3203125 0.421875
vt 0.3203125 0.428125
vt 0.3046875 0.428125
vt 0.3046875 0.421875
vt 0.3203125 0.421875
vt 0.3203125 0.428125
vt 0.3046875 0.428125
vt 0.3046875 0.421875
vt 0.4140625 0.421875
vt 0.4140625 0.4296875
vt 0.296875 0.4296875
vt 0.296875 0.421875
vt 0.421875 0.421875
vt 0.421875 0.4296875
vt 0.3046875 0.4296875
vt 0.3046875 0.421875
vt 0.3203125 0.328125
vt 0.3203125 0.4453125
vt 0.3046875 0.4453125
vt 0.3046875 0.328125
vt 0.3203125 0.3359375
vt 0.3203125 0.453125
vt 0.3046875 0.453125
vt 0.3046875 0.3359375
vt 0.3203125 0.421875
vt 0.3203125 0.4296875
vt 0.3046875 0.4296875
vt 0.3046875 0.421875
vt 0.3203125 0.421875
vt 0.3203125 0.4296875
vt 0.3046875 0.4296875
vt 0.3046875 0.421875
vt 0.4140625 0.421875
vt 0.4140625 0.4296875
vt 0.296875 0.4296875
vt 0.296875 0.421875
vt 0.421875 0.421875
vt 0.421875 0.4296875
vt 0.3046875 0.4296875
vt 0.3046875 0.421875
vt 0.3203125 0.328125
vt 0.3203125 0.4453125
vt 0.3046875 0.4453125
vt 0.3046875 0.328125
vt 0.3203125 0.3359375
vt 0.3203125 0.453125
vt 0.3046875 0.453125
vt 0.3046875 0.3359375
vt 0.3203125 0.421875
vt 0.3203125 0.4296875
vt 0.3046875 0.4296875
vt 0.3046875 0.421875
vt 0.3203125 0.421875
vt 0.3203125 0.4296875
vt 0.3046875 0.4296875
vt 0.3046875 0.421875
vt 0.4140625 0.421875
vt 0.4140625 0.428125
vt 0.296875 0.428125
vt 0.296875 0.421875
vt 0.421875 0.421875
vt 0.421875 0.428125
vt 0.3046875 0.428125
vt 0.3046875 0.421875
vt 0.3203125 0.328125
vt 0.3203125 0.4453125
vt 0.3046875 0.4453125
vt 0.3046875 0.328125
vt 0.3203125 0.3359375
vt 0.3203125 0.453125
vt 0.3046875 0.453125
vt 0.3046875 0.3359375
vt 0.3203125 0.421875
vt 0.3203125 0.428125
vt 0.3046875 0.428125
vt 0.3046875 0.421875
vt 0.3203125 0.421875
vt 0.3203125 0.428125
vt 0.3046875 0.428125
vt 0.3046875 0.421875
vt 0.296875 0.4296875
vt 0.4140625 0.4296875
vt 0.4140625 0.421875
vt 0.296875 0.421875
vt 0.3046875 0.4296875
vt 0.421875 0.4296875
vt 0.421875 0.421875
vt 0.3046875 0.421875
vt 0.3046875 0.4453125
vt 0.3203125 0.4453125
vt 0.3203125 0.328125
vt 0.3046875 0.328125
vt 0.3046875 0.453125
vt 0.3203125 0.453125
vt 0.3203125 0.3359375
vt 0.3046875 0.3359375
vt 0.3046875 0.4296875
vt 0.3203125 0.4296875
vt 0.3203125 0.421875
vt 0.3046875 0.421875
vt 0.3046875 0.4296875
vt 0.3203125 0.4296875
vt 0.3203125 0.421875
vt 0.3046875 0.421875
vt 0.296875 0.4296875
vt 0.4140625 0.4296875
vt 0.4140625 0.421875
vt 0.296875 0.421875
vt 0.3046875 0.4296875
vt 0.421875 0.4296875
vt 0.421875 0.421875
vt 0.3046875 0.421875
vt 0.3046875 0.4453125
vt 0.3203125 0.4453125
vt 0.3203125 0.328125
vt 0.3046875 0.328125
vt 0.3046875 0.453125
vt 0.3203125 0.453125
vt 0.3203125 0.3359375
vt 0.3046875 0.3359375
vt 0.3046875 0.4296875
vt 0.3203125 0.4296875
vt 0.3203125 0.421875
vt 0.3046875 0.421875
vt 0.3046875 0.4296875
vt 0.3203125 0.4296875
vt 0.3203125 0.421875
vt 0.3046875 0.421875
vt 0.296875 0.428125
vt 0.4140625 0.428125
vt 0.4140625 0.421875
vt 0.296875 0.421875
vt 0.3046875 0.428125
vt 0.421875 0.428125
vt 0.421875 0.421875
vt 0.3046875 0.421875
vt 0.3046875 0.4453125
vt 0.3203125 0.4453125
vt 0.3203125 0.328125
vt 0.3046875 0.328125
vt 0.3046875 0.453125
vt 0.3203125 0.453125
vt 0.3203125 0.3359375
vt 0.3046875 0.3359375
vt 0.3046875 0.428125
vt 0.3203125 0.428125
vt 0.3203125 0.421875
vt 0.3046875 0.421875
vt 0.3046875 0.428125
vt 0.3203125 0.428125
vt 0.3203125 0.421875
vt 0.3046875 0.421875
vn 1 0 0
vn -1 0 0
vn 0 1 0
vn 0 -1 0
vn 0 0 1
vn 0 0 -1
vn 1 0 0
vn -0.7153677965646191 -0.6987481059997814 0
vn -0.5540178835960128 0.832504765545396 0
vn 0.56374986427687 -0.8259455735869106 0
vn 0 0 1
vn -0.5671873502949211 -0.5540102429391521 -0.6094022976523211
vn 0.7153677965646191 0.6987481059997814 0
vn 0 -1 0
vn -0.8442258399894536 0.5359876221463529 0
vn 0.8379960885334519 -0.5456762369781509 0
vn 0 0 1
vn 0 -0.9570247263924219 -0.290006332816217
vn 0 1 0
vn 0 -1 0
vn -1 0 0
vn 1 0 0
vn 0 0 1
vn 0 -0.9544799780350297 -0.29827499313594685
vn -1 0 0
vn 0.7153677965646191 -0.6987481059997814 0
vn 0.5540178835960128 0.832504765545396 0
vn -0.56374986427687 -0.8259455735869106 0
vn 0 0 1
vn 0.5671873502949211 -0.554010242939152 -0.6094022976523211
vn -0.7153677965646191 0.6987481059997814 0
vn 0 -1 0
vn 0.8442258399894538 0.5359876221463529 0
vn -0.8379960885334519 -0.5456762369781509 0
vn 0 0 1
vn 0 -0.9570247263924219 -0.29000633281621696
vn 0 1 0
vn 0 -1 0
vn 1 0 0
vn -1 0 0
vn 0 0 1
vn 0 -0.9544799780350297 -0.29827499313594685
usemtl m_3d215661-f591-00a8-53e2-d8d611c756be
f 882/2905/747 880/2906/747 879/2907/747 881/2908/747
f 885/2909/748 883/2910/748 884/2911/748 886/2912/748
f 879/2913/749 880/2914/749 884/2915/749 883/2916/749
f 882/2917/750 881/2918/750 885/2919/750 886/2920/750
f 881/2921/751 879/2922/751 883/2923/751 885/2924/751
f 886/2925/752 884/2926/752 880/2927/752 882/2928/752
f 890/2929/753 888/2930/753 887/2931/753 889/2932/753
f 893/2933/754 891/2934/754 892/2935/754 894/2936/754
f 887/2937/755 888/2938/755 892/2939/755 891/2940/755
f 890/2941/756 889/2942/756 893/2943/756 894/2944/756
f 889/2945/757 887/2946/757 891/2947/757 893/2948/757
f 894/2949/758 892/2950/758 888/2951/758 890/2952/758
f 898/2953/759 896/2954/759 895/2955/759 897/2956/759
f 901/2957/760 899/2958/760 900/2959/760 902/2960/760
f 895/2961/761 896/2962/761 900/2963/761 899/2964/761
f 898/2965/762 897/2966/762 901/2967/762 902/2968/762
f 897/2969/763 895/2970/763 899/2971/763 901/2972/763
f 902/2973/764 900/2974/764 896/2975/764 898/2976/764
f 906/2977/765 904/2978/765 903/2979/765 905/2980/765
f 909/2981/766 907/2982/766 908/2983/766 910/2984/766
f 903/2985/767 904/2986/767 908/2987/767 907/2988/767
f 906/2989/768 905/2990/768 909/2991/768 910/2992/768
f 905/2993/769 903/2994/769 907/2995/769 909/2996/769
f 910/2997/770 908/2998/770 904/2999/770 906/3000/770
f 911/3001/771 912/3002/771 914/3003/771 913/3004/771
f 916/3005/772 915/3006/772 917/3007/772 918/3008/772
f 916/3009/773 912/3010/773 911/3011/773 915/3012/773
f 917/3013/774 913/3014/774 914/3015/774 918/3016/774
f 915/3017/775 911/3018/775 913/3019/775 917/3020/775
f 912/3021/776 916/3022/776 918/3023/776 914/3024/776
f 919/3025/777 920/3026/777 922/3027/777 921/3028/777
f 924/3029/778 923/3030/778 925/3031/778 926/3032/778
f 924/3033/779 920/3034/779 919/3035/779 923/3036/779
f 925/3037/780 921/3038/780 922/3039/780 926/3040/780
f 923/3041/781 919/3042/781 921/3043/781 925/3044/781
f 920/3045/782 924/3046/782 926/3047/782 922/3048/782
f 927/3049/783 928/3050/783 930/3051/783 929/3052/783
f 932/3053/784 931/3054/784 933/3055/784 934/3056/784
f 932/3057/785 928/3058/785 927/3059/785 931/3060/785
f 933/3061/786 929/3062/786 930/3063/786 934/3064/786
f 931/3065/787 927/3066/787 929/3067/787 933/3068/787
f 928/3069/788 932/3070/788 934/3071/788 930/3072/788
o cube
v 0.16606125 7.31875 -0.46874999999999994
v 0.16606125 7.31875 -0.9375
v 0.16606125 7.297916874999999 -0.46874999999999994
v 0.16606125 7.297916874999999 -0.9375
v 0.11518875 7.31875 -0.46874999999999994
v 0.11518875 7.31875 -0.9375
v 0.11518875 7.297916874999999 -0.46874999999999994
v 0.11518875 7.297916874999999 -0.9375
v 0.11518875 7.31875 -0.46874999999999994
v 0.11518875 7.31875 -0.9375
v 0.11518875 7.297916874999999 -0.46874999999999994
v 0.11518875 7.297916874999999 -0.9375
v 0.064316875 7.284895625 -0.46874999999999994
v 0.064316875 7.284895625 -0.859375
v 0.077035 7.271875 -0.46874999999999994
v 0.077035 7.271875 -0.859375
v 0.064316875 7.284895625 -0.46874999999999994
v 0.064316875 7.284895625 -0.859375
v 0.077035 7.271875 -0.46874999999999994
v 0.077035 7.271875 -0.859375
v 0.03125 7.2328125 -0.46874999999999994
v 0.03125 7.2328125 -0.6875
v 0.05159875 7.2328125 -0.46874999999999994
v 0.05159875 7.2328125 -0.6875
v 0.03125 7.2328125 -0.46874999999999994
v 0.03125 7.2328125 -0.6875
v 0.05159875 7.2328125 -0.46874999999999994
v 0.05159875 7.2328125 -0.6875
v 0.03125 7.19375 -0.46874999999999994
v 0.03125 7.19375 -0.5625
v 0.05159875 7.19375 -0.46874999999999994
v 0.05159875 7.19375 -0.5625
v 0.16606125 7.31875 -0.46874999999999994
v 0.16606125 7.31875 -0.9375
v 0.16606125 7.297916874999999 -0.46874999999999994
v 0.16606125 7.297916874999999 -0.9375
v 0.216933125 7.284895625 -0.46874999999999994
v 0.216933125 7.284895625 -0.859375
v 0.20421499999999998 7.271875 -0.46874999999999994
v 0.20421499999999998 7.271875 -0.859375
v 0.216933125 7.284895625 -0.46874999999999994
v 0.216933125 7.284895625 -0.859375
v 0.20421499999999998 7.271875 -0.46874999999999994
v 0.20421499999999998 7.271875 -0.859375
v 0.25 7.2328125 -0.46874999999999994
v 0.25 7.2328125 -0.6875
v 0.22965125 7.2328125 -0.46874999999999994
v 0.22965125 7.2328125 -0.6875
v 0.25 7.2328125 -0.46874999999999994
v 0.25 7.2328125 -0.6875
v 0.22965125 7.2328125 -0.46874999999999994
v 0.22965125 7.2328125 -0.6875
v 0.25 7.19375 -0.46874999999999994
v 0.25 7.19375 -0.5625
v 0.22965125 7.19375 -0.46874999999999994
v 0.22965125 7.19375 -0.5625
vt 0.4140625 0.421875
vt 0.4140625 0.428125
vt 0.296875 0.428125
vt 0.296875 0.421875
vt 0.421875 0.421875
vt 0.421875 0.428125
vt 0.3046875 0.428125
vt 0.3046875 0.421875
vt 0.3203125 0.328125
vt 0.3203125 0.4453125
vt 0.3046875 0.4453125
vt 0.3046875 0.328125
vt 0.3203125 0.3359375
vt 0.3203125 0.453125
vt 0.3046875 0.453125
vt 0.3046875 0.3359375
vt 0.3203125 0.421875
vt 0.3203125 0.428125
vt 0.3046875 0.428125
vt 0.3046875 0.421875
vt 0.3203125 0.421875
vt 0.3203125 0.428125
vt 0.3046875 0.428125
vt 0.3046875 0.421875
vt 0.4140625 0.421875
vt 0.4140625 0.4296875
vt 0.296875 0.4296875
vt 0.296875 0.421875
vt 0.421875 0.421875
vt 0.421875 0.4296875
vt 0.3046875 0.4296875
vt 0.3046875 0.421875
vt 0.3203125 0.328125
vt 0.3203125 0.4453125
vt 0.3046875 0.4453125
vt 0.3046875 0.328125
vt 0.3203125 0.3359375
vt 0.3203125 0.453125
vt 0.3046875 0.453125
vt 0.3046875 0.3359375
vt 0.3203125 0.421875
vt 0.3203125 0.4296875
vt 0.3046875 0.4296875
vt 0.3046875 0.421875
vt 0.3203125 0.421875
vt 0.3203125 0.4296875
vt 0.3046875 0.4296875
vt 0.3046875 0.421875
vt 0.4140625 0.421875
vt 0.4140625 0.4296875
vt 0.296875 0.4296875
vt 0.296875 0.421875
vt 0.421875 0.421875
vt 0.421875 0.4296875
vt 0.3046875 0.4296875
vt 0.3046875 0.421875
vt 0.3203125 0.328125
vt 0.3203125 0.4453125
vt 0.3046875 0.4453125
vt 0.3046875 0.328125
vt 0.3203125 0.3359375
vt 0.3203125 0.453125
vt 0.3046875 0.453125
vt 0.3046875 0.3359375
vt 0.3203125 0.421875
vt 0.3203125 0.4296875
vt 0.3046875 0.4296875
vt 0.3046875 0.421875
vt 0.3203125 0.421875
vt 0.3203125 0.4296875
vt 0.3046875 0.4296875
vt 0.3046875 0.421875
vt 0.4140625 0.421875
vt 0.4140625 0.428125
vt 0.296875 0.428125
vt 0.296875 0.421875
vt 0.421875 0.421875
vt 0.421875 0.428125
vt 0.3046875 0.428125
vt 0.3046875 0.421875
vt 0.3203125 0.328125
vt 0.3203125 0.4453125
vt 0.3046875 0.4453125
vt 0.3046875 0.328125
vt 0.3203125 0.3359375
vt 0.3203125 0.453125
vt 0.3046875 0.453125
vt 0.3046875 0.3359375
vt 0.3203125 0.421875
vt 0.3203125 0.428125
vt 0.3046875 0.428125
vt 0.3046875 0.421875
vt 0.3203125 0.421875
vt 0.3203125 0.428125
vt 0.3046875 0.428125
vt 0.3046875 0.421875
vt 0.296875 0.4296875
vt 0.4140625 0.4296875
vt 0.4140625 0.421875
vt 0.296875 0.421875
vt 0.3046875 0.4296875
vt 0.421875 0.4296875
vt 0.421875 0.421875
vt 0.3046875 0.421875
vt 0.3046875 0.4453125
vt 0.3203125 0.4453125
vt 0.3203125 0.328125
vt 0.3046875 0.328125
vt 0.3046875 0.453125
vt 0.3203125 0.453125
vt 0.3203125 0.3359375
vt 0.3046875 0.3359375
vt 0.3046875 0.4296875
vt 0.3203125 0.4296875
vt 0.3203125 0.421875
vt 0.3046875 0.421875
vt 0.3046875 0.4296875
vt 0.3203125 0.4296875
vt 0.3203125 0.421875
vt 0.3046875 0.421875
vt 0.296875 0.4296875
vt 0.4140625 0.4296875
vt 0.4140625 0.421875
vt 0.296875 0.421875
vt 0.3046875 0.4296875
vt 0.421875 0.4296875
vt 0.421875 0.421875
vt 0.3046875 0.421875
vt 0.3046875 0.4453125
vt 0.3203125 0.4453125
vt 0.3203125 0.328125
vt 0.3046875 0.328125
vt 0.3046875 0.453125
vt 0.3203125 0.453125
vt 0.3203125 0.3359375
vt 0.3046875 0.3359375
vt 0.3046875 0.4296875
vt 0.3203125 0.4296875
vt 0.3203125 0.421875
vt 0.3046875 0.421875
vt 0.3046875 0.4296875
vt 0.3203125 0.4296875
vt 0.3203125 0.421875
vt 0.3046875 0.421875
vt 0.296875 0.428125
vt 0.4140625 0.428125
vt 0.4140625 0.421875
vt 0.296875 0.421875
vt 0.3046875 0.428125
vt 0.421875 0.428125
vt 0.421875 0.421875
vt 0.3046875 0.421875
vt 0.3046875 0.4453125
vt 0.3203125 0.4453125
vt 0.3203125 0.328125
vt 0.3046875 0.328125
vt 0.3046875 0.453125
vt 0.3203125 0.453125
vt 0.3203125 0.3359375
vt 0.3046875 0.3359375
vt 0.3046875 0.428125
vt 0.3203125 0.428125
vt 0.3203125 0.421875
vt 0.3046875 0.421875
vt 0.3046875 0.428125
vt 0.3203125 0.428125
vt 0.3203125 0.421875
vt 0.3046875 0.421875
vn 1 0 0
vn -1 0 0
vn 0 1 0
vn 0 -1 0
vn 0 0 1
vn 0 0 -1
vn 1 0 0
vn -0.7153677965646191 -0.6987481059997814 0
vn -0.5540178835960128 0.832504765545396 0
vn 0.56374986427687 -0.8259455735869106 0
vn 0 0 1
vn -0.5671873502949211 -0.5540102429391521 -0.6094022976523211
vn 0.7153677965646191 0.6987481059997814 0
vn 0 -1 0
vn -0.8442258399894536 0.5359876221463529 0
vn 0.8379960885334519 -0.5456762369781509 0
vn 0 0 1
vn 0 -0.9570247263924219 -0.290006332816217
vn 0 1 0
vn 0 -1 0
vn -1 0 0
vn 1 0 0
vn 0 0 1
vn 0 -0.9544799780350297 -0.29827499313594685
vn -1 0 0
vn 0.7153677965646191 -0.6987481059997814 0
vn 0.5540178835960128 0.832504765545396 0
vn -0.56374986427687 -0.8259455735869106 0
vn 0 0 1
vn 0.5671873502949211 -0.554010242939152 -0.6094022976523211
vn -0.7153677965646191 0.6987481059997814 0
vn 0 -1 0
vn 0.8442258399894538 0.5359876221463529 0
vn -0.8379960885334519 -0.5456762369781509 0
vn 0 0 1
vn 0 -0.9570247263924219 -0.29000633281621696
vn 0 1 0
vn 0 -1 0
vn 1 0 0
vn -1 0 0
vn 0 0 1
vn 0 -0.9544799780350297 -0.29827499313594685
usemtl m_3d215661-f591-00a8-53e2-d8d611c756be
f 938/3073/789 936/3074/789 935/3075/789 937/3076/789
f 941/3077/790 939/3078/790 940/3079/790 942/3080/790
f 935/3081/791 936/3082/791 940/3083/791 939/3084/791
f 938/3085/792 937/3086/792 941/3087/792 942/3088/792
f 937/3089/793 935/3090/793 939/3091/793 941/3092/793
f 942/3093/794 940/3094/794 936/3095/794 938/3096/794
f 946/3097/795 944/3098/795 943/3099/795 945/3100/795
f 949/3101/796 947/3102/796 948/3103/796 950/3104/796
f 943/3105/797 944/3106/797 948/3107/797 947/3108/797
f 946/3109/798 945/3110/798 949/3111/798 950/3112/798
f 945/3113/799 943/3114/799 947/3115/799 949/3116/799
f 950/3117/800 948/3118/800 944/3119/800 946/3120/800
f 954/3121/801 952/3122/801 951/3123/801 953/3124/801
f 957/3125/802 955/3126/802 956/3127/802 958/3128/802
f 951/3129/803 952/3130/803 956/3131/803 955/3132/803
f 954/3133/804 953/3134/804 957/3135/804 958/3136/804
f 953/3137/805 951/3138/805 955/3139/805 957/3140/805
f 958/3141/806 956/3142/806 952/3143/806 954/3144/806
f 962/3145/807 960/3146/807 959/3147/807 961/3148/807
f 965/3149/808 963/3150/808 964/3151/808 966/3152/808
f 959/3153/809 960/3154/809 964/3155/809 963/3156/809
f 962/3157/810 961/3158/810 965/3159/810 966/3160/810
f 961/3161/811 959/3162/811 963/3163/811 965/3164/811
f 966/3165/812 964/3166/812 960/3167/812 962/3168/812
f 967/3169/813 968/3170/813 970/3171/813 969/3172/813
f 972/3173/814 971/3174/814 973/3175/814 974/3176/814
f 972/3177/815 968/3178/815 967/3179/815 971/3180/815
f 973/3181/816 969/3182/816 970/3183/816 974/3184/816
f 971/3185/817 967/3186/817 969/3187/817 973/3188/817
f 968/3189/818 972/3190/818 974/3191/818 970/3192/818
f 975/3193/819 976/3194/819 978/3195/819 977/3196/819
f 980/3197/820 979/3198/820 981/3199/820 982/3200/820
f 980/3201/821 976/3202/821 975/3203/821 979/3204/821
f 981/3205/822 977/3206/822 978/3207/822 982/3208/822
f 979/3209/823 975/3210/823 977/3211/823 981/3212/823
f 976/3213/824 980/3214/824 982/3215/824 978/3216/824
f 983/3217/825 984/3218/825 986/3219/825 985/3220/825
f 988/3221/826 987/3222/826 989/3223/826 990/3224/826
f 988/3225/827 984/3226/827 983/3227/827 987/3228/827
f 989/3229/828 985/3230/828 986/3231/828 990/3232/828
f 987/3233/829 983/3234/829 985/3235/829 989/3236/829
f 984/3237/830 988/3238/830 990/3239/830 986/3240/830
o circle
v 0.140625 7.20625 -0.534375
v 0.165745 7.3 -0.534375
v 0.209255 7.27488 -0.534375
v 0.234375 7.23137 -0.534375
v 0.234375 7.18113 -0.534375
v 0.209255 7.13762 -0.534375
v 0.165745 7.1125 -0.534375
v 0.115505 7.1125 -0.534375
v 0.071995 7.13762 -0.534375
v 0.046875 7.18113 -0.534375
v 0.046875 7.23137 -0.534375
v 0.071995 7.27488 -0.534375
v 0.115505 7.3 -0.534375
vt 0.3247625 0.6752374999999999
vt 0.375 0.7622625000000001
vt 0.1875 0.8125
vt 0.375 0.7622625000000001
vt 0.375 0.8627374999999999
vt 0.1875 0.8125
vt 0.375 0.8627374999999999
vt 0.3247625 0.9497625
vt 0.1875 0.8125
vt 0.3247625 0.9497625
vt 0.2377375 1
vt 0.1875 0.8125
vt 0.2377375 1
vt 0.1372625 1
vt 0.1875 0.8125
vt 0.1372625 1
vt 0.0502375 0.9497625
vt 0.1875 0.8125
vt 0.0502375 0.9497625
vt 0 0.8627374999999999
vt 0.1875 0.8125
vt 0 0.8627374999999999
vt 0 0.7622625000000001
vt 0.1875 0.8125
vt 0 0.7622625000000001
vt 0.0502375 0.6752374999999999
vt 0.1875 0.8125
vt 0.0502375 0.6752374999999999
vt 0.1372625 0.625
vt 0.1875 0.8125
vt 0.1372625 0.625
vt 0.2377375 0.625
vt 0.1875 0.8125
vt 0.2377375 0.625
vt 0.3247625 0.6752374999999999
vt 0.1875 0.8125
vn 0 2.220446049250313e-16 -1
vn 0 2.220446049250313e-16 -1
vn 0 2.220446049250313e-16 -1
vn 0 2.220446049250313e-16 -1
vn 0 2.220446049250313e-16 -1
vn 0 2.220446049250313e-16 -1
vn 0 2.220446049250313e-16 -1
vn 0 2.220446049250313e-16 -1
vn 0 2.220446049250313e-16 -1
vn 0 2.220446049250313e-16 -1
vn 0 2.220446049250313e-16 -1
vn 0 2.220446049250313e-16 -1
usemtl m_409504fd-f58c-4195-329e-2b61b82ac830
f 993/3241/831 994/3242/831 991/3243/831
f 994/3244/832 995/3245/832 991/3246/832
f 995/3247/833 996/3248/833 991/3249/833
f 996/3250/834 997/3251/834 991/3252/834
f 997/3253/835 998/3254/835 991/3255/835
f 998/3256/836 999/3257/836 991/3258/836
f 999/3259/837 1000/3260/837 991/3261/837
f 1000/3262/838 1001/3263/838 991/3264/838
f 1001/3265/839 1002/3266/839 991/3267/839
f 1002/3268/840 1003/3269/840 991/3270/840
f 1003/3271/841 992/3272/841 991/3273/841
f 992/3274/842 993/3275/842 991/3276/842
o tube
v 0.16783875 7.3078125 -0.5
v 0.16783875 7.3078125 -0.5625
v 0.160425 7.280145 -0.5
v 0.160425 7.280145 -0.5625
v 0.21497375000000002 7.28059875 -0.5
v 0.21497375000000002 7.28059875 -0.5625
v 0.19472 7.260345 -0.5
v 0.19472 7.260345 -0.5625
v 0.2421875 7.233463749999999 -0.5
v 0.2421875 7.233463749999999 -0.5625
v 0.21452 7.22605 -0.5
v 0.21452 7.22605 -0.5625
v 0.2421875 7.17903625 -0.5
v 0.2421875 7.17903625 -0.5625
v 0.21452 7.18645 -0.5
v 0.21452 7.18645 -0.5625
v 0.21497375000000002 7.131901249999999 -0.5
v 0.21497375000000002 7.131901249999999 -0.5625
v 0.19472 7.152155 -0.5
v 0.19472 7.152155 -0.5625
v 0.16783875 7.1046875 -0.5
v 0.16783875 7.1046875 -0.5625
v 0.160425 7.132355 -0.5
v 0.160425 7.132355 -0.5625
v 0.11341125 7.1046875 -0.5
v 0.11341125 7.1046875 -0.5625
v 0.120825 7.132355 -0.5
v 0.120825 7.132355 -0.5625
v 0.06627625 7.131901249999999 -0.5
v 0.06627625 7.131901249999999 -0.5625
v 0.08653 7.152155 -0.5
v 0.08653 7.152155 -0.5625
v 0.0390625 7.17903625 -0.5
v 0.0390625 7.17903625 -0.5625
v 0.06673 7.18645 -0.5
v 0.06673 7.18645 -0.5625
v 0.0390625 7.233463749999999 -0.5
v 0.0390625 7.233463749999999 -0.5625
v 0.06673 7.22605 -0.5
v 0.06673 7.22605 -0.5625
v 0.06627625 7.28059875 -0.5
v 0.06627625 7.28059875 -0.5625
v 0.08653 7.260345 -0.5
v 0.08653 7.260345 -0.5625
v 0.11341125 7.3078125 -0.5
v 0.11341125 7.3078125 -0.5625
v 0.120825 7.280145 -0.5
v 0.120825 7.280145 -0.5625
vt 0.296875 0.34375
vt 0.31048125 0.34375
vt 0.31048125 0.359375
vt 0.296875 0.359375
vt 0.306775 0.359375
vt 0.296875 0.359375
vt 0.296875 0.34375
vt 0.306775 0.34375
vt 0.296875 0.35752125
vt 0.296875 0.34762140625000004
vt 0.30379265625 0.3457678125
vt 0.30379203125 0.359375
vt 0.296875 0.3524575
vt 0.3104821875 0.3524575
vt 0.30862828125 0.359375
vt 0.2987284375 0.35937453124999996
vt 0.296875 0.34375
vt 0.31048125 0.34375
vt 0.31048125 0.359375
vt 0.296875 0.359375
vt 0.306775 0.359375
vt 0.296875 0.359375
vt 0.296875 0.34375
vt 0.306775 0.34375
vt 0.296875 0.3575215625
vt 0.296875 0.34762171875000003
vt 0.30379203125 0.3457678125
vt 0.30379265625 0.359375
vt 0.296875 0.3524575
vt 0.3104821875 0.3524575
vt 0.30862859375 0.35937453124999996
vt 0.29872890625 0.359375
vt 0.296875 0.34375
vt 0.31048125 0.34375
vt 0.31048125 0.359375
vt 0.296875 0.359375
vt 0.306775 0.359375
vt 0.296875 0.359375
vt 0.296875 0.34375
vt 0.306775 0.34375
vt 0.296875 0.357521875
vt 0.296875 0.34762187499999997
vt 0.3037921875 0.34576874999999996
vt 0.3037921875 0.359375
vt 0.3037921875 0.34576874999999996
vt 0.3037921875 0.359375
vt 0.296875 0.357521875
vt 0.296875 0.34762187499999997
vt 0.296875 0.34375
vt 0.31048125 0.34375
vt 0.31048125 0.359375
vt 0.296875 0.359375
vt 0.306775 0.359375
vt 0.296875 0.359375
vt 0.296875 0.34375
vt 0.306775 0.34375
vt 0.30862828125 0.359375
vt 0.2987284375 0.359375
vt 0.296875 0.35245734375000004
vt 0.3104821875 0.35245796875
vt 0.3037925 0.3457678125
vt 0.3037925 0.359375
vt 0.296875 0.35752109374999996
vt 0.29687546875 0.34762140625000004
vt 0.296875 0.34375
vt 0.31048125 0.34375
vt 0.31048125 0.359375
vt 0.296875 0.359375
vt 0.306775 0.359375
vt 0.296875 0.359375
vt 0.296875 0.34375
vt 0.306775 0.34375
vt 0.30862859375 0.359375
vt 0.29872875 0.359375
vt 0.296875 0.35245796875
vt 0.3104821875 0.35245734375000004
vt 0.3037925 0.3457678125
vt 0.3037925 0.359375
vt 0.29687546875 0.3575215625
vt 0.296875 0.34762171875000003
vt 0.296875 0.34375
vt 0.31048125 0.34375
vt 0.31048125 0.359375
vt 0.296875 0.359375
vt 0.306775 0.359375
vt 0.296875 0.359375
vt 0.296875 0.34375
vt 0.306775 0.34375
vt 0.308628125 0.359375
vt 0.298728125 0.359375
vt 0.296875 0.35245781249999997
vt 0.31048125 0.35245781249999997
vt 0.31048125 0.359375
vt 0.296875 0.359375
vt 0.298728125 0.35245781249999997
vt 0.308628125 0.35245781249999997
vt 0.296875 0.34375
vt 0.31048125 0.34375
vt 0.31048125 0.359375
vt 0.296875 0.359375
vt 0.306775 0.359375
vt 0.296875 0.359375
vt 0.296875 0.34375
vt 0.306775 0.34375
vt 0.30379265625 0.34762171875000003
vt 0.30379265625 0.3575215625
vt 0.296875 0.359375
vt 0.296875625 0.3457678125
vt 0.3104821875 0.359375
vt 0.296875 0.359375
vt 0.29872890625 0.3524575
vt 0.30862859375 0.35245796875
vt 0.296875 0.34375
vt 0.31048125 0.34375
vt 0.31048125 0.359375
vt 0.296875 0.359375
vt 0.306775 0.359375
vt 0.296875 0.359375
vt 0.296875 0.34375
vt 0.306775 0.34375
vt 0.30379265625 0.34762140625000004
vt 0.30379265625 0.35752125
vt 0.296875625 0.359375
vt 0.296875 0.3457678125
vt 0.3104821875 0.359375
vt 0.296875 0.359375
vt 0.2987284375 0.35245796875
vt 0.30862828125 0.3524575
vt 0.296875 0.34375
vt 0.31048125 0.34375
vt 0.31048125 0.359375
vt 0.296875 0.359375
vt 0.306775 0.359375
vt 0.296875 0.359375
vt 0.296875 0.34375
vt 0.306775 0.34375
vt 0.3037921875 0.34762187499999997
vt 0.3037921875 0.357521875
vt 0.296875 0.359375
vt 0.296875 0.34576874999999996
vt 0.296875 0.359375
vt 0.296875 0.34576874999999996
vt 0.3037921875 0.34762187499999997
vt 0.3037921875 0.357521875
vt 0.296875 0.34375
vt 0.31048125 0.34375
vt 0.31048125 0.359375
vt 0.296875 0.359375
vt 0.306775 0.359375
vt 0.296875 0.359375
vt 0.296875 0.34375
vt 0.306775 0.34375
vt 0.29872875 0.35245734375000004
vt 0.30862859375 0.35245734375000004
vt 0.3104821875 0.359375
vt 0.296875 0.359374375
vt 0.296875 0.359375
vt 0.296875 0.3457678125
vt 0.3037925 0.34762171875000003
vt 0.30379203125 0.3575215625
vt 0.296875 0.34375
vt 0.31048125 0.34375
vt 0.31048125 0.359375
vt 0.296875 0.359375
vt 0.306775 0.359375
vt 0.296875 0.359375
vt 0.296875 0.34375
vt 0.306775 0.34375
vt 0.2987284375 0.35245734375000004
vt 0.30862828125 0.35245734375000004
vt 0.3104821875 0.359374375
vt 0.296875 0.359375
vt 0.296875 0.359375
vt 0.296875 0.3457678125
vt 0.30379203125 0.34762140625000004
vt 0.3037925 0.35752109374999996
vt 0.296875 0.34375
vt 0.31048125 0.34375
vt 0.31048125 0.359375
vt 0.296875 0.359375
vt 0.306775 0.359375
vt 0.296875 0.359375
vt 0.296875 0.34375
vt 0.306775 0.34375
vt 0.298728125 0.35245781249999997
vt 0.308628125 0.35245781249999997
vt 0.31048125 0.359375
vt 0.296875 0.359375
vt 0.296875 0.35245781249999997
vt 0.31048125 0.35245781249999997
vt 0.308628125 0.359375
vt 0.298728125 0.359375
vn 0.5000047549191339 0.8660226585131923 1.9229565906568708e-16
vn -0.4999956916624099 -0.8660278911900172 -1.9229682095334538e-16
vn 0 -2.220446049250313e-16 1
vn 0 2.220446049250313e-16 -1
vn 0.8660226585131923 0.5000047549191339 1.1102335826665619e-16
vn -0.8660278911900172 -0.4999956916624099 -1.1102134581939758e-16
vn 0 -2.220446049250313e-16 1
vn 0 2.220446049250313e-16 -1
vn 1 0 0
vn -1 0 0
vn 0 -2.220446049250313e-16 1
vn 0 2.220446049250313e-16 -1
vn 0.8660226585131923 -0.5000047549191339 -1.1102335826665619e-16
vn -0.8660278911900172 0.4999956916624099 1.1102134581939758e-16
vn 0 -2.220446049250313e-16 1
vn 0 2.220446049250313e-16 -1
vn 0.5000047549191339 -0.8660226585131923 -1.9229565906568708e-16
vn -0.4999956916624099 0.8660278911900172 1.9229682095334538e-16
vn 0 -2.220446049250313e-16 1
vn 0 2.220446049250313e-16 -1
vn 0 -1 -2.220446049250313e-16
vn 0 1 2.220446049250313e-16
vn 0 -2.220446049250313e-16 1
vn 0 2.220446049250313e-16 -1
vn -0.5000047549191339 -0.8660226585131923 -1.9229565906568708e-16
vn 0.4999956916624099 0.8660278911900172 1.9229682095334538e-16
vn 0 -2.220446049250313e-16 1
vn 0 2.220446049250313e-16 -1
vn -0.8660226585131923 -0.5000047549191339 -1.1102335826665619e-16
vn 0.8660278911900172 0.4999956916624099 1.1102134581939758e-16
vn 0 -2.220446049250313e-16 1
vn 0 2.220446049250313e-16 -1
vn -1 0 0
vn 1 0 0
vn 0 -2.220446049250313e-16 1
vn 0 2.220446049250313e-16 -1
vn -0.8660226585131923 0.5000047549191339 1.1102335826665619e-16
vn 0.8660278911900172 -0.4999956916624099 -1.1102134581939758e-16
vn 0 -2.220446049250313e-16 1
vn 0 2.220446049250313e-16 -1
vn -0.5000047549191339 0.8660226585131923 1.9229565906568708e-16
vn 0.4999956916624099 -0.8660278911900172 -1.9229682095334538e-16
vn 0 -2.220446049250313e-16 1
vn 0 2.220446049250313e-16 -1
vn 0 1 2.220446049250313e-16
vn 0 -1 -2.220446049250313e-16
vn 0 -2.220446049250313e-16 1
vn 0 2.220446049250313e-16 -1
usemtl m_3d215661-f591-00a8-53e2-d8d611c756be
f 1004/3277/843 1008/3278/843 1009/3279/843 1005/3280/843
f 1007/3281/844 1011/3282/844 1010/3283/844 1006/3284/844
f 1006/3285/845 1010/3286/845 1008/3287/845 1004/3288/845
f 1005/3289/846 1009/3290/846 1011/3291/846 1007/3292/846
f 1008/3293/847 1012/3294/847 1013/3295/847 1009/3296/847
f 1011/3297/848 1015/3298/848 1014/3299/848 1010/3300/848
f 1010/3301/849 1014/3302/849 1012/3303/849 1008/3304/849
f 1009/3305/850 1013/3306/850 1015/3307/850 1011/3308/850
f 1012/3309/851 1016/3310/851 1017/3311/851 1013/3312/851
f 1015/3313/852 1019/3314/852 1018/3315/852 1014/3316/852
f 1014/3317/853 1018/3318/853 1016/3319/853 1012/3320/853
f 1013/3321/854 1017/3322/854 1019/3323/854 1015/3324/854
f 1016/3325/855 1020/3326/855 1021/3327/855 1017/3328/855
f 1019/3329/856 1023/3330/856 1022/3331/856 1018/3332/856
f 1018/3333/857 1022/3334/857 1020/3335/857 1016/3336/857
f 1017/3337/858 1021/3338/858 1023/3339/858 1019/3340/858
f 1020/3341/859 1024/3342/859 1025/3343/859 1021/3344/859
f 1023/3345/860 1027/3346/860 1026/3347/860 1022/3348/860
f 1022/3349/861 1026/3350/861 1024/3351/861 1020/3352/861
f 1021/3353/862 1025/3354/862 1027/3355/862 1023/3356/862
f 1024/3357/863 1028/3358/863 1029/3359/863 1025/3360/863
f 1027/3361/864 1031/3362/864 1030/3363/864 1026/3364/864
f 1026/3365/865 1030/3366/865 1028/3367/865 1024/3368/865
f 1025/3369/866 1029/3370/866 1031/3371/866 1027/3372/866
f 1028/3373/867 1032/3374/867 1033/3375/867 1029/3376/867
f 1031/3377/868 1035/3378/868 1034/3379/868 1030/3380/868
f 1030/3381/869 1034/3382/869 1032/3383/869 1028/3384/869
f 1029/3385/870 1033/3386/870 1035/3387/870 1031/3388/870
f 1032/3389/871 1036/3390/871 1037/3391/871 1033/3392/871
f 1035/3393/872 1039/3394/872 1038/3395/872 1034/3396/872
f 1034/3397/873 1038/3398/873 1036/3399/873 1032/3400/873
f 1033/3401/874 1037/3402/874 1039/3403/874 1035/3404/874
f 1036/3405/875 1040/3406/875 1041/3407/875 1037/3408/875
f 1039/3409/876 1043/3410/876 1042/3411/876 1038/3412/876
f 1038/3413/877 1042/3414/877 1040/3415/877 1036/3416/877
f 1037/3417/878 1041/3418/878 1043/3419/878 1039/3420/878
f 1040/3421/879 1044/3422/879 1045/3423/879 1041/3424/879
f 1043/3425/880 1047/3426/880 1046/3427/880 1042/3428/880
f 1042/3429/881 1046/3430/881 1044/3431/881 1040/3432/881
f 1041/3433/882 1045/3434/882 1047/3435/882 1043/3436/882
f 1044/3437/883 1048/3438/883 1049/3439/883 1045/3440/883
f 1047/3441/884 1051/3442/884 1050/3443/884 1046/3444/884
f 1046/3445/885 1050/3446/885 1048/3447/885 1044/3448/885
f 1045/3449/886 1049/3450/886 1051/3451/886 1047/3452/886
f 1048/3453/887 1004/3454/887 1005/3455/887 1049/3456/887
f 1051/3457/888 1007/3458/888 1006/3459/888 1050/3460/888
f 1050/3461/889 1006/3462/889 1004/3463/889 1048/3464/889
f 1049/3465/890 1005/3466/890 1007/3467/890 1051/3468/890
o cube
v -0.11518875 7.0874999999999995 -0.46874999999999994
v -0.11518875 7.0874999999999995 -0.9375
v -0.11518875 7.066666874999999 -0.46874999999999994
v -0.11518875 7.066666874999999 -0.9375
v -0.16606125 7.0874999999999995 -0.46874999999999994
v -0.16606125 7.0874999999999995 -0.9375
v -0.16606125 7.066666874999999 -0.46874999999999994
v -0.16606125 7.066666874999999 -0.9375
v -0.16606125 7.0874999999999995 -0.46874999999999994
v -0.16606125 7.0874999999999995 -0.9375
v -0.16606125 7.066666874999999 -0.46874999999999994
v -0.16606125 7.066666874999999 -0.9375
v -0.216933125 7.053645625 -0.46874999999999994
v -0.216933125 7.053645625 -0.859375
v -0.20421499999999998 7.0406249999999995 -0.46874999999999994
v -0.20421499999999998 7.0406249999999995 -0.859375
v -0.216933125 7.053645625 -0.46874999999999994
v -0.216933125 7.053645625 -0.859375
v -0.20421499999999998 7.0406249999999995 -0.46874999999999994
v -0.20421499999999998 7.0406249999999995 -0.859375
v -0.25 7.0015624999999995 -0.46874999999999994
v -0.25 7.0015624999999995 -0.6875
v -0.22965125 7.0015624999999995 -0.46874999999999994
v -0.22965125 7.0015624999999995 -0.6875
v -0.25 7.0015624999999995 -0.46874999999999994
v -0.25 7.0015624999999995 -0.6875
v -0.22965125 7.0015624999999995 -0.46874999999999994
v -0.22965125 7.0015624999999995 -0.6875
v -0.25 6.9624999999999995 -0.46874999999999994
v -0.25 6.9624999999999995 -0.5625
v -0.22965125 6.9624999999999995 -0.46874999999999994
v -0.22965125 6.9624999999999995 -0.5625
v -0.11518875 7.0874999999999995 -0.46874999999999994
v -0.11518875 7.0874999999999995 -0.9375
v -0.11518875 7.066666874999999 -0.46874999999999994
v -0.11518875 7.066666874999999 -0.9375
v -0.064316875 7.053645625 -0.46874999999999994
v -0.064316875 7.053645625 -0.859375
v -0.077035 7.0406249999999995 -0.46874999999999994
v -0.077035 7.0406249999999995 -0.859375
v -0.064316875 7.053645625 -0.46874999999999994
v -0.064316875 7.053645625 -0.859375
v -0.077035 7.0406249999999995 -0.46874999999999994
v -0.077035 7.0406249999999995 -0.859375
v -0.03125 7.0015624999999995 -0.46874999999999994
v -0.03125 7.0015624999999995 -0.6875
v -0.05159875 7.0015624999999995 -0.46874999999999994
v -0.05159875 7.0015624999999995 -0.6875
v -0.03125 7.0015624999999995 -0.46874999999999994
v -0.03125 7.0015624999999995 -0.6875
v -0.05159875 7.0015624999999995 -0.46874999999999994
v -0.05159875 7.0015624999999995 -0.6875
v -0.03125 6.9624999999999995 -0.46874999999999994
v -0.03125 6.9624999999999995 -0.5625
v -0.05159875 6.9624999999999995 -0.46874999999999994
v -0.05159875 6.9624999999999995 -0.5625
vt 0.4140625 0.421875
vt 0.4140625 0.428125
vt 0.296875 0.428125
vt 0.296875 0.421875
vt 0.421875 0.421875
vt 0.421875 0.428125
vt 0.3046875 0.428125
vt 0.3046875 0.421875
vt 0.3203125 0.328125
vt 0.3203125 0.4453125
vt 0.3046875 0.4453125
vt 0.3046875 0.328125
vt 0.3203125 0.3359375
vt 0.3203125 0.453125
vt 0.3046875 0.453125
vt 0.3046875 0.3359375
vt 0.3203125 0.421875
vt 0.3203125 0.428125
vt 0.3046875 0.428125
vt 0.3046875 0.421875
vt 0.3203125 0.421875
vt 0.3203125 0.428125
vt 0.3046875 0.428125
vt 0.3046875 0.421875
vt 0.4140625 0.421875
vt 0.4140625 0.4296875
vt 0.296875 0.4296875
vt 0.296875 0.421875
vt 0.421875 0.421875
vt 0.421875 0.4296875
vt 0.3046875 0.4296875
vt 0.3046875 0.421875
vt 0.3203125 0.328125
vt 0.3203125 0.4453125
vt 0.3046875 0.4453125
vt 0.3046875 0.328125
vt 0.3203125 0.3359375
vt 0.3203125 0.453125
vt 0.3046875 0.453125
vt 0.3046875 0.3359375
vt 0.3203125 0.421875
vt 0.3203125 0.4296875
vt 0.3046875 0.4296875
vt 0.3046875 0.421875
vt 0.3203125 0.421875
vt 0.3203125 0.4296875
vt 0.3046875 0.4296875
vt 0.3046875 0.421875
vt 0.4140625 0.421875
vt 0.4140625 0.4296875
vt 0.296875 0.4296875
vt 0.296875 0.421875
vt 0.421875 0.421875
vt 0.421875 0.4296875
vt 0.3046875 0.4296875
vt 0.3046875 0.421875
vt 0.3203125 0.328125
vt 0.3203125 0.4453125
vt 0.3046875 0.4453125
vt 0.3046875 0.328125
vt 0.3203125 0.3359375
vt 0.3203125 0.453125
vt 0.3046875 0.453125
vt 0.3046875 0.3359375
vt 0.3203125 0.421875
vt 0.3203125 0.4296875
vt 0.3046875 0.4296875
vt 0.3046875 0.421875
vt 0.3203125 0.421875
vt 0.3203125 0.4296875
vt 0.3046875 0.4296875
vt 0.3046875 0.421875
vt 0.4140625 0.421875
vt 0.4140625 0.428125
vt 0.296875 0.428125
vt 0.296875 0.421875
vt 0.421875 0.421875
vt 0.421875 0.428125
vt 0.3046875 0.428125
vt 0.3046875 0.421875
vt 0.3203125 0.328125
vt 0.3203125 0.4453125
vt 0.3046875 0.4453125
vt 0.3046875 0.328125
vt 0.3203125 0.3359375
vt 0.3203125 0.453125
vt 0.3046875 0.453125
vt 0.3046875 0.3359375
vt 0.3203125 0.421875
vt 0.3203125 0.428125
vt 0.3046875 0.428125
vt 0.3046875 0.421875
vt 0.3203125 0.421875
vt 0.3203125 0.428125
vt 0.3046875 0.428125
vt 0.3046875 0.421875
vt 0.296875 0.4296875
vt 0.4140625 0.4296875
vt 0.4140625 0.421875
vt 0.296875 0.421875
vt 0.3046875 0.4296875
vt 0.421875 0.4296875
vt 0.421875 0.421875
vt 0.3046875 0.421875
vt 0.3046875 0.4453125
vt 0.3203125 0.4453125
vt 0.3203125 0.328125
vt 0.3046875 0.328125
vt 0.3046875 0.453125
vt 0.3203125 0.453125
vt 0.3203125 0.3359375
vt 0.3046875 0.3359375
vt 0.3046875 0.4296875
vt 0.3203125 0.4296875
vt 0.3203125 0.421875
vt 0.3046875 0.421875
vt 0.3046875 0.4296875
vt 0.3203125 0.4296875
vt 0.3203125 0.421875
vt 0.3046875 0.421875
vt 0.296875 0.4296875
vt 0.4140625 0.4296875
vt 0.4140625 0.421875
vt 0.296875 0.421875
vt 0.3046875 0.4296875
vt 0.421875 0.4296875
vt 0.421875 0.421875
vt 0.3046875 0.421875
vt 0.3046875 0.4453125
vt 0.3203125 0.4453125
vt 0.3203125 0.328125
vt 0.3046875 0.328125
vt 0.3046875 0.453125
vt 0.3203125 0.453125
vt 0.3203125 0.3359375
vt 0.3046875 0.3359375
vt 0.3046875 0.4296875
vt 0.3203125 0.4296875
vt 0.3203125 0.421875
vt 0.3046875 0.421875
vt 0.3046875 0.4296875
vt 0.3203125 0.4296875
vt 0.3203125 0.421875
vt 0.3046875 0.421875
vt 0.296875 0.428125
vt 0.4140625 0.428125
vt 0.4140625 0.421875
vt 0.296875 0.421875
vt 0.3046875 0.428125
vt 0.421875 0.428125
vt 0.421875 0.421875
vt 0.3046875 0.421875
vt 0.3046875 0.4453125
vt 0.3203125 0.4453125
vt 0.3203125 0.328125
vt 0.3046875 0.328125
vt 0.3046875 0.453125
vt 0.3203125 0.453125
vt 0.3203125 0.3359375
vt 0.3046875 0.3359375
vt 0.3046875 0.428125
vt 0.3203125 0.428125
vt 0.3203125 0.421875
vt 0.3046875 0.421875
vt 0.3046875 0.428125
vt 0.3203125 0.428125
vt 0.3203125 0.421875
vt 0.3046875 0.421875
vn 1 0 0
vn -1 0 0
vn 0 1 0
vn 0 -1 0
vn 0 0 1
vn 0 0 -1
vn 1 0 0
vn -0.7153677965646191 -0.6987481059997814 0
vn -0.5540178835960128 0.832504765545396 0
vn 0.56374986427687 -0.8259455735869106 0
vn 0 0 1
vn -0.5671873502949211 -0.5540102429391521 -0.6094022976523211
vn 0.7153677965646191 0.6987481059997814 0
vn 0 -1 0
vn -0.8442258399894536 0.5359876221463529 0
vn 0.8379960885334519 -0.5456762369781509 0
vn 0 0 1
vn 0 -0.9570247263924219 -0.290006332816217
vn 0 1 0
vn 0 -1 0
vn -1 0 0
vn 1 0 0
vn 0 0 1
vn 0 -0.9544799780350297 -0.29827499313594685
vn -1 0 0
vn 0.7153677965646191 -0.6987481059997814 0
vn 0.5540178835960128 0.832504765545396 0
vn -0.56374986427687 -0.8259455735869106 0
vn 0 0 1
vn 0.5671873502949211 -0.554010242939152 -0.6094022976523211
vn -0.7153677965646191 0.6987481059997814 0
vn 0 -1 0
vn 0.8442258399894538 0.5359876221463529 0
vn -0.8379960885334519 -0.5456762369781509 0
vn 0 0 1
vn 0 -0.9570247263924219 -0.29000633281621696
vn 0 1 0
vn 0 -1 0
vn 1 0 0
vn -1 0 0
vn 0 0 1
vn 0 -0.9544799780350297 -0.29827499313594685
usemtl m_3d215661-f591-00a8-53e2-d8d611c756be
f 1055/3469/891 1053/3470/891 1052/3471/891 1054/3472/891
f 1058/3473/892 1056/3474/892 1057/3475/892 1059/3476/892
f 1052/3477/893 1053/3478/893 1057/3479/893 1056/3480/893
f 1055/3481/894 1054/3482/894 1058/3483/894 1059/3484/894
f 1054/3485/895 1052/3486/895 1056/3487/895 1058/3488/895
f 1059/3489/896 1057/3490/896 1053/3491/896 1055/3492/896
f 1063/3493/897 1061/3494/897 1060/3495/897 1062/3496/897
f 1066/3497/898 1064/3498/898 1065/3499/898 1067/3500/898
f 1060/3501/899 1061/3502/899 1065/3503/899 1064/3504/899
f 1063/3505/900 1062/3506/900 1066/3507/900 1067/3508/900
f 1062/3509/901 1060/3510/901 1064/3511/901 1066/3512/901
f 1067/3513/902 1065/3514/902 1061/3515/902 1063/3516/902
f 1071/3517/903 1069/3518/903 1068/3519/903 1070/3520/903
f 1074/3521/904 1072/3522/904 1073/3523/904 1075/3524/904
f 1068/3525/905 1069/3526/905 1073/3527/905 1072/3528/905
f 1071/3529/906 1070/3530/906 1074/3531/906 1075/3532/906
f 1070/3533/907 1068/3534/907 1072/3535/907 1074/3536/907
f 1075/3537/908 1073/3538/908 1069/3539/908 1071/3540/908
f 1079/3541/909 1077/3542/909 1076/3543/909 1078/3544/909
f 1082/3545/910 1080/3546/910 1081/3547/910 1083/3548/910
f 1076/3549/911 1077/3550/911 1081/3551/911 1080/3552/911
f 1079/3553/912 1078/3554/912 1082/3555/912 1083/3556/912
f 1078/3557/913 1076/3558/913 1080/3559/913 1082/3560/913
f 1083/3561/914 1081/3562/914 1077/3563/914 1079/3564/914
f 1084/3565/915 1085/3566/915 1087/3567/915 1086/3568/915
f 1089/3569/916 1088/3570/916 1090/3571/916 1091/3572/916
f 1089/3573/917 1085/3574/917 1084/3575/917 1088/3576/917
f 1090/3577/918 1086/3578/918 1087/3579/918 1091/3580/918
f 1088/3581/919 1084/3582/919 1086/3583/919 1090/3584/919
f 1085/3585/920 1089/3586/920 1091/3587/920 1087/3588/920
f 1092/3589/921 1093/3590/921 1095/3591/921 1094/3592/921
f 1097/3593/922 1096/3594/922 1098/3595/922 1099/3596/922
f 1097/3597/923 1093/3598/923 1092/3599/923 1096/3600/923
f 1098/3601/924 1094/3602/924 1095/3603/924 1099/3604/924
f 1096/3605/925 1092/3606/925 1094/3607/925 1098/3608/925
f 1093/3609/926 1097/3610/926 1099/3611/926 1095/3612/926
f 1100/3613/927 1101/3614/927 1103/3615/927 1102/3616/927
f 1105/3617/928 1104/3618/928 1106/3619/928 1107/3620/928
f 1105/3621/929 1101/3622/929 1100/3623/929 1104/3624/929
f 1106/3625/930 1102/3626/930 1103/3627/930 1107/3628/930
f 1104/3629/931 1100/3630/931 1102/3631/931 1106/3632/931
f 1101/3633/932 1105/3634/932 1107/3635/932 1103/3636/932
o circle
v -0.140625 6.975 -0.534375
v -0.115505 7.06875 -0.534375
v -0.071995 7.043629999999999 -0.534375
v -0.046875 7.00012 -0.534375
v -0.046875 6.949879999999999 -0.534375
v -0.071995 6.90637 -0.534375
v -0.115505 6.88125 -0.534375
v -0.165745 6.88125 -0.534375
v -0.209255 6.90637 -0.534375
v -0.234375 6.949879999999999 -0.534375
v -0.234375 7.00012 -0.534375
v -0.209255 7.043629999999999 -0.534375
v -0.165745 7.06875 -0.534375
vt 0.3247625 0.6752374999999999
vt 0.375 0.7622625000000001
vt 0.1875 0.8125
vt 0.375 0.7622625000000001
vt 0.375 0.8627374999999999
vt 0.1875 0.8125
vt 0.375 0.8627374999999999
vt 0.3247625 0.9497625
vt 0.1875 0.8125
vt 0.3247625 0.9497625
vt 0.2377375 1
vt 0.1875 0.8125
vt 0.2377375 1
vt 0.1372625 1
vt 0.1875 0.8125
vt 0.1372625 1
vt 0.0502375 0.9497625
vt 0.1875 0.8125
vt 0.0502375 0.9497625
vt 0 0.8627374999999999
vt 0.1875 0.8125
vt 0 0.8627374999999999
vt 0 0.7622625000000001
vt 0.1875 0.8125
vt 0 0.7622625000000001
vt 0.0502375 0.6752374999999999
vt 0.1875 0.8125
vt 0.0502375 0.6752374999999999
vt 0.1372625 0.625
vt 0.1875 0.8125
vt 0.1372625 0.625
vt 0.2377375 0.625
vt 0.1875 0.8125
vt 0.2377375 0.625
vt 0.3247625 0.6752374999999999
vt 0.1875 0.8125
vn 0 2.220446049250313e-16 -1
vn 0 2.220446049250313e-16 -1
vn 0 2.220446049250313e-16 -1
vn 0 2.220446049250313e-16 -1
vn 0 2.220446049250313e-16 -1
vn 0 2.220446049250313e-16 -1
vn 0 2.220446049250313e-16 -1
vn 0 2.220446049250313e-16 -1
vn 0 2.220446049250313e-16 -1
vn 0 2.220446049250313e-16 -1
vn 0 2.220446049250313e-16 -1
vn 0 2.220446049250313e-16 -1
usemtl m_409504fd-f58c-4195-329e-2b61b82ac830
f 1110/3637/933 1111/3638/933 1108/3639/933
f 1111/3640/934 1112/3641/934 1108/3642/934
f 1112/3643/935 1113/3644/935 1108/3645/935
f 1113/3646/936 1114/3647/936 1108/3648/936
f 1114/3649/937 1115/3650/937 1108/3651/937
f 1115/3652/938 1116/3653/938 1108/3654/938
f 1116/3655/939 1117/3656/939 1108/3657/939
f 1117/3658/940 1118/3659/940 1108/3660/940
f 1118/3661/941 1119/3662/941 1108/3663/941
f 1119/3664/942 1120/3665/942 1108/3666/942
f 1120/3667/943 1109/3668/943 1108/3669/943
f 1109/3670/944 1110/3671/944 1108/3672/944
o tube
v -0.11341125 7.0765625 -0.5
v -0.11341125 7.0765625 -0.5625
v -0.120825 7.048895 -0.5
v -0.120825 7.048895 -0.5625
v -0.06627625 7.04934875 -0.5
v -0.06627625 7.04934875 -0.5625
v -0.08653 7.029095 -0.5
v -0.08653 7.029095 -0.5625
v -0.0390625 7.002213749999999 -0.5
v -0.0390625 7.002213749999999 -0.5625
v -0.06673 6.9948 -0.5
v -0.06673 6.9948 -0.5625
v -0.0390625 6.94778625 -0.5
v -0.0390625 6.94778625 -0.5625
v -0.06673 6.9552 -0.5
v -0.06673 6.9552 -0.5625
v -0.06627625 6.900651249999999 -0.5
v -0.06627625 6.900651249999999 -0.5625
v -0.08653 6.920904999999999 -0.5
v -0.08653 6.920904999999999 -0.5625
v -0.11341125 6.8734375 -0.5
v -0.11341125 6.8734375 -0.5625
v -0.120825 6.901104999999999 -0.5
v -0.120825 6.901104999999999 -0.5625
v -0.16783875 6.8734375 -0.5
v -0.16783875 6.8734375 -0.5625
v -0.160425 6.901104999999999 -0.5
v -0.160425 6.901104999999999 -0.5625
v -0.21497375000000002 6.900651249999999 -0.5
v -0.21497375000000002 6.900651249999999 -0.5625
v -0.19472 6.920904999999999 -0.5
v -0.19472 6.920904999999999 -0.5625
v -0.2421875 6.94778625 -0.5
v -0.2421875 6.94778625 -0.5625
v -0.21452 6.9552 -0.5
v -0.21452 6.9552 -0.5625
v -0.2421875 7.002213749999999 -0.5
v -0.2421875 7.002213749999999 -0.5625
v -0.21452 6.9948 -0.5
v -0.21452 6.9948 -0.5625
v -0.21497375000000002 7.04934875 -0.5
v -0.21497375000000002 7.04934875 -0.5625
v -0.19472 7.029095 -0.5
v -0.19472 7.029095 -0.5625
v -0.16783875 7.0765625 -0.5
v -0.16783875 7.0765625 -0.5625
v -0.160425 7.048895 -0.5
v -0.160425 7.048895 -0.5625
vt 0.296875 0.34375
vt 0.31048125 0.34375
vt 0.31048125 0.359375
vt 0.296875 0.359375
vt 0.306775 0.359375
vt 0.296875 0.359375
vt 0.296875 0.34375
vt 0.306775 0.34375
vt 0.296875 0.35752125
vt 0.296875 0.34762140625000004
vt 0.30379265625 0.3457678125
vt 0.30379203125 0.359375
vt 0.296875 0.3524575
vt 0.3104821875 0.3524575
vt 0.30862828125 0.359375
vt 0.2987284375 0.35937453124999996
vt 0.296875 0.34375
vt 0.31048125 0.34375
vt 0.31048125 0.359375
vt 0.296875 0.359375
vt 0.306775 0.359375
vt 0.296875 0.359375
vt 0.296875 0.34375
vt 0.306775 0.34375
vt 0.296875 0.3575215625
vt 0.296875 0.34762171875000003
vt 0.30379203125 0.3457678125
vt 0.30379265625 0.359375
vt 0.296875 0.3524575
vt 0.3104821875 0.3524575
vt 0.30862859375 0.35937453124999996
vt 0.29872890625 0.359375
vt 0.296875 0.34375
vt 0.31048125 0.34375
vt 0.31048125 0.359375
vt 0.296875 0.359375
vt 0.306775 0.359375
vt 0.296875 0.359375
vt 0.296875 0.34375
vt 0.306775 0.34375
vt 0.296875 0.357521875
vt 0.296875 0.34762187499999997
vt 0.3037921875 0.34576874999999996
vt 0.3037921875 0.359375
vt 0.3037921875 0.34576874999999996
vt 0.3037921875 0.359375
vt 0.296875 0.357521875
vt 0.296875 0.34762187499999997
vt 0.296875 0.34375
vt 0.31048125 0.34375
vt 0.31048125 0.359375
vt 0.296875 0.359375
vt 0.306775 0.359375
vt 0.296875 0.359375
vt 0.296875 0.34375
vt 0.306775 0.34375
vt 0.30862828125 0.359375
vt 0.2987284375 0.359375
vt 0.296875 0.35245734375000004
vt 0.3104821875 0.35245796875
vt 0.3037925 0.3457678125
vt 0.3037925 0.359375
vt 0.296875 0.35752109374999996
vt 0.29687546875 0.34762140625000004
vt 0.296875 0.34375
vt 0.31048125 0.34375
vt 0.31048125 0.359375
vt 0.296875 0.359375
vt 0.306775 0.359375
vt 0.296875 0.359375
vt 0.296875 0.34375
vt 0.306775 0.34375
vt 0.30862859375 0.359375
vt 0.29872875 0.359375
vt 0.296875 0.35245796875
vt 0.3104821875 0.35245734375000004
vt 0.3037925 0.3457678125
vt 0.3037925 0.359375
vt 0.29687546875 0.3575215625
vt 0.296875 0.34762171875000003
vt 0.296875 0.34375
vt 0.31048125 0.34375
vt 0.31048125 0.359375
vt 0.296875 0.359375
vt 0.306775 0.359375
vt 0.296875 0.359375
vt 0.296875 0.34375
vt 0.306775 0.34375
vt 0.308628125 0.359375
vt 0.298728125 0.359375
vt 0.296875 0.35245781249999997
vt 0.31048125 0.35245781249999997
vt 0.31048125 0.359375
vt 0.296875 0.359375
vt 0.298728125 0.35245781249999997
vt 0.308628125 0.35245781249999997
vt 0.296875 0.34375
vt 0.31048125 0.34375
vt 0.31048125 0.359375
vt 0.296875 0.359375
vt 0.306775 0.359375
vt 0.296875 0.359375
vt 0.296875 0.34375
vt 0.306775 0.34375
vt 0.30379265625 0.34762171875000003
vt 0.30379265625 0.3575215625
vt 0.296875 0.359375
vt 0.296875625 0.3457678125
vt 0.3104821875 0.359375
vt 0.296875 0.359375
vt 0.29872890625 0.3524575
vt 0.30862859375 0.35245796875
vt 0.296875 0.34375
vt 0.31048125 0.34375
vt 0.31048125 0.359375
vt 0.296875 0.359375
vt 0.306775 0.359375
vt 0.296875 0.359375
vt 0.296875 0.34375
vt 0.306775 0.34375
vt 0.30379265625 0.34762140625000004
vt 0.30379265625 0.35752125
vt 0.296875625 0.359375
vt 0.296875 0.3457678125
vt 0.3104821875 0.359375
vt 0.296875 0.359375
vt 0.2987284375 0.35245796875
vt 0.30862828125 0.3524575
vt 0.296875 0.34375
vt 0.31048125 0.34375
vt 0.31048125 0.359375
vt 0.296875 0.359375
vt 0.306775 0.359375
vt 0.296875 0.359375
vt 0.296875 0.34375
vt 0.306775 0.34375
vt 0.3037921875 0.34762187499999997
vt 0.3037921875 0.357521875
vt 0.296875 0.359375
vt 0.296875 0.34576874999999996
vt 0.296875 0.359375
vt 0.296875 0.34576874999999996
vt 0.3037921875 0.34762187499999997
vt 0.3037921875 0.357521875
vt 0.296875 0.34375
vt 0.31048125 0.34375
vt 0.31048125 0.359375
vt 0.296875 0.359375
vt 0.306775 0.359375
vt 0.296875 0.359375
vt 0.296875 0.34375
vt 0.306775 0.34375
vt 0.29872875 0.35245734375000004
vt 0.30862859375 0.35245734375000004
vt 0.3104821875 0.359375
vt 0.296875 0.359374375
vt 0.296875 0.359375
vt 0.296875 0.3457678125
vt 0.3037925 0.34762171875000003
vt 0.30379203125 0.3575215625
vt 0.296875 0.34375
vt 0.31048125 0.34375
vt 0.31048125 0.359375
vt 0.296875 0.359375
vt 0.306775 0.359375
vt 0.296875 0.359375
vt 0.296875 0.34375
vt 0.306775 0.34375
vt 0.2987284375 0.35245734375000004
vt 0.30862828125 0.35245734375000004
vt 0.3104821875 0.359374375
vt 0.296875 0.359375
vt 0.296875 0.359375
vt 0.296875 0.3457678125
vt 0.30379203125 0.34762140625000004
vt 0.3037925 0.35752109374999996
vt 0.296875 0.34375
vt 0.31048125 0.34375
vt 0.31048125 0.359375
vt 0.296875 0.359375
vt 0.306775 0.359375
vt 0.296875 0.359375
vt 0.296875 0.34375
vt 0.306775 0.34375
vt 0.298728125 0.35245781249999997
vt 0.308628125 0.35245781249999997
vt 0.31048125 0.359375
vt 0.296875 0.359375
vt 0.296875 0.35245781249999997
vt 0.31048125 0.35245781249999997
vt 0.308628125 0.359375
vt 0.298728125 0.359375
vn 0.5000047549191339 0.8660226585131923 1.9229565906568708e-16
vn -0.4999956916624099 -0.8660278911900172 -1.9229682095334538e-16
vn 0 -2.220446049250313e-16 1
vn 0 2.220446049250313e-16 -1
vn 0.8660226585131923 0.5000047549191339 1.1102335826665619e-16
vn -0.8660278911900172 -0.4999956916624099 -1.1102134581939758e-16
vn 0 -2.220446049250313e-16 1
vn 0 2.220446049250313e-16 -1
vn 1 0 0
vn -1 0 0
vn 0 -2.220446049250313e-16 1
vn 0 2.220446049250313e-16 -1
vn 0.8660226585131923 -0.5000047549191339 -1.1102335826665619e-16
vn -0.8660278911900172 0.4999956916624099 1.1102134581939758e-16
vn 0 -2.220446049250313e-16 1
vn 0 2.220446049250313e-16 -1
vn 0.5000047549191339 -0.8660226585131923 -1.9229565906568708e-16
vn -0.4999956916624099 0.8660278911900172 1.9229682095334538e-16
vn 0 -2.220446049250313e-16 1
vn 0 2.220446049250313e-16 -1
vn 0 -1 -2.220446049250313e-16
vn 0 1 2.220446049250313e-16
vn 0 -2.220446049250313e-16 1
vn 0 2.220446049250313e-16 -1
vn -0.5000047549191339 -0.8660226585131923 -1.9229565906568708e-16
vn 0.4999956916624099 0.8660278911900172 1.9229682095334538e-16
vn 0 -2.220446049250313e-16 1
vn 0 2.220446049250313e-16 -1
vn -0.8660226585131923 -0.5000047549191339 -1.1102335826665619e-16
vn 0.8660278911900172 0.4999956916624099 1.1102134581939758e-16
vn 0 -2.220446049250313e-16 1
vn 0 2.220446049250313e-16 -1
vn -1 0 0
vn 1 0 0
vn 0 -2.220446049250313e-16 1
vn 0 2.220446049250313e-16 -1
vn -0.8660226585131923 0.5000047549191339 1.1102335826665619e-16
vn 0.8660278911900172 -0.4999956916624099 -1.1102134581939758e-16
vn 0 -2.220446049250313e-16 1
vn 0 2.220446049250313e-16 -1
vn -0.5000047549191339 0.8660226585131923 1.9229565906568708e-16
vn 0.4999956916624099 -0.8660278911900172 -1.9229682095334538e-16
vn 0 -2.220446049250313e-16 1
vn 0 2.220446049250313e-16 -1
vn 0 1 2.220446049250313e-16
vn 0 -1 -2.220446049250313e-16
vn 0 -2.220446049250313e-16 1
vn 0 2.220446049250313e-16 -1
usemtl m_3d215661-f591-00a8-53e2-d8d611c756be
f 1121/3673/945 1125/3674/945 1126/3675/945 1122/3676/945
f 1124/3677/946 1128/3678/946 1127/3679/946 1123/3680/946
f 1123/3681/947 1127/3682/947 1125/3683/947 1121/3684/947
f 1122/3685/948 1126/3686/948 1128/3687/948 1124/3688/948
f 1125/3689/949 1129/3690/949 1130/3691/949 1126/3692/949
f 1128/3693/950 1132/3694/950 1131/3695/950 1127/3696/950
f 1127/3697/951 1131/3698/951 1129/3699/951 1125/3700/951
f 1126/3701/952 1130/3702/952 1132/3703/952 1128/3704/952
f 1129/3705/953 1133/3706/953 1134/3707/953 1130/3708/953
f 1132/3709/954 1136/3710/954 1135/3711/954 1131/3712/954
f 1131/3713/955 1135/3714/955 1133/3715/955 1129/3716/955
f 1130/3717/956 1134/3718/956 1136/3719/956 1132/3720/956
f 1133/3721/957 1137/3722/957 1138/3723/957 1134/3724/957
f 1136/3725/958 1140/3726/958 1139/3727/958 1135/3728/958
f 1135/3729/959 1139/3730/959 1137/3731/959 1133/3732/959
f 1134/3733/960 1138/3734/960 1140/3735/960 1136/3736/960
f 1137/3737/961 1141/3738/961 1142/3739/961 1138/3740/961
f 1140/3741/962 1144/3742/962 1143/3743/962 1139/3744/962
f 1139/3745/963 1143/3746/963 1141/3747/963 1137/3748/963
f 1138/3749/964 1142/3750/964 1144/3751/964 1140/3752/964
f 1141/3753/965 1145/3754/965 1146/3755/965 1142/3756/965
f 1144/3757/966 1148/3758/966 1147/3759/966 1143/3760/966
f 1143/3761/967 1147/3762/967 1145/3763/967 1141/3764/967
f 1142/3765/968 1146/3766/968 1148/3767/968 1144/3768/968
f 1145/3769/969 1149/3770/969 1150/3771/969 1146/3772/969
f 1148/3773/970 1152/3774/970 1151/3775/970 1147/3776/970
f 1147/3777/971 1151/3778/971 1149/3779/971 1145/3780/971
f 1146/3781/972 1150/3782/972 1152/3783/972 1148/3784/972
f 1149/3785/973 1153/3786/973 1154/3787/973 1150/3788/973
f 1152/3789/974 1156/3790/974 1155/3791/974 1151/3792/974
f 1151/3793/975 1155/3794/975 1153/3795/975 1149/3796/975
f 1150/3797/976 1154/3798/976 1156/3799/976 1152/3800/976
f 1153/3801/977 1157/3802/977 1158/3803/977 1154/3804/977
f 1156/3805/978 1160/3806/978 1159/3807/978 1155/3808/978
f 1155/3809/979 1159/3810/979 1157/3811/979 1153/3812/979
f 1154/3813/980 1158/3814/980 1160/3815/980 1156/3816/980
f 1157/3817/981 1161/3818/981 1162/3819/981 1158/3820/981
f 1160/3821/982 1164/3822/982 1163/3823/982 1159/3824/982
f 1159/3825/983 1163/3826/983 1161/3827/983 1157/3828/983
f 1158/3829/984 1162/3830/984 1164/3831/984 1160/3832/984
f 1161/3833/985 1165/3834/985 1166/3835/985 1162/3836/985
f 1164/3837/986 1168/3838/986 1167/3839/986 1163/3840/986
f 1163/3841/987 1167/3842/987 1165/3843/987 1161/3844/987
f 1162/3845/988 1166/3846/988 1168/3847/988 1164/3848/988
f 1165/3849/989 1121/3850/989 1122/3851/989 1166/3852/989
f 1168/3853/990 1124/3854/990 1123/3855/990 1167/3856/990
f 1167/3857/991 1123/3858/991 1121/3859/991 1165/3860/991
f 1166/3861/992 1122/3862/992 1124/3863/992 1168/3864/992
o cube
v 0.16606125 6.4937499999999995 -0.46874999999999994
v 0.16606125 6.4937499999999995 -0.9375
v 0.16606125 6.472916874999999 -0.46874999999999994
v 0.16606125 6.472916874999999 -0.9375
v 0.11518875 6.4937499999999995 -0.46874999999999994
v 0.11518875 6.4937499999999995 -0.9375
v 0.11518875 6.472916874999999 -0.46874999999999994
v 0.11518875 6.472916874999999 -0.9375
v 0.11518875 6.4937499999999995 -0.46874999999999994
v 0.11518875 6.4937499999999995 -0.9375
v 0.11518875 6.472916874999999 -0.46874999999999994
v 0.11518875 6.472916874999999 -0.9375
v 0.064316875 6.459895625 -0.46874999999999994
v 0.064316875 6.459895625 -0.859375
v 0.077035 6.4468749999999995 -0.46874999999999994
v 0.077035 6.4468749999999995 -0.859375
v 0.064316875 6.459895625 -0.46874999999999994
v 0.064316875 6.459895625 -0.859375
v 0.077035 6.4468749999999995 -0.46874999999999994
v 0.077035 6.4468749999999995 -0.859375
v 0.03125 6.4078124999999995 -0.46874999999999994
v 0.03125 6.4078124999999995 -0.6875
v 0.05159875 6.4078124999999995 -0.46874999999999994
v 0.05159875 6.4078124999999995 -0.6875
v 0.03125 6.4078124999999995 -0.46874999999999994
v 0.03125 6.4078124999999995 -0.6875
v 0.05159875 6.4078124999999995 -0.46874999999999994
v 0.05159875 6.4078124999999995 -0.6875
v 0.03125 6.3687499999999995 -0.46874999999999994
v 0.03125 6.3687499999999995 -0.5625
v 0.05159875 6.3687499999999995 -0.46874999999999994
v 0.05159875 6.3687499999999995 -0.5625
v 0.16606125 6.4937499999999995 -0.46874999999999994
v 0.16606125 6.4937499999999995 -0.9375
v 0.16606125 6.472916874999999 -0.46874999999999994
v 0.16606125 6.472916874999999 -0.9375
v 0.216933125 6.459895625 -0.46874999999999994
v 0.216933125 6.459895625 -0.859375
v 0.20421499999999998 6.4468749999999995 -0.46874999999999994
v 0.20421499999999998 6.4468749999999995 -0.859375
v 0.216933125 6.459895625 -0.46874999999999994
v 0.216933125 6.459895625 -0.859375
v 0.20421499999999998 6.4468749999999995 -0.46874999999999994
v 0.20421499999999998 6.4468749999999995 -0.859375
v 0.25 6.4078124999999995 -0.46874999999999994
v 0.25 6.4078124999999995 -0.6875
v 0.22965125 6.4078124999999995 -0.46874999999999994
v 0.22965125 6.4078124999999995 -0.6875
v 0.25 6.4078124999999995 -0.46874999999999994
v 0.25 6.4078124999999995 -0.6875
v 0.22965125 6.4078124999999995 -0.46874999999999994
v 0.22965125 6.4078124999999995 -0.6875
v 0.25 6.3687499999999995 -0.46874999999999994
v 0.25 6.3687499999999995 -0.5625
v 0.22965125 6.3687499999999995 -0.46874999999999994
v 0.22965125 6.3687499999999995 -0.5625
vt 0.4140625 0.421875
vt 0.4140625 0.428125
vt 0.296875 0.428125
vt 0.296875 0.421875
vt 0.421875 0.421875
vt 0.421875 0.428125
vt 0.3046875 0.428125
vt 0.3046875 0.421875
vt 0.3203125 0.328125
vt 0.3203125 0.4453125
vt 0.3046875 0.4453125
vt 0.3046875 0.328125
vt 0.3203125 0.3359375
vt 0.3203125 0.453125
vt 0.3046875 0.453125
vt 0.3046875 0.3359375
vt 0.3203125 0.421875
vt 0.3203125 0.428125
vt 0.3046875 0.428125
vt 0.3046875 0.421875
vt 0.3203125 0.421875
vt 0.3203125 0.428125
vt 0.3046875 0.428125
vt 0.3046875 0.421875
vt 0.4140625 0.421875
vt 0.4140625 0.4296875
vt 0.296875 0.4296875
vt 0.296875 0.421875
vt 0.421875 0.421875
vt 0.421875 0.4296875
vt 0.3046875 0.4296875
vt 0.3046875 0.421875
vt 0.3203125 0.328125
vt 0.3203125 0.4453125
vt 0.3046875 0.4453125
vt 0.3046875 0.328125
vt 0.3203125 0.3359375
vt 0.3203125 0.453125
vt 0.3046875 0.453125
vt 0.3046875 0.3359375
vt 0.3203125 0.421875
vt 0.3203125 0.4296875
vt 0.3046875 0.4296875
vt 0.3046875 0.421875
vt 0.3203125 0.421875
vt 0.3203125 0.4296875
vt 0.3046875 0.4296875
vt 0.3046875 0.421875
vt 0.4140625 0.421875
vt 0.4140625 0.4296875
vt 0.296875 0.4296875
vt 0.296875 0.421875
vt 0.421875 0.421875
vt 0.421875 0.4296875
vt 0.3046875 0.4296875
vt 0.3046875 0.421875
vt 0.3203125 0.328125
vt 0.3203125 0.4453125
vt 0.3046875 0.4453125
vt 0.3046875 0.328125
vt 0.3203125 0.3359375
vt 0.3203125 0.453125
vt 0.3046875 0.453125
vt 0.3046875 0.3359375
vt 0.3203125 0.421875
vt 0.3203125 0.4296875
vt 0.3046875 0.4296875
vt 0.3046875 0.421875
vt 0.3203125 0.421875
vt 0.3203125 0.4296875
vt 0.3046875 0.4296875
vt 0.3046875 0.421875
vt 0.4140625 0.421875
vt 0.4140625 0.428125
vt 0.296875 0.428125
vt 0.296875 0.421875
vt 0.421875 0.421875
vt 0.421875 0.428125
vt 0.3046875 0.428125
vt 0.3046875 0.421875
vt 0.3203125 0.328125
vt 0.3203125 0.4453125
vt 0.3046875 0.4453125
vt 0.3046875 0.328125
vt 0.3203125 0.3359375
vt 0.3203125 0.453125
vt 0.3046875 0.453125
vt 0.3046875 0.3359375
vt 0.3203125 0.421875
vt 0.3203125 0.428125
vt 0.3046875 0.428125
vt 0.3046875 0.421875
vt 0.3203125 0.421875
vt 0.3203125 0.428125
vt 0.3046875 0.428125
vt 0.3046875 0.421875
vt 0.296875 0.4296875
vt 0.4140625 0.4296875
vt 0.4140625 0.421875
vt 0.296875 0.421875
vt 0.3046875 0.4296875
vt 0.421875 0.4296875
vt 0.421875 0.421875
vt 0.3046875 0.421875
vt 0.3046875 0.4453125
vt 0.3203125 0.4453125
vt 0.3203125 0.328125
vt 0.3046875 0.328125
vt 0.3046875 0.453125
vt 0.3203125 0.453125
vt 0.3203125 0.3359375
vt 0.3046875 0.3359375
vt 0.3046875 0.4296875
vt 0.3203125 0.4296875
vt 0.3203125 0.421875
vt 0.3046875 0.421875
vt 0.3046875 0.4296875
vt 0.3203125 0.4296875
vt 0.3203125 0.421875
vt 0.3046875 0.421875
vt 0.296875 0.4296875
vt 0.4140625 0.4296875
vt 0.4140625 0.421875
vt 0.296875 0.421875
vt 0.3046875 0.4296875
vt 0.421875 0.4296875
vt 0.421875 0.421875
vt 0.3046875 0.421875
vt 0.3046875 0.4453125
vt 0.3203125 0.4453125
vt 0.3203125 0.328125
vt 0.3046875 0.328125
vt 0.3046875 0.453125
vt 0.3203125 0.453125
vt 0.3203125 0.3359375
vt 0.3046875 0.3359375
vt 0.3046875 0.4296875
vt 0.3203125 0.4296875
vt 0.3203125 0.421875
vt 0.3046875 0.421875
vt 0.3046875 0.4296875
vt 0.3203125 0.4296875
vt 0.3203125 0.421875
vt 0.3046875 0.421875
vt 0.296875 0.428125
vt 0.4140625 0.428125
vt 0.4140625 0.421875
vt 0.296875 0.421875
vt 0.3046875 0.428125
vt 0.421875 0.428125
vt 0.421875 0.421875
vt 0.3046875 0.421875
vt 0.3046875 0.4453125
vt 0.3203125 0.4453125
vt 0.3203125 0.328125
vt 0.3046875 0.328125
vt 0.3046875 0.453125
vt 0.3203125 0.453125
vt 0.3203125 0.3359375
vt 0.3046875 0.3359375
vt 0.3046875 0.428125
vt 0.3203125 0.428125
vt 0.3203125 0.421875
vt 0.3046875 0.421875
vt 0.3046875 0.428125
vt 0.3203125 0.428125
vt 0.3203125 0.421875
vt 0.3046875 0.421875
vn 1 0 0
vn -1 0 0
vn 0 1 0
vn 0 -1 0
vn 0 0 1
vn 0 0 -1
vn 1 0 0
vn -0.7153677965646191 -0.6987481059997814 0
vn -0.5540178835960128 0.832504765545396 0
vn 0.56374986427687 -0.8259455735869106 0
vn 0 0 1
vn -0.5671873502949211 -0.5540102429391521 -0.6094022976523211
vn 0.7153677965646191 0.6987481059997814 0
vn 0 -1 0
vn -0.8442258399894536 0.5359876221463529 0
vn 0.8379960885334519 -0.5456762369781509 0
vn 0 0 1
vn 0 -0.9570247263924219 -0.290006332816217
vn 0 1 0
vn 0 -1 0
vn -1 0 0
vn 1 0 0
vn 0 0 1
vn 0 -0.9544799780350297 -0.29827499313594685
vn -1 0 0
vn 0.7153677965646191 -0.6987481059997814 0
vn 0.5540178835960128 0.832504765545396 0
vn -0.56374986427687 -0.8259455735869106 0
vn 0 0 1
vn 0.5671873502949211 -0.554010242939152 -0.6094022976523211
vn -0.7153677965646191 0.6987481059997814 0
vn 0 -1 0
vn 0.8442258399894538 0.5359876221463529 0
vn -0.8379960885334519 -0.5456762369781509 0
vn 0 0 1
vn 0 -0.9570247263924219 -0.29000633281621696
vn 0 1 0
vn 0 -1 0
vn 1 0 0
vn -1 0 0
vn 0 0 1
vn 0 -0.9544799780350297 -0.29827499313594685
usemtl m_3d215661-f591-00a8-53e2-d8d611c756be
f 1172/3865/993 1170/3866/993 1169/3867/993 1171/3868/993
f 1175/3869/994 1173/3870/994 1174/3871/994 1176/3872/994
f 1169/3873/995 1170/3874/995 1174/3875/995 1173/3876/995
f 1172/3877/996 1171/3878/996 1175/3879/996 1176/3880/996
f 1171/3881/997 1169/3882/997 1173/3883/997 1175/3884/997
f 1176/3885/998 1174/3886/998 1170/3887/998 1172/3888/998
f 1180/3889/999 1178/3890/999 1177/3891/999 1179/3892/999
f 1183/3893/1000 1181/3894/1000 1182/3895/1000 1184/3896/1000
f 1177/3897/1001 1178/3898/1001 1182/3899/1001 1181/3900/1001
f 1180/3901/1002 1179/3902/1002 1183/3903/1002 1184/3904/1002
f 1179/3905/1003 1177/3906/1003 1181/3907/1003 1183/3908/1003
f 1184/3909/1004 1182/3910/1004 1178/3911/1004 1180/3912/1004
f 1188/3913/1005 1186/3914/1005 1185/3915/1005 1187/3916/1005
f 1191/3917/1006 1189/3918/1006 1190/3919/1006 1192/3920/1006
f 1185/3921/1007 1186/3922/1007 1190/3923/1007 1189/3924/1007
f 1188/3925/1008 1187/3926/1008 1191/3927/1008 1192/3928/1008
f 1187/3929/1009 1185/3930/1009 1189/3931/1009 1191/3932/1009
f 1192/3933/1010 1190/3934/1010 1186/3935/1010 1188/3936/1010
f 1196/3937/1011 1194/3938/1011 1193/3939/1011 1195/3940/1011
f 1199/3941/1012 1197/3942/1012 1198/3943/1012 1200/3944/1012
f 1193/3945/1013 1194/3946/1013 1198/3947/1013 1197/3948/1013
f 1196/3949/1014 1195/3950/1014 1199/3951/1014 1200/3952/1014
f 1195/3953/1015 1193/3954/1015 1197/3955/1015 1199/3956/1015
f 1200/3957/1016 1198/3958/1016 1194/3959/1016 1196/3960/1016
f 1201/3961/1017 1202/3962/1017 1204/3963/1017 1203/3964/1017
f 1206/3965/1018 1205/3966/1018 1207/3967/1018 1208/3968/1018
f 1206/3969/1019 1202/3970/1019 1201/3971/1019 1205/3972/1019
f 1207/3973/1020 1203/3974/1020 1204/3975/1020 1208/3976/1020
f 1205/3977/1021 1201/3978/1021 1203/3979/1021 1207/3980/1021
f 1202/3981/1022 1206/3982/1022 1208/3983/1022 1204/3984/1022
f 1209/3985/1023 1210/3986/1023 1212/3987/1023 1211/3988/1023
f 1214/3989/1024 1213/3990/1024 1215/3991/1024 1216/3992/1024
f 1214/3993/1025 1210/3994/1025 1209/3995/1025 1213/3996/1025
f 1215/3997/1026 1211/3998/1026 1212/3999/1026 1216/4000/1026
f 1213/4001/1027 1209/4002/1027 1211/4003/1027 1215/4004/1027
f 1210/4005/1028 1214/4006/1028 1216/4007/1028 1212/4008/1028
f 1217/4009/1029 1218/4010/1029 1220/4011/1029 1219/4012/1029
f 1222/4013/1030 1221/4014/1030 1223/4015/1030 1224/4016/1030
f 1222/4017/1031 1218/4018/1031 1217/4019/1031 1221/4020/1031
f 1223/4021/1032 1219/4022/1032 1220/4023/1032 1224/4024/1032
f 1221/4025/1033 1217/4026/1033 1219/4027/1033 1223/4028/1033
f 1218/4029/1034 1222/4030/1034 1224/4031/1034 1220/4032/1034
o circle
v 0.140625 6.38125 -0.534375
v 0.165745 6.475 -0.534375
v 0.209255 6.449879999999999 -0.534375
v 0.234375 6.40637 -0.534375
v 0.234375 6.356129999999999 -0.534375
v 0.209255 6.31262 -0.534375
v 0.165745 6.2875 -0.534375
v 0.115505 6.2875 -0.534375
v 0.071995 6.31262 -0.534375
v 0.046875 6.356129999999999 -0.534375
v 0.046875 6.40637 -0.534375
v 0.071995 6.449879999999999 -0.534375
v 0.115505 6.475 -0.534375
vt 0.3247625 0.6752374999999999
vt 0.375 0.7622625000000001
vt 0.1875 0.8125
vt 0.375 0.7622625000000001
vt 0.375 0.8627374999999999
vt 0.1875 0.8125
vt 0.375 0.8627374999999999
vt 0.3247625 0.9497625
vt 0.1875 0.8125
vt 0.3247625 0.9497625
vt 0.2377375 1
vt 0.1875 0.8125
vt 0.2377375 1
vt 0.1372625 1
vt 0.1875 0.8125
vt 0.1372625 1
vt 0.0502375 0.9497625
vt 0.1875 0.8125
vt 0.0502375 0.9497625
vt 0 0.8627374999999999
vt 0.1875 0.8125
vt 0 0.8627374999999999
vt 0 0.7622625000000001
vt 0.1875 0.8125
vt 0 0.7622625000000001
vt 0.0502375 0.6752374999999999
vt 0.1875 0.8125
vt 0.0502375 0.6752374999999999
vt 0.1372625 0.625
vt 0.1875 0.8125
vt 0.1372625 0.625
vt 0.2377375 0.625
vt 0.1875 0.8125
vt 0.2377375 0.625
vt 0.3247625 0.6752374999999999
vt 0.1875 0.8125
vn 0 2.220446049250313e-16 -1
vn 0 2.220446049250313e-16 -1
vn 0 2.220446049250313e-16 -1
vn 0 2.220446049250313e-16 -1
vn 0 2.220446049250313e-16 -1
vn 0 2.220446049250313e-16 -1
vn 0 2.220446049250313e-16 -1
vn 0 2.220446049250313e-16 -1
vn 0 2.220446049250313e-16 -1
vn 0 2.220446049250313e-16 -1
vn 0 2.220446049250313e-16 -1
vn 0 2.220446049250313e-16 -1
usemtl m_409504fd-f58c-4195-329e-2b61b82ac830
f 1227/4033/1035 1228/4034/1035 1225/4035/1035
f 1228/4036/1036 1229/4037/1036 1225/4038/1036
f 1229/4039/1037 1230/4040/1037 1225/4041/1037
f 1230/4042/1038 1231/4043/1038 1225/4044/1038
f 1231/4045/1039 1232/4046/1039 1225/4047/1039
f 1232/4048/1040 1233/4049/1040 1225/4050/1040
f 1233/4051/1041 1234/4052/1041 1225/4053/1041
f 1234/4054/1042 1235/4055/1042 1225/4056/1042
f 1235/4057/1043 1236/4058/1043 1225/4059/1043
f 1236/4060/1044 1237/4061/1044 1225/4062/1044
f 1237/4063/1045 1226/4064/1045 1225/4065/1045
f 1226/4066/1046 1227/4067/1046 1225/4068/1046
o tube
v 0.16783875 6.4828125 -0.5
v 0.16783875 6.4828125 -0.5625
v 0.160425 6.455145 -0.5
v 0.160425 6.455145 -0.5625
v 0.21497375000000002 6.45559875 -0.5
v 0.21497375000000002 6.45559875 -0.5625
v 0.19472 6.435345 -0.5
v 0.19472 6.435345 -0.5625
v 0.2421875 6.408463749999999 -0.5
v 0.2421875 6.408463749999999 -0.5625
v 0.21452 6.40105 -0.5
v 0.21452 6.40105 -0.5625
v 0.2421875 6.35403625 -0.5
v 0.2421875 6.35403625 -0.5625
v 0.21452 6.36145 -0.5
v 0.21452 6.36145 -0.5625
v 0.21497375000000002 6.306901249999999 -0.5
v 0.21497375000000002 6.306901249999999 -0.5625
v 0.19472 6.327154999999999 -0.5
v 0.19472 6.327154999999999 -0.5625
v 0.16783875 6.2796875 -0.5
v 0.16783875 6.2796875 -0.5625
v 0.160425 6.307354999999999 -0.5
v 0.160425 6.307354999999999 -0.5625
v 0.11341125 6.2796875 -0.5
v 0.11341125 6.2796875 -0.5625
v 0.120825 6.307354999999999 -0.5
v 0.120825 6.307354999999999 -0.5625
v 0.06627625 6.306901249999999 -0.5
v 0.06627625 6.306901249999999 -0.5625
v 0.08653 6.327154999999999 -0.5
v 0.08653 6.327154999999999 -0.5625
v 0.0390625 6.35403625 -0.5
v 0.0390625 6.35403625 -0.5625
v 0.06673 6.36145 -0.5
v 0.06673 6.36145 -0.5625
v 0.0390625 6.408463749999999 -0.5
v 0.0390625 6.408463749999999 -0.5625
v 0.06673 6.40105 -0.5
v 0.06673 6.40105 -0.5625
v 0.06627625 6.45559875 -0.5
v 0.06627625 6.45559875 -0.5625
v 0.08653 6.435345 -0.5
v 0.08653 6.435345 -0.5625
v 0.11341125 6.4828125 -0.5
v 0.11341125 6.4828125 -0.5625
v 0.120825 6.455145 -0.5
v 0.120825 6.455145 -0.5625
vt 0.296875 0.34375
vt 0.31048125 0.34375
vt 0.31048125 0.359375
vt 0.296875 0.359375
vt 0.306775 0.359375
vt 0.296875 0.359375
vt 0.296875 0.34375
vt 0.306775 0.34375
vt 0.296875 0.35752125
vt 0.296875 0.34762140625000004
vt 0.30379265625 0.3457678125
vt 0.30379203125 0.359375
vt 0.296875 0.3524575
vt 0.3104821875 0.3524575
vt 0.30862828125 0.359375
vt 0.2987284375 0.35937453124999996
vt 0.296875 0.34375
vt 0.31048125 0.34375
vt 0.31048125 0.359375
vt 0.296875 0.359375
vt 0.306775 0.359375
vt 0.296875 0.359375
vt 0.296875 0.34375
vt 0.306775 0.34375
vt 0.296875 0.3575215625
vt 0.296875 0.34762171875000003
vt 0.30379203125 0.3457678125
vt 0.30379265625 0.359375
vt 0.296875 0.3524575
vt 0.3104821875 0.3524575
vt 0.30862859375 0.35937453124999996
vt 0.29872890625 0.359375
vt 0.296875 0.34375
vt 0.31048125 0.34375
vt 0.31048125 0.359375
vt 0.296875 0.359375
vt 0.306775 0.359375
vt 0.296875 0.359375
vt 0.296875 0.34375
vt 0.306775 0.34375
vt 0.296875 0.357521875
vt 0.296875 0.34762187499999997
vt 0.3037921875 0.34576874999999996
vt 0.3037921875 0.359375
vt 0.3037921875 0.34576874999999996
vt 0.3037921875 0.359375
vt 0.296875 0.357521875
vt 0.296875 0.34762187499999997
vt 0.296875 0.34375
vt 0.31048125 0.34375
vt 0.31048125 0.359375
vt 0.296875 0.359375
vt 0.306775 0.359375
vt 0.296875 0.359375
vt 0.296875 0.34375
vt 0.306775 0.34375
vt 0.30862828125 0.359375
vt 0.2987284375 0.359375
vt 0.296875 0.35245734375000004
vt 0.3104821875 0.35245796875
vt 0.3037925 0.3457678125
vt 0.3037925 0.359375
vt 0.296875 0.35752109374999996
vt 0.29687546875 0.34762140625000004
vt 0.296875 0.34375
vt 0.31048125 0.34375
vt 0.31048125 0.359375
vt 0.296875 0.359375
vt 0.306775 0.359375
vt 0.296875 0.359375
vt 0.296875 0.34375
vt 0.306775 0.34375
vt 0.30862859375 0.359375
vt 0.29872875 0.359375
vt 0.296875 0.35245796875
vt 0.3104821875 0.35245734375000004
vt 0.3037925 0.3457678125
vt 0.3037925 0.359375
vt 0.29687546875 0.3575215625
vt 0.296875 0.34762171875000003
vt 0.296875 0.34375
vt 0.31048125 0.34375
vt 0.31048125 0.359375
vt 0.296875 0.359375
vt 0.306775 0.359375
vt 0.296875 0.359375
vt 0.296875 0.34375
vt 0.306775 0.34375
vt 0.308628125 0.359375
vt 0.298728125 0.359375
vt 0.296875 0.35245781249999997
vt 0.31048125 0.35245781249999997
vt 0.31048125 0.359375
vt 0.296875 0.359375
vt 0.298728125 0.35245781249999997
vt 0.308628125 0.35245781249999997
vt 0.296875 0.34375
vt 0.31048125 0.34375
vt 0.31048125 0.359375
vt 0.296875 0.359375
vt 0.306775 0.359375
vt 0.296875 0.359375
vt 0.296875 0.34375
vt 0.306775 0.34375
vt 0.30379265625 0.34762171875000003
vt 0.30379265625 0.3575215625
vt 0.296875 0.359375
vt 0.296875625 0.3457678125
vt 0.3104821875 0.359375
vt 0.296875 0.359375
vt 0.29872890625 0.3524575
vt 0.30862859375 0.35245796875
vt 0.296875 0.34375
vt 0.31048125 0.34375
vt 0.31048125 0.359375
vt 0.296875 0.359375
vt 0.306775 0.359375
vt 0.296875 0.359375
vt 0.296875 0.34375
vt 0.306775 0.34375
vt 0.30379265625 0.34762140625000004
vt 0.30379265625 0.35752125
vt 0.296875625 0.359375
vt 0.296875 0.3457678125
vt 0.3104821875 0.359375
vt 0.296875 0.359375
vt 0.2987284375 0.35245796875
vt 0.30862828125 0.3524575
vt 0.296875 0.34375
vt 0.31048125 0.34375
vt 0.31048125 0.359375
vt 0.296875 0.359375
vt 0.306775 0.359375
vt 0.296875 0.359375
vt 0.296875 0.34375
vt 0.306775 0.34375
vt 0.3037921875 0.34762187499999997
vt 0.3037921875 0.357521875
vt 0.296875 0.359375
vt 0.296875 0.34576874999999996
vt 0.296875 0.359375
vt 0.296875 0.34576874999999996
vt 0.3037921875 0.34762187499999997
vt 0.3037921875 0.357521875
vt 0.296875 0.34375
vt 0.31048125 0.34375
vt 0.31048125 0.359375
vt 0.296875 0.359375
vt 0.306775 0.359375
vt 0.296875 0.359375
vt 0.296875 0.34375
vt 0.306775 0.34375
vt 0.29872875 0.35245734375000004
vt 0.30862859375 0.35245734375000004
vt 0.3104821875 0.359375
vt 0.296875 0.359374375
vt 0.296875 0.359375
vt 0.296875 0.3457678125
vt 0.3037925 0.34762171875000003
vt 0.30379203125 0.3575215625
vt 0.296875 0.34375
vt 0.31048125 0.34375
vt 0.31048125 0.359375
vt 0.296875 0.359375
vt 0.306775 0.359375
vt 0.296875 0.359375
vt 0.296875 0.34375
vt 0.306775 0.34375
vt 0.2987284375 0.35245734375000004
vt 0.30862828125 0.35245734375000004
vt 0.3104821875 0.359374375
vt 0.296875 0.359375
vt 0.296875 0.359375
vt 0.296875 0.3457678125
vt 0.30379203125 0.34762140625000004
vt 0.3037925 0.35752109374999996
vt 0.296875 0.34375
vt 0.31048125 0.34375
vt 0.31048125 0.359375
vt 0.296875 0.359375
vt 0.306775 0.359375
vt 0.296875 0.359375
vt 0.296875 0.34375
vt 0.306775 0.34375
vt 0.298728125 0.35245781249999997
vt 0.308628125 0.35245781249999997
vt 0.31048125 0.359375
vt 0.296875 0.359375
vt 0.296875 0.35245781249999997
vt 0.31048125 0.35245781249999997
vt 0.308628125 0.359375
vt 0.298728125 0.359375
vn 0.5000047549191339 0.8660226585131923 1.9229565906568708e-16
vn -0.4999956916624099 -0.8660278911900172 -1.9229682095334538e-16
vn 0 -2.220446049250313e-16 1
vn 0 2.220446049250313e-16 -1
vn 0.8660226585131923 0.5000047549191339 1.1102335826665619e-16
vn -0.8660278911900172 -0.4999956916624099 -1.1102134581939758e-16
vn 0 -2.220446049250313e-16 1
vn 0 2.220446049250313e-16 -1
vn 1 0 0
vn -1 0 0
vn 0 -2.220446049250313e-16 1
vn 0 2.220446049250313e-16 -1
vn 0.8660226585131923 -0.5000047549191339 -1.1102335826665619e-16
vn -0.8660278911900172 0.4999956916624099 1.1102134581939758e-16
vn 0 -2.220446049250313e-16 1
vn 0 2.220446049250313e-16 -1
vn 0.5000047549191339 -0.8660226585131923 -1.9229565906568708e-16
vn -0.4999956916624099 0.8660278911900172 1.9229682095334538e-16
vn 0 -2.220446049250313e-16 1
vn 0 2.220446049250313e-16 -1
vn 0 -1 -2.220446049250313e-16
vn 0 1 2.220446049250313e-16
vn 0 -2.220446049250313e-16 1
vn 0 2.220446049250313e-16 -1
vn -0.5000047549191339 -0.8660226585131923 -1.9229565906568708e-16
vn 0.4999956916624099 0.8660278911900172 1.9229682095334538e-16
vn 0 -2.220446049250313e-16 1
vn 0 2.220446049250313e-16 -1
vn -0.8660226585131923 -0.5000047549191339 -1.1102335826665619e-16
vn 0.8660278911900172 0.4999956916624099 1.1102134581939758e-16
vn 0 -2.220446049250313e-16 1
vn 0 2.220446049250313e-16 -1
vn -1 0 0
vn 1 0 0
vn 0 -2.220446049250313e-16 1
vn 0 2.220446049250313e-16 -1
vn -0.8660226585131923 0.5000047549191339 1.1102335826665619e-16
vn 0.8660278911900172 -0.4999956916624099 -1.1102134581939758e-16
vn 0 -2.220446049250313e-16 1
vn 0 2.220446049250313e-16 -1
vn -0.5000047549191339 0.8660226585131923 1.9229565906568708e-16
vn 0.4999956916624099 -0.8660278911900172 -1.9229682095334538e-16
vn 0 -2.220446049250313e-16 1
vn 0 2.220446049250313e-16 -1
vn 0 1 2.220446049250313e-16
vn 0 -1 -2.220446049250313e-16
vn 0 -2.220446049250313e-16 1
vn 0 2.220446049250313e-16 -1
usemtl m_3d215661-f591-00a8-53e2-d8d611c756be
f 1238/4069/1047 1242/4070/1047 1243/4071/1047 1239/4072/1047
f 1241/4073/1048 1245/4074/1048 1244/4075/1048 1240/4076/1048
f 1240/4077/1049 1244/4078/1049 1242/4079/1049 1238/4080/1049
f 1239/4081/1050 1243/4082/1050 1245/4083/1050 1241/4084/1050
f 1242/4085/1051 1246/4086/1051 1247/4087/1051 1243/4088/1051
f 1245/4089/1052 1249/4090/1052 1248/4091/1052 1244/4092/1052
f 1244/4093/1053 1248/4094/1053 1246/4095/1053 1242/4096/1053
f 1243/4097/1054 1247/4098/1054 1249/4099/1054 1245/4100/1054
f 1246/4101/1055 1250/4102/1055 1251/4103/1055 1247/4104/1055
f 1249/4105/1056 1253/4106/1056 1252/4107/1056 1248/4108/1056
f 1248/4109/1057 1252/4110/1057 1250/4111/1057 1246/4112/1057
f 1247/4113/1058 1251/4114/1058 1253/4115/1058 1249/4116/1058
f 1250/4117/1059 1254/4118/1059 1255/4119/1059 1251/4120/1059
f 1253/4121/1060 1257/4122/1060 1256/4123/1060 1252/4124/1060
f 1252/4125/1061 1256/4126/1061 1254/4127/1061 1250/4128/1061
f 1251/4129/1062 1255/4130/1062 1257/4131/1062 1253/4132/1062
f 1254/4133/1063 1258/4134/1063 1259/4135/1063 1255/4136/1063
f 1257/4137/1064 1261/4138/1064 1260/4139/1064 1256/4140/1064
f 1256/4141/1065 1260/4142/1065 1258/4143/1065 1254/4144/1065
f 1255/4145/1066 1259/4146/1066 1261/4147/1066 1257/4148/1066
f 1258/4149/1067 1262/4150/1067 1263/4151/1067 1259/4152/1067
f 1261/4153/1068 1265/4154/1068 1264/4155/1068 1260/4156/1068
f 1260/4157/1069 1264/4158/1069 1262/4159/1069 1258/4160/1069
f 1259/4161/1070 1263/4162/1070 1265/4163/1070 1261/4164/1070
f 1262/4165/1071 1266/4166/1071 1267/4167/1071 1263/4168/1071
f 1265/4169/1072 1269/4170/1072 1268/4171/1072 1264/4172/1072
f 1264/4173/1073 1268/4174/1073 1266/4175/1073 1262/4176/1073
f 1263/4177/1074 1267/4178/1074 1269/4179/1074 1265/4180/1074
f 1266/4181/1075 1270/4182/1075 1271/4183/1075 1267/4184/1075
f 1269/4185/1076 1273/4186/1076 1272/4187/1076 1268/4188/1076
f 1268/4189/1077 1272/4190/1077 1270/4191/1077 1266/4192/1077
f 1267/4193/1078 1271/4194/1078 1273/4195/1078 1269/4196/1078
f 1270/4197/1079 1274/4198/1079 1275/4199/1079 1271/4200/1079
f 1273/4201/1080 1277/4202/1080 1276/4203/1080 1272/4204/1080
f 1272/4205/1081 1276/4206/1081 1274/4207/1081 1270/4208/1081
f 1271/4209/1082 1275/4210/1082 1277/4211/1082 1273/4212/1082
f 1274/4213/1083 1278/4214/1083 1279/4215/1083 1275/4216/1083
f 1277/4217/1084 1281/4218/1084 1280/4219/1084 1276/4220/1084
f 1276/4221/1085 1280/4222/1085 1278/4223/1085 1274/4224/1085
f 1275/4225/1086 1279/4226/1086 1281/4227/1086 1277/4228/1086
f 1278/4229/1087 1282/4230/1087 1283/4231/1087 1279/4232/1087
f 1281/4233/1088 1285/4234/1088 1284/4235/1088 1280/4236/1088
f 1280/4237/1089 1284/4238/1089 1282/4239/1089 1278/4240/1089
f 1279/4241/1090 1283/4242/1090 1285/4243/1090 1281/4244/1090
f 1282/4245/1091 1238/4246/1091 1239/4247/1091 1283/4248/1091
f 1285/4249/1092 1241/4250/1092 1240/4251/1092 1284/4252/1092
f 1284/4253/1093 1240/4254/1093 1238/4255/1093 1282/4256/1093
f 1283/4257/1094 1239/4258/1094 1241/4259/1094 1285/4260/1094
o circle
v -0.125 6.765625 -0.525
v -0.11034625 6.7109375 -0.525
v -0.08496625 6.72559125 -0.525
v -0.0703125 6.75097125 -0.525
v -0.0703125 6.78027875 -0.525
v -0.08496625 6.80565875 -0.525
v -0.11034625 6.8203125 -0.525
v -0.13965375 6.8203125 -0.525
v -0.16503375 6.80565875 -0.525
v -0.1796875 6.78027875 -0.525
v -0.1796875 6.75097125 -0.525
v -0.16503375 6.72559125 -0.525
v -0.13965375 6.7109375 -0.525
vt 0.21078125 0.79703125
vt 0.2421875 0.85140625
vt 0.125 0.8828125
vt 0.2421875 0.85140625
vt 0.2421875 0.91421875
vt 0.125 0.8828125
vt 0.2421875 0.91421875
vt 0.21078125 0.96859375
vt 0.125 0.8828125
vt 0.21078125 0.96859375
vt 0.15640625 1
vt 0.125 0.8828125
vt 0.15640625 1
vt 0.09359375 1
vt 0.125 0.8828125
vt 0.09359375 1
vt 0.03921875 0.96859375
vt 0.125 0.8828125
vt 0.03921875 0.96859375
vt 0.0078125 0.91421875
vt 0.125 0.8828125
vt 0.0078125 0.91421875
vt 0.0078125 0.85140625
vt 0.125 0.8828125
vt 0.0078125 0.85140625
vt 0.03921875 0.79703125
vt 0.125 0.8828125
vt 0.03921875 0.79703125
vt 0.09359375 0.765625
vt 0.125 0.8828125
vt 0.09359375 0.765625
vt 0.15640625 0.765625
vt 0.125 0.8828125
vt 0.15640625 0.765625
vt 0.21078125 0.79703125
vt 0.125 0.8828125
vn 0 2.220446049250313e-16 1
vn 0 2.220446049250313e-16 1
vn 0 2.220446049250313e-16 1
vn 0 2.220446049250313e-16 1
vn 0 2.220446049250313e-16 1
vn 0 2.220446049250313e-16 1
vn 0 2.220446049250313e-16 1
vn 0 2.220446049250313e-16 1
vn 0 2.220446049250313e-16 1
vn 0 2.220446049250313e-16 1
vn 0 2.220446049250313e-16 1
vn 0 2.220446049250313e-16 1
usemtl m_409504fd-f58c-4195-329e-2b61b82ac830
f 1288/4261/1095 1289/4262/1095 1286/4263/1095
f 1289/4264/1096 1290/4265/1096 1286/4266/1096
f 1290/4267/1097 1291/4268/1097 1286/4269/1097
f 1291/4270/1098 1292/4271/1098 1286/4272/1098
f 1292/4273/1099 1293/4274/1099 1286/4275/1099
f 1293/4276/1100 1294/4277/1100 1286/4278/1100
f 1294/4279/1101 1295/4280/1101 1286/4281/1101
f 1295/4282/1102 1296/4283/1102 1286/4284/1102
f 1296/4285/1103 1297/4286/1103 1286/4287/1103
f 1297/4288/1104 1298/4289/1104 1286/4290/1104
f 1298/4291/1105 1287/4292/1105 1286/4293/1105
f 1287/4294/1106 1288/4295/1106 1286/4296/1106
o tube
v -0.108253125 6.703125 -0.546875
v -0.108253125 6.703125 -0.484375
v -0.116035625 6.73217 -0.546875
v -0.116035625 6.73217 -0.484375
v -0.079246875 6.719871875 -0.546875
v -0.079246875 6.719871875 -0.484375
v -0.100509375 6.741134375 -0.546875
v -0.100509375 6.741134375 -0.484375
v -0.0625 6.748878125 -0.546875
v -0.0625 6.748878125 -0.484375
v -0.091545 6.756660625 -0.546875
v -0.091545 6.756660625 -0.484375
v -0.0625 6.782371875 -0.546875
v -0.0625 6.782371875 -0.484375
v -0.091545 6.774589375 -0.546875
v -0.091545 6.774589375 -0.484375
v -0.079246875 6.811378125 -0.546875
v -0.079246875 6.811378125 -0.484375
v -0.100509375 6.790115625 -0.546875
v -0.100509375 6.790115625 -0.484375
v -0.108253125 6.828125 -0.546875
v -0.108253125 6.828125 -0.484375
v -0.116035625 6.79908 -0.546875
v -0.116035625 6.79908 -0.484375
v -0.141746875 6.828125 -0.546875
v -0.141746875 6.828125 -0.484375
v -0.133964375 6.79908 -0.546875
v -0.133964375 6.79908 -0.484375
v -0.170753125 6.811378125 -0.546875
v -0.170753125 6.811378125 -0.484375
v -0.149490625 6.790115625 -0.546875
v -0.149490625 6.790115625 -0.484375
v -0.1875 6.782371875 -0.546875
v -0.1875 6.782371875 -0.484375
v -0.158455 6.774589375 -0.546875
v -0.158455 6.774589375 -0.484375
v -0.1875 6.748878125 -0.546875
v -0.1875 6.748878125 -0.484375
v -0.158455 6.756660625 -0.546875
v -0.158455 6.756660625 -0.484375
v -0.170753125 6.719871875 -0.546875
v -0.170753125 6.719871875 -0.484375
v -0.149490625 6.741134375 -0.546875
v -0.149490625 6.741134375 -0.484375
v -0.141746875 6.703125 -0.546875
v -0.141746875 6.703125 -0.484375
v -0.133964375 6.73217 -0.546875
v -0.133964375 6.73217 -0.484375
vt 0.28125 0.34375
vt 0.289621875 0.34375
vt 0.289621875 0.359375
vt 0.28125 0.359375
vt 0.28573125 0.359375
vt 0.28125 0.359375
vt 0.28125 0.34375
vt 0.28573125 0.34375
vt 0.28125 0.35742734374999996
vt 0.28125 0.35294499999999995
vt 0.28851390625 0.35100062499999996
vt 0.2885103125 0.359375
vt 0.28125 0.35211187499999996
vt 0.289624375 0.35211187499999996
vt 0.287676875 0.359375
vt 0.28319453125 0.35937312499999996
vt 0.28125 0.34375
vt 0.289621875 0.34375
vt 0.289621875 0.359375
vt 0.28125 0.359375
vt 0.28573125 0.359375
vt 0.28125 0.359375
vt 0.28125 0.34375
vt 0.28573125 0.34375
vt 0.28125 0.357430625
vt 0.28125 0.35294828125
vt 0.2885103125 0.35100062499999996
vt 0.28851390625 0.359375
vt 0.28125 0.35211187499999996
vt 0.289624375 0.35211187499999996
vt 0.28767984375 0.35937312499999996
vt 0.2831975 0.359375
vt 0.28125 0.34375
vt 0.289621875 0.34375
vt 0.289621875 0.359375
vt 0.28125 0.359375
vt 0.28573125 0.359375
vt 0.28125 0.359375
vt 0.28125 0.34375
vt 0.28573125 0.34375
vt 0.28125 0.35742968750000004
vt 0.28125 0.35294843750000005
vt 0.2885109375 0.35100312499999997
vt 0.2885109375 0.359375
vt 0.2885109375 0.35100312499999997
vt 0.2885109375 0.359375
vt 0.28125 0.35742968750000004
vt 0.28125 0.35294843750000005
vt 0.28125 0.34375
vt 0.289621875 0.34375
vt 0.289621875 0.359375
vt 0.28125 0.359375
vt 0.28573125 0.359375
vt 0.28125 0.359375
vt 0.28125 0.34375
vt 0.28573125 0.34375
vt 0.28767671875 0.359375
vt 0.283194375 0.359375
vt 0.28125 0.35211109375000005
vt 0.289624375 0.35211468749999997
vt 0.288513125 0.35100062499999996
vt 0.288513125 0.359375
vt 0.28125 0.3574275
vt 0.281251875 0.35294515625
vt 0.28125 0.34375
vt 0.289621875 0.34375
vt 0.289621875 0.359375
vt 0.28125 0.359375
vt 0.28573125 0.359375
vt 0.28125 0.359375
vt 0.28125 0.34375
vt 0.28573125 0.34375
vt 0.28768 0.359375
vt 0.28319765625 0.359375
vt 0.28125 0.35211468749999997
vt 0.289624375 0.35211109375000005
vt 0.288513125 0.35100062499999996
vt 0.288513125 0.359375
vt 0.281251875 0.35743046874999995
vt 0.28125 0.35294812499999995
vt 0.28125 0.34375
vt 0.289621875 0.34375
vt 0.289621875 0.359375
vt 0.28125 0.359375
vt 0.28573125 0.359375
vt 0.28125 0.359375
vt 0.28125 0.34375
vt 0.28573125 0.34375
vt 0.2876765625 0.359375
vt 0.2831953125 0.359375
vt 0.28125 0.3521140625
vt 0.289621875 0.3521140625
vt 0.289621875 0.359375
vt 0.28125 0.359375
vt 0.2831953125 0.3521140625
vt 0.2876765625 0.3521140625
vt 0.28125 0.34375
vt 0.289621875 0.34375
vt 0.289621875 0.359375
vt 0.28125 0.359375
vt 0.28573125 0.359375
vt 0.28125 0.359375
vt 0.28125 0.34375
vt 0.28573125 0.34375
vt 0.28851390625 0.35294828125
vt 0.28851390625 0.357430625
vt 0.28125 0.359375
vt 0.28125359375 0.35100062499999996
vt 0.289624375 0.359375
vt 0.28125 0.359375
vt 0.2831975 0.35211187499999996
vt 0.28767984375 0.35211390625000005
vt 0.28125 0.34375
vt 0.289621875 0.34375
vt 0.289621875 0.359375
vt 0.28125 0.359375
vt 0.28573125 0.359375
vt 0.28125 0.359375
vt 0.28125 0.34375
vt 0.28573125 0.34375
vt 0.28851390625 0.35294499999999995
vt 0.28851390625 0.35742734374999996
vt 0.28125359375 0.359375
vt 0.28125 0.35100062499999996
vt 0.289624375 0.359375
vt 0.28125 0.359375
vt 0.28319453125 0.35211390625000005
vt 0.287676875 0.35211187499999996
vt 0.28125 0.34375
vt 0.289621875 0.34375
vt 0.289621875 0.359375
vt 0.28125 0.359375
vt 0.28573125 0.359375
vt 0.28125 0.359375
vt 0.28125 0.34375
vt 0.28573125 0.34375
vt 0.2885109375 0.35294843750000005
vt 0.2885109375 0.35742968750000004
vt 0.28125 0.359375
vt 0.28125 0.35100312499999997
vt 0.28125 0.359375
vt 0.28125 0.35100312499999997
vt 0.2885109375 0.35294843750000005
vt 0.2885109375 0.35742968750000004
vt 0.28125 0.34375
vt 0.289621875 0.34375
vt 0.289621875 0.359375
vt 0.28125 0.359375
vt 0.28573125 0.359375
vt 0.28125 0.359375
vt 0.28125 0.34375
vt 0.28573125 0.34375
vt 0.28319765625 0.35211109375000005
vt 0.28768 0.35211109375000005
vt 0.289624375 0.359375
vt 0.28125 0.35937140624999997
vt 0.28125 0.359375
vt 0.28125 0.35100062499999996
vt 0.288513125 0.35294812499999995
vt 0.28851109375 0.35743046874999995
vt 0.28125 0.34375
vt 0.289621875 0.34375
vt 0.289621875 0.359375
vt 0.28125 0.359375
vt 0.28573125 0.359375
vt 0.28125 0.359375
vt 0.28125 0.34375
vt 0.28573125 0.34375
vt 0.283194375 0.35211109375000005
vt 0.28767671875 0.35211109375000005
vt 0.289624375 0.35937140624999997
vt 0.28125 0.359375
vt 0.28125 0.359375
vt 0.28125 0.35100062499999996
vt 0.28851109375 0.35294515625
vt 0.288513125 0.3574275
vt 0.28125 0.34375
vt 0.289621875 0.34375
vt 0.289621875 0.359375
vt 0.28125 0.359375
vt 0.28573125 0.359375
vt 0.28125 0.359375
vt 0.28125 0.34375
vt 0.28573125 0.34375
vt 0.2831953125 0.3521140625
vt 0.2876765625 0.3521140625
vt 0.289621875 0.359375
vt 0.28125 0.359375
vt 0.28125 0.3521140625
vt 0.289621875 0.3521140625
vt 0.2876765625 0.359375
vt 0.2831953125 0.359375
vn 0.5000024352623959 -0.8660239977804736 1.9229595644276144e-16
vn -0.5000121476207339 0.8660183902387416 -1.9229471131837297e-16
vn 0 -2.220446049250313e-16 -1
vn 0 2.220446049250313e-16 1
vn 0.8660239977804736 -0.5000024352623959 1.1102284319939223e-16
vn -0.8660183902387416 0.5000121476207339 -1.1102499977616229e-16
vn 0 -2.220446049250313e-16 -1
vn 0 2.220446049250313e-16 1
vn 1 0 0
vn -1 0 0
vn 0 -2.220446049250313e-16 -1
vn 0 2.220446049250313e-16 1
vn 0.8660239977804736 0.5000024352623959 -1.1102284319939223e-16
vn -0.8660183902387416 -0.5000121476207339 1.1102499977616229e-16
vn 0 -2.220446049250313e-16 -1
vn 0 2.220446049250313e-16 1
vn 0.5000024352623959 0.8660239977804736 -1.9229595644276144e-16
vn -0.5000121476207339 -0.8660183902387416 1.9229471131837297e-16
vn 0 -2.220446049250313e-16 -1
vn 0 2.220446049250313e-16 1
vn 0 1 -2.220446049250313e-16
vn 0 -1 2.220446049250313e-16
vn 0 -2.220446049250313e-16 -1
vn 0 2.220446049250313e-16 1
vn -0.5000024352623959 0.8660239977804736 -1.9229595644276144e-16
vn 0.5000121476207339 -0.8660183902387416 1.9229471131837297e-16
vn 0 -2.220446049250313e-16 -1
vn 0 2.220446049250313e-16 1
vn -0.8660239977804736 0.5000024352623959 -1.1102284319939223e-16
vn 0.8660183902387416 -0.5000121476207339 1.1102499977616229e-16
vn 0 -2.220446049250313e-16 -1
vn 0 2.220446049250313e-16 1
vn -1 0 0
vn 1 0 0
vn 0 -2.220446049250313e-16 -1
vn 0 2.220446049250313e-16 1
vn -0.8660239977804736 -0.5000024352623959 1.1102284319939223e-16
vn 0.8660183902387416 0.5000121476207339 -1.1102499977616229e-16
vn 0 -2.220446049250313e-16 -1
vn 0 2.220446049250313e-16 1
vn -0.5000024352623959 -0.8660239977804736 1.9229595644276144e-16
vn 0.5000121476207339 0.8660183902387416 -1.9229471131837297e-16
vn 0 -2.220446049250313e-16 -1
vn 0 2.220446049250313e-16 1
vn 0 -1 2.220446049250313e-16
vn 0 1 -2.220446049250313e-16
vn 0 -2.220446049250313e-16 -1
vn 0 2.220446049250313e-16 1
usemtl m_3d215661-f591-00a8-53e2-d8d611c756be
f 1299/4297/1107 1303/4298/1107 1304/4299/1107 1300/4300/1107
f 1302/4301/1108 1306/4302/1108 1305/4303/1108 1301/4304/1108
f 1301/4305/1109 1305/4306/1109 1303/4307/1109 1299/4308/1109
f 1300/4309/1110 1304/4310/1110 1306/4311/1110 1302/4312/1110
f 1303/4313/1111 1307/4314/1111 1308/4315/1111 1304/4316/1111
f 1306/4317/1112 1310/4318/1112 1309/4319/1112 1305/4320/1112
f 1305/4321/1113 1309/4322/1113 1307/4323/1113 1303/4324/1113
f 1304/4325/1114 1308/4326/1114 1310/4327/1114 1306/4328/1114
f 1307/4329/1115 1311/4330/1115 1312/4331/1115 1308/4332/1115
f 1310/4333/1116 1314/4334/1116 1313/4335/1116 1309/4336/1116
f 1309/4337/1117 1313/4338/1117 1311/4339/1117 1307/4340/1117
f 1308/4341/1118 1312/4342/1118 1314/4343/1118 1310/4344/1118
f 1311/4345/1119 1315/4346/1119 1316/4347/1119 1312/4348/1119
f 1314/4349/1120 1318/4350/1120 1317/4351/1120 1313/4352/1120
f 1313/4353/1121 1317/4354/1121 1315/4355/1121 1311/4356/1121
f 1312/4357/1122 1316/4358/1122 1318/4359/1122 1314/4360/1122
f 1315/4361/1123 1319/4362/1123 1320/4363/1123 1316/4364/1123
f 1318/4365/1124 1322/4366/1124 1321/4367/1124 1317/4368/1124
f 1317/4369/1125 1321/4370/1125 1319/4371/1125 1315/4372/1125
f 1316/4373/1126 1320/4374/1126 1322/4375/1126 1318/4376/1126
f 1319/4377/1127 1323/4378/1127 1324/4379/1127 1320/4380/1127
f 1322/4381/1128 1326/4382/1128 1325/4383/1128 1321/4384/1128
f 1321/4385/1129 1325/4386/1129 1323/4387/1129 1319/4388/1129
f 1320/4389/1130 1324/4390/1130 1326/4391/1130 1322/4392/1130
f 1323/4393/1131 1327/4394/1131 1328/4395/1131 1324/4396/1131
f 1326/4397/1132 1330/4398/1132 1329/4399/1132 1325/4400/1132
f 1325/4401/1133 1329/4402/1133 1327/4403/1133 1323/4404/1133
f 1324/4405/1134 1328/4406/1134 1330/4407/1134 1326/4408/1134
f 1327/4409/1135 1331/4410/1135 1332/4411/1135 1328/4412/1135
f 1330/4413/1136 1334/4414/1136 1333/4415/1136 1329/4416/1136
f 1329/4417/1137 1333/4418/1137 1331/4419/1137 1327/4420/1137
f 1328/4421/1138 1332/4422/1138 1334/4423/1138 1330/4424/1138
f 1331/4425/1139 1335/4426/1139 1336/4427/1139 1332/4428/1139
f 1334/4429/1140 1338/4430/1140 1337/4431/1140 1333/4432/1140
f 1333/4433/1141 1337/4434/1141 1335/4435/1141 1331/4436/1141
f 1332/4437/1142 1336/4438/1142 1338/4439/1142 1334/4440/1142
f 1335/4441/1143 1339/4442/1143 1340/4443/1143 1336/4444/1143
f 1338/4445/1144 1342/4446/1144 1341/4447/1144 1337/4448/1144
f 1337/4449/1145 1341/4450/1145 1339/4451/1145 1335/4452/1145
f 1336/4453/1146 1340/4454/1146 1342/4455/1146 1338/4456/1146
f 1339/4457/1147 1343/4458/1147 1344/4459/1147 1340/4460/1147
f 1342/4461/1148 1346/4462/1148 1345/4463/1148 1341/4464/1148
f 1341/4465/1149 1345/4466/1149 1343/4467/1149 1339/4468/1149
f 1340/4469/1150 1344/4470/1150 1346/4471/1150 1342/4472/1150
f 1343/4473/1151 1299/4474/1151 1300/4475/1151 1344/4476/1151
f 1346/4477/1152 1302/4478/1152 1301/4479/1152 1345/4480/1152
f 1345/4481/1153 1301/4482/1153 1299/4483/1153 1343/4484/1153
f 1344/4485/1154 1300/4486/1154 1302/4487/1154 1346/4488/1154
o cube
v -0.1118525 6.836408125 -0.4765625
v -0.1118525 6.836408125 -0.7265625
v -0.1118525 6.8125425 -0.4765625
v -0.1118525 6.8125425 -0.7265625
v -0.1381475 6.836408125 -0.4765625
v -0.1381475 6.836408125 -0.7265625
v -0.1381475 6.8125425 -0.4765625
v -0.1381475 6.8125425 -0.7265625
v -0.1118525 6.836408125 -0.4765625
v -0.1118525 6.836408125 -0.7265625
v -0.1118525 6.8125425 -0.4765625
v -0.1118525 6.8125425 -0.7265625
v -0.071908125 6.816128125 -0.4765625
v -0.071908125 6.816128125 -0.703835
v -0.08908125 6.7977743749999995 -0.4765625
v -0.08908125 6.7977743749999995 -0.703835
v -0.07274125000000001 6.817064375 -0.4765625
v -0.07274125000000001 6.817064375 -0.703835
v -0.08908125 6.7977743749999995 -0.4765625
v -0.08908125 6.7977743749999995 -0.703835
v -0.0546875 6.772195 -0.4765625
v -0.0546875 6.772195 -0.61292625
v -0.07593375 6.772195 -0.4765625
v -0.07593375 6.772195 -0.61292625
v -0.0546875 6.772195 -0.4765625
v -0.0546875 6.772195 -0.61292625
v -0.07593375 6.772195 -0.4765625
v -0.07593375 6.772195 -0.61292625
v -0.0546875 6.742658125 -0.4765625
v -0.0546875 6.742658125 -0.544744375
v -0.07593375 6.742658125 -0.4765625
v -0.07593375 6.742658125 -0.544744375
v -0.1381475 6.836408125 -0.4765625
v -0.1381475 6.836408125 -0.7265625
v -0.1381475 6.8125425 -0.4765625
v -0.1381475 6.8125425 -0.7265625
v -0.178091875 6.816128125 -0.4765625
v -0.178091875 6.816128125 -0.703835
v -0.16091875 6.7977743749999995 -0.4765625
v -0.16091875 6.7977743749999995 -0.703835
v -0.17725875 6.817064375 -0.4765625
v -0.17725875 6.817064375 -0.703835
v -0.16091875 6.7977743749999995 -0.4765625
v -0.16091875 6.7977743749999995 -0.703835
v -0.1953125 6.772195 -0.4765625
v -0.1953125 6.772195 -0.61292625
v -0.17406625 6.772195 -0.4765625
v -0.17406625 6.772195 -0.61292625
v -0.1953125 6.772195 -0.4765625
v -0.1953125 6.772195 -0.61292625
v -0.17406625 6.772195 -0.4765625
v -0.17406625 6.772195 -0.61292625
v -0.1953125 6.742658125 -0.4765625
v -0.1953125 6.742658125 -0.544744375
v -0.17406625 6.742658125 -0.4765625
v -0.17406625 6.742658125 -0.544744375
vt 0.41796875 0.3984375
vt 0.41796875 0.4046875
vt 0.375 0.4046875
vt 0.375 0.3984375
vt 0.42578125 0.3984375
vt 0.42578125 0.4046875
vt 0.3828125 0.4046875
vt 0.3828125 0.3984375
vt 0.3966546875 0.35546875
vt 0.3966546875 0.3984375
vt 0.38828125 0.3984375
vt 0.38828125 0.35546875
vt 0.3966546875 0.36328125
vt 0.3966546875 0.40625
vt 0.38828125 0.40625
vt 0.38828125 0.36328125
vt 0.3966546875 0.3984375
vt 0.3966546875 0.4046875
vt 0.38828125 0.4046875
vt 0.38828125 0.3984375
vt 0.3950921875 0.3984375
vt 0.3950921875 0.4046875
vt 0.38671875 0.4046875
vt 0.38671875 0.3984375
vt 0.375 0.40625
vt 0.4296875 0.40625
vt 0.4296875 0.3984375
vt 0.375 0.3984375
vt 0.3828125 0.40625
vt 0.4375 0.40625
vt 0.4375 0.3984375
vt 0.3828125 0.3984375
vt 0.38828125 0.3984375
vt 0.39453125 0.3984375
vt 0.39453125 0.34375
vt 0.38828125 0.34375
vt 0.38828125 0.40625
vt 0.39453125 0.40625
vt 0.39453125 0.3515625
vt 0.38828125 0.3515625
vt 0.38828125 0.40625
vt 0.39453125 0.40625
vt 0.39453125 0.3984375
vt 0.38828125 0.3984375
vt 0.38671875 0.40625
vt 0.39296875 0.40625
vt 0.39296875 0.3984375
vt 0.38671875 0.3984375
vt 0.375 0.40625
vt 0.4296875 0.40625
vt 0.4296875 0.3984375
vt 0.375 0.3984375
vt 0.3828125 0.40625
vt 0.4375 0.40625
vt 0.4375 0.3984375
vt 0.3828125 0.3984375
vt 0.38828125 0.3984375
vt 0.39453125 0.3984375
vt 0.39453125 0.34375
vt 0.38828125 0.34375
vt 0.38828125 0.40625
vt 0.39453125 0.40625
vt 0.39453125 0.3515625
vt 0.38828125 0.3515625
vt 0.38828125 0.40625
vt 0.39453125 0.40625
vt 0.39453125 0.3984375
vt 0.38828125 0.3984375
vt 0.38671875 0.40625
vt 0.39296875 0.40625
vt 0.39296875 0.3984375
vt 0.38671875 0.3984375
vt 0.375 0.4046875
vt 0.38671875 0.4046875
vt 0.38671875 0.39792171875000004
vt 0.375 0.39792171875000004
vt 0.4140625 0.4046875
vt 0.42578125 0.4046875
vt 0.42578125 0.39792171875000004
vt 0.4140625 0.39792171875000004
vt 0.38828125 0.3671875
vt 0.3966546875 0.3671875
vt 0.3966546875 0.35546875
vt 0.38828125 0.35546875
vt 0.38828125 0.40625
vt 0.3966546875 0.40625
vt 0.3966546875 0.39453125
vt 0.38828125 0.39453125
vt 0.38828125 0.4046875
vt 0.3966546875 0.4046875
vt 0.3966546875 0.39792171875000004
vt 0.38828125 0.39792171875000004
vt 0.38671875 0.4046875
vt 0.3950921875 0.4046875
vt 0.3950921875 0.39792171875000004
vt 0.38671875 0.39792171875000004
vt 0.4296875 0.3984375
vt 0.4296875 0.40625
vt 0.375 0.40625
vt 0.375 0.3984375
vt 0.4375 0.3984375
vt 0.4375 0.40625
vt 0.3828125 0.40625
vt 0.3828125 0.3984375
vt 0.39453125 0.34375
vt 0.39453125 0.3984375
vt 0.38828125 0.3984375
vt 0.38828125 0.34375
vt 0.39453125 0.3515625
vt 0.39453125 0.40625
vt 0.38828125 0.40625
vt 0.38828125 0.3515625
vt 0.39453125 0.3984375
vt 0.39453125 0.40625
vt 0.38828125 0.40625
vt 0.38828125 0.3984375
vt 0.39296875 0.3984375
vt 0.39296875 0.40625
vt 0.38671875 0.40625
vt 0.38671875 0.3984375
vt 0.4296875 0.3984375
vt 0.4296875 0.40625
vt 0.375 0.40625
vt 0.375 0.3984375
vt 0.4375 0.3984375
vt 0.4375 0.40625
vt 0.3828125 0.40625
vt 0.3828125 0.3984375
vt 0.39453125 0.34375
vt 0.39453125 0.3984375
vt 0.38828125 0.3984375
vt 0.38828125 0.34375
vt 0.39453125 0.3515625
vt 0.39453125 0.40625
vt 0.38828125 0.40625
vt 0.38828125 0.3515625
vt 0.39453125 0.3984375
vt 0.39453125 0.40625
vt 0.38828125 0.40625
vt 0.38828125 0.3984375
vt 0.39296875 0.3984375
vt 0.39296875 0.40625
vt 0.38671875 0.40625
vt 0.38671875 0.3984375
vt 0.38671875 0.39792171875000004
vt 0.38671875 0.4046875
vt 0.375 0.4046875
vt 0.375 0.39792171875000004
vt 0.42578125 0.39792171875000004
vt 0.42578125 0.4046875
vt 0.4140625 0.4046875
vt 0.4140625 0.39792171875000004
vt 0.3966546875 0.35546875
vt 0.3966546875 0.3671875
vt 0.38828125 0.3671875
vt 0.38828125 0.35546875
vt 0.3966546875 0.39453125
vt 0.3966546875 0.40625
vt 0.38828125 0.40625
vt 0.38828125 0.39453125
vt 0.3966546875 0.39792171875000004
vt 0.3966546875 0.4046875
vt 0.38828125 0.4046875
vt 0.38828125 0.39792171875000004
vt 0.3950921875 0.39792171875000004
vt 0.3950921875 0.4046875
vt 0.38671875 0.4046875
vt 0.38671875 0.39792171875000004
vn 1 0 0
vn -1 0 0
vn 0 1 0
vn 0 -1 0
vn 0 0 1
vn 0 0 -1
vn -1 0 0
vn 0.7302021808350583 -0.683231128611486 0
vn 0.45270208702600107 0.8916618307420717 0
vn -0.5441284603357273 -0.8390019181460022 0
vn 0 0 1
vn 0.34107118781393525 -0.3191314114133182 -0.8842090177625055
vn -0.7630410817830638 0.6463499884051456 0
vn 0 -1 0
vn 0.9277190252466737 0.373279265691736 0
vn -0.8893953537766143 -0.457138824298015 0
vn 0 0 1
vn 0 -0.89672345270896 -0.44259128929715896
vn 0 1 0
vn 0 -1 0
vn 1 0 0
vn -1 0 0
vn 0 0 1
vn 0 -0.9175978655059549 -0.39750994606288226
vn 1 0 0
vn -0.7302021808350583 -0.683231128611486 0
vn -0.45270208702600107 0.8916618307420717 0
vn 0.5441284603357273 -0.8390019181460022 0
vn 0 0 1
vn -0.3410711878139353 -0.31913141141331813 -0.8842090177625055
vn 0.7630410817830638 0.6463499884051456 0
vn 0 -1 0
vn -0.9277190252466737 0.373279265691736 0
vn 0.8893953537766143 -0.457138824298015 0
vn 0 0 1
vn 0 -0.89672345270896 -0.4425912892971591
vn 0 1 0
vn 0 -1 0
vn -1 0 0
vn 1 0 0
vn 0 0 1
vn 0 -0.9175978655059549 -0.39750994606288226
usemtl m_3d215661-f591-00a8-53e2-d8d611c756be
f 1350/4489/1155 1348/4490/1155 1347/4491/1155 1349/4492/1155
f 1353/4493/1156 1351/4494/1156 1352/4495/1156 1354/4496/1156
f 1347/4497/1157 1348/4498/1157 1352/4499/1157 1351/4500/1157
f 1350/4501/1158 1349/4502/1158 1353/4503/1158 1354/4504/1158
f 1349/4505/1159 1347/4506/1159 1351/4507/1159 1353/4508/1159
f 1354/4509/1160 1352/4510/1160 1348/4511/1160 1350/4512/1160
f 1355/4513/1161 1356/4514/1161 1358/4515/1161 1357/4516/1161
f 1360/4517/1162 1359/4518/1162 1361/4519/1162 1362/4520/1162
f 1360/4521/1163 1356/4522/1163 1355/4523/1163 1359/4524/1163
f 1361/4525/1164 1357/4526/1164 1358/4527/1164 1362/4528/1164
f 1359/4529/1165 1355/4530/1165 1357/4531/1165 1361/4532/1165
f 1356/4533/1166 1360/4534/1166 1362/4535/1166 1358/4536/1166
f 1363/4537/1167 1364/4538/1167 1366/4539/1167 1365/4540/1167
f 1368/4541/1168 1367/4542/1168 1369/4543/1168 1370/4544/1168
f 1368/4545/1169 1364/4546/1169 1363/4547/1169 1367/4548/1169
f 1369/4549/1170 1365/4550/1170 1366/4551/1170 1370/4552/1170
f 1367/4553/1171 1363/4554/1171 1365/4555/1171 1369/4556/1171
f 1364/4557/1172 1368/4558/1172 1370/4559/1172 1366/4560/1172
f 1371/4561/1173 1372/4562/1173 1374/4563/1173 1373/4564/1173
f 1376/4565/1174 1375/4566/1174 1377/4567/1174 1378/4568/1174
f 1376/4569/1175 1372/4570/1175 1371/4571/1175 1375/4572/1175
f 1377/4573/1176 1373/4574/1176 1374/4575/1176 1378/4576/1176
f 1375/4577/1177 1371/4578/1177 1373/4579/1177 1377/4580/1177
f 1372/4581/1178 1376/4582/1178 1378/4583/1178 1374/4584/1178
f 1382/4585/1179 1380/4586/1179 1379/4587/1179 1381/4588/1179
f 1385/4589/1180 1383/4590/1180 1384/4591/1180 1386/4592/1180
f 1379/4593/1181 1380/4594/1181 1384/4595/1181 1383/4596/1181
f 1382/4597/1182 1381/4598/1182 1385/4599/1182 1386/4600/1182
f 1381/4601/1183 1379/4602/1183 1383/4603/1183 1385/4604/1183
f 1386/4605/1184 1384/4606/1184 1380/4607/1184 1382/4608/1184
f 1390/4609/1185 1388/4610/1185 1387/4611/1185 1389/4612/1185
f 1393/4613/1186 1391/4614/1186 1392/4615/1186 1394/4616/1186
f 1387/4617/1187 1388/4618/1187 1392/4619/1187 1391/4620/1187
f 1390/4621/1188 1389/4622/1188 1393/4623/1188 1394/4624/1188
f 1389/4625/1189 1387/4626/1189 1391/4627/1189 1393/4628/1189
f 1394/4629/1190 1392/4630/1190 1388/4631/1190 1390/4632/1190
f 1398/4633/1191 1396/4634/1191 1395/4635/1191 1397/4636/1191
f 1401/4637/1192 1399/4638/1192 1400/4639/1192 1402/4640/1192
f 1395/4641/1193 1396/4642/1193 1400/4643/1193 1399/4644/1193
f 1398/4645/1194 1397/4646/1194 1401/4647/1194 1402/4648/1194
f 1397/4649/1195 1395/4650/1195 1399/4651/1195 1401/4652/1195
f 1402/4653/1196 1400/4654/1196 1396/4655/1196 1398/4656/1196
o circle
v 0.125 6.765625 -0.525
v 0.13965375 6.7109375 -0.525
v 0.16503375 6.72559125 -0.525
v 0.1796875 6.75097125 -0.525
v 0.1796875 6.78027875 -0.525
v 0.16503375 6.80565875 -0.525
v 0.13965375 6.8203125 -0.525
v 0.11034625 6.8203125 -0.525
v 0.08496625 6.80565875 -0.525
v 0.0703125 6.78027875 -0.525
v 0.0703125 6.75097125 -0.525
v 0.08496625 6.72559125 -0.525
v 0.11034625 6.7109375 -0.525
vt 0.21078125 0.79703125
vt 0.2421875 0.85140625
vt 0.125 0.8828125
vt 0.2421875 0.85140625
vt 0.2421875 0.91421875
vt 0.125 0.8828125
vt 0.2421875 0.91421875
vt 0.21078125 0.96859375
vt 0.125 0.8828125
vt 0.21078125 0.96859375
vt 0.15640625 1
vt 0.125 0.8828125
vt 0.15640625 1
vt 0.09359375 1
vt 0.125 0.8828125
vt 0.09359375 1
vt 0.03921875 0.96859375
vt 0.125 0.8828125
vt 0.03921875 0.96859375
vt 0.0078125 0.91421875
vt 0.125 0.8828125
vt 0.0078125 0.91421875
vt 0.0078125 0.85140625
vt 0.125 0.8828125
vt 0.0078125 0.85140625
vt 0.03921875 0.79703125
vt 0.125 0.8828125
vt 0.03921875 0.79703125
vt 0.09359375 0.765625
vt 0.125 0.8828125
vt 0.09359375 0.765625
vt 0.15640625 0.765625
vt 0.125 0.8828125
vt 0.15640625 0.765625
vt 0.21078125 0.79703125
vt 0.125 0.8828125
vn 0 2.220446049250313e-16 1
vn 0 2.220446049250313e-16 1
vn 0 2.220446049250313e-16 1
vn 0 2.220446049250313e-16 1
vn 0 2.220446049250313e-16 1
vn 0 2.220446049250313e-16 1
vn 0 2.220446049250313e-16 1
vn 0 2.220446049250313e-16 1
vn 0 2.220446049250313e-16 1
vn 0 2.220446049250313e-16 1
vn 0 2.220446049250313e-16 1
vn 0 2.220446049250313e-16 1
usemtl m_409504fd-f58c-4195-329e-2b61b82ac830
f 1405/4657/1197 1406/4658/1197 1403/4659/1197
f 1406/4660/1198 1407/4661/1198 1403/4662/1198
f 1407/4663/1199 1408/4664/1199 1403/4665/1199
f 1408/4666/1200 1409/4667/1200 1403/4668/1200
f 1409/4669/1201 1410/4670/1201 1403/4671/1201
f 1410/4672/1202 1411/4673/1202 1403/4674/1202
f 1411/4675/1203 1412/4676/1203 1403/4677/1203
f 1412/4678/1204 1413/4679/1204 1403/4680/1204
f 1413/4681/1205 1414/4682/1205 1403/4683/1205
f 1414/4684/1206 1415/4685/1206 1403/4686/1206
f 1415/4687/1207 1404/4688/1207 1403/4689/1207
f 1404/4690/1208 1405/4691/1208 1403/4692/1208
o tube
v 0.141746875 6.703125 -0.546875
v 0.141746875 6.703125 -0.484375
v 0.133964375 6.73217 -0.546875
v 0.133964375 6.73217 -0.484375
v 0.170753125 6.719871875 -0.546875
v 0.170753125 6.719871875 -0.484375
v 0.149490625 6.741134375 -0.546875
v 0.149490625 6.741134375 -0.484375
v 0.1875 6.748878125 -0.546875
v 0.1875 6.748878125 -0.484375
v 0.158455 6.756660625 -0.546875
v 0.158455 6.756660625 -0.484375
v 0.1875 6.782371875 -0.546875
v 0.1875 6.782371875 -0.484375
v 0.158455 6.774589375 -0.546875
v 0.158455 6.774589375 -0.484375
v 0.170753125 6.811378125 -0.546875
v 0.170753125 6.811378125 -0.484375
v 0.149490625 6.790115625 -0.546875
v 0.149490625 6.790115625 -0.484375
v 0.141746875 6.828125 -0.546875
v 0.141746875 6.828125 -0.484375
v 0.133964375 6.79908 -0.546875
v 0.133964375 6.79908 -0.484375
v 0.108253125 6.828125 -0.546875
v 0.108253125 6.828125 -0.484375
v 0.116035625 6.79908 -0.546875
v 0.116035625 6.79908 -0.484375
v 0.079246875 6.811378125 -0.546875
v 0.079246875 6.811378125 -0.484375
v 0.100509375 6.790115625 -0.546875
v 0.100509375 6.790115625 -0.484375
v 0.0625 6.782371875 -0.546875
v 0.0625 6.782371875 -0.484375
v 0.091545 6.774589375 -0.546875
v 0.091545 6.774589375 -0.484375
v 0.0625 6.748878125 -0.546875
v 0.0625 6.748878125 -0.484375
v 0.091545 6.756660625 -0.546875
v 0.091545 6.756660625 -0.484375
v 0.079246875 6.719871875 -0.546875
v 0.079246875 6.719871875 -0.484375
v 0.100509375 6.741134375 -0.546875
v 0.100509375 6.741134375 -0.484375
v 0.108253125 6.703125 -0.546875
v 0.108253125 6.703125 -0.484375
v 0.116035625 6.73217 -0.546875
v 0.116035625 6.73217 -0.484375
vt 0.28125 0.34375
vt 0.289621875 0.34375
vt 0.289621875 0.359375
vt 0.28125 0.359375
vt 0.28573125 0.359375
vt 0.28125 0.359375
vt 0.28125 0.34375
vt 0.28573125 0.34375
vt 0.28125 0.35742734374999996
vt 0.28125 0.35294499999999995
vt 0.28851390625 0.35100062499999996
vt 0.2885103125 0.359375
vt 0.28125 0.35211187499999996
vt 0.289624375 0.35211187499999996
vt 0.287676875 0.359375
vt 0.28319453125 0.35937312499999996
vt 0.28125 0.34375
vt 0.289621875 0.34375
vt 0.289621875 0.359375
vt 0.28125 0.359375
vt 0.28573125 0.359375
vt 0.28125 0.359375
vt 0.28125 0.34375
vt 0.28573125 0.34375
vt 0.28125 0.357430625
vt 0.28125 0.35294828125
vt 0.2885103125 0.35100062499999996
vt 0.28851390625 0.359375
vt 0.28125 0.35211187499999996
vt 0.289624375 0.35211187499999996
vt 0.28767984375 0.35937312499999996
vt 0.2831975 0.359375
vt 0.28125 0.34375
vt 0.289621875 0.34375
vt 0.289621875 0.359375
vt 0.28125 0.359375
vt 0.28573125 0.359375
vt 0.28125 0.359375
vt 0.28125 0.34375
vt 0.28573125 0.34375
vt 0.28125 0.35742968750000004
vt 0.28125 0.35294843750000005
vt 0.2885109375 0.35100312499999997
vt 0.2885109375 0.359375
vt 0.2885109375 0.35100312499999997
vt 0.2885109375 0.359375
vt 0.28125 0.35742968750000004
vt 0.28125 0.35294843750000005
vt 0.28125 0.34375
vt 0.289621875 0.34375
vt 0.289621875 0.359375
vt 0.28125 0.359375
vt 0.28573125 0.359375
vt 0.28125 0.359375
vt 0.28125 0.34375
vt 0.28573125 0.34375
vt 0.28767671875 0.359375
vt 0.283194375 0.359375
vt 0.28125 0.35211109375000005
vt 0.289624375 0.35211468749999997
vt 0.288513125 0.35100062499999996
vt 0.288513125 0.359375
vt 0.28125 0.3574275
vt 0.281251875 0.35294515625
vt 0.28125 0.34375
vt 0.289621875 0.34375
vt 0.289621875 0.359375
vt 0.28125 0.359375
vt 0.28573125 0.359375
vt 0.28125 0.359375
vt 0.28125 0.34375
vt 0.28573125 0.34375
vt 0.28768 0.359375
vt 0.28319765625 0.359375
vt 0.28125 0.35211468749999997
vt 0.289624375 0.35211109375000005
vt 0.288513125 0.35100062499999996
vt 0.288513125 0.359375
vt 0.281251875 0.35743046874999995
vt 0.28125 0.35294812499999995
vt 0.28125 0.34375
vt 0.289621875 0.34375
vt 0.289621875 0.359375
vt 0.28125 0.359375
vt 0.28573125 0.359375
vt 0.28125 0.359375
vt 0.28125 0.34375
vt 0.28573125 0.34375
vt 0.2876765625 0.359375
vt 0.2831953125 0.359375
vt 0.28125 0.3521140625
vt 0.289621875 0.3521140625
vt 0.289621875 0.359375
vt 0.28125 0.359375
vt 0.2831953125 0.3521140625
vt 0.2876765625 0.3521140625
vt 0.28125 0.34375
vt 0.289621875 0.34375
vt 0.289621875 0.359375
vt 0.28125 0.359375
vt 0.28573125 0.359375
vt 0.28125 0.359375
vt 0.28125 0.34375
vt 0.28573125 0.34375
vt 0.28851390625 0.35294828125
vt 0.28851390625 0.357430625
vt 0.28125 0.359375
vt 0.28125359375 0.35100062499999996
vt 0.289624375 0.359375
vt 0.28125 0.359375
vt 0.2831975 0.35211187499999996
vt 0.28767984375 0.35211390625000005
vt 0.28125 0.34375
vt 0.289621875 0.34375
vt 0.289621875 0.359375
vt 0.28125 0.359375
vt 0.28573125 0.359375
vt 0.28125 0.359375
vt 0.28125 0.34375
vt 0.28573125 0.34375
vt 0.28851390625 0.35294499999999995
vt 0.28851390625 0.35742734374999996
vt 0.28125359375 0.359375
vt 0.28125 0.35100062499999996
vt 0.289624375 0.359375
vt 0.28125 0.359375
vt 0.28319453125 0.35211390625000005
vt 0.287676875 0.35211187499999996
vt 0.28125 0.34375
vt 0.289621875 0.34375
vt 0.289621875 0.359375
vt 0.28125 0.359375
vt 0.28573125 0.359375
vt 0.28125 0.359375
vt 0.28125 0.34375
vt 0.28573125 0.34375
vt 0.2885109375 0.35294843750000005
vt 0.2885109375 0.35742968750000004
vt 0.28125 0.359375
vt 0.28125 0.35100312499999997
vt 0.28125 0.359375
vt 0.28125 0.35100312499999997
vt 0.2885109375 0.35294843750000005
vt 0.2885109375 0.35742968750000004
vt 0.28125 0.34375
vt 0.289621875 0.34375
vt 0.289621875 0.359375
vt 0.28125 0.359375
vt 0.28573125 0.359375
vt 0.28125 0.359375
vt 0.28125 0.34375
vt 0.28573125 0.34375
vt 0.28319765625 0.35211109375000005
vt 0.28768 0.35211109375000005
vt 0.289624375 0.359375
vt 0.28125 0.35937140624999997
vt 0.28125 0.359375
vt 0.28125 0.35100062499999996
vt 0.288513125 0.35294812499999995
vt 0.28851109375 0.35743046874999995
vt 0.28125 0.34375
vt 0.289621875 0.34375
vt 0.289621875 0.359375
vt 0.28125 0.359375
vt 0.28573125 0.359375
vt 0.28125 0.359375
vt 0.28125 0.34375
vt 0.28573125 0.34375
vt 0.283194375 0.35211109375000005
vt 0.28767671875 0.35211109375000005
vt 0.289624375 0.35937140624999997
vt 0.28125 0.359375
vt 0.28125 0.359375
vt 0.28125 0.35100062499999996
vt 0.28851109375 0.35294515625
vt 0.288513125 0.3574275
vt 0.28125 0.34375
vt 0.289621875 0.34375
vt 0.289621875 0.359375
vt 0.28125 0.359375
vt 0.28573125 0.359375
vt 0.28125 0.359375
vt 0.28125 0.34375
vt 0.28573125 0.34375
vt 0.2831953125 0.3521140625
vt 0.2876765625 0.3521140625
vt 0.289621875 0.359375
vt 0.28125 0.359375
vt 0.28125 0.3521140625
vt 0.289621875 0.3521140625
vt 0.2876765625 0.359375
vt 0.2831953125 0.359375
vn 0.5000024352623959 -0.8660239977804736 1.9229595644276144e-16
vn -0.5000121476207339 0.8660183902387416 -1.9229471131837297e-16
vn 0 -2.220446049250313e-16 -1
vn 0 2.220446049250313e-16 1
vn 0.8660239977804736 -0.5000024352623959 1.1102284319939223e-16
vn -0.8660183902387416 0.5000121476207339 -1.1102499977616229e-16
vn 0 -2.220446049250313e-16 -1
vn 0 2.220446049250313e-16 1
vn 1 0 0
vn -1 0 0
vn 0 -2.220446049250313e-16 -1
vn 0 2.220446049250313e-16 1
vn 0.8660239977804736 0.5000024352623959 -1.1102284319939223e-16
vn -0.8660183902387416 -0.5000121476207339 1.1102499977616229e-16
vn 0 -2.220446049250313e-16 -1
vn 0 2.220446049250313e-16 1
vn 0.5000024352623959 0.8660239977804736 -1.9229595644276144e-16
vn -0.5000121476207339 -0.8660183902387416 1.9229471131837297e-16
vn 0 -2.220446049250313e-16 -1
vn 0 2.220446049250313e-16 1
vn 0 1 -2.220446049250313e-16
vn 0 -1 2.220446049250313e-16
vn 0 -2.220446049250313e-16 -1
vn 0 2.220446049250313e-16 1
vn -0.5000024352623959 0.8660239977804736 -1.9229595644276144e-16
vn 0.5000121476207339 -0.8660183902387416 1.9229471131837297e-16
vn 0 -2.220446049250313e-16 -1
vn 0 2.220446049250313e-16 1
vn -0.8660239977804736 0.5000024352623959 -1.1102284319939223e-16
vn 0.8660183902387416 -0.5000121476207339 1.1102499977616229e-16
vn 0 -2.220446049250313e-16 -1
vn 0 2.220446049250313e-16 1
vn -1 0 0
vn 1 0 0
vn 0 -2.220446049250313e-16 -1
vn 0 2.220446049250313e-16 1
vn -0.8660239977804736 -0.5000024352623959 1.1102284319939223e-16
vn 0.8660183902387416 0.5000121476207339 -1.1102499977616229e-16
vn 0 -2.220446049250313e-16 -1
vn 0 2.220446049250313e-16 1
vn -0.5000024352623959 -0.8660239977804736 1.9229595644276144e-16
vn 0.5000121476207339 0.8660183902387416 -1.9229471131837297e-16
vn 0 -2.220446049250313e-16 -1
vn 0 2.220446049250313e-16 1
vn 0 -1 2.220446049250313e-16
vn 0 1 -2.220446049250313e-16
vn 0 -2.220446049250313e-16 -1
vn 0 2.220446049250313e-16 1
usemtl m_3d215661-f591-00a8-53e2-d8d611c756be
f 1416/4693/1209 1420/4694/1209 1421/4695/1209 1417/4696/1209
f 1419/4697/1210 1423/4698/1210 1422/4699/1210 1418/4700/1210
f 1418/4701/1211 1422/4702/1211 1420/4703/1211 1416/4704/1211
f 1417/4705/1212 1421/4706/1212 1423/4707/1212 1419/4708/1212
f 1420/4709/1213 1424/4710/1213 1425/4711/1213 1421/4712/1213
f 1423/4713/1214 1427/4714/1214 1426/4715/1214 1422/4716/1214
f 1422/4717/1215 1426/4718/1215 1424/4719/1215 1420/4720/1215
f 1421/4721/1216 1425/4722/1216 1427/4723/1216 1423/4724/1216
f 1424/4725/1217 1428/4726/1217 1429/4727/1217 1425/4728/1217
f 1427/4729/1218 1431/4730/1218 1430/4731/1218 1426/4732/1218
f 1426/4733/1219 1430/4734/1219 1428/4735/1219 1424/4736/1219
f 1425/4737/1220 1429/4738/1220 1431/4739/1220 1427/4740/1220
f 1428/4741/1221 1432/4742/1221 1433/4743/1221 1429/4744/1221
f 1431/4745/1222 1435/4746/1222 1434/4747/1222 1430/4748/1222
f 1430/4749/1223 1434/4750/1223 1432/4751/1223 1428/4752/1223
f 1429/4753/1224 1433/4754/1224 1435/4755/1224 1431/4756/1224
f 1432/4757/1225 1436/4758/1225 1437/4759/1225 1433/4760/1225
f 1435/4761/1226 1439/4762/1226 1438/4763/1226 1434/4764/1226
f 1434/4765/1227 1438/4766/1227 1436/4767/1227 1432/4768/1227
f 1433/4769/1228 1437/4770/1228 1439/4771/1228 1435/4772/1228
f 1436/4773/1229 1440/4774/1229 1441/4775/1229 1437/4776/1229
f 1439/4777/1230 1443/4778/1230 1442/4779/1230 1438/4780/1230
f 1438/4781/1231 1442/4782/1231 1440/4783/1231 1436/4784/1231
f 1437/4785/1232 1441/4786/1232 1443/4787/1232 1439/4788/1232
f 1440/4789/1233 1444/4790/1233 1445/4791/1233 1441/4792/1233
f 1443/4793/1234 1447/4794/1234 1446/4795/1234 1442/4796/1234
f 1442/4797/1235 1446/4798/1235 1444/4799/1235 1440/4800/1235
f 1441/4801/1236 1445/4802/1236 1447/4803/1236 1443/4804/1236
f 1444/4805/1237 1448/4806/1237 1449/4807/1237 1445/4808/1237
f 1447/4809/1238 1451/4810/1238 1450/4811/1238 1446/4812/1238
f 1446/4813/1239 1450/4814/1239 1448/4815/1239 1444/4816/1239
f 1445/4817/1240 1449/4818/1240 1451/4819/1240 1447/4820/1240
f 1448/4821/1241 1452/4822/1241 1453/4823/1241 1449/4824/1241
f 1451/4825/1242 1455/4826/1242 1454/4827/1242 1450/4828/1242
f 1450/4829/1243 1454/4830/1243 1452/4831/1243 1448/4832/1243
f 1449/4833/1244 1453/4834/1244 1455/4835/1244 1451/4836/1244
f 1452/4837/1245 1456/4838/1245 1457/4839/1245 1453/4840/1245
f 1455/4841/1246 1459/4842/1246 1458/4843/1246 1454/4844/1246
f 1454/4845/1247 1458/4846/1247 1456/4847/1247 1452/4848/1247
f 1453/4849/1248 1457/4850/1248 1459/4851/1248 1455/4852/1248
f 1456/4853/1249 1460/4854/1249 1461/4855/1249 1457/4856/1249
f 1459/4857/1250 1463/4858/1250 1462/4859/1250 1458/4860/1250
f 1458/4861/1251 1462/4862/1251 1460/4863/1251 1456/4864/1251
f 1457/4865/1252 1461/4866/1252 1463/4867/1252 1459/4868/1252
f 1460/4869/1253 1416/4870/1253 1417/4871/1253 1461/4872/1253
f 1463/4873/1254 1419/4874/1254 1418/4875/1254 1462/4876/1254
f 1462/4877/1255 1418/4878/1255 1416/4879/1255 1460/4880/1255
f 1461/4881/1256 1417/4882/1256 1419/4883/1256 1463/4884/1256
o cube
v 0.1381475 6.836408125 -0.4765625
v 0.1381475 6.836408125 -0.7265625
v 0.1381475 6.8125425 -0.4765625
v 0.1381475 6.8125425 -0.7265625
v 0.1118525 6.836408125 -0.4765625
v 0.1118525 6.836408125 -0.7265625
v 0.1118525 6.8125425 -0.4765625
v 0.1118525 6.8125425 -0.7265625
v 0.1381475 6.836408125 -0.4765625
v 0.1381475 6.836408125 -0.7265625
v 0.1381475 6.8125425 -0.4765625
v 0.1381475 6.8125425 -0.7265625
v 0.178091875 6.816128125 -0.4765625
v 0.178091875 6.816128125 -0.703835
v 0.16091875 6.7977743749999995 -0.4765625
v 0.16091875 6.7977743749999995 -0.703835
v 0.17725875 6.817064375 -0.4765625
v 0.17725875 6.817064375 -0.703835
v 0.16091875 6.7977743749999995 -0.4765625
v 0.16091875 6.7977743749999995 -0.703835
v 0.1953125 6.772195 -0.4765625
v 0.1953125 6.772195 -0.61292625
v 0.17406625 6.772195 -0.4765625
v 0.17406625 6.772195 -0.61292625
v 0.1953125 6.772195 -0.4765625
v 0.1953125 6.772195 -0.61292625
v 0.17406625 6.772195 -0.4765625
v 0.17406625 6.772195 -0.61292625
v 0.1953125 6.742658125 -0.4765625
v 0.1953125 6.742658125 -0.544744375
v 0.17406625 6.742658125 -0.4765625
v 0.17406625 6.742658125 -0.544744375
v 0.1118525 6.836408125 -0.4765625
v 0.1118525 6.836408125 -0.7265625
v 0.1118525 6.8125425 -0.4765625
v 0.1118525 6.8125425 -0.7265625
v 0.071908125 6.816128125 -0.4765625
v 0.071908125 6.816128125 -0.703835
v 0.08908125 6.7977743749999995 -0.4765625
v 0.08908125 6.7977743749999995 -0.703835
v 0.07274125000000001 6.817064375 -0.4765625
v 0.07274125000000001 6.817064375 -0.703835
v 0.08908125 6.7977743749999995 -0.4765625
v 0.08908125 6.7977743749999995 -0.703835
v 0.0546875 6.772195 -0.4765625
v 0.0546875 6.772195 -0.61292625
v 0.07593375 6.772195 -0.4765625
v 0.07593375 6.772195 -0.61292625
v 0.0546875 6.772195 -0.4765625
v 0.0546875 6.772195 -0.61292625
v 0.07593375 6.772195 -0.4765625
v 0.07593375 6.772195 -0.61292625
v 0.0546875 6.742658125 -0.4765625
v 0.0546875 6.742658125 -0.544744375
v 0.07593375 6.742658125 -0.4765625
v 0.07593375 6.742658125 -0.544744375
vt 0.41796875 0.3984375
vt 0.41796875 0.4046875
vt 0.375 0.4046875
vt 0.375 0.3984375
vt 0.42578125 0.3984375
vt 0.42578125 0.4046875
vt 0.3828125 0.4046875
vt 0.3828125 0.3984375
vt 0.3966546875 0.35546875
vt 0.3966546875 0.3984375
vt 0.38828125 0.3984375
vt 0.38828125 0.35546875
vt 0.3966546875 0.36328125
vt 0.3966546875 0.40625
vt 0.38828125 0.40625
vt 0.38828125 0.36328125
vt 0.3966546875 0.3984375
vt 0.3966546875 0.4046875
vt 0.38828125 0.4046875
vt 0.38828125 0.3984375
vt 0.3950921875 0.3984375
vt 0.3950921875 0.4046875
vt 0.38671875 0.4046875
vt 0.38671875 0.3984375
vt 0.375 0.40625
vt 0.4296875 0.40625
vt 0.4296875 0.3984375
vt 0.375 0.3984375
vt 0.3828125 0.40625
vt 0.4375 0.40625
vt 0.4375 0.3984375
vt 0.3828125 0.3984375
vt 0.38828125 0.3984375
vt 0.39453125 0.3984375
vt 0.39453125 0.34375
vt 0.38828125 0.34375
vt 0.38828125 0.40625
vt 0.39453125 0.40625
vt 0.39453125 0.3515625
vt 0.38828125 0.3515625
vt 0.38828125 0.40625
vt 0.39453125 0.40625
vt 0.39453125 0.3984375
vt 0.38828125 0.3984375
vt 0.38671875 0.40625
vt 0.39296875 0.40625
vt 0.39296875 0.3984375
vt 0.38671875 0.3984375
vt 0.375 0.40625
vt 0.4296875 0.40625
vt 0.4296875 0.3984375
vt 0.375 0.3984375
vt 0.3828125 0.40625
vt 0.4375 0.40625
vt 0.4375 0.3984375
vt 0.3828125 0.3984375
vt 0.38828125 0.3984375
vt 0.39453125 0.3984375
vt 0.39453125 0.34375
vt 0.38828125 0.34375
vt 0.38828125 0.40625
vt 0.39453125 0.40625
vt 0.39453125 0.3515625
vt 0.38828125 0.3515625
vt 0.38828125 0.40625
vt 0.39453125 0.40625
vt 0.39453125 0.3984375
vt 0.38828125 0.3984375
vt 0.38671875 0.40625
vt 0.39296875 0.40625
vt 0.39296875 0.3984375
vt 0.38671875 0.3984375
vt 0.375 0.4046875
vt 0.38671875 0.4046875
vt 0.38671875 0.39792171875000004
vt 0.375 0.39792171875000004
vt 0.4140625 0.4046875
vt 0.42578125 0.4046875
vt 0.42578125 0.39792171875000004
vt 0.4140625 0.39792171875000004
vt 0.38828125 0.3671875
vt 0.3966546875 0.3671875
vt 0.3966546875 0.35546875
vt 0.38828125 0.35546875
vt 0.38828125 0.40625
vt 0.3966546875 0.40625
vt 0.3966546875 0.39453125
vt 0.38828125 0.39453125
vt 0.38828125 0.4046875
vt 0.3966546875 0.4046875
vt 0.3966546875 0.39792171875000004
vt 0.38828125 0.39792171875000004
vt 0.38671875 0.4046875
vt 0.3950921875 0.4046875
vt 0.3950921875 0.39792171875000004
vt 0.38671875 0.39792171875000004
vt 0.4296875 0.3984375
vt 0.4296875 0.40625
vt 0.375 0.40625
vt 0.375 0.3984375
vt 0.4375 0.3984375
vt 0.4375 0.40625
vt 0.3828125 0.40625
vt 0.3828125 0.3984375
vt 0.39453125 0.34375
vt 0.39453125 0.3984375
vt 0.38828125 0.3984375
vt 0.38828125 0.34375
vt 0.39453125 0.3515625
vt 0.39453125 0.40625
vt 0.38828125 0.40625
vt 0.38828125 0.3515625
vt 0.39453125 0.3984375
vt 0.39453125 0.40625
vt 0.38828125 0.40625
vt 0.38828125 0.3984375
vt 0.39296875 0.3984375
vt 0.39296875 0.40625
vt 0.38671875 0.40625
vt 0.38671875 0.3984375
vt 0.4296875 0.3984375
vt 0.4296875 0.40625
vt 0.375 0.40625
vt 0.375 0.3984375
vt 0.4375 0.3984375
vt 0.4375 0.40625
vt 0.3828125 0.40625
vt 0.3828125 0.3984375
vt 0.39453125 0.34375
vt 0.39453125 0.3984375
vt 0.38828125 0.3984375
vt 0.38828125 0.34375
vt 0.39453125 0.3515625
vt 0.39453125 0.40625
vt 0.38828125 0.40625
vt 0.38828125 0.3515625
vt 0.39453125 0.3984375
vt 0.39453125 0.40625
vt 0.38828125 0.40625
vt 0.38828125 0.3984375
vt 0.39296875 0.3984375
vt 0.39296875 0.40625
vt 0.38671875 0.40625
vt 0.38671875 0.3984375
vt 0.38671875 0.39792171875000004
vt 0.38671875 0.4046875
vt 0.375 0.4046875
vt 0.375 0.39792171875000004
vt 0.42578125 0.39792171875000004
vt 0.42578125 0.4046875
vt 0.4140625 0.4046875
vt 0.4140625 0.39792171875000004
vt 0.3966546875 0.35546875
vt 0.3966546875 0.3671875
vt 0.38828125 0.3671875
vt 0.38828125 0.35546875
vt 0.3966546875 0.39453125
vt 0.3966546875 0.40625
vt 0.38828125 0.40625
vt 0.38828125 0.39453125
vt 0.3966546875 0.39792171875000004
vt 0.3966546875 0.4046875
vt 0.38828125 0.4046875
vt 0.38828125 0.39792171875000004
vt 0.3950921875 0.39792171875000004
vt 0.3950921875 0.4046875
vt 0.38671875 0.4046875
vt 0.38671875 0.39792171875000004
vn 1 0 0
vn -1 0 0
vn 0 1 0
vn 0 -1 0
vn 0 0 1
vn 0 0 -1
vn -1 0 0
vn 0.7302021808350583 -0.683231128611486 0
vn 0.45270208702600107 0.8916618307420717 0
vn -0.5441284603357273 -0.8390019181460022 0
vn 0 0 1
vn 0.34107118781393525 -0.3191314114133182 -0.8842090177625055
vn -0.7630410817830638 0.6463499884051456 0
vn 0 -1 0
vn 0.9277190252466737 0.373279265691736 0
vn -0.8893953537766143 -0.457138824298015 0
vn 0 0 1
vn 0 -0.89672345270896 -0.44259128929715896
vn 0 1 0
vn 0 -1 0
vn 1 0 0
vn -1 0 0
vn 0 0 1
vn 0 -0.9175978655059549 -0.39750994606288226
vn 1 0 0
vn -0.7302021808350583 -0.683231128611486 0
vn -0.45270208702600107 0.8916618307420717 0
vn 0.5441284603357273 -0.8390019181460022 0
vn 0 0 1
vn -0.3410711878139353 -0.31913141141331813 -0.8842090177625055
vn 0.7630410817830638 0.6463499884051456 0
vn 0 -1 0
vn -0.9277190252466737 0.373279265691736 0
vn 0.8893953537766143 -0.457138824298015 0
vn 0 0 1
vn 0 -0.89672345270896 -0.4425912892971591
vn 0 1 0
vn 0 -1 0
vn -1 0 0
vn 1 0 0
vn 0 0 1
vn 0 -0.9175978655059549 -0.39750994606288226
usemtl m_3d215661-f591-00a8-53e2-d8d611c756be
f 1467/4885/1257 1465/4886/1257 1464/4887/1257 1466/4888/1257
f 1470/4889/1258 1468/4890/1258 1469/4891/1258 1471/4892/1258
f 1464/4893/1259 1465/4894/1259 1469/4895/1259 1468/4896/1259
f 1467/4897/1260 1466/4898/1260 1470/4899/1260 1471/4900/1260
f 1466/4901/1261 1464/4902/1261 1468/4903/1261 1470/4904/1261
f 1471/4905/1262 1469/4906/1262 1465/4907/1262 1467/4908/1262
f 1472/4909/1263 1473/4910/1263 1475/4911/1263 1474/4912/1263
f 1477/4913/1264 1476/4914/1264 1478/4915/1264 1479/4916/1264
f 1477/4917/1265 1473/4918/1265 1472/4919/1265 1476/4920/1265
f 1478/4921/1266 1474/4922/1266 1475/4923/1266 1479/4924/1266
f 1476/4925/1267 1472/4926/1267 1474/4927/1267 1478/4928/1267
f 1473/4929/1268 1477/4930/1268 1479/4931/1268 1475/4932/1268
f 1480/4933/1269 1481/4934/1269 1483/4935/1269 1482/4936/1269
f 1485/4937/1270 1484/4938/1270 1486/4939/1270 1487/4940/1270
f 1485/4941/1271 1481/4942/1271 1480/4943/1271 1484/4944/1271
f 1486/4945/1272 1482/4946/1272 1483/4947/1272 1487/4948/1272
f 1484/4949/1273 1480/4950/1273 1482/4951/1273 1486/4952/1273
f 1481/4953/1274 1485/4954/1274 1487/4955/1274 1483/4956/1274
f 1488/4957/1275 1489/4958/1275 1491/4959/1275 1490/4960/1275
f 1493/4961/1276 1492/4962/1276 1494/4963/1276 1495/4964/1276
f 1493/4965/1277 1489/4966/1277 1488/4967/1277 1492/4968/1277
f 1494/4969/1278 1490/4970/1278 1491/4971/1278 1495/4972/1278
f 1492/4973/1279 1488/4974/1279 1490/4975/1279 1494/4976/1279
f 1489/4977/1280 1493/4978/1280 1495/4979/1280 1491/4980/1280
f 1499/4981/1281 1497/4982/1281 1496/4983/1281 1498/4984/1281
f 1502/4985/1282 1500/4986/1282 1501/4987/1282 1503/4988/1282
f 1496/4989/1283 1497/4990/1283 1501/4991/1283 1500/4992/1283
f 1499/4993/1284 1498/4994/1284 1502/4995/1284 1503/4996/1284
f 1498/4997/1285 1496/4998/1285 1500/4999/1285 1502/5000/1285
f 1503/5001/1286 1501/5002/1286 1497/5003/1286 1499/5004/1286
f 1507/5005/1287 1505/5006/1287 1504/5007/1287 1506/5008/1287
f 1510/5009/1288 1508/5010/1288 1509/5011/1288 1511/5012/1288
f 1504/5013/1289 1505/5014/1289 1509/5015/1289 1508/5016/1289
f 1507/5017/1290 1506/5018/1290 1510/5019/1290 1511/5020/1290
f 1506/5021/1291 1504/5022/1291 1508/5023/1291 1510/5024/1291
f 1511/5025/1292 1509/5026/1292 1505/5027/1292 1507/5028/1292
f 1515/5029/1293 1513/5030/1293 1512/5031/1293 1514/5032/1293
f 1518/5033/1294 1516/5034/1294 1517/5035/1294 1519/5036/1294
f 1512/5037/1295 1513/5038/1295 1517/5039/1295 1516/5040/1295
f 1515/5041/1296 1514/5042/1296 1518/5043/1296 1519/5044/1296
f 1514/5045/1297 1512/5046/1297 1516/5047/1297 1518/5048/1297
f 1519/5049/1298 1517/5050/1298 1513/5051/1298 1515/5052/1298
o circle
v 0 6.765625 -0.525
v 0.01465375 6.7109375 -0.525
v 0.04003375 6.72559125 -0.525
v 0.0546875 6.75097125 -0.525
v 0.0546875 6.78027875 -0.525
v 0.04003375 6.80565875 -0.525
v 0.01465375 6.8203125 -0.525
v -0.01465375 6.8203125 -0.525
v -0.04003375 6.80565875 -0.525
v -0.0546875 6.78027875 -0.525
v -0.0546875 6.75097125 -0.525
v -0.04003375 6.72559125 -0.525
v -0.01465375 6.7109375 -0.525
vt 0.21078125 0.79703125
vt 0.2421875 0.85140625
vt 0.125 0.8828125
vt 0.2421875 0.85140625
vt 0.2421875 0.91421875
vt 0.125 0.8828125
vt 0.2421875 0.91421875
vt 0.21078125 0.96859375
vt 0.125 0.8828125
vt 0.21078125 0.96859375
vt 0.15640625 1
vt 0.125 0.8828125
vt 0.15640625 1
vt 0.09359375 1
vt 0.125 0.8828125
vt 0.09359375 1
vt 0.03921875 0.96859375
vt 0.125 0.8828125
vt 0.03921875 0.96859375
vt 0.0078125 0.91421875
vt 0.125 0.8828125
vt 0.0078125 0.91421875
vt 0.0078125 0.85140625
vt 0.125 0.8828125
vt 0.0078125 0.85140625
vt 0.03921875 0.79703125
vt 0.125 0.8828125
vt 0.03921875 0.79703125
vt 0.09359375 0.765625
vt 0.125 0.8828125
vt 0.09359375 0.765625
vt 0.15640625 0.765625
vt 0.125 0.8828125
vt 0.15640625 0.765625
vt 0.21078125 0.79703125
vt 0.125 0.8828125
vn 0 2.220446049250313e-16 1
vn 0 2.220446049250313e-16 1
vn 0 2.220446049250313e-16 1
vn 0 2.220446049250313e-16 1
vn 0 2.220446049250313e-16 1
vn 0 2.220446049250313e-16 1
vn 0 2.220446049250313e-16 1
vn 0 2.220446049250313e-16 1
vn 0 2.220446049250313e-16 1
vn 0 2.220446049250313e-16 1
vn 0 2.220446049250313e-16 1
vn 0 2.220446049250313e-16 1
usemtl m_409504fd-f58c-4195-329e-2b61b82ac830
f 1522/5053/1299 1523/5054/1299 1520/5055/1299
f 1523/5056/1300 1524/5057/1300 1520/5058/1300
f 1524/5059/1301 1525/5060/1301 1520/5061/1301
f 1525/5062/1302 1526/5063/1302 1520/5064/1302
f 1526/5065/1303 1527/5066/1303 1520/5067/1303
f 1527/5068/1304 1528/5069/1304 1520/5070/1304
f 1528/5071/1305 1529/5072/1305 1520/5073/1305
f 1529/5074/1306 1530/5075/1306 1520/5076/1306
f 1530/5077/1307 1531/5078/1307 1520/5079/1307
f 1531/5080/1308 1532/5081/1308 1520/5082/1308
f 1532/5083/1309 1521/5084/1309 1520/5085/1309
f 1521/5086/1310 1522/5087/1310 1520/5088/1310
o tube
v 0.016746875 6.703125 -0.546875
v 0.016746875 6.703125 -0.484375
v 0.008964375 6.73217 -0.546875
v 0.008964375 6.73217 -0.484375
v 0.045753125 6.719871875 -0.546875
v 0.045753125 6.719871875 -0.484375
v 0.024490625 6.741134375 -0.546875
v 0.024490625 6.741134375 -0.484375
v 0.0625 6.748878125 -0.546875
v 0.0625 6.748878125 -0.484375
v 0.033455 6.756660625 -0.546875
v 0.033455 6.756660625 -0.484375
v 0.0625 6.782371875 -0.546875
v 0.0625 6.782371875 -0.484375
v 0.033455 6.774589375 -0.546875
v 0.033455 6.774589375 -0.484375
v 0.045753125 6.811378125 -0.546875
v 0.045753125 6.811378125 -0.484375
v 0.024490625 6.790115625 -0.546875
v 0.024490625 6.790115625 -0.484375
v 0.016746875 6.828125 -0.546875
v 0.016746875 6.828125 -0.484375
v 0.008964375 6.79908 -0.546875
v 0.008964375 6.79908 -0.484375
v -0.016746875 6.828125 -0.546875
v -0.016746875 6.828125 -0.484375
v -0.008964375 6.79908 -0.546875
v -0.008964375 6.79908 -0.484375
v -0.045753125 6.811378125 -0.546875
v -0.045753125 6.811378125 -0.484375
v -0.024490625 6.790115625 -0.546875
v -0.024490625 6.790115625 -0.484375
v -0.0625 6.782371875 -0.546875
v -0.0625 6.782371875 -0.484375
v -0.033455 6.774589375 -0.546875
v -0.033455 6.774589375 -0.484375
v -0.0625 6.748878125 -0.546875
v -0.0625 6.748878125 -0.484375
v -0.033455 6.756660625 -0.546875
v -0.033455 6.756660625 -0.484375
v -0.045753125 6.719871875 -0.546875
v -0.045753125 6.719871875 -0.484375
v -0.024490625 6.741134375 -0.546875
v -0.024490625 6.741134375 -0.484375
v -0.016746875 6.703125 -0.546875
v -0.016746875 6.703125 -0.484375
v -0.008964375 6.73217 -0.546875
v -0.008964375 6.73217 -0.484375
vt 0.28125 0.34375
vt 0.289621875 0.34375
vt 0.289621875 0.359375
vt 0.28125 0.359375
vt 0.28573125 0.359375
vt 0.28125 0.359375
vt 0.28125 0.34375
vt 0.28573125 0.34375
vt 0.28125 0.35742734374999996
vt 0.28125 0.35294499999999995
vt 0.28851390625 0.35100062499999996
vt 0.2885103125 0.359375
vt 0.28125 0.35211187499999996
vt 0.289624375 0.35211187499999996
vt 0.287676875 0.359375
vt 0.28319453125 0.35937312499999996
vt 0.28125 0.34375
vt 0.289621875 0.34375
vt 0.289621875 0.359375
vt 0.28125 0.359375
vt 0.28573125 0.359375
vt 0.28125 0.359375
vt 0.28125 0.34375
vt 0.28573125 0.34375
vt 0.28125 0.357430625
vt 0.28125 0.35294828125
vt 0.2885103125 0.35100062499999996
vt 0.28851390625 0.359375
vt 0.28125 0.35211187499999996
vt 0.289624375 0.35211187499999996
vt 0.28767984375 0.35937312499999996
vt 0.2831975 0.359375
vt 0.28125 0.34375
vt 0.289621875 0.34375
vt 0.289621875 0.359375
vt 0.28125 0.359375
vt 0.28573125 0.359375
vt 0.28125 0.359375
vt 0.28125 0.34375
vt 0.28573125 0.34375
vt 0.28125 0.35742968750000004
vt 0.28125 0.35294843750000005
vt 0.2885109375 0.35100312499999997
vt 0.2885109375 0.359375
vt 0.2885109375 0.35100312499999997
vt 0.2885109375 0.359375
vt 0.28125 0.35742968750000004
vt 0.28125 0.35294843750000005
vt 0.28125 0.34375
vt 0.289621875 0.34375
vt 0.289621875 0.359375
vt 0.28125 0.359375
vt 0.28573125 0.359375
vt 0.28125 0.359375
vt 0.28125 0.34375
vt 0.28573125 0.34375
vt 0.28767671875 0.359375
vt 0.283194375 0.359375
vt 0.28125 0.35211109375000005
vt 0.289624375 0.35211468749999997
vt 0.288513125 0.35100062499999996
vt 0.288513125 0.359375
vt 0.28125 0.3574275
vt 0.281251875 0.35294515625
vt 0.28125 0.34375
vt 0.289621875 0.34375
vt 0.289621875 0.359375
vt 0.28125 0.359375
vt 0.28573125 0.359375
vt 0.28125 0.359375
vt 0.28125 0.34375
vt 0.28573125 0.34375
vt 0.28768 0.359375
vt 0.28319765625 0.359375
vt 0.28125 0.35211468749999997
vt 0.289624375 0.35211109375000005
vt 0.288513125 0.35100062499999996
vt 0.288513125 0.359375
vt 0.281251875 0.35743046874999995
vt 0.28125 0.35294812499999995
vt 0.28125 0.34375
vt 0.289621875 0.34375
vt 0.289621875 0.359375
vt 0.28125 0.359375
vt 0.28573125 0.359375
vt 0.28125 0.359375
vt 0.28125 0.34375
vt 0.28573125 0.34375
vt 0.2876765625 0.359375
vt 0.2831953125 0.359375
vt 0.28125 0.3521140625
vt 0.289621875 0.3521140625
vt 0.289621875 0.359375
vt 0.28125 0.359375
vt 0.2831953125 0.3521140625
vt 0.2876765625 0.3521140625
vt 0.28125 0.34375
vt 0.289621875 0.34375
vt 0.289621875 0.359375
vt 0.28125 0.359375
vt 0.28573125 0.359375
vt 0.28125 0.359375
vt 0.28125 0.34375
vt 0.28573125 0.34375
vt 0.28851390625 0.35294828125
vt 0.28851390625 0.357430625
vt 0.28125 0.359375
vt 0.28125359375 0.35100062499999996
vt 0.289624375 0.359375
vt 0.28125 0.359375
vt 0.2831975 0.35211187499999996
vt 0.28767984375 0.35211390625000005
vt 0.28125 0.34375
vt 0.289621875 0.34375
vt 0.289621875 0.359375
vt 0.28125 0.359375
vt 0.28573125 0.359375
vt 0.28125 0.359375
vt 0.28125 0.34375
vt 0.28573125 0.34375
vt 0.28851390625 0.35294499999999995
vt 0.28851390625 0.35742734374999996
vt 0.28125359375 0.359375
vt 0.28125 0.35100062499999996
vt 0.289624375 0.359375
vt 0.28125 0.359375
vt 0.28319453125 0.35211390625000005
vt 0.287676875 0.35211187499999996
vt 0.28125 0.34375
vt 0.289621875 0.34375
vt 0.289621875 0.359375
vt 0.28125 0.359375
vt 0.28573125 0.359375
vt 0.28125 0.359375
vt 0.28125 0.34375
vt 0.28573125 0.34375
vt 0.2885109375 0.35294843750000005
vt 0.2885109375 0.35742968750000004
vt 0.28125 0.359375
vt 0.28125 0.35100312499999997
vt 0.28125 0.359375
vt 0.28125 0.35100312499999997
vt 0.2885109375 0.35294843750000005
vt 0.2885109375 0.35742968750000004
vt 0.28125 0.34375
vt 0.289621875 0.34375
vt 0.289621875 0.359375
vt 0.28125 0.359375
vt 0.28573125 0.359375
vt 0.28125 0.359375
vt 0.28125 0.34375
vt 0.28573125 0.34375
vt 0.28319765625 0.35211109375000005
vt 0.28768 0.35211109375000005
vt 0.289624375 0.359375
vt 0.28125 0.35937140624999997
vt 0.28125 0.359375
vt 0.28125 0.35100062499999996
vt 0.288513125 0.35294812499999995
vt 0.28851109375 0.35743046874999995
vt 0.28125 0.34375
vt 0.289621875 0.34375
vt 0.289621875 0.359375
vt 0.28125 0.359375
vt 0.28573125 0.359375
vt 0.28125 0.359375
vt 0.28125 0.34375
vt 0.28573125 0.34375
vt 0.283194375 0.35211109375000005
vt 0.28767671875 0.35211109375000005
vt 0.289624375 0.35937140624999997
vt 0.28125 0.359375
vt 0.28125 0.359375
vt 0.28125 0.35100062499999996
vt 0.28851109375 0.35294515625
vt 0.288513125 0.3574275
vt 0.28125 0.34375
vt 0.289621875 0.34375
vt 0.289621875 0.359375
vt 0.28125 0.359375
vt 0.28573125 0.359375
vt 0.28125 0.359375
vt 0.28125 0.34375
vt 0.28573125 0.34375
vt 0.2831953125 0.3521140625
vt 0.2876765625 0.3521140625
vt 0.289621875 0.359375
vt 0.28125 0.359375
vt 0.28125 0.3521140625
vt 0.289621875 0.3521140625
vt 0.2876765625 0.359375
vt 0.2831953125 0.359375
vn 0.5000024352623959 -0.8660239977804736 1.9229595644276144e-16
vn -0.5000121476207339 0.8660183902387416 -1.9229471131837297e-16
vn 0 -2.220446049250313e-16 -1
vn 0 2.220446049250313e-16 1
vn 0.8660239977804736 -0.5000024352623959 1.1102284319939223e-16
vn -0.8660183902387416 0.5000121476207339 -1.1102499977616229e-16
vn 0 -2.220446049250313e-16 -1
vn 0 2.220446049250313e-16 1
vn 1 0 0
vn -1 0 0
vn 0 -2.220446049250313e-16 -1
vn 0 2.220446049250313e-16 1
vn 0.8660239977804736 0.5000024352623959 -1.1102284319939223e-16
vn -0.8660183902387416 -0.5000121476207339 1.1102499977616229e-16
vn 0 -2.220446049250313e-16 -1
vn 0 2.220446049250313e-16 1
vn 0.5000024352623959 0.8660239977804736 -1.9229595644276144e-16
vn -0.5000121476207339 -0.8660183902387416 1.9229471131837297e-16
vn 0 -2.220446049250313e-16 -1
vn 0 2.220446049250313e-16 1
vn 0 1 -2.220446049250313e-16
vn 0 -1 2.220446049250313e-16
vn 0 -2.220446049250313e-16 -1
vn 0 2.220446049250313e-16 1
vn -0.5000024352623959 0.8660239977804736 -1.9229595644276144e-16
vn 0.5000121476207339 -0.8660183902387416 1.9229471131837297e-16
vn 0 -2.220446049250313e-16 -1
vn 0 2.220446049250313e-16 1
vn -0.8660239977804736 0.5000024352623959 -1.1102284319939223e-16
vn 0.8660183902387416 -0.5000121476207339 1.1102499977616229e-16
vn 0 -2.220446049250313e-16 -1
vn 0 2.220446049250313e-16 1
vn -1 0 0
vn 1 0 0
vn 0 -2.220446049250313e-16 -1
vn 0 2.220446049250313e-16 1
vn -0.8660239977804736 -0.5000024352623959 1.1102284319939223e-16
vn 0.8660183902387416 0.5000121476207339 -1.1102499977616229e-16
vn 0 -2.220446049250313e-16 -1
vn 0 2.220446049250313e-16 1
vn -0.5000024352623959 -0.8660239977804736 1.9229595644276144e-16
vn 0.5000121476207339 0.8660183902387416 -1.9229471131837297e-16
vn 0 -2.220446049250313e-16 -1
vn 0 2.220446049250313e-16 1
vn 0 -1 2.220446049250313e-16
vn 0 1 -2.220446049250313e-16
vn 0 -2.220446049250313e-16 -1
vn 0 2.220446049250313e-16 1
usemtl m_3d215661-f591-00a8-53e2-d8d611c756be
f 1533/5089/1311 1537/5090/1311 1538/5091/1311 1534/5092/1311
f 1536/5093/1312 1540/5094/1312 1539/5095/1312 1535/5096/1312
f 1535/5097/1313 1539/5098/1313 1537/5099/1313 1533/5100/1313
f 1534/5101/1314 1538/5102/1314 1540/5103/1314 1536/5104/1314
f 1537/5105/1315 1541/5106/1315 1542/5107/1315 1538/5108/1315
f 1540/5109/1316 1544/5110/1316 1543/5111/1316 1539/5112/1316
f 1539/5113/1317 1543/5114/1317 1541/5115/1317 1537/5116/1317
f 1538/5117/1318 1542/5118/1318 1544/5119/1318 1540/5120/1318
f 1541/5121/1319 1545/5122/1319 1546/5123/1319 1542/5124/1319
f 1544/5125/1320 1548/5126/1320 1547/5127/1320 1543/5128/1320
f 1543/5129/1321 1547/5130/1321 1545/5131/1321 1541/5132/1321
f 1542/5133/1322 1546/5134/1322 1548/5135/1322 1544/5136/1322
f 1545/5137/1323 1549/5138/1323 1550/5139/1323 1546/5140/1323
f 1548/5141/1324 1552/5142/1324 1551/5143/1324 1547/5144/1324
f 1547/5145/1325 1551/5146/1325 1549/5147/1325 1545/5148/1325
f 1546/5149/1326 1550/5150/1326 1552/5151/1326 1548/5152/1326
f 1549/5153/1327 1553/5154/1327 1554/5155/1327 1550/5156/1327
f 1552/5157/1328 1556/5158/1328 1555/5159/1328 1551/5160/1328
f 1551/5161/1329 1555/5162/1329 1553/5163/1329 1549/5164/1329
f 1550/5165/1330 1554/5166/1330 1556/5167/1330 1552/5168/1330
f 1553/5169/1331 1557/5170/1331 1558/5171/1331 1554/5172/1331
f 1556/5173/1332 1560/5174/1332 1559/5175/1332 1555/5176/1332
f 1555/5177/1333 1559/5178/1333 1557/5179/1333 1553/5180/1333
f 1554/5181/1334 1558/5182/1334 1560/5183/1334 1556/5184/1334
f 1557/5185/1335 1561/5186/1335 1562/5187/1335 1558/5188/1335
f 1560/5189/1336 1564/5190/1336 1563/5191/1336 1559/5192/1336
f 1559/5193/1337 1563/5194/1337 1561/5195/1337 1557/5196/1337
f 1558/5197/1338 1562/5198/1338 1564/5199/1338 1560/5200/1338
f 1561/5201/1339 1565/5202/1339 1566/5203/1339 1562/5204/1339
f 1564/5205/1340 1568/5206/1340 1567/5207/1340 1563/5208/1340
f 1563/5209/1341 1567/5210/1341 1565/5211/1341 1561/5212/1341
f 1562/5213/1342 1566/5214/1342 1568/5215/1342 1564/5216/1342
f 1565/5217/1343 1569/5218/1343 1570/5219/1343 1566/5220/1343
f 1568/5221/1344 1572/5222/1344 1571/5223/1344 1567/5224/1344
f 1567/5225/1345 1571/5226/1345 1569/5227/1345 1565/5228/1345
f 1566/5229/1346 1570/5230/1346 1572/5231/1346 1568/5232/1346
f 1569/5233/1347 1573/5234/1347 1574/5235/1347 1570/5236/1347
f 1572/5237/1348 1576/5238/1348 1575/5239/1348 1571/5240/1348
f 1571/5241/1349 1575/5242/1349 1573/5243/1349 1569/5244/1349
f 1570/5245/1350 1574/5246/1350 1576/5247/1350 1572/5248/1350
f 1573/5249/1351 1577/5250/1351 1578/5251/1351 1574/5252/1351
f 1576/5253/1352 1580/5254/1352 1579/5255/1352 1575/5256/1352
f 1575/5257/1353 1579/5258/1353 1577/5259/1353 1573/5260/1353
f 1574/5261/1354 1578/5262/1354 1580/5263/1354 1576/5264/1354
f 1577/5265/1355 1533/5266/1355 1534/5267/1355 1578/5268/1355
f 1580/5269/1356 1536/5270/1356 1535/5271/1356 1579/5272/1356
f 1579/5273/1357 1535/5274/1357 1533/5275/1357 1577/5276/1357
f 1578/5277/1358 1534/5278/1358 1536/5279/1358 1580/5280/1358
o cube
v 0.0131475 6.836408125 -0.4765625
v 0.0131475 6.836408125 -0.7265625
v 0.0131475 6.8125425 -0.4765625
v 0.0131475 6.8125425 -0.7265625
v -0.0131475 6.836408125 -0.4765625
v -0.0131475 6.836408125 -0.7265625
v -0.0131475 6.8125425 -0.4765625
v -0.0131475 6.8125425 -0.7265625
v 0.0131475 6.836408125 -0.4765625
v 0.0131475 6.836408125 -0.7265625
v 0.0131475 6.8125425 -0.4765625
v 0.0131475 6.8125425 -0.7265625
v 0.053091875 6.816128125 -0.4765625
v 0.053091875 6.816128125 -0.703835
v 0.03591875 6.7977743749999995 -0.4765625
v 0.03591875 6.7977743749999995 -0.703835
v 0.05225875 6.817064375 -0.4765625
v 0.05225875 6.817064375 -0.703835
v 0.03591875 6.7977743749999995 -0.4765625
v 0.03591875 6.7977743749999995 -0.703835
v 0.0703125 6.772195 -0.4765625
v 0.0703125 6.772195 -0.61292625
v 0.04906625 6.772195 -0.4765625
v 0.04906625 6.772195 -0.61292625
v 0.0703125 6.772195 -0.4765625
v 0.0703125 6.772195 -0.61292625
v 0.04906625 6.772195 -0.4765625
v 0.04906625 6.772195 -0.61292625
v 0.0703125 6.742658125 -0.4765625
v 0.0703125 6.742658125 -0.544744375
v 0.04906625 6.742658125 -0.4765625
v 0.04906625 6.742658125 -0.544744375
v -0.0131475 6.836408125 -0.4765625
v -0.0131475 6.836408125 -0.7265625
v -0.0131475 6.8125425 -0.4765625
v -0.0131475 6.8125425 -0.7265625
v -0.053091875 6.816128125 -0.4765625
v -0.053091875 6.816128125 -0.703835
v -0.03591875 6.7977743749999995 -0.4765625
v -0.03591875 6.7977743749999995 -0.703835
v -0.05225875 6.817064375 -0.4765625
v -0.05225875 6.817064375 -0.703835
v -0.03591875 6.7977743749999995 -0.4765625
v -0.03591875 6.7977743749999995 -0.703835
v -0.0703125 6.772195 -0.4765625
v -0.0703125 6.772195 -0.61292625
v -0.04906625 6.772195 -0.4765625
v -0.04906625 6.772195 -0.61292625
v -0.0703125 6.772195 -0.4765625
v -0.0703125 6.772195 -0.61292625
v -0.04906625 6.772195 -0.4765625
v -0.04906625 6.772195 -0.61292625
v -0.0703125 6.742658125 -0.4765625
v -0.0703125 6.742658125 -0.544744375
v -0.04906625 6.742658125 -0.4765625
v -0.04906625 6.742658125 -0.544744375
vt 0.41796875 0.3984375
vt 0.41796875 0.4046875
vt 0.375 0.4046875
vt 0.375 0.3984375
vt 0.42578125 0.3984375
vt 0.42578125 0.4046875
vt 0.3828125 0.4046875
vt 0.3828125 0.3984375
vt 0.3966546875 0.35546875
vt 0.3966546875 0.3984375
vt 0.38828125 0.3984375
vt 0.38828125 0.35546875
vt 0.3966546875 0.36328125
vt 0.3966546875 0.40625
vt 0.38828125 0.40625
vt 0.38828125 0.36328125
vt 0.3966546875 0.3984375
vt 0.3966546875 0.4046875
vt 0.38828125 0.4046875
vt 0.38828125 0.3984375
vt 0.3950921875 0.3984375
vt 0.3950921875 0.4046875
vt 0.38671875 0.4046875
vt 0.38671875 0.3984375
vt 0.375 0.40625
vt 0.4296875 0.40625
vt 0.4296875 0.3984375
vt 0.375 0.3984375
vt 0.3828125 0.40625
vt 0.4375 0.40625
vt 0.4375 0.3984375
vt 0.3828125 0.3984375
vt 0.38828125 0.3984375
vt 0.39453125 0.3984375
vt 0.39453125 0.34375
vt 0.38828125 0.34375
vt 0.38828125 0.40625
vt 0.39453125 0.40625
vt 0.39453125 0.3515625
vt 0.38828125 0.3515625
vt 0.38828125 0.40625
vt 0.39453125 0.40625
vt 0.39453125 0.3984375
vt 0.38828125 0.3984375
vt 0.38671875 0.40625
vt 0.39296875 0.40625
vt 0.39296875 0.3984375
vt 0.38671875 0.3984375
vt 0.375 0.40625
vt 0.4296875 0.40625
vt 0.4296875 0.3984375
vt 0.375 0.3984375
vt 0.3828125 0.40625
vt 0.4375 0.40625
vt 0.4375 0.3984375
vt 0.3828125 0.3984375
vt 0.38828125 0.3984375
vt 0.39453125 0.3984375
vt 0.39453125 0.34375
vt 0.38828125 0.34375
vt 0.38828125 0.40625
vt 0.39453125 0.40625
vt 0.39453125 0.3515625
vt 0.38828125 0.3515625
vt 0.38828125 0.40625
vt 0.39453125 0.40625
vt 0.39453125 0.3984375
vt 0.38828125 0.3984375
vt 0.38671875 0.40625
vt 0.39296875 0.40625
vt 0.39296875 0.3984375
vt 0.38671875 0.3984375
vt 0.375 0.4046875
vt 0.38671875 0.4046875
vt 0.38671875 0.39792171875000004
vt 0.375 0.39792171875000004
vt 0.4140625 0.4046875
vt 0.42578125 0.4046875
vt 0.42578125 0.39792171875000004
vt 0.4140625 0.39792171875000004
vt 0.38828125 0.3671875
vt 0.3966546875 0.3671875
vt 0.3966546875 0.35546875
vt 0.38828125 0.35546875
vt 0.38828125 0.40625
vt 0.3966546875 0.40625
vt 0.3966546875 0.39453125
vt 0.38828125 0.39453125
vt 0.38828125 0.4046875
vt 0.3966546875 0.4046875
vt 0.3966546875 0.39792171875000004
vt 0.38828125 0.39792171875000004
vt 0.38671875 0.4046875
vt 0.3950921875 0.4046875
vt 0.3950921875 0.39792171875000004
vt 0.38671875 0.39792171875000004
vt 0.4296875 0.3984375
vt 0.4296875 0.40625
vt 0.375 0.40625
vt 0.375 0.3984375
vt 0.4375 0.3984375
vt 0.4375 0.40625
vt 0.3828125 0.40625
vt 0.3828125 0.3984375
vt 0.39453125 0.34375
vt 0.39453125 0.3984375
vt 0.38828125 0.3984375
vt 0.38828125 0.34375
vt 0.39453125 0.3515625
vt 0.39453125 0.40625
vt 0.38828125 0.40625
vt 0.38828125 0.3515625
vt 0.39453125 0.3984375
vt 0.39453125 0.40625
vt 0.38828125 0.40625
vt 0.38828125 0.3984375
vt 0.39296875 0.3984375
vt 0.39296875 0.40625
vt 0.38671875 0.40625
vt 0.38671875 0.3984375
vt 0.4296875 0.3984375
vt 0.4296875 0.40625
vt 0.375 0.40625
vt 0.375 0.3984375
vt 0.4375 0.3984375
vt 0.4375 0.40625
vt 0.3828125 0.40625
vt 0.3828125 0.3984375
vt 0.39453125 0.34375
vt 0.39453125 0.3984375
vt 0.38828125 0.3984375
vt 0.38828125 0.34375
vt 0.39453125 0.3515625
vt 0.39453125 0.40625
vt 0.38828125 0.40625
vt 0.38828125 0.3515625
vt 0.39453125 0.3984375
vt 0.39453125 0.40625
vt 0.38828125 0.40625
vt 0.38828125 0.3984375
vt 0.39296875 0.3984375
vt 0.39296875 0.40625
vt 0.38671875 0.40625
vt 0.38671875 0.3984375
vt 0.38671875 0.39792171875000004
vt 0.38671875 0.4046875
vt 0.375 0.4046875
vt 0.375 0.39792171875000004
vt 0.42578125 0.39792171875000004
vt 0.42578125 0.4046875
vt 0.4140625 0.4046875
vt 0.4140625 0.39792171875000004
vt 0.3966546875 0.35546875
vt 0.3966546875 0.3671875
vt 0.38828125 0.3671875
vt 0.38828125 0.35546875
vt 0.3966546875 0.39453125
vt 0.3966546875 0.40625
vt 0.38828125 0.40625
vt 0.38828125 0.39453125
vt 0.3966546875 0.39792171875000004
vt 0.3966546875 0.4046875
vt 0.38828125 0.4046875
vt 0.38828125 0.39792171875000004
vt 0.3950921875 0.39792171875000004
vt 0.3950921875 0.4046875
vt 0.38671875 0.4046875
vt 0.38671875 0.39792171875000004
vn 1 0 0
vn -1 0 0
vn 0 1 0
vn 0 -1 0
vn 0 0 1
vn 0 0 -1
vn -1 0 0
vn 0.7302021808350583 -0.683231128611486 0
vn 0.45270208702600107 0.8916618307420717 0
vn -0.5441284603357273 -0.8390019181460022 0
vn 0 0 1
vn 0.34107118781393525 -0.3191314114133182 -0.8842090177625055
vn -0.7630410817830638 0.6463499884051456 0
vn 0 -1 0
vn 0.9277190252466737 0.373279265691736 0
vn -0.8893953537766143 -0.457138824298015 0
vn 0 0 1
vn 0 -0.89672345270896 -0.44259128929715896
vn 0 1 0
vn 0 -1 0
vn 1 0 0
vn -1 0 0
vn 0 0 1
vn 0 -0.9175978655059549 -0.39750994606288226
vn 1 0 0
vn -0.7302021808350583 -0.683231128611486 0
vn -0.45270208702600107 0.8916618307420717 0
vn 0.5441284603357273 -0.8390019181460022 0
vn 0 0 1
vn -0.3410711878139353 -0.31913141141331813 -0.8842090177625055
vn 0.7630410817830638 0.6463499884051456 0
vn 0 -1 0
vn -0.9277190252466737 0.373279265691736 0
vn 0.8893953537766143 -0.457138824298015 0
vn 0 0 1
vn 0 -0.89672345270896 -0.4425912892971591
vn 0 1 0
vn 0 -1 0
vn -1 0 0
vn 1 0 0
vn 0 0 1
vn 0 -0.9175978655059549 -0.39750994606288226
usemtl m_3d215661-f591-00a8-53e2-d8d611c756be
f 1584/5281/1359 1582/5282/1359 1581/5283/1359 1583/5284/1359
f 1587/5285/1360 1585/5286/1360 1586/5287/1360 1588/5288/1360
f 1581/5289/1361 1582/5290/1361 1586/5291/1361 1585/5292/1361
f 1584/5293/1362 1583/5294/1362 1587/5295/1362 1588/5296/1362
f 1583/5297/1363 1581/5298/1363 1585/5299/1363 1587/5300/1363
f 1588/5301/1364 1586/5302/1364 1582/5303/1364 1584/5304/1364
f 1589/5305/1365 1590/5306/1365 1592/5307/1365 1591/5308/1365
f 1594/5309/1366 1593/5310/1366 1595/5311/1366 1596/5312/1366
f 1594/5313/1367 1590/5314/1367 1589/5315/1367 1593/5316/1367
f 1595/5317/1368 1591/5318/1368 1592/5319/1368 1596/5320/1368
f 1593/5321/1369 1589/5322/1369 1591/5323/1369 1595/5324/1369
f 1590/5325/1370 1594/5326/1370 1596/5327/1370 1592/5328/1370
f 1597/5329/1371 1598/5330/1371 1600/5331/1371 1599/5332/1371
f 1602/5333/1372 1601/5334/1372 1603/5335/1372 1604/5336/1372
f 1602/5337/1373 1598/5338/1373 1597/5339/1373 1601/5340/1373
f 1603/5341/1374 1599/5342/1374 1600/5343/1374 1604/5344/1374
f 1601/5345/1375 1597/5346/1375 1599/5347/1375 1603/5348/1375
f 1598/5349/1376 1602/5350/1376 1604/5351/1376 1600/5352/1376
f 1605/5353/1377 1606/5354/1377 1608/5355/1377 1607/5356/1377
f 1610/5357/1378 1609/5358/1378 1611/5359/1378 1612/5360/1378
f 1610/5361/1379 1606/5362/1379 1605/5363/1379 1609/5364/1379
f 1611/5365/1380 1607/5366/1380 1608/5367/1380 1612/5368/1380
f 1609/5369/1381 1605/5370/1381 1607/5371/1381 1611/5372/1381
f 1606/5373/1382 1610/5374/1382 1612/5375/1382 1608/5376/1382
f 1616/5377/1383 1614/5378/1383 1613/5379/1383 1615/5380/1383
f 1619/5381/1384 1617/5382/1384 1618/5383/1384 1620/5384/1384
f 1613/5385/1385 1614/5386/1385 1618/5387/1385 1617/5388/1385
f 1616/5389/1386 1615/5390/1386 1619/5391/1386 1620/5392/1386
f 1615/5393/1387 1613/5394/1387 1617/5395/1387 1619/5396/1387
f 1620/5397/1388 1618/5398/1388 1614/5399/1388 1616/5400/1388
f 1624/5401/1389 1622/5402/1389 1621/5403/1389 1623/5404/1389
f 1627/5405/1390 1625/5406/1390 1626/5407/1390 1628/5408/1390
f 1621/5409/1391 1622/5410/1391 1626/5411/1391 1625/5412/1391
f 1624/5413/1392 1623/5414/1392 1627/5415/1392 1628/5416/1392
f 1623/5417/1393 1621/5418/1393 1625/5419/1393 1627/5420/1393
f 1628/5421/1394 1626/5422/1394 1622/5423/1394 1624/5424/1394
f 1632/5425/1395 1630/5426/1395 1629/5427/1395 1631/5428/1395
f 1635/5429/1396 1633/5430/1396 1634/5431/1396 1636/5432/1396
f 1629/5433/1397 1630/5434/1397 1634/5435/1397 1633/5436/1397
f 1632/5437/1398 1631/5438/1398 1635/5439/1398 1636/5440/1398
f 1631/5441/1399 1629/5442/1399 1633/5443/1399 1635/5444/1399
f 1636/5445/1400 1634/5446/1400 1630/5447/1400 1632/5448/1400
o circle
v -0.21875 6.59375 -0.525
v -0.20409625 6.5390625 -0.525
v -0.17871625 6.55371625 -0.525
v -0.1640625 6.57909625 -0.525
v -0.1640625 6.60840375 -0.525
v -0.17871625 6.63378375 -0.525
v -0.20409625 6.6484375 -0.525
v -0.23340375 6.6484375 -0.525
v -0.25878375 6.63378375 -0.525
v -0.2734375 6.60840375 -0.525
v -0.2734375 6.57909625 -0.525
v -0.25878375 6.55371625 -0.525
v -0.23340375 6.5390625 -0.525
vt 0.21078125 0.79703125
vt 0.2421875 0.85140625
vt 0.125 0.8828125
vt 0.2421875 0.85140625
vt 0.2421875 0.91421875
vt 0.125 0.8828125
vt 0.2421875 0.91421875
vt 0.21078125 0.96859375
vt 0.125 0.8828125
vt 0.21078125 0.96859375
vt 0.15640625 1
vt 0.125 0.8828125
vt 0.15640625 1
vt 0.09359375 1
vt 0.125 0.8828125
vt 0.09359375 1
vt 0.03921875 0.96859375
vt 0.125 0.8828125
vt 0.03921875 0.96859375
vt 0.0078125 0.91421875
vt 0.125 0.8828125
vt 0.0078125 0.91421875
vt 0.0078125 0.85140625
vt 0.125 0.8828125
vt 0.0078125 0.85140625
vt 0.03921875 0.79703125
vt 0.125 0.8828125
vt 0.03921875 0.79703125
vt 0.09359375 0.765625
vt 0.125 0.8828125
vt 0.09359375 0.765625
vt 0.15640625 0.765625
vt 0.125 0.8828125
vt 0.15640625 0.765625
vt 0.21078125 0.79703125
vt 0.125 0.8828125
vn 0 2.220446049250313e-16 1
vn 0 2.220446049250313e-16 1
vn 0 2.220446049250313e-16 1
vn 0 2.220446049250313e-16 1
vn 0 2.220446049250313e-16 1
vn 0 2.220446049250313e-16 1
vn 0 2.220446049250313e-16 1
vn 0 2.220446049250313e-16 1
vn 0 2.220446049250313e-16 1
vn 0 2.220446049250313e-16 1
vn 0 2.220446049250313e-16 1
vn 0 2.220446049250313e-16 1
usemtl m_409504fd-f58c-4195-329e-2b61b82ac830
f 1639/5449/1401 1640/5450/1401 1637/5451/1401
f 1640/5452/1402 1641/5453/1402 1637/5454/1402
f 1641/5455/1403 1642/5456/1403 1637/5457/1403
f 1642/5458/1404 1643/5459/1404 1637/5460/1404
f 1643/5461/1405 1644/5462/1405 1637/5463/1405
f 1644/5464/1406 1645/5465/1406 1637/5466/1406
f 1645/5467/1407 1646/5468/1407 1637/5469/1407
f 1646/5470/1408 1647/5471/1408 1637/5472/1408
f 1647/5473/1409 1648/5474/1409 1637/5475/1409
f 1648/5476/1410 1649/5477/1410 1637/5478/1410
f 1649/5479/1411 1638/5480/1411 1637/5481/1411
f 1638/5482/1412 1639/5483/1412 1637/5484/1412
o tube
v -0.202003125 6.53125 -0.546875
v -0.202003125 6.53125 -0.484375
v -0.209785625 6.560295 -0.546875
v -0.209785625 6.560295 -0.484375
v -0.172996875 6.547996875 -0.546875
v -0.172996875 6.547996875 -0.484375
v -0.194259375 6.569259375 -0.546875
v -0.194259375 6.569259375 -0.484375
v -0.15625 6.577003125 -0.546875
v -0.15625 6.577003125 -0.484375
v -0.185295 6.584785625 -0.546875
v -0.185295 6.584785625 -0.484375
v -0.15625 6.610496875 -0.546875
v -0.15625 6.610496875 -0.484375
v -0.185295 6.602714375 -0.546875
v -0.185295 6.602714375 -0.484375
v -0.172996875 6.639503125 -0.546875
v -0.172996875 6.639503125 -0.484375
v -0.194259375 6.618240625 -0.546875
v -0.194259375 6.618240625 -0.484375
v -0.202003125 6.65625 -0.546875
v -0.202003125 6.65625 -0.484375
v -0.209785625 6.627205 -0.546875
v -0.209785625 6.627205 -0.484375
v -0.235496875 6.65625 -0.546875
v -0.235496875 6.65625 -0.484375
v -0.227714375 6.627205 -0.546875
v -0.227714375 6.627205 -0.484375
v -0.264503125 6.639503125 -0.546875
v -0.264503125 6.639503125 -0.484375
v -0.243240625 6.618240625 -0.546875
v -0.243240625 6.618240625 -0.484375
v -0.28125 6.610496875 -0.546875
v -0.28125 6.610496875 -0.484375
v -0.252205 6.602714375 -0.546875
v -0.252205 6.602714375 -0.484375
v -0.28125 6.577003125 -0.546875
v -0.28125 6.577003125 -0.484375
v -0.252205 6.584785625 -0.546875
v -0.252205 6.584785625 -0.484375
v -0.264503125 6.547996875 -0.546875
v -0.264503125 6.547996875 -0.484375
v -0.243240625 6.569259375 -0.546875
v -0.243240625 6.569259375 -0.484375
v -0.235496875 6.53125 -0.546875
v -0.235496875 6.53125 -0.484375
v -0.227714375 6.560295 -0.546875
v -0.227714375 6.560295 -0.484375
vt 0.28125 0.34375
vt 0.289621875 0.34375
vt 0.289621875 0.359375
vt 0.28125 0.359375
vt 0.28573125 0.359375
vt 0.28125 0.359375
vt 0.28125 0.34375
vt 0.28573125 0.34375
vt 0.28125 0.35742734374999996
vt 0.28125 0.35294499999999995
vt 0.28851390625 0.35100062499999996
vt 0.2885103125 0.359375
vt 0.28125 0.35211187499999996
vt 0.289624375 0.35211187499999996
vt 0.287676875 0.359375
vt 0.28319453125 0.35937312499999996
vt 0.28125 0.34375
vt 0.289621875 0.34375
vt 0.289621875 0.359375
vt 0.28125 0.359375
vt 0.28573125 0.359375
vt 0.28125 0.359375
vt 0.28125 0.34375
vt 0.28573125 0.34375
vt 0.28125 0.357430625
vt 0.28125 0.35294828125
vt 0.2885103125 0.35100062499999996
vt 0.28851390625 0.359375
vt 0.28125 0.35211187499999996
vt 0.289624375 0.35211187499999996
vt 0.28767984375 0.35937312499999996
vt 0.2831975 0.359375
vt 0.28125 0.34375
vt 0.289621875 0.34375
vt 0.289621875 0.359375
vt 0.28125 0.359375
vt 0.28573125 0.359375
vt 0.28125 0.359375
vt 0.28125 0.34375
vt 0.28573125 0.34375
vt 0.28125 0.35742968750000004
vt 0.28125 0.35294843750000005
vt 0.2885109375 0.35100312499999997
vt 0.2885109375 0.359375
vt 0.2885109375 0.35100312499999997
vt 0.2885109375 0.359375
vt 0.28125 0.35742968750000004
vt 0.28125 0.35294843750000005
vt 0.28125 0.34375
vt 0.289621875 0.34375
vt 0.289621875 0.359375
vt 0.28125 0.359375
vt 0.28573125 0.359375
vt 0.28125 0.359375
vt 0.28125 0.34375
vt 0.28573125 0.34375
vt 0.28767671875 0.359375
vt 0.283194375 0.359375
vt 0.28125 0.35211109375000005
vt 0.289624375 0.35211468749999997
vt 0.288513125 0.35100062499999996
vt 0.288513125 0.359375
vt 0.28125 0.3574275
vt 0.281251875 0.35294515625
vt 0.28125 0.34375
vt 0.289621875 0.34375
vt 0.289621875 0.359375
vt 0.28125 0.359375
vt 0.28573125 0.359375
vt 0.28125 0.359375
vt 0.28125 0.34375
vt 0.28573125 0.34375
vt 0.28768 0.359375
vt 0.28319765625 0.359375
vt 0.28125 0.35211468749999997
vt 0.289624375 0.35211109375000005
vt 0.288513125 0.35100062499999996
vt 0.288513125 0.359375
vt 0.281251875 0.35743046874999995
vt 0.28125 0.35294812499999995
vt 0.28125 0.34375
vt 0.289621875 0.34375
vt 0.289621875 0.359375
vt 0.28125 0.359375
vt 0.28573125 0.359375
vt 0.28125 0.359375
vt 0.28125 0.34375
vt 0.28573125 0.34375
vt 0.2876765625 0.359375
vt 0.2831953125 0.359375
vt 0.28125 0.3521140625
vt 0.289621875 0.3521140625
vt 0.289621875 0.359375
vt 0.28125 0.359375
vt 0.2831953125 0.3521140625
vt 0.2876765625 0.3521140625
vt 0.28125 0.34375
vt 0.289621875 0.34375
vt 0.289621875 0.359375
vt 0.28125 0.359375
vt 0.28573125 0.359375
vt 0.28125 0.359375
vt 0.28125 0.34375
vt 0.28573125 0.34375
vt 0.28851390625 0.35294828125
vt 0.28851390625 0.357430625
vt 0.28125 0.359375
vt 0.28125359375 0.35100062499999996
vt 0.289624375 0.359375
vt 0.28125 0.359375
vt 0.2831975 0.35211187499999996
vt 0.28767984375 0.35211390625000005
vt 0.28125 0.34375
vt 0.289621875 0.34375
vt 0.289621875 0.359375
vt 0.28125 0.359375
vt 0.28573125 0.359375
vt 0.28125 0.359375
vt 0.28125 0.34375
vt 0.28573125 0.34375
vt 0.28851390625 0.35294499999999995
vt 0.28851390625 0.35742734374999996
vt 0.28125359375 0.359375
vt 0.28125 0.35100062499999996
vt 0.289624375 0.359375
vt 0.28125 0.359375
vt 0.28319453125 0.35211390625000005
vt 0.287676875 0.35211187499999996
vt 0.28125 0.34375
vt 0.289621875 0.34375
vt 0.289621875 0.359375
vt 0.28125 0.359375
vt 0.28573125 0.359375
vt 0.28125 0.359375
vt 0.28125 0.34375
vt 0.28573125 0.34375
vt 0.2885109375 0.35294843750000005
vt 0.2885109375 0.35742968750000004
vt 0.28125 0.359375
vt 0.28125 0.35100312499999997
vt 0.28125 0.359375
vt 0.28125 0.35100312499999997
vt 0.2885109375 0.35294843750000005
vt 0.2885109375 0.35742968750000004
vt 0.28125 0.34375
vt 0.289621875 0.34375
vt 0.289621875 0.359375
vt 0.28125 0.359375
vt 0.28573125 0.359375
vt 0.28125 0.359375
vt 0.28125 0.34375
vt 0.28573125 0.34375
vt 0.28319765625 0.35211109375000005
vt 0.28768 0.35211109375000005
vt 0.289624375 0.359375
vt 0.28125 0.35937140624999997
vt 0.28125 0.359375
vt 0.28125 0.35100062499999996
vt 0.288513125 0.35294812499999995
vt 0.28851109375 0.35743046874999995
vt 0.28125 0.34375
vt 0.289621875 0.34375
vt 0.289621875 0.359375
vt 0.28125 0.359375
vt 0.28573125 0.359375
vt 0.28125 0.359375
vt 0.28125 0.34375
vt 0.28573125 0.34375
vt 0.283194375 0.35211109375000005
vt 0.28767671875 0.35211109375000005
vt 0.289624375 0.35937140624999997
vt 0.28125 0.359375
vt 0.28125 0.359375
vt 0.28125 0.35100062499999996
vt 0.28851109375 0.35294515625
vt 0.288513125 0.3574275
vt 0.28125 0.34375
vt 0.289621875 0.34375
vt 0.289621875 0.359375
vt 0.28125 0.359375
vt 0.28573125 0.359375
vt 0.28125 0.359375
vt 0.28125 0.34375
vt 0.28573125 0.34375
vt 0.2831953125 0.3521140625
vt 0.2876765625 0.3521140625
vt 0.289621875 0.359375
vt 0.28125 0.359375
vt 0.28125 0.3521140625
vt 0.289621875 0.3521140625
vt 0.2876765625 0.359375
vt 0.2831953125 0.359375
vn 0.5000024352623959 -0.8660239977804736 1.9229595644276144e-16
vn -0.5000121476207339 0.8660183902387416 -1.9229471131837297e-16
vn 0 -2.220446049250313e-16 -1
vn 0 2.220446049250313e-16 1
vn 0.8660239977804736 -0.5000024352623959 1.1102284319939223e-16
vn -0.8660183902387416 0.5000121476207339 -1.1102499977616229e-16
vn 0 -2.220446049250313e-16 -1
vn 0 2.220446049250313e-16 1
vn 1 0 0
vn -1 0 0
vn 0 -2.220446049250313e-16 -1
vn 0 2.220446049250313e-16 1
vn 0.8660239977804736 0.5000024352623959 -1.1102284319939223e-16
vn -0.8660183902387416 -0.5000121476207339 1.1102499977616229e-16
vn 0 -2.220446049250313e-16 -1
vn 0 2.220446049250313e-16 1
vn 0.5000024352623959 0.8660239977804736 -1.9229595644276144e-16
vn -0.5000121476207339 -0.8660183902387416 1.9229471131837297e-16
vn 0 -2.220446049250313e-16 -1
vn 0 2.220446049250313e-16 1
vn 0 1 -2.220446049250313e-16
vn 0 -1 2.220446049250313e-16
vn 0 -2.220446049250313e-16 -1
vn 0 2.220446049250313e-16 1
vn -0.5000024352623959 0.8660239977804736 -1.9229595644276144e-16
vn 0.5000121476207339 -0.8660183902387416 1.9229471131837297e-16
vn 0 -2.220446049250313e-16 -1
vn 0 2.220446049250313e-16 1
vn -0.8660239977804736 0.5000024352623959 -1.1102284319939223e-16
vn 0.8660183902387416 -0.5000121476207339 1.1102499977616229e-16
vn 0 -2.220446049250313e-16 -1
vn 0 2.220446049250313e-16 1
vn -1 0 0
vn 1 0 0
vn 0 -2.220446049250313e-16 -1
vn 0 2.220446049250313e-16 1
vn -0.8660239977804736 -0.5000024352623959 1.1102284319939223e-16
vn 0.8660183902387416 0.5000121476207339 -1.1102499977616229e-16
vn 0 -2.220446049250313e-16 -1
vn 0 2.220446049250313e-16 1
vn -0.5000024352623959 -0.8660239977804736 1.9229595644276144e-16
vn 0.5000121476207339 0.8660183902387416 -1.9229471131837297e-16
vn 0 -2.220446049250313e-16 -1
vn 0 2.220446049250313e-16 1
vn 0 -1 2.220446049250313e-16
vn 0 1 -2.220446049250313e-16
vn 0 -2.220446049250313e-16 -1
vn 0 2.220446049250313e-16 1
usemtl m_3d215661-f591-00a8-53e2-d8d611c756be
f 1650/5485/1413 1654/5486/1413 1655/5487/1413 1651/5488/1413
f 1653/5489/1414 1657/5490/1414 1656/5491/1414 1652/5492/1414
f 1652/5493/1415 1656/5494/1415 1654/5495/1415 1650/5496/1415
f 1651/5497/1416 1655/5498/1416 1657/5499/1416 1653/5500/1416
f 1654/5501/1417 1658/5502/1417 1659/5503/1417 1655/5504/1417
f 1657/5505/1418 1661/5506/1418 1660/5507/1418 1656/5508/1418
f 1656/5509/1419 1660/5510/1419 1658/5511/1419 1654/5512/1419
f 1655/5513/1420 1659/5514/1420 1661/5515/1420 1657/5516/1420
f 1658/5517/1421 1662/5518/1421 1663/5519/1421 1659/5520/1421
f 1661/5521/1422 1665/5522/1422 1664/5523/1422 1660/5524/1422
f 1660/5525/1423 1664/5526/1423 1662/5527/1423 1658/5528/1423
f 1659/5529/1424 1663/5530/1424 1665/5531/1424 1661/5532/1424
f 1662/5533/1425 1666/5534/1425 1667/5535/1425 1663/5536/1425
f 1665/5537/1426 1669/5538/1426 1668/5539/1426 1664/5540/1426
f 1664/5541/1427 1668/5542/1427 1666/5543/1427 1662/5544/1427
f 1663/5545/1428 1667/5546/1428 1669/5547/1428 1665/5548/1428
f 1666/5549/1429 1670/5550/1429 1671/5551/1429 1667/5552/1429
f 1669/5553/1430 1673/5554/1430 1672/5555/1430 1668/5556/1430
f 1668/5557/1431 1672/5558/1431 1670/5559/1431 1666/5560/1431
f 1667/5561/1432 1671/5562/1432 1673/5563/1432 1669/5564/1432
f 1670/5565/1433 1674/5566/1433 1675/5567/1433 1671/5568/1433
f 1673/5569/1434 1677/5570/1434 1676/5571/1434 1672/5572/1434
f 1672/5573/1435 1676/5574/1435 1674/5575/1435 1670/5576/1435
f 1671/5577/1436 1675/5578/1436 1677/5579/1436 1673/5580/1436
f 1674/5581/1437 1678/5582/1437 1679/5583/1437 1675/5584/1437
f 1677/5585/1438 1681/5586/1438 1680/5587/1438 1676/5588/1438
f 1676/5589/1439 1680/5590/1439 1678/5591/1439 1674/5592/1439
f 1675/5593/1440 1679/5594/1440 1681/5595/1440 1677/5596/1440
f 1678/5597/1441 1682/5598/1441 1683/5599/1441 1679/5600/1441
f 1681/5601/1442 1685/5602/1442 1684/5603/1442 1680/5604/1442
f 1680/5605/1443 1684/5606/1443 1682/5607/1443 1678/5608/1443
f 1679/5609/1444 1683/5610/1444 1685/5611/1444 1681/5612/1444
f 1682/5613/1445 1686/5614/1445 1687/5615/1445 1683/5616/1445
f 1685/5617/1446 1689/5618/1446 1688/5619/1446 1684/5620/1446
f 1684/5621/1447 1688/5622/1447 1686/5623/1447 1682/5624/1447
f 1683/5625/1448 1687/5626/1448 1689/5627/1448 1685/5628/1448
f 1686/5629/1449 1690/5630/1449 1691/5631/1449 1687/5632/1449
f 1689/5633/1450 1693/5634/1450 1692/5635/1450 1688/5636/1450
f 1688/5637/1451 1692/5638/1451 1690/5639/1451 1686/5640/1451
f 1687/5641/1452 1691/5642/1452 1693/5643/1452 1689/5644/1452
f 1690/5645/1453 1694/5646/1453 1695/5647/1453 1691/5648/1453
f 1693/5649/1454 1697/5650/1454 1696/5651/1454 1692/5652/1454
f 1692/5653/1455 1696/5654/1455 1694/5655/1455 1690/5656/1455
f 1691/5657/1456 1695/5658/1456 1697/5659/1456 1693/5660/1456
f 1694/5661/1457 1650/5662/1457 1651/5663/1457 1695/5664/1457
f 1697/5665/1458 1653/5666/1458 1652/5667/1458 1696/5668/1458
f 1696/5669/1459 1652/5670/1459 1650/5671/1459 1694/5672/1459
f 1695/5673/1460 1651/5674/1460 1653/5675/1460 1697/5676/1460
o cube
v -0.2056025 6.664533125 -0.4765625
v -0.2056025 6.664533125 -0.7265625
v -0.2056025 6.6406675 -0.4765625
v -0.2056025 6.6406675 -0.7265625
v -0.2318975 6.664533125 -0.4765625
v -0.2318975 6.664533125 -0.7265625
v -0.2318975 6.6406675 -0.4765625
v -0.2318975 6.6406675 -0.7265625
v -0.2056025 6.664533125 -0.4765625
v -0.2056025 6.664533125 -0.7265625
v -0.2056025 6.6406675 -0.4765625
v -0.2056025 6.6406675 -0.7265625
v -0.165658125 6.644253125 -0.4765625
v -0.165658125 6.644253125 -0.703835
v -0.18283125 6.6258993749999995 -0.4765625
v -0.18283125 6.6258993749999995 -0.703835
v -0.16649125 6.645189375 -0.4765625
v -0.16649125 6.645189375 -0.703835
v -0.18283125 6.6258993749999995 -0.4765625
v -0.18283125 6.6258993749999995 -0.703835
v -0.1484375 6.60032 -0.4765625
v -0.1484375 6.60032 -0.61292625
v -0.16968375 6.60032 -0.4765625
v -0.16968375 6.60032 -0.61292625
v -0.1484375 6.60032 -0.4765625
v -0.1484375 6.60032 -0.61292625
v -0.16968375 6.60032 -0.4765625
v -0.16968375 6.60032 -0.61292625
v -0.1484375 6.570783125 -0.4765625
v -0.1484375 6.570783125 -0.544744375
v -0.16968375 6.570783125 -0.4765625
v -0.16968375 6.570783125 -0.544744375
v -0.2318975 6.664533125 -0.4765625
v -0.2318975 6.664533125 -0.7265625
v -0.2318975 6.6406675 -0.4765625
v -0.2318975 6.6406675 -0.7265625
v -0.271841875 6.644253125 -0.4765625
v -0.271841875 6.644253125 -0.703835
v -0.25466875 6.6258993749999995 -0.4765625
v -0.25466875 6.6258993749999995 -0.703835
v -0.27100875 6.645189375 -0.4765625
v -0.27100875 6.645189375 -0.703835
v -0.25466875 6.6258993749999995 -0.4765625
v -0.25466875 6.6258993749999995 -0.703835
v -0.2890625 6.60032 -0.4765625
v -0.2890625 6.60032 -0.61292625
v -0.26781625 6.60032 -0.4765625
v -0.26781625 6.60032 -0.61292625
v -0.2890625 6.60032 -0.4765625
v -0.2890625 6.60032 -0.61292625
v -0.26781625 6.60032 -0.4765625
v -0.26781625 6.60032 -0.61292625
v -0.2890625 6.570783125 -0.4765625
v -0.2890625 6.570783125 -0.544744375
v -0.26781625 6.570783125 -0.4765625
v -0.26781625 6.570783125 -0.544744375
vt 0.41796875 0.3984375
vt 0.41796875 0.4046875
vt 0.375 0.4046875
vt 0.375 0.3984375
vt 0.42578125 0.3984375
vt 0.42578125 0.4046875
vt 0.3828125 0.4046875
vt 0.3828125 0.3984375
vt 0.3966546875 0.35546875
vt 0.3966546875 0.3984375
vt 0.38828125 0.3984375
vt 0.38828125 0.35546875
vt 0.3966546875 0.36328125
vt 0.3966546875 0.40625
vt 0.38828125 0.40625
vt 0.38828125 0.36328125
vt 0.3966546875 0.3984375
vt 0.3966546875 0.4046875
vt 0.38828125 0.4046875
vt 0.38828125 0.3984375
vt 0.3950921875 0.3984375
vt 0.3950921875 0.4046875
vt 0.38671875 0.4046875
vt 0.38671875 0.3984375
vt 0.375 0.40625
vt 0.4296875 0.40625
vt 0.4296875 0.3984375
vt 0.375 0.3984375
vt 0.3828125 0.40625
vt 0.4375 0.40625
vt 0.4375 0.3984375
vt 0.3828125 0.3984375
vt 0.38828125 0.3984375
vt 0.39453125 0.3984375
vt 0.39453125 0.34375
vt 0.38828125 0.34375
vt 0.38828125 0.40625
vt 0.39453125 0.40625
vt 0.39453125 0.3515625
vt 0.38828125 0.3515625
vt 0.38828125 0.40625
vt 0.39453125 0.40625
vt 0.39453125 0.3984375
vt 0.38828125 0.3984375
vt 0.38671875 0.40625
vt 0.39296875 0.40625
vt 0.39296875 0.3984375
vt 0.38671875 0.3984375
vt 0.375 0.40625
vt 0.4296875 0.40625
vt 0.4296875 0.3984375
vt 0.375 0.3984375
vt 0.3828125 0.40625
vt 0.4375 0.40625
vt 0.4375 0.3984375
vt 0.3828125 0.3984375
vt 0.38828125 0.3984375
vt 0.39453125 0.3984375
vt 0.39453125 0.34375
vt 0.38828125 0.34375
vt 0.38828125 0.40625
vt 0.39453125 0.40625
vt 0.39453125 0.3515625
vt 0.38828125 0.3515625
vt 0.38828125 0.40625
vt 0.39453125 0.40625
vt 0.39453125 0.3984375
vt 0.38828125 0.3984375
vt 0.38671875 0.40625
vt 0.39296875 0.40625
vt 0.39296875 0.3984375
vt 0.38671875 0.3984375
vt 0.375 0.4046875
vt 0.38671875 0.4046875
vt 0.38671875 0.39792171875000004
vt 0.375 0.39792171875000004
vt 0.4140625 0.4046875
vt 0.42578125 0.4046875
vt 0.42578125 0.39792171875000004
vt 0.4140625 0.39792171875000004
vt 0.38828125 0.3671875
vt 0.3966546875 0.3671875
vt 0.3966546875 0.35546875
vt 0.38828125 0.35546875
vt 0.38828125 0.40625
vt 0.3966546875 0.40625
vt 0.3966546875 0.39453125
vt 0.38828125 0.39453125
vt 0.38828125 0.4046875
vt 0.3966546875 0.4046875
vt 0.3966546875 0.39792171875000004
vt 0.38828125 0.39792171875000004
vt 0.38671875 0.4046875
vt 0.3950921875 0.4046875
vt 0.3950921875 0.39792171875000004
vt 0.38671875 0.39792171875000004
vt 0.4296875 0.3984375
vt 0.4296875 0.40625
vt 0.375 0.40625
vt 0.375 0.3984375
vt 0.4375 0.3984375
vt 0.4375 0.40625
vt 0.3828125 0.40625
vt 0.3828125 0.3984375
vt 0.39453125 0.34375
vt 0.39453125 0.3984375
vt 0.38828125 0.3984375
vt 0.38828125 0.34375
vt 0.39453125 0.3515625
vt 0.39453125 0.40625
vt 0.38828125 0.40625
vt 0.38828125 0.3515625
vt 0.39453125 0.3984375
vt 0.39453125 0.40625
vt 0.38828125 0.40625
vt 0.38828125 0.3984375
vt 0.39296875 0.3984375
vt 0.39296875 0.40625
vt 0.38671875 0.40625
vt 0.38671875 0.3984375
vt 0.4296875 0.3984375
vt 0.4296875 0.40625
vt 0.375 0.40625
vt 0.375 0.3984375
vt 0.4375 0.3984375
vt 0.4375 0.40625
vt 0.3828125 0.40625
vt 0.3828125 0.3984375
vt 0.39453125 0.34375
vt 0.39453125 0.3984375
vt 0.38828125 0.3984375
vt 0.38828125 0.34375
vt 0.39453125 0.3515625
vt 0.39453125 0.40625
vt 0.38828125 0.40625
vt 0.38828125 0.3515625
vt 0.39453125 0.3984375
vt 0.39453125 0.40625
vt 0.38828125 0.40625
vt 0.38828125 0.3984375
vt 0.39296875 0.3984375
vt 0.39296875 0.40625
vt 0.38671875 0.40625
vt 0.38671875 0.3984375
vt 0.38671875 0.39792171875000004
vt 0.38671875 0.4046875
vt 0.375 0.4046875
vt 0.375 0.39792171875000004
vt 0.42578125 0.39792171875000004
vt 0.42578125 0.4046875
vt 0.4140625 0.4046875
vt 0.4140625 0.39792171875000004
vt 0.3966546875 0.35546875
vt 0.3966546875 0.3671875
vt 0.38828125 0.3671875
vt 0.38828125 0.35546875
vt 0.3966546875 0.39453125
vt 0.3966546875 0.40625
vt 0.38828125 0.40625
vt 0.38828125 0.39453125
vt 0.3966546875 0.39792171875000004
vt 0.3966546875 0.4046875
vt 0.38828125 0.4046875
vt 0.38828125 0.39792171875000004
vt 0.3950921875 0.39792171875000004
vt 0.3950921875 0.4046875
vt 0.38671875 0.4046875
vt 0.38671875 0.39792171875000004
vn 1 0 0
vn -1 0 0
vn 0 1 0
vn 0 -1 0
vn 0 0 1
vn 0 0 -1
vn -1 0 0
vn 0.7302021808350583 -0.683231128611486 0
vn 0.45270208702600107 0.8916618307420717 0
vn -0.5441284603357273 -0.8390019181460022 0
vn 0 0 1
vn 0.34107118781393525 -0.3191314114133182 -0.8842090177625055
vn -0.7630410817830638 0.6463499884051456 0
vn 0 -1 0
vn 0.9277190252466737 0.373279265691736 0
vn -0.8893953537766143 -0.457138824298015 0
vn 0 0 1
vn 0 -0.89672345270896 -0.44259128929715896
vn 0 1 0
vn 0 -1 0
vn 1 0 0
vn -1 0 0
vn 0 0 1
vn 0 -0.9175978655059549 -0.39750994606288226
vn 1 0 0
vn -0.7302021808350583 -0.683231128611486 0
vn -0.45270208702600107 0.8916618307420717 0
vn 0.5441284603357273 -0.8390019181460022 0
vn 0 0 1
vn -0.3410711878139353 -0.31913141141331813 -0.8842090177625055
vn 0.7630410817830638 0.6463499884051456 0
vn 0 -1 0
vn -0.9277190252466737 0.373279265691736 0
vn 0.8893953537766143 -0.457138824298015 0
vn 0 0 1
vn 0 -0.89672345270896 -0.4425912892971591
vn 0 1 0
vn 0 -1 0
vn -1 0 0
vn 1 0 0
vn 0 0 1
vn 0 -0.9175978655059549 -0.39750994606288226
usemtl m_3d215661-f591-00a8-53e2-d8d611c756be
f 1701/5677/1461 1699/5678/1461 1698/5679/1461 1700/5680/1461
f 1704/5681/1462 1702/5682/1462 1703/5683/1462 1705/5684/1462
f 1698/5685/1463 1699/5686/1463 1703/5687/1463 1702/5688/1463
f 1701/5689/1464 1700/5690/1464 1704/5691/1464 1705/5692/1464
f 1700/5693/1465 1698/5694/1465 1702/5695/1465 1704/5696/1465
f 1705/5697/1466 1703/5698/1466 1699/5699/1466 1701/5700/1466
f 1706/5701/1467 1707/5702/1467 1709/5703/1467 1708/5704/1467
f 1711/5705/1468 1710/5706/1468 1712/5707/1468 1713/5708/1468
f 1711/5709/1469 1707/5710/1469 1706/5711/1469 1710/5712/1469
f 1712/5713/1470 1708/5714/1470 1709/5715/1470 1713/5716/1470
f 1710/5717/1471 1706/5718/1471 1708/5719/1471 1712/5720/1471
f 1707/5721/1472 1711/5722/1472 1713/5723/1472 1709/5724/1472
f 1714/5725/1473 1715/5726/1473 1717/5727/1473 1716/5728/1473
f 1719/5729/1474 1718/5730/1474 1720/5731/1474 1721/5732/1474
f 1719/5733/1475 1715/5734/1475 1714/5735/1475 1718/5736/1475
f 1720/5737/1476 1716/5738/1476 1717/5739/1476 1721/5740/1476
f 1718/5741/1477 1714/5742/1477 1716/5743/1477 1720/5744/1477
f 1715/5745/1478 1719/5746/1478 1721/5747/1478 1717/5748/1478
f 1722/5749/1479 1723/5750/1479 1725/5751/1479 1724/5752/1479
f 1727/5753/1480 1726/5754/1480 1728/5755/1480 1729/5756/1480
f 1727/5757/1481 1723/5758/1481 1722/5759/1481 1726/5760/1481
f 1728/5761/1482 1724/5762/1482 1725/5763/1482 1729/5764/1482
f 1726/5765/1483 1722/5766/1483 1724/5767/1483 1728/5768/1483
f 1723/5769/1484 1727/5770/1484 1729/5771/1484 1725/5772/1484
f 1733/5773/1485 1731/5774/1485 1730/5775/1485 1732/5776/1485
f 1736/5777/1486 1734/5778/1486 1735/5779/1486 1737/5780/1486
f 1730/5781/1487 1731/5782/1487 1735/5783/1487 1734/5784/1487
f 1733/5785/1488 1732/5786/1488 1736/5787/1488 1737/5788/1488
f 1732/5789/1489 1730/5790/1489 1734/5791/1489 1736/5792/1489
f 1737/5793/1490 1735/5794/1490 1731/5795/1490 1733/5796/1490
f 1741/5797/1491 1739/5798/1491 1738/5799/1491 1740/5800/1491
f 1744/5801/1492 1742/5802/1492 1743/5803/1492 1745/5804/1492
f 1738/5805/1493 1739/5806/1493 1743/5807/1493 1742/5808/1493
f 1741/5809/1494 1740/5810/1494 1744/5811/1494 1745/5812/1494
f 1740/5813/1495 1738/5814/1495 1742/5815/1495 1744/5816/1495
f 1745/5817/1496 1743/5818/1496 1739/5819/1496 1741/5820/1496
f 1749/5821/1497 1747/5822/1497 1746/5823/1497 1748/5824/1497
f 1752/5825/1498 1750/5826/1498 1751/5827/1498 1753/5828/1498
f 1746/5829/1499 1747/5830/1499 1751/5831/1499 1750/5832/1499
f 1749/5833/1500 1748/5834/1500 1752/5835/1500 1753/5836/1500
f 1748/5837/1501 1746/5838/1501 1750/5839/1501 1752/5840/1501
f 1753/5841/1502 1751/5842/1502 1747/5843/1502 1749/5844/1502
o circle
v 0 6.59375 -0.525
v 0.01465375 6.5390625 -0.525
v 0.04003375 6.55371625 -0.525
v 0.0546875 6.57909625 -0.525
v 0.0546875 6.60840375 -0.525
v 0.04003375 6.63378375 -0.525
v 0.01465375 6.6484375 -0.525
v -0.01465375 6.6484375 -0.525
v -0.04003375 6.63378375 -0.525
v -0.0546875 6.60840375 -0.525
v -0.0546875 6.57909625 -0.525
v -0.04003375 6.55371625 -0.525
v -0.01465375 6.5390625 -0.525
vt 0.21078125 0.79703125
vt 0.2421875 0.85140625
vt 0.125 0.8828125
vt 0.2421875 0.85140625
vt 0.2421875 0.91421875
vt 0.125 0.8828125
vt 0.2421875 0.91421875
vt 0.21078125 0.96859375
vt 0.125 0.8828125
vt 0.21078125 0.96859375
vt 0.15640625 1
vt 0.125 0.8828125
vt 0.15640625 1
vt 0.09359375 1
vt 0.125 0.8828125
vt 0.09359375 1
vt 0.03921875 0.96859375
vt 0.125 0.8828125
vt 0.03921875 0.96859375
vt 0.0078125 0.91421875
vt 0.125 0.8828125
vt 0.0078125 0.91421875
vt 0.0078125 0.85140625
vt 0.125 0.8828125
vt 0.0078125 0.85140625
vt 0.03921875 0.79703125
vt 0.125 0.8828125
vt 0.03921875 0.79703125
vt 0.09359375 0.765625
vt 0.125 0.8828125
vt 0.09359375 0.765625
vt 0.15640625 0.765625
vt 0.125 0.8828125
vt 0.15640625 0.765625
vt 0.21078125 0.79703125
vt 0.125 0.8828125
vn 0 2.220446049250313e-16 1
vn 0 2.220446049250313e-16 1
vn 0 2.220446049250313e-16 1
vn 0 2.220446049250313e-16 1
vn 0 2.220446049250313e-16 1
vn 0 2.220446049250313e-16 1
vn 0 2.220446049250313e-16 1
vn 0 2.220446049250313e-16 1
vn 0 2.220446049250313e-16 1
vn 0 2.220446049250313e-16 1
vn 0 2.220446049250313e-16 1
vn 0 2.220446049250313e-16 1
usemtl m_409504fd-f58c-4195-329e-2b61b82ac830
f 1756/5845/1503 1757/5846/1503 1754/5847/1503
f 1757/5848/1504 1758/5849/1504 1754/5850/1504
f 1758/5851/1505 1759/5852/1505 1754/5853/1505
f 1759/5854/1506 1760/5855/1506 1754/5856/1506
f 1760/5857/1507 1761/5858/1507 1754/5859/1507
f 1761/5860/1508 1762/5861/1508 1754/5862/1508
f 1762/5863/1509 1763/5864/1509 1754/5865/1509
f 1763/5866/1510 1764/5867/1510 1754/5868/1510
f 1764/5869/1511 1765/5870/1511 1754/5871/1511
f 1765/5872/1512 1766/5873/1512 1754/5874/1512
f 1766/5875/1513 1755/5876/1513 1754/5877/1513
f 1755/5878/1514 1756/5879/1514 1754/5880/1514
o tube
v 0.016746875 6.53125 -0.546875
v 0.016746875 6.53125 -0.484375
v 0.008964375 6.560295 -0.546875
v 0.008964375 6.560295 -0.484375
v 0.045753125 6.547996875 -0.546875
v 0.045753125 6.547996875 -0.484375
v 0.024490625 6.569259375 -0.546875
v 0.024490625 6.569259375 -0.484375
v 0.0625 6.577003125 -0.546875
v 0.0625 6.577003125 -0.484375
v 0.033455 6.584785625 -0.546875
v 0.033455 6.584785625 -0.484375
v 0.0625 6.610496875 -0.546875
v 0.0625 6.610496875 -0.484375
v 0.033455 6.602714375 -0.546875
v 0.033455 6.602714375 -0.484375
v 0.045753125 6.639503125 -0.546875
v 0.045753125 6.639503125 -0.484375
v 0.024490625 6.618240625 -0.546875
v 0.024490625 6.618240625 -0.484375
v 0.016746875 6.65625 -0.546875
v 0.016746875 6.65625 -0.484375
v 0.008964375 6.627205 -0.546875
v 0.008964375 6.627205 -0.484375
v -0.016746875 6.65625 -0.546875
v -0.016746875 6.65625 -0.484375
v -0.008964375 6.627205 -0.546875
v -0.008964375 6.627205 -0.484375
v -0.045753125 6.639503125 -0.546875
v -0.045753125 6.639503125 -0.484375
v -0.024490625 6.618240625 -0.546875
v -0.024490625 6.618240625 -0.484375
v -0.0625 6.610496875 -0.546875
v -0.0625 6.610496875 -0.484375
v -0.033455 6.602714375 -0.546875
v -0.033455 6.602714375 -0.484375
v -0.0625 6.577003125 -0.546875
v -0.0625 6.577003125 -0.484375
v -0.033455 6.584785625 -0.546875
v -0.033455 6.584785625 -0.484375
v -0.045753125 6.547996875 -0.546875
v -0.045753125 6.547996875 -0.484375
v -0.024490625 6.569259375 -0.546875
v -0.024490625 6.569259375 -0.484375
v -0.016746875 6.53125 -0.546875
v -0.016746875 6.53125 -0.484375
v -0.008964375 6.560295 -0.546875
v -0.008964375 6.560295 -0.484375
vt 0.28125 0.34375
vt 0.289621875 0.34375
vt 0.289621875 0.359375
vt 0.28125 0.359375
vt 0.28573125 0.359375
vt 0.28125 0.359375
vt 0.28125 0.34375
vt 0.28573125 0.34375
vt 0.28125 0.35742734374999996
vt 0.28125 0.35294499999999995
vt 0.28851390625 0.35100062499999996
vt 0.2885103125 0.359375
vt 0.28125 0.35211187499999996
vt 0.289624375 0.35211187499999996
vt 0.287676875 0.359375
vt 0.28319453125 0.35937312499999996
vt 0.28125 0.34375
vt 0.289621875 0.34375
vt 0.289621875 0.359375
vt 0.28125 0.359375
vt 0.28573125 0.359375
vt 0.28125 0.359375
vt 0.28125 0.34375
vt 0.28573125 0.34375
vt 0.28125 0.357430625
vt 0.28125 0.35294828125
vt 0.2885103125 0.35100062499999996
vt 0.28851390625 0.359375
vt 0.28125 0.35211187499999996
vt 0.289624375 0.35211187499999996
vt 0.28767984375 0.35937312499999996
vt 0.2831975 0.359375
vt 0.28125 0.34375
vt 0.289621875 0.34375
vt 0.289621875 0.359375
vt 0.28125 0.359375
vt 0.28573125 0.359375
vt 0.28125 0.359375
vt 0.28125 0.34375
vt 0.28573125 0.34375
vt 0.28125 0.35742968750000004
vt 0.28125 0.35294843750000005
vt 0.2885109375 0.35100312499999997
vt 0.2885109375 0.359375
vt 0.2885109375 0.35100312499999997
vt 0.2885109375 0.359375
vt 0.28125 0.35742968750000004
vt 0.28125 0.35294843750000005
vt 0.28125 0.34375
vt 0.289621875 0.34375
vt 0.289621875 0.359375
vt 0.28125 0.359375
vt 0.28573125 0.359375
vt 0.28125 0.359375
vt 0.28125 0.34375
vt 0.28573125 0.34375
vt 0.28767671875 0.359375
vt 0.283194375 0.359375
vt 0.28125 0.35211109375000005
vt 0.289624375 0.35211468749999997
vt 0.288513125 0.35100062499999996
vt 0.288513125 0.359375
vt 0.28125 0.3574275
vt 0.281251875 0.35294515625
vt 0.28125 0.34375
vt 0.289621875 0.34375
vt 0.289621875 0.359375
vt 0.28125 0.359375
vt 0.28573125 0.359375
vt 0.28125 0.359375
vt 0.28125 0.34375
vt 0.28573125 0.34375
vt 0.28768 0.359375
vt 0.28319765625 0.359375
vt 0.28125 0.35211468749999997
vt 0.289624375 0.35211109375000005
vt 0.288513125 0.35100062499999996
vt 0.288513125 0.359375
vt 0.281251875 0.35743046874999995
vt 0.28125 0.35294812499999995
vt 0.28125 0.34375
vt 0.289621875 0.34375
vt 0.289621875 0.359375
vt 0.28125 0.359375
vt 0.28573125 0.359375
vt 0.28125 0.359375
vt 0.28125 0.34375
vt 0.28573125 0.34375
vt 0.2876765625 0.359375
vt 0.2831953125 0.359375
vt 0.28125 0.3521140625
vt 0.289621875 0.3521140625
vt 0.289621875 0.359375
vt 0.28125 0.359375
vt 0.2831953125 0.3521140625
vt 0.2876765625 0.3521140625
vt 0.28125 0.34375
vt 0.289621875 0.34375
vt 0.289621875 0.359375
vt 0.28125 0.359375
vt 0.28573125 0.359375
vt 0.28125 0.359375
vt 0.28125 0.34375
vt 0.28573125 0.34375
vt 0.28851390625 0.35294828125
vt 0.28851390625 0.357430625
vt 0.28125 0.359375
vt 0.28125359375 0.35100062499999996
vt 0.289624375 0.359375
vt 0.28125 0.359375
vt 0.2831975 0.35211187499999996
vt 0.28767984375 0.35211390625000005
vt 0.28125 0.34375
vt 0.289621875 0.34375
vt 0.289621875 0.359375
vt 0.28125 0.359375
vt 0.28573125 0.359375
vt 0.28125 0.359375
vt 0.28125 0.34375
vt 0.28573125 0.34375
vt 0.28851390625 0.35294499999999995
vt 0.28851390625 0.35742734374999996
vt 0.28125359375 0.359375
vt 0.28125 0.35100062499999996
vt 0.289624375 0.359375
vt 0.28125 0.359375
vt 0.28319453125 0.35211390625000005
vt 0.287676875 0.35211187499999996
vt 0.28125 0.34375
vt 0.289621875 0.34375
vt 0.289621875 0.359375
vt 0.28125 0.359375
vt 0.28573125 0.359375
vt 0.28125 0.359375
vt 0.28125 0.34375
vt 0.28573125 0.34375
vt 0.2885109375 0.35294843750000005
vt 0.2885109375 0.35742968750000004
vt 0.28125 0.359375
vt 0.28125 0.35100312499999997
vt 0.28125 0.359375
vt 0.28125 0.35100312499999997
vt 0.2885109375 0.35294843750000005
vt 0.2885109375 0.35742968750000004
vt 0.28125 0.34375
vt 0.289621875 0.34375
vt 0.289621875 0.359375
vt 0.28125 0.359375
vt 0.28573125 0.359375
vt 0.28125 0.359375
vt 0.28125 0.34375
vt 0.28573125 0.34375
vt 0.28319765625 0.35211109375000005
vt 0.28768 0.35211109375000005
vt 0.289624375 0.359375
vt 0.28125 0.35937140624999997
vt 0.28125 0.359375
vt 0.28125 0.35100062499999996
vt 0.288513125 0.35294812499999995
vt 0.28851109375 0.35743046874999995
vt 0.28125 0.34375
vt 0.289621875 0.34375
vt 0.289621875 0.359375
vt 0.28125 0.359375
vt 0.28573125 0.359375
vt 0.28125 0.359375
vt 0.28125 0.34375
vt 0.28573125 0.34375
vt 0.283194375 0.35211109375000005
vt 0.28767671875 0.35211109375000005
vt 0.289624375 0.35937140624999997
vt 0.28125 0.359375
vt 0.28125 0.359375
vt 0.28125 0.35100062499999996
vt 0.28851109375 0.35294515625
vt 0.288513125 0.3574275
vt 0.28125 0.34375
vt 0.289621875 0.34375
vt 0.289621875 0.359375
vt 0.28125 0.359375
vt 0.28573125 0.359375
vt 0.28125 0.359375
vt 0.28125 0.34375
vt 0.28573125 0.34375
vt 0.2831953125 0.3521140625
vt 0.2876765625 0.3521140625
vt 0.289621875 0.359375
vt 0.28125 0.359375
vt 0.28125 0.3521140625
vt 0.289621875 0.3521140625
vt 0.2876765625 0.359375
vt 0.2831953125 0.359375
vn 0.5000024352623959 -0.8660239977804736 1.9229595644276144e-16
vn -0.5000121476207339 0.8660183902387416 -1.9229471131837297e-16
vn 0 -2.220446049250313e-16 -1
vn 0 2.220446049250313e-16 1
vn 0.8660239977804736 -0.5000024352623959 1.1102284319939223e-16
vn -0.8660183902387416 0.5000121476207339 -1.1102499977616229e-16
vn 0 -2.220446049250313e-16 -1
vn 0 2.220446049250313e-16 1
vn 1 0 0
vn -1 0 0
vn 0 -2.220446049250313e-16 -1
vn 0 2.220446049250313e-16 1
vn 0.8660239977804736 0.5000024352623959 -1.1102284319939223e-16
vn -0.8660183902387416 -0.5000121476207339 1.1102499977616229e-16
vn 0 -2.220446049250313e-16 -1
vn 0 2.220446049250313e-16 1
vn 0.5000024352623959 0.8660239977804736 -1.9229595644276144e-16
vn -0.5000121476207339 -0.8660183902387416 1.9229471131837297e-16
vn 0 -2.220446049250313e-16 -1
vn 0 2.220446049250313e-16 1
vn 0 1 -2.220446049250313e-16
vn 0 -1 2.220446049250313e-16
vn 0 -2.220446049250313e-16 -1
vn 0 2.220446049250313e-16 1
vn -0.5000024352623959 0.8660239977804736 -1.9229595644276144e-16
vn 0.5000121476207339 -0.8660183902387416 1.9229471131837297e-16
vn 0 -2.220446049250313e-16 -1
vn 0 2.220446049250313e-16 1
vn -0.8660239977804736 0.5000024352623959 -1.1102284319939223e-16
vn 0.8660183902387416 -0.5000121476207339 1.1102499977616229e-16
vn 0 -2.220446049250313e-16 -1
vn 0 2.220446049250313e-16 1
vn -1 0 0
vn 1 0 0
vn 0 -2.220446049250313e-16 -1
vn 0 2.220446049250313e-16 1
vn -0.8660239977804736 -0.5000024352623959 1.1102284319939223e-16
vn 0.8660183902387416 0.5000121476207339 -1.1102499977616229e-16
vn 0 -2.220446049250313e-16 -1
vn 0 2.220446049250313e-16 1
vn -0.5000024352623959 -0.8660239977804736 1.9229595644276144e-16
vn 0.5000121476207339 0.8660183902387416 -1.9229471131837297e-16
vn 0 -2.220446049250313e-16 -1
vn 0 2.220446049250313e-16 1
vn 0 -1 2.220446049250313e-16
vn 0 1 -2.220446049250313e-16
vn 0 -2.220446049250313e-16 -1
vn 0 2.220446049250313e-16 1
usemtl m_3d215661-f591-00a8-53e2-d8d611c756be
f 1767/5881/1515 1771/5882/1515 1772/5883/1515 1768/5884/1515
f 1770/5885/1516 1774/5886/1516 1773/5887/1516 1769/5888/1516
f 1769/5889/1517 1773/5890/1517 1771/5891/1517 1767/5892/1517
f 1768/5893/1518 1772/5894/1518 1774/5895/1518 1770/5896/1518
f 1771/5897/1519 1775/5898/1519 1776/5899/1519 1772/5900/1519
f 1774/5901/1520 1778/5902/1520 1777/5903/1520 1773/5904/1520
f 1773/5905/1521 1777/5906/1521 1775/5907/1521 1771/5908/1521
f 1772/5909/1522 1776/5910/1522 1778/5911/1522 1774/5912/1522
f 1775/5913/1523 1779/5914/1523 1780/5915/1523 1776/5916/1523
f 1778/5917/1524 1782/5918/1524 1781/5919/1524 1777/5920/1524
f 1777/5921/1525 1781/5922/1525 1779/5923/1525 1775/5924/1525
f 1776/5925/1526 1780/5926/1526 1782/5927/1526 1778/5928/1526
f 1779/5929/1527 1783/5930/1527 1784/5931/1527 1780/5932/1527
f 1782/5933/1528 1786/5934/1528 1785/5935/1528 1781/5936/1528
f 1781/5937/1529 1785/5938/1529 1783/5939/1529 1779/5940/1529
f 1780/5941/1530 1784/5942/1530 1786/5943/1530 1782/5944/1530
f 1783/5945/1531 1787/5946/1531 1788/5947/1531 1784/5948/1531
f 1786/5949/1532 1790/5950/1532 1789/5951/1532 1785/5952/1532
f 1785/5953/1533 1789/5954/1533 1787/5955/1533 1783/5956/1533
f 1784/5957/1534 1788/5958/1534 1790/5959/1534 1786/5960/1534
f 1787/5961/1535 1791/5962/1535 1792/5963/1535 1788/5964/1535
f 1790/5965/1536 1794/5966/1536 1793/5967/1536 1789/5968/1536
f 1789/5969/1537 1793/5970/1537 1791/5971/1537 1787/5972/1537
f 1788/5973/1538 1792/5974/1538 1794/5975/1538 1790/5976/1538
f 1791/5977/1539 1795/5978/1539 1796/5979/1539 1792/5980/1539
f 1794/5981/1540 1798/5982/1540 1797/5983/1540 1793/5984/1540
f 1793/5985/1541 1797/5986/1541 1795/5987/1541 1791/5988/1541
f 1792/5989/1542 1796/5990/1542 1798/5991/1542 1794/5992/1542
f 1795/5993/1543 1799/5994/1543 1800/5995/1543 1796/5996/1543
f 1798/5997/1544 1802/5998/1544 1801/5999/1544 1797/6000/1544
f 1797/6001/1545 1801/6002/1545 1799/6003/1545 1795/6004/1545
f 1796/6005/1546 1800/6006/1546 1802/6007/1546 1798/6008/1546
f 1799/6009/1547 1803/6010/1547 1804/6011/1547 1800/6012/1547
f 1802/6013/1548 1806/6014/1548 1805/6015/1548 1801/6016/1548
f 1801/6017/1549 1805/6018/1549 1803/6019/1549 1799/6020/1549
f 1800/6021/1550 1804/6022/1550 1806/6023/1550 1802/6024/1550
f 1803/6025/1551 1807/6026/1551 1808/6027/1551 1804/6028/1551
f 1806/6029/1552 1810/6030/1552 1809/6031/1552 1805/6032/1552
f 1805/6033/1553 1809/6034/1553 1807/6035/1553 1803/6036/1553
f 1804/6037/1554 1808/6038/1554 1810/6039/1554 1806/6040/1554
f 1807/6041/1555 1811/6042/1555 1812/6043/1555 1808/6044/1555
f 1810/6045/1556 1814/6046/1556 1813/6047/1556 1809/6048/1556
f 1809/6049/1557 1813/6050/1557 1811/6051/1557 1807/6052/1557
f 1808/6053/1558 1812/6054/1558 1814/6055/1558 1810/6056/1558
f 1811/6057/1559 1767/6058/1559 1768/6059/1559 1812/6060/1559
f 1814/6061/1560 1770/6062/1560 1769/6063/1560 1813/6064/1560
f 1813/6065/1561 1769/6066/1561 1767/6067/1561 1811/6068/1561
f 1812/6069/1562 1768/6070/1562 1770/6071/1562 1814/6072/1562
o cube
v 0.0131475 6.664533125 -0.4765625
v 0.0131475 6.664533125 -0.7265625
v 0.0131475 6.6406675 -0.4765625
v 0.0131475 6.6406675 -0.7265625
v -0.0131475 6.664533125 -0.4765625
v -0.0131475 6.664533125 -0.7265625
v -0.0131475 6.6406675 -0.4765625
v -0.0131475 6.6406675 -0.7265625
v 0.0131475 6.664533125 -0.4765625
v 0.0131475 6.664533125 -0.7265625
v 0.0131475 6.6406675 -0.4765625
v 0.0131475 6.6406675 -0.7265625
v 0.053091875 6.644253125 -0.4765625
v 0.053091875 6.644253125 -0.703835
v 0.03591875 6.6258993749999995 -0.4765625
v 0.03591875 6.6258993749999995 -0.703835
v 0.05225875 6.645189375 -0.4765625
v 0.05225875 6.645189375 -0.703835
v 0.03591875 6.6258993749999995 -0.4765625
v 0.03591875 6.6258993749999995 -0.703835
v 0.0703125 6.60032 -0.4765625
v 0.0703125 6.60032 -0.61292625
v 0.04906625 6.60032 -0.4765625
v 0.04906625 6.60032 -0.61292625
v 0.0703125 6.60032 -0.4765625
v 0.0703125 6.60032 -0.61292625
v 0.04906625 6.60032 -0.4765625
v 0.04906625 6.60032 -0.61292625
v 0.0703125 6.570783125 -0.4765625
v 0.0703125 6.570783125 -0.544744375
v 0.04906625 6.570783125 -0.4765625
v 0.04906625 6.570783125 -0.544744375
v -0.0131475 6.664533125 -0.4765625
v -0.0131475 6.664533125 -0.7265625
v -0.0131475 6.6406675 -0.4765625
v -0.0131475 6.6406675 -0.7265625
v -0.053091875 6.644253125 -0.4765625
v -0.053091875 6.644253125 -0.703835
v -0.03591875 6.6258993749999995 -0.4765625
v -0.03591875 6.6258993749999995 -0.703835
v -0.05225875 6.645189375 -0.4765625
v -0.05225875 6.645189375 -0.703835
v -0.03591875 6.6258993749999995 -0.4765625
v -0.03591875 6.6258993749999995 -0.703835
v -0.0703125 6.60032 -0.4765625
v -0.0703125 6.60032 -0.61292625
v -0.04906625 6.60032 -0.4765625
v -0.04906625 6.60032 -0.61292625
v -0.0703125 6.60032 -0.4765625
v -0.0703125 6.60032 -0.61292625
v -0.04906625 6.60032 -0.4765625
v -0.04906625 6.60032 -0.61292625
v -0.0703125 6.570783125 -0.4765625
v -0.0703125 6.570783125 -0.544744375
v -0.04906625 6.570783125 -0.4765625
v -0.04906625 6.570783125 -0.544744375
vt 0.41796875 0.3984375
vt 0.41796875 0.4046875
vt 0.375 0.4046875
vt 0.375 0.3984375
vt 0.42578125 0.3984375
vt 0.42578125 0.4046875
vt 0.3828125 0.4046875
vt 0.3828125 0.3984375
vt 0.3966546875 0.35546875
vt 0.3966546875 0.3984375
vt 0.38828125 0.3984375
vt 0.38828125 0.35546875
vt 0.3966546875 0.36328125
vt 0.3966546875 0.40625
vt 0.38828125 0.40625
vt 0.38828125 0.36328125
vt 0.3966546875 0.3984375
vt 0.3966546875 0.4046875
vt 0.38828125 0.4046875
vt 0.38828125 0.3984375
vt 0.3950921875 0.3984375
vt 0.3950921875 0.4046875
vt 0.38671875 0.4046875
vt 0.38671875 0.3984375
vt 0.375 0.40625
vt 0.4296875 0.40625
vt 0.4296875 0.3984375
vt 0.375 0.3984375
vt 0.3828125 0.40625
vt 0.4375 0.40625
vt 0.4375 0.3984375
vt 0.3828125 0.3984375
vt 0.38828125 0.3984375
vt 0.39453125 0.3984375
vt 0.39453125 0.34375
vt 0.38828125 0.34375
vt 0.38828125 0.40625
vt 0.39453125 0.40625
vt 0.39453125 0.3515625
vt 0.38828125 0.3515625
vt 0.38828125 0.40625
vt 0.39453125 0.40625
vt 0.39453125 0.3984375
vt 0.38828125 0.3984375
vt 0.38671875 0.40625
vt 0.39296875 0.40625
vt 0.39296875 0.3984375
vt 0.38671875 0.3984375
vt 0.375 0.40625
vt 0.4296875 0.40625
vt 0.4296875 0.3984375
vt 0.375 0.3984375
vt 0.3828125 0.40625
vt 0.4375 0.40625
vt 0.4375 0.3984375
vt 0.3828125 0.3984375
vt 0.38828125 0.3984375
vt 0.39453125 0.3984375
vt 0.39453125 0.34375
vt 0.38828125 0.34375
vt 0.38828125 0.40625
vt 0.39453125 0.40625
vt 0.39453125 0.3515625
vt 0.38828125 0.3515625
vt 0.38828125 0.40625
vt 0.39453125 0.40625
vt 0.39453125 0.3984375
vt 0.38828125 0.3984375
vt 0.38671875 0.40625
vt 0.39296875 0.40625
vt 0.39296875 0.3984375
vt 0.38671875 0.3984375
vt 0.375 0.4046875
vt 0.38671875 0.4046875
vt 0.38671875 0.39792171875000004
vt 0.375 0.39792171875000004
vt 0.4140625 0.4046875
vt 0.42578125 0.4046875
vt 0.42578125 0.39792171875000004
vt 0.4140625 0.39792171875000004
vt 0.38828125 0.3671875
vt 0.3966546875 0.3671875
vt 0.3966546875 0.35546875
vt 0.38828125 0.35546875
vt 0.38828125 0.40625
vt 0.3966546875 0.40625
vt 0.3966546875 0.39453125
vt 0.38828125 0.39453125
vt 0.38828125 0.4046875
vt 0.3966546875 0.4046875
vt 0.3966546875 0.39792171875000004
vt 0.38828125 0.39792171875000004
vt 0.38671875 0.4046875
vt 0.3950921875 0.4046875
vt 0.3950921875 0.39792171875000004
vt 0.38671875 0.39792171875000004
vt 0.4296875 0.3984375
vt 0.4296875 0.40625
vt 0.375 0.40625
vt 0.375 0.3984375
vt 0.4375 0.3984375
vt 0.4375 0.40625
vt 0.3828125 0.40625
vt 0.3828125 0.3984375
vt 0.39453125 0.34375
vt 0.39453125 0.3984375
vt 0.38828125 0.3984375
vt 0.38828125 0.34375
vt 0.39453125 0.3515625
vt 0.39453125 0.40625
vt 0.38828125 0.40625
vt 0.38828125 0.3515625
vt 0.39453125 0.3984375
vt 0.39453125 0.40625
vt 0.38828125 0.40625
vt 0.38828125 0.3984375
vt 0.39296875 0.3984375
vt 0.39296875 0.40625
vt 0.38671875 0.40625
vt 0.38671875 0.3984375
vt 0.4296875 0.3984375
vt 0.4296875 0.40625
vt 0.375 0.40625
vt 0.375 0.3984375
vt 0.4375 0.3984375
vt 0.4375 0.40625
vt 0.3828125 0.40625
vt 0.3828125 0.3984375
vt 0.39453125 0.34375
vt 0.39453125 0.3984375
vt 0.38828125 0.3984375
vt 0.38828125 0.34375
vt 0.39453125 0.3515625
vt 0.39453125 0.40625
vt 0.38828125 0.40625
vt 0.38828125 0.3515625
vt 0.39453125 0.3984375
vt 0.39453125 0.40625
vt 0.38828125 0.40625
vt 0.38828125 0.3984375
vt 0.39296875 0.3984375
vt 0.39296875 0.40625
vt 0.38671875 0.40625
vt 0.38671875 0.3984375
vt 0.38671875 0.39792171875000004
vt 0.38671875 0.4046875
vt 0.375 0.4046875
vt 0.375 0.39792171875000004
vt 0.42578125 0.39792171875000004
vt 0.42578125 0.4046875
vt 0.4140625 0.4046875
vt 0.4140625 0.39792171875000004
vt 0.3966546875 0.35546875
vt 0.3966546875 0.3671875
vt 0.38828125 0.3671875
vt 0.38828125 0.35546875
vt 0.3966546875 0.39453125
vt 0.3966546875 0.40625
vt 0.38828125 0.40625
vt 0.38828125 0.39453125
vt 0.3966546875 0.39792171875000004
vt 0.3966546875 0.4046875
vt 0.38828125 0.4046875
vt 0.38828125 0.39792171875000004
vt 0.3950921875 0.39792171875000004
vt 0.3950921875 0.4046875
vt 0.38671875 0.4046875
vt 0.38671875 0.39792171875000004
vn 1 0 0
vn -1 0 0
vn 0 1 0
vn 0 -1 0
vn 0 0 1
vn 0 0 -1
vn -1 0 0
vn 0.7302021808350583 -0.683231128611486 0
vn 0.45270208702600107 0.8916618307420717 0
vn -0.5441284603357273 -0.8390019181460022 0
vn 0 0 1
vn 0.34107118781393525 -0.3191314114133182 -0.8842090177625055
vn -0.7630410817830638 0.6463499884051456 0
vn 0 -1 0
vn 0.9277190252466737 0.373279265691736 0
vn -0.8893953537766143 -0.457138824298015 0
vn 0 0 1
vn 0 -0.89672345270896 -0.44259128929715896
vn 0 1 0
vn 0 -1 0
vn 1 0 0
vn -1 0 0
vn 0 0 1
vn 0 -0.9175978655059549 -0.39750994606288226
vn 1 0 0
vn -0.7302021808350583 -0.683231128611486 0
vn -0.45270208702600107 0.8916618307420717 0
vn 0.5441284603357273 -0.8390019181460022 0
vn 0 0 1
vn -0.3410711878139353 -0.31913141141331813 -0.8842090177625055
vn 0.7630410817830638 0.6463499884051456 0
vn 0 -1 0
vn -0.9277190252466737 0.373279265691736 0
vn 0.8893953537766143 -0.457138824298015 0
vn 0 0 1
vn 0 -0.89672345270896 -0.4425912892971591
vn 0 1 0
vn 0 -1 0
vn -1 0 0
vn 1 0 0
vn 0 0 1
vn 0 -0.9175978655059549 -0.39750994606288226
usemtl m_3d215661-f591-00a8-53e2-d8d611c756be
f 1818/6073/1563 1816/6074/1563 1815/6075/1563 1817/6076/1563
f 1821/6077/1564 1819/6078/1564 1820/6079/1564 1822/6080/1564
f 1815/6081/1565 1816/6082/1565 1820/6083/1565 1819/6084/1565
f 1818/6085/1566 1817/6086/1566 1821/6087/1566 1822/6088/1566
f 1817/6089/1567 1815/6090/1567 1819/6091/1567 1821/6092/1567
f 1822/6093/1568 1820/6094/1568 1816/6095/1568 1818/6096/1568
f 1823/6097/1569 1824/6098/1569 1826/6099/1569 1825/6100/1569
f 1828/6101/1570 1827/6102/1570 1829/6103/1570 1830/6104/1570
f 1828/6105/1571 1824/6106/1571 1823/6107/1571 1827/6108/1571
f 1829/6109/1572 1825/6110/1572 1826/6111/1572 1830/6112/1572
f 1827/6113/1573 1823/6114/1573 1825/6115/1573 1829/6116/1573
f 1824/6117/1574 1828/6118/1574 1830/6119/1574 1826/6120/1574
f 1831/6121/1575 1832/6122/1575 1834/6123/1575 1833/6124/1575
f 1836/6125/1576 1835/6126/1576 1837/6127/1576 1838/6128/1576
f 1836/6129/1577 1832/6130/1577 1831/6131/1577 1835/6132/1577
f 1837/6133/1578 1833/6134/1578 1834/6135/1578 1838/6136/1578
f 1835/6137/1579 1831/6138/1579 1833/6139/1579 1837/6140/1579
f 1832/6141/1580 1836/6142/1580 1838/6143/1580 1834/6144/1580
f 1839/6145/1581 1840/6146/1581 1842/6147/1581 1841/6148/1581
f 1844/6149/1582 1843/6150/1582 1845/6151/1582 1846/6152/1582
f 1844/6153/1583 1840/6154/1583 1839/6155/1583 1843/6156/1583
f 1845/6157/1584 1841/6158/1584 1842/6159/1584 1846/6160/1584
f 1843/6161/1585 1839/6162/1585 1841/6163/1585 1845/6164/1585
f 1840/6165/1586 1844/6166/1586 1846/6167/1586 1842/6168/1586
f 1850/6169/1587 1848/6170/1587 1847/6171/1587 1849/6172/1587
f 1853/6173/1588 1851/6174/1588 1852/6175/1588 1854/6176/1588
f 1847/6177/1589 1848/6178/1589 1852/6179/1589 1851/6180/1589
f 1850/6181/1590 1849/6182/1590 1853/6183/1590 1854/6184/1590
f 1849/6185/1591 1847/6186/1591 1851/6187/1591 1853/6188/1591
f 1854/6189/1592 1852/6190/1592 1848/6191/1592 1850/6192/1592
f 1858/6193/1593 1856/6194/1593 1855/6195/1593 1857/6196/1593
f 1861/6197/1594 1859/6198/1594 1860/6199/1594 1862/6200/1594
f 1855/6201/1595 1856/6202/1595 1860/6203/1595 1859/6204/1595
f 1858/6205/1596 1857/6206/1596 1861/6207/1596 1862/6208/1596
f 1857/6209/1597 1855/6210/1597 1859/6211/1597 1861/6212/1597
f 1862/6213/1598 1860/6214/1598 1856/6215/1598 1858/6216/1598
f 1866/6217/1599 1864/6218/1599 1863/6219/1599 1865/6220/1599
f 1869/6221/1600 1867/6222/1600 1868/6223/1600 1870/6224/1600
f 1863/6225/1601 1864/6226/1601 1868/6227/1601 1867/6228/1601
f 1866/6229/1602 1865/6230/1602 1869/6231/1602 1870/6232/1602
f 1865/6233/1603 1863/6234/1603 1867/6235/1603 1869/6236/1603
f 1870/6237/1604 1868/6238/1604 1864/6239/1604 1866/6240/1604
o circle
v 0.21875 6.59375 -0.525
v 0.23340375 6.5390625 -0.525
v 0.25878375 6.55371625 -0.525
v 0.2734375 6.57909625 -0.525
v 0.2734375 6.60840375 -0.525
v 0.25878375 6.63378375 -0.525
v 0.23340375 6.6484375 -0.525
v 0.20409625 6.6484375 -0.525
v 0.17871625 6.63378375 -0.525
v 0.1640625 6.60840375 -0.525
v 0.1640625 6.57909625 -0.525
v 0.17871625 6.55371625 -0.525
v 0.20409625 6.5390625 -0.525
vt 0.21078125 0.79703125
vt 0.2421875 0.85140625
vt 0.125 0.8828125
vt 0.2421875 0.85140625
vt 0.2421875 0.91421875
vt 0.125 0.8828125
vt 0.2421875 0.91421875
vt 0.21078125 0.96859375
vt 0.125 0.8828125
vt 0.21078125 0.96859375
vt 0.15640625 1
vt 0.125 0.8828125
vt 0.15640625 1
vt 0.09359375 1
vt 0.125 0.8828125
vt 0.09359375 1
vt 0.03921875 0.96859375
vt 0.125 0.8828125
vt 0.03921875 0.96859375
vt 0.0078125 0.91421875
vt 0.125 0.8828125
vt 0.0078125 0.91421875
vt 0.0078125 0.85140625
vt 0.125 0.8828125
vt 0.0078125 0.85140625
vt 0.03921875 0.79703125
vt 0.125 0.8828125
vt 0.03921875 0.79703125
vt 0.09359375 0.765625
vt 0.125 0.8828125
vt 0.09359375 0.765625
vt 0.15640625 0.765625
vt 0.125 0.8828125
vt 0.15640625 0.765625
vt 0.21078125 0.79703125
vt 0.125 0.8828125
vn 0 2.220446049250313e-16 1
vn 0 2.220446049250313e-16 1
vn 0 2.220446049250313e-16 1
vn 0 2.220446049250313e-16 1
vn 0 2.220446049250313e-16 1
vn 0 2.220446049250313e-16 1
vn 0 2.220446049250313e-16 1
vn 0 2.220446049250313e-16 1
vn 0 2.220446049250313e-16 1
vn 0 2.220446049250313e-16 1
vn 0 2.220446049250313e-16 1
vn 0 2.220446049250313e-16 1
usemtl m_409504fd-f58c-4195-329e-2b61b82ac830
f 1873/6241/1605 1874/6242/1605 1871/6243/1605
f 1874/6244/1606 1875/6245/1606 1871/6246/1606
f 1875/6247/1607 1876/6248/1607 1871/6249/1607
f 1876/6250/1608 1877/6251/1608 1871/6252/1608
f 1877/6253/1609 1878/6254/1609 1871/6255/1609
f 1878/6256/1610 1879/6257/1610 1871/6258/1610
f 1879/6259/1611 1880/6260/1611 1871/6261/1611
f 1880/6262/1612 1881/6263/1612 1871/6264/1612
f 1881/6265/1613 1882/6266/1613 1871/6267/1613
f 1882/6268/1614 1883/6269/1614 1871/6270/1614
f 1883/6271/1615 1872/6272/1615 1871/6273/1615
f 1872/6274/1616 1873/6275/1616 1871/6276/1616
o tube
v 0.235496875 6.53125 -0.546875
v 0.235496875 6.53125 -0.484375
v 0.227714375 6.560295 -0.546875
v 0.227714375 6.560295 -0.484375
v 0.264503125 6.547996875 -0.546875
v 0.264503125 6.547996875 -0.484375
v 0.243240625 6.569259375 -0.546875
v 0.243240625 6.569259375 -0.484375
v 0.28125 6.577003125 -0.546875
v 0.28125 6.577003125 -0.484375
v 0.252205 6.584785625 -0.546875
v 0.252205 6.584785625 -0.484375
v 0.28125 6.610496875 -0.546875
v 0.28125 6.610496875 -0.484375
v 0.252205 6.602714375 -0.546875
v 0.252205 6.602714375 -0.484375
v 0.264503125 6.639503125 -0.546875
v 0.264503125 6.639503125 -0.484375
v 0.243240625 6.618240625 -0.546875
v 0.243240625 6.618240625 -0.484375
v 0.235496875 6.65625 -0.546875
v 0.235496875 6.65625 -0.484375
v 0.227714375 6.627205 -0.546875
v 0.227714375 6.627205 -0.484375
v 0.202003125 6.65625 -0.546875
v 0.202003125 6.65625 -0.484375
v 0.209785625 6.627205 -0.546875
v 0.209785625 6.627205 -0.484375
v 0.172996875 6.639503125 -0.546875
v 0.172996875 6.639503125 -0.484375
v 0.194259375 6.618240625 -0.546875
v 0.194259375 6.618240625 -0.484375
v 0.15625 6.610496875 -0.546875
v 0.15625 6.610496875 -0.484375
v 0.185295 6.602714375 -0.546875
v 0.185295 6.602714375 -0.484375
v 0.15625 6.577003125 -0.546875
v 0.15625 6.577003125 -0.484375
v 0.185295 6.584785625 -0.546875
v 0.185295 6.584785625 -0.484375
v 0.172996875 6.547996875 -0.546875
v 0.172996875 6.547996875 -0.484375
v 0.194259375 6.569259375 -0.546875
v 0.194259375 6.569259375 -0.484375
v 0.202003125 6.53125 -0.546875
v 0.202003125 6.53125 -0.484375
v 0.209785625 6.560295 -0.546875
v 0.209785625 6.560295 -0.484375
vt 0.28125 0.34375
vt 0.289621875 0.34375
vt 0.289621875 0.359375
vt 0.28125 0.359375
vt 0.28573125 0.359375
vt 0.28125 0.359375
vt 0.28125 0.34375
vt 0.28573125 0.34375
vt 0.28125 0.35742734374999996
vt 0.28125 0.35294499999999995
vt 0.28851390625 0.35100062499999996
vt 0.2885103125 0.359375
vt 0.28125 0.35211187499999996
vt 0.289624375 0.35211187499999996
vt 0.287676875 0.359375
vt 0.28319453125 0.35937312499999996
vt 0.28125 0.34375
vt 0.289621875 0.34375
vt 0.289621875 0.359375
vt 0.28125 0.359375
vt 0.28573125 0.359375
vt 0.28125 0.359375
vt 0.28125 0.34375
vt 0.28573125 0.34375
vt 0.28125 0.357430625
vt 0.28125 0.35294828125
vt 0.2885103125 0.35100062499999996
vt 0.28851390625 0.359375
vt 0.28125 0.35211187499999996
vt 0.289624375 0.35211187499999996
vt 0.28767984375 0.35937312499999996
vt 0.2831975 0.359375
vt 0.28125 0.34375
vt 0.289621875 0.34375
vt 0.289621875 0.359375
vt 0.28125 0.359375
vt 0.28573125 0.359375
vt 0.28125 0.359375
vt 0.28125 0.34375
vt 0.28573125 0.34375
vt 0.28125 0.35742968750000004
vt 0.28125 0.35294843750000005
vt 0.2885109375 0.35100312499999997
vt 0.2885109375 0.359375
vt 0.2885109375 0.35100312499999997
vt 0.2885109375 0.359375
vt 0.28125 0.35742968750000004
vt 0.28125 0.35294843750000005
vt 0.28125 0.34375
vt 0.289621875 0.34375
vt 0.289621875 0.359375
vt 0.28125 0.359375
vt 0.28573125 0.359375
vt 0.28125 0.359375
vt 0.28125 0.34375
vt 0.28573125 0.34375
vt 0.28767671875 0.359375
vt 0.283194375 0.359375
vt 0.28125 0.35211109375000005
vt 0.289624375 0.35211468749999997
vt 0.288513125 0.35100062499999996
vt 0.288513125 0.359375
vt 0.28125 0.3574275
vt 0.281251875 0.35294515625
vt 0.28125 0.34375
vt 0.289621875 0.34375
vt 0.289621875 0.359375
vt 0.28125 0.359375
vt 0.28573125 0.359375
vt 0.28125 0.359375
vt 0.28125 0.34375
vt 0.28573125 0.34375
vt 0.28768 0.359375
vt 0.28319765625 0.359375
vt 0.28125 0.35211468749999997
vt 0.289624375 0.35211109375000005
vt 0.288513125 0.35100062499999996
vt 0.288513125 0.359375
vt 0.281251875 0.35743046874999995
vt 0.28125 0.35294812499999995
vt 0.28125 0.34375
vt 0.289621875 0.34375
vt 0.289621875 0.359375
vt 0.28125 0.359375
vt 0.28573125 0.359375
vt 0.28125 0.359375
vt 0.28125 0.34375
vt 0.28573125 0.34375
vt 0.2876765625 0.359375
vt 0.2831953125 0.359375
vt 0.28125 0.3521140625
vt 0.289621875 0.3521140625
vt 0.289621875 0.359375
vt 0.28125 0.359375
vt 0.2831953125 0.3521140625
vt 0.2876765625 0.3521140625
vt 0.28125 0.34375
vt 0.289621875 0.34375
vt 0.289621875 0.359375
vt 0.28125 0.359375
vt 0.28573125 0.359375
vt 0.28125 0.359375
vt 0.28125 0.34375
vt 0.28573125 0.34375
vt 0.28851390625 0.35294828125
vt 0.28851390625 0.357430625
vt 0.28125 0.359375
vt 0.28125359375 0.35100062499999996
vt 0.289624375 0.359375
vt 0.28125 0.359375
vt 0.2831975 0.35211187499999996
vt 0.28767984375 0.35211390625000005
vt 0.28125 0.34375
vt 0.289621875 0.34375
vt 0.289621875 0.359375
vt 0.28125 0.359375
vt 0.28573125 0.359375
vt 0.28125 0.359375
vt 0.28125 0.34375
vt 0.28573125 0.34375
vt 0.28851390625 0.35294499999999995
vt 0.28851390625 0.35742734374999996
vt 0.28125359375 0.359375
vt 0.28125 0.35100062499999996
vt 0.289624375 0.359375
vt 0.28125 0.359375
vt 0.28319453125 0.35211390625000005
vt 0.287676875 0.35211187499999996
vt 0.28125 0.34375
vt 0.289621875 0.34375
vt 0.289621875 0.359375
vt 0.28125 0.359375
vt 0.28573125 0.359375
vt 0.28125 0.359375
vt 0.28125 0.34375
vt 0.28573125 0.34375
vt 0.2885109375 0.35294843750000005
vt 0.2885109375 0.35742968750000004
vt 0.28125 0.359375
vt 0.28125 0.35100312499999997
vt 0.28125 0.359375
vt 0.28125 0.35100312499999997
vt 0.2885109375 0.35294843750000005
vt 0.2885109375 0.35742968750000004
vt 0.28125 0.34375
vt 0.289621875 0.34375
vt 0.289621875 0.359375
vt 0.28125 0.359375
vt 0.28573125 0.359375
vt 0.28125 0.359375
vt 0.28125 0.34375
vt 0.28573125 0.34375
vt 0.28319765625 0.35211109375000005
vt 0.28768 0.35211109375000005
vt 0.289624375 0.359375
vt 0.28125 0.35937140624999997
vt 0.28125 0.359375
vt 0.28125 0.35100062499999996
vt 0.288513125 0.35294812499999995
vt 0.28851109375 0.35743046874999995
vt 0.28125 0.34375
vt 0.289621875 0.34375
vt 0.289621875 0.359375
vt 0.28125 0.359375
vt 0.28573125 0.359375
vt 0.28125 0.359375
vt 0.28125 0.34375
vt 0.28573125 0.34375
vt 0.283194375 0.35211109375000005
vt 0.28767671875 0.35211109375000005
vt 0.289624375 0.35937140624999997
vt 0.28125 0.359375
vt 0.28125 0.359375
vt 0.28125 0.35100062499999996
vt 0.28851109375 0.35294515625
vt 0.288513125 0.3574275
vt 0.28125 0.34375
vt 0.289621875 0.34375
vt 0.289621875 0.359375
vt 0.28125 0.359375
vt 0.28573125 0.359375
vt 0.28125 0.359375
vt 0.28125 0.34375
vt 0.28573125 0.34375
vt 0.2831953125 0.3521140625
vt 0.2876765625 0.3521140625
vt 0.289621875 0.359375
vt 0.28125 0.359375
vt 0.28125 0.3521140625
vt 0.289621875 0.3521140625
vt 0.2876765625 0.359375
vt 0.2831953125 0.359375
vn 0.5000024352623959 -0.8660239977804736 1.9229595644276144e-16
vn -0.5000121476207339 0.8660183902387416 -1.9229471131837297e-16
vn 0 -2.220446049250313e-16 -1
vn 0 2.220446049250313e-16 1
vn 0.8660239977804736 -0.5000024352623959 1.1102284319939223e-16
vn -0.8660183902387416 0.5000121476207339 -1.1102499977616229e-16
vn 0 -2.220446049250313e-16 -1
vn 0 2.220446049250313e-16 1
vn 1 0 0
vn -1 0 0
vn 0 -2.220446049250313e-16 -1
vn 0 2.220446049250313e-16 1
vn 0.8660239977804736 0.5000024352623959 -1.1102284319939223e-16
vn -0.8660183902387416 -0.5000121476207339 1.1102499977616229e-16
vn 0 -2.220446049250313e-16 -1
vn 0 2.220446049250313e-16 1
vn 0.5000024352623959 0.8660239977804736 -1.9229595644276144e-16
vn -0.5000121476207339 -0.8660183902387416 1.9229471131837297e-16
vn 0 -2.220446049250313e-16 -1
vn 0 2.220446049250313e-16 1
vn 0 1 -2.220446049250313e-16
vn 0 -1 2.220446049250313e-16
vn 0 -2.220446049250313e-16 -1
vn 0 2.220446049250313e-16 1
vn -0.5000024352623959 0.8660239977804736 -1.9229595644276144e-16
vn 0.5000121476207339 -0.8660183902387416 1.9229471131837297e-16
vn 0 -2.220446049250313e-16 -1
vn 0 2.220446049250313e-16 1
vn -0.8660239977804736 0.5000024352623959 -1.1102284319939223e-16
vn 0.8660183902387416 -0.5000121476207339 1.1102499977616229e-16
vn 0 -2.220446049250313e-16 -1
vn 0 2.220446049250313e-16 1
vn -1 0 0
vn 1 0 0
vn 0 -2.220446049250313e-16 -1
vn 0 2.220446049250313e-16 1
vn -0.8660239977804736 -0.5000024352623959 1.1102284319939223e-16
vn 0.8660183902387416 0.5000121476207339 -1.1102499977616229e-16
vn 0 -2.220446049250313e-16 -1
vn 0 2.220446049250313e-16 1
vn -0.5000024352623959 -0.8660239977804736 1.9229595644276144e-16
vn 0.5000121476207339 0.8660183902387416 -1.9229471131837297e-16
vn 0 -2.220446049250313e-16 -1
vn 0 2.220446049250313e-16 1
vn 0 -1 2.220446049250313e-16
vn 0 1 -2.220446049250313e-16
vn 0 -2.220446049250313e-16 -1
vn 0 2.220446049250313e-16 1
usemtl m_3d215661-f591-00a8-53e2-d8d611c756be
f 1884/6277/1617 1888/6278/1617 1889/6279/1617 1885/6280/1617
f 1887/6281/1618 1891/6282/1618 1890/6283/1618 1886/6284/1618
f 1886/6285/1619 1890/6286/1619 1888/6287/1619 1884/6288/1619
f 1885/6289/1620 1889/6290/1620 1891/6291/1620 1887/6292/1620
f 1888/6293/1621 1892/6294/1621 1893/6295/1621 1889/6296/1621
f 1891/6297/1622 1895/6298/1622 1894/6299/1622 1890/6300/1622
f 1890/6301/1623 1894/6302/1623 1892/6303/1623 1888/6304/1623
f 1889/6305/1624 1893/6306/1624 1895/6307/1624 1891/6308/1624
f 1892/6309/1625 1896/6310/1625 1897/6311/1625 1893/6312/1625
f 1895/6313/1626 1899/6314/1626 1898/6315/1626 1894/6316/1626
f 1894/6317/1627 1898/6318/1627 1896/6319/1627 1892/6320/1627
f 1893/6321/1628 1897/6322/1628 1899/6323/1628 1895/6324/1628
f 1896/6325/1629 1900/6326/1629 1901/6327/1629 1897/6328/1629
f 1899/6329/1630 1903/6330/1630 1902/6331/1630 1898/6332/1630
f 1898/6333/1631 1902/6334/1631 1900/6335/1631 1896/6336/1631
f 1897/6337/1632 1901/6338/1632 1903/6339/1632 1899/6340/1632
f 1900/6341/1633 1904/6342/1633 1905/6343/1633 1901/6344/1633
f 1903/6345/1634 1907/6346/1634 1906/6347/1634 1902/6348/1634
f 1902/6349/1635 1906/6350/1635 1904/6351/1635 1900/6352/1635
f 1901/6353/1636 1905/6354/1636 1907/6355/1636 1903/6356/1636
f 1904/6357/1637 1908/6358/1637 1909/6359/1637 1905/6360/1637
f 1907/6361/1638 1911/6362/1638 1910/6363/1638 1906/6364/1638
f 1906/6365/1639 1910/6366/1639 1908/6367/1639 1904/6368/1639
f 1905/6369/1640 1909/6370/1640 1911/6371/1640 1907/6372/1640
f 1908/6373/1641 1912/6374/1641 1913/6375/1641 1909/6376/1641
f 1911/6377/1642 1915/6378/1642 1914/6379/1642 1910/6380/1642
f 1910/6381/1643 1914/6382/1643 1912/6383/1643 1908/6384/1643
f 1909/6385/1644 1913/6386/1644 1915/6387/1644 1911/6388/1644
f 1912/6389/1645 1916/6390/1645 1917/6391/1645 1913/6392/1645
f 1915/6393/1646 1919/6394/1646 1918/6395/1646 1914/6396/1646
f 1914/6397/1647 1918/6398/1647 1916/6399/1647 1912/6400/1647
f 1913/6401/1648 1917/6402/1648 1919/6403/1648 1915/6404/1648
f 1916/6405/1649 1920/6406/1649 1921/6407/1649 1917/6408/1649
f 1919/6409/1650 1923/6410/1650 1922/6411/1650 1918/6412/1650
f 1918/6413/1651 1922/6414/1651 1920/6415/1651 1916/6416/1651
f 1917/6417/1652 1921/6418/1652 1923/6419/1652 1919/6420/1652
f 1920/6421/1653 1924/6422/1653 1925/6423/1653 1921/6424/1653
f 1923/6425/1654 1927/6426/1654 1926/6427/1654 1922/6428/1654
f 1922/6429/1655 1926/6430/1655 1924/6431/1655 1920/6432/1655
f 1921/6433/1656 1925/6434/1656 1927/6435/1656 1923/6436/1656
f 1924/6437/1657 1928/6438/1657 1929/6439/1657 1925/6440/1657
f 1927/6441/1658 1931/6442/1658 1930/6443/1658 1926/6444/1658
f 1926/6445/1659 1930/6446/1659 1928/6447/1659 1924/6448/1659
f 1925/6449/1660 1929/6450/1660 1931/6451/1660 1927/6452/1660
f 1928/6453/1661 1884/6454/1661 1885/6455/1661 1929/6456/1661
f 1931/6457/1662 1887/6458/1662 1886/6459/1662 1930/6460/1662
f 1930/6461/1663 1886/6462/1663 1884/6463/1663 1928/6464/1663
f 1929/6465/1664 1885/6466/1664 1887/6467/1664 1931/6468/1664
o cube
v 0.2318975 6.664533125 -0.4765625
v 0.2318975 6.664533125 -0.7265625
v 0.2318975 6.6406675 -0.4765625
v 0.2318975 6.6406675 -0.7265625
v 0.2056025 6.664533125 -0.4765625
v 0.2056025 6.664533125 -0.7265625
v 0.2056025 6.6406675 -0.4765625
v 0.2056025 6.6406675 -0.7265625
v 0.2318975 6.664533125 -0.4765625
v 0.2318975 6.664533125 -0.7265625
v 0.2318975 6.6406675 -0.4765625
v 0.2318975 6.6406675 -0.7265625
v 0.271841875 6.644253125 -0.4765625
v 0.271841875 6.644253125 -0.703835
v 0.25466875 6.6258993749999995 -0.4765625
v 0.25466875 6.6258993749999995 -0.703835
v 0.27100875 6.645189375 -0.4765625
v 0.27100875 6.645189375 -0.703835
v 0.25466875 6.6258993749999995 -0.4765625
v 0.25466875 6.6258993749999995 -0.703835
v 0.2890625 6.60032 -0.4765625
v 0.2890625 6.60032 -0.61292625
v 0.26781625 6.60032 -0.4765625
v 0.26781625 6.60032 -0.61292625
v 0.2890625 6.60032 -0.4765625
v 0.2890625 6.60032 -0.61292625
v 0.26781625 6.60032 -0.4765625
v 0.26781625 6.60032 -0.61292625
v 0.2890625 6.570783125 -0.4765625
v 0.2890625 6.570783125 -0.544744375
v 0.26781625 6.570783125 -0.4765625
v 0.26781625 6.570783125 -0.544744375
v 0.2056025 6.664533125 -0.4765625
v 0.2056025 6.664533125 -0.7265625
v 0.2056025 6.6406675 -0.4765625
v 0.2056025 6.6406675 -0.7265625
v 0.165658125 6.644253125 -0.4765625
v 0.165658125 6.644253125 -0.703835
v 0.18283125 6.6258993749999995 -0.4765625
v 0.18283125 6.6258993749999995 -0.703835
v 0.16649125 6.645189375 -0.4765625
v 0.16649125 6.645189375 -0.703835
v 0.18283125 6.6258993749999995 -0.4765625
v 0.18283125 6.6258993749999995 -0.703835
v 0.1484375 6.60032 -0.4765625
v 0.1484375 6.60032 -0.61292625
v 0.16968375 6.60032 -0.4765625
v 0.16968375 6.60032 -0.61292625
v 0.1484375 6.60032 -0.4765625
v 0.1484375 6.60032 -0.61292625
v 0.16968375 6.60032 -0.4765625
v 0.16968375 6.60032 -0.61292625
v 0.1484375 6.570783125 -0.4765625
v 0.1484375 6.570783125 -0.544744375
v 0.16968375 6.570783125 -0.4765625
v 0.16968375 6.570783125 -0.544744375
vt 0.41796875 0.3984375
vt 0.41796875 0.4046875
vt 0.375 0.4046875
vt 0.375 0.3984375
vt 0.42578125 0.3984375
vt 0.42578125 0.4046875
vt 0.3828125 0.4046875
vt 0.3828125 0.3984375
vt 0.3966546875 0.35546875
vt 0.3966546875 0.3984375
vt 0.38828125 0.3984375
vt 0.38828125 0.35546875
vt 0.3966546875 0.36328125
vt 0.3966546875 0.40625
vt 0.38828125 0.40625
vt 0.38828125 0.36328125
vt 0.3966546875 0.3984375
vt 0.3966546875 0.4046875
vt 0.38828125 0.4046875
vt 0.38828125 0.3984375
vt 0.3950921875 0.3984375
vt 0.3950921875 0.4046875
vt 0.38671875 0.4046875
vt 0.38671875 0.3984375
vt 0.375 0.40625
vt 0.4296875 0.40625
vt 0.4296875 0.3984375
vt 0.375 0.3984375
vt 0.3828125 0.40625
vt 0.4375 0.40625
vt 0.4375 0.3984375
vt 0.3828125 0.3984375
vt 0.38828125 0.3984375
vt 0.39453125 0.3984375
vt 0.39453125 0.34375
vt 0.38828125 0.34375
vt 0.38828125 0.40625
vt 0.39453125 0.40625
vt 0.39453125 0.3515625
vt 0.38828125 0.3515625
vt 0.38828125 0.40625
vt 0.39453125 0.40625
vt 0.39453125 0.3984375
vt 0.38828125 0.3984375
vt 0.38671875 0.40625
vt 0.39296875 0.40625
vt 0.39296875 0.3984375
vt 0.38671875 0.3984375
vt 0.375 0.40625
vt 0.4296875 0.40625
vt 0.4296875 0.3984375
vt 0.375 0.3984375
vt 0.3828125 0.40625
vt 0.4375 0.40625
vt 0.4375 0.3984375
vt 0.3828125 0.3984375
vt 0.38828125 0.3984375
vt 0.39453125 0.3984375
vt 0.39453125 0.34375
vt 0.38828125 0.34375
vt 0.38828125 0.40625
vt 0.39453125 0.40625
vt 0.39453125 0.3515625
vt 0.38828125 0.3515625
vt 0.38828125 0.40625
vt 0.39453125 0.40625
vt 0.39453125 0.3984375
vt 0.38828125 0.3984375
vt 0.38671875 0.40625
vt 0.39296875 0.40625
vt 0.39296875 0.3984375
vt 0.38671875 0.3984375
vt 0.375 0.4046875
vt 0.38671875 0.4046875
vt 0.38671875 0.39792171875000004
vt 0.375 0.39792171875000004
vt 0.4140625 0.4046875
vt 0.42578125 0.4046875
vt 0.42578125 0.39792171875000004
vt 0.4140625 0.39792171875000004
vt 0.38828125 0.3671875
vt 0.3966546875 0.3671875
vt 0.3966546875 0.35546875
vt 0.38828125 0.35546875
vt 0.38828125 0.40625
vt 0.3966546875 0.40625
vt 0.3966546875 0.39453125
vt 0.38828125 0.39453125
vt 0.38828125 0.4046875
vt 0.3966546875 0.4046875
vt 0.3966546875 0.39792171875000004
vt 0.38828125 0.39792171875000004
vt 0.38671875 0.4046875
vt 0.3950921875 0.4046875
vt 0.3950921875 0.39792171875000004
vt 0.38671875 0.39792171875000004
vt 0.4296875 0.3984375
vt 0.4296875 0.40625
vt 0.375 0.40625
vt 0.375 0.3984375
vt 0.4375 0.3984375
vt 0.4375 0.40625
vt 0.3828125 0.40625
vt 0.3828125 0.3984375
vt 0.39453125 0.34375
vt 0.39453125 0.3984375
vt 0.38828125 0.3984375
vt 0.38828125 0.34375
vt 0.39453125 0.3515625
vt 0.39453125 0.40625
vt 0.38828125 0.40625
vt 0.38828125 0.3515625
vt 0.39453125 0.3984375
vt 0.39453125 0.40625
vt 0.38828125 0.40625
vt 0.38828125 0.3984375
vt 0.39296875 0.3984375
vt 0.39296875 0.40625
vt 0.38671875 0.40625
vt 0.38671875 0.3984375
vt 0.4296875 0.3984375
vt 0.4296875 0.40625
vt 0.375 0.40625
vt 0.375 0.3984375
vt 0.4375 0.3984375
vt 0.4375 0.40625
vt 0.3828125 0.40625
vt 0.3828125 0.3984375
vt 0.39453125 0.34375
vt 0.39453125 0.3984375
vt 0.38828125 0.3984375
vt 0.38828125 0.34375
vt 0.39453125 0.3515625
vt 0.39453125 0.40625
vt 0.38828125 0.40625
vt 0.38828125 0.3515625
vt 0.39453125 0.3984375
vt 0.39453125 0.40625
vt 0.38828125 0.40625
vt 0.38828125 0.3984375
vt 0.39296875 0.3984375
vt 0.39296875 0.40625
vt 0.38671875 0.40625
vt 0.38671875 0.3984375
vt 0.38671875 0.39792171875000004
vt 0.38671875 0.4046875
vt 0.375 0.4046875
vt 0.375 0.39792171875000004
vt 0.42578125 0.39792171875000004
vt 0.42578125 0.4046875
vt 0.4140625 0.4046875
vt 0.4140625 0.39792171875000004
vt 0.3966546875 0.35546875
vt 0.3966546875 0.3671875
vt 0.38828125 0.3671875
vt 0.38828125 0.35546875
vt 0.3966546875 0.39453125
vt 0.3966546875 0.40625
vt 0.38828125 0.40625
vt 0.38828125 0.39453125
vt 0.3966546875 0.39792171875000004
vt 0.3966546875 0.4046875
vt 0.38828125 0.4046875
vt 0.38828125 0.39792171875000004
vt 0.3950921875 0.39792171875000004
vt 0.3950921875 0.4046875
vt 0.38671875 0.4046875
vt 0.38671875 0.39792171875000004
vn 1 0 0
vn -1 0 0
vn 0 1 0
vn 0 -1 0
vn 0 0 1
vn 0 0 -1
vn -1 0 0
vn 0.7302021808350583 -0.683231128611486 0
vn 0.45270208702600107 0.8916618307420717 0
vn -0.5441284603357273 -0.8390019181460022 0
vn 0 0 1
vn 0.34107118781393525 -0.3191314114133182 -0.8842090177625055
vn -0.7630410817830638 0.6463499884051456 0
vn 0 -1 0
vn 0.9277190252466737 0.373279265691736 0
vn -0.8893953537766143 -0.457138824298015 0
vn 0 0 1
vn 0 -0.89672345270896 -0.44259128929715896
vn 0 1 0
vn 0 -1 0
vn 1 0 0
vn -1 0 0
vn 0 0 1
vn 0 -0.9175978655059549 -0.39750994606288226
vn 1 0 0
vn -0.7302021808350583 -0.683231128611486 0
vn -0.45270208702600107 0.8916618307420717 0
vn 0.5441284603357273 -0.8390019181460022 0
vn 0 0 1
vn -0.3410711878139353 -0.31913141141331813 -0.8842090177625055
vn 0.7630410817830638 0.6463499884051456 0
vn 0 -1 0
vn -0.9277190252466737 0.373279265691736 0
vn 0.8893953537766143 -0.457138824298015 0
vn 0 0 1
vn 0 -0.89672345270896 -0.4425912892971591
vn 0 1 0
vn 0 -1 0
vn -1 0 0
vn 1 0 0
vn 0 0 1
vn 0 -0.9175978655059549 -0.39750994606288226
usemtl m_3d215661-f591-00a8-53e2-d8d611c756be
f 1935/6469/1665 1933/6470/1665 1932/6471/1665 1934/6472/1665
f 1938/6473/1666 1936/6474/1666 1937/6475/1666 1939/6476/1666
f 1932/6477/1667 1933/6478/1667 1937/6479/1667 1936/6480/1667
f 1935/6481/1668 1934/6482/1668 1938/6483/1668 1939/6484/1668
f 1934/6485/1669 1932/6486/1669 1936/6487/1669 1938/6488/1669
f 1939/6489/1670 1937/6490/1670 1933/6491/1670 1935/6492/1670
f 1940/6493/1671 1941/6494/1671 1943/6495/1671 1942/6496/1671
f 1945/6497/1672 1944/6498/1672 1946/6499/1672 1947/6500/1672
f 1945/6501/1673 1941/6502/1673 1940/6503/1673 1944/6504/1673
f 1946/6505/1674 1942/6506/1674 1943/6507/1674 1947/6508/1674
f 1944/6509/1675 1940/6510/1675 1942/6511/1675 1946/6512/1675
f 1941/6513/1676 1945/6514/1676 1947/6515/1676 1943/6516/1676
f 1948/6517/1677 1949/6518/1677 1951/6519/1677 1950/6520/1677
f 1953/6521/1678 1952/6522/1678 1954/6523/1678 1955/6524/1678
f 1953/6525/1679 1949/6526/1679 1948/6527/1679 1952/6528/1679
f 1954/6529/1680 1950/6530/1680 1951/6531/1680 1955/6532/1680
f 1952/6533/1681 1948/6534/1681 1950/6535/1681 1954/6536/1681
f 1949/6537/1682 1953/6538/1682 1955/6539/1682 1951/6540/1682
f 1956/6541/1683 1957/6542/1683 1959/6543/1683 1958/6544/1683
f 1961/6545/1684 1960/6546/1684 1962/6547/1684 1963/6548/1684
f 1961/6549/1685 1957/6550/1685 1956/6551/1685 1960/6552/1685
f 1962/6553/1686 1958/6554/1686 1959/6555/1686 1963/6556/1686
f 1960/6557/1687 1956/6558/1687 1958/6559/1687 1962/6560/1687
f 1957/6561/1688 1961/6562/1688 1963/6563/1688 1959/6564/1688
f 1967/6565/1689 1965/6566/1689 1964/6567/1689 1966/6568/1689
f 1970/6569/1690 1968/6570/1690 1969/6571/1690 1971/6572/1690
f 1964/6573/1691 1965/6574/1691 1969/6575/1691 1968/6576/1691
f 1967/6577/1692 1966/6578/1692 1970/6579/1692 1971/6580/1692
f 1966/6581/1693 1964/6582/1693 1968/6583/1693 1970/6584/1693
f 1971/6585/1694 1969/6586/1694 1965/6587/1694 1967/6588/1694
f 1975/6589/1695 1973/6590/1695 1972/6591/1695 1974/6592/1695
f 1978/6593/1696 1976/6594/1696 1977/6595/1696 1979/6596/1696
f 1972/6597/1697 1973/6598/1697 1977/6599/1697 1976/6600/1697
f 1975/6601/1698 1974/6602/1698 1978/6603/1698 1979/6604/1698
f 1974/6605/1699 1972/6606/1699 1976/6607/1699 1978/6608/1699
f 1979/6609/1700 1977/6610/1700 1973/6611/1700 1975/6612/1700
f 1983/6613/1701 1981/6614/1701 1980/6615/1701 1982/6616/1701
f 1986/6617/1702 1984/6618/1702 1985/6619/1702 1987/6620/1702
f 1980/6621/1703 1981/6622/1703 1985/6623/1703 1984/6624/1703
f 1983/6625/1704 1982/6626/1704 1986/6627/1704 1987/6628/1704
f 1982/6629/1705 1980/6630/1705 1984/6631/1705 1986/6632/1705
f 1987/6633/1706 1985/6634/1706 1981/6635/1706 1983/6636/1706
o cube
v 0.328125 7.1875 -0.4375
v 0.328125 7.1875 -0.5
v 0.328125 6.1875 -0.4375
v 0.328125 6.1875 -0.5
v -0.328125 7.1875 -0.5
v -0.328125 7.1875 -0.4375
v -0.328125 6.1875 -0.5
v -0.328125 6.1875 -0.4375
vt 0.28125 0.671875
vt 0.44140625 0.671875
vt 0.44140625 0.421875
vt 0.28125 0.421875
vt 0.42578125 0.671875
vt 0.44140625 0.671875
vt 0.44140625 0.421875
vt 0.42578125 0.421875
vt 0.28125 0.671875
vt 0.44140625 0.671875
vt 0.44140625 0.421875
vt 0.28125 0.421875
vt 0.28125 0.671875
vt 0.296875 0.671875
vt 0.296875 0.421875
vt 0.28125 0.421875
vt 0.28125 0.671875
vt 0.44140625 0.671875
vt 0.44140625 0.65625
vt 0.28125 0.65625
vt 0.28125 0.4375
vt 0.44140625 0.4375
vt 0.44140625 0.421875
vt 0.28125 0.421875
vn 0 0 -1
vn 1 0 0
vn 0 0 1
vn -1 0 0
vn 0 1 0
vn 0 -1 0
usemtl m_3d215661-f591-00a8-53e2-d8d611c756be
f 1991/6640/1707 1994/6639/1707 1992/6638/1707 1989/6637/1707
f 1990/6644/1708 1991/6643/1708 1989/6642/1708 1988/6641/1708
f 1995/6648/1709 1990/6647/1709 1988/6646/1709 1993/6645/1709
f 1994/6652/1710 1995/6651/1710 1993/6650/1710 1992/6649/1710
f 1993/6656/1711 1988/6655/1711 1989/6654/1711 1992/6653/1711
f 1994/6660/1712 1991/6659/1712 1990/6658/1712 1995/6657/1712
o cube
v 0.265625 7.1875 -0.3125
v 0.265625 7.1875 -0.4375
v 0.265625 6.1875 -0.3125
v 0.265625 6.1875 -0.4375
v -0.265625 7.1875 -0.4375
v -0.265625 7.1875 -0.3125
v -0.265625 6.1875 -0.4375
v -0.265625 6.1875 -0.3125
vt 0 0.125
vt 0.03125 0.125
vt 0.03125 0.109375
vt 0 0.109375
vt 0.4375 0.71875
vt 0.46875 0.71875
vt 0.46875 0.46875
vt 0.4375 0.46875
vt 0.28125 0.71875
vt 0.46875 0.71875
vt 0.46875 0.46875
vt 0.28125 0.46875
vt 0.28125 0.71875
vt 0.3125 0.71875
vt 0.3125 0.46875
vt 0.28125 0.46875
vt 0.28125 0.71875
vt 0.46875 0.71875
vt 0.46875 0.6875
vt 0.28125 0.6875
vt 0.28125 0.5
vt 0.46875 0.5
vt 0.46875 0.46875
vt 0.28125 0.46875
vn 0 0 -1
vn 1 0 0
vn 0 0 1
vn -1 0 0
vn 0 1 0
vn 0 -1 0
usemtl m_3d215661-f591-00a8-53e2-d8d611c756be
f 1999/6664/1713 2002/6663/1713 2000/6662/1713 1997/6661/1713
f 1998/6668/1714 1999/6667/1714 1997/6666/1714 1996/6665/1714
f 2003/6672/1715 1998/6671/1715 1996/6670/1715 2001/6669/1715
f 2002/6676/1716 2003/6675/1716 2001/6674/1716 2000/6673/1716
f 2001/6680/1717 1996/6679/1717 1997/6678/1717 2000/6677/1717
f 2002/6684/1718 1999/6683/1718 1998/6682/1718 2003/6681/1718
o cube
v 0.328125 7.4375 -0.4375
v 0.328125 7.4375 -0.5
v 0.328125 7.1875 -0.4375
v 0.328125 7.1875 -0.5
v -0.328125 7.4375 -0.5
v -0.328125 7.4375 -0.4375
v -0.328125 7.1875 -0.5
v -0.328125 7.1875 -0.4375
vt 0.28125 0.734375
vt 0.4453125 0.734375
vt 0.4453125 0.671875
vt 0.28125 0.671875
vt 0.28125 0.734375
vt 0.296875 0.734375
vt 0.296875 0.671875
vt 0.28125 0.671875
vt 0.29296875 0.734375
vt 0.45703125 0.734375
vt 0.45703125 0.671875
vt 0.29296875 0.671875
vt 0.296875 0.734375
vt 0.3125 0.734375
vt 0.3125 0.671875
vt 0.296875 0.671875
vt 0.29296875 0.71875
vt 0.45703125 0.71875
vt 0.45703125 0.703125
vt 0.29296875 0.703125
vt 0.29296875 0.734375
vt 0.45703125 0.734375
vt 0.45703125 0.71875
vt 0.29296875 0.71875
vn 0 0 -1
vn 1 0 0
vn 0 0 1
vn -1 0 0
vn 0 1 0
vn 0 -1 0
usemtl m_3d215661-f591-00a8-53e2-d8d611c756be
f 2007/6688/1719 2010/6687/1719 2008/6686/1719 2005/6685/1719
f 2006/6692/1720 2007/6691/1720 2005/6690/1720 2004/6689/1720
f 2011/6696/1721 2006/6695/1721 2004/6694/1721 2009/6693/1721
f 2010/6700/1722 2011/6699/1722 2009/6698/1722 2008/6697/1722
f 2009/6704/1723 2004/6703/1723 2005/6702/1723 2008/6701/1723
f 2010/6708/1724 2007/6707/1724 2006/6706/1724 2011/6705/1724
o cube
v 0.265625 7.4375 -0.3125
v 0.265625 7.4375 -0.4375
v 0.265625 7.1875 -0.3125
v 0.265625 7.1875 -0.4375
v -0.265625 7.4375 -0.4375
v -0.265625 7.4375 -0.3125
v -0.265625 7.1875 -0.4375
v -0.265625 7.1875 -0.3125
vt 0.3046875 0.734375
vt 0.4375 0.734375
vt 0.4375 0.671875
vt 0.3046875 0.671875
vt 0.296875 0.734375
vt 0.328125 0.734375
vt 0.328125 0.671875
vt 0.296875 0.671875
vt 0.296875 0.734375
vt 0.4296875 0.734375
vt 0.4296875 0.671875
vt 0.296875 0.671875
vt 0.296875 0.734375
vt 0.328125 0.734375
vt 0.328125 0.671875
vt 0.296875 0.671875
vt 0.296875 0.734375
vt 0.4296875 0.734375
vt 0.4296875 0.703125
vt 0.296875 0.703125
vt 0.296875 0.734375
vt 0.4296875 0.734375
vt 0.4296875 0.703125
vt 0.296875 0.703125
vn 0 0 -1
vn 1 0 0
vn 0 0 1
vn -1 0 0
vn 0 1 0
vn 0 -1 0
usemtl m_3d215661-f591-00a8-53e2-d8d611c756be
f 2015/6712/1725 2018/6711/1725 2016/6710/1725 2013/6709/1725
f 2014/6716/1726 2015/6715/1726 2013/6714/1726 2012/6713/1726
f 2019/6720/1727 2014/6719/1727 2012/6718/1727 2017/6717/1727
f 2018/6724/1728 2019/6723/1728 2017/6722/1728 2016/6721/1728
f 2017/6728/1729 2012/6727/1729 2013/6726/1729 2016/6725/1729
f 2018/6732/1730 2015/6731/1730 2014/6730/1730 2019/6729/1730
o cube
v 0.203125 7.0625 0.671875
v 0.203125 7.0625 0.640625
v 0.203125 6.1875 0.671875
v 0.203125 6.1875 0.640625
v 0.171875 7.0625 0.640625
v 0.171875 7.0625 0.671875
v 0.171875 6.1875 0.640625
v 0.171875 6.1875 0.671875
vt 0.5 0.71875
vt 0.515625 0.71875
vt 0.515625 0.515625
vt 0.5 0.515625
vt 0.5 0.71875
vt 0.515625 0.71875
vt 0.515625 0.515625
vt 0.5 0.515625
vt 0.5 0.71875
vt 0.515625 0.71875
vt 0.515625 0.515625
vt 0.5 0.515625
vt 0.5 0.71875
vt 0.515625 0.71875
vt 0.515625 0.515625
vt 0.5 0.515625
vt 0.5 0.734375
vt 0.515625 0.734375
vt 0.515625 0.71875
vt 0.5 0.71875
vt 0.5 0.734375
vt 0.515625 0.734375
vt 0.515625 0.71875
vt 0.5 0.71875
vn 0 0 -1
vn 1 0 0
vn 0 0 1
vn -1 0 0
vn 0 1 0
vn 0 -1 0
usemtl m_3d215661-f591-00a8-53e2-d8d611c756be
f 2023/6736/1731 2026/6735/1731 2024/6734/1731 2021/6733/1731
f 2022/6740/1732 2023/6739/1732 2021/6738/1732 2020/6737/1732
f 2027/6744/1733 2022/6743/1733 2020/6742/1733 2025/6741/1733
f 2026/6748/1734 2027/6747/1734 2025/6746/1734 2024/6745/1734
f 2025/6752/1735 2020/6751/1735 2021/6750/1735 2024/6749/1735
f 2026/6756/1736 2023/6755/1736 2022/6754/1736 2027/6753/1736
o cube
v -0.171875 7.0625 0.671875
v -0.171875 7.0625 0.640625
v -0.171875 6.1875 0.671875
v -0.171875 6.1875 0.640625
v -0.203125 7.0625 0.640625
v -0.203125 7.0625 0.671875
v -0.203125 6.1875 0.640625
v -0.203125 6.1875 0.671875
vt 0.5 0.71875
vt 0.515625 0.71875
vt 0.515625 0.515625
vt 0.5 0.515625
vt 0.5 0.71875
vt 0.515625 0.71875
vt 0.515625 0.515625
vt 0.5 0.515625
vt 0.5 0.71875
vt 0.515625 0.71875
vt 0.515625 0.515625
vt 0.5 0.515625
vt 0.5 0.71875
vt 0.515625 0.71875
vt 0.515625 0.515625
vt 0.5 0.515625
vt 0.5 0.734375
vt 0.515625 0.734375
vt 0.515625 0.71875
vt 0.5 0.71875
vt 0.5 0.734375
vt 0.515625 0.734375
vt 0.515625 0.71875
vt 0.5 0.71875
vn 0 0 -1
vn 1 0 0
vn 0 0 1
vn -1 0 0
vn 0 1 0
vn 0 -1 0
usemtl m_3d215661-f591-00a8-53e2-d8d611c756be
f 2031/6760/1737 2034/6759/1737 2032/6758/1737 2029/6757/1737
f 2030/6764/1738 2031/6763/1738 2029/6762/1738 2028/6761/1738
f 2035/6768/1739 2030/6767/1739 2028/6766/1739 2033/6765/1739
f 2034/6772/1740 2035/6771/1740 2033/6770/1740 2032/6769/1740
f 2033/6776/1741 2028/6775/1741 2029/6774/1741 2032/6773/1741
f 2034/6780/1742 2031/6779/1742 2030/6778/1742 2035/6777/1742
o cube
v 0.321875 7.072403495667446 0.3006974734590799
v 0.321875 7.0669769901153545 0.26992223117744835
v 0.321875 6.2722471963450275 0.44178661781346074
v 0.321875 6.266820690792936 0.41101137553182926
v 0.290625 7.0669769901153545 0.26992223117744835
v 0.290625 7.072403495667446 0.3006974734590799
v 0.290625 6.266820690792936 0.41101137553182926
v 0.290625 6.2722471963450275 0.44178661781346074
vt 0.9375 0.8125
vt 1 0.8125
vt 1 0
vt 0.9375 0
vt 0.9375 0.8125
vt 1 0.8125
vt 1 0
vt 0.9375 0
vt 0.9375 0.8125
vt 1 0.8125
vt 1 0
vt 0.9375 0
vt 0.9375 0.8125
vt 1 0.8125
vt 1 0
vt 0.9375 0
vt 0.9375 0.0625
vt 1 0.0625
vt 1 0
vt 0.9375 0
vt 0.9375 0.0625
vt 1 0.0625
vt 1 0
vt 0.9375 0
vn 0 -0.17364817766693033 -0.984807753012208
vn 1 0 0
vn 0 0.17364817766693033 0.984807753012208
vn -1 0 0
vn 0 0.984807753012208 -0.17364817766693033
vn 0 -0.984807753012208 0.17364817766693033
usemtl m_b2af6bd8-ffc8-ff72-7f7b-7b18782af15d
f 2039/6784/1743 2042/6783/1743 2040/6782/1743 2037/6781/1743
f 2038/6788/1744 2039/6787/1744 2037/6786/1744 2036/6785/1744
f 2043/6792/1745 2038/6791/1745 2036/6790/1745 2041/6789/1745
f 2042/6796/1746 2043/6795/1746 2041/6794/1746 2040/6793/1746
f 2041/6800/1747 2036/6799/1747 2037/6798/1747 2040/6797/1747
f 2042/6804/1748 2039/6803/1748 2038/6802/1748 2043/6801/1748
o cube
v 0.321875 6.278497096337586 0.44178632969193904
v 0.321875 6.267644403361431 0.41148617765653756
v 0.19687500000000002 6.149146227218501 0.46349264002182705
v 0.19687500000000002 6.138293425712235 0.4331918724815799
v 0.290625 6.278497096337586 0.44178632969193904
v 0.290625 6.267644403361431 0.41148617765653756
v 0.16562500000000002 6.149146227218501 0.46349264002182705
v 0.16562500000000002 6.138293425712235 0.4331918724815799
vt 0.0625 0.8125
vt 0.0625 1
vt 0 1
vt 0 0.8125
vt 0.0625 0.8125
vt 0.0625 1
vt 0 1
vt 0 0.8125
vt 1 0
vt 1 0.0625
vt 0.9375 0.0625
vt 0.9375 0
vt 1 0
vt 1 0.0625
vt 0.9375 0.0625
vt 0.9375 0
vt 0.0625 0.8125
vt 0.0625 1
vt 0 1
vt 0 0.8125
vt 0.0625 0.8125
vt 0.0625 1
vt 0 1
vt 0 0.8125
vn 0.7184079888882103 -0.6548824570226995 0.23456114125214608
vn -0.7184082726374399 0.6548821811410809 -0.23456104243882994
vn 0 0.9414343719216651 -0.33719626831336696
vn 0 -0.9414354758547882 0.33719318617384436
vn 0 0.1654955404877144 0.9862105384139227
vn 0 -0.16549084116532245 -0.9862113269935578
usemtl m_b2af6bd8-ffc8-ff72-7f7b-7b18782af15d
f 2047/6805/1749 2045/6806/1749 2044/6807/1749 2046/6808/1749
f 2050/6809/1750 2048/6810/1750 2049/6811/1750 2051/6812/1750
f 2044/6813/1751 2045/6814/1751 2049/6815/1751 2048/6816/1751
f 2047/6817/1752 2046/6818/1752 2050/6819/1752 2051/6820/1752
f 2046/6821/1753 2044/6822/1753 2048/6823/1753 2050/6824/1753
f 2051/6825/1754 2049/6826/1754 2045/6827/1754 2047/6828/1754
o cube
v -0.303125 6.278497096337586 0.44178632969193904
v -0.303125 6.267644403361431 0.41148617765653756
v -0.17812499999999998 6.149146227218501 0.46349264002182705
v -0.17812499999999998 6.138293425712235 0.4331918724815799
v -0.334375 6.278497096337586 0.44178632969193904
v -0.334375 6.267644403361431 0.41148617765653756
v -0.20937499999999998 6.149146227218501 0.46349264002182705
v -0.20937499999999998 6.138293425712235 0.4331918724815799
vt 0.0625 0.8125
vt 0.0625 1
vt 0 1
vt 0 0.8125
vt 0.0625 0.8125
vt 0.0625 1
vt 0 1
vt 0 0.8125
vt 1 0
vt 1 0.0625
vt 0.9375 0.0625
vt 0.9375 0
vt 1 0
vt 1 0.0625
vt 0.9375 0.0625
vt 0.9375 0
vt 0.0625 0.8125
vt 0.0625 1
vt 0 1
vt 0 0.8125
vt 0.0625 0.8125
vt 0.0625 1
vt 0 1
vt 0 0.8125
vn 0.7184079888882103 0.6548824570226995 -0.23456114125214608
vn -0.7184082726374399 -0.6548821811410809 0.23456104243882994
vn 0 0.9414343719216651 -0.33719626831336696
vn 0 -0.9414354758547882 0.33719318617384436
vn 0 0.1654955404877144 0.9862105384139227
vn 0 -0.16549084116532245 -0.9862113269935578
usemtl m_b2af6bd8-ffc8-ff72-7f7b-7b18782af15d
f 2055/6829/1755 2053/6830/1755 2052/6831/1755 2054/6832/1755
f 2058/6833/1756 2056/6834/1756 2057/6835/1756 2059/6836/1756
f 2052/6837/1757 2053/6838/1757 2057/6839/1757 2056/6840/1757
f 2055/6841/1758 2054/6842/1758 2058/6843/1758 2059/6844/1758
f 2054/6845/1759 2052/6846/1759 2056/6847/1759 2058/6848/1759
f 2059/6849/1760 2057/6850/1760 2053/6851/1760 2055/6852/1760
o cube
v -0.303125 7.072403495667446 0.3006974734590799
v -0.303125 7.0669769901153545 0.26992223117744835
v -0.303125 6.2722471963450275 0.44178661781346074
v -0.303125 6.266820690792936 0.41101137553182926
v -0.334375 7.0669769901153545 0.26992223117744835
v -0.334375 7.072403495667446 0.3006974734590799
v -0.334375 6.266820690792936 0.41101137553182926
v -0.334375 6.2722471963450275 0.44178661781346074
vt 0.9375 0.8125
vt 1 0.8125
vt 1 0
vt 0.9375 0
vt 0.9375 0.8125
vt 1 0.8125
vt 1 0
vt 0.9375 0
vt 0.9375 0.8125
vt 1 0.8125
vt 1 0
vt 0.9375 0
vt 0.9375 0.8125
vt 1 0.8125
vt 1 0
vt 0.9375 0
vt 0.9375 0.0625
vt 1 0.0625
vt 1 0
vt 0.9375 0
vt 0.9375 0.0625
vt 1 0.0625
vt 1 0
vt 0.9375 0
vn 0 -0.17364817766693033 -0.984807753012208
vn 1 0 0
vn 0 0.17364817766693033 0.984807753012208
vn -1 0 0
vn 0 0.984807753012208 -0.17364817766693033
vn 0 -0.984807753012208 0.17364817766693033
usemtl m_b2af6bd8-ffc8-ff72-7f7b-7b18782af15d
f 2063/6856/1761 2066/6855/1761 2064/6854/1761 2061/6853/1761
f 2062/6860/1762 2063/6859/1762 2061/6858/1762 2060/6857/1762
f 2067/6864/1763 2062/6863/1763 2060/6862/1763 2065/6861/1763
f 2066/6868/1764 2067/6867/1764 2065/6866/1764 2064/6865/1764
f 2065/6872/1765 2060/6871/1765 2061/6870/1765 2064/6869/1765
f 2066/6876/1766 2063/6875/1766 2062/6874/1766 2067/6873/1766
o cube
v 0.265625 7.09375 0.671875
v 0.265625 7.09375 0.640625
v 0.265625 7.0625 0.671875
v 0.265625 7.0625 0.640625
v -0.265625 7.09375 0.640625
v -0.265625 7.09375 0.671875
v -0.265625 7.0625 0.640625
v -0.265625 7.0625 0.671875
vt 0.546875 0.734375
vt 0.703125 0.734375
vt 0.703125 0.71875
vt 0.546875 0.71875
vt 0.734375 0.734375
vt 0.75 0.734375
vt 0.75 0.71875
vt 0.734375 0.71875
vt 0.546875 0.734375
vt 0.703125 0.734375
vt 0.703125 0.71875
vt 0.546875 0.71875
vt 0.5 0.734375
vt 0.515625 0.734375
vt 0.515625 0.71875
vt 0.5 0.71875
vt 0.546875 0.734375
vt 0.703125 0.734375
vt 0.703125 0.71875
vt 0.546875 0.71875
vt 0.546875 0.734375
vt 0.703125 0.734375
vt 0.703125 0.71875
vt 0.546875 0.71875
vn 0 0 -1
vn 1 0 0
vn 0 0 1
vn -1 0 0
vn 0 1 0
vn 0 -1 0
usemtl m_3d215661-f591-00a8-53e2-d8d611c756be
f 2071/6880/1767 2074/6879/1767 2072/6878/1767 2069/6877/1767
f 2070/6884/1768 2071/6883/1768 2069/6882/1768 2068/6881/1768
f 2075/6888/1769 2070/6887/1769 2068/6886/1769 2073/6885/1769
f 2074/6892/1770 2075/6891/1770 2073/6890/1770 2072/6889/1770
f 2073/6896/1771 2068/6895/1771 2069/6894/1771 2072/6893/1771
f 2074/6900/1772 2071/6899/1772 2070/6898/1772 2075/6897/1772
o cube
v 0.328125 7.00625 -0.34375
v 0.328125 7.00625 -0.4375
v 0.328125 6.1875 -0.34375
v 0.328125 6.1875 -0.4375
v 0.265625 7.00625 -0.4375
v 0.265625 7.00625 -0.34375
v 0.265625 6.1875 -0.4375
v 0.265625 6.1875 -0.34375
vt 0 0.990625
vt 0.0625 0.990625
vt 0.0625 0.171875
vt 0 0.171875
vt 0.03125 0.990625
vt 0.125 0.990625
vt 0.125 0.171875
vt 0.03125 0.171875
vt 0.0625 0.990625
vt 0.125 0.990625
vt 0.125 0.171875
vt 0.0625 0.171875
vt 0 0.990625
vt 0.09375 0.990625
vt 0.09375 0.171875
vt 0 0.171875
vt 0.0625 1
vt 0.125 1
vt 0.125 0.90625
vt 0.0625 0.90625
vt 0.0625 0.96875
vt 0.125 0.96875
vt 0.125 0.875
vt 0.0625 0.875
vn 0 0 -1
vn 1 0 0
vn 0 0 1
vn -1 0 0
vn 0 1 0
vn 0 -1 0
usemtl m_b2af6bd8-ffc8-ff72-7f7b-7b18782af15d
f 2079/6904/1773 2082/6903/1773 2080/6902/1773 2077/6901/1773
f 2078/6908/1774 2079/6907/1774 2077/6906/1774 2076/6905/1774
f 2083/6912/1775 2078/6911/1775 2076/6910/1775 2081/6909/1775
f 2082/6916/1776 2083/6915/1776 2081/6914/1776 2080/6913/1776
f 2081/6920/1777 2076/6919/1777 2077/6918/1777 2080/6917/1777
f 2082/6924/1778 2079/6923/1778 2078/6922/1778 2083/6921/1778
o cube
v -0.265625 7.00625 -0.34375
v -0.265625 7.00625 -0.4375
v -0.265625 6.1875 -0.34375
v -0.265625 6.1875 -0.4375
v -0.328125 7.00625 -0.4375
v -0.328125 7.00625 -0.34375
v -0.328125 6.1875 -0.4375
v -0.328125 6.1875 -0.34375
vt 0 1
vt 0.0625 1
vt 0.0625 0.18125000000000002
vt 0 0.18125000000000002
vt 0.03125 1
vt 0.125 1
vt 0.125 0.18125000000000002
vt 0.03125 0.18125000000000002
vt 0.0625 1
vt 0.125 1
vt 0.125 0.18125000000000002
vt 0.0625 0.18125000000000002
vt 0 1
vt 0.09375 1
vt 0.09375 0.18125000000000002
vt 0 0.18125000000000002
vt 0.0625 1
vt 0.125 1
vt 0.125 0.90625
vt 0.0625 0.90625
vt 0.0625 0.96875
vt 0.125 0.96875
vt 0.125 0.875
vt 0.0625 0.875
vn 0 0 -1
vn 1 0 0
vn 0 0 1
vn -1 0 0
vn 0 1 0
vn 0 -1 0
usemtl m_b2af6bd8-ffc8-ff72-7f7b-7b18782af15d
f 2087/6928/1779 2090/6927/1779 2088/6926/1779 2085/6925/1779
f 2086/6932/1780 2087/6931/1780 2085/6930/1780 2084/6929/1780
f 2091/6936/1781 2086/6935/1781 2084/6934/1781 2089/6933/1781
f 2090/6940/1782 2091/6939/1782 2089/6938/1782 2088/6937/1782
f 2089/6944/1783 2084/6943/1783 2085/6942/1783 2088/6941/1783
f 2090/6948/1784 2087/6947/1784 2086/6946/1784 2091/6945/1784
o cube
v -0.296875 7.09375 0.5625
v -0.296875 7.09375 -0.4375
v -0.296875 7.0625 0.5625
v -0.296875 7.0625 -0.4375
v -0.328125 7.09375 -0.4375
v -0.328125 7.09375 0.5625
v -0.328125 7.0625 -0.4375
v -0.328125 7.0625 0.5625
vt 0 1
vt 0.0625 1
vt 0.0625 0.9375
vt 0 0.9375
vt 0 1
vt 1 1
vt 1 0.9375
vt 0 0.9375
vt 0.0625 1
vt 0.125 1
vt 0.125 0.9375
vt 0.0625 0.9375
vt 0 1
vt 1 1
vt 1 0.9375
vt 0 0.9375
vt 0 1
vt 0.0625 1
vt 0.0625 0
vt 0 0
vt 0 1
vt 0.0625 1
vt 0.0625 0
vt 0 0
vn 0 0 -1
vn 1 0 0
vn 0 0 1
vn -1 0 0
vn 0 1 0
vn 0 -1 0
usemtl m_b2af6bd8-ffc8-ff72-7f7b-7b18782af15d
f 2095/6952/1785 2098/6951/1785 2096/6950/1785 2093/6949/1785
f 2094/6956/1786 2095/6955/1786 2093/6954/1786 2092/6953/1786
f 2099/6960/1787 2094/6959/1787 2092/6958/1787 2097/6957/1787
f 2098/6964/1788 2099/6963/1788 2097/6962/1788 2096/6961/1788
f 2097/6968/1789 2092/6967/1789 2093/6966/1789 2096/6965/1789
f 2098/6972/1790 2095/6971/1790 2094/6970/1790 2099/6969/1790
o cube
v 0.203125 6.1875 0.6875
v 0.203125 6.1875 0.21875
v 0.203125 6.125 0.6875
v 0.203125 6.125 0.21875
v -0.203125 6.1875 0.21875
v -0.203125 6.1875 0.6875
v -0.203125 6.125 0.21875
v -0.203125 6.125 0.6875
vt 0.34375 0.5625
vt 0.84375 0.5625
vt 0.84375 0.5
vt 0.34375 0.5
vt 0.46875 0.6875
vt 1 0.6875
vt 1 0.625
vt 0.46875 0.625
vt 0.21875 0.8125
vt 0.71875 0.8125
vt 0.71875 0.75
vt 0.21875 0.75
vt 0.3125 0.625
vt 0.84375 0.625
vt 0.84375 0.5625
vt 0.3125 0.5625
vt 0.15625 0.75
vt 0.65625 0.75
vt 0.65625 0.21875
vt 0.15625 0.21875
vt 0 0.90625
vt 0.5 0.90625
vt 0.5 0.375
vt 0 0.375
vn 0 0 -1
vn 1 0 0
vn 0 0 1
vn -1 0 0
vn 0 1 0
vn 0 -1 0
usemtl m_b2af6bd8-ffc8-ff72-7f7b-7b18782af15d
f 2103/6976/1791 2106/6975/1791 2104/6974/1791 2101/6973/1791
f 2102/6980/1792 2103/6979/1792 2101/6978/1792 2100/6977/1792
f 2107/6984/1793 2102/6983/1793 2100/6982/1793 2105/6981/1793
f 2106/6988/1794 2107/6987/1794 2105/6986/1794 2104/6985/1794
f 2105/6992/1795 2100/6991/1795 2101/6990/1795 2104/6989/1795
f 2106/6996/1796 2103/6995/1796 2102/6994/1796 2107/6993/1796
o cube
v -0.265625 7.09375 0.65625
v -0.265625 7.09375 0.5625
v -0.265625 7.0625 0.65625
v -0.265625 7.0625 0.5625
v -0.328125 7.09375 0.5625
v -0.328125 7.09375 0.65625
v -0.328125 7.0625 0.5625
v -0.328125 7.0625 0.65625
vt 0 0.96875
vt 0.0625 0.96875
vt 0.0625 0.9375
vt 0 0.9375
vt 0.84375 0.96875
vt 0.9375 0.96875
vt 0.9375 0.9375
vt 0.84375 0.9375
vt 0.0625 0.96875
vt 0.125 0.96875
vt 0.125 0.9375
vt 0.0625 0.9375
vt 0.0625 0.96875
vt 0.15625 0.96875
vt 0.15625 0.9375
vt 0.0625 0.9375
vt 0.0625 0.9375
vt 0.125 0.9375
vt 0.125 0.84375
vt 0.0625 0.84375
vt 0.0625 0.15625
vt 0.125 0.15625
vt 0.125 0.0625
vt 0.0625 0.0625
vn 0 0 -1
vn 1 0 0
vn 0 0 1
vn -1 0 0
vn 0 1 0
vn 0 -1 0
usemtl m_b2af6bd8-ffc8-ff72-7f7b-7b18782af15d
f 2111/7000/1797 2114/6999/1797 2112/6998/1797 2109/6997/1797
f 2110/7004/1798 2111/7003/1798 2109/7002/1798 2108/7001/1798
f 2115/7008/1799 2110/7007/1799 2108/7006/1799 2113/7005/1799
f 2114/7012/1800 2115/7011/1800 2113/7010/1800 2112/7009/1800
f 2113/7016/1801 2108/7015/1801 2109/7014/1801 2112/7013/1801
f 2114/7020/1802 2111/7019/1802 2110/7018/1802 2115/7017/1802
o cube
v 0.328125 7.09375 0.5625
v 0.328125 7.09375 -0.4375
v 0.328125 7.0625 0.5625
v 0.328125 7.0625 -0.4375
v 0.296875 7.09375 -0.4375
v 0.296875 7.09375 0.5625
v 0.296875 7.0625 -0.4375
v 0.296875 7.0625 0.5625
vt 0 0.96875
vt 0.03125 0.96875
vt 0.03125 0.9375
vt 0 0.9375
vt 0 0.96875
vt 1 0.96875
vt 1 0.9375
vt 0 0.9375
vt 0.09375 0.96875
vt 0.125 0.96875
vt 0.125 0.9375
vt 0.09375 0.9375
vt 0 0.96875
vt 1 0.96875
vt 1 0.9375
vt 0 0.9375
vt 0.09375 1
vt 0.125 1
vt 0.125 0
vt 0.09375 0
vt 0.09375 1
vt 0.125 1
vt 0.125 0
vt 0.09375 0
vn 0 0 -1
vn 1 0 0
vn 0 0 1
vn -1 0 0
vn 0 1 0
vn 0 -1 0
usemtl m_b2af6bd8-ffc8-ff72-7f7b-7b18782af15d
f 2119/7024/1803 2122/7023/1803 2120/7022/1803 2117/7021/1803
f 2118/7028/1804 2119/7027/1804 2117/7026/1804 2116/7025/1804
f 2123/7032/1805 2118/7031/1805 2116/7030/1805 2121/7029/1805
f 2122/7036/1806 2123/7035/1806 2121/7034/1806 2120/7033/1806
f 2121/7040/1807 2116/7039/1807 2117/7038/1807 2120/7037/1807
f 2122/7044/1808 2119/7043/1808 2118/7042/1808 2123/7041/1808
o cube
v 0.328125 7.09375 0.65625
v 0.328125 7.09375 0.5625
v 0.328125 7.0625 0.65625
v 0.328125 7.0625 0.5625
v 0.265625 7.09375 0.5625
v 0.265625 7.09375 0.65625
v 0.265625 7.0625 0.5625
v 0.265625 7.0625 0.65625
vt 0 0.96875
vt 0.0625 0.96875
vt 0.0625 0.9375
vt 0 0.9375
vt 0.84375 0.96875
vt 0.9375 0.96875
vt 0.9375 0.9375
vt 0.84375 0.9375
vt 0.0625 0.96875
vt 0.125 0.96875
vt 0.125 0.9375
vt 0.0625 0.9375
vt 0.0625 0.96875
vt 0.15625 0.96875
vt 0.15625 0.9375
vt 0.0625 0.9375
vt 0.0625 0.9375
vt 0.125 0.9375
vt 0.125 0.84375
vt 0.0625 0.84375
vt 0.0625 0.15625
vt 0.125 0.15625
vt 0.125 0.0625
vt 0.0625 0.0625
vn 0 0 -1
vn 1 0 0
vn 0 0 1
vn -1 0 0
vn 0 1 0
vn 0 -1 0
usemtl m_b2af6bd8-ffc8-ff72-7f7b-7b18782af15d
f 2127/7048/1809 2130/7047/1809 2128/7046/1809 2125/7045/1809
f 2126/7052/1810 2127/7051/1810 2125/7050/1810 2124/7049/1810
f 2131/7056/1811 2126/7055/1811 2124/7054/1811 2129/7053/1811
f 2130/7060/1812 2131/7059/1812 2129/7058/1812 2128/7057/1812
f 2129/7064/1813 2124/7063/1813 2125/7062/1813 2128/7061/1813
f 2130/7068/1814 2127/7067/1814 2126/7066/1814 2131/7065/1814
o cube
v 0.328125 6.1875 -0.34375
v 0.328125 6.1875 -0.4375
v 0.328125 6.15625 -0.34375
v 0.328125 6.15625 -0.4375
v -0.328125 6.1875 -0.4375
v -0.328125 6.1875 -0.34375
v -0.328125 6.15625 -0.4375
v -0.328125 6.15625 -0.34375
vt 0.046875 1
vt 0.703125 1
vt 0.703125 0.96875
vt 0.046875 0.96875
vt 0.03125 1
vt 0.125 1
vt 0.125 0.96875
vt 0.03125 0.96875
vt 0.046875 1
vt 0.703125 1
vt 0.703125 0.96875
vt 0.046875 0.96875
vt 0 1
vt 0.09375 1
vt 0.09375 0.96875
vt 0 0.96875
vt 0.046875 1
vt 0.703125 1
vt 0.703125 0.90625
vt 0.046875 0.90625
vt 0.046875 0.96875
vt 0.703125 0.96875
vt 0.703125 0.875
vt 0.046875 0.875
vn 0 0 -1
vn 1 0 0
vn 0 0 1
vn -1 0 0
vn 0 1 0
vn 0 -1 0
usemtl m_b2af6bd8-ffc8-ff72-7f7b-7b18782af15d
f 2135/7072/1815 2138/7071/1815 2136/7070/1815 2133/7069/1815
f 2134/7076/1816 2135/7075/1816 2133/7074/1816 2132/7073/1816
f 2139/7080/1817 2134/7079/1817 2132/7078/1817 2137/7077/1817
f 2138/7084/1818 2139/7083/1818 2137/7082/1818 2136/7081/1818
f 2137/7088/1819 2132/7087/1819 2133/7086/1819 2136/7085/1819
f 2138/7092/1820 2135/7091/1820 2134/7090/1820 2139/7089/1820
o cube
v 0.109375 5.96875 -0.34375
v 0.109375 5.96875 -0.4375
v 0.109375 5.9375 -0.34375
v 0.109375 5.9375 -0.4375
v -0.109375 5.96875 -0.4375
v -0.109375 5.96875 -0.34375
v -0.109375 5.9375 -0.4375
v -0.109375 5.9375 -0.34375
vt 0.265625 0.96875
vt 0.484375 0.96875
vt 0.484375 0.9375
vt 0.265625 0.9375
vt 0.03125 0.96875
vt 0.125 0.96875
vt 0.125 0.9375
vt 0.03125 0.9375
vt 0.265625 0.96875
vt 0.484375 0.96875
vt 0.484375 0.9375
vt 0.265625 0.9375
vt 0 0.96875
vt 0.09375 0.96875
vt 0.09375 0.9375
vt 0 0.9375
vt 0.265625 1
vt 0.484375 1
vt 0.484375 0.90625
vt 0.265625 0.90625
vt 0.265625 0.96875
vt 0.484375 0.96875
vt 0.484375 0.875
vt 0.265625 0.875
vn 0 0 -1
vn 1 0 0
vn 0 0 1
vn -1 0 0
vn 0 1 0
vn 0 -1 0
usemtl m_b2af6bd8-ffc8-ff72-7f7b-7b18782af15d
f 2143/7096/1821 2146/7095/1821 2144/7094/1821 2141/7093/1821
f 2142/7100/1822 2143/7099/1822 2141/7098/1822 2140/7097/1822
f 2147/7104/1823 2142/7103/1823 2140/7102/1823 2145/7101/1823
f 2146/7108/1824 2147/7107/1824 2145/7106/1824 2144/7105/1824
f 2145/7112/1825 2140/7111/1825 2141/7110/1825 2144/7109/1825
f 2146/7116/1826 2143/7115/1826 2142/7114/1826 2147/7113/1826
o cube
v 0.06875 6.25 -0.1875
v 0.06875 6.25 -0.3125
v 0.06875 6.125 -0.1875
v 0.06875 6.125 -0.3125
v -0.06875 6.25 -0.3125
v -0.06875 6.25 -0.1875
v -0.06875 6.125 -0.3125
v -0.06875 6.125 -0.1875
vt 0.0125 1
vt 0.15 1
vt 0.15 0.875
vt 0.0125 0.875
vt 0 1
vt 0.125 1
vt 0.125 0.875
vt 0 0.875
vt 0 1
vt 0.1375 1
vt 0.1375 0.875
vt 0 0.875
vt 0 1
vt 0.125 1
vt 0.125 0.875
vt 0 0.875
vt 0 1
vt 0.1375 1
vt 0.1375 0.875
vt 0 0.875
vt 0 1
vt 0.1375 1
vt 0.1375 0.875
vt 0 0.875
vn 0 0 -1
vn 1 0 0
vn 0 0 1
vn -1 0 0
vn 0 1 0
vn 0 -1 0
usemtl m_b2af6bd8-ffc8-ff72-7f7b-7b18782af15d
f 2151/7120/1827 2154/7119/1827 2152/7118/1827 2149/7117/1827
f 2150/7124/1828 2151/7123/1828 2149/7122/1828 2148/7121/1828
f 2155/7128/1829 2150/7127/1829 2148/7126/1829 2153/7125/1829
f 2154/7132/1830 2155/7131/1830 2153/7130/1830 2152/7129/1830
f 2153/7136/1831 2148/7135/1831 2149/7134/1831 2152/7133/1831
f 2154/7140/1832 2151/7139/1832 2150/7138/1832 2155/7137/1832
o cube
v -0.296875 7 -0.21875
v -0.296875 7 -0.34375
v -0.296875 6.96875 -0.21875
v -0.296875 6.96875 -0.34375
v -0.328125 7 -0.34375
v -0.328125 7 -0.21875
v -0.328125 6.96875 -0.34375
v -0.328125 6.96875 -0.21875
vt 0 1
vt 0.03125 1
vt 0.03125 0.96875
vt 0 0.96875
vt 0 1
vt 0.125 1
vt 0.125 0.96875
vt 0 0.96875
vt 0.09375 1
vt 0.125 1
vt 0.125 0.96875
vt 0.09375 0.96875
vt 0.0625 1
vt 0.1875 1
vt 0.1875 0.96875
vt 0.0625 0.96875
vt 0.09375 0.9375
vt 0.125 0.9375
vt 0.125 0.8125
vt 0.09375 0.8125
vt 0.09375 1
vt 0.125 1
vt 0.125 0.875
vt 0.09375 0.875
vn 0 0 -1
vn 1 0 0
vn 0 0 1
vn -1 0 0
vn 0 1 0
vn 0 -1 0
usemtl m_b2af6bd8-ffc8-ff72-7f7b-7b18782af15d
f 2159/7144/1833 2162/7143/1833 2160/7142/1833 2157/7141/1833
f 2158/7148/1834 2159/7147/1834 2157/7146/1834 2156/7145/1834
f 2163/7152/1835 2158/7151/1835 2156/7150/1835 2161/7149/1835
f 2162/7156/1836 2163/7155/1836 2161/7154/1836 2160/7153/1836
f 2161/7160/1837 2156/7159/1837 2157/7158/1837 2160/7157/1837
f 2162/7164/1838 2159/7163/1838 2158/7162/1838 2163/7161/1838
o cube
v -0.296875 6.34375 -0.21875
v -0.296875 6.34375 -0.34375
v -0.296875 6.3125 -0.21875
v -0.296875 6.3125 -0.34375
v -0.328125 6.34375 -0.34375
v -0.328125 6.34375 -0.21875
v -0.328125 6.3125 -0.34375
v -0.328125 6.3125 -0.21875
vt 0 1
vt 0.03125 1
vt 0.03125 0.96875
vt 0 0.96875
vt 0 1
vt 0.125 1
vt 0.125 0.96875
vt 0 0.96875
vt 0.09375 1
vt 0.125 1
vt 0.125 0.96875
vt 0.09375 0.96875
vt 0.0625 1
vt 0.1875 1
vt 0.1875 0.96875
vt 0.0625 0.96875
vt 0.09375 0.9375
vt 0.125 0.9375
vt 0.125 0.8125
vt 0.09375 0.8125
vt 0.09375 1
vt 0.125 1
vt 0.125 0.875
vt 0.09375 0.875
vn 0 0 -1
vn 1 0 0
vn 0 0 1
vn -1 0 0
vn 0 1 0
vn 0 -1 0
usemtl m_b2af6bd8-ffc8-ff72-7f7b-7b18782af15d
f 2167/7168/1839 2170/7167/1839 2168/7166/1839 2165/7165/1839
f 2166/7172/1840 2167/7171/1840 2165/7170/1840 2164/7169/1840
f 2171/7176/1841 2166/7175/1841 2164/7174/1841 2169/7173/1841
f 2170/7180/1842 2171/7179/1842 2169/7178/1842 2168/7177/1842
f 2169/7184/1843 2164/7183/1843 2165/7182/1843 2168/7181/1843
f 2170/7188/1844 2167/7187/1844 2166/7186/1844 2171/7185/1844
o cube
v 0.328125 6.96875 -0.1875
v 0.328125 6.96875 -0.21875
v 0.328125 6.34375 -0.1875
v 0.328125 6.34375 -0.21875
v 0.296875 6.96875 -0.21875
v 0.296875 6.96875 -0.1875
v 0.296875 6.34375 -0.21875
v 0.296875 6.34375 -0.1875
vt 0.03125 0.96875
vt 0.0625 0.96875
vt 0.0625 0.34375
vt 0.03125 0.34375
vt 0.09375 0.96875
vt 0.125 0.96875
vt 0.125 0.34375
vt 0.09375 0.34375
vt 0.0625 0.96875
vt 0.09375 0.96875
vt 0.09375 0.34375
vt 0.0625 0.34375
vt 0 0.96875
vt 0.03125 0.96875
vt 0.03125 0.34375
vt 0 0.34375
vt 0.0625 1
vt 0.09375 1
vt 0.09375 0.96875
vt 0.0625 0.96875
vt 0.0625 0.90625
vt 0.09375 0.90625
vt 0.09375 0.875
vt 0.0625 0.875
vn 0 0 -1
vn 1 0 0
vn 0 0 1
vn -1 0 0
vn 0 1 0
vn 0 -1 0
usemtl m_b2af6bd8-ffc8-ff72-7f7b-7b18782af15d
f 2175/7192/1845 2178/7191/1845 2176/7190/1845 2173/7189/1845
f 2174/7196/1846 2175/7195/1846 2173/7194/1846 2172/7193/1846
f 2179/7200/1847 2174/7199/1847 2172/7198/1847 2177/7197/1847
f 2178/7204/1848 2179/7203/1848 2177/7202/1848 2176/7201/1848
f 2177/7208/1849 2172/7207/1849 2173/7206/1849 2176/7205/1849
f 2178/7212/1850 2175/7211/1850 2174/7210/1850 2179/7209/1850
o cube
v 0.328125 6.34375 -0.1875
v 0.328125 6.34375 -0.21875
v 0.328125 6.3125 -0.21875
v 0.296875 6.34375 -0.1875
v 0.296875 6.34375 -0.21875
v 0.296875 6.3125 -0.21875
vt 0.125 0.9375
vt 0.09375 0.9375
vt 0.09375 0.90625
vt 0.03125 0.9375
vt 0 0.9375
vt 0.03125 0.90625
vt 0.125 0.96875
vt 0.125 1
vt 0.0625 1
vt 0.0625 0.96875
vt 0.125 0.90625
vt 0.125 0.9375
vt 0.0625 0.9375
vt 0.0625 0.90625
vt 0.0625 0.90625
vt 0.0625 0.9375
vt 0 0.9375
vt 0 0.90625
vn 1 0 0
vn -1 0 0
vn 0 1 0
vn 0 -0.7071067811865476 0.7071067811865476
vn 0 0 -1
usemtl m_b2af6bd8-ffc8-ff72-7f7b-7b18782af15d
f 2181/7213/1851 2180/7214/1851 2182/7215/1851
f 2183/7216/1852 2184/7217/1852 2185/7218/1852
f 2180/7219/1853 2181/7220/1853 2184/7221/1853 2183/7222/1853
f 2182/7223/1854 2180/7224/1854 2183/7225/1854 2185/7226/1854
f 2185/7227/1855 2184/7228/1855 2181/7229/1855 2182/7230/1855
o cube
v 0.328125 7 -0.21875
v 0.328125 7 -0.34375
v 0.328125 6.96875 -0.21875
v 0.328125 6.96875 -0.34375
v 0.296875 7 -0.34375
v 0.296875 7 -0.21875
v 0.296875 6.96875 -0.34375
v 0.296875 6.96875 -0.21875
vt 0.03125 1
vt 0.0625 1
vt 0.0625 0.96875
vt 0.03125 0.96875
vt 0 1
vt 0.125 1
vt 0.125 0.96875
vt 0 0.96875
vt 0.0625 1
vt 0.09375 1
vt 0.09375 0.96875
vt 0.0625 0.96875
vt 0.0625 1
vt 0.1875 1
vt 0.1875 0.96875
vt 0.0625 0.96875
vt 0.0625 0.9375
vt 0.09375 0.9375
vt 0.09375 0.8125
vt 0.0625 0.8125
vt 0.0625 1
vt 0.09375 1
vt 0.09375 0.875
vt 0.0625 0.875
vn 0 0 -1
vn 1 0 0
vn 0 0 1
vn -1 0 0
vn 0 1 0
vn 0 -1 0
usemtl m_b2af6bd8-ffc8-ff72-7f7b-7b18782af15d
f 2189/7234/1856 2192/7233/1856 2190/7232/1856 2187/7231/1856
f 2188/7238/1857 2189/7237/1857 2187/7236/1857 2186/7235/1857
f 2193/7242/1858 2188/7241/1858 2186/7240/1858 2191/7239/1858
f 2192/7246/1859 2193/7245/1859 2191/7244/1859 2190/7243/1859
f 2191/7250/1860 2186/7249/1860 2187/7248/1860 2190/7247/1860
f 2192/7254/1861 2189/7253/1861 2188/7252/1861 2193/7251/1861
o cube
v 0.328125 7 -0.21875
v 0.328125 6.96875 -0.1875
v 0.328125 6.96875 -0.21875
v 0.296875 7 -0.21875
v 0.296875 6.96875 -0.1875
v 0.296875 6.96875 -0.21875
vt 0.15625 1
vt 0.1875 0.96875
vt 0.15625 0.96875
vt 0.03125 1
vt 0.03125 0.96875
vt 0 0.96875
vt 0.125 0.8125
vt 0.125 0.84375
vt 0.0625 0.84375
vt 0.0625 0.8125
vt 0.125 0.96875
vt 0.125 1
vt 0.0625 1
vt 0.0625 0.96875
vt 0.0625 0.96875
vt 0.0625 1
vt 0 1
vt 0 0.96875
vn -1 0 0
vn 1 0 0
vn 0 -1 0
vn 0 0.7071067811865476 0.7071067811865476
vn 0 0 -1
usemtl m_b2af6bd8-ffc8-ff72-7f7b-7b18782af15d
f 2194/7255/1862 2196/7256/1862 2195/7257/1862
f 2197/7258/1863 2198/7259/1863 2199/7260/1863
f 2196/7261/1864 2195/7262/1864 2198/7263/1864 2199/7264/1864
f 2195/7265/1865 2194/7266/1865 2197/7267/1865 2198/7268/1865
f 2199/7269/1866 2197/7270/1866 2194/7271/1866 2196/7272/1866
o cube
v -0.296875 7 -0.21875
v -0.296875 6.96875 -0.1875
v -0.296875 6.96875 -0.21875
v -0.328125 7 -0.21875
v -0.328125 6.96875 -0.1875
v -0.328125 6.96875 -0.21875
vt 0.15625 1
vt 0.1875 0.96875
vt 0.15625 0.96875
vt 0.03125 1
vt 0.03125 0.96875
vt 0 0.96875
vt 0.125 0.8125
vt 0.125 0.84375
vt 0.0625 0.84375
vt 0.0625 0.8125
vt 0.125 0.96875
vt 0.125 1
vt 0.0625 1
vt 0.0625 0.96875
vt 0.0625 0.96875
vt 0.0625 1
vt 0 1
vt 0 0.96875
vn -1 0 0
vn 1 0 0
vn 0 -1 0
vn 0 0.7071067811865476 0.7071067811865476
vn 0 0 -1
usemtl m_b2af6bd8-ffc8-ff72-7f7b-7b18782af15d
f 2200/7273/1867 2202/7274/1867 2201/7275/1867
f 2203/7276/1868 2204/7277/1868 2205/7278/1868
f 2202/7279/1869 2201/7280/1869 2204/7281/1869 2205/7282/1869
f 2201/7283/1870 2200/7284/1870 2203/7285/1870 2204/7286/1870
f 2205/7287/1871 2203/7288/1871 2200/7289/1871 2202/7290/1871
o cube
v 0.328125 6.34375 -0.21875
v 0.328125 6.34375 -0.34375
v 0.328125 6.3125 -0.21875
v 0.328125 6.3125 -0.34375
v 0.296875 6.34375 -0.34375
v 0.296875 6.34375 -0.21875
v 0.296875 6.3125 -0.34375
v 0.296875 6.3125 -0.21875
vt 0.03125 1
vt 0.0625 1
vt 0.0625 0.96875
vt 0.03125 0.96875
vt 0 1
vt 0.125 1
vt 0.125 0.96875
vt 0 0.96875
vt 0.0625 1
vt 0.09375 1
vt 0.09375 0.96875
vt 0.0625 0.96875
vt 0.0625 1
vt 0.1875 1
vt 0.1875 0.96875
vt 0.0625 0.96875
vt 0.0625 0.9375
vt 0.09375 0.9375
vt 0.09375 0.8125
vt 0.0625 0.8125
vt 0.0625 1
vt 0.09375 1
vt 0.09375 0.875
vt 0.0625 0.875
vn 0 0 -1
vn 1 0 0
vn 0 0 1
vn -1 0 0
vn 0 1 0
vn 0 -1 0
usemtl m_b2af6bd8-ffc8-ff72-7f7b-7b18782af15d
f 2209/7294/1872 2212/7293/1872 2210/7292/1872 2207/7291/1872
f 2208/7298/1873 2209/7297/1873 2207/7296/1873 2206/7295/1873
f 2213/7302/1874 2208/7301/1874 2206/7300/1874 2211/7299/1874
f 2212/7306/1875 2213/7305/1875 2211/7304/1875 2210/7303/1875
f 2211/7310/1876 2206/7309/1876 2207/7308/1876 2210/7307/1876
f 2212/7314/1877 2209/7313/1877 2208/7312/1877 2213/7311/1877
o cube
v -0.296875 6.96875 -0.1875
v -0.296875 6.96875 -0.21875
v -0.296875 6.34375 -0.1875
v -0.296875 6.34375 -0.21875
v -0.328125 6.96875 -0.21875
v -0.328125 6.96875 -0.1875
v -0.328125 6.34375 -0.21875
v -0.328125 6.34375 -0.1875
vt 0 0.96875
vt 0.03125 0.96875
vt 0.03125 0.34375
vt 0 0.34375
vt 0.09375 0.96875
vt 0.125 0.96875
vt 0.125 0.34375
vt 0.09375 0.34375
vt 0.09375 0.96875
vt 0.125 0.96875
vt 0.125 0.34375
vt 0.09375 0.34375
vt 0 0.96875
vt 0.03125 0.96875
vt 0.03125 0.34375
vt 0 0.34375
vt 0.09375 1
vt 0.125 1
vt 0.125 0.96875
vt 0.09375 0.96875
vt 0.09375 0.90625
vt 0.125 0.90625
vt 0.125 0.875
vt 0.09375 0.875
vn 0 0 -1
vn 1 0 0
vn 0 0 1
vn -1 0 0
vn 0 1 0
vn 0 -1 0
usemtl m_b2af6bd8-ffc8-ff72-7f7b-7b18782af15d
f 2217/7318/1878 2220/7317/1878 2218/7316/1878 2215/7315/1878
f 2216/7322/1879 2217/7321/1879 2215/7320/1879 2214/7319/1879
f 2221/7326/1880 2216/7325/1880 2214/7324/1880 2219/7323/1880
f 2220/7330/1881 2221/7329/1881 2219/7328/1881 2218/7327/1881
f 2219/7334/1882 2214/7333/1882 2215/7332/1882 2218/7331/1882
f 2220/7338/1883 2217/7337/1883 2216/7336/1883 2221/7335/1883
o cube
v -0.296875 6.34375 -0.1875
v -0.296875 6.34375 -0.21875
v -0.296875 6.3125 -0.21875
v -0.328125 6.34375 -0.1875
v -0.328125 6.34375 -0.21875
v -0.328125 6.3125 -0.21875
vt 0.125 0.9375
vt 0.09375 0.9375
vt 0.09375 0.90625
vt 0.03125 0.9375
vt 0 0.9375
vt 0.03125 0.90625
vt 0.125 0.96875
vt 0.125 1
vt 0.0625 1
vt 0.0625 0.96875
vt 0.125 0.90625
vt 0.125 0.9375
vt 0.0625 0.9375
vt 0.0625 0.90625
vt 0.0625 0.90625
vt 0.0625 0.9375
vt 0 0.9375
vt 0 0.90625
vn 1 0 0
vn -1 0 0
vn 0 1 0
vn 0 -0.7071067811865476 0.7071067811865476
vn 0 0 -1
usemtl m_b2af6bd8-ffc8-ff72-7f7b-7b18782af15d
f 2223/7339/1884 2222/7340/1884 2224/7341/1884
f 2225/7342/1885 2226/7343/1885 2227/7344/1885
f 2222/7345/1886 2223/7346/1886 2226/7347/1886 2225/7348/1886
f 2224/7349/1887 2222/7350/1887 2225/7351/1887 2227/7352/1887
f 2227/7353/1888 2226/7354/1888 2223/7355/1888 2224/7356/1888
o cube
v 0.203125 6.1875 0.68125
v 0.0625 6.125 0.21875
v 0.203125 6.125 0.68125
v 0.0625 6.0625 0.21875
v 0.140625 6.1875 0.68125
v 0 6.125 0.21875
v 0.140625 6.125 0.68125
v 0 6.0625 0.21875
vt 0.5 0.9375
vt 0.5 1
vt 0.03125 1
vt 0.03125 0.9375
vt 0.46875 0.9375
vt 0.46875 1
vt 0 1
vt 0 0.9375
vt 0.125 0.53125
vt 0.125 1
vt 0.0625 1
vt 0.0625 0.53125
vt 0.125 0.5
vt 0.125 0.96875
vt 0.0625 0.96875
vt 0.0625 0.5
vt 0.125 0.9375
vt 0.125 1
vt 0.0625 1
vt 0.0625 0.9375
vt 0.0625 0.9375
vt 0.0625 1
vt 0 1
vt 0 0.9375
vn 0.9567521361388583 0 -0.29090436571789613
vn -0.9567521361388583 0 0.29090436571789613
vn 0 0.9909924304103234 -0.13391789600139506
vn 0 -0.9909924304103234 0.133917896001395
vn 0 0 1
vn 0 0 -1
usemtl m_b2af6bd8-ffc8-ff72-7f7b-7b18782af15d
f 2231/7357/1889 2229/7358/1889 2228/7359/1889 2230/7360/1889
f 2234/7361/1890 2232/7362/1890 2233/7363/1890 2235/7364/1890
f 2228/7365/1891 2229/7366/1891 2233/7367/1891 2232/7368/1891
f 2231/7369/1892 2230/7370/1892 2234/7371/1892 2235/7372/1892
f 2230/7373/1893 2228/7374/1893 2232/7375/1893 2234/7376/1893
f 2235/7377/1894 2233/7378/1894 2229/7379/1894 2231/7380/1894
o cube
v -0.140625 6.1875 0.68125
v 0 6.125 0.21875
v -0.140625 6.125 0.68125
v 0 6.0625 0.21875
v -0.203125 6.1875 0.68125
v -0.0625 6.125 0.21875
v -0.203125 6.125 0.68125
v -0.0625 6.0625 0.21875
vt 0.5 0.9375
vt 0.5 1
vt 0.03125 1
vt 0.03125 0.9375
vt 0.46875 0.9375
vt 0.46875 1
vt 0 1
vt 0 0.9375
vt 0.125 0.53125
vt 0.125 1
vt 0.0625 1
vt 0.0625 0.53125
vt 0.125 0.5
vt 0.125 0.96875
vt 0.0625 0.96875
vt 0.0625 0.5
vt 0.125 0.9375
vt 0.125 1
vt 0.0625 1
vt 0.0625 0.9375
vt 0.0625 0.9375
vt 0.0625 1
vt 0 1
vt 0 0.9375
vn 0.9567521361388583 0 0.29090436571789613
vn -0.9567521361388583 0 -0.29090436571789613
vn 0 0.9909924304103234 -0.133917896001395
vn 0 -0.9909924304103234 0.13391789600139506
vn 0 0 1
vn 0 0 -1
usemtl m_b2af6bd8-ffc8-ff72-7f7b-7b18782af15d
f 2239/7381/1895 2237/7382/1895 2236/7383/1895 2238/7384/1895
f 2242/7385/1896 2240/7386/1896 2241/7387/1896 2243/7388/1896
f 2236/7389/1897 2237/7390/1897 2241/7391/1897 2240/7392/1897
f 2239/7393/1898 2238/7394/1898 2242/7395/1898 2243/7396/1898
f 2238/7397/1899 2236/7398/1899 2240/7399/1899 2242/7400/1899
f 2243/7401/1900 2241/7402/1900 2237/7403/1900 2239/7404/1900
o cube
v 0.3060277119120796 6.178347108384558 -0.3375
v 0.3060277119120796 6.178347108384558 -0.43125
v 0.32812479882415924 6.156250021472478 -0.3375
v 0.32812479882415924 6.156250021472478 -0.43125
v 0.08917353008300397 5.961492926555482 -0.43125
v 0.08917353008300397 5.961492926555482 -0.3375
v 0.11127061699508359 5.939395839643402 -0.43125
v 0.11127061699508359 5.939395839643402 -0.3375
vt 0.25 0.96875
vt 0.556678125 0.96875
vt 0.556678125 0.9375
vt 0.25 0.9375
vt 0.03125 0.96875
vt 0.125 0.96875
vt 0.125 0.9375
vt 0.03125 0.9375
vt 0.296875 0.96875
vt 0.603553125 0.96875
vt 0.603553125 0.9375
vt 0.296875 0.9375
vt 0 0.96875
vt 0.09375 0.96875
vt 0.09375 0.9375
vt 0 0.9375
vt 0.296875 1
vt 0.603553125 1
vt 0.603553125 0.90625
vt 0.296875 0.90625
vt 0.296875 0.96875
vt 0.603553125 0.96875
vt 0.603553125 0.875
vt 0.296875 0.875
vn 0 0 -1
vn 0.7071067811865475 0.7071067811865476 0
vn 0 0 1
vn -0.7071067811865475 -0.7071067811865476 0
vn -0.7071067811865476 0.7071067811865475 0
vn 0.7071067811865476 -0.7071067811865475 0
usemtl m_b2af6bd8-ffc8-ff72-7f7b-7b18782af15d
f 2247/7408/1901 2250/7407/1901 2248/7406/1901 2245/7405/1901
f 2246/7412/1902 2247/7411/1902 2245/7410/1902 2244/7409/1902
f 2251/7416/1903 2246/7415/1903 2244/7414/1903 2249/7413/1903
f 2250/7420/1904 2251/7419/1904 2249/7418/1904 2248/7417/1904
f 2249/7424/1905 2244/7423/1905 2245/7422/1905 2248/7421/1905
f 2250/7428/1906 2247/7427/1906 2246/7426/1906 2251/7425/1906
o cube
v -0.08917352198356213 5.96149291845604 -0.3375
v -0.08917352198356213 5.96149291845604 -0.43125
v -0.11127060889564175 5.93939583154396 -0.3375
v -0.11127060889564175 5.93939583154396 -0.43125
v -0.3060277038126378 6.178347100285116 -0.43125
v -0.3060277038126378 6.178347100285116 -0.3375
v -0.32812479072471745 6.156250013373036 -0.43125
v -0.32812479072471745 6.156250013373036 -0.3375
vt 0.193321875 0.96875
vt 0.5 0.96875
vt 0.5 0.9375
vt 0.193321875 0.9375
vt 0.03125 0.96875
vt 0.125 0.96875
vt 0.125 0.9375
vt 0.03125 0.9375
vt 0.25 0.96875
vt 0.556678125 0.96875
vt 0.556678125 0.9375
vt 0.25 0.9375
vt 0 0.96875
vt 0.09375 0.96875
vt 0.09375 0.9375
vt 0 0.9375
vt 0.25 1
vt 0.556678125 1
vt 0.556678125 0.90625
vt 0.25 0.90625
vt 0.25 0.96875
vt 0.556678125 0.96875
vt 0.556678125 0.875
vt 0.25 0.875
vn 0 0 -1
vn 0.7071067811865475 -0.7071067811865476 0
vn 0 0 1
vn -0.7071067811865475 0.7071067811865476 0
vn 0.7071067811865476 0.7071067811865475 0
vn -0.7071067811865476 -0.7071067811865475 0
usemtl m_b2af6bd8-ffc8-ff72-7f7b-7b18782af15d
f 2255/7432/1907 2258/7431/1907 2256/7430/1907 2253/7429/1907
f 2254/7436/1908 2255/7435/1908 2253/7434/1908 2252/7433/1908
f 2259/7440/1909 2254/7439/1909 2252/7438/1909 2257/7437/1909
f 2258/7444/1910 2259/7443/1910 2257/7442/1910 2256/7441/1910
f 2257/7448/1911 2252/7447/1911 2253/7446/1911 2256/7445/1911
f 2258/7452/1912 2255/7451/1912 2254/7450/1912 2259/7449/1912
o cube
v 0.0625 5.96875 -0.21875
v 0.0625 5.96875 -0.34375
v 0.0625 5.9375 -0.21875
v 0.0625 5.9375 -0.34375
v -0.0625 5.96875 -0.34375
v -0.0625 5.96875 -0.21875
v -0.0625 5.9375 -0.34375
v -0.0625 5.9375 -0.21875
vt 0.3125 0.96875
vt 0.4375 0.96875
vt 0.4375 0.9375
vt 0.3125 0.9375
vt 0.03125 0.96875
vt 0.15625 0.96875
vt 0.15625 0.9375
vt 0.03125 0.9375
vt 0.3125 0.96875
vt 0.4375 0.96875
vt 0.4375 0.9375
vt 0.3125 0.9375
vt 0.03125 0.96875
vt 0.15625 0.96875
vt 0.15625 0.9375
vt 0.03125 0.9375
vt 0.3125 0.96875
vt 0.4375 0.96875
vt 0.4375 0.84375
vt 0.3125 0.84375
vt 0.3125 0.96875
vt 0.4375 0.96875
vt 0.4375 0.84375
vt 0.3125 0.84375
vn 0 0 -1
vn 1 0 0
vn 0 0 1
vn -1 0 0
vn 0 1 0
vn 0 -1 0
usemtl m_b2af6bd8-ffc8-ff72-7f7b-7b18782af15d
f 2263/7456/1913 2266/7455/1913 2264/7454/1913 2261/7453/1913
f 2262/7460/1914 2263/7459/1914 2261/7458/1914 2260/7457/1914
f 2267/7464/1915 2262/7463/1915 2260/7462/1915 2265/7461/1915
f 2266/7468/1916 2267/7467/1916 2265/7466/1916 2264/7465/1916
f 2265/7472/1917 2260/7471/1917 2261/7470/1917 2264/7469/1917
f 2266/7476/1918 2263/7475/1918 2262/7474/1918 2267/7473/1918
o cube
v 0.06249999999999997 6 0.21875
v 0.06249999999999997 6 0.09375
v 0.06249999999999997 5 0.21875
v 0.06249999999999997 5 0.09375
v -0.06250000000000003 6 0.09375
v -0.06250000000000003 6 0.21875
v -0.06250000000000003 5 0.09375
v -0.06250000000000003 5 0.21875
vt 0.0078125 1
vt 0.0390625 1
vt 0.0390625 0.75
vt 0.0078125 0.75
vt 0 1
vt 0.03125 1
vt 0.03125 0.75
vt 0 0.75
vt 0.0078125 1
vt 0.0390625 1
vt 0.0390625 0.75
vt 0.0078125 0.75
vt 0 1
vt 0.03125 1
vt 0.03125 0.75
vt 0 0.75
vt 0.0078125 1
vt 0.0390625 1
vt 0.0390625 0.96875
vt 0.0078125 0.96875
vt 0.0078125 1
vt 0.0390625 1
vt 0.0390625 0.96875
vt 0.0078125 0.96875
vn 0 0 -1
vn 1 0 0
vn 0 0 1
vn -1 0 0
vn 0 1 0
vn 0 -1 0
usemtl m_3d215661-f591-00a8-53e2-d8d611c756be
f 2271/7480/1919 2274/7479/1919 2272/7478/1919 2269/7477/1919
f 2270/7484/1920 2271/7483/1920 2269/7482/1920 2268/7481/1920
f 2275/7488/1921 2270/7487/1921 2268/7486/1921 2273/7485/1921
f 2274/7492/1922 2275/7491/1922 2273/7490/1922 2272/7489/1922
f 2273/7496/1923 2268/7495/1923 2269/7494/1923 2272/7493/1923
f 2274/7500/1924 2271/7499/1924 2270/7498/1924 2275/7497/1924
o cube
v 0.06249999999999997 6 -0.15625
v 0.06249999999999997 6 -0.21875
v 0.06249999999999997 5 -0.15625
v 0.06249999999999997 5 -0.21875
v -0.06250000000000003 6 -0.21875
v -0.06250000000000003 6 -0.15625
v -0.06250000000000003 5 -0.21875
v -0.06250000000000003 5 -0.15625
vt 0.0078125 1
vt 0.0390625 1
vt 0.0390625 0.75
vt 0.0078125 0.75
vt 0.015625 1
vt 0.03125 1
vt 0.03125 0.75
vt 0.015625 0.75
vt 0.0078125 1
vt 0.0390625 1
vt 0.0390625 0.75
vt 0.0078125 0.75
vt 0 1
vt 0.015625 1
vt 0.015625 0.75
vt 0 0.75
vt 0.0078125 1
vt 0.0390625 1
vt 0.0390625 0.984375
vt 0.0078125 0.984375
vt 0.0078125 0.984375
vt 0.0390625 0.984375
vt 0.0390625 0.96875
vt 0.0078125 0.96875
vn 0 0 -1
vn 1 0 0
vn 0 0 1
vn -1 0 0
vn 0 1 0
vn 0 -1 0
usemtl m_3d215661-f591-00a8-53e2-d8d611c756be
f 2279/7504/1925 2282/7503/1925 2280/7502/1925 2277/7501/1925
f 2278/7508/1926 2279/7507/1926 2277/7506/1926 2276/7505/1926
f 2283/7512/1927 2278/7511/1927 2276/7510/1927 2281/7509/1927
f 2282/7516/1928 2283/7515/1928 2281/7514/1928 2280/7513/1928
f 2281/7520/1929 2276/7519/1929 2277/7518/1929 2280/7517/1929
f 2282/7524/1930 2279/7523/1930 2278/7522/1930 2283/7521/1930
o cube
v 0.06249999999999997 5.875 0.09375
v 0.06249999999999997 5.875 -0.15625
v 0.06249999999999997 5.8125 0.09375
v 0.06249999999999997 5.8125 -0.15625
v -0.06250000000000003 5.875 -0.15625
v -0.06250000000000003 5.875 0.09375
v -0.06250000000000003 5.8125 -0.15625
v -0.06250000000000003 5.8125 0.09375
vt 0.09375 0.921875
vt 0.140625 0.921875
vt 0.140625 0.90625
vt 0.09375 0.90625
vt 0.09375 0.921875
vt 0.15625 0.921875
vt 0.15625 0.90625
vt 0.09375 0.90625
vt 0.09375 0.921875
vt 0.140625 0.921875
vt 0.140625 0.90625
vt 0.09375 0.90625
vt 0.09375 0.921875
vt 0.15625 0.921875
vt 0.15625 0.90625
vt 0.09375 0.90625
vt 0 1
vt 0.046875 1
vt 0.046875 0.9375
vt 0 0.9375
vt 0 1
vt 0.046875 1
vt 0.046875 0.9375
vt 0 0.9375
vn 0 0 -1
vn 1 0 0
vn 0 0 1
vn -1 0 0
vn 0 1 0
vn 0 -1 0
usemtl m_3d215661-f591-00a8-53e2-d8d611c756be
f 2287/7528/1931 2290/7527/1931 2288/7526/1931 2285/7525/1931
f 2286/7532/1932 2287/7531/1932 2285/7530/1932 2284/7529/1932
f 2291/7536/1933 2286/7535/1933 2284/7534/1933 2289/7533/1933
f 2290/7540/1934 2291/7539/1934 2289/7538/1934 2288/7537/1934
f 2289/7544/1935 2284/7543/1935 2285/7542/1935 2288/7541/1935
f 2290/7548/1936 2287/7547/1936 2286/7546/1936 2291/7545/1936
o cube
v 0.06249999999999997 5.4375 0.09375
v 0.06249999999999997 5.4375 -0.15625
v 0.06249999999999997 5.375 0.09375
v 0.06249999999999997 5.375 -0.15625
v -0.06250000000000003 5.4375 -0.15625
v -0.06250000000000003 5.4375 0.09375
v -0.06250000000000003 5.375 -0.15625
v -0.06250000000000003 5.375 0.09375
vt 0.09375 0.921875
vt 0.140625 0.921875
vt 0.140625 0.90625
vt 0.09375 0.90625
vt 0.09375 0.921875
vt 0.15625 0.921875
vt 0.15625 0.90625
vt 0.09375 0.90625
vt 0.09375 0.921875
vt 0.140625 0.921875
vt 0.140625 0.90625
vt 0.09375 0.90625
vt 0.09375 0.921875
vt 0.15625 0.921875
vt 0.15625 0.90625
vt 0.09375 0.90625
vt 0 1
vt 0.046875 1
vt 0.046875 0.9375
vt 0 0.9375
vt 0 1
vt 0.046875 1
vt 0.046875 0.9375
vt 0 0.9375
vn 0 0 -1
vn 1 0 0
vn 0 0 1
vn -1 0 0
vn 0 1 0
vn 0 -1 0
usemtl m_3d215661-f591-00a8-53e2-d8d611c756be
f 2295/7552/1937 2298/7551/1937 2296/7550/1937 2293/7549/1937
f 2294/7556/1938 2295/7555/1938 2293/7554/1938 2292/7553/1938
f 2299/7560/1939 2294/7559/1939 2292/7558/1939 2297/7557/1939
f 2298/7564/1940 2299/7563/1940 2297/7562/1940 2296/7561/1940
f 2297/7568/1941 2292/7567/1941 2293/7566/1941 2296/7565/1941
f 2298/7572/1942 2295/7571/1942 2294/7570/1942 2299/7569/1942
o cube
v 0.06249999999999997 6.1875 0.21875
v 0.06249999999999997 6.1875 0.09375
v 0.06249999999999997 6 0.21875
v 0.06249999999999997 6 0.09375
v -0.06250000000000003 6.1875 0.09375
v -0.06250000000000003 6.1875 0.21875
v -0.06250000000000003 6 0.09375
v -0.06250000000000003 6 0.21875
vt 0.0078125 0.796875
vt 0.0390625 0.796875
vt 0.0390625 0.75
vt 0.0078125 0.75
vt 0 0.796875
vt 0.03125 0.796875
vt 0.03125 0.75
vt 0 0.75
vt 0.0078125 0.796875
vt 0.0390625 0.796875
vt 0.0390625 0.75
vt 0.0078125 0.75
vt 0 0.796875
vt 0.03125 0.796875
vt 0.03125 0.75
vt 0 0.75
vt 0.0078125 1
vt 0.0390625 1
vt 0.0390625 0.96875
vt 0.0078125 0.96875
vt 0.0078125 1
vt 0.0390625 1
vt 0.0390625 0.96875
vt 0.0078125 0.96875
vn 0 0 -1
vn 1 0 0
vn 0 0 1
vn -1 0 0
vn 0 1 0
vn 0 -1 0
usemtl m_3d215661-f591-00a8-53e2-d8d611c756be
f 2303/7576/1943 2306/7575/1943 2304/7574/1943 2301/7573/1943
f 2302/7580/1944 2303/7579/1944 2301/7578/1944 2300/7577/1944
f 2307/7584/1945 2302/7583/1945 2300/7582/1945 2305/7581/1945
f 2306/7588/1946 2307/7587/1946 2305/7586/1946 2304/7585/1946
f 2305/7592/1947 2300/7591/1947 2301/7590/1947 2304/7589/1947
f 2306/7596/1948 2303/7595/1948 2302/7594/1948 2307/7593/1948
o cube
v 0.06249999999999997 6.1875 -0.15625
v 0.06249999999999997 6.1875 -0.21875
v 0.06249999999999997 6 -0.15625
v 0.06249999999999997 6 -0.21875
v -0.06250000000000003 6.1875 -0.21875
v -0.06250000000000003 6.1875 -0.15625
v -0.06250000000000003 6 -0.21875
v -0.06250000000000003 6 -0.15625
vt 0.0078125 0.796875
vt 0.0390625 0.796875
vt 0.0390625 0.75
vt 0.0078125 0.75
vt 0.015625 0.796875
vt 0.03125 0.796875
vt 0.03125 0.75
vt 0.015625 0.75
vt 0.0078125 0.796875
vt 0.0390625 0.796875
vt 0.0390625 0.75
vt 0.0078125 0.75
vt 0 0.796875
vt 0.015625 0.796875
vt 0.015625 0.75
vt 0 0.75
vt 0.0078125 1
vt 0.0390625 1
vt 0.0390625 0.984375
vt 0.0078125 0.984375
vt 0.0078125 0.984375
vt 0.0390625 0.984375
vt 0.0390625 0.96875
vt 0.0078125 0.96875
vn 0 0 -1
vn 1 0 0
vn 0 0 1
vn -1 0 0
vn 0 1 0
vn 0 -1 0
usemtl m_3d215661-f591-00a8-53e2-d8d611c756be
f 2311/7600/1949 2314/7599/1949 2312/7598/1949 2309/7597/1949
f 2310/7604/1950 2311/7603/1950 2309/7602/1950 2308/7601/1950
f 2315/7608/1951 2310/7607/1951 2308/7606/1951 2313/7605/1951
f 2314/7612/1952 2315/7611/1952 2313/7610/1952 2312/7609/1952
f 2313/7616/1953 2308/7615/1953 2309/7614/1953 2312/7613/1953
f 2314/7620/1954 2311/7619/1954 2310/7618/1954 2315/7617/1954
o cube
v 0.06249999999999997 6.1875 0.09375
v 0.06249999999999997 6.1875 -0.15625
v 0.06249999999999997 6.125 0.09375
v 0.06249999999999997 6.125 -0.15625
v -0.06250000000000003 6.1875 -0.15625
v -0.06250000000000003 6.1875 0.09375
v -0.06250000000000003 6.125 -0.15625
v -0.06250000000000003 6.125 0.09375
vt 0.09375 0.921875
vt 0.140625 0.921875
vt 0.140625 0.90625
vt 0.09375 0.90625
vt 0.09375 0.921875
vt 0.15625 0.921875
vt 0.15625 0.90625
vt 0.09375 0.90625
vt 0.09375 0.921875
vt 0.140625 0.921875
vt 0.140625 0.90625
vt 0.09375 0.90625
vt 0.09375 0.921875
vt 0.15625 0.921875
vt 0.15625 0.90625
vt 0.09375 0.90625
vt 0 1
vt 0.046875 1
vt 0.046875 0.9375
vt 0 0.9375
vt 0 1
vt 0.046875 1
vt 0.046875 0.9375
vt 0 0.9375
vn 0 0 -1
vn 1 0 0
vn 0 0 1
vn -1 0 0
vn 0 1 0
vn 0 -1 0
usemtl m_3d215661-f591-00a8-53e2-d8d611c756be
f 2319/7624/1955 2322/7623/1955 2320/7622/1955 2317/7621/1955
f 2318/7628/1956 2319/7627/1956 2317/7626/1956 2316/7625/1956
f 2323/7632/1957 2318/7631/1957 2316/7630/1957 2321/7629/1957
f 2322/7636/1958 2323/7635/1958 2321/7634/1958 2320/7633/1958
f 2321/7640/1959 2316/7639/1959 2317/7638/1959 2320/7637/1959
f 2322/7644/1960 2319/7643/1960 2318/7642/1960 2323/7641/1960