# Made in Blockbench 5.1.6
mtllib main.mtl

o cube
v 0.2318975 5.477033125 -0.4765625
v 0.2318975 5.477033125 -0.7265625
v 0.2318975 5.4531675 -0.4765625
v 0.2318975 5.4531675 -0.7265625
v 0.2056025 5.477033125 -0.4765625
v 0.2056025 5.477033125 -0.7265625
v 0.2056025 5.4531675 -0.4765625
v 0.2056025 5.4531675 -0.7265625
v 0.2318975 5.477033125 -0.4765625
v 0.2318975 5.477033125 -0.7265625
v 0.2318975 5.4531675 -0.4765625
v 0.2318975 5.4531675 -0.7265625
v 0.271841875 5.456753125 -0.4765625
v 0.271841875 5.456753125 -0.703835
v 0.25466875 5.4383993749999995 -0.4765625
v 0.25466875 5.4383993749999995 -0.703835
v 0.27100875 5.457689375 -0.4765625
v 0.27100875 5.457689375 -0.703835
v 0.25466875 5.4383993749999995 -0.4765625
v 0.25466875 5.4383993749999995 -0.703835
v 0.2890625 5.41282 -0.4765625
v 0.2890625 5.41282 -0.61292625
v 0.26781625 5.41282 -0.4765625
v 0.26781625 5.41282 -0.61292625
v 0.2890625 5.41282 -0.4765625
v 0.2890625 5.41282 -0.61292625
v 0.26781625 5.41282 -0.4765625
v 0.26781625 5.41282 -0.61292625
v 0.2890625 5.383283125 -0.4765625
v 0.2890625 5.383283125 -0.544744375
v 0.26781625 5.383283125 -0.4765625
v 0.26781625 5.383283125 -0.544744375
v 0.2056025 5.477033125 -0.4765625
v 0.2056025 5.477033125 -0.7265625
v 0.2056025 5.4531675 -0.4765625
v 0.2056025 5.4531675 -0.7265625
v 0.165658125 5.456753125 -0.4765625
v 0.165658125 5.456753125 -0.703835
v 0.18283125 5.4383993749999995 -0.4765625
v 0.18283125 5.4383993749999995 -0.703835
v 0.16649125 5.457689375 -0.4765625
v 0.16649125 5.457689375 -0.703835
v 0.18283125 5.4383993749999995 -0.4765625
v 0.18283125 5.4383993749999995 -0.703835
v 0.1484375 5.41282 -0.4765625
v 0.1484375 5.41282 -0.61292625
v 0.16968375 5.41282 -0.4765625
v 0.16968375 5.41282 -0.61292625
v 0.1484375 5.41282 -0.4765625
v 0.1484375 5.41282 -0.61292625
v 0.16968375 5.41282 -0.4765625
v 0.16968375 5.41282 -0.61292625
v 0.1484375 5.383283125 -0.4765625
v 0.1484375 5.383283125 -0.544744375
v 0.16968375 5.383283125 -0.4765625
v 0.16968375 5.383283125 -0.544744375
v 0.328125 6 -0.4375
v 0.328125 6 -0.5
v 0.328125 5 -0.4375
v 0.328125 5 -0.5
v -0.328125 6 -0.4375
v -0.328125 6 -0.5
v -0.328125 5 -0.4375
v -0.328125 5 -0.5
v 0.265625 6 -0.3125
v 0.265625 6 -0.4375
v 0.265625 5 -0.3125
v 0.265625 5 -0.4375
v -0.265625 6 -0.3125
v -0.265625 6 -0.4375
v -0.265625 5 -0.3125
v -0.265625 5 -0.4375
v 0.140625 5.7875 -0.534375
v 0.165745 5.88125 -0.534375
v 0.209255 5.856129999999999 -0.534375
v 0.234375 5.81262 -0.534375
v 0.234375 5.762379999999999 -0.534375
v 0.209255 5.71887 -0.534375
v 0.165745 5.69375 -0.534375
v 0.115505 5.69375 -0.534375
v 0.071995 5.71887 -0.534375
v 0.046875 5.762379999999999 -0.534375
v 0.046875 5.81262 -0.534375
v 0.071995 5.856129999999999 -0.534375
v 0.115505 5.88125 -0.534375
v 0.16783875 5.8890625 -0.5
v 0.16783875 5.8890625 -0.5625
v 0.160425 5.861395 -0.5
v 0.160425 5.861395 -0.5625
v 0.21497375000000002 5.86184875 -0.5
v 0.21497375000000002 5.86184875 -0.5625
v 0.19472 5.841595 -0.5
v 0.19472 5.841595 -0.5625
v 0.2421875 5.814713749999999 -0.5
v 0.2421875 5.814713749999999 -0.5625
v 0.21452 5.8073 -0.5
v 0.21452 5.8073 -0.5625
v 0.2421875 5.76028625 -0.5
v 0.2421875 5.76028625 -0.5625
v 0.21452 5.7677 -0.5
v 0.21452 5.7677 -0.5625
v 0.21497375000000002 5.713151249999999 -0.5
v 0.21497375000000002 5.713151249999999 -0.5625
v 0.19472 5.733404999999999 -0.5
v 0.19472 5.733404999999999 -0.5625
v 0.16783875 5.6859375 -0.5
v 0.16783875 5.6859375 -0.5625
v 0.160425 5.713604999999999 -0.5
v 0.160425 5.713604999999999 -0.5625
v 0.11341125 5.6859375 -0.5
v 0.11341125 5.6859375 -0.5625
v 0.120825 5.713604999999999 -0.5
v 0.120825 5.713604999999999 -0.5625
v 0.06627624999999998 5.713151249999999 -0.5
v 0.06627624999999998 5.713151249999999 -0.5625
v 0.08653 5.733404999999999 -0.5
v 0.08653 5.733404999999999 -0.5625
v 0.0390625 5.76028625 -0.5
v 0.0390625 5.76028625 -0.5625
v 0.06673000000000001 5.7677 -0.5
v 0.06673000000000001 5.7677 -0.5625
v 0.0390625 5.814713749999999 -0.5
v 0.0390625 5.814713749999999 -0.5625
v 0.06673000000000001 5.8073 -0.5
v 0.06673000000000001 5.8073 -0.5625
v 0.06627624999999998 5.86184875 -0.5
v 0.06627624999999998 5.86184875 -0.5625
v 0.08653 5.841595 -0.5
v 0.08653 5.841595 -0.5625
v 0.11341125 5.8890625 -0.5
v 0.11341125 5.8890625 -0.5625
v 0.120825 5.861395 -0.5
v 0.120825 5.861395 -0.5625
v 0.16606125 5.8999999999999995 -0.46875
v 0.16606125 5.8999999999999995 -0.9375
v 0.16606125 5.879166874999999 -0.46875
v 0.16606125 5.879166874999999 -0.9375
v 0.11518875 5.8999999999999995 -0.46875
v 0.11518875 5.8999999999999995 -0.9375
v 0.11518875 5.879166874999999 -0.46875
v 0.11518875 5.879166874999999 -0.9375
v 0.11518875 5.8999999999999995 -0.46875
v 0.11518875 5.8999999999999995 -0.9375
v 0.11518875 5.879166874999999 -0.46875
v 0.11518875 5.879166874999999 -0.9375
v 0.064316875 5.866145625 -0.46875
v 0.064316875 5.866145625 -0.859375
v 0.07703500000000002 5.8531249999999995 -0.46875
v 0.07703500000000002 5.8531249999999995 -0.859375
v 0.064316875 5.866145625 -0.46875
v 0.064316875 5.866145625 -0.859375
v 0.07703500000000002 5.8531249999999995 -0.46875
v 0.07703500000000002 5.8531249999999995 -0.859375
v 0.03125 5.8140624999999995 -0.46875
v 0.03125 5.8140624999999995 -0.6875
v 0.05159875 5.8140624999999995 -0.46875
v 0.05159875 5.8140624999999995 -0.6875
v 0.03125 5.8140624999999995 -0.46875
v 0.03125 5.8140624999999995 -0.6875
v 0.05159875 5.8140624999999995 -0.46875
v 0.05159875 5.8140624999999995 -0.6875
v 0.03125 5.7749999999999995 -0.46875
v 0.03125 5.7749999999999995 -0.5625
v 0.05159875 5.7749999999999995 -0.46875
v 0.05159875 5.7749999999999995 -0.5625
v 0.16606125 5.8999999999999995 -0.46875
v 0.16606125 5.8999999999999995 -0.9375
v 0.16606125 5.879166874999999 -0.46875
v 0.16606125 5.879166874999999 -0.9375
v 0.216933125 5.866145625 -0.46875
v 0.216933125 5.866145625 -0.859375
v 0.20421499999999998 5.8531249999999995 -0.46875
v 0.20421499999999998 5.8531249999999995 -0.859375
v 0.216933125 5.866145625 -0.46875
v 0.216933125 5.866145625 -0.859375
v 0.20421499999999998 5.8531249999999995 -0.46875
v 0.20421499999999998 5.8531249999999995 -0.859375
v 0.25 5.8140624999999995 -0.46875
v 0.25 5.8140624999999995 -0.6875
v 0.22965125 5.8140624999999995 -0.46875
v 0.22965125 5.8140624999999995 -0.6875
v 0.25 5.8140624999999995 -0.46875
v 0.25 5.8140624999999995 -0.6875
v 0.22965125 5.8140624999999995 -0.46875
v 0.22965125 5.8140624999999995 -0.6875
v 0.25 5.7749999999999995 -0.46875
v 0.25 5.7749999999999995 -0.5625
v 0.22965125 5.7749999999999995 -0.46875
v 0.22965125 5.7749999999999995 -0.5625
v 0.16606125 6.13125 -0.46875
v 0.16606125 6.13125 -0.9375
v 0.16606125 6.110416874999999 -0.46875
v 0.16606125 6.110416874999999 -0.9375
v 0.11518875 6.13125 -0.46875
v 0.11518875 6.13125 -0.9375
v 0.11518875 6.110416874999999 -0.46875
v 0.11518875 6.110416874999999 -0.9375
v 0.11518875 6.13125 -0.46875
v 0.11518875 6.13125 -0.9375
v 0.11518875 6.110416874999999 -0.46875
v 0.11518875 6.110416874999999 -0.9375
v 0.064316875 6.097395625 -0.46875
v 0.064316875 6.097395625 -0.859375
v 0.07703500000000002 6.084375 -0.46875
v 0.07703500000000002 6.084375 -0.859375
v 0.064316875 6.097395625 -0.46875
v 0.064316875 6.097395625 -0.859375
v 0.07703500000000002 6.084375 -0.46875
v 0.07703500000000002 6.084375 -0.859375
v 0.03125 6.0453125 -0.46875
v 0.03125 6.0453125 -0.6875
v 0.05159875 6.0453125 -0.46875
v 0.05159875 6.0453125 -0.6875
v 0.03125 6.0453125 -0.46875
v 0.03125 6.0453125 -0.6875
v 0.05159875 6.0453125 -0.46875
v 0.05159875 6.0453125 -0.6875
v 0.03125 6.00625 -0.46875
v 0.03125 6.00625 -0.5625
v 0.05159875 6.00625 -0.46875
v 0.05159875 6.00625 -0.5625
v 0.16606125 6.13125 -0.46875
v 0.16606125 6.13125 -0.9375
v 0.16606125 6.110416874999999 -0.46875
v 0.16606125 6.110416874999999 -0.9375
v 0.216933125 6.097395625 -0.46875
v 0.216933125 6.097395625 -0.859375
v 0.20421499999999998 6.084375 -0.46875
v 0.20421499999999998 6.084375 -0.859375
v 0.216933125 6.097395625 -0.46875
v 0.216933125 6.097395625 -0.859375
v 0.20421499999999998 6.084375 -0.46875
v 0.20421499999999998 6.084375 -0.859375
v 0.25 6.0453125 -0.46875
v 0.25 6.0453125 -0.6875
v 0.22965125 6.0453125 -0.46875
v 0.22965125 6.0453125 -0.6875
v 0.25 6.0453125 -0.46875
v 0.25 6.0453125 -0.6875
v 0.22965125 6.0453125 -0.46875
v 0.22965125 6.0453125 -0.6875
v 0.25 6.00625 -0.46875
v 0.25 6.00625 -0.5625
v 0.22965125 6.00625 -0.46875
v 0.22965125 6.00625 -0.5625
v 0.140625 6.01875 -0.534375
v 0.165745 6.1125 -0.534375
v 0.209255 6.08738 -0.534375
v 0.234375 6.04387 -0.534375
v 0.234375 5.99363 -0.534375
v 0.209255 5.95012 -0.534375
v 0.165745 5.925 -0.534375
v 0.115505 5.925 -0.534375
v 0.071995 5.95012 -0.534375
v 0.046875 5.99363 -0.534375
v 0.046875 6.04387 -0.534375
v 0.071995 6.08738 -0.534375
v 0.115505 6.1125 -0.534375
v 0.16783875 6.1203125 -0.5
v 0.16783875 6.1203125 -0.5625
v 0.160425 6.092645 -0.5
v 0.160425 6.092645 -0.5625
v 0.21497375000000002 6.09309875 -0.5
v 0.21497375000000002 6.09309875 -0.5625
v 0.19472 6.072845 -0.5
v 0.19472 6.072845 -0.5625
v 0.2421875 6.045963749999999 -0.5
v 0.2421875 6.045963749999999 -0.5625
v 0.21452 6.03855 -0.5
v 0.21452 6.03855 -0.5625
v 0.2421875 5.99153625 -0.5
v 0.2421875 5.99153625 -0.5625
v 0.21452 5.99895 -0.5
v 0.21452 5.99895 -0.5625
v 0.21497375000000002 5.944401249999999 -0.5
v 0.21497375000000002 5.944401249999999 -0.5625
v 0.19472 5.964655 -0.5
v 0.19472 5.964655 -0.5625
v 0.16783875 5.9171875 -0.5
v 0.16783875 5.9171875 -0.5625
v 0.160425 5.944855 -0.5
v 0.160425 5.944855 -0.5625
v 0.11341125 5.9171875 -0.5
v 0.11341125 5.9171875 -0.5625
v 0.120825 5.944855 -0.5
v 0.120825 5.944855 -0.5625
v 0.06627624999999998 5.944401249999999 -0.5
v 0.06627624999999998 5.944401249999999 -0.5625
v 0.08653 5.964655 -0.5
v 0.08653 5.964655 -0.5625
v 0.0390625 5.99153625 -0.5
v 0.0390625 5.99153625 -0.5625
v 0.06673000000000001 5.99895 -0.5
v 0.06673000000000001 5.99895 -0.5625
v 0.0390625 6.045963749999999 -0.5
v 0.0390625 6.045963749999999 -0.5625
v 0.06673000000000001 6.03855 -0.5
v 0.06673000000000001 6.03855 -0.5625
v 0.06627624999999998 6.09309875 -0.5
v 0.06627624999999998 6.09309875 -0.5625
v 0.08653 6.072845 -0.5
v 0.08653 6.072845 -0.5625
v 0.11341125 6.1203125 -0.5
v 0.11341125 6.1203125 -0.5625
v 0.120825 6.092645 -0.5
v 0.120825 6.092645 -0.5625
v -0.11518875 5.8999999999999995 -0.46875
v -0.11518875 5.8999999999999995 -0.9375
v -0.11518875 5.879166874999999 -0.46875
v -0.11518875 5.879166874999999 -0.9375
v -0.16606125 5.8999999999999995 -0.46875
v -0.16606125 5.8999999999999995 -0.9375
v -0.16606125 5.879166874999999 -0.46875
v -0.16606125 5.879166874999999 -0.9375
v -0.16606125 5.8999999999999995 -0.46875
v -0.16606125 5.8999999999999995 -0.9375
v -0.16606125 5.879166874999999 -0.46875
v -0.16606125 5.879166874999999 -0.9375
v -0.216933125 5.866145625 -0.46875
v -0.216933125 5.866145625 -0.859375
v -0.20421499999999998 5.8531249999999995 -0.46875
v -0.20421499999999998 5.8531249999999995 -0.859375
v -0.216933125 5.866145625 -0.46875
v -0.216933125 5.866145625 -0.859375
v -0.20421499999999998 5.8531249999999995 -0.46875
v -0.20421499999999998 5.8531249999999995 -0.859375
v -0.25 5.8140624999999995 -0.46875
v -0.25 5.8140624999999995 -0.6875
v -0.22965124999999997 5.8140624999999995 -0.46875
v -0.22965124999999997 5.8140624999999995 -0.6875
v -0.25 5.8140624999999995 -0.46875
v -0.25 5.8140624999999995 -0.6875
v -0.22965124999999997 5.8140624999999995 -0.46875
v -0.22965124999999997 5.8140624999999995 -0.6875
v -0.25 5.7749999999999995 -0.46875
v -0.25 5.7749999999999995 -0.5625
v -0.22965124999999997 5.7749999999999995 -0.46875
v -0.22965124999999997 5.7749999999999995 -0.5625
v -0.11518875 5.8999999999999995 -0.46875
v -0.11518875 5.8999999999999995 -0.9375
v -0.11518875 5.879166874999999 -0.46875
v -0.11518875 5.879166874999999 -0.9375
v -0.064316875 5.866145625 -0.46875
v -0.064316875 5.866145625 -0.859375
v -0.07703500000000002 5.8531249999999995 -0.46875
v -0.07703500000000002 5.8531249999999995 -0.859375
v -0.064316875 5.866145625 -0.46875
v -0.064316875 5.866145625 -0.859375
v -0.07703500000000002 5.8531249999999995 -0.46875
v -0.07703500000000002 5.8531249999999995 -0.859375
v -0.03125 5.8140624999999995 -0.46875
v -0.03125 5.8140624999999995 -0.6875
v -0.05159875000000003 5.8140624999999995 -0.46875
v -0.05159875000000003 5.8140624999999995 -0.6875
v -0.03125 5.8140624999999995 -0.46875
v -0.03125 5.8140624999999995 -0.6875
v -0.05159875000000003 5.8140624999999995 -0.46875
v -0.05159875000000003 5.8140624999999995 -0.6875
v -0.03125 5.7749999999999995 -0.46875
v -0.03125 5.7749999999999995 -0.5625
v -0.05159875000000003 5.7749999999999995 -0.46875
v -0.05159875000000003 5.7749999999999995 -0.5625
v -0.140625 5.7875 -0.534375
v -0.11550499999999997 5.88125 -0.534375
v -0.07199500000000003 5.856129999999999 -0.534375
v -0.046875 5.81262 -0.534375
v -0.046875 5.762379999999999 -0.534375
v -0.07199500000000003 5.71887 -0.534375
v -0.11550499999999997 5.69375 -0.534375
v -0.16574500000000003 5.69375 -0.534375
v -0.20925499999999997 5.71887 -0.534375
v -0.234375 5.762379999999999 -0.534375
v -0.234375 5.81262 -0.534375
v -0.20925499999999997 5.856129999999999 -0.534375
v -0.16574500000000003 5.88125 -0.534375
v -0.11341125000000002 5.8890625 -0.5
v -0.11341125000000002 5.8890625 -0.5625
v -0.12082500000000002 5.861395 -0.5
v -0.12082500000000002 5.861395 -0.5625
v -0.06627624999999998 5.86184875 -0.5
v -0.06627624999999998 5.86184875 -0.5625
v -0.08653 5.841595 -0.5
v -0.08653 5.841595 -0.5625
v -0.0390625 5.814713749999999 -0.5
v -0.0390625 5.814713749999999 -0.5625
v -0.06673000000000001 5.8073 -0.5
v -0.06673000000000001 5.8073 -0.5625
v -0.0390625 5.76028625 -0.5
v -0.0390625 5.76028625 -0.5625
v -0.06673000000000001 5.7677 -0.5
v -0.06673000000000001 5.7677 -0.5625
v -0.06627624999999998 5.713151249999999 -0.5
v -0.06627624999999998 5.713151249999999 -0.5625
v -0.08653 5.733404999999999 -0.5
v -0.08653 5.733404999999999 -0.5625
v -0.11341125000000002 5.6859375 -0.5
v -0.11341125000000002 5.6859375 -0.5625
v -0.12082500000000002 5.713604999999999 -0.5
v -0.12082500000000002 5.713604999999999 -0.5625
v -0.16783875000000004 5.6859375 -0.5
v -0.16783875000000004 5.6859375 -0.5625
v -0.16042500000000004 5.713604999999999 -0.5
v -0.16042500000000004 5.713604999999999 -0.5625
v -0.21497375000000002 5.713151249999999 -0.5
v -0.21497375000000002 5.713151249999999 -0.5625
v -0.19472 5.733404999999999 -0.5
v -0.19472 5.733404999999999 -0.5625
v -0.2421875 5.76028625 -0.5
v -0.2421875 5.76028625 -0.5625
v -0.21452 5.7677 -0.5
v -0.21452 5.7677 -0.5625
v -0.2421875 5.814713749999999 -0.5
v -0.2421875 5.814713749999999 -0.5625
v -0.21452 5.8073 -0.5
v -0.21452 5.8073 -0.5625
v -0.21497375000000002 5.86184875 -0.5
v -0.21497375000000002 5.86184875 -0.5625
v -0.19472 5.841595 -0.5
v -0.19472 5.841595 -0.5625
v -0.16783875000000004 5.8890625 -0.5
v -0.16783875000000004 5.8890625 -0.5625
v -0.16042500000000004 5.861395 -0.5
v -0.16042500000000004 5.861395 -0.5625
v 0.16606125 5.3062499999999995 -0.46875
v 0.16606125 5.3062499999999995 -0.9375
v 0.16606125 5.285416874999999 -0.46875
v 0.16606125 5.285416874999999 -0.9375
v 0.11518875 5.3062499999999995 -0.46875
v 0.11518875 5.3062499999999995 -0.9375
v 0.11518875 5.285416874999999 -0.46875
v 0.11518875 5.285416874999999 -0.9375
v 0.11518875 5.3062499999999995 -0.46875
v 0.11518875 5.3062499999999995 -0.9375
v 0.11518875 5.285416874999999 -0.46875
v 0.11518875 5.285416874999999 -0.9375
v 0.064316875 5.272395625 -0.46875
v 0.064316875 5.272395625 -0.859375
v 0.07703500000000002 5.2593749999999995 -0.46875
v 0.07703500000000002 5.2593749999999995 -0.859375
v 0.064316875 5.272395625 -0.46875
v 0.064316875 5.272395625 -0.859375
v 0.07703500000000002 5.2593749999999995 -0.46875
v 0.07703500000000002 5.2593749999999995 -0.859375
v 0.03125 5.2203124999999995 -0.46875
v 0.03125 5.2203124999999995 -0.6875
v 0.05159875 5.2203124999999995 -0.46875
v 0.05159875 5.2203124999999995 -0.6875
v 0.03125 5.2203124999999995 -0.46875
v 0.03125 5.2203124999999995 -0.6875
v 0.05159875 5.2203124999999995 -0.46875
v 0.05159875 5.2203124999999995 -0.6875
v 0.03125 5.1812499999999995 -0.46875
v 0.03125 5.1812499999999995 -0.5625
v 0.05159875 5.1812499999999995 -0.46875
v 0.05159875 5.1812499999999995 -0.5625
v 0.16606125 5.3062499999999995 -0.46875
v 0.16606125 5.3062499999999995 -0.9375
v 0.16606125 5.285416874999999 -0.46875
v 0.16606125 5.285416874999999 -0.9375
v 0.216933125 5.272395625 -0.46875
v 0.216933125 5.272395625 -0.859375
v 0.20421499999999998 5.2593749999999995 -0.46875
v 0.20421499999999998 5.2593749999999995 -0.859375
v 0.216933125 5.272395625 -0.46875
v 0.216933125 5.272395625 -0.859375
v 0.20421499999999998 5.2593749999999995 -0.46875
v 0.20421499999999998 5.2593749999999995 -0.859375
v 0.25 5.2203124999999995 -0.46875
v 0.25 5.2203124999999995 -0.6875
v 0.22965125 5.2203124999999995 -0.46875
v 0.22965125 5.2203124999999995 -0.6875
v 0.25 5.2203124999999995 -0.46875
v 0.25 5.2203124999999995 -0.6875
v 0.22965125 5.2203124999999995 -0.46875
v 0.22965125 5.2203124999999995 -0.6875
v 0.25 5.1812499999999995 -0.46875
v 0.25 5.1812499999999995 -0.5625
v 0.22965125 5.1812499999999995 -0.46875
v 0.22965125 5.1812499999999995 -0.5625
v 0.140625 5.19375 -0.534375
v 0.165745 5.2875 -0.534375
v 0.209255 5.262379999999999 -0.534375
v 0.234375 5.21887 -0.534375
v 0.234375 5.168629999999999 -0.534375
v 0.209255 5.12512 -0.534375
v 0.165745 5.1 -0.534375
v 0.115505 5.1 -0.534375
v 0.071995 5.12512 -0.534375
v 0.046875 5.168629999999999 -0.534375
v 0.046875 5.21887 -0.534375
v 0.071995 5.262379999999999 -0.534375
v 0.115505 5.2875 -0.534375
v 0.16783875 5.2953125 -0.5
v 0.16783875 5.2953125 -0.5625
v 0.160425 5.267645 -0.5
v 0.160425 5.267645 -0.5625
v 0.21497375000000002 5.26809875 -0.5
v 0.21497375000000002 5.26809875 -0.5625
v 0.19472 5.247845 -0.5
v 0.19472 5.247845 -0.5625
v 0.2421875 5.220963749999999 -0.5
v 0.2421875 5.220963749999999 -0.5625
v 0.21452 5.21355 -0.5
v 0.21452 5.21355 -0.5625
v 0.2421875 5.16653625 -0.5
v 0.2421875 5.16653625 -0.5625
v 0.21452 5.17395 -0.5
v 0.21452 5.17395 -0.5625
v 0.21497375000000002 5.119401249999999 -0.5
v 0.21497375000000002 5.119401249999999 -0.5625
v 0.19472 5.139654999999999 -0.5
v 0.19472 5.139654999999999 -0.5625
v 0.16783875 5.0921875 -0.5
v 0.16783875 5.0921875 -0.5625
v 0.160425 5.119854999999999 -0.5
v 0.160425 5.119854999999999 -0.5625
v 0.11341125 5.0921875 -0.5
v 0.11341125 5.0921875 -0.5625
v 0.120825 5.119854999999999 -0.5
v 0.120825 5.119854999999999 -0.5625
v 0.06627624999999998 5.119401249999999 -0.5
v 0.06627624999999998 5.119401249999999 -0.5625
v 0.08653 5.139654999999999 -0.5
v 0.08653 5.139654999999999 -0.5625
v 0.0390625 5.16653625 -0.5
v 0.0390625 5.16653625 -0.5625
v 0.06673000000000001 5.17395 -0.5
v 0.06673000000000001 5.17395 -0.5625
v 0.0390625 5.220963749999999 -0.5
v 0.0390625 5.220963749999999 -0.5625
v 0.06673000000000001 5.21355 -0.5
v 0.06673000000000001 5.21355 -0.5625
v 0.06627624999999998 5.26809875 -0.5
v 0.06627624999999998 5.26809875 -0.5625
v 0.08653 5.247845 -0.5
v 0.08653 5.247845 -0.5625
v 0.11341125 5.2953125 -0.5
v 0.11341125 5.2953125 -0.5625
v 0.120825 5.267645 -0.5
v 0.120825 5.267645 -0.5625
v -0.125 5.578125 -0.525
v -0.11034624999999998 5.5234375 -0.525
v -0.08496625000000002 5.53809125 -0.525
v -0.0703125 5.56347125 -0.525
v -0.0703125 5.59277875 -0.525
v -0.08496625000000002 5.61815875 -0.525
v -0.11034624999999998 5.6328125 -0.525
v -0.13965375000000002 5.6328125 -0.525
v -0.16503374999999998 5.61815875 -0.525
v -0.1796875 5.59277875 -0.525
v -0.1796875 5.56347125 -0.525
v -0.16503374999999998 5.53809125 -0.525
v -0.13965375000000002 5.5234375 -0.525
v -0.108253125 5.515625 -0.546875
v -0.108253125 5.515625 -0.484375
v -0.11603562499999998 5.54467 -0.546875
v -0.11603562499999998 5.54467 -0.484375
v -0.079246875 5.532371875 -0.546875
v -0.079246875 5.532371875 -0.484375
v -0.10050937500000001 5.553634375 -0.546875
v -0.10050937500000001 5.553634375 -0.484375
v -0.0625 5.561378125 -0.546875
v -0.0625 5.561378125 -0.484375
v -0.09154499999999999 5.569160625 -0.546875
v -0.09154499999999999 5.569160625 -0.484375
v -0.0625 5.594871875 -0.546875
v -0.0625 5.594871875 -0.484375
v -0.09154499999999999 5.587089375 -0.546875
v -0.09154499999999999 5.587089375 -0.484375
v -0.079246875 5.623878125 -0.546875
v -0.079246875 5.623878125 -0.484375
v -0.10050937500000001 5.602615625 -0.546875
v -0.10050937500000001 5.602615625 -0.484375
v -0.108253125 5.640625 -0.546875
v -0.108253125 5.640625 -0.484375
v -0.11603562499999998 5.61158 -0.546875
v -0.11603562499999998 5.61158 -0.484375
v -0.141746875 5.640625 -0.546875
v -0.141746875 5.640625 -0.484375
v -0.13396437500000002 5.61158 -0.546875
v -0.13396437500000002 5.61158 -0.484375
v -0.170753125 5.623878125 -0.546875
v -0.170753125 5.623878125 -0.484375
v -0.149490625 5.602615625 -0.546875
v -0.149490625 5.602615625 -0.484375
v -0.1875 5.594871875 -0.546875
v -0.1875 5.594871875 -0.484375
v -0.158455 5.587089375 -0.546875
v -0.158455 5.587089375 -0.484375
v -0.1875 5.561378125 -0.546875
v -0.1875 5.561378125 -0.484375
v -0.158455 5.569160625 -0.546875
v -0.158455 5.569160625 -0.484375
v -0.170753125 5.532371875 -0.546875
v -0.170753125 5.532371875 -0.484375
v -0.149490625 5.553634375 -0.546875
v -0.149490625 5.553634375 -0.484375
v -0.141746875 5.515625 -0.546875
v -0.141746875 5.515625 -0.484375
v -0.13396437500000002 5.54467 -0.546875
v -0.13396437500000002 5.54467 -0.484375
v -0.11185250000000002 5.648908125 -0.4765625
v -0.11185250000000002 5.648908125 -0.7265625
v -0.11185250000000002 5.6250425 -0.4765625
v -0.11185250000000002 5.6250425 -0.7265625
v -0.13814749999999998 5.648908125 -0.4765625
v -0.13814749999999998 5.648908125 -0.7265625
v -0.13814749999999998 5.6250425 -0.4765625
v -0.13814749999999998 5.6250425 -0.7265625
v -0.11185250000000002 5.648908125 -0.4765625
v -0.11185250000000002 5.648908125 -0.7265625
v -0.11185250000000002 5.6250425 -0.4765625
v -0.11185250000000002 5.6250425 -0.7265625
v -0.07190812499999999 5.628628125 -0.4765625
v -0.07190812499999999 5.628628125 -0.703835
v -0.08908125 5.6102743749999995 -0.4765625
v -0.08908125 5.6102743749999995 -0.703835
v -0.07274124999999998 5.629564375 -0.4765625
v -0.07274124999999998 5.629564375 -0.703835
v -0.08908125 5.6102743749999995 -0.4765625
v -0.08908125 5.6102743749999995 -0.703835
v -0.0546875 5.584695 -0.4765625
v -0.0546875 5.584695 -0.61292625
v -0.07593375000000002 5.584695 -0.4765625
v -0.07593375000000002 5.584695 -0.61292625
v -0.0546875 5.584695 -0.4765625
v -0.0546875 5.584695 -0.61292625
v -0.07593375000000002 5.584695 -0.4765625
v -0.07593375000000002 5.584695 -0.61292625
v -0.0546875 5.555158125 -0.4765625
v -0.0546875 5.555158125 -0.544744375
v -0.07593375000000002 5.555158125 -0.4765625
v -0.07593375000000002 5.555158125 -0.544744375
v -0.13814749999999998 5.648908125 -0.4765625
v -0.13814749999999998 5.648908125 -0.7265625
v -0.13814749999999998 5.6250425 -0.4765625
v -0.13814749999999998 5.6250425 -0.7265625
v -0.178091875 5.628628125 -0.4765625
v -0.178091875 5.628628125 -0.703835
v -0.16091875 5.6102743749999995 -0.4765625
v -0.16091875 5.6102743749999995 -0.703835
v -0.17725875000000002 5.629564375 -0.4765625
v -0.17725875000000002 5.629564375 -0.703835
v -0.16091875 5.6102743749999995 -0.4765625
v -0.16091875 5.6102743749999995 -0.703835
v -0.1953125 5.584695 -0.4765625
v -0.1953125 5.584695 -0.61292625
v -0.17406624999999998 5.584695 -0.4765625
v -0.17406624999999998 5.584695 -0.61292625
v -0.1953125 5.584695 -0.4765625
v -0.1953125 5.584695 -0.61292625
v -0.17406624999999998 5.584695 -0.4765625
v -0.17406624999999998 5.584695 -0.61292625
v -0.1953125 5.555158125 -0.4765625
v -0.1953125 5.555158125 -0.544744375
v -0.17406624999999998 5.555158125 -0.4765625
v -0.17406624999999998 5.555158125 -0.544744375
v 0.125 5.578125 -0.525
v 0.13965375 5.5234375 -0.525
v 0.16503375 5.53809125 -0.525
v 0.1796875 5.56347125 -0.525
v 0.1796875 5.59277875 -0.525
v 0.16503375 5.61815875 -0.525
v 0.13965375 5.6328125 -0.525
v 0.11034625 5.6328125 -0.525
v 0.08496625 5.61815875 -0.525
v 0.0703125 5.59277875 -0.525
v 0.0703125 5.56347125 -0.525
v 0.08496625 5.53809125 -0.525
v 0.11034625 5.5234375 -0.525
v 0.141746875 5.515625 -0.546875
v 0.141746875 5.515625 -0.484375
v 0.133964375 5.54467 -0.546875
v 0.133964375 5.54467 -0.484375
v 0.170753125 5.532371875 -0.546875
v 0.170753125 5.532371875 -0.484375
v 0.149490625 5.553634375 -0.546875
v 0.149490625 5.553634375 -0.484375
v 0.1875 5.561378125 -0.546875
v 0.1875 5.561378125 -0.484375
v 0.158455 5.569160625 -0.546875
v 0.158455 5.569160625 -0.484375
v 0.1875 5.594871875 -0.546875
v 0.1875 5.594871875 -0.484375
v 0.158455 5.587089375 -0.546875
v 0.158455 5.587089375 -0.484375
v 0.170753125 5.623878125 -0.546875
v 0.170753125 5.623878125 -0.484375
v 0.149490625 5.602615625 -0.546875
v 0.149490625 5.602615625 -0.484375
v 0.141746875 5.640625 -0.546875
v 0.141746875 5.640625 -0.484375
v 0.133964375 5.61158 -0.546875
v 0.133964375 5.61158 -0.484375
v 0.108253125 5.640625 -0.546875
v 0.108253125 5.640625 -0.484375
v 0.116035625 5.61158 -0.546875
v 0.116035625 5.61158 -0.484375
v 0.079246875 5.623878125 -0.546875
v 0.079246875 5.623878125 -0.484375
v 0.100509375 5.602615625 -0.546875
v 0.100509375 5.602615625 -0.484375
v 0.0625 5.594871875 -0.546875
v 0.0625 5.594871875 -0.484375
v 0.09154499999999999 5.587089375 -0.546875
v 0.09154499999999999 5.587089375 -0.484375
v 0.0625 5.561378125 -0.546875
v 0.0625 5.561378125 -0.484375
v 0.09154499999999999 5.569160625 -0.546875
v 0.09154499999999999 5.569160625 -0.484375
v 0.079246875 5.532371875 -0.546875
v 0.079246875 5.532371875 -0.484375
v 0.100509375 5.553634375 -0.546875
v 0.100509375 5.553634375 -0.484375
v 0.108253125 5.515625 -0.546875
v 0.108253125 5.515625 -0.484375
v 0.116035625 5.54467 -0.546875
v 0.116035625 5.54467 -0.484375
v 0.1381475 5.648908125 -0.4765625
v 0.1381475 5.648908125 -0.7265625
v 0.1381475 5.6250425 -0.4765625
v 0.1381475 5.6250425 -0.7265625
v 0.1118525 5.648908125 -0.4765625
v 0.1118525 5.648908125 -0.7265625
v 0.1118525 5.6250425 -0.4765625
v 0.1118525 5.6250425 -0.7265625
v 0.1381475 5.648908125 -0.4765625
v 0.1381475 5.648908125 -0.7265625
v 0.1381475 5.6250425 -0.4765625
v 0.1381475 5.6250425 -0.7265625
v 0.178091875 5.628628125 -0.4765625
v 0.178091875 5.628628125 -0.703835
v 0.16091875 5.6102743749999995 -0.4765625
v 0.16091875 5.6102743749999995 -0.703835
v 0.17725875 5.629564375 -0.4765625
v 0.17725875 5.629564375 -0.703835
v 0.16091875 5.6102743749999995 -0.4765625
v 0.16091875 5.6102743749999995 -0.703835
v 0.1953125 5.584695 -0.4765625
v 0.1953125 5.584695 -0.61292625
v 0.17406625 5.584695 -0.4765625
v 0.17406625 5.584695 -0.61292625
v 0.1953125 5.584695 -0.4765625
v 0.1953125 5.584695 -0.61292625
v 0.17406625 5.584695 -0.4765625
v 0.17406625 5.584695 -0.61292625
v 0.1953125 5.555158125 -0.4765625
v 0.1953125 5.555158125 -0.544744375
v 0.17406625 5.555158125 -0.4765625
v 0.17406625 5.555158125 -0.544744375
v 0.1118525 5.648908125 -0.4765625
v 0.1118525 5.648908125 -0.7265625
v 0.1118525 5.6250425 -0.4765625
v 0.1118525 5.6250425 -0.7265625
v 0.07190812499999999 5.628628125 -0.4765625
v 0.07190812499999999 5.628628125 -0.703835
v 0.08908125 5.6102743749999995 -0.4765625
v 0.08908125 5.6102743749999995 -0.703835
v 0.07274125000000001 5.629564375 -0.4765625
v 0.07274125000000001 5.629564375 -0.703835
v 0.08908125 5.6102743749999995 -0.4765625
v 0.08908125 5.6102743749999995 -0.703835
v 0.0546875 5.584695 -0.4765625
v 0.0546875 5.584695 -0.61292625
v 0.07593375 5.584695 -0.4765625
v 0.07593375 5.584695 -0.61292625
v 0.0546875 5.584695 -0.4765625
v 0.0546875 5.584695 -0.61292625
v 0.07593375 5.584695 -0.4765625
v 0.07593375 5.584695 -0.61292625
v 0.0546875 5.555158125 -0.4765625
v 0.0546875 5.555158125 -0.544744375
v 0.07593375 5.555158125 -0.4765625
v 0.07593375 5.555158125 -0.544744375
v 0 5.578125 -0.525
v 0.014653749999999993 5.5234375 -0.525
v 0.04003375000000001 5.53809125 -0.525
v 0.0546875 5.56347125 -0.525
v 0.0546875 5.59277875 -0.525
v 0.04003375000000001 5.61815875 -0.525
v 0.014653749999999993 5.6328125 -0.525
v -0.014653749999999993 5.6328125 -0.525
v -0.04003374999999998 5.61815875 -0.525
v -0.0546875 5.59277875 -0.525
v -0.0546875 5.56347125 -0.525
v -0.04003374999999998 5.53809125 -0.525
v -0.014653749999999993 5.5234375 -0.525
v 0.016746874999999994 5.515625 -0.546875
v 0.016746874999999994 5.515625 -0.484375
v 0.008964374999999997 5.54467 -0.546875
v 0.008964374999999997 5.54467 -0.484375
v 0.045753125000000006 5.532371875 -0.546875
v 0.045753125000000006 5.532371875 -0.484375
v 0.024490624999999988 5.553634375 -0.546875
v 0.024490624999999988 5.553634375 -0.484375
v 0.0625 5.561378125 -0.546875
v 0.0625 5.561378125 -0.484375
v 0.03345500000000001 5.569160625 -0.546875
v 0.03345500000000001 5.569160625 -0.484375
v 0.0625 5.594871875 -0.546875
v 0.0625 5.594871875 -0.484375
v 0.03345500000000001 5.587089375 -0.546875
v 0.03345500000000001 5.587089375 -0.484375
v 0.045753125000000006 5.623878125 -0.546875
v 0.045753125000000006 5.623878125 -0.484375
v 0.024490624999999988 5.602615625 -0.546875
v 0.024490624999999988 5.602615625 -0.484375
v 0.016746874999999994 5.640625 -0.546875
v 0.016746874999999994 5.640625 -0.484375
v 0.008964374999999997 5.61158 -0.546875
v 0.008964374999999997 5.61158 -0.484375
v -0.016746874999999994 5.640625 -0.546875
v -0.016746874999999994 5.640625 -0.484375
v -0.008964374999999997 5.61158 -0.546875
v -0.008964374999999997 5.61158 -0.484375
v -0.045753125000000006 5.623878125 -0.546875
v -0.045753125000000006 5.623878125 -0.484375
v -0.024490624999999988 5.602615625 -0.546875
v -0.024490624999999988 5.602615625 -0.484375
v -0.0625 5.594871875 -0.546875
v -0.0625 5.594871875 -0.484375
v -0.03345500000000001 5.587089375 -0.546875
v -0.03345500000000001 5.587089375 -0.484375
v -0.0625 5.561378125 -0.546875
v -0.0625 5.561378125 -0.484375
v -0.03345500000000001 5.569160625 -0.546875
v -0.03345500000000001 5.569160625 -0.484375
v -0.045753125000000006 5.532371875 -0.546875
v -0.045753125000000006 5.532371875 -0.484375
v -0.024490624999999988 5.553634375 -0.546875
v -0.024490624999999988 5.553634375 -0.484375
v -0.016746874999999994 5.515625 -0.546875
v -0.016746874999999994 5.515625 -0.484375
v -0.008964374999999997 5.54467 -0.546875
v -0.008964374999999997 5.54467 -0.484375
v 0.013147500000000006 5.648908125 -0.4765625
v 0.013147500000000006 5.648908125 -0.7265625
v 0.013147500000000006 5.6250425 -0.4765625
v 0.013147500000000006 5.6250425 -0.7265625
v -0.013147500000000006 5.648908125 -0.4765625
v -0.013147500000000006 5.648908125 -0.7265625
v -0.013147500000000006 5.6250425 -0.4765625
v -0.013147500000000006 5.6250425 -0.7265625
v 0.013147500000000006 5.648908125 -0.4765625
v 0.013147500000000006 5.648908125 -0.7265625
v 0.013147500000000006 5.6250425 -0.4765625
v 0.013147500000000006 5.6250425 -0.7265625
v 0.05309187500000001 5.628628125 -0.4765625
v 0.05309187500000001 5.628628125 -0.703835
v 0.03591875 5.6102743749999995 -0.4765625
v 0.03591875 5.6102743749999995 -0.703835
v 0.05225874999999999 5.629564375 -0.4765625
v 0.05225874999999999 5.629564375 -0.703835
v 0.03591875 5.6102743749999995 -0.4765625
v 0.03591875 5.6102743749999995 -0.703835
v 0.0703125 5.584695 -0.4765625
v 0.0703125 5.584695 -0.61292625
v 0.049066250000000006 5.584695 -0.4765625
v 0.049066250000000006 5.584695 -0.61292625
v 0.0703125 5.584695 -0.4765625
v 0.0703125 5.584695 -0.61292625
v 0.049066250000000006 5.584695 -0.4765625
v 0.049066250000000006 5.584695 -0.61292625
v 0.0703125 5.555158125 -0.4765625
v 0.0703125 5.555158125 -0.544744375
v 0.049066250000000006 5.555158125 -0.4765625
v 0.049066250000000006 5.555158125 -0.544744375
v -0.013147500000000006 5.648908125 -0.4765625
v -0.013147500000000006 5.648908125 -0.7265625
v -0.013147500000000006 5.6250425 -0.4765625
v -0.013147500000000006 5.6250425 -0.7265625
v -0.05309187500000001 5.628628125 -0.4765625
v -0.05309187500000001 5.628628125 -0.703835
v -0.03591875 5.6102743749999995 -0.4765625
v -0.03591875 5.6102743749999995 -0.703835
v -0.05225875000000002 5.629564375 -0.4765625
v -0.05225875000000002 5.629564375 -0.703835
v -0.03591875 5.6102743749999995 -0.4765625
v -0.03591875 5.6102743749999995 -0.703835
v -0.0703125 5.584695 -0.4765625
v -0.0703125 5.584695 -0.61292625
v -0.04906624999999998 5.584695 -0.4765625
v -0.04906624999999998 5.584695 -0.61292625
v -0.0703125 5.584695 -0.4765625
v -0.0703125 5.584695 -0.61292625
v -0.04906624999999998 5.584695 -0.4765625
v -0.04906624999999998 5.584695 -0.61292625
v -0.0703125 5.555158125 -0.4765625
v -0.0703125 5.555158125 -0.544744375
v -0.04906624999999998 5.555158125 -0.4765625
v -0.04906624999999998 5.555158125 -0.544744375
v -0.21875 5.40625 -0.525
v -0.20409624999999998 5.3515625 -0.525
v -0.17871625000000002 5.36621625 -0.525
v -0.1640625 5.39159625 -0.525
v -0.1640625 5.42090375 -0.525
v -0.17871625000000002 5.44628375 -0.525
v -0.20409624999999998 5.4609375 -0.525
v -0.23340375000000002 5.4609375 -0.525
v -0.25878375 5.44628375 -0.525
v -0.2734375 5.42090375 -0.525
v -0.2734375 5.39159625 -0.525
v -0.25878375 5.36621625 -0.525
v -0.23340375000000002 5.3515625 -0.525
v -0.202003125 5.34375 -0.546875
v -0.202003125 5.34375 -0.484375
v -0.20978562499999998 5.372795 -0.546875
v -0.20978562499999998 5.372795 -0.484375
v -0.172996875 5.360496875 -0.546875
v -0.172996875 5.360496875 -0.484375
v -0.194259375 5.381759375 -0.546875
v -0.194259375 5.381759375 -0.484375
v -0.15625 5.389503125 -0.546875
v -0.15625 5.389503125 -0.484375
v -0.185295 5.397285625 -0.546875
v -0.185295 5.397285625 -0.484375
v -0.15625 5.422996875 -0.546875
v -0.15625 5.422996875 -0.484375
v -0.185295 5.415214375 -0.546875
v -0.185295 5.415214375 -0.484375
v -0.172996875 5.452003125 -0.546875
v -0.172996875 5.452003125 -0.484375
v -0.194259375 5.430740625 -0.546875
v -0.194259375 5.430740625 -0.484375
v -0.202003125 5.46875 -0.546875
v -0.202003125 5.46875 -0.484375
v -0.20978562499999998 5.439705 -0.546875
v -0.20978562499999998 5.439705 -0.484375
v -0.235496875 5.46875 -0.546875
v -0.235496875 5.46875 -0.484375
v -0.22771437500000002 5.439705 -0.546875
v -0.22771437500000002 5.439705 -0.484375
v -0.264503125 5.452003125 -0.546875
v -0.264503125 5.452003125 -0.484375
v -0.243240625 5.430740625 -0.546875
v -0.243240625 5.430740625 -0.484375
v -0.28125 5.422996875 -0.546875
v -0.28125 5.422996875 -0.484375
v -0.252205 5.415214375 -0.546875
v -0.252205 5.415214375 -0.484375
v -0.28125 5.389503125 -0.546875
v -0.28125 5.389503125 -0.484375
v -0.252205 5.397285625 -0.546875
v -0.252205 5.397285625 -0.484375
v -0.264503125 5.360496875 -0.546875
v -0.264503125 5.360496875 -0.484375
v -0.243240625 5.381759375 -0.546875
v -0.243240625 5.381759375 -0.484375
v -0.235496875 5.34375 -0.546875
v -0.235496875 5.34375 -0.484375
v -0.22771437500000002 5.372795 -0.546875
v -0.22771437500000002 5.372795 -0.484375
v -0.20560250000000002 5.477033125 -0.4765625
v -0.20560250000000002 5.477033125 -0.7265625
v -0.20560250000000002 5.4531675 -0.4765625
v -0.20560250000000002 5.4531675 -0.7265625
v -0.23189749999999998 5.477033125 -0.4765625
v -0.23189749999999998 5.477033125 -0.7265625
v -0.23189749999999998 5.4531675 -0.4765625
v -0.23189749999999998 5.4531675 -0.7265625
v -0.20560250000000002 5.477033125 -0.4765625
v -0.20560250000000002 5.477033125 -0.7265625
v -0.20560250000000002 5.4531675 -0.4765625
v -0.20560250000000002 5.4531675 -0.7265625
v -0.165658125 5.456753125 -0.4765625
v -0.165658125 5.456753125 -0.703835
v -0.18283125 5.4383993749999995 -0.4765625
v -0.18283125 5.4383993749999995 -0.703835
v -0.16649124999999998 5.457689375 -0.4765625
v -0.16649124999999998 5.457689375 -0.703835
v -0.18283125 5.4383993749999995 -0.4765625
v -0.18283125 5.4383993749999995 -0.703835
v -0.1484375 5.41282 -0.4765625
v -0.1484375 5.41282 -0.61292625
v -0.16968375000000002 5.41282 -0.4765625
v -0.16968375000000002 5.41282 -0.61292625
v -0.1484375 5.41282 -0.4765625
v -0.1484375 5.41282 -0.61292625
v -0.16968375000000002 5.41282 -0.4765625
v -0.16968375000000002 5.41282 -0.61292625
v -0.1484375 5.383283125 -0.4765625
v -0.1484375 5.383283125 -0.544744375
v -0.16968375000000002 5.383283125 -0.4765625
v -0.16968375000000002 5.383283125 -0.544744375
v -0.23189749999999998 5.477033125 -0.4765625
v -0.23189749999999998 5.477033125 -0.7265625
v -0.23189749999999998 5.4531675 -0.4765625
v -0.23189749999999998 5.4531675 -0.7265625
v -0.271841875 5.456753125 -0.4765625
v -0.271841875 5.456753125 -0.703835
v -0.25466875 5.4383993749999995 -0.4765625
v -0.25466875 5.4383993749999995 -0.703835
v -0.27100875 5.457689375 -0.4765625
v -0.27100875 5.457689375 -0.703835
v -0.25466875 5.4383993749999995 -0.4765625
v -0.25466875 5.4383993749999995 -0.703835
v -0.2890625 5.41282 -0.4765625
v -0.2890625 5.41282 -0.61292625
v -0.26781625 5.41282 -0.4765625
v -0.26781625 5.41282 -0.61292625
v -0.2890625 5.41282 -0.4765625
v -0.2890625 5.41282 -0.61292625
v -0.26781625 5.41282 -0.4765625
v -0.26781625 5.41282 -0.61292625
v -0.2890625 5.383283125 -0.4765625
v -0.2890625 5.383283125 -0.544744375
v -0.26781625 5.383283125 -0.4765625
v -0.26781625 5.383283125 -0.544744375
v 0 5.40625 -0.525
v 0.014653749999999993 5.3515625 -0.525
v 0.04003375000000001 5.36621625 -0.525
v 0.0546875 5.39159625 -0.525
v 0.0546875 5.42090375 -0.525
v 0.04003375000000001 5.44628375 -0.525
v 0.014653749999999993 5.4609375 -0.525
v -0.014653749999999993 5.4609375 -0.525
v -0.04003374999999998 5.44628375 -0.525
v -0.0546875 5.42090375 -0.525
v -0.0546875 5.39159625 -0.525
v -0.04003374999999998 5.36621625 -0.525
v -0.014653749999999993 5.3515625 -0.525
v 0.016746874999999994 5.34375 -0.546875
v 0.016746874999999994 5.34375 -0.484375
v 0.008964374999999997 5.372795 -0.546875
v 0.008964374999999997 5.372795 -0.484375
v 0.045753125000000006 5.360496875 -0.546875
v 0.045753125000000006 5.360496875 -0.484375
v 0.024490624999999988 5.381759375 -0.546875
v 0.024490624999999988 5.381759375 -0.484375
v 0.0625 5.389503125 -0.546875
v 0.0625 5.389503125 -0.484375
v 0.03345500000000001 5.397285625 -0.546875
v 0.03345500000000001 5.397285625 -0.484375
v 0.0625 5.422996875 -0.546875
v 0.0625 5.422996875 -0.484375
v 0.03345500000000001 5.415214375 -0.546875
v 0.03345500000000001 5.415214375 -0.484375
v 0.045753125000000006 5.452003125 -0.546875
v 0.045753125000000006 5.452003125 -0.484375
v 0.024490624999999988 5.430740625 -0.546875
v 0.024490624999999988 5.430740625 -0.484375
v 0.016746874999999994 5.46875 -0.546875
v 0.016746874999999994 5.46875 -0.484375
v 0.008964374999999997 5.439705 -0.546875
v 0.008964374999999997 5.439705 -0.484375
v -0.016746874999999994 5.46875 -0.546875
v -0.016746874999999994 5.46875 -0.484375
v -0.008964374999999997 5.439705 -0.546875
v -0.008964374999999997 5.439705 -0.484375
v -0.045753125000000006 5.452003125 -0.546875
v -0.045753125000000006 5.452003125 -0.484375
v -0.024490624999999988 5.430740625 -0.546875
v -0.024490624999999988 5.430740625 -0.484375
v -0.0625 5.422996875 -0.546875
v -0.0625 5.422996875 -0.484375
v -0.03345500000000001 5.415214375 -0.546875
v -0.03345500000000001 5.415214375 -0.484375
v -0.0625 5.389503125 -0.546875
v -0.0625 5.389503125 -0.484375
v -0.03345500000000001 5.397285625 -0.546875
v -0.03345500000000001 5.397285625 -0.484375
v -0.045753125000000006 5.360496875 -0.546875
v -0.045753125000000006 5.360496875 -0.484375
v -0.024490624999999988 5.381759375 -0.546875
v -0.024490624999999988 5.381759375 -0.484375
v -0.016746874999999994 5.34375 -0.546875
v -0.016746874999999994 5.34375 -0.484375
v -0.008964374999999997 5.372795 -0.546875
v -0.008964374999999997 5.372795 -0.484375
v 0.013147500000000006 5.477033125 -0.4765625
v 0.013147500000000006 5.477033125 -0.7265625
v 0.013147500000000006 5.4531675 -0.4765625
v 0.013147500000000006 5.4531675 -0.7265625
v -0.013147500000000006 5.477033125 -0.4765625
v -0.013147500000000006 5.477033125 -0.7265625
v -0.013147500000000006 5.4531675 -0.4765625
v -0.013147500000000006 5.4531675 -0.7265625
v 0.013147500000000006 5.477033125 -0.4765625
v 0.013147500000000006 5.477033125 -0.7265625
v 0.013147500000000006 5.4531675 -0.4765625
v 0.013147500000000006 5.4531675 -0.7265625
v 0.05309187500000001 5.456753125 -0.4765625
v 0.05309187500000001 5.456753125 -0.703835
v 0.03591875 5.4383993749999995 -0.4765625
v 0.03591875 5.4383993749999995 -0.703835
v 0.05225874999999999 5.457689375 -0.4765625
v 0.05225874999999999 5.457689375 -0.703835
v 0.03591875 5.4383993749999995 -0.4765625
v 0.03591875 5.4383993749999995 -0.703835
v 0.0703125 5.41282 -0.4765625
v 0.0703125 5.41282 -0.61292625
v 0.049066250000000006 5.41282 -0.4765625
v 0.049066250000000006 5.41282 -0.61292625
v 0.0703125 5.41282 -0.4765625
v 0.0703125 5.41282 -0.61292625
v 0.049066250000000006 5.41282 -0.4765625
v 0.049066250000000006 5.41282 -0.61292625
v 0.0703125 5.383283125 -0.4765625
v 0.0703125 5.383283125 -0.544744375
v 0.049066250000000006 5.383283125 -0.4765625
v 0.049066250000000006 5.383283125 -0.544744375
v -0.013147500000000006 5.477033125 -0.4765625
v -0.013147500000000006 5.477033125 -0.7265625
v -0.013147500000000006 5.4531675 -0.4765625
v -0.013147500000000006 5.4531675 -0.7265625
v -0.05309187500000001 5.456753125 -0.4765625
v -0.05309187500000001 5.456753125 -0.703835
v -0.03591875 5.4383993749999995 -0.4765625
v -0.03591875 5.4383993749999995 -0.703835
v -0.05225875000000002 5.457689375 -0.4765625
v -0.05225875000000002 5.457689375 -0.703835
v -0.03591875 5.4383993749999995 -0.4765625
v -0.03591875 5.4383993749999995 -0.703835
v -0.0703125 5.41282 -0.4765625
v -0.0703125 5.41282 -0.61292625
v -0.04906624999999998 5.41282 -0.4765625
v -0.04906624999999998 5.41282 -0.61292625
v -0.0703125 5.41282 -0.4765625
v -0.0703125 5.41282 -0.61292625
v -0.04906624999999998 5.41282 -0.4765625
v -0.04906624999999998 5.41282 -0.61292625
v -0.0703125 5.383283125 -0.4765625
v -0.0703125 5.383283125 -0.544744375
v -0.04906624999999998 5.383283125 -0.4765625
v -0.04906624999999998 5.383283125 -0.544744375
v 0.21875 5.40625 -0.525
v 0.23340375 5.3515625 -0.525
v 0.25878375 5.36621625 -0.525
v 0.2734375 5.39159625 -0.525
v 0.2734375 5.42090375 -0.525
v 0.25878375 5.44628375 -0.525
v 0.23340375 5.4609375 -0.525
v 0.20409625 5.4609375 -0.525
v 0.17871625 5.44628375 -0.525
v 0.1640625 5.42090375 -0.525
v 0.1640625 5.39159625 -0.525
v 0.17871625 5.36621625 -0.525
v 0.20409625 5.3515625 -0.525
v 0.235496875 5.34375 -0.546875
v 0.235496875 5.34375 -0.484375
v 0.227714375 5.372795 -0.546875
v 0.227714375 5.372795 -0.484375
v 0.264503125 5.360496875 -0.546875
v 0.264503125 5.360496875 -0.484375
v 0.243240625 5.381759375 -0.546875
v 0.243240625 5.381759375 -0.484375
v 0.28125 5.389503125 -0.546875
v 0.28125 5.389503125 -0.484375
v 0.252205 5.397285625 -0.546875
v 0.252205 5.397285625 -0.484375
v 0.28125 5.422996875 -0.546875
v 0.28125 5.422996875 -0.484375
v 0.252205 5.415214375 -0.546875
v 0.252205 5.415214375 -0.484375
v 0.264503125 5.452003125 -0.546875
v 0.264503125 5.452003125 -0.484375
v 0.243240625 5.430740625 -0.546875
v 0.243240625 5.430740625 -0.484375
v 0.235496875 5.46875 -0.546875
v 0.235496875 5.46875 -0.484375
v 0.227714375 5.439705 -0.546875
v 0.227714375 5.439705 -0.484375
v 0.202003125 5.46875 -0.546875
v 0.202003125 5.46875 -0.484375
v 0.209785625 5.439705 -0.546875
v 0.209785625 5.439705 -0.484375
v 0.172996875 5.452003125 -0.546875
v 0.172996875 5.452003125 -0.484375
v 0.194259375 5.430740625 -0.546875
v 0.194259375 5.430740625 -0.484375
v 0.15625 5.422996875 -0.546875
v 0.15625 5.422996875 -0.484375
v 0.185295 5.415214375 -0.546875
v 0.185295 5.415214375 -0.484375
v 0.15625 5.389503125 -0.546875
v 0.15625 5.389503125 -0.484375
v 0.185295 5.397285625 -0.546875
v 0.185295 5.397285625 -0.484375
v 0.172996875 5.360496875 -0.546875
v 0.172996875 5.360496875 -0.484375
v 0.194259375 5.381759375 -0.546875
v 0.194259375 5.381759375 -0.484375
v 0.202003125 5.34375 -0.546875
v 0.202003125 5.34375 -0.484375
v 0.209785625 5.372795 -0.546875
v 0.209785625 5.372795 -0.484375
v 0.328125 6.25 -0.4375
v 0.328125 6.25 -0.5
v 0.328125 6 -0.4375
v 0.328125 6 -0.5
v -0.328125 6.25 -0.4375
v -0.328125 6.25 -0.5
v -0.328125 6 -0.4375
v -0.328125 6 -0.5
v 0.203125 5.875 0.671875
v 0.203125 5.875 0.640625
v 0.203125 5 0.671875
v 0.203125 5 0.640625
v 0.171875 5.875 0.671875
v 0.171875 5.875 0.640625
v 0.171875 5 0.671875
v 0.171875 5 0.640625
v -0.171875 5.875 0.671875
v -0.171875 5.875 0.640625
v -0.171875 5 0.671875
v -0.171875 5 0.640625
v -0.203125 5.875 0.671875
v -0.203125 5.875 0.640625
v -0.203125 5 0.671875
v -0.203125 5 0.640625
v 0.321875 5.884903495667446 0.3006974734590799
v 0.321875 5.8794769901153545 0.26992223117744835
v 0.321875 5.0847471963450275 0.44178661781346074
v 0.321875 5.079320690792936 0.41101137553182926
v 0.290625 5.884903495667446 0.3006974734590799
v 0.290625 5.8794769901153545 0.26992223117744835
v 0.290625 5.0847471963450275 0.44178661781346074
v 0.290625 5.079320690792936 0.41101137553182926
v 0.321875 5.090997096337586 0.44178632969193904
v 0.321875 5.080144403361431 0.41148617765653756
v 0.19687500000000002 4.961646227218501 0.46349264002182705
v 0.19687500000000002 4.950793425712235 0.4331918724815799
v 0.290625 5.090997096337586 0.44178632969193904
v 0.290625 5.080144403361431 0.41148617765653756
v 0.16562500000000002 4.961646227218501 0.46349264002182705
v 0.16562500000000002 4.950793425712235 0.4331918724815799
v -0.303125 5.090997096337586 0.44178632969193904
v -0.303125 5.080144403361431 0.41148617765653756
v -0.17812499999999998 4.961646227218501 0.46349264002182705
v -0.17812499999999998 4.950793425712235 0.4331918724815799
v -0.334375 5.090997096337586 0.44178632969193904
v -0.334375 5.080144403361431 0.41148617765653756
v -0.20937499999999998 4.961646227218501 0.46349264002182705
v -0.20937499999999998 4.950793425712235 0.4331918724815799
v -0.303125 5.884903495667446 0.3006974734590799
v -0.303125 5.8794769901153545 0.26992223117744835
v -0.303125 5.0847471963450275 0.44178661781346074
v -0.303125 5.079320690792936 0.41101137553182926
v -0.334375 5.884903495667446 0.3006974734590799
v -0.334375 5.8794769901153545 0.26992223117744835
v -0.334375 5.0847471963450275 0.44178661781346074
v -0.334375 5.079320690792936 0.41101137553182926
v 0.265625 5.90625 0.671875
v 0.265625 5.90625 0.640625
v 0.265625 5.875 0.671875
v 0.265625 5.875 0.640625
v -0.265625 5.90625 0.671875
v -0.265625 5.90625 0.640625
v -0.265625 5.875 0.671875
v -0.265625 5.875 0.640625
v 0.328125 5.81875 -0.34375
v 0.328125 5.81875 -0.4375
v 0.328125 5 -0.34375
v 0.328125 5 -0.4375
v 0.265625 5.81875 -0.34375
v 0.265625 5.81875 -0.4375
v 0.265625 5 -0.34375
v 0.265625 5 -0.4375
v -0.265625 5.81875 -0.34375
v -0.265625 5.81875 -0.4375
v -0.265625 5 -0.34375
v -0.265625 5 -0.4375
v -0.328125 5.81875 -0.34375
v -0.328125 5.81875 -0.4375
v -0.328125 5 -0.34375
v -0.328125 5 -0.4375
v -0.296875 5.90625 0.5625
v -0.296875 5.90625 -0.4375
v -0.296875 5.875 0.5625
v -0.296875 5.875 -0.4375
v -0.328125 5.90625 0.5625
v -0.328125 5.90625 -0.4375
v -0.328125 5.875 0.5625
v -0.328125 5.875 -0.4375
v 0.203125 5 0.6875
v 0.203125 5 0.21875
v 0.203125 4.9375 0.6875
v 0.203125 4.9375 0.21875
v -0.203125 5 0.6875
v -0.203125 5 0.21875
v -0.203125 4.9375 0.6875
v -0.203125 4.9375 0.21875
v -0.265625 5.90625 0.65625
v -0.265625 5.90625 0.5625
v -0.265625 5.875 0.65625
v -0.265625 5.875 0.5625
v -0.328125 5.90625 0.65625
v -0.328125 5.90625 0.5625
v -0.328125 5.875 0.65625
v -0.328125 5.875 0.5625
v 0.328125 5.90625 0.5625
v 0.328125 5.90625 -0.4375
v 0.328125 5.875 0.5625
v 0.328125 5.875 -0.4375
v 0.296875 5.90625 0.5625
v 0.296875 5.90625 -0.4375
v 0.296875 5.875 0.5625
v 0.296875 5.875 -0.4375
v 0.328125 5.90625 0.65625
v 0.328125 5.90625 0.5625
v 0.328125 5.875 0.65625
v 0.328125 5.875 0.5625
v 0.265625 5.90625 0.65625
v 0.265625 5.90625 0.5625
v 0.265625 5.875 0.65625
v 0.265625 5.875 0.5625
v 0.328125 5 -0.34375
v 0.328125 5 -0.4375
v 0.328125 4.96875 -0.34375
v 0.328125 4.96875 -0.4375
v -0.328125 5 -0.34375
v -0.328125 5 -0.4375
v -0.328125 4.96875 -0.34375
v -0.328125 4.96875 -0.4375
v 0.109375 4.78125 -0.34375
v 0.109375 4.78125 -0.4375
v 0.109375 4.75 -0.34375
v 0.109375 4.75 -0.4375
v -0.109375 4.78125 -0.34375
v -0.109375 4.78125 -0.4375
v -0.109375 4.75 -0.34375
v -0.109375 4.75 -0.4375
v 0.0625 4.78125 -0.21875
v 0.0625 4.78125 -0.34375
v 0.0625 4.75 -0.21875
v 0.0625 4.75 -0.34375
v -0.0625 4.78125 -0.21875
v -0.0625 4.78125 -0.34375
v -0.0625 4.75 -0.21875
v -0.0625 4.75 -0.34375
v -0.0891735219835621 4.77399291845604 -0.3375
v -0.0891735219835621 4.77399291845604 -0.43125
v -0.11127060889564178 4.75189583154396 -0.3375
v -0.11127060889564178 4.75189583154396 -0.43125
v -0.3060277038126378 4.990847100285116 -0.3375
v -0.3060277038126378 4.990847100285116 -0.43125
v -0.32812479072471745 4.968750013373036 -0.3375
v -0.32812479072471745 4.968750013373036 -0.43125
v 0.3060277119120796 4.990847108384558 -0.3375
v 0.3060277119120796 4.990847108384558 -0.43125
v 0.32812479882415924 4.968750021472478 -0.3375
v 0.32812479882415924 4.968750021472478 -0.43125
v 0.08917353008300397 4.773992926555482 -0.3375
v 0.08917353008300397 4.773992926555482 -0.43125
v 0.11127061699508359 4.751895839643402 -0.3375
v 0.11127061699508359 4.751895839643402 -0.43125
v 0.06875 5.0625 -0.1875
v 0.06875 5.0625 -0.3125
v 0.06875 4.9375 -0.1875
v 0.06875 4.9375 -0.3125
v -0.06874999999999998 5.0625 -0.1875
v -0.06874999999999998 5.0625 -0.3125
v -0.06874999999999998 4.9375 -0.1875
v -0.06874999999999998 4.9375 -0.3125
v -0.296875 5.8125 -0.21875
v -0.296875 5.8125 -0.34375
v -0.296875 5.78125 -0.21875
v -0.296875 5.78125 -0.34375
v -0.328125 5.8125 -0.21875
v -0.328125 5.8125 -0.34375
v -0.328125 5.78125 -0.21875
v -0.328125 5.78125 -0.34375
v -0.296875 5.15625 -0.21875
v -0.296875 5.15625 -0.34375
v -0.296875 5.125 -0.21875
v -0.296875 5.125 -0.34375
v -0.328125 5.15625 -0.21875
v -0.328125 5.15625 -0.34375
v -0.328125 5.125 -0.21875
v -0.328125 5.125 -0.34375
v 0.328125 5.78125 -0.1875
v 0.328125 5.78125 -0.21875
v 0.328125 5.15625 -0.1875
v 0.328125 5.15625 -0.21875
v 0.296875 5.78125 -0.1875
v 0.296875 5.78125 -0.21875
v 0.296875 5.15625 -0.1875
v 0.296875 5.15625 -0.21875
v 0.328125 5.15625 -0.1875
v 0.328125 5.15625 -0.21875
v 0.328125 5.125 -0.21875
v 0.296875 5.15625 -0.1875
v 0.296875 5.15625 -0.21875
v 0.296875 5.125 -0.21875
v 0.328125 5.8125 -0.21875
v 0.328125 5.8125 -0.34375
v 0.328125 5.78125 -0.21875
v 0.328125 5.78125 -0.34375
v 0.296875 5.8125 -0.21875
v 0.296875 5.8125 -0.34375
v 0.296875 5.78125 -0.21875
v 0.296875 5.78125 -0.34375
v 0.328125 5.8125 -0.21875
v 0.328125 5.78125 -0.1875
v 0.328125 5.78125 -0.21875
v 0.296875 5.8125 -0.21875
v 0.296875 5.78125 -0.1875
v 0.296875 5.78125 -0.21875
v -0.296875 5.8125 -0.21875
v -0.296875 5.78125 -0.1875
v -0.296875 5.78125 -0.21875
v -0.328125 5.8125 -0.21875
v -0.328125 5.78125 -0.1875
v -0.328125 5.78125 -0.21875
v 0.328125 5.15625 -0.21875
v 0.328125 5.15625 -0.34375
v 0.328125 5.125 -0.21875
v 0.328125 5.125 -0.34375
v 0.296875 5.15625 -0.21875
v 0.296875 5.15625 -0.34375
v 0.296875 5.125 -0.21875
v 0.296875 5.125 -0.34375
v -0.296875 5.78125 -0.1875
v -0.296875 5.78125 -0.21875
v -0.296875 5.15625 -0.1875
v -0.296875 5.15625 -0.21875
v -0.328125 5.78125 -0.1875
v -0.328125 5.78125 -0.21875
v -0.328125 5.15625 -0.1875
v -0.328125 5.15625 -0.21875
v -0.296875 5.15625 -0.1875
v -0.296875 5.15625 -0.21875
v -0.296875 5.125 -0.21875
v -0.328125 5.15625 -0.1875
v -0.328125 5.15625 -0.21875
v -0.328125 5.125 -0.21875
v 0.203125 5 0.68125
v 0.0625 4.9375 0.21875
v 0.203125 4.9375 0.68125
v 0.0625 4.875 0.21875
v 0.140625 5 0.68125
v 0 4.9375 0.21875
v 0.140625 4.9375 0.68125
v 0 4.875 0.21875
v -0.140625 5 0.68125
v 0 4.9375 0.21875
v -0.140625 4.9375 0.68125
v 0 4.875 0.21875
v -0.203125 5 0.68125
v -0.0625 4.9375 0.21875
v -0.203125 4.9375 0.68125
v -0.0625 4.875 0.21875
v 0.0625 4.125 -0.22499999999999998
v 0.0625 4.125 -0.8500000000000001
v 0.0625 4 -0.22499999999999998
v 0.0625 4 -0.8500000000000001
v -0.0625 4.125 -0.22499999999999998
v -0.0625 4.125 -0.8500000000000001
v -0.0625 4 -0.22499999999999998
v -0.0625 4 -0.8500000000000001
v 0.05937500000000001 4.000672029194335 -0.17455305991764136
v 0.05937500000000001 4.114628645788257 -0.8208331478319029
v 0.05937500000000001 3.862183438926993 -0.19897233490205346
v 0.05937500000000001 3.976140055520916 -0.845252422816315
v -0.05937500000000001 4.000672029194335 -0.17455305991764136
v -0.05937500000000001 4.114628645788257 -0.8208331478319029
v -0.05937500000000001 3.862183438926993 -0.19897233490205346
v -0.05937500000000001 3.976140055520916 -0.845252422816315
v 0.171875 4.21875 -0.8500000000000001
v 0.171875 4.21875 -0.8812500000000001
v 0.171875 3.84375 -0.8500000000000001
v 0.171875 3.84375 -0.8812500000000001
v -0.171875 4.21875 -0.8500000000000001
v -0.171875 4.21875 -0.8812500000000001
v -0.171875 3.84375 -0.8500000000000001
v -0.171875 3.84375 -0.8812500000000001
vt 0.41796875 0.3984375
vt 0.41796875 0.4046875
vt 0.375 0.4046875
vt 0.375 0.3984375
vt 0.42578125 0.3984375
vt 0.42578125 0.4046875
vt 0.3828125 0.4046875
vt 0.3828125 0.3984375
vt 0.3966546875 0.35546875
vt 0.3966546875 0.3984375
vt 0.38828125 0.3984375
vt 0.38828125 0.35546875
vt 0.3966546875 0.36328125
vt 0.3966546875 0.40625
vt 0.38828125 0.40625
vt 0.38828125 0.36328125
vt 0.3966546875 0.3984375
vt 0.3966546875 0.4046875
vt 0.38828125 0.4046875
vt 0.38828125 0.3984375
vt 0.3950921875 0.3984375
vt 0.3950921875 0.4046875
vt 0.38671875 0.4046875
vt 0.38671875 0.3984375
vt 0.375 0.40625
vt 0.4296875 0.40625
vt 0.4296875 0.3984375
vt 0.375 0.3984375
vt 0.3828125 0.40625
vt 0.4375 0.40625
vt 0.4375 0.3984375
vt 0.3828125 0.3984375
vt 0.38828125 0.3984375
vt 0.39453125 0.3984375
vt 0.39453125 0.34375
vt 0.38828125 0.34375
vt 0.38828125 0.40625
vt 0.39453125 0.40625
vt 0.39453125 0.3515625
vt 0.38828125 0.3515625
vt 0.38828125 0.40625
vt 0.39453125 0.40625
vt 0.39453125 0.3984375
vt 0.38828125 0.3984375
vt 0.38671875 0.40625
vt 0.39296875 0.40625
vt 0.39296875 0.3984375
vt 0.38671875 0.3984375
vt 0.375 0.40625
vt 0.4296875 0.40625
vt 0.4296875 0.3984375
vt 0.375 0.3984375
vt 0.3828125 0.40625
vt 0.4375 0.40625
vt 0.4375 0.3984375
vt 0.3828125 0.3984375
vt 0.38828125 0.3984375
vt 0.39453125 0.3984375
vt 0.39453125 0.34375
vt 0.38828125 0.34375
vt 0.38828125 0.40625
vt 0.39453125 0.40625
vt 0.39453125 0.3515625
vt 0.38828125 0.3515625
vt 0.38828125 0.40625
vt 0.39453125 0.40625
vt 0.39453125 0.3984375
vt 0.38828125 0.3984375
vt 0.38671875 0.40625
vt 0.39296875 0.40625
vt 0.39296875 0.3984375
vt 0.38671875 0.3984375
vt 0.375 0.4046875
vt 0.38671875 0.4046875
vt 0.38671875 0.39792171875000004
vt 0.375 0.39792171875000004
vt 0.4140625 0.4046875
vt 0.42578125 0.4046875
vt 0.42578125 0.39792171875000004
vt 0.4140625 0.39792171875000004
vt 0.38828125 0.3671875
vt 0.3966546875 0.3671875
vt 0.3966546875 0.35546875
vt 0.38828125 0.35546875
vt 0.38828125 0.40625
vt 0.3966546875 0.40625
vt 0.3966546875 0.39453125
vt 0.38828125 0.39453125
vt 0.38828125 0.4046875
vt 0.3966546875 0.4046875
vt 0.3966546875 0.39792171875000004
vt 0.38828125 0.39792171875000004
vt 0.38671875 0.4046875
vt 0.3950921875 0.4046875
vt 0.3950921875 0.39792171875000004
vt 0.38671875 0.39792171875000004
vt 0.4296875 0.3984375
vt 0.4296875 0.40625
vt 0.375 0.40625
vt 0.375 0.3984375
vt 0.4375 0.3984375
vt 0.4375 0.40625
vt 0.3828125 0.40625
vt 0.3828125 0.3984375
vt 0.39453125 0.34375
vt 0.39453125 0.3984375
vt 0.38828125 0.3984375
vt 0.38828125 0.34375
vt 0.39453125 0.3515625
vt 0.39453125 0.40625
vt 0.38828125 0.40625
vt 0.38828125 0.3515625
vt 0.39453125 0.3984375
vt 0.39453125 0.40625
vt 0.38828125 0.40625
vt 0.38828125 0.3984375
vt 0.39296875 0.3984375
vt 0.39296875 0.40625
vt 0.38671875 0.40625
vt 0.38671875 0.3984375
vt 0.4296875 0.3984375
vt 0.4296875 0.40625
vt 0.375 0.40625
vt 0.375 0.3984375
vt 0.4375 0.3984375
vt 0.4375 0.40625
vt 0.3828125 0.40625
vt 0.3828125 0.3984375
vt 0.39453125 0.34375
vt 0.39453125 0.3984375
vt 0.38828125 0.3984375
vt 0.38828125 0.34375
vt 0.39453125 0.3515625
vt 0.39453125 0.40625
vt 0.38828125 0.40625
vt 0.38828125 0.3515625
vt 0.39453125 0.3984375
vt 0.39453125 0.40625
vt 0.38828125 0.40625
vt 0.38828125 0.3984375
vt 0.39296875 0.3984375
vt 0.39296875 0.40625
vt 0.38671875 0.40625
vt 0.38671875 0.3984375
vt 0.38671875 0.39792171875000004
vt 0.38671875 0.4046875
vt 0.375 0.4046875
vt 0.375 0.39792171875000004
vt 0.42578125 0.39792171875000004
vt 0.42578125 0.4046875
vt 0.4140625 0.4046875
vt 0.4140625 0.39792171875000004
vt 0.3966546875 0.35546875
vt 0.3966546875 0.3671875
vt 0.38828125 0.3671875
vt 0.38828125 0.35546875
vt 0.3966546875 0.39453125
vt 0.3966546875 0.40625
vt 0.38828125 0.40625
vt 0.38828125 0.39453125
vt 0.3966546875 0.39792171875000004
vt 0.3966546875 0.4046875
vt 0.38828125 0.4046875
vt 0.38828125 0.39792171875000004
vt 0.3950921875 0.39792171875000004
vt 0.3950921875 0.4046875
vt 0.38671875 0.4046875
vt 0.38671875 0.39792171875000004
vt 0.44140625 0.421875
vt 0.44140625 0.671875
vt 0.42578125 0.671875
vt 0.42578125 0.421875
vt 0.296875 0.421875
vt 0.296875 0.671875
vt 0.28125 0.671875
vt 0.28125 0.421875
vt 0.44140625 0.65625
vt 0.44140625 0.671875
vt 0.28125 0.671875
vt 0.28125 0.65625
vt 0.44140625 0.421875
vt 0.44140625 0.4375
vt 0.28125 0.4375
vt 0.28125 0.421875
vt 0.44140625 0.421875
vt 0.44140625 0.671875
vt 0.28125 0.671875
vt 0.28125 0.421875
vt 0.44140625 0.421875
vt 0.44140625 0.671875
vt 0.28125 0.671875
vt 0.28125 0.421875
vt 0.46875 0.46875
vt 0.46875 0.71875
vt 0.4375 0.71875
vt 0.4375 0.46875
vt 0.3125 0.46875
vt 0.3125 0.71875
vt 0.28125 0.71875
vt 0.28125 0.46875
vt 0.46875 0.6875
vt 0.46875 0.71875
vt 0.28125 0.71875
vt 0.28125 0.6875
vt 0.46875 0.46875
vt 0.46875 0.5
vt 0.28125 0.5
vt 0.28125 0.46875
vt 0.46875 0.46875
vt 0.46875 0.71875
vt 0.28125 0.71875
vt 0.28125 0.46875
vt 0.03125 0.109375
vt 0.03125 0.125
vt 0 0.125
vt 0 0.109375
vt 0.3247625 0.6752374999999999
vt 0.375 0.7622625000000001
vt 0.1875 0.8125
vt 0.375 0.7622625000000001
vt 0.375 0.8627374999999999
vt 0.1875 0.8125
vt 0.375 0.8627374999999999
vt 0.3247625 0.9497625
vt 0.1875 0.8125
vt 0.3247625 0.9497625
vt 0.2377375 1
vt 0.1875 0.8125
vt 0.2377375 1
vt 0.1372625 1
vt 0.1875 0.8125
vt 0.1372625 1
vt 0.0502375 0.9497625
vt 0.1875 0.8125
vt 0.0502375 0.9497625
vt 0 0.8627374999999999
vt 0.1875 0.8125
vt 0 0.8627374999999999
vt 0 0.7622625000000001
vt 0.1875 0.8125
vt 0 0.7622625000000001
vt 0.0502375 0.6752374999999999
vt 0.1875 0.8125
vt 0.0502375 0.6752374999999999
vt 0.1372625 0.625
vt 0.1875 0.8125
vt 0.1372625 0.625
vt 0.2377375 0.625
vt 0.1875 0.8125
vt 0.2377375 0.625
vt 0.3247625 0.6752374999999999
vt 0.1875 0.8125
vt 0.296875 0.34375
vt 0.31048125 0.34375
vt 0.31048125 0.359375
vt 0.296875 0.359375
vt 0.306775 0.359375
vt 0.296875 0.359375
vt 0.296875 0.34375
vt 0.306775 0.34375
vt 0.296875 0.35752125
vt 0.296875 0.34762140625000004
vt 0.30379265625 0.3457678125
vt 0.30379203125 0.359375
vt 0.296875 0.3524575
vt 0.3104821875 0.3524575
vt 0.30862828125 0.359375
vt 0.2987284375 0.35937453124999996
vt 0.296875 0.34375
vt 0.31048125 0.34375
vt 0.31048125 0.359375
vt 0.296875 0.359375
vt 0.306775 0.359375
vt 0.296875 0.359375
vt 0.296875 0.34375
vt 0.306775 0.34375
vt 0.296875 0.3575215625
vt 0.296875 0.34762171875000003
vt 0.30379203125 0.3457678125
vt 0.30379265625 0.359375
vt 0.296875 0.3524575
vt 0.3104821875 0.3524575
vt 0.30862859375 0.35937453124999996
vt 0.29872890625 0.359375
vt 0.296875 0.34375
vt 0.31048125 0.34375
vt 0.31048125 0.359375
vt 0.296875 0.359375
vt 0.306775 0.359375
vt 0.296875 0.359375
vt 0.296875 0.34375
vt 0.306775 0.34375
vt 0.296875 0.357521875
vt 0.296875 0.34762187499999997
vt 0.3037921875 0.34576874999999996
vt 0.3037921875 0.359375
vt 0.3037921875 0.34576874999999996
vt 0.3037921875 0.359375
vt 0.296875 0.357521875
vt 0.296875 0.34762187499999997
vt 0.296875 0.34375
vt 0.31048125 0.34375
vt 0.31048125 0.359375
vt 0.296875 0.359375
vt 0.306775 0.359375
vt 0.296875 0.359375
vt 0.296875 0.34375
vt 0.306775 0.34375
vt 0.30862828125 0.359375
vt 0.2987284375 0.359375
vt 0.296875 0.35245734375000004
vt 0.3104821875 0.35245796875
vt 0.3037925 0.3457678125
vt 0.3037925 0.359375
vt 0.296875 0.35752109374999996
vt 0.29687546875 0.34762140625000004
vt 0.296875 0.34375
vt 0.31048125 0.34375
vt 0.31048125 0.359375
vt 0.296875 0.359375
vt 0.306775 0.359375
vt 0.296875 0.359375
vt 0.296875 0.34375
vt 0.306775 0.34375
vt 0.30862859375 0.359375
vt 0.29872875 0.359375
vt 0.296875 0.35245796875
vt 0.3104821875 0.35245734375000004
vt 0.3037925 0.3457678125
vt 0.3037925 0.359375
vt 0.29687546875 0.3575215625
vt 0.296875 0.34762171875000003
vt 0.296875 0.34375
vt 0.31048125 0.34375
vt 0.31048125 0.359375
vt 0.296875 0.359375
vt 0.306775 0.359375
vt 0.296875 0.359375
vt 0.296875 0.34375
vt 0.306775 0.34375
vt 0.308628125 0.359375
vt 0.298728125 0.359375
vt 0.296875 0.35245781249999997
vt 0.31048125 0.35245781249999997
vt 0.31048125 0.359375
vt 0.296875 0.359375
vt 0.298728125 0.35245781249999997
vt 0.308628125 0.35245781249999997
vt 0.296875 0.34375
vt 0.31048125 0.34375
vt 0.31048125 0.359375
vt 0.296875 0.359375
vt 0.306775 0.359375
vt 0.296875 0.359375
vt 0.296875 0.34375
vt 0.306775 0.34375
vt 0.30379265625 0.34762171875000003
vt 0.30379265625 0.3575215625
vt 0.296875 0.359375
vt 0.296875625 0.3457678125
vt 0.3104821875 0.359375
vt 0.296875 0.359375
vt 0.29872890625 0.3524575
vt 0.30862859375 0.35245796875
vt 0.296875 0.34375
vt 0.31048125 0.34375
vt 0.31048125 0.359375
vt 0.296875 0.359375
vt 0.306775 0.359375
vt 0.296875 0.359375
vt 0.296875 0.34375
vt 0.306775 0.34375
vt 0.30379265625 0.34762140625000004
vt 0.30379265625 0.35752125
vt 0.296875625 0.359375
vt 0.296875 0.3457678125
vt 0.3104821875 0.359375
vt 0.296875 0.359375
vt 0.2987284375 0.35245796875
vt 0.30862828125 0.3524575
vt 0.296875 0.34375
vt 0.31048125 0.34375
vt 0.31048125 0.359375
vt 0.296875 0.359375
vt 0.306775 0.359375
vt 0.296875 0.359375
vt 0.296875 0.34375
vt 0.306775 0.34375
vt 0.3037921875 0.34762187499999997
vt 0.3037921875 0.357521875
vt 0.296875 0.359375
vt 0.296875 0.34576874999999996
vt 0.296875 0.359375
vt 0.296875 0.34576874999999996
vt 0.3037921875 0.34762187499999997
vt 0.3037921875 0.357521875
vt 0.296875 0.34375
vt 0.31048125 0.34375
vt 0.31048125 0.359375
vt 0.296875 0.359375
vt 0.306775 0.359375
vt 0.296875 0.359375
vt 0.296875 0.34375
vt 0.306775 0.34375
vt 0.29872875 0.35245734375000004
vt 0.30862859375 0.35245734375000004
vt 0.3104821875 0.359375
vt 0.296875 0.359374375
vt 0.296875 0.359375
vt 0.296875 0.3457678125
vt 0.3037925 0.34762171875000003
vt 0.30379203125 0.3575215625
vt 0.296875 0.34375
vt 0.31048125 0.34375
vt 0.31048125 0.359375
vt 0.296875 0.359375
vt 0.306775 0.359375
vt 0.296875 0.359375
vt 0.296875 0.34375
vt 0.306775 0.34375
vt 0.2987284375 0.35245734375000004
vt 0.30862828125 0.35245734375000004
vt 0.3104821875 0.359374375
vt 0.296875 0.359375
vt 0.296875 0.359375
vt 0.296875 0.3457678125
vt 0.30379203125 0.34762140625000004
vt 0.3037925 0.35752109374999996
vt 0.296875 0.34375
vt 0.31048125 0.34375
vt 0.31048125 0.359375
vt 0.296875 0.359375
vt 0.306775 0.359375
vt 0.296875 0.359375
vt 0.296875 0.34375
vt 0.306775 0.34375
vt 0.298728125 0.35245781249999997
vt 0.308628125 0.35245781249999997
vt 0.31048125 0.359375
vt 0.296875 0.359375
vt 0.296875 0.35245781249999997
vt 0.31048125 0.35245781249999997
vt 0.308628125 0.359375
vt 0.298728125 0.359375
vt 0.4140625 0.421875
vt 0.4140625 0.428125
vt 0.296875 0.428125
vt 0.296875 0.421875
vt 0.421875 0.421875
vt 0.421875 0.428125
vt 0.3046875 0.428125
vt 0.3046875 0.421875
vt 0.3203125 0.328125
vt 0.3203125 0.4453125
vt 0.3046875 0.4453125
vt 0.3046875 0.328125
vt 0.3203125 0.3359375
vt 0.3203125 0.453125
vt 0.3046875 0.453125
vt 0.3046875 0.3359375
vt 0.3203125 0.421875
vt 0.3203125 0.428125
vt 0.3046875 0.428125
vt 0.3046875 0.421875
vt 0.3203125 0.421875
vt 0.3203125 0.428125
vt 0.3046875 0.428125
vt 0.3046875 0.421875
vt 0.4140625 0.421875
vt 0.4140625 0.4296875
vt 0.296875 0.4296875
vt 0.296875 0.421875
vt 0.421875 0.421875
vt 0.421875 0.4296875
vt 0.3046875 0.4296875
vt 0.3046875 0.421875
vt 0.3203125 0.328125
vt 0.3203125 0.4453125
vt 0.3046875 0.4453125
vt 0.3046875 0.328125
vt 0.3203125 0.3359375
vt 0.3203125 0.453125
vt 0.3046875 0.453125
vt 0.3046875 0.3359375
vt 0.3203125 0.421875
vt 0.3203125 0.4296875
vt 0.3046875 0.4296875
vt 0.3046875 0.421875
vt 0.3203125 0.421875
vt 0.3203125 0.4296875
vt 0.3046875 0.4296875
vt 0.3046875 0.421875
vt 0.4140625 0.421875
vt 0.4140625 0.4296875
vt 0.296875 0.4296875
vt 0.296875 0.421875
vt 0.421875 0.421875
vt 0.421875 0.4296875
vt 0.3046875 0.4296875
vt 0.3046875 0.421875
vt 0.3203125 0.328125
vt 0.3203125 0.4453125
vt 0.3046875 0.4453125
vt 0.3046875 0.328125
vt 0.3203125 0.3359375
vt 0.3203125 0.453125
vt 0.3046875 0.453125
vt 0.3046875 0.3359375
vt 0.3203125 0.421875
vt 0.3203125 0.4296875
vt 0.3046875 0.4296875
vt 0.3046875 0.421875
vt 0.3203125 0.421875
vt 0.3203125 0.4296875
vt 0.3046875 0.4296875
vt 0.3046875 0.421875
vt 0.4140625 0.421875
vt 0.4140625 0.428125
vt 0.296875 0.428125
vt 0.296875 0.421875
vt 0.421875 0.421875
vt 0.421875 0.428125
vt 0.3046875 0.428125
vt 0.3046875 0.421875
vt 0.3203125 0.328125
vt 0.3203125 0.4453125
vt 0.3046875 0.4453125
vt 0.3046875 0.328125
vt 0.3203125 0.3359375
vt 0.3203125 0.453125
vt 0.3046875 0.453125
vt 0.3046875 0.3359375
vt 0.3203125 0.421875
vt 0.3203125 0.428125
vt 0.3046875 0.428125
vt 0.3046875 0.421875
vt 0.3203125 0.421875
vt 0.3203125 0.428125
vt 0.3046875 0.428125
vt 0.3046875 0.421875
vt 0.296875 0.4296875
vt 0.4140625 0.4296875
vt 0.4140625 0.421875
vt 0.296875 0.421875
vt 0.3046875 0.4296875
vt 0.421875 0.4296875
vt 0.421875 0.421875
vt 0.3046875 0.421875
vt 0.3046875 0.4453125
vt 0.3203125 0.4453125
vt 0.3203125 0.328125
vt 0.3046875 0.328125
vt 0.3046875 0.453125
vt 0.3203125 0.453125
vt 0.3203125 0.3359375
vt 0.3046875 0.3359375
vt 0.3046875 0.4296875
vt 0.3203125 0.4296875
vt 0.3203125 0.421875
vt 0.3046875 0.421875
vt 0.3046875 0.4296875
vt 0.3203125 0.4296875
vt 0.3203125 0.421875
vt 0.3046875 0.421875
vt 0.296875 0.4296875
vt 0.4140625 0.4296875
vt 0.4140625 0.421875
vt 0.296875 0.421875
vt 0.3046875 0.4296875
vt 0.421875 0.4296875
vt 0.421875 0.421875
vt 0.3046875 0.421875
vt 0.3046875 0.4453125
vt 0.3203125 0.4453125
vt 0.3203125 0.328125
vt 0.3046875 0.328125
vt 0.3046875 0.453125
vt 0.3203125 0.453125
vt 0.3203125 0.3359375
vt 0.3046875 0.3359375
vt 0.3046875 0.4296875
vt 0.3203125 0.4296875
vt 0.3203125 0.421875
vt 0.3046875 0.421875
vt 0.3046875 0.4296875
vt 0.3203125 0.4296875
vt 0.3203125 0.421875
vt 0.3046875 0.421875
vt 0.296875 0.428125
vt 0.4140625 0.428125
vt 0.4140625 0.421875
vt 0.296875 0.421875
vt 0.3046875 0.428125
vt 0.421875 0.428125
vt 0.421875 0.421875
vt 0.3046875 0.421875
vt 0.3046875 0.4453125
vt 0.3203125 0.4453125
vt 0.3203125 0.328125
vt 0.3046875 0.328125
vt 0.3046875 0.453125
vt 0.3203125 0.453125
vt 0.3203125 0.3359375
vt 0.3046875 0.3359375
vt 0.3046875 0.428125
vt 0.3203125 0.428125
vt 0.3203125 0.421875
vt 0.3046875 0.421875
vt 0.3046875 0.428125
vt 0.3203125 0.428125
vt 0.3203125 0.421875
vt 0.3046875 0.421875
vt 0.4140625 0.421875
vt 0.4140625 0.428125
vt 0.296875 0.428125
vt 0.296875 0.421875
vt 0.421875 0.421875
vt 0.421875 0.428125
vt 0.3046875 0.428125
vt 0.3046875 0.421875
vt 0.3203125 0.328125
vt 0.3203125 0.4453125
vt 0.3046875 0.4453125
vt 0.3046875 0.328125
vt 0.3203125 0.3359375
vt 0.3203125 0.453125
vt 0.3046875 0.453125
vt 0.3046875 0.3359375
vt 0.3203125 0.421875
vt 0.3203125 0.428125
vt 0.3046875 0.428125
vt 0.3046875 0.421875
vt 0.3203125 0.421875
vt 0.3203125 0.428125
vt 0.3046875 0.428125
vt 0.3046875 0.421875
vt 0.4140625 0.421875
vt 0.4140625 0.4296875
vt 0.296875 0.4296875
vt 0.296875 0.421875
vt 0.421875 0.421875
vt 0.421875 0.4296875
vt 0.3046875 0.4296875
vt 0.3046875 0.421875
vt 0.3203125 0.328125
vt 0.3203125 0.4453125
vt 0.3046875 0.4453125
vt 0.3046875 0.328125
vt 0.3203125 0.3359375
vt 0.3203125 0.453125
vt 0.3046875 0.453125
vt 0.3046875 0.3359375
vt 0.3203125 0.421875
vt 0.3203125 0.4296875
vt 0.3046875 0.4296875
vt 0.3046875 0.421875
vt 0.3203125 0.421875
vt 0.3203125 0.4296875
vt 0.3046875 0.4296875
vt 0.3046875 0.421875
vt 0.4140625 0.421875
vt 0.4140625 0.4296875
vt 0.296875 0.4296875
vt 0.296875 0.421875
vt 0.421875 0.421875
vt 0.421875 0.4296875
vt 0.3046875 0.4296875
vt 0.3046875 0.421875
vt 0.3203125 0.328125
vt 0.3203125 0.4453125
vt 0.3046875 0.4453125
vt 0.3046875 0.328125
vt 0.3203125 0.3359375
vt 0.3203125 0.453125
vt 0.3046875 0.453125
vt 0.3046875 0.3359375
vt 0.3203125 0.421875
vt 0.3203125 0.4296875
vt 0.3046875 0.4296875
vt 0.3046875 0.421875
vt 0.3203125 0.421875
vt 0.3203125 0.4296875
vt 0.3046875 0.4296875
vt 0.3046875 0.421875
vt 0.4140625 0.421875
vt 0.4140625 0.428125
vt 0.296875 0.428125
vt 0.296875 0.421875
vt 0.421875 0.421875
vt 0.421875 0.428125
vt 0.3046875 0.428125
vt 0.3046875 0.421875
vt 0.3203125 0.328125
vt 0.3203125 0.4453125
vt 0.3046875 0.4453125
vt 0.3046875 0.328125
vt 0.3203125 0.3359375
vt 0.3203125 0.453125
vt 0.3046875 0.453125
vt 0.3046875 0.3359375
vt 0.3203125 0.421875
vt 0.3203125 0.428125
vt 0.3046875 0.428125
vt 0.3046875 0.421875
vt 0.3203125 0.421875
vt 0.3203125 0.428125
vt 0.3046875 0.428125
vt 0.3046875 0.421875
vt 0.296875 0.4296875
vt 0.4140625 0.4296875
vt 0.4140625 0.421875
vt 0.296875 0.421875
vt 0.3046875 0.4296875
vt 0.421875 0.4296875
vt 0.421875 0.421875
vt 0.3046875 0.421875
vt 0.3046875 0.4453125
vt 0.3203125 0.4453125
vt 0.3203125 0.328125
vt 0.3046875 0.328125
vt 0.3046875 0.453125
vt 0.3203125 0.453125
vt 0.3203125 0.3359375
vt 0.3046875 0.3359375
vt 0.3046875 0.4296875
vt 0.3203125 0.4296875
vt 0.3203125 0.421875
vt 0.3046875 0.421875
vt 0.3046875 0.4296875
vt 0.3203125 0.4296875
vt 0.3203125 0.421875
vt 0.3046875 0.421875
vt 0.296875 0.4296875
vt 0.4140625 0.4296875
vt 0.4140625 0.421875
vt 0.296875 0.421875
vt 0.3046875 0.4296875
vt 0.421875 0.4296875
vt 0.421875 0.421875
vt 0.3046875 0.421875
vt 0.3046875 0.4453125
vt 0.3203125 0.4453125
vt 0.3203125 0.328125
vt 0.3046875 0.328125
vt 0.3046875 0.453125
vt 0.3203125 0.453125
vt 0.3203125 0.3359375
vt 0.3046875 0.3359375
vt 0.3046875 0.4296875
vt 0.3203125 0.4296875
vt 0.3203125 0.421875
vt 0.3046875 0.421875
vt 0.3046875 0.4296875
vt 0.3203125 0.4296875
vt 0.3203125 0.421875
vt 0.3046875 0.421875
vt 0.296875 0.428125
vt 0.4140625 0.428125
vt 0.4140625 0.421875
vt 0.296875 0.421875
vt 0.3046875 0.428125
vt 0.421875 0.428125
vt 0.421875 0.421875
vt 0.3046875 0.421875
vt 0.3046875 0.4453125
vt 0.3203125 0.4453125
vt 0.3203125 0.328125
vt 0.3046875 0.328125
vt 0.3046875 0.453125
vt 0.3203125 0.453125
vt 0.3203125 0.3359375
vt 0.3046875 0.3359375
vt 0.3046875 0.428125
vt 0.3203125 0.428125
vt 0.3203125 0.421875
vt 0.3046875 0.421875
vt 0.3046875 0.428125
vt 0.3203125 0.428125
vt 0.3203125 0.421875
vt 0.3046875 0.421875
vt 0.3247625 0.6752374999999999
vt 0.375 0.7622625000000001
vt 0.1875 0.8125
vt 0.375 0.7622625000000001
vt 0.375 0.8627374999999999
vt 0.1875 0.8125
vt 0.375 0.8627374999999999
vt 0.3247625 0.9497625
vt 0.1875 0.8125
vt 0.3247625 0.9497625
vt 0.2377375 1
vt 0.1875 0.8125
vt 0.2377375 1
vt 0.1372625 1
vt 0.1875 0.8125
vt 0.1372625 1
vt 0.0502375 0.9497625
vt 0.1875 0.8125
vt 0.0502375 0.9497625
vt 0 0.8627374999999999
vt 0.1875 0.8125
vt 0 0.8627374999999999
vt 0 0.7622625000000001
vt 0.1875 0.8125
vt 0 0.7622625000000001
vt 0.0502375 0.6752374999999999
vt 0.1875 0.8125
vt 0.0502375 0.6752374999999999
vt 0.1372625 0.625
vt 0.1875 0.8125
vt 0.1372625 0.625
vt 0.2377375 0.625
vt 0.1875 0.8125
vt 0.2377375 0.625
vt 0.3247625 0.6752374999999999
vt 0.1875 0.8125
vt 0.296875 0.34375
vt 0.31048125 0.34375
vt 0.31048125 0.359375
vt 0.296875 0.359375
vt 0.306775 0.359375
vt 0.296875 0.359375
vt 0.296875 0.34375
vt 0.306775 0.34375
vt 0.296875 0.35752125
vt 0.296875 0.34762140625000004
vt 0.30379265625 0.3457678125
vt 0.30379203125 0.359375
vt 0.296875 0.3524575
vt 0.3104821875 0.3524575
vt 0.30862828125 0.359375
vt 0.2987284375 0.35937453124999996
vt 0.296875 0.34375
vt 0.31048125 0.34375
vt 0.31048125 0.359375
vt 0.296875 0.359375
vt 0.306775 0.359375
vt 0.296875 0.359375
vt 0.296875 0.34375
vt 0.306775 0.34375
vt 0.296875 0.3575215625
vt 0.296875 0.34762171875000003
vt 0.30379203125 0.3457678125
vt 0.30379265625 0.359375
vt 0.296875 0.3524575
vt 0.3104821875 0.3524575
vt 0.30862859375 0.35937453124999996
vt 0.29872890625 0.359375
vt 0.296875 0.34375
vt 0.31048125 0.34375
vt 0.31048125 0.359375
vt 0.296875 0.359375
vt 0.306775 0.359375
vt 0.296875 0.359375
vt 0.296875 0.34375
vt 0.306775 0.34375
vt 0.296875 0.357521875
vt 0.296875 0.34762187499999997
vt 0.3037921875 0.34576874999999996
vt 0.3037921875 0.359375
vt 0.3037921875 0.34576874999999996
vt 0.3037921875 0.359375
vt 0.296875 0.357521875
vt 0.296875 0.34762187499999997
vt 0.296875 0.34375
vt 0.31048125 0.34375
vt 0.31048125 0.359375
vt 0.296875 0.359375
vt 0.306775 0.359375
vt 0.296875 0.359375
vt 0.296875 0.34375
vt 0.306775 0.34375
vt 0.30862828125 0.359375
vt 0.2987284375 0.359375
vt 0.296875 0.35245734375000004
vt 0.3104821875 0.35245796875
vt 0.3037925 0.3457678125
vt 0.3037925 0.359375
vt 0.296875 0.35752109374999996
vt 0.29687546875 0.34762140625000004
vt 0.296875 0.34375
vt 0.31048125 0.34375
vt 0.31048125 0.359375
vt 0.296875 0.359375
vt 0.306775 0.359375
vt 0.296875 0.359375
vt 0.296875 0.34375
vt 0.306775 0.34375
vt 0.30862859375 0.359375
vt 0.29872875 0.359375
vt 0.296875 0.35245796875
vt 0.3104821875 0.35245734375000004
vt 0.3037925 0.3457678125
vt 0.3037925 0.359375
vt 0.29687546875 0.3575215625
vt 0.296875 0.34762171875000003
vt 0.296875 0.34375
vt 0.31048125 0.34375
vt 0.31048125 0.359375
vt 0.296875 0.359375
vt 0.306775 0.359375
vt 0.296875 0.359375
vt 0.296875 0.34375
vt 0.306775 0.34375
vt 0.308628125 0.359375
vt 0.298728125 0.359375
vt 0.296875 0.35245781249999997
vt 0.31048125 0.35245781249999997
vt 0.31048125 0.359375
vt 0.296875 0.359375
vt 0.298728125 0.35245781249999997
vt 0.308628125 0.35245781249999997
vt 0.296875 0.34375
vt 0.31048125 0.34375
vt 0.31048125 0.359375
vt 0.296875 0.359375
vt 0.306775 0.359375
vt 0.296875 0.359375
vt 0.296875 0.34375
vt 0.306775 0.34375
vt 0.30379265625 0.34762171875000003
vt 0.30379265625 0.3575215625
vt 0.296875 0.359375
vt 0.296875625 0.3457678125
vt 0.3104821875 0.359375
vt 0.296875 0.359375
vt 0.29872890625 0.3524575
vt 0.30862859375 0.35245796875
vt 0.296875 0.34375
vt 0.31048125 0.34375
vt 0.31048125 0.359375
vt 0.296875 0.359375
vt 0.306775 0.359375
vt 0.296875 0.359375
vt 0.296875 0.34375
vt 0.306775 0.34375
vt 0.30379265625 0.34762140625000004
vt 0.30379265625 0.35752125
vt 0.296875625 0.359375
vt 0.296875 0.3457678125
vt 0.3104821875 0.359375
vt 0.296875 0.359375
vt 0.2987284375 0.35245796875
vt 0.30862828125 0.3524575
vt 0.296875 0.34375
vt 0.31048125 0.34375
vt 0.31048125 0.359375
vt 0.296875 0.359375
vt 0.306775 0.359375
vt 0.296875 0.359375
vt 0.296875 0.34375
vt 0.306775 0.34375
vt 0.3037921875 0.34762187499999997
vt 0.3037921875 0.357521875
vt 0.296875 0.359375
vt 0.296875 0.34576874999999996
vt 0.296875 0.359375
vt 0.296875 0.34576874999999996
vt 0.3037921875 0.34762187499999997
vt 0.3037921875 0.357521875
vt 0.296875 0.34375
vt 0.31048125 0.34375
vt 0.31048125 0.359375
vt 0.296875 0.359375
vt 0.306775 0.359375
vt 0.296875 0.359375
vt 0.296875 0.34375
vt 0.306775 0.34375
vt 0.29872875 0.35245734375000004
vt 0.30862859375 0.35245734375000004
vt 0.3104821875 0.359375
vt 0.296875 0.359374375
vt 0.296875 0.359375
vt 0.296875 0.3457678125
vt 0.3037925 0.34762171875000003
vt 0.30379203125 0.3575215625
vt 0.296875 0.34375
vt 0.31048125 0.34375
vt 0.31048125 0.359375
vt 0.296875 0.359375
vt 0.306775 0.359375
vt 0.296875 0.359375
vt 0.296875 0.34375
vt 0.306775 0.34375
vt 0.2987284375 0.35245734375000004
vt 0.30862828125 0.35245734375000004
vt 0.3104821875 0.359374375
vt 0.296875 0.359375
vt 0.296875 0.359375
vt 0.296875 0.3457678125
vt 0.30379203125 0.34762140625000004
vt 0.3037925 0.35752109374999996
vt 0.296875 0.34375
vt 0.31048125 0.34375
vt 0.31048125 0.359375
vt 0.296875 0.359375
vt 0.306775 0.359375
vt 0.296875 0.359375
vt 0.296875 0.34375
vt 0.306775 0.34375
vt 0.298728125 0.35245781249999997
vt 0.308628125 0.35245781249999997
vt 0.31048125 0.359375
vt 0.296875 0.359375
vt 0.296875 0.35245781249999997
vt 0.31048125 0.35245781249999997
vt 0.308628125 0.359375
vt 0.298728125 0.359375
vt 0.4140625 0.421875
vt 0.4140625 0.428125
vt 0.296875 0.428125
vt 0.296875 0.421875
vt 0.421875 0.421875
vt 0.421875 0.428125
vt 0.3046875 0.428125
vt 0.3046875 0.421875
vt 0.3203125 0.328125
vt 0.3203125 0.4453125
vt 0.3046875 0.4453125
vt 0.3046875 0.328125
vt 0.3203125 0.3359375
vt 0.3203125 0.453125
vt 0.3046875 0.453125
vt 0.3046875 0.3359375
vt 0.3203125 0.421875
vt 0.3203125 0.428125
vt 0.3046875 0.428125
vt 0.3046875 0.421875
vt 0.3203125 0.421875
vt 0.3203125 0.428125
vt 0.3046875 0.428125
vt 0.3046875 0.421875
vt 0.4140625 0.421875
vt 0.4140625 0.4296875
vt 0.296875 0.4296875
vt 0.296875 0.421875
vt 0.421875 0.421875
vt 0.421875 0.4296875
vt 0.3046875 0.4296875
vt 0.3046875 0.421875
vt 0.3203125 0.328125
vt 0.3203125 0.4453125
vt 0.3046875 0.4453125
vt 0.3046875 0.328125
vt 0.3203125 0.3359375
vt 0.3203125 0.453125
vt 0.3046875 0.453125
vt 0.3046875 0.3359375
vt 0.3203125 0.421875
vt 0.3203125 0.4296875
vt 0.3046875 0.4296875
vt 0.3046875 0.421875
vt 0.3203125 0.421875
vt 0.3203125 0.4296875
vt 0.3046875 0.4296875
vt 0.3046875 0.421875
vt 0.4140625 0.421875
vt 0.4140625 0.4296875
vt 0.296875 0.4296875
vt 0.296875 0.421875
vt 0.421875 0.421875
vt 0.421875 0.4296875
vt 0.3046875 0.4296875
vt 0.3046875 0.421875
vt 0.3203125 0.328125
vt 0.3203125 0.4453125
vt 0.3046875 0.4453125
vt 0.3046875 0.328125
vt 0.3203125 0.3359375
vt 0.3203125 0.453125
vt 0.3046875 0.453125
vt 0.3046875 0.3359375
vt 0.3203125 0.421875
vt 0.3203125 0.4296875
vt 0.3046875 0.4296875
vt 0.3046875 0.421875
vt 0.3203125 0.421875
vt 0.3203125 0.4296875
vt 0.3046875 0.4296875
vt 0.3046875 0.421875
vt 0.4140625 0.421875
vt 0.4140625 0.428125
vt 0.296875 0.428125
vt 0.296875 0.421875
vt 0.421875 0.421875
vt 0.421875 0.428125
vt 0.3046875 0.428125
vt 0.3046875 0.421875
vt 0.3203125 0.328125
vt 0.3203125 0.4453125
vt 0.3046875 0.4453125
vt 0.3046875 0.328125
vt 0.3203125 0.3359375
vt 0.3203125 0.453125
vt 0.3046875 0.453125
vt 0.3046875 0.3359375
vt 0.3203125 0.421875
vt 0.3203125 0.428125
vt 0.3046875 0.428125
vt 0.3046875 0.421875
vt 0.3203125 0.421875
vt 0.3203125 0.428125
vt 0.3046875 0.428125
vt 0.3046875 0.421875
vt 0.296875 0.4296875
vt 0.4140625 0.4296875
vt 0.4140625 0.421875
vt 0.296875 0.421875
vt 0.3046875 0.4296875
vt 0.421875 0.4296875
vt 0.421875 0.421875
vt 0.3046875 0.421875
vt 0.3046875 0.4453125
vt 0.3203125 0.4453125
vt 0.3203125 0.328125
vt 0.3046875 0.328125
vt 0.3046875 0.453125
vt 0.3203125 0.453125
vt 0.3203125 0.3359375
vt 0.3046875 0.3359375
vt 0.3046875 0.4296875
vt 0.3203125 0.4296875
vt 0.3203125 0.421875
vt 0.3046875 0.421875
vt 0.3046875 0.4296875
vt 0.3203125 0.4296875
vt 0.3203125 0.421875
vt 0.3046875 0.421875
vt 0.296875 0.4296875
vt 0.4140625 0.4296875
vt 0.4140625 0.421875
vt 0.296875 0.421875
vt 0.3046875 0.4296875
vt 0.421875 0.4296875
vt 0.421875 0.421875
vt 0.3046875 0.421875
vt 0.3046875 0.4453125
vt 0.3203125 0.4453125
vt 0.3203125 0.328125
vt 0.3046875 0.328125
vt 0.3046875 0.453125
vt 0.3203125 0.453125
vt 0.3203125 0.3359375
vt 0.3046875 0.3359375
vt 0.3046875 0.4296875
vt 0.3203125 0.4296875
vt 0.3203125 0.421875
vt 0.3046875 0.421875
vt 0.3046875 0.4296875
vt 0.3203125 0.4296875
vt 0.3203125 0.421875
vt 0.3046875 0.421875
vt 0.296875 0.428125
vt 0.4140625 0.428125
vt 0.4140625 0.421875
vt 0.296875 0.421875
vt 0.3046875 0.428125
vt 0.421875 0.428125
vt 0.421875 0.421875
vt 0.3046875 0.421875
vt 0.3046875 0.4453125
vt 0.3203125 0.4453125
vt 0.3203125 0.328125
vt 0.3046875 0.328125
vt 0.3046875 0.453125
vt 0.3203125 0.453125
vt 0.3203125 0.3359375
vt 0.3046875 0.3359375
vt 0.3046875 0.428125
vt 0.3203125 0.428125
vt 0.3203125 0.421875
vt 0.3046875 0.421875
vt 0.3046875 0.428125
vt 0.3203125 0.428125
vt 0.3203125 0.421875
vt 0.3046875 0.421875
vt 0.3247625 0.6752374999999999
vt 0.375 0.7622625000000001
vt 0.1875 0.8125
vt 0.375 0.7622625000000001
vt 0.375 0.8627374999999999
vt 0.1875 0.8125
vt 0.375 0.8627374999999999
vt 0.3247625 0.9497625
vt 0.1875 0.8125
vt 0.3247625 0.9497625
vt 0.2377375 1
vt 0.1875 0.8125
vt 0.2377375 1
vt 0.1372625 1
vt 0.1875 0.8125
vt 0.1372625 1
vt 0.0502375 0.9497625
vt 0.1875 0.8125
vt 0.0502375 0.9497625
vt 0 0.8627374999999999
vt 0.1875 0.8125
vt 0 0.8627374999999999
vt 0 0.7622625000000001
vt 0.1875 0.8125
vt 0 0.7622625000000001
vt 0.0502375 0.6752374999999999
vt 0.1875 0.8125
vt 0.0502375 0.6752374999999999
vt 0.1372625 0.625
vt 0.1875 0.8125
vt 0.1372625 0.625
vt 0.2377375 0.625
vt 0.1875 0.8125
vt 0.2377375 0.625
vt 0.3247625 0.6752374999999999
vt 0.1875 0.8125
vt 0.296875 0.34375
vt 0.31048125 0.34375
vt 0.31048125 0.359375
vt 0.296875 0.359375
vt 0.306775 0.359375
vt 0.296875 0.359375
vt 0.296875 0.34375
vt 0.306775 0.34375
vt 0.296875 0.35752125
vt 0.296875 0.34762140625000004
vt 0.30379265625 0.3457678125
vt 0.30379203125 0.359375
vt 0.296875 0.3524575
vt 0.3104821875 0.3524575
vt 0.30862828125 0.359375
vt 0.2987284375 0.35937453124999996
vt 0.296875 0.34375
vt 0.31048125 0.34375
vt 0.31048125 0.359375
vt 0.296875 0.359375
vt 0.306775 0.359375
vt 0.296875 0.359375
vt 0.296875 0.34375
vt 0.306775 0.34375
vt 0.296875 0.3575215625
vt 0.296875 0.34762171875000003
vt 0.30379203125 0.3457678125
vt 0.30379265625 0.359375
vt 0.296875 0.3524575
vt 0.3104821875 0.3524575
vt 0.30862859375 0.35937453124999996
vt 0.29872890625 0.359375
vt 0.296875 0.34375
vt 0.31048125 0.34375
vt 0.31048125 0.359375
vt 0.296875 0.359375
vt 0.306775 0.359375
vt 0.296875 0.359375
vt 0.296875 0.34375
vt 0.306775 0.34375
vt 0.296875 0.357521875
vt 0.296875 0.34762187499999997
vt 0.3037921875 0.34576874999999996
vt 0.3037921875 0.359375
vt 0.3037921875 0.34576874999999996
vt 0.3037921875 0.359375
vt 0.296875 0.357521875
vt 0.296875 0.34762187499999997
vt 0.296875 0.34375
vt 0.31048125 0.34375
vt 0.31048125 0.359375
vt 0.296875 0.359375
vt 0.306775 0.359375
vt 0.296875 0.359375
vt 0.296875 0.34375
vt 0.306775 0.34375
vt 0.30862828125 0.359375
vt 0.2987284375 0.359375
vt 0.296875 0.35245734375000004
vt 0.3104821875 0.35245796875
vt 0.3037925 0.3457678125
vt 0.3037925 0.359375
vt 0.296875 0.35752109374999996
vt 0.29687546875 0.34762140625000004
vt 0.296875 0.34375
vt 0.31048125 0.34375
vt 0.31048125 0.359375
vt 0.296875 0.359375
vt 0.306775 0.359375
vt 0.296875 0.359375
vt 0.296875 0.34375
vt 0.306775 0.34375
vt 0.30862859375 0.359375
vt 0.29872875 0.359375
vt 0.296875 0.35245796875
vt 0.3104821875 0.35245734375000004
vt 0.3037925 0.3457678125
vt 0.3037925 0.359375
vt 0.29687546875 0.3575215625
vt 0.296875 0.34762171875000003
vt 0.296875 0.34375
vt 0.31048125 0.34375
vt 0.31048125 0.359375
vt 0.296875 0.359375
vt 0.306775 0.359375
vt 0.296875 0.359375
vt 0.296875 0.34375
vt 0.306775 0.34375
vt 0.308628125 0.359375
vt 0.298728125 0.359375
vt 0.296875 0.35245781249999997
vt 0.31048125 0.35245781249999997
vt 0.31048125 0.359375
vt 0.296875 0.359375
vt 0.298728125 0.35245781249999997
vt 0.308628125 0.35245781249999997
vt 0.296875 0.34375
vt 0.31048125 0.34375
vt 0.31048125 0.359375
vt 0.296875 0.359375
vt 0.306775 0.359375
vt 0.296875 0.359375
vt 0.296875 0.34375
vt 0.306775 0.34375
vt 0.30379265625 0.34762171875000003
vt 0.30379265625 0.3575215625
vt 0.296875 0.359375
vt 0.296875625 0.3457678125
vt 0.3104821875 0.359375
vt 0.296875 0.359375
vt 0.29872890625 0.3524575
vt 0.30862859375 0.35245796875
vt 0.296875 0.34375
vt 0.31048125 0.34375
vt 0.31048125 0.359375
vt 0.296875 0.359375
vt 0.306775 0.359375
vt 0.296875 0.359375
vt 0.296875 0.34375
vt 0.306775 0.34375
vt 0.30379265625 0.34762140625000004
vt 0.30379265625 0.35752125
vt 0.296875625 0.359375
vt 0.296875 0.3457678125
vt 0.3104821875 0.359375
vt 0.296875 0.359375
vt 0.2987284375 0.35245796875
vt 0.30862828125 0.3524575
vt 0.296875 0.34375
vt 0.31048125 0.34375
vt 0.31048125 0.359375
vt 0.296875 0.359375
vt 0.306775 0.359375
vt 0.296875 0.359375
vt 0.296875 0.34375
vt 0.306775 0.34375
vt 0.3037921875 0.34762187499999997
vt 0.3037921875 0.357521875
vt 0.296875 0.359375
vt 0.296875 0.34576874999999996
vt 0.296875 0.359375
vt 0.296875 0.34576874999999996
vt 0.3037921875 0.34762187499999997
vt 0.3037921875 0.357521875
vt 0.296875 0.34375
vt 0.31048125 0.34375
vt 0.31048125 0.359375
vt 0.296875 0.359375
vt 0.306775 0.359375
vt 0.296875 0.359375
vt 0.296875 0.34375
vt 0.306775 0.34375
vt 0.29872875 0.35245734375000004
vt 0.30862859375 0.35245734375000004
vt 0.3104821875 0.359375
vt 0.296875 0.359374375
vt 0.296875 0.359375
vt 0.296875 0.3457678125
vt 0.3037925 0.34762171875000003
vt 0.30379203125 0.3575215625
vt 0.296875 0.34375
vt 0.31048125 0.34375
vt 0.31048125 0.359375
vt 0.296875 0.359375
vt 0.306775 0.359375
vt 0.296875 0.359375
vt 0.296875 0.34375
vt 0.306775 0.34375
vt 0.2987284375 0.35245734375000004
vt 0.30862828125 0.35245734375000004
vt 0.3104821875 0.359374375
vt 0.296875 0.359375
vt 0.296875 0.359375
vt 0.296875 0.3457678125
vt 0.30379203125 0.34762140625000004
vt 0.3037925 0.35752109374999996
vt 0.296875 0.34375
vt 0.31048125 0.34375
vt 0.31048125 0.359375
vt 0.296875 0.359375
vt 0.306775 0.359375
vt 0.296875 0.359375
vt 0.296875 0.34375
vt 0.306775 0.34375
vt 0.298728125 0.35245781249999997
vt 0.308628125 0.35245781249999997
vt 0.31048125 0.359375
vt 0.296875 0.359375
vt 0.296875 0.35245781249999997
vt 0.31048125 0.35245781249999997
vt 0.308628125 0.359375
vt 0.298728125 0.359375
vt 0.4140625 0.421875
vt 0.4140625 0.428125
vt 0.296875 0.428125
vt 0.296875 0.421875
vt 0.421875 0.421875
vt 0.421875 0.428125
vt 0.3046875 0.428125
vt 0.3046875 0.421875
vt 0.3203125 0.328125
vt 0.3203125 0.4453125
vt 0.3046875 0.4453125
vt 0.3046875 0.328125
vt 0.3203125 0.3359375
vt 0.3203125 0.453125
vt 0.3046875 0.453125
vt 0.3046875 0.3359375
vt 0.3203125 0.421875
vt 0.3203125 0.428125
vt 0.3046875 0.428125
vt 0.3046875 0.421875
vt 0.3203125 0.421875
vt 0.3203125 0.428125
vt 0.3046875 0.428125
vt 0.3046875 0.421875
vt 0.4140625 0.421875
vt 0.4140625 0.4296875
vt 0.296875 0.4296875
vt 0.296875 0.421875
vt 0.421875 0.421875
vt 0.421875 0.4296875
vt 0.3046875 0.4296875
vt 0.3046875 0.421875
vt 0.3203125 0.328125
vt 0.3203125 0.4453125
vt 0.3046875 0.4453125
vt 0.3046875 0.328125
vt 0.3203125 0.3359375
vt 0.3203125 0.453125
vt 0.3046875 0.453125
vt 0.3046875 0.3359375
vt 0.3203125 0.421875
vt 0.3203125 0.4296875
vt 0.3046875 0.4296875
vt 0.3046875 0.421875
vt 0.3203125 0.421875
vt 0.3203125 0.4296875
vt 0.3046875 0.4296875
vt 0.3046875 0.421875
vt 0.4140625 0.421875
vt 0.4140625 0.4296875
vt 0.296875 0.4296875
vt 0.296875 0.421875
vt 0.421875 0.421875
vt 0.421875 0.4296875
vt 0.3046875 0.4296875
vt 0.3046875 0.421875
vt 0.3203125 0.328125
vt 0.3203125 0.4453125
vt 0.3046875 0.4453125
vt 0.3046875 0.328125
vt 0.3203125 0.3359375
vt 0.3203125 0.453125
vt 0.3046875 0.453125
vt 0.3046875 0.3359375
vt 0.3203125 0.421875
vt 0.3203125 0.4296875
vt 0.3046875 0.4296875
vt 0.3046875 0.421875
vt 0.3203125 0.421875
vt 0.3203125 0.4296875
vt 0.3046875 0.4296875
vt 0.3046875 0.421875
vt 0.4140625 0.421875
vt 0.4140625 0.428125
vt 0.296875 0.428125
vt 0.296875 0.421875
vt 0.421875 0.421875
vt 0.421875 0.428125
vt 0.3046875 0.428125
vt 0.3046875 0.421875
vt 0.3203125 0.328125
vt 0.3203125 0.4453125
vt 0.3046875 0.4453125
vt 0.3046875 0.328125
vt 0.3203125 0.3359375
vt 0.3203125 0.453125
vt 0.3046875 0.453125
vt 0.3046875 0.3359375
vt 0.3203125 0.421875
vt 0.3203125 0.428125
vt 0.3046875 0.428125
vt 0.3046875 0.421875
vt 0.3203125 0.421875
vt 0.3203125 0.428125
vt 0.3046875 0.428125
vt 0.3046875 0.421875
vt 0.296875 0.4296875
vt 0.4140625 0.4296875
vt 0.4140625 0.421875
vt 0.296875 0.421875
vt 0.3046875 0.4296875
vt 0.421875 0.4296875
vt 0.421875 0.421875
vt 0.3046875 0.421875
vt 0.3046875 0.4453125
vt 0.3203125 0.4453125
vt 0.3203125 0.328125
vt 0.3046875 0.328125
vt 0.3046875 0.453125
vt 0.3203125 0.453125
vt 0.3203125 0.3359375
vt 0.3046875 0.3359375
vt 0.3046875 0.4296875
vt 0.3203125 0.4296875
vt 0.3203125 0.421875
vt 0.3046875 0.421875
vt 0.3046875 0.4296875
vt 0.3203125 0.4296875
vt 0.3203125 0.421875
vt 0.3046875 0.421875
vt 0.296875 0.4296875
vt 0.4140625 0.4296875
vt 0.4140625 0.421875
vt 0.296875 0.421875
vt 0.3046875 0.4296875
vt 0.421875 0.4296875
vt 0.421875 0.421875
vt 0.3046875 0.421875
vt 0.3046875 0.4453125
vt 0.3203125 0.4453125
vt 0.3203125 0.328125
vt 0.3046875 0.328125
vt 0.3046875 0.453125
vt 0.3203125 0.453125
vt 0.3203125 0.3359375
vt 0.3046875 0.3359375
vt 0.3046875 0.4296875
vt 0.3203125 0.4296875
vt 0.3203125 0.421875
vt 0.3046875 0.421875
vt 0.3046875 0.4296875
vt 0.3203125 0.4296875
vt 0.3203125 0.421875
vt 0.3046875 0.421875
vt 0.296875 0.428125
vt 0.4140625 0.428125
vt 0.4140625 0.421875
vt 0.296875 0.421875
vt 0.3046875 0.428125
vt 0.421875 0.428125
vt 0.421875 0.421875
vt 0.3046875 0.421875
vt 0.3046875 0.4453125
vt 0.3203125 0.4453125
vt 0.3203125 0.328125
vt 0.3046875 0.328125
vt 0.3046875 0.453125
vt 0.3203125 0.453125
vt 0.3203125 0.3359375
vt 0.3046875 0.3359375
vt 0.3046875 0.428125
vt 0.3203125 0.428125
vt 0.3203125 0.421875
vt 0.3046875 0.421875
vt 0.3046875 0.428125
vt 0.3203125 0.428125
vt 0.3203125 0.421875
vt 0.3046875 0.421875
vt 0.3247625 0.6752374999999999
vt 0.375 0.7622625000000001
vt 0.1875 0.8125
vt 0.375 0.7622625000000001
vt 0.375 0.8627374999999999
vt 0.1875 0.8125
vt 0.375 0.8627374999999999
vt 0.3247625 0.9497625
vt 0.1875 0.8125
vt 0.3247625 0.9497625
vt 0.2377375 1
vt 0.1875 0.8125
vt 0.2377375 1
vt 0.1372625 1
vt 0.1875 0.8125
vt 0.1372625 1
vt 0.0502375 0.9497625
vt 0.1875 0.8125
vt 0.0502375 0.9497625
vt 0 0.8627374999999999
vt 0.1875 0.8125
vt 0 0.8627374999999999
vt 0 0.7622625000000001
vt 0.1875 0.8125
vt 0 0.7622625000000001
vt 0.0502375 0.6752374999999999
vt 0.1875 0.8125
vt 0.0502375 0.6752374999999999
vt 0.1372625 0.625
vt 0.1875 0.8125
vt 0.1372625 0.625
vt 0.2377375 0.625
vt 0.1875 0.8125
vt 0.2377375 0.625
vt 0.3247625 0.6752374999999999
vt 0.1875 0.8125
vt 0.296875 0.34375
vt 0.31048125 0.34375
vt 0.31048125 0.359375
vt 0.296875 0.359375
vt 0.306775 0.359375
vt 0.296875 0.359375
vt 0.296875 0.34375
vt 0.306775 0.34375
vt 0.296875 0.35752125
vt 0.296875 0.34762140625000004
vt 0.30379265625 0.3457678125
vt 0.30379203125 0.359375
vt 0.296875 0.3524575
vt 0.3104821875 0.3524575
vt 0.30862828125 0.359375
vt 0.2987284375 0.35937453124999996
vt 0.296875 0.34375
vt 0.31048125 0.34375
vt 0.31048125 0.359375
vt 0.296875 0.359375
vt 0.306775 0.359375
vt 0.296875 0.359375
vt 0.296875 0.34375
vt 0.306775 0.34375
vt 0.296875 0.3575215625
vt 0.296875 0.34762171875000003
vt 0.30379203125 0.3457678125
vt 0.30379265625 0.359375
vt 0.296875 0.3524575
vt 0.3104821875 0.3524575
vt 0.30862859375 0.35937453124999996
vt 0.29872890625 0.359375
vt 0.296875 0.34375
vt 0.31048125 0.34375
vt 0.31048125 0.359375
vt 0.296875 0.359375
vt 0.306775 0.359375
vt 0.296875 0.359375
vt 0.296875 0.34375
vt 0.306775 0.34375
vt 0.296875 0.357521875
vt 0.296875 0.34762187499999997
vt 0.3037921875 0.34576874999999996
vt 0.3037921875 0.359375
vt 0.3037921875 0.34576874999999996
vt 0.3037921875 0.359375
vt 0.296875 0.357521875
vt 0.296875 0.34762187499999997
vt 0.296875 0.34375
vt 0.31048125 0.34375
vt 0.31048125 0.359375
vt 0.296875 0.359375
vt 0.306775 0.359375
vt 0.296875 0.359375
vt 0.296875 0.34375
vt 0.306775 0.34375
vt 0.30862828125 0.359375
vt 0.2987284375 0.359375
vt 0.296875 0.35245734375000004
vt 0.3104821875 0.35245796875
vt 0.3037925 0.3457678125
vt 0.3037925 0.359375
vt 0.296875 0.35752109374999996
vt 0.29687546875 0.34762140625000004
vt 0.296875 0.34375
vt 0.31048125 0.34375
vt 0.31048125 0.359375
vt 0.296875 0.359375
vt 0.306775 0.359375
vt 0.296875 0.359375
vt 0.296875 0.34375
vt 0.306775 0.34375
vt 0.30862859375 0.359375
vt 0.29872875 0.359375
vt 0.296875 0.35245796875
vt 0.3104821875 0.35245734375000004
vt 0.3037925 0.3457678125
vt 0.3037925 0.359375
vt 0.29687546875 0.3575215625
vt 0.296875 0.34762171875000003
vt 0.296875 0.34375
vt 0.31048125 0.34375
vt 0.31048125 0.359375
vt 0.296875 0.359375
vt 0.306775 0.359375
vt 0.296875 0.359375
vt 0.296875 0.34375
vt 0.306775 0.34375
vt 0.308628125 0.359375
vt 0.298728125 0.359375
vt 0.296875 0.35245781249999997
vt 0.31048125 0.35245781249999997
vt 0.31048125 0.359375
vt 0.296875 0.359375
vt 0.298728125 0.35245781249999997
vt 0.308628125 0.35245781249999997
vt 0.296875 0.34375
vt 0.31048125 0.34375
vt 0.31048125 0.359375
vt 0.296875 0.359375
vt 0.306775 0.359375
vt 0.296875 0.359375
vt 0.296875 0.34375
vt 0.306775 0.34375
vt 0.30379265625 0.34762171875000003
vt 0.30379265625 0.3575215625
vt 0.296875 0.359375
vt 0.296875625 0.3457678125
vt 0.3104821875 0.359375
vt 0.296875 0.359375
vt 0.29872890625 0.3524575
vt 0.30862859375 0.35245796875
vt 0.296875 0.34375
vt 0.31048125 0.34375
vt 0.31048125 0.359375
vt 0.296875 0.359375
vt 0.306775 0.359375
vt 0.296875 0.359375
vt 0.296875 0.34375
vt 0.306775 0.34375
vt 0.30379265625 0.34762140625000004
vt 0.30379265625 0.35752125
vt 0.296875625 0.359375
vt 0.296875 0.3457678125
vt 0.3104821875 0.359375
vt 0.296875 0.359375
vt 0.2987284375 0.35245796875
vt 0.30862828125 0.3524575
vt 0.296875 0.34375
vt 0.31048125 0.34375
vt 0.31048125 0.359375
vt 0.296875 0.359375
vt 0.306775 0.359375
vt 0.296875 0.359375
vt 0.296875 0.34375
vt 0.306775 0.34375
vt 0.3037921875 0.34762187499999997
vt 0.3037921875 0.357521875
vt 0.296875 0.359375
vt 0.296875 0.34576874999999996
vt 0.296875 0.359375
vt 0.296875 0.34576874999999996
vt 0.3037921875 0.34762187499999997
vt 0.3037921875 0.357521875
vt 0.296875 0.34375
vt 0.31048125 0.34375
vt 0.31048125 0.359375
vt 0.296875 0.359375
vt 0.306775 0.359375
vt 0.296875 0.359375
vt 0.296875 0.34375
vt 0.306775 0.34375
vt 0.29872875 0.35245734375000004
vt 0.30862859375 0.35245734375000004
vt 0.3104821875 0.359375
vt 0.296875 0.359374375
vt 0.296875 0.359375
vt 0.296875 0.3457678125
vt 0.3037925 0.34762171875000003
vt 0.30379203125 0.3575215625
vt 0.296875 0.34375
vt 0.31048125 0.34375
vt 0.31048125 0.359375
vt 0.296875 0.359375
vt 0.306775 0.359375
vt 0.296875 0.359375
vt 0.296875 0.34375
vt 0.306775 0.34375
vt 0.2987284375 0.35245734375000004
vt 0.30862828125 0.35245734375000004
vt 0.3104821875 0.359374375
vt 0.296875 0.359375
vt 0.296875 0.359375
vt 0.296875 0.3457678125
vt 0.30379203125 0.34762140625000004
vt 0.3037925 0.35752109374999996
vt 0.296875 0.34375
vt 0.31048125 0.34375
vt 0.31048125 0.359375
vt 0.296875 0.359375
vt 0.306775 0.359375
vt 0.296875 0.359375
vt 0.296875 0.34375
vt 0.306775 0.34375
vt 0.298728125 0.35245781249999997
vt 0.308628125 0.35245781249999997
vt 0.31048125 0.359375
vt 0.296875 0.359375
vt 0.296875 0.35245781249999997
vt 0.31048125 0.35245781249999997
vt 0.308628125 0.359375
vt 0.298728125 0.359375
vt 0.21078125 0.79703125
vt 0.2421875 0.85140625
vt 0.125 0.8828125
vt 0.2421875 0.85140625
vt 0.2421875 0.91421875
vt 0.125 0.8828125
vt 0.2421875 0.91421875
vt 0.21078125 0.96859375
vt 0.125 0.8828125
vt 0.21078125 0.96859375
vt 0.15640625 1
vt 0.125 0.8828125
vt 0.15640625 1
vt 0.09359375 1
vt 0.125 0.8828125
vt 0.09359375 1
vt 0.03921875 0.96859375
vt 0.125 0.8828125
vt 0.03921875 0.96859375
vt 0.0078125 0.91421875
vt 0.125 0.8828125
vt 0.0078125 0.91421875
vt 0.0078125 0.85140625
vt 0.125 0.8828125
vt 0.0078125 0.85140625
vt 0.03921875 0.79703125
vt 0.125 0.8828125
vt 0.03921875 0.79703125
vt 0.09359375 0.765625
vt 0.125 0.8828125
vt 0.09359375 0.765625
vt 0.15640625 0.765625
vt 0.125 0.8828125
vt 0.15640625 0.765625
vt 0.21078125 0.79703125
vt 0.125 0.8828125
vt 0.28125 0.34375
vt 0.289621875 0.34375
vt 0.289621875 0.359375
vt 0.28125 0.359375
vt 0.28573125 0.359375
vt 0.28125 0.359375
vt 0.28125 0.34375
vt 0.28573125 0.34375
vt 0.28125 0.35742734374999996
vt 0.28125 0.35294499999999995
vt 0.28851390625 0.35100062499999996
vt 0.2885103125 0.359375
vt 0.28125 0.35211187499999996
vt 0.289624375 0.35211187499999996
vt 0.287676875 0.359375
vt 0.28319453125 0.35937312499999996
vt 0.28125 0.34375
vt 0.289621875 0.34375
vt 0.289621875 0.359375
vt 0.28125 0.359375
vt 0.28573125 0.359375
vt 0.28125 0.359375
vt 0.28125 0.34375
vt 0.28573125 0.34375
vt 0.28125 0.357430625
vt 0.28125 0.35294828125
vt 0.2885103125 0.35100062499999996
vt 0.28851390625 0.359375
vt 0.28125 0.35211187499999996
vt 0.289624375 0.35211187499999996
vt 0.28767984375 0.35937312499999996
vt 0.2831975 0.359375
vt 0.28125 0.34375
vt 0.289621875 0.34375
vt 0.289621875 0.359375
vt 0.28125 0.359375
vt 0.28573125 0.359375
vt 0.28125 0.359375
vt 0.28125 0.34375
vt 0.28573125 0.34375
vt 0.28125 0.35742968750000004
vt 0.28125 0.35294843750000005
vt 0.2885109375 0.35100312499999997
vt 0.2885109375 0.359375
vt 0.2885109375 0.35100312499999997
vt 0.2885109375 0.359375
vt 0.28125 0.35742968750000004
vt 0.28125 0.35294843750000005
vt 0.28125 0.34375
vt 0.289621875 0.34375
vt 0.289621875 0.359375
vt 0.28125 0.359375
vt 0.28573125 0.359375
vt 0.28125 0.359375
vt 0.28125 0.34375
vt 0.28573125 0.34375
vt 0.28767671875 0.359375
vt 0.283194375 0.359375
vt 0.28125 0.35211109375000005
vt 0.289624375 0.35211468749999997
vt 0.288513125 0.35100062499999996
vt 0.288513125 0.359375
vt 0.28125 0.3574275
vt 0.281251875 0.35294515625
vt 0.28125 0.34375
vt 0.289621875 0.34375
vt 0.289621875 0.359375
vt 0.28125 0.359375
vt 0.28573125 0.359375
vt 0.28125 0.359375
vt 0.28125 0.34375
vt 0.28573125 0.34375
vt 0.28768 0.359375
vt 0.28319765625 0.359375
vt 0.28125 0.35211468749999997
vt 0.289624375 0.35211109375000005
vt 0.288513125 0.35100062499999996
vt 0.288513125 0.359375
vt 0.281251875 0.35743046874999995
vt 0.28125 0.35294812499999995
vt 0.28125 0.34375
vt 0.289621875 0.34375
vt 0.289621875 0.359375
vt 0.28125 0.359375
vt 0.28573125 0.359375
vt 0.28125 0.359375
vt 0.28125 0.34375
vt 0.28573125 0.34375
vt 0.2876765625 0.359375
vt 0.2831953125 0.359375
vt 0.28125 0.3521140625
vt 0.289621875 0.3521140625
vt 0.289621875 0.359375
vt 0.28125 0.359375
vt 0.2831953125 0.3521140625
vt 0.2876765625 0.3521140625
vt 0.28125 0.34375
vt 0.289621875 0.34375
vt 0.289621875 0.359375
vt 0.28125 0.359375
vt 0.28573125 0.359375
vt 0.28125 0.359375
vt 0.28125 0.34375
vt 0.28573125 0.34375
vt 0.28851390625 0.35294828125
vt 0.28851390625 0.357430625
vt 0.28125 0.359375
vt 0.28125359375 0.35100062499999996
vt 0.289624375 0.359375
vt 0.28125 0.359375
vt 0.2831975 0.35211187499999996
vt 0.28767984375 0.35211390625000005
vt 0.28125 0.34375
vt 0.289621875 0.34375
vt 0.289621875 0.359375
vt 0.28125 0.359375
vt 0.28573125 0.359375
vt 0.28125 0.359375
vt 0.28125 0.34375
vt 0.28573125 0.34375
vt 0.28851390625 0.35294499999999995
vt 0.28851390625 0.35742734374999996
vt 0.28125359375 0.359375
vt 0.28125 0.35100062499999996
vt 0.289624375 0.359375
vt 0.28125 0.359375
vt 0.28319453125 0.35211390625000005
vt 0.287676875 0.35211187499999996
vt 0.28125 0.34375
vt 0.289621875 0.34375
vt 0.289621875 0.359375
vt 0.28125 0.359375
vt 0.28573125 0.359375
vt 0.28125 0.359375
vt 0.28125 0.34375
vt 0.28573125 0.34375
vt 0.2885109375 0.35294843750000005
vt 0.2885109375 0.35742968750000004
vt 0.28125 0.359375
vt 0.28125 0.35100312499999997
vt 0.28125 0.359375
vt 0.28125 0.35100312499999997
vt 0.2885109375 0.35294843750000005
vt 0.2885109375 0.35742968750000004
vt 0.28125 0.34375
vt 0.289621875 0.34375
vt 0.289621875 0.359375
vt 0.28125 0.359375
vt 0.28573125 0.359375
vt 0.28125 0.359375
vt 0.28125 0.34375
vt 0.28573125 0.34375
vt 0.28319765625 0.35211109375000005
vt 0.28768 0.35211109375000005
vt 0.289624375 0.359375
vt 0.28125 0.35937140624999997
vt 0.28125 0.359375
vt 0.28125 0.35100062499999996
vt 0.288513125 0.35294812499999995
vt 0.28851109375 0.35743046874999995
vt 0.28125 0.34375
vt 0.289621875 0.34375
vt 0.289621875 0.359375
vt 0.28125 0.359375
vt 0.28573125 0.359375
vt 0.28125 0.359375
vt 0.28125 0.34375
vt 0.28573125 0.34375
vt 0.283194375 0.35211109375000005
vt 0.28767671875 0.35211109375000005
vt 0.289624375 0.35937140624999997
vt 0.28125 0.359375
vt 0.28125 0.359375
vt 0.28125 0.35100062499999996
vt 0.28851109375 0.35294515625
vt 0.288513125 0.3574275
vt 0.28125 0.34375
vt 0.289621875 0.34375
vt 0.289621875 0.359375
vt 0.28125 0.359375
vt 0.28573125 0.359375
vt 0.28125 0.359375
vt 0.28125 0.34375
vt 0.28573125 0.34375
vt 0.2831953125 0.3521140625
vt 0.2876765625 0.3521140625
vt 0.289621875 0.359375
vt 0.28125 0.359375
vt 0.28125 0.3521140625
vt 0.289621875 0.3521140625
vt 0.2876765625 0.359375
vt 0.2831953125 0.359375
vt 0.41796875 0.3984375
vt 0.41796875 0.4046875
vt 0.375 0.4046875
vt 0.375 0.3984375
vt 0.42578125 0.3984375
vt 0.42578125 0.4046875
vt 0.3828125 0.4046875
vt 0.3828125 0.3984375
vt 0.3966546875 0.35546875
vt 0.3966546875 0.3984375
vt 0.38828125 0.3984375
vt 0.38828125 0.35546875
vt 0.3966546875 0.36328125
vt 0.3966546875 0.40625
vt 0.38828125 0.40625
vt 0.38828125 0.36328125
vt 0.3966546875 0.3984375
vt 0.3966546875 0.4046875
vt 0.38828125 0.4046875
vt 0.38828125 0.3984375
vt 0.3950921875 0.3984375
vt 0.3950921875 0.4046875
vt 0.38671875 0.4046875
vt 0.38671875 0.3984375
vt 0.375 0.40625
vt 0.4296875 0.40625
vt 0.4296875 0.3984375
vt 0.375 0.3984375
vt 0.3828125 0.40625
vt 0.4375 0.40625
vt 0.4375 0.3984375
vt 0.3828125 0.3984375
vt 0.38828125 0.3984375
vt 0.39453125 0.3984375
vt 0.39453125 0.34375
vt 0.38828125 0.34375
vt 0.38828125 0.40625
vt 0.39453125 0.40625
vt 0.39453125 0.3515625
vt 0.38828125 0.3515625
vt 0.38828125 0.40625
vt 0.39453125 0.40625
vt 0.39453125 0.3984375
vt 0.38828125 0.3984375
vt 0.38671875 0.40625
vt 0.39296875 0.40625
vt 0.39296875 0.3984375
vt 0.38671875 0.3984375
vt 0.375 0.40625
vt 0.4296875 0.40625
vt 0.4296875 0.3984375
vt 0.375 0.3984375
vt 0.3828125 0.40625
vt 0.4375 0.40625
vt 0.4375 0.3984375
vt 0.3828125 0.3984375
vt 0.38828125 0.3984375
vt 0.39453125 0.3984375
vt 0.39453125 0.34375
vt 0.38828125 0.34375
vt 0.38828125 0.40625
vt 0.39453125 0.40625
vt 0.39453125 0.3515625
vt 0.38828125 0.3515625
vt 0.38828125 0.40625
vt 0.39453125 0.40625
vt 0.39453125 0.3984375
vt 0.38828125 0.3984375
vt 0.38671875 0.40625
vt 0.39296875 0.40625
vt 0.39296875 0.3984375
vt 0.38671875 0.3984375
vt 0.375 0.4046875
vt 0.38671875 0.4046875
vt 0.38671875 0.39792171875000004
vt 0.375 0.39792171875000004
vt 0.4140625 0.4046875
vt 0.42578125 0.4046875
vt 0.42578125 0.39792171875000004
vt 0.4140625 0.39792171875000004
vt 0.38828125 0.3671875
vt 0.3966546875 0.3671875
vt 0.3966546875 0.35546875
vt 0.38828125 0.35546875
vt 0.38828125 0.40625
vt 0.3966546875 0.40625
vt 0.3966546875 0.39453125
vt 0.38828125 0.39453125
vt 0.38828125 0.4046875
vt 0.3966546875 0.4046875
vt 0.3966546875 0.39792171875000004
vt 0.38828125 0.39792171875000004
vt 0.38671875 0.4046875
vt 0.3950921875 0.4046875
vt 0.3950921875 0.39792171875000004
vt 0.38671875 0.39792171875000004
vt 0.4296875 0.3984375
vt 0.4296875 0.40625
vt 0.375 0.40625
vt 0.375 0.3984375
vt 0.4375 0.3984375
vt 0.4375 0.40625
vt 0.3828125 0.40625
vt 0.3828125 0.3984375
vt 0.39453125 0.34375
vt 0.39453125 0.3984375
vt 0.38828125 0.3984375
vt 0.38828125 0.34375
vt 0.39453125 0.3515625
vt 0.39453125 0.40625
vt 0.38828125 0.40625
vt 0.38828125 0.3515625
vt 0.39453125 0.3984375
vt 0.39453125 0.40625
vt 0.38828125 0.40625
vt 0.38828125 0.3984375
vt 0.39296875 0.3984375
vt 0.39296875 0.40625
vt 0.38671875 0.40625
vt 0.38671875 0.3984375
vt 0.4296875 0.3984375
vt 0.4296875 0.40625
vt 0.375 0.40625
vt 0.375 0.3984375
vt 0.4375 0.3984375
vt 0.4375 0.40625
vt 0.3828125 0.40625
vt 0.3828125 0.3984375
vt 0.39453125 0.34375
vt 0.39453125 0.3984375
vt 0.38828125 0.3984375
vt 0.38828125 0.34375
vt 0.39453125 0.3515625
vt 0.39453125 0.40625
vt 0.38828125 0.40625
vt 0.38828125 0.3515625
vt 0.39453125 0.3984375
vt 0.39453125 0.40625
vt 0.38828125 0.40625
vt 0.38828125 0.3984375
vt 0.39296875 0.3984375
vt 0.39296875 0.40625
vt 0.38671875 0.40625
vt 0.38671875 0.3984375
vt 0.38671875 0.39792171875000004
vt 0.38671875 0.4046875
vt 0.375 0.4046875
vt 0.375 0.39792171875000004
vt 0.42578125 0.39792171875000004
vt 0.42578125 0.4046875
vt 0.4140625 0.4046875
vt 0.4140625 0.39792171875000004
vt 0.3966546875 0.35546875
vt 0.3966546875 0.3671875
vt 0.38828125 0.3671875
vt 0.38828125 0.35546875
vt 0.3966546875 0.39453125
vt 0.3966546875 0.40625
vt 0.38828125 0.40625
vt 0.38828125 0.39453125
vt 0.3966546875 0.39792171875000004
vt 0.3966546875 0.4046875
vt 0.38828125 0.4046875
vt 0.38828125 0.39792171875000004
vt 0.3950921875 0.39792171875000004
vt 0.3950921875 0.4046875
vt 0.38671875 0.4046875
vt 0.38671875 0.39792171875000004
vt 0.21078125 0.79703125
vt 0.2421875 0.85140625
vt 0.125 0.8828125
vt 0.2421875 0.85140625
vt 0.2421875 0.91421875
vt 0.125 0.8828125
vt 0.2421875 0.91421875
vt 0.21078125 0.96859375
vt 0.125 0.8828125
vt 0.21078125 0.96859375
vt 0.15640625 1
vt 0.125 0.8828125
vt 0.15640625 1
vt 0.09359375 1
vt 0.125 0.8828125
vt 0.09359375 1
vt 0.03921875 0.96859375
vt 0.125 0.8828125
vt 0.03921875 0.96859375
vt 0.0078125 0.91421875
vt 0.125 0.8828125
vt 0.0078125 0.91421875
vt 0.0078125 0.85140625
vt 0.125 0.8828125
vt 0.0078125 0.85140625
vt 0.03921875 0.79703125
vt 0.125 0.8828125
vt 0.03921875 0.79703125
vt 0.09359375 0.765625
vt 0.125 0.8828125
vt 0.09359375 0.765625
vt 0.15640625 0.765625
vt 0.125 0.8828125
vt 0.15640625 0.765625
vt 0.21078125 0.79703125
vt 0.125 0.8828125
vt 0.28125 0.34375
vt 0.289621875 0.34375
vt 0.289621875 0.359375
vt 0.28125 0.359375
vt 0.28573125 0.359375
vt 0.28125 0.359375
vt 0.28125 0.34375
vt 0.28573125 0.34375
vt 0.28125 0.35742734374999996
vt 0.28125 0.35294499999999995
vt 0.28851390625 0.35100062499999996
vt 0.2885103125 0.359375
vt 0.28125 0.35211187499999996
vt 0.289624375 0.35211187499999996
vt 0.287676875 0.359375
vt 0.28319453125 0.35937312499999996
vt 0.28125 0.34375
vt 0.289621875 0.34375
vt 0.289621875 0.359375
vt 0.28125 0.359375
vt 0.28573125 0.359375
vt 0.28125 0.359375
vt 0.28125 0.34375
vt 0.28573125 0.34375
vt 0.28125 0.357430625
vt 0.28125 0.35294828125
vt 0.2885103125 0.35100062499999996
vt 0.28851390625 0.359375
vt 0.28125 0.35211187499999996
vt 0.289624375 0.35211187499999996
vt 0.28767984375 0.35937312499999996
vt 0.2831975 0.359375
vt 0.28125 0.34375
vt 0.289621875 0.34375
vt 0.289621875 0.359375
vt 0.28125 0.359375
vt 0.28573125 0.359375
vt 0.28125 0.359375
vt 0.28125 0.34375
vt 0.28573125 0.34375
vt 0.28125 0.35742968750000004
vt 0.28125 0.35294843750000005
vt 0.2885109375 0.35100312499999997
vt 0.2885109375 0.359375
vt 0.2885109375 0.35100312499999997
vt 0.2885109375 0.359375
vt 0.28125 0.35742968750000004
vt 0.28125 0.35294843750000005
vt 0.28125 0.34375
vt 0.289621875 0.34375
vt 0.289621875 0.359375
vt 0.28125 0.359375
vt 0.28573125 0.359375
vt 0.28125 0.359375
vt 0.28125 0.34375
vt 0.28573125 0.34375
vt 0.28767671875 0.359375
vt 0.283194375 0.359375
vt 0.28125 0.35211109375000005
vt 0.289624375 0.35211468749999997
vt 0.288513125 0.35100062499999996
vt 0.288513125 0.359375
vt 0.28125 0.3574275
vt 0.281251875 0.35294515625
vt 0.28125 0.34375
vt 0.289621875 0.34375
vt 0.289621875 0.359375
vt 0.28125 0.359375
vt 0.28573125 0.359375
vt 0.28125 0.359375
vt 0.28125 0.34375
vt 0.28573125 0.34375
vt 0.28768 0.359375
vt 0.28319765625 0.359375
vt 0.28125 0.35211468749999997
vt 0.289624375 0.35211109375000005
vt 0.288513125 0.35100062499999996
vt 0.288513125 0.359375
vt 0.281251875 0.35743046874999995
vt 0.28125 0.35294812499999995
vt 0.28125 0.34375
vt 0.289621875 0.34375
vt 0.289621875 0.359375
vt 0.28125 0.359375
vt 0.28573125 0.359375
vt 0.28125 0.359375
vt 0.28125 0.34375
vt 0.28573125 0.34375
vt 0.2876765625 0.359375
vt 0.2831953125 0.359375
vt 0.28125 0.3521140625
vt 0.289621875 0.3521140625
vt 0.289621875 0.359375
vt 0.28125 0.359375
vt 0.2831953125 0.3521140625
vt 0.2876765625 0.3521140625
vt 0.28125 0.34375
vt 0.289621875 0.34375
vt 0.289621875 0.359375
vt 0.28125 0.359375
vt 0.28573125 0.359375
vt 0.28125 0.359375
vt 0.28125 0.34375
vt 0.28573125 0.34375
vt 0.28851390625 0.35294828125
vt 0.28851390625 0.357430625
vt 0.28125 0.359375
vt 0.28125359375 0.35100062499999996
vt 0.289624375 0.359375
vt 0.28125 0.359375
vt 0.2831975 0.35211187499999996
vt 0.28767984375 0.35211390625000005
vt 0.28125 0.34375
vt 0.289621875 0.34375
vt 0.289621875 0.359375
vt 0.28125 0.359375
vt 0.28573125 0.359375
vt 0.28125 0.359375
vt 0.28125 0.34375
vt 0.28573125 0.34375
vt 0.28851390625 0.35294499999999995
vt 0.28851390625 0.35742734374999996
vt 0.28125359375 0.359375
vt 0.28125 0.35100062499999996
vt 0.289624375 0.359375
vt 0.28125 0.359375
vt 0.28319453125 0.35211390625000005
vt 0.287676875 0.35211187499999996
vt 0.28125 0.34375
vt 0.289621875 0.34375
vt 0.289621875 0.359375
vt 0.28125 0.359375
vt 0.28573125 0.359375
vt 0.28125 0.359375
vt 0.28125 0.34375
vt 0.28573125 0.34375
vt 0.2885109375 0.35294843750000005
vt 0.2885109375 0.35742968750000004
vt 0.28125 0.359375
vt 0.28125 0.35100312499999997
vt 0.28125 0.359375
vt 0.28125 0.35100312499999997
vt 0.2885109375 0.35294843750000005
vt 0.2885109375 0.35742968750000004
vt 0.28125 0.34375
vt 0.289621875 0.34375
vt 0.289621875 0.359375
vt 0.28125 0.359375
vt 0.28573125 0.359375
vt 0.28125 0.359375
vt 0.28125 0.34375
vt 0.28573125 0.34375
vt 0.28319765625 0.35211109375000005
vt 0.28768 0.35211109375000005
vt 0.289624375 0.359375
vt 0.28125 0.35937140624999997
vt 0.28125 0.359375
vt 0.28125 0.35100062499999996
vt 0.288513125 0.35294812499999995
vt 0.28851109375 0.35743046874999995
vt 0.28125 0.34375
vt 0.289621875 0.34375
vt 0.289621875 0.359375
vt 0.28125 0.359375
vt 0.28573125 0.359375
vt 0.28125 0.359375
vt 0.28125 0.34375
vt 0.28573125 0.34375
vt 0.283194375 0.35211109375000005
vt 0.28767671875 0.35211109375000005
vt 0.289624375 0.35937140624999997
vt 0.28125 0.359375
vt 0.28125 0.359375
vt 0.28125 0.35100062499999996
vt 0.28851109375 0.35294515625
vt 0.288513125 0.3574275
vt 0.28125 0.34375
vt 0.289621875 0.34375
vt 0.289621875 0.359375
vt 0.28125 0.359375
vt 0.28573125 0.359375
vt 0.28125 0.359375
vt 0.28125 0.34375
vt 0.28573125 0.34375
vt 0.2831953125 0.3521140625
vt 0.2876765625 0.3521140625
vt 0.289621875 0.359375
vt 0.28125 0.359375
vt 0.28125 0.3521140625
vt 0.289621875 0.3521140625
vt 0.2876765625 0.359375
vt 0.2831953125 0.359375
vt 0.41796875 0.3984375
vt 0.41796875 0.4046875
vt 0.375 0.4046875
vt 0.375 0.3984375
vt 0.42578125 0.3984375
vt 0.42578125 0.4046875
vt 0.3828125 0.4046875
vt 0.3828125 0.3984375
vt 0.3966546875 0.35546875
vt 0.3966546875 0.3984375
vt 0.38828125 0.3984375
vt 0.38828125 0.35546875
vt 0.3966546875 0.36328125
vt 0.3966546875 0.40625
vt 0.38828125 0.40625
vt 0.38828125 0.36328125
vt 0.3966546875 0.3984375
vt 0.3966546875 0.4046875
vt 0.38828125 0.4046875
vt 0.38828125 0.3984375
vt 0.3950921875 0.3984375
vt 0.3950921875 0.4046875
vt 0.38671875 0.4046875
vt 0.38671875 0.3984375
vt 0.375 0.40625
vt 0.4296875 0.40625
vt 0.4296875 0.3984375
vt 0.375 0.3984375
vt 0.3828125 0.40625
vt 0.4375 0.40625
vt 0.4375 0.3984375
vt 0.3828125 0.3984375
vt 0.38828125 0.3984375
vt 0.39453125 0.3984375
vt 0.39453125 0.34375
vt 0.38828125 0.34375
vt 0.38828125 0.40625
vt 0.39453125 0.40625
vt 0.39453125 0.3515625
vt 0.38828125 0.3515625
vt 0.38828125 0.40625
vt 0.39453125 0.40625
vt 0.39453125 0.3984375
vt 0.38828125 0.3984375
vt 0.38671875 0.40625
vt 0.39296875 0.40625
vt 0.39296875 0.3984375
vt 0.38671875 0.3984375
vt 0.375 0.40625
vt 0.4296875 0.40625
vt 0.4296875 0.3984375
vt 0.375 0.3984375
vt 0.3828125 0.40625
vt 0.4375 0.40625
vt 0.4375 0.3984375
vt 0.3828125 0.3984375
vt 0.38828125 0.3984375
vt 0.39453125 0.3984375
vt 0.39453125 0.34375
vt 0.38828125 0.34375
vt 0.38828125 0.40625
vt 0.39453125 0.40625
vt 0.39453125 0.3515625
vt 0.38828125 0.3515625
vt 0.38828125 0.40625
vt 0.39453125 0.40625
vt 0.39453125 0.3984375
vt 0.38828125 0.3984375
vt 0.38671875 0.40625
vt 0.39296875 0.40625
vt 0.39296875 0.3984375
vt 0.38671875 0.3984375
vt 0.375 0.4046875
vt 0.38671875 0.4046875
vt 0.38671875 0.39792171875000004
vt 0.375 0.39792171875000004
vt 0.4140625 0.4046875
vt 0.42578125 0.4046875
vt 0.42578125 0.39792171875000004
vt 0.4140625 0.39792171875000004
vt 0.38828125 0.3671875
vt 0.3966546875 0.3671875
vt 0.3966546875 0.35546875
vt 0.38828125 0.35546875
vt 0.38828125 0.40625
vt 0.3966546875 0.40625
vt 0.3966546875 0.39453125
vt 0.38828125 0.39453125
vt 0.38828125 0.4046875
vt 0.3966546875 0.4046875
vt 0.3966546875 0.39792171875000004
vt 0.38828125 0.39792171875000004
vt 0.38671875 0.4046875
vt 0.3950921875 0.4046875
vt 0.3950921875 0.39792171875000004
vt 0.38671875 0.39792171875000004
vt 0.4296875 0.3984375
vt 0.4296875 0.40625
vt 0.375 0.40625
vt 0.375 0.3984375
vt 0.4375 0.3984375
vt 0.4375 0.40625
vt 0.3828125 0.40625
vt 0.3828125 0.3984375
vt 0.39453125 0.34375
vt 0.39453125 0.3984375
vt 0.38828125 0.3984375
vt 0.38828125 0.34375
vt 0.39453125 0.3515625
vt 0.39453125 0.40625
vt 0.38828125 0.40625
vt 0.38828125 0.3515625
vt 0.39453125 0.3984375
vt 0.39453125 0.40625
vt 0.38828125 0.40625
vt 0.38828125 0.3984375
vt 0.39296875 0.3984375
vt 0.39296875 0.40625
vt 0.38671875 0.40625
vt 0.38671875 0.3984375
vt 0.4296875 0.3984375
vt 0.4296875 0.40625
vt 0.375 0.40625
vt 0.375 0.3984375
vt 0.4375 0.3984375
vt 0.4375 0.40625
vt 0.3828125 0.40625
vt 0.3828125 0.3984375
vt 0.39453125 0.34375
vt 0.39453125 0.3984375
vt 0.38828125 0.3984375
vt 0.38828125 0.34375
vt 0.39453125 0.3515625
vt 0.39453125 0.40625
vt 0.38828125 0.40625
vt 0.38828125 0.3515625
vt 0.39453125 0.3984375
vt 0.39453125 0.40625
vt 0.38828125 0.40625
vt 0.38828125 0.3984375
vt 0.39296875 0.3984375
vt 0.39296875 0.40625
vt 0.38671875 0.40625
vt 0.38671875 0.3984375
vt 0.38671875 0.39792171875000004
vt 0.38671875 0.4046875
vt 0.375 0.4046875
vt 0.375 0.39792171875000004
vt 0.42578125 0.39792171875000004
vt 0.42578125 0.4046875
vt 0.4140625 0.4046875
vt 0.4140625 0.39792171875000004
vt 0.3966546875 0.35546875
vt 0.3966546875 0.3671875
vt 0.38828125 0.3671875
vt 0.38828125 0.35546875
vt 0.3966546875 0.39453125
vt 0.3966546875 0.40625
vt 0.38828125 0.40625
vt 0.38828125 0.39453125
vt 0.3966546875 0.39792171875000004
vt 0.3966546875 0.4046875
vt 0.38828125 0.4046875
vt 0.38828125 0.39792171875000004
vt 0.3950921875 0.39792171875000004
vt 0.3950921875 0.4046875
vt 0.38671875 0.4046875
vt 0.38671875 0.39792171875000004
vt 0.21078125 0.79703125
vt 0.2421875 0.85140625
vt 0.125 0.8828125
vt 0.2421875 0.85140625
vt 0.2421875 0.91421875
vt 0.125 0.8828125
vt 0.2421875 0.91421875
vt 0.21078125 0.96859375
vt 0.125 0.8828125
vt 0.21078125 0.96859375
vt 0.15640625 1
vt 0.125 0.8828125
vt 0.15640625 1
vt 0.09359375 1
vt 0.125 0.8828125
vt 0.09359375 1
vt 0.03921875 0.96859375
vt 0.125 0.8828125
vt 0.03921875 0.96859375
vt 0.0078125 0.91421875
vt 0.125 0.8828125
vt 0.0078125 0.91421875
vt 0.0078125 0.85140625
vt 0.125 0.8828125
vt 0.0078125 0.85140625
vt 0.03921875 0.79703125
vt 0.125 0.8828125
vt 0.03921875 0.79703125
vt 0.09359375 0.765625
vt 0.125 0.8828125
vt 0.09359375 0.765625
vt 0.15640625 0.765625
vt 0.125 0.8828125
vt 0.15640625 0.765625
vt 0.21078125 0.79703125
vt 0.125 0.8828125
vt 0.28125 0.34375
vt 0.289621875 0.34375
vt 0.289621875 0.359375
vt 0.28125 0.359375
vt 0.28573125 0.359375
vt 0.28125 0.359375
vt 0.28125 0.34375
vt 0.28573125 0.34375
vt 0.28125 0.35742734374999996
vt 0.28125 0.35294499999999995
vt 0.28851390625 0.35100062499999996
vt 0.2885103125 0.359375
vt 0.28125 0.35211187499999996
vt 0.289624375 0.35211187499999996
vt 0.287676875 0.359375
vt 0.28319453125 0.35937312499999996
vt 0.28125 0.34375
vt 0.289621875 0.34375
vt 0.289621875 0.359375
vt 0.28125 0.359375
vt 0.28573125 0.359375
vt 0.28125 0.359375
vt 0.28125 0.34375
vt 0.28573125 0.34375
vt 0.28125 0.357430625
vt 0.28125 0.35294828125
vt 0.2885103125 0.35100062499999996
vt 0.28851390625 0.359375
vt 0.28125 0.35211187499999996
vt 0.289624375 0.35211187499999996
vt 0.28767984375 0.35937312499999996
vt 0.2831975 0.359375
vt 0.28125 0.34375
vt 0.289621875 0.34375
vt 0.289621875 0.359375
vt 0.28125 0.359375
vt 0.28573125 0.359375
vt 0.28125 0.359375
vt 0.28125 0.34375
vt 0.28573125 0.34375
vt 0.28125 0.35742968750000004
vt 0.28125 0.35294843750000005
vt 0.2885109375 0.35100312499999997
vt 0.2885109375 0.359375
vt 0.2885109375 0.35100312499999997
vt 0.2885109375 0.359375
vt 0.28125 0.35742968750000004
vt 0.28125 0.35294843750000005
vt 0.28125 0.34375
vt 0.289621875 0.34375
vt 0.289621875 0.359375
vt 0.28125 0.359375
vt 0.28573125 0.359375
vt 0.28125 0.359375
vt 0.28125 0.34375
vt 0.28573125 0.34375
vt 0.28767671875 0.359375
vt 0.283194375 0.359375
vt 0.28125 0.35211109375000005
vt 0.289624375 0.35211468749999997
vt 0.288513125 0.35100062499999996
vt 0.288513125 0.359375
vt 0.28125 0.3574275
vt 0.281251875 0.35294515625
vt 0.28125 0.34375
vt 0.289621875 0.34375
vt 0.289621875 0.359375
vt 0.28125 0.359375
vt 0.28573125 0.359375
vt 0.28125 0.359375
vt 0.28125 0.34375
vt 0.28573125 0.34375
vt 0.28768 0.359375
vt 0.28319765625 0.359375
vt 0.28125 0.35211468749999997
vt 0.289624375 0.35211109375000005
vt 0.288513125 0.35100062499999996
vt 0.288513125 0.359375
vt 0.281251875 0.35743046874999995
vt 0.28125 0.35294812499999995
vt 0.28125 0.34375
vt 0.289621875 0.34375
vt 0.289621875 0.359375
vt 0.28125 0.359375
vt 0.28573125 0.359375
vt 0.28125 0.359375
vt 0.28125 0.34375
vt 0.28573125 0.34375
vt 0.2876765625 0.359375
vt 0.2831953125 0.359375
vt 0.28125 0.3521140625
vt 0.289621875 0.3521140625
vt 0.289621875 0.359375
vt 0.28125 0.359375
vt 0.2831953125 0.3521140625
vt 0.2876765625 0.3521140625
vt 0.28125 0.34375
vt 0.289621875 0.34375
vt 0.289621875 0.359375
vt 0.28125 0.359375
vt 0.28573125 0.359375
vt 0.28125 0.359375
vt 0.28125 0.34375
vt 0.28573125 0.34375
vt 0.28851390625 0.35294828125
vt 0.28851390625 0.357430625
vt 0.28125 0.359375
vt 0.28125359375 0.35100062499999996
vt 0.289624375 0.359375
vt 0.28125 0.359375
vt 0.2831975 0.35211187499999996
vt 0.28767984375 0.35211390625000005
vt 0.28125 0.34375
vt 0.289621875 0.34375
vt 0.289621875 0.359375
vt 0.28125 0.359375
vt 0.28573125 0.359375
vt 0.28125 0.359375
vt 0.28125 0.34375
vt 0.28573125 0.34375
vt 0.28851390625 0.35294499999999995
vt 0.28851390625 0.35742734374999996
vt 0.28125359375 0.359375
vt 0.28125 0.35100062499999996
vt 0.289624375 0.359375
vt 0.28125 0.359375
vt 0.28319453125 0.35211390625000005
vt 0.287676875 0.35211187499999996
vt 0.28125 0.34375
vt 0.289621875 0.34375
vt 0.289621875 0.359375
vt 0.28125 0.359375
vt 0.28573125 0.359375
vt 0.28125 0.359375
vt 0.28125 0.34375
vt 0.28573125 0.34375
vt 0.2885109375 0.35294843750000005
vt 0.2885109375 0.35742968750000004
vt 0.28125 0.359375
vt 0.28125 0.35100312499999997
vt 0.28125 0.359375
vt 0.28125 0.35100312499999997
vt 0.2885109375 0.35294843750000005
vt 0.2885109375 0.35742968750000004
vt 0.28125 0.34375
vt 0.289621875 0.34375
vt 0.289621875 0.359375
vt 0.28125 0.359375
vt 0.28573125 0.359375
vt 0.28125 0.359375
vt 0.28125 0.34375
vt 0.28573125 0.34375
vt 0.28319765625 0.35211109375000005
vt 0.28768 0.35211109375000005
vt 0.289624375 0.359375
vt 0.28125 0.35937140624999997
vt 0.28125 0.359375
vt 0.28125 0.35100062499999996
vt 0.288513125 0.35294812499999995
vt 0.28851109375 0.35743046874999995
vt 0.28125 0.34375
vt 0.289621875 0.34375
vt 0.289621875 0.359375
vt 0.28125 0.359375
vt 0.28573125 0.359375
vt 0.28125 0.359375
vt 0.28125 0.34375
vt 0.28573125 0.34375
vt 0.283194375 0.35211109375000005
vt 0.28767671875 0.35211109375000005
vt 0.289624375 0.35937140624999997
vt 0.28125 0.359375
vt 0.28125 0.359375
vt 0.28125 0.35100062499999996
vt 0.28851109375 0.35294515625
vt 0.288513125 0.3574275
vt 0.28125 0.34375
vt 0.289621875 0.34375
vt 0.289621875 0.359375
vt 0.28125 0.359375
vt 0.28573125 0.359375
vt 0.28125 0.359375
vt 0.28125 0.34375
vt 0.28573125 0.34375
vt 0.2831953125 0.3521140625
vt 0.2876765625 0.3521140625
vt 0.289621875 0.359375
vt 0.28125 0.359375
vt 0.28125 0.3521140625
vt 0.289621875 0.3521140625
vt 0.2876765625 0.359375
vt 0.2831953125 0.359375
vt 0.41796875 0.3984375
vt 0.41796875 0.4046875
vt 0.375 0.4046875
vt 0.375 0.3984375
vt 0.42578125 0.3984375
vt 0.42578125 0.4046875
vt 0.3828125 0.4046875
vt 0.3828125 0.3984375
vt 0.3966546875 0.35546875
vt 0.3966546875 0.3984375
vt 0.38828125 0.3984375
vt 0.38828125 0.35546875
vt 0.3966546875 0.36328125
vt 0.3966546875 0.40625
vt 0.38828125 0.40625
vt 0.38828125 0.36328125
vt 0.3966546875 0.3984375
vt 0.3966546875 0.4046875
vt 0.38828125 0.4046875
vt 0.38828125 0.3984375
vt 0.3950921875 0.3984375
vt 0.3950921875 0.4046875
vt 0.38671875 0.4046875
vt 0.38671875 0.3984375
vt 0.375 0.40625
vt 0.4296875 0.40625
vt 0.4296875 0.3984375
vt 0.375 0.3984375
vt 0.3828125 0.40625
vt 0.4375 0.40625
vt 0.4375 0.3984375
vt 0.3828125 0.3984375
vt 0.38828125 0.3984375
vt 0.39453125 0.3984375
vt 0.39453125 0.34375
vt 0.38828125 0.34375
vt 0.38828125 0.40625
vt 0.39453125 0.40625
vt 0.39453125 0.3515625
vt 0.38828125 0.3515625
vt 0.38828125 0.40625
vt 0.39453125 0.40625
vt 0.39453125 0.3984375
vt 0.38828125 0.3984375
vt 0.38671875 0.40625
vt 0.39296875 0.40625
vt 0.39296875 0.3984375
vt 0.38671875 0.3984375
vt 0.375 0.40625
vt 0.4296875 0.40625
vt 0.4296875 0.3984375
vt 0.375 0.3984375
vt 0.3828125 0.40625
vt 0.4375 0.40625
vt 0.4375 0.3984375
vt 0.3828125 0.3984375
vt 0.38828125 0.3984375
vt 0.39453125 0.3984375
vt 0.39453125 0.34375
vt 0.38828125 0.34375
vt 0.38828125 0.40625
vt 0.39453125 0.40625
vt 0.39453125 0.3515625
vt 0.38828125 0.3515625
vt 0.38828125 0.40625
vt 0.39453125 0.40625
vt 0.39453125 0.3984375
vt 0.38828125 0.3984375
vt 0.38671875 0.40625
vt 0.39296875 0.40625
vt 0.39296875 0.3984375
vt 0.38671875 0.3984375
vt 0.375 0.4046875
vt 0.38671875 0.4046875
vt 0.38671875 0.39792171875000004
vt 0.375 0.39792171875000004
vt 0.4140625 0.4046875
vt 0.42578125 0.4046875
vt 0.42578125 0.39792171875000004
vt 0.4140625 0.39792171875000004
vt 0.38828125 0.3671875
vt 0.3966546875 0.3671875
vt 0.3966546875 0.35546875
vt 0.38828125 0.35546875
vt 0.38828125 0.40625
vt 0.3966546875 0.40625
vt 0.3966546875 0.39453125
vt 0.38828125 0.39453125
vt 0.38828125 0.4046875
vt 0.3966546875 0.4046875
vt 0.3966546875 0.39792171875000004
vt 0.38828125 0.39792171875000004
vt 0.38671875 0.4046875
vt 0.3950921875 0.4046875
vt 0.3950921875 0.39792171875000004
vt 0.38671875 0.39792171875000004
vt 0.4296875 0.3984375
vt 0.4296875 0.40625
vt 0.375 0.40625
vt 0.375 0.3984375
vt 0.4375 0.3984375
vt 0.4375 0.40625
vt 0.3828125 0.40625
vt 0.3828125 0.3984375
vt 0.39453125 0.34375
vt 0.39453125 0.3984375
vt 0.38828125 0.3984375
vt 0.38828125 0.34375
vt 0.39453125 0.3515625
vt 0.39453125 0.40625
vt 0.38828125 0.40625
vt 0.38828125 0.3515625
vt 0.39453125 0.3984375
vt 0.39453125 0.40625
vt 0.38828125 0.40625
vt 0.38828125 0.3984375
vt 0.39296875 0.3984375
vt 0.39296875 0.40625
vt 0.38671875 0.40625
vt 0.38671875 0.3984375
vt 0.4296875 0.3984375
vt 0.4296875 0.40625
vt 0.375 0.40625
vt 0.375 0.3984375
vt 0.4375 0.3984375
vt 0.4375 0.40625
vt 0.3828125 0.40625
vt 0.3828125 0.3984375
vt 0.39453125 0.34375
vt 0.39453125 0.3984375
vt 0.38828125 0.3984375
vt 0.38828125 0.34375
vt 0.39453125 0.3515625
vt 0.39453125 0.40625
vt 0.38828125 0.40625
vt 0.38828125 0.3515625
vt 0.39453125 0.3984375
vt 0.39453125 0.40625
vt 0.38828125 0.40625
vt 0.38828125 0.3984375
vt 0.39296875 0.3984375
vt 0.39296875 0.40625
vt 0.38671875 0.40625
vt 0.38671875 0.3984375
vt 0.38671875 0.39792171875000004
vt 0.38671875 0.4046875
vt 0.375 0.4046875
vt 0.375 0.39792171875000004
vt 0.42578125 0.39792171875000004
vt 0.42578125 0.4046875
vt 0.4140625 0.4046875
vt 0.4140625 0.39792171875000004
vt 0.3966546875 0.35546875
vt 0.3966546875 0.3671875
vt 0.38828125 0.3671875
vt 0.38828125 0.35546875
vt 0.3966546875 0.39453125
vt 0.3966546875 0.40625
vt 0.38828125 0.40625
vt 0.38828125 0.39453125
vt 0.3966546875 0.39792171875000004
vt 0.3966546875 0.4046875
vt 0.38828125 0.4046875
vt 0.38828125 0.39792171875000004
vt 0.3950921875 0.39792171875000004
vt 0.3950921875 0.4046875
vt 0.38671875 0.4046875
vt 0.38671875 0.39792171875000004
vt 0.21078125 0.79703125
vt 0.2421875 0.85140625
vt 0.125 0.8828125
vt 0.2421875 0.85140625
vt 0.2421875 0.91421875
vt 0.125 0.8828125
vt 0.2421875 0.91421875
vt 0.21078125 0.96859375
vt 0.125 0.8828125
vt 0.21078125 0.96859375
vt 0.15640625 1
vt 0.125 0.8828125
vt 0.15640625 1
vt 0.09359375 1
vt 0.125 0.8828125
vt 0.09359375 1
vt 0.03921875 0.96859375
vt 0.125 0.8828125
vt 0.03921875 0.96859375
vt 0.0078125 0.91421875
vt 0.125 0.8828125
vt 0.0078125 0.91421875
vt 0.0078125 0.85140625
vt 0.125 0.8828125
vt 0.0078125 0.85140625
vt 0.03921875 0.79703125
vt 0.125 0.8828125
vt 0.03921875 0.79703125
vt 0.09359375 0.765625
vt 0.125 0.8828125
vt 0.09359375 0.765625
vt 0.15640625 0.765625
vt 0.125 0.8828125
vt 0.15640625 0.765625
vt 0.21078125 0.79703125
vt 0.125 0.8828125
vt 0.28125 0.34375
vt 0.289621875 0.34375
vt 0.289621875 0.359375
vt 0.28125 0.359375
vt 0.28573125 0.359375
vt 0.28125 0.359375
vt 0.28125 0.34375
vt 0.28573125 0.34375
vt 0.28125 0.35742734374999996
vt 0.28125 0.35294499999999995
vt 0.28851390625 0.35100062499999996
vt 0.2885103125 0.359375
vt 0.28125 0.35211187499999996
vt 0.289624375 0.35211187499999996
vt 0.287676875 0.359375
vt 0.28319453125 0.35937312499999996
vt 0.28125 0.34375
vt 0.289621875 0.34375
vt 0.289621875 0.359375
vt 0.28125 0.359375
vt 0.28573125 0.359375
vt 0.28125 0.359375
vt 0.28125 0.34375
vt 0.28573125 0.34375
vt 0.28125 0.357430625
vt 0.28125 0.35294828125
vt 0.2885103125 0.35100062499999996
vt 0.28851390625 0.359375
vt 0.28125 0.35211187499999996
vt 0.289624375 0.35211187499999996
vt 0.28767984375 0.35937312499999996
vt 0.2831975 0.359375
vt 0.28125 0.34375
vt 0.289621875 0.34375
vt 0.289621875 0.359375
vt 0.28125 0.359375
vt 0.28573125 0.359375
vt 0.28125 0.359375
vt 0.28125 0.34375
vt 0.28573125 0.34375
vt 0.28125 0.35742968750000004
vt 0.28125 0.35294843750000005
vt 0.2885109375 0.35100312499999997
vt 0.2885109375 0.359375
vt 0.2885109375 0.35100312499999997
vt 0.2885109375 0.359375
vt 0.28125 0.35742968750000004
vt 0.28125 0.35294843750000005
vt 0.28125 0.34375
vt 0.289621875 0.34375
vt 0.289621875 0.359375
vt 0.28125 0.359375
vt 0.28573125 0.359375
vt 0.28125 0.359375
vt 0.28125 0.34375
vt 0.28573125 0.34375
vt 0.28767671875 0.359375
vt 0.283194375 0.359375
vt 0.28125 0.35211109375000005
vt 0.289624375 0.35211468749999997
vt 0.288513125 0.35100062499999996
vt 0.288513125 0.359375
vt 0.28125 0.3574275
vt 0.281251875 0.35294515625
vt 0.28125 0.34375
vt 0.289621875 0.34375
vt 0.289621875 0.359375
vt 0.28125 0.359375
vt 0.28573125 0.359375
vt 0.28125 0.359375
vt 0.28125 0.34375
vt 0.28573125 0.34375
vt 0.28768 0.359375
vt 0.28319765625 0.359375
vt 0.28125 0.35211468749999997
vt 0.289624375 0.35211109375000005
vt 0.288513125 0.35100062499999996
vt 0.288513125 0.359375
vt 0.281251875 0.35743046874999995
vt 0.28125 0.35294812499999995
vt 0.28125 0.34375
vt 0.289621875 0.34375
vt 0.289621875 0.359375
vt 0.28125 0.359375
vt 0.28573125 0.359375
vt 0.28125 0.359375
vt 0.28125 0.34375
vt 0.28573125 0.34375
vt 0.2876765625 0.359375
vt 0.2831953125 0.359375
vt 0.28125 0.3521140625
vt 0.289621875 0.3521140625
vt 0.289621875 0.359375
vt 0.28125 0.359375
vt 0.2831953125 0.3521140625
vt 0.2876765625 0.3521140625
vt 0.28125 0.34375
vt 0.289621875 0.34375
vt 0.289621875 0.359375
vt 0.28125 0.359375
vt 0.28573125 0.359375
vt 0.28125 0.359375
vt 0.28125 0.34375
vt 0.28573125 0.34375
vt 0.28851390625 0.35294828125
vt 0.28851390625 0.357430625
vt 0.28125 0.359375
vt 0.28125359375 0.35100062499999996
vt 0.289624375 0.359375
vt 0.28125 0.359375
vt 0.2831975 0.35211187499999996
vt 0.28767984375 0.35211390625000005
vt 0.28125 0.34375
vt 0.289621875 0.34375
vt 0.289621875 0.359375
vt 0.28125 0.359375
vt 0.28573125 0.359375
vt 0.28125 0.359375
vt 0.28125 0.34375
vt 0.28573125 0.34375
vt 0.28851390625 0.35294499999999995
vt 0.28851390625 0.35742734374999996
vt 0.28125359375 0.359375
vt 0.28125 0.35100062499999996
vt 0.289624375 0.359375
vt 0.28125 0.359375
vt 0.28319453125 0.35211390625000005
vt 0.287676875 0.35211187499999996
vt 0.28125 0.34375
vt 0.289621875 0.34375
vt 0.289621875 0.359375
vt 0.28125 0.359375
vt 0.28573125 0.359375
vt 0.28125 0.359375
vt 0.28125 0.34375
vt 0.28573125 0.34375
vt 0.2885109375 0.35294843750000005
vt 0.2885109375 0.35742968750000004
vt 0.28125 0.359375
vt 0.28125 0.35100312499999997
vt 0.28125 0.359375
vt 0.28125 0.35100312499999997
vt 0.2885109375 0.35294843750000005
vt 0.2885109375 0.35742968750000004
vt 0.28125 0.34375
vt 0.289621875 0.34375
vt 0.289621875 0.359375
vt 0.28125 0.359375
vt 0.28573125 0.359375
vt 0.28125 0.359375
vt 0.28125 0.34375
vt 0.28573125 0.34375
vt 0.28319765625 0.35211109375000005
vt 0.28768 0.35211109375000005
vt 0.289624375 0.359375
vt 0.28125 0.35937140624999997
vt 0.28125 0.359375
vt 0.28125 0.35100062499999996
vt 0.288513125 0.35294812499999995
vt 0.28851109375 0.35743046874999995
vt 0.28125 0.34375
vt 0.289621875 0.34375
vt 0.289621875 0.359375
vt 0.28125 0.359375
vt 0.28573125 0.359375
vt 0.28125 0.359375
vt 0.28125 0.34375
vt 0.28573125 0.34375
vt 0.283194375 0.35211109375000005
vt 0.28767671875 0.35211109375000005
vt 0.289624375 0.35937140624999997
vt 0.28125 0.359375
vt 0.28125 0.359375
vt 0.28125 0.35100062499999996
vt 0.28851109375 0.35294515625
vt 0.288513125 0.3574275
vt 0.28125 0.34375
vt 0.289621875 0.34375
vt 0.289621875 0.359375
vt 0.28125 0.359375
vt 0.28573125 0.359375
vt 0.28125 0.359375
vt 0.28125 0.34375
vt 0.28573125 0.34375
vt 0.2831953125 0.3521140625
vt 0.2876765625 0.3521140625
vt 0.289621875 0.359375
vt 0.28125 0.359375
vt 0.28125 0.3521140625
vt 0.289621875 0.3521140625
vt 0.2876765625 0.359375
vt 0.2831953125 0.359375
vt 0.41796875 0.3984375
vt 0.41796875 0.4046875
vt 0.375 0.4046875
vt 0.375 0.3984375
vt 0.42578125 0.3984375
vt 0.42578125 0.4046875
vt 0.3828125 0.4046875
vt 0.3828125 0.3984375
vt 0.3966546875 0.35546875
vt 0.3966546875 0.3984375
vt 0.38828125 0.3984375
vt 0.38828125 0.35546875
vt 0.3966546875 0.36328125
vt 0.3966546875 0.40625
vt 0.38828125 0.40625
vt 0.38828125 0.36328125
vt 0.3966546875 0.3984375
vt 0.3966546875 0.4046875
vt 0.38828125 0.4046875
vt 0.38828125 0.3984375
vt 0.3950921875 0.3984375
vt 0.3950921875 0.4046875
vt 0.38671875 0.4046875
vt 0.38671875 0.3984375
vt 0.375 0.40625
vt 0.4296875 0.40625
vt 0.4296875 0.3984375
vt 0.375 0.3984375
vt 0.3828125 0.40625
vt 0.4375 0.40625
vt 0.4375 0.3984375
vt 0.3828125 0.3984375
vt 0.38828125 0.3984375
vt 0.39453125 0.3984375
vt 0.39453125 0.34375
vt 0.38828125 0.34375
vt 0.38828125 0.40625
vt 0.39453125 0.40625
vt 0.39453125 0.3515625
vt 0.38828125 0.3515625
vt 0.38828125 0.40625
vt 0.39453125 0.40625
vt 0.39453125 0.3984375
vt 0.38828125 0.3984375
vt 0.38671875 0.40625
vt 0.39296875 0.40625
vt 0.39296875 0.3984375
vt 0.38671875 0.3984375
vt 0.375 0.40625
vt 0.4296875 0.40625
vt 0.4296875 0.3984375
vt 0.375 0.3984375
vt 0.3828125 0.40625
vt 0.4375 0.40625
vt 0.4375 0.3984375
vt 0.3828125 0.3984375
vt 0.38828125 0.3984375
vt 0.39453125 0.3984375
vt 0.39453125 0.34375
vt 0.38828125 0.34375
vt 0.38828125 0.40625
vt 0.39453125 0.40625
vt 0.39453125 0.3515625
vt 0.38828125 0.3515625
vt 0.38828125 0.40625
vt 0.39453125 0.40625
vt 0.39453125 0.3984375
vt 0.38828125 0.3984375
vt 0.38671875 0.40625
vt 0.39296875 0.40625
vt 0.39296875 0.3984375
vt 0.38671875 0.3984375
vt 0.375 0.4046875
vt 0.38671875 0.4046875
vt 0.38671875 0.39792171875000004
vt 0.375 0.39792171875000004
vt 0.4140625 0.4046875
vt 0.42578125 0.4046875
vt 0.42578125 0.39792171875000004
vt 0.4140625 0.39792171875000004
vt 0.38828125 0.3671875
vt 0.3966546875 0.3671875
vt 0.3966546875 0.35546875
vt 0.38828125 0.35546875
vt 0.38828125 0.40625
vt 0.3966546875 0.40625
vt 0.3966546875 0.39453125
vt 0.38828125 0.39453125
vt 0.38828125 0.4046875
vt 0.3966546875 0.4046875
vt 0.3966546875 0.39792171875000004
vt 0.38828125 0.39792171875000004
vt 0.38671875 0.4046875
vt 0.3950921875 0.4046875
vt 0.3950921875 0.39792171875000004
vt 0.38671875 0.39792171875000004
vt 0.4296875 0.3984375
vt 0.4296875 0.40625
vt 0.375 0.40625
vt 0.375 0.3984375
vt 0.4375 0.3984375
vt 0.4375 0.40625
vt 0.3828125 0.40625
vt 0.3828125 0.3984375
vt 0.39453125 0.34375
vt 0.39453125 0.3984375
vt 0.38828125 0.3984375
vt 0.38828125 0.34375
vt 0.39453125 0.3515625
vt 0.39453125 0.40625
vt 0.38828125 0.40625
vt 0.38828125 0.3515625
vt 0.39453125 0.3984375
vt 0.39453125 0.40625
vt 0.38828125 0.40625
vt 0.38828125 0.3984375
vt 0.39296875 0.3984375
vt 0.39296875 0.40625
vt 0.38671875 0.40625
vt 0.38671875 0.3984375
vt 0.4296875 0.3984375
vt 0.4296875 0.40625
vt 0.375 0.40625
vt 0.375 0.3984375
vt 0.4375 0.3984375
vt 0.4375 0.40625
vt 0.3828125 0.40625
vt 0.3828125 0.3984375
vt 0.39453125 0.34375
vt 0.39453125 0.3984375
vt 0.38828125 0.3984375
vt 0.38828125 0.34375
vt 0.39453125 0.3515625
vt 0.39453125 0.40625
vt 0.38828125 0.40625
vt 0.38828125 0.3515625
vt 0.39453125 0.3984375
vt 0.39453125 0.40625
vt 0.38828125 0.40625
vt 0.38828125 0.3984375
vt 0.39296875 0.3984375
vt 0.39296875 0.40625
vt 0.38671875 0.40625
vt 0.38671875 0.3984375
vt 0.38671875 0.39792171875000004
vt 0.38671875 0.4046875
vt 0.375 0.4046875
vt 0.375 0.39792171875000004
vt 0.42578125 0.39792171875000004
vt 0.42578125 0.4046875
vt 0.4140625 0.4046875
vt 0.4140625 0.39792171875000004
vt 0.3966546875 0.35546875
vt 0.3966546875 0.3671875
vt 0.38828125 0.3671875
vt 0.38828125 0.35546875
vt 0.3966546875 0.39453125
vt 0.3966546875 0.40625
vt 0.38828125 0.40625
vt 0.38828125 0.39453125
vt 0.3966546875 0.39792171875000004
vt 0.3966546875 0.4046875
vt 0.38828125 0.4046875
vt 0.38828125 0.39792171875000004
vt 0.3950921875 0.39792171875000004
vt 0.3950921875 0.4046875
vt 0.38671875 0.4046875
vt 0.38671875 0.39792171875000004
vt 0.21078125 0.79703125
vt 0.2421875 0.85140625
vt 0.125 0.8828125
vt 0.2421875 0.85140625
vt 0.2421875 0.91421875
vt 0.125 0.8828125
vt 0.2421875 0.91421875
vt 0.21078125 0.96859375
vt 0.125 0.8828125
vt 0.21078125 0.96859375
vt 0.15640625 1
vt 0.125 0.8828125
vt 0.15640625 1
vt 0.09359375 1
vt 0.125 0.8828125
vt 0.09359375 1
vt 0.03921875 0.96859375
vt 0.125 0.8828125
vt 0.03921875 0.96859375
vt 0.0078125 0.91421875
vt 0.125 0.8828125
vt 0.0078125 0.91421875
vt 0.0078125 0.85140625
vt 0.125 0.8828125
vt 0.0078125 0.85140625
vt 0.03921875 0.79703125
vt 0.125 0.8828125
vt 0.03921875 0.79703125
vt 0.09359375 0.765625
vt 0.125 0.8828125
vt 0.09359375 0.765625
vt 0.15640625 0.765625
vt 0.125 0.8828125
vt 0.15640625 0.765625
vt 0.21078125 0.79703125
vt 0.125 0.8828125
vt 0.28125 0.34375
vt 0.289621875 0.34375
vt 0.289621875 0.359375
vt 0.28125 0.359375
vt 0.28573125 0.359375
vt 0.28125 0.359375
vt 0.28125 0.34375
vt 0.28573125 0.34375
vt 0.28125 0.35742734374999996
vt 0.28125 0.35294499999999995
vt 0.28851390625 0.35100062499999996
vt 0.2885103125 0.359375
vt 0.28125 0.35211187499999996
vt 0.289624375 0.35211187499999996
vt 0.287676875 0.359375
vt 0.28319453125 0.35937312499999996
vt 0.28125 0.34375
vt 0.289621875 0.34375
vt 0.289621875 0.359375
vt 0.28125 0.359375
vt 0.28573125 0.359375
vt 0.28125 0.359375
vt 0.28125 0.34375
vt 0.28573125 0.34375
vt 0.28125 0.357430625
vt 0.28125 0.35294828125
vt 0.2885103125 0.35100062499999996
vt 0.28851390625 0.359375
vt 0.28125 0.35211187499999996
vt 0.289624375 0.35211187499999996
vt 0.28767984375 0.35937312499999996
vt 0.2831975 0.359375
vt 0.28125 0.34375
vt 0.289621875 0.34375
vt 0.289621875 0.359375
vt 0.28125 0.359375
vt 0.28573125 0.359375
vt 0.28125 0.359375
vt 0.28125 0.34375
vt 0.28573125 0.34375
vt 0.28125 0.35742968750000004
vt 0.28125 0.35294843750000005
vt 0.2885109375 0.35100312499999997
vt 0.2885109375 0.359375
vt 0.2885109375 0.35100312499999997
vt 0.2885109375 0.359375
vt 0.28125 0.35742968750000004
vt 0.28125 0.35294843750000005
vt 0.28125 0.34375
vt 0.289621875 0.34375
vt 0.289621875 0.359375
vt 0.28125 0.359375
vt 0.28573125 0.359375
vt 0.28125 0.359375
vt 0.28125 0.34375
vt 0.28573125 0.34375
vt 0.28767671875 0.359375
vt 0.283194375 0.359375
vt 0.28125 0.35211109375000005
vt 0.289624375 0.35211468749999997
vt 0.288513125 0.35100062499999996
vt 0.288513125 0.359375
vt 0.28125 0.3574275
vt 0.281251875 0.35294515625
vt 0.28125 0.34375
vt 0.289621875 0.34375
vt 0.289621875 0.359375
vt 0.28125 0.359375
vt 0.28573125 0.359375
vt 0.28125 0.359375
vt 0.28125 0.34375
vt 0.28573125 0.34375
vt 0.28768 0.359375
vt 0.28319765625 0.359375
vt 0.28125 0.35211468749999997
vt 0.289624375 0.35211109375000005
vt 0.288513125 0.35100062499999996
vt 0.288513125 0.359375
vt 0.281251875 0.35743046874999995
vt 0.28125 0.35294812499999995
vt 0.28125 0.34375
vt 0.289621875 0.34375
vt 0.289621875 0.359375
vt 0.28125 0.359375
vt 0.28573125 0.359375
vt 0.28125 0.359375
vt 0.28125 0.34375
vt 0.28573125 0.34375
vt 0.2876765625 0.359375
vt 0.2831953125 0.359375
vt 0.28125 0.3521140625
vt 0.289621875 0.3521140625
vt 0.289621875 0.359375
vt 0.28125 0.359375
vt 0.2831953125 0.3521140625
vt 0.2876765625 0.3521140625
vt 0.28125 0.34375
vt 0.289621875 0.34375
vt 0.289621875 0.359375
vt 0.28125 0.359375
vt 0.28573125 0.359375
vt 0.28125 0.359375
vt 0.28125 0.34375
vt 0.28573125 0.34375
vt 0.28851390625 0.35294828125
vt 0.28851390625 0.357430625
vt 0.28125 0.359375
vt 0.28125359375 0.35100062499999996
vt 0.289624375 0.359375
vt 0.28125 0.359375
vt 0.2831975 0.35211187499999996
vt 0.28767984375 0.35211390625000005
vt 0.28125 0.34375
vt 0.289621875 0.34375
vt 0.289621875 0.359375
vt 0.28125 0.359375
vt 0.28573125 0.359375
vt 0.28125 0.359375
vt 0.28125 0.34375
vt 0.28573125 0.34375
vt 0.28851390625 0.35294499999999995
vt 0.28851390625 0.35742734374999996
vt 0.28125359375 0.359375
vt 0.28125 0.35100062499999996
vt 0.289624375 0.359375
vt 0.28125 0.359375
vt 0.28319453125 0.35211390625000005
vt 0.287676875 0.35211187499999996
vt 0.28125 0.34375
vt 0.289621875 0.34375
vt 0.289621875 0.359375
vt 0.28125 0.359375
vt 0.28573125 0.359375
vt 0.28125 0.359375
vt 0.28125 0.34375
vt 0.28573125 0.34375
vt 0.2885109375 0.35294843750000005
vt 0.2885109375 0.35742968750000004
vt 0.28125 0.359375
vt 0.28125 0.35100312499999997
vt 0.28125 0.359375
vt 0.28125 0.35100312499999997
vt 0.2885109375 0.35294843750000005
vt 0.2885109375 0.35742968750000004
vt 0.28125 0.34375
vt 0.289621875 0.34375
vt 0.289621875 0.359375
vt 0.28125 0.359375
vt 0.28573125 0.359375
vt 0.28125 0.359375
vt 0.28125 0.34375
vt 0.28573125 0.34375
vt 0.28319765625 0.35211109375000005
vt 0.28768 0.35211109375000005
vt 0.289624375 0.359375
vt 0.28125 0.35937140624999997
vt 0.28125 0.359375
vt 0.28125 0.35100062499999996
vt 0.288513125 0.35294812499999995
vt 0.28851109375 0.35743046874999995
vt 0.28125 0.34375
vt 0.289621875 0.34375
vt 0.289621875 0.359375
vt 0.28125 0.359375
vt 0.28573125 0.359375
vt 0.28125 0.359375
vt 0.28125 0.34375
vt 0.28573125 0.34375
vt 0.283194375 0.35211109375000005
vt 0.28767671875 0.35211109375000005
vt 0.289624375 0.35937140624999997
vt 0.28125 0.359375
vt 0.28125 0.359375
vt 0.28125 0.35100062499999996
vt 0.28851109375 0.35294515625
vt 0.288513125 0.3574275
vt 0.28125 0.34375
vt 0.289621875 0.34375
vt 0.289621875 0.359375
vt 0.28125 0.359375
vt 0.28573125 0.359375
vt 0.28125 0.359375
vt 0.28125 0.34375
vt 0.28573125 0.34375
vt 0.2831953125 0.3521140625
vt 0.2876765625 0.3521140625
vt 0.289621875 0.359375
vt 0.28125 0.359375
vt 0.28125 0.3521140625
vt 0.289621875 0.3521140625
vt 0.2876765625 0.359375
vt 0.2831953125 0.359375
vt 0.41796875 0.3984375
vt 0.41796875 0.4046875
vt 0.375 0.4046875
vt 0.375 0.3984375
vt 0.42578125 0.3984375
vt 0.42578125 0.4046875
vt 0.3828125 0.4046875
vt 0.3828125 0.3984375
vt 0.3966546875 0.35546875
vt 0.3966546875 0.3984375
vt 0.38828125 0.3984375
vt 0.38828125 0.35546875
vt 0.3966546875 0.36328125
vt 0.3966546875 0.40625
vt 0.38828125 0.40625
vt 0.38828125 0.36328125
vt 0.3966546875 0.3984375
vt 0.3966546875 0.4046875
vt 0.38828125 0.4046875
vt 0.38828125 0.3984375
vt 0.3950921875 0.3984375
vt 0.3950921875 0.4046875
vt 0.38671875 0.4046875
vt 0.38671875 0.3984375
vt 0.375 0.40625
vt 0.4296875 0.40625
vt 0.4296875 0.3984375
vt 0.375 0.3984375
vt 0.3828125 0.40625
vt 0.4375 0.40625
vt 0.4375 0.3984375
vt 0.3828125 0.3984375
vt 0.38828125 0.3984375
vt 0.39453125 0.3984375
vt 0.39453125 0.34375
vt 0.38828125 0.34375
vt 0.38828125 0.40625
vt 0.39453125 0.40625
vt 0.39453125 0.3515625
vt 0.38828125 0.3515625
vt 0.38828125 0.40625
vt 0.39453125 0.40625
vt 0.39453125 0.3984375
vt 0.38828125 0.3984375
vt 0.38671875 0.40625
vt 0.39296875 0.40625
vt 0.39296875 0.3984375
vt 0.38671875 0.3984375
vt 0.375 0.40625
vt 0.4296875 0.40625
vt 0.4296875 0.3984375
vt 0.375 0.3984375
vt 0.3828125 0.40625
vt 0.4375 0.40625
vt 0.4375 0.3984375
vt 0.3828125 0.3984375
vt 0.38828125 0.3984375
vt 0.39453125 0.3984375
vt 0.39453125 0.34375
vt 0.38828125 0.34375
vt 0.38828125 0.40625
vt 0.39453125 0.40625
vt 0.39453125 0.3515625
vt 0.38828125 0.3515625
vt 0.38828125 0.40625
vt 0.39453125 0.40625
vt 0.39453125 0.3984375
vt 0.38828125 0.3984375
vt 0.38671875 0.40625
vt 0.39296875 0.40625
vt 0.39296875 0.3984375
vt 0.38671875 0.3984375
vt 0.375 0.4046875
vt 0.38671875 0.4046875
vt 0.38671875 0.39792171875000004
vt 0.375 0.39792171875000004
vt 0.4140625 0.4046875
vt 0.42578125 0.4046875
vt 0.42578125 0.39792171875000004
vt 0.4140625 0.39792171875000004
vt 0.38828125 0.3671875
vt 0.3966546875 0.3671875
vt 0.3966546875 0.35546875
vt 0.38828125 0.35546875
vt 0.38828125 0.40625
vt 0.3966546875 0.40625
vt 0.3966546875 0.39453125
vt 0.38828125 0.39453125
vt 0.38828125 0.4046875
vt 0.3966546875 0.4046875
vt 0.3966546875 0.39792171875000004
vt 0.38828125 0.39792171875000004
vt 0.38671875 0.4046875
vt 0.3950921875 0.4046875
vt 0.3950921875 0.39792171875000004
vt 0.38671875 0.39792171875000004
vt 0.4296875 0.3984375
vt 0.4296875 0.40625
vt 0.375 0.40625
vt 0.375 0.3984375
vt 0.4375 0.3984375
vt 0.4375 0.40625
vt 0.3828125 0.40625
vt 0.3828125 0.3984375
vt 0.39453125 0.34375
vt 0.39453125 0.3984375
vt 0.38828125 0.3984375
vt 0.38828125 0.34375
vt 0.39453125 0.3515625
vt 0.39453125 0.40625
vt 0.38828125 0.40625
vt 0.38828125 0.3515625
vt 0.39453125 0.3984375
vt 0.39453125 0.40625
vt 0.38828125 0.40625
vt 0.38828125 0.3984375
vt 0.39296875 0.3984375
vt 0.39296875 0.40625
vt 0.38671875 0.40625
vt 0.38671875 0.3984375
vt 0.4296875 0.3984375
vt 0.4296875 0.40625
vt 0.375 0.40625
vt 0.375 0.3984375
vt 0.4375 0.3984375
vt 0.4375 0.40625
vt 0.3828125 0.40625
vt 0.3828125 0.3984375
vt 0.39453125 0.34375
vt 0.39453125 0.3984375
vt 0.38828125 0.3984375
vt 0.38828125 0.34375
vt 0.39453125 0.3515625
vt 0.39453125 0.40625
vt 0.38828125 0.40625
vt 0.38828125 0.3515625
vt 0.39453125 0.3984375
vt 0.39453125 0.40625
vt 0.38828125 0.40625
vt 0.38828125 0.3984375
vt 0.39296875 0.3984375
vt 0.39296875 0.40625
vt 0.38671875 0.40625
vt 0.38671875 0.3984375
vt 0.38671875 0.39792171875000004
vt 0.38671875 0.4046875
vt 0.375 0.4046875
vt 0.375 0.39792171875000004
vt 0.42578125 0.39792171875000004
vt 0.42578125 0.4046875
vt 0.4140625 0.4046875
vt 0.4140625 0.39792171875000004
vt 0.3966546875 0.35546875
vt 0.3966546875 0.3671875
vt 0.38828125 0.3671875
vt 0.38828125 0.35546875
vt 0.3966546875 0.39453125
vt 0.3966546875 0.40625
vt 0.38828125 0.40625
vt 0.38828125 0.39453125
vt 0.3966546875 0.39792171875000004
vt 0.3966546875 0.4046875
vt 0.38828125 0.4046875
vt 0.38828125 0.39792171875000004
vt 0.3950921875 0.39792171875000004
vt 0.3950921875 0.4046875
vt 0.38671875 0.4046875
vt 0.38671875 0.39792171875000004
vt 0.21078125 0.79703125
vt 0.2421875 0.85140625
vt 0.125 0.8828125
vt 0.2421875 0.85140625
vt 0.2421875 0.91421875
vt 0.125 0.8828125
vt 0.2421875 0.91421875
vt 0.21078125 0.96859375
vt 0.125 0.8828125
vt 0.21078125 0.96859375
vt 0.15640625 1
vt 0.125 0.8828125
vt 0.15640625 1
vt 0.09359375 1
vt 0.125 0.8828125
vt 0.09359375 1
vt 0.03921875 0.96859375
vt 0.125 0.8828125
vt 0.03921875 0.96859375
vt 0.0078125 0.91421875
vt 0.125 0.8828125
vt 0.0078125 0.91421875
vt 0.0078125 0.85140625
vt 0.125 0.8828125
vt 0.0078125 0.85140625
vt 0.03921875 0.79703125
vt 0.125 0.8828125
vt 0.03921875 0.79703125
vt 0.09359375 0.765625
vt 0.125 0.8828125
vt 0.09359375 0.765625
vt 0.15640625 0.765625
vt 0.125 0.8828125
vt 0.15640625 0.765625
vt 0.21078125 0.79703125
vt 0.125 0.8828125
vt 0.28125 0.34375
vt 0.289621875 0.34375
vt 0.289621875 0.359375
vt 0.28125 0.359375
vt 0.28573125 0.359375
vt 0.28125 0.359375
vt 0.28125 0.34375
vt 0.28573125 0.34375
vt 0.28125 0.35742734374999996
vt 0.28125 0.35294499999999995
vt 0.28851390625 0.35100062499999996
vt 0.2885103125 0.359375
vt 0.28125 0.35211187499999996
vt 0.289624375 0.35211187499999996
vt 0.287676875 0.359375
vt 0.28319453125 0.35937312499999996
vt 0.28125 0.34375
vt 0.289621875 0.34375
vt 0.289621875 0.359375
vt 0.28125 0.359375
vt 0.28573125 0.359375
vt 0.28125 0.359375
vt 0.28125 0.34375
vt 0.28573125 0.34375
vt 0.28125 0.357430625
vt 0.28125 0.35294828125
vt 0.2885103125 0.35100062499999996
vt 0.28851390625 0.359375
vt 0.28125 0.35211187499999996
vt 0.289624375 0.35211187499999996
vt 0.28767984375 0.35937312499999996
vt 0.2831975 0.359375
vt 0.28125 0.34375
vt 0.289621875 0.34375
vt 0.289621875 0.359375
vt 0.28125 0.359375
vt 0.28573125 0.359375
vt 0.28125 0.359375
vt 0.28125 0.34375
vt 0.28573125 0.34375
vt 0.28125 0.35742968750000004
vt 0.28125 0.35294843750000005
vt 0.2885109375 0.35100312499999997
vt 0.2885109375 0.359375
vt 0.2885109375 0.35100312499999997
vt 0.2885109375 0.359375
vt 0.28125 0.35742968750000004
vt 0.28125 0.35294843750000005
vt 0.28125 0.34375
vt 0.289621875 0.34375
vt 0.289621875 0.359375
vt 0.28125 0.359375
vt 0.28573125 0.359375
vt 0.28125 0.359375
vt 0.28125 0.34375
vt 0.28573125 0.34375
vt 0.28767671875 0.359375
vt 0.283194375 0.359375
vt 0.28125 0.35211109375000005
vt 0.289624375 0.35211468749999997
vt 0.288513125 0.35100062499999996
vt 0.288513125 0.359375
vt 0.28125 0.3574275
vt 0.281251875 0.35294515625
vt 0.28125 0.34375
vt 0.289621875 0.34375
vt 0.289621875 0.359375
vt 0.28125 0.359375
vt 0.28573125 0.359375
vt 0.28125 0.359375
vt 0.28125 0.34375
vt 0.28573125 0.34375
vt 0.28768 0.359375
vt 0.28319765625 0.359375
vt 0.28125 0.35211468749999997
vt 0.289624375 0.35211109375000005
vt 0.288513125 0.35100062499999996
vt 0.288513125 0.359375
vt 0.281251875 0.35743046874999995
vt 0.28125 0.35294812499999995
vt 0.28125 0.34375
vt 0.289621875 0.34375
vt 0.289621875 0.359375
vt 0.28125 0.359375
vt 0.28573125 0.359375
vt 0.28125 0.359375
vt 0.28125 0.34375
vt 0.28573125 0.34375
vt 0.2876765625 0.359375
vt 0.2831953125 0.359375
vt 0.28125 0.3521140625
vt 0.289621875 0.3521140625
vt 0.289621875 0.359375
vt 0.28125 0.359375
vt 0.2831953125 0.3521140625
vt 0.2876765625 0.3521140625
vt 0.28125 0.34375
vt 0.289621875 0.34375
vt 0.289621875 0.359375
vt 0.28125 0.359375
vt 0.28573125 0.359375
vt 0.28125 0.359375
vt 0.28125 0.34375
vt 0.28573125 0.34375
vt 0.28851390625 0.35294828125
vt 0.28851390625 0.357430625
vt 0.28125 0.359375
vt 0.28125359375 0.35100062499999996
vt 0.289624375 0.359375
vt 0.28125 0.359375
vt 0.2831975 0.35211187499999996
vt 0.28767984375 0.35211390625000005
vt 0.28125 0.34375
vt 0.289621875 0.34375
vt 0.289621875 0.359375
vt 0.28125 0.359375
vt 0.28573125 0.359375
vt 0.28125 0.359375
vt 0.28125 0.34375
vt 0.28573125 0.34375
vt 0.28851390625 0.35294499999999995
vt 0.28851390625 0.35742734374999996
vt 0.28125359375 0.359375
vt 0.28125 0.35100062499999996
vt 0.289624375 0.359375
vt 0.28125 0.359375
vt 0.28319453125 0.35211390625000005
vt 0.287676875 0.35211187499999996
vt 0.28125 0.34375
vt 0.289621875 0.34375
vt 0.289621875 0.359375
vt 0.28125 0.359375
vt 0.28573125 0.359375
vt 0.28125 0.359375
vt 0.28125 0.34375
vt 0.28573125 0.34375
vt 0.2885109375 0.35294843750000005
vt 0.2885109375 0.35742968750000004
vt 0.28125 0.359375
vt 0.28125 0.35100312499999997
vt 0.28125 0.359375
vt 0.28125 0.35100312499999997
vt 0.2885109375 0.35294843750000005
vt 0.2885109375 0.35742968750000004
vt 0.28125 0.34375
vt 0.289621875 0.34375
vt 0.289621875 0.359375
vt 0.28125 0.359375
vt 0.28573125 0.359375
vt 0.28125 0.359375
vt 0.28125 0.34375
vt 0.28573125 0.34375
vt 0.28319765625 0.35211109375000005
vt 0.28768 0.35211109375000005
vt 0.289624375 0.359375
vt 0.28125 0.35937140624999997
vt 0.28125 0.359375
vt 0.28125 0.35100062499999996
vt 0.288513125 0.35294812499999995
vt 0.28851109375 0.35743046874999995
vt 0.28125 0.34375
vt 0.289621875 0.34375
vt 0.289621875 0.359375
vt 0.28125 0.359375
vt 0.28573125 0.359375
vt 0.28125 0.359375
vt 0.28125 0.34375
vt 0.28573125 0.34375
vt 0.283194375 0.35211109375000005
vt 0.28767671875 0.35211109375000005
vt 0.289624375 0.35937140624999997
vt 0.28125 0.359375
vt 0.28125 0.359375
vt 0.28125 0.35100062499999996
vt 0.28851109375 0.35294515625
vt 0.288513125 0.3574275
vt 0.28125 0.34375
vt 0.289621875 0.34375
vt 0.289621875 0.359375
vt 0.28125 0.359375
vt 0.28573125 0.359375
vt 0.28125 0.359375
vt 0.28125 0.34375
vt 0.28573125 0.34375
vt 0.2831953125 0.3521140625
vt 0.2876765625 0.3521140625
vt 0.289621875 0.359375
vt 0.28125 0.359375
vt 0.28125 0.3521140625
vt 0.289621875 0.3521140625
vt 0.2876765625 0.359375
vt 0.2831953125 0.359375
vt 0.296875 0.671875
vt 0.296875 0.734375
vt 0.28125 0.734375
vt 0.28125 0.671875
vt 0.3125 0.671875
vt 0.3125 0.734375
vt 0.296875 0.734375
vt 0.296875 0.671875
vt 0.45703125 0.703125
vt 0.45703125 0.71875
vt 0.29296875 0.71875
vt 0.29296875 0.703125
vt 0.45703125 0.71875
vt 0.45703125 0.734375
vt 0.29296875 0.734375
vt 0.29296875 0.71875
vt 0.45703125 0.671875
vt 0.45703125 0.734375
vt 0.29296875 0.734375
vt 0.29296875 0.671875
vt 0.4453125 0.671875
vt 0.4453125 0.734375
vt 0.28125 0.734375
vt 0.28125 0.671875
vt 0.515625 0.515625
vt 0.515625 0.71875
vt 0.5 0.71875
vt 0.5 0.515625
vt 0.515625 0.515625
vt 0.515625 0.71875
vt 0.5 0.71875
vt 0.5 0.515625
vt 0.515625 0.71875
vt 0.515625 0.734375
vt 0.5 0.734375
vt 0.5 0.71875
vt 0.515625 0.71875
vt 0.515625 0.734375
vt 0.5 0.734375
vt 0.5 0.71875
vt 0.515625 0.515625
vt 0.515625 0.71875
vt 0.5 0.71875
vt 0.5 0.515625
vt 0.515625 0.515625
vt 0.515625 0.71875
vt 0.5 0.71875
vt 0.5 0.515625
vt 0.515625 0.515625
vt 0.515625 0.71875
vt 0.5 0.71875
vt 0.5 0.515625
vt 0.515625 0.515625
vt 0.515625 0.71875
vt 0.5 0.71875
vt 0.5 0.515625
vt 0.515625 0.71875
vt 0.515625 0.734375
vt 0.5 0.734375
vt 0.5 0.71875
vt 0.515625 0.71875
vt 0.515625 0.734375
vt 0.5 0.734375
vt 0.5 0.71875
vt 0.515625 0.515625
vt 0.515625 0.71875
vt 0.5 0.71875
vt 0.5 0.515625
vt 0.515625 0.515625
vt 0.515625 0.71875
vt 0.5 0.71875
vt 0.5 0.515625
vt 1 0
vt 1 0.8125
vt 0.9375 0.8125
vt 0.9375 0
vt 1 0
vt 1 0.8125
vt 0.9375 0.8125
vt 0.9375 0
vt 1 0
vt 1 0.0625
vt 0.9375 0.0625
vt 0.9375 0
vt 1 0
vt 1 0.0625
vt 0.9375 0.0625
vt 0.9375 0
vt 1 0
vt 1 0.8125
vt 0.9375 0.8125
vt 0.9375 0
vt 1 0
vt 1 0.8125
vt 0.9375 0.8125
vt 0.9375 0
vt 0.0625 0.8125
vt 0.0625 1
vt 0 1
vt 0 0.8125
vt 0.0625 0.8125
vt 0.0625 1
vt 0 1
vt 0 0.8125
vt 1 0
vt 1 0.0625
vt 0.9375 0.0625
vt 0.9375 0
vt 1 0
vt 1 0.0625
vt 0.9375 0.0625
vt 0.9375 0
vt 0.0625 0.8125
vt 0.0625 1
vt 0 1
vt 0 0.8125
vt 0.0625 0.8125
vt 0.0625 1
vt 0 1
vt 0 0.8125
vt 0.0625 0.8125
vt 0.0625 1
vt 0 1
vt 0 0.8125
vt 0.0625 0.8125
vt 0.0625 1
vt 0 1
vt 0 0.8125
vt 1 0
vt 1 0.0625
vt 0.9375 0.0625
vt 0.9375 0
vt 1 0
vt 1 0.0625
vt 0.9375 0.0625
vt 0.9375 0
vt 0.0625 0.8125
vt 0.0625 1
vt 0 1
vt 0 0.8125
vt 0.0625 0.8125
vt 0.0625 1
vt 0 1
vt 0 0.8125
vt 1 0
vt 1 0.8125
vt 0.9375 0.8125
vt 0.9375 0
vt 1 0
vt 1 0.8125
vt 0.9375 0.8125
vt 0.9375 0
vt 1 0
vt 1 0.0625
vt 0.9375 0.0625
vt 0.9375 0
vt 1 0
vt 1 0.0625
vt 0.9375 0.0625
vt 0.9375 0
vt 1 0
vt 1 0.8125
vt 0.9375 0.8125
vt 0.9375 0
vt 1 0
vt 1 0.8125
vt 0.9375 0.8125
vt 0.9375 0
vt 0.75 0.71875
vt 0.75 0.734375
vt 0.734375 0.734375
vt 0.734375 0.71875
vt 0.515625 0.71875
vt 0.515625 0.734375
vt 0.5 0.734375
vt 0.5 0.71875
vt 0.703125 0.71875
vt 0.703125 0.734375
vt 0.546875 0.734375
vt 0.546875 0.71875
vt 0.703125 0.71875
vt 0.703125 0.734375
vt 0.546875 0.734375
vt 0.546875 0.71875
vt 0.703125 0.71875
vt 0.703125 0.734375
vt 0.546875 0.734375
vt 0.546875 0.71875
vt 0.703125 0.71875
vt 0.703125 0.734375
vt 0.546875 0.734375
vt 0.546875 0.71875
vt 0.125 0.171875
vt 0.125 0.990625
vt 0.03125 0.990625
vt 0.03125 0.171875
vt 0.09375 0.171875
vt 0.09375 0.990625
vt 0 0.990625
vt 0 0.171875
vt 0.125 0.90625
vt 0.125 1
vt 0.0625 1
vt 0.0625 0.90625
vt 0.125 0.875
vt 0.125 0.96875
vt 0.0625 0.96875
vt 0.0625 0.875
vt 0.125 0.171875
vt 0.125 0.990625
vt 0.0625 0.990625
vt 0.0625 0.171875
vt 0.0625 0.171875
vt 0.0625 0.990625
vt 0 0.990625
vt 0 0.171875
vt 0.125 0.18125000000000002
vt 0.125 1
vt 0.03125 1
vt 0.03125 0.18125000000000002
vt 0.09375 0.18125000000000002
vt 0.09375 1
vt 0 1
vt 0 0.18125000000000002
vt 0.125 0.90625
vt 0.125 1
vt 0.0625 1
vt 0.0625 0.90625
vt 0.125 0.875
vt 0.125 0.96875
vt 0.0625 0.96875
vt 0.0625 0.875
vt 0.125 0.18125000000000002
vt 0.125 1
vt 0.0625 1
vt 0.0625 0.18125000000000002
vt 0.0625 0.18125000000000002
vt 0.0625 1
vt 0 1
vt 0 0.18125000000000002
vt 1 0.9375
vt 1 1
vt 0 1
vt 0 0.9375
vt 1 0.9375
vt 1 1
vt 0 1
vt 0 0.9375
vt 0.0625 0
vt 0.0625 1
vt 0 1
vt 0 0
vt 0.0625 0
vt 0.0625 1
vt 0 1
vt 0 0
vt 0.125 0.9375
vt 0.125 1
vt 0.0625 1
vt 0.0625 0.9375
vt 0.0625 0.9375
vt 0.0625 1
vt 0 1
vt 0 0.9375
vt 1 0.625
vt 1 0.6875
vt 0.46875 0.6875
vt 0.46875 0.625
vt 0.84375 0.5625
vt 0.84375 0.625
vt 0.3125 0.625
vt 0.3125 0.5625
vt 0.65625 0.21875
vt 0.65625 0.75
vt 0.15625 0.75
vt 0.15625 0.21875
vt 0.5 0.375
vt 0.5 0.90625
vt 0 0.90625
vt 0 0.375
vt 0.71875 0.75
vt 0.71875 0.8125
vt 0.21875 0.8125
vt 0.21875 0.75
vt 0.84375 0.5
vt 0.84375 0.5625
vt 0.34375 0.5625
vt 0.34375 0.5
vt 0.9375 0.9375
vt 0.9375 0.96875
vt 0.84375 0.96875
vt 0.84375 0.9375
vt 0.15625 0.9375
vt 0.15625 0.96875
vt 0.0625 0.96875
vt 0.0625 0.9375
vt 0.125 0.84375
vt 0.125 0.9375
vt 0.0625 0.9375
vt 0.0625 0.84375
vt 0.125 0.0625
vt 0.125 0.15625
vt 0.0625 0.15625
vt 0.0625 0.0625
vt 0.125 0.9375
vt 0.125 0.96875
vt 0.0625 0.96875
vt 0.0625 0.9375
vt 0.0625 0.9375
vt 0.0625 0.96875
vt 0 0.96875
vt 0 0.9375
vt 1 0.9375
vt 1 0.96875
vt 0 0.96875
vt 0 0.9375
vt 1 0.9375
vt 1 0.96875
vt 0 0.96875
vt 0 0.9375
vt 0.125 0
vt 0.125 1
vt 0.09375 1
vt 0.09375 0
vt 0.125 0
vt 0.125 1
vt 0.09375 1
vt 0.09375 0
vt 0.125 0.9375
vt 0.125 0.96875
vt 0.09375 0.96875
vt 0.09375 0.9375
vt 0.03125 0.9375
vt 0.03125 0.96875
vt 0 0.96875
vt 0 0.9375
vt 0.9375 0.9375
vt 0.9375 0.96875
vt 0.84375 0.96875
vt 0.84375 0.9375
vt 0.15625 0.9375
vt 0.15625 0.96875
vt 0.0625 0.96875
vt 0.0625 0.9375
vt 0.125 0.84375
vt 0.125 0.9375
vt 0.0625 0.9375
vt 0.0625 0.84375
vt 0.125 0.0625
vt 0.125 0.15625
vt 0.0625 0.15625
vt 0.0625 0.0625
vt 0.125 0.9375
vt 0.125 0.96875
vt 0.0625 0.96875
vt 0.0625 0.9375
vt 0.0625 0.9375
vt 0.0625 0.96875
vt 0 0.96875
vt 0 0.9375
vt 0.125 0.96875
vt 0.125 1
vt 0.03125 1
vt 0.03125 0.96875
vt 0.09375 0.96875
vt 0.09375 1
vt 0 1
vt 0 0.96875
vt 0.703125 0.90625
vt 0.703125 1
vt 0.046875 1
vt 0.046875 0.90625
vt 0.703125 0.875
vt 0.703125 0.96875
vt 0.046875 0.96875
vt 0.046875 0.875
vt 0.703125 0.96875
vt 0.703125 1
vt 0.046875 1
vt 0.046875 0.96875
vt 0.703125 0.96875
vt 0.703125 1
vt 0.046875 1
vt 0.046875 0.96875
vt 0.125 0.9375
vt 0.125 0.96875
vt 0.03125 0.96875
vt 0.03125 0.9375
vt 0.09375 0.9375
vt 0.09375 0.96875
vt 0 0.96875
vt 0 0.9375
vt 0.484375 0.90625
vt 0.484375 1
vt 0.265625 1
vt 0.265625 0.90625
vt 0.484375 0.875
vt 0.484375 0.96875
vt 0.265625 0.96875
vt 0.265625 0.875
vt 0.484375 0.9375
vt 0.484375 0.96875
vt 0.265625 0.96875
vt 0.265625 0.9375
vt 0.484375 0.9375
vt 0.484375 0.96875
vt 0.265625 0.96875
vt 0.265625 0.9375
vt 0.15625 0.9375
vt 0.15625 0.96875
vt 0.03125 0.96875
vt 0.03125 0.9375
vt 0.15625 0.9375
vt 0.15625 0.96875
vt 0.03125 0.96875
vt 0.03125 0.9375
vt 0.4375 0.84375
vt 0.4375 0.96875
vt 0.3125 0.96875
vt 0.3125 0.84375
vt 0.4375 0.84375
vt 0.4375 0.96875
vt 0.3125 0.96875
vt 0.3125 0.84375
vt 0.4375 0.9375
vt 0.4375 0.96875
vt 0.3125 0.96875
vt 0.3125 0.9375
vt 0.4375 0.9375
vt 0.4375 0.96875
vt 0.3125 0.96875
vt 0.3125 0.9375
vt 0.125 0.9375
vt 0.125 0.96875
vt 0.03125 0.96875
vt 0.03125 0.9375
vt 0.09375 0.9375
vt 0.09375 0.96875
vt 0 0.96875
vt 0 0.9375
vt 0.556678125 0.90625
vt 0.556678125 1
vt 0.25 1
vt 0.25 0.90625
vt 0.556678125 0.875
vt 0.556678125 0.96875
vt 0.25 0.96875
vt 0.25 0.875
vt 0.556678125 0.9375
vt 0.556678125 0.96875
vt 0.25 0.96875
vt 0.25 0.9375
vt 0.5 0.9375
vt 0.5 0.96875
vt 0.193321875 0.96875
vt 0.193321875 0.9375
vt 0.125 0.9375
vt 0.125 0.96875
vt 0.03125 0.96875
vt 0.03125 0.9375
vt 0.09375 0.9375
vt 0.09375 0.96875
vt 0 0.96875
vt 0 0.9375
vt 0.603553125 0.90625
vt 0.603553125 1
vt 0.296875 1
vt 0.296875 0.90625
vt 0.603553125 0.875
vt 0.603553125 0.96875
vt 0.296875 0.96875
vt 0.296875 0.875
vt 0.603553125 0.9375
vt 0.603553125 0.96875
vt 0.296875 0.96875
vt 0.296875 0.9375
vt 0.556678125 0.9375
vt 0.556678125 0.96875
vt 0.25 0.96875
vt 0.25 0.9375
vt 0.125 0.875
vt 0.125 1
vt 0 1
vt 0 0.875
vt 0.125 0.875
vt 0.125 1
vt 0 1
vt 0 0.875
vt 0.1375 0.875
vt 0.1375 1
vt 0 1
vt 0 0.875
vt 0.1375 0.875
vt 0.1375 1
vt 0 1
vt 0 0.875
vt 0.1375 0.875
vt 0.1375 1
vt 0 1
vt 0 0.875
vt 0.15 0.875
vt 0.15 1
vt 0.0125 1
vt 0.0125 0.875
vt 0.125 0.96875
vt 0.125 1
vt 0 1
vt 0 0.96875
vt 0.1875 0.96875
vt 0.1875 1
vt 0.0625 1
vt 0.0625 0.96875
vt 0.125 0.8125
vt 0.125 0.9375
vt 0.09375 0.9375
vt 0.09375 0.8125
vt 0.125 0.875
vt 0.125 1
vt 0.09375 1
vt 0.09375 0.875
vt 0.125 0.96875
vt 0.125 1
vt 0.09375 1
vt 0.09375 0.96875
vt 0.03125 0.96875
vt 0.03125 1
vt 0 1
vt 0 0.96875
vt 0.125 0.96875
vt 0.125 1
vt 0 1
vt 0 0.96875
vt 0.1875 0.96875
vt 0.1875 1
vt 0.0625 1
vt 0.0625 0.96875
vt 0.125 0.8125
vt 0.125 0.9375
vt 0.09375 0.9375
vt 0.09375 0.8125
vt 0.125 0.875
vt 0.125 1
vt 0.09375 1
vt 0.09375 0.875
vt 0.125 0.96875
vt 0.125 1
vt 0.09375 1
vt 0.09375 0.96875
vt 0.03125 0.96875
vt 0.03125 1
vt 0 1
vt 0 0.96875
vt 0.125 0.34375
vt 0.125 0.96875
vt 0.09375 0.96875
vt 0.09375 0.34375
vt 0.03125 0.34375
vt 0.03125 0.96875
vt 0 0.96875
vt 0 0.34375
vt 0.09375 0.96875
vt 0.09375 1
vt 0.0625 1
vt 0.0625 0.96875
vt 0.09375 0.875
vt 0.09375 0.90625
vt 0.0625 0.90625
vt 0.0625 0.875
vt 0.09375 0.34375
vt 0.09375 0.96875
vt 0.0625 0.96875
vt 0.0625 0.34375
vt 0.0625 0.34375
vt 0.0625 0.96875
vt 0.03125 0.96875
vt 0.03125 0.34375
vt 0.125 0.9375
vt 0.09375 0.9375
vt 0.09375 0.90625
vt 0.03125 0.9375
vt 0 0.9375
vt 0.03125 0.90625
vt 0.125 0.96875
vt 0.125 1
vt 0.0625 1
vt 0.0625 0.96875
vt 0.125 0.90625
vt 0.125 0.9375
vt 0.0625 0.9375
vt 0.0625 0.90625
vt 0.0625 0.90625
vt 0.0625 0.9375
vt 0 0.9375
vt 0 0.90625
vt 0.125 0.96875
vt 0.125 1
vt 0 1
vt 0 0.96875
vt 0.1875 0.96875
vt 0.1875 1
vt 0.0625 1
vt 0.0625 0.96875
vt 0.09375 0.8125
vt 0.09375 0.9375
vt 0.0625 0.9375
vt 0.0625 0.8125
vt 0.09375 0.875
vt 0.09375 1
vt 0.0625 1
vt 0.0625 0.875
vt 0.09375 0.96875
vt 0.09375 1
vt 0.0625 1
vt 0.0625 0.96875
vt 0.0625 0.96875
vt 0.0625 1
vt 0.03125 1
vt 0.03125 0.96875
vt 0.15625 1
vt 0.1875 0.96875
vt 0.15625 0.96875
vt 0.03125 1
vt 0.03125 0.96875
vt 0 0.96875
vt 0.125 0.8125
vt 0.125 0.84375
vt 0.0625 0.84375
vt 0.0625 0.8125
vt 0.125 0.96875
vt 0.125 1
vt 0.0625 1
vt 0.0625 0.96875
vt 0.0625 0.96875
vt 0.0625 1
vt 0 1
vt 0 0.96875
vt 0.15625 1
vt 0.1875 0.96875
vt 0.15625 0.96875
vt 0.03125 1
vt 0.03125 0.96875
vt 0 0.96875
vt 0.125 0.8125
vt 0.125 0.84375
vt 0.0625 0.84375
vt 0.0625 0.8125
vt 0.125 0.96875
vt 0.125 1
vt 0.0625 1
vt 0.0625 0.96875
vt 0.0625 0.96875
vt 0.0625 1
vt 0 1
vt 0 0.96875
vt 0.125 0.96875
vt 0.125 1
vt 0 1
vt 0 0.96875
vt 0.1875 0.96875
vt 0.1875 1
vt 0.0625 1
vt 0.0625 0.96875
vt 0.09375 0.8125
vt 0.09375 0.9375
vt 0.0625 0.9375
vt 0.0625 0.8125
vt 0.09375 0.875
vt 0.09375 1
vt 0.0625 1
vt 0.0625 0.875
vt 0.09375 0.96875
vt 0.09375 1
vt 0.0625 1
vt 0.0625 0.96875
vt 0.0625 0.96875
vt 0.0625 1
vt 0.03125 1
vt 0.03125 0.96875
vt 0.125 0.34375
vt 0.125 0.96875
vt 0.09375 0.96875
vt 0.09375 0.34375
vt 0.03125 0.34375
vt 0.03125 0.96875
vt 0 0.96875
vt 0 0.34375
vt 0.125 0.96875
vt 0.125 1
vt 0.09375 1
vt 0.09375 0.96875
vt 0.125 0.875
vt 0.125 0.90625
vt 0.09375 0.90625
vt 0.09375 0.875
vt 0.125 0.34375
vt 0.125 0.96875
vt 0.09375 0.96875
vt 0.09375 0.34375
vt 0.03125 0.34375
vt 0.03125 0.96875
vt 0 0.96875
vt 0 0.34375
vt 0.125 0.9375
vt 0.09375 0.9375
vt 0.09375 0.90625
vt 0.03125 0.9375
vt 0 0.9375
vt 0.03125 0.90625
vt 0.125 0.96875
vt 0.125 1
vt 0.0625 1
vt 0.0625 0.96875
vt 0.125 0.90625
vt 0.125 0.9375
vt 0.0625 0.9375
vt 0.0625 0.90625
vt 0.0625 0.90625
vt 0.0625 0.9375
vt 0 0.9375
vt 0 0.90625
vt 0.5 0.9375
vt 0.5 1
vt 0.03125 1
vt 0.03125 0.9375
vt 0.46875 0.9375
vt 0.46875 1
vt 0 1
vt 0 0.9375
vt 0.125 0.53125
vt 0.125 1
vt 0.0625 1
vt 0.0625 0.53125
vt 0.125 0.5
vt 0.125 0.96875
vt 0.0625 0.96875
vt 0.0625 0.5
vt 0.125 0.9375
vt 0.125 1
vt 0.0625 1
vt 0.0625 0.9375
vt 0.0625 0.9375
vt 0.0625 1
vt 0 1
vt 0 0.9375
vt 0.5 0.9375
vt 0.5 1
vt 0.03125 1
vt 0.03125 0.9375
vt 0.46875 0.9375
vt 0.46875 1
vt 0 1
vt 0 0.9375
vt 0.125 0.53125
vt 0.125 1
vt 0.0625 1
vt 0.0625 0.53125
vt 0.125 0.5
vt 0.125 0.96875
vt 0.0625 0.96875
vt 0.0625 0.5
vt 0.125 0.9375
vt 0.125 1
vt 0.0625 1
vt 0.0625 0.9375
vt 0.0625 0.9375
vt 0.0625 1
vt 0 1
vt 0 0.9375
vt 0.625 0.875
vt 0.625 1
vt 0 1
vt 0 0.875
vt 0.625 0.875
vt 0.625 1
vt 0 1
vt 0 0.875
vt 0.125 0.375
vt 0.125 1
vt 0 1
vt 0 0.375
vt 0.125 0.375
vt 0.125 1
vt 0 1
vt 0 0.375
vt 0.125 0.875
vt 0.125 1
vt 0 1
vt 0 0.875
vt 0.125 0.875
vt 0.125 1
vt 0 1
vt 0 0.875
vt 0.703125 0.53125
vt 0.703125 0.5625
vt 0.5625 0.5625
vt 0.5625 0.53125
vt 0.703125 0.53125
vt 0.703125 0.5625
vt 0.5625 0.5625
vt 0.5625 0.53125
vt 0.5921875 0.5625
vt 0.5921875 0.703125
vt 0.5625 0.703125
vt 0.5625 0.5625
vt 0.5921875 0.5625
vt 0.5921875 0.703125
vt 0.5625 0.703125
vt 0.5625 0.5625
vt 0.6234375 0.671875
vt 0.6234375 0.703125
vt 0.59375 0.703125
vt 0.59375 0.671875
vt 0.6234375 0.671875
vt 0.6234375 0.703125
vt 0.59375 0.703125
vt 0.59375 0.671875
vt 0.7734375 0.921875
vt 0.7734375 0.984375
vt 0.765625 0.984375
vt 0.765625 0.921875
vt 0.71875 0.921875
vt 0.71875 0.984375
vt 0.7265625 0.984375
vt 0.7265625 0.921875
vt 0.77734375 0.984375
vt 0.77734375 0.9921875
vt 0.72265625 0.9921875
vt 0.72265625 0.984375
vt 0.77734375 0.8984375
vt 0.77734375 0.90625
vt 0.72265625 0.90625
vt 0.72265625 0.8984375
vt 0.77734375 0.84375
vt 0.77734375 0.90625
vt 0.72265625 0.90625
vt 0.72265625 0.84375
vt 0.77734375 0.921875
vt 0.77734375 0.984375
vt 0.72265625 0.984375
vt 0.72265625 0.921875
vn 1 0 0
vn -1 0 0
vn 0 1 0
vn 0 -1 0
vn 0 0 1
vn 0 0 -1
vn -1 0 0
vn 0.7302021808350583 -0.683231128611486 0
vn 0.45270208702600107 0.8916618307420717 0
vn -0.5441284603357273 -0.8390019181460022 0
vn 0 0 1
vn 0.34107118781393525 -0.3191314114133182 -0.8842090177625055
vn -0.7630410817830638 0.6463499884051456 0
vn 0 -1 0
vn 0.9277190252466737 0.373279265691736 0
vn -0.8893953537766143 -0.457138824298015 0
vn 0 0 1
vn 0 -0.89672345270896 -0.44259128929715896
vn 0 1 0
vn 0 -1 0
vn 1 0 0
vn -1 0 0
vn 0 0 1
vn 0 -0.9175978655059549 -0.39750994606288226
vn 1 0 0
vn -0.7302021808350583 -0.683231128611486 0
vn -0.45270208702600107 0.8916618307420717 0
vn 0.5441284603357273 -0.8390019181460022 0
vn 0 0 1
vn -0.3410711878139353 -0.31913141141331813 -0.8842090177625055
vn 0.7630410817830638 0.6463499884051456 0
vn 0 -1 0
vn -0.9277190252466737 0.373279265691736 0
vn 0.8893953537766143 -0.457138824298015 0
vn 0 0 1
vn 0 -0.89672345270896 -0.4425912892971591
vn 0 1 0
vn 0 -1 0
vn -1 0 0
vn 1 0 0
vn 0 0 1
vn 0 -0.9175978655059549 -0.39750994606288226
vn 1 0 0
vn -1 0 0
vn 0 1 0
vn 0 -1 0
vn 0 0 1
vn 0 0 -1
vn 1 0 0
vn -1 0 0
vn 0 1 0
vn 0 -1 0
vn 0 0 1
vn 0 0 -1
vn 0 0 -1
vn 0 0 -1
vn 0 0 -1
vn 0 0 -1
vn 0 0 -1
vn 0 0 -1
vn 0 0 -1
vn 0 0 -1
vn 0 0 -1
vn 0 0 -1
vn 0 0 -1
vn 0 0 -1
vn 0.5000047549191283 0.8660226585131955 0
vn -0.4999956916624107 -0.866027891190017 0
vn 0 0 1
vn 0 0 -1
vn 0.8660226585131959 0.5000047549191272 0
vn -0.8660278911900187 -0.4999956916624074 0
vn 0 0 1
vn 0 0 -1
vn 1 0 0
vn -1 0 0
vn 0 0 1
vn 0 0 -1
vn 0.8660226585131959 -0.5000047549191272 0
vn -0.8660278911900187 0.4999956916624074 0
vn 0 0 1
vn 0 0 -1
vn 0.5000047549191283 -0.8660226585131955 0
vn -0.4999956916624107 0.866027891190017 0
vn 0 0 1
vn 0 0 -1
vn 0 -1 0
vn 0 1 0
vn 0 0 1
vn 0 0 -1
vn -0.5000047549191282 -0.8660226585131954 0
vn 0.4999956916624105 0.866027891190017 0
vn 0 0 1
vn 0 0 -1
vn -0.8660226585131959 -0.5000047549191272 0
vn 0.8660278911900187 0.4999956916624074 0
vn 0 0 1
vn 0 0 -1
vn -1 0 0
vn 1 0 0
vn 0 0 1
vn 0 0 -1
vn -0.8660226585131959 0.5000047549191272 0
vn 0.8660278911900187 -0.4999956916624074 0
vn 0 0 1
vn 0 0 -1
vn -0.5000047549191282 0.8660226585131954 0
vn 0.4999956916624105 -0.866027891190017 0
vn 0 0 1
vn 0 0 -1
vn 0 1 0
vn 0 -1 0
vn 0 0 1
vn 0 0 -1
vn 1 0 0
vn -1 0 0
vn 0 1 0
vn 0 -1 0
vn 0 0 1
vn 0 0 -1
vn 1 0 0
vn -0.7153677965646249 -0.6987481059997755 0
vn -0.5540178835960102 0.8325047655453979 0
vn 0.5637498642768667 -0.8259455735869128 0
vn 0 0 1
vn -0.5671873502949257 -0.5540102429391476 -0.6094022976523208
vn 0.7153677965646249 0.6987481059997755 0
vn 0 -1 0
vn -0.8442258399894549 0.5359876221463512 0
vn 0.8379960885334516 -0.5456762369781512 0
vn 0 0 1
vn 0 -0.9570247263924213 -0.2900063328162182
vn 0 1 0
vn 0 -1 0
vn -1 0 0
vn 1 0 0
vn 0 0 1
vn 0 -0.9544799780350297 -0.2982749931359468
vn -1 0 0
vn 0.7153677965646249 -0.6987481059997755 0
vn 0.5540178835960102 0.8325047655453978 0
vn -0.5637498642768667 -0.8259455735869128 0
vn 0 0 1
vn 0.5671873502949258 -0.5540102429391477 -0.6094022976523208
vn -0.7153677965646249 0.6987481059997755 0
vn 0 -1 0
vn 0.8442258399894549 0.5359876221463512 0
vn -0.8379960885334516 -0.5456762369781512 0
vn 0 0 1
vn 0 -0.9570247263924213 -0.2900063328162182
vn 0 1 0
vn 0 -1 0
vn 1 0 0
vn -1 0 0
vn 0 0 1
vn 0 -0.9544799780350297 -0.2982749931359468
vn 1 0 0
vn -1 0 0
vn 0 1 0
vn 0 -1 0
vn 0 0 1
vn 0 0 -1
vn 1 0 0
vn -0.7153677965646249 -0.6987481059997755 0
vn -0.5540178835960102 0.8325047655453979 0
vn 0.5637498642768667 -0.8259455735869128 0
vn 0 0 1
vn -0.5671873502949257 -0.5540102429391476 -0.6094022976523208
vn 0.7153677965646249 0.6987481059997755 0
vn 0 -1 0
vn -0.8442258399894549 0.5359876221463512 0
vn 0.8379960885334516 -0.5456762369781512 0
vn 0 0 1
vn 0 -0.9570247263924213 -0.2900063328162182
vn 0 1 0
vn 0 -1 0
vn -1 0 0
vn 1 0 0
vn 0 0 1
vn 0 -0.9544799780350297 -0.2982749931359468
vn -1 0 0
vn 0.7153677965646249 -0.6987481059997755 0
vn 0.5540178835960102 0.8325047655453978 0
vn -0.5637498642768667 -0.8259455735869128 0
vn 0 0 1
vn 0.5671873502949258 -0.5540102429391477 -0.6094022976523208
vn -0.7153677965646249 0.6987481059997755 0
vn 0 -1 0
vn 0.8442258399894549 0.5359876221463512 0
vn -0.8379960885334516 -0.5456762369781512 0
vn 0 0 1
vn 0 -0.9570247263924213 -0.2900063328162182
vn 0 1 0
vn 0 -1 0
vn 1 0 0
vn -1 0 0
vn 0 0 1
vn 0 -0.9544799780350297 -0.2982749931359468
vn 0 0 -1
vn 0 0 -1
vn 0 0 -1
vn 0 0 -1
vn 0 0 -1
vn 0 0 -1
vn 0 0 -1
vn 0 0 -1
vn 0 0 -1
vn 0 0 -1
vn 0 0 -1
vn 0 0 -1
vn 0.5000047549191283 0.8660226585131955 0
vn -0.4999956916624107 -0.866027891190017 0
vn 0 0 1
vn 0 0 -1
vn 0.8660226585131959 0.5000047549191272 0
vn -0.8660278911900187 -0.4999956916624074 0
vn 0 0 1
vn 0 0 -1
vn 1 0 0
vn -1 0 0
vn 0 0 1
vn 0 0 -1
vn 0.8660226585131959 -0.5000047549191272 0
vn -0.8660278911900187 0.4999956916624074 0
vn 0 0 1
vn 0 0 -1
vn 0.5000047549191283 -0.8660226585131955 0
vn -0.4999956916624107 0.866027891190017 0
vn 0 0 1
vn 0 0 -1
vn 0 -1 0
vn 0 1 0
vn 0 0 1
vn 0 0 -1
vn -0.5000047549191282 -0.8660226585131954 0
vn 0.4999956916624105 0.866027891190017 0
vn 0 0 1
vn 0 0 -1
vn -0.8660226585131959 -0.5000047549191272 0
vn 0.8660278911900187 0.4999956916624074 0
vn 0 0 1
vn 0 0 -1
vn -1 0 0
vn 1 0 0
vn 0 0 1
vn 0 0 -1
vn -0.8660226585131959 0.5000047549191272 0
vn 0.8660278911900187 -0.4999956916624074 0
vn 0 0 1
vn 0 0 -1
vn -0.5000047549191282 0.8660226585131954 0
vn 0.4999956916624105 -0.866027891190017 0
vn 0 0 1
vn 0 0 -1
vn 0 1 0
vn 0 -1 0
vn 0 0 1
vn 0 0 -1
vn 1 0 0
vn -1 0 0
vn 0 1 0
vn 0 -1 0
vn 0 0 1
vn 0 0 -1
vn 1 0 0
vn -0.7153677965646249 -0.6987481059997755 0
vn -0.5540178835960102 0.8325047655453979 0
vn 0.5637498642768667 -0.8259455735869128 0
vn 0 0 1
vn -0.5671873502949257 -0.5540102429391476 -0.6094022976523208
vn 0.7153677965646249 0.6987481059997755 0
vn 0 -1 0
vn -0.8442258399894549 0.5359876221463512 0
vn 0.837996088533452 -0.5456762369781508 0
vn 0 0 1
vn 0 -0.9570247263924213 -0.2900063328162182
vn 0 1 0
vn 0 -1 0
vn -1 0 0
vn 1 0 0
vn 0 0 1
vn 0 -0.9544799780350298 -0.2982749931359468
vn -1 0 0
vn 0.7153677965646249 -0.6987481059997755 0
vn 0.5540178835960102 0.8325047655453978 0
vn -0.5637498642768667 -0.8259455735869128 0
vn 0 0 1
vn 0.5671873502949258 -0.5540102429391477 -0.6094022976523208
vn -0.7153677965646249 0.6987481059997755 0
vn 0 -1 0
vn 0.8442258399894549 0.5359876221463512 0
vn -0.837996088533452 -0.5456762369781508 0
vn 0 0 1
vn 0 -0.9570247263924213 -0.2900063328162182
vn 0 1 0
vn 0 -1 0
vn 1 0 0
vn -1 0 0
vn 0 0 1
vn 0 -0.9544799780350298 -0.2982749931359468
vn 0 0 -1
vn 0 0 -1
vn 0 0 -1
vn 0 0 -1
vn 0 0 -1
vn 0 0 -1
vn 0 0 -1
vn 0 0 -1
vn 0 0 -1
vn 0 0 -1
vn 0 0 -1
vn 0 0 -1
vn 0.500004754919128 0.8660226585131955 0
vn -0.4999956916624103 -0.866027891190017 0
vn 0 0 1
vn 0 0 -1
vn 0.8660226585131959 0.5000047549191272 0
vn -0.8660278911900187 -0.4999956916624074 0
vn 0 0 1
vn 0 0 -1
vn 1 0 0
vn -1 0 0
vn 0 0 1
vn 0 0 -1
vn 0.8660226585131959 -0.5000047549191272 0
vn -0.8660278911900187 0.4999956916624074 0
vn 0 0 1
vn 0 0 -1
vn 0.500004754919128 -0.8660226585131955 0
vn -0.4999956916624103 0.866027891190017 0
vn 0 0 1
vn 0 0 -1
vn 0 -1 0
vn 0 1 0
vn 0 0 1
vn 0 0 -1
vn -0.5000047549191285 -0.8660226585131954 0
vn 0.4999956916624109 0.8660278911900167 0
vn 0 0 1
vn 0 0 -1
vn -0.8660226585131959 -0.5000047549191272 0
vn 0.8660278911900187 0.4999956916624074 0
vn 0 0 1
vn 0 0 -1
vn -1 0 0
vn 1 0 0
vn 0 0 1
vn 0 0 -1
vn -0.8660226585131959 0.5000047549191272 0
vn 0.8660278911900187 -0.4999956916624074 0
vn 0 0 1
vn 0 0 -1
vn -0.5000047549191285 0.8660226585131954 0
vn 0.4999956916624109 -0.8660278911900167 0
vn 0 0 1
vn 0 0 -1
vn 0 1 0
vn 0 -1 0
vn 0 0 1
vn 0 0 -1
vn 1 0 0
vn -1 0 0
vn 0 1 0
vn 0 -1 0
vn 0 0 1
vn 0 0 -1
vn 1 0 0
vn -0.7153677965646249 -0.6987481059997755 0
vn -0.5540178835960102 0.8325047655453979 0
vn 0.5637498642768667 -0.8259455735869128 0
vn 0 0 1
vn -0.5671873502949257 -0.5540102429391476 -0.6094022976523208
vn 0.7153677965646249 0.6987481059997755 0
vn 0 -1 0
vn -0.8442258399894549 0.5359876221463512 0
vn 0.8379960885334516 -0.5456762369781512 0
vn 0 0 1
vn 0 -0.9570247263924213 -0.2900063328162182
vn 0 1 0
vn 0 -1 0
vn -1 0 0
vn 1 0 0
vn 0 0 1
vn 0 -0.9544799780350297 -0.2982749931359468
vn -1 0 0
vn 0.7153677965646249 -0.6987481059997755 0
vn 0.5540178835960102 0.8325047655453978 0
vn -0.5637498642768667 -0.8259455735869128 0
vn 0 0 1
vn 0.5671873502949258 -0.5540102429391477 -0.6094022976523208
vn -0.7153677965646249 0.6987481059997755 0
vn 0 -1 0
vn 0.8442258399894549 0.5359876221463512 0
vn -0.8379960885334516 -0.5456762369781512 0
vn 0 0 1
vn 0 -0.9570247263924213 -0.2900063328162182
vn 0 1 0
vn 0 -1 0
vn 1 0 0
vn -1 0 0
vn 0 0 1
vn 0 -0.9544799780350297 -0.2982749931359468
vn 0 0 -1
vn 0 0 -1
vn 0 0 -1
vn 0 0 -1
vn 0 0 -1
vn 0 0 -1
vn 0 0 -1
vn 0 0 -1
vn 0 0 -1
vn 0 0 -1
vn 0 0 -1
vn 0 0 -1
vn 0.5000047549191283 0.8660226585131955 0
vn -0.4999956916624107 -0.866027891190017 0
vn 0 0 1
vn 0 0 -1
vn 0.8660226585131959 0.5000047549191272 0
vn -0.8660278911900187 -0.4999956916624074 0
vn 0 0 1
vn 0 0 -1
vn 1 0 0
vn -1 0 0
vn 0 0 1
vn 0 0 -1
vn 0.8660226585131959 -0.5000047549191272 0
vn -0.8660278911900187 0.4999956916624074 0
vn 0 0 1
vn 0 0 -1
vn 0.5000047549191283 -0.8660226585131955 0
vn -0.4999956916624107 0.866027891190017 0
vn 0 0 1
vn 0 0 -1
vn 0 -1 0
vn 0 1 0
vn 0 0 1
vn 0 0 -1
vn -0.5000047549191282 -0.8660226585131954 0
vn 0.4999956916624105 0.866027891190017 0
vn 0 0 1
vn 0 0 -1
vn -0.8660226585131959 -0.5000047549191272 0
vn 0.8660278911900187 0.4999956916624074 0
vn 0 0 1
vn 0 0 -1
vn -1 0 0
vn 1 0 0
vn 0 0 1
vn 0 0 -1
vn -0.8660226585131959 0.5000047549191272 0
vn 0.8660278911900187 -0.4999956916624074 0
vn 0 0 1
vn 0 0 -1
vn -0.5000047549191282 0.8660226585131954 0
vn 0.4999956916624105 -0.866027891190017 0
vn 0 0 1
vn 0 0 -1
vn 0 1 0
vn 0 -1 0
vn 0 0 1
vn 0 0 -1
vn 0 0 1
vn 0 0 1
vn 0 0 1
vn 0 0 1
vn 0 0 1
vn 0 0 1
vn 0 0 1
vn 0 0 1
vn 0 0 1
vn 0 0 1
vn 0 0 1
vn 0 0 1
vn 0.5000024352623944 -0.8660239977804746 0
vn -0.5000121476207219 0.8660183902387487 0
vn 0 0 -1
vn 0 0 1
vn 0.8660239977804747 -0.5000024352623942 0
vn -0.8660183902387498 0.5000121476207197 0
vn 0 0 -1
vn 0 0 1
vn 1 0 0
vn -1 0 0
vn 0 0 -1
vn 0 0 1
vn 0.8660239977804747 0.5000024352623942 0
vn -0.8660183902387498 -0.5000121476207197 0
vn 0 0 -1
vn 0 0 1
vn 0.5000024352623944 0.8660239977804746 0
vn -0.5000121476207219 -0.8660183902387487 0
vn 0 0 -1
vn 0 0 1
vn 0 1 0
vn 0 -1 0
vn 0 0 -1
vn 0 0 1
vn -0.5000024352623944 0.8660239977804746 0
vn 0.5000121476207219 -0.8660183902387487 0
vn 0 0 -1
vn 0 0 1
vn -0.8660239977804747 0.5000024352623942 0
vn 0.8660183902387498 -0.5000121476207197 0
vn 0 0 -1
vn 0 0 1
vn -1 0 0
vn 1 0 0
vn 0 0 -1
vn 0 0 1
vn -0.8660239977804747 -0.5000024352623942 0
vn 0.8660183902387498 0.5000121476207197 0
vn 0 0 -1
vn 0 0 1
vn -0.5000024352623944 -0.8660239977804746 0
vn 0.5000121476207219 0.8660183902387487 0
vn 0 0 -1
vn 0 0 1
vn 0 -1 0
vn 0 1 0
vn 0 0 -1
vn 0 0 1
vn 1 0 0
vn -1 0 0
vn 0 1 0
vn 0 -1 0
vn 0 0 1
vn 0 0 -1
vn -1 0 0
vn 0.7302021808350612 -0.6832311286114828 0
vn 0.45270208702600995 0.8916618307420674 0
vn -0.5441284603357447 -0.8390019181459908 0
vn 0 0 1
vn 0.34107118781393403 -0.31913141141331425 -0.8842090177625074
vn -0.7630410817830748 0.6463499884051327 0
vn 0 -1 0
vn 0.9277190252466745 0.3732792656917341 0
vn -0.8893953537766109 -0.45713882429802116 0
vn 0 0 1
vn 0 -0.8967234527089594 -0.44259128929716074
vn 0 1 0
vn 0 -1 0
vn 1 0 0
vn -1 0 0
vn 0 0 1
vn 0 -0.9175978655059559 -0.3975099460628799
vn 1 0 0
vn -0.7302021808350612 -0.6832311286114828 0
vn -0.45270208702600995 0.8916618307420674 0
vn 0.5441284603357447 -0.8390019181459908 0
vn 0 0 1
vn -0.34107118781393403 -0.3191314114133142 -0.8842090177625074
vn 0.7630410817830748 0.6463499884051327 0
vn 0 -1 0
vn -0.9277190252466745 0.3732792656917341 0
vn 0.8893953537766109 -0.45713882429802116 0
vn 0 0 1
vn 0 -0.8967234527089594 -0.44259128929716074
vn 0 1 0
vn 0 -1 0
vn -1 0 0
vn 1 0 0
vn 0 0 1
vn 0 -0.9175978655059559 -0.3975099460628799
vn 0 0 1
vn 0 0 1
vn 0 0 1
vn 0 0 1
vn 0 0 1
vn 0 0 1
vn 0 0 1
vn 0 0 1
vn 0 0 1
vn 0 0 1
vn 0 0 1
vn 0 0 1
vn 0.5000024352623944 -0.8660239977804746 0
vn -0.5000121476207212 0.8660183902387492 0
vn 0 0 -1
vn 0 0 1
vn 0.8660239977804747 -0.5000024352623942 0
vn -0.8660183902387498 0.5000121476207197 0
vn 0 0 -1
vn 0 0 1
vn 1 0 0
vn -1 0 0
vn 0 0 -1
vn 0 0 1
vn 0.8660239977804747 0.5000024352623942 0
vn -0.8660183902387498 -0.5000121476207197 0
vn 0 0 -1
vn 0 0 1
vn 0.5000024352623944 0.8660239977804746 0
vn -0.5000121476207212 -0.8660183902387492 0
vn 0 0 -1
vn 0 0 1
vn 0 1 0
vn 0 -1 0
vn 0 0 -1
vn 0 0 1
vn -0.5000024352623944 0.8660239977804746 0
vn 0.5000121476207209 -0.8660183902387492 0
vn 0 0 -1
vn 0 0 1
vn -0.8660239977804747 0.5000024352623942 0
vn 0.8660183902387502 -0.5000121476207191 0
vn 0 0 -1
vn 0 0 1
vn -1 0 0
vn 1 0 0
vn 0 0 -1
vn 0 0 1
vn -0.8660239977804747 -0.5000024352623942 0
vn 0.8660183902387502 0.5000121476207191 0
vn 0 0 -1
vn 0 0 1
vn -0.5000024352623944 -0.8660239977804746 0
vn 0.5000121476207209 0.8660183902387492 0
vn 0 0 -1
vn 0 0 1
vn 0 -1 0
vn 0 1 0
vn 0 0 -1
vn 0 0 1
vn 1 0 0
vn -1 0 0
vn 0 1 0
vn 0 -1 0
vn 0 0 1
vn 0 0 -1
vn -1 0 0
vn 0.7302021808350612 -0.6832311286114828 0
vn 0.4527020870260101 0.8916618307420672 0
vn -0.5441284603357451 -0.8390019181459906 0
vn 0 0 1
vn 0.3410711878139342 -0.31913141141331425 -0.8842090177625074
vn -0.7630410817830753 0.646349988405132 0
vn 0 -1 0
vn 0.9277190252466744 0.3732792656917346 0
vn -0.8893953537766106 -0.45713882429802194 0
vn 0 0 1
vn 0 -0.8967234527089593 -0.4425912892971607
vn 0 1 0
vn 0 -1 0
vn 1 0 0
vn -1 0 0
vn 0 0 1
vn 0 -0.917597865505956 -0.39750994606288004
vn 1 0 0
vn -0.7302021808350612 -0.6832311286114828 0
vn -0.4527020870260101 0.8916618307420672 0
vn 0.5441284603357451 -0.8390019181459906 0
vn 0 0 1
vn -0.34107118781393414 -0.3191314114133143 -0.8842090177625074
vn 0.7630410817830753 0.646349988405132 0
vn 0 -1 0
vn -0.9277190252466744 0.3732792656917346 0
vn 0.8893953537766106 -0.45713882429802194 0
vn 0 0 1
vn 0 -0.8967234527089593 -0.44259128929716074
vn 0 1 0
vn 0 -1 0
vn -1 0 0
vn 1 0 0
vn 0 0 1
vn 0 -0.917597865505956 -0.39750994606288004
vn 0 0 1
vn 0 0 1
vn 0 0 1
vn 0 0 1
vn 0 0 1
vn 0 0 1
vn 0 0 1
vn 0 0 1
vn 0 0 1
vn 0 0 1
vn 0 0 1
vn 0 0 1
vn 0.5000024352623944 -0.8660239977804746 0
vn -0.5000121476207212 0.8660183902387492 0
vn 0 0 -1
vn 0 0 1
vn 0.8660239977804747 -0.5000024352623942 0
vn -0.8660183902387498 0.5000121476207197 0
vn 0 0 -1
vn 0 0 1
vn 1 0 0
vn -1 0 0
vn 0 0 -1
vn 0 0 1
vn 0.8660239977804747 0.5000024352623942 0
vn -0.8660183902387498 -0.5000121476207197 0
vn 0 0 -1
vn 0 0 1
vn 0.5000024352623944 0.8660239977804746 0
vn -0.5000121476207212 -0.8660183902387492 0
vn 0 0 -1
vn 0 0 1
vn 0 1 0
vn 0 -1 0
vn 0 0 -1
vn 0 0 1
vn -0.5000024352623944 0.8660239977804746 0
vn 0.5000121476207212 -0.8660183902387492 0
vn 0 0 -1
vn 0 0 1
vn -0.8660239977804747 0.5000024352623942 0
vn 0.8660183902387498 -0.5000121476207197 0
vn 0 0 -1
vn 0 0 1
vn -1 0 0
vn 1 0 0
vn 0 0 -1
vn 0 0 1
vn -0.8660239977804747 -0.5000024352623942 0
vn 0.8660183902387498 0.5000121476207197 0
vn 0 0 -1
vn 0 0 1
vn -0.5000024352623944 -0.8660239977804746 0
vn 0.5000121476207212 0.8660183902387492 0
vn 0 0 -1
vn 0 0 1
vn 0 -1 0
vn 0 1 0
vn 0 0 -1
vn 0 0 1
vn 1 0 0
vn -1 0 0
vn 0 1 0
vn 0 -1 0
vn 0 0 1
vn 0 0 -1
vn -1 0 0
vn 0.7302021808350612 -0.6832311286114828 0
vn 0.4527020870260101 0.8916618307420672 0
vn -0.5441284603357451 -0.8390019181459906 0
vn 0 0 1
vn 0.3410711878139342 -0.31913141141331425 -0.8842090177625074
vn -0.7630410817830753 0.646349988405132 0
vn 0 -1 0
vn 0.9277190252466744 0.3732792656917346 0
vn -0.8893953537766106 -0.45713882429802194 0
vn 0 0 1
vn 0 -0.8967234527089593 -0.4425912892971607
vn 0 1 0
vn 0 -1 0
vn 1 0 0
vn -1 0 0
vn 0 0 1
vn 0 -0.917597865505956 -0.39750994606288004
vn 1 0 0
vn -0.7302021808350612 -0.6832311286114828 0
vn -0.4527020870260101 0.8916618307420672 0
vn 0.5441284603357451 -0.8390019181459906 0
vn 0 0 1
vn -0.34107118781393414 -0.3191314114133143 -0.8842090177625074
vn 0.7630410817830748 0.6463499884051327 0
vn 0 -1 0
vn -0.9277190252466745 0.3732792656917341 0
vn 0.8893953537766109 -0.45713882429802116 0
vn 0 0 1
vn 0 -0.8967234527089594 -0.44259128929716074
vn 0 1 0
vn 0 -1 0
vn -1 0 0
vn 1 0 0
vn 0 0 1
vn 0 -0.9175978655059559 -0.3975099460628799
vn 0 0 1
vn 0 0 1
vn 0 0 1
vn 0 0 1
vn 0 0 1
vn 0 0 1
vn 0 0 1
vn 0 0 1
vn 0 0 1
vn 0 0 1
vn 0 0 1
vn 0 0 1
vn 0.5000024352623944 -0.8660239977804746 0
vn -0.5000121476207219 0.8660183902387487 0
vn 0 0 -1
vn 0 0 1
vn 0.8660239977804747 -0.5000024352623942 0
vn -0.8660183902387498 0.5000121476207197 0
vn 0 0 -1
vn 0 0 1
vn 1 0 0
vn -1 0 0
vn 0 0 -1
vn 0 0 1
vn 0.8660239977804747 0.5000024352623942 0
vn -0.8660183902387498 -0.5000121476207197 0
vn 0 0 -1
vn 0 0 1
vn 0.5000024352623944 0.8660239977804746 0
vn -0.5000121476207219 -0.8660183902387487 0
vn 0 0 -1
vn 0 0 1
vn 0 1 0
vn 0 -1 0
vn 0 0 -1
vn 0 0 1
vn -0.5000024352623944 0.8660239977804746 0
vn 0.5000121476207219 -0.8660183902387487 0
vn 0 0 -1
vn 0 0 1
vn -0.8660239977804747 0.5000024352623942 0
vn 0.8660183902387498 -0.5000121476207197 0
vn 0 0 -1
vn 0 0 1
vn -1 0 0
vn 1 0 0
vn 0 0 -1
vn 0 0 1
vn -0.8660239977804747 -0.5000024352623942 0
vn 0.8660183902387498 0.5000121476207197 0
vn 0 0 -1
vn 0 0 1
vn -0.5000024352623944 -0.8660239977804746 0
vn 0.5000121476207219 0.8660183902387487 0
vn 0 0 -1
vn 0 0 1
vn 0 -1 0
vn 0 1 0
vn 0 0 -1
vn 0 0 1
vn 1 0 0
vn -1 0 0
vn 0 1 0
vn 0 -1 0
vn 0 0 1
vn 0 0 -1
vn -1 0 0
vn 0.7302021808350612 -0.6832311286114828 0
vn 0.45270208702600995 0.8916618307420674 0
vn -0.5441284603357447 -0.8390019181459908 0
vn 0 0 1
vn 0.34107118781393403 -0.31913141141331425 -0.8842090177625074
vn -0.7630410817830748 0.6463499884051327 0
vn 0 -1 0
vn 0.9277190252466745 0.3732792656917341 0
vn -0.8893953537766109 -0.45713882429802116 0
vn 0 0 1
vn 0 -0.8967234527089594 -0.44259128929716074
vn 0 1 0
vn 0 -1 0
vn 1 0 0
vn -1 0 0
vn 0 0 1
vn 0 -0.9175978655059559 -0.3975099460628799
vn 1 0 0
vn -0.7302021808350612 -0.6832311286114828 0
vn -0.45270208702600995 0.8916618307420674 0
vn 0.5441284603357447 -0.8390019181459908 0
vn 0 0 1
vn -0.34107118781393403 -0.3191314114133142 -0.8842090177625074
vn 0.7630410817830748 0.6463499884051327 0
vn 0 -1 0
vn -0.9277190252466745 0.3732792656917341 0
vn 0.8893953537766109 -0.45713882429802116 0
vn 0 0 1
vn 0 -0.8967234527089594 -0.44259128929716074
vn 0 1 0
vn 0 -1 0
vn -1 0 0
vn 1 0 0
vn 0 0 1
vn 0 -0.9175978655059559 -0.3975099460628799
vn 0 0 1
vn 0 0 1
vn 0 0 1
vn 0 0 1
vn 0 0 1
vn 0 0 1
vn 0 0 1
vn 0 0 1
vn 0 0 1
vn 0 0 1
vn 0 0 1
vn 0 0 1
vn 0.5000024352623944 -0.8660239977804746 0
vn -0.5000121476207212 0.8660183902387492 0
vn 0 0 -1
vn 0 0 1
vn 0.8660239977804747 -0.5000024352623942 0
vn -0.8660183902387498 0.5000121476207197 0
vn 0 0 -1
vn 0 0 1
vn 1 0 0
vn -1 0 0
vn 0 0 -1
vn 0 0 1
vn 0.8660239977804747 0.5000024352623942 0
vn -0.8660183902387498 -0.5000121476207197 0
vn 0 0 -1
vn 0 0 1
vn 0.5000024352623944 0.8660239977804746 0
vn -0.5000121476207212 -0.8660183902387492 0
vn 0 0 -1
vn 0 0 1
vn 0 1 0
vn 0 -1 0
vn 0 0 -1
vn 0 0 1
vn -0.5000024352623944 0.8660239977804746 0
vn 0.5000121476207212 -0.8660183902387492 0
vn 0 0 -1
vn 0 0 1
vn -0.8660239977804747 0.5000024352623942 0
vn 0.8660183902387498 -0.5000121476207197 0
vn 0 0 -1
vn 0 0 1
vn -1 0 0
vn 1 0 0
vn 0 0 -1
vn 0 0 1
vn -0.8660239977804747 -0.5000024352623942 0
vn 0.8660183902387498 0.5000121476207197 0
vn 0 0 -1
vn 0 0 1
vn -0.5000024352623944 -0.8660239977804746 0
vn 0.5000121476207212 0.8660183902387492 0
vn 0 0 -1
vn 0 0 1
vn 0 -1 0
vn 0 1 0
vn 0 0 -1
vn 0 0 1
vn 1 0 0
vn -1 0 0
vn 0 1 0
vn 0 -1 0
vn 0 0 1
vn 0 0 -1
vn -1 0 0
vn 0.7302021808350612 -0.6832311286114828 0
vn 0.4527020870260101 0.8916618307420672 0
vn -0.5441284603357451 -0.8390019181459906 0
vn 0 0 1
vn 0.3410711878139342 -0.31913141141331425 -0.8842090177625074
vn -0.7630410817830753 0.646349988405132 0
vn 0 -1 0
vn 0.9277190252466744 0.3732792656917346 0
vn -0.8893953537766106 -0.45713882429802194 0
vn 0 0 1
vn 0 -0.8967234527089593 -0.4425912892971607
vn 0 1 0
vn 0 -1 0
vn 1 0 0
vn -1 0 0
vn 0 0 1
vn 0 -0.917597865505956 -0.39750994606288004
vn 1 0 0
vn -0.7302021808350612 -0.6832311286114828 0
vn -0.4527020870260101 0.8916618307420672 0
vn 0.5441284603357451 -0.8390019181459906 0
vn 0 0 1
vn -0.34107118781393414 -0.3191314114133143 -0.8842090177625074
vn 0.7630410817830748 0.6463499884051327 0
vn 0 -1 0
vn -0.9277190252466745 0.3732792656917341 0
vn 0.8893953537766109 -0.45713882429802116 0
vn 0 0 1
vn 0 -0.8967234527089594 -0.44259128929716074
vn 0 1 0
vn 0 -1 0
vn -1 0 0
vn 1 0 0
vn 0 0 1
vn 0 -0.9175978655059559 -0.3975099460628799
vn 0 0 1
vn 0 0 1
vn 0 0 1
vn 0 0 1
vn 0 0 1
vn 0 0 1
vn 0 0 1
vn 0 0 1
vn 0 0 1
vn 0 0 1
vn 0 0 1
vn 0 0 1
vn 0.5000024352623944 -0.8660239977804746 0
vn -0.5000121476207212 0.8660183902387492 0
vn 0 0 -1
vn 0 0 1
vn 0.8660239977804747 -0.5000024352623942 0
vn -0.8660183902387498 0.5000121476207197 0
vn 0 0 -1
vn 0 0 1
vn 1 0 0
vn -1 0 0
vn 0 0 -1
vn 0 0 1
vn 0.8660239977804747 0.5000024352623942 0
vn -0.8660183902387498 -0.5000121476207197 0
vn 0 0 -1
vn 0 0 1
vn 0.5000024352623944 0.8660239977804746 0
vn -0.5000121476207212 -0.8660183902387492 0
vn 0 0 -1
vn 0 0 1
vn 0 1 0
vn 0 -1 0
vn 0 0 -1
vn 0 0 1
vn -0.5000024352623944 0.8660239977804746 0
vn 0.5000121476207212 -0.8660183902387492 0
vn 0 0 -1
vn 0 0 1
vn -0.8660239977804747 0.5000024352623942 0
vn 0.8660183902387498 -0.5000121476207197 0
vn 0 0 -1
vn 0 0 1
vn -1 0 0
vn 1 0 0
vn 0 0 -1
vn 0 0 1
vn -0.8660239977804747 -0.5000024352623942 0
vn 0.8660183902387498 0.5000121476207197 0
vn 0 0 -1
vn 0 0 1
vn -0.5000024352623944 -0.8660239977804746 0
vn 0.5000121476207212 0.8660183902387492 0
vn 0 0 -1
vn 0 0 1
vn 0 -1 0
vn 0 1 0
vn 0 0 -1
vn 0 0 1
vn 1 0 0
vn -1 0 0
vn 0 1 0
vn 0 -1 0
vn 0 0 1
vn 0 0 -1
vn 1 0 0
vn -1 0 0
vn 0 1 0
vn 0 -1 0
vn 0 0 1
vn 0 0 -1
vn 1 0 0
vn -1 0 0
vn 0 1 0
vn 0 -1 0
vn 0 0 1
vn 0 0 -1
vn 1 0 0
vn -1 0 0
vn 0 0.9848077530122077 -0.17364817766693338
vn 0 -0.9848077530122076 0.1736481776669337
vn 0 0.1736481776669304 0.9848077530122082
vn 0 -0.17364817766693044 -0.9848077530122082
vn 0.7184079888882116 -0.6548824570227008 0.23456114125213898
vn -0.7184082726374404 0.6548821811410827 -0.23456104243882295
vn 0 0.9414343719216686 -0.33719626831335725
vn 0 -0.9414354758547896 0.3371931861738398
vn 0 0.16549554048771448 0.9862105384139228
vn 0 -0.16549084116532228 -0.9862113269935578
vn 0.7184079888882116 0.6548824570227008 -0.23456114125213898
vn -0.7184082726374404 -0.6548821811410827 0.23456104243882295
vn 0 0.9414343719216686 -0.33719626831335725
vn 0 -0.9414354758547896 0.3371931861738398
vn 0 0.16549554048771448 0.9862105384139228
vn 0 -0.16549084116532228 -0.9862113269935578
vn 1 0 0
vn -1 0 0
vn 0 0.9848077530122077 -0.17364817766693338
vn 0 -0.9848077530122076 0.1736481776669337
vn 0 0.1736481776669304 0.9848077530122082
vn 0 -0.17364817766693044 -0.9848077530122082
vn 1 0 0
vn -1 0 0
vn 0 1 0
vn 0 -1 0
vn 0 0 1
vn 0 0 -1
vn 1 0 0
vn -1 0 0
vn 0 1 0
vn 0 -1 0
vn 0 0 1
vn 0 0 -1
vn 1 0 0
vn -1 0 0
vn 0 1 0
vn 0 -1 0
vn 0 0 1
vn 0 0 -1
vn 1 0 0
vn -1 0 0
vn 0 1 0
vn 0 -1 0
vn 0 0 1
vn 0 0 -1
vn 1 0 0
vn -1 0 0
vn 0 1 0
vn 0 -1 0
vn 0 0 1
vn 0 0 -1
vn 1 0 0
vn -1 0 0
vn 0 1 0
vn 0 -1 0
vn 0 0 1
vn 0 0 -1
vn 1 0 0
vn -1 0 0
vn 0 1 0
vn 0 -1 0
vn 0 0 1
vn 0 0 -1
vn 1 0 0
vn -1 0 0
vn 0 1 0
vn 0 -1 0
vn 0 0 1
vn 0 0 -1
vn 1 0 0
vn -1 0 0
vn 0 1 0
vn 0 -1 0
vn 0 0 1
vn 0 0 -1
vn 1 0 0
vn -1 0 0
vn 0 1 0
vn 0 -1 0
vn 0 0 1
vn 0 0 -1
vn 1 0 0
vn -1 0 0
vn 0 1 0
vn 0 -1 0
vn 0 0 1
vn 0 0 -1
vn 0.7071067811865493 -0.7071067811865458 0
vn -0.7071067811865493 0.7071067811865458 0
vn 0.7071067811865479 0.7071067811865471 0
vn -0.7071067811865479 -0.7071067811865471 0
vn 0 0 1
vn 0 0 -1
vn 0.7071067811865502 0.7071067811865449 0
vn -0.7071067811865502 -0.7071067811865449 0
vn -0.7071067811865479 0.7071067811865471 0
vn 0.7071067811865479 -0.7071067811865471 0
vn 0 0 1
vn 0 0 -1
vn 1 0 0
vn -1 0 0
vn 0 1 0
vn 0 -1 0
vn 0 0 1
vn 0 0 -1
vn 1 0 0
vn -1 0 0
vn 0 1 0
vn 0 -1 0
vn 0 0 1
vn 0 0 -1
vn 1 0 0
vn -1 0 0
vn 0 1 0
vn 0 -1 0
vn 0 0 1
vn 0 0 -1
vn 1 0 0
vn -1 0 0
vn 0 1 0
vn 0 -1 0
vn 0 0 1
vn 0 0 -1
vn 1 0 0
vn -1 0 0
vn 0 1 0
vn 0 -0.7071067811865476 0.7071067811865476
vn 0 0 -1
vn 1 0 0
vn -1 0 0
vn 0 1 0
vn 0 -1 0
vn 0 0 1
vn 0 0 -1
vn -1 0 0
vn 1 0 0
vn 0 -1 0
vn 0 0.7071067811865476 0.7071067811865476
vn 0 0 -1
vn -1 0 0
vn 1 0 0
vn 0 -1 0
vn 0 0.7071067811865476 0.7071067811865476
vn 0 0 -1
vn 1 0 0
vn -1 0 0
vn 0 1 0
vn 0 -1 0
vn 0 0 1
vn 0 0 -1
vn 1 0 0
vn -1 0 0
vn 0 1 0
vn 0 -1 0
vn 0 0 1
vn 0 0 -1
vn 1 0 0
vn -1 0 0
vn 0 1 0
vn 0 -0.7071067811865476 0.7071067811865476
vn 0 0 -1
vn 0.9567521361388583 0 -0.29090436571789613
vn -0.9567521361388583 0 0.29090436571789613
vn 0 0.9909924304103234 -0.13391789600139506
vn 0 -0.9909924304103234 0.133917896001395
vn 0 0 1
vn 0 0 -1
vn 0.9567521361388583 0 0.29090436571789613
vn -0.9567521361388583 0 -0.29090436571789613
vn 0 0.9909924304103234 -0.133917896001395
vn 0 -0.9909924304103234 0.13391789600139506
vn 0 0 1
vn 0 0 -1
vn 1 0 0
vn -1 0 0
vn 0 1 0
vn 0 -1 0
vn 0 0 1
vn 0 0 -1
vn 1 0 0
vn -1 0 0
vn 0 0.9848077530122082 0.1736481776669296
vn 0 -0.9848077530122082 -0.17364817766693028
vn 0 -0.17364817766693041 0.9848077530122082
vn 0 0.17364817766693091 -0.984807753012208
vn 1 0 0
vn -1 0 0
vn 0 1 0
vn 0 -1 0
vn 0 0 1
vn 0 0 -1
usemtl m_3d215661-f591-00a8-53e2-d8d611c756be
f 4/1/1 2/2/1 1/3/1 3/4/1
f 7/5/2 5/6/2 6/7/2 8/8/2
f 1/9/3 2/10/3 6/11/3 5/12/3
f 4/13/4 3/14/4 7/15/4 8/16/4
f 3/17/5 1/18/5 5/19/5 7/20/5
f 8/21/6 6/22/6 2/23/6 4/24/6
f 9/25/7 10/26/7 12/27/7 11/28/7
f 14/29/8 13/30/8 15/31/8 16/32/8
f 14/33/9 10/34/9 9/35/9 13/36/9
f 15/37/10 11/38/10 12/39/10 16/40/10
f 13/41/11 9/42/11 11/43/11 15/44/11
f 10/45/12 14/46/12 16/47/12 12/48/12
f 17/49/13 18/50/13 20/51/13 19/52/13
f 22/53/14 21/54/14 23/55/14 24/56/14
f 22/57/15 18/58/15 17/59/15 21/60/15
f 23/61/16 19/62/16 20/63/16 24/64/16
f 21/65/17 17/66/17 19/67/17 23/68/17
f 18/69/18 22/70/18 24/71/18 20/72/18
f 25/73/19 26/74/19 28/75/19 27/76/19
f 30/77/20 29/78/20 31/79/20 32/80/20
f 30/81/21 26/82/21 25/83/21 29/84/21
f 31/85/22 27/86/22 28/87/22 32/88/22
f 29/89/23 25/90/23 27/91/23 31/92/23
f 26/93/24 30/94/24 32/95/24 28/96/24
f 36/97/25 34/98/25 33/99/25 35/100/25
f 39/101/26 37/102/26 38/103/26 40/104/26
f 33/105/27 34/106/27 38/107/27 37/108/27
f 36/109/28 35/110/28 39/111/28 40/112/28
f 35/113/29 33/114/29 37/115/29 39/116/29
f 40/117/30 38/118/30 34/119/30 36/120/30
f 44/121/31 42/122/31 41/123/31 43/124/31
f 47/125/32 45/126/32 46/127/32 48/128/32
f 41/129/33 42/130/33 46/131/33 45/132/33
f 44/133/34 43/134/34 47/135/34 48/136/34
f 43/137/35 41/138/35 45/139/35 47/140/35
f 48/141/36 46/142/36 42/143/36 44/144/36
f 52/145/37 50/146/37 49/147/37 51/148/37
f 55/149/38 53/150/38 54/151/38 56/152/38
f 49/153/39 50/154/39 54/155/39 53/156/39
f 52/157/40 51/158/40 55/159/40 56/160/40
f 51/161/41 49/162/41 53/163/41 55/164/41
f 56/165/42 54/166/42 50/167/42 52/168/42
f 60/169/43 58/170/43 57/171/43 59/172/43
f 63/173/44 61/174/44 62/175/44 64/176/44
f 57/177/45 58/178/45 62/179/45 61/180/45
f 60/181/46 59/182/46 63/183/46 64/184/46
f 59/185/47 57/186/47 61/187/47 63/188/47
f 64/189/48 62/190/48 58/191/48 60/192/48
f 68/193/49 66/194/49 65/195/49 67/196/49
f 71/197/50 69/198/50 70/199/50 72/200/50
f 65/201/51 66/202/51 70/203/51 69/204/51
f 68/205/52 67/206/52 71/207/52 72/208/52
f 67/209/53 65/210/53 69/211/53 71/212/53
f 72/213/54 70/214/54 66/215/54 68/216/54
usemtl m_409504fd-f58c-4195-329e-2b61b82ac830
f 75/217/55 76/218/55 73/219/55
f 76/220/56 77/221/56 73/222/56
f 77/223/57 78/224/57 73/225/57
f 78/226/58 79/227/58 73/228/58
f 79/229/59 80/230/59 73/231/59
f 80/232/60 81/233/60 73/234/60
f 81/235/61 82/236/61 73/237/61
f 82/238/62 83/239/62 73/240/62
f 83/241/63 84/242/63 73/243/63
f 84/244/64 85/245/64 73/246/64
f 85/247/65 74/248/65 73/249/65
f 74/250/66 75/251/66 73/252/66
usemtl m_3d215661-f591-00a8-53e2-d8d611c756be
f 86/253/67 90/254/67 91/255/67 87/256/67
f 89/257/68 93/258/68 92/259/68 88/260/68
f 88/261/69 92/262/69 90/263/69 86/264/69
f 87/265/70 91/266/70 93/267/70 89/268/70
f 90/269/71 94/270/71 95/271/71 91/272/71
f 93/273/72 97/274/72 96/275/72 92/276/72
f 92/277/73 96/278/73 94/279/73 90/280/73
f 91/281/74 95/282/74 97/283/74 93/284/74
f 94/285/75 98/286/75 99/287/75 95/288/75
f 97/289/76 101/290/76 100/291/76 96/292/76
f 96/293/77 100/294/77 98/295/77 94/296/77
f 95/297/78 99/298/78 101/299/78 97/300/78
f 98/301/79 102/302/79 103/303/79 99/304/79
f 101/305/80 105/306/80 104/307/80 100/308/80
f 100/309/81 104/310/81 102/311/81 98/312/81
f 99/313/82 103/314/82 105/315/82 101/316/82
f 102/317/83 106/318/83 107/319/83 103/320/83
f 105/321/84 109/322/84 108/323/84 104/324/84
f 104/325/85 108/326/85 106/327/85 102/328/85
f 103/329/86 107/330/86 109/331/86 105/332/86
f 106/333/87 110/334/87 111/335/87 107/336/87
f 109/337/88 113/338/88 112/339/88 108/340/88
f 108/341/89 112/342/89 110/343/89 106/344/89
f 107/345/90 111/346/90 113/347/90 109/348/90
f 110/349/91 114/350/91 115/351/91 111/352/91
f 113/353/92 117/354/92 116/355/92 112/356/92
f 112/357/93 116/358/93 114/359/93 110/360/93
f 111/361/94 115/362/94 117/363/94 113/364/94
f 114/365/95 118/366/95 119/367/95 115/368/95
f 117/369/96 121/370/96 120/371/96 116/372/96
f 116/373/97 120/374/97 118/375/97 114/376/97
f 115/377/98 119/378/98 121/379/98 117/380/98
f 118/381/99 122/382/99 123/383/99 119/384/99
f 121/385/100 125/386/100 124/387/100 120/388/100
f 120/389/101 124/390/101 122/391/101 118/392/101
f 119/393/102 123/394/102 125/395/102 121/396/102
f 122/397/103 126/398/103 127/399/103 123/400/103
f 125/401/104 129/402/104 128/403/104 124/404/104
f 124/405/105 128/406/105 126/407/105 122/408/105
f 123/409/106 127/410/106 129/411/106 125/412/106
f 126/413/107 130/414/107 131/415/107 127/416/107
f 129/417/108 133/418/108 132/419/108 128/420/108
f 128/421/109 132/422/109 130/423/109 126/424/109
f 127/425/110 131/426/110 133/427/110 129/428/110
f 130/429/111 86/430/111 87/431/111 131/432/111
f 133/433/112 89/434/112 88/435/112 132/436/112
f 132/437/113 88/438/113 86/439/113 130/440/113
f 131/441/114 87/442/114 89/443/114 133/444/114
f 137/445/115 135/446/115 134/447/115 136/448/115
f 140/449/116 138/450/116 139/451/116 141/452/116
f 134/453/117 135/454/117 139/455/117 138/456/117
f 137/457/118 136/458/118 140/459/118 141/460/118
f 136/461/119 134/462/119 138/463/119 140/464/119
f 141/465/120 139/466/120 135/467/120 137/468/120
f 145/469/121 143/470/121 142/471/121 144/472/121
f 148/473/122 146/474/122 147/475/122 149/476/122
f 142/477/123 143/478/123 147/479/123 146/480/123
f 145/481/124 144/482/124 148/483/124 149/484/124
f 144/485/125 142/486/125 146/487/125 148/488/125
f 149/489/126 147/490/126 143/491/126 145/492/126
f 153/493/127 151/494/127 150/495/127 152/496/127
f 156/497/128 154/498/128 155/499/128 157/500/128
f 150/501/129 151/502/129 155/503/129 154/504/129
f 153/505/130 152/506/130 156/507/130 157/508/130
f 152/509/131 150/510/131 154/511/131 156/512/131
f 157/513/132 155/514/132 151/515/132 153/516/132
f 161/517/133 159/518/133 158/519/133 160/520/133
f 164/521/134 162/522/134 163/523/134 165/524/134
f 158/525/135 159/526/135 163/527/135 162/528/135
f 161/529/136 160/530/136 164/531/136 165/532/136
f 160/533/137 158/534/137 162/535/137 164/536/137
f 165/537/138 163/538/138 159/539/138 161/540/138
f 166/541/139 167/542/139 169/543/139 168/544/139
f 171/545/140 170/546/140 172/547/140 173/548/140
f 171/549/141 167/550/141 166/551/141 170/552/141
f 172/553/142 168/554/142 169/555/142 173/556/142
f 170/557/143 166/558/143 168/559/143 172/560/143
f 167/561/144 171/562/144 173/563/144 169/564/144
f 174/565/145 175/566/145 177/567/145 176/568/145
f 179/569/146 178/570/146 180/571/146 181/572/146
f 179/573/147 175/574/147 174/575/147 178/576/147
f 180/577/148 176/578/148 177/579/148 181/580/148
f 178/581/149 174/582/149 176/583/149 180/584/149
f 175/585/150 179/586/150 181/587/150 177/588/150
f 182/589/151 183/590/151 185/591/151 184/592/151
f 187/593/152 186/594/152 188/595/152 189/596/152
f 187/597/153 183/598/153 182/599/153 186/600/153
f 188/601/154 184/602/154 185/603/154 189/604/154
f 186/605/155 182/606/155 184/607/155 188/608/155
f 183/609/156 187/610/156 189/611/156 185/612/156
f 193/613/157 191/614/157 190/615/157 192/616/157
f 196/617/158 194/618/158 195/619/158 197/620/158
f 190/621/159 191/622/159 195/623/159 194/624/159
f 193/625/160 192/626/160 196/627/160 197/628/160
f 192/629/161 190/630/161 194/631/161 196/632/161
f 197/633/162 195/634/162 191/635/162 193/636/162
f 201/637/163 199/638/163 198/639/163 200/640/163
f 204/641/164 202/642/164 203/643/164 205/644/164
f 198/645/165 199/646/165 203/647/165 202/648/165
f 201/649/166 200/650/166 204/651/166 205/652/166
f 200/653/167 198/654/167 202/655/167 204/656/167
f 205/657/168 203/658/168 199/659/168 201/660/168
f 209/661/169 207/662/169 206/663/169 208/664/169
f 212/665/170 210/666/170 211/667/170 213/668/170
f 206/669/171 207/670/171 211/671/171 210/672/171
f 209/673/172 208/674/172 212/675/172 213/676/172
f 208/677/173 206/678/173 210/679/173 212/680/173
f 213/681/174 211/682/174 207/683/174 209/684/174
f 217/685/175 215/686/175 214/687/175 216/688/175
f 220/689/176 218/690/176 219/691/176 221/692/176
f 214/693/177 215/694/177 219/695/177 218/696/177
f 217/697/178 216/698/178 220/699/178 221/700/178
f 216/701/179 214/702/179 218/703/179 220/704/179
f 221/705/180 219/706/180 215/707/180 217/708/180
f 222/709/181 223/710/181 225/711/181 224/712/181
f 227/713/182 226/714/182 228/715/182 229/716/182
f 227/717/183 223/718/183 222/719/183 226/720/183
f 228/721/184 224/722/184 225/723/184 229/724/184
f 226/725/185 222/726/185 224/727/185 228/728/185
f 223/729/186 227/730/186 229/731/186 225/732/186
f 230/733/187 231/734/187 233/735/187 232/736/187
f 235/737/188 234/738/188 236/739/188 237/740/188
f 235/741/189 231/742/189 230/743/189 234/744/189
f 236/745/190 232/746/190 233/747/190 237/748/190
f 234/749/191 230/750/191 232/751/191 236/752/191
f 231/753/192 235/754/192 237/755/192 233/756/192
f 238/757/193 239/758/193 241/759/193 240/760/193
f 243/761/194 242/762/194 244/763/194 245/764/194
f 243/765/195 239/766/195 238/767/195 242/768/195
f 244/769/196 240/770/196 241/771/196 245/772/196
f 242/773/197 238/774/197 240/775/197 244/776/197
f 239/777/198 243/778/198 245/779/198 241/780/198
usemtl m_409504fd-f58c-4195-329e-2b61b82ac830
f 248/781/199 249/782/199 246/783/199
f 249/784/200 250/785/200 246/786/200
f 250/787/201 251/788/201 246/789/201
f 251/790/202 252/791/202 246/792/202
f 252/793/203 253/794/203 246/795/203
f 253/796/204 254/797/204 246/798/204
f 254/799/205 255/800/205 246/801/205
f 255/802/206 256/803/206 246/804/206
f 256/805/207 257/806/207 246/807/207
f 257/808/208 258/809/208 246/810/208
f 258/811/209 247/812/209 246/813/209
f 247/814/210 248/815/210 246/816/210
usemtl m_3d215661-f591-00a8-53e2-d8d611c756be
f 259/817/211 263/818/211 264/819/211 260/820/211
f 262/821/212 266/822/212 265/823/212 261/824/212
f 261/825/213 265/826/213 263/827/213 259/828/213
f 260/829/214 264/830/214 266/831/214 262/832/214
f 263/833/215 267/834/215 268/835/215 264/836/215
f 266/837/216 270/838/216 269/839/216 265/840/216
f 265/841/217 269/842/217 267/843/217 263/844/217
f 264/845/218 268/846/218 270/847/218 266/848/218
f 267/849/219 271/850/219 272/851/219 268/852/219
f 270/853/220 274/854/220 273/855/220 269/856/220
f 269/857/221 273/858/221 271/859/221 267/860/221
f 268/861/222 272/862/222 274/863/222 270/864/222
f 271/865/223 275/866/223 276/867/223 272/868/223
f 274/869/224 278/870/224 277/871/224 273/872/224
f 273/873/225 277/874/225 275/875/225 271/876/225
f 272/877/226 276/878/226 278/879/226 274/880/226
f 275/881/227 279/882/227 280/883/227 276/884/227
f 278/885/228 282/886/228 281/887/228 277/888/228
f 277/889/229 281/890/229 279/891/229 275/892/229
f 276/893/230 280/894/230 282/895/230 278/896/230
f 279/897/231 283/898/231 284/899/231 280/900/231
f 282/901/232 286/902/232 285/903/232 281/904/232
f 281/905/233 285/906/233 283/907/233 279/908/233
f 280/909/234 284/910/234 286/911/234 282/912/234
f 283/913/235 287/914/235 288/915/235 284/916/235
f 286/917/236 290/918/236 289/919/236 285/920/236
f 285/921/237 289/922/237 287/923/237 283/924/237
f 284/925/238 288/926/238 290/927/238 286/928/238
f 287/929/239 291/930/239 292/931/239 288/932/239
f 290/933/240 294/934/240 293/935/240 289/936/240
f 289/937/241 293/938/241 291/939/241 287/940/241
f 288/941/242 292/942/242 294/943/242 290/944/242
f 291/945/243 295/946/243 296/947/243 292/948/243
f 294/949/244 298/950/244 297/951/244 293/952/244
f 293/953/245 297/954/245 295/955/245 291/956/245
f 292/957/246 296/958/246 298/959/246 294/960/246
f 295/961/247 299/962/247 300/963/247 296/964/247
f 298/965/248 302/966/248 301/967/248 297/968/248
f 297/969/249 301/970/249 299/971/249 295/972/249
f 296/973/250 300/974/250 302/975/250 298/976/250
f 299/977/251 303/978/251 304/979/251 300/980/251
f 302/981/252 306/982/252 305/983/252 301/984/252
f 301/985/253 305/986/253 303/987/253 299/988/253
f 300/989/254 304/990/254 306/991/254 302/992/254
f 303/993/255 259/994/255 260/995/255 304/996/255
f 306/997/256 262/998/256 261/999/256 305/1000/256
f 305/1001/257 261/1002/257 259/1003/257 303/1004/257
f 304/1005/258 260/1006/258 262/1007/258 306/1008/258
f 310/1009/259 308/1010/259 307/1011/259 309/1012/259
f 313/1013/260 311/1014/260 312/1015/260 314/1016/260
f 307/1017/261 308/1018/261 312/1019/261 311/1020/261
f 310/1021/262 309/1022/262 313/1023/262 314/1024/262
f 309/1025/263 307/1026/263 311/1027/263 313/1028/263
f 314/1029/264 312/1030/264 308/1031/264 310/1032/264
f 318/1033/265 316/1034/265 315/1035/265 317/1036/265
f 321/1037/266 319/1038/266 320/1039/266 322/1040/266
f 315/1041/267 316/1042/267 320/1043/267 319/1044/267
f 318/1045/268 317/1046/268 321/1047/268 322/1048/268
f 317/1049/269 315/1050/269 319/1051/269 321/1052/269
f 322/1053/270 320/1054/270 316/1055/270 318/1056/270
f 326/1057/271 324/1058/271 323/1059/271 325/1060/271
f 329/1061/272 327/1062/272 328/1063/272 330/1064/272
f 323/1065/273 324/1066/273 328/1067/273 327/1068/273
f 326/1069/274 325/1070/274 329/1071/274 330/1072/274
f 325/1073/275 323/1074/275 327/1075/275 329/1076/275
f 330/1077/276 328/1078/276 324/1079/276 326/1080/276
f 334/1081/277 332/1082/277 331/1083/277 333/1084/277
f 337/1085/278 335/1086/278 336/1087/278 338/1088/278
f 331/1089/279 332/1090/279 336/1091/279 335/1092/279
f 334/1093/280 333/1094/280 337/1095/280 338/1096/280
f 333/1097/281 331/1098/281 335/1099/281 337/1100/281
f 338/1101/282 336/1102/282 332/1103/282 334/1104/282
f 339/1105/283 340/1106/283 342/1107/283 341/1108/283
f 344/1109/284 343/1110/284 345/1111/284 346/1112/284
f 344/1113/285 340/1114/285 339/1115/285 343/1116/285
f 345/1117/286 341/1118/286 342/1119/286 346/1120/286
f 343/1121/287 339/1122/287 341/1123/287 345/1124/287
f 340/1125/288 344/1126/288 346/1127/288 342/1128/288
f 347/1129/289 348/1130/289 350/1131/289 349/1132/289
f 352/1133/290 351/1134/290 353/1135/290 354/1136/290
f 352/1137/291 348/1138/291 347/1139/291 351/1140/291
f 353/1141/292 349/1142/292 350/1143/292 354/1144/292
f 351/1145/293 347/1146/293 349/1147/293 353/1148/293
f 348/1149/294 352/1150/294 354/1151/294 350/1152/294
f 355/1153/295 356/1154/295 358/1155/295 357/1156/295
f 360/1157/296 359/1158/296 361/1159/296 362/1160/296
f 360/1161/297 356/1162/297 355/1163/297 359/1164/297
f 361/1165/298 357/1166/298 358/1167/298 362/1168/298
f 359/1169/299 355/1170/299 357/1171/299 361/1172/299
f 356/1173/300 360/1174/300 362/1175/300 358/1176/300
usemtl m_409504fd-f58c-4195-329e-2b61b82ac830
f 365/1177/301 366/1178/301 363/1179/301
f 366/1180/302 367/1181/302 363/1182/302
f 367/1183/303 368/1184/303 363/1185/303
f 368/1186/304 369/1187/304 363/1188/304
f 369/1189/305 370/1190/305 363/1191/305
f 370/1192/306 371/1193/306 363/1194/306
f 371/1195/307 372/1196/307 363/1197/307
f 372/1198/308 373/1199/308 363/1200/308
f 373/1201/309 374/1202/309 363/1203/309
f 374/1204/310 375/1205/310 363/1206/310
f 375/1207/311 364/1208/311 363/1209/311
f 364/1210/312 365/1211/312 363/1212/312
usemtl m_3d215661-f591-00a8-53e2-d8d611c756be
f 376/1213/313 380/1214/313 381/1215/313 377/1216/313
f 379/1217/314 383/1218/314 382/1219/314 378/1220/314
f 378/1221/315 382/1222/315 380/1223/315 376/1224/315
f 377/1225/316 381/1226/316 383/1227/316 379/1228/316
f 380/1229/317 384/1230/317 385/1231/317 381/1232/317
f 383/1233/318 387/1234/318 386/1235/318 382/1236/318
f 382/1237/319 386/1238/319 384/1239/319 380/1240/319
f 381/1241/320 385/1242/320 387/1243/320 383/1244/320
f 384/1245/321 388/1246/321 389/1247/321 385/1248/321
f 387/1249/322 391/1250/322 390/1251/322 386/1252/322
f 386/1253/323 390/1254/323 388/1255/323 384/1256/323
f 385/1257/324 389/1258/324 391/1259/324 387/1260/324
f 388/1261/325 392/1262/325 393/1263/325 389/1264/325
f 391/1265/326 395/1266/326 394/1267/326 390/1268/326
f 390/1269/327 394/1270/327 392/1271/327 388/1272/327
f 389/1273/328 393/1274/328 395/1275/328 391/1276/328
f 392/1277/329 396/1278/329 397/1279/329 393/1280/329
f 395/1281/330 399/1282/330 398/1283/330 394/1284/330
f 394/1285/331 398/1286/331 396/1287/331 392/1288/331
f 393/1289/332 397/1290/332 399/1291/332 395/1292/332
f 396/1293/333 400/1294/333 401/1295/333 397/1296/333
f 399/1297/334 403/1298/334 402/1299/334 398/1300/334
f 398/1301/335 402/1302/335 400/1303/335 396/1304/335
f 397/1305/336 401/1306/336 403/1307/336 399/1308/336
f 400/1309/337 404/1310/337 405/1311/337 401/1312/337
f 403/1313/338 407/1314/338 406/1315/338 402/1316/338
f 402/1317/339 406/1318/339 404/1319/339 400/1320/339
f 401/1321/340 405/1322/340 407/1323/340 403/1324/340
f 404/1325/341 408/1326/341 409/1327/341 405/1328/341
f 407/1329/342 411/1330/342 410/1331/342 406/1332/342
f 406/1333/343 410/1334/343 408/1335/343 404/1336/343
f 405/1337/344 409/1338/344 411/1339/344 407/1340/344
f 408/1341/345 412/1342/345 413/1343/345 409/1344/345
f 411/1345/346 415/1346/346 414/1347/346 410/1348/346
f 410/1349/347 414/1350/347 412/1351/347 408/1352/347
f 409/1353/348 413/1354/348 415/1355/348 411/1356/348
f 412/1357/349 416/1358/349 417/1359/349 413/1360/349
f 415/1361/350 419/1362/350 418/1363/350 414/1364/350
f 414/1365/351 418/1366/351 416/1367/351 412/1368/351
f 413/1369/352 417/1370/352 419/1371/352 415/1372/352
f 416/1373/353 420/1374/353 421/1375/353 417/1376/353
f 419/1377/354 423/1378/354 422/1379/354 418/1380/354
f 418/1381/355 422/1382/355 420/1383/355 416/1384/355
f 417/1385/356 421/1386/356 423/1387/356 419/1388/356
f 420/1389/357 376/1390/357 377/1391/357 421/1392/357
f 423/1393/358 379/1394/358 378/1395/358 422/1396/358
f 422/1397/359 378/1398/359 376/1399/359 420/1400/359
f 421/1401/360 377/1402/360 379/1403/360 423/1404/360
f 427/1405/361 425/1406/361 424/1407/361 426/1408/361
f 430/1409/362 428/1410/362 429/1411/362 431/1412/362
f 424/1413/363 425/1414/363 429/1415/363 428/1416/363
f 427/1417/364 426/1418/364 430/1419/364 431/1420/364
f 426/1421/365 424/1422/365 428/1423/365 430/1424/365
f 431/1425/366 429/1426/366 425/1427/366 427/1428/366
f 435/1429/367 433/1430/367 432/1431/367 434/1432/367
f 438/1433/368 436/1434/368 437/1435/368 439/1436/368
f 432/1437/369 433/1438/369 437/1439/369 436/1440/369
f 435/1441/370 434/1442/370 438/1443/370 439/1444/370
f 434/1445/371 432/1446/371 436/1447/371 438/1448/371
f 439/1449/372 437/1450/372 433/1451/372 435/1452/372
f 443/1453/373 441/1454/373 440/1455/373 442/1456/373
f 446/1457/374 444/1458/374 445/1459/374 447/1460/374
f 440/1461/375 441/1462/375 445/1463/375 444/1464/375
f 443/1465/376 442/1466/376 446/1467/376 447/1468/376
f 442/1469/377 440/1470/377 444/1471/377 446/1472/377
f 447/1473/378 445/1474/378 441/1475/378 443/1476/378
f 451/1477/379 449/1478/379 448/1479/379 450/1480/379
f 454/1481/380 452/1482/380 453/1483/380 455/1484/380
f 448/1485/381 449/1486/381 453/1487/381 452/1488/381
f 451/1489/382 450/1490/382 454/1491/382 455/1492/382
f 450/1493/383 448/1494/383 452/1495/383 454/1496/383
f 455/1497/384 453/1498/384 449/1499/384 451/1500/384
f 456/1501/385 457/1502/385 459/1503/385 458/1504/385
f 461/1505/386 460/1506/386 462/1507/386 463/1508/386
f 461/1509/387 457/1510/387 456/1511/387 460/1512/387
f 462/1513/388 458/1514/388 459/1515/388 463/1516/388
f 460/1517/389 456/1518/389 458/1519/389 462/1520/389
f 457/1521/390 461/1522/390 463/1523/390 459/1524/390
f 464/1525/391 465/1526/391 467/1527/391 466/1528/391
f 469/1529/392 468/1530/392 470/1531/392 471/1532/392
f 469/1533/393 465/1534/393 464/1535/393 468/1536/393
f 470/1537/394 466/1538/394 467/1539/394 471/1540/394
f 468/1541/395 464/1542/395 466/1543/395 470/1544/395
f 465/1545/396 469/1546/396 471/1547/396 467/1548/396
f 472/1549/397 473/1550/397 475/1551/397 474/1552/397
f 477/1553/398 476/1554/398 478/1555/398 479/1556/398
f 477/1557/399 473/1558/399 472/1559/399 476/1560/399
f 478/1561/400 474/1562/400 475/1563/400 479/1564/400
f 476/1565/401 472/1566/401 474/1567/401 478/1568/401
f 473/1569/402 477/1570/402 479/1571/402 475/1572/402
usemtl m_409504fd-f58c-4195-329e-2b61b82ac830
f 482/1573/403 483/1574/403 480/1575/403
f 483/1576/404 484/1577/404 480/1578/404
f 484/1579/405 485/1580/405 480/1581/405
f 485/1582/406 486/1583/406 480/1584/406
f 486/1585/407 487/1586/407 480/1587/407
f 487/1588/408 488/1589/408 480/1590/408
f 488/1591/409 489/1592/409 480/1593/409
f 489/1594/410 490/1595/410 480/1596/410
f 490/1597/411 491/1598/411 480/1599/411
f 491/1600/412 492/1601/412 480/1602/412
f 492/1603/413 481/1604/413 480/1605/413
f 481/1606/414 482/1607/414 480/1608/414
usemtl m_3d215661-f591-00a8-53e2-d8d611c756be
f 493/1609/415 497/1610/415 498/1611/415 494/1612/415
f 496/1613/416 500/1614/416 499/1615/416 495/1616/416
f 495/1617/417 499/1618/417 497/1619/417 493/1620/417
f 494/1621/418 498/1622/418 500/1623/418 496/1624/418
f 497/1625/419 501/1626/419 502/1627/419 498/1628/419
f 500/1629/420 504/1630/420 503/1631/420 499/1632/420
f 499/1633/421 503/1634/421 501/1635/421 497/1636/421
f 498/1637/422 502/1638/422 504/1639/422 500/1640/422
f 501/1641/423 505/1642/423 506/1643/423 502/1644/423
f 504/1645/424 508/1646/424 507/1647/424 503/1648/424
f 503/1649/425 507/1650/425 505/1651/425 501/1652/425
f 502/1653/426 506/1654/426 508/1655/426 504/1656/426
f 505/1657/427 509/1658/427 510/1659/427 506/1660/427
f 508/1661/428 512/1662/428 511/1663/428 507/1664/428
f 507/1665/429 511/1666/429 509/1667/429 505/1668/429
f 506/1669/430 510/1670/430 512/1671/430 508/1672/430
f 509/1673/431 513/1674/431 514/1675/431 510/1676/431
f 512/1677/432 516/1678/432 515/1679/432 511/1680/432
f 511/1681/433 515/1682/433 513/1683/433 509/1684/433
f 510/1685/434 514/1686/434 516/1687/434 512/1688/434
f 513/1689/435 517/1690/435 518/1691/435 514/1692/435
f 516/1693/436 520/1694/436 519/1695/436 515/1696/436
f 515/1697/437 519/1698/437 517/1699/437 513/1700/437
f 514/1701/438 518/1702/438 520/1703/438 516/1704/438
f 517/1705/439 521/1706/439 522/1707/439 518/1708/439
f 520/1709/440 524/1710/440 523/1711/440 519/1712/440
f 519/1713/441 523/1714/441 521/1715/441 517/1716/441
f 518/1717/442 522/1718/442 524/1719/442 520/1720/442
f 521/1721/443 525/1722/443 526/1723/443 522/1724/443
f 524/1725/444 528/1726/444 527/1727/444 523/1728/444
f 523/1729/445 527/1730/445 525/1731/445 521/1732/445
f 522/1733/446 526/1734/446 528/1735/446 524/1736/446
f 525/1737/447 529/1738/447 530/1739/447 526/1740/447
f 528/1741/448 532/1742/448 531/1743/448 527/1744/448
f 527/1745/449 531/1746/449 529/1747/449 525/1748/449
f 526/1749/450 530/1750/450 532/1751/450 528/1752/450
f 529/1753/451 533/1754/451 534/1755/451 530/1756/451
f 532/1757/452 536/1758/452 535/1759/452 531/1760/452
f 531/1761/453 535/1762/453 533/1763/453 529/1764/453
f 530/1765/454 534/1766/454 536/1767/454 532/1768/454
f 533/1769/455 537/1770/455 538/1771/455 534/1772/455
f 536/1773/456 540/1774/456 539/1775/456 535/1776/456
f 535/1777/457 539/1778/457 537/1779/457 533/1780/457
f 534/1781/458 538/1782/458 540/1783/458 536/1784/458
f 537/1785/459 493/1786/459 494/1787/459 538/1788/459
f 540/1789/460 496/1790/460 495/1791/460 539/1792/460
f 539/1793/461 495/1794/461 493/1795/461 537/1796/461
f 538/1797/462 494/1798/462 496/1799/462 540/1800/462
usemtl m_409504fd-f58c-4195-329e-2b61b82ac830
f 543/1801/463 544/1802/463 541/1803/463
f 544/1804/464 545/1805/464 541/1806/464
f 545/1807/465 546/1808/465 541/1809/465
f 546/1810/466 547/1811/466 541/1812/466
f 547/1813/467 548/1814/467 541/1815/467
f 548/1816/468 549/1817/468 541/1818/468
f 549/1819/469 550/1820/469 541/1821/469
f 550/1822/470 551/1823/470 541/1824/470
f 551/1825/471 552/1826/471 541/1827/471
f 552/1828/472 553/1829/472 541/1830/472
f 553/1831/473 542/1832/473 541/1833/473
f 542/1834/474 543/1835/474 541/1836/474
usemtl m_3d215661-f591-00a8-53e2-d8d611c756be
f 554/1837/475 558/1838/475 559/1839/475 555/1840/475
f 557/1841/476 561/1842/476 560/1843/476 556/1844/476
f 556/1845/477 560/1846/477 558/1847/477 554/1848/477
f 555/1849/478 559/1850/478 561/1851/478 557/1852/478
f 558/1853/479 562/1854/479 563/1855/479 559/1856/479
f 561/1857/480 565/1858/480 564/1859/480 560/1860/480
f 560/1861/481 564/1862/481 562/1863/481 558/1864/481
f 559/1865/482 563/1866/482 565/1867/482 561/1868/482
f 562/1869/483 566/1870/483 567/1871/483 563/1872/483
f 565/1873/484 569/1874/484 568/1875/484 564/1876/484
f 564/1877/485 568/1878/485 566/1879/485 562/1880/485
f 563/1881/486 567/1882/486 569/1883/486 565/1884/486
f 566/1885/487 570/1886/487 571/1887/487 567/1888/487
f 569/1889/488 573/1890/488 572/1891/488 568/1892/488
f 568/1893/489 572/1894/489 570/1895/489 566/1896/489
f 567/1897/490 571/1898/490 573/1899/490 569/1900/490
f 570/1901/491 574/1902/491 575/1903/491 571/1904/491
f 573/1905/492 577/1906/492 576/1907/492 572/1908/492
f 572/1909/493 576/1910/493 574/1911/493 570/1912/493
f 571/1913/494 575/1914/494 577/1915/494 573/1916/494
f 574/1917/495 578/1918/495 579/1919/495 575/1920/495
f 577/1921/496 581/1922/496 580/1923/496 576/1924/496
f 576/1925/497 580/1926/497 578/1927/497 574/1928/497
f 575/1929/498 579/1930/498 581/1931/498 577/1932/498
f 578/1933/499 582/1934/499 583/1935/499 579/1936/499
f 581/1937/500 585/1938/500 584/1939/500 580/1940/500
f 580/1941/501 584/1942/501 582/1943/501 578/1944/501
f 579/1945/502 583/1946/502 585/1947/502 581/1948/502
f 582/1949/503 586/1950/503 587/1951/503 583/1952/503
f 585/1953/504 589/1954/504 588/1955/504 584/1956/504
f 584/1957/505 588/1958/505 586/1959/505 582/1960/505
f 583/1961/506 587/1962/506 589/1963/506 585/1964/506
f 586/1965/507 590/1966/507 591/1967/507 587/1968/507
f 589/1969/508 593/1970/508 592/1971/508 588/1972/508
f 588/1973/509 592/1974/509 590/1975/509 586/1976/509
f 587/1977/510 591/1978/510 593/1979/510 589/1980/510
f 590/1981/511 594/1982/511 595/1983/511 591/1984/511
f 593/1985/512 597/1986/512 596/1987/512 592/1988/512
f 592/1989/513 596/1990/513 594/1991/513 590/1992/513
f 591/1993/514 595/1994/514 597/1995/514 593/1996/514
f 594/1997/515 598/1998/515 599/1999/515 595/2000/515
f 597/2001/516 601/2002/516 600/2003/516 596/2004/516
f 596/2005/517 600/2006/517 598/2007/517 594/2008/517
f 595/2009/518 599/2010/518 601/2011/518 597/2012/518
f 598/2013/519 554/2014/519 555/2015/519 599/2016/519
f 601/2017/520 557/2018/520 556/2019/520 600/2020/520
f 600/2021/521 556/2022/521 554/2023/521 598/2024/521
f 599/2025/522 555/2026/522 557/2027/522 601/2028/522
f 605/2029/523 603/2030/523 602/2031/523 604/2032/523
f 608/2033/524 606/2034/524 607/2035/524 609/2036/524
f 602/2037/525 603/2038/525 607/2039/525 606/2040/525
f 605/2041/526 604/2042/526 608/2043/526 609/2044/526
f 604/2045/527 602/2046/527 606/2047/527 608/2048/527
f 609/2049/528 607/2050/528 603/2051/528 605/2052/528
f 610/2053/529 611/2054/529 613/2055/529 612/2056/529
f 615/2057/530 614/2058/530 616/2059/530 617/2060/530
f 615/2061/531 611/2062/531 610/2063/531 614/2064/531
f 616/2065/532 612/2066/532 613/2067/532 617/2068/532
f 614/2069/533 610/2070/533 612/2071/533 616/2072/533
f 611/2073/534 615/2074/534 617/2075/534 613/2076/534
f 618/2077/535 619/2078/535 621/2079/535 620/2080/535
f 623/2081/536 622/2082/536 624/2083/536 625/2084/536
f 623/2085/537 619/2086/537 618/2087/537 622/2088/537
f 624/2089/538 620/2090/538 621/2091/538 625/2092/538
f 622/2093/539 618/2094/539 620/2095/539 624/2096/539
f 619/2097/540 623/2098/540 625/2099/540 621/2100/540
f 626/2101/541 627/2102/541 629/2103/541 628/2104/541
f 631/2105/542 630/2106/542 632/2107/542 633/2108/542
f 631/2109/543 627/2110/543 626/2111/543 630/2112/543
f 632/2113/544 628/2114/544 629/2115/544 633/2116/544
f 630/2117/545 626/2118/545 628/2119/545 632/2120/545
f 627/2121/546 631/2122/546 633/2123/546 629/2124/546
f 637/2125/547 635/2126/547 634/2127/547 636/2128/547
f 640/2129/548 638/2130/548 639/2131/548 641/2132/548
f 634/2133/549 635/2134/549 639/2135/549 638/2136/549
f 637/2137/550 636/2138/550 640/2139/550 641/2140/550
f 636/2141/551 634/2142/551 638/2143/551 640/2144/551
f 641/2145/552 639/2146/552 635/2147/552 637/2148/552
f 645/2149/553 643/2150/553 642/2151/553 644/2152/553
f 648/2153/554 646/2154/554 647/2155/554 649/2156/554
f 642/2157/555 643/2158/555 647/2159/555 646/2160/555
f 645/2161/556 644/2162/556 648/2163/556 649/2164/556
f 644/2165/557 642/2166/557 646/2167/557 648/2168/557
f 649/2169/558 647/2170/558 643/2171/558 645/2172/558
f 653/2173/559 651/2174/559 650/2175/559 652/2176/559
f 656/2177/560 654/2178/560 655/2179/560 657/2180/560
f 650/2181/561 651/2182/561 655/2183/561 654/2184/561
f 653/2185/562 652/2186/562 656/2187/562 657/2188/562
f 652/2189/563 650/2190/563 654/2191/563 656/2192/563
f 657/2193/564 655/2194/564 651/2195/564 653/2196/564
usemtl m_409504fd-f58c-4195-329e-2b61b82ac830
f 660/2197/565 661/2198/565 658/2199/565
f 661/2200/566 662/2201/566 658/2202/566
f 662/2203/567 663/2204/567 658/2205/567
f 663/2206/568 664/2207/568 658/2208/568
f 664/2209/569 665/2210/569 658/2211/569
f 665/2212/570 666/2213/570 658/2214/570
f 666/2215/571 667/2216/571 658/2217/571
f 667/2218/572 668/2219/572 658/2220/572
f 668/2221/573 669/2222/573 658/2223/573
f 669/2224/574 670/2225/574 658/2226/574
f 670/2227/575 659/2228/575 658/2229/575
f 659/2230/576 660/2231/576 658/2232/576
usemtl m_3d215661-f591-00a8-53e2-d8d611c756be
f 671/2233/577 675/2234/577 676/2235/577 672/2236/577
f 674/2237/578 678/2238/578 677/2239/578 673/2240/578
f 673/2241/579 677/2242/579 675/2243/579 671/2244/579
f 672/2245/580 676/2246/580 678/2247/580 674/2248/580
f 675/2249/581 679/2250/581 680/2251/581 676/2252/581
f 678/2253/582 682/2254/582 681/2255/582 677/2256/582
f 677/2257/583 681/2258/583 679/2259/583 675/2260/583
f 676/2261/584 680/2262/584 682/2263/584 678/2264/584
f 679/2265/585 683/2266/585 684/2267/585 680/2268/585
f 682/2269/586 686/2270/586 685/2271/586 681/2272/586
f 681/2273/587 685/2274/587 683/2275/587 679/2276/587
f 680/2277/588 684/2278/588 686/2279/588 682/2280/588
f 683/2281/589 687/2282/589 688/2283/589 684/2284/589
f 686/2285/590 690/2286/590 689/2287/590 685/2288/590
f 685/2289/591 689/2290/591 687/2291/591 683/2292/591
f 684/2293/592 688/2294/592 690/2295/592 686/2296/592
f 687/2297/593 691/2298/593 692/2299/593 688/2300/593
f 690/2301/594 694/2302/594 693/2303/594 689/2304/594
f 689/2305/595 693/2306/595 691/2307/595 687/2308/595
f 688/2309/596 692/2310/596 694/2311/596 690/2312/596
f 691/2313/597 695/2314/597 696/2315/597 692/2316/597
f 694/2317/598 698/2318/598 697/2319/598 693/2320/598
f 693/2321/599 697/2322/599 695/2323/599 691/2324/599
f 692/2325/600 696/2326/600 698/2327/600 694/2328/600
f 695/2329/601 699/2330/601 700/2331/601 696/2332/601
f 698/2333/602 702/2334/602 701/2335/602 697/2336/602
f 697/2337/603 701/2338/603 699/2339/603 695/2340/603
f 696/2341/604 700/2342/604 702/2343/604 698/2344/604
f 699/2345/605 703/2346/605 704/2347/605 700/2348/605
f 702/2349/606 706/2350/606 705/2351/606 701/2352/606
f 701/2353/607 705/2354/607 703/2355/607 699/2356/607
f 700/2357/608 704/2358/608 706/2359/608 702/2360/608
f 703/2361/609 707/2362/609 708/2363/609 704/2364/609
f 706/2365/610 710/2366/610 709/2367/610 705/2368/610
f 705/2369/611 709/2370/611 707/2371/611 703/2372/611
f 704/2373/612 708/2374/612 710/2375/612 706/2376/612
f 707/2377/613 711/2378/613 712/2379/613 708/2380/613
f 710/2381/614 714/2382/614 713/2383/614 709/2384/614
f 709/2385/615 713/2386/615 711/2387/615 707/2388/615
f 708/2389/616 712/2390/616 714/2391/616 710/2392/616
f 711/2393/617 715/2394/617 716/2395/617 712/2396/617
f 714/2397/618 718/2398/618 717/2399/618 713/2400/618
f 713/2401/619 717/2402/619 715/2403/619 711/2404/619
f 712/2405/620 716/2406/620 718/2407/620 714/2408/620
f 715/2409/621 671/2410/621 672/2411/621 716/2412/621
f 718/2413/622 674/2414/622 673/2415/622 717/2416/622
f 717/2417/623 673/2418/623 671/2419/623 715/2420/623
f 716/2421/624 672/2422/624 674/2423/624 718/2424/624
f 722/2425/625 720/2426/625 719/2427/625 721/2428/625
f 725/2429/626 723/2430/626 724/2431/626 726/2432/626
f 719/2433/627 720/2434/627 724/2435/627 723/2436/627
f 722/2437/628 721/2438/628 725/2439/628 726/2440/628
f 721/2441/629 719/2442/629 723/2443/629 725/2444/629
f 726/2445/630 724/2446/630 720/2447/630 722/2448/630
f 727/2449/631 728/2450/631 730/2451/631 729/2452/631
f 732/2453/632 731/2454/632 733/2455/632 734/2456/632
f 732/2457/633 728/2458/633 727/2459/633 731/2460/633
f 733/2461/634 729/2462/634 730/2463/634 734/2464/634
f 731/2465/635 727/2466/635 729/2467/635 733/2468/635
f 728/2469/636 732/2470/636 734/2471/636 730/2472/636
f 735/2473/637 736/2474/637 738/2475/637 737/2476/637
f 740/2477/638 739/2478/638 741/2479/638 742/2480/638
f 740/2481/639 736/2482/639 735/2483/639 739/2484/639
f 741/2485/640 737/2486/640 738/2487/640 742/2488/640
f 739/2489/641 735/2490/641 737/2491/641 741/2492/641
f 736/2493/642 740/2494/642 742/2495/642 738/2496/642
f 743/2497/643 744/2498/643 746/2499/643 745/2500/643
f 748/2501/644 747/2502/644 749/2503/644 750/2504/644
f 748/2505/645 744/2506/645 743/2507/645 747/2508/645
f 749/2509/646 745/2510/646 746/2511/646 750/2512/646
f 747/2513/647 743/2514/647 745/2515/647 749/2516/647
f 744/2517/648 748/2518/648 750/2519/648 746/2520/648
f 754/2521/649 752/2522/649 751/2523/649 753/2524/649
f 757/2525/650 755/2526/650 756/2527/650 758/2528/650
f 751/2529/651 752/2530/651 756/2531/651 755/2532/651
f 754/2533/652 753/2534/652 757/2535/652 758/2536/652
f 753/2537/653 751/2538/653 755/2539/653 757/2540/653
f 758/2541/654 756/2542/654 752/2543/654 754/2544/654
f 762/2545/655 760/2546/655 759/2547/655 761/2548/655
f 765/2549/656 763/2550/656 764/2551/656 766/2552/656
f 759/2553/657 760/2554/657 764/2555/657 763/2556/657
f 762/2557/658 761/2558/658 765/2559/658 766/2560/658
f 761/2561/659 759/2562/659 763/2563/659 765/2564/659
f 766/2565/660 764/2566/660 760/2567/660 762/2568/660
f 770/2569/661 768/2570/661 767/2571/661 769/2572/661
f 773/2573/662 771/2574/662 772/2575/662 774/2576/662
f 767/2577/663 768/2578/663 772/2579/663 771/2580/663
f 770/2581/664 769/2582/664 773/2583/664 774/2584/664
f 769/2585/665 767/2586/665 771/2587/665 773/2588/665
f 774/2589/666 772/2590/666 768/2591/666 770/2592/666
usemtl m_409504fd-f58c-4195-329e-2b61b82ac830
f 777/2593/667 778/2594/667 775/2595/667
f 778/2596/668 779/2597/668 775/2598/668
f 779/2599/669 780/2600/669 775/2601/669
f 780/2602/670 781/2603/670 775/2604/670
f 781/2605/671 782/2606/671 775/2607/671
f 782/2608/672 783/2609/672 775/2610/672
f 783/2611/673 784/2612/673 775/2613/673
f 784/2614/674 785/2615/674 775/2616/674
f 785/2617/675 786/2618/675 775/2619/675
f 786/2620/676 787/2621/676 775/2622/676
f 787/2623/677 776/2624/677 775/2625/677
f 776/2626/678 777/2627/678 775/2628/678
usemtl m_3d215661-f591-00a8-53e2-d8d611c756be
f 788/2629/679 792/2630/679 793/2631/679 789/2632/679
f 791/2633/680 795/2634/680 794/2635/680 790/2636/680
f 790/2637/681 794/2638/681 792/2639/681 788/2640/681
f 789/2641/682 793/2642/682 795/2643/682 791/2644/682
f 792/2645/683 796/2646/683 797/2647/683 793/2648/683
f 795/2649/684 799/2650/684 798/2651/684 794/2652/684
f 794/2653/685 798/2654/685 796/2655/685 792/2656/685
f 793/2657/686 797/2658/686 799/2659/686 795/2660/686
f 796/2661/687 800/2662/687 801/2663/687 797/2664/687
f 799/2665/688 803/2666/688 802/2667/688 798/2668/688
f 798/2669/689 802/2670/689 800/2671/689 796/2672/689
f 797/2673/690 801/2674/690 803/2675/690 799/2676/690
f 800/2677/691 804/2678/691 805/2679/691 801/2680/691
f 803/2681/692 807/2682/692 806/2683/692 802/2684/692
f 802/2685/693 806/2686/693 804/2687/693 800/2688/693
f 801/2689/694 805/2690/694 807/2691/694 803/2692/694
f 804/2693/695 808/2694/695 809/2695/695 805/2696/695
f 807/2697/696 811/2698/696 810/2699/696 806/2700/696
f 806/2701/697 810/2702/697 808/2703/697 804/2704/697
f 805/2705/698 809/2706/698 811/2707/698 807/2708/698
f 808/2709/699 812/2710/699 813/2711/699 809/2712/699
f 811/2713/700 815/2714/700 814/2715/700 810/2716/700
f 810/2717/701 814/2718/701 812/2719/701 808/2720/701
f 809/2721/702 813/2722/702 815/2723/702 811/2724/702
f 812/2725/703 816/2726/703 817/2727/703 813/2728/703
f 815/2729/704 819/2730/704 818/2731/704 814/2732/704
f 814/2733/705 818/2734/705 816/2735/705 812/2736/705
f 813/2737/706 817/2738/706 819/2739/706 815/2740/706
f 816/2741/707 820/2742/707 821/2743/707 817/2744/707
f 819/2745/708 823/2746/708 822/2747/708 818/2748/708
f 818/2749/709 822/2750/709 820/2751/709 816/2752/709
f 817/2753/710 821/2754/710 823/2755/710 819/2756/710
f 820/2757/711 824/2758/711 825/2759/711 821/2760/711
f 823/2761/712 827/2762/712 826/2763/712 822/2764/712
f 822/2765/713 826/2766/713 824/2767/713 820/2768/713
f 821/2769/714 825/2770/714 827/2771/714 823/2772/714
f 824/2773/715 828/2774/715 829/2775/715 825/2776/715
f 827/2777/716 831/2778/716 830/2779/716 826/2780/716
f 826/2781/717 830/2782/717 828/2783/717 824/2784/717
f 825/2785/718 829/2786/718 831/2787/718 827/2788/718
f 828/2789/719 832/2790/719 833/2791/719 829/2792/719
f 831/2793/720 835/2794/720 834/2795/720 830/2796/720
f 830/2797/721 834/2798/721 832/2799/721 828/2800/721
f 829/2801/722 833/2802/722 835/2803/722 831/2804/722
f 832/2805/723 788/2806/723 789/2807/723 833/2808/723
f 835/2809/724 791/2810/724 790/2811/724 834/2812/724
f 834/2813/725 790/2814/725 788/2815/725 832/2816/725
f 833/2817/726 789/2818/726 791/2819/726 835/2820/726
f 839/2821/727 837/2822/727 836/2823/727 838/2824/727
f 842/2825/728 840/2826/728 841/2827/728 843/2828/728
f 836/2829/729 837/2830/729 841/2831/729 840/2832/729
f 839/2833/730 838/2834/730 842/2835/730 843/2836/730
f 838/2837/731 836/2838/731 840/2839/731 842/2840/731
f 843/2841/732 841/2842/732 837/2843/732 839/2844/732
f 844/2845/733 845/2846/733 847/2847/733 846/2848/733
f 849/2849/734 848/2850/734 850/2851/734 851/2852/734
f 849/2853/735 845/2854/735 844/2855/735 848/2856/735
f 850/2857/736 846/2858/736 847/2859/736 851/2860/736
f 848/2861/737 844/2862/737 846/2863/737 850/2864/737
f 845/2865/738 849/2866/738 851/2867/738 847/2868/738
f 852/2869/739 853/2870/739 855/2871/739 854/2872/739
f 857/2873/740 856/2874/740 858/2875/740 859/2876/740
f 857/2877/741 853/2878/741 852/2879/741 856/2880/741
f 858/2881/742 854/2882/742 855/2883/742 859/2884/742
f 856/2885/743 852/2886/743 854/2887/743 858/2888/743
f 853/2889/744 857/2890/744 859/2891/744 855/2892/744
f 860/2893/745 861/2894/745 863/2895/745 862/2896/745
f 865/2897/746 864/2898/746 866/2899/746 867/2900/746
f 865/2901/747 861/2902/747 860/2903/747 864/2904/747
f 866/2905/748 862/2906/748 863/2907/748 867/2908/748
f 864/2909/749 860/2910/749 862/2911/749 866/2912/749
f 861/2913/750 865/2914/750 867/2915/750 863/2916/750
f 871/2917/751 869/2918/751 868/2919/751 870/2920/751
f 874/2921/752 872/2922/752 873/2923/752 875/2924/752
f 868/2925/753 869/2926/753 873/2927/753 872/2928/753
f 871/2929/754 870/2930/754 874/2931/754 875/2932/754
f 870/2933/755 868/2934/755 872/2935/755 874/2936/755
f 875/2937/756 873/2938/756 869/2939/756 871/2940/756
f 879/2941/757 877/2942/757 876/2943/757 878/2944/757
f 882/2945/758 880/2946/758 881/2947/758 883/2948/758
f 876/2949/759 877/2950/759 881/2951/759 880/2952/759
f 879/2953/760 878/2954/760 882/2955/760 883/2956/760
f 878/2957/761 876/2958/761 880/2959/761 882/2960/761
f 883/2961/762 881/2962/762 877/2963/762 879/2964/762
f 887/2965/763 885/2966/763 884/2967/763 886/2968/763
f 890/2969/764 888/2970/764 889/2971/764 891/2972/764
f 884/2973/765 885/2974/765 889/2975/765 888/2976/765
f 887/2977/766 886/2978/766 890/2979/766 891/2980/766
f 886/2981/767 884/2982/767 888/2983/767 890/2984/767
f 891/2985/768 889/2986/768 885/2987/768 887/2988/768
usemtl m_409504fd-f58c-4195-329e-2b61b82ac830
f 894/2989/769 895/2990/769 892/2991/769
f 895/2992/770 896/2993/770 892/2994/770
f 896/2995/771 897/2996/771 892/2997/771
f 897/2998/772 898/2999/772 892/3000/772
f 898/3001/773 899/3002/773 892/3003/773
f 899/3004/774 900/3005/774 892/3006/774
f 900/3007/775 901/3008/775 892/3009/775
f 901/3010/776 902/3011/776 892/3012/776
f 902/3013/777 903/3014/777 892/3015/777
f 903/3016/778 904/3017/778 892/3018/778
f 904/3019/779 893/3020/779 892/3021/779
f 893/3022/780 894/3023/780 892/3024/780
usemtl m_3d215661-f591-00a8-53e2-d8d611c756be
f 905/3025/781 909/3026/781 910/3027/781 906/3028/781
f 908/3029/782 912/3030/782 911/3031/782 907/3032/782
f 907/3033/783 911/3034/783 909/3035/783 905/3036/783
f 906/3037/784 910/3038/784 912/3039/784 908/3040/784
f 909/3041/785 913/3042/785 914/3043/785 910/3044/785
f 912/3045/786 916/3046/786 915/3047/786 911/3048/786
f 911/3049/787 915/3050/787 913/3051/787 909/3052/787
f 910/3053/788 914/3054/788 916/3055/788 912/3056/788
f 913/3057/789 917/3058/789 918/3059/789 914/3060/789
f 916/3061/790 920/3062/790 919/3063/790 915/3064/790
f 915/3065/791 919/3066/791 917/3067/791 913/3068/791
f 914/3069/792 918/3070/792 920/3071/792 916/3072/792
f 917/3073/793 921/3074/793 922/3075/793 918/3076/793
f 920/3077/794 924/3078/794 923/3079/794 919/3080/794
f 919/3081/795 923/3082/795 921/3083/795 917/3084/795
f 918/3085/796 922/3086/796 924/3087/796 920/3088/796
f 921/3089/797 925/3090/797 926/3091/797 922/3092/797
f 924/3093/798 928/3094/798 927/3095/798 923/3096/798
f 923/3097/799 927/3098/799 925/3099/799 921/3100/799
f 922/3101/800 926/3102/800 928/3103/800 924/3104/800
f 925/3105/801 929/3106/801 930/3107/801 926/3108/801
f 928/3109/802 932/3110/802 931/3111/802 927/3112/802
f 927/3113/803 931/3114/803 929/3115/803 925/3116/803
f 926/3117/804 930/3118/804 932/3119/804 928/3120/804
f 929/3121/805 933/3122/805 934/3123/805 930/3124/805
f 932/3125/806 936/3126/806 935/3127/806 931/3128/806
f 931/3129/807 935/3130/807 933/3131/807 929/3132/807
f 930/3133/808 934/3134/808 936/3135/808 932/3136/808
f 933/3137/809 937/3138/809 938/3139/809 934/3140/809
f 936/3141/810 940/3142/810 939/3143/810 935/3144/810
f 935/3145/811 939/3146/811 937/3147/811 933/3148/811
f 934/3149/812 938/3150/812 940/3151/812 936/3152/812
f 937/3153/813 941/3154/813 942/3155/813 938/3156/813
f 940/3157/814 944/3158/814 943/3159/814 939/3160/814
f 939/3161/815 943/3162/815 941/3163/815 937/3164/815
f 938/3165/816 942/3166/816 944/3167/816 940/3168/816
f 941/3169/817 945/3170/817 946/3171/817 942/3172/817
f 944/3173/818 948/3174/818 947/3175/818 943/3176/818
f 943/3177/819 947/3178/819 945/3179/819 941/3180/819
f 942/3181/820 946/3182/820 948/3183/820 944/3184/820
f 945/3185/821 949/3186/821 950/3187/821 946/3188/821
f 948/3189/822 952/3190/822 951/3191/822 947/3192/822
f 947/3193/823 951/3194/823 949/3195/823 945/3196/823
f 946/3197/824 950/3198/824 952/3199/824 948/3200/824
f 949/3201/825 905/3202/825 906/3203/825 950/3204/825
f 952/3205/826 908/3206/826 907/3207/826 951/3208/826
f 951/3209/827 907/3210/827 905/3211/827 949/3212/827
f 950/3213/828 906/3214/828 908/3215/828 952/3216/828
f 956/3217/829 954/3218/829 953/3219/829 955/3220/829
f 959/3221/830 957/3222/830 958/3223/830 960/3224/830
f 953/3225/831 954/3226/831 958/3227/831 957/3228/831
f 956/3229/832 955/3230/832 959/3231/832 960/3232/832
f 955/3233/833 953/3234/833 957/3235/833 959/3236/833
f 960/3237/834 958/3238/834 954/3239/834 956/3240/834
f 961/3241/835 962/3242/835 964/3243/835 963/3244/835
f 966/3245/836 965/3246/836 967/3247/836 968/3248/836
f 966/3249/837 962/3250/837 961/3251/837 965/3252/837
f 967/3253/838 963/3254/838 964/3255/838 968/3256/838
f 965/3257/839 961/3258/839 963/3259/839 967/3260/839
f 962/3261/840 966/3262/840 968/3263/840 964/3264/840
f 969/3265/841 970/3266/841 972/3267/841 971/3268/841
f 974/3269/842 973/3270/842 975/3271/842 976/3272/842
f 974/3273/843 970/3274/843 969/3275/843 973/3276/843
f 975/3277/844 971/3278/844 972/3279/844 976/3280/844
f 973/3281/845 969/3282/845 971/3283/845 975/3284/845
f 970/3285/846 974/3286/846 976/3287/846 972/3288/846
f 977/3289/847 978/3290/847 980/3291/847 979/3292/847
f 982/3293/848 981/3294/848 983/3295/848 984/3296/848
f 982/3297/849 978/3298/849 977/3299/849 981/3300/849
f 983/3301/850 979/3302/850 980/3303/850 984/3304/850
f 981/3305/851 977/3306/851 979/3307/851 983/3308/851
f 978/3309/852 982/3310/852 984/3311/852 980/3312/852
f 988/3313/853 986/3314/853 985/3315/853 987/3316/853
f 991/3317/854 989/3318/854 990/3319/854 992/3320/854
f 985/3321/855 986/3322/855 990/3323/855 989/3324/855
f 988/3325/856 987/3326/856 991/3327/856 992/3328/856
f 987/3329/857 985/3330/857 989/3331/857 991/3332/857
f 992/3333/858 990/3334/858 986/3335/858 988/3336/858
f 996/3337/859 994/3338/859 993/3339/859 995/3340/859
f 999/3341/860 997/3342/860 998/3343/860 1000/3344/860
f 993/3345/861 994/3346/861 998/3347/861 997/3348/861
f 996/3349/862 995/3350/862 999/3351/862 1000/3352/862
f 995/3353/863 993/3354/863 997/3355/863 999/3356/863
f 1000/3357/864 998/3358/864 994/3359/864 996/3360/864
f 1004/3361/865 1002/3362/865 1001/3363/865 1003/3364/865
f 1007/3365/866 1005/3366/866 1006/3367/866 1008/3368/866
f 1001/3369/867 1002/3370/867 1006/3371/867 1005/3372/867
f 1004/3373/868 1003/3374/868 1007/3375/868 1008/3376/868
f 1003/3377/869 1001/3378/869 1005/3379/869 1007/3380/869
f 1008/3381/870 1006/3382/870 1002/3383/870 1004/3384/870
usemtl m_409504fd-f58c-4195-329e-2b61b82ac830
f 1011/3385/871 1012/3386/871 1009/3387/871
f 1012/3388/872 1013/3389/872 1009/3390/872
f 1013/3391/873 1014/3392/873 1009/3393/873
f 1014/3394/874 1015/3395/874 1009/3396/874
f 1015/3397/875 1016/3398/875 1009/3399/875
f 1016/3400/876 1017/3401/876 1009/3402/876
f 1017/3403/877 1018/3404/877 1009/3405/877
f 1018/3406/878 1019/3407/878 1009/3408/878
f 1019/3409/879 1020/3410/879 1009/3411/879
f 1020/3412/880 1021/3413/880 1009/3414/880
f 1021/3415/881 1010/3416/881 1009/3417/881
f 1010/3418/882 1011/3419/882 1009/3420/882
usemtl m_3d215661-f591-00a8-53e2-d8d611c756be
f 1022/3421/883 1026/3422/883 1027/3423/883 1023/3424/883
f 1025/3425/884 1029/3426/884 1028/3427/884 1024/3428/884
f 1024/3429/885 1028/3430/885 1026/3431/885 1022/3432/885
f 1023/3433/886 1027/3434/886 1029/3435/886 1025/3436/886
f 1026/3437/887 1030/3438/887 1031/3439/887 1027/3440/887
f 1029/3441/888 1033/3442/888 1032/3443/888 1028/3444/888
f 1028/3445/889 1032/3446/889 1030/3447/889 1026/3448/889
f 1027/3449/890 1031/3450/890 1033/3451/890 1029/3452/890
f 1030/3453/891 1034/3454/891 1035/3455/891 1031/3456/891
f 1033/3457/892 1037/3458/892 1036/3459/892 1032/3460/892
f 1032/3461/893 1036/3462/893 1034/3463/893 1030/3464/893
f 1031/3465/894 1035/3466/894 1037/3467/894 1033/3468/894
f 1034/3469/895 1038/3470/895 1039/3471/895 1035/3472/895
f 1037/3473/896 1041/3474/896 1040/3475/896 1036/3476/896
f 1036/3477/897 1040/3478/897 1038/3479/897 1034/3480/897
f 1035/3481/898 1039/3482/898 1041/3483/898 1037/3484/898
f 1038/3485/899 1042/3486/899 1043/3487/899 1039/3488/899
f 1041/3489/900 1045/3490/900 1044/3491/900 1040/3492/900
f 1040/3493/901 1044/3494/901 1042/3495/901 1038/3496/901
f 1039/3497/902 1043/3498/902 1045/3499/902 1041/3500/902
f 1042/3501/903 1046/3502/903 1047/3503/903 1043/3504/903
f 1045/3505/904 1049/3506/904 1048/3507/904 1044/3508/904
f 1044/3509/905 1048/3510/905 1046/3511/905 1042/3512/905
f 1043/3513/906 1047/3514/906 1049/3515/906 1045/3516/906
f 1046/3517/907 1050/3518/907 1051/3519/907 1047/3520/907
f 1049/3521/908 1053/3522/908 1052/3523/908 1048/3524/908
f 1048/3525/909 1052/3526/909 1050/3527/909 1046/3528/909
f 1047/3529/910 1051/3530/910 1053/3531/910 1049/3532/910
f 1050/3533/911 1054/3534/911 1055/3535/911 1051/3536/911
f 1053/3537/912 1057/3538/912 1056/3539/912 1052/3540/912
f 1052/3541/913 1056/3542/913 1054/3543/913 1050/3544/913
f 1051/3545/914 1055/3546/914 1057/3547/914 1053/3548/914
f 1054/3549/915 1058/3550/915 1059/3551/915 1055/3552/915
f 1057/3553/916 1061/3554/916 1060/3555/916 1056/3556/916
f 1056/3557/917 1060/3558/917 1058/3559/917 1054/3560/917
f 1055/3561/918 1059/3562/918 1061/3563/918 1057/3564/918
f 1058/3565/919 1062/3566/919 1063/3567/919 1059/3568/919
f 1061/3569/920 1065/3570/920 1064/3571/920 1060/3572/920
f 1060/3573/921 1064/3574/921 1062/3575/921 1058/3576/921
f 1059/3577/922 1063/3578/922 1065/3579/922 1061/3580/922
f 1062/3581/923 1066/3582/923 1067/3583/923 1063/3584/923
f 1065/3585/924 1069/3586/924 1068/3587/924 1064/3588/924
f 1064/3589/925 1068/3590/925 1066/3591/925 1062/3592/925
f 1063/3593/926 1067/3594/926 1069/3595/926 1065/3596/926
f 1066/3597/927 1022/3598/927 1023/3599/927 1067/3600/927
f 1069/3601/928 1025/3602/928 1024/3603/928 1068/3604/928
f 1068/3605/929 1024/3606/929 1022/3607/929 1066/3608/929
f 1067/3609/930 1023/3610/930 1025/3611/930 1069/3612/930
f 1073/3613/931 1071/3614/931 1070/3615/931 1072/3616/931
f 1076/3617/932 1074/3618/932 1075/3619/932 1077/3620/932
f 1070/3621/933 1071/3622/933 1075/3623/933 1074/3624/933
f 1073/3625/934 1072/3626/934 1076/3627/934 1077/3628/934
f 1072/3629/935 1070/3630/935 1074/3631/935 1076/3632/935
f 1077/3633/936 1075/3634/936 1071/3635/936 1073/3636/936
f 1078/3637/937 1079/3638/937 1081/3639/937 1080/3640/937
f 1083/3641/938 1082/3642/938 1084/3643/938 1085/3644/938
f 1083/3645/939 1079/3646/939 1078/3647/939 1082/3648/939
f 1084/3649/940 1080/3650/940 1081/3651/940 1085/3652/940
f 1082/3653/941 1078/3654/941 1080/3655/941 1084/3656/941
f 1079/3657/942 1083/3658/942 1085/3659/942 1081/3660/942
f 1086/3661/943 1087/3662/943 1089/3663/943 1088/3664/943
f 1091/3665/944 1090/3666/944 1092/3667/944 1093/3668/944
f 1091/3669/945 1087/3670/945 1086/3671/945 1090/3672/945
f 1092/3673/946 1088/3674/946 1089/3675/946 1093/3676/946
f 1090/3677/947 1086/3678/947 1088/3679/947 1092/3680/947
f 1087/3681/948 1091/3682/948 1093/3683/948 1089/3684/948
f 1094/3685/949 1095/3686/949 1097/3687/949 1096/3688/949
f 1099/3689/950 1098/3690/950 1100/3691/950 1101/3692/950
f 1099/3693/951 1095/3694/951 1094/3695/951 1098/3696/951
f 1100/3697/952 1096/3698/952 1097/3699/952 1101/3700/952
f 1098/3701/953 1094/3702/953 1096/3703/953 1100/3704/953
f 1095/3705/954 1099/3706/954 1101/3707/954 1097/3708/954
f 1105/3709/955 1103/3710/955 1102/3711/955 1104/3712/955
f 1108/3713/956 1106/3714/956 1107/3715/956 1109/3716/956
f 1102/3717/957 1103/3718/957 1107/3719/957 1106/3720/957
f 1105/3721/958 1104/3722/958 1108/3723/958 1109/3724/958
f 1104/3725/959 1102/3726/959 1106/3727/959 1108/3728/959
f 1109/3729/960 1107/3730/960 1103/3731/960 1105/3732/960
f 1113/3733/961 1111/3734/961 1110/3735/961 1112/3736/961
f 1116/3737/962 1114/3738/962 1115/3739/962 1117/3740/962
f 1110/3741/963 1111/3742/963 1115/3743/963 1114/3744/963
f 1113/3745/964 1112/3746/964 1116/3747/964 1117/3748/964
f 1112/3749/965 1110/3750/965 1114/3751/965 1116/3752/965
f 1117/3753/966 1115/3754/966 1111/3755/966 1113/3756/966
f 1121/3757/967 1119/3758/967 1118/3759/967 1120/3760/967
f 1124/3761/968 1122/3762/968 1123/3763/968 1125/3764/968
f 1118/3765/969 1119/3766/969 1123/3767/969 1122/3768/969
f 1121/3769/970 1120/3770/970 1124/3771/970 1125/3772/970
f 1120/3773/971 1118/3774/971 1122/3775/971 1124/3776/971
f 1125/3777/972 1123/3778/972 1119/3779/972 1121/3780/972
usemtl m_409504fd-f58c-4195-329e-2b61b82ac830
f 1128/3781/973 1129/3782/973 1126/3783/973
f 1129/3784/974 1130/3785/974 1126/3786/974
f 1130/3787/975 1131/3788/975 1126/3789/975
f 1131/3790/976 1132/3791/976 1126/3792/976
f 1132/3793/977 1133/3794/977 1126/3795/977
f 1133/3796/978 1134/3797/978 1126/3798/978
f 1134/3799/979 1135/3800/979 1126/3801/979
f 1135/3802/980 1136/3803/980 1126/3804/980
f 1136/3805/981 1137/3806/981 1126/3807/981
f 1137/3808/982 1138/3809/982 1126/3810/982
f 1138/3811/983 1127/3812/983 1126/3813/983
f 1127/3814/984 1128/3815/984 1126/3816/984
usemtl m_3d215661-f591-00a8-53e2-d8d611c756be
f 1139/3817/985 1143/3818/985 1144/3819/985 1140/3820/985
f 1142/3821/986 1146/3822/986 1145/3823/986 1141/3824/986
f 1141/3825/987 1145/3826/987 1143/3827/987 1139/3828/987
f 1140/3829/988 1144/3830/988 1146/3831/988 1142/3832/988
f 1143/3833/989 1147/3834/989 1148/3835/989 1144/3836/989
f 1146/3837/990 1150/3838/990 1149/3839/990 1145/3840/990
f 1145/3841/991 1149/3842/991 1147/3843/991 1143/3844/991
f 1144/3845/992 1148/3846/992 1150/3847/992 1146/3848/992
f 1147/3849/993 1151/3850/993 1152/3851/993 1148/3852/993
f 1150/3853/994 1154/3854/994 1153/3855/994 1149/3856/994
f 1149/3857/995 1153/3858/995 1151/3859/995 1147/3860/995
f 1148/3861/996 1152/3862/996 1154/3863/996 1150/3864/996
f 1151/3865/997 1155/3866/997 1156/3867/997 1152/3868/997
f 1154/3869/998 1158/3870/998 1157/3871/998 1153/3872/998
f 1153/3873/999 1157/3874/999 1155/3875/999 1151/3876/999
f 1152/3877/1000 1156/3878/1000 1158/3879/1000 1154/3880/1000
f 1155/3881/1001 1159/3882/1001 1160/3883/1001 1156/3884/1001
f 1158/3885/1002 1162/3886/1002 1161/3887/1002 1157/3888/1002
f 1157/3889/1003 1161/3890/1003 1159/3891/1003 1155/3892/1003
f 1156/3893/1004 1160/3894/1004 1162/3895/1004 1158/3896/1004
f 1159/3897/1005 1163/3898/1005 1164/3899/1005 1160/3900/1005
f 1162/3901/1006 1166/3902/1006 1165/3903/1006 1161/3904/1006
f 1161/3905/1007 1165/3906/1007 1163/3907/1007 1159/3908/1007
f 1160/3909/1008 1164/3910/1008 1166/3911/1008 1162/3912/1008
f 1163/3913/1009 1167/3914/1009 1168/3915/1009 1164/3916/1009
f 1166/3917/1010 1170/3918/1010 1169/3919/1010 1165/3920/1010
f 1165/3921/1011 1169/3922/1011 1167/3923/1011 1163/3924/1011
f 1164/3925/1012 1168/3926/1012 1170/3927/1012 1166/3928/1012
f 1167/3929/1013 1171/3930/1013 1172/3931/1013 1168/3932/1013
f 1170/3933/1014 1174/3934/1014 1173/3935/1014 1169/3936/1014
f 1169/3937/1015 1173/3938/1015 1171/3939/1015 1167/3940/1015
f 1168/3941/1016 1172/3942/1016 1174/3943/1016 1170/3944/1016
f 1171/3945/1017 1175/3946/1017 1176/3947/1017 1172/3948/1017
f 1174/3949/1018 1178/3950/1018 1177/3951/1018 1173/3952/1018
f 1173/3953/1019 1177/3954/1019 1175/3955/1019 1171/3956/1019
f 1172/3957/1020 1176/3958/1020 1178/3959/1020 1174/3960/1020
f 1175/3961/1021 1179/3962/1021 1180/3963/1021 1176/3964/1021
f 1178/3965/1022 1182/3966/1022 1181/3967/1022 1177/3968/1022
f 1177/3969/1023 1181/3970/1023 1179/3971/1023 1175/3972/1023
f 1176/3973/1024 1180/3974/1024 1182/3975/1024 1178/3976/1024
f 1179/3977/1025 1183/3978/1025 1184/3979/1025 1180/3980/1025
f 1182/3981/1026 1186/3982/1026 1185/3983/1026 1181/3984/1026
f 1181/3985/1027 1185/3986/1027 1183/3987/1027 1179/3988/1027
f 1180/3989/1028 1184/3990/1028 1186/3991/1028 1182/3992/1028
f 1183/3993/1029 1139/3994/1029 1140/3995/1029 1184/3996/1029
f 1186/3997/1030 1142/3998/1030 1141/3999/1030 1185/4000/1030
f 1185/4001/1031 1141/4002/1031 1139/4003/1031 1183/4004/1031
f 1184/4005/1032 1140/4006/1032 1142/4007/1032 1186/4008/1032
f 1190/4009/1033 1188/4010/1033 1187/4011/1033 1189/4012/1033
f 1193/4013/1034 1191/4014/1034 1192/4015/1034 1194/4016/1034
f 1187/4017/1035 1188/4018/1035 1192/4019/1035 1191/4020/1035
f 1190/4021/1036 1189/4022/1036 1193/4023/1036 1194/4024/1036
f 1189/4025/1037 1187/4026/1037 1191/4027/1037 1193/4028/1037
f 1194/4029/1038 1192/4030/1038 1188/4031/1038 1190/4032/1038
f 1198/4033/1039 1196/4034/1039 1195/4035/1039 1197/4036/1039
f 1201/4037/1040 1199/4038/1040 1200/4039/1040 1202/4040/1040
f 1195/4041/1041 1196/4042/1041 1200/4043/1041 1199/4044/1041
f 1198/4045/1042 1197/4046/1042 1201/4047/1042 1202/4048/1042
f 1197/4049/1043 1195/4050/1043 1199/4051/1043 1201/4052/1043
f 1202/4053/1044 1200/4054/1044 1196/4055/1044 1198/4056/1044
f 1206/4057/1045 1204/4058/1045 1203/4059/1045 1205/4060/1045
f 1209/4061/1046 1207/4062/1046 1208/4063/1046 1210/4064/1046
f 1203/4065/1047 1204/4066/1047 1208/4067/1047 1207/4068/1047
f 1206/4069/1048 1205/4070/1048 1209/4071/1048 1210/4072/1048
f 1205/4073/1049 1203/4074/1049 1207/4075/1049 1209/4076/1049
f 1210/4077/1050 1208/4078/1050 1204/4079/1050 1206/4080/1050
usemtl m_b2af6bd8-ffc8-ff72-7f7b-7b18782af15d
f 1214/4081/1051 1212/4082/1051 1211/4083/1051 1213/4084/1051
f 1217/4085/1052 1215/4086/1052 1216/4087/1052 1218/4088/1052
f 1211/4089/1053 1212/4090/1053 1216/4091/1053 1215/4092/1053
f 1214/4093/1054 1213/4094/1054 1217/4095/1054 1218/4096/1054
f 1213/4097/1055 1211/4098/1055 1215/4099/1055 1217/4100/1055
f 1218/4101/1056 1216/4102/1056 1212/4103/1056 1214/4104/1056
f 1222/4105/1057 1220/4106/1057 1219/4107/1057 1221/4108/1057
f 1225/4109/1058 1223/4110/1058 1224/4111/1058 1226/4112/1058
f 1219/4113/1059 1220/4114/1059 1224/4115/1059 1223/4116/1059
f 1222/4117/1060 1221/4118/1060 1225/4119/1060 1226/4120/1060
f 1221/4121/1061 1219/4122/1061 1223/4123/1061 1225/4124/1061
f 1226/4125/1062 1224/4126/1062 1220/4127/1062 1222/4128/1062
f 1230/4129/1063 1228/4130/1063 1227/4131/1063 1229/4132/1063
f 1233/4133/1064 1231/4134/1064 1232/4135/1064 1234/4136/1064
f 1227/4137/1065 1228/4138/1065 1232/4139/1065 1231/4140/1065
f 1230/4141/1066 1229/4142/1066 1233/4143/1066 1234/4144/1066
f 1229/4145/1067 1227/4146/1067 1231/4147/1067 1233/4148/1067
f 1234/4149/1068 1232/4150/1068 1228/4151/1068 1230/4152/1068
f 1238/4153/1069 1236/4154/1069 1235/4155/1069 1237/4156/1069
f 1241/4157/1070 1239/4158/1070 1240/4159/1070 1242/4160/1070
f 1235/4161/1071 1236/4162/1071 1240/4163/1071 1239/4164/1071
f 1238/4165/1072 1237/4166/1072 1241/4167/1072 1242/4168/1072
f 1237/4169/1073 1235/4170/1073 1239/4171/1073 1241/4172/1073
f 1242/4173/1074 1240/4174/1074 1236/4175/1074 1238/4176/1074
usemtl m_3d215661-f591-00a8-53e2-d8d611c756be
f 1246/4177/1075 1244/4178/1075 1243/4179/1075 1245/4180/1075
f 1249/4181/1076 1247/4182/1076 1248/4183/1076 1250/4184/1076
f 1243/4185/1077 1244/4186/1077 1248/4187/1077 1247/4188/1077
f 1246/4189/1078 1245/4190/1078 1249/4191/1078 1250/4192/1078
f 1245/4193/1079 1243/4194/1079 1247/4195/1079 1249/4196/1079
f 1250/4197/1080 1248/4198/1080 1244/4199/1080 1246/4200/1080
usemtl m_b2af6bd8-ffc8-ff72-7f7b-7b18782af15d
f 1254/4201/1081 1252/4202/1081 1251/4203/1081 1253/4204/1081
f 1257/4205/1082 1255/4206/1082 1256/4207/1082 1258/4208/1082
f 1251/4209/1083 1252/4210/1083 1256/4211/1083 1255/4212/1083
f 1254/4213/1084 1253/4214/1084 1257/4215/1084 1258/4216/1084
f 1253/4217/1085 1251/4218/1085 1255/4219/1085 1257/4220/1085
f 1258/4221/1086 1256/4222/1086 1252/4223/1086 1254/4224/1086
f 1262/4225/1087 1260/4226/1087 1259/4227/1087 1261/4228/1087
f 1265/4229/1088 1263/4230/1088 1264/4231/1088 1266/4232/1088
f 1259/4233/1089 1260/4234/1089 1264/4235/1089 1263/4236/1089
f 1262/4237/1090 1261/4238/1090 1265/4239/1090 1266/4240/1090
f 1261/4241/1091 1259/4242/1091 1263/4243/1091 1265/4244/1091
f 1266/4245/1092 1264/4246/1092 1260/4247/1092 1262/4248/1092
f 1270/4249/1093 1268/4250/1093 1267/4251/1093 1269/4252/1093
f 1273/4253/1094 1271/4254/1094 1272/4255/1094 1274/4256/1094
f 1267/4257/1095 1268/4258/1095 1272/4259/1095 1271/4260/1095
f 1270/4261/1096 1269/4262/1096 1273/4263/1096 1274/4264/1096
f 1269/4265/1097 1267/4266/1097 1271/4267/1097 1273/4268/1097
f 1274/4269/1098 1272/4270/1098 1268/4271/1098 1270/4272/1098
f 1278/4273/1099 1276/4274/1099 1275/4275/1099 1277/4276/1099
f 1281/4277/1100 1279/4278/1100 1280/4279/1100 1282/4280/1100
f 1275/4281/1101 1276/4282/1101 1280/4283/1101 1279/4284/1101
f 1278/4285/1102 1277/4286/1102 1281/4287/1102 1282/4288/1102
f 1277/4289/1103 1275/4290/1103 1279/4291/1103 1281/4292/1103
f 1282/4293/1104 1280/4294/1104 1276/4295/1104 1278/4296/1104
f 1286/4297/1105 1284/4298/1105 1283/4299/1105 1285/4300/1105
f 1289/4301/1106 1287/4302/1106 1288/4303/1106 1290/4304/1106
f 1283/4305/1107 1284/4306/1107 1288/4307/1107 1287/4308/1107
f 1286/4309/1108 1285/4310/1108 1289/4311/1108 1290/4312/1108
f 1285/4313/1109 1283/4314/1109 1287/4315/1109 1289/4316/1109
f 1290/4317/1110 1288/4318/1110 1284/4319/1110 1286/4320/1110
f 1294/4321/1111 1292/4322/1111 1291/4323/1111 1293/4324/1111
f 1297/4325/1112 1295/4326/1112 1296/4327/1112 1298/4328/1112
f 1291/4329/1113 1292/4330/1113 1296/4331/1113 1295/4332/1113
f 1294/4333/1114 1293/4334/1114 1297/4335/1114 1298/4336/1114
f 1293/4337/1115 1291/4338/1115 1295/4339/1115 1297/4340/1115
f 1298/4341/1116 1296/4342/1116 1292/4343/1116 1294/4344/1116
f 1302/4345/1117 1300/4346/1117 1299/4347/1117 1301/4348/1117
f 1305/4349/1118 1303/4350/1118 1304/4351/1118 1306/4352/1118
f 1299/4353/1119 1300/4354/1119 1304/4355/1119 1303/4356/1119
f 1302/4357/1120 1301/4358/1120 1305/4359/1120 1306/4360/1120
f 1301/4361/1121 1299/4362/1121 1303/4363/1121 1305/4364/1121
f 1306/4365/1122 1304/4366/1122 1300/4367/1122 1302/4368/1122
f 1310/4369/1123 1308/4370/1123 1307/4371/1123 1309/4372/1123
f 1313/4373/1124 1311/4374/1124 1312/4375/1124 1314/4376/1124
f 1307/4377/1125 1308/4378/1125 1312/4379/1125 1311/4380/1125
f 1310/4381/1126 1309/4382/1126 1313/4383/1126 1314/4384/1126
f 1309/4385/1127 1307/4386/1127 1311/4387/1127 1313/4388/1127
f 1314/4389/1128 1312/4390/1128 1308/4391/1128 1310/4392/1128
f 1318/4393/1129 1316/4394/1129 1315/4395/1129 1317/4396/1129
f 1321/4397/1130 1319/4398/1130 1320/4399/1130 1322/4400/1130
f 1315/4401/1131 1316/4402/1131 1320/4403/1131 1319/4404/1131
f 1318/4405/1132 1317/4406/1132 1321/4407/1132 1322/4408/1132
f 1317/4409/1133 1315/4410/1133 1319/4411/1133 1321/4412/1133
f 1322/4413/1134 1320/4414/1134 1316/4415/1134 1318/4416/1134
f 1326/4417/1135 1324/4418/1135 1323/4419/1135 1325/4420/1135
f 1329/4421/1136 1327/4422/1136 1328/4423/1136 1330/4424/1136
f 1323/4425/1137 1324/4426/1137 1328/4427/1137 1327/4428/1137
f 1326/4429/1138 1325/4430/1138 1329/4431/1138 1330/4432/1138
f 1325/4433/1139 1323/4434/1139 1327/4435/1139 1329/4436/1139
f 1330/4437/1140 1328/4438/1140 1324/4439/1140 1326/4440/1140
f 1334/4441/1141 1332/4442/1141 1331/4443/1141 1333/4444/1141
f 1337/4445/1142 1335/4446/1142 1336/4447/1142 1338/4448/1142
f 1331/4449/1143 1332/4450/1143 1336/4451/1143 1335/4452/1143
f 1334/4453/1144 1333/4454/1144 1337/4455/1144 1338/4456/1144
f 1333/4457/1145 1331/4458/1145 1335/4459/1145 1337/4460/1145
f 1338/4461/1146 1336/4462/1146 1332/4463/1146 1334/4464/1146
f 1342/4465/1147 1340/4466/1147 1339/4467/1147 1341/4468/1147
f 1345/4469/1148 1343/4470/1148 1344/4471/1148 1346/4472/1148
f 1339/4473/1149 1340/4474/1149 1344/4475/1149 1343/4476/1149
f 1342/4477/1150 1341/4478/1150 1345/4479/1150 1346/4480/1150
f 1341/4481/1151 1339/4482/1151 1343/4483/1151 1345/4484/1151
f 1346/4485/1152 1344/4486/1152 1340/4487/1152 1342/4488/1152
f 1350/4489/1153 1348/4490/1153 1347/4491/1153 1349/4492/1153
f 1353/4493/1154 1351/4494/1154 1352/4495/1154 1354/4496/1154
f 1347/4497/1155 1348/4498/1155 1352/4499/1155 1351/4500/1155
f 1350/4501/1156 1349/4502/1156 1353/4503/1156 1354/4504/1156
f 1349/4505/1157 1347/4506/1157 1351/4507/1157 1353/4508/1157
f 1354/4509/1158 1352/4510/1158 1348/4511/1158 1350/4512/1158
f 1358/4513/1159 1356/4514/1159 1355/4515/1159 1357/4516/1159
f 1361/4517/1160 1359/4518/1160 1360/4519/1160 1362/4520/1160
f 1355/4521/1161 1356/4522/1161 1360/4523/1161 1359/4524/1161
f 1358/4525/1162 1357/4526/1162 1361/4527/1162 1362/4528/1162
f 1357/4529/1163 1355/4530/1163 1359/4531/1163 1361/4532/1163
f 1362/4533/1164 1360/4534/1164 1356/4535/1164 1358/4536/1164
f 1366/4537/1165 1364/4538/1165 1363/4539/1165 1365/4540/1165
f 1369/4541/1166 1367/4542/1166 1368/4543/1166 1370/4544/1166
f 1363/4545/1167 1364/4546/1167 1368/4547/1167 1367/4548/1167
f 1366/4549/1168 1365/4550/1168 1369/4551/1168 1370/4552/1168
f 1365/4553/1169 1363/4554/1169 1367/4555/1169 1369/4556/1169
f 1370/4557/1170 1368/4558/1170 1364/4559/1170 1366/4560/1170
f 1374/4561/1171 1372/4562/1171 1371/4563/1171 1373/4564/1171
f 1377/4565/1172 1375/4566/1172 1376/4567/1172 1378/4568/1172
f 1371/4569/1173 1372/4570/1173 1376/4571/1173 1375/4572/1173
f 1374/4573/1174 1373/4574/1174 1377/4575/1174 1378/4576/1174
f 1373/4577/1175 1371/4578/1175 1375/4579/1175 1377/4580/1175
f 1378/4581/1176 1376/4582/1176 1372/4583/1176 1374/4584/1176
f 1380/4585/1177 1379/4586/1177 1381/4587/1177
f 1382/4588/1178 1383/4589/1178 1384/4590/1178
f 1379/4591/1179 1380/4592/1179 1383/4593/1179 1382/4594/1179
f 1381/4595/1180 1379/4596/1180 1382/4597/1180 1384/4598/1180
f 1384/4599/1181 1383/4600/1181 1380/4601/1181 1381/4602/1181
f 1388/4603/1182 1386/4604/1182 1385/4605/1182 1387/4606/1182
f 1391/4607/1183 1389/4608/1183 1390/4609/1183 1392/4610/1183
f 1385/4611/1184 1386/4612/1184 1390/4613/1184 1389/4614/1184
f 1388/4615/1185 1387/4616/1185 1391/4617/1185 1392/4618/1185
f 1387/4619/1186 1385/4620/1186 1389/4621/1186 1391/4622/1186
f 1392/4623/1187 1390/4624/1187 1386/4625/1187 1388/4626/1187
f 1393/4627/1188 1395/4628/1188 1394/4629/1188
f 1396/4630/1189 1397/4631/1189 1398/4632/1189
f 1395/4633/1190 1394/4634/1190 1397/4635/1190 1398/4636/1190
f 1394/4637/1191 1393/4638/1191 1396/4639/1191 1397/4640/1191
f 1398/4641/1192 1396/4642/1192 1393/4643/1192 1395/4644/1192
f 1399/4645/1193 1401/4646/1193 1400/4647/1193
f 1402/4648/1194 1403/4649/1194 1404/4650/1194
f 1401/4651/1195 1400/4652/1195 1403/4653/1195 1404/4654/1195
f 1400/4655/1196 1399/4656/1196 1402/4657/1196 1403/4658/1196
f 1404/4659/1197 1402/4660/1197 1399/4661/1197 1401/4662/1197
f 1408/4663/1198 1406/4664/1198 1405/4665/1198 1407/4666/1198
f 1411/4667/1199 1409/4668/1199 1410/4669/1199 1412/4670/1199
f 1405/4671/1200 1406/4672/1200 1410/4673/1200 1409/4674/1200
f 1408/4675/1201 1407/4676/1201 1411/4677/1201 1412/4678/1201
f 1407/4679/1202 1405/4680/1202 1409/4681/1202 1411/4682/1202
f 1412/4683/1203 1410/4684/1203 1406/4685/1203 1408/4686/1203
f 1416/4687/1204 1414/4688/1204 1413/4689/1204 1415/4690/1204
f 1419/4691/1205 1417/4692/1205 1418/4693/1205 1420/4694/1205
f 1413/4695/1206 1414/4696/1206 1418/4697/1206 1417/4698/1206
f 1416/4699/1207 1415/4700/1207 1419/4701/1207 1420/4702/1207
f 1415/4703/1208 1413/4704/1208 1417/4705/1208 1419/4706/1208
f 1420/4707/1209 1418/4708/1209 1414/4709/1209 1416/4710/1209
f 1422/4711/1210 1421/4712/1210 1423/4713/1210
f 1424/4714/1211 1425/4715/1211 1426/4716/1211
f 1421/4717/1212 1422/4718/1212 1425/4719/1212 1424/4720/1212
f 1423/4721/1213 1421/4722/1213 1424/4723/1213 1426/4724/1213
f 1426/4725/1214 1425/4726/1214 1422/4727/1214 1423/4728/1214
f 1430/4729/1215 1428/4730/1215 1427/4731/1215 1429/4732/1215
f 1433/4733/1216 1431/4734/1216 1432/4735/1216 1434/4736/1216
f 1427/4737/1217 1428/4738/1217 1432/4739/1217 1431/4740/1217
f 1430/4741/1218 1429/4742/1218 1433/4743/1218 1434/4744/1218
f 1429/4745/1219 1427/4746/1219 1431/4747/1219 1433/4748/1219
f 1434/4749/1220 1432/4750/1220 1428/4751/1220 1430/4752/1220
f 1438/4753/1221 1436/4754/1221 1435/4755/1221 1437/4756/1221
f 1441/4757/1222 1439/4758/1222 1440/4759/1222 1442/4760/1222
f 1435/4761/1223 1436/4762/1223 1440/4763/1223 1439/4764/1223
f 1438/4765/1224 1437/4766/1224 1441/4767/1224 1442/4768/1224
f 1437/4769/1225 1435/4770/1225 1439/4771/1225 1441/4772/1225
f 1442/4773/1226 1440/4774/1226 1436/4775/1226 1438/4776/1226
f 1446/4777/1227 1444/4778/1227 1443/4779/1227 1445/4780/1227
f 1449/4781/1228 1447/4782/1228 1448/4783/1228 1450/4784/1228
f 1443/4785/1229 1444/4786/1229 1448/4787/1229 1447/4788/1229
f 1446/4789/1230 1445/4790/1230 1449/4791/1230 1450/4792/1230
f 1445/4793/1231 1443/4794/1231 1447/4795/1231 1449/4796/1231
f 1450/4797/1232 1448/4798/1232 1444/4799/1232 1446/4800/1232
usemtl m_3d215661-f591-00a8-53e2-d8d611c756be
f 1454/4801/1233 1452/4802/1233 1451/4803/1233 1453/4804/1233
f 1457/4805/1234 1455/4806/1234 1456/4807/1234 1458/4808/1234
f 1451/4809/1235 1452/4810/1235 1456/4811/1235 1455/4812/1235
f 1454/4813/1236 1453/4814/1236 1457/4815/1236 1458/4816/1236
f 1453/4817/1237 1451/4818/1237 1455/4819/1237 1457/4820/1237
f 1458/4821/1238 1456/4822/1238 1452/4823/1238 1454/4824/1238
f 1462/4825/1239 1460/4826/1239 1459/4827/1239 1461/4828/1239
f 1465/4829/1240 1463/4830/1240 1464/4831/1240 1466/4832/1240
f 1459/4833/1241 1460/4834/1241 1464/4835/1241 1463/4836/1241
f 1462/4837/1242 1461/4838/1242 1465/4839/1242 1466/4840/1242
f 1461/4841/1243 1459/4842/1243 1463/4843/1243 1465/4844/1243
f 1466/4845/1244 1464/4846/1244 1460/4847/1244 1462/4848/1244