# Blender 5.2.0 LTS
# www.blender.org
mtllib ks_hp_vr_default.mtl
o circle
v 0.068750 1.875000 -0.187500
v 0.183464 5.476562 -0.562500
v 0.000000 5.828125 -0.534375
v 0.025120 5.921875 -0.534375
v 0.068630 5.896755 -0.534375
v 0.093750 5.853245 -0.534375
v 0.093750 5.803005 -0.534375
v 0.068630 5.759495 -0.534375
v 0.025120 5.734375 -0.534375
v -0.025120 5.734375 -0.534375
v -0.068630 5.759495 -0.534375
v -0.093750 5.803005 -0.534375
v -0.093750 5.853245 -0.534375
v -0.068630 5.896755 -0.534375
v -0.025120 5.921875 -0.534375
v 0.027214 5.929688 -0.500000
v 0.027214 5.929688 -0.562500
v 0.019800 5.902020 -0.500000
v 0.019800 5.902020 -0.562500
v 0.074349 5.902474 -0.500000
v 0.074349 5.902474 -0.562500
v 0.054095 5.882220 -0.500000
v 0.054095 5.882220 -0.562500
v 0.101562 5.855339 -0.500000
v 0.101562 5.855339 -0.562500
v 0.073895 5.847925 -0.500000
v 0.073895 5.847925 -0.562500
v 0.101562 5.800911 -0.500000
v 0.101562 5.800911 -0.562500
v 0.073895 5.808325 -0.500000
v 0.073895 5.808325 -0.562500
v 0.074349 5.753776 -0.500000
v 0.074349 5.753776 -0.562500
v 0.054095 5.774030 -0.500000
v 0.054095 5.774030 -0.562500
v 0.027214 5.726562 -0.500000
v 0.027214 5.726562 -0.562500
v 0.019800 5.754230 -0.500000
v 0.019800 5.754230 -0.562500
v -0.027214 5.726562 -0.500000
v -0.027214 5.726562 -0.562500
v -0.019800 5.754230 -0.500000
v -0.019800 5.754230 -0.562500
v -0.074349 5.753776 -0.500000
v -0.074349 5.753776 -0.562500
v -0.054095 5.774030 -0.500000
v -0.054095 5.774030 -0.562500
v -0.101562 5.800911 -0.500000
v -0.101562 5.800911 -0.562500
v -0.073895 5.808325 -0.500000
v -0.073895 5.808325 -0.562500
v -0.101562 5.855339 -0.500000
v -0.101562 5.855339 -0.562500
v -0.073895 5.847925 -0.500000
v -0.073895 5.847925 -0.562500
v -0.074349 5.902474 -0.500000
v -0.074349 5.902474 -0.562500
v -0.054095 5.882220 -0.500000
v -0.054095 5.882220 -0.562500
v -0.027214 5.929688 -0.500000
v -0.027214 5.929688 -0.562500
v -0.019800 5.902020 -0.500000
v -0.019800 5.902020 -0.562500
v 0.159375 5.856250 -0.500000
v 0.159375 5.856250 -0.562500
v 0.128125 5.856250 -0.500000
v 0.128125 5.856250 -0.562500
v 0.062500 5.965625 -0.500000
v 0.062500 5.965625 -0.937500
v 0.062500 5.934375 -0.500000
v 0.062500 5.934375 -0.937500
v -0.128791 5.856250 -0.500000
v -0.128791 5.856250 -0.562500
v -0.160041 5.856250 -0.500000
v -0.160041 5.856250 -0.562500
v -0.062500 5.934375 -0.500000
v -0.062500 5.934375 -0.937500
v -0.062500 5.965625 -0.500000
v -0.062500 5.965625 -0.937500
v 0.156250 5.578125 -0.534375
v 0.181370 5.671875 -0.534375
v 0.224880 5.646755 -0.534375
v 0.250000 5.603245 -0.534375
v 0.250000 5.553005 -0.534375
v 0.224880 5.509495 -0.534375
v 0.181370 5.484375 -0.534375
v 0.131130 5.484375 -0.534375
v 0.087620 5.509495 -0.534375
v 0.062500 5.553005 -0.534375
v 0.062500 5.603245 -0.534375
v 0.087620 5.646755 -0.534375
v 0.131130 5.671875 -0.534375
v 0.183464 5.679688 -0.500000
v 0.183464 5.679688 -0.562500
v 0.176050 5.652020 -0.500000
v 0.176050 5.652020 -0.562500
v 0.230599 5.652474 -0.500000
v 0.230599 5.652474 -0.562500
v 0.210345 5.632220 -0.500000
v 0.210345 5.632220 -0.562500
v 0.257812 5.605339 -0.500000
v 0.257812 5.605339 -0.562500
v 0.230145 5.597925 -0.500000
v 0.230145 5.597925 -0.562500
v 0.257812 5.550911 -0.500000
v 0.257812 5.550911 -0.562500
v 0.230145 5.558325 -0.500000
v 0.230145 5.558325 -0.562500
v 0.230599 5.503776 -0.500000
v 0.230599 5.503776 -0.562500
v 0.210345 5.524030 -0.500000
v 0.210345 5.524030 -0.562500
v 0.183464 5.476562 -0.500000
v 0.176050 5.504230 -0.500000
v 0.176050 5.504230 -0.562500
v 0.129036 5.476562 -0.500000
v 0.129036 5.476562 -0.562500
v 0.136450 5.504230 -0.500000
v 0.136450 5.504230 -0.562500
v 0.081901 5.503776 -0.500000
v 0.081901 5.503776 -0.562500
v 0.102155 5.524030 -0.500000
v 0.102155 5.524030 -0.562500
v 0.054688 5.550911 -0.500000
v 0.054688 5.550911 -0.562500
v 0.082355 5.558325 -0.500000
v 0.082355 5.558325 -0.562500
v 0.054688 5.605339 -0.500000
v 0.054688 5.605339 -0.562500
v 0.082355 5.597925 -0.500000
v 0.082355 5.597925 -0.562500
v 0.081901 5.652474 -0.500000
v 0.081901 5.652474 -0.562500
v 0.102155 5.632220 -0.500000
v 0.102155 5.632220 -0.562500
v 0.129036 5.679688 -0.500000
v 0.129036 5.679688 -0.562500
v 0.136450 5.652020 -0.500000
v 0.136450 5.652020 -0.562500
v 0.315625 5.606250 -0.500000
v 0.315625 5.606250 -0.562500
v 0.284375 5.606250 -0.500000
v 0.284375 5.606250 -0.562500
v 0.218750 5.715625 -0.500000
v 0.218750 5.715625 -0.937500
v 0.218750 5.684375 -0.500000
v 0.218750 5.684375 -0.937500
v 0.027459 5.606250 -0.500000
v 0.027459 5.606250 -0.562500
v -0.003791 5.606250 -0.500000
v -0.003791 5.606250 -0.562500
v 0.093750 5.684375 -0.500000
v 0.093750 5.684375 -0.937500
v 0.093750 5.715625 -0.500000
v 0.093750 5.715625 -0.937500
v -0.156250 5.578125 -0.534375
v -0.131130 5.671875 -0.534375
v -0.087620 5.646755 -0.534375
v -0.062500 5.603245 -0.534375
v -0.062500 5.553005 -0.534375
v -0.087620 5.509495 -0.534375
v -0.131130 5.484375 -0.534375
v -0.181370 5.484375 -0.534375
v -0.224880 5.509495 -0.534375
v -0.250000 5.553005 -0.534375
v -0.250000 5.603245 -0.534375
v -0.224880 5.646755 -0.534375
v -0.181370 5.671875 -0.534375
v -0.129036 5.679688 -0.500000
v -0.129036 5.679688 -0.562500
v -0.136450 5.652020 -0.500000
v -0.136450 5.652020 -0.562500
v -0.081901 5.652474 -0.500000
v -0.081901 5.652474 -0.562500
v -0.102155 5.632220 -0.500000
v -0.102155 5.632220 -0.562500
v -0.054688 5.605339 -0.500000
v -0.054688 5.605339 -0.562500
v -0.082355 5.597925 -0.500000
v -0.082355 5.597925 -0.562500
v -0.054688 5.550911 -0.500000
v -0.054688 5.550911 -0.562500
v -0.082355 5.558325 -0.500000
v -0.082355 5.558325 -0.562500
v -0.081901 5.503776 -0.500000
v -0.081901 5.503776 -0.562500
v -0.102155 5.524030 -0.500000
v -0.102155 5.524030 -0.562500
v -0.129036 5.476562 -0.500000
v -0.129036 5.476562 -0.562500
v -0.136450 5.504230 -0.500000
v -0.136450 5.504230 -0.562500
v -0.183464 5.476562 -0.500000
v -0.183464 5.476562 -0.562500
v -0.176050 5.504230 -0.500000
v -0.176050 5.504230 -0.562500
v -0.230599 5.503776 -0.500000
v -0.230599 5.503776 -0.562500
v -0.210345 5.524030 -0.500000
v -0.210345 5.524030 -0.562500
v -0.257812 5.550911 -0.500000
v -0.257812 5.550911 -0.562500
v -0.230145 5.558325 -0.500000
v -0.230145 5.558325 -0.562500
v -0.257812 5.605339 -0.500000
v -0.257812 5.605339 -0.562500
v -0.230145 5.597925 -0.500000
v -0.230145 5.597925 -0.562500
v -0.230599 5.652474 -0.500000
v -0.230599 5.652474 -0.562500
v -0.210345 5.632220 -0.500000
v -0.210345 5.632220 -0.562500
v -0.183464 5.679688 -0.500000
v -0.183464 5.679688 -0.562500
v -0.176050 5.652020 -0.500000
v -0.176050 5.652020 -0.562500
v 0.003125 5.606250 -0.500000
v 0.003125 5.606250 -0.562500
v -0.028125 5.606250 -0.500000
v -0.028125 5.606250 -0.562500
v -0.093750 5.715625 -0.500000
v -0.093750 5.715625 -0.937500
v -0.093750 5.684375 -0.500000
v -0.093750 5.684375 -0.937500
v -0.285041 5.606250 -0.500000
v -0.285041 5.606250 -0.562500
v -0.316291 5.606250 -0.500000
v -0.316291 5.606250 -0.562500
v -0.218750 5.684375 -0.500000
v -0.218750 5.684375 -0.937500
v -0.218750 5.715625 -0.500000
v -0.218750 5.715625 -0.937500
v 0.218750 5.156250 -0.525000
v 0.233404 5.101562 -0.525000
v 0.258784 5.116216 -0.525000
v 0.273438 5.141596 -0.525000
v 0.273438 5.170904 -0.525000
v 0.258784 5.196284 -0.525000
v 0.233404 5.210938 -0.525000
v 0.204096 5.210938 -0.525000
v 0.178716 5.196284 -0.525000
v 0.164062 5.170904 -0.525000
v 0.164062 5.141596 -0.525000
v 0.178716 5.116216 -0.525000
v 0.204096 5.101562 -0.525000
v 0.235497 5.093750 -0.546875
v 0.235497 5.093750 -0.484375
v 0.227714 5.122795 -0.546875
v 0.227714 5.122795 -0.484375
v 0.264503 5.110497 -0.546875
v 0.264503 5.110497 -0.484375
v 0.243241 5.131759 -0.546875
v 0.243241 5.131759 -0.484375
v 0.281250 5.139503 -0.546875
v 0.281250 5.139503 -0.484375
v 0.252205 5.147285 -0.546875
v 0.252205 5.147285 -0.484375
v 0.281250 5.172997 -0.546875
v 0.281250 5.172997 -0.484375
v 0.252205 5.165215 -0.546875
v 0.252205 5.165215 -0.484375
v 0.264503 5.202003 -0.546875
v 0.264503 5.202003 -0.484375
v 0.243241 5.180741 -0.546875
v 0.243241 5.180741 -0.484375
v 0.235497 5.218750 -0.546875
v 0.235497 5.218750 -0.484375
v 0.227714 5.189705 -0.546875
v 0.227714 5.189705 -0.484375
v 0.202003 5.218750 -0.546875
v 0.202003 5.218750 -0.484375
v 0.209786 5.189705 -0.546875
v 0.209786 5.189705 -0.484375
v 0.172997 5.202003 -0.546875
v 0.172997 5.202003 -0.484375
v 0.194259 5.180741 -0.546875
v 0.194259 5.180741 -0.484375
v 0.156250 5.172997 -0.546875
v 0.156250 5.172997 -0.484375
v 0.185295 5.165215 -0.546875
v 0.185295 5.165215 -0.484375
v 0.156250 5.139503 -0.546875
v 0.156250 5.139503 -0.484375
v 0.185295 5.147285 -0.546875
v 0.185295 5.147285 -0.484375
v 0.172997 5.110497 -0.546875
v 0.172997 5.110497 -0.484375
v 0.194259 5.131759 -0.546875
v 0.194259 5.131759 -0.484375
v 0.202003 5.093750 -0.546875
v 0.202003 5.093750 -0.484375
v 0.209786 5.122795 -0.546875
v 0.209786 5.122795 -0.484375
v 0.171875 5.250000 -0.500000
v 0.171875 5.250000 -0.687500
v 0.171875 5.218750 -0.500000
v 0.171875 5.218750 -0.687500
v 0.125000 5.187500 -0.500000
v 0.125000 5.187500 -0.568750
v 0.156250 5.187500 -0.500000
v 0.156250 5.187500 -0.568750
v 0.265625 5.250000 -0.500000
v 0.265625 5.250000 -0.687500
v 0.312500 5.187500 -0.500000
v 0.312500 5.187500 -0.571875
v 0.265625 5.218750 -0.500000
v 0.265625 5.218750 -0.687500
v 0.281250 5.187500 -0.500000
v 0.281250 5.187500 -0.571875
v 0.218750 6.031250 -0.525000
v 0.233404 5.976562 -0.525000
v 0.258784 5.991216 -0.525000
v 0.273438 6.016596 -0.525000
v 0.273438 6.045904 -0.525000
v 0.258784 6.071284 -0.525000
v 0.233404 6.085938 -0.525000
v 0.204096 6.085938 -0.525000
v 0.178716 6.071284 -0.525000
v 0.164062 6.045904 -0.525000
v 0.164062 6.016596 -0.525000
v 0.178716 5.991216 -0.525000
v 0.204096 5.976562 -0.525000
v 0.235497 5.968750 -0.546875
v 0.235497 5.968750 -0.484375
v 0.227714 5.997795 -0.546875
v 0.227714 5.997795 -0.484375
v 0.264503 5.985497 -0.546875
v 0.264503 5.985497 -0.484375
v 0.243241 6.006759 -0.546875
v 0.243241 6.006759 -0.484375
v 0.281250 6.014503 -0.546875
v 0.281250 6.014503 -0.484375
v 0.252205 6.022285 -0.546875
v 0.252205 6.022285 -0.484375
v 0.281250 6.047997 -0.546875
v 0.281250 6.047997 -0.484375
v 0.252205 6.040215 -0.546875
v 0.252205 6.040215 -0.484375
v 0.264503 6.077003 -0.546875
v 0.264503 6.077003 -0.484375
v 0.243241 6.055741 -0.546875
v 0.243241 6.055741 -0.484375
v 0.235497 6.093750 -0.546875
v 0.235497 6.093750 -0.484375
v 0.227714 6.064705 -0.546875
v 0.227714 6.064705 -0.484375
v 0.202003 6.093750 -0.546875
v 0.202003 6.093750 -0.484375
v 0.209786 6.064705 -0.546875
v 0.209786 6.064705 -0.484375
v 0.172997 6.077003 -0.546875
v 0.172997 6.077003 -0.484375
v 0.194259 6.055741 -0.546875
v 0.194259 6.055741 -0.484375
v 0.156250 6.047997 -0.546875
v 0.156250 6.047997 -0.484375
v 0.185295 6.040215 -0.546875
v 0.185295 6.040215 -0.484375
v 0.156250 6.014503 -0.546875
v 0.156250 6.014503 -0.484375
v 0.185295 6.022285 -0.546875
v 0.185295 6.022285 -0.484375
v 0.172997 5.985497 -0.546875
v 0.172997 5.985497 -0.484375
v 0.194259 6.006759 -0.546875
v 0.194259 6.006759 -0.484375
v 0.202003 5.968750 -0.546875
v 0.202003 5.968750 -0.484375
v 0.209786 5.997795 -0.546875
v 0.209786 5.997795 -0.484375
v 0.171875 6.125000 -0.500000
v 0.171875 6.125000 -0.687500
v 0.171875 6.093750 -0.500000
v 0.171875 6.093750 -0.687500
v 0.125000 6.062500 -0.500000
v 0.125000 6.062500 -0.568751
v 0.156250 6.062500 -0.500000
v 0.156250 6.062500 -0.568751
v 0.265625 6.125000 -0.500000
v 0.265625 6.125000 -0.687500
v 0.312500 6.062500 -0.500000
v 0.312500 6.062500 -0.571875
v 0.265625 6.093750 -0.500000
v 0.265625 6.093750 -0.687500
v 0.281250 6.062500 -0.500000
v 0.281250 6.062500 -0.571875
v -0.031250 5.156250 -0.525000
v -0.016596 5.101562 -0.525000
v 0.008784 5.116216 -0.525000
v 0.023438 5.141596 -0.525000
v 0.023438 5.170904 -0.525000
v 0.008784 5.196284 -0.525000
v -0.016596 5.210938 -0.525000
v -0.045904 5.210938 -0.525000
v -0.071284 5.196284 -0.525000
v -0.085938 5.170904 -0.525000
v -0.085938 5.141596 -0.525000
v -0.071284 5.116216 -0.525000
v -0.045904 5.101562 -0.525000
v -0.014503 5.093750 -0.546875
v -0.014503 5.093750 -0.484375
v -0.022286 5.122795 -0.546875
v -0.022286 5.122795 -0.484375
v 0.014503 5.110497 -0.546875
v 0.014503 5.110497 -0.484375
v -0.006759 5.131759 -0.546875
v -0.006759 5.131759 -0.484375
v 0.031250 5.139503 -0.546875
v 0.031250 5.139503 -0.484375
v 0.002205 5.147285 -0.546875
v 0.002205 5.147285 -0.484375
v 0.031250 5.172997 -0.546875
v 0.031250 5.172997 -0.484375
v 0.002205 5.165215 -0.546875
v 0.002205 5.165215 -0.484375
v 0.014503 5.202003 -0.546875
v 0.014503 5.202003 -0.484375
v -0.006759 5.180741 -0.546875
v -0.006759 5.180741 -0.484375
v -0.014503 5.218750 -0.546875
v -0.014503 5.218750 -0.484375
v -0.022286 5.189705 -0.546875
v -0.022286 5.189705 -0.484375
v -0.047997 5.218750 -0.546875
v -0.047997 5.218750 -0.484375
v -0.040214 5.189705 -0.546875
v -0.040214 5.189705 -0.484375
v -0.077003 5.202003 -0.546875
v -0.077003 5.202003 -0.484375
v -0.055741 5.180741 -0.546875
v -0.055741 5.180741 -0.484375
v -0.093750 5.172997 -0.546875
v -0.093750 5.172997 -0.484375
v -0.064705 5.165215 -0.546875
v -0.064705 5.165215 -0.484375
v -0.093750 5.139503 -0.546875
v -0.093750 5.139503 -0.484375
v -0.064705 5.147285 -0.546875
v -0.064705 5.147285 -0.484375
v -0.077003 5.110497 -0.546875
v -0.077003 5.110497 -0.484375
v -0.055741 5.131759 -0.546875
v -0.055741 5.131759 -0.484375
v -0.047997 5.093750 -0.546875
v -0.047997 5.093750 -0.484375
v -0.040214 5.122795 -0.546875
v -0.040214 5.122795 -0.484375
v -0.078125 5.250000 -0.500000
v -0.078125 5.250000 -0.687500
v -0.078125 5.218750 -0.500000
v -0.078125 5.218750 -0.687500
v -0.125000 5.187500 -0.500000
v -0.125000 5.187500 -0.568750
v -0.093750 5.187500 -0.500000
v -0.093750 5.187500 -0.568750
v 0.015625 5.250000 -0.500000
v 0.015625 5.250000 -0.687500
v 0.062500 5.187500 -0.500000
v 0.062500 5.187500 -0.571875
v 0.015625 5.218750 -0.500000
v 0.015625 5.218750 -0.687500
v 0.031250 5.187500 -0.500000
v 0.031250 5.187500 -0.571875
v -0.031250 5.343750 -0.525000
v -0.016596 5.289062 -0.525000
v 0.008784 5.303716 -0.525000
v 0.023438 5.329096 -0.525000
v 0.023438 5.358404 -0.525000
v 0.008784 5.383784 -0.525000
v -0.016596 5.398438 -0.525000
v -0.045904 5.398438 -0.525000
v -0.071284 5.383784 -0.525000
v -0.085938 5.358404 -0.525000
v -0.085938 5.329096 -0.525000
v -0.071284 5.303716 -0.525000
v -0.045904 5.289062 -0.525000
v -0.014503 5.281250 -0.546875
v -0.014503 5.281250 -0.484375
v -0.022286 5.310295 -0.546875
v -0.022286 5.310295 -0.484375
v 0.014503 5.297997 -0.546875
v 0.014503 5.297997 -0.484375
v -0.006759 5.319259 -0.546875
v -0.006759 5.319259 -0.484375
v 0.031250 5.327003 -0.546875
v 0.031250 5.327003 -0.484375
v 0.002205 5.334785 -0.546875
v 0.002205 5.334785 -0.484375
v 0.031250 5.360497 -0.546875
v 0.031250 5.360497 -0.484375
v 0.002205 5.352715 -0.546875
v 0.002205 5.352715 -0.484375
v 0.014503 5.389503 -0.546875
v 0.014503 5.389503 -0.484375
v -0.006759 5.368241 -0.546875
v -0.006759 5.368241 -0.484375
v -0.014503 5.406250 -0.546875
v -0.014503 5.406250 -0.484375
v -0.022286 5.377205 -0.546875
v -0.022286 5.377205 -0.484375
v -0.047997 5.406250 -0.546875
v -0.047997 5.406250 -0.484375
v -0.040214 5.377205 -0.546875
v -0.040214 5.377205 -0.484375
v -0.077003 5.389503 -0.546875
v -0.077003 5.389503 -0.484375
v -0.055741 5.368241 -0.546875
v -0.055741 5.368241 -0.484375
v -0.093750 5.360497 -0.546875
v -0.093750 5.360497 -0.484375
v -0.064705 5.352715 -0.546875
v -0.064705 5.352715 -0.484375
v -0.093750 5.327003 -0.546875
v -0.093750 5.327003 -0.484375
v -0.064705 5.334785 -0.546875
v -0.064705 5.334785 -0.484375
v -0.077003 5.297997 -0.546875
v -0.077003 5.297997 -0.484375
v -0.055741 5.319259 -0.546875
v -0.055741 5.319259 -0.484375
v -0.047997 5.281250 -0.546875
v -0.047997 5.281250 -0.484375
v -0.040214 5.310295 -0.546875
v -0.040214 5.310295 -0.484375
v -0.078125 5.437500 -0.500000
v -0.078125 5.437500 -0.687500
v -0.078125 5.406250 -0.500000
v -0.078125 5.406250 -0.687500
v -0.125000 5.375000 -0.500000
v -0.125000 5.375000 -0.568750
v -0.093750 5.375000 -0.500000
v -0.093750 5.375000 -0.568750
v 0.015625 5.437500 -0.500000
v 0.015625 5.437500 -0.687500
v 0.062500 5.375000 -0.500000
v 0.062500 5.375000 -0.571875
v 0.015625 5.406250 -0.500000
v 0.015625 5.406250 -0.687500
v 0.031250 5.375000 -0.500000
v 0.031250 5.375000 -0.571875
v 0.156250 5.343750 -0.525000
v 0.170904 5.289062 -0.525000
v 0.196284 5.303716 -0.525000
v 0.210938 5.329096 -0.525000
v 0.210938 5.358404 -0.525000
v 0.196284 5.383784 -0.525000
v 0.170904 5.398438 -0.525000
v 0.141596 5.398438 -0.525000
v 0.116216 5.383784 -0.525000
v 0.101562 5.358404 -0.525000
v 0.101562 5.329096 -0.525000
v 0.116216 5.303716 -0.525000
v 0.141596 5.289062 -0.525000
v 0.172997 5.281250 -0.546875
v 0.172997 5.281250 -0.484375
v 0.165214 5.310295 -0.546875
v 0.165214 5.310295 -0.484375
v 0.202003 5.297997 -0.546875
v 0.202003 5.297997 -0.484375
v 0.180741 5.319259 -0.546875
v 0.180741 5.319259 -0.484375
v 0.218750 5.327003 -0.546875
v 0.218750 5.327003 -0.484375
v 0.189705 5.334785 -0.546875
v 0.189705 5.334785 -0.484375
v 0.218750 5.360497 -0.546875
v 0.218750 5.360497 -0.484375
v 0.189705 5.352715 -0.546875
v 0.189705 5.352715 -0.484375
v 0.202003 5.389503 -0.546875
v 0.202003 5.389503 -0.484375
v 0.180741 5.368241 -0.546875
v 0.180741 5.368241 -0.484375
v 0.172997 5.406250 -0.546875
v 0.172997 5.406250 -0.484375
v 0.165214 5.377205 -0.546875
v 0.165214 5.377205 -0.484375
v 0.139503 5.406250 -0.546875
v 0.139503 5.406250 -0.484375
v 0.147286 5.377205 -0.546875
v 0.147286 5.377205 -0.484375
v 0.110497 5.389503 -0.546875
v 0.110497 5.389503 -0.484375
v 0.131759 5.368241 -0.546875
v 0.131759 5.368241 -0.484375
v 0.093750 5.360497 -0.546875
v 0.093750 5.360497 -0.484375
v 0.122795 5.352715 -0.546875
v 0.122795 5.352715 -0.484375
v 0.093750 5.327003 -0.546875
v 0.093750 5.327003 -0.484375
v 0.122795 5.334785 -0.546875
v 0.122795 5.334785 -0.484375
v 0.110497 5.297997 -0.546875
v 0.110497 5.297997 -0.484375
v 0.131759 5.319259 -0.546875
v 0.131759 5.319259 -0.484375
v 0.139503 5.281250 -0.546875
v 0.139503 5.281250 -0.484375
v 0.147286 5.310295 -0.546875
v 0.147286 5.310295 -0.484375
v 0.109375 5.437500 -0.500000
v 0.109375 5.437500 -0.687500
v 0.109375 5.406250 -0.500000
v 0.109375 5.406250 -0.687500
v 0.062500 5.375000 -0.568750
v 0.093750 5.375000 -0.500000
v 0.093750 5.375000 -0.568750
v 0.203125 5.437500 -0.500000
v 0.203125 5.437500 -0.687500
v 0.250000 5.375000 -0.500000
v 0.250000 5.375000 -0.571875
v 0.203125 5.406250 -0.500000
v 0.203125 5.406250 -0.687500
v 0.218750 5.375000 -0.500000
v 0.218750 5.375000 -0.571875
v -0.218750 5.343750 -0.525000
v -0.204096 5.289062 -0.525000
v -0.178716 5.303716 -0.525000
v -0.164062 5.329096 -0.525000
v -0.164062 5.358404 -0.525000
v -0.178716 5.383784 -0.525000
v -0.204096 5.398438 -0.525000
v -0.233404 5.398438 -0.525000
v -0.258784 5.383784 -0.525000
v -0.273438 5.358404 -0.525000
v -0.273438 5.329096 -0.525000
v -0.258784 5.303716 -0.525000
v -0.233404 5.289062 -0.525000
v -0.202003 5.281250 -0.546875
v -0.202003 5.281250 -0.484375
v -0.209786 5.310295 -0.546875
v -0.209786 5.310295 -0.484375
v -0.172997 5.297997 -0.546875
v -0.172997 5.297997 -0.484375
v -0.194259 5.319259 -0.546875
v -0.194259 5.319259 -0.484375
v -0.156250 5.327003 -0.546875
v -0.156250 5.327003 -0.484375
v -0.185295 5.334785 -0.546875
v -0.185295 5.334785 -0.484375
v -0.156250 5.360497 -0.546875
v -0.156250 5.360497 -0.484375
v -0.185295 5.352715 -0.546875
v -0.185295 5.352715 -0.484375
v -0.172997 5.389503 -0.546875
v -0.172997 5.389503 -0.484375
v -0.194259 5.368241 -0.546875
v -0.194259 5.368241 -0.484375
v -0.202003 5.406250 -0.546875
v -0.202003 5.406250 -0.484375
v -0.209786 5.377205 -0.546875
v -0.209786 5.377205 -0.484375
v -0.235497 5.406250 -0.546875
v -0.235497 5.406250 -0.484375
v -0.227714 5.377205 -0.546875
v -0.227714 5.377205 -0.484375
v -0.264503 5.389503 -0.546875
v -0.264503 5.389503 -0.484375
v -0.243241 5.368241 -0.546875
v -0.243241 5.368241 -0.484375
v -0.281250 5.360497 -0.546875
v -0.281250 5.360497 -0.484375
v -0.252205 5.352715 -0.546875
v -0.252205 5.352715 -0.484375
v -0.281250 5.327003 -0.546875
v -0.281250 5.327003 -0.484375
v -0.252205 5.334785 -0.546875
v -0.252205 5.334785 -0.484375
v -0.264503 5.297997 -0.546875
v -0.264503 5.297997 -0.484375
v -0.243241 5.319259 -0.546875
v -0.243241 5.319259 -0.484375
v -0.235497 5.281250 -0.546875
v -0.235497 5.281250 -0.484375
v -0.227714 5.310295 -0.546875
v -0.227714 5.310295 -0.484375
v -0.265625 5.437500 -0.500000
v -0.265625 5.437500 -0.687500
v -0.265625 5.406250 -0.500000
v -0.265625 5.406250 -0.687500
v -0.312500 5.375000 -0.500000
v -0.312500 5.375000 -0.568750
v -0.281250 5.375000 -0.500000
v -0.281250 5.375000 -0.568750
v -0.171875 5.437500 -0.500000
v -0.171875 5.437500 -0.687500
v -0.125000 5.375000 -0.571875
v -0.171875 5.406250 -0.500000
v -0.171875 5.406250 -0.687500
v -0.156250 5.375000 -0.500000
v -0.156250 5.375000 -0.571875
v -0.041685 2.011440 -0.252290
v -0.042567 2.011806 -0.314783
v 0.026292 1.447102 -0.256999
v 0.025410 1.447468 -0.319491
v -0.098345 2.001471 -0.251549
v -0.099226 2.001837 -0.314042
v -0.030368 1.437134 -0.256257
v -0.031250 1.437500 -0.318750
v 0.099503 2.001808 -0.253125
v 0.099503 2.001808 -0.315625
v 0.031250 1.437500 -0.253125
v 0.031250 1.437500 -0.315625
v 0.042843 2.011799 -0.253125
v 0.042843 2.011799 -0.315625
v -0.025410 1.447491 -0.253125
v -0.025410 1.447491 -0.315625
v 0.368750 5.090997 0.441786
v 0.368750 5.080144 0.411486
v 0.243750 4.961646 0.463492
v 0.243750 4.950793 0.433191
v 0.337500 5.090997 0.441786
v 0.337500 5.080144 0.411486
v 0.212500 4.961646 0.463492
v 0.212500 4.950793 0.433191
v -0.350000 5.090997 0.441786
v -0.350000 5.080144 0.411486
v -0.225000 4.961646 0.463492
v -0.225000 4.950793 0.433191
v -0.381250 5.090997 0.441786
v -0.381250 5.080144 0.411486
v -0.256250 4.961646 0.463492
v -0.256250 4.950793 0.433191
v 0.406250 5.156250 -0.187500
v 0.406250 5.156250 -0.218750
v 0.406250 5.125000 -0.218750
v 0.343750 5.156250 -0.187500
v 0.343750 5.156250 -0.218750
v 0.343750 5.125000 -0.218750
v 0.406250 5.812500 -0.218750
v 0.406250 5.781250 -0.187500
v 0.406250 5.781250 -0.218750
v 0.343750 5.812500 -0.218750
v 0.343750 5.781250 -0.187500
v 0.343750 5.781250 -0.218750
v -0.343750 5.812500 -0.218750
v -0.343750 5.781250 -0.187500
v -0.343750 5.781250 -0.218750
v -0.406250 5.812500 -0.218750
v -0.406250 5.781250 -0.187500
v -0.406250 5.781250 -0.218750
v -0.343750 5.156250 -0.187500
v -0.343750 5.156250 -0.218750
v -0.343750 5.125000 -0.218750
v -0.406250 5.156250 -0.187500
v -0.406250 5.156250 -0.218750
v -0.406250 5.125000 -0.218750
v 0.250000 5.000000 0.681250
v 0.062500 4.937500 0.218750
v 0.250000 4.937500 0.681250
v 0.062500 4.875000 0.218750
v 0.187500 5.000000 0.681250
v 0.000000 4.937500 0.218750
v 0.187500 4.937500 0.681250
v 0.000000 4.875000 0.218750
v -0.187500 5.000000 0.681250
v -0.187500 4.937500 0.681250
v -0.250000 5.000000 0.681250
v -0.062500 4.937500 0.218750
v -0.250000 4.937500 0.681250
v -0.062500 4.875000 0.218750
v 0.375000 6.250000 -0.437500
v 0.375000 6.250000 -0.500000
v 0.375000 5.000000 -0.437500
v 0.375000 5.000000 -0.500000
v -0.375000 6.250000 -0.437500
v -0.375000 6.250000 -0.500000
v -0.375000 5.000000 -0.437500
v -0.375000 5.000000 -0.500000
v 0.062500 5.000000 -0.156250
v 0.062500 5.000000 -0.218750
v 0.062500 3.875000 -0.156250
v 0.062500 3.875000 -0.218750
v -0.062500 5.000000 -0.156250
v -0.062500 5.000000 -0.218750
v -0.062500 3.875000 -0.156250
v -0.062500 3.875000 -0.218750
v -0.062500 3.875000 0.218750
v 0.062500 5.000000 0.218750
v 0.062500 5.000000 0.093750
v 0.062500 3.875000 0.218750
v 0.062500 3.875000 0.093750
v -0.062500 5.000000 0.218750
v -0.062500 5.000000 0.093750
v -0.062500 3.875000 0.093750
v 0.062500 4.937500 0.093750
v 0.062500 4.937500 -0.156250
v -0.062500 4.937500 0.093750
v -0.062500 4.937500 -0.156250
v 0.062500 4.562500 0.093750
v 0.062500 4.562500 -0.156250
v 0.062500 4.500000 0.093750
v 0.062500 4.500000 -0.156250
v -0.062500 4.562500 0.093750
v -0.062500 4.562500 -0.156250
v -0.062500 4.500000 0.093750
v -0.062500 4.500000 -0.156250
v 0.062500 4.062500 0.093750
v 0.062500 4.062500 -0.156250
v 0.062500 4.000000 0.093750
v 0.062500 4.000000 -0.156250
v -0.062500 4.062500 0.093750
v -0.062500 4.062500 -0.156250
v -0.062500 4.000000 0.093750
v -0.062500 4.000000 -0.156250
v 0.062500 2.875000 0.218750
v 0.062500 2.875000 0.093750
v -0.062500 2.875000 0.218750
v -0.062500 2.875000 0.093750
v 0.062500 2.875000 -0.156250
v 0.062500 2.875000 -0.218750
v -0.062500 2.875000 -0.156250
v -0.062500 2.875000 -0.218750
v 0.062500 3.562500 0.093750
v 0.062500 3.562500 -0.156250
v 0.062500 3.500000 0.093750
v 0.062500 3.500000 -0.156250
v -0.062500 3.562500 0.093750
v -0.062500 3.562500 -0.156250
v -0.062500 3.500000 0.093750
v -0.062500 3.500000 -0.156250
v 0.062500 3.062500 0.093750
v 0.062500 3.062500 -0.156250
v 0.062500 3.000000 0.093750
v 0.062500 3.000000 -0.156250
v -0.062500 3.062500 0.093750
v -0.062500 3.062500 -0.156250
v -0.062500 3.000000 0.093750
v -0.062500 3.000000 -0.156250
v 0.062500 1.875000 0.218750
v 0.062500 1.875000 0.093750
v -0.062500 1.875000 0.218750
v -0.062500 1.875000 0.093750
v 0.062500 1.875000 -0.156250
v 0.062500 1.875000 -0.218750
v -0.062500 1.875000 -0.156250
v -0.062500 1.875000 -0.218750
v 0.062500 2.562500 0.093750
v 0.062500 2.562500 -0.156250
v 0.062500 2.500000 0.093750
v 0.062500 2.500000 -0.156250
v -0.062500 2.562500 0.093750
v -0.062500 2.562500 -0.156250
v -0.062500 2.500000 0.093750
v -0.062500 2.500000 -0.156250
v 0.062500 2.062500 0.093750
v 0.062500 2.062500 -0.156250
v 0.062500 2.000000 0.093750
v 0.062500 2.000000 -0.156250
v -0.062500 2.062500 0.093750
v -0.062500 2.062500 -0.156250
v -0.062500 2.000000 0.093750
v -0.062500 2.000000 -0.156250
v 0.062500 0.875000 0.218750
v 0.062500 0.875000 0.093750
v -0.062500 0.875000 0.218750
v -0.062500 0.875000 0.093750
v 0.062500 0.875000 -0.156250
v 0.062500 0.875000 -0.218750
v -0.062500 0.875000 -0.156250
v -0.062500 0.875000 -0.218750
v 0.062500 1.562500 0.093750
v 0.062500 1.562500 -0.156250
v 0.062500 1.500000 0.093750
v 0.062500 1.500000 -0.156250
v -0.062500 1.562500 0.093750
v -0.062500 1.562500 -0.156250
v -0.062500 1.500000 0.093750
v -0.062500 1.500000 -0.156250
v 0.062500 1.062500 0.093750
v 0.062500 1.062500 -0.156250
v 0.062500 1.000000 0.093750
v 0.062500 1.000000 -0.156250
v -0.062500 1.062500 0.093750
v -0.062500 1.062500 -0.156250
v -0.062500 1.000000 0.093750
v -0.062500 1.000000 -0.156250
v 0.062500 -0.125000 0.218750
v 0.062500 -0.125000 0.093750
v -0.062500 -0.125000 0.218750
v -0.062500 -0.125000 0.093750
v 0.062500 -0.125000 -0.156250
v 0.062500 -0.125000 -0.218750
v -0.062500 -0.125000 -0.156250
v -0.062500 -0.125000 -0.218750
v 0.062500 0.562500 0.093750
v 0.062500 0.562500 -0.156250
v 0.062500 0.500000 0.093750
v 0.062500 0.500000 -0.156250
v -0.062500 0.562500 0.093750
v -0.062500 0.562500 -0.156250
v -0.062500 0.500000 0.093750
v -0.062500 0.500000 -0.156250
v 0.093750 0.062500 0.093750
v 0.093750 0.062500 -0.156250
v 0.093750 0.000000 0.093750
v 0.093750 -0.000000 -0.156250
v -0.093750 0.062500 0.093750
v -0.093750 0.062500 -0.156250
v -0.093750 0.000000 0.093750
v -0.093750 -0.000000 -0.156250
v 0.375000 0.250000 0.375000
v 0.375000 0.250000 -0.375000
v 0.375000 -0.187500 0.375000
v 0.375000 -0.187500 -0.375000
v -0.375000 0.250000 0.375000
v -0.375000 0.250000 -0.375000
v -0.375000 -0.187500 0.375000
v -0.375000 -0.187500 -0.375000
v 0.312500 0.312500 0.250000
v 0.312500 0.312500 -0.250000
v 0.312500 0.250000 0.250000
v 0.312500 0.250000 -0.250000
v -0.312500 0.312500 0.250000
v -0.312500 0.312500 -0.250000
v -0.312500 0.250000 0.250000
v -0.312500 0.250000 -0.250000
v -0.057455 0.711406 -0.162500
v -0.057455 0.711406 -0.212500
v 0.065879 0.666516 -0.162500
v 0.065879 0.666516 -0.212500
v -0.249842 0.182829 -0.162500
v -0.249842 0.182829 -0.212500
v -0.126507 0.137939 -0.162500
v -0.126507 0.137939 -0.212500
v -0.057455 0.711406 0.212500
v -0.057455 0.711406 0.100000
v 0.065879 0.666516 0.212500
v 0.065879 0.666516 0.100000
v -0.249842 0.182829 0.212500
v -0.249842 0.182829 0.100000
v -0.126507 0.137939 0.212500
v -0.126507 0.137939 0.100000
v 0.249842 0.182829 -0.162500
v 0.249842 0.182829 -0.212500
v 0.126507 0.137939 -0.162500
v 0.126507 0.137939 -0.212500
v 0.057455 0.711406 -0.162500
v 0.057455 0.711406 -0.212500
v -0.065879 0.666516 -0.162500
v -0.065879 0.666516 -0.212500
v 0.249842 0.182829 0.212500
v 0.249842 0.182829 0.100000
v 0.126507 0.137939 0.212500
v 0.126507 0.137939 0.100000
v 0.057455 0.711406 0.212500
v 0.057455 0.711406 0.100000
v -0.065879 0.666516 0.212500
v -0.065879 0.666516 0.100000
v 0.296875 1.312500 0.500000
v 0.296875 1.312500 0.125000
v 0.296875 0.500000 0.500000
v 0.296875 0.500000 0.125000
v -0.328125 1.312500 0.500000
v -0.328125 1.312500 0.125000
v -0.328125 0.500000 0.500000
v -0.328125 0.500000 0.125000
v 0.078125 5.906250 -0.500000
v 0.078125 5.906250 -0.531250
v 0.078125 5.750000 -0.500000
v 0.078125 5.750000 -0.531250
v -0.078125 5.906250 -0.500000
v -0.078125 5.906250 -0.531250
v -0.078125 5.750000 -0.500000
v -0.078125 5.750000 -0.531250
v 0.312500 6.250000 -0.312500
v 0.312500 6.250000 -0.437500
v 0.312500 5.000000 -0.312500
v 0.312500 5.000000 -0.437500
v -0.312500 6.250000 -0.312500
v -0.312500 6.250000 -0.437500
v -0.312500 5.000000 -0.312500
v -0.312500 5.000000 -0.437500
v -0.128791 5.792639 -0.500000
v -0.128791 5.792639 -0.562500
v -0.160041 5.792639 -0.500000
v -0.160041 5.792639 -0.562500
v 0.159375 5.792639 -0.500000
v 0.159375 5.792639 -0.562500
v 0.128125 5.792639 -0.500000
v 0.128125 5.792639 -0.562500
v 0.027459 5.542639 -0.500000
v 0.027459 5.542639 -0.562500
v -0.003791 5.542639 -0.500000
v -0.003791 5.542639 -0.562500
v 0.315625 5.542639 -0.500000
v 0.315625 5.542639 -0.562500
v 0.284375 5.542639 -0.500000
v 0.284375 5.542639 -0.562500
v -0.285041 5.542639 -0.500000
v -0.285041 5.542639 -0.562500
v -0.316291 5.542639 -0.500000
v -0.316291 5.542639 -0.562500
v 0.003125 5.542639 -0.500000
v 0.003125 5.542639 -0.562500
v -0.028125 5.542639 -0.500000
v -0.028125 5.542639 -0.562500
v 0.156629 5.187311 -0.490625
v 0.156629 5.187311 -0.568750
v 0.156629 5.124811 -0.490625
v 0.156629 5.124811 -0.568750
v 0.125379 5.187311 -0.490625
v 0.125379 5.187311 -0.568750
v 0.125379 5.124811 -0.490625
v 0.125379 5.124811 -0.568750
v 0.312879 5.187311 -0.490625
v 0.312879 5.187311 -0.568750
v 0.312879 5.124811 -0.490625
v 0.312879 5.124811 -0.568750
v 0.281629 5.187311 -0.490625
v 0.281629 5.187311 -0.568750
v 0.281629 5.124811 -0.490625
v 0.281629 5.124811 -0.568750
v 0.156629 6.062311 -0.490625
v 0.156629 6.062311 -0.568751
v 0.156629 5.999811 -0.490625
v 0.156629 5.999811 -0.568751
v 0.125379 6.062311 -0.490625
v 0.125379 6.062311 -0.568751
v 0.125379 5.999811 -0.490625
v 0.125379 5.999811 -0.568751
v 0.312879 6.062311 -0.490625
v 0.312879 6.062311 -0.568751
v 0.312879 5.999811 -0.490625
v 0.312879 5.999811 -0.568751
v 0.281629 6.062311 -0.490625
v 0.281629 6.062311 -0.568751
v 0.281629 5.999811 -0.490625
v 0.281629 5.999811 -0.568751
v -0.093371 5.187311 -0.490625
v -0.093371 5.187311 -0.568750
v -0.093371 5.124811 -0.490625
v -0.093371 5.124811 -0.568750
v -0.124621 5.187311 -0.490625
v -0.124621 5.187311 -0.568750
v -0.124621 5.124811 -0.490625
v -0.124621 5.124811 -0.568750
v 0.062879 5.187311 -0.490625
v 0.062879 5.187311 -0.568750
v 0.062879 5.124811 -0.490625
v 0.062879 5.124811 -0.568750
v 0.031629 5.187311 -0.490625
v 0.031629 5.187311 -0.568750
v 0.031629 5.124811 -0.490625
v 0.031629 5.124811 -0.568750
v -0.093371 5.374811 -0.490625
v -0.093371 5.374811 -0.568750
v -0.093371 5.312311 -0.490625
v -0.093371 5.312311 -0.568750
v -0.124621 5.374811 -0.490625
v -0.124621 5.374811 -0.568750
v -0.124621 5.312311 -0.490625
v -0.124621 5.312311 -0.568750
v 0.062879 5.374811 -0.490625
v 0.062879 5.374811 -0.568750
v 0.062879 5.312311 -0.490625
v 0.062879 5.312311 -0.568750
v 0.031629 5.374811 -0.490625
v 0.031629 5.374811 -0.568750
v 0.031629 5.312311 -0.490625
v 0.031629 5.312311 -0.568750
v 0.094129 5.374811 -0.490625
v 0.094129 5.374811 -0.568750
v 0.094129 5.312311 -0.490625
v 0.094129 5.312311 -0.568750
v 0.250379 5.374811 -0.490625
v 0.250379 5.374811 -0.568750
v 0.250379 5.312311 -0.490625
v 0.250379 5.312311 -0.568750
v 0.219129 5.374811 -0.490625
v 0.219129 5.374811 -0.568750
v 0.219129 5.312311 -0.490625
v 0.219129 5.312311 -0.568750
v -0.280871 5.374811 -0.490625
v -0.280871 5.374811 -0.568750
v -0.280871 5.312311 -0.490625
v -0.280871 5.312311 -0.568750
v -0.312121 5.374811 -0.490625
v -0.312121 5.374811 -0.568750
v -0.312121 5.312311 -0.490625
v -0.312121 5.312311 -0.568750
v -0.155871 5.374811 -0.490625
v -0.155871 5.374811 -0.568750
v -0.155871 5.312311 -0.490625
v -0.155871 5.312311 -0.568750
v 0.093750 3.125000 -0.250000
v 0.093750 3.125000 -0.312500
v 0.093750 2.187500 -0.250000
v 0.093750 2.187500 -0.312500
v -0.093750 3.125000 -0.250000
v -0.093750 3.125000 -0.312500
v -0.093750 2.187500 -0.250000
v -0.093750 2.187500 -0.312500
v 0.099502 2.062500 -0.250000
v 0.099502 2.062500 -0.312500
v 0.099502 2.001808 -0.250000
v 0.099502 2.001808 -0.312500
v -0.098616 2.062500 -0.250000
v -0.098616 2.062500 -0.312500
v -0.098616 2.001808 -0.250000
v -0.098616 2.001808 -0.312500
v 0.031250 1.500000 -0.250000
v 0.031250 1.500000 -0.312500
v 0.031250 1.437500 -0.250000
v 0.031250 1.437500 -0.312500
v -0.031250 1.500000 -0.250000
v -0.031250 1.500000 -0.312500
v -0.031250 1.437500 -0.250000
v -0.031250 1.437500 -0.312500
v 0.062500 2.015625 -0.185000
v 0.062500 2.015625 -0.310000
v 0.062500 1.796875 -0.185000
v 0.062500 1.796875 -0.310000
v -0.046875 2.015625 -0.185000
v -0.046875 2.015625 -0.310000
v -0.046875 1.796875 -0.185000
v -0.046875 1.796875 -0.310000
v 0.031250 1.796875 -0.185000
v 0.031250 1.796875 -0.310000
v 0.031250 1.625000 -0.185000
v 0.031250 1.625000 -0.310000
v -0.031250 1.796875 -0.185000
v -0.031250 1.796875 -0.310000
v -0.031250 1.625000 -0.185000
v -0.031250 1.625000 -0.310000
v 0.031250 1.562500 -0.185000
v 0.031250 1.562500 -0.310000
v -0.031250 1.562500 -0.185000
v -0.031250 1.562500 -0.310000
v 0.068750 3.062500 -0.187500
v 0.068750 3.062500 -0.250000
v 0.068750 2.937500 -0.187500
v 0.068750 2.937500 -0.250000
v -0.068750 3.062500 -0.187500
v -0.068750 3.062500 -0.250000
v -0.068750 2.937500 -0.187500
v -0.068750 2.937500 -0.250000
v 0.068750 2.375000 -0.187500
v 0.068750 2.375000 -0.250000
v 0.068750 2.250000 -0.187500
v 0.068750 2.250000 -0.250000
v -0.068750 2.375000 -0.187500
v -0.068750 2.375000 -0.250000
v -0.068750 2.250000 -0.187500
v -0.068750 2.250000 -0.250000
v 0.068750 2.000000 -0.187500
v 0.068750 2.000000 -0.265625
v 0.068750 1.875000 -0.265625
v -0.068750 2.000000 -0.187500
v -0.068750 2.000000 -0.265625
v -0.068750 1.875000 -0.187500
v -0.068750 1.875000 -0.265625
v 0.250000 5.875000 0.671875
v 0.250000 5.875000 0.640625
v 0.250000 5.000000 0.671875
v 0.250000 5.000000 0.640625
v 0.218750 5.875000 0.671875
v 0.218750 5.875000 0.640625
v 0.218750 5.000000 0.671875
v 0.218750 5.000000 0.640625
v -0.218750 5.875000 0.671875
v -0.218750 5.875000 0.640625
v -0.218750 5.000000 0.671875
v -0.218750 5.000000 0.640625
v -0.250000 5.875000 0.671875
v -0.250000 5.875000 0.640625
v -0.250000 5.000000 0.671875
v -0.250000 5.000000 0.640625
v 0.368750 5.884903 0.300697
v 0.368750 5.879477 0.269922
v 0.368750 5.084747 0.441786
v 0.368750 5.079321 0.411011
v 0.337500 5.884903 0.300697
v 0.337500 5.879477 0.269922
v 0.337500 5.084747 0.441786
v 0.337500 5.079321 0.411011
v -0.350000 5.884903 0.300697
v -0.350000 5.879477 0.269922
v -0.350000 5.084747 0.441786
v -0.350000 5.079321 0.411011
v -0.381250 5.884903 0.300697
v -0.381250 5.879477 0.269922
v -0.381250 5.084747 0.441786
v -0.381250 5.079321 0.411011
v 0.312500 5.906250 0.671875
v 0.312500 5.906250 0.640625
v 0.312500 5.875000 0.671875
v 0.312500 5.875000 0.640625
v -0.312500 5.906250 0.671875
v -0.312500 5.906250 0.640625
v -0.312500 5.875000 0.671875
v -0.312500 5.875000 0.640625
v 0.375000 5.818750 -0.343750
v 0.375000 5.818750 -0.437500
v 0.375000 5.000000 -0.343750
v 0.312500 5.818750 -0.343750
v 0.312500 5.818750 -0.437500
v 0.312500 5.000000 -0.343750
v -0.312500 5.818750 -0.343750
v -0.312500 5.818750 -0.437500
v -0.312500 5.000000 -0.343750
v -0.375000 5.818750 -0.343750
v -0.375000 5.818750 -0.437500
v -0.375000 5.000000 -0.343750
v -0.343750 5.906250 0.562500
v -0.343750 5.906250 -0.000000
v -0.343750 5.875000 0.562500
v -0.343750 5.875000 -0.000000
v -0.375000 5.906250 0.562500
v -0.375000 5.906250 -0.000000
v -0.375000 5.875000 0.562500
v -0.375000 5.875000 -0.000000
v 0.250000 5.000000 0.687500
v 0.250000 5.000000 0.218750
v 0.250000 4.937500 0.687500
v 0.250000 4.937500 0.218750
v -0.250000 5.000000 0.687500
v -0.250000 5.000000 0.218750
v -0.250000 4.937500 0.687500
v -0.250000 4.937500 0.218750
v -0.312500 5.906250 0.656250
v -0.312500 5.906250 0.562500
v -0.312500 5.875000 0.656250
v -0.312500 5.875000 0.562500
v -0.375000 5.906250 0.656250
v -0.375000 5.875000 0.656250
v 0.375000 5.906250 0.562500
v 0.375000 5.906250 -0.000000
v 0.375000 5.875000 0.562500
v 0.375000 5.875000 -0.000000
v 0.343750 5.906250 0.562500
v 0.343750 5.906250 -0.000000
v 0.343750 5.875000 0.562500
v 0.343750 5.875000 -0.000000
v 0.375000 5.906250 0.656250
v 0.375000 5.875000 0.656250
v 0.312500 5.906250 0.656250
v 0.312500 5.906250 0.562500
v 0.312500 5.875000 0.656250
v 0.312500 5.875000 0.562500
v 0.375000 4.937500 -0.343750
v 0.375000 4.937500 -0.437500
v -0.375000 4.937500 -0.343750
v -0.375000 4.937500 -0.437500
v 0.125000 4.718750 -0.343750
v 0.125000 4.718750 -0.437500
v 0.125000 4.687500 -0.343750
v 0.125000 4.687500 -0.437500
v -0.125000 4.718750 -0.343750
v -0.125000 4.718750 -0.437500
v -0.125000 4.687500 -0.343750
v -0.125000 4.687500 -0.437500
v 0.062500 4.718750 -0.218750
v 0.062500 4.718750 -0.343750
v 0.062500 4.687500 -0.218750
v 0.062500 4.687500 -0.343750
v -0.062500 4.718750 -0.218750
v -0.062500 4.718750 -0.343750
v -0.062500 4.687500 -0.218750
v -0.062500 4.687500 -0.343750
v -0.102903 4.709597 -0.337500
v -0.102903 4.709597 -0.431250
v -0.125000 4.687500 -0.337500
v -0.125000 4.687500 -0.431250
v -0.352903 4.959597 -0.337500
v -0.352903 4.959597 -0.431250
v -0.375000 4.937500 -0.337500
v -0.375000 4.937500 -0.431250
v 0.352903 4.959597 -0.337500
v 0.352903 4.959597 -0.431250
v 0.375000 4.937500 -0.337500
v 0.375000 4.937500 -0.431250
v 0.102903 4.709597 -0.337500
v 0.102903 4.709597 -0.431250
v 0.125000 4.687500 -0.337500
v 0.125000 4.687500 -0.431250
v 0.068750 5.062500 -0.187500
v 0.068750 5.062500 -0.312500
v 0.068750 4.937500 -0.187500
v 0.068750 4.937500 -0.312500
v -0.068750 5.062500 -0.187500
v -0.068750 5.062500 -0.312500
v -0.068750 4.937500 -0.187500
v -0.068750 4.937500 -0.312500
v -0.343750 5.812500 -0.406250
v -0.343750 5.781250 -0.406250
v -0.406250 5.812500 -0.406250
v -0.406250 5.781250 -0.406250
v -0.343750 5.156250 -0.406250
v -0.343750 5.125000 -0.406250
v -0.406250 5.156250 -0.406250
v -0.406250 5.125000 -0.406250
v 0.406250 5.812500 -0.406250
v 0.406250 5.781250 -0.406250
v 0.343750 5.812500 -0.406250
v 0.343750 5.781250 -0.406250
v 0.406250 5.156250 -0.406250
v 0.406250 5.125000 -0.406250
v 0.343750 5.156250 -0.406250
v 0.343750 5.125000 -0.406250
vn -0.0000 -0.0000 -1.0000
vn 0.5000 0.8660 -0.0000
vn -0.5000 -0.8660 -0.0000
vn -0.0000 -0.0000 1.0000
vn 0.8660 0.5000 -0.0000
vn -0.8660 -0.5000 -0.0000
vn 1.0000 -0.0000 -0.0000
vn -1.0000 -0.0000 -0.0000
vn 0.8660 -0.5000 -0.0000
vn -0.8660 0.5000 -0.0000
vn 0.5000 -0.8660 -0.0000
vn -0.5000 0.8660 -0.0000
vn -0.0000 -1.0000 -0.0000
vn -0.0000 1.0000 -0.0000
vn 0.7486 0.6630 -0.0000
vn -0.7657 -0.6432 -0.0000
vn -0.0001 -0.9600 -0.2799
vn -0.0001 -0.9600 -0.2800
vn 0.7625 -0.6470 -0.0000
vn -0.7463 0.6656 -0.0000
vn 0.0001 -0.9790 -0.2039
vn 0.0001 -0.9790 -0.2040
vn -0.8000 0.6000 -0.0000
vn 0.8944 -0.4472 -0.0000
vn -0.9302 0.0001 -0.3671
vn -0.9301 0.0001 -0.3672
vn 0.8000 0.6000 -0.0000
vn -0.8944 -0.4472 -0.0000
vn 0.9267 0.0001 -0.3757
vn 0.9927 0.1197 -0.0133
vn -0.9927 -0.1197 0.0133
vn -0.1732 0.9849 0.0082
vn 0.1732 -0.9849 -0.0082
vn 0.0142 -0.0066 0.9999
vn -0.0142 0.0066 -0.9999
vn 0.9928 -0.1201 -0.0000
vn -0.9928 0.1201 -0.0000
vn 0.1737 0.9848 -0.0000
vn -0.1736 -0.9848 -0.0000
vn 0.7184 -0.6549 0.2346
vn -0.7184 0.6549 -0.2346
vn -0.0000 0.9414 -0.3372
vn -0.0000 -0.9414 0.3372
vn -0.0000 0.1655 0.9862
vn -0.0000 -0.1655 -0.9862
vn 0.7184 0.6549 -0.2346
vn -0.7184 -0.6549 0.2346
vn -0.0000 -0.7071 0.7071
vn 0.5470 0.7734 -0.3204
vn 0.5470 -0.3204 0.7734
vn 0.5774 -0.5773 -0.5774
vn -0.5470 0.7734 -0.3204
vn -0.5774 -0.5774 -0.5773
vn -0.5470 -0.3204 0.7734
vn 0.5774 -0.5774 -0.5773
vn 0.5469 -0.3204 0.7734
vn -0.5469 -0.3204 0.7734
vn -0.5773 -0.5774 -0.5774
vn -0.5774 -0.5773 -0.5774
vn -0.5469 0.7734 -0.3204
vn 0.5469 0.7734 -0.3204
vn 0.5773 -0.5774 -0.5774
vn 0.9267 -0.0000 -0.3757
vn -0.9267 -0.0000 0.3757
vn -0.0000 0.9910 -0.1339
vn -0.0000 -0.9910 0.1339
vn 0.9267 -0.0000 0.3757
vn -0.9267 -0.0000 -0.3757
vn 0.3420 0.9397 -0.0000
vn -0.3420 -0.9397 -0.0000
vn -0.9397 0.3420 -0.0000
vn 0.9397 -0.3420 -0.0000
vn 0.3420 -0.9397 -0.0000
vn -0.3420 0.9397 -0.0000
vn 0.9397 0.3420 -0.0000
vn -0.9397 -0.3420 -0.0000
vn -0.0000 0.9848 -0.1736
vn -0.0000 -0.9848 0.1736
vn -0.0000 0.1736 0.9848
vn -0.0000 -0.1736 -0.9848
vn 0.7071 -0.7071 -0.0000
vn -0.7071 0.7071 -0.0000
vn 0.7071 0.7071 -0.0000
vn -0.7071 -0.7071 -0.0000
vt 0.324762 0.675237
vt 0.375000 0.762263
vt 0.187500 0.812500
vt 0.375000 0.862737
vt 0.324762 0.949763
vt 0.237738 1.000000
vt 0.137262 1.000000
vt 0.050237 0.949763
vt 0.000000 0.862737
vt 0.000000 0.762263
vt 0.050237 0.675237
vt 0.137262 0.625000
vt 0.237738 0.625000
vt 0.296875 0.343750
vt 0.310481 0.343750
vt 0.310481 0.359375
vt 0.296875 0.359375
vt 0.306775 0.359375
vt 0.306775 0.343750
vt 0.296875 0.357521
vt 0.296875 0.347621
vt 0.303793 0.345768
vt 0.303792 0.359375
vt 0.296875 0.352457
vt 0.310482 0.352457
vt 0.308628 0.359375
vt 0.298728 0.359375
vt 0.296875 0.357522
vt 0.296875 0.347622
vt 0.303792 0.345768
vt 0.303793 0.359375
vt 0.308629 0.359375
vt 0.298729 0.359375
vt 0.296875 0.357522
vt 0.296875 0.347622
vt 0.303792 0.345769
vt 0.303792 0.359375
vt 0.298728 0.359375
vt 0.296875 0.352457
vt 0.310482 0.352458
vt 0.303793 0.345768
vt 0.303793 0.359375
vt 0.296875 0.357521
vt 0.296875 0.347621
vt 0.308629 0.359375
vt 0.298729 0.359375
vt 0.296875 0.352458
vt 0.310482 0.352457
vt 0.296875 0.357522
vt 0.308628 0.359375
vt 0.298728 0.359375
vt 0.296875 0.352458
vt 0.310481 0.352458
vt 0.298728 0.352458
vt 0.308628 0.352458
vt 0.303793 0.347622
vt 0.303793 0.357522
vt 0.296876 0.345768
vt 0.310482 0.359375
vt 0.298729 0.352457
vt 0.308629 0.352458
vt 0.303793 0.347621
vt 0.303793 0.357521
vt 0.296876 0.359375
vt 0.296875 0.345768
vt 0.298728 0.352458
vt 0.308628 0.352457
vt 0.303792 0.347622
vt 0.303792 0.357522
vt 0.296875 0.345769
vt 0.298729 0.352457
vt 0.308629 0.352457
vt 0.296875 0.359374
vt 0.303793 0.347622
vt 0.303792 0.357522
vt 0.298728 0.352457
vt 0.308628 0.352457
vt 0.310482 0.359374
vt 0.303792 0.347621
vt 0.303793 0.357521
vt 0.046875 1.000000
vt 0.000000 1.000000
vt 0.000000 0.984375
vt 0.046875 0.984375
vt 0.375000 0.421875
vt 0.421875 0.421875
vt 0.421875 0.468750
vt 0.375000 0.468750
vt 0.343750 0.343750
vt 0.343750 0.390625
vt 0.296875 0.390625
vt 0.375000 0.359375
vt 0.375000 0.375000
vt 0.328125 0.375000
vt 0.328125 0.359375
vt 0.390625 0.453125
vt 0.343750 0.453125
vt 0.343750 0.437500
vt 0.390625 0.437500
vt 0.390625 0.359375
vt 0.343750 0.359375
vt 0.390625 0.343750
vt 0.468750 0.078125
vt 0.468750 0.093750
vt 0.421875 0.093750
vt 0.421875 0.078125
vt 0.312500 0.406250
vt 0.359375 0.406250
vt 0.359375 0.453125
vt 0.312500 0.453125
vt 0.390625 0.390625
vt 0.375000 0.328125
vt 0.375000 0.343750
vt 0.328125 0.343750
vt 0.328125 0.328125
vt 0.312500 0.437500
vt 0.359375 0.437500
vt 0.210781 0.797031
vt 0.125000 0.882812
vt 0.242188 0.851406
vt 0.242188 0.914219
vt 0.210781 0.968594
vt 0.156406 1.000000
vt 0.093594 1.000000
vt 0.039219 0.968594
vt 0.007812 0.914219
vt 0.007812 0.851406
vt 0.039219 0.797031
vt 0.093594 0.765625
vt 0.156406 0.765625
vt 0.281250 0.343750
vt 0.289622 0.343750
vt 0.289622 0.359375
vt 0.281250 0.359375
vt 0.285731 0.359375
vt 0.285731 0.343750
vt 0.281250 0.357427
vt 0.281250 0.352945
vt 0.288514 0.351001
vt 0.288510 0.359375
vt 0.281250 0.352112
vt 0.289624 0.352112
vt 0.287677 0.359375
vt 0.283195 0.359373
vt 0.281250 0.357431
vt 0.281250 0.352948
vt 0.288510 0.351001
vt 0.288514 0.359375
vt 0.287680 0.359373
vt 0.283197 0.359375
vt 0.281250 0.357430
vt 0.281250 0.352948
vt 0.288511 0.351003
vt 0.288511 0.359375
vt 0.287677 0.359375
vt 0.283194 0.359375
vt 0.281250 0.352111
vt 0.289624 0.352115
vt 0.288513 0.351001
vt 0.288513 0.359375
vt 0.281250 0.357428
vt 0.281252 0.352945
vt 0.287680 0.359375
vt 0.283198 0.359375
vt 0.281250 0.352115
vt 0.289624 0.352111
vt 0.281252 0.357430
vt 0.281250 0.352948
vt 0.287677 0.359375
vt 0.283195 0.359375
vt 0.281250 0.352114
vt 0.289622 0.352114
vt 0.283195 0.352114
vt 0.287677 0.352114
vt 0.288514 0.352948
vt 0.288514 0.357431
vt 0.281254 0.351001
vt 0.289624 0.359375
vt 0.283197 0.352112
vt 0.287680 0.352114
vt 0.288514 0.352945
vt 0.288514 0.357427
vt 0.281254 0.359375
vt 0.281250 0.351001
vt 0.283195 0.352114
vt 0.287677 0.352112
vt 0.288511 0.352948
vt 0.288511 0.357430
vt 0.281250 0.351003
vt 0.283198 0.352111
vt 0.287680 0.352111
vt 0.281250 0.359371
vt 0.288513 0.352948
vt 0.288511 0.357430
vt 0.283194 0.352111
vt 0.287677 0.352111
vt 0.289624 0.359371
vt 0.288511 0.352945
vt 0.288513 0.357428
vt 0.375000 0.406250
vt 0.312500 0.343750
vt 0.390625 0.421875
vt 0.328125 0.421875
vt 0.390625 0.406250
vt 0.328125 0.406250
vt 0.359375 0.343750
vt 0.296875 0.406250
vt 0.375000 0.390625
vt 0.312500 0.390625
vt 0.312500 0.328125
vt 0.312500 0.421875
vt 0.312500 0.359375
vt 0.937500 0.528622
vt 0.937500 0.671875
vt 0.921875 0.671875
vt 0.921875 0.528622
vt 0.906250 0.671875
vt 0.906250 0.528622
vt 0.936259 0.640625
vt 0.936259 0.656250
vt 0.921875 0.656250
vt 0.921875 0.640625
vt 0.951884 0.656250
vt 0.951884 0.671875
vt 0.937500 0.656250
vt 0.889384 0.528622
vt 0.889384 0.671875
vt 0.983134 0.544247
vt 0.983134 0.687500
vt 0.968750 0.687500
vt 0.968750 0.544247
vt 0.953125 0.528622
vt 0.953125 0.671875
vt 0.890625 0.528622
vt 0.890625 0.671875
vt 0.875000 0.671875
vt 0.875000 0.528622
vt 0.905009 0.609375
vt 0.905009 0.625000
vt 0.890625 0.625000
vt 0.890625 0.609375
vt 0.936259 0.578125
vt 0.936259 0.593750
vt 0.921875 0.593750
vt 0.921875 0.578125
vt 0.905009 0.544247
vt 0.905009 0.687500
vt 0.890625 0.687500
vt 0.890625 0.544247
vt 0.062500 0.812500
vt 0.062500 1.000000
vt 0.000000 0.812500
vt 1.000000 0.000000
vt 1.000000 0.062500
vt 0.937500 0.062500
vt 0.937500 0.000000
vt 0.125000 0.937500
vt 0.093750 0.937500
vt 0.093750 0.906250
vt 0.031250 0.937500
vt 0.000000 0.937500
vt 0.031250 0.906250
vt 0.125000 0.968750
vt 0.125000 1.000000
vt 0.062500 0.968750
vt 0.125000 0.906250
vt 0.062500 0.937500
vt 0.062500 0.906250
vt 0.000000 0.906250
vt 0.156250 1.000000
vt 0.156250 0.968750
vt 0.187500 0.968750
vt 0.031250 1.000000
vt 0.000000 0.968750
vt 0.031250 0.968750
vt 0.125000 0.812500
vt 0.125000 0.843750
vt 0.062500 0.843750
vt 0.500000 0.937500
vt 0.500000 1.000000
vt 0.468750 0.937500
vt 0.468750 1.000000
vt 0.125000 0.531250
vt 0.062500 0.531250
vt 0.125000 0.500000
vt 0.062500 0.500000
vt 0.703125 0.078125
vt 0.703125 0.390625
vt 0.687500 0.390625
vt 0.687500 0.078125
vt 0.531250 0.078125
vt 0.531250 0.390625
vt 0.515625 0.390625
vt 0.515625 0.078125
vt 0.703125 0.375000
vt 0.515625 0.375000
vt 0.703125 0.093750
vt 0.515625 0.093750
vt 0.031250 0.750000
vt 0.000000 0.750000
vt 0.046875 0.968750
vt 0.046875 0.750000
vt 0.171875 0.937500
vt 0.171875 0.953125
vt 0.109375 0.953125
vt 0.109375 0.937500
vt 0.028125 0.937500
vt 0.028125 1.000000
vt 0.028125 0.984375
vt 0.156250 0.906250
vt 0.156250 0.921875
vt 0.093750 0.921875
vt 0.046875 0.937500
vt 0.140625 0.906250
vt 0.140625 0.921875
vt 0.039062 0.968750
vt 0.039062 1.000000
vt 0.007812 1.000000
vt 0.007812 0.968750
vt 0.039062 0.750000
vt 0.007812 0.750000
vt 0.015625 1.000000
vt 0.015625 0.750000
vt 0.039062 0.984375
vt 0.007812 0.984375
vt 0.187500 0.578125
vt 0.187500 0.687500
vt 0.000000 0.687500
vt 0.000000 0.578125
vt 0.187500 0.500000
vt 0.000000 0.500000
vt 0.140625 0.984375
vt 0.140625 1.000000
vt 0.015625 0.984375
vt 0.156250 0.859375
vt 0.156250 0.984375
vt 0.000000 0.859375
vt 0.020312 0.967188
vt 0.020312 1.000000
vt 0.007812 0.967188
vt 0.140625 0.979688
vt 0.140625 0.992188
vt 0.000000 0.992188
vt 0.000000 0.979688
vt 0.140625 0.967188
vt 0.000000 0.967188
vt 0.028125 0.967188
vt 0.035937 0.967188
vt 0.035937 1.000000
vt 0.140625 0.964063
vt 0.000000 0.964063
vt 0.140625 0.971875
vt 0.000000 0.971875
vt 0.515625 0.843750
vt 0.515625 1.000000
vt 0.437500 1.000000
vt 0.437500 0.843750
vt 0.390625 0.750000
vt 0.390625 0.828125
vt 0.265625 0.828125
vt 0.265625 0.750000
vt 0.390625 0.843750
vt 0.390625 1.000000
vt 0.265625 1.000000
vt 0.265625 0.843750
vt 0.000000 0.148438
vt 0.000000 0.187500
vt 0.015625 0.148438
vt 0.015625 0.187500
vt 0.039062 0.187500
vt 0.039062 0.148438
vt 0.890625 0.265625
vt 0.890625 0.343750
vt 0.812500 0.343750
vt 0.812500 0.265625
vt 0.468750 0.468750
vt 0.468750 0.734375
vt 0.437500 0.734375
vt 0.437500 0.468750
vt 0.312500 0.468750
vt 0.312500 0.734375
vt 0.281250 0.734375
vt 0.281250 0.468750
vt 0.468750 0.703125
vt 0.281250 0.703125
vt 0.468750 0.500000
vt 0.281250 0.500000
vt 0.031250 0.109375
vt 0.031250 0.125000
vt 0.000000 0.125000
vt 0.000000 0.109375
vt 0.312500 0.375000
vt 0.281250 0.375000
vt 0.359375 0.367188
vt 0.359375 0.375000
vt 0.328125 0.367188
vt 0.296875 0.375000
vt 0.296875 0.367188
vt 0.406250 0.452847
vt 0.406250 0.468750
vt 0.390625 0.468750
vt 0.390625 0.452847
vt 0.437500 0.452847
vt 0.421875 0.452847
vt 0.367802 0.359375
vt 0.367802 0.375000
vt 0.359990 0.375000
vt 0.359990 0.359375
vt 0.399052 0.390347
vt 0.399052 0.406250
vt 0.391240 0.406250
vt 0.391240 0.390347
vt 0.359375 0.390347
vt 0.351562 0.406250
vt 0.351562 0.390347
vt 0.375000 0.343472
vt 0.359375 0.359375
vt 0.359375 0.343472
vt 0.399052 0.421875
vt 0.399052 0.437500
vt 0.391240 0.437500
vt 0.391240 0.421875
vt 0.414677 0.452847
vt 0.414677 0.468750
vt 0.406865 0.468750
vt 0.406865 0.452847
vt 0.343750 0.343472
vt 0.335938 0.359375
vt 0.335938 0.343472
vt 0.296875 0.453125
vt 0.265625 0.453125
vt 0.265625 0.406250
vt 0.296875 0.437500
vt 0.265625 0.437500
vt 0.324219 0.421875
vt 0.324219 0.437500
vt 0.343750 0.421875
vt 0.332031 0.437500
vt 0.332031 0.421875
vt 0.328125 0.417969
vt 0.320312 0.417969
vt 0.320312 0.406250
vt 0.328125 0.347656
vt 0.320312 0.359375
vt 0.320312 0.347656
vt 0.304688 0.390625
vt 0.304688 0.375000
vt 0.335938 0.515625
vt 0.335938 0.531250
vt 0.328125 0.531250
vt 0.328125 0.515625
vt 0.292969 0.406250
vt 0.292969 0.421875
vt 0.281250 0.421875
vt 0.281250 0.406250
vt 0.300781 0.421875
vt 0.300781 0.406250
vt 0.296875 0.402344
vt 0.289062 0.402344
vt 0.289062 0.390625
vt 0.296875 0.410156
vt 0.296875 0.421875
vt 0.289062 0.421875
vt 0.289062 0.410156
vt 0.328125 0.437500
vt 0.320312 0.437500
vt 0.320312 0.421875
vt 0.843750 0.484375
vt 0.843750 0.734375
vt 0.828125 0.734375
vt 0.828125 0.484375
vt 0.828125 0.750000
vt 0.765625 0.750000
vt 0.765625 0.734375
vt 0.250000 0.750000
vt 0.250000 1.000000
vt 0.187500 1.000000
vt 0.187500 0.750000
vt 0.796875 0.562500
vt 0.796875 0.734375
vt 0.765625 0.562500
vt 0.968750 0.515625
vt 0.968750 0.531250
vt 0.953125 0.531250
vt 0.953125 0.515625
vt 0.906250 0.656250
vt 0.890625 0.656250
vt 0.984375 0.687500
vt 0.984375 0.703125
vt 0.921875 0.703125
vt 0.921875 0.687500
vt 0.953125 0.609375
vt 0.953125 0.625000
vt 0.984375 0.671875
vt 0.078125 0.718750
vt 0.078125 0.734375
vt 0.062500 0.734375
vt 0.062500 0.718750
vt 0.140625 0.718750
vt 0.140625 0.734375
vt 0.125000 0.734375
vt 0.125000 0.718750
vt 0.968750 0.671875
vt 0.015625 0.718750
vt 0.015625 0.734375
vt 0.000000 0.734375
vt 0.000000 0.718750
vt 0.937500 0.531250
vt 0.937500 0.515625
vt 0.234375 0.695312
vt 0.234375 0.750000
vt 0.203125 0.750000
vt 0.203125 0.695312
vt 0.078125 0.695312
vt 0.078125 0.750000
vt 0.046875 0.695312
vt 0.183594 0.703125
vt 0.183594 0.734375
vt 0.140625 0.703125
vt 0.042969 0.703125
vt 0.042969 0.734375
vt 0.000000 0.703125
vt 0.121094 0.695312
vt 0.121094 0.750000
vt 0.964844 0.632812
vt 0.964844 0.687500
vt 0.921875 0.632812
vt 0.171875 0.699219
vt 0.171875 0.742188
vt 0.140625 0.742188
vt 0.140625 0.699219
vt 0.078125 0.699219
vt 0.078125 0.742188
vt 0.046875 0.742188
vt 0.046875 0.699219
vt 0.113281 0.703125
vt 0.113281 0.734375
vt 0.082031 0.734375
vt 0.082031 0.703125
vt 0.050781 0.703125
vt 0.050781 0.734375
vt 0.019531 0.734375
vt 0.019531 0.703125
vt 0.128906 0.699219
vt 0.128906 0.742188
vt 0.097656 0.742188
vt 0.097656 0.699219
vt 0.960938 0.589844
vt 0.960938 0.632812
vt 0.929688 0.632812
vt 0.929688 0.589844
vt 0.203125 0.710938
vt 0.203125 0.726562
vt 0.171875 0.726562
vt 0.171875 0.710938
vt 0.109375 0.710938
vt 0.109375 0.726562
vt 0.078125 0.726562
vt 0.078125 0.710938
vt 0.058594 0.703125
vt 0.058594 0.734375
vt 0.152344 0.710938
vt 0.152344 0.726562
vt 0.136719 0.726562
vt 0.136719 0.710938
vt 0.953125 0.664062
vt 0.953125 0.679688
vt 0.937500 0.679688
vt 0.937500 0.664062
vt 0.062500 0.875000
vt 0.000000 0.875000
vt 0.125000 0.875000
vt 0.143750 0.875000
vt 0.143750 0.937500
vt 0.006250 0.937500
vt 0.006250 0.875000
vt 0.143750 1.000000
vt 0.006250 1.000000
vt 0.150000 0.875000
vt 0.150000 0.937500
vt 0.012500 0.937500
vt 0.012500 0.875000
vt 0.150000 1.000000
vt 0.012500 1.000000
vt 0.137500 0.875000
vt 0.137500 1.000000
vt 0.078125 0.875000
vt 0.078125 1.000000
vt 0.046875 0.875000
vt 0.137500 0.953125
vt 0.000000 0.953125
vt 0.137500 0.921875
vt 0.000000 0.921875
vt 0.515625 0.515625
vt 0.515625 0.718750
vt 0.500000 0.718750
vt 0.500000 0.515625
vt 0.515625 0.734375
vt 0.500000 0.734375
vt 1.000000 0.812500
vt 0.937500 0.812500
vt 0.750000 0.718750
vt 0.750000 0.734375
vt 0.734375 0.734375
vt 0.734375 0.718750
vt 0.703125 0.718750
vt 0.703125 0.734375
vt 0.546875 0.734375
vt 0.546875 0.718750
vt 0.125000 0.171875
vt 0.125000 0.990625
vt 0.031250 0.990625
vt 0.031250 0.171875
vt 0.093750 0.171875
vt 0.093750 0.990625
vt 0.000000 0.990625
vt 0.000000 0.171875
vt 0.062500 0.990625
vt 0.062500 0.171875
vt 0.125000 0.181250
vt 0.031250 0.181250
vt 0.093750 0.181250
vt 0.093750 1.000000
vt 0.000000 0.181250
vt 0.062500 0.181250
vt 1.000000 0.937500
vt 1.000000 1.000000
vt 0.062500 0.000000
vt 0.000000 0.000000
vt 1.000000 0.625000
vt 1.000000 0.687500
vt 0.468750 0.687500
vt 0.468750 0.625000
vt 0.843750 0.562500
vt 0.843750 0.625000
vt 0.312500 0.625000
vt 0.312500 0.562500
vt 0.656250 0.218750
vt 0.656250 0.750000
vt 0.156250 0.750000
vt 0.156250 0.218750
vt 0.500000 0.375000
vt 0.500000 0.906250
vt 0.000000 0.375000
vt 0.718750 0.750000
vt 0.718750 0.812500
vt 0.218750 0.812500
vt 0.218750 0.750000
vt 0.843750 0.500000
vt 0.343750 0.562500
vt 0.343750 0.500000
vt 0.937500 0.937500
vt 0.937500 0.968750
vt 0.843750 0.968750
vt 0.843750 0.937500
vt 0.156250 0.937500
vt 0.125000 0.062500
vt 0.125000 0.156250
vt 0.062500 0.156250
vt 0.062500 0.062500
vt 0.562500 0.937500
vt 0.562500 0.968750
vt 1.000000 0.968750
vt 0.437500 0.968750
vt 0.437500 0.937500
vt 0.125000 0.000000
vt 0.125000 0.562500
vt 0.093750 0.562500
vt 0.093750 0.000000
vt 0.125000 0.437500
vt 0.093750 0.437500
vt 0.093750 0.968750
vt 0.750000 0.906250
vt 0.750000 1.000000
vt 0.750000 0.875000
vt 0.750000 0.968750
vt 0.750000 0.937500
vt 0.250000 0.906250
vt 0.500000 0.875000
vt 0.500000 0.968750
vt 0.250000 0.968750
vt 0.250000 0.875000
vt 0.250000 0.937500
vt 0.312500 0.968750
vt 0.312500 0.843750
vt 0.312500 0.937500
vt 0.603553 0.906250
vt 0.603553 1.000000
vt 0.603553 0.875000
vt 0.603553 0.968750
vt 0.603553 0.937500
vt 0.125000 0.343750
vt 0.093750 0.343750
vt 0.031250 0.343750
vt 0.000000 0.343750
vt 0.062500 0.343750
s 1
usemtl m_409504fd-f58c-4195-329e-2b61b82ac830.011
f 5/1/1 6/2/1 3/3/1
f 6/2/1 7/4/1 3/3/1
f 7/4/1 8/5/1 3/3/1
f 8/5/1 9/6/1 3/3/1
f 9/6/1 10/7/1 3/3/1
f 10/7/1 11/8/1 3/3/1
f 11/8/1 12/9/1 3/3/1
f 12/9/1 13/10/1 3/3/1
f 13/10/1 14/11/1 3/3/1
f 14/11/1 15/12/1 3/3/1
f 15/12/1 4/13/1 3/3/1
f 4/13/1 5/1/1 3/3/1
f 82/1/1 83/2/1 80/3/1
f 83/2/1 84/4/1 80/3/1
f 84/4/1 85/5/1 80/3/1
f 85/5/1 86/6/1 80/3/1
f 86/6/1 87/7/1 80/3/1
f 87/7/1 88/8/1 80/3/1
f 88/8/1 89/9/1 80/3/1
f 89/9/1 90/10/1 80/3/1
f 90/10/1 91/11/1 80/3/1
f 91/11/1 92/12/1 80/3/1
f 92/12/1 81/13/1 80/3/1
f 81/13/1 82/1/1 80/3/1
f 158/1/1 159/2/1 156/3/1
f 159/2/1 160/4/1 156/3/1
f 160/4/1 161/5/1 156/3/1
f 161/5/1 162/6/1 156/3/1
f 162/6/1 163/7/1 156/3/1
f 163/7/1 164/8/1 156/3/1
f 164/8/1 165/9/1 156/3/1
f 165/9/1 166/10/1 156/3/1
f 166/10/1 167/11/1 156/3/1
f 167/11/1 168/12/1 156/3/1
f 168/12/1 157/13/1 156/3/1
f 157/13/1 158/1/1 156/3/1
f 235/118/1 233/119/1 236/120/1
f 236/120/1 233/119/1 237/121/1
f 237/121/1 233/119/1 238/122/1
f 238/122/1 233/119/1 239/123/1
f 239/123/1 233/119/1 240/124/1
f 240/124/1 233/119/1 241/125/1
f 241/125/1 233/119/1 242/126/1
f 242/126/1 233/119/1 243/127/1
f 243/127/1 233/119/1 244/128/1
f 244/128/1 233/119/1 245/129/1
f 245/129/1 233/119/1 234/130/1
f 234/130/1 233/119/1 235/118/1
f 312/118/1 310/119/1 313/120/1
f 313/120/1 310/119/1 314/121/1
f 314/121/1 310/119/1 315/122/1
f 315/122/1 310/119/1 316/123/1
f 316/123/1 310/119/1 317/124/1
f 317/124/1 310/119/1 318/125/1
f 318/125/1 310/119/1 319/126/1
f 319/126/1 310/119/1 320/127/1
f 320/127/1 310/119/1 321/128/1
f 321/128/1 310/119/1 322/129/1
f 322/129/1 310/119/1 311/130/1
f 311/130/1 310/119/1 312/118/1
f 389/118/1 387/119/1 390/120/1
f 390/120/1 387/119/1 391/121/1
f 391/121/1 387/119/1 392/122/1
f 392/122/1 387/119/1 393/123/1
f 393/123/1 387/119/1 394/124/1
f 394/124/1 387/119/1 395/125/1
f 395/125/1 387/119/1 396/126/1
f 396/126/1 387/119/1 397/127/1
f 397/127/1 387/119/1 398/128/1
f 398/128/1 387/119/1 399/129/1
f 399/129/1 387/119/1 388/130/1
f 388/130/1 387/119/1 389/118/1
f 466/118/1 464/119/1 467/120/1
f 467/120/1 464/119/1 468/121/1
f 468/121/1 464/119/1 469/122/1
f 469/122/1 464/119/1 470/123/1
f 470/123/1 464/119/1 471/124/1
f 471/124/1 464/119/1 472/125/1
f 472/125/1 464/119/1 473/126/1
f 473/126/1 464/119/1 474/127/1
f 474/127/1 464/119/1 475/128/1
f 475/128/1 464/119/1 476/129/1
f 476/129/1 464/119/1 465/130/1
f 465/130/1 464/119/1 466/118/1
f 543/118/1 541/119/1 544/120/1
f 544/120/1 541/119/1 545/121/1
f 545/121/1 541/119/1 546/122/1
f 546/122/1 541/119/1 547/123/1
f 547/123/1 541/119/1 548/124/1
f 548/124/1 541/119/1 549/125/1
f 549/125/1 541/119/1 550/126/1
f 550/126/1 541/119/1 551/127/1
f 551/127/1 541/119/1 552/128/1
f 552/128/1 541/119/1 553/129/1
f 553/129/1 541/119/1 542/130/1
f 542/130/1 541/119/1 543/118/1
f 619/118/1 617/119/1 620/120/1
f 620/120/1 617/119/1 621/121/1
f 621/121/1 617/119/1 622/122/1
f 622/122/1 617/119/1 623/123/1
f 623/123/1 617/119/1 624/124/1
f 624/124/1 617/119/1 625/125/1
f 625/125/1 617/119/1 626/126/1
f 626/126/1 617/119/1 627/127/1
f 627/127/1 617/119/1 628/128/1
f 628/128/1 617/119/1 629/129/1
f 629/129/1 617/119/1 618/130/1
f 618/130/1 617/119/1 619/118/1
usemtl m_3d215661-f591-00a8-53e2-d8d611c756be.018
f 16/14/2 20/15/2 21/16/2 17/17/2
f 19/18/3 23/17/3 22/14/3 18/19/3
f 18/20/4 22/21/4 20/22/4 16/23/4
f 17/24/1 21/25/1 23/26/1 19/27/1
f 20/14/5 24/15/5 25/16/5 21/17/5
f 23/18/6 27/17/6 26/14/6 22/19/6
f 22/28/4 26/29/4 24/30/4 20/31/4
f 21/24/1 25/25/1 27/32/1 23/33/1
f 24/14/7 28/15/7 29/16/7 25/17/7
f 27/18/8 31/17/8 30/14/8 26/19/8
f 26/34/4 30/35/4 28/36/4 24/37/4
f 25/36/1 29/37/1 31/34/1 27/35/1
f 28/14/9 32/15/9 33/16/9 29/17/9
f 31/18/10 35/17/10 34/14/10 30/19/10
f 30/26/4 34/38/4 32/39/4 28/40/4
f 29/41/1 33/42/1 35/43/1 31/44/1
f 32/14/11 36/15/11 37/16/11 33/17/11
f 35/18/12 39/17/12 38/14/12 34/19/12
f 34/45/4 38/46/4 36/47/4 32/48/4
f 33/41/1 37/42/1 39/49/1 35/29/1
f 36/14/13 40/15/13 41/16/13 37/17/13
f 39/18/14 43/17/14 42/14/14 38/19/14
f 38/50/4 42/51/4 40/52/4 36/53/4
f 37/16/1 41/17/1 43/54/1 39/55/1
f 40/14/3 44/15/3 45/16/3 41/17/3
f 43/18/2 47/17/2 46/14/2 42/19/2
f 42/56/4 46/57/4 44/17/4 40/58/4
f 41/59/1 45/17/1 47/60/1 43/61/1
f 44/14/6 48/15/6 49/16/6 45/17/6
f 47/18/5 51/17/5 50/14/5 46/19/5
f 46/62/4 50/63/4 48/64/4 44/65/4
f 45/59/1 49/17/1 51/66/1 47/67/1
f 48/14/8 52/15/8 53/16/8 49/17/8
f 51/18/7 55/17/7 54/14/7 50/19/7
f 50/68/4 54/69/4 52/17/4 48/70/4
f 49/17/1 53/70/1 55/68/1 51/69/1
f 52/14/10 56/15/10 57/16/10 53/17/10
f 55/18/9 59/17/9 58/14/9 54/19/9
f 54/71/4 58/72/4 56/59/4 52/73/4
f 53/17/1 57/65/1 59/74/1 55/75/1
f 56/14/12 60/15/12 61/16/12 57/17/12
f 59/18/11 63/17/11 62/14/11 58/19/11
f 58/76/4 62/77/4 60/78/4 56/17/4
f 57/17/1 61/65/1 63/79/1 59/80/1
f 60/14/14 16/15/14 17/16/14 61/17/14
f 63/18/13 19/17/13 18/14/13 62/19/13
f 62/54/4 18/55/4 16/16/4 60/17/4
f 61/52/1 17/53/1 19/50/1 63/51/1
f 65/81/13 64/82/13 66/83/13 67/84/13
f 70/84/8 68/81/8 69/82/8 71/83/8
f 68/85/15 64/86/15 65/87/15 69/88/15
f 67/89/16 66/90/16 70/91/16 71/14/16
f 66/92/4 64/93/4 68/94/4 70/95/4
f 69/96/17 65/97/18 67/98/18 71/99/18
f 73/100/13 72/101/13 74/89/13 75/102/13
f 78/103/7 76/104/7 77/105/7 79/106/7
f 76/107/19 72/108/19 73/109/19 77/110/19
f 75/111/20 74/99/20 78/98/20 79/90/20
f 74/112/4 72/113/4 76/114/4 78/115/4
f 77/109/21 73/110/21 75/116/21 79/117/21
f 93/14/2 97/15/2 98/16/2 94/17/2
f 96/18/3 100/17/3 99/14/3 95/19/3
f 95/20/4 99/21/4 97/22/4 93/23/4
f 94/24/1 98/25/1 100/26/1 96/27/1
f 97/14/5 101/15/5 102/16/5 98/17/5
f 100/18/6 104/17/6 103/14/6 99/19/6
f 99/28/4 103/29/4 101/30/4 97/31/4
f 98/24/1 102/25/1 104/32/1 100/33/1
f 101/14/7 105/15/7 106/16/7 102/17/7
f 104/18/8 108/17/8 107/14/8 103/19/8
f 103/34/4 107/35/4 105/36/4 101/37/4
f 102/36/1 106/37/1 108/34/1 104/35/1
f 105/14/9 109/15/9 110/16/9 106/17/9
f 108/18/10 112/17/10 111/14/10 107/19/10
f 107/26/4 111/38/4 109/39/4 105/40/4
f 106/41/1 110/42/1 112/43/1 108/44/1
f 109/14/11 113/15/11 2/16/11 110/17/11
f 112/18/12 115/17/12 114/14/12 111/19/12
f 111/45/4 114/46/4 113/47/4 109/48/4
f 110/41/1 2/42/1 115/49/1 112/29/1
f 113/14/13 116/15/13 117/16/13 2/17/13
f 115/18/14 119/17/14 118/14/14 114/19/14
f 114/50/4 118/51/4 116/52/4 113/53/4
f 2/16/1 117/17/1 119/54/1 115/55/1
f 116/14/3 120/15/3 121/16/3 117/17/3
f 119/18/2 123/17/2 122/14/2 118/19/2
f 118/56/4 122/57/4 120/17/4 116/58/4
f 117/59/1 121/17/1 123/60/1 119/61/1
f 120/14/6 124/15/6 125/16/6 121/17/6
f 123/18/5 127/17/5 126/14/5 122/19/5
f 122/62/4 126/63/4 124/64/4 120/65/4
f 121/59/1 125/17/1 127/66/1 123/67/1
f 124/14/8 128/15/8 129/16/8 125/17/8
f 127/18/7 131/17/7 130/14/7 126/19/7
f 126/68/4 130/69/4 128/17/4 124/70/4
f 125/17/1 129/70/1 131/68/1 127/69/1
f 128/14/10 132/15/10 133/16/10 129/17/10
f 131/18/9 135/17/9 134/14/9 130/19/9
f 130/71/4 134/72/4 132/59/4 128/73/4
f 129/17/1 133/65/1 135/74/1 131/75/1
f 132/14/12 136/15/12 137/16/12 133/17/12
f 135/18/11 139/17/11 138/14/11 134/19/11
f 134/76/4 138/77/4 136/78/4 132/17/4
f 133/17/1 137/65/1 139/79/1 135/80/1
f 136/14/14 93/15/14 94/16/14 137/17/14
f 139/18/13 96/17/13 95/14/13 138/19/13
f 138/54/4 95/55/4 93/16/4 136/17/4
f 137/52/1 94/53/1 96/50/1 139/51/1
f 141/81/13 140/82/13 142/83/13 143/84/13
f 146/84/8 144/81/8 145/82/8 147/83/8
f 144/85/15 140/86/15 141/87/15 145/88/15
f 143/89/16 142/90/16 146/91/16 147/14/16
f 142/92/4 140/93/4 144/94/4 146/95/4
f 145/96/17 141/97/18 143/98/18 147/99/18
f 149/100/13 148/101/13 150/89/13 151/102/13
f 154/103/7 152/104/7 153/105/7 155/106/7
f 152/107/19 148/108/19 149/109/19 153/110/19
f 151/111/20 150/99/20 154/98/20 155/90/20
f 150/112/4 148/113/4 152/114/4 154/115/4
f 153/109/21 149/110/22 151/116/21 155/117/21
f 169/14/2 173/15/2 174/16/2 170/17/2
f 172/18/3 176/17/3 175/14/3 171/19/3
f 171/20/4 175/21/4 173/22/4 169/23/4
f 170/24/1 174/25/1 176/26/1 172/27/1
f 173/14/5 177/15/5 178/16/5 174/17/5
f 176/18/6 180/17/6 179/14/6 175/19/6
f 175/28/4 179/29/4 177/30/4 173/31/4
f 174/24/1 178/25/1 180/32/1 176/33/1
f 177/14/7 181/15/7 182/16/7 178/17/7
f 180/18/8 184/17/8 183/14/8 179/19/8
f 179/34/4 183/35/4 181/36/4 177/37/4
f 178/36/1 182/37/1 184/34/1 180/35/1
f 181/14/9 185/15/9 186/16/9 182/17/9
f 184/18/10 188/17/10 187/14/10 183/19/10
f 183/26/4 187/38/4 185/39/4 181/40/4
f 182/41/1 186/42/1 188/43/1 184/44/1
f 185/14/11 189/15/11 190/16/11 186/17/11
f 188/18/12 192/17/12 191/14/12 187/19/12
f 187/45/4 191/46/4 189/47/4 185/48/4
f 186/41/1 190/42/1 192/49/1 188/29/1
f 189/14/13 193/15/13 194/16/13 190/17/13
f 192/18/14 196/17/14 195/14/14 191/19/14
f 191/50/4 195/51/4 193/52/4 189/53/4
f 190/16/1 194/17/1 196/54/1 192/55/1
f 193/14/3 197/15/3 198/16/3 194/17/3
f 196/18/2 200/17/2 199/14/2 195/19/2
f 195/56/4 199/57/4 197/17/4 193/58/4
f 194/59/1 198/17/1 200/60/1 196/61/1
f 197/14/6 201/15/6 202/16/6 198/17/6
f 200/18/5 204/17/5 203/14/5 199/19/5
f 199/62/4 203/63/4 201/64/4 197/65/4
f 198/59/1 202/17/1 204/66/1 200/67/1
f 201/14/8 205/15/8 206/16/8 202/17/8
f 204/18/7 208/17/7 207/14/7 203/19/7
f 203/68/4 207/69/4 205/17/4 201/70/4
f 202/17/1 206/70/1 208/68/1 204/69/1
f 205/14/10 209/15/10 210/16/10 206/17/10
f 208/18/9 212/17/9 211/14/9 207/19/9
f 207/71/4 211/72/4 209/59/4 205/73/4
f 206/17/1 210/65/1 212/74/1 208/75/1
f 209/14/12 213/15/12 214/16/12 210/17/12
f 212/18/11 216/17/11 215/14/11 211/19/11
f 211/76/4 215/77/4 213/78/4 209/17/4
f 210/17/1 214/65/1 216/79/1 212/80/1
f 213/14/14 169/15/14 170/16/14 214/17/14
f 216/18/13 172/17/13 171/14/13 215/19/13
f 215/54/4 171/55/4 169/16/4 213/17/4
f 214/52/1 170/53/1 172/50/1 216/51/1
f 218/81/13 217/82/13 219/83/13 220/84/13
f 223/84/8 221/81/8 222/82/8 224/83/8
f 221/85/15 217/86/15 218/87/15 222/88/15
f 220/89/16 219/90/16 223/91/16 224/14/16
f 219/92/4 217/93/4 221/94/4 223/95/4
f 222/96/18 218/97/18 220/98/18 224/99/18
f 226/100/13 225/101/13 227/89/13 228/102/13
f 231/103/7 229/104/7 230/105/7 232/106/7
f 229/107/19 225/108/19 226/109/19 230/110/19
f 228/111/20 227/99/20 231/98/20 232/90/20
f 227/112/4 225/113/4 229/114/4 231/115/4
f 230/109/21 226/110/22 228/116/21 232/117/21
f 246/131/11 250/132/11 251/133/11 247/134/11
f 249/135/12 253/134/12 252/131/12 248/136/12
f 248/137/1 252/138/1 250/139/1 246/140/1
f 247/141/4 251/142/4 253/143/4 249/144/4
f 250/131/9 254/132/9 255/133/9 251/134/9
f 253/135/10 257/134/10 256/131/10 252/136/10
f 252/145/1 256/146/1 254/147/1 250/148/1
f 251/141/4 255/142/4 257/149/4 253/150/4
f 254/131/7 258/132/7 259/133/7 255/134/7
f 257/135/8 261/134/8 260/131/8 256/136/8
f 256/151/1 260/152/1 258/153/1 254/154/1
f 255/153/4 259/154/4 261/151/4 257/152/4
f 258/131/5 262/132/5 263/133/5 259/134/5
f 261/135/6 265/134/6 264/131/6 260/136/6
f 260/155/1 264/156/1 262/157/1 258/158/1
f 259/159/4 263/160/4 265/161/4 261/162/4
f 262/131/2 266/132/2 267/133/2 263/134/2
f 265/135/3 269/134/3 268/131/3 264/136/3
f 264/163/1 268/164/1 266/165/1 262/166/1
f 263/159/4 267/160/4 269/167/4 265/168/4
f 266/131/14 270/132/14 271/133/14 267/134/14
f 269/135/13 273/134/13 272/131/13 268/136/13
f 268/169/1 272/170/1 270/171/1 266/172/1
f 267/133/4 271/134/4 273/173/4 269/174/4
f 270/131/12 274/132/12 275/133/12 271/134/12
f 273/135/11 277/134/11 276/131/11 272/136/11
f 272/175/1 276/176/1 274/134/1 270/177/1
f 271/178/4 275/134/4 277/179/4 273/180/4
f 274/131/10 278/132/10 279/133/10 275/134/10
f 277/135/9 281/134/9 280/131/9 276/136/9
f 276/181/1 280/182/1 278/183/1 274/184/1
f 275/178/4 279/134/4 281/185/4 277/186/4
f 278/131/8 282/132/8 283/133/8 279/134/8
f 281/135/7 285/134/7 284/131/7 280/136/7
f 280/187/1 284/188/1 282/134/1 278/189/1
f 279/134/4 283/189/4 285/187/4 281/188/4
f 282/131/6 286/132/6 287/133/6 283/134/6
f 285/135/5 289/134/5 288/131/5 284/136/5
f 284/190/1 288/191/1 286/178/1 282/192/1
f 283/134/4 287/184/4 289/193/4 285/194/4
f 286/131/3 290/132/3 291/133/3 287/134/3
f 289/135/2 293/134/2 292/131/2 288/136/2
f 288/195/1 292/196/1 290/197/1 286/134/1
f 287/134/4 291/184/4 293/198/4 289/199/4
f 290/131/13 246/132/13 247/133/13 291/134/13
f 293/135/14 249/134/14 248/131/14 292/136/14
f 292/173/1 248/174/1 246/133/1 290/134/1
f 291/171/4 247/172/4 249/169/4 293/170/4
f 295/200/7 294/107/7 296/201/7 297/113/7
f 300/100/13 298/202/13 299/203/13 301/95/13
f 298/114/23 294/102/23 295/204/23 299/205/23
f 297/206/24 296/108/24 300/207/24 301/14/24
f 296/113/4 294/200/4 298/107/4 300/201/4
f 299/204/25 295/205/26 297/114/25 301/102/25
f 303/202/27 302/203/27 304/95/27 305/100/27
f 308/112/28 306/208/28 307/209/28 309/210/28
f 306/114/8 302/102/8 303/204/8 307/205/8
f 305/92/13 304/85/13 308/211/13 309/212/13
f 304/113/4 302/200/4 306/107/4 308/201/4
f 307/200/29 303/107/29 305/201/29 309/113/29
f 323/131/11 327/132/11 328/133/11 324/134/11
f 326/135/12 330/134/12 329/131/12 325/136/12
f 325/137/1 329/138/1 327/139/1 323/140/1
f 324/141/4 328/142/4 330/143/4 326/144/4
f 327/131/9 331/132/9 332/133/9 328/134/9
f 330/135/10 334/134/10 333/131/10 329/136/10
f 329/145/1 333/146/1 331/147/1 327/148/1
f 328/141/4 332/142/4 334/149/4 330/150/4
f 331/131/7 335/132/7 336/133/7 332/134/7
f 334/135/8 338/134/8 337/131/8 333/136/8
f 333/151/1 337/152/1 335/153/1 331/154/1
f 332/153/4 336/154/4 338/151/4 334/152/4
f 335/131/5 339/132/5 340/133/5 336/134/5
f 338/135/6 342/134/6 341/131/6 337/136/6
f 337/155/1 341/156/1 339/157/1 335/158/1
f 336/159/4 340/160/4 342/161/4 338/162/4
f 339/131/2 343/132/2 344/133/2 340/134/2
f 342/135/3 346/134/3 345/131/3 341/136/3
f 341/163/1 345/164/1 343/165/1 339/166/1
f 340/159/4 344/160/4 346/167/4 342/168/4
f 343/131/14 347/132/14 348/133/14 344/134/14
f 346/135/13 350/134/13 349/131/13 345/136/13
f 345/169/1 349/170/1 347/171/1 343/172/1
f 344/133/4 348/134/4 350/173/4 346/174/4
f 347/131/12 351/132/12 352/133/12 348/134/12
f 350/135/11 354/134/11 353/131/11 349/136/11
f 349/175/1 353/176/1 351/134/1 347/177/1
f 348/178/4 352/134/4 354/179/4 350/180/4
f 351/131/10 355/132/10 356/133/10 352/134/10
f 354/135/9 358/134/9 357/131/9 353/136/9
f 353/181/1 357/182/1 355/183/1 351/184/1
f 352/178/4 356/134/4 358/185/4 354/186/4
f 355/131/8 359/132/8 360/133/8 356/134/8
f 358/135/7 362/134/7 361/131/7 357/136/7
f 357/187/1 361/188/1 359/134/1 355/189/1
f 356/134/4 360/189/4 362/187/4 358/188/4
f 359/131/6 363/132/6 364/133/6 360/134/6
f 362/135/5 366/134/5 365/131/5 361/136/5
f 361/190/1 365/191/1 363/178/1 359/192/1
f 360/134/4 364/184/4 366/193/4 362/194/4
f 363/131/3 367/132/3 368/133/3 364/134/3
f 366/135/2 370/134/2 369/131/2 365/136/2
f 365/195/1 369/196/1 367/197/1 363/134/1
f 364/134/4 368/184/4 370/198/4 366/199/4
f 367/131/13 323/132/13 324/133/13 368/134/13
f 370/135/14 326/134/14 325/131/14 369/136/14
f 369/173/1 325/174/1 323/133/1 367/134/1
f 368/171/4 324/172/4 326/169/4 370/170/4
f 372/200/7 371/107/7 373/201/7 374/113/7
f 377/100/13 375/202/13 376/203/13 378/95/13
f 375/114/23 371/102/23 372/204/23 376/205/23
f 374/206/24 373/108/24 377/207/24 378/14/24
f 373/113/4 371/200/4 375/107/4 377/201/4
f 376/204/25 372/205/26 374/114/25 378/102/25
f 380/202/27 379/203/27 381/95/27 382/100/27
f 385/112/28 383/208/28 384/209/28 386/210/28
f 383/114/8 379/102/8 380/204/8 384/205/8
f 382/92/13 381/85/13 385/211/13 386/212/13
f 381/113/4 379/200/4 383/107/4 385/201/4
f 384/200/29 380/107/29 382/201/29 386/113/29
f 400/131/11 404/132/11 405/133/11 401/134/11
f 403/135/12 407/134/12 406/131/12 402/136/12
f 402/137/1 406/138/1 404/139/1 400/140/1
f 401/141/4 405/142/4 407/143/4 403/144/4
f 404/131/9 408/132/9 409/133/9 405/134/9
f 407/135/10 411/134/10 410/131/10 406/136/10
f 406/145/1 410/146/1 408/147/1 404/148/1
f 405/141/4 409/142/4 411/149/4 407/150/4
f 408/131/7 412/132/7 413/133/7 409/134/7
f 411/135/8 415/134/8 414/131/8 410/136/8
f 410/151/1 414/152/1 412/153/1 408/154/1
f 409/153/4 413/154/4 415/151/4 411/152/4
f 412/131/5 416/132/5 417/133/5 413/134/5
f 415/135/6 419/134/6 418/131/6 414/136/6
f 414/155/1 418/156/1 416/157/1 412/158/1
f 413/159/4 417/160/4 419/161/4 415/162/4
f 416/131/2 420/132/2 421/133/2 417/134/2
f 419/135/3 423/134/3 422/131/3 418/136/3
f 418/163/1 422/164/1 420/165/1 416/166/1
f 417/159/4 421/160/4 423/167/4 419/168/4
f 420/131/14 424/132/14 425/133/14 421/134/14
f 423/135/13 427/134/13 426/131/13 422/136/13
f 422/169/1 426/170/1 424/171/1 420/172/1
f 421/133/4 425/134/4 427/173/4 423/174/4
f 424/131/12 428/132/12 429/133/12 425/134/12
f 427/135/11 431/134/11 430/131/11 426/136/11
f 426/175/1 430/176/1 428/134/1 424/177/1
f 425/178/4 429/134/4 431/179/4 427/180/4
f 428/131/10 432/132/10 433/133/10 429/134/10
f 431/135/9 435/134/9 434/131/9 430/136/9
f 430/181/1 434/182/1 432/183/1 428/184/1
f 429/178/4 433/134/4 435/185/4 431/186/4
f 432/131/8 436/132/8 437/133/8 433/134/8
f 435/135/7 439/134/7 438/131/7 434/136/7
f 434/187/1 438/188/1 436/134/1 432/189/1
f 433/134/4 437/189/4 439/187/4 435/188/4
f 436/131/6 440/132/6 441/133/6 437/134/6
f 439/135/5 443/134/5 442/131/5 438/136/5
f 438/190/1 442/191/1 440/178/1 436/192/1
f 437/134/4 441/184/4 443/193/4 439/194/4
f 440/131/3 444/132/3 445/133/3 441/134/3
f 443/135/2 447/134/2 446/131/2 442/136/2
f 442/195/1 446/196/1 444/197/1 440/134/1
f 441/134/4 445/184/4 447/198/4 443/199/4
f 444/131/13 400/132/13 401/133/13 445/134/13
f 447/135/14 403/134/14 402/131/14 446/136/14
f 446/173/1 402/174/1 400/133/1 444/134/1
f 445/171/4 401/172/4 403/169/4 447/170/4
f 449/200/7 448/107/7 450/201/7 451/113/7
f 454/100/13 452/202/13 453/203/13 455/95/13
f 452/114/23 448/102/23 449/204/23 453/205/23
f 451/206/24 450/108/24 454/207/24 455/14/24
f 450/113/4 448/200/4 452/107/4 454/201/4
f 453/204/25 449/205/26 451/114/25 455/102/25
f 457/202/27 456/203/27 458/95/27 459/100/27
f 462/112/28 460/208/28 461/209/28 463/210/28
f 460/114/8 456/102/8 457/204/8 461/205/8
f 459/92/13 458/85/13 462/211/13 463/212/13
f 458/113/4 456/200/4 460/107/4 462/201/4
f 461/200/29 457/107/29 459/201/29 463/113/29
f 477/131/11 481/132/11 482/133/11 478/134/11
f 480/135/12 484/134/12 483/131/12 479/136/12
f 479/137/1 483/138/1 481/139/1 477/140/1
f 478/141/4 482/142/4 484/143/4 480/144/4
f 481/131/9 485/132/9 486/133/9 482/134/9
f 484/135/10 488/134/10 487/131/10 483/136/10
f 483/145/1 487/146/1 485/147/1 481/148/1
f 482/141/4 486/142/4 488/149/4 484/150/4
f 485/131/7 489/132/7 490/133/7 486/134/7
f 488/135/8 492/134/8 491/131/8 487/136/8
f 487/151/1 491/152/1 489/153/1 485/154/1
f 486/153/4 490/154/4 492/151/4 488/152/4
f 489/131/5 493/132/5 494/133/5 490/134/5
f 492/135/6 496/134/6 495/131/6 491/136/6
f 491/155/1 495/156/1 493/157/1 489/158/1
f 490/159/4 494/160/4 496/161/4 492/162/4
f 493/131/2 497/132/2 498/133/2 494/134/2
f 496/135/3 500/134/3 499/131/3 495/136/3
f 495/163/1 499/164/1 497/165/1 493/166/1
f 494/159/4 498/160/4 500/167/4 496/168/4
f 497/131/14 501/132/14 502/133/14 498/134/14
f 500/135/13 504/134/13 503/131/13 499/136/13
f 499/169/1 503/170/1 501/171/1 497/172/1
f 498/133/4 502/134/4 504/173/4 500/174/4
f 501/131/12 505/132/12 506/133/12 502/134/12
f 504/135/11 508/134/11 507/131/11 503/136/11
f 503/175/1 507/176/1 505/134/1 501/177/1
f 502/178/4 506/134/4 508/179/4 504/180/4
f 505/131/10 509/132/10 510/133/10 506/134/10
f 508/135/9 512/134/9 511/131/9 507/136/9
f 507/181/1 511/182/1 509/183/1 505/184/1
f 506/178/4 510/134/4 512/185/4 508/186/4
f 509/131/8 513/132/8 514/133/8 510/134/8
f 512/135/7 516/134/7 515/131/7 511/136/7
f 511/187/1 515/188/1 513/134/1 509/189/1
f 510/134/4 514/189/4 516/187/4 512/188/4
f 513/131/6 517/132/6 518/133/6 514/134/6
f 516/135/5 520/134/5 519/131/5 515/136/5
f 515/190/1 519/191/1 517/178/1 513/192/1
f 514/134/4 518/184/4 520/193/4 516/194/4
f 517/131/3 521/132/3 522/133/3 518/134/3
f 520/135/2 524/134/2 523/131/2 519/136/2
f 519/195/1 523/196/1 521/197/1 517/134/1
f 518/134/4 522/184/4 524/198/4 520/199/4
f 521/131/13 477/132/13 478/133/13 522/134/13
f 524/135/14 480/134/14 479/131/14 523/136/14
f 523/173/1 479/174/1 477/133/1 521/134/1
f 522/171/4 478/172/4 480/169/4 524/170/4
f 526/200/7 525/107/7 527/201/7 528/113/7
f 531/100/13 529/202/13 530/203/13 532/95/13
f 529/114/23 525/102/23 526/204/23 530/205/23
f 528/206/24 527/108/24 531/207/24 532/14/24
f 527/113/4 525/200/4 529/107/4 531/201/4
f 530/204/25 526/205/26 528/114/25 532/102/25
f 534/202/27 533/203/27 535/95/27 536/100/27
f 539/112/28 537/208/28 538/209/28 540/210/28
f 537/114/8 533/102/8 534/204/8 538/205/8
f 536/92/13 535/85/13 539/211/13 540/212/13
f 535/113/4 533/200/4 537/107/4 539/201/4
f 538/200/29 534/107/29 536/201/29 540/113/29
f 554/131/11 558/132/11 559/133/11 555/134/11
f 557/135/12 561/134/12 560/131/12 556/136/12
f 556/137/1 560/138/1 558/139/1 554/140/1
f 555/141/4 559/142/4 561/143/4 557/144/4
f 558/131/9 562/132/9 563/133/9 559/134/9
f 561/135/10 565/134/10 564/131/10 560/136/10
f 560/145/1 564/146/1 562/147/1 558/148/1
f 559/141/4 563/142/4 565/149/4 561/150/4
f 562/131/7 566/132/7 567/133/7 563/134/7
f 565/135/8 569/134/8 568/131/8 564/136/8
f 564/151/1 568/152/1 566/153/1 562/154/1
f 563/153/4 567/154/4 569/151/4 565/152/4
f 566/131/5 570/132/5 571/133/5 567/134/5
f 569/135/6 573/134/6 572/131/6 568/136/6
f 568/155/1 572/156/1 570/157/1 566/158/1
f 567/159/4 571/160/4 573/161/4 569/162/4
f 570/131/2 574/132/2 575/133/2 571/134/2
f 573/135/3 577/134/3 576/131/3 572/136/3
f 572/163/1 576/164/1 574/165/1 570/166/1
f 571/159/4 575/160/4 577/167/4 573/168/4
f 574/131/14 578/132/14 579/133/14 575/134/14
f 577/135/13 581/134/13 580/131/13 576/136/13
f 576/169/1 580/170/1 578/171/1 574/172/1
f 575/133/4 579/134/4 581/173/4 577/174/4
f 578/131/12 582/132/12 583/133/12 579/134/12
f 581/135/11 585/134/11 584/131/11 580/136/11
f 580/175/1 584/176/1 582/134/1 578/177/1
f 579/178/4 583/134/4 585/179/4 581/180/4
f 582/131/10 586/132/10 587/133/10 583/134/10
f 585/135/9 589/134/9 588/131/9 584/136/9
f 584/181/1 588/182/1 586/183/1 582/184/1
f 583/178/4 587/134/4 589/185/4 585/186/4
f 586/131/8 590/132/8 591/133/8 587/134/8
f 589/135/7 593/134/7 592/131/7 588/136/7
f 588/187/1 592/188/1 590/134/1 586/189/1
f 587/134/4 591/189/4 593/187/4 589/188/4
f 590/131/6 594/132/6 595/133/6 591/134/6
f 593/135/5 597/134/5 596/131/5 592/136/5
f 592/190/1 596/191/1 594/178/1 590/192/1
f 591/134/4 595/184/4 597/193/4 593/194/4
f 594/131/3 598/132/3 599/133/3 595/134/3
f 597/135/2 601/134/2 600/131/2 596/136/2
f 596/195/1 600/196/1 598/197/1 594/134/1
f 595/134/4 599/184/4 601/198/4 597/199/4
f 598/131/13 554/132/13 555/133/13 599/134/13
f 601/135/14 557/134/14 556/131/14 600/136/14
f 600/173/1 556/174/1 554/133/1 598/134/1
f 599/171/4 555/172/4 557/169/4 601/170/4
f 603/200/7 602/107/7 604/201/7 605/113/7
f 607/100/13 535/202/13 606/203/13 608/95/13
f 535/114/23 602/102/23 603/204/23 606/205/23
f 605/206/24 604/108/24 607/207/24 608/14/24
f 604/113/4 602/200/4 535/107/4 607/201/4
f 606/204/25 603/205/26 605/114/25 608/102/25
f 610/202/27 609/203/27 611/95/27 612/100/27
f 615/112/28 613/208/28 614/209/28 616/210/28
f 613/114/8 609/102/8 610/204/8 614/205/8
f 612/92/13 611/85/13 615/211/13 616/212/13
f 611/113/4 609/200/4 613/107/4 615/201/4
f 614/200/29 610/107/29 612/201/29 616/113/29
f 630/131/11 634/132/11 635/133/11 631/134/11
f 633/135/12 637/134/12 636/131/12 632/136/12
f 632/137/1 636/138/1 634/139/1 630/140/1
f 631/141/4 635/142/4 637/143/4 633/144/4
f 634/131/9 638/132/9 639/133/9 635/134/9
f 637/135/10 641/134/10 640/131/10 636/136/10
f 636/145/1 640/146/1 638/147/1 634/148/1
f 635/141/4 639/142/4 641/149/4 637/150/4
f 638/131/7 642/132/7 643/133/7 639/134/7
f 641/135/8 645/134/8 644/131/8 640/136/8
f 640/151/1 644/152/1 642/153/1 638/154/1
f 639/153/4 643/154/4 645/151/4 641/152/4
f 642/131/5 646/132/5 647/133/5 643/134/5
f 645/135/6 649/134/6 648/131/6 644/136/6
f 644/155/1 648/156/1 646/157/1 642/158/1
f 643/159/4 647/160/4 649/161/4 645/162/4
f 646/131/2 650/132/2 651/133/2 647/134/2
f 649/135/3 653/134/3 652/131/3 648/136/3
f 648/163/1 652/164/1 650/165/1 646/166/1
f 647/159/4 651/160/4 653/167/4 649/168/4
f 650/131/14 654/132/14 655/133/14 651/134/14
f 653/135/13 657/134/13 656/131/13 652/136/13
f 652/169/1 656/170/1 654/171/1 650/172/1
f 651/133/4 655/134/4 657/173/4 653/174/4
f 654/131/12 658/132/12 659/133/12 655/134/12
f 657/135/11 661/134/11 660/131/11 656/136/11
f 656/175/1 660/176/1 658/134/1 654/177/1
f 655/178/4 659/134/4 661/179/4 657/180/4
f 658/131/10 662/132/10 663/133/10 659/134/10
f 661/135/9 665/134/9 664/131/9 660/136/9
f 660/181/1 664/182/1 662/183/1 658/184/1
f 659/178/4 663/134/4 665/185/4 661/186/4
f 662/131/8 666/132/8 667/133/8 663/134/8
f 665/135/7 669/134/7 668/131/7 664/136/7
f 664/187/1 668/188/1 666/134/1 662/189/1
f 663/134/4 667/189/4 669/187/4 665/188/4
f 666/131/6 670/132/6 671/133/6 667/134/6
f 669/135/5 673/134/5 672/131/5 668/136/5
f 668/190/1 672/191/1 670/178/1 666/192/1
f 667/134/4 671/184/4 673/193/4 669/194/4
f 670/131/3 674/132/3 675/133/3 671/134/3
f 673/135/2 677/134/2 676/131/2 672/136/2
f 672/195/1 676/196/1 674/197/1 670/134/1
f 671/134/4 675/184/4 677/198/4 673/199/4
f 674/131/13 630/132/13 631/133/13 675/134/13
f 677/135/14 633/134/14 632/131/14 676/136/14
f 676/173/1 632/174/1 630/133/1 674/134/1
f 675/171/4 631/172/4 633/169/4 677/170/4
f 679/200/7 678/107/7 680/201/7 681/113/7
f 684/100/13 682/202/13 683/203/13 685/95/13
f 682/114/23 678/102/23 679/204/23 683/205/23
f 681/206/24 680/108/24 684/207/24 685/14/24
f 680/113/4 678/200/4 682/107/4 684/201/4
f 683/204/25 679/205/26 681/114/25 685/102/25
f 687/202/27 686/203/27 529/95/27 688/100/27
f 691/112/28 689/208/28 690/209/28 692/210/28
f 689/114/8 686/102/8 687/204/8 690/205/8
f 688/92/13 529/85/13 691/211/13 692/212/13
f 529/113/4 686/200/4 689/107/4 691/201/4
f 690/200/29 687/107/29 688/201/29 692/113/29
f 696/213/30 694/214/30 693/215/30 695/216/30
f 699/216/31 697/215/31 698/217/31 700/218/31
f 693/219/32 694/220/32 698/221/32 697/222/32
f 696/223/33 695/224/33 699/214/33 700/225/33
f 695/226/34 693/227/34 697/217/34 699/218/34
f 700/228/35 698/229/35 694/230/35 696/231/35
f 704/232/36 702/233/36 701/214/36 703/213/36
f 707/234/37 705/235/37 706/236/37 708/237/37
f 701/238/38 702/239/38 706/240/38 705/241/38
f 704/242/39 703/243/39 707/244/39 708/245/39
f 703/246/4 701/247/4 705/248/4 707/249/4
f 708/228/1 706/229/1 702/230/1 704/231/1
f 766/287/7 764/288/7 763/289/7 765/290/7
f 769/291/8 767/292/8 768/293/8 770/294/8
f 763/295/14 764/288/14 768/293/14 767/296/14
f 766/287/13 765/297/13 769/298/13 770/294/13
f 765/287/4 763/288/4 767/293/4 769/294/4
f 770/287/1 768/288/1 764/293/1 766/294/1
f 774/299/7 772/273/7 771/82/7 773/300/7
f 777/299/8 775/273/8 776/82/8 778/300/8
f 771/301/14 772/81/14 776/82/14 775/274/14
f 774/301/13 773/81/13 777/82/13 778/274/13
f 773/302/4 771/81/4 775/82/4 777/300/4
f 778/302/1 776/81/1 772/82/1 774/300/1
f 783/299/7 781/273/7 780/82/7 782/300/7
f 779/299/8 784/273/8 785/82/8 786/300/8
f 780/301/14 781/81/14 785/82/14 784/274/14
f 783/301/13 782/81/13 779/82/13 786/274/13
f 782/302/4 780/81/4 784/82/4 779/300/4
f 786/302/1 785/81/1 781/82/1 783/300/1
f 788/303/7 771/304/7 781/305/7 787/306/7
f 789/303/8 785/304/8 775/305/8 790/306/8
f 781/307/14 771/308/14 775/82/14 785/261/14
f 788/307/13 787/308/13 789/82/13 790/261/13
f 787/309/4 781/308/4 785/82/4 789/83/4
f 790/309/1 775/308/1 771/82/1 788/83/1
f 794/310/7 792/311/7 791/312/7 793/259/7
f 797/310/8 795/311/8 796/312/8 798/259/8
f 791/313/14 792/81/14 796/82/14 795/261/14
f 794/313/13 793/81/13 797/82/13 798/261/13
f 793/314/4 791/315/4 795/312/4 797/259/4
f 798/314/1 796/315/1 792/312/1 794/259/1
f 802/310/7 800/311/7 799/312/7 801/259/7
f 805/310/8 803/311/8 804/312/8 806/259/8
f 799/313/14 800/81/14 804/82/14 803/261/14
f 802/313/13 801/81/13 805/82/13 806/261/13
f 801/314/4 799/315/4 803/312/4 805/259/4
f 806/314/1 804/315/1 800/312/1 802/259/1
f 808/299/7 783/273/7 782/82/7 807/300/7
f 809/299/8 779/273/8 786/82/8 810/300/8
f 808/316/13 807/317/13 809/318/13 810/319/13
f 807/320/4 782/317/4 779/318/4 809/321/4
f 810/320/1 786/317/1 783/318/1 808/321/1
f 812/299/7 774/273/7 773/322/7 811/323/7
f 813/323/8 777/322/8 778/82/8 814/300/8
f 812/316/13 811/324/13 813/325/13 814/319/13
f 811/320/4 773/317/4 777/318/4 813/321/4
f 814/320/1 778/317/1 774/318/1 812/321/1
f 818/310/7 816/311/7 815/312/7 817/259/7
f 821/310/8 819/311/8 820/312/8 822/259/8
f 815/313/14 816/81/14 820/82/14 819/261/14
f 818/313/13 817/81/13 821/82/13 822/261/13
f 817/314/4 815/315/4 819/312/4 821/259/4
f 822/314/1 820/315/1 816/312/1 818/259/1
f 826/310/7 824/311/7 823/312/7 825/259/7
f 829/310/8 827/311/8 828/312/8 830/259/8
f 823/313/14 824/81/14 828/82/14 827/261/14
f 826/313/13 825/81/13 829/82/13 830/261/13
f 825/314/4 823/315/4 827/312/4 829/259/4
f 830/314/1 828/315/1 824/312/1 826/259/1
f 832/299/7 808/273/7 807/82/7 831/300/7
f 833/299/8 809/273/8 810/82/8 834/300/8
f 832/316/13 831/317/13 833/318/13 834/319/13
f 831/320/4 807/317/4 809/318/4 833/321/4
f 834/320/1 810/317/1 808/318/1 832/321/1
f 836/299/7 812/273/7 811/322/7 835/323/7
f 837/323/8 813/322/8 814/82/8 838/300/8
f 836/316/13 835/324/13 837/325/13 838/319/13
f 835/320/4 811/317/4 813/318/4 837/321/4
f 838/320/1 814/317/1 812/318/1 836/321/1
f 842/310/7 840/311/7 839/312/7 841/259/7
f 845/310/8 843/311/8 844/312/8 846/259/8
f 839/313/14 840/81/14 844/82/14 843/261/14
f 842/313/13 841/81/13 845/82/13 846/261/13
f 841/314/4 839/315/4 843/312/4 845/259/4
f 846/314/1 844/315/1 840/312/1 842/259/1
f 850/310/7 848/311/7 847/312/7 849/259/7
f 853/310/8 851/311/8 852/312/8 854/259/8
f 847/313/14 848/81/14 852/82/14 851/261/14
f 850/313/13 849/81/13 853/82/13 854/261/13
f 849/314/4 847/315/4 851/312/4 853/259/4
f 854/314/1 852/315/1 848/312/1 850/259/1
f 856/299/7 832/273/7 831/82/7 855/300/7
f 857/299/8 833/273/8 834/82/8 858/300/8
f 856/316/13 855/317/13 857/318/13 858/319/13
f 855/320/4 831/317/4 833/318/4 857/321/4
f 858/320/1 834/317/1 832/318/1 856/321/1
f 860/299/7 836/273/7 835/322/7 859/323/7
f 861/323/8 837/322/8 838/82/8 862/300/8
f 860/316/13 859/324/13 861/325/13 862/319/13
f 859/320/4 835/317/4 837/318/4 861/321/4
f 862/320/1 838/317/1 836/318/1 860/321/1
f 866/310/7 864/311/7 863/312/7 865/259/7
f 869/310/8 867/311/8 868/312/8 870/259/8
f 863/313/14 864/81/14 868/82/14 867/261/14
f 866/313/13 865/81/13 869/82/13 870/261/13
f 865/314/4 863/315/4 867/312/4 869/259/4
f 870/314/1 868/315/1 864/312/1 866/259/1
f 874/310/7 872/311/7 871/312/7 873/259/7
f 877/310/8 875/311/8 876/312/8 878/259/8
f 871/313/14 872/81/14 876/82/14 875/261/14
f 874/313/13 873/81/13 877/82/13 878/261/13
f 873/314/4 871/315/4 875/312/4 877/259/4
f 878/314/1 876/315/1 872/312/1 874/259/1
f 880/299/7 856/273/7 855/82/7 879/300/7
f 881/299/8 857/273/8 858/82/8 882/300/8
f 880/316/13 879/317/13 881/318/13 882/319/13
f 879/320/4 855/317/4 857/318/4 881/321/4
f 882/320/1 858/317/1 856/318/1 880/321/1
f 884/299/7 860/273/7 859/322/7 883/323/7
f 885/323/8 861/322/8 862/82/8 886/300/8
f 884/316/13 883/324/13 885/325/13 886/319/13
f 883/320/4 859/317/4 861/318/4 885/321/4
f 886/320/1 862/317/1 860/318/1 884/321/1
f 890/310/7 888/311/7 887/312/7 889/259/7
f 893/310/8 891/311/8 892/312/8 894/259/8
f 887/313/14 888/81/14 892/82/14 891/261/14
f 890/313/13 889/81/13 893/82/13 894/261/13
f 889/314/4 887/315/4 891/312/4 893/259/4
f 894/314/1 892/315/1 888/312/1 890/259/1
f 898/310/7 896/311/7 895/312/7 897/259/7
f 901/310/8 899/311/8 900/312/8 902/259/8
f 895/313/14 896/81/14 900/82/14 899/261/14
f 898/313/13 897/81/13 901/82/13 902/261/13
f 897/314/4 895/315/4 899/312/4 901/259/4
f 902/314/1 900/315/1 896/312/1 898/259/1
f 906/326/7 904/327/7 903/328/7 905/329/7
f 909/326/8 907/327/8 908/328/8 910/329/8
f 903/330/14 904/327/14 908/328/14 907/331/14
f 906/330/13 905/327/13 909/328/13 910/331/13
f 905/326/4 903/327/4 907/328/4 909/329/4
f 910/326/1 908/327/1 904/328/1 906/329/1
f 914/332/7 912/333/7 911/322/7 913/334/7
f 917/332/8 915/333/8 916/322/8 918/334/8
f 911/335/14 912/336/14 916/83/14 915/337/14
f 914/335/13 913/336/13 917/83/13 918/337/13
f 913/336/4 911/270/4 915/82/4 917/83/4
f 918/336/1 916/270/1 912/82/1 914/83/1
f 922/338/69 920/339/69 919/318/69 921/340/69
f 925/338/70 923/339/70 924/318/70 926/340/70
f 919/341/71 920/342/71 924/343/71 923/344/71
f 922/341/72 921/342/72 925/343/72 926/344/72
f 921/345/4 919/333/4 923/82/4 925/346/4
f 926/345/1 924/333/1 920/82/1 922/346/1
f 930/347/69 928/308/69 927/82/69 929/346/69
f 933/348/70 931/349/70 932/318/70 934/340/70
f 927/350/71 928/342/71 932/343/71 931/351/71
f 930/352/72 929/333/72 933/82/72 934/353/72
f 929/345/4 927/333/4 931/82/4 933/346/4
f 934/345/1 932/333/1 928/82/1 930/346/1
f 938/340/73 936/318/73 935/339/73 937/338/73
f 941/340/74 939/318/74 940/339/74 942/338/74
f 935/344/75 936/343/75 940/342/75 939/341/75
f 938/344/76 937/343/76 941/342/76 942/341/76
f 937/346/4 935/82/4 939/333/4 941/345/4
f 942/346/1 940/82/1 936/333/1 938/345/1
f 946/340/73 944/318/73 943/349/73 945/348/73
f 949/346/74 947/82/74 948/308/74 950/347/74
f 943/351/75 944/343/75 948/342/75 947/350/75
f 946/353/76 945/82/76 949/333/76 950/352/76
f 945/346/4 943/82/4 947/333/4 949/345/4
f 950/346/1 948/82/1 944/333/1 946/345/1
f 954/354/7 952/355/7 951/356/7 953/357/7
f 957/354/8 955/355/8 956/356/8 958/357/8
f 951/358/14 952/359/14 956/360/14 955/361/14
f 954/358/13 953/359/13 957/360/13 958/361/13
f 953/362/4 951/363/4 955/364/4 957/365/4
f 958/362/1 956/363/1 952/364/1 954/365/1
f 962/366/7 960/367/7 959/367/7 961/366/7
f 965/368/8 963/369/8 964/369/8 966/368/8
f 959/370/14 960/370/14 964/367/14 963/367/14
f 962/370/13 961/370/13 965/367/13 966/367/13
f 961/371/4 959/370/4 963/367/4 965/366/4
f 966/372/1 964/373/1 960/374/1 962/375/1
f 970/376/7 968/377/7 967/378/7 969/379/7
f 973/380/8 971/381/8 972/382/8 974/383/8
f 967/384/14 968/377/14 972/382/14 971/385/14
f 970/376/13 969/386/13 973/387/13 974/383/13
f 969/376/4 967/377/4 971/382/4 973/383/4
f 974/388/1 972/389/1 968/390/1 970/391/1
f 68/392/14 69/380/14 79/383/14 78/393/14
f 71/392/13 70/380/13 76/383/13 77/393/13
f 70/394/4 68/395/4 78/94/4 76/396/4
f 77/396/1 79/94/1 69/397/1 71/398/1
f 976/399/7 73/400/7 72/401/7 975/402/7
f 977/403/8 74/379/8 75/87/8 978/404/8
f 976/405/13 975/406/13 977/407/13 978/408/13
f 975/409/4 72/410/4 74/411/4 977/412/4
f 978/413/1 75/108/1 73/414/1 976/415/1
f 980/416/7 65/92/7 64/417/7 979/418/7
f 981/399/8 66/400/8 67/401/8 982/402/8
f 980/419/13 979/420/13 981/421/13 982/422/13
f 979/423/4 64/424/4 66/425/4 981/426/4
f 982/427/1 67/101/1 65/428/1 980/429/1
f 144/392/14 145/380/14 155/383/14 154/393/14
f 147/392/13 146/380/13 152/383/13 153/393/13
f 146/394/4 144/395/4 154/94/4 152/396/4
f 153/396/1 155/94/1 145/397/1 147/398/1
f 984/399/7 149/400/7 148/401/7 983/402/7
f 985/403/8 150/379/8 151/87/8 986/404/8
f 984/405/13 983/406/13 985/407/13 986/408/13
f 983/409/4 148/410/4 150/411/4 985/412/4
f 986/413/1 151/108/1 149/414/1 984/415/1
f 988/416/7 141/92/7 140/417/7 987/418/7
f 989/399/8 142/400/8 143/401/8 990/402/8
f 988/419/13 987/420/13 989/421/13 990/422/13
f 987/423/4 140/424/4 142/425/4 989/426/4
f 990/427/1 143/101/1 141/428/1 988/429/1
f 221/392/14 222/380/14 232/383/14 231/393/14
f 224/392/13 223/380/13 229/383/13 230/393/13
f 223/394/4 221/395/4 231/94/4 229/396/4
f 230/396/1 232/94/1 222/397/1 224/398/1
f 992/399/7 226/400/7 225/401/7 991/402/7
f 993/403/8 227/379/8 228/87/8 994/404/8
f 992/405/13 991/406/13 993/407/13 994/408/13
f 991/409/4 225/410/4 227/411/4 993/412/4
f 994/413/1 228/108/1 226/414/1 992/415/1
f 996/416/7 218/92/7 217/417/7 995/418/7
f 997/399/8 219/400/8 220/401/8 998/402/8
f 996/419/13 995/420/13 997/421/13 998/422/13
f 995/423/4 217/424/4 219/425/4 997/426/4
f 998/427/1 220/101/1 218/428/1 996/429/1
f 302/207/14 303/430/14 295/431/14 294/432/14
f 307/207/13 306/430/13 296/431/13 297/432/13
f 306/433/4 302/430/4 294/431/4 296/434/4
f 297/433/1 295/430/1 303/431/1 307/434/1
f 1002/435/7 1000/436/7 999/116/7 1001/211/7
f 1005/437/8 1003/98/8 1004/438/8 1006/439/8
f 999/205/14 1000/440/14 1004/441/14 1003/442/14
f 1002/443/13 1001/95/13 1005/444/13 1006/445/13
f 1001/392/4 999/209/4 1003/446/4 1005/447/4
f 1006/448/1 1004/449/1 1000/450/1 1002/451/1
f 1010/452/7 1008/453/7 1007/454/7 1009/455/7
f 1013/107/8 1011/211/8 1012/456/8 1014/457/8
f 1007/91/14 1008/458/14 1012/459/14 1011/460/14
f 1010/461/13 1009/462/13 1013/463/13 1014/464/13
f 1009/203/4 1007/465/4 1011/466/4 1013/467/4
f 1014/442/1 1012/467/1 1008/211/1 1010/107/1
f 379/207/14 380/430/14 372/431/14 371/432/14
f 384/207/13 383/430/13 373/431/13 374/432/13
f 383/433/4 379/430/4 371/431/4 373/434/4
f 374/433/1 372/430/1 380/431/1 384/434/1
f 1018/435/7 1016/436/7 1015/116/7 1017/211/7
f 1021/437/8 1019/98/8 1020/438/8 1022/439/8
f 1015/205/14 1016/440/14 1020/441/14 1019/442/14
f 1018/443/13 1017/95/13 1021/444/13 1022/445/13
f 1017/392/4 1015/209/4 1019/446/4 1021/447/4
f 1022/448/1 1020/449/1 1016/450/1 1018/451/1
f 1026/452/7 1024/453/7 1023/454/7 1025/455/7
f 1029/107/8 1027/211/8 1028/456/8 1030/457/8
f 1023/91/14 1024/458/14 1028/459/14 1027/460/14
f 1026/461/13 1025/462/13 1029/463/13 1030/464/13
f 1025/203/4 1023/465/4 1027/466/4 1029/467/4
f 1030/442/1 1028/467/1 1024/211/1 1026/107/1
f 456/207/14 457/430/14 449/431/14 448/432/14
f 461/207/13 460/430/13 450/431/13 451/432/13
f 460/433/4 456/430/4 448/431/4 450/434/4
f 451/433/1 449/430/1 457/431/1 461/434/1
f 1034/435/7 1032/436/7 1031/116/7 1033/211/7
f 1037/437/8 1035/98/8 1036/438/8 1038/439/8
f 1031/205/14 1032/440/14 1036/441/14 1035/442/14
f 1034/443/13 1033/95/13 1037/444/13 1038/445/13
f 1033/392/4 1031/209/4 1035/446/4 1037/447/4
f 1038/448/1 1036/449/1 1032/450/1 1034/451/1
f 1042/452/7 1040/453/7 1039/454/7 1041/455/7
f 1045/107/8 1043/211/8 1044/456/8 1046/457/8
f 1039/91/14 1040/458/14 1044/459/14 1043/460/14
f 1042/461/13 1041/462/13 1045/463/13 1046/464/13
f 1041/203/4 1039/465/4 1043/466/4 1045/467/4
f 1046/442/1 1044/467/1 1040/211/1 1042/107/1
f 533/207/14 534/430/14 526/431/14 525/432/14
f 538/207/13 537/430/13 527/431/13 528/432/13
f 537/433/4 533/430/4 525/431/4 527/434/4
f 528/433/1 526/430/1 534/431/1 538/434/1
f 1050/435/7 1048/436/7 1047/116/7 1049/211/7
f 1053/437/8 1051/98/8 1052/438/8 1054/439/8
f 1047/205/14 1048/440/14 1052/441/14 1051/442/14
f 1050/443/13 1049/95/13 1053/444/13 1054/445/13
f 1049/392/4 1047/209/4 1051/446/4 1053/447/4
f 1054/448/1 1052/449/1 1048/450/1 1050/451/1
f 1058/452/7 1056/453/7 1055/454/7 1057/455/7
f 1061/107/8 1059/211/8 1060/456/8 1062/457/8
f 1055/91/14 1056/458/14 1060/459/14 1059/460/14
f 1058/461/13 1057/462/13 1061/463/13 1062/464/13
f 1057/203/4 1055/465/4 1059/466/4 1061/467/4
f 1062/442/1 1060/467/1 1056/211/1 1058/107/1
f 609/207/14 610/430/14 603/431/14 602/432/14
f 614/207/13 613/430/13 604/431/13 605/432/13
f 613/433/4 609/430/4 602/431/4 604/434/4
f 605/433/1 603/430/1 610/431/1 614/434/1
f 1066/435/7 1064/436/7 1063/116/7 1065/211/7
f 1063/205/14 1064/440/14 1056/441/14 1055/442/14
f 1066/443/13 1065/95/13 1057/444/13 1058/445/13
f 1065/392/4 1063/209/4 1055/446/4 1057/447/4
f 1058/448/1 1056/449/1 1064/450/1 1066/451/1
f 1070/452/7 1068/453/7 1067/454/7 1069/455/7
f 1073/107/8 1071/211/8 1072/456/8 1074/457/8
f 1067/91/14 1068/458/14 1072/459/14 1071/460/14
f 1070/461/13 1069/462/13 1073/463/13 1074/464/13
f 1069/203/4 1067/465/4 1071/466/4 1073/467/4
f 1074/442/1 1072/467/1 1068/211/1 1070/107/1
f 686/207/14 687/430/14 679/431/14 678/432/14
f 690/207/13 689/430/13 680/431/13 681/432/13
f 689/433/4 686/430/4 678/431/4 680/434/4
f 681/433/1 679/430/1 687/431/1 690/434/1
f 1078/435/7 1076/436/7 1075/116/7 1077/211/7
f 1081/437/8 1079/98/8 1080/438/8 1082/439/8
f 1075/205/14 1076/440/14 1080/441/14 1079/442/14
f 1078/443/13 1077/95/13 1081/444/13 1082/445/13
f 1077/392/4 1075/209/4 1079/446/4 1081/447/4
f 1082/448/1 1080/449/1 1076/450/1 1078/451/1
f 1085/107/8 1083/211/8 1084/456/8 1086/457/8
f 1051/91/14 1052/458/14 1084/459/14 1083/460/14
f 1054/461/13 1053/462/13 1085/463/13 1086/464/13
f 1053/203/4 1051/465/4 1083/466/4 1085/467/4
f 1086/442/1 1084/467/1 1052/211/1 1054/107/1
f 1090/468/7 1088/469/7 1087/470/7 1089/471/7
f 1093/468/8 1091/469/8 1092/470/8 1094/471/8
f 1087/470/14 1088/472/14 1092/473/14 1091/474/14
f 1090/470/13 1089/472/13 1093/473/13 1094/474/13
f 1089/475/4 1087/476/4 1091/477/4 1093/478/4
f 1094/479/1 1092/480/1 1088/474/1 1090/481/1
f 1098/482/7 1096/483/7 1095/484/7 1097/485/7
f 1101/486/8 1099/217/8 1100/235/8 1102/487/8
f 1095/488/14 1096/489/14 1100/490/14 1099/491/14
f 1098/488/13 1097/489/13 1101/490/13 1102/491/13
f 1097/492/4 1095/493/4 1099/240/4 1101/241/4
f 1102/494/1 1100/488/1 1096/491/1 1098/215/1
f 1106/495/7 1104/496/7 1103/497/7 1105/498/7
f 1109/499/8 1107/500/8 1108/501/8 1110/502/8
f 1103/495/14 1104/496/14 1108/497/14 1107/498/14
f 1106/494/13 1105/488/13 1109/230/13 1110/503/13
f 1105/504/4 1103/505/4 1107/506/4 1109/507/4
f 1110/485/1 1108/484/1 1104/508/1 1106/509/1
f 1114/510/7 1112/511/7 1111/512/7 1113/513/7
f 1117/514/8 1115/515/8 1116/302/8 1118/516/8
f 1111/517/14 1112/518/14 1116/500/14 1115/519/14
f 1114/520/13 1113/521/13 1117/506/13 1118/522/13
f 1113/523/4 1111/524/4 1115/515/4 1117/514/4
f 1118/525/1 1116/526/1 1112/491/1 1114/527/1
f 1122/528/7 1120/529/7 1119/530/7 1121/531/7
f 1125/532/8 1123/533/8 1124/534/8 1126/535/8
f 1119/536/14 1120/537/14 1124/538/14 1123/539/14
f 1122/540/13 1121/541/13 1125/542/13 1126/543/13
f 1121/544/4 1119/545/4 1123/546/4 1125/547/4
f 1126/548/1 1124/549/1 1120/550/1 1122/551/1
f 1128/552/7 1122/553/7 1121/554/7 1127/555/7
f 1129/556/8 1125/557/8 1126/558/8 1130/559/8
f 1128/560/13 1127/561/13 1129/521/13 1130/520/13
f 1127/562/4 1121/563/4 1125/564/4 1129/565/4
f 1130/566/1 1126/567/1 1122/568/1 1128/569/1
f 1157/594/7 1155/595/7 1154/596/7 1156/597/7
f 1160/594/8 1158/595/8 1159/596/8 1161/597/8
f 1154/595/14 1155/598/14 1159/599/14 1158/596/14
f 1157/595/13 1156/598/13 1160/599/13 1161/596/13
f 1156/594/4 1154/595/4 1158/596/4 1160/597/4
f 1161/594/1 1159/595/1 1155/596/1 1157/597/1
f 1165/594/7 1163/595/7 1162/596/7 1164/597/7
f 1168/594/8 1166/595/8 1167/596/8 1169/597/8
f 1162/595/14 1163/598/14 1167/599/14 1166/596/14
f 1165/595/13 1164/598/13 1168/599/13 1169/596/13
f 1164/594/4 1162/595/4 1166/596/4 1168/597/4
f 1169/594/1 1167/595/1 1163/596/1 1165/597/1
f 1189/602/7 1187/603/7 1186/604/7 1188/605/7
f 1192/595/8 1190/598/8 1191/599/8 1193/596/8
f 1186/606/14 1187/607/14 1191/608/14 1190/609/14
f 1189/606/13 1188/607/13 1192/608/13 1193/609/13
f 1188/606/4 1186/607/4 1190/608/4 1192/609/4
f 1193/606/1 1191/607/1 1187/608/1 1189/609/1
usemtl m_b2af6bd8-ffc8-ff72-7f7b-7b18782af15d.018
f 712/250/40 710/251/40 709/82/40 711/252/40
f 715/250/41 713/251/41 714/82/41 716/252/41
f 709/253/42 710/254/42 714/255/42 713/256/42
f 712/253/43 711/254/43 715/255/43 716/256/43
f 711/250/44 709/251/44 713/82/44 715/252/44
f 716/250/45 714/251/45 710/82/45 712/252/45
f 720/250/46 718/251/46 717/82/46 719/252/46
f 723/250/47 721/251/47 722/82/47 724/252/47
f 717/253/42 718/254/42 722/255/42 721/256/42
f 720/253/43 719/254/43 723/255/43 724/256/43
f 719/250/44 717/251/44 721/82/44 723/252/44
f 724/250/45 722/251/45 718/82/45 720/252/45
f 726/257/7 725/258/7 727/259/7
f 728/260/8 729/261/8 730/262/8
f 725/263/14 726/264/14 729/251/14 728/265/14
f 727/266/48 725/257/48 728/267/48 730/268/48
f 730/268/1 729/267/1 726/261/1 727/269/1
f 731/270/49 732/271/50 733/272/51
f 734/273/52 736/274/53 735/275/54
f 733/276/55 732/277/56 735/278/57 736/250/58
f 732/263/50 731/264/49 734/251/52 735/265/54
f 736/265/59 734/251/60 731/82/61 733/274/62
f 737/270/49 738/271/50 739/272/51
f 740/273/52 742/274/53 741/275/54
f 739/276/55 738/277/56 741/278/57 742/250/58
f 738/263/50 737/264/49 740/251/52 741/265/54
f 742/265/59 740/251/60 737/82/61 739/274/62
f 744/257/7 743/258/7 745/259/7
f 746/260/8 747/261/8 748/262/8
f 743/263/14 744/264/14 747/251/14 746/265/14
f 745/266/48 743/257/48 746/267/48 748/268/48
f 748/268/1 747/267/1 744/261/1 745/269/1
f 752/279/63 750/280/63 749/273/63 751/260/63
f 755/281/64 753/282/64 754/82/64 756/261/64
f 749/283/65 750/264/65 754/251/65 753/284/65
f 752/285/66 751/263/66 755/265/66 756/286/66
f 751/257/4 749/264/4 753/251/4 755/267/4
f 756/267/1 754/251/1 750/82/1 752/261/1
f 756/279/67 754/280/67 757/273/67 758/260/67
f 761/281/68 759/282/68 760/82/68 762/261/68
f 757/283/65 754/264/65 760/251/65 759/284/65
f 756/285/66 758/263/66 761/265/66 762/286/66
f 758/257/4 757/264/4 759/251/4 761/267/4
f 762/267/1 760/251/1 754/82/1 756/261/1
f 1134/570/7 1132/251/7 1131/82/7 1133/571/7
f 1137/572/8 1135/264/8 1136/251/8 1138/570/8
f 1131/573/14 1132/574/14 1136/575/14 1135/576/14
f 1134/574/13 1133/577/13 1137/578/13 1138/575/13
f 1133/573/4 1131/577/4 1135/578/4 1137/576/4
f 1138/573/1 1136/577/1 1132/578/1 1134/576/1
f 1142/570/7 1140/251/7 1139/82/7 1141/571/7
f 1145/572/8 1143/264/8 1144/251/8 1146/570/8
f 1139/579/14 1140/580/14 1144/581/14 1143/582/14
f 1142/580/13 1141/583/13 1145/584/13 1146/581/13
f 1141/579/4 1139/583/4 1143/584/4 1145/582/4
f 1146/585/1 1144/586/1 1140/82/1 1142/571/1
f 1149/587/7 1148/588/7 1147/82/7 1/571/7
f 1152/572/8 1150/264/8 1151/81/8 1153/589/8
f 1147/585/14 1148/590/14 1151/591/14 1150/571/14
f 1149/592/13 1/586/13 1152/82/13 1153/593/13
f 1/585/4 1147/586/4 1150/82/4 1152/571/4
f 1153/585/1 1151/586/1 1148/82/1 1149/571/1
f 1173/253/7 1171/600/7 1170/601/7 1172/256/7
f 1176/253/8 1174/600/8 1175/601/8 1177/256/8
f 1170/253/77 1171/254/77 1175/255/77 1174/256/77
f 1173/253/78 1172/254/78 1176/255/78 1177/256/78
f 1172/253/79 1170/600/79 1174/601/79 1176/256/79
f 1177/253/80 1175/600/80 1171/601/80 1173/256/80
f 1181/253/7 1179/600/7 1178/601/7 1180/256/7
f 1184/253/8 1182/600/8 1183/601/8 1185/256/8
f 1178/253/77 1179/254/77 1183/255/77 1182/256/77
f 1181/253/78 1180/254/78 1184/255/78 1185/256/78
f 1180/253/79 1178/600/79 1182/601/79 1184/256/79
f 1185/253/80 1183/600/80 1179/601/80 1181/256/80
f 765/610/7 1195/611/7 1194/612/7 1196/613/7
f 1199/614/8 1197/615/8 1198/616/8 970/617/8
f 1194/266/14 1195/264/14 1198/251/14 1197/268/14
f 765/572/13 1196/263/13 1199/265/13 970/570/13
f 1196/610/4 1194/611/4 1197/618/4 1199/619/4
f 970/619/1 1198/618/1 1195/616/1 765/617/1
f 974/620/7 1201/264/7 1200/273/7 1202/621/7
f 1205/622/8 1203/623/8 1204/82/8 769/624/8
f 1200/266/14 1201/264/14 1204/251/14 1203/268/14
f 974/572/13 1202/263/13 1205/265/13 769/570/13
f 1202/620/4 1200/264/4 1203/251/4 1205/625/4
f 769/625/1 1204/251/1 1201/82/1 974/624/1
f 1209/626/7 1207/627/7 1206/82/7 1208/261/7
f 1212/626/8 1210/627/8 1211/82/8 1213/261/8
f 1206/628/14 1207/251/14 1211/82/14 1210/629/14
f 1209/628/13 1208/251/13 1212/82/13 1213/629/13
f 1208/257/4 1206/264/4 1210/251/4 1212/267/4
f 1213/267/1 1211/251/1 1207/82/1 1209/261/1
f 1217/630/7 1215/631/7 1214/632/7 1216/633/7
f 1220/634/8 1218/635/8 1219/636/8 1221/637/8
f 1214/638/14 1215/639/14 1219/640/14 1218/641/14
f 1217/642/13 1216/643/13 1220/269/13 1221/644/13
f 1216/645/4 1214/646/4 1218/647/4 1220/648/4
f 1221/649/1 1219/634/1 1215/650/1 1217/651/1
f 1225/652/7 1223/653/7 1222/654/7 1224/655/7
f 1227/656/8 1226/271/8 1210/265/8 1212/267/8
f 1222/277/14 1223/257/14 1210/267/14 1226/278/14
f 1225/657/13 1224/658/13 1227/659/13 1212/660/13
f 1224/257/4 1222/263/4 1226/265/4 1227/267/4
f 1212/267/1 1210/265/1 1223/274/1 1225/261/1
f 1231/661/7 1229/662/7 1228/274/7 1230/261/7
f 1234/626/8 1232/663/8 1233/664/8 1235/665/8
f 1228/666/14 1229/667/14 1233/668/14 1232/669/14
f 1231/670/13 1230/264/13 1234/623/13 1235/671/13
f 1230/257/4 1228/263/4 1232/672/4 1234/258/4
f 1235/260/1 1233/275/1 1229/274/1 1231/261/1
f 1230/652/7 1228/653/7 1236/654/7 1237/655/7
f 1240/656/8 1238/271/8 1239/265/8 1241/267/8
f 1236/277/14 1228/257/14 1239/267/14 1238/278/14
f 1230/657/13 1237/658/13 1240/659/13 1241/660/13
f 1237/257/4 1236/263/4 1238/265/4 1240/267/4
f 1241/267/1 1239/265/1 1228/274/1 1230/261/1
f 1243/257/7 765/264/7 1196/273/7 1242/260/7
f 1244/258/8 1205/623/8 769/82/8 1245/261/8
f 1196/673/14 765/674/14 769/82/14 1205/269/14
f 1243/675/13 1242/676/13 1244/274/13 1245/571/13
f 1242/677/4 1196/674/4 1205/82/4 1244/261/4
f 1245/677/1 769/674/1 765/82/1 1243/261/1
f 1249/257/7 1247/263/7 1246/275/7 1248/260/7
f 1252/258/8 1250/672/8 1251/274/8 1253/261/8
f 1246/643/14 1247/280/14 1251/476/14 1250/678/14
f 1249/679/13 1248/680/13 1252/681/13 1253/682/13
f 1248/279/4 1246/680/4 1250/681/4 1252/683/4
f 1253/279/1 1251/680/1 1247/681/1 1249/683/1
f 1257/656/7 1255/271/7 1254/275/7 1256/260/7
f 1260/656/8 1258/271/8 1259/275/8 1261/260/8
f 1254/357/14 1255/664/14 1259/684/14 1258/685/14
f 1257/357/13 1256/664/13 1260/684/13 1261/685/13
f 1256/665/4 1254/664/4 1258/684/4 1260/686/4
f 1261/665/1 1259/664/1 1255/684/1 1257/686/1
f 1265/257/81 1263/263/81 1262/275/81 1264/260/81
f 1268/258/82 1266/672/82 1267/274/82 1269/261/82
f 1262/643/83 1263/280/83 1267/476/83 1266/678/83
f 1265/679/84 1264/680/84 1268/681/84 1269/682/84
f 1264/279/4 1262/680/4 1266/681/4 1268/683/4
f 1269/279/1 1267/680/1 1263/681/1 1265/683/1
f 1273/257/83 1271/263/83 1270/275/83 1272/260/83
f 1276/258/84 1274/672/84 1275/274/84 1277/261/84
f 1270/687/82 1271/688/82 1275/476/82 1274/678/82
f 1273/689/81 1272/690/81 1276/681/81 1277/682/81
f 1272/691/4 1270/690/4 1274/681/4 1276/683/4
f 1277/691/1 1275/690/1 1271/681/1 1273/683/1
f 1281/572/7 1279/264/7 1278/82/7 1280/571/7
f 1284/572/8 1282/264/8 1283/82/8 1285/571/8
f 1278/585/14 1279/586/14 1283/82/14 1282/571/14
f 1281/585/13 1280/586/13 1284/82/13 1285/571/13
f 1280/585/4 1278/586/4 1282/82/4 1284/571/4
f 1285/579/1 1283/583/1 1279/584/1 1281/582/1
f 1287/272/7 1286/477/7 737/82/7 739/274/7
f 742/272/8 740/477/8 1288/82/8 1289/274/8
f 737/276/14 1286/264/14 1288/251/14 740/250/14
f 1287/276/13 739/264/13 742/251/13 1289/250/13
f 1289/265/1 1288/251/1 1286/82/1 1287/274/1
f 1291/272/7 1290/477/7 744/82/7 745/274/7
f 748/272/8 747/477/8 1292/82/8 1293/274/8
f 744/276/14 1290/264/14 1292/251/14 747/250/14
f 1291/276/13 745/264/13 748/251/13 1293/250/13
f 1293/265/1 1292/251/1 1290/82/1 1291/274/1
f 726/692/7 733/263/7 732/672/7 725/693/7
f 728/694/8 735/275/8 736/274/8 729/695/8
f 725/692/4 732/263/4 735/265/4 728/696/4
f 729/696/1 736/265/1 733/274/1 726/695/1
f 1295/272/7 1294/477/7 731/82/7 733/274/7
f 736/272/8 734/477/8 1296/82/8 1297/274/8
f 731/276/14 1294/264/14 1296/251/14 734/250/14
f 1295/276/13 733/264/13 736/251/13 1297/250/13
f 1297/265/1 1296/251/1 1294/82/1 1295/274/1
f 1299/272/7 1298/477/7 726/82/7 727/274/7
f 730/272/8 729/477/8 1300/82/8 1301/274/8
f 726/276/14 1298/264/14 1300/251/14 729/250/14
f 1299/276/13 727/264/13 730/251/13 1301/250/13
f 1301/265/1 1300/251/1 1298/82/1 1299/274/1
f 744/692/7 739/263/7 738/672/7 743/693/7
f 746/694/8 741/275/8 742/274/8 747/695/8
f 743/692/4 738/263/4 741/265/4 746/696/4
f 747/696/1 742/265/1 739/274/1 744/695/1
