# Blender 5.2.0 LTS
# www.blender.org
mtllib ks_hp_400_left.mtl
o cube
v 0.218750 1.000000 0.062500
v -0.093371 5.374811 -0.490625
v -0.093371 5.374811 -0.568750
v -0.093371 5.312311 -0.490625
v -0.093371 5.312311 -0.568750
v -0.124621 5.374811 -0.490625
v -0.124621 5.374811 -0.568750
v -0.124621 5.312311 -0.490625
v -0.124621 5.312311 -0.568750
v 0.656250 3.125000 0.125000
v 0.656250 3.125000 -0.125000
v 0.656250 2.125000 0.125000
v 0.656250 2.125000 -0.125000
v 0.406250 3.125000 0.125000
v 0.406250 3.125000 -0.125000
v 0.406250 2.125000 0.125000
v 0.406250 2.125000 -0.125000
v 0.656250 3.687500 0.125000
v 0.656250 3.687500 -0.125000
v 0.406250 3.687500 0.125000
v 0.406250 3.687500 -0.125000
v 0.656250 1.125000 0.125000
v 0.656250 1.125000 -0.125000
v 0.406250 1.125000 0.125000
v 0.406250 1.125000 -0.125000
v 0.656250 0.312500 0.125000
v 0.656250 0.312500 -0.125000
v 0.406250 0.312500 0.125000
v 0.406250 0.312500 -0.125000
v 0.406250 0.625000 -0.062500
v 0.406250 0.625000 -0.125000
v 0.406250 0.562500 -0.062500
v 0.406250 0.562500 -0.125000
v 0.218750 0.625000 -0.062500
v 0.218750 0.625000 -0.125000
v 0.218750 0.562500 -0.062500
v 0.218750 0.562500 -0.125000
v 0.406250 0.625000 0.125000
v 0.406250 0.625000 0.062500
v 0.406250 0.562500 0.125000
v 0.406250 0.562500 0.062500
v 0.218750 0.625000 0.125000
v 0.218750 0.625000 0.062500
v 0.218750 0.562500 0.125000
v 0.218750 0.562500 0.062500
v 0.281250 0.625000 0.062500
v 0.281250 0.625000 -0.062500
v 0.281250 0.562500 0.062500
v 0.281250 0.562500 -0.062500
v 0.406250 1.000000 0.125000
v 0.406250 1.000000 0.062500
v 0.406250 0.937500 0.125000
v 0.406250 0.937500 0.062500
v 0.218750 1.000000 0.125000
v 0.218750 0.937500 0.125000
v 0.218750 0.937500 0.062500
v 0.281250 1.000000 0.062500
v 0.281250 1.000000 -0.062500
v 0.281250 0.937500 0.062500
v 0.281250 0.937500 -0.062500
v 0.218750 1.000000 -0.062500
v 0.218750 0.937500 -0.062500
v 0.406250 1.000000 -0.062500
v 0.406250 1.000000 -0.125000
v 0.406250 0.937500 -0.062500
v 0.406250 0.937500 -0.125000
v 0.218750 1.000000 -0.125000
v 0.218750 0.937500 -0.125000
v 0.406250 1.375000 -0.062500
v 0.406250 1.375000 -0.125000
v 0.406250 1.312500 -0.062500
v 0.406250 1.312500 -0.125000
v 0.218750 1.375000 -0.062500
v 0.218750 1.375000 -0.125000
v 0.218750 1.312500 -0.062500
v 0.218750 1.312500 -0.125000
v 0.281250 1.375000 0.062500
v 0.281250 1.375000 -0.062500
v 0.281250 1.312500 0.062500
v 0.281250 1.312500 -0.062500
v 0.218750 1.375000 0.062500
v 0.218750 1.312500 0.062500
v 0.406250 1.375000 0.125000
v 0.406250 1.375000 0.062500
v 0.406250 1.312500 0.125000
v 0.406250 1.312500 0.062500
v 0.218750 1.375000 0.125000
v 0.218750 1.312500 0.125000
v 0.062500 5.000000 -0.156250
v 0.062500 5.000000 -0.218750
v 0.062500 3.875000 -0.156250
v 0.062500 3.875000 -0.218750
v -0.062500 5.000000 -0.156250
v -0.062500 5.000000 -0.218750
v -0.062500 3.875000 -0.156250
v -0.062500 3.875000 -0.218750
v 0.062500 5.000000 0.218750
v 0.062500 5.000000 0.093750
v 0.062500 3.875000 0.218750
v 0.062500 3.875000 0.093750
v -0.062500 5.000000 0.218750
v -0.062500 5.000000 0.093750
v -0.062500 3.875000 0.218750
v -0.062500 3.875000 0.093750
v 0.062500 4.937500 0.093750
v 0.062500 4.937500 -0.156250
v -0.062500 4.937500 0.093750
v -0.062500 4.937500 -0.156250
v 0.062500 4.562500 0.093750
v 0.062500 4.562500 -0.156250
v 0.062500 4.500000 0.093750
v 0.062500 4.500000 -0.156250
v -0.062500 4.562500 0.093750
v -0.062500 4.562500 -0.156250
v -0.062500 4.500000 0.093750
v -0.062500 4.500000 -0.156250
v 0.062500 4.125000 0.093750
v 0.062500 4.125000 -0.156250
v 0.062500 3.937500 0.093750
v 0.062500 3.937500 -0.156250
v -0.062500 4.125000 0.093750
v -0.062500 4.125000 -0.156250
v -0.062500 3.937500 0.093750
v -0.062500 3.937500 -0.156250
v 0.593750 3.250000 0.187500
v 0.593750 3.250000 0.125000
v 0.593750 3.187500 0.187500
v 0.593750 3.187500 0.125000
v 0.218750 3.250000 0.187500
v 0.218750 3.250000 0.125000
v 0.218750 3.187500 0.187500
v 0.218750 3.187500 0.125000
v 0.843750 2.750000 0.187500
v 0.843750 2.750000 0.125000
v 0.843750 2.687500 0.187500
v 0.843750 2.687500 0.125000
v 0.468750 2.750000 0.187500
v 0.468750 2.750000 0.125000
v 0.468750 2.687500 0.187500
v 0.468750 2.687500 0.125000
v 0.593750 2.250000 0.187500
v 0.593750 2.250000 0.125000
v 0.593750 2.187500 0.187500
v 0.593750 2.187500 0.125000
v 0.218750 2.250000 0.187500
v 0.218750 2.250000 0.125000
v 0.218750 2.187500 0.187500
v 0.218750 2.187500 0.125000
v 0.843750 1.750000 0.187500
v 0.843750 1.750000 0.125000
v 0.843750 1.687500 0.187500
v 0.843750 1.687500 0.125000
v 0.468750 1.750000 0.187500
v 0.468750 1.750000 0.125000
v 0.468750 1.687500 0.187500
v 0.468750 1.687500 0.125000
v 0.906250 0.250000 0.375000
v 0.906250 0.250000 -0.375000
v 0.906250 -0.187500 0.375000
v 0.906250 -0.187500 -0.375000
v 0.156250 0.250000 0.375000
v 0.156250 0.250000 -0.375000
v 0.156250 -0.187500 0.375000
v 0.156250 -0.187500 -0.375000
v 0.843750 0.312500 0.250000
v 0.843750 0.312500 -0.250000
v 0.843750 0.250000 0.250000
v 0.843750 0.250000 -0.250000
v 0.218750 0.312500 0.250000
v 0.218750 0.312500 -0.250000
v 0.218750 0.250000 0.250000
v 0.218750 0.250000 -0.250000
v 0.796415 0.286612 -0.037500
v 0.796415 0.286612 -0.118750
v 0.708027 0.198223 -0.037500
v 0.708027 0.198223 -0.118750
v 0.575444 0.507583 -0.037500
v 0.575444 0.507583 -0.118750
v 0.487056 0.419194 -0.037500
v 0.487056 0.419194 -0.118750
v 0.494638 0.515165 -0.037500
v 0.494638 0.515165 -0.118750
v 0.583027 0.426777 -0.037500
v 0.583027 0.426777 -0.118750
v 0.273667 0.294194 -0.037500
v 0.273667 0.294194 -0.118750
v 0.362056 0.205806 -0.037500
v 0.362056 0.205806 -0.118750
v 0.494638 0.515165 0.118750
v 0.494638 0.515165 0.037500
v 0.583027 0.426777 0.118750
v 0.583027 0.426777 0.037500
v 0.273667 0.294194 0.118750
v 0.273667 0.294194 0.037500
v 0.362056 0.205806 0.118750
v 0.362056 0.205806 0.037500
v 0.796415 0.286612 0.118750
v 0.796415 0.286612 0.037500
v 0.708027 0.198223 0.118750
v 0.708027 0.198223 0.037500
v 0.575444 0.507583 0.118750
v 0.575444 0.507583 0.037500
v 0.487056 0.419194 0.118750
v 0.487056 0.419194 0.037500
v 0.843750 1.312500 0.500000
v 0.843750 1.312500 0.125000
v 0.843750 0.500000 0.500000
v 0.843750 0.500000 0.125000
v 0.218750 1.312500 0.500000
v 0.218750 0.500000 0.500000
v 0.218750 0.500000 0.125000
v 0.562500 3.640165 0.118750
v 0.562500 3.640165 0.068750
v 0.429917 3.507582 0.118750
v 0.429917 3.507582 0.068750
v 0.341529 3.861136 0.118750
v 0.341529 3.861136 0.068750
v 0.208947 3.728553 0.118750
v 0.208947 3.728553 0.068750
v 0.562500 3.640165 -0.068750
v 0.562500 3.640165 -0.118750
v 0.429917 3.507582 -0.068750
v 0.429917 3.507582 -0.118750
v 0.341529 3.861136 -0.068750
v 0.341529 3.861136 -0.118750
v 0.208947 3.728553 -0.068750
v 0.208947 3.728553 -0.118750
v 0.375000 3.875000 0.250000
v 0.375000 3.875000 -0.250000
v 0.375000 3.812500 0.250000
v 0.375000 3.812500 -0.250000
v -0.187500 3.875000 0.250000
v -0.187500 3.875000 -0.250000
v -0.187500 3.812500 0.250000
v -0.187500 3.812500 -0.250000
v 0.656250 3.812500 0.187500
v 0.656250 3.812500 -0.187500
v 0.656250 3.687500 0.187500
v 0.656250 3.687500 -0.187500
v -0.187500 3.812500 0.187500
v -0.187500 3.812500 -0.187500
v -0.187500 3.687500 0.187500
v -0.187500 3.687500 -0.187500
v 0.656250 3.875000 0.187500
v 0.656250 3.875000 -0.187500
v 0.375000 3.875000 0.187500
v 0.375000 3.875000 -0.187500
v 0.375000 3.812500 0.187500
v 0.375000 3.812500 -0.187500
v -0.125000 3.812500 -0.187500
v -0.125000 3.812500 -0.250000
v -0.125000 3.687500 -0.187500
v -0.062500 3.812500 -0.187500
v -0.062500 3.812500 -0.250000
v -0.062500 3.687500 -0.187500
v 0.062500 3.812500 -0.187500
v 0.062500 3.812500 -0.250000
v 0.062500 3.687500 -0.187500
v 0.125000 3.812500 -0.187500
v 0.125000 3.812500 -0.250000
v 0.125000 3.687500 -0.187500
v 0.250000 3.812500 -0.187500
v 0.250000 3.812500 -0.250000
v 0.250000 3.687500 -0.187500
v 0.312500 3.812500 -0.187500
v 0.312500 3.812500 -0.250000
v 0.312500 3.687500 -0.187500
v -0.125000 3.812500 0.187500
v -0.125000 3.812500 0.250000
v -0.125000 3.687500 0.187500
v -0.062500 3.812500 0.187500
v -0.062500 3.812500 0.250000
v -0.062500 3.687500 0.187500
v 0.062500 3.812500 0.187500
v 0.062500 3.812500 0.250000
v 0.062500 3.687500 0.187500
v 0.125000 3.812500 0.187500
v 0.125000 3.812500 0.250000
v 0.125000 3.687500 0.187500
v 0.250000 3.812500 0.187500
v 0.250000 3.812500 0.250000
v 0.250000 3.687500 0.187500
v 0.312500 3.812500 0.187500
v 0.312500 3.812500 0.250000
v 0.312500 3.687500 0.187500
v 0.125000 3.687500 0.062500
v 0.125000 3.687500 -0.062500
v 0.125000 3.437500 0.062500
v 0.125000 3.437500 -0.062500
v 0.062500 3.687500 0.062500
v 0.062500 3.687500 -0.062500
v 0.062500 3.437500 0.062500
v 0.062500 3.437500 -0.062500
v -0.062500 3.687500 0.031250
v -0.062500 3.687500 -0.031250
v -0.062500 3.568750 0.031250
v -0.062500 3.568750 -0.031250
v -0.109375 3.687500 0.031250
v -0.109375 3.687500 -0.031250
v -0.109375 3.568750 0.031250
v -0.109375 3.568750 -0.031250
v 0.218750 3.490625 0.031250
v 0.218750 3.490625 -0.031250
v 0.218750 3.443750 0.031250
v 0.218750 3.443750 -0.031250
v 0.015625 3.490625 0.031250
v 0.015625 3.490625 -0.031250
v 0.015625 3.443750 0.031250
v 0.015625 3.443750 -0.031250
v 0.406250 3.553125 0.031250
v 0.406250 3.553125 -0.031250
v 0.406250 3.506250 0.031250
v 0.406250 3.506250 -0.031250
v -0.062500 4.000000 0.212500
v -0.062500 4.000000 0.100000
v -0.125000 3.875000 0.212500
v -0.125000 3.875000 0.100000
v -0.062500 3.875000 0.212500
v -0.062500 3.875000 0.100000
v 0.000000 4.000000 0.212500
v 0.000000 4.000000 0.100000
v -0.062500 4.000000 -0.162500
v -0.062500 4.000000 -0.212500
v -0.125000 3.875000 -0.162500
v -0.125000 3.875000 -0.212500
v -0.062500 3.875000 -0.162500
v -0.062500 3.875000 -0.212500
v 0.000000 4.000000 -0.162500
v 0.000000 4.000000 -0.212500
v 0.062500 3.875000 -0.162500
v 0.062500 3.875000 -0.212500
v 0.062500 4.000000 -0.162500
v 0.062500 4.000000 -0.212500
v 0.125000 3.875000 -0.162500
v 0.125000 3.875000 -0.212500
v 0.062500 3.875000 0.212500
v 0.062500 3.875000 0.100000
v 0.062500 4.000000 0.212500
v 0.062500 4.000000 0.100000
v 0.125000 3.875000 0.212500
v 0.125000 3.875000 0.100000
v 1.100000 3.937500 0.275000
v 1.100000 3.937500 -0.693750
v 1.100000 3.875000 0.275000
v 1.100000 3.875000 -0.693750
v 0.381250 3.937500 0.275000
v 0.381250 3.937500 -0.693750
v 0.381250 3.875000 0.275000
v 0.381250 3.875000 -0.693750
v 0.412500 4.437500 -0.256250
v 0.412500 4.437500 -0.725000
v 0.412500 4.406250 -0.256250
v 0.412500 4.406250 -0.725000
v 0.381250 4.437500 -0.256250
v 0.381250 4.437500 -0.725000
v 0.381250 4.406250 -0.256250
v 0.381250 4.406250 -0.725000
v 0.412500 4.875000 -0.256250
v 0.412500 4.875000 -0.725000
v 0.412500 4.843750 -0.256250
v 0.412500 4.843750 -0.725000
v 0.381250 4.875000 -0.256250
v 0.381250 4.875000 -0.725000
v 0.381250 4.843750 -0.256250
v 0.381250 4.843750 -0.725000
v 1.100000 3.937500 -0.756250
v 1.100000 3.875000 -0.756250
v 0.381250 3.937500 -0.756250
v 0.381250 3.875000 -0.756250
v 1.068750 4.437500 -0.725000
v 1.068750 4.437500 -0.756250
v 1.068750 4.406250 -0.725000
v 1.068750 4.406250 -0.756250
v 0.412500 4.437500 -0.756250
v 0.412500 4.406250 -0.756250
v 1.068750 4.875000 -0.725000
v 1.068750 4.875000 -0.756250
v 1.068750 4.843750 -0.725000
v 1.068750 4.843750 -0.756250
v 0.412500 4.875000 -0.756250
v 0.412500 4.843750 -0.756250
v 1.100000 4.875000 -0.725000
v 1.100000 4.875000 -0.756250
v 1.100000 3.937500 -0.725000
v 1.068750 3.937500 -0.725000
v 1.068750 3.937500 -0.756250
v 0.412500 3.937500 -0.725000
v 0.412500 3.937500 -0.756250
v 0.381250 4.875000 -0.756250
v 0.381250 3.937500 -0.725000
v 0.412500 4.875000 -0.225000
v 0.412500 3.937500 -0.225000
v 0.412500 3.937500 -0.256250
v 0.381250 4.875000 -0.225000
v 0.381250 3.937500 -0.225000
v 0.381250 3.937500 -0.256250
v 1.100000 4.875000 0.275000
v 1.100000 4.875000 0.243750
v 1.100000 3.937500 0.243750
v 1.068750 4.875000 0.275000
v 1.068750 4.875000 0.243750
v 1.068750 3.937500 0.275000
v 1.068750 3.937500 0.243750
v 1.100000 4.843750 0.243750
v 1.100000 4.843750 -0.725000
v 1.068750 4.843750 0.243750
v 1.100000 4.437500 0.243750
v 1.100000 4.437500 -0.725000
v 1.100000 4.406250 0.243750
v 1.100000 4.406250 -0.725000
v 1.068750 4.437500 0.243750
v 1.068750 4.406250 0.243750
v 0.850000 3.875000 0.243750
v 0.850000 3.875000 -0.693750
v 0.850000 3.812500 0.243750
v 0.850000 3.812500 -0.693750
v 0.662500 3.875000 0.243750
v 0.662500 3.875000 -0.693750
v 0.662500 3.812500 0.243750
v 0.662500 3.812500 -0.693750
v 0.725000 3.812500 0.243750
v 0.725000 3.812500 -0.693750
v 0.725000 3.687500 0.243750
v 0.725000 3.687500 -0.693750
v 0.662500 3.687500 0.243750
v 0.662500 3.687500 -0.693750
v 0.250000 5.875000 0.671875
v 0.250000 5.875000 0.640625
v 0.250000 5.000000 0.671875
v 0.250000 5.000000 0.640625
v 0.218750 5.875000 0.671875
v 0.218750 5.875000 0.640625
v 0.218750 5.000000 0.671875
v 0.218750 5.000000 0.640625
v -0.218750 5.875000 0.671875
v -0.218750 5.875000 0.640625
v -0.218750 5.000000 0.671875
v -0.218750 5.000000 0.640625
v -0.250000 5.875000 0.671875
v -0.250000 5.875000 0.640625
v -0.250000 5.000000 0.671875
v -0.250000 5.000000 0.640625
v 0.368750 5.884903 0.300697
v 0.368750 5.879477 0.269922
v 0.368750 5.084747 0.441786
v 0.368750 5.079321 0.411011
v 0.337500 5.884903 0.300697
v 0.337500 5.879477 0.269922
v 0.337500 5.084747 0.441786
v 0.337500 5.079321 0.411011
v 0.368750 5.090997 0.441786
v 0.368750 5.080144 0.411486
v 0.243750 4.961646 0.463492
v 0.243750 4.950793 0.433191
v 0.337500 5.090997 0.441786
v 0.337500 5.080144 0.411486
v 0.212500 4.961646 0.463492
v 0.212500 4.950793 0.433191
v -0.350000 5.090997 0.441786
v -0.350000 5.080144 0.411486
v -0.225000 4.961646 0.463492
v -0.225000 4.950793 0.433191
v -0.381250 5.090997 0.441786
v -0.381250 5.080144 0.411486
v -0.256250 4.961646 0.463492
v -0.256250 4.950793 0.433191
v -0.350000 5.884903 0.300697
v -0.350000 5.879477 0.269922
v -0.350000 5.084747 0.441786
v -0.350000 5.079321 0.411011
v -0.381250 5.884903 0.300697
v -0.381250 5.879477 0.269922
v -0.381250 5.084747 0.441786
v -0.381250 5.079321 0.411011
v 0.312500 5.906250 0.671875
v 0.312500 5.906250 0.640625
v 0.312500 5.875000 0.671875
v 0.312500 5.875000 0.640625
v -0.312500 5.906250 0.671875
v -0.312500 5.906250 0.640625
v -0.312500 5.875000 0.671875
v -0.312500 5.875000 0.640625
v 0.375000 5.818750 -0.343750
v 0.375000 5.818750 -0.437500
v 0.375000 5.000000 -0.343750
v 0.375000 5.000000 -0.437500
v 0.312500 5.818750 -0.343750
v 0.312500 5.818750 -0.437500
v 0.312500 5.000000 -0.343750
v 0.312500 5.000000 -0.437500
v -0.312500 5.818750 -0.343750
v -0.312500 5.818750 -0.437500
v -0.312500 5.000000 -0.343750
v -0.312500 5.000000 -0.437500
v -0.375000 5.818750 -0.343750
v -0.375000 5.818750 -0.437500
v -0.375000 5.000000 -0.343750
v -0.375000 5.000000 -0.437500
v -0.343750 5.906250 0.562500
v -0.343750 5.906250 -0.000000
v -0.343750 5.875000 0.562500
v -0.343750 5.875000 -0.000000
v -0.375000 5.906250 0.562500
v -0.375000 5.906250 -0.000000
v -0.375000 5.875000 0.562500
v -0.375000 5.875000 -0.000000
v 0.250000 5.000000 0.687500
v 0.250000 5.000000 0.218750
v 0.250000 4.937500 0.687500
v 0.250000 4.937500 0.218750
v -0.250000 5.000000 0.687500
v -0.250000 5.000000 0.218750
v -0.250000 4.937500 0.687500
v -0.250000 4.937500 0.218750
v -0.312500 5.906250 0.656250
v -0.312500 5.906250 0.562500
v -0.312500 5.875000 0.656250
v -0.312500 5.875000 0.562500
v -0.375000 5.906250 0.656250
v -0.375000 5.875000 0.656250
v 0.375000 5.906250 0.562500
v 0.375000 5.906250 -0.000000
v 0.375000 5.875000 0.562500
v 0.375000 5.875000 -0.000000
v 0.343750 5.906250 0.562500
v 0.343750 5.906250 -0.000000
v 0.343750 5.875000 0.562500
v 0.343750 5.875000 -0.000000
v 0.375000 5.906250 0.656250
v 0.375000 5.875000 0.656250
v 0.312500 5.906250 0.656250
v 0.312500 5.906250 0.562500
v 0.312500 5.875000 0.656250
v 0.312500 5.875000 0.562500
v 0.375000 4.937500 -0.343750
v 0.375000 4.937500 -0.437500
v -0.375000 4.937500 -0.343750
v -0.375000 4.937500 -0.437500
v 0.125000 4.718750 -0.343750
v 0.125000 4.718750 -0.437500
v 0.125000 4.687500 -0.343750
v 0.125000 4.687500 -0.437500
v -0.125000 4.718750 -0.343750
v -0.125000 4.718750 -0.437500
v -0.125000 4.687500 -0.343750
v -0.125000 4.687500 -0.437500
v 0.062500 4.718750 -0.218750
v 0.062500 4.718750 -0.343750
v 0.062500 4.687500 -0.218750
v 0.062500 4.687500 -0.343750
v -0.062500 4.718750 -0.218750
v -0.062500 4.718750 -0.343750
v -0.062500 4.687500 -0.218750
v -0.062500 4.687500 -0.343750
v -0.102903 4.709597 -0.337500
v -0.102903 4.709597 -0.431250
v -0.125000 4.687500 -0.337500
v -0.125000 4.687500 -0.431250
v -0.352903 4.959597 -0.337500
v -0.352903 4.959597 -0.431250
v -0.375000 4.937500 -0.337500
v -0.375000 4.937500 -0.431250
v 0.352903 4.959597 -0.337500
v 0.352903 4.959597 -0.431250
v 0.375000 4.937500 -0.337500
v 0.375000 4.937500 -0.431250
v 0.102903 4.709597 -0.337500
v 0.102903 4.709597 -0.431250
v 0.125000 4.687500 -0.337500
v 0.125000 4.687500 -0.431250
v 0.068750 5.062500 -0.187500
v 0.068750 5.062500 -0.312500
v 0.068750 4.937500 -0.187500
v 0.068750 4.937500 -0.312500
v -0.068750 5.062500 -0.187500
v -0.068750 5.062500 -0.312500
v -0.068750 4.937500 -0.187500
v -0.068750 4.937500 -0.312500
v -0.343750 5.812500 -0.218750
v -0.343750 5.812500 -0.406250
v -0.343750 5.781250 -0.218750
v -0.343750 5.781250 -0.406250
v -0.406250 5.812500 -0.218750
v -0.406250 5.812500 -0.406250
v -0.406250 5.781250 -0.218750
v -0.406250 5.781250 -0.406250
v -0.343750 5.156250 -0.218750
v -0.343750 5.156250 -0.406250
v -0.343750 5.125000 -0.218750
v -0.343750 5.125000 -0.406250
v -0.406250 5.156250 -0.218750
v -0.406250 5.156250 -0.406250
v -0.406250 5.125000 -0.218750
v -0.406250 5.125000 -0.406250
v 0.406250 5.781250 -0.187500
v 0.406250 5.781250 -0.218750
v 0.406250 5.156250 -0.187500
v 0.406250 5.156250 -0.218750
v 0.343750 5.781250 -0.187500
v 0.343750 5.781250 -0.218750
v 0.343750 5.156250 -0.187500
v 0.343750 5.156250 -0.218750
v 0.406250 5.125000 -0.218750
v 0.343750 5.125000 -0.218750
v 0.406250 5.812500 -0.218750
v 0.406250 5.812500 -0.406250
v 0.406250 5.781250 -0.406250
v 0.343750 5.812500 -0.218750
v 0.343750 5.812500 -0.406250
v 0.343750 5.781250 -0.406250
v -0.343750 5.781250 -0.187500
v -0.406250 5.781250 -0.187500
v 0.406250 5.156250 -0.406250
v 0.406250 5.125000 -0.406250
v 0.343750 5.156250 -0.406250
v 0.343750 5.125000 -0.406250
v -0.343750 5.156250 -0.187500
v -0.406250 5.156250 -0.187500
v 0.250000 5.000000 0.681250
v 0.062500 4.937500 0.218750
v 0.250000 4.937500 0.681250
v 0.062500 4.875000 0.218750
v 0.187500 5.000000 0.681250
v 0.000000 4.937500 0.218750
v 0.187500 4.937500 0.681250
v 0.000000 4.875000 0.218750
v -0.187500 5.000000 0.681250
v -0.187500 4.937500 0.681250
v -0.250000 5.000000 0.681250
v -0.062500 4.937500 0.218750
v -0.250000 4.937500 0.681250
v -0.062500 4.875000 0.218750
v 0.078125 5.906250 -0.500000
v 0.078125 5.906250 -0.531250
v 0.078125 5.750000 -0.500000
v 0.078125 5.750000 -0.531250
v -0.078125 5.906250 -0.500000
v -0.078125 5.906250 -0.531250
v -0.078125 5.750000 -0.500000
v -0.078125 5.750000 -0.531250
v 0.375000 6.250000 -0.437500
v 0.375000 6.250000 -0.500000
v 0.375000 5.000000 -0.500000
v -0.375000 6.250000 -0.437500
v -0.375000 6.250000 -0.500000
v -0.375000 5.000000 -0.500000
v 0.312500 6.250000 -0.312500
v 0.312500 6.250000 -0.437500
v 0.312500 5.000000 -0.312500
v -0.312500 6.250000 -0.312500
v -0.312500 6.250000 -0.437500
v -0.312500 5.000000 -0.312500
v 0.000000 5.828125 -0.534375
v 0.025120 5.921875 -0.534375
v 0.068630 5.896755 -0.534375
v 0.093750 5.853245 -0.534375
v 0.093750 5.803005 -0.534375
v 0.068630 5.759495 -0.534375
v 0.025120 5.734375 -0.534375
v -0.025120 5.734375 -0.534375
v -0.068630 5.759495 -0.534375
v -0.093750 5.803005 -0.534375
v -0.093750 5.853245 -0.534375
v -0.068630 5.896755 -0.534375
v -0.025120 5.921875 -0.534375
v 0.027214 5.929688 -0.500000
v 0.027214 5.929688 -0.562500
v 0.019800 5.902020 -0.500000
v 0.019800 5.902020 -0.562500
v 0.074349 5.902474 -0.500000
v 0.074349 5.902474 -0.562500
v 0.054095 5.882220 -0.500000
v 0.054095 5.882220 -0.562500
v 0.101562 5.855339 -0.500000
v 0.101562 5.855339 -0.562500
v 0.073895 5.847925 -0.500000
v 0.073895 5.847925 -0.562500
v 0.101562 5.800911 -0.500000
v 0.101562 5.800911 -0.562500
v 0.073895 5.808325 -0.500000
v 0.073895 5.808325 -0.562500
v 0.074349 5.753776 -0.500000
v 0.074349 5.753776 -0.562500
v 0.054095 5.774030 -0.500000
v 0.054095 5.774030 -0.562500
v 0.027214 5.726562 -0.500000
v 0.027214 5.726562 -0.562500
v 0.019800 5.754230 -0.500000
v 0.019800 5.754230 -0.562500
v -0.027214 5.726562 -0.500000
v -0.027214 5.726562 -0.562500
v -0.019800 5.754230 -0.500000
v -0.019800 5.754230 -0.562500
v -0.074349 5.753776 -0.500000
v -0.074349 5.753776 -0.562500
v -0.054095 5.774030 -0.500000
v -0.054095 5.774030 -0.562500
v -0.101562 5.800911 -0.500000
v -0.101562 5.800911 -0.562500
v -0.073895 5.808325 -0.500000
v -0.073895 5.808325 -0.562500
v -0.101562 5.855339 -0.500000
v -0.101562 5.855339 -0.562500
v -0.073895 5.847925 -0.500000
v -0.073895 5.847925 -0.562500
v -0.074349 5.902474 -0.500000
v -0.074349 5.902474 -0.562500
v -0.054095 5.882220 -0.500000
v -0.054095 5.882220 -0.562500
v -0.027214 5.929688 -0.500000
v -0.027214 5.929688 -0.562500
v -0.019800 5.902020 -0.500000
v -0.019800 5.902020 -0.562500
v 0.062500 5.965625 -0.500000
v 0.062500 5.965625 -0.937500
v 0.062500 5.934375 -0.500000
v 0.062500 5.934375 -0.937500
v -0.062500 5.965625 -0.500000
v -0.062500 5.965625 -0.937500
v -0.062500 5.934375 -0.500000
v -0.062500 5.934375 -0.937500
v -0.128791 5.856250 -0.500000
v -0.128791 5.856250 -0.562500
v -0.128791 5.792639 -0.500000
v -0.128791 5.792639 -0.562500
v -0.160041 5.856250 -0.500000
v -0.160041 5.856250 -0.562500
v -0.160041 5.792639 -0.500000
v -0.160041 5.792639 -0.562500
v 0.159375 5.856250 -0.500000
v 0.159375 5.856250 -0.562500
v 0.159375 5.792639 -0.500000
v 0.159375 5.792639 -0.562500
v 0.128125 5.856250 -0.500000
v 0.128125 5.856250 -0.562500
v 0.128125 5.792639 -0.500000
v 0.128125 5.792639 -0.562500
v 0.000000 5.578125 -0.534375
v 0.025120 5.671875 -0.534375
v 0.068630 5.646755 -0.534375
v 0.093750 5.603245 -0.534375
v 0.093750 5.553005 -0.534375
v 0.068630 5.509495 -0.534375
v 0.025120 5.484375 -0.534375
v -0.025120 5.484375 -0.534375
v -0.068630 5.509495 -0.534375
v -0.093750 5.553005 -0.534375
v -0.093750 5.603245 -0.534375
v -0.068630 5.646755 -0.534375
v -0.025120 5.671875 -0.534375
v 0.027214 5.679688 -0.500000
v 0.027214 5.679688 -0.562500
v 0.019800 5.652020 -0.500000
v 0.019800 5.652020 -0.562500
v 0.074349 5.652474 -0.500000
v 0.074349 5.652474 -0.562500
v 0.054095 5.632220 -0.500000
v 0.054095 5.632220 -0.562500
v 0.101562 5.605339 -0.500000
v 0.101562 5.605339 -0.562500
v 0.073895 5.597925 -0.500000
v 0.073895 5.597925 -0.562500
v 0.101562 5.550911 -0.500000
v 0.101562 5.550911 -0.562500
v 0.073895 5.558325 -0.500000
v 0.073895 5.558325 -0.562500
v 0.074349 5.503776 -0.500000
v 0.074349 5.503776 -0.562500
v 0.054095 5.524030 -0.500000
v 0.054095 5.524030 -0.562500
v 0.027214 5.476562 -0.500000
v 0.027214 5.476562 -0.562500
v 0.019800 5.504230 -0.500000
v 0.019800 5.504230 -0.562500
v -0.027214 5.476562 -0.500000
v -0.027214 5.476562 -0.562500
v -0.019800 5.504230 -0.500000
v -0.019800 5.504230 -0.562500
v -0.074349 5.503776 -0.500000
v -0.074349 5.503776 -0.562500
v -0.054095 5.524030 -0.500000
v -0.054095 5.524030 -0.562500
v -0.101562 5.550911 -0.500000
v -0.101562 5.550911 -0.562500
v -0.073895 5.558325 -0.500000
v -0.073895 5.558325 -0.562500
v -0.101562 5.605339 -0.500000
v -0.101562 5.605339 -0.562500
v -0.073895 5.597925 -0.500000
v -0.073895 5.597925 -0.562500
v -0.074349 5.652474 -0.500000
v -0.074349 5.652474 -0.562500
v -0.054095 5.632220 -0.500000
v -0.054095 5.632220 -0.562500
v -0.027214 5.679688 -0.500000
v -0.027214 5.679688 -0.562500
v -0.019800 5.652020 -0.500000
v -0.019800 5.652020 -0.562500
v 0.062500 5.715625 -0.500000
v 0.062500 5.715625 -0.937500
v 0.062500 5.684375 -0.500000
v 0.062500 5.684375 -0.937500
v -0.062500 5.715625 -0.500000
v -0.062500 5.715625 -0.937500
v -0.062500 5.684375 -0.500000
v -0.062500 5.684375 -0.937500
v -0.128791 5.606250 -0.500000
v -0.128791 5.606250 -0.562500
v -0.128791 5.542639 -0.500000
v -0.128791 5.542639 -0.562500
v -0.160041 5.606250 -0.500000
v -0.160041 5.606250 -0.562500
v -0.160041 5.542639 -0.500000
v -0.160041 5.542639 -0.562500
v 0.159375 5.606250 -0.500000
v 0.159375 5.606250 -0.562500
v 0.159375 5.542639 -0.500000
v 0.159375 5.542639 -0.562500
v 0.128125 5.606250 -0.500000
v 0.128125 5.606250 -0.562500
v 0.128125 5.542639 -0.500000
v 0.128125 5.542639 -0.562500
v 0.265625 5.250000 -0.500000
v 0.265625 5.250000 -0.687500
v 0.265625 5.218750 -0.500000
v 0.265625 5.218750 -0.687500
v 0.171875 5.250000 -0.500000
v 0.171875 5.250000 -0.687500
v 0.171875 5.218750 -0.500000
v 0.171875 5.218750 -0.687500
v 0.218750 5.156250 -0.525000
v 0.233404 5.101562 -0.525000
v 0.258784 5.116216 -0.525000
v 0.273438 5.141596 -0.525000
v 0.273438 5.170904 -0.525000
v 0.258784 5.196284 -0.525000
v 0.233404 5.210938 -0.525000
v 0.204096 5.210938 -0.525000
v 0.178716 5.196284 -0.525000
v 0.164062 5.170904 -0.525000
v 0.164062 5.141596 -0.525000
v 0.178716 5.116216 -0.525000
v 0.204096 5.101562 -0.525000
v 0.235497 5.093750 -0.546875
v 0.235497 5.093750 -0.484375
v 0.227714 5.122795 -0.546875
v 0.227714 5.122795 -0.484375
v 0.264503 5.110497 -0.546875
v 0.264503 5.110497 -0.484375
v 0.243241 5.131759 -0.546875
v 0.243241 5.131759 -0.484375
v 0.281250 5.139503 -0.546875
v 0.281250 5.139503 -0.484375
v 0.252205 5.147285 -0.546875
v 0.252205 5.147285 -0.484375
v 0.281250 5.172997 -0.546875
v 0.281250 5.172997 -0.484375
v 0.252205 5.165215 -0.546875
v 0.252205 5.165215 -0.484375
v 0.264503 5.202003 -0.546875
v 0.264503 5.202003 -0.484375
v 0.243241 5.180741 -0.546875
v 0.243241 5.180741 -0.484375
v 0.235497 5.218750 -0.546875
v 0.235497 5.218750 -0.484375
v 0.227714 5.189705 -0.546875
v 0.227714 5.189705 -0.484375
v 0.202003 5.218750 -0.546875
v 0.202003 5.218750 -0.484375
v 0.209786 5.189705 -0.546875
v 0.209786 5.189705 -0.484375
v 0.172997 5.202003 -0.546875
v 0.172997 5.202003 -0.484375
v 0.194259 5.180741 -0.546875
v 0.194259 5.180741 -0.484375
v 0.156250 5.172997 -0.546875
v 0.156250 5.172997 -0.484375
v 0.185295 5.165215 -0.546875
v 0.185295 5.165215 -0.484375
v 0.156250 5.139503 -0.546875
v 0.156250 5.139503 -0.484375
v 0.185295 5.147285 -0.546875
v 0.185295 5.147285 -0.484375
v 0.172997 5.110497 -0.546875
v 0.172997 5.110497 -0.484375
v 0.194259 5.131759 -0.546875
v 0.194259 5.131759 -0.484375
v 0.202003 5.093750 -0.546875
v 0.202003 5.093750 -0.484375
v 0.209786 5.122795 -0.546875
v 0.209786 5.122795 -0.484375
v 0.156629 5.187311 -0.490625
v 0.156629 5.187311 -0.568750
v 0.156629 5.124811 -0.490625
v 0.156629 5.124811 -0.568750
v 0.125379 5.187311 -0.490625
v 0.125379 5.187311 -0.568750
v 0.125379 5.124811 -0.490625
v 0.125379 5.124811 -0.568750
v 0.312879 5.187311 -0.490625
v 0.312879 5.187311 -0.568750
v 0.312879 5.124811 -0.490625
v 0.312879 5.124811 -0.568750
v 0.281629 5.187311 -0.490625
v 0.281629 5.187311 -0.568750
v 0.281629 5.124811 -0.490625
v 0.281629 5.124811 -0.568750
v 0.125000 5.187500 -0.500000
v 0.125000 5.187500 -0.568750
v 0.156250 5.187500 -0.500000
v 0.156250 5.187500 -0.568750
v 0.312500 5.187500 -0.500000
v 0.312500 5.187500 -0.571875
v 0.281250 5.187500 -0.500000
v 0.281250 5.187500 -0.571875
v 0.265625 6.125000 -0.500000
v 0.265625 6.125000 -0.687500
v 0.265625 6.093750 -0.500000
v 0.265625 6.093750 -0.687500
v 0.171875 6.125000 -0.500000
v 0.171875 6.125000 -0.687500
v 0.171875 6.093750 -0.500000
v 0.171875 6.093750 -0.687500
v 0.218750 6.031250 -0.525000
v 0.233404 5.976562 -0.525000
v 0.258784 5.991216 -0.525000
v 0.273438 6.016596 -0.525000
v 0.273438 6.045904 -0.525000
v 0.258784 6.071284 -0.525000
v 0.233404 6.085938 -0.525000
v 0.204096 6.085938 -0.525000
v 0.178716 6.071284 -0.525000
v 0.164062 6.045904 -0.525000
v 0.164062 6.016596 -0.525000
v 0.178716 5.991216 -0.525000
v 0.204096 5.976562 -0.525000
v 0.235497 5.968750 -0.546875
v 0.235497 5.968750 -0.484375
v 0.227714 5.997795 -0.546875
v 0.227714 5.997795 -0.484375
v 0.264503 5.985497 -0.546875
v 0.264503 5.985497 -0.484375
v 0.243241 6.006759 -0.546875
v 0.243241 6.006759 -0.484375
v 0.281250 6.014503 -0.546875
v 0.281250 6.014503 -0.484375
v 0.252205 6.022285 -0.546875
v 0.252205 6.022285 -0.484375
v 0.281250 6.047997 -0.546875
v 0.281250 6.047997 -0.484375
v 0.252205 6.040215 -0.546875
v 0.252205 6.040215 -0.484375
v 0.264503 6.077003 -0.546875
v 0.264503 6.077003 -0.484375
v 0.243241 6.055741 -0.546875
v 0.243241 6.055741 -0.484375
v 0.235497 6.093750 -0.546875
v 0.235497 6.093750 -0.484375
v 0.227714 6.064705 -0.546875
v 0.227714 6.064705 -0.484375
v 0.202003 6.093750 -0.546875
v 0.202003 6.093750 -0.484375
v 0.209786 6.064705 -0.546875
v 0.209786 6.064705 -0.484375
v 0.172997 6.077003 -0.546875
v 0.172997 6.077003 -0.484375
v 0.194259 6.055741 -0.546875
v 0.194259 6.055741 -0.484375
v 0.156250 6.047997 -0.546875
v 0.156250 6.047997 -0.484375
v 0.185295 6.040215 -0.546875
v 0.185295 6.040215 -0.484375
v 0.156250 6.014503 -0.546875
v 0.156250 6.014503 -0.484375
v 0.185295 6.022285 -0.546875
v 0.185295 6.022285 -0.484375
v 0.172997 5.985497 -0.546875
v 0.172997 5.985497 -0.484375
v 0.194259 6.006759 -0.546875
v 0.194259 6.006759 -0.484375
v 0.202003 5.968750 -0.546875
v 0.202003 5.968750 -0.484375
v 0.209786 5.997795 -0.546875
v 0.209786 5.997795 -0.484375
v 0.156629 6.062311 -0.490625
v 0.156629 6.062311 -0.568751
v 0.156629 5.999811 -0.490625
v 0.156629 5.999811 -0.568751
v 0.125379 6.062311 -0.490625
v 0.125379 6.062311 -0.568751
v 0.125379 5.999811 -0.490625
v 0.125379 5.999811 -0.568751
v 0.312879 6.062311 -0.490625
v 0.312879 6.062311 -0.568751
v 0.312879 5.999811 -0.490625
v 0.312879 5.999811 -0.568751
v 0.281629 6.062311 -0.490625
v 0.281629 6.062311 -0.568751
v 0.281629 5.999811 -0.490625
v 0.281629 5.999811 -0.568751
v 0.125000 6.062500 -0.500000
v 0.125000 6.062500 -0.568751
v 0.156250 6.062500 -0.500000
v 0.156250 6.062500 -0.568751
v 0.312500 6.062500 -0.500000
v 0.312500 6.062500 -0.571875
v 0.281250 6.062500 -0.500000
v 0.281250 6.062500 -0.571875
v 0.015625 5.250000 -0.500000
v 0.015625 5.250000 -0.687500
v 0.015625 5.218750 -0.500000
v 0.015625 5.218750 -0.687500
v -0.078125 5.250000 -0.500000
v -0.078125 5.250000 -0.687500
v -0.078125 5.218750 -0.500000
v -0.078125 5.218750 -0.687500
v -0.031250 5.156250 -0.525000
v -0.016596 5.101562 -0.525000
v 0.008784 5.116216 -0.525000
v 0.023438 5.141596 -0.525000
v 0.023438 5.170904 -0.525000
v 0.008784 5.196284 -0.525000
v -0.016596 5.210938 -0.525000
v -0.045904 5.210938 -0.525000
v -0.071284 5.196284 -0.525000
v -0.085938 5.170904 -0.525000
v -0.085938 5.141596 -0.525000
v -0.071284 5.116216 -0.525000
v -0.045904 5.101562 -0.525000
v -0.014503 5.093750 -0.546875
v -0.014503 5.093750 -0.484375
v -0.022286 5.122795 -0.546875
v -0.022286 5.122795 -0.484375
v 0.014503 5.110497 -0.546875
v 0.014503 5.110497 -0.484375
v -0.006759 5.131759 -0.546875
v -0.006759 5.131759 -0.484375
v 0.031250 5.139503 -0.546875
v 0.031250 5.139503 -0.484375
v 0.002205 5.147285 -0.546875
v 0.002205 5.147285 -0.484375
v 0.031250 5.172997 -0.546875
v 0.031250 5.172997 -0.484375
v 0.002205 5.165215 -0.546875
v 0.002205 5.165215 -0.484375
v 0.014503 5.202003 -0.546875
v 0.014503 5.202003 -0.484375
v -0.006759 5.180741 -0.546875
v -0.006759 5.180741 -0.484375
v -0.014503 5.218750 -0.546875
v -0.014503 5.218750 -0.484375
v -0.022286 5.189705 -0.546875
v -0.022286 5.189705 -0.484375
v -0.047997 5.218750 -0.546875
v -0.047997 5.218750 -0.484375
v -0.040214 5.189705 -0.546875
v -0.040214 5.189705 -0.484375
v -0.077003 5.202003 -0.546875
v -0.077003 5.202003 -0.484375
v -0.055741 5.180741 -0.546875
v -0.055741 5.180741 -0.484375
v -0.093750 5.172997 -0.546875
v -0.093750 5.172997 -0.484375
v -0.064705 5.165215 -0.546875
v -0.064705 5.165215 -0.484375
v -0.093750 5.139503 -0.546875
v -0.093750 5.139503 -0.484375
v -0.064705 5.147285 -0.546875
v -0.064705 5.147285 -0.484375
v -0.077003 5.110497 -0.546875
v -0.077003 5.110497 -0.484375
v -0.055741 5.131759 -0.546875
v -0.055741 5.131759 -0.484375
v -0.047997 5.093750 -0.546875
v -0.047997 5.093750 -0.484375
v -0.040214 5.122795 -0.546875
v -0.040214 5.122795 -0.484375
v -0.093371 5.187311 -0.490625
v -0.093371 5.187311 -0.568750
v -0.093371 5.124811 -0.490625
v -0.093371 5.124811 -0.568750
v -0.124621 5.187311 -0.490625
v -0.124621 5.187311 -0.568750
v -0.124621 5.124811 -0.490625
v -0.124621 5.124811 -0.568750
v 0.062879 5.187311 -0.490625
v 0.062879 5.187311 -0.568750
v 0.062879 5.124811 -0.490625
v 0.062879 5.124811 -0.568750
v 0.031629 5.187311 -0.490625
v 0.031629 5.187311 -0.568750
v 0.031629 5.124811 -0.490625
v 0.031629 5.124811 -0.568750
v -0.125000 5.187500 -0.500000
v -0.125000 5.187500 -0.568750
v -0.093750 5.187500 -0.500000
v -0.093750 5.187500 -0.568750
v 0.062500 5.187500 -0.500000
v 0.062500 5.187500 -0.571875
v 0.031250 5.187500 -0.500000
v 0.031250 5.187500 -0.571875
v 0.015625 5.437500 -0.500000
v 0.015625 5.437500 -0.687500
v 0.015625 5.406250 -0.500000
v 0.015625 5.406250 -0.687500
v -0.078125 5.437500 -0.500000
v -0.078125 5.437500 -0.687500
v -0.078125 5.406250 -0.500000
v -0.078125 5.406250 -0.687500
v -0.031250 5.343750 -0.525000
v -0.016596 5.289062 -0.525000
v 0.008784 5.303716 -0.525000
v 0.023438 5.329096 -0.525000
v 0.023438 5.358404 -0.525000
v 0.008784 5.383784 -0.525000
v -0.016596 5.398438 -0.525000
v -0.045904 5.398438 -0.525000
v -0.071284 5.383784 -0.525000
v -0.085938 5.358404 -0.525000
v -0.085938 5.329096 -0.525000
v -0.071284 5.303716 -0.525000
v -0.045904 5.289062 -0.525000
v -0.014503 5.281250 -0.546875
v -0.014503 5.281250 -0.484375
v -0.022286 5.310295 -0.546875
v -0.022286 5.310295 -0.484375
v 0.014503 5.297997 -0.546875
v 0.014503 5.297997 -0.484375
v -0.006759 5.319259 -0.546875
v -0.006759 5.319259 -0.484375
v 0.031250 5.327003 -0.546875
v 0.031250 5.327003 -0.484375
v 0.002205 5.334785 -0.546875
v 0.002205 5.334785 -0.484375
v 0.031250 5.360497 -0.546875
v 0.031250 5.360497 -0.484375
v 0.002205 5.352715 -0.546875
v 0.002205 5.352715 -0.484375
v 0.014503 5.389503 -0.546875
v 0.014503 5.389503 -0.484375
v -0.006759 5.368241 -0.546875
v -0.006759 5.368241 -0.484375
v -0.014503 5.406250 -0.546875
v -0.014503 5.406250 -0.484375
v -0.022286 5.377205 -0.546875
v -0.022286 5.377205 -0.484375
v -0.047997 5.406250 -0.546875
v -0.047997 5.406250 -0.484375
v -0.040214 5.377205 -0.546875
v -0.040214 5.377205 -0.484375
v -0.077003 5.389503 -0.546875
v -0.077003 5.389503 -0.484375
v -0.055741 5.368241 -0.546875
v -0.055741 5.368241 -0.484375
v -0.093750 5.360497 -0.546875
v -0.093750 5.360497 -0.484375
v -0.064705 5.352715 -0.546875
v -0.064705 5.352715 -0.484375
v -0.093750 5.327003 -0.546875
v -0.093750 5.327003 -0.484375
v -0.064705 5.334785 -0.546875
v -0.064705 5.334785 -0.484375
v -0.077003 5.297997 -0.546875
v -0.077003 5.297997 -0.484375
v -0.055741 5.319259 -0.546875
v -0.055741 5.319259 -0.484375
v -0.047997 5.281250 -0.546875
v -0.047997 5.281250 -0.484375
v -0.040214 5.310295 -0.546875
v -0.040214 5.310295 -0.484375
v 0.062879 5.374811 -0.490625
v 0.062879 5.374811 -0.568750
v 0.062879 5.312311 -0.490625
v 0.062879 5.312311 -0.568750
v 0.031629 5.374811 -0.490625
v 0.031629 5.374811 -0.568750
v 0.031629 5.312311 -0.490625
v 0.031629 5.312311 -0.568750
v -0.125000 5.375000 -0.500000
v -0.125000 5.375000 -0.568750
v -0.093750 5.375000 -0.500000
v -0.093750 5.375000 -0.568750
v 0.062500 5.375000 -0.500000
v 0.062500 5.375000 -0.571875
v 0.031250 5.375000 -0.500000
v 0.031250 5.375000 -0.571875
v 0.203125 5.437500 -0.500000
v 0.203125 5.437500 -0.687500
v 0.203125 5.406250 -0.500000
v 0.203125 5.406250 -0.687500
v 0.109375 5.437500 -0.500000
v 0.109375 5.437500 -0.687500
v 0.109375 5.406250 -0.500000
v 0.109375 5.406250 -0.687500
v 0.156250 5.343750 -0.525000
v 0.170904 5.289062 -0.525000
v 0.196284 5.303716 -0.525000
v 0.210938 5.329096 -0.525000
v 0.210938 5.358404 -0.525000
v 0.196284 5.383784 -0.525000
v 0.170904 5.398438 -0.525000
v 0.141596 5.398438 -0.525000
v 0.116216 5.383784 -0.525000
v 0.101562 5.358404 -0.525000
v 0.101562 5.329096 -0.525000
v 0.116216 5.303716 -0.525000
v 0.141596 5.289062 -0.525000
v 0.172997 5.281250 -0.546875
v 0.172997 5.281250 -0.484375
v 0.165214 5.310295 -0.546875
v 0.165214 5.310295 -0.484375
v 0.202003 5.297997 -0.546875
v 0.202003 5.297997 -0.484375
v 0.180741 5.319259 -0.546875
v 0.180741 5.319259 -0.484375
v 0.218750 5.327003 -0.546875
v 0.218750 5.327003 -0.484375
v 0.189705 5.334785 -0.546875
v 0.189705 5.334785 -0.484375
v 0.218750 5.360497 -0.546875
v 0.218750 5.360497 -0.484375
v 0.189705 5.352715 -0.546875
v 0.189705 5.352715 -0.484375
v 0.202003 5.389503 -0.546875
v 0.202003 5.389503 -0.484375
v 0.180741 5.368241 -0.546875
v 0.180741 5.368241 -0.484375
v 0.172997 5.406250 -0.546875
v 0.172997 5.406250 -0.484375
v 0.165214 5.377205 -0.546875
v 0.165214 5.377205 -0.484375
v 0.139503 5.406250 -0.546875
v 0.139503 5.406250 -0.484375
v 0.147286 5.377205 -0.546875
v 0.147286 5.377205 -0.484375
v 0.110497 5.389503 -0.546875
v 0.110497 5.389503 -0.484375
v 0.131759 5.368241 -0.546875
v 0.131759 5.368241 -0.484375
v 0.093750 5.360497 -0.546875
v 0.093750 5.360497 -0.484375
v 0.122795 5.352715 -0.546875
v 0.122795 5.352715 -0.484375
v 0.093750 5.327003 -0.546875
v 0.093750 5.327003 -0.484375
v 0.122795 5.334785 -0.546875
v 0.122795 5.334785 -0.484375
v 0.110497 5.297997 -0.546875
v 0.110497 5.297997 -0.484375
v 0.131759 5.319259 -0.546875
v 0.131759 5.319259 -0.484375
v 0.139503 5.281250 -0.546875
v 0.139503 5.281250 -0.484375
v 0.147286 5.310295 -0.546875
v 0.147286 5.310295 -0.484375
v 0.094129 5.374811 -0.490625
v 0.094129 5.374811 -0.568750
v 0.094129 5.312311 -0.490625
v 0.094129 5.312311 -0.568750
v 0.250379 5.374811 -0.490625
v 0.250379 5.374811 -0.568750
v 0.250379 5.312311 -0.490625
v 0.250379 5.312311 -0.568750
v 0.219129 5.374811 -0.490625
v 0.219129 5.374811 -0.568750
v 0.219129 5.312311 -0.490625
v 0.219129 5.312311 -0.568750
v 0.062500 5.375000 -0.568750
v 0.093750 5.375000 -0.500000
v 0.093750 5.375000 -0.568750
v 0.250000 5.375000 -0.500000
v 0.250000 5.375000 -0.571875
v 0.218750 5.375000 -0.500000
v 0.218750 5.375000 -0.571875
v -0.171875 5.437500 -0.500000
v -0.171875 5.437500 -0.687500
v -0.171875 5.406250 -0.500000
v -0.171875 5.406250 -0.687500
v -0.265625 5.437500 -0.500000
v -0.265625 5.437500 -0.687500
v -0.265625 5.406250 -0.500000
v -0.265625 5.406250 -0.687500
v -0.218750 5.343750 -0.525000
v -0.204096 5.289062 -0.525000
v -0.178716 5.303716 -0.525000
v -0.164062 5.329096 -0.525000
v -0.164062 5.358404 -0.525000
v -0.178716 5.383784 -0.525000
v -0.204096 5.398438 -0.525000
v -0.233404 5.398438 -0.525000
v -0.258784 5.383784 -0.525000
v -0.273438 5.358404 -0.525000
v -0.273438 5.329096 -0.525000
v -0.258784 5.303716 -0.525000
v -0.233404 5.289062 -0.525000
v -0.202003 5.281250 -0.546875
v -0.202003 5.281250 -0.484375
v -0.209786 5.310295 -0.546875
v -0.209786 5.310295 -0.484375
v -0.172997 5.297997 -0.546875
v -0.172997 5.297997 -0.484375
v -0.194259 5.319259 -0.546875
v -0.194259 5.319259 -0.484375
v -0.156250 5.327003 -0.546875
v -0.156250 5.327003 -0.484375
v -0.185295 5.334785 -0.546875
v -0.185295 5.334785 -0.484375
v -0.156250 5.360497 -0.546875
v -0.156250 5.360497 -0.484375
v -0.185295 5.352715 -0.546875
v -0.185295 5.352715 -0.484375
v -0.172997 5.389503 -0.546875
v -0.172997 5.389503 -0.484375
v -0.194259 5.368241 -0.546875
v -0.194259 5.368241 -0.484375
v -0.202003 5.406250 -0.546875
v -0.202003 5.406250 -0.484375
v -0.209786 5.377205 -0.546875
v -0.209786 5.377205 -0.484375
v -0.235497 5.406250 -0.546875
v -0.235497 5.406250 -0.484375
v -0.227714 5.377205 -0.546875
v -0.227714 5.377205 -0.484375
v -0.264503 5.389503 -0.546875
v -0.264503 5.389503 -0.484375
v -0.243241 5.368241 -0.546875
v -0.243241 5.368241 -0.484375
v -0.281250 5.360497 -0.546875
v -0.281250 5.360497 -0.484375
v -0.252205 5.352715 -0.546875
v -0.252205 5.352715 -0.484375
v -0.281250 5.327003 -0.546875
v -0.281250 5.327003 -0.484375
v -0.252205 5.334785 -0.546875
v -0.252205 5.334785 -0.484375
v -0.264503 5.297997 -0.546875
v -0.264503 5.297997 -0.484375
v -0.243241 5.319259 -0.546875
v -0.243241 5.319259 -0.484375
v -0.235497 5.281250 -0.546875
v -0.235497 5.281250 -0.484375
v -0.227714 5.310295 -0.546875
v -0.227714 5.310295 -0.484375
v -0.280871 5.374811 -0.490625
v -0.280871 5.374811 -0.568750
v -0.280871 5.312311 -0.490625
v -0.280871 5.312311 -0.568750
v -0.312121 5.374811 -0.490625
v -0.312121 5.374811 -0.568750
v -0.312121 5.312311 -0.490625
v -0.312121 5.312311 -0.568750
v -0.155871 5.374811 -0.490625
v -0.155871 5.374811 -0.568750
v -0.155871 5.312311 -0.490625
v -0.155871 5.312311 -0.568750
v -0.312500 5.375000 -0.500000
v -0.312500 5.375000 -0.568750
v -0.281250 5.375000 -0.500000
v -0.281250 5.375000 -0.568750
v -0.125000 5.375000 -0.571875
v -0.156250 5.375000 -0.500000
v -0.156250 5.375000 -0.571875
v 0.625000 3.125000 -0.125000
v 0.625000 3.125000 -0.187500
v 0.625000 1.375000 -0.125000
v 0.625000 1.375000 -0.187500
v 0.437500 3.125000 -0.125000
v 0.437500 3.125000 -0.187500
v 0.437500 1.375000 -0.125000
v 0.437500 1.375000 -0.187500
v 0.593750 3.687500 -0.125000
v 0.593750 3.687500 -0.156250
v 0.593750 2.687500 -0.125000
v 0.593750 2.687500 -0.156250
v 0.468750 3.687500 -0.125000
v 0.468750 3.687500 -0.156250
v 0.468750 2.687500 -0.125000
v 0.468750 2.687500 -0.156250
v 0.078125 4.125000 -0.225000
v 0.078125 4.125000 -0.475000
v 0.078125 4.000000 -0.225000
v 0.078125 4.000000 -0.475000
v -0.046875 4.125000 -0.225000
v -0.046875 4.125000 -0.475000
v -0.046875 4.000000 -0.225000
v -0.046875 4.000000 -0.475000
v 0.187500 4.218750 -0.475000
v 0.187500 4.218750 -0.506250
v 0.187500 3.843750 -0.475000
v 0.187500 3.843750 -0.506250
v -0.156250 4.218750 -0.475000
v -0.156250 4.218750 -0.506250
v -0.156250 3.843750 -0.475000
v -0.156250 3.843750 -0.506250
vn 1.0000 -0.0000 -0.0000
vn -1.0000 -0.0000 -0.0000
vn -0.0000 1.0000 -0.0000
vn -0.0000 -1.0000 -0.0000
vn -0.0000 -0.0000 1.0000
vn -0.0000 -0.0000 -1.0000
vn 0.7071 -0.7071 -0.0000
vn -0.7071 0.7071 -0.0000
vn 0.7071 0.7071 -0.0000
vn -0.7071 -0.7071 -0.0000
vn -0.0000 -0.4472 -0.8944
vn -0.0000 -0.4472 0.8944
vn -0.3162 0.9487 -0.0000
vn 0.3162 -0.9487 -0.0000
vn -0.8944 0.4472 -0.0000
vn 0.8944 -0.4472 -0.0000
vn -0.8944 -0.4472 -0.0000
vn 0.8944 0.4472 -0.0000
vn -0.0000 0.9848 -0.1736
vn -0.0000 -0.9848 0.1736
vn -0.0000 0.1736 0.9848
vn -0.0000 -0.1736 -0.9848
vn 0.7184 -0.6549 0.2346
vn -0.7184 0.6549 -0.2346
vn -0.0000 0.9414 -0.3372
vn -0.0000 -0.9414 0.3372
vn -0.0000 0.1655 0.9862
vn -0.0000 -0.1655 -0.9862
vn 0.7184 0.6549 -0.2346
vn -0.7184 -0.6549 0.2346
vn -0.0000 -0.7071 0.7071
vn 0.5470 0.7734 -0.3204
vn 0.5470 -0.3204 0.7734
vn 0.5774 -0.5773 -0.5774
vn -0.5470 0.7734 -0.3204
vn -0.5774 -0.5774 -0.5773
vn -0.5470 -0.3204 0.7734
vn 0.5774 -0.5774 -0.5773
vn 0.5469 -0.3204 0.7734
vn -0.5469 -0.3204 0.7734
vn -0.5773 -0.5774 -0.5774
vn 0.9267 -0.0000 -0.3757
vn -0.9267 -0.0000 0.3757
vn -0.0000 0.9910 -0.1339
vn -0.0000 -0.9910 0.1339
vn 0.9267 -0.0000 0.3757
vn -0.9267 -0.0000 -0.3757
vn 0.5000 0.8660 -0.0000
vn -0.5000 -0.8660 -0.0000
vn 0.8660 0.5000 -0.0000
vn -0.8660 -0.5000 -0.0000
vn 0.8660 -0.5000 -0.0000
vn -0.8660 0.5000 -0.0000
vn 0.5000 -0.8660 -0.0000
vn -0.5000 0.8660 -0.0000
vn 0.7486 0.6630 -0.0000
vn -0.7657 -0.6432 -0.0000
vn -0.0001 -0.9600 -0.2799
vn -0.0001 -0.9600 -0.2800
vn 0.7625 -0.6470 -0.0000
vn -0.7463 0.6656 -0.0000
vn 0.0001 -0.9790 -0.2039
vn 0.0001 -0.9790 -0.2040
vn -0.8000 0.6000 -0.0000
vn -0.9302 0.0001 -0.3671
vn -0.9301 0.0001 -0.3672
vn 0.8000 0.6000 -0.0000
vn 0.9267 0.0001 -0.3757
vt 0.324219 0.421875
vt 0.324219 0.437500
vt 0.312500 0.437500
vt 0.312500 0.421875
vt 0.343750 0.421875
vt 0.343750 0.437500
vt 0.332031 0.437500
vt 0.332031 0.421875
vt 0.328125 0.406250
vt 0.328125 0.417969
vt 0.320312 0.417969
vt 0.320312 0.406250
vt 0.328125 0.347656
vt 0.328125 0.359375
vt 0.320312 0.359375
vt 0.320312 0.347656
vt 0.312500 0.375000
vt 0.312500 0.390625
vt 0.304688 0.390625
vt 0.304688 0.375000
vt 0.335938 0.515625
vt 0.335938 0.531250
vt 0.328125 0.531250
vt 0.328125 0.515625
vt 0.015625 0.750000
vt 0.015625 1.000000
vt 0.078125 1.000000
vt 0.078125 0.750000
vt 0.000000 0.921875
vt 0.000000 0.984375
vt 0.062500 0.984375
vt 0.062500 0.921875
vt 0.000000 0.750000
vt 0.000000 1.000000
vt 0.062500 1.000000
vt 0.062500 0.750000
vt 0.015625 0.859375
vt 0.078125 0.859375
vt 0.000000 0.859375
vt 0.062500 0.859375
vt 0.015625 0.796875
vt 0.078125 0.796875
vt 0.000000 0.796875
vt 0.062500 0.796875
vt 0.000000 0.968750
vt 0.015625 0.984375
vt 0.015625 0.968750
vt 0.031250 0.984375
vt 0.031250 0.968750
vt 0.062500 0.968750
vt 0.046875 0.984375
vt 0.046875 0.968750
vt 0.046875 1.000000
vt 0.046875 0.953125
vt 0.062500 0.953125
vt 0.031250 0.750000
vt 0.031250 1.000000
vt 0.046875 0.750000
vt 0.171875 0.937500
vt 0.171875 0.953125
vt 0.109375 0.953125
vt 0.109375 0.937500
vt 0.028125 0.937500
vt 0.028125 1.000000
vt 0.000000 0.937500
vt 0.028125 0.984375
vt 0.156250 0.906250
vt 0.156250 0.921875
vt 0.093750 0.921875
vt 0.093750 0.906250
vt 0.046875 0.937500
vt 0.140625 0.906250
vt 0.140625 0.921875
vt 0.156250 0.875000
vt 0.093750 0.875000
vt 0.734375 0.718750
vt 0.734375 0.734375
vt 0.750000 0.734375
vt 0.750000 0.718750
vt 0.500000 0.718750
vt 0.500000 0.734375
vt 0.609375 0.734375
vt 0.609375 0.718750
vt 0.000000 0.578125
vt 0.000000 0.687500
vt 0.187500 0.687500
vt 0.187500 0.578125
vt 0.000000 0.500000
vt 0.187500 0.500000
vt 0.140625 1.000000
vt 0.140625 0.984375
vt 0.156250 0.984375
vt 0.156250 0.859375
vt 0.156250 1.000000
vt 0.007812 0.968750
vt 0.007812 1.000000
vt 0.028125 0.968750
vt 0.020312 1.000000
vt 0.020312 0.968750
vt 0.000000 0.971875
vt 0.000000 0.992188
vt 0.078125 0.992188
vt 0.078125 0.971875
vt 0.000000 0.979688
vt 0.078125 0.979688
vt 0.078125 0.968750
vt 0.437500 0.843750
vt 0.437500 1.000000
vt 0.515625 1.000000
vt 0.515625 0.843750
vt 0.265625 0.750000
vt 0.265625 0.828125
vt 0.390625 0.828125
vt 0.390625 0.750000
vt 0.265625 0.843750
vt 0.265625 1.000000
vt 0.390625 1.000000
vt 0.390625 0.843750
vt 0.078125 0.953125
vt 0.090625 1.000000
vt 0.090625 0.953125
vt 0.000000 0.953125
vt 0.012500 1.000000
vt 0.012500 0.953125
vt 0.000000 0.909375
vt 0.078125 0.921875
vt 0.078125 0.909375
vt 0.000000 0.987500
vt 0.078125 0.987500
vt 0.125000 1.000000
vt 0.125000 0.984375
vt 0.078125 0.875000
vt 0.218750 1.000000
vt 0.218750 0.875000
vt 0.078125 0.984375
vt 0.218750 0.984375
vt 0.109375 1.000000
vt 0.109375 0.968750
vt 0.000000 0.000000
vt 0.000000 0.093750
vt 0.210938 0.093750
vt 0.210938 0.000000
vt 0.015625 0.906250
vt 0.226562 1.000000
vt 0.226562 0.906250
vt 0.218750 0.968750
vt 0.210938 1.000000
vt 0.210938 0.968750
vt 0.015625 0.937500
vt 0.015625 0.953125
vt 0.007812 0.937500
vt 0.007812 0.953125
vt 0.101562 0.953125
vt 0.101562 0.937500
vt 0.125000 0.968750
vt 0.140625 0.968750
vt 0.031250 0.937500
vt 0.304688 0.423438
vt 0.304688 0.453125
vt 0.320312 0.453125
vt 0.320312 0.423438
vt 0.316406 0.429688
vt 0.316406 0.445312
vt 0.328125 0.445312
vt 0.328125 0.429688
vt 0.316406 0.423438
vt 0.316406 0.453125
vt 0.328125 0.453125
vt 0.328125 0.423438
vt 0.296875 0.423438
vt 0.296875 0.453125
vt 0.308594 0.453125
vt 0.308594 0.423438
vt 0.304688 0.437500
vt 0.304688 0.449219
vt 0.320312 0.449219
vt 0.320312 0.437500
vt 0.296875 0.429688
vt 0.296875 0.445312
vt 0.347656 0.445312
vt 0.347656 0.429688
vt 0.296875 0.437500
vt 0.296875 0.449219
vt 0.347656 0.449219
vt 0.347656 0.437500
vt 0.355469 0.449219
vt 0.355469 0.437500
vt 0.324219 0.445312
vt 0.355469 0.445312
vt 0.355469 0.429688
vt 0.324219 0.429688
vt 0.324219 0.449219
vt 0.328125 0.449219
vt 0.328125 0.437500
vt 0.000000 0.875000
vt 0.968750 0.937500
vt 0.968750 0.875000
vt 0.031250 0.875000
vt 1.000000 0.937500
vt 1.000000 0.875000
vt 0.281250 0.031250
vt 0.281250 1.000000
vt 1.000000 1.000000
vt 1.000000 0.031250
vt 0.281250 0.000000
vt 0.281250 0.968750
vt 1.000000 0.968750
vt 1.000000 0.000000
vt 0.281250 0.875000
vt 0.281250 0.937500
vt 0.718750 0.937500
vt 0.718750 0.875000
vt 0.000000 0.906250
vt 0.468750 0.937500
vt 0.468750 0.906250
vt 0.531250 0.906250
vt 0.531250 0.937500
vt 1.000000 0.906250
vt 0.937500 0.531250
vt 0.937500 1.000000
vt 0.968750 1.000000
vt 0.968750 0.531250
vt 0.937500 0.000000
vt 0.937500 0.468750
vt 0.968750 0.468750
vt 0.968750 0.000000
vt 0.937500 0.906250
vt 0.937500 0.937500
vt 0.968750 0.906250
vt 0.031250 0.906250
vt 0.062500 0.937500
vt 0.062500 0.906250
vt 0.937500 0.875000
vt 0.062500 0.875000
vt 0.281250 0.062500
vt 1.000000 0.062500
vt 0.312500 0.031250
vt 0.312500 0.062500
vt 0.968750 0.062500
vt 0.968750 0.031250
vt 0.312500 0.937500
vt 0.312500 0.968750
vt 0.968750 0.968750
vt 0.312500 0.906250
vt 0.687500 0.937500
vt 0.687500 0.906250
vt 0.031250 0.000000
vt 0.062500 0.000000
vt 0.312500 0.000000
vt 0.687500 0.000000
vt 0.718750 0.000000
vt 0.250000 0.031250
vt 0.250000 0.062500
vt 0.250000 0.937500
vt 0.250000 0.968750
vt 0.250000 0.000000
vt 0.750000 0.937500
vt 0.750000 0.000000
vt 0.312500 1.000000
vt 0.281250 0.906250
vt 0.718750 0.906250
vt 0.218750 0.937500
vt 0.218750 0.000000
vt 0.031250 0.062500
vt 0.218750 0.062500
vt 0.406250 0.875000
vt 0.406250 0.937500
vt 0.593750 0.937500
vt 0.593750 0.875000
vt 0.062500 0.812500
vt 1.000000 0.812500
vt 0.000000 0.812500
vt 0.937500 0.812500
vt 0.156250 0.000000
vt 0.156250 0.937500
vt 0.156250 0.062500
vt 0.156250 0.812500
vt 0.218750 0.812500
vt 0.406250 0.812500
vt 0.468750 0.812500
vt 0.515625 0.515625
vt 0.515625 0.718750
vt 0.500000 0.515625
vt 0.515625 0.734375
vt 0.937500 0.062500
vt 0.703125 0.718750
vt 0.703125 0.734375
vt 0.546875 0.734375
vt 0.546875 0.718750
vt 0.125000 0.171875
vt 0.125000 0.990625
vt 0.031250 0.990625
vt 0.031250 0.171875
vt 0.093750 0.171875
vt 0.093750 0.990625
vt 0.000000 0.990625
vt 0.000000 0.171875
vt 0.125000 0.906250
vt 0.125000 0.875000
vt 0.062500 0.990625
vt 0.062500 0.171875
vt 0.125000 0.181250
vt 0.031250 0.181250
vt 0.093750 0.181250
vt 0.093750 1.000000
vt 0.000000 0.181250
vt 0.062500 0.181250
vt 0.125000 0.937500
vt 1.000000 0.625000
vt 1.000000 0.687500
vt 0.468750 0.687500
vt 0.468750 0.625000
vt 0.843750 0.562500
vt 0.843750 0.625000
vt 0.312500 0.625000
vt 0.312500 0.562500
vt 0.656250 0.218750
vt 0.656250 0.750000
vt 0.156250 0.750000
vt 0.156250 0.218750
vt 0.500000 0.375000
vt 0.500000 0.906250
vt 0.000000 0.375000
vt 0.718750 0.750000
vt 0.718750 0.812500
vt 0.218750 0.750000
vt 0.843750 0.500000
vt 0.343750 0.562500
vt 0.343750 0.500000
vt 0.937500 0.968750
vt 0.843750 0.968750
vt 0.843750 0.937500
vt 0.156250 0.968750
vt 0.125000 0.843750
vt 0.062500 0.843750
vt 0.125000 0.062500
vt 0.125000 0.156250
vt 0.062500 0.156250
vt 0.062500 0.062500
vt 0.562500 0.937500
vt 0.562500 0.968750
vt 0.437500 0.968750
vt 0.437500 0.937500
vt 0.125000 0.000000
vt 0.125000 0.562500
vt 0.093750 0.562500
vt 0.093750 0.000000
vt 0.125000 0.437500
vt 0.093750 0.437500
vt 0.093750 0.968750
vt 0.093750 0.937500
vt 0.750000 0.906250
vt 0.750000 1.000000
vt 0.750000 0.875000
vt 0.750000 0.968750
vt 0.500000 1.000000
vt 0.250000 1.000000
vt 0.250000 0.906250
vt 0.500000 0.875000
vt 0.500000 0.968750
vt 0.250000 0.875000
vt 0.500000 0.937500
vt 0.312500 0.843750
vt 0.603553 0.906250
vt 0.603553 1.000000
vt 0.603553 0.875000
vt 0.603553 0.968750
vt 0.603553 0.937500
vt 0.137500 0.875000
vt 0.137500 1.000000
vt 0.150000 0.875000
vt 0.150000 1.000000
vt 0.012500 0.875000
vt 0.187500 0.968750
vt 0.187500 1.000000
vt 0.125000 0.812500
vt 0.125000 0.343750
vt 0.093750 0.343750
vt 0.031250 0.343750
vt 0.000000 0.343750
vt 0.062500 0.343750
vt 0.468750 1.000000
vt 0.125000 0.531250
vt 0.062500 0.531250
vt 0.125000 0.500000
vt 0.062500 0.500000
vt 0.000000 0.148438
vt 0.000000 0.187500
vt 0.015625 0.148438
vt 0.015625 0.187500
vt 0.039062 0.187500
vt 0.039062 0.148438
vt 0.890625 0.265625
vt 0.890625 0.343750
vt 0.812500 0.343750
vt 0.812500 0.265625
vt 0.703125 0.078125
vt 0.703125 0.390625
vt 0.687500 0.390625
vt 0.687500 0.078125
vt 0.531250 0.078125
vt 0.531250 0.390625
vt 0.515625 0.390625
vt 0.515625 0.078125
vt 0.703125 0.375000
vt 0.515625 0.375000
vt 0.703125 0.093750
vt 0.515625 0.093750
vt 0.468750 0.468750
vt 0.468750 0.734375
vt 0.437500 0.734375
vt 0.437500 0.468750
vt 0.312500 0.468750
vt 0.312500 0.734375
vt 0.281250 0.734375
vt 0.281250 0.468750
vt 0.468750 0.703125
vt 0.281250 0.703125
vt 0.468750 0.500000
vt 0.281250 0.500000
vt 0.031250 0.109375
vt 0.031250 0.125000
vt 0.000000 0.125000
vt 0.000000 0.109375
vt 0.324762 0.675237
vt 0.375000 0.762263
vt 0.187500 0.812500
vt 0.375000 0.862737
vt 0.324762 0.949763
vt 0.237738 1.000000
vt 0.137262 1.000000
vt 0.050237 0.949763
vt 0.000000 0.862737
vt 0.000000 0.762263
vt 0.050237 0.675237
vt 0.137262 0.625000
vt 0.237738 0.625000
vt 0.296875 0.343750
vt 0.310481 0.343750
vt 0.310481 0.359375
vt 0.296875 0.359375
vt 0.306775 0.359375
vt 0.306775 0.343750
vt 0.296875 0.357521
vt 0.296875 0.347621
vt 0.303793 0.345768
vt 0.303792 0.359375
vt 0.296875 0.352457
vt 0.310482 0.352457
vt 0.308628 0.359375
vt 0.298728 0.359375
vt 0.296875 0.357522
vt 0.296875 0.347622
vt 0.303792 0.345768
vt 0.303793 0.359375
vt 0.308629 0.359375
vt 0.298729 0.359375
vt 0.296875 0.357522
vt 0.296875 0.347622
vt 0.303792 0.345769
vt 0.303792 0.359375
vt 0.298728 0.359375
vt 0.296875 0.352457
vt 0.310482 0.352458
vt 0.303793 0.345768
vt 0.303793 0.359375
vt 0.296875 0.357521
vt 0.296875 0.347621
vt 0.308629 0.359375
vt 0.298729 0.359375
vt 0.296875 0.352458
vt 0.310482 0.352457
vt 0.296875 0.357522
vt 0.308628 0.359375
vt 0.298728 0.359375
vt 0.296875 0.352458
vt 0.310481 0.352458
vt 0.298728 0.352458
vt 0.308628 0.352458
vt 0.303793 0.347622
vt 0.303793 0.357522
vt 0.296876 0.345768
vt 0.310482 0.359375
vt 0.298729 0.352457
vt 0.308629 0.352458
vt 0.303793 0.347621
vt 0.303793 0.357521
vt 0.296876 0.359375
vt 0.296875 0.345768
vt 0.298728 0.352458
vt 0.308628 0.352457
vt 0.303792 0.347622
vt 0.303792 0.357522
vt 0.296875 0.345769
vt 0.298729 0.352457
vt 0.308629 0.352457
vt 0.296875 0.359374
vt 0.303793 0.347622
vt 0.303792 0.357522
vt 0.298728 0.352457
vt 0.308628 0.352457
vt 0.310482 0.359374
vt 0.303792 0.347621
vt 0.303793 0.357521
vt 0.343750 0.351562
vt 0.343750 0.359375
vt 0.312500 0.359375
vt 0.312500 0.351562
vt 0.281250 0.375000
vt 0.359375 0.367188
vt 0.359375 0.375000
vt 0.328125 0.375000
vt 0.328125 0.367188
vt 0.296875 0.375000
vt 0.296875 0.367188
vt 0.406250 0.452847
vt 0.406250 0.468750
vt 0.390625 0.468750
vt 0.390625 0.452847
vt 0.437500 0.452847
vt 0.421875 0.468750
vt 0.421875 0.452847
vt 0.367802 0.406250
vt 0.367802 0.421875
vt 0.359990 0.421875
vt 0.359990 0.406250
vt 0.367802 0.359375
vt 0.367802 0.375000
vt 0.359990 0.375000
vt 0.359990 0.359375
vt 0.399052 0.390347
vt 0.399052 0.406250
vt 0.391240 0.406250
vt 0.391240 0.390347
vt 0.359375 0.390347
vt 0.359375 0.406250
vt 0.351562 0.406250
vt 0.351562 0.390347
vt 0.375000 0.343472
vt 0.375000 0.359375
vt 0.359375 0.359375
vt 0.359375 0.343472
vt 0.367802 0.453125
vt 0.367802 0.468750
vt 0.359990 0.468750
vt 0.359990 0.453125
vt 0.399052 0.421875
vt 0.399052 0.437500
vt 0.391240 0.437500
vt 0.391240 0.421875
vt 0.414677 0.452847
vt 0.414677 0.468750
vt 0.406865 0.468750
vt 0.406865 0.452847
vt 0.343750 0.343472
vt 0.335938 0.359375
vt 0.335938 0.343472
vt 0.375000 0.421875
vt 0.421875 0.421875
vt 0.375000 0.468750
vt 0.343750 0.343750
vt 0.343750 0.390625
vt 0.296875 0.390625
vt 0.375000 0.375000
vt 0.390625 0.453125
vt 0.343750 0.453125
vt 0.390625 0.437500
vt 0.312500 0.406250
vt 0.359375 0.453125
vt 0.312500 0.453125
vt 0.390625 0.390625
vt 0.375000 0.328125
vt 0.375000 0.343750
vt 0.328125 0.343750
vt 0.328125 0.328125
vt 0.359375 0.437500
vt 0.265625 0.453125
vt 0.265625 0.437500
vt 0.296875 0.406250
vt 0.265625 0.406250
vt 0.210781 0.797031
vt 0.125000 0.882812
vt 0.242188 0.851406
vt 0.242188 0.914219
vt 0.210781 0.968594
vt 0.156406 1.000000
vt 0.093594 1.000000
vt 0.039219 0.968594
vt 0.007812 0.914219
vt 0.007812 0.851406
vt 0.039219 0.797031
vt 0.093594 0.765625
vt 0.156406 0.765625
vt 0.281250 0.343750
vt 0.289622 0.343750
vt 0.289622 0.359375
vt 0.281250 0.359375
vt 0.285731 0.359375
vt 0.285731 0.343750
vt 0.281250 0.357427
vt 0.281250 0.352945
vt 0.288514 0.351001
vt 0.288510 0.359375
vt 0.281250 0.352112
vt 0.289624 0.352112
vt 0.287677 0.359375
vt 0.283195 0.359373
vt 0.281250 0.357431
vt 0.281250 0.352948
vt 0.288510 0.351001
vt 0.288514 0.359375
vt 0.287680 0.359373
vt 0.283197 0.359375
vt 0.281250 0.357430
vt 0.281250 0.352948
vt 0.288511 0.351003
vt 0.288511 0.359375
vt 0.287677 0.359375
vt 0.283194 0.359375
vt 0.281250 0.352111
vt 0.289624 0.352115
vt 0.288513 0.351001
vt 0.288513 0.359375
vt 0.281250 0.357428
vt 0.281252 0.352945
vt 0.287680 0.359375
vt 0.283198 0.359375
vt 0.281250 0.352115
vt 0.289624 0.352111
vt 0.281252 0.357430
vt 0.281250 0.352948
vt 0.287677 0.359375
vt 0.283195 0.359375
vt 0.281250 0.352114
vt 0.289622 0.352114
vt 0.283195 0.352114
vt 0.287677 0.352114
vt 0.288514 0.352948
vt 0.288514 0.357431
vt 0.281254 0.351001
vt 0.289624 0.359375
vt 0.283197 0.352112
vt 0.287680 0.352114
vt 0.288514 0.352945
vt 0.288514 0.357427
vt 0.281254 0.359375
vt 0.281250 0.351001
vt 0.283195 0.352114
vt 0.287677 0.352112
vt 0.288511 0.352948
vt 0.288511 0.357430
vt 0.281250 0.351003
vt 0.283198 0.352111
vt 0.287680 0.352111
vt 0.281250 0.359371
vt 0.288513 0.352948
vt 0.288511 0.357430
vt 0.283194 0.352111
vt 0.287677 0.352111
vt 0.289624 0.359371
vt 0.288511 0.352945
vt 0.288513 0.357428
vt 0.292969 0.406250
vt 0.292969 0.421875
vt 0.281250 0.421875
vt 0.281250 0.406250
vt 0.300781 0.421875
vt 0.300781 0.406250
vt 0.296875 0.402344
vt 0.289062 0.402344
vt 0.289062 0.390625
vt 0.296875 0.410156
vt 0.296875 0.421875
vt 0.289062 0.421875
vt 0.289062 0.410156
vt 0.328125 0.421875
vt 0.320312 0.421875
vt 0.390625 0.359375
vt 0.390625 0.421875
vt 0.390625 0.343750
vt 0.390625 0.406250
vt 0.359375 0.343750
vt 0.375000 0.406250
vt 0.312500 0.343750
vt 0.375000 0.390625
vt 0.312500 0.328125
vt 0.828125 0.484375
vt 0.828125 0.734375
vt 0.843750 0.734375
vt 0.843750 0.484375
vt 0.765625 0.734375
vt 0.765625 0.750000
vt 0.828125 0.750000
vt 0.187500 0.750000
vt 0.250000 0.750000
vt 0.765625 0.562500
vt 0.796875 0.734375
vt 0.796875 0.562500
vt 0.625000 0.875000
vt 0.625000 1.000000
vt 0.375000 1.000000
vt 0.375000 0.875000
vt 0.125000 0.375000
vt 0.125000 0.625000
vt 0.000000 0.625000
vt 0.125000 0.750000
vt 0.773438 0.921875
vt 0.773438 0.984375
vt 0.765625 0.984375
vt 0.765625 0.921875
vt 0.718750 0.921875
vt 0.718750 0.984375
vt 0.726562 0.984375
vt 0.726562 0.921875
vt 0.777344 0.984375
vt 0.777344 0.992188
vt 0.722656 0.992188
vt 0.722656 0.984375
vt 0.777344 0.898438
vt 0.777344 0.906250
vt 0.722656 0.906250
vt 0.722656 0.898438
vt 0.777344 0.843750
vt 0.722656 0.843750
vt 0.777344 0.921875
vt 0.722656 0.921875
s 1
usemtl m_3d215661-f591-00a8-53e2-d8d611c756be.010
f 5/1/1 3/2/1 2/3/1 4/4/1
f 8/5/2 6/6/2 7/7/2 9/8/2
f 2/9/3 3/10/3 7/11/3 6/12/3
f 5/13/4 4/14/4 8/15/4 9/16/4
f 4/17/5 2/18/5 6/19/5 8/20/5
f 9/21/6 7/22/6 3/23/6 5/24/6
f 13/25/1 11/26/1 10/27/1 12/28/1
f 16/25/2 14/26/2 15/27/2 17/28/2
f 10/29/3 11/30/3 15/31/3 14/32/3
f 13/29/4 12/30/4 16/31/4 17/32/4
f 12/33/5 10/34/5 14/35/5 16/36/5
f 17/25/6 15/26/6 11/27/6 13/28/6
f 11/37/1 19/26/1 18/27/1 10/38/1
f 14/37/2 20/26/2 21/27/2 15/38/2
f 18/29/3 19/30/3 21/31/3 20/32/3
f 10/39/5 18/34/5 20/35/5 14/40/5
f 15/37/6 21/26/6 19/27/6 11/38/6
f 23/25/1 13/26/1 12/27/1 22/28/1
f 24/25/2 16/26/2 17/27/2 25/28/2
f 23/29/4 22/30/4 24/31/4 25/32/4
f 22/33/5 12/34/5 16/35/5 24/36/5
f 25/25/6 17/26/6 13/27/6 23/28/6
f 27/41/1 23/26/1 22/27/1 26/42/1
f 28/41/2 24/26/2 25/27/2 29/42/2
f 27/29/4 26/30/4 28/31/4 29/32/4
f 26/43/5 22/34/5 24/35/5 28/44/5
f 29/41/6 25/26/6 23/27/6 27/42/6
f 33/45/1 31/30/1 30/46/1 32/47/1
f 36/47/2 34/46/2 35/48/2 37/49/2
f 30/46/3 31/26/3 35/35/3 34/31/3
f 33/47/4 32/46/4 36/31/4 37/50/4
f 32/47/5 30/46/5 34/31/5 36/50/5
f 37/45/6 35/30/6 31/51/6 33/52/6
f 41/45/1 39/30/1 38/46/1 40/47/1
f 44/47/2 42/46/2 43/48/2 45/49/2
f 38/46/3 39/26/3 43/35/3 42/31/3
f 41/47/4 40/46/4 44/31/4 45/50/4
f 40/47/5 38/46/5 42/31/5 44/50/5
f 45/45/6 43/30/6 39/51/6 41/52/6
f 49/45/1 47/30/1 46/48/1 48/49/1
f 45/47/2 43/46/2 34/51/2 36/52/2
f 46/52/3 47/53/3 34/35/3 43/50/3
f 49/54/4 48/51/4 45/31/4 36/55/4
f 48/52/5 46/51/5 43/31/5 45/50/5
f 36/45/6 34/30/6 47/46/6 49/47/6
f 53/45/1 51/30/1 50/46/1 52/47/1
f 55/47/2 54/46/2 1/48/2 56/49/2
f 50/46/3 51/26/3 1/35/3 54/31/3
f 53/47/4 52/46/4 55/31/4 56/50/4
f 52/47/5 50/46/5 54/31/5 55/50/5
f 56/45/6 1/30/6 51/51/6 53/52/6
f 60/45/1 58/30/1 57/48/1 59/49/1
f 56/47/2 1/46/2 61/51/2 62/52/2
f 57/52/3 58/53/3 61/35/3 1/50/3
f 60/54/4 59/51/4 56/31/4 62/55/4
f 59/52/5 57/51/5 1/31/5 56/50/5
f 62/45/6 61/30/6 58/46/6 60/47/6
f 66/45/1 64/30/1 63/46/1 65/47/1
f 62/47/2 61/46/2 67/48/2 68/49/2
f 63/46/3 64/26/3 67/35/3 61/31/3
f 66/47/4 65/46/4 62/31/4 68/50/4
f 65/47/5 63/46/5 61/31/5 62/50/5
f 68/45/6 67/30/6 64/51/6 66/52/6
f 72/45/1 70/30/1 69/46/1 71/47/1
f 75/47/2 73/46/2 74/48/2 76/49/2
f 69/46/3 70/26/3 74/35/3 73/31/3
f 72/47/4 71/46/4 75/31/4 76/50/4
f 71/47/5 69/46/5 73/31/5 75/50/5
f 76/45/6 74/30/6 70/51/6 72/52/6
f 80/45/1 78/30/1 77/48/1 79/49/1
f 82/47/2 81/46/2 73/51/2 75/52/2
f 77/52/3 78/53/3 73/35/3 81/50/3
f 80/54/4 79/51/4 82/31/4 75/55/4
f 79/52/5 77/51/5 81/31/5 82/50/5
f 75/45/6 73/30/6 78/46/6 80/47/6
f 86/45/1 84/30/1 83/46/1 85/47/1
f 88/47/2 87/46/2 81/48/2 82/49/2
f 83/46/3 84/26/3 81/35/3 87/31/3
f 86/47/4 85/46/4 88/31/4 82/50/4
f 85/47/5 83/46/5 87/31/5 88/50/5
f 82/45/6 81/30/6 84/51/6 86/52/6
f 92/56/1 90/57/1 89/34/1 91/33/1
f 95/56/2 93/57/2 94/34/2 96/33/2
f 89/52/3 90/53/3 94/34/3 93/45/3
f 92/52/4 91/53/4 95/34/4 96/45/4
f 91/58/5 89/53/5 93/34/5 95/33/5
f 96/58/6 94/53/6 90/34/6 92/33/6
f 100/56/1 98/57/1 97/34/1 99/33/1
f 103/56/2 101/57/2 102/34/2 104/33/2
f 97/52/3 98/53/3 102/34/3 101/45/3
f 100/52/4 99/53/4 103/34/4 104/45/4
f 99/58/5 97/53/5 101/34/5 103/33/5
f 104/58/6 102/53/6 98/34/6 100/33/6
f 106/59/1 89/60/1 98/61/1 105/62/1
f 107/59/2 102/60/2 93/61/2 108/62/2
f 98/63/3 89/64/3 93/34/3 102/65/3
f 106/63/4 105/64/4 107/34/4 108/65/4
f 105/66/5 98/64/5 102/34/5 107/30/5
f 108/66/6 93/64/6 89/34/6 106/30/6
f 112/67/1 110/68/1 109/69/1 111/70/1
f 115/67/2 113/68/2 114/69/2 116/70/2
f 109/71/3 110/53/3 114/34/3 113/65/3
f 112/71/4 111/53/4 115/34/4 116/65/4
f 111/72/5 109/73/5 113/69/5 115/70/5
f 116/72/6 114/73/6 110/69/6 112/70/6
f 120/74/1 118/68/1 117/69/1 119/75/1
f 123/74/2 121/68/2 122/69/2 124/75/2
f 117/71/3 118/53/3 122/34/3 121/65/3
f 120/71/4 119/53/4 123/34/4 124/65/4
f 119/72/5 117/73/5 121/69/5 123/70/5
f 124/72/6 122/73/6 118/69/6 120/70/6
f 128/76/1 126/77/1 125/78/1 127/79/1
f 131/76/2 129/77/2 130/78/2 132/79/2
f 125/80/3 126/81/3 130/82/3 129/83/3
f 128/80/4 127/81/4 131/82/4 132/83/4
f 127/80/5 125/81/5 129/82/5 131/83/5
f 132/80/6 130/81/6 126/82/6 128/83/6
f 136/76/1 134/77/1 133/78/1 135/79/1
f 139/76/2 137/77/2 138/78/2 140/79/2
f 133/80/3 134/81/3 138/82/3 137/83/3
f 136/80/4 135/81/4 139/82/4 140/83/4
f 135/80/5 133/81/5 137/82/5 139/83/5
f 140/80/6 138/81/6 134/82/6 136/83/6
f 144/76/1 142/77/1 141/78/1 143/79/1
f 147/76/2 145/77/2 146/78/2 148/79/2
f 141/80/3 142/81/3 146/82/3 145/83/3
f 144/80/4 143/81/4 147/82/4 148/83/4
f 143/80/5 141/81/5 145/82/5 147/83/5
f 148/80/6 146/81/6 142/82/6 144/83/6
f 152/76/1 150/77/1 149/78/1 151/79/1
f 155/76/2 153/77/2 154/78/2 156/79/2
f 149/80/3 150/81/3 154/82/3 153/83/3
f 152/80/4 151/81/4 155/82/4 156/83/4
f 151/80/5 149/81/5 153/82/5 155/83/5
f 156/80/6 154/81/6 150/82/6 152/83/6
f 160/84/1 158/85/1 157/86/1 159/87/1
f 163/84/2 161/85/2 162/86/2 164/87/2
f 157/88/3 158/85/3 162/86/3 161/89/3
f 160/88/4 159/85/4 163/86/4 164/89/4
f 159/84/5 157/85/5 161/86/5 163/87/5
f 164/84/6 162/85/6 158/86/6 160/87/6
f 168/46/1 166/26/1 165/90/1 167/91/1
f 171/46/2 169/26/2 170/90/2 172/91/2
f 165/39/3 166/30/3 170/92/3 169/93/3
f 168/39/4 167/30/4 171/92/4 172/93/4
f 167/30/5 165/34/5 169/94/5 171/92/5
f 172/30/6 170/34/6 166/94/6 168/92/6
f 176/95/7 174/96/7 173/64/7 175/97/7
f 179/45/8 177/34/8 178/98/8 180/99/8
f 173/100/9 174/101/9 178/102/9 177/103/9
f 176/104/10 175/34/10 179/27/10 180/105/10
f 175/45/5 173/34/5 177/27/5 179/106/5
f 180/45/6 178/34/6 174/27/6 176/106/6
f 184/95/9 182/96/9 181/64/9 183/97/9
f 187/45/10 185/34/10 186/98/10 188/99/10
f 181/100/8 182/101/8 186/102/8 185/103/8
f 184/104/7 183/34/7 187/27/7 188/105/7
f 183/45/5 181/34/5 185/27/5 187/106/5
f 188/45/6 186/34/6 182/27/6 184/106/6
f 192/45/9 190/34/9 189/98/9 191/99/9
f 195/95/10 193/96/10 194/64/10 196/97/10
f 189/104/8 190/34/8 194/27/8 193/105/8
f 192/100/7 191/101/7 195/102/7 196/103/7
f 191/45/5 189/34/5 193/27/5 195/106/5
f 196/45/6 194/34/6 190/27/6 192/106/6
f 200/45/7 198/34/7 197/98/7 199/99/7
f 203/95/8 201/96/8 202/64/8 204/97/8
f 197/104/9 198/34/9 202/27/9 201/105/9
f 200/100/10 199/101/10 203/102/10 204/103/10
f 199/45/5 197/34/5 201/27/5 203/106/5
f 204/45/6 202/34/6 198/27/6 200/106/6
f 208/107/1 206/108/1 205/109/1 207/110/1
f 210/107/2 209/108/2 88/109/2 211/110/2
f 205/111/3 206/112/3 88/113/3 209/114/3
f 208/111/4 207/112/4 210/113/4 211/114/4
f 207/115/5 205/116/5 209/117/5 210/118/5
f 211/115/6 88/116/6 206/117/6 208/118/6
f 215/119/7 213/27/7 212/120/7 214/121/7
f 218/122/8 216/34/8 217/123/8 219/124/8
f 212/125/9 213/29/9 217/126/9 216/127/9
f 215/128/10 214/34/10 218/27/10 219/129/10
f 214/122/5 212/34/5 216/27/5 218/119/5
f 219/122/6 217/34/6 213/27/6 215/119/6
f 223/119/7 221/27/7 220/120/7 222/121/7
f 226/122/8 224/34/8 225/123/8 227/124/8
f 220/125/9 221/29/9 225/126/9 224/127/9
f 223/128/10 222/34/10 226/27/10 227/129/10
f 222/122/5 220/34/5 224/27/5 226/119/5
f 227/122/6 225/34/6 221/27/6 223/119/6
f 231/30/1 229/34/1 228/130/1 230/131/1
f 234/30/2 232/34/2 233/130/2 235/131/2
f 228/132/3 229/27/3 233/133/3 232/134/3
f 231/132/4 230/27/4 234/133/4 235/134/4
f 230/135/5 228/27/5 232/133/5 234/136/5
f 235/30/6 233/34/6 229/90/6 231/91/6
f 239/47/1 237/26/1 236/137/1 238/138/1
f 242/47/2 240/26/2 241/137/2 243/138/2
f 236/139/3 237/140/3 241/141/3 240/142/3
f 239/143/4 238/26/4 242/144/4 243/145/4
f 238/95/5 236/96/5 240/133/5 242/146/5
f 243/45/6 241/34/6 237/147/6 239/148/6
f 237/149/1 245/150/1 244/61/1 236/62/1
f 248/149/2 246/150/2 247/61/2 249/62/2
f 244/139/3 245/140/3 247/141/3 246/142/3
f 237/139/4 236/140/4 248/141/4 249/142/4
f 236/151/5 244/152/5 246/61/5 248/62/5
f 249/65/6 247/122/6 245/153/6 237/154/6
f 250/137/2 251/130/2 252/155/2
f 254/130/1 253/90/1 255/155/1
f 254/131/3 251/91/3 250/156/3 253/155/3
f 253/130/5 250/90/5 252/156/5 255/155/5
f 251/137/11 254/130/11 255/155/11 252/138/11
f 256/137/2 257/130/2 258/155/2
f 260/130/1 259/90/1 261/155/1
f 260/131/3 257/91/3 256/156/3 259/155/3
f 259/130/5 256/90/5 258/156/5 261/155/5
f 257/137/11 260/130/11 261/155/11 258/138/11
f 262/137/2 263/130/2 264/155/2
f 266/130/1 265/90/1 267/155/1
f 266/131/3 263/91/3 262/156/3 265/155/3
f 265/130/5 262/90/5 264/156/5 267/155/5
f 263/137/11 266/130/11 267/155/11 264/138/11
f 269/130/2 268/137/2 270/155/2
f 271/90/1 272/130/1 273/155/1
f 268/156/3 269/91/3 272/131/3 271/155/3
f 270/156/6 268/90/6 271/130/6 273/155/6
f 273/155/12 272/130/12 269/137/12 270/138/12
f 275/130/2 274/137/2 276/155/2
f 277/90/1 278/130/1 279/155/1
f 274/156/3 275/91/3 278/131/3 277/155/3
f 276/156/6 274/90/6 277/130/6 279/155/6
f 279/155/12 278/130/12 275/137/12 276/138/12
f 281/130/2 280/137/2 282/155/2
f 283/90/1 284/130/1 285/155/1
f 280/156/3 281/91/3 284/131/3 283/155/3
f 282/156/6 280/90/6 283/130/6 285/155/6
f 285/155/12 284/130/12 281/137/12 282/138/12
f 289/65/1 287/34/1 286/57/1 288/157/1
f 292/65/2 290/34/2 291/57/2 293/157/2
f 286/47/3 287/26/3 291/57/3 290/49/3
f 289/47/4 288/26/4 292/57/4 293/49/4
f 288/149/5 286/26/5 290/57/5 292/157/5
f 293/65/6 291/34/6 287/26/6 289/149/6
f 297/158/1 295/159/1 294/160/1 296/161/1
f 300/158/2 298/159/2 299/160/2 301/161/2
f 294/162/3 295/163/3 299/164/3 298/165/3
f 297/162/4 296/163/4 300/164/4 301/165/4
f 296/166/5 294/167/5 298/168/5 300/169/5
f 301/170/6 299/171/6 295/172/6 297/173/6
f 305/174/1 303/175/1 302/176/1 304/177/1
f 308/174/2 306/175/2 307/176/2 309/177/2
f 302/178/3 303/179/3 307/180/3 306/181/3
f 305/178/4 304/179/4 308/180/4 309/181/4
f 304/182/5 302/183/5 306/184/5 308/185/5
f 309/174/6 307/175/6 303/186/6 305/187/6
f 311/175/1 310/176/1 312/177/1 313/174/1
f 311/188/13 303/189/13 302/190/13 310/191/13
f 312/188/14 304/189/14 305/190/14 313/191/14
f 310/192/5 302/186/5 304/187/5 312/2/5
f 303/183/6 311/193/6 313/194/6 305/182/6
f 307/179/9 297/189/9 296/190/9 306/178/9
f 308/179/10 300/189/10 301/190/10 309/178/10
f 306/183/5 296/186/5 300/187/5 308/182/5
f 297/183/6 307/186/6 309/187/6 301/182/6
f 314/34/15 315/57/15 317/49/15 316/45/15
f 321/34/16 320/57/16 318/49/16 319/45/16
f 318/34/4 316/26/4 317/47/4 319/45/4
f 320/34/5 314/26/5 316/47/5 318/45/5
f 315/26/6 321/57/6 319/49/6 317/47/6
f 321/34/3 315/26/3 314/47/3 320/45/3
f 322/26/15 323/57/15 325/49/15 324/47/15
f 329/34/16 328/26/16 326/47/16 327/45/16
f 326/30/4 324/46/4 325/47/4 327/45/4
f 328/34/5 322/26/5 324/47/5 326/45/5
f 323/26/6 329/57/6 327/49/6 325/47/6
f 329/34/3 323/26/3 322/46/3 328/30/3
f 328/26/17 329/57/17 331/49/17 330/47/17
f 333/34/18 332/26/18 334/47/18 335/45/18
f 333/34/3 329/26/3 328/46/3 332/30/3
f 334/30/4 330/46/4 331/47/4 335/45/4
f 332/34/5 328/26/5 330/47/5 334/45/5
f 329/26/6 333/57/6 335/49/6 331/47/6
f 320/34/17 321/57/17 337/49/17 336/45/17
f 339/34/18 338/57/18 340/49/18 341/45/18
f 339/34/3 321/26/3 320/47/3 338/45/3
f 340/34/4 336/26/4 337/47/4 341/45/4
f 338/34/5 320/26/5 336/47/5 340/45/5
f 321/26/6 339/57/6 341/49/6 337/47/6
f 430/281/1 428/282/1 427/80/1 429/283/1
f 433/281/2 431/282/2 432/80/2 434/283/2
f 427/282/3 428/284/3 432/81/3 431/80/3
f 430/282/4 429/284/4 433/81/4 434/80/4
f 429/281/5 427/282/5 431/80/5 433/283/5
f 434/281/6 432/282/6 428/80/6 430/283/6
f 438/281/1 436/282/1 435/80/1 437/283/1
f 441/281/2 439/282/2 440/80/2 442/283/2
f 435/282/3 436/284/3 440/81/3 439/80/3
f 438/282/4 437/284/4 441/81/4 442/80/4
f 437/281/5 435/282/5 439/80/5 441/283/5
f 442/281/6 440/282/6 436/80/6 438/283/6
f 478/79/1 476/78/1 475/77/1 477/76/1
f 481/282/2 479/284/2 480/81/2 482/80/2
f 475/286/3 476/287/3 480/288/3 479/289/3
f 478/286/4 477/287/4 481/288/4 482/289/4
f 477/286/5 475/287/5 479/288/5 481/289/5
f 482/286/6 480/287/6 476/288/6 478/289/6
f 636/387/1 634/388/1 633/388/1 635/387/1
f 639/389/2 637/390/2 638/390/2 640/389/2
f 633/391/3 634/391/3 638/388/3 637/388/3
f 636/391/4 635/391/4 639/388/4 640/388/4
f 635/392/5 633/391/5 637/388/5 639/387/5
f 640/393/6 638/394/6 634/395/6 636/396/6
f 643/397/1 642/398/1 641/399/1 486/400/1
f 498/401/2 644/402/2 645/403/2 646/404/2
f 641/405/3 642/398/3 645/403/3 644/406/3
f 643/397/4 486/407/4 498/408/4 646/404/4
f 486/397/5 641/398/5 644/403/5 498/404/5
f 646/397/6 645/398/6 642/403/6 643/404/6
f 490/409/1 648/410/1 647/411/1 649/412/1
f 652/413/2 650/414/2 651/415/2 494/416/2
f 647/417/3 648/410/3 651/415/3 650/418/3
f 490/409/4 649/419/4 652/420/4 494/416/4
f 649/409/5 647/410/5 650/415/5 652/416/5
f 494/421/6 651/422/6 648/423/6 490/424/6
f 666/438/48 670/439/48 671/440/48 667/441/48
f 669/442/49 673/441/49 672/438/49 668/443/49
f 668/444/5 672/445/5 670/446/5 666/447/5
f 667/448/6 671/449/6 673/450/6 669/451/6
f 670/438/50 674/439/50 675/440/50 671/441/50
f 673/442/51 677/441/51 676/438/51 672/443/51
f 672/452/5 676/453/5 674/454/5 670/455/5
f 671/448/6 675/449/6 677/456/6 673/457/6
f 674/438/1 678/439/1 679/440/1 675/441/1
f 677/442/2 681/441/2 680/438/2 676/443/2
f 676/458/5 680/459/5 678/460/5 674/461/5
f 675/460/6 679/461/6 681/458/6 677/459/6
f 678/438/52 682/439/52 683/440/52 679/441/52
f 681/442/53 685/441/53 684/438/53 680/443/53
f 680/450/5 684/462/5 682/463/5 678/464/5
f 679/465/6 683/466/6 685/467/6 681/468/6
f 682/438/54 686/439/54 687/440/54 683/441/54
f 685/442/55 689/441/55 688/438/55 684/443/55
f 684/469/5 688/470/5 686/471/5 682/472/5
f 683/465/6 687/466/6 689/473/6 685/453/6
f 686/438/4 690/439/4 691/440/4 687/441/4
f 689/442/3 693/441/3 692/438/3 688/443/3
f 688/474/5 692/475/5 690/476/5 686/477/5
f 687/440/6 691/441/6 693/478/6 689/479/6
f 690/438/49 694/439/49 695/440/49 691/441/49
f 693/442/48 697/441/48 696/438/48 692/443/48
f 692/480/5 696/481/5 694/441/5 690/482/5
f 691/483/6 695/441/6 697/484/6 693/485/6
f 694/438/51 698/439/51 699/440/51 695/441/51
f 697/442/50 701/441/50 700/438/50 696/443/50
f 696/486/5 700/487/5 698/488/5 694/489/5
f 695/483/6 699/441/6 701/490/6 697/491/6
f 698/438/2 702/439/2 703/440/2 699/441/2
f 701/442/1 705/441/1 704/438/1 700/443/1
f 700/492/5 704/493/5 702/441/5 698/494/5
f 699/441/6 703/494/6 705/492/6 701/493/6
f 702/438/53 706/439/53 707/440/53 703/441/53
f 705/442/52 709/441/52 708/438/52 704/443/52
f 704/495/5 708/496/5 706/483/5 702/497/5
f 703/441/6 707/489/6 709/498/6 705/499/6
f 706/438/55 710/439/55 711/440/55 707/441/55
f 709/442/54 713/441/54 712/438/54 708/443/54
f 708/500/5 712/501/5 710/502/5 706/441/5
f 707/441/6 711/489/6 713/503/6 709/504/6
f 710/438/3 666/439/3 667/440/3 711/441/3
f 713/442/4 669/441/4 668/438/4 712/443/4
f 712/478/5 668/479/5 666/440/5 710/441/5
f 711/476/6 667/477/6 669/474/6 713/475/6
f 717/505/1 715/506/1 714/507/1 716/508/1
f 720/505/2 718/506/2 719/507/2 721/508/2
f 714/17/3 715/413/3 719/416/3 718/509/3
f 717/17/4 716/413/4 720/416/4 721/509/4
f 716/510/5 714/511/5 718/512/5 720/513/5
f 721/513/6 719/512/6 715/514/6 717/515/6
f 725/516/1 723/517/1 722/518/1 724/519/1
f 728/520/2 726/412/2 727/521/2 729/522/2
f 722/523/3 723/524/3 727/525/3 726/526/3
f 725/527/4 724/528/4 728/529/4 729/530/4
f 724/531/5 722/532/5 726/533/5 728/534/5
f 729/535/6 727/536/6 723/537/6 725/538/6
f 733/539/1 731/540/1 730/541/1 732/542/1
f 736/516/2 734/517/2 735/518/2 737/519/2
f 730/543/3 731/544/3 735/545/3 734/546/3
f 733/547/4 732/548/4 736/549/4 737/550/4
f 732/551/5 730/552/5 734/553/5 736/554/5
f 737/555/6 735/506/6 731/556/6 733/557/6
f 714/558/56 730/559/56 731/521/56 715/560/56
f 735/561/57 734/562/57 716/563/57 717/438/57
f 734/540/5 730/564/5 714/512/5 716/14/5
f 715/565/58 731/566/59 735/6/59 717/567/59
f 720/568/60 722/536/60 723/569/60 721/570/60
f 727/571/61 726/567/61 718/6/61 719/562/61
f 726/572/5 722/573/5 720/574/5 718/575/5
f 721/569/62 723/570/62 727/3/62 719/576/62
f 751/438/48 755/439/48 756/440/48 752/441/48
f 754/442/49 758/441/49 757/438/49 753/443/49
f 753/444/5 757/445/5 755/446/5 751/447/5
f 752/448/6 756/449/6 758/450/6 754/451/6
f 755/438/50 759/439/50 760/440/50 756/441/50
f 758/442/51 762/441/51 761/438/51 757/443/51
f 757/452/5 761/453/5 759/454/5 755/455/5
f 756/448/6 760/449/6 762/456/6 758/457/6
f 759/438/1 763/439/1 764/440/1 760/441/1
f 762/442/2 766/441/2 765/438/2 761/443/2
f 761/458/5 765/459/5 763/460/5 759/461/5
f 760/460/6 764/461/6 766/458/6 762/459/6
f 763/438/52 767/439/52 768/440/52 764/441/52
f 766/442/53 770/441/53 769/438/53 765/443/53
f 765/450/5 769/462/5 767/463/5 763/464/5
f 764/465/6 768/466/6 770/467/6 766/468/6
f 767/438/54 771/439/54 772/440/54 768/441/54
f 770/442/55 774/441/55 773/438/55 769/443/55
f 769/469/5 773/470/5 771/471/5 767/472/5
f 768/465/6 772/466/6 774/473/6 770/453/6
f 771/438/4 775/439/4 776/440/4 772/441/4
f 774/442/3 778/441/3 777/438/3 773/443/3
f 773/474/5 777/475/5 775/476/5 771/477/5
f 772/440/6 776/441/6 778/478/6 774/479/6
f 775/438/49 779/439/49 780/440/49 776/441/49
f 778/442/48 782/441/48 781/438/48 777/443/48
f 777/480/5 781/481/5 779/441/5 775/482/5
f 776/483/6 780/441/6 782/484/6 778/485/6
f 779/438/51 783/439/51 784/440/51 780/441/51
f 782/442/50 786/441/50 785/438/50 781/443/50
f 781/486/5 785/487/5 783/488/5 779/489/5
f 780/483/6 784/441/6 786/490/6 782/491/6
f 783/438/2 787/439/2 788/440/2 784/441/2
f 786/442/1 790/441/1 789/438/1 785/443/1
f 785/492/5 789/493/5 787/441/5 783/494/5
f 784/441/6 788/494/6 790/492/6 786/493/6
f 787/438/53 791/439/53 792/440/53 788/441/53
f 790/442/52 794/441/52 793/438/52 789/443/52
f 789/495/5 793/496/5 791/483/5 787/497/5
f 788/441/6 792/489/6 794/498/6 790/499/6
f 791/438/55 795/439/55 796/440/55 792/441/55
f 794/442/54 798/441/54 797/438/54 793/443/54
f 793/500/5 797/501/5 795/502/5 791/441/5
f 792/441/6 796/489/6 798/503/6 794/504/6
f 795/438/3 751/439/3 752/440/3 796/441/3
f 798/442/4 754/441/4 753/438/4 797/443/4
f 797/478/5 753/479/5 751/440/5 795/441/5
f 796/476/6 752/477/6 754/474/6 798/475/6
f 802/505/1 800/506/1 799/507/1 801/508/1
f 805/505/2 803/506/2 804/507/2 806/508/2
f 799/17/3 800/413/3 804/416/3 803/509/3
f 802/17/4 801/413/4 805/416/4 806/509/4
f 801/510/5 799/511/5 803/512/5 805/513/5
f 806/513/6 804/512/6 800/514/6 802/515/6
f 810/516/1 808/517/1 807/518/1 809/519/1
f 813/520/2 811/412/2 812/521/2 814/522/2
f 807/523/3 808/524/3 812/525/3 811/526/3
f 810/527/4 809/528/4 813/529/4 814/530/4
f 809/531/5 807/532/5 811/533/5 813/534/5
f 814/535/6 812/536/6 808/537/6 810/538/6
f 818/539/1 816/540/1 815/541/1 817/542/1
f 821/516/2 819/517/2 820/518/2 822/519/2
f 815/543/3 816/544/3 820/545/3 819/546/3
f 818/547/4 817/548/4 821/549/4 822/550/4
f 817/551/5 815/552/5 819/553/5 821/554/5
f 822/555/6 820/506/6 816/556/6 818/557/6
f 799/558/56 815/559/56 816/521/56 800/560/56
f 820/561/57 819/562/57 801/563/57 802/438/57
f 819/540/5 815/564/5 799/512/5 801/14/5
f 800/565/59 816/566/59 820/6/59 802/567/59
f 805/568/60 807/536/60 808/569/60 806/570/60
f 812/571/61 811/567/61 803/6/61 804/562/61
f 811/572/5 807/573/5 805/574/5 803/575/5
f 806/569/62 808/570/63 812/3/62 804/576/62
f 826/576/1 824/569/1 823/577/1 825/578/1
f 829/576/2 827/569/2 828/577/2 830/578/2
f 823/579/3 824/171/3 828/577/3 827/580/3
f 826/579/4 825/171/4 829/577/4 830/580/4
f 825/182/5 823/171/5 827/577/5 829/578/5
f 830/182/6 828/171/6 824/577/6 826/578/6
f 844/594/54 848/595/54 849/596/54 845/597/54
f 847/598/55 851/597/55 850/594/55 846/599/55
f 846/600/6 850/601/6 848/602/6 844/603/6
f 845/604/5 849/605/5 851/606/5 847/607/5
f 848/594/52 852/595/52 853/596/52 849/597/52
f 851/598/53 855/597/53 854/594/53 850/599/53
f 850/608/6 854/609/6 852/610/6 848/611/6
f 849/604/5 853/605/5 855/612/5 851/613/5
f 852/594/1 856/595/1 857/596/1 853/597/1
f 855/598/2 859/597/2 858/594/2 854/599/2
f 854/614/6 858/615/6 856/616/6 852/617/6
f 853/616/5 857/617/5 859/614/5 855/615/5
f 856/594/50 860/595/50 861/596/50 857/597/50
f 859/598/51 863/597/51 862/594/51 858/599/51
f 858/618/6 862/619/6 860/620/6 856/621/6
f 857/622/5 861/623/5 863/624/5 859/625/5
f 860/594/48 864/595/48 865/596/48 861/597/48
f 863/598/49 867/597/49 866/594/49 862/599/49
f 862/626/6 866/627/6 864/628/6 860/629/6
f 861/622/5 865/623/5 867/630/5 863/631/5
f 864/594/3 868/595/3 869/596/3 865/597/3
f 867/598/4 871/597/4 870/594/4 866/599/4
f 866/632/6 870/633/6 868/634/6 864/635/6
f 865/596/5 869/597/5 871/636/5 867/637/5
f 868/594/55 872/595/55 873/596/55 869/597/55
f 871/598/54 875/597/54 874/594/54 870/599/54
f 870/638/6 874/639/6 872/597/6 868/640/6
f 869/641/5 873/597/5 875/642/5 871/643/5
f 872/594/53 876/595/53 877/596/53 873/597/53
f 875/598/52 879/597/52 878/594/52 874/599/52
f 874/644/6 878/645/6 876/646/6 872/647/6
f 873/641/5 877/597/5 879/648/5 875/649/5
f 876/594/2 880/595/2 881/596/2 877/597/2
f 879/598/1 883/597/1 882/594/1 878/599/1
f 878/650/6 882/651/6 880/597/6 876/652/6
f 877/597/5 881/652/5 883/650/5 879/651/5
f 880/594/51 884/595/51 885/596/51 881/597/51
f 883/598/50 887/597/50 886/594/50 882/599/50
f 882/653/6 886/654/6 884/641/6 880/655/6
f 881/597/5 885/647/5 887/656/5 883/657/5
f 884/594/49 888/595/49 889/596/49 885/597/49
f 887/598/48 891/597/48 890/594/48 886/599/48
f 886/658/6 890/659/6 888/660/6 884/597/6
f 885/597/5 889/647/5 891/661/5 887/662/5
f 888/594/4 844/595/4 845/596/4 889/597/4
f 891/598/3 847/597/3 846/594/3 890/599/3
f 890/636/6 846/637/6 844/596/6 888/597/6
f 889/634/5 845/635/5 847/632/5 891/633/5
f 895/1/1 893/2/1 892/3/1 894/4/1
f 898/5/2 896/6/2 897/7/2 899/8/2
f 892/9/3 893/10/3 897/11/3 896/12/3
f 895/13/4 894/14/4 898/15/4 899/16/4
f 894/17/5 892/18/5 896/19/5 898/20/5
f 899/21/6 897/22/6 893/23/6 895/24/6
f 903/663/1 901/664/1 900/665/1 902/666/1
f 906/568/2 904/4/2 905/667/2 907/668/2
f 900/563/3 901/669/3 905/670/3 904/671/3
f 903/672/4 902/673/4 906/674/4 907/675/4
f 902/676/5 900/194/5 904/177/5 906/677/5
f 907/12/6 905/677/6 901/4/6 903/568/6
f 910/678/4 908/679/4 909/676/4 911/14/4
f 908/574/64 827/680/64 828/681/64 909/9/64
f 830/682/16 829/536/16 910/579/16 911/438/16
f 829/573/5 827/683/5 908/568/5 910/684/5
f 909/681/65 828/9/66 830/574/65 911/680/65
f 824/679/67 823/676/67 912/14/67 913/678/67
f 914/572/17 825/685/17 826/18/17 915/686/17
f 913/540/4 912/558/4 914/4/4 915/507/4
f 912/573/5 823/683/5 825/568/5 914/684/5
f 826/683/68 824/568/68 913/684/68 915/573/68
f 919/576/1 917/569/1 916/577/1 918/578/1
f 922/576/2 920/569/2 921/577/2 923/578/2
f 916/579/3 917/171/3 921/577/3 920/580/3
f 919/579/4 918/171/4 922/577/4 923/580/4
f 918/182/5 916/171/5 920/577/5 922/578/5
f 923/182/6 921/171/6 917/577/6 919/578/6
f 937/594/54 941/595/54 942/596/54 938/597/54
f 940/598/55 944/597/55 943/594/55 939/599/55
f 939/600/6 943/601/6 941/602/6 937/603/6
f 938/604/5 942/605/5 944/606/5 940/607/5
f 941/594/52 945/595/52 946/596/52 942/597/52
f 944/598/53 948/597/53 947/594/53 943/599/53
f 943/608/6 947/609/6 945/610/6 941/611/6
f 942/604/5 946/605/5 948/612/5 944/613/5
f 945/594/1 949/595/1 950/596/1 946/597/1
f 948/598/2 952/597/2 951/594/2 947/599/2
f 947/614/6 951/615/6 949/616/6 945/617/6
f 946/616/5 950/617/5 952/614/5 948/615/5
f 949/594/50 953/595/50 954/596/50 950/597/50
f 952/598/51 956/597/51 955/594/51 951/599/51
f 951/618/6 955/619/6 953/620/6 949/621/6
f 950/622/5 954/623/5 956/624/5 952/625/5
f 953/594/48 957/595/48 958/596/48 954/597/48
f 956/598/49 960/597/49 959/594/49 955/599/49
f 955/626/6 959/627/6 957/628/6 953/629/6
f 954/622/5 958/623/5 960/630/5 956/631/5
f 957/594/3 961/595/3 962/596/3 958/597/3
f 960/598/4 964/597/4 963/594/4 959/599/4
f 959/632/6 963/633/6 961/634/6 957/635/6
f 958/596/5 962/597/5 964/636/5 960/637/5
f 961/594/55 965/595/55 966/596/55 962/597/55
f 964/598/54 968/597/54 967/594/54 963/599/54
f 963/638/6 967/639/6 965/597/6 961/640/6
f 962/641/5 966/597/5 968/642/5 964/643/5
f 965/594/53 969/595/53 970/596/53 966/597/53
f 968/598/52 972/597/52 971/594/52 967/599/52
f 967/644/6 971/645/6 969/646/6 965/647/6
f 966/641/5 970/597/5 972/648/5 968/649/5
f 969/594/2 973/595/2 974/596/2 970/597/2
f 972/598/1 976/597/1 975/594/1 971/599/1
f 971/650/6 975/651/6 973/597/6 969/652/6
f 970/597/5 974/652/5 976/650/5 972/651/5
f 973/594/51 977/595/51 978/596/51 974/597/51
f 976/598/50 980/597/50 979/594/50 975/599/50
f 975/653/6 979/654/6 977/641/6 973/655/6
f 974/597/5 978/647/5 980/656/5 976/657/5
f 977/594/49 981/595/49 982/596/49 978/597/49
f 980/598/48 984/597/48 983/594/48 979/599/48
f 979/658/6 983/659/6 981/660/6 977/597/6
f 978/597/5 982/647/5 984/661/5 980/662/5
f 981/594/4 937/595/4 938/596/4 982/597/4
f 984/598/3 940/597/3 939/594/3 983/599/3
f 983/636/6 939/637/6 937/596/6 981/597/6
f 982/634/5 938/635/5 940/632/5 984/633/5
f 988/1/1 986/2/1 985/3/1 987/4/1
f 991/5/2 989/6/2 990/7/2 992/8/2
f 985/9/3 986/10/3 990/11/3 989/12/3
f 988/13/4 987/14/4 991/15/4 992/16/4
f 987/17/5 985/18/5 989/19/5 991/20/5
f 992/21/6 990/22/6 986/23/6 988/24/6
f 996/663/1 994/664/1 993/665/1 995/666/1
f 999/568/2 997/4/2 998/667/2 1000/668/2
f 993/563/3 994/669/3 998/670/3 997/671/3
f 996/672/4 995/673/4 999/674/4 1000/675/4
f 995/676/5 993/194/5 997/177/5 999/677/5
f 1000/12/6 998/677/6 994/4/6 996/568/6
f 1003/678/4 1001/679/4 1002/676/4 1004/14/4
f 1001/574/64 920/680/64 921/681/64 1002/9/64
f 923/682/16 922/536/16 1003/579/16 1004/438/16
f 922/573/5 920/683/5 1001/568/5 1003/684/5
f 1002/681/65 921/9/66 923/574/65 1004/680/65
f 917/679/67 916/676/67 1005/14/67 1006/678/67
f 1007/572/17 918/685/17 919/18/17 1008/686/17
f 1006/540/4 1005/558/4 1007/4/4 1008/507/4
f 1005/573/5 916/683/5 918/568/5 1007/684/5
f 919/683/68 917/568/68 1006/684/68 1008/573/68
f 1012/576/1 1010/569/1 1009/577/1 1011/578/1
f 1015/576/2 1013/569/2 1014/577/2 1016/578/2
f 1009/579/3 1010/171/3 1014/577/3 1013/580/3
f 1012/579/4 1011/171/4 1015/577/4 1016/580/4
f 1011/182/5 1009/171/5 1013/577/5 1015/578/5
f 1016/182/6 1014/171/6 1010/577/6 1012/578/6
f 1030/594/54 1034/595/54 1035/596/54 1031/597/54
f 1033/598/55 1037/597/55 1036/594/55 1032/599/55
f 1032/600/6 1036/601/6 1034/602/6 1030/603/6
f 1031/604/5 1035/605/5 1037/606/5 1033/607/5
f 1034/594/52 1038/595/52 1039/596/52 1035/597/52
f 1037/598/53 1041/597/53 1040/594/53 1036/599/53
f 1036/608/6 1040/609/6 1038/610/6 1034/611/6
f 1035/604/5 1039/605/5 1041/612/5 1037/613/5
f 1038/594/1 1042/595/1 1043/596/1 1039/597/1
f 1041/598/2 1045/597/2 1044/594/2 1040/599/2
f 1040/614/6 1044/615/6 1042/616/6 1038/617/6
f 1039/616/5 1043/617/5 1045/614/5 1041/615/5
f 1042/594/50 1046/595/50 1047/596/50 1043/597/50
f 1045/598/51 1049/597/51 1048/594/51 1044/599/51
f 1044/618/6 1048/619/6 1046/620/6 1042/621/6
f 1043/622/5 1047/623/5 1049/624/5 1045/625/5
f 1046/594/48 1050/595/48 1051/596/48 1047/597/48
f 1049/598/49 1053/597/49 1052/594/49 1048/599/49
f 1048/626/6 1052/627/6 1050/628/6 1046/629/6
f 1047/622/5 1051/623/5 1053/630/5 1049/631/5
f 1050/594/3 1054/595/3 1055/596/3 1051/597/3
f 1053/598/4 1057/597/4 1056/594/4 1052/599/4
f 1052/632/6 1056/633/6 1054/634/6 1050/635/6
f 1051/596/5 1055/597/5 1057/636/5 1053/637/5
f 1054/594/55 1058/595/55 1059/596/55 1055/597/55
f 1057/598/54 1061/597/54 1060/594/54 1056/599/54
f 1056/638/6 1060/639/6 1058/597/6 1054/640/6
f 1055/641/5 1059/597/5 1061/642/5 1057/643/5
f 1058/594/53 1062/595/53 1063/596/53 1059/597/53
f 1061/598/52 1065/597/52 1064/594/52 1060/599/52
f 1060/644/6 1064/645/6 1062/646/6 1058/647/6
f 1059/641/5 1063/597/5 1065/648/5 1061/649/5
f 1062/594/2 1066/595/2 1067/596/2 1063/597/2
f 1065/598/1 1069/597/1 1068/594/1 1064/599/1
f 1064/650/6 1068/651/6 1066/597/6 1062/652/6
f 1063/597/5 1067/652/5 1069/650/5 1065/651/5
f 1066/594/51 1070/595/51 1071/596/51 1067/597/51
f 1069/598/50 1073/597/50 1072/594/50 1068/599/50
f 1068/653/6 1072/654/6 1070/641/6 1066/655/6
f 1067/597/5 1071/647/5 1073/656/5 1069/657/5
f 1070/594/49 1074/595/49 1075/596/49 1071/597/49
f 1073/598/48 1077/597/48 1076/594/48 1072/599/48
f 1072/658/6 1076/659/6 1074/660/6 1070/597/6
f 1071/597/5 1075/647/5 1077/661/5 1073/662/5
f 1074/594/4 1030/595/4 1031/596/4 1075/597/4
f 1077/598/3 1033/597/3 1032/594/3 1076/599/3
f 1076/636/6 1032/637/6 1030/596/6 1074/597/6
f 1075/634/5 1031/635/5 1033/632/5 1077/633/5
f 1081/1/1 1079/2/1 1078/3/1 1080/4/1
f 1084/5/2 1082/6/2 1083/7/2 1085/8/2
f 1078/9/3 1079/10/3 1083/11/3 1082/12/3
f 1081/13/4 1080/14/4 1084/15/4 1085/16/4
f 1080/17/5 1078/18/5 1082/19/5 1084/20/5
f 1085/21/6 1083/22/6 1079/23/6 1081/24/6
f 1089/663/1 1087/664/1 1086/665/1 1088/666/1
f 1092/568/2 1090/4/2 1091/667/2 1093/668/2
f 1086/563/3 1087/669/3 1091/670/3 1090/671/3
f 1089/672/4 1088/673/4 1092/674/4 1093/675/4
f 1088/676/5 1086/194/5 1090/177/5 1092/677/5
f 1093/12/6 1091/677/6 1087/4/6 1089/568/6
f 1096/678/4 1094/679/4 1095/676/4 1097/14/4
f 1094/574/64 1013/680/64 1014/681/64 1095/9/64
f 1016/682/16 1015/536/16 1096/579/16 1097/438/16
f 1015/573/5 1013/683/5 1094/568/5 1096/684/5
f 1095/681/65 1014/9/66 1016/574/65 1097/680/65
f 1010/679/67 1009/676/67 1098/14/67 1099/678/67
f 1100/572/17 1011/685/17 1012/18/17 1101/686/17
f 1099/540/4 1098/558/4 1100/4/4 1101/507/4
f 1098/573/5 1009/683/5 1011/568/5 1100/684/5
f 1012/683/68 1010/568/68 1099/684/68 1101/573/68
f 1105/576/1 1103/569/1 1102/577/1 1104/578/1
f 1108/576/2 1106/569/2 1107/577/2 1109/578/2
f 1102/579/3 1103/171/3 1107/577/3 1106/580/3
f 1105/579/4 1104/171/4 1108/577/4 1109/580/4
f 1104/182/5 1102/171/5 1106/577/5 1108/578/5
f 1109/182/6 1107/171/6 1103/577/6 1105/578/6
f 1123/594/54 1127/595/54 1128/596/54 1124/597/54
f 1126/598/55 1130/597/55 1129/594/55 1125/599/55
f 1125/600/6 1129/601/6 1127/602/6 1123/603/6
f 1124/604/5 1128/605/5 1130/606/5 1126/607/5
f 1127/594/52 1131/595/52 1132/596/52 1128/597/52
f 1130/598/53 1134/597/53 1133/594/53 1129/599/53
f 1129/608/6 1133/609/6 1131/610/6 1127/611/6
f 1128/604/5 1132/605/5 1134/612/5 1130/613/5
f 1131/594/1 1135/595/1 1136/596/1 1132/597/1
f 1134/598/2 1138/597/2 1137/594/2 1133/599/2
f 1133/614/6 1137/615/6 1135/616/6 1131/617/6
f 1132/616/5 1136/617/5 1138/614/5 1134/615/5
f 1135/594/50 1139/595/50 1140/596/50 1136/597/50
f 1138/598/51 1142/597/51 1141/594/51 1137/599/51
f 1137/618/6 1141/619/6 1139/620/6 1135/621/6
f 1136/622/5 1140/623/5 1142/624/5 1138/625/5
f 1139/594/48 1143/595/48 1144/596/48 1140/597/48
f 1142/598/49 1146/597/49 1145/594/49 1141/599/49
f 1141/626/6 1145/627/6 1143/628/6 1139/629/6
f 1140/622/5 1144/623/5 1146/630/5 1142/631/5
f 1143/594/3 1147/595/3 1148/596/3 1144/597/3
f 1146/598/4 1150/597/4 1149/594/4 1145/599/4
f 1145/632/6 1149/633/6 1147/634/6 1143/635/6
f 1144/596/5 1148/597/5 1150/636/5 1146/637/5
f 1147/594/55 1151/595/55 1152/596/55 1148/597/55
f 1150/598/54 1154/597/54 1153/594/54 1149/599/54
f 1149/638/6 1153/639/6 1151/597/6 1147/640/6
f 1148/641/5 1152/597/5 1154/642/5 1150/643/5
f 1151/594/53 1155/595/53 1156/596/53 1152/597/53
f 1154/598/52 1158/597/52 1157/594/52 1153/599/52
f 1153/644/6 1157/645/6 1155/646/6 1151/647/6
f 1152/641/5 1156/597/5 1158/648/5 1154/649/5
f 1155/594/2 1159/595/2 1160/596/2 1156/597/2
f 1158/598/1 1162/597/1 1161/594/1 1157/599/1
f 1157/650/6 1161/651/6 1159/597/6 1155/652/6
f 1156/597/5 1160/652/5 1162/650/5 1158/651/5
f 1159/594/51 1163/595/51 1164/596/51 1160/597/51
f 1162/598/50 1166/597/50 1165/594/50 1161/599/50
f 1161/653/6 1165/654/6 1163/641/6 1159/655/6
f 1160/597/5 1164/647/5 1166/656/5 1162/657/5
f 1163/594/49 1167/595/49 1168/596/49 1164/597/49
f 1166/598/48 1170/597/48 1169/594/48 1165/599/48
f 1165/658/6 1169/659/6 1167/660/6 1163/597/6
f 1164/597/5 1168/647/5 1170/661/5 1166/662/5
f 1167/594/4 1123/595/4 1124/596/4 1168/597/4
f 1170/598/3 1126/597/3 1125/594/3 1169/599/3
f 1169/636/6 1125/637/6 1123/596/6 1167/597/6
f 1168/634/5 1124/635/5 1126/632/5 1170/633/5
f 1174/663/1 1172/664/1 1171/665/1 1173/666/1
f 1177/568/2 1175/4/2 1176/667/2 1178/668/2
f 1171/563/3 1172/669/3 1176/670/3 1175/671/3
f 1174/672/4 1173/673/4 1177/674/4 1178/675/4
f 1173/676/5 1171/194/5 1175/177/5 1177/677/5
f 1178/12/6 1176/677/6 1172/4/6 1174/568/6
f 1181/678/4 1179/679/4 1180/676/4 1182/14/4
f 1179/574/64 1106/680/64 1107/681/64 1180/9/64
f 1109/682/16 1108/536/16 1181/579/16 1182/438/16
f 1108/573/5 1106/683/5 1179/568/5 1181/684/5
f 1180/681/65 1107/9/66 1109/574/65 1182/680/65
f 1103/679/67 1102/676/67 1183/14/67 1184/678/67
f 1185/572/17 1104/685/17 1105/18/17 1186/686/17
f 1184/540/4 1183/558/4 1185/4/4 1186/507/4
f 1183/573/5 1102/683/5 1104/568/5 1185/684/5
f 1105/683/68 1103/568/68 1184/684/68 1186/573/68
f 1190/576/1 1188/569/1 1187/577/1 1189/578/1
f 1193/576/2 1191/569/2 1192/577/2 1194/578/2
f 1187/579/3 1188/171/3 1192/577/3 1191/580/3
f 1190/579/4 1189/171/4 1193/577/4 1194/580/4
f 1189/182/5 1187/171/5 1191/577/5 1193/578/5
f 1194/182/6 1192/171/6 1188/577/6 1190/578/6
f 1208/594/54 1212/595/54 1213/596/54 1209/597/54
f 1211/598/55 1215/597/55 1214/594/55 1210/599/55
f 1210/600/6 1214/601/6 1212/602/6 1208/603/6
f 1209/604/5 1213/605/5 1215/606/5 1211/607/5
f 1212/594/52 1216/595/52 1217/596/52 1213/597/52
f 1215/598/53 1219/597/53 1218/594/53 1214/599/53
f 1214/608/6 1218/609/6 1216/610/6 1212/611/6
f 1213/604/5 1217/605/5 1219/612/5 1215/613/5
f 1216/594/1 1220/595/1 1221/596/1 1217/597/1
f 1219/598/2 1223/597/2 1222/594/2 1218/599/2
f 1218/614/6 1222/615/6 1220/616/6 1216/617/6
f 1217/616/5 1221/617/5 1223/614/5 1219/615/5
f 1220/594/50 1224/595/50 1225/596/50 1221/597/50
f 1223/598/51 1227/597/51 1226/594/51 1222/599/51
f 1222/618/6 1226/619/6 1224/620/6 1220/621/6
f 1221/622/5 1225/623/5 1227/624/5 1223/625/5
f 1224/594/48 1228/595/48 1229/596/48 1225/597/48
f 1227/598/49 1231/597/49 1230/594/49 1226/599/49
f 1226/626/6 1230/627/6 1228/628/6 1224/629/6
f 1225/622/5 1229/623/5 1231/630/5 1227/631/5
f 1228/594/3 1232/595/3 1233/596/3 1229/597/3
f 1231/598/4 1235/597/4 1234/594/4 1230/599/4
f 1230/632/6 1234/633/6 1232/634/6 1228/635/6
f 1229/596/5 1233/597/5 1235/636/5 1231/637/5
f 1232/594/55 1236/595/55 1237/596/55 1233/597/55
f 1235/598/54 1239/597/54 1238/594/54 1234/599/54
f 1234/638/6 1238/639/6 1236/597/6 1232/640/6
f 1233/641/5 1237/597/5 1239/642/5 1235/643/5
f 1236/594/53 1240/595/53 1241/596/53 1237/597/53
f 1239/598/52 1243/597/52 1242/594/52 1238/599/52
f 1238/644/6 1242/645/6 1240/646/6 1236/647/6
f 1237/641/5 1241/597/5 1243/648/5 1239/649/5
f 1240/594/2 1244/595/2 1245/596/2 1241/597/2
f 1243/598/1 1247/597/1 1246/594/1 1242/599/1
f 1242/650/6 1246/651/6 1244/597/6 1240/652/6
f 1241/597/5 1245/652/5 1247/650/5 1243/651/5
f 1244/594/51 1248/595/51 1249/596/51 1245/597/51
f 1247/598/50 1251/597/50 1250/594/50 1246/599/50
f 1246/653/6 1250/654/6 1248/641/6 1244/655/6
f 1245/597/5 1249/647/5 1251/656/5 1247/657/5
f 1248/594/49 1252/595/49 1253/596/49 1249/597/49
f 1251/598/48 1255/597/48 1254/594/48 1250/599/48
f 1250/658/6 1254/659/6 1252/660/6 1248/597/6
f 1249/597/5 1253/647/5 1255/661/5 1251/662/5
f 1252/594/4 1208/595/4 1209/596/4 1253/597/4
f 1255/598/3 1211/597/3 1210/594/3 1254/599/3
f 1254/636/6 1210/637/6 1208/596/6 1252/597/6
f 1253/634/5 1209/635/5 1211/632/5 1255/633/5
f 1259/1/1 1257/2/1 1256/3/1 1258/4/1
f 1256/9/3 1257/10/3 1172/11/3 1171/12/3
f 1259/13/4 1258/14/4 1173/15/4 1174/16/4
f 1258/17/5 1256/18/5 1171/19/5 1173/20/5
f 1174/21/6 1172/22/6 1257/23/6 1259/24/6
f 1263/663/1 1261/664/1 1260/665/1 1262/666/1
f 1266/568/2 1264/4/2 1265/667/2 1267/668/2
f 1260/563/3 1261/669/3 1265/670/3 1264/671/3
f 1263/672/4 1262/673/4 1266/674/4 1267/675/4
f 1262/676/5 1260/194/5 1264/177/5 1266/677/5
f 1267/12/6 1265/677/6 1261/4/6 1263/568/6
f 1269/678/4 1183/679/4 1268/676/4 1270/14/4
f 1183/574/64 1191/680/64 1192/681/64 1268/9/64
f 1194/682/16 1193/536/16 1269/579/16 1270/438/16
f 1193/573/5 1191/683/5 1183/568/5 1269/684/5
f 1268/681/65 1192/9/66 1194/574/65 1270/680/65
f 1188/679/67 1187/676/67 1271/14/67 1272/678/67
f 1273/572/17 1189/685/17 1190/18/17 1274/686/17
f 1272/540/4 1271/558/4 1273/4/4 1274/507/4
f 1271/573/5 1187/683/5 1189/568/5 1273/684/5
f 1190/683/68 1188/568/68 1272/684/68 1274/573/68
f 1278/576/1 1276/569/1 1275/577/1 1277/578/1
f 1281/576/2 1279/569/2 1280/577/2 1282/578/2
f 1275/579/3 1276/171/3 1280/577/3 1279/580/3
f 1278/579/4 1277/171/4 1281/577/4 1282/580/4
f 1277/182/5 1275/171/5 1279/577/5 1281/578/5
f 1282/182/6 1280/171/6 1276/577/6 1278/578/6
f 1296/594/54 1300/595/54 1301/596/54 1297/597/54
f 1299/598/55 1303/597/55 1302/594/55 1298/599/55
f 1298/600/6 1302/601/6 1300/602/6 1296/603/6
f 1297/604/5 1301/605/5 1303/606/5 1299/607/5
f 1300/594/52 1304/595/52 1305/596/52 1301/597/52
f 1303/598/53 1307/597/53 1306/594/53 1302/599/53
f 1302/608/6 1306/609/6 1304/610/6 1300/611/6
f 1301/604/5 1305/605/5 1307/612/5 1303/613/5
f 1304/594/1 1308/595/1 1309/596/1 1305/597/1
f 1307/598/2 1311/597/2 1310/594/2 1306/599/2
f 1306/614/6 1310/615/6 1308/616/6 1304/617/6
f 1305/616/5 1309/617/5 1311/614/5 1307/615/5
f 1308/594/50 1312/595/50 1313/596/50 1309/597/50
f 1311/598/51 1315/597/51 1314/594/51 1310/599/51
f 1310/618/6 1314/619/6 1312/620/6 1308/621/6
f 1309/622/5 1313/623/5 1315/624/5 1311/625/5
f 1312/594/48 1316/595/48 1317/596/48 1313/597/48
f 1315/598/49 1319/597/49 1318/594/49 1314/599/49
f 1314/626/6 1318/627/6 1316/628/6 1312/629/6
f 1313/622/5 1317/623/5 1319/630/5 1315/631/5
f 1316/594/3 1320/595/3 1321/596/3 1317/597/3
f 1319/598/4 1323/597/4 1322/594/4 1318/599/4
f 1318/632/6 1322/633/6 1320/634/6 1316/635/6
f 1317/596/5 1321/597/5 1323/636/5 1319/637/5
f 1320/594/55 1324/595/55 1325/596/55 1321/597/55
f 1323/598/54 1327/597/54 1326/594/54 1322/599/54
f 1322/638/6 1326/639/6 1324/597/6 1320/640/6
f 1321/641/5 1325/597/5 1327/642/5 1323/643/5
f 1324/594/53 1328/595/53 1329/596/53 1325/597/53
f 1327/598/52 1331/597/52 1330/594/52 1326/599/52
f 1326/644/6 1330/645/6 1328/646/6 1324/647/6
f 1325/641/5 1329/597/5 1331/648/5 1327/649/5
f 1328/594/2 1332/595/2 1333/596/2 1329/597/2
f 1331/598/1 1335/597/1 1334/594/1 1330/599/1
f 1330/650/6 1334/651/6 1332/597/6 1328/652/6
f 1329/597/5 1333/652/5 1335/650/5 1331/651/5
f 1332/594/51 1336/595/51 1337/596/51 1333/597/51
f 1335/598/50 1339/597/50 1338/594/50 1334/599/50
f 1334/653/6 1338/654/6 1336/641/6 1332/655/6
f 1333/597/5 1337/647/5 1339/656/5 1335/657/5
f 1336/594/49 1340/595/49 1341/596/49 1337/597/49
f 1339/598/48 1343/597/48 1342/594/48 1338/599/48
f 1338/658/6 1342/659/6 1340/660/6 1336/597/6
f 1337/597/5 1341/647/5 1343/661/5 1339/662/5
f 1340/594/4 1296/595/4 1297/596/4 1341/597/4
f 1343/598/3 1299/597/3 1298/594/3 1342/599/3
f 1342/636/6 1298/637/6 1296/596/6 1340/597/6
f 1341/634/5 1297/635/5 1299/632/5 1343/633/5
f 1347/1/1 1345/2/1 1344/3/1 1346/4/1
f 1350/5/2 1348/6/2 1349/7/2 1351/8/2
f 1344/9/3 1345/10/3 1349/11/3 1348/12/3
f 1347/13/4 1346/14/4 1350/15/4 1351/16/4
f 1346/17/5 1344/18/5 1348/19/5 1350/20/5
f 1351/21/6 1349/22/6 1345/23/6 1347/24/6
f 1354/568/2 1352/4/2 1353/667/2 1355/668/2
f 6/563/3 7/669/3 1353/670/3 1352/671/3
f 9/672/4 8/673/4 1354/674/4 1355/675/4
f 8/676/5 6/194/5 1352/177/5 1354/677/5
f 1355/12/6 1353/677/6 7/4/6 9/568/6
f 1358/678/4 1356/679/4 1357/676/4 1359/14/4
f 1356/574/64 1279/680/64 1280/681/64 1357/9/64
f 1282/682/16 1281/536/16 1358/579/16 1359/438/16
f 1281/573/5 1279/683/5 1356/568/5 1358/684/5
f 1357/681/65 1280/9/66 1282/574/65 1359/680/65
f 1276/679/67 1275/676/67 1179/14/67 1360/678/67
f 1361/572/17 1277/685/17 1278/18/17 1362/686/17
f 1360/540/4 1179/558/4 1361/4/4 1362/507/4
f 1179/573/5 1275/683/5 1277/568/5 1361/684/5
f 1278/683/68 1276/568/68 1360/684/68 1362/573/68
f 1366/687/1 1364/688/1 1363/689/1 1365/690/1
f 1369/687/2 1367/688/2 1368/689/2 1370/690/2
f 1363/691/3 1364/692/3 1368/693/3 1367/688/3
f 1366/691/4 1365/692/4 1369/693/4 1370/688/4
f 1365/694/5 1363/375/5 1367/357/5 1369/695/5
f 1370/696/6 1368/691/6 1364/697/6 1366/698/6
f 1390/707/1 1388/708/1 1387/709/1 1389/710/1
f 1393/711/2 1391/712/2 1392/713/2 1394/714/2
f 1387/715/3 1388/716/3 1392/717/3 1391/718/3
f 1390/719/4 1389/720/4 1393/721/4 1394/722/4
f 1389/723/5 1387/720/5 1391/721/5 1393/724/5
f 1394/725/6 1392/715/6 1388/718/6 1390/726/6
usemtl m_b2af6bd8-ffc8-ff72-7f7b-7b18782af15d.010
f 345/195/1 343/65/1 342/196/1 344/197/1
f 348/198/2 346/157/2 347/199/2 349/200/2
f 342/201/3 343/202/3 347/203/3 346/204/3
f 345/205/4 344/206/4 348/207/4 349/208/4
f 344/209/5 342/210/5 346/199/5 348/200/5
f 349/195/6 347/65/6 343/211/6 345/212/6
f 353/213/1 351/65/1 350/214/1 352/215/1
f 356/216/2 354/217/2 355/199/2 357/218/2
f 350/219/3 351/220/3 355/221/3 354/222/3
f 353/223/4 352/224/4 356/225/4 357/226/4
f 352/227/5 350/228/5 354/196/5 356/229/5
f 357/230/6 355/157/6 351/231/6 353/232/6
f 361/213/1 359/65/1 358/214/1 360/215/1
f 364/216/2 362/217/2 363/199/2 365/218/2
f 358/219/3 359/220/3 363/221/3 362/222/3
f 361/223/4 360/224/4 364/225/4 365/226/4
f 360/227/5 358/228/5 362/196/5 364/229/5
f 365/230/6 363/157/6 359/231/6 361/232/6
f 367/233/1 366/228/1 343/199/1 345/200/1
f 349/195/2 347/65/2 368/231/2 369/234/2
f 343/205/3 366/235/3 368/236/3 347/208/3
f 367/210/4 345/202/4 349/203/4 369/199/4
f 369/195/6 368/65/6 366/211/6 367/212/6
f 373/227/1 371/228/1 370/196/1 372/229/1
f 353/230/2 351/157/2 374/231/2 375/232/2
f 370/237/3 371/238/3 374/239/3 351/240/3
f 373/241/4 372/242/4 353/243/4 375/196/4
f 372/244/5 370/241/5 351/196/5 353/229/5
f 375/230/6 374/157/6 371/245/6 373/246/6
f 379/227/1 377/228/1 376/196/1 378/229/1
f 361/230/2 359/157/2 380/231/2 381/232/2
f 376/237/3 377/238/3 380/239/3 359/240/3
f 379/241/4 378/242/4 361/243/4 381/196/4
f 378/244/5 376/241/5 359/196/5 361/229/5
f 381/230/6 380/157/6 377/245/6 379/246/6
f 366/223/1 383/228/1 382/196/1 384/226/1
f 385/247/2 376/157/2 377/231/2 386/248/2
f 382/201/3 383/235/3 377/238/3 376/237/3
f 366/210/4 384/206/4 385/242/4 386/241/4
f 384/205/5 382/210/5 376/241/5 385/249/5
f 386/250/6 377/245/6 383/211/6 366/251/6
f 388/223/1 380/228/1 359/196/1 387/226/1
f 390/247/2 363/157/2 389/231/2 368/248/2
f 359/252/3 380/253/3 389/235/3 363/201/3
f 388/254/4 387/255/4 390/206/4 368/210/4
f 387/256/5 359/254/5 363/210/5 390/205/5
f 368/251/6 389/211/6 380/257/6 388/258/6
f 393/223/1 358/228/1 391/196/1 392/226/1
f 395/247/2 394/157/2 362/231/2 396/248/2
f 391/252/3 358/253/3 362/235/3 394/201/3
f 393/254/4 392/255/4 395/206/4 396/210/4
f 392/256/5 391/254/5 394/210/5 395/205/5
f 396/251/6 362/211/6 358/257/6 393/258/6
f 399/223/1 398/228/1 397/196/1 342/226/1
f 402/247/2 400/157/2 401/231/2 403/248/2
f 397/201/3 398/235/3 401/238/3 400/237/3
f 399/210/4 342/206/4 402/242/4 403/241/4
f 342/205/5 397/210/5 400/241/5 402/249/5
f 403/250/6 401/245/6 398/211/6 399/251/6
f 405/230/1 382/157/1 398/199/1 404/218/1
f 406/213/2 401/65/2 376/196/2 378/229/2
f 398/205/3 382/206/3 376/242/3 401/249/3
f 405/201/4 404/202/4 406/259/4 378/237/4
f 404/260/5 398/210/5 401/241/5 406/244/5
f 378/246/6 376/245/6 382/211/6 405/261/6
f 410/230/1 408/157/1 407/199/1 409/218/1
f 412/213/2 411/65/2 370/196/2 372/229/2
f 407/205/3 408/206/3 370/242/3 411/249/3
f 410/201/4 409/202/4 412/259/4 372/237/4
f 409/260/5 407/210/5 411/241/5 412/244/5
f 372/246/6 370/245/6 408/211/6 410/261/6
f 416/234/1 414/231/1 413/199/1 415/200/1
f 419/195/2 417/65/2 418/228/2 420/233/2
f 413/247/3 414/157/3 418/262/3 417/263/3
f 416/264/4 415/57/4 419/133/4 420/265/4
f 415/198/5 413/157/5 417/262/5 419/134/5
f 420/266/6 418/267/6 414/268/6 416/269/6
f 424/270/1 422/231/1 421/199/1 423/271/1
f 425/272/2 419/65/2 420/228/2 426/273/2
f 421/274/3 422/275/3 420/262/3 419/263/3
f 424/276/4 423/94/4 425/133/4 426/265/4
f 423/277/5 421/275/5 419/262/5 425/278/5
f 426/279/6 420/267/6 422/214/6 424/280/6
f 446/208/1 444/271/1 443/273/1 445/223/1
f 449/208/2 447/271/2 448/273/2 450/223/2
f 443/208/19 444/236/19 448/285/19 447/223/19
f 446/208/20 445/236/20 449/285/20 450/223/20
f 445/208/21 443/271/21 447/273/21 449/223/21
f 450/208/22 448/271/22 444/273/22 446/223/22
f 454/270/23 452/35/23 451/34/23 453/272/23
f 457/270/24 455/35/24 456/34/24 458/272/24
f 451/208/25 452/236/25 456/285/25 455/223/25
f 454/208/26 453/236/26 457/285/26 458/223/26
f 453/270/27 451/35/27 455/34/27 457/272/27
f 458/270/28 456/35/28 452/34/28 454/272/28
f 462/270/29 460/35/29 459/34/29 461/272/29
f 465/270/30 463/35/30 464/34/30 466/272/30
f 459/208/25 460/236/25 464/285/25 463/223/25
f 462/208/26 461/236/26 465/285/26 466/223/26
f 461/270/27 459/35/27 463/34/27 465/272/27
f 466/270/28 464/35/28 460/34/28 462/272/28
f 470/208/1 468/271/1 467/273/1 469/223/1
f 473/208/2 471/271/2 472/273/2 474/223/2
f 467/208/19 468/236/19 472/285/19 471/223/19
f 470/208/20 469/236/20 473/285/20 474/223/20
f 469/208/21 467/271/21 471/273/21 473/223/21
f 474/208/22 472/271/22 468/273/22 470/223/22
f 486/290/1 484/291/1 483/292/1 485/293/1
f 489/294/2 487/295/2 488/296/2 490/297/2
f 483/298/3 484/130/3 488/35/3 487/232/3
f 486/299/4 485/155/4 489/50/4 490/234/4
f 485/290/5 483/291/5 487/300/5 489/301/5
f 490/301/6 488/300/6 484/296/6 486/297/6
f 494/302/1 492/130/1 491/57/1 493/303/1
f 497/304/2 495/305/2 496/34/2 498/306/2
f 491/298/3 492/130/3 496/35/3 495/232/3
f 494/299/4 493/155/4 497/50/4 498/234/4
f 493/302/5 491/130/5 495/35/5 497/307/5
f 498/307/6 496/35/6 492/34/6 494/306/6
f 502/199/1 500/203/1 499/34/1 501/65/1
f 505/199/2 503/203/2 504/34/2 506/65/2
f 499/248/3 500/35/3 504/34/3 503/139/3
f 502/248/4 501/35/4 505/34/4 506/139/4
f 501/308/5 499/130/5 503/35/5 505/231/5
f 506/231/6 504/35/6 500/34/6 502/65/6
f 510/309/1 508/310/1 507/311/1 509/312/1
f 513/313/2 511/314/2 512/315/2 514/316/2
f 507/317/3 508/318/3 512/319/3 511/320/3
f 510/321/4 509/322/4 513/213/4 514/323/4
f 509/324/5 507/325/5 511/278/5 513/326/5
f 514/327/6 512/313/6 508/328/6 510/329/6
f 518/228/1 516/330/1 515/331/1 517/332/1
f 520/275/2 519/333/2 503/50/2 505/231/2
f 515/334/3 516/308/3 503/231/3 519/335/3
f 518/336/4 517/337/4 520/338/4 505/339/4
f 517/308/5 515/155/5 519/50/5 520/231/5
f 505/231/6 503/50/6 516/45/6 518/65/6
f 524/340/1 522/341/1 521/45/1 523/65/1
f 527/199/2 525/207/2 526/342/2 528/343/2
f 521/344/3 522/345/3 526/346/3 525/347/3
f 524/348/4 523/130/4 527/305/4 528/349/4
f 523/308/5 521/155/5 525/350/5 527/351/5
f 528/157/6 526/49/6 522/45/6 524/65/6
f 523/228/1 521/330/1 529/331/1 530/332/1
f 533/275/2 531/333/2 532/50/2 534/231/2
f 529/334/3 521/308/3 532/231/3 531/335/3
f 523/336/4 530/337/4 533/338/4 534/339/4
f 530/308/5 529/155/5 531/50/5 533/231/5
f 534/231/6 532/50/6 521/45/6 523/65/6
f 536/308/1 486/130/1 485/57/1 535/157/1
f 537/351/2 497/305/2 498/34/2 538/65/2
f 485/352/3 486/353/3 498/34/3 497/213/3
f 536/354/4 535/355/4 537/45/4 538/195/4
f 535/257/5 485/353/5 497/34/5 537/65/5
f 538/257/6 498/353/6 486/34/6 536/65/6
f 542/308/1 540/155/1 539/49/1 541/157/1
f 545/351/2 543/350/2 544/45/2 546/65/2
f 539/322/3 540/356/3 544/357/3 543/358/3
f 542/359/4 541/360/4 545/255/4 546/361/4
f 541/362/5 539/360/5 543/255/5 545/254/5
f 546/362/6 544/360/6 540/255/6 542/254/6
f 550/275/1 548/333/1 547/49/1 549/157/1
f 553/275/2 551/333/2 552/49/2 554/157/2
f 547/107/3 548/342/3 552/242/3 551/363/3
f 550/107/4 549/342/4 553/242/4 554/363/4
f 549/343/5 547/342/5 551/242/5 553/241/5
f 554/343/6 552/342/6 548/242/6 550/241/6
f 558/308/7 556/155/7 555/49/7 557/157/7
f 561/351/8 559/350/8 560/45/8 562/65/8
f 555/322/9 556/356/9 560/357/9 559/358/9
f 558/359/10 557/360/10 561/255/10 562/361/10
f 557/362/5 555/360/5 559/255/5 561/254/5
f 562/362/6 560/360/6 556/255/6 558/254/6
f 566/308/9 564/155/9 563/49/9 565/157/9
f 569/351/10 567/350/10 568/45/10 570/65/10
f 563/364/8 564/365/8 568/357/8 567/358/8
f 566/366/7 565/367/7 569/255/7 570/361/7
f 565/368/5 563/367/5 567/255/5 569/254/5
f 570/368/6 568/367/6 564/255/6 566/254/6
f 574/299/1 572/130/1 571/34/1 573/195/1
f 577/299/2 575/130/2 576/34/2 578/195/2
f 571/369/3 572/370/3 576/34/3 575/195/3
f 574/369/4 573/370/4 577/34/4 578/195/4
f 573/369/5 571/370/5 575/34/5 577/195/5
f 578/371/6 576/372/6 572/123/6 574/373/6
f 582/374/1 580/375/1 579/34/1 581/45/1
f 585/374/2 583/375/2 584/34/2 586/45/2
f 579/376/3 580/130/3 584/35/3 583/270/3
f 582/376/4 581/130/4 585/35/4 586/270/4
f 581/155/5 579/130/5 583/35/5 585/50/5
f 586/50/6 584/35/6 580/34/6 582/45/6
f 590/374/1 588/375/1 587/34/1 589/45/1
f 593/374/2 591/375/2 592/34/2 594/45/2
f 587/376/3 588/130/3 592/35/3 591/270/3
f 590/376/4 589/130/4 593/35/4 594/270/4
f 589/155/5 587/130/5 591/35/5 593/50/5
f 594/50/6 592/35/6 588/34/6 590/45/6
f 598/377/1 596/155/1 595/350/1 597/378/1
f 601/379/2 599/49/2 600/45/2 602/380/2
f 595/155/3 596/130/3 600/35/3 599/50/3
f 598/299/4 597/298/4 601/232/4 602/234/4
f 597/377/5 595/155/5 599/50/5 601/381/5
f 602/381/6 600/50/6 596/45/6 598/380/6
f 598/308/1 597/351/1 603/70/1
f 601/157/2 602/65/2 604/230/2
f 603/298/31 597/308/31 601/231/31 604/232/31
f 604/232/6 602/231/6 598/65/6 603/213/6
f 607/374/1 606/375/1 605/34/1 596/45/1
f 600/374/2 608/375/2 609/34/2 610/45/2
f 605/376/3 606/130/3 609/35/3 608/270/3
f 607/376/4 596/130/4 600/35/4 610/270/4
f 596/155/5 605/130/5 608/35/5 600/50/5
f 610/50/6 609/35/6 606/34/6 607/45/6
f 605/94/32 595/333/33 596/374/34
f 608/57/35 600/45/36 599/49/37
f 595/155/33 605/130/32 608/35/35 599/50/37
f 579/94/32 611/333/33 581/374/34
f 583/57/35 585/45/36 612/49/37
f 581/376/38 611/334/39 612/335/40 585/270/41
f 611/155/33 579/130/32 583/35/35 612/50/37
f 614/374/1 613/375/1 598/34/1 603/45/1
f 604/374/2 602/375/2 615/34/2 616/45/2
f 598/376/3 613/130/3 615/35/3 602/270/3
f 614/376/4 603/130/4 604/35/4 616/270/4
f 616/50/6 615/35/6 613/34/6 614/45/6
f 587/377/1 581/155/1 611/350/1 617/378/1
f 618/379/2 612/49/2 585/45/2 591/380/2
f 587/299/4 617/298/4 618/232/4 591/234/4
f 617/377/5 611/155/5 612/50/5 618/381/5
f 591/381/6 585/50/6 581/45/6 587/380/6
f 587/308/1 617/351/1 589/70/1
f 618/157/2 591/65/2 593/230/2
f 589/298/31 617/308/31 618/231/31 593/232/31
f 622/362/42 620/356/42 619/57/42 621/157/42
f 625/214/43 623/382/43 624/34/43 626/65/43
f 619/383/44 620/130/44 624/35/44 623/384/44
f 622/385/45 621/155/45 625/50/45 626/386/45
f 621/308/5 619/130/5 623/35/5 625/231/5
f 626/231/6 624/35/6 620/34/6 622/65/6
f 626/362/46 624/356/46 627/57/46 628/157/46
f 631/214/47 629/382/47 630/34/47 632/65/47
f 627/383/44 624/130/44 630/35/44 629/384/44
f 626/385/45 628/155/45 631/50/45 632/386/45
f 628/308/5 627/130/5 629/35/5 631/231/5
f 632/231/6 630/35/6 624/34/6 626/65/6
f 1374/347/1 1372/305/1 1371/130/1 1373/344/1
f 1377/139/2 1375/34/2 1376/57/2 1378/247/2
f 1371/195/3 1372/213/3 1376/298/3 1375/299/3
f 1374/45/4 1373/34/4 1377/130/4 1378/155/4
f 1373/139/5 1371/34/5 1375/130/5 1377/344/5
f 1378/139/6 1376/34/6 1372/130/6 1374/344/6
f 1382/361/1 1380/357/1 1379/34/1 1381/195/1
f 1385/699/2 1383/700/2 1384/701/2 1386/702/2
f 1379/703/3 1380/704/3 1384/705/3 1383/323/3
f 1382/706/4 1381/130/4 1385/34/4 1386/33/4
f 1381/299/5 1379/130/5 1383/34/5 1385/195/5
f 1386/299/6 1384/130/6 1380/34/6 1382/195/6
usemtl m_409504fd-f58c-4195-329e-2b61b82ac830.010
f 655/425/6 656/426/6 653/427/6
f 656/426/6 657/428/6 653/427/6
f 657/428/6 658/429/6 653/427/6
f 658/429/6 659/430/6 653/427/6
f 659/430/6 660/431/6 653/427/6
f 660/431/6 661/432/6 653/427/6
f 661/432/6 662/433/6 653/427/6
f 662/433/6 663/434/6 653/427/6
f 663/434/6 664/435/6 653/427/6
f 664/435/6 665/436/6 653/427/6
f 665/436/6 654/437/6 653/427/6
f 654/437/6 655/425/6 653/427/6
f 740/425/6 741/426/6 738/427/6
f 741/426/6 742/428/6 738/427/6
f 742/428/6 743/429/6 738/427/6
f 743/429/6 744/430/6 738/427/6
f 744/430/6 745/431/6 738/427/6
f 745/431/6 746/432/6 738/427/6
f 746/432/6 747/433/6 738/427/6
f 747/433/6 748/434/6 738/427/6
f 748/434/6 749/435/6 738/427/6
f 749/435/6 750/436/6 738/427/6
f 750/436/6 739/437/6 738/427/6
f 739/437/6 740/425/6 738/427/6
f 833/581/6 831/582/6 834/583/6
f 834/583/6 831/582/6 835/584/6
f 835/584/6 831/582/6 836/585/6
f 836/585/6 831/582/6 837/586/6
f 837/586/6 831/582/6 838/587/6
f 838/587/6 831/582/6 839/588/6
f 839/588/6 831/582/6 840/589/6
f 840/589/6 831/582/6 841/590/6
f 841/590/6 831/582/6 842/591/6
f 842/591/6 831/582/6 843/592/6
f 843/592/6 831/582/6 832/593/6
f 832/593/6 831/582/6 833/581/6
f 926/581/6 924/582/6 927/583/6
f 927/583/6 924/582/6 928/584/6
f 928/584/6 924/582/6 929/585/6
f 929/585/6 924/582/6 930/586/6
f 930/586/6 924/582/6 931/587/6
f 931/587/6 924/582/6 932/588/6
f 932/588/6 924/582/6 933/589/6
f 933/589/6 924/582/6 934/590/6
f 934/590/6 924/582/6 935/591/6
f 935/591/6 924/582/6 936/592/6
f 936/592/6 924/582/6 925/593/6
f 925/593/6 924/582/6 926/581/6
f 1019/581/6 1017/582/6 1020/583/6
f 1020/583/6 1017/582/6 1021/584/6
f 1021/584/6 1017/582/6 1022/585/6
f 1022/585/6 1017/582/6 1023/586/6
f 1023/586/6 1017/582/6 1024/587/6
f 1024/587/6 1017/582/6 1025/588/6
f 1025/588/6 1017/582/6 1026/589/6
f 1026/589/6 1017/582/6 1027/590/6
f 1027/590/6 1017/582/6 1028/591/6
f 1028/591/6 1017/582/6 1029/592/6
f 1029/592/6 1017/582/6 1018/593/6
f 1018/593/6 1017/582/6 1019/581/6
f 1112/581/6 1110/582/6 1113/583/6
f 1113/583/6 1110/582/6 1114/584/6
f 1114/584/6 1110/582/6 1115/585/6
f 1115/585/6 1110/582/6 1116/586/6
f 1116/586/6 1110/582/6 1117/587/6
f 1117/587/6 1110/582/6 1118/588/6
f 1118/588/6 1110/582/6 1119/589/6
f 1119/589/6 1110/582/6 1120/590/6
f 1120/590/6 1110/582/6 1121/591/6
f 1121/591/6 1110/582/6 1122/592/6
f 1122/592/6 1110/582/6 1111/593/6
f 1111/593/6 1110/582/6 1112/581/6
f 1197/581/6 1195/582/6 1198/583/6
f 1198/583/6 1195/582/6 1199/584/6
f 1199/584/6 1195/582/6 1200/585/6
f 1200/585/6 1195/582/6 1201/586/6
f 1201/586/6 1195/582/6 1202/587/6
f 1202/587/6 1195/582/6 1203/588/6
f 1203/588/6 1195/582/6 1204/589/6
f 1204/589/6 1195/582/6 1205/590/6
f 1205/590/6 1195/582/6 1206/591/6
f 1206/591/6 1195/582/6 1207/592/6
f 1207/592/6 1195/582/6 1196/593/6
f 1196/593/6 1195/582/6 1197/581/6
f 1285/581/6 1283/582/6 1286/583/6
f 1286/583/6 1283/582/6 1287/584/6
f 1287/584/6 1283/582/6 1288/585/6
f 1288/585/6 1283/582/6 1289/586/6
f 1289/586/6 1283/582/6 1290/587/6
f 1290/587/6 1283/582/6 1291/588/6
f 1291/588/6 1283/582/6 1292/589/6
f 1292/589/6 1283/582/6 1293/590/6
f 1293/590/6 1283/582/6 1294/591/6
f 1294/591/6 1283/582/6 1295/592/6
f 1295/592/6 1283/582/6 1284/593/6
f 1284/593/6 1283/582/6 1285/581/6
