# Blender 5.2.0 LTS
# www.blender.org
mtllib ks_hp_vr_1000_left.mtl
o cube
v 1.218750 3.125000 0.125000
v 1.218750 3.125000 -0.125000
v 1.218750 2.125000 0.125000
v 1.218750 2.125000 -0.125000
v 0.968750 3.125000 0.125000
v 0.968750 3.125000 -0.125000
v 0.968750 2.125000 0.125000
v 0.968750 2.125000 -0.125000
v 1.218750 3.687500 0.125000
v 1.218750 3.687500 -0.125000
v 0.968750 3.687500 0.125000
v 0.968750 3.687500 -0.125000
v 1.218750 1.125000 0.125000
v 1.218750 1.125000 -0.125000
v 0.968750 1.125000 0.125000
v 0.968750 1.125000 -0.125000
v 1.218750 0.312500 0.125000
v 1.218750 0.312500 -0.125000
v 0.968750 0.312500 0.125000
v 0.968750 0.312500 -0.125000
v 0.968750 1.375000 -0.062500
v 0.968750 1.375000 -0.125000
v 0.968750 1.312500 -0.062500
v 0.968750 1.312500 -0.125000
v 0.781250 1.375000 -0.062500
v 0.781250 1.375000 -0.125000
v 0.781250 1.312500 -0.062500
v 0.781250 1.312500 -0.125000
v 0.843750 1.375000 0.062500
v 0.843750 1.375000 -0.062500
v 0.843750 1.312500 0.062500
v 0.843750 1.312500 -0.062500
v 0.781250 1.375000 0.062500
v 0.781250 1.312500 0.062500
v 0.968750 1.375000 0.125000
v 0.968750 1.375000 0.062500
v 0.968750 1.312500 0.125000
v 0.968750 1.312500 0.062500
v 0.781250 1.375000 0.125000
v 0.781250 1.312500 0.125000
v 0.968750 1.000000 -0.062500
v 0.968750 1.000000 -0.125000
v 0.968750 0.937500 -0.062500
v 0.968750 0.937500 -0.125000
v 0.781250 1.000000 -0.062500
v 0.781250 1.000000 -0.125000
v 0.781250 0.937500 -0.062500
v 0.781250 0.937500 -0.125000
v 0.843750 1.000000 0.062500
v 0.843750 1.000000 -0.062500
v 0.843750 0.937500 0.062500
v 0.843750 0.937500 -0.062500
v 0.781250 1.000000 0.062500
v 0.781250 0.937500 0.062500
v 0.968750 1.000000 0.125000
v 0.968750 1.000000 0.062500
v 0.968750 0.937500 0.125000
v 0.968750 0.937500 0.062500
v 0.781250 1.000000 0.125000
v 0.781250 0.937500 0.125000
v 0.843750 0.625000 0.062500
v 0.843750 0.625000 -0.062500
v 0.843750 0.562500 0.062500
v 0.843750 0.562500 -0.062500
v 0.781250 0.625000 0.062500
v 0.781250 0.625000 -0.062500
v 0.781250 0.562500 0.062500
v 0.781250 0.562500 -0.062500
v 0.968750 0.625000 0.125000
v 0.968750 0.625000 0.062500
v 0.968750 0.562500 0.125000
v 0.968750 0.562500 0.062500
v 0.781250 0.625000 0.125000
v 0.781250 0.562500 0.125000
v 0.968750 0.625000 -0.062500
v 0.968750 0.625000 -0.125000
v 0.968750 0.562500 -0.062500
v 0.968750 0.562500 -0.125000
v 0.781250 0.625000 -0.125000
v 0.781250 0.562500 -0.125000
v 0.062500 5.000000 -0.156250
v 0.062500 5.000000 -0.218750
v 0.062500 3.875000 -0.156250
v 0.062500 3.875000 -0.218750
v -0.062500 5.000000 -0.156250
v -0.062500 5.000000 -0.218750
v -0.062500 3.875000 -0.156250
v -0.062500 3.875000 -0.218750
v 0.062500 5.000000 0.218750
v 0.062500 5.000000 0.093750
v 0.062500 3.875000 0.218750
v 0.062500 3.875000 0.093750
v -0.062500 5.000000 0.218750
v -0.062500 5.000000 0.093750
v -0.062500 3.875000 0.218750
v -0.062500 3.875000 0.093750
v 0.062500 4.937500 0.093750
v 0.062500 4.937500 -0.156250
v -0.062500 4.937500 0.093750
v -0.062500 4.937500 -0.156250
v 0.062500 4.562500 0.093750
v 0.062500 4.562500 -0.156250
v 0.062500 4.500000 0.093750
v 0.062500 4.500000 -0.156250
v -0.062500 4.562500 0.093750
v -0.062500 4.562500 -0.156250
v -0.062500 4.500000 0.093750
v -0.062500 4.500000 -0.156250
v 0.062500 4.125000 0.093750
v 0.062500 4.125000 -0.156250
v 0.062500 3.937500 0.093750
v 0.062500 3.937500 -0.156250
v -0.062500 4.125000 0.093750
v -0.062500 4.125000 -0.156250
v -0.062500 3.937500 0.093750
v -0.062500 3.937500 -0.156250
v 1.156250 3.250000 0.187500
v 1.156250 3.250000 0.125000
v 1.156250 3.187500 0.187500
v 1.156250 3.187500 0.125000
v 0.781250 3.250000 0.187500
v 0.781250 3.250000 0.125000
v 0.781250 3.187500 0.187500
v 0.781250 3.187500 0.125000
v 1.406250 2.750000 0.187500
v 1.406250 2.750000 0.125000
v 1.406250 2.687500 0.187500
v 1.406250 2.687500 0.125000
v 1.031250 2.750000 0.187500
v 1.031250 2.750000 0.125000
v 1.031250 2.687500 0.187500
v 1.031250 2.687500 0.125000
v 1.156250 2.250000 0.187500
v 1.156250 2.250000 0.125000
v 1.156250 2.187500 0.187500
v 1.156250 2.187500 0.125000
v 0.781250 2.250000 0.187500
v 0.781250 2.250000 0.125000
v 0.781250 2.187500 0.187500
v 0.781250 2.187500 0.125000
v 1.406250 1.750000 0.187500
v 1.406250 1.750000 0.125000
v 1.406250 1.687500 0.187500
v 1.406250 1.687500 0.125000
v 1.031250 1.750000 0.187500
v 1.031250 1.750000 0.125000
v 1.031250 1.687500 0.187500
v 1.031250 1.687500 0.125000
v 1.468750 0.250000 0.375000
v 1.468750 0.250000 -0.375000
v 1.468750 -0.187500 0.375000
v 1.468750 -0.187500 -0.375000
v 0.718750 0.250000 0.375000
v 0.718750 0.250000 -0.375000
v 0.718750 -0.187500 0.375000
v 0.718750 -0.187500 -0.375000
v 1.406250 0.312500 0.250000
v 1.406250 0.312500 -0.250000
v 1.406250 0.250000 0.250000
v 1.406250 0.250000 -0.250000
v 0.781250 0.312500 0.250000
v 0.781250 0.312500 -0.250000
v 0.781250 0.250000 0.250000
v 0.781250 0.250000 -0.250000
v 1.358915 0.286612 -0.037500
v 1.358915 0.286612 -0.118750
v 1.270527 0.198223 -0.037500
v 1.270527 0.198223 -0.118750
v 1.137944 0.507583 -0.037500
v 1.137944 0.507583 -0.118750
v 1.049556 0.419194 -0.037500
v 1.049556 0.419194 -0.118750
v 1.057138 0.515165 -0.037500
v 1.057138 0.515165 -0.118750
v 1.145527 0.426777 -0.037500
v 1.145527 0.426777 -0.118750
v 0.836167 0.294194 -0.037500
v 0.836167 0.294194 -0.118750
v 0.924556 0.205806 -0.037500
v 0.924556 0.205806 -0.118750
v 1.057138 0.515165 0.118750
v 1.057138 0.515165 0.037500
v 1.145527 0.426777 0.118750
v 1.145527 0.426777 0.037500
v 0.836167 0.294194 0.118750
v 0.836167 0.294194 0.037500
v 0.924556 0.205806 0.118750
v 0.924556 0.205806 0.037500
v 1.358915 0.286612 0.118750
v 1.358915 0.286612 0.037500
v 1.270527 0.198223 0.118750
v 1.270527 0.198223 0.037500
v 1.137944 0.507583 0.118750
v 1.137944 0.507583 0.037500
v 1.049556 0.419194 0.118750
v 1.049556 0.419194 0.037500
v 1.406250 1.312500 0.500000
v 1.406250 1.312500 0.125000
v 1.406250 0.500000 0.500000
v 1.406250 0.500000 0.125000
v 0.781250 1.312500 0.500000
v 0.781250 0.500000 0.500000
v 0.781250 0.500000 0.125000
v 1.125000 3.640165 0.118750
v 1.125000 3.640165 0.068750
v 0.992417 3.507582 0.118750
v 0.992417 3.507582 0.068750
v 0.904029 3.861136 0.118750
v 0.904029 3.861136 0.068750
v 0.771447 3.728553 0.118750
v 0.771447 3.728553 0.068750
v 1.125000 3.640165 -0.068750
v 1.125000 3.640165 -0.118750
v 0.992417 3.507582 -0.068750
v 0.992417 3.507582 -0.118750
v 0.904029 3.861136 -0.068750
v 0.904029 3.861136 -0.118750
v 0.771447 3.728553 -0.068750
v 0.771447 3.728553 -0.118750
v 0.937500 3.875000 0.250000
v 0.937500 3.875000 -0.250000
v 0.937500 3.812500 0.250000
v 0.937500 3.812500 -0.250000
v -0.187500 3.875000 0.250000
v -0.187500 3.875000 -0.250000
v -0.187500 3.812500 0.250000
v -0.187500 3.812500 -0.250000
v 1.218750 3.812500 0.187500
v 1.218750 3.812500 -0.187500
v 1.218750 3.687500 0.187500
v 1.218750 3.687500 -0.187500
v 0.375000 3.812500 0.187500
v 0.375000 3.812500 -0.187500
v 0.375000 3.687500 0.187500
v 0.375000 3.687500 -0.187500
v -0.187500 3.812500 0.187500
v -0.187500 3.812500 -0.187500
v -0.187500 3.687500 0.187500
v -0.187500 3.687500 -0.187500
v 1.218750 3.875000 0.187500
v 1.218750 3.875000 -0.187500
v 0.937500 3.875000 0.187500
v 0.937500 3.875000 -0.187500
v 0.937500 3.812500 0.187500
v 0.937500 3.812500 -0.187500
v 0.375000 3.812500 -0.250000
v 0.437500 3.812500 -0.187500
v 0.437500 3.812500 -0.250000
v 0.437500 3.687500 -0.187500
v 0.125000 3.812500 -0.187500
v 0.125000 3.812500 -0.250000
v 0.125000 3.687500 -0.187500
v 0.187500 3.812500 -0.187500
v 0.187500 3.812500 -0.250000
v 0.187500 3.687500 -0.187500
v -0.125000 3.812500 -0.187500
v -0.125000 3.812500 -0.250000
v -0.125000 3.687500 -0.187500
v -0.062500 3.812500 -0.187500
v -0.062500 3.812500 -0.250000
v -0.062500 3.687500 -0.187500
v 0.625000 3.812500 -0.187500
v 0.625000 3.812500 -0.250000
v 0.625000 3.687500 -0.187500
v 0.687500 3.812500 -0.187500
v 0.687500 3.812500 -0.250000
v 0.687500 3.687500 -0.187500
v 0.875000 3.812500 -0.187500
v 0.875000 3.812500 -0.250000
v 0.875000 3.687500 -0.187500
v 0.937500 3.687500 -0.187500
v 0.437500 3.812500 0.187500
v 0.437500 3.812500 0.250000
v 0.437500 3.687500 0.187500
v 0.500000 3.812500 0.187500
v 0.500000 3.812500 0.250000
v 0.500000 3.687500 0.187500
v 0.625000 3.812500 0.187500
v 0.625000 3.812500 0.250000
v 0.625000 3.687500 0.187500
v 0.687500 3.812500 0.187500
v 0.687500 3.812500 0.250000
v 0.687500 3.687500 0.187500
v 0.812500 3.812500 0.187500
v 0.812500 3.812500 0.250000
v 0.812500 3.687500 0.187500
v 0.875000 3.812500 0.187500
v 0.875000 3.812500 0.250000
v 0.875000 3.687500 0.187500
v 0.250000 3.687500 0.062500
v 0.250000 3.687500 -0.062500
v 0.250000 3.437500 0.062500
v 0.250000 3.437500 -0.062500
v 0.187500 3.687500 0.062500
v 0.187500 3.687500 -0.062500
v 0.187500 3.437500 0.062500
v 0.187500 3.437500 -0.062500
v -0.062500 3.687500 0.031250
v -0.062500 3.687500 -0.031250
v -0.062500 3.568750 0.031250
v -0.062500 3.568750 -0.031250
v -0.109375 3.687500 0.031250
v -0.109375 3.687500 -0.031250
v -0.109375 3.568750 0.031250
v -0.109375 3.568750 -0.031250
v 0.218750 3.490625 0.031250
v 0.218750 3.490625 -0.031250
v 0.218750 3.443750 0.031250
v 0.218750 3.443750 -0.031250
v 0.015625 3.490625 0.031250
v 0.015625 3.490625 -0.031250
v 0.015625 3.443750 0.031250
v 0.015625 3.443750 -0.031250
v 0.390625 3.553125 0.031250
v 0.390625 3.553125 -0.031250
v 0.390625 3.506250 0.031250
v 0.390625 3.506250 -0.031250
v 0.968750 3.615625 0.031250
v 0.968750 3.615625 -0.031250
v 0.968750 3.568750 0.031250
v 0.968750 3.568750 -0.031250
v 0.406250 3.553125 0.031250
v 0.406250 3.553125 -0.031250
v 0.406250 3.506250 0.031250
v 0.406250 3.506250 -0.031250
v 0.000000 4.000000 -0.162500
v 0.000000 4.000000 -0.212500
v 0.062500 3.875000 -0.162500
v 0.062500 3.875000 -0.212500
v 0.062500 4.000000 -0.162500
v 0.062500 4.000000 -0.212500
v 0.125000 3.875000 -0.162500
v 0.125000 3.875000 -0.212500
v -0.062500 4.000000 -0.162500
v -0.062500 4.000000 -0.212500
v -0.125000 3.875000 -0.162500
v -0.125000 3.875000 -0.212500
v -0.062500 3.875000 -0.162500
v -0.062500 3.875000 -0.212500
v -0.062500 4.000000 0.212500
v -0.062500 4.000000 0.100000
v -0.125000 3.875000 0.212500
v -0.125000 3.875000 0.100000
v -0.062500 3.875000 0.212500
v -0.062500 3.875000 0.100000
v 0.000000 4.000000 0.212500
v 0.000000 4.000000 0.100000
v 0.062500 3.875000 0.212500
v 0.062500 3.875000 0.100000
v 0.062500 4.000000 0.212500
v 0.062500 4.000000 0.100000
v 0.125000 3.875000 0.212500
v 0.125000 3.875000 0.100000
v 1.256250 3.937500 0.306250
v 1.256250 3.937500 -0.693750
v 1.256250 3.875000 0.306250
v 1.256250 3.875000 -0.693750
v 0.381250 3.937500 0.306250
v 0.381250 3.937500 -0.693750
v 0.381250 3.875000 0.306250
v 0.381250 3.875000 -0.693750
v 0.412500 4.437500 -0.225000
v 0.412500 4.437500 -0.725000
v 0.412500 4.406250 -0.225000
v 0.412500 4.406250 -0.725000
v 0.381250 4.437500 -0.225000
v 0.381250 4.437500 -0.725000
v 0.381250 4.406250 -0.225000
v 0.381250 4.406250 -0.725000
v 0.412500 4.875000 -0.225000
v 0.412500 4.875000 -0.725000
v 0.412500 4.843750 -0.225000
v 0.412500 4.843750 -0.725000
v 0.381250 4.875000 -0.225000
v 0.381250 4.875000 -0.725000
v 0.381250 4.843750 -0.225000
v 0.381250 4.843750 -0.725000
v 1.256250 3.937500 -0.756250
v 1.256250 3.875000 -0.756250
v 0.381250 3.937500 -0.756250
v 0.381250 3.875000 -0.756250
v 1.225000 4.437500 -0.725000
v 1.225000 4.437500 -0.756250
v 1.225000 4.406250 -0.725000
v 1.225000 4.406250 -0.756250
v 0.412500 4.437500 -0.756250
v 0.412500 4.406250 -0.756250
v 1.225000 4.875000 -0.725000
v 1.225000 4.875000 -0.756250
v 1.225000 4.843750 -0.725000
v 1.225000 4.843750 -0.756250
v 0.412500 4.875000 -0.756250
v 0.412500 4.843750 -0.756250
v 0.787500 4.437500 0.306250
v 0.787500 4.437500 0.275000
v 0.787500 4.406250 0.306250
v 0.787500 4.406250 0.275000
v 0.412500 4.437500 0.306250
v 0.412500 4.437500 0.275000
v 0.412500 4.406250 0.306250
v 0.412500 4.406250 0.275000
v 0.787500 4.875000 0.306250
v 0.787500 4.875000 0.275000
v 0.787500 4.843750 0.306250
v 0.787500 4.843750 0.275000
v 0.412500 4.875000 0.306250
v 0.412500 4.875000 0.275000
v 0.412500 4.843750 0.306250
v 0.412500 4.843750 0.275000
v 1.256250 4.875000 -0.725000
v 1.256250 4.875000 -0.756250
v 1.256250 3.937500 -0.725000
v 1.225000 3.937500 -0.725000
v 1.225000 3.937500 -0.756250
v 0.412500 3.937500 -0.725000
v 0.412500 3.937500 -0.756250
v 0.381250 4.875000 -0.756250
v 0.381250 3.937500 -0.725000
v 0.412500 4.875000 -0.193750
v 0.412500 3.937500 -0.193750
v 0.412500 3.937500 -0.225000
v 0.381250 4.875000 -0.193750
v 0.381250 3.937500 -0.193750
v 0.381250 3.937500 -0.225000
v 1.256250 4.875000 0.306250
v 1.256250 4.875000 0.275000
v 1.256250 3.937500 0.275000
v 1.225000 4.875000 0.306250
v 1.225000 4.875000 0.275000
v 1.225000 3.937500 0.306250
v 1.225000 3.937500 0.275000
v 0.412500 3.937500 0.306250
v 0.412500 3.937500 0.275000
v 0.381250 4.875000 0.306250
v 0.381250 4.875000 0.275000
v 0.381250 3.937500 0.275000
v 0.818750 4.875000 0.306250
v 0.818750 4.875000 0.275000
v 0.818750 3.937500 0.306250
v 0.818750 3.937500 0.275000
v 0.787500 3.937500 0.306250
v 0.787500 3.937500 0.275000
v 1.256250 4.843750 0.275000
v 1.256250 4.843750 -0.725000
v 1.225000 4.843750 0.275000
v 1.256250 4.437500 0.275000
v 1.256250 4.437500 -0.725000
v 1.256250 4.406250 0.275000
v 1.256250 4.406250 -0.725000
v 1.225000 4.437500 0.275000
v 1.225000 4.406250 0.275000
v 1.162500 3.875000 -0.193750
v 1.162500 3.875000 -0.693750
v 1.162500 3.812500 -0.193750
v 1.162500 3.812500 -0.693750
v 0.975000 3.875000 -0.193750
v 0.975000 3.875000 -0.693750
v 0.975000 3.812500 -0.193750
v 0.975000 3.812500 -0.693750
v 1.037500 3.812500 -0.193750
v 1.037500 3.812500 -0.693750
v 1.037500 3.687500 -0.193750
v 1.037500 3.687500 -0.693750
v 0.975000 3.687500 -0.193750
v 0.975000 3.687500 -0.693750
v 0.250000 5.875000 0.671875
v 0.250000 5.875000 0.640625
v 0.250000 5.000000 0.671875
v 0.250000 5.000000 0.640625
v 0.218750 5.875000 0.671875
v 0.218750 5.875000 0.640625
v 0.218750 5.000000 0.671875
v 0.218750 5.000000 0.640625
v -0.218750 5.875000 0.671875
v -0.218750 5.875000 0.640625
v -0.218750 5.000000 0.671875
v -0.218750 5.000000 0.640625
v -0.250000 5.875000 0.671875
v -0.250000 5.875000 0.640625
v -0.250000 5.000000 0.671875
v -0.250000 5.000000 0.640625
v 0.368750 5.884903 0.300697
v 0.368750 5.879477 0.269922
v 0.368750 5.084747 0.441786
v 0.368750 5.079321 0.411011
v 0.337500 5.884903 0.300697
v 0.337500 5.879477 0.269922
v 0.337500 5.084747 0.441786
v 0.337500 5.079321 0.411011
v 0.368750 5.090997 0.441786
v 0.368750 5.080144 0.411486
v 0.243750 4.961646 0.463492
v 0.243750 4.950793 0.433191
v 0.337500 5.090997 0.441786
v 0.337500 5.080144 0.411486
v 0.212500 4.961646 0.463492
v 0.212500 4.950793 0.433191
v -0.350000 5.090997 0.441786
v -0.350000 5.080144 0.411486
v -0.225000 4.961646 0.463492
v -0.225000 4.950793 0.433191
v -0.381250 5.090997 0.441786
v -0.381250 5.080144 0.411486
v -0.256250 4.961646 0.463492
v -0.256250 4.950793 0.433191
v -0.350000 5.884903 0.300697
v -0.350000 5.879477 0.269922
v -0.350000 5.084747 0.441786
v -0.350000 5.079321 0.411011
v -0.381250 5.884903 0.300697
v -0.381250 5.879477 0.269922
v -0.381250 5.084747 0.441786
v -0.381250 5.079321 0.411011
v 0.312500 5.906250 0.671875
v 0.312500 5.906250 0.640625
v 0.312500 5.875000 0.671875
v 0.312500 5.875000 0.640625
v -0.312500 5.906250 0.671875
v -0.312500 5.906250 0.640625
v -0.312500 5.875000 0.671875
v -0.312500 5.875000 0.640625
v 0.375000 5.818750 -0.343750
v 0.375000 5.818750 -0.437500
v 0.375000 5.000000 -0.343750
v 0.375000 5.000000 -0.437500
v 0.312500 5.818750 -0.343750
v 0.312500 5.818750 -0.437500
v 0.312500 5.000000 -0.343750
v 0.312500 5.000000 -0.437500
v -0.312500 5.818750 -0.343750
v -0.312500 5.818750 -0.437500
v -0.312500 5.000000 -0.343750
v -0.312500 5.000000 -0.437500
v -0.375000 5.818750 -0.343750
v -0.375000 5.818750 -0.437500
v -0.375000 5.000000 -0.343750
v -0.375000 5.000000 -0.437500
v -0.343750 5.906250 0.562500
v -0.343750 5.906250 -0.000000
v -0.343750 5.875000 0.562500
v -0.343750 5.875000 -0.000000
v -0.375000 5.906250 0.562500
v -0.375000 5.906250 -0.000000
v -0.375000 5.875000 0.562500
v -0.375000 5.875000 -0.000000
v 0.250000 5.000000 0.687500
v 0.250000 5.000000 0.218750
v 0.250000 4.937500 0.687500
v 0.250000 4.937500 0.218750
v -0.250000 5.000000 0.687500
v -0.250000 5.000000 0.218750
v -0.250000 4.937500 0.687500
v -0.250000 4.937500 0.218750
v -0.312500 5.906250 0.656250
v -0.312500 5.906250 0.562500
v -0.312500 5.875000 0.656250
v -0.312500 5.875000 0.562500
v -0.375000 5.906250 0.656250
v -0.375000 5.875000 0.656250
v 0.375000 5.906250 0.562500
v 0.375000 5.906250 -0.000000
v 0.375000 5.875000 0.562500
v 0.375000 5.875000 -0.000000
v 0.343750 5.906250 0.562500
v 0.343750 5.906250 -0.000000
v 0.343750 5.875000 0.562500
v 0.343750 5.875000 -0.000000
v 0.375000 5.906250 0.656250
v 0.375000 5.875000 0.656250
v 0.312500 5.906250 0.656250
v 0.312500 5.906250 0.562500
v 0.312500 5.875000 0.656250
v 0.312500 5.875000 0.562500
v 0.375000 4.937500 -0.343750
v 0.375000 4.937500 -0.437500
v -0.375000 4.937500 -0.343750
v -0.375000 4.937500 -0.437500
v 0.125000 4.718750 -0.343750
v 0.125000 4.718750 -0.437500
v 0.125000 4.687500 -0.343750
v 0.125000 4.687500 -0.437500
v -0.125000 4.718750 -0.343750
v -0.125000 4.718750 -0.437500
v -0.125000 4.687500 -0.343750
v -0.125000 4.687500 -0.437500
v 0.062500 4.718750 -0.218750
v 0.062500 4.718750 -0.343750
v 0.062500 4.687500 -0.218750
v 0.062500 4.687500 -0.343750
v -0.062500 4.718750 -0.218750
v -0.062500 4.718750 -0.343750
v -0.062500 4.687500 -0.218750
v -0.062500 4.687500 -0.343750
v -0.102903 4.709597 -0.337500
v -0.102903 4.709597 -0.431250
v -0.125000 4.687500 -0.337500
v -0.125000 4.687500 -0.431250
v -0.352903 4.959597 -0.337500
v -0.352903 4.959597 -0.431250
v -0.375000 4.937500 -0.337500
v -0.375000 4.937500 -0.431250
v 0.352903 4.959597 -0.337500
v 0.352903 4.959597 -0.431250
v 0.375000 4.937500 -0.337500
v 0.375000 4.937500 -0.431250
v 0.102903 4.709597 -0.337500
v 0.102903 4.709597 -0.431250
v 0.125000 4.687500 -0.337500
v 0.125000 4.687500 -0.431250
v 0.068750 5.062500 -0.187500
v 0.068750 5.062500 -0.312500
v 0.068750 4.937500 -0.187500
v 0.068750 4.937500 -0.312500
v -0.068750 5.062500 -0.187500
v -0.068750 5.062500 -0.312500
v -0.068750 4.937500 -0.187500
v -0.068750 4.937500 -0.312500
v -0.343750 5.812500 -0.218750
v -0.343750 5.812500 -0.406250
v -0.343750 5.781250 -0.218750
v -0.343750 5.781250 -0.406250
v -0.406250 5.812500 -0.218750
v -0.406250 5.812500 -0.406250
v -0.406250 5.781250 -0.218750
v -0.406250 5.781250 -0.406250
v -0.343750 5.156250 -0.218750
v -0.343750 5.156250 -0.406250
v -0.343750 5.125000 -0.218750
v -0.343750 5.125000 -0.406250
v -0.406250 5.156250 -0.218750
v -0.406250 5.156250 -0.406250
v -0.406250 5.125000 -0.218750
v -0.406250 5.125000 -0.406250
v 0.406250 5.781250 -0.187500
v 0.406250 5.781250 -0.218750
v 0.406250 5.156250 -0.187500
v 0.406250 5.156250 -0.218750
v 0.343750 5.781250 -0.187500
v 0.343750 5.781250 -0.218750
v 0.343750 5.156250 -0.187500
v 0.343750 5.156250 -0.218750
v 0.406250 5.125000 -0.218750
v 0.343750 5.125000 -0.218750
v 0.406250 5.812500 -0.218750
v 0.406250 5.812500 -0.406250
v 0.406250 5.781250 -0.406250
v 0.343750 5.812500 -0.218750
v 0.343750 5.812500 -0.406250
v 0.343750 5.781250 -0.406250
v -0.343750 5.781250 -0.187500
v -0.406250 5.781250 -0.187500
v 0.406250 5.156250 -0.406250
v 0.406250 5.125000 -0.406250
v 0.343750 5.156250 -0.406250
v 0.343750 5.125000 -0.406250
v -0.343750 5.156250 -0.187500
v -0.406250 5.156250 -0.187500
v 0.250000 5.000000 0.681250
v 0.062500 4.937500 0.218750
v 0.250000 4.937500 0.681250
v 0.062500 4.875000 0.218750
v 0.187500 5.000000 0.681250
v 0.000000 4.937500 0.218750
v 0.187500 4.937500 0.681250
v 0.000000 4.875000 0.218750
v -0.187500 5.000000 0.681250
v -0.187500 4.937500 0.681250
v -0.250000 5.000000 0.681250
v -0.062500 4.937500 0.218750
v -0.250000 4.937500 0.681250
v -0.062500 4.875000 0.218750
v 0.078125 5.906250 -0.500000
v 0.078125 5.906250 -0.531250
v 0.078125 5.750000 -0.500000
v 0.078125 5.750000 -0.531250
v -0.078125 5.906250 -0.500000
v -0.078125 5.906250 -0.531250
v -0.078125 5.750000 -0.500000
v -0.078125 5.750000 -0.531250
v 0.375000 6.250000 -0.437500
v 0.375000 6.250000 -0.500000
v 0.375000 5.000000 -0.500000
v -0.375000 6.250000 -0.437500
v -0.375000 6.250000 -0.500000
v -0.375000 5.000000 -0.500000
v 0.312500 6.250000 -0.312500
v 0.312500 6.250000 -0.437500
v 0.312500 5.000000 -0.312500
v -0.312500 6.250000 -0.312500
v -0.312500 6.250000 -0.437500
v -0.312500 5.000000 -0.312500
v 0.000000 5.828125 -0.534375
v 0.025120 5.921875 -0.534375
v 0.068630 5.896755 -0.534375
v 0.093750 5.853245 -0.534375
v 0.093750 5.803005 -0.534375
v 0.068630 5.759495 -0.534375
v 0.025120 5.734375 -0.534375
v -0.025120 5.734375 -0.534375
v -0.068630 5.759495 -0.534375
v -0.093750 5.803005 -0.534375
v -0.093750 5.853245 -0.534375
v -0.068630 5.896755 -0.534375
v -0.025120 5.921875 -0.534375
v 0.027214 5.929688 -0.500000
v 0.027214 5.929688 -0.562500
v 0.019800 5.902020 -0.500000
v 0.019800 5.902020 -0.562500
v 0.074349 5.902474 -0.500000
v 0.074349 5.902474 -0.562500
v 0.054095 5.882220 -0.500000
v 0.054095 5.882220 -0.562500
v 0.101562 5.855339 -0.500000
v 0.101562 5.855339 -0.562500
v 0.073895 5.847925 -0.500000
v 0.073895 5.847925 -0.562500
v 0.101562 5.800911 -0.500000
v 0.101562 5.800911 -0.562500
v 0.073895 5.808325 -0.500000
v 0.073895 5.808325 -0.562500
v 0.074349 5.753776 -0.500000
v 0.074349 5.753776 -0.562500
v 0.054095 5.774030 -0.500000
v 0.054095 5.774030 -0.562500
v 0.027214 5.726562 -0.500000
v 0.027214 5.726562 -0.562500
v 0.019800 5.754230 -0.500000
v 0.019800 5.754230 -0.562500
v -0.027214 5.726562 -0.500000
v -0.027214 5.726562 -0.562500
v -0.019800 5.754230 -0.500000
v -0.019800 5.754230 -0.562500
v -0.074349 5.753776 -0.500000
v -0.074349 5.753776 -0.562500
v -0.054095 5.774030 -0.500000
v -0.054095 5.774030 -0.562500
v -0.101562 5.800911 -0.500000
v -0.101562 5.800911 -0.562500
v -0.073895 5.808325 -0.500000
v -0.073895 5.808325 -0.562500
v -0.101562 5.855339 -0.500000
v -0.101562 5.855339 -0.562500
v -0.073895 5.847925 -0.500000
v -0.073895 5.847925 -0.562500
v -0.074349 5.902474 -0.500000
v -0.074349 5.902474 -0.562500
v -0.054095 5.882220 -0.500000
v -0.054095 5.882220 -0.562500
v -0.027214 5.929688 -0.500000
v -0.027214 5.929688 -0.562500
v -0.019800 5.902020 -0.500000
v -0.019800 5.902020 -0.562500
v 0.062500 5.965625 -0.500000
v 0.062500 5.965625 -0.937500
v 0.062500 5.934375 -0.500000
v 0.062500 5.934375 -0.937500
v -0.062500 5.965625 -0.500000
v -0.062500 5.965625 -0.937500
v -0.062500 5.934375 -0.500000
v -0.062500 5.934375 -0.937500
v -0.128791 5.856250 -0.500000
v -0.128791 5.856250 -0.562500
v -0.128791 5.792639 -0.500000
v -0.128791 5.792639 -0.562500
v -0.160041 5.856250 -0.500000
v -0.160041 5.856250 -0.562500
v -0.160041 5.792639 -0.500000
v -0.160041 5.792639 -0.562500
v 0.159375 5.856250 -0.500000
v 0.159375 5.856250 -0.562500
v 0.159375 5.792639 -0.500000
v 0.159375 5.792639 -0.562500
v 0.128125 5.856250 -0.500000
v 0.128125 5.856250 -0.562500
v 0.128125 5.792639 -0.500000
v 0.128125 5.792639 -0.562500
v 0.156250 5.578125 -0.534375
v 0.181370 5.671875 -0.534375
v 0.224880 5.646755 -0.534375
v 0.250000 5.603245 -0.534375
v 0.250000 5.553005 -0.534375
v 0.224880 5.509495 -0.534375
v 0.181370 5.484375 -0.534375
v 0.131130 5.484375 -0.534375
v 0.087620 5.509495 -0.534375
v 0.062500 5.553005 -0.534375
v 0.062500 5.603245 -0.534375
v 0.087620 5.646755 -0.534375
v 0.131130 5.671875 -0.534375
v 0.183464 5.679688 -0.500000
v 0.183464 5.679688 -0.562500
v 0.176050 5.652020 -0.500000
v 0.176050 5.652020 -0.562500
v 0.230599 5.652474 -0.500000
v 0.230599 5.652474 -0.562500
v 0.210345 5.632220 -0.500000
v 0.210345 5.632220 -0.562500
v 0.257812 5.605339 -0.500000
v 0.257812 5.605339 -0.562500
v 0.230145 5.597925 -0.500000
v 0.230145 5.597925 -0.562500
v 0.257812 5.550911 -0.500000
v 0.257812 5.550911 -0.562500
v 0.230145 5.558325 -0.500000
v 0.230145 5.558325 -0.562500
v 0.230599 5.503776 -0.500000
v 0.230599 5.503776 -0.562500
v 0.210345 5.524030 -0.500000
v 0.210345 5.524030 -0.562500
v 0.183464 5.476562 -0.500000
v 0.183464 5.476562 -0.562500
v 0.176050 5.504230 -0.500000
v 0.176050 5.504230 -0.562500
v 0.129036 5.476562 -0.500000
v 0.129036 5.476562 -0.562500
v 0.136450 5.504230 -0.500000
v 0.136450 5.504230 -0.562500
v 0.081901 5.503776 -0.500000
v 0.081901 5.503776 -0.562500
v 0.102155 5.524030 -0.500000
v 0.102155 5.524030 -0.562500
v 0.054688 5.550911 -0.500000
v 0.054688 5.550911 -0.562500
v 0.082355 5.558325 -0.500000
v 0.082355 5.558325 -0.562500
v 0.054688 5.605339 -0.500000
v 0.054688 5.605339 -0.562500
v 0.082355 5.597925 -0.500000
v 0.082355 5.597925 -0.562500
v 0.081901 5.652474 -0.500000
v 0.081901 5.652474 -0.562500
v 0.102155 5.632220 -0.500000
v 0.102155 5.632220 -0.562500
v 0.129036 5.679688 -0.500000
v 0.129036 5.679688 -0.562500
v 0.136450 5.652020 -0.500000
v 0.136450 5.652020 -0.562500
v 0.218750 5.715625 -0.500000
v 0.218750 5.715625 -0.937500
v 0.218750 5.684375 -0.500000
v 0.218750 5.684375 -0.937500
v 0.093750 5.715625 -0.500000
v 0.093750 5.715625 -0.937500
v 0.093750 5.684375 -0.500000
v 0.093750 5.684375 -0.937500
v 0.027459 5.606250 -0.500000
v 0.027459 5.606250 -0.562500
v 0.027459 5.542639 -0.500000
v 0.027459 5.542639 -0.562500
v -0.003791 5.606250 -0.500000
v -0.003791 5.606250 -0.562500
v -0.003791 5.542639 -0.500000
v -0.003791 5.542639 -0.562500
v 0.315625 5.606250 -0.500000
v 0.315625 5.606250 -0.562500
v 0.315625 5.542639 -0.500000
v 0.315625 5.542639 -0.562500
v 0.284375 5.606250 -0.500000
v 0.284375 5.606250 -0.562500
v 0.284375 5.542639 -0.500000
v 0.284375 5.542639 -0.562500
v -0.156250 5.578125 -0.534375
v -0.131130 5.671875 -0.534375
v -0.087620 5.646755 -0.534375
v -0.062500 5.603245 -0.534375
v -0.062500 5.553005 -0.534375
v -0.087620 5.509495 -0.534375
v -0.131130 5.484375 -0.534375
v -0.181370 5.484375 -0.534375
v -0.224880 5.509495 -0.534375
v -0.250000 5.553005 -0.534375
v -0.250000 5.603245 -0.534375
v -0.224880 5.646755 -0.534375
v -0.181370 5.671875 -0.534375
v -0.129036 5.679688 -0.500000
v -0.129036 5.679688 -0.562500
v -0.136450 5.652020 -0.500000
v -0.136450 5.652020 -0.562500
v -0.081901 5.652474 -0.500000
v -0.081901 5.652474 -0.562500
v -0.102155 5.632220 -0.500000
v -0.102155 5.632220 -0.562500
v -0.054688 5.605339 -0.500000
v -0.054688 5.605339 -0.562500
v -0.082355 5.597925 -0.500000
v -0.082355 5.597925 -0.562500
v -0.054688 5.550911 -0.500000
v -0.054688 5.550911 -0.562500
v -0.082355 5.558325 -0.500000
v -0.082355 5.558325 -0.562500
v -0.081901 5.503776 -0.500000
v -0.081901 5.503776 -0.562500
v -0.102155 5.524030 -0.500000
v -0.102155 5.524030 -0.562500
v -0.129036 5.476562 -0.500000
v -0.129036 5.476562 -0.562500
v -0.136450 5.504230 -0.500000
v -0.136450 5.504230 -0.562500
v -0.183464 5.476562 -0.500000
v -0.183464 5.476562 -0.562500
v -0.176050 5.504230 -0.500000
v -0.176050 5.504230 -0.562500
v -0.230599 5.503776 -0.500000
v -0.230599 5.503776 -0.562500
v -0.210345 5.524030 -0.500000
v -0.210345 5.524030 -0.562500
v -0.257812 5.550911 -0.500000
v -0.257812 5.550911 -0.562500
v -0.230145 5.558325 -0.500000
v -0.230145 5.558325 -0.562500
v -0.257812 5.605339 -0.500000
v -0.257812 5.605339 -0.562500
v -0.230145 5.597925 -0.500000
v -0.230145 5.597925 -0.562500
v -0.230599 5.652474 -0.500000
v -0.230599 5.652474 -0.562500
v -0.210345 5.632220 -0.500000
v -0.210345 5.632220 -0.562500
v -0.183464 5.679688 -0.500000
v -0.183464 5.679688 -0.562500
v -0.176050 5.652020 -0.500000
v -0.176050 5.652020 -0.562500
v -0.093750 5.715625 -0.500000
v -0.093750 5.715625 -0.937500
v -0.093750 5.684375 -0.500000
v -0.093750 5.684375 -0.937500
v -0.218750 5.715625 -0.500000
v -0.218750 5.715625 -0.937500
v -0.218750 5.684375 -0.500000
v -0.218750 5.684375 -0.937500
v -0.285041 5.606250 -0.500000
v -0.285041 5.606250 -0.562500
v -0.285041 5.542639 -0.500000
v -0.285041 5.542639 -0.562500
v -0.316291 5.606250 -0.500000
v -0.316291 5.606250 -0.562500
v -0.316291 5.542639 -0.500000
v -0.316291 5.542639 -0.562500
v 0.003125 5.606250 -0.500000
v 0.003125 5.606250 -0.562500
v 0.003125 5.542639 -0.500000
v 0.003125 5.542639 -0.562500
v -0.028125 5.606250 -0.500000
v -0.028125 5.606250 -0.562500
v -0.028125 5.542639 -0.500000
v -0.028125 5.542639 -0.562500
v 0.265625 5.250000 -0.500000
v 0.265625 5.250000 -0.687500
v 0.265625 5.218750 -0.500000
v 0.265625 5.218750 -0.687500
v 0.171875 5.250000 -0.500000
v 0.171875 5.250000 -0.687500
v 0.171875 5.218750 -0.500000
v 0.171875 5.218750 -0.687500
v 0.218750 5.156250 -0.525000
v 0.233404 5.101562 -0.525000
v 0.258784 5.116216 -0.525000
v 0.273438 5.141596 -0.525000
v 0.273438 5.170904 -0.525000
v 0.258784 5.196284 -0.525000
v 0.233404 5.210938 -0.525000
v 0.204096 5.210938 -0.525000
v 0.178716 5.196284 -0.525000
v 0.164062 5.170904 -0.525000
v 0.164062 5.141596 -0.525000
v 0.178716 5.116216 -0.525000
v 0.204096 5.101562 -0.525000
v 0.235497 5.093750 -0.546875
v 0.235497 5.093750 -0.484375
v 0.227714 5.122795 -0.546875
v 0.227714 5.122795 -0.484375
v 0.264503 5.110497 -0.546875
v 0.264503 5.110497 -0.484375
v 0.243241 5.131759 -0.546875
v 0.243241 5.131759 -0.484375
v 0.281250 5.139503 -0.546875
v 0.281250 5.139503 -0.484375
v 0.252205 5.147285 -0.546875
v 0.252205 5.147285 -0.484375
v 0.281250 5.172997 -0.546875
v 0.281250 5.172997 -0.484375
v 0.252205 5.165215 -0.546875
v 0.252205 5.165215 -0.484375
v 0.264503 5.202003 -0.546875
v 0.264503 5.202003 -0.484375
v 0.243241 5.180741 -0.546875
v 0.243241 5.180741 -0.484375
v 0.235497 5.218750 -0.546875
v 0.235497 5.218750 -0.484375
v 0.227714 5.189705 -0.546875
v 0.227714 5.189705 -0.484375
v 0.202003 5.218750 -0.546875
v 0.202003 5.218750 -0.484375
v 0.209786 5.189705 -0.546875
v 0.209786 5.189705 -0.484375
v 0.172997 5.202003 -0.546875
v 0.172997 5.202003 -0.484375
v 0.194259 5.180741 -0.546875
v 0.194259 5.180741 -0.484375
v 0.156250 5.172997 -0.546875
v 0.156250 5.172997 -0.484375
v 0.185295 5.165215 -0.546875
v 0.185295 5.165215 -0.484375
v 0.156250 5.139503 -0.546875
v 0.156250 5.139503 -0.484375
v 0.185295 5.147285 -0.546875
v 0.185295 5.147285 -0.484375
v 0.172997 5.110497 -0.546875
v 0.172997 5.110497 -0.484375
v 0.194259 5.131759 -0.546875
v 0.194259 5.131759 -0.484375
v 0.202003 5.093750 -0.546875
v 0.202003 5.093750 -0.484375
v 0.209786 5.122795 -0.546875
v 0.209786 5.122795 -0.484375
v 0.156629 5.187311 -0.490625
v 0.156629 5.187311 -0.568750
v 0.156629 5.124811 -0.490625
v 0.156629 5.124811 -0.568750
v 0.125379 5.187311 -0.490625
v 0.125379 5.187311 -0.568750
v 0.125379 5.124811 -0.490625
v 0.125379 5.124811 -0.568750
v 0.312879 5.187311 -0.490625
v 0.312879 5.187311 -0.568750
v 0.312879 5.124811 -0.490625
v 0.312879 5.124811 -0.568750
v 0.281629 5.187311 -0.490625
v 0.281629 5.187311 -0.568750
v 0.281629 5.124811 -0.490625
v 0.281629 5.124811 -0.568750
v 0.125000 5.187500 -0.500000
v 0.125000 5.187500 -0.568750
v 0.156250 5.187500 -0.500000
v 0.156250 5.187500 -0.568750
v 0.312500 5.187500 -0.500000
v 0.312500 5.187500 -0.571875
v 0.281250 5.187500 -0.500000
v 0.281250 5.187500 -0.571875
v 0.265625 6.125000 -0.500000
v 0.265625 6.125000 -0.687500
v 0.265625 6.093750 -0.500000
v 0.265625 6.093750 -0.687500
v 0.171875 6.125000 -0.500000
v 0.171875 6.125000 -0.687500
v 0.171875 6.093750 -0.500000
v 0.171875 6.093750 -0.687500
v 0.218750 6.031250 -0.525000
v 0.233404 5.976562 -0.525000
v 0.258784 5.991216 -0.525000
v 0.273438 6.016596 -0.525000
v 0.273438 6.045904 -0.525000
v 0.258784 6.071284 -0.525000
v 0.233404 6.085938 -0.525000
v 0.204096 6.085938 -0.525000
v 0.178716 6.071284 -0.525000
v 0.164062 6.045904 -0.525000
v 0.164062 6.016596 -0.525000
v 0.178716 5.991216 -0.525000
v 0.204096 5.976562 -0.525000
v 0.235497 5.968750 -0.546875
v 0.235497 5.968750 -0.484375
v 0.227714 5.997795 -0.546875
v 0.227714 5.997795 -0.484375
v 0.264503 5.985497 -0.546875
v 0.264503 5.985497 -0.484375
v 0.243241 6.006759 -0.546875
v 0.243241 6.006759 -0.484375
v 0.281250 6.014503 -0.546875
v 0.281250 6.014503 -0.484375
v 0.252205 6.022285 -0.546875
v 0.252205 6.022285 -0.484375
v 0.281250 6.047997 -0.546875
v 0.281250 6.047997 -0.484375
v 0.252205 6.040215 -0.546875
v 0.252205 6.040215 -0.484375
v 0.264503 6.077003 -0.546875
v 0.264503 6.077003 -0.484375
v 0.243241 6.055741 -0.546875
v 0.243241 6.055741 -0.484375
v 0.235497 6.093750 -0.546875
v 0.235497 6.093750 -0.484375
v 0.227714 6.064705 -0.546875
v 0.227714 6.064705 -0.484375
v 0.202003 6.093750 -0.546875
v 0.202003 6.093750 -0.484375
v 0.209786 6.064705 -0.546875
v 0.209786 6.064705 -0.484375
v 0.172997 6.077003 -0.546875
v 0.172997 6.077003 -0.484375
v 0.194259 6.055741 -0.546875
v 0.194259 6.055741 -0.484375
v 0.156250 6.047997 -0.546875
v 0.156250 6.047997 -0.484375
v 0.185295 6.040215 -0.546875
v 0.185295 6.040215 -0.484375
v 0.156250 6.014503 -0.546875
v 0.156250 6.014503 -0.484375
v 0.185295 6.022285 -0.546875
v 0.185295 6.022285 -0.484375
v 0.172997 5.985497 -0.546875
v 0.172997 5.985497 -0.484375
v 0.194259 6.006759 -0.546875
v 0.194259 6.006759 -0.484375
v 0.202003 5.968750 -0.546875
v 0.202003 5.968750 -0.484375
v 0.209786 5.997795 -0.546875
v 0.209786 5.997795 -0.484375
v 0.156629 6.062311 -0.490625
v 0.156629 6.062311 -0.568751
v 0.156629 5.999811 -0.490625
v 0.156629 5.999811 -0.568751
v 0.125379 6.062311 -0.490625
v 0.125379 6.062311 -0.568751
v 0.125379 5.999811 -0.490625
v 0.125379 5.999811 -0.568751
v 0.312879 6.062311 -0.490625
v 0.312879 6.062311 -0.568751
v 0.312879 5.999811 -0.490625
v 0.312879 5.999811 -0.568751
v 0.281629 6.062311 -0.490625
v 0.281629 6.062311 -0.568751
v 0.281629 5.999811 -0.490625
v 0.281629 5.999811 -0.568751
v 0.125000 6.062500 -0.500000
v 0.125000 6.062500 -0.568751
v 0.156250 6.062500 -0.500000
v 0.156250 6.062500 -0.568751
v 0.312500 6.062500 -0.500000
v 0.312500 6.062500 -0.571875
v 0.281250 6.062500 -0.500000
v 0.281250 6.062500 -0.571875
v 0.015625 5.250000 -0.500000
v 0.015625 5.250000 -0.687500
v 0.015625 5.218750 -0.500000
v 0.015625 5.218750 -0.687500
v -0.078125 5.250000 -0.500000
v -0.078125 5.250000 -0.687500
v -0.078125 5.218750 -0.500000
v -0.078125 5.218750 -0.687500
v -0.031250 5.156250 -0.525000
v -0.016596 5.101562 -0.525000
v 0.008784 5.116216 -0.525000
v 0.023438 5.141596 -0.525000
v 0.023438 5.170904 -0.525000
v 0.008784 5.196284 -0.525000
v -0.016596 5.210938 -0.525000
v -0.045904 5.210938 -0.525000
v -0.071284 5.196284 -0.525000
v -0.085938 5.170904 -0.525000
v -0.085938 5.141596 -0.525000
v -0.071284 5.116216 -0.525000
v -0.045904 5.101562 -0.525000
v -0.014503 5.093750 -0.546875
v -0.014503 5.093750 -0.484375
v -0.022286 5.122795 -0.546875
v -0.022286 5.122795 -0.484375
v 0.014503 5.110497 -0.546875
v 0.014503 5.110497 -0.484375
v -0.006759 5.131759 -0.546875
v -0.006759 5.131759 -0.484375
v 0.031250 5.139503 -0.546875
v 0.031250 5.139503 -0.484375
v 0.002205 5.147285 -0.546875
v 0.002205 5.147285 -0.484375
v 0.031250 5.172997 -0.546875
v 0.031250 5.172997 -0.484375
v 0.002205 5.165215 -0.546875
v 0.002205 5.165215 -0.484375
v 0.014503 5.202003 -0.546875
v 0.014503 5.202003 -0.484375
v -0.006759 5.180741 -0.546875
v -0.006759 5.180741 -0.484375
v -0.014503 5.218750 -0.546875
v -0.014503 5.218750 -0.484375
v -0.022286 5.189705 -0.546875
v -0.022286 5.189705 -0.484375
v -0.047997 5.218750 -0.546875
v -0.047997 5.218750 -0.484375
v -0.040214 5.189705 -0.546875
v -0.040214 5.189705 -0.484375
v -0.077003 5.202003 -0.546875
v -0.077003 5.202003 -0.484375
v -0.055741 5.180741 -0.546875
v -0.055741 5.180741 -0.484375
v -0.093750 5.172997 -0.546875
v -0.093750 5.172997 -0.484375
v -0.064705 5.165215 -0.546875
v -0.064705 5.165215 -0.484375
v -0.093750 5.139503 -0.546875
v -0.093750 5.139503 -0.484375
v -0.064705 5.147285 -0.546875
v -0.064705 5.147285 -0.484375
v -0.077003 5.110497 -0.546875
v -0.077003 5.110497 -0.484375
v -0.055741 5.131759 -0.546875
v -0.055741 5.131759 -0.484375
v -0.047997 5.093750 -0.546875
v -0.047997 5.093750 -0.484375
v -0.040214 5.122795 -0.546875
v -0.040214 5.122795 -0.484375
v -0.093371 5.187311 -0.490625
v -0.093371 5.187311 -0.568750
v -0.093371 5.124811 -0.490625
v -0.093371 5.124811 -0.568750
v -0.124621 5.187311 -0.490625
v -0.124621 5.187311 -0.568750
v -0.124621 5.124811 -0.490625
v -0.124621 5.124811 -0.568750
v 0.062879 5.187311 -0.490625
v 0.062879 5.187311 -0.568750
v 0.062879 5.124811 -0.490625
v 0.062879 5.124811 -0.568750
v 0.031629 5.187311 -0.490625
v 0.031629 5.187311 -0.568750
v 0.031629 5.124811 -0.490625
v 0.031629 5.124811 -0.568750
v -0.125000 5.187500 -0.500000
v -0.125000 5.187500 -0.568750
v -0.093750 5.187500 -0.500000
v -0.093750 5.187500 -0.568750
v 0.062500 5.187500 -0.500000
v 0.062500 5.187500 -0.571875
v 0.031250 5.187500 -0.500000
v 0.031250 5.187500 -0.571875
v 0.015625 5.437500 -0.500000
v 0.015625 5.437500 -0.687500
v 0.015625 5.406250 -0.500000
v 0.015625 5.406250 -0.687500
v -0.078125 5.437500 -0.500000
v -0.078125 5.437500 -0.687500
v -0.078125 5.406250 -0.500000
v -0.078125 5.406250 -0.687500
v -0.031250 5.343750 -0.525000
v -0.016596 5.289062 -0.525000
v 0.008784 5.303716 -0.525000
v 0.023438 5.329096 -0.525000
v 0.023438 5.358404 -0.525000
v 0.008784 5.383784 -0.525000
v -0.016596 5.398438 -0.525000
v -0.045904 5.398438 -0.525000
v -0.071284 5.383784 -0.525000
v -0.085938 5.358404 -0.525000
v -0.085938 5.329096 -0.525000
v -0.071284 5.303716 -0.525000
v -0.045904 5.289062 -0.525000
v -0.014503 5.281250 -0.546875
v -0.014503 5.281250 -0.484375
v -0.022286 5.310295 -0.546875
v -0.022286 5.310295 -0.484375
v 0.014503 5.297997 -0.546875
v 0.014503 5.297997 -0.484375
v -0.006759 5.319259 -0.546875
v -0.006759 5.319259 -0.484375
v 0.031250 5.327003 -0.546875
v 0.031250 5.327003 -0.484375
v 0.002205 5.334785 -0.546875
v 0.002205 5.334785 -0.484375
v 0.031250 5.360497 -0.546875
v 0.031250 5.360497 -0.484375
v 0.002205 5.352715 -0.546875
v 0.002205 5.352715 -0.484375
v 0.014503 5.389503 -0.546875
v 0.014503 5.389503 -0.484375
v -0.006759 5.368241 -0.546875
v -0.006759 5.368241 -0.484375
v -0.014503 5.406250 -0.546875
v -0.014503 5.406250 -0.484375
v -0.022286 5.377205 -0.546875
v -0.022286 5.377205 -0.484375
v -0.047997 5.406250 -0.546875
v -0.047997 5.406250 -0.484375
v -0.040214 5.377205 -0.546875
v -0.040214 5.377205 -0.484375
v -0.077003 5.389503 -0.546875
v -0.077003 5.389503 -0.484375
v -0.055741 5.368241 -0.546875
v -0.055741 5.368241 -0.484375
v -0.093750 5.360497 -0.546875
v -0.093750 5.360497 -0.484375
v -0.064705 5.352715 -0.546875
v -0.064705 5.352715 -0.484375
v -0.093750 5.327003 -0.546875
v -0.093750 5.327003 -0.484375
v -0.064705 5.334785 -0.546875
v -0.064705 5.334785 -0.484375
v -0.077003 5.297997 -0.546875
v -0.077003 5.297997 -0.484375
v -0.055741 5.319259 -0.546875
v -0.055741 5.319259 -0.484375
v -0.047997 5.281250 -0.546875
v -0.047997 5.281250 -0.484375
v -0.040214 5.310295 -0.546875
v -0.040214 5.310295 -0.484375
v -0.093371 5.374811 -0.490625
v -0.093371 5.374811 -0.568750
v -0.093371 5.312311 -0.490625
v -0.093371 5.312311 -0.568750
v -0.124621 5.374811 -0.490625
v -0.124621 5.374811 -0.568750
v -0.124621 5.312311 -0.490625
v -0.124621 5.312311 -0.568750
v 0.062879 5.374811 -0.490625
v 0.062879 5.374811 -0.568750
v 0.062879 5.312311 -0.490625
v 0.062879 5.312311 -0.568750
v 0.031629 5.374811 -0.490625
v 0.031629 5.374811 -0.568750
v 0.031629 5.312311 -0.490625
v 0.031629 5.312311 -0.568750
v -0.125000 5.375000 -0.500000
v -0.125000 5.375000 -0.568750
v -0.093750 5.375000 -0.500000
v -0.093750 5.375000 -0.568750
v 0.062500 5.375000 -0.500000
v 0.062500 5.375000 -0.571875
v 0.031250 5.375000 -0.500000
v 0.031250 5.375000 -0.571875
v 0.203125 5.437500 -0.500000
v 0.203125 5.437500 -0.687500
v 0.203125 5.406250 -0.500000
v 0.203125 5.406250 -0.687500
v 0.109375 5.437500 -0.500000
v 0.109375 5.437500 -0.687500
v 0.109375 5.406250 -0.500000
v 0.109375 5.406250 -0.687500
v 0.156250 5.343750 -0.525000
v 0.170904 5.289062 -0.525000
v 0.196284 5.303716 -0.525000
v 0.210938 5.329096 -0.525000
v 0.210938 5.358404 -0.525000
v 0.196284 5.383784 -0.525000
v 0.170904 5.398438 -0.525000
v 0.141596 5.398438 -0.525000
v 0.116216 5.383784 -0.525000
v 0.101562 5.358404 -0.525000
v 0.101562 5.329096 -0.525000
v 0.116216 5.303716 -0.525000
v 0.141596 5.289062 -0.525000
v 0.172997 5.281250 -0.546875
v 0.172997 5.281250 -0.484375
v 0.165214 5.310295 -0.546875
v 0.165214 5.310295 -0.484375
v 0.202003 5.297997 -0.546875
v 0.202003 5.297997 -0.484375
v 0.180741 5.319259 -0.546875
v 0.180741 5.319259 -0.484375
v 0.218750 5.327003 -0.546875
v 0.218750 5.327003 -0.484375
v 0.189705 5.334785 -0.546875
v 0.189705 5.334785 -0.484375
v 0.218750 5.360497 -0.546875
v 0.218750 5.360497 -0.484375
v 0.189705 5.352715 -0.546875
v 0.189705 5.352715 -0.484375
v 0.202003 5.389503 -0.546875
v 0.202003 5.389503 -0.484375
v 0.180741 5.368241 -0.546875
v 0.180741 5.368241 -0.484375
v 0.172997 5.406250 -0.546875
v 0.172997 5.406250 -0.484375
v 0.165214 5.377205 -0.546875
v 0.165214 5.377205 -0.484375
v 0.139503 5.406250 -0.546875
v 0.139503 5.406250 -0.484375
v 0.147286 5.377205 -0.546875
v 0.147286 5.377205 -0.484375
v 0.110497 5.389503 -0.546875
v 0.110497 5.389503 -0.484375
v 0.131759 5.368241 -0.546875
v 0.131759 5.368241 -0.484375
v 0.093750 5.360497 -0.546875
v 0.093750 5.360497 -0.484375
v 0.122795 5.352715 -0.546875
v 0.122795 5.352715 -0.484375
v 0.093750 5.327003 -0.546875
v 0.093750 5.327003 -0.484375
v 0.122795 5.334785 -0.546875
v 0.122795 5.334785 -0.484375
v 0.110497 5.297997 -0.546875
v 0.110497 5.297997 -0.484375
v 0.131759 5.319259 -0.546875
v 0.131759 5.319259 -0.484375
v 0.139503 5.281250 -0.546875
v 0.139503 5.281250 -0.484375
v 0.147286 5.310295 -0.546875
v 0.147286 5.310295 -0.484375
v 0.094129 5.374811 -0.490625
v 0.094129 5.374811 -0.568750
v 0.094129 5.312311 -0.490625
v 0.094129 5.312311 -0.568750
v 0.250379 5.374811 -0.490625
v 0.250379 5.374811 -0.568750
v 0.250379 5.312311 -0.490625
v 0.250379 5.312311 -0.568750
v 0.219129 5.374811 -0.490625
v 0.219129 5.374811 -0.568750
v 0.219129 5.312311 -0.490625
v 0.219129 5.312311 -0.568750
v 0.062500 5.375000 -0.568750
v 0.093750 5.375000 -0.500000
v 0.093750 5.375000 -0.568750
v 0.250000 5.375000 -0.500000
v 0.250000 5.375000 -0.571875
v 0.218750 5.375000 -0.500000
v 0.218750 5.375000 -0.571875
v -0.171875 5.437500 -0.500000
v -0.171875 5.437500 -0.687500
v -0.171875 5.406250 -0.500000
v -0.171875 5.406250 -0.687500
v -0.265625 5.437500 -0.500000
v -0.265625 5.437500 -0.687500
v -0.265625 5.406250 -0.500000
v -0.265625 5.406250 -0.687500
v -0.218750 5.343750 -0.525000
v -0.204096 5.289062 -0.525000
v -0.178716 5.303716 -0.525000
v -0.164062 5.329096 -0.525000
v -0.164062 5.358404 -0.525000
v -0.178716 5.383784 -0.525000
v -0.204096 5.398438 -0.525000
v -0.233404 5.398438 -0.525000
v -0.258784 5.383784 -0.525000
v -0.273438 5.358404 -0.525000
v -0.273438 5.329096 -0.525000
v -0.258784 5.303716 -0.525000
v -0.233404 5.289062 -0.525000
v -0.202003 5.281250 -0.546875
v -0.202003 5.281250 -0.484375
v -0.209786 5.310295 -0.546875
v -0.209786 5.310295 -0.484375
v -0.172997 5.297997 -0.546875
v -0.172997 5.297997 -0.484375
v -0.194259 5.319259 -0.546875
v -0.194259 5.319259 -0.484375
v -0.156250 5.327003 -0.546875
v -0.156250 5.327003 -0.484375
v -0.185295 5.334785 -0.546875
v -0.185295 5.334785 -0.484375
v -0.156250 5.360497 -0.546875
v -0.156250 5.360497 -0.484375
v -0.185295 5.352715 -0.546875
v -0.185295 5.352715 -0.484375
v -0.172997 5.389503 -0.546875
v -0.172997 5.389503 -0.484375
v -0.194259 5.368241 -0.546875
v -0.194259 5.368241 -0.484375
v -0.202003 5.406250 -0.546875
v -0.202003 5.406250 -0.484375
v -0.209786 5.377205 -0.546875
v -0.209786 5.377205 -0.484375
v -0.235497 5.406250 -0.546875
v -0.235497 5.406250 -0.484375
v -0.227714 5.377205 -0.546875
v -0.227714 5.377205 -0.484375
v -0.264503 5.389503 -0.546875
v -0.264503 5.389503 -0.484375
v -0.243241 5.368241 -0.546875
v -0.243241 5.368241 -0.484375
v -0.281250 5.360497 -0.546875
v -0.281250 5.360497 -0.484375
v -0.252205 5.352715 -0.546875
v -0.252205 5.352715 -0.484375
v -0.281250 5.327003 -0.546875
v -0.281250 5.327003 -0.484375
v -0.252205 5.334785 -0.546875
v -0.252205 5.334785 -0.484375
v -0.264503 5.297997 -0.546875
v -0.264503 5.297997 -0.484375
v -0.243241 5.319259 -0.546875
v -0.243241 5.319259 -0.484375
v -0.235497 5.281250 -0.546875
v -0.235497 5.281250 -0.484375
v -0.227714 5.310295 -0.546875
v -0.227714 5.310295 -0.484375
v -0.280871 5.374811 -0.490625
v -0.280871 5.374811 -0.568750
v -0.280871 5.312311 -0.490625
v -0.280871 5.312311 -0.568750
v -0.312121 5.374811 -0.490625
v -0.312121 5.374811 -0.568750
v -0.312121 5.312311 -0.490625
v -0.312121 5.312311 -0.568750
v -0.155871 5.374811 -0.490625
v -0.155871 5.374811 -0.568750
v -0.155871 5.312311 -0.490625
v -0.155871 5.312311 -0.568750
v -0.312500 5.375000 -0.500000
v -0.312500 5.375000 -0.568750
v -0.281250 5.375000 -0.500000
v -0.281250 5.375000 -0.568750
v -0.125000 5.375000 -0.571875
v -0.156250 5.375000 -0.500000
v -0.156250 5.375000 -0.571875
v 1.218750 3.125000 -0.187500
v 1.218750 2.187500 -0.125000
v 1.218750 2.187500 -0.187500
v 0.968750 3.125000 -0.187500
v 0.968750 2.187500 -0.125000
v 0.968750 2.187500 -0.187500
v 1.223616 2.062500 -0.125000
v 1.223616 2.062500 -0.187500
v 1.223616 2.001808 -0.125000
v 1.223616 2.001808 -0.187500
v 0.962997 2.062500 -0.125000
v 0.962997 2.062500 -0.187500
v 0.962997 2.001808 -0.125000
v 0.962997 2.001808 -0.187500
v 1.224503 2.001808 -0.131250
v 1.224503 2.001808 -0.193750
v 1.125000 1.437500 -0.131250
v 1.125000 1.437500 -0.193750
v 1.167842 2.011799 -0.131250
v 1.167842 2.011799 -0.193750
v 1.068340 1.447491 -0.131250
v 1.068340 1.447491 -0.193750
v 1.019658 2.011799 -0.128125
v 1.019658 2.011799 -0.190625
v 1.119160 1.447491 -0.128125
v 1.119160 1.447491 -0.190625
v 0.962997 2.001808 -0.128125
v 0.962997 2.001808 -0.190625
v 1.062500 1.437500 -0.128125
v 1.062500 1.437500 -0.190625
v 1.125000 1.500000 -0.125000
v 1.125000 1.500000 -0.187500
v 1.125000 1.437500 -0.125000
v 1.125000 1.437500 -0.187500
v 1.062500 1.500000 -0.125000
v 1.062500 1.500000 -0.187500
v 1.062500 1.437500 -0.125000
v 1.062500 1.437500 -0.187500
v 1.171875 2.015625 -0.060000
v 1.171875 2.015625 -0.185000
v 1.171875 1.796875 -0.060000
v 1.171875 1.796875 -0.185000
v 1.000000 2.015625 -0.060000
v 1.000000 2.015625 -0.185000
v 1.000000 1.796875 -0.060000
v 1.000000 1.796875 -0.185000
v 1.156250 1.796875 -0.060000
v 1.156250 1.796875 -0.185000
v 1.156250 1.625000 -0.060000
v 1.156250 1.625000 -0.185000
v 1.031250 1.796875 -0.060000
v 1.031250 1.796875 -0.185000
v 1.031250 1.625000 -0.060000
v 1.031250 1.625000 -0.185000
v 1.125000 1.625000 -0.060000
v 1.125000 1.625000 -0.185000
v 1.125000 1.562500 -0.060000
v 1.125000 1.562500 -0.185000
v 1.062500 1.625000 -0.060000
v 1.062500 1.625000 -0.185000
v 1.062500 1.562500 -0.060000
v 1.062500 1.562500 -0.185000
v 1.156250 3.687500 -0.125000
v 1.156250 3.687500 -0.156250
v 1.156250 2.687500 -0.125000
v 1.156250 2.687500 -0.156250
v 1.031250 3.687500 -0.125000
v 1.031250 3.687500 -0.156250
v 1.031250 2.687500 -0.125000
v 1.031250 2.687500 -0.156250
v 1.156250 1.687500 -0.125000
v 1.156250 1.687500 -0.156250
v 1.031250 1.687500 -0.125000
v 1.031250 1.687500 -0.156250
vn 1.0000 -0.0000 -0.0000
vn -1.0000 -0.0000 -0.0000
vn -0.0000 1.0000 -0.0000
vn -0.0000 -1.0000 -0.0000
vn -0.0000 -0.0000 1.0000
vn -0.0000 -0.0000 -1.0000
vn 0.7071 -0.7071 -0.0000
vn -0.7071 0.7071 -0.0000
vn 0.7071 0.7071 -0.0000
vn -0.7071 -0.7071 -0.0000
vn -0.0000 -0.4472 -0.8944
vn -0.0000 -0.4472 0.8944
vn -0.1075 0.9942 -0.0000
vn 0.1075 -0.9942 -0.0000
vn -0.3162 0.9487 -0.0000
vn 0.3162 -0.9487 -0.0000
vn -0.8944 -0.4472 -0.0000
vn 0.8944 0.4472 -0.0000
vn -0.8944 0.4472 -0.0000
vn 0.8944 -0.4472 -0.0000
vn -0.0000 0.9848 -0.1736
vn -0.0000 -0.9848 0.1736
vn -0.0000 0.1736 0.9848
vn -0.0000 -0.1736 -0.9848
vn 0.7184 -0.6549 0.2346
vn -0.7184 0.6549 -0.2346
vn -0.0000 0.9414 -0.3372
vn -0.0000 -0.9414 0.3372
vn -0.0000 0.1655 0.9862
vn -0.0000 -0.1655 -0.9862
vn 0.7184 0.6549 -0.2346
vn -0.7184 -0.6549 0.2346
vn -0.0000 -0.7071 0.7071
vn -0.0000 0.7071 0.7071
vn 0.9267 -0.0000 -0.3757
vn -0.9267 -0.0000 0.3757
vn -0.0000 0.9910 -0.1339
vn -0.0000 -0.9910 0.1339
vn 0.9267 -0.0000 0.3757
vn -0.9267 -0.0000 -0.3757
vn 0.5000 0.8660 -0.0000
vn -0.5000 -0.8660 -0.0000
vn 0.8660 0.5000 -0.0000
vn -0.8660 -0.5000 -0.0000
vn 0.8660 -0.5000 -0.0000
vn -0.8660 0.5000 -0.0000
vn 0.5000 -0.8660 -0.0000
vn -0.5000 0.8660 -0.0000
vn 0.7486 0.6630 -0.0000
vn -0.7657 -0.6432 -0.0000
vn -0.0001 -0.9600 -0.2799
vn -0.0001 -0.9600 -0.2800
vn 0.7625 -0.6470 -0.0000
vn -0.7463 0.6656 -0.0000
vn 0.0001 -0.9790 -0.2039
vn 0.0001 -0.9790 -0.2040
vn -0.8000 0.6000 -0.0000
vn -0.9302 0.0001 -0.3671
vn -0.9301 0.0001 -0.3672
vn 0.8000 0.6000 -0.0000
vn 0.9267 0.0001 -0.3757
vn 0.9848 -0.1736 -0.0000
vn -0.9848 0.1736 -0.0000
vn 0.1736 0.9848 -0.0000
vn -0.1736 -0.9848 -0.0000
vn 0.9848 0.1736 -0.0000
vn -0.9848 -0.1736 -0.0000
vn -0.1736 0.9848 -0.0000
vn 0.1736 -0.9848 -0.0000
vt 0.015625 0.750000
vt 0.015625 1.000000
vt 0.078125 1.000000
vt 0.078125 0.750000
vt 0.000000 0.921875
vt 0.000000 0.984375
vt 0.062500 0.984375
vt 0.062500 0.921875
vt 0.000000 0.750000
vt 0.000000 1.000000
vt 0.062500 1.000000
vt 0.062500 0.750000
vt 0.015625 0.859375
vt 0.078125 0.859375
vt 0.000000 0.859375
vt 0.062500 0.859375
vt 0.015625 0.796875
vt 0.078125 0.796875
vt 0.000000 0.796875
vt 0.062500 0.796875
vt 0.000000 0.968750
vt 0.015625 0.984375
vt 0.015625 0.968750
vt 0.031250 0.984375
vt 0.031250 0.968750
vt 0.062500 0.968750
vt 0.046875 0.984375
vt 0.046875 0.968750
vt 0.046875 1.000000
vt 0.046875 0.953125
vt 0.062500 0.953125
vt 0.031250 0.750000
vt 0.031250 1.000000
vt 0.046875 0.750000
vt 0.171875 0.937500
vt 0.171875 0.953125
vt 0.109375 0.953125
vt 0.109375 0.937500
vt 0.028125 0.937500
vt 0.028125 1.000000
vt 0.000000 0.937500
vt 0.028125 0.984375
vt 0.156250 0.906250
vt 0.156250 0.921875
vt 0.093750 0.921875
vt 0.093750 0.906250
vt 0.046875 0.937500
vt 0.140625 0.906250
vt 0.140625 0.921875
vt 0.156250 0.875000
vt 0.093750 0.875000
vt 0.734375 0.718750
vt 0.734375 0.734375
vt 0.750000 0.734375
vt 0.750000 0.718750
vt 0.500000 0.718750
vt 0.500000 0.734375
vt 0.609375 0.734375
vt 0.609375 0.718750
vt 0.000000 0.578125
vt 0.000000 0.687500
vt 0.187500 0.687500
vt 0.187500 0.578125
vt 0.000000 0.500000
vt 0.187500 0.500000
vt 0.140625 1.000000
vt 0.140625 0.984375
vt 0.156250 0.984375
vt 0.156250 0.859375
vt 0.156250 1.000000
vt 0.007812 0.968750
vt 0.007812 1.000000
vt 0.028125 0.968750
vt 0.020312 1.000000
vt 0.020312 0.968750
vt 0.000000 0.971875
vt 0.000000 0.992188
vt 0.078125 0.992188
vt 0.078125 0.971875
vt 0.000000 0.979688
vt 0.078125 0.979688
vt 0.078125 0.968750
vt 0.437500 0.843750
vt 0.437500 1.000000
vt 0.515625 1.000000
vt 0.515625 0.843750
vt 0.265625 0.750000
vt 0.265625 0.828125
vt 0.390625 0.828125
vt 0.390625 0.750000
vt 0.265625 0.843750
vt 0.265625 1.000000
vt 0.390625 1.000000
vt 0.390625 0.843750
vt 0.078125 0.953125
vt 0.090625 1.000000
vt 0.090625 0.953125
vt 0.000000 0.953125
vt 0.012500 1.000000
vt 0.012500 0.953125
vt 0.000000 0.909375
vt 0.078125 0.921875
vt 0.078125 0.909375
vt 0.000000 0.987500
vt 0.078125 0.987500
vt 0.125000 1.000000
vt 0.125000 0.984375
vt 0.000000 0.875000
vt 0.250000 1.000000
vt 0.250000 0.875000
vt 0.250000 0.984375
vt 0.109375 1.000000
vt 0.109375 0.968750
vt 0.000000 0.000000
vt 0.000000 0.093750
vt 0.210938 0.093750
vt 0.210938 0.000000
vt 0.015625 0.906250
vt 0.226562 1.000000
vt 0.226562 0.906250
vt 0.218750 1.000000
vt 0.218750 0.968750
vt 0.210938 1.000000
vt 0.210938 0.968750
vt 0.015625 0.937500
vt 0.015625 0.953125
vt 0.007812 0.937500
vt 0.007812 0.953125
vt 0.101562 0.953125
vt 0.101562 0.937500
vt 0.125000 0.968750
vt 0.140625 0.968750
vt 0.031250 0.937500
vt 0.304688 0.423438
vt 0.304688 0.453125
vt 0.320312 0.453125
vt 0.320312 0.423438
vt 0.316406 0.429688
vt 0.316406 0.445312
vt 0.328125 0.445312
vt 0.328125 0.429688
vt 0.316406 0.423438
vt 0.316406 0.453125
vt 0.328125 0.453125
vt 0.328125 0.423438
vt 0.296875 0.423438
vt 0.296875 0.453125
vt 0.308594 0.453125
vt 0.308594 0.423438
vt 0.304688 0.437500
vt 0.304688 0.449219
vt 0.320312 0.449219
vt 0.320312 0.437500
vt 0.296875 0.429688
vt 0.296875 0.445312
vt 0.347656 0.445312
vt 0.347656 0.429688
vt 0.296875 0.437500
vt 0.296875 0.449219
vt 0.347656 0.449219
vt 0.347656 0.437500
vt 0.355469 0.449219
vt 0.355469 0.437500
vt 0.324219 0.445312
vt 0.355469 0.445312
vt 0.355469 0.429688
vt 0.324219 0.429688
vt 0.324219 0.449219
vt 0.324219 0.437500
vt 0.328125 0.449219
vt 0.328125 0.437500
vt 1.000000 0.937500
vt 1.000000 0.875000
vt 0.062500 0.000000
vt 0.937500 1.000000
vt 0.937500 0.000000
vt 0.062500 0.875000
vt 0.062500 0.937500
vt 0.937500 0.937500
vt 0.937500 0.875000
vt 0.000000 0.906250
vt 0.500000 0.937500
vt 0.500000 0.906250
vt 1.000000 0.906250
vt 0.968750 0.500000
vt 0.968750 1.000000
vt 1.000000 1.000000
vt 1.000000 0.500000
vt 0.968750 0.000000
vt 1.000000 0.000000
vt 0.968750 0.906250
vt 0.968750 0.937500
vt 0.031250 0.906250
vt 0.125000 0.000000
vt 0.125000 0.062500
vt 1.000000 0.062500
vt 0.125000 0.937500
vt 0.875000 0.937500
vt 0.875000 0.875000
vt 0.937500 0.906250
vt 0.062500 0.906250
vt 0.187500 0.031250
vt 0.187500 0.062500
vt 1.000000 0.031250
vt 0.187500 0.937500
vt 0.187500 0.968750
vt 1.000000 0.968750
vt 0.187500 0.906250
vt 0.812500 0.937500
vt 0.812500 0.906250
vt 0.625000 0.000000
vt 0.625000 0.031250
vt 0.625000 0.968750
vt 0.625000 1.000000
vt 0.625000 0.906250
vt 0.625000 0.937500
vt 0.375000 0.937500
vt 0.375000 0.906250
vt 0.031250 0.000000
vt 0.250000 0.031250
vt 0.250000 0.062500
vt 0.281250 0.062500
vt 0.281250 0.031250
vt 0.250000 0.937500
vt 0.250000 0.968750
vt 0.281250 0.968750
vt 0.281250 0.937500
vt 0.250000 0.000000
vt 0.281250 0.000000
vt 0.718750 0.000000
vt 0.718750 0.937500
vt 0.750000 0.937500
vt 0.750000 0.000000
vt 0.312500 0.062500
vt 0.312500 0.031250
vt 0.312500 0.968750
vt 0.312500 0.937500
vt 0.312500 0.000000
vt 0.687500 0.000000
vt 0.687500 0.937500
vt 0.281250 1.000000
vt 0.312500 1.000000
vt 0.250000 0.906250
vt 0.281250 0.906250
vt 0.718750 0.906250
vt 0.750000 0.906250
vt 0.500000 0.875000
vt 0.031250 0.500000
vt 0.218750 0.500000
vt 0.218750 0.000000
vt 0.031250 0.875000
vt 0.218750 0.937500
vt 0.218750 0.875000
vt 0.406250 0.875000
vt 0.406250 0.937500
vt 0.593750 0.937500
vt 0.593750 0.875000
vt 0.500000 0.812500
vt 1.000000 0.812500
vt 0.000000 0.812500
vt 0.156250 0.000000
vt 0.156250 0.500000
vt 0.156250 0.812500
vt 0.156250 0.937500
vt 0.218750 0.812500
vt 0.406250 0.812500
vt 0.468750 0.937500
vt 0.468750 0.812500
vt 0.515625 0.515625
vt 0.515625 0.718750
vt 0.500000 0.515625
vt 0.515625 0.734375
vt 0.937500 0.812500
vt 0.937500 0.062500
vt 0.062500 0.812500
vt 0.703125 0.718750
vt 0.703125 0.734375
vt 0.546875 0.734375
vt 0.546875 0.718750
vt 0.125000 0.171875
vt 0.125000 0.990625
vt 0.031250 0.990625
vt 0.031250 0.171875
vt 0.093750 0.171875
vt 0.093750 0.990625
vt 0.000000 0.990625
vt 0.000000 0.171875
vt 0.125000 0.906250
vt 0.125000 0.875000
vt 0.062500 0.990625
vt 0.062500 0.171875
vt 0.125000 0.181250
vt 0.031250 0.181250
vt 0.093750 0.181250
vt 0.093750 1.000000
vt 0.000000 0.181250
vt 0.062500 0.181250
vt 1.000000 0.625000
vt 1.000000 0.687500
vt 0.468750 0.687500
vt 0.468750 0.625000
vt 0.843750 0.562500
vt 0.843750 0.625000
vt 0.312500 0.625000
vt 0.312500 0.562500
vt 0.656250 0.218750
vt 0.656250 0.750000
vt 0.156250 0.750000
vt 0.156250 0.218750
vt 0.500000 0.375000
vt 0.000000 0.375000
vt 0.718750 0.750000
vt 0.718750 0.812500
vt 0.218750 0.750000
vt 0.843750 0.500000
vt 0.343750 0.562500
vt 0.343750 0.500000
vt 0.937500 0.968750
vt 0.843750 0.968750
vt 0.843750 0.937500
vt 0.156250 0.968750
vt 0.125000 0.843750
vt 0.062500 0.843750
vt 0.125000 0.156250
vt 0.062500 0.156250
vt 0.062500 0.062500
vt 0.562500 0.937500
vt 0.562500 0.968750
vt 0.437500 0.968750
vt 0.437500 0.937500
vt 0.125000 0.562500
vt 0.093750 0.562500
vt 0.093750 0.000000
vt 0.125000 0.437500
vt 0.093750 0.437500
vt 0.093750 0.968750
vt 0.093750 0.937500
vt 0.750000 1.000000
vt 0.750000 0.875000
vt 0.750000 0.968750
vt 0.500000 1.000000
vt 0.500000 0.968750
vt 0.312500 0.843750
vt 0.603553 0.906250
vt 0.603553 1.000000
vt 0.603553 0.875000
vt 0.603553 0.968750
vt 0.603553 0.937500
vt 0.137500 0.875000
vt 0.137500 1.000000
vt 0.150000 0.875000
vt 0.150000 1.000000
vt 0.012500 0.875000
vt 0.187500 1.000000
vt 0.125000 0.812500
vt 0.125000 0.343750
vt 0.093750 0.343750
vt 0.031250 0.343750
vt 0.000000 0.343750
vt 0.062500 0.343750
vt 0.468750 1.000000
vt 0.125000 0.531250
vt 0.062500 0.531250
vt 0.125000 0.500000
vt 0.062500 0.500000
vt 0.000000 0.148438
vt 0.000000 0.187500
vt 0.015625 0.148438
vt 0.015625 0.187500
vt 0.039062 0.187500
vt 0.039062 0.148438
vt 0.890625 0.265625
vt 0.890625 0.343750
vt 0.812500 0.343750
vt 0.812500 0.265625
vt 0.703125 0.078125
vt 0.703125 0.390625
vt 0.687500 0.390625
vt 0.687500 0.078125
vt 0.531250 0.078125
vt 0.531250 0.390625
vt 0.515625 0.390625
vt 0.515625 0.078125
vt 0.703125 0.375000
vt 0.515625 0.375000
vt 0.703125 0.093750
vt 0.515625 0.093750
vt 0.468750 0.468750
vt 0.468750 0.734375
vt 0.437500 0.734375
vt 0.437500 0.468750
vt 0.312500 0.468750
vt 0.312500 0.734375
vt 0.281250 0.734375
vt 0.281250 0.468750
vt 0.468750 0.703125
vt 0.281250 0.703125
vt 0.468750 0.500000
vt 0.281250 0.500000
vt 0.031250 0.109375
vt 0.031250 0.125000
vt 0.000000 0.125000
vt 0.000000 0.109375
vt 0.324762 0.675237
vt 0.375000 0.762263
vt 0.187500 0.812500
vt 0.375000 0.862737
vt 0.324762 0.949763
vt 0.237738 1.000000
vt 0.137262 1.000000
vt 0.050237 0.949763
vt 0.000000 0.862737
vt 0.000000 0.762263
vt 0.050237 0.675237
vt 0.137262 0.625000
vt 0.237738 0.625000
vt 0.296875 0.343750
vt 0.310481 0.343750
vt 0.310481 0.359375
vt 0.296875 0.359375
vt 0.306775 0.359375
vt 0.306775 0.343750
vt 0.296875 0.357521
vt 0.296875 0.347621
vt 0.303793 0.345768
vt 0.303792 0.359375
vt 0.296875 0.352457
vt 0.310482 0.352457
vt 0.308628 0.359375
vt 0.298728 0.359375
vt 0.296875 0.357522
vt 0.296875 0.347622
vt 0.303792 0.345768
vt 0.303793 0.359375
vt 0.308629 0.359375
vt 0.298729 0.359375
vt 0.296875 0.357522
vt 0.296875 0.347622
vt 0.303792 0.345769
vt 0.303792 0.359375
vt 0.298728 0.359375
vt 0.296875 0.352457
vt 0.310482 0.352458
vt 0.303793 0.345768
vt 0.303793 0.359375
vt 0.296875 0.357521
vt 0.296875 0.347621
vt 0.308629 0.359375
vt 0.298729 0.359375
vt 0.296875 0.352458
vt 0.310482 0.352457
vt 0.296875 0.357522
vt 0.308628 0.359375
vt 0.298728 0.359375
vt 0.296875 0.352458
vt 0.310481 0.352458
vt 0.298728 0.352458
vt 0.308628 0.352458
vt 0.303793 0.347622
vt 0.303793 0.357522
vt 0.296876 0.345768
vt 0.310482 0.359375
vt 0.298729 0.352457
vt 0.308629 0.352458
vt 0.303793 0.347621
vt 0.303793 0.357521
vt 0.296876 0.359375
vt 0.296875 0.345768
vt 0.298728 0.352458
vt 0.308628 0.352457
vt 0.303792 0.347622
vt 0.303792 0.357522
vt 0.296875 0.345769
vt 0.298729 0.352457
vt 0.308629 0.352457
vt 0.296875 0.359374
vt 0.303793 0.347622
vt 0.303792 0.357522
vt 0.298728 0.352457
vt 0.308628 0.352457
vt 0.310482 0.359374
vt 0.303792 0.347621
vt 0.303793 0.357521
vt 0.343750 0.351562
vt 0.343750 0.359375
vt 0.312500 0.359375
vt 0.312500 0.351562
vt 0.312500 0.375000
vt 0.281250 0.375000
vt 0.359375 0.367188
vt 0.359375 0.375000
vt 0.328125 0.375000
vt 0.328125 0.367188
vt 0.296875 0.375000
vt 0.296875 0.367188
vt 0.406250 0.452847
vt 0.406250 0.468750
vt 0.390625 0.468750
vt 0.390625 0.452847
vt 0.437500 0.452847
vt 0.421875 0.468750
vt 0.421875 0.452847
vt 0.367802 0.406250
vt 0.367802 0.421875
vt 0.359990 0.421875
vt 0.359990 0.406250
vt 0.367802 0.359375
vt 0.367802 0.375000
vt 0.359990 0.375000
vt 0.359990 0.359375
vt 0.399052 0.390347
vt 0.399052 0.406250
vt 0.391240 0.406250
vt 0.391240 0.390347
vt 0.359375 0.390347
vt 0.359375 0.406250
vt 0.351562 0.406250
vt 0.351562 0.390347
vt 0.375000 0.343472
vt 0.375000 0.359375
vt 0.359375 0.359375
vt 0.359375 0.343472
vt 0.367802 0.453125
vt 0.367802 0.468750
vt 0.359990 0.468750
vt 0.359990 0.453125
vt 0.399052 0.421875
vt 0.399052 0.437500
vt 0.391240 0.437500
vt 0.391240 0.421875
vt 0.414677 0.452847
vt 0.414677 0.468750
vt 0.406865 0.468750
vt 0.406865 0.452847
vt 0.343750 0.343472
vt 0.335938 0.359375
vt 0.335938 0.343472
vt 0.375000 0.421875
vt 0.421875 0.421875
vt 0.375000 0.468750
vt 0.343750 0.343750
vt 0.343750 0.390625
vt 0.296875 0.390625
vt 0.375000 0.375000
vt 0.328125 0.359375
vt 0.390625 0.453125
vt 0.343750 0.453125
vt 0.343750 0.437500
vt 0.390625 0.437500
vt 0.312500 0.406250
vt 0.359375 0.453125
vt 0.312500 0.453125
vt 0.390625 0.390625
vt 0.375000 0.328125
vt 0.375000 0.343750
vt 0.328125 0.343750
vt 0.328125 0.328125
vt 0.312500 0.437500
vt 0.359375 0.437500
vt 0.265625 0.453125
vt 0.265625 0.437500
vt 0.296875 0.406250
vt 0.265625 0.406250
vt 0.210781 0.797031
vt 0.242188 0.851406
vt 0.125000 0.882812
vt 0.242188 0.914219
vt 0.210781 0.968594
vt 0.156406 1.000000
vt 0.093594 1.000000
vt 0.039219 0.968594
vt 0.007812 0.914219
vt 0.007812 0.851406
vt 0.039219 0.797031
vt 0.093594 0.765625
vt 0.156406 0.765625
vt 0.281250 0.343750
vt 0.289622 0.343750
vt 0.289622 0.359375
vt 0.281250 0.359375
vt 0.285731 0.359375
vt 0.285731 0.343750
vt 0.281250 0.357427
vt 0.281250 0.352945
vt 0.288514 0.351001
vt 0.288510 0.359375
vt 0.281250 0.352112
vt 0.289624 0.352112
vt 0.287677 0.359375
vt 0.283195 0.359373
vt 0.281250 0.357431
vt 0.281250 0.352948
vt 0.288510 0.351001
vt 0.288514 0.359375
vt 0.287680 0.359373
vt 0.283197 0.359375
vt 0.281250 0.357430
vt 0.281250 0.352948
vt 0.288511 0.351003
vt 0.288511 0.359375
vt 0.287677 0.359375
vt 0.283194 0.359375
vt 0.281250 0.352111
vt 0.289624 0.352115
vt 0.288513 0.351001
vt 0.288513 0.359375
vt 0.281250 0.357428
vt 0.281252 0.352945
vt 0.287680 0.359375
vt 0.283198 0.359375
vt 0.281250 0.352115
vt 0.289624 0.352111
vt 0.281252 0.357430
vt 0.281250 0.352948
vt 0.287677 0.359375
vt 0.283195 0.359375
vt 0.281250 0.352114
vt 0.289622 0.352114
vt 0.283195 0.352114
vt 0.287677 0.352114
vt 0.288514 0.352948
vt 0.288514 0.357431
vt 0.281254 0.351001
vt 0.289624 0.359375
vt 0.283197 0.352112
vt 0.287680 0.352114
vt 0.288514 0.352945
vt 0.288514 0.357427
vt 0.281254 0.359375
vt 0.281250 0.351001
vt 0.283195 0.352114
vt 0.287677 0.352112
vt 0.288511 0.352948
vt 0.288511 0.357430
vt 0.281250 0.351003
vt 0.283198 0.352111
vt 0.287680 0.352111
vt 0.281250 0.359371
vt 0.288513 0.352948
vt 0.288511 0.357430
vt 0.283194 0.352111
vt 0.287677 0.352111
vt 0.289624 0.359371
vt 0.288511 0.352945
vt 0.288513 0.357428
vt 0.324219 0.421875
vt 0.312500 0.421875
vt 0.343750 0.421875
vt 0.332031 0.437500
vt 0.332031 0.421875
vt 0.328125 0.406250
vt 0.328125 0.417969
vt 0.320312 0.417969
vt 0.320312 0.406250
vt 0.328125 0.347656
vt 0.320312 0.359375
vt 0.320312 0.347656
vt 0.312500 0.390625
vt 0.304688 0.390625
vt 0.304688 0.375000
vt 0.335938 0.515625
vt 0.335938 0.531250
vt 0.328125 0.531250
vt 0.328125 0.515625
vt 0.292969 0.406250
vt 0.292969 0.421875
vt 0.281250 0.421875
vt 0.281250 0.406250
vt 0.300781 0.421875
vt 0.300781 0.406250
vt 0.296875 0.402344
vt 0.289062 0.402344
vt 0.289062 0.390625
vt 0.296875 0.410156
vt 0.296875 0.421875
vt 0.289062 0.421875
vt 0.289062 0.410156
vt 0.328125 0.421875
vt 0.320312 0.421875
vt 0.390625 0.359375
vt 0.390625 0.421875
vt 0.390625 0.343750
vt 0.390625 0.406250
vt 0.359375 0.343750
vt 0.375000 0.406250
vt 0.312500 0.343750
vt 0.375000 0.390625
vt 0.312500 0.328125
vt 0.828125 0.484375
vt 0.828125 0.734375
vt 0.843750 0.734375
vt 0.843750 0.484375
vt 0.765625 0.734375
vt 0.765625 0.750000
vt 0.828125 0.750000
vt 0.187500 0.750000
vt 0.250000 0.750000
vt 0.765625 0.562500
vt 0.796875 0.734375
vt 0.796875 0.562500
vt 0.890625 0.656250
vt 0.890625 0.671875
vt 0.906250 0.671875
vt 0.906250 0.656250
vt 0.953125 0.515625
vt 0.953125 0.531250
vt 0.968750 0.531250
vt 0.968750 0.515625
vt 0.921875 0.687500
vt 0.921875 0.703125
vt 0.984375 0.703125
vt 0.984375 0.687500
vt 0.890625 0.609375
vt 0.890625 0.625000
vt 0.953125 0.625000
vt 0.953125 0.609375
vt 0.921875 0.671875
vt 0.984375 0.671875
vt 0.906250 0.528622
vt 0.921875 0.528622
vt 0.937500 0.671875
vt 0.937500 0.528622
vt 0.921875 0.640625
vt 0.921875 0.656250
vt 0.936259 0.656250
vt 0.936259 0.640625
vt 0.937500 0.656250
vt 0.951884 0.671875
vt 0.951884 0.656250
vt 0.889384 0.671875
vt 0.889384 0.528622
vt 0.968750 0.544247
vt 0.968750 0.687500
vt 0.983134 0.687500
vt 0.983134 0.544247
vt 0.875000 0.528622
vt 0.875000 0.671875
vt 0.890625 0.528622
vt 0.953125 0.671875
vt 0.953125 0.528622
vt 0.905009 0.625000
vt 0.905009 0.609375
vt 0.921875 0.578125
vt 0.921875 0.593750
vt 0.936259 0.593750
vt 0.936259 0.578125
vt 0.890625 0.544247
vt 0.890625 0.687500
vt 0.905009 0.687500
vt 0.905009 0.544247
vt 0.125000 0.718750
vt 0.125000 0.734375
vt 0.140625 0.734375
vt 0.140625 0.718750
vt 0.062500 0.718750
vt 0.062500 0.734375
vt 0.078125 0.734375
vt 0.078125 0.718750
vt 0.968750 0.671875
vt 0.000000 0.718750
vt 0.000000 0.734375
vt 0.015625 0.734375
vt 0.015625 0.718750
vt 0.937500 0.515625
vt 0.937500 0.531250
vt 0.046875 0.695312
vt 0.078125 0.695312
vt 0.203125 0.695312
vt 0.203125 0.750000
vt 0.234375 0.750000
vt 0.234375 0.695312
vt 0.140625 0.703125
vt 0.183594 0.734375
vt 0.183594 0.703125
vt 0.000000 0.703125
vt 0.042969 0.734375
vt 0.042969 0.703125
vt 0.121094 0.750000
vt 0.121094 0.695312
vt 0.921875 0.632812
vt 0.964844 0.687500
vt 0.964844 0.632812
vt 0.046875 0.699219
vt 0.046875 0.742188
vt 0.078125 0.742188
vt 0.078125 0.699219
vt 0.140625 0.699219
vt 0.140625 0.742188
vt 0.171875 0.742188
vt 0.171875 0.699219
vt 0.082031 0.703125
vt 0.082031 0.734375
vt 0.113281 0.734375
vt 0.113281 0.703125
vt 0.019531 0.703125
vt 0.019531 0.734375
vt 0.050781 0.734375
vt 0.050781 0.703125
vt 0.097656 0.699219
vt 0.097656 0.742188
vt 0.128906 0.742188
vt 0.128906 0.699219
vt 0.929688 0.589844
vt 0.929688 0.632812
vt 0.960938 0.632812
vt 0.960938 0.589844
vt 0.078125 0.710938
vt 0.078125 0.726562
vt 0.109375 0.726562
vt 0.109375 0.710938
vt 0.171875 0.710938
vt 0.171875 0.726562
vt 0.203125 0.726562
vt 0.203125 0.710938
vt 0.089844 0.703125
vt 0.089844 0.734375
vt 0.105469 0.734375
vt 0.105469 0.703125
vt 0.058594 0.734375
vt 0.058594 0.703125
vt 0.136719 0.710938
vt 0.136719 0.726562
vt 0.152344 0.726562
vt 0.152344 0.710938
vt 0.937500 0.664062
vt 0.937500 0.679688
vt 0.953125 0.679688
vt 0.953125 0.664062
s 1
usemtl m_3d215661-f591-00a8-53e2-d8d611c756be.001
f 4/1/1 2/2/1 1/3/1 3/4/1
f 7/1/2 5/2/2 6/3/2 8/4/2
f 1/5/3 2/6/3 6/7/3 5/8/3
f 4/5/4 3/6/4 7/7/4 8/8/4
f 3/9/5 1/10/5 5/11/5 7/12/5
f 8/1/6 6/2/6 2/3/6 4/4/6
f 2/13/1 10/2/1 9/3/1 1/14/1
f 5/13/2 11/2/2 12/3/2 6/14/2
f 9/5/3 10/6/3 12/7/3 11/8/3
f 1/15/5 9/10/5 11/11/5 5/16/5
f 6/13/6 12/2/6 10/3/6 2/14/6
f 14/1/1 4/2/1 3/3/1 13/4/1
f 15/1/2 7/2/2 8/3/2 16/4/2
f 14/5/4 13/6/4 15/7/4 16/8/4
f 13/9/5 3/10/5 7/11/5 15/12/5
f 16/1/6 8/2/6 4/3/6 14/4/6
f 18/17/1 14/2/1 13/3/1 17/18/1
f 19/17/2 15/2/2 16/3/2 20/18/2
f 18/5/4 17/6/4 19/7/4 20/8/4
f 17/19/5 13/10/5 15/11/5 19/20/5
f 20/17/6 16/2/6 14/3/6 18/18/6
f 24/21/1 22/6/1 21/22/1 23/23/1
f 27/23/2 25/22/2 26/24/2 28/25/2
f 21/22/3 22/2/3 26/11/3 25/7/3
f 24/23/4 23/22/4 27/7/4 28/26/4
f 23/23/5 21/22/5 25/7/5 27/26/5
f 28/21/6 26/6/6 22/27/6 24/28/6
f 32/21/1 30/6/1 29/24/1 31/25/1
f 34/23/2 33/22/2 25/27/2 27/28/2
f 29/28/3 30/29/3 25/11/3 33/26/3
f 32/30/4 31/27/4 34/7/4 27/31/4
f 31/28/5 29/27/5 33/7/5 34/26/5
f 27/21/6 25/6/6 30/22/6 32/23/6
f 38/21/1 36/6/1 35/22/1 37/23/1
f 40/23/2 39/22/2 33/24/2 34/25/2
f 35/22/3 36/2/3 33/11/3 39/7/3
f 38/23/4 37/22/4 40/7/4 34/26/4
f 37/23/5 35/22/5 39/7/5 40/26/5
f 34/21/6 33/6/6 36/27/6 38/28/6
f 44/21/1 42/6/1 41/22/1 43/23/1
f 47/23/2 45/22/2 46/24/2 48/25/2
f 41/22/3 42/2/3 46/11/3 45/7/3
f 44/23/4 43/22/4 47/7/4 48/26/4
f 43/23/5 41/22/5 45/7/5 47/26/5
f 48/21/6 46/6/6 42/27/6 44/28/6
f 52/21/1 50/6/1 49/24/1 51/25/1
f 54/23/2 53/22/2 45/27/2 47/28/2
f 49/28/3 50/29/3 45/11/3 53/26/3
f 52/30/4 51/27/4 54/7/4 47/31/4
f 51/28/5 49/27/5 53/7/5 54/26/5
f 47/21/6 45/6/6 50/22/6 52/23/6
f 58/21/1 56/6/1 55/22/1 57/23/1
f 60/23/2 59/22/2 53/24/2 54/25/2
f 55/22/3 56/2/3 53/11/3 59/7/3
f 58/23/4 57/22/4 60/7/4 54/26/4
f 57/23/5 55/22/5 59/7/5 60/26/5
f 54/21/6 53/6/6 56/27/6 58/28/6
f 64/21/1 62/6/1 61/24/1 63/25/1
f 67/23/2 65/22/2 66/27/2 68/28/2
f 61/28/3 62/29/3 66/11/3 65/26/3
f 64/30/4 63/27/4 67/7/4 68/31/4
f 63/28/5 61/27/5 65/7/5 67/26/5
f 68/21/6 66/6/6 62/22/6 64/23/6
f 72/21/1 70/6/1 69/22/1 71/23/1
f 74/23/2 73/22/2 65/24/2 67/25/2
f 69/22/3 70/2/3 65/11/3 73/7/3
f 72/23/4 71/22/4 74/7/4 67/26/4
f 71/23/5 69/22/5 73/7/5 74/26/5
f 67/21/6 65/6/6 70/27/6 72/28/6
f 78/21/1 76/6/1 75/22/1 77/23/1
f 68/23/2 66/22/2 79/24/2 80/25/2
f 75/22/3 76/2/3 79/11/3 66/7/3
f 78/23/4 77/22/4 68/7/4 80/26/4
f 77/23/5 75/22/5 66/7/5 68/26/5
f 80/21/6 79/6/6 76/27/6 78/28/6
f 84/32/1 82/33/1 81/10/1 83/9/1
f 87/32/2 85/33/2 86/10/2 88/9/2
f 81/28/3 82/29/3 86/10/3 85/21/3
f 84/28/4 83/29/4 87/10/4 88/21/4
f 83/34/5 81/29/5 85/10/5 87/9/5
f 88/34/6 86/29/6 82/10/6 84/9/6
f 92/32/1 90/33/1 89/10/1 91/9/1
f 95/32/2 93/33/2 94/10/2 96/9/2
f 89/28/3 90/29/3 94/10/3 93/21/3
f 92/28/4 91/29/4 95/10/4 96/21/4
f 91/34/5 89/29/5 93/10/5 95/9/5
f 96/34/6 94/29/6 90/10/6 92/9/6
f 98/35/1 81/36/1 90/37/1 97/38/1
f 99/35/2 94/36/2 85/37/2 100/38/2
f 90/39/3 81/40/3 85/10/3 94/41/3
f 98/39/4 97/40/4 99/10/4 100/41/4
f 97/42/5 90/40/5 94/10/5 99/6/5
f 100/42/6 85/40/6 81/10/6 98/6/6
f 104/43/1 102/44/1 101/45/1 103/46/1
f 107/43/2 105/44/2 106/45/2 108/46/2
f 101/47/3 102/29/3 106/10/3 105/41/3
f 104/47/4 103/29/4 107/10/4 108/41/4
f 103/48/5 101/49/5 105/45/5 107/46/5
f 108/48/6 106/49/6 102/45/6 104/46/6
f 112/50/1 110/44/1 109/45/1 111/51/1
f 115/50/2 113/44/2 114/45/2 116/51/2
f 109/47/3 110/29/3 114/10/3 113/41/3
f 112/47/4 111/29/4 115/10/4 116/41/4
f 111/48/5 109/49/5 113/45/5 115/46/5
f 116/48/6 114/49/6 110/45/6 112/46/6
f 120/52/1 118/53/1 117/54/1 119/55/1
f 123/52/2 121/53/2 122/54/2 124/55/2
f 117/56/3 118/57/3 122/58/3 121/59/3
f 120/56/4 119/57/4 123/58/4 124/59/4
f 119/56/5 117/57/5 121/58/5 123/59/5
f 124/56/6 122/57/6 118/58/6 120/59/6
f 128/52/1 126/53/1 125/54/1 127/55/1
f 131/52/2 129/53/2 130/54/2 132/55/2
f 125/56/3 126/57/3 130/58/3 129/59/3
f 128/56/4 127/57/4 131/58/4 132/59/4
f 127/56/5 125/57/5 129/58/5 131/59/5
f 132/56/6 130/57/6 126/58/6 128/59/6
f 136/52/1 134/53/1 133/54/1 135/55/1
f 139/52/2 137/53/2 138/54/2 140/55/2
f 133/56/3 134/57/3 138/58/3 137/59/3
f 136/56/4 135/57/4 139/58/4 140/59/4
f 135/56/5 133/57/5 137/58/5 139/59/5
f 140/56/6 138/57/6 134/58/6 136/59/6
f 144/52/1 142/53/1 141/54/1 143/55/1
f 147/52/2 145/53/2 146/54/2 148/55/2
f 141/56/3 142/57/3 146/58/3 145/59/3
f 144/56/4 143/57/4 147/58/4 148/59/4
f 143/56/5 141/57/5 145/58/5 147/59/5
f 148/56/6 146/57/6 142/58/6 144/59/6
f 152/60/1 150/61/1 149/62/1 151/63/1
f 155/60/2 153/61/2 154/62/2 156/63/2
f 149/64/3 150/61/3 154/62/3 153/65/3
f 152/64/4 151/61/4 155/62/4 156/65/4
f 151/60/5 149/61/5 153/62/5 155/63/5
f 156/60/6 154/61/6 150/62/6 152/63/6
f 160/22/1 158/2/1 157/66/1 159/67/1
f 163/22/2 161/2/2 162/66/2 164/67/2
f 157/15/3 158/6/3 162/68/3 161/69/3
f 160/15/4 159/6/4 163/68/4 164/69/4
f 159/6/5 157/10/5 161/70/5 163/68/5
f 164/6/6 162/10/6 158/70/6 160/68/6
f 168/71/7 166/72/7 165/40/7 167/73/7
f 171/21/8 169/10/8 170/74/8 172/75/8
f 165/76/9 166/77/9 170/78/9 169/79/9
f 168/80/10 167/10/10 171/3/10 172/81/10
f 167/21/5 165/10/5 169/3/5 171/82/5
f 172/21/6 170/10/6 166/3/6 168/82/6
f 176/71/9 174/72/9 173/40/9 175/73/9
f 179/21/10 177/10/10 178/74/10 180/75/10
f 173/76/8 174/77/8 178/78/8 177/79/8
f 176/80/7 175/10/7 179/3/7 180/81/7
f 175/21/5 173/10/5 177/3/5 179/82/5
f 180/21/6 178/10/6 174/3/6 176/82/6
f 184/21/9 182/10/9 181/74/9 183/75/9
f 187/71/10 185/72/10 186/40/10 188/73/10
f 181/80/8 182/10/8 186/3/8 185/81/8
f 184/76/7 183/77/7 187/78/7 188/79/7
f 183/21/5 181/10/5 185/3/5 187/82/5
f 188/21/6 186/10/6 182/3/6 184/82/6
f 192/21/7 190/10/7 189/74/7 191/75/7
f 195/71/8 193/72/8 194/40/8 196/73/8
f 189/80/9 190/10/9 194/3/9 193/81/9
f 192/76/10 191/77/10 195/78/10 196/79/10
f 191/21/5 189/10/5 193/3/5 195/82/5
f 196/21/6 194/10/6 190/3/6 192/82/6
f 200/83/1 198/84/1 197/85/1 199/86/1
f 202/83/2 201/84/2 40/85/2 203/86/2
f 197/87/3 198/88/3 40/89/3 201/90/3
f 200/87/4 199/88/4 202/89/4 203/90/4
f 199/91/5 197/92/5 201/93/5 202/94/5
f 203/91/6 40/92/6 198/93/6 200/94/6
f 207/95/7 205/3/7 204/96/7 206/97/7
f 210/98/8 208/10/8 209/99/8 211/100/8
f 204/101/9 205/5/9 209/102/9 208/103/9
f 207/104/10 206/10/10 210/3/10 211/105/10
f 206/98/5 204/10/5 208/3/5 210/95/5
f 211/98/6 209/10/6 205/3/6 207/95/6
f 215/95/7 213/3/7 212/96/7 214/97/7
f 218/98/8 216/10/8 217/99/8 219/100/8
f 212/101/9 213/5/9 217/102/9 216/103/9
f 215/104/10 214/10/10 218/3/10 219/105/10
f 214/98/5 212/10/5 216/3/5 218/95/5
f 219/98/6 217/10/6 213/3/6 215/95/6
f 223/6/1 221/10/1 220/106/1 222/107/1
f 226/6/2 224/10/2 225/106/2 227/107/2
f 220/108/3 221/10/3 225/109/3 224/110/3
f 223/108/4 222/10/4 226/109/4 227/110/4
f 222/6/5 220/10/5 224/109/5 226/111/5
f 227/6/6 225/10/6 221/109/6 223/111/6
f 231/23/1 229/2/1 228/112/1 230/113/1
f 234/23/2 232/2/2 233/112/2 235/113/2
f 228/114/3 229/115/3 233/116/3 232/117/3
f 231/118/4 230/2/4 234/119/4 235/120/4
f 230/71/5 228/72/5 232/121/5 234/122/5
f 235/21/6 233/10/6 229/123/6 231/124/6
f 238/23/2 236/2/2 237/112/2 239/113/2
f 232/114/3 233/115/3 237/116/3 236/117/3
f 235/118/4 234/2/4 238/119/4 239/120/4
f 234/71/5 232/72/5 236/121/5 238/122/5
f 239/21/6 237/10/6 233/123/6 235/124/6
f 229/125/1 241/126/1 240/37/1 228/38/1
f 244/125/2 242/126/2 243/37/2 245/38/2
f 240/114/3 241/115/3 243/116/3 242/117/3
f 229/114/4 228/115/4 244/116/4 245/117/4
f 228/127/5 240/128/5 242/37/5 244/38/5
f 245/41/6 243/98/6 241/129/6 229/130/6
f 233/112/2 246/106/2 235/131/2
f 248/106/1 247/66/1 249/131/1
f 248/107/3 246/67/3 233/132/3 247/131/3
f 247/106/5 233/66/5 235/132/5 249/131/5
f 246/112/11 248/106/11 249/131/11 235/113/11
f 250/112/2 251/106/2 252/131/2
f 254/106/1 253/66/1 255/131/1
f 254/107/3 251/67/3 250/132/3 253/131/3
f 253/106/5 250/66/5 252/132/5 255/131/5
f 251/112/11 254/106/11 255/131/11 252/113/11
f 256/112/2 257/106/2 258/131/2
f 260/106/1 259/66/1 261/131/1
f 260/107/3 257/67/3 256/132/3 259/131/3
f 259/106/5 256/66/5 258/132/5 261/131/5
f 257/112/11 260/106/11 261/131/11 258/113/11
f 262/112/2 263/106/2 264/131/2
f 266/106/1 265/66/1 267/131/1
f 266/107/3 263/67/3 262/132/3 265/131/3
f 265/106/5 262/66/5 264/132/5 267/131/5
f 263/112/11 266/106/11 267/131/11 264/113/11
f 268/112/2 269/106/2 270/131/2
f 223/106/1 245/66/1 271/131/1
f 223/107/3 269/67/3 268/132/3 245/131/3
f 245/106/5 268/66/5 270/132/5 271/131/5
f 269/112/11 223/106/11 271/131/11 270/113/11
f 273/106/2 272/112/2 274/131/2
f 275/66/1 276/106/1 277/131/1
f 272/132/3 273/67/3 276/107/3 275/131/3
f 274/132/6 272/66/6 275/106/6 277/131/6
f 277/131/12 276/106/12 273/112/12 274/113/12
f 279/106/2 278/112/2 280/131/2
f 281/66/1 282/106/1 283/131/1
f 278/132/3 279/67/3 282/107/3 281/131/3
f 280/132/6 278/66/6 281/106/6 283/131/6
f 283/131/12 282/106/12 279/112/12 280/113/12
f 285/106/2 284/112/2 286/131/2
f 287/66/1 288/106/1 289/131/1
f 284/132/3 285/67/3 288/107/3 287/131/3
f 286/132/6 284/66/6 287/106/6 289/131/6
f 289/131/12 288/106/12 285/112/12 286/113/12
f 293/41/1 291/10/1 290/33/1 292/133/1
f 296/41/2 294/10/2 295/33/2 297/133/2
f 290/23/3 291/2/3 295/33/3 294/25/3
f 293/23/4 292/2/4 296/33/4 297/25/4
f 292/125/5 290/2/5 294/33/5 296/133/5
f 297/41/6 295/10/6 291/2/6 293/125/6
f 301/134/1 299/135/1 298/136/1 300/137/1
f 304/134/2 302/135/2 303/136/2 305/137/2
f 298/138/3 299/139/3 303/140/3 302/141/3
f 301/138/4 300/139/4 304/140/4 305/141/4
f 300/142/5 298/143/5 302/144/5 304/145/5
f 305/146/6 303/147/6 299/148/6 301/149/6
f 309/150/1 307/151/1 306/152/1 308/153/1
f 312/150/2 310/151/2 311/152/2 313/153/2
f 306/154/3 307/155/3 311/156/3 310/157/3
f 309/154/4 308/155/4 312/156/4 313/157/4
f 308/158/5 306/159/5 310/160/5 312/161/5
f 313/150/6 311/151/6 307/162/6 309/163/6
f 314/151/2 315/152/2 317/153/2 316/150/2
f 319/151/1 318/152/1 320/153/1 321/150/1
f 319/155/13 315/156/13 314/157/13 318/154/13
f 320/155/14 316/156/14 317/157/14 321/154/14
f 318/159/5 314/160/5 316/161/5 320/158/5
f 315/151/6 319/162/6 321/163/6 317/150/6
f 323/151/1 322/152/1 324/153/1 325/150/1
f 323/164/15 307/165/15 306/166/15 322/167/15
f 324/164/16 308/165/16 309/166/16 325/167/16
f 322/168/5 306/162/5 308/163/5 324/169/5
f 307/159/6 323/170/6 325/171/6 309/158/6
f 311/155/9 301/165/9 300/166/9 310/154/9
f 312/155/10 304/165/10 305/166/10 313/154/10
f 310/159/5 300/162/5 304/163/5 312/158/5
f 301/159/6 311/162/6 313/163/6 305/158/6
f 326/2/17 327/33/17 329/25/17 328/23/17
f 331/10/18 330/2/18 332/23/18 333/21/18
f 331/10/3 327/2/3 326/22/3 330/6/3
f 332/6/4 328/22/4 329/23/4 333/21/4
f 330/10/5 326/2/5 328/23/5 332/21/5
f 327/2/6 331/33/6 333/25/6 329/23/6
f 334/2/19 335/33/19 337/25/19 336/23/19
f 327/10/20 326/2/20 338/23/20 339/21/20
f 338/6/4 336/22/4 337/23/4 339/21/4
f 326/10/5 334/2/5 336/23/5 338/21/5
f 335/2/6 327/33/6 339/25/6 337/23/6
f 327/10/3 335/2/3 334/22/3 326/6/3
f 340/10/19 341/33/19 343/25/19 342/21/19
f 347/10/20 346/33/20 344/25/20 345/21/20
f 344/10/4 342/2/4 343/23/4 345/21/4
f 346/10/5 340/2/5 342/23/5 344/21/5
f 341/2/6 347/33/6 345/25/6 343/23/6
f 347/10/3 341/2/3 340/23/3 346/21/3
f 346/10/17 347/33/17 349/25/17 348/21/17
f 351/10/18 350/33/18 352/25/18 353/21/18
f 351/10/3 347/2/3 346/23/3 350/21/3
f 352/10/4 348/2/4 349/23/4 353/21/4
f 350/10/5 346/2/5 348/23/5 352/21/5
f 347/2/6 351/33/6 353/25/6 349/23/6
f 469/269/1 467/270/1 466/56/1 468/271/1
f 472/269/2 470/270/2 471/56/2 473/271/2
f 466/270/3 467/272/3 471/57/3 470/56/3
f 469/270/4 468/272/4 472/57/4 473/56/4
f 468/269/5 466/270/5 470/56/5 472/271/5
f 473/269/6 471/270/6 467/56/6 469/271/6
f 477/269/1 475/270/1 474/56/1 476/271/1
f 480/269/2 478/270/2 479/56/2 481/271/2
f 474/270/3 475/272/3 479/57/3 478/56/3
f 477/270/4 476/272/4 480/57/4 481/56/4
f 476/269/5 474/270/5 478/56/5 480/271/5
f 481/269/6 479/270/6 475/56/6 477/271/6
f 517/55/1 515/54/1 514/53/1 516/52/1
f 520/270/2 518/272/2 519/57/2 521/56/2
f 514/276/3 515/277/3 519/278/3 518/279/3
f 517/276/4 516/277/4 520/278/4 521/279/4
f 516/276/5 514/277/5 518/278/5 520/279/5
f 521/276/6 519/277/6 515/278/6 517/279/6
f 675/366/1 673/367/1 672/367/1 674/366/1
f 678/368/2 676/369/2 677/369/2 679/368/2
f 672/370/3 673/370/3 677/367/3 676/367/3
f 675/370/4 674/370/4 678/367/4 679/367/4
f 674/371/5 672/370/5 676/367/5 678/366/5
f 679/372/6 677/373/6 673/374/6 675/375/6
f 682/376/1 681/377/1 680/378/1 525/379/1
f 537/380/2 683/381/2 684/382/2 685/383/2
f 680/384/3 681/377/3 684/382/3 683/385/3
f 682/376/4 525/386/4 537/387/4 685/383/4
f 525/376/5 680/377/5 683/382/5 537/383/5
f 685/376/6 684/377/6 681/382/6 682/383/6
f 529/388/1 687/389/1 686/390/1 688/391/1
f 691/392/2 689/393/2 690/394/2 533/395/2
f 686/396/3 687/389/3 690/394/3 689/397/3
f 529/388/4 688/398/4 691/399/4 533/395/4
f 688/388/5 686/389/5 689/394/5 691/395/5
f 533/400/6 690/401/6 687/402/6 529/403/6
f 705/417/41 709/418/41 710/419/41 706/420/41
f 708/421/42 712/420/42 711/417/42 707/422/42
f 707/423/5 711/424/5 709/425/5 705/426/5
f 706/427/6 710/428/6 712/429/6 708/430/6
f 709/417/43 713/418/43 714/419/43 710/420/43
f 712/421/44 716/420/44 715/417/44 711/422/44
f 711/431/5 715/432/5 713/433/5 709/434/5
f 710/427/6 714/428/6 716/435/6 712/436/6
f 713/417/1 717/418/1 718/419/1 714/420/1
f 716/421/2 720/420/2 719/417/2 715/422/2
f 715/437/5 719/438/5 717/439/5 713/440/5
f 714/439/6 718/440/6 720/437/6 716/438/6
f 717/417/45 721/418/45 722/419/45 718/420/45
f 720/421/46 724/420/46 723/417/46 719/422/46
f 719/429/5 723/441/5 721/442/5 717/443/5
f 718/444/6 722/445/6 724/446/6 720/447/6
f 721/417/47 725/418/47 726/419/47 722/420/47
f 724/421/48 728/420/48 727/417/48 723/422/48
f 723/448/5 727/449/5 725/450/5 721/451/5
f 722/444/6 726/445/6 728/452/6 724/432/6
f 725/417/4 729/418/4 730/419/4 726/420/4
f 728/421/3 732/420/3 731/417/3 727/422/3
f 727/453/5 731/454/5 729/455/5 725/456/5
f 726/419/6 730/420/6 732/457/6 728/458/6
f 729/417/42 733/418/42 734/419/42 730/420/42
f 732/421/41 736/420/41 735/417/41 731/422/41
f 731/459/5 735/460/5 733/420/5 729/461/5
f 730/462/6 734/420/6 736/463/6 732/464/6
f 733/417/44 737/418/44 738/419/44 734/420/44
f 736/421/43 740/420/43 739/417/43 735/422/43
f 735/465/5 739/466/5 737/467/5 733/468/5
f 734/462/6 738/420/6 740/469/6 736/470/6
f 737/417/2 741/418/2 742/419/2 738/420/2
f 740/421/1 744/420/1 743/417/1 739/422/1
f 739/471/5 743/472/5 741/420/5 737/473/5
f 738/420/6 742/473/6 744/471/6 740/472/6
f 741/417/46 745/418/46 746/419/46 742/420/46
f 744/421/45 748/420/45 747/417/45 743/422/45
f 743/474/5 747/475/5 745/462/5 741/476/5
f 742/420/6 746/468/6 748/477/6 744/478/6
f 745/417/48 749/418/48 750/419/48 746/420/48
f 748/421/47 752/420/47 751/417/47 747/422/47
f 747/479/5 751/480/5 749/481/5 745/420/5
f 746/420/6 750/468/6 752/482/6 748/483/6
f 749/417/3 705/418/3 706/419/3 750/420/3
f 752/421/4 708/420/4 707/417/4 751/422/4
f 751/457/5 707/458/5 705/419/5 749/420/5
f 750/455/6 706/456/6 708/453/6 752/454/6
f 756/484/1 754/485/1 753/486/1 755/487/1
f 759/484/2 757/485/2 758/486/2 760/487/2
f 753/488/3 754/392/3 758/395/3 757/489/3
f 756/488/4 755/392/4 759/395/4 760/489/4
f 755/490/5 753/491/5 757/492/5 759/493/5
f 760/493/6 758/492/6 754/494/6 756/495/6
f 764/496/1 762/497/1 761/498/1 763/499/1
f 767/500/2 765/391/2 766/501/2 768/502/2
f 761/503/3 762/504/3 766/505/3 765/506/3
f 764/507/4 763/508/4 767/509/4 768/510/4
f 763/511/5 761/512/5 765/513/5 767/514/5
f 768/515/6 766/516/6 762/517/6 764/518/6
f 772/519/1 770/520/1 769/521/1 771/522/1
f 775/496/2 773/497/2 774/498/2 776/499/2
f 769/523/3 770/524/3 774/525/3 773/526/3
f 772/527/4 771/528/4 775/529/4 776/530/4
f 771/531/5 769/532/5 773/533/5 775/534/5
f 776/535/6 774/485/6 770/536/6 772/537/6
f 753/538/49 769/539/49 770/501/49 754/540/49
f 774/541/50 773/542/50 755/543/50 756/417/50
f 773/520/5 769/544/5 753/492/5 755/545/5
f 754/546/51 770/547/52 774/548/52 756/549/52
f 759/550/53 761/516/53 762/551/53 760/552/53
f 766/553/54 765/549/54 757/548/54 758/542/54
f 765/554/5 761/555/5 759/556/5 757/557/5
f 760/551/55 762/552/55 766/558/55 758/559/55
f 790/417/41 794/418/41 795/419/41 791/420/41
f 793/421/42 797/420/42 796/417/42 792/422/42
f 792/423/5 796/424/5 794/425/5 790/426/5
f 791/427/6 795/428/6 797/429/6 793/430/6
f 794/417/43 798/418/43 799/419/43 795/420/43
f 797/421/44 801/420/44 800/417/44 796/422/44
f 796/431/5 800/432/5 798/433/5 794/434/5
f 795/427/6 799/428/6 801/435/6 797/436/6
f 798/417/1 802/418/1 803/419/1 799/420/1
f 801/421/2 805/420/2 804/417/2 800/422/2
f 800/437/5 804/438/5 802/439/5 798/440/5
f 799/439/6 803/440/6 805/437/6 801/438/6
f 802/417/45 806/418/45 807/419/45 803/420/45
f 805/421/46 809/420/46 808/417/46 804/422/46
f 804/429/5 808/441/5 806/442/5 802/443/5
f 803/444/6 807/445/6 809/446/6 805/447/6
f 806/417/47 810/418/47 811/419/47 807/420/47
f 809/421/48 813/420/48 812/417/48 808/422/48
f 808/448/5 812/449/5 810/450/5 806/451/5
f 807/444/6 811/445/6 813/452/6 809/432/6
f 810/417/4 814/418/4 815/419/4 811/420/4
f 813/421/3 817/420/3 816/417/3 812/422/3
f 812/453/5 816/454/5 814/455/5 810/456/5
f 811/419/6 815/420/6 817/457/6 813/458/6
f 814/417/42 818/418/42 819/419/42 815/420/42
f 817/421/41 821/420/41 820/417/41 816/422/41
f 816/459/5 820/460/5 818/420/5 814/461/5
f 815/462/6 819/420/6 821/463/6 817/464/6
f 818/417/44 822/418/44 823/419/44 819/420/44
f 821/421/43 825/420/43 824/417/43 820/422/43
f 820/465/5 824/466/5 822/467/5 818/468/5
f 819/462/6 823/420/6 825/469/6 821/470/6
f 822/417/2 826/418/2 827/419/2 823/420/2
f 825/421/1 829/420/1 828/417/1 824/422/1
f 824/471/5 828/472/5 826/420/5 822/473/5
f 823/420/6 827/473/6 829/471/6 825/472/6
f 826/417/46 830/418/46 831/419/46 827/420/46
f 829/421/45 833/420/45 832/417/45 828/422/45
f 828/474/5 832/475/5 830/462/5 826/476/5
f 827/420/6 831/468/6 833/477/6 829/478/6
f 830/417/48 834/418/48 835/419/48 831/420/48
f 833/421/47 837/420/47 836/417/47 832/422/47
f 832/479/5 836/480/5 834/481/5 830/420/5
f 831/420/6 835/468/6 837/482/6 833/483/6
f 834/417/3 790/418/3 791/419/3 835/420/3
f 837/421/4 793/420/4 792/417/4 836/422/4
f 836/457/5 792/458/5 790/419/5 834/420/5
f 835/455/6 791/456/6 793/453/6 837/454/6
f 841/484/1 839/485/1 838/486/1 840/487/1
f 844/484/2 842/485/2 843/486/2 845/487/2
f 838/488/3 839/392/3 843/395/3 842/489/3
f 841/488/4 840/392/4 844/395/4 845/489/4
f 840/490/5 838/491/5 842/492/5 844/493/5
f 845/493/6 843/492/6 839/494/6 841/495/6
f 849/496/1 847/497/1 846/498/1 848/499/1
f 852/500/2 850/391/2 851/501/2 853/502/2
f 846/503/3 847/504/3 851/505/3 850/506/3
f 849/507/4 848/508/4 852/509/4 853/510/4
f 848/511/5 846/512/5 850/513/5 852/514/5
f 853/515/6 851/516/6 847/517/6 849/518/6
f 857/519/1 855/520/1 854/521/1 856/522/1
f 860/496/2 858/497/2 859/498/2 861/499/2
f 854/523/3 855/524/3 859/525/3 858/526/3
f 857/527/4 856/528/4 860/529/4 861/530/4
f 856/531/5 854/532/5 858/533/5 860/534/5
f 861/535/6 859/485/6 855/536/6 857/537/6
f 838/538/49 854/539/49 855/501/49 839/540/49
f 859/541/50 858/542/50 840/543/50 841/417/50
f 858/520/5 854/544/5 838/492/5 840/545/5
f 839/546/51 855/547/52 859/548/52 841/549/52
f 844/550/53 846/516/53 847/551/53 845/552/53
f 851/553/54 850/549/54 842/548/54 843/542/54
f 850/554/5 846/555/5 844/556/5 842/557/5
f 845/551/55 847/552/56 851/558/55 843/559/55
f 875/417/41 879/418/41 880/419/41 876/420/41
f 878/421/42 882/420/42 881/417/42 877/422/42
f 877/423/5 881/424/5 879/425/5 875/426/5
f 876/427/6 880/428/6 882/429/6 878/430/6
f 879/417/43 883/418/43 884/419/43 880/420/43
f 882/421/44 886/420/44 885/417/44 881/422/44
f 881/431/5 885/432/5 883/433/5 879/434/5
f 880/427/6 884/428/6 886/435/6 882/436/6
f 883/417/1 887/418/1 888/419/1 884/420/1
f 886/421/2 890/420/2 889/417/2 885/422/2
f 885/437/5 889/438/5 887/439/5 883/440/5
f 884/439/6 888/440/6 890/437/6 886/438/6
f 887/417/45 891/418/45 892/419/45 888/420/45
f 890/421/46 894/420/46 893/417/46 889/422/46
f 889/429/5 893/441/5 891/442/5 887/443/5
f 888/444/6 892/445/6 894/446/6 890/447/6
f 891/417/47 895/418/47 896/419/47 892/420/47
f 894/421/48 898/420/48 897/417/48 893/422/48
f 893/448/5 897/449/5 895/450/5 891/451/5
f 892/444/6 896/445/6 898/452/6 894/432/6
f 895/417/4 899/418/4 900/419/4 896/420/4
f 898/421/3 902/420/3 901/417/3 897/422/3
f 897/453/5 901/454/5 899/455/5 895/456/5
f 896/419/6 900/420/6 902/457/6 898/458/6
f 899/417/42 903/418/42 904/419/42 900/420/42
f 902/421/41 906/420/41 905/417/41 901/422/41
f 901/459/5 905/460/5 903/420/5 899/461/5
f 900/462/6 904/420/6 906/463/6 902/464/6
f 903/417/44 907/418/44 908/419/44 904/420/44
f 906/421/43 910/420/43 909/417/43 905/422/43
f 905/465/5 909/466/5 907/467/5 903/468/5
f 904/462/6 908/420/6 910/469/6 906/470/6
f 907/417/2 911/418/2 912/419/2 908/420/2
f 910/421/1 914/420/1 913/417/1 909/422/1
f 909/471/5 913/472/5 911/420/5 907/473/5
f 908/420/6 912/473/6 914/471/6 910/472/6
f 911/417/46 915/418/46 916/419/46 912/420/46
f 914/421/45 918/420/45 917/417/45 913/422/45
f 913/474/5 917/475/5 915/462/5 911/476/5
f 912/420/6 916/468/6 918/477/6 914/478/6
f 915/417/48 919/418/48 920/419/48 916/420/48
f 918/421/47 922/420/47 921/417/47 917/422/47
f 917/479/5 921/480/5 919/481/5 915/420/5
f 916/420/6 920/468/6 922/482/6 918/483/6
f 919/417/3 875/418/3 876/419/3 920/420/3
f 922/421/4 878/420/4 877/417/4 921/422/4
f 921/457/5 877/458/5 875/419/5 919/420/5
f 920/455/6 876/456/6 878/453/6 922/454/6
f 926/484/1 924/485/1 923/486/1 925/487/1
f 929/484/2 927/485/2 928/486/2 930/487/2
f 923/488/3 924/392/3 928/395/3 927/489/3
f 926/488/4 925/392/4 929/395/4 930/489/4
f 925/490/5 923/491/5 927/492/5 929/493/5
f 930/493/6 928/492/6 924/494/6 926/495/6
f 934/496/1 932/497/1 931/498/1 933/499/1
f 937/500/2 935/391/2 936/501/2 938/502/2
f 931/503/3 932/504/3 936/505/3 935/506/3
f 934/507/4 933/508/4 937/509/4 938/510/4
f 933/511/5 931/512/5 935/513/5 937/514/5
f 938/515/6 936/516/6 932/517/6 934/518/6
f 942/519/1 940/520/1 939/521/1 941/522/1
f 945/496/2 943/497/2 944/498/2 946/499/2
f 939/523/3 940/524/3 944/525/3 943/526/3
f 942/527/4 941/528/4 945/529/4 946/530/4
f 941/531/5 939/532/5 943/533/5 945/534/5
f 946/535/6 944/485/6 940/536/6 942/537/6
f 923/538/49 939/539/49 940/501/49 924/540/49
f 944/541/50 943/542/50 925/543/50 926/417/50
f 943/520/5 939/544/5 923/492/5 925/545/5
f 924/546/52 940/547/52 944/548/52 926/549/52
f 929/550/53 931/516/53 932/551/53 930/552/53
f 936/553/54 935/549/54 927/548/54 928/542/54
f 935/554/5 931/555/5 929/556/5 927/557/5
f 930/551/55 932/552/56 936/558/55 928/559/55
f 950/559/1 948/551/1 947/560/1 949/561/1
f 953/559/2 951/551/2 952/560/2 954/561/2
f 947/562/3 948/147/3 952/560/3 951/563/3
f 950/562/4 949/147/4 953/560/4 954/563/4
f 949/158/5 947/147/5 951/560/5 953/561/5
f 954/158/6 952/147/6 948/560/6 950/561/6
f 968/577/47 972/578/47 973/579/47 969/580/47
f 971/581/48 975/580/48 974/577/48 970/582/48
f 970/583/6 974/584/6 972/585/6 968/586/6
f 969/587/5 973/588/5 975/589/5 971/590/5
f 972/577/45 976/578/45 977/579/45 973/580/45
f 975/581/46 979/580/46 978/577/46 974/582/46
f 974/591/6 978/592/6 976/593/6 972/594/6
f 973/587/5 977/588/5 979/595/5 975/596/5
f 976/577/1 980/578/1 981/579/1 977/580/1
f 979/581/2 983/580/2 982/577/2 978/582/2
f 978/597/6 982/598/6 980/599/6 976/600/6
f 977/599/5 981/600/5 983/597/5 979/598/5
f 980/577/43 984/578/43 985/579/43 981/580/43
f 983/581/44 987/580/44 986/577/44 982/582/44
f 982/601/6 986/602/6 984/603/6 980/604/6
f 981/605/5 985/606/5 987/607/5 983/608/5
f 984/577/41 988/578/41 989/579/41 985/580/41
f 987/581/42 991/580/42 990/577/42 986/582/42
f 986/609/6 990/610/6 988/611/6 984/612/6
f 985/605/5 989/606/5 991/613/5 987/614/5
f 988/577/3 992/578/3 993/579/3 989/580/3
f 991/581/4 995/580/4 994/577/4 990/582/4
f 990/615/6 994/616/6 992/617/6 988/618/6
f 989/579/5 993/580/5 995/619/5 991/620/5
f 992/577/48 996/578/48 997/579/48 993/580/48
f 995/581/47 999/580/47 998/577/47 994/582/47
f 994/621/6 998/622/6 996/580/6 992/623/6
f 993/624/5 997/580/5 999/625/5 995/626/5
f 996/577/46 1000/578/46 1001/579/46 997/580/46
f 999/581/45 1003/580/45 1002/577/45 998/582/45
f 998/627/6 1002/628/6 1000/629/6 996/630/6
f 997/624/5 1001/580/5 1003/631/5 999/632/5
f 1000/577/2 1004/578/2 1005/579/2 1001/580/2
f 1003/581/1 1007/580/1 1006/577/1 1002/582/1
f 1002/633/6 1006/634/6 1004/580/6 1000/635/6
f 1001/580/5 1005/635/5 1007/633/5 1003/634/5
f 1004/577/44 1008/578/44 1009/579/44 1005/580/44
f 1007/581/43 1011/580/43 1010/577/43 1006/582/43
f 1006/636/6 1010/637/6 1008/624/6 1004/638/6
f 1005/580/5 1009/630/5 1011/639/5 1007/640/5
f 1008/577/42 1012/578/42 1013/579/42 1009/580/42
f 1011/581/41 1015/580/41 1014/577/41 1010/582/41
f 1010/641/6 1014/642/6 1012/643/6 1008/580/6
f 1009/580/5 1013/630/5 1015/644/5 1011/645/5
f 1012/577/4 968/578/4 969/579/4 1013/580/4
f 1015/581/3 971/580/3 970/577/3 1014/582/3
f 1014/619/6 970/620/6 968/579/6 1012/580/6
f 1013/617/5 969/618/5 971/615/5 1015/616/5
f 1019/646/1 1017/169/1 1016/558/1 1018/647/1
f 1022/648/2 1020/548/2 1021/649/2 1023/650/2
f 1016/651/3 1017/652/3 1021/653/3 1020/654/3
f 1019/655/4 1018/545/4 1022/656/4 1023/657/4
f 1018/488/5 1016/658/5 1020/659/5 1022/660/5
f 1023/661/6 1021/662/6 1017/663/6 1019/664/6
f 1027/665/1 1025/666/1 1024/667/1 1026/668/1
f 1030/550/2 1028/647/2 1029/669/2 1031/670/2
f 1024/543/3 1025/671/3 1029/672/3 1028/673/3
f 1027/674/4 1026/675/4 1030/676/4 1031/677/4
f 1026/678/5 1024/171/5 1028/153/5 1030/679/5
f 1031/654/6 1029/679/6 1025/647/6 1027/550/6
f 1034/680/4 1032/681/4 1033/678/4 1035/545/4
f 1032/556/57 951/682/57 952/683/57 1033/651/57
f 954/684/20 953/516/20 1034/562/20 1035/417/20
f 953/555/5 951/685/5 1032/550/5 1034/686/5
f 1033/683/58 952/651/59 954/556/58 1035/682/58
f 948/681/60 947/678/60 1036/545/60 1037/680/60
f 1038/554/17 949/687/17 950/658/17 1039/688/17
f 1037/520/4 1036/538/4 1038/647/4 1039/486/4
f 1036/555/5 947/685/5 949/550/5 1038/686/5
f 950/685/61 948/550/61 1037/686/61 1039/555/61
f 1043/559/1 1041/551/1 1040/560/1 1042/561/1
f 1046/559/2 1044/551/2 1045/560/2 1047/561/2
f 1040/562/3 1041/147/3 1045/560/3 1044/563/3
f 1043/562/4 1042/147/4 1046/560/4 1047/563/4
f 1042/158/5 1040/147/5 1044/560/5 1046/561/5
f 1047/158/6 1045/147/6 1041/560/6 1043/561/6
f 1061/577/47 1065/578/47 1066/579/47 1062/580/47
f 1064/581/48 1068/580/48 1067/577/48 1063/582/48
f 1063/583/6 1067/584/6 1065/585/6 1061/586/6
f 1062/587/5 1066/588/5 1068/589/5 1064/590/5
f 1065/577/45 1069/578/45 1070/579/45 1066/580/45
f 1068/581/46 1072/580/46 1071/577/46 1067/582/46
f 1067/591/6 1071/592/6 1069/593/6 1065/594/6
f 1066/587/5 1070/588/5 1072/595/5 1068/596/5
f 1069/577/1 1073/578/1 1074/579/1 1070/580/1
f 1072/581/2 1076/580/2 1075/577/2 1071/582/2
f 1071/597/6 1075/598/6 1073/599/6 1069/600/6
f 1070/599/5 1074/600/5 1076/597/5 1072/598/5
f 1073/577/43 1077/578/43 1078/579/43 1074/580/43
f 1076/581/44 1080/580/44 1079/577/44 1075/582/44
f 1075/601/6 1079/602/6 1077/603/6 1073/604/6
f 1074/605/5 1078/606/5 1080/607/5 1076/608/5
f 1077/577/41 1081/578/41 1082/579/41 1078/580/41
f 1080/581/42 1084/580/42 1083/577/42 1079/582/42
f 1079/609/6 1083/610/6 1081/611/6 1077/612/6
f 1078/605/5 1082/606/5 1084/613/5 1080/614/5
f 1081/577/3 1085/578/3 1086/579/3 1082/580/3
f 1084/581/4 1088/580/4 1087/577/4 1083/582/4
f 1083/615/6 1087/616/6 1085/617/6 1081/618/6
f 1082/579/5 1086/580/5 1088/619/5 1084/620/5
f 1085/577/48 1089/578/48 1090/579/48 1086/580/48
f 1088/581/47 1092/580/47 1091/577/47 1087/582/47
f 1087/621/6 1091/622/6 1089/580/6 1085/623/6
f 1086/624/5 1090/580/5 1092/625/5 1088/626/5
f 1089/577/46 1093/578/46 1094/579/46 1090/580/46
f 1092/581/45 1096/580/45 1095/577/45 1091/582/45
f 1091/627/6 1095/628/6 1093/629/6 1089/630/6
f 1090/624/5 1094/580/5 1096/631/5 1092/632/5
f 1093/577/2 1097/578/2 1098/579/2 1094/580/2
f 1096/581/1 1100/580/1 1099/577/1 1095/582/1
f 1095/633/6 1099/634/6 1097/580/6 1093/635/6
f 1094/580/5 1098/635/5 1100/633/5 1096/634/5
f 1097/577/44 1101/578/44 1102/579/44 1098/580/44
f 1100/581/43 1104/580/43 1103/577/43 1099/582/43
f 1099/636/6 1103/637/6 1101/624/6 1097/638/6
f 1098/580/5 1102/630/5 1104/639/5 1100/640/5
f 1101/577/42 1105/578/42 1106/579/42 1102/580/42
f 1104/581/41 1108/580/41 1107/577/41 1103/582/41
f 1103/641/6 1107/642/6 1105/643/6 1101/580/6
f 1102/580/5 1106/630/5 1108/644/5 1104/645/5
f 1105/577/4 1061/578/4 1062/579/4 1106/580/4
f 1108/581/3 1064/580/3 1063/577/3 1107/582/3
f 1107/619/6 1063/620/6 1061/579/6 1105/580/6
f 1106/617/5 1062/618/5 1064/615/5 1108/616/5
f 1112/646/1 1110/169/1 1109/558/1 1111/647/1
f 1115/648/2 1113/548/2 1114/649/2 1116/650/2
f 1109/651/3 1110/652/3 1114/653/3 1113/654/3
f 1112/655/4 1111/545/4 1115/656/4 1116/657/4
f 1111/488/5 1109/658/5 1113/659/5 1115/660/5
f 1116/661/6 1114/662/6 1110/663/6 1112/664/6
f 1120/665/1 1118/666/1 1117/667/1 1119/668/1
f 1123/550/2 1121/647/2 1122/669/2 1124/670/2
f 1117/543/3 1118/671/3 1122/672/3 1121/673/3
f 1120/674/4 1119/675/4 1123/676/4 1124/677/4
f 1119/678/5 1117/171/5 1121/153/5 1123/679/5
f 1124/654/6 1122/679/6 1118/647/6 1120/550/6
f 1127/680/4 1125/681/4 1126/678/4 1128/545/4
f 1125/556/57 1044/682/57 1045/683/57 1126/651/57
f 1047/684/20 1046/516/20 1127/562/20 1128/417/20
f 1046/555/5 1044/685/5 1125/550/5 1127/686/5
f 1126/683/58 1045/651/59 1047/556/58 1128/682/58
f 1041/681/60 1040/678/60 1129/545/60 1130/680/60
f 1131/554/17 1042/687/17 1043/658/17 1132/688/17
f 1130/520/4 1129/538/4 1131/647/4 1132/486/4
f 1129/555/5 1040/685/5 1042/550/5 1131/686/5
f 1043/685/61 1041/550/61 1130/686/61 1132/555/61
f 1136/559/1 1134/551/1 1133/560/1 1135/561/1
f 1139/559/2 1137/551/2 1138/560/2 1140/561/2
f 1133/562/3 1134/147/3 1138/560/3 1137/563/3
f 1136/562/4 1135/147/4 1139/560/4 1140/563/4
f 1135/158/5 1133/147/5 1137/560/5 1139/561/5
f 1140/158/6 1138/147/6 1134/560/6 1136/561/6
f 1154/577/47 1158/578/47 1159/579/47 1155/580/47
f 1157/581/48 1161/580/48 1160/577/48 1156/582/48
f 1156/583/6 1160/584/6 1158/585/6 1154/586/6
f 1155/587/5 1159/588/5 1161/589/5 1157/590/5
f 1158/577/45 1162/578/45 1163/579/45 1159/580/45
f 1161/581/46 1165/580/46 1164/577/46 1160/582/46
f 1160/591/6 1164/592/6 1162/593/6 1158/594/6
f 1159/587/5 1163/588/5 1165/595/5 1161/596/5
f 1162/577/1 1166/578/1 1167/579/1 1163/580/1
f 1165/581/2 1169/580/2 1168/577/2 1164/582/2
f 1164/597/6 1168/598/6 1166/599/6 1162/600/6
f 1163/599/5 1167/600/5 1169/597/5 1165/598/5
f 1166/577/43 1170/578/43 1171/579/43 1167/580/43
f 1169/581/44 1173/580/44 1172/577/44 1168/582/44
f 1168/601/6 1172/602/6 1170/603/6 1166/604/6
f 1167/605/5 1171/606/5 1173/607/5 1169/608/5
f 1170/577/41 1174/578/41 1175/579/41 1171/580/41
f 1173/581/42 1177/580/42 1176/577/42 1172/582/42
f 1172/609/6 1176/610/6 1174/611/6 1170/612/6
f 1171/605/5 1175/606/5 1177/613/5 1173/614/5
f 1174/577/3 1178/578/3 1179/579/3 1175/580/3
f 1177/581/4 1181/580/4 1180/577/4 1176/582/4
f 1176/615/6 1180/616/6 1178/617/6 1174/618/6
f 1175/579/5 1179/580/5 1181/619/5 1177/620/5
f 1178/577/48 1182/578/48 1183/579/48 1179/580/48
f 1181/581/47 1185/580/47 1184/577/47 1180/582/47
f 1180/621/6 1184/622/6 1182/580/6 1178/623/6
f 1179/624/5 1183/580/5 1185/625/5 1181/626/5
f 1182/577/46 1186/578/46 1187/579/46 1183/580/46
f 1185/581/45 1189/580/45 1188/577/45 1184/582/45
f 1184/627/6 1188/628/6 1186/629/6 1182/630/6
f 1183/624/5 1187/580/5 1189/631/5 1185/632/5
f 1186/577/2 1190/578/2 1191/579/2 1187/580/2
f 1189/581/1 1193/580/1 1192/577/1 1188/582/1
f 1188/633/6 1192/634/6 1190/580/6 1186/635/6
f 1187/580/5 1191/635/5 1193/633/5 1189/634/5
f 1190/577/44 1194/578/44 1195/579/44 1191/580/44
f 1193/581/43 1197/580/43 1196/577/43 1192/582/43
f 1192/636/6 1196/637/6 1194/624/6 1190/638/6
f 1191/580/5 1195/630/5 1197/639/5 1193/640/5
f 1194/577/42 1198/578/42 1199/579/42 1195/580/42
f 1197/581/41 1201/580/41 1200/577/41 1196/582/41
f 1196/641/6 1200/642/6 1198/643/6 1194/580/6
f 1195/580/5 1199/630/5 1201/644/5 1197/645/5
f 1198/577/4 1154/578/4 1155/579/4 1199/580/4
f 1201/581/3 1157/580/3 1156/577/3 1200/582/3
f 1200/619/6 1156/620/6 1154/579/6 1198/580/6
f 1199/617/5 1155/618/5 1157/615/5 1201/616/5
f 1205/646/1 1203/169/1 1202/558/1 1204/647/1
f 1208/648/2 1206/548/2 1207/649/2 1209/650/2
f 1202/651/3 1203/652/3 1207/653/3 1206/654/3
f 1205/655/4 1204/545/4 1208/656/4 1209/657/4
f 1204/488/5 1202/658/5 1206/659/5 1208/660/5
f 1209/661/6 1207/662/6 1203/663/6 1205/664/6
f 1213/665/1 1211/666/1 1210/667/1 1212/668/1
f 1216/550/2 1214/647/2 1215/669/2 1217/670/2
f 1210/543/3 1211/671/3 1215/672/3 1214/673/3
f 1213/674/4 1212/675/4 1216/676/4 1217/677/4
f 1212/678/5 1210/171/5 1214/153/5 1216/679/5
f 1217/654/6 1215/679/6 1211/647/6 1213/550/6
f 1220/680/4 1218/681/4 1219/678/4 1221/545/4
f 1218/556/57 1137/682/57 1138/683/57 1219/651/57
f 1140/684/20 1139/516/20 1220/562/20 1221/417/20
f 1139/555/5 1137/685/5 1218/550/5 1220/686/5
f 1219/683/58 1138/651/59 1140/556/58 1221/682/58
f 1134/681/60 1133/678/60 1222/545/60 1223/680/60
f 1224/554/17 1135/687/17 1136/658/17 1225/688/17
f 1223/520/4 1222/538/4 1224/647/4 1225/486/4
f 1222/555/5 1133/685/5 1135/550/5 1224/686/5
f 1136/685/61 1134/550/61 1223/686/61 1225/555/61
f 1229/559/1 1227/551/1 1226/560/1 1228/561/1
f 1232/559/2 1230/551/2 1231/560/2 1233/561/2
f 1226/562/3 1227/147/3 1231/560/3 1230/563/3
f 1229/562/4 1228/147/4 1232/560/4 1233/563/4
f 1228/158/5 1226/147/5 1230/560/5 1232/561/5
f 1233/158/6 1231/147/6 1227/560/6 1229/561/6
f 1247/577/47 1251/578/47 1252/579/47 1248/580/47
f 1250/581/48 1254/580/48 1253/577/48 1249/582/48
f 1249/583/6 1253/584/6 1251/585/6 1247/586/6
f 1248/587/5 1252/588/5 1254/589/5 1250/590/5
f 1251/577/45 1255/578/45 1256/579/45 1252/580/45
f 1254/581/46 1258/580/46 1257/577/46 1253/582/46
f 1253/591/6 1257/592/6 1255/593/6 1251/594/6
f 1252/587/5 1256/588/5 1258/595/5 1254/596/5
f 1255/577/1 1259/578/1 1260/579/1 1256/580/1
f 1258/581/2 1262/580/2 1261/577/2 1257/582/2
f 1257/597/6 1261/598/6 1259/599/6 1255/600/6
f 1256/599/5 1260/600/5 1262/597/5 1258/598/5
f 1259/577/43 1263/578/43 1264/579/43 1260/580/43
f 1262/581/44 1266/580/44 1265/577/44 1261/582/44
f 1261/601/6 1265/602/6 1263/603/6 1259/604/6
f 1260/605/5 1264/606/5 1266/607/5 1262/608/5
f 1263/577/41 1267/578/41 1268/579/41 1264/580/41
f 1266/581/42 1270/580/42 1269/577/42 1265/582/42
f 1265/609/6 1269/610/6 1267/611/6 1263/612/6
f 1264/605/5 1268/606/5 1270/613/5 1266/614/5
f 1267/577/3 1271/578/3 1272/579/3 1268/580/3
f 1270/581/4 1274/580/4 1273/577/4 1269/582/4
f 1269/615/6 1273/616/6 1271/617/6 1267/618/6
f 1268/579/5 1272/580/5 1274/619/5 1270/620/5
f 1271/577/48 1275/578/48 1276/579/48 1272/580/48
f 1274/581/47 1278/580/47 1277/577/47 1273/582/47
f 1273/621/6 1277/622/6 1275/580/6 1271/623/6
f 1272/624/5 1276/580/5 1278/625/5 1274/626/5
f 1275/577/46 1279/578/46 1280/579/46 1276/580/46
f 1278/581/45 1282/580/45 1281/577/45 1277/582/45
f 1277/627/6 1281/628/6 1279/629/6 1275/630/6
f 1276/624/5 1280/580/5 1282/631/5 1278/632/5
f 1279/577/2 1283/578/2 1284/579/2 1280/580/2
f 1282/581/1 1286/580/1 1285/577/1 1281/582/1
f 1281/633/6 1285/634/6 1283/580/6 1279/635/6
f 1280/580/5 1284/635/5 1286/633/5 1282/634/5
f 1283/577/44 1287/578/44 1288/579/44 1284/580/44
f 1286/581/43 1290/580/43 1289/577/43 1285/582/43
f 1285/636/6 1289/637/6 1287/624/6 1283/638/6
f 1284/580/5 1288/630/5 1290/639/5 1286/640/5
f 1287/577/42 1291/578/42 1292/579/42 1288/580/42
f 1290/581/41 1294/580/41 1293/577/41 1289/582/41
f 1289/641/6 1293/642/6 1291/643/6 1287/580/6
f 1288/580/5 1292/630/5 1294/644/5 1290/645/5
f 1291/577/4 1247/578/4 1248/579/4 1292/580/4
f 1294/581/3 1250/580/3 1249/577/3 1293/582/3
f 1293/619/6 1249/620/6 1247/579/6 1291/580/6
f 1292/617/5 1248/618/5 1250/615/5 1294/616/5
f 1298/646/1 1296/169/1 1295/558/1 1297/647/1
f 1301/648/2 1299/548/2 1300/649/2 1302/650/2
f 1295/651/3 1296/652/3 1300/653/3 1299/654/3
f 1298/655/4 1297/545/4 1301/656/4 1302/657/4
f 1297/488/5 1295/658/5 1299/659/5 1301/660/5
f 1302/661/6 1300/662/6 1296/663/6 1298/664/6
f 1306/665/1 1304/666/1 1303/667/1 1305/668/1
f 1309/550/2 1307/647/2 1308/669/2 1310/670/2
f 1303/543/3 1304/671/3 1308/672/3 1307/673/3
f 1306/674/4 1305/675/4 1309/676/4 1310/677/4
f 1305/678/5 1303/171/5 1307/153/5 1309/679/5
f 1310/654/6 1308/679/6 1304/647/6 1306/550/6
f 1313/680/4 1311/681/4 1312/678/4 1314/545/4
f 1311/556/57 1230/682/57 1231/683/57 1312/651/57
f 1233/684/20 1232/516/20 1313/562/20 1314/417/20
f 1232/555/5 1230/685/5 1311/550/5 1313/686/5
f 1312/683/58 1231/651/59 1233/556/58 1314/682/58
f 1227/681/60 1226/678/60 1315/545/60 1316/680/60
f 1317/554/17 1228/687/17 1229/658/17 1318/688/17
f 1316/520/4 1315/538/4 1317/647/4 1318/486/4
f 1315/555/5 1226/685/5 1228/550/5 1317/686/5
f 1229/685/61 1227/550/61 1316/686/61 1318/555/61
f 1322/559/1 1320/551/1 1319/560/1 1321/561/1
f 1325/559/2 1323/551/2 1324/560/2 1326/561/2
f 1319/562/3 1320/147/3 1324/560/3 1323/563/3
f 1322/562/4 1321/147/4 1325/560/4 1326/563/4
f 1321/158/5 1319/147/5 1323/560/5 1325/561/5
f 1326/158/6 1324/147/6 1320/560/6 1322/561/6
f 1340/577/47 1344/578/47 1345/579/47 1341/580/47
f 1343/581/48 1347/580/48 1346/577/48 1342/582/48
f 1342/583/6 1346/584/6 1344/585/6 1340/586/6
f 1341/587/5 1345/588/5 1347/589/5 1343/590/5
f 1344/577/45 1348/578/45 1349/579/45 1345/580/45
f 1347/581/46 1351/580/46 1350/577/46 1346/582/46
f 1346/591/6 1350/592/6 1348/593/6 1344/594/6
f 1345/587/5 1349/588/5 1351/595/5 1347/596/5
f 1348/577/1 1352/578/1 1353/579/1 1349/580/1
f 1351/581/2 1355/580/2 1354/577/2 1350/582/2
f 1350/597/6 1354/598/6 1352/599/6 1348/600/6
f 1349/599/5 1353/600/5 1355/597/5 1351/598/5
f 1352/577/43 1356/578/43 1357/579/43 1353/580/43
f 1355/581/44 1359/580/44 1358/577/44 1354/582/44
f 1354/601/6 1358/602/6 1356/603/6 1352/604/6
f 1353/605/5 1357/606/5 1359/607/5 1355/608/5
f 1356/577/41 1360/578/41 1361/579/41 1357/580/41
f 1359/581/42 1363/580/42 1362/577/42 1358/582/42
f 1358/609/6 1362/610/6 1360/611/6 1356/612/6
f 1357/605/5 1361/606/5 1363/613/5 1359/614/5
f 1360/577/3 1364/578/3 1365/579/3 1361/580/3
f 1363/581/4 1367/580/4 1366/577/4 1362/582/4
f 1362/615/6 1366/616/6 1364/617/6 1360/618/6
f 1361/579/5 1365/580/5 1367/619/5 1363/620/5
f 1364/577/48 1368/578/48 1369/579/48 1365/580/48
f 1367/581/47 1371/580/47 1370/577/47 1366/582/47
f 1366/621/6 1370/622/6 1368/580/6 1364/623/6
f 1365/624/5 1369/580/5 1371/625/5 1367/626/5
f 1368/577/46 1372/578/46 1373/579/46 1369/580/46
f 1371/581/45 1375/580/45 1374/577/45 1370/582/45
f 1370/627/6 1374/628/6 1372/629/6 1368/630/6
f 1369/624/5 1373/580/5 1375/631/5 1371/632/5
f 1372/577/2 1376/578/2 1377/579/2 1373/580/2
f 1375/581/1 1379/580/1 1378/577/1 1374/582/1
f 1374/633/6 1378/634/6 1376/580/6 1372/635/6
f 1373/580/5 1377/635/5 1379/633/5 1375/634/5
f 1376/577/44 1380/578/44 1381/579/44 1377/580/44
f 1379/581/43 1383/580/43 1382/577/43 1378/582/43
f 1378/636/6 1382/637/6 1380/624/6 1376/638/6
f 1377/580/5 1381/630/5 1383/639/5 1379/640/5
f 1380/577/42 1384/578/42 1385/579/42 1381/580/42
f 1383/581/41 1387/580/41 1386/577/41 1382/582/41
f 1382/641/6 1386/642/6 1384/643/6 1380/580/6
f 1381/580/5 1385/630/5 1387/644/5 1383/645/5
f 1384/577/4 1340/578/4 1341/579/4 1385/580/4
f 1387/581/3 1343/580/3 1342/577/3 1386/582/3
f 1386/619/6 1342/620/6 1340/579/6 1384/580/6
f 1385/617/5 1341/618/5 1343/615/5 1387/616/5
f 1391/646/1 1389/169/1 1388/558/1 1390/647/1
f 1388/651/3 1389/652/3 1304/653/3 1303/654/3
f 1391/655/4 1390/545/4 1305/656/4 1306/657/4
f 1390/488/5 1388/658/5 1303/659/5 1305/660/5
f 1306/661/6 1304/662/6 1389/663/6 1391/664/6
f 1395/665/1 1393/666/1 1392/667/1 1394/668/1
f 1398/550/2 1396/647/2 1397/669/2 1399/670/2
f 1392/543/3 1393/671/3 1397/672/3 1396/673/3
f 1395/674/4 1394/675/4 1398/676/4 1399/677/4
f 1394/678/5 1392/171/5 1396/153/5 1398/679/5
f 1399/654/6 1397/679/6 1393/647/6 1395/550/6
f 1401/680/4 1315/681/4 1400/678/4 1402/545/4
f 1315/556/57 1323/682/57 1324/683/57 1400/651/57
f 1326/684/20 1325/516/20 1401/562/20 1402/417/20
f 1325/555/5 1323/685/5 1315/550/5 1401/686/5
f 1400/683/58 1324/651/59 1326/556/58 1402/682/58
f 1320/681/60 1319/678/60 1403/545/60 1404/680/60
f 1405/554/17 1321/687/17 1322/658/17 1406/688/17
f 1404/520/4 1403/538/4 1405/647/4 1406/486/4
f 1403/555/5 1319/685/5 1321/550/5 1405/686/5
f 1322/685/61 1320/550/61 1404/686/61 1406/555/61
f 1410/559/1 1408/551/1 1407/560/1 1409/561/1
f 1413/559/2 1411/551/2 1412/560/2 1414/561/2
f 1407/562/3 1408/147/3 1412/560/3 1411/563/3
f 1410/562/4 1409/147/4 1413/560/4 1414/563/4
f 1409/158/5 1407/147/5 1411/560/5 1413/561/5
f 1414/158/6 1412/147/6 1408/560/6 1410/561/6
f 1428/577/47 1432/578/47 1433/579/47 1429/580/47
f 1431/581/48 1435/580/48 1434/577/48 1430/582/48
f 1430/583/6 1434/584/6 1432/585/6 1428/586/6
f 1429/587/5 1433/588/5 1435/589/5 1431/590/5
f 1432/577/45 1436/578/45 1437/579/45 1433/580/45
f 1435/581/46 1439/580/46 1438/577/46 1434/582/46
f 1434/591/6 1438/592/6 1436/593/6 1432/594/6
f 1433/587/5 1437/588/5 1439/595/5 1435/596/5
f 1436/577/1 1440/578/1 1441/579/1 1437/580/1
f 1439/581/2 1443/580/2 1442/577/2 1438/582/2
f 1438/597/6 1442/598/6 1440/599/6 1436/600/6
f 1437/599/5 1441/600/5 1443/597/5 1439/598/5
f 1440/577/43 1444/578/43 1445/579/43 1441/580/43
f 1443/581/44 1447/580/44 1446/577/44 1442/582/44
f 1442/601/6 1446/602/6 1444/603/6 1440/604/6
f 1441/605/5 1445/606/5 1447/607/5 1443/608/5
f 1444/577/41 1448/578/41 1449/579/41 1445/580/41
f 1447/581/42 1451/580/42 1450/577/42 1446/582/42
f 1446/609/6 1450/610/6 1448/611/6 1444/612/6
f 1445/605/5 1449/606/5 1451/613/5 1447/614/5
f 1448/577/3 1452/578/3 1453/579/3 1449/580/3
f 1451/581/4 1455/580/4 1454/577/4 1450/582/4
f 1450/615/6 1454/616/6 1452/617/6 1448/618/6
f 1449/579/5 1453/580/5 1455/619/5 1451/620/5
f 1452/577/48 1456/578/48 1457/579/48 1453/580/48
f 1455/581/47 1459/580/47 1458/577/47 1454/582/47
f 1454/621/6 1458/622/6 1456/580/6 1452/623/6
f 1453/624/5 1457/580/5 1459/625/5 1455/626/5
f 1456/577/46 1460/578/46 1461/579/46 1457/580/46
f 1459/581/45 1463/580/45 1462/577/45 1458/582/45
f 1458/627/6 1462/628/6 1460/629/6 1456/630/6
f 1457/624/5 1461/580/5 1463/631/5 1459/632/5
f 1460/577/2 1464/578/2 1465/579/2 1461/580/2
f 1463/581/1 1467/580/1 1466/577/1 1462/582/1
f 1462/633/6 1466/634/6 1464/580/6 1460/635/6
f 1461/580/5 1465/635/5 1467/633/5 1463/634/5
f 1464/577/44 1468/578/44 1469/579/44 1465/580/44
f 1467/581/43 1471/580/43 1470/577/43 1466/582/43
f 1466/636/6 1470/637/6 1468/624/6 1464/638/6
f 1465/580/5 1469/630/5 1471/639/5 1467/640/5
f 1468/577/42 1472/578/42 1473/579/42 1469/580/42
f 1471/581/41 1475/580/41 1474/577/41 1470/582/41
f 1470/641/6 1474/642/6 1472/643/6 1468/580/6
f 1469/580/5 1473/630/5 1475/644/5 1471/645/5
f 1472/577/4 1428/578/4 1429/579/4 1473/580/4
f 1475/581/3 1431/580/3 1430/577/3 1474/582/3
f 1474/619/6 1430/620/6 1428/579/6 1472/580/6
f 1473/617/5 1429/618/5 1431/615/5 1475/616/5
f 1479/646/1 1477/169/1 1476/558/1 1478/647/1
f 1482/648/2 1480/548/2 1481/649/2 1483/650/2
f 1476/651/3 1477/652/3 1481/653/3 1480/654/3
f 1479/655/4 1478/545/4 1482/656/4 1483/657/4
f 1478/488/5 1476/658/5 1480/659/5 1482/660/5
f 1483/661/6 1481/662/6 1477/663/6 1479/664/6
f 1486/550/2 1484/647/2 1485/669/2 1487/670/2
f 1299/543/3 1300/671/3 1485/672/3 1484/673/3
f 1302/674/4 1301/675/4 1486/676/4 1487/677/4
f 1301/678/5 1299/171/5 1484/153/5 1486/679/5
f 1487/654/6 1485/679/6 1300/647/6 1302/550/6
f 1490/680/4 1488/681/4 1489/678/4 1491/545/4
f 1488/556/57 1411/682/57 1412/683/57 1489/651/57
f 1414/684/20 1413/516/20 1490/562/20 1491/417/20
f 1413/555/5 1411/685/5 1488/550/5 1490/686/5
f 1489/683/58 1412/651/59 1414/556/58 1491/682/58
f 1408/681/60 1407/678/60 1311/545/60 1492/680/60
f 1493/554/17 1409/687/17 1410/658/17 1494/688/17
f 1492/520/4 1311/538/4 1493/647/4 1494/486/4
f 1311/555/5 1407/685/5 1409/550/5 1493/686/5
f 1410/685/61 1408/550/61 1492/686/61 1494/555/61
f 1497/689/1 1495/690/1 2/691/1 1496/692/1
f 1499/689/2 6/690/2 1498/691/2 1500/692/2
f 2/693/3 1495/694/3 1498/695/3 6/690/3
f 1497/693/4 1496/694/4 1499/695/4 1500/690/4
f 1496/696/5 2/354/5 6/109/5 1499/697/5
f 1500/698/6 1498/693/6 1495/699/6 1497/700/6
f 1504/701/1 1502/702/1 1501/703/1 1503/704/1
f 1507/705/2 1505/706/2 1506/707/2 1508/708/2
f 1501/709/3 1502/710/3 1506/711/3 1505/712/3
f 1504/709/4 1503/710/4 1507/711/4 1508/712/4
f 1503/713/5 1501/714/5 1505/715/5 1507/716/5
f 1508/717/6 1506/709/6 1502/712/6 1504/718/6
f 1512/719/62 1510/703/62 1509/717/62 1511/720/62
f 1515/720/63 1513/717/63 1514/721/63 1516/722/63
f 1509/723/64 1510/724/64 1514/725/64 1513/726/64
f 1512/727/65 1511/721/65 1515/728/65 1516/729/65
f 1511/719/5 1509/703/5 1513/730/5 1515/731/5
f 1516/732/6 1514/733/6 1510/734/6 1512/735/6
f 1520/736/66 1518/737/66 1517/702/66 1519/738/66
f 1523/722/67 1521/721/67 1522/739/67 1524/740/67
f 1517/713/68 1518/714/68 1522/741/68 1521/742/68
f 1520/743/69 1519/744/69 1523/745/69 1524/746/69
f 1519/747/5 1517/748/5 1521/749/5 1523/750/5
f 1524/732/6 1522/733/6 1518/734/6 1520/735/6
f 1528/751/1 1526/752/1 1525/753/1 1527/754/1
f 1531/755/2 1529/756/2 1530/757/2 1532/758/2
f 1525/755/3 1526/756/3 1530/757/3 1529/758/3
f 1528/759/4 1527/733/4 1531/712/4 1532/718/4
f 1527/760/5 1525/761/5 1529/762/5 1531/763/5
f 1532/764/6 1530/765/6 1526/706/6 1528/705/6
f 1536/766/1 1534/34/1 1533/4/1 1535/767/1
f 1539/768/2 1537/769/2 1538/770/2 1540/771/2
f 1533/772/3 1534/753/3 1538/773/3 1537/774/3
f 1536/775/4 1535/761/4 1539/776/4 1540/777/4
f 1535/767/5 1533/4/5 1537/778/5 1539/779/5
f 1540/780/6 1538/709/6 1534/781/6 1536/782/6
f 1544/783/1 1542/784/1 1541/785/1 1543/786/1
f 1547/787/2 1545/788/2 1546/789/2 1548/790/2
f 1541/791/3 1542/792/3 1546/793/3 1545/794/3
f 1544/795/4 1543/796/4 1547/797/4 1548/798/4
f 1543/799/5 1541/800/5 1545/801/5 1547/802/5
f 1548/803/6 1546/804/6 1542/805/6 1544/806/6
f 1552/807/1 1550/808/1 1549/809/1 1551/810/1
f 1555/811/2 1553/812/2 1554/813/2 1556/814/2
f 1549/815/3 1550/816/3 1554/817/3 1553/818/3
f 1552/777/4 1551/776/4 1555/819/4 1556/820/4
f 1551/821/5 1549/822/5 1553/823/5 1555/824/5
f 1556/825/6 1554/826/6 1550/827/6 1552/828/6
usemtl m_b2af6bd8-ffc8-ff72-7f7b-7b18782af15d.001
f 357/108/1 355/41/1 354/172/1 356/173/1
f 360/108/2 358/41/2 359/172/2 361/173/2
f 354/174/3 355/11/3 359/175/3 358/176/3
f 357/174/4 356/11/4 360/175/4 361/176/4
f 356/177/5 354/178/5 358/179/5 360/180/5
f 361/177/6 359/178/6 355/179/6 357/180/6
f 365/181/1 363/41/1 362/182/1 364/183/1
f 368/183/2 366/182/2 367/172/2 369/184/2
f 362/185/3 363/186/3 367/187/3 366/188/3
f 365/189/4 364/185/4 368/188/4 369/190/4
f 364/191/5 362/192/5 366/172/5 368/184/5
f 369/181/6 367/41/6 363/133/6 365/193/6
f 373/181/1 371/41/1 370/182/1 372/183/1
f 376/183/2 374/182/2 375/172/2 377/184/2
f 370/185/3 371/186/3 375/187/3 374/188/3
f 373/189/4 372/185/4 376/188/4 377/190/4
f 372/191/5 370/192/5 374/172/5 376/184/5
f 377/181/6 375/41/6 371/133/6 373/193/6
f 379/180/1 378/179/1 355/172/1 357/173/1
f 361/108/2 359/41/2 380/178/2 381/177/2
f 355/194/3 378/195/3 380/196/3 359/190/3
f 379/197/4 357/106/4 361/187/4 381/172/4
f 381/108/6 380/41/6 378/198/6 379/199/6
f 385/200/1 383/179/1 382/192/1 384/191/1
f 365/193/2 363/133/2 386/178/2 387/201/2
f 382/202/3 383/203/3 386/196/3 363/204/3
f 385/205/4 384/206/4 365/207/4 387/172/4
f 384/208/5 382/205/5 363/172/5 365/184/5
f 387/181/6 386/41/6 383/209/6 385/210/6
f 391/200/1 389/179/1 388/192/1 390/191/1
f 373/193/2 371/133/2 392/178/2 393/201/2
f 388/202/3 389/203/3 392/196/3 371/204/3
f 391/205/4 390/206/4 373/207/4 393/172/4
f 390/208/5 388/205/5 371/172/5 373/184/5
f 393/181/6 392/41/6 389/209/6 391/210/6
f 397/191/1 395/192/1 394/172/1 396/184/1
f 400/181/2 398/41/2 399/133/2 401/193/2
f 394/211/3 395/212/3 399/204/3 398/190/3
f 397/213/4 396/214/4 400/187/4 401/207/4
f 396/215/5 394/216/5 398/172/5 400/184/5
f 401/181/6 399/41/6 395/217/6 397/218/6
f 405/191/1 403/192/1 402/172/1 404/184/1
f 408/181/2 406/41/2 407/133/2 409/193/2
f 402/211/3 403/212/3 407/204/3 406/190/3
f 405/213/4 404/214/4 408/187/4 409/207/4
f 404/215/5 402/216/5 406/172/5 408/184/5
f 409/181/6 407/41/6 403/217/6 405/218/6
f 378/176/1 411/179/1 410/192/1 412/189/1
f 413/219/2 388/133/2 389/178/2 414/174/2
f 410/220/3 411/221/3 389/222/3 388/223/3
f 378/224/4 412/225/4 413/226/4 414/227/4
f 412/228/5 410/224/5 388/227/5 413/229/5
f 414/230/6 389/231/6 411/232/6 378/233/6
f 416/176/1 392/179/1 371/192/1 415/189/1
f 418/219/2 375/133/2 417/178/2 380/174/2
f 371/223/3 392/222/3 417/234/3 375/235/3
f 416/227/4 415/226/4 418/236/4 380/237/4
f 415/229/5 371/227/5 375/237/5 418/238/5
f 380/239/6 417/240/6 392/231/6 416/230/6
f 421/189/1 370/192/1 419/172/1 420/190/1
f 423/114/2 422/41/2 374/133/2 424/219/2
f 419/229/3 370/223/3 374/235/3 422/238/3
f 421/226/4 420/241/4 423/242/4 424/236/4
f 420/229/5 419/227/5 422/237/5 423/238/5
f 424/239/6 374/240/6 370/231/6 421/230/6
f 427/189/1 426/192/1 425/172/1 354/190/1
f 430/114/2 428/41/2 429/133/2 431/219/2
f 425/228/3 426/220/3 429/223/3 428/229/3
f 427/225/4 354/109/4 430/241/4 431/226/4
f 354/228/5 425/224/5 428/227/5 430/229/5
f 431/230/6 429/231/6 426/232/6 427/233/6
f 433/189/1 407/192/1 406/172/1 432/190/1
f 358/114/2 434/41/2 435/133/2 436/219/2
f 406/229/3 407/223/3 435/235/3 434/238/3
f 433/226/4 432/241/4 358/242/4 436/236/4
f 432/229/5 406/227/5 434/237/5 358/238/5
f 436/239/6 435/240/6 407/231/6 433/230/6
f 440/189/1 438/192/1 437/172/1 439/190/1
f 441/114/2 402/41/2 403/133/2 442/219/2
f 437/228/3 438/220/3 403/223/3 402/229/3
f 440/225/4 439/109/4 441/241/4 442/226/4
f 439/228/5 437/224/5 402/227/5 441/229/5
f 442/230/6 403/231/6 438/232/6 440/233/6
f 444/181/1 410/41/1 426/172/1 443/184/1
f 445/181/2 429/41/2 388/172/2 390/184/2
f 426/228/3 410/109/3 388/241/3 429/229/3
f 444/228/4 443/109/4 445/241/4 390/229/4
f 443/243/5 426/224/5 429/227/5 445/244/5
f 390/245/6 388/231/6 410/232/6 444/246/6
f 449/181/1 447/41/1 446/172/1 448/184/1
f 451/181/2 450/41/2 382/172/2 384/184/2
f 446/228/3 447/109/3 382/241/3 450/229/3
f 449/228/4 448/109/4 451/241/4 384/229/4
f 448/243/5 446/224/5 450/227/5 451/244/5
f 384/245/6 382/231/6 447/232/6 449/246/6
f 455/247/1 453/182/1 452/172/1 454/173/1
f 458/108/2 456/41/2 457/182/2 459/247/2
f 452/219/3 453/248/3 457/249/3 456/250/3
f 455/248/4 454/33/4 458/121/4 459/249/4
f 454/251/5 452/133/5 456/252/5 458/253/5
f 459/254/6 457/255/6 453/256/6 455/257/6
f 463/258/1 461/182/1 460/172/1 462/259/1
f 464/260/2 458/41/2 459/182/2 465/258/2
f 460/261/3 461/262/3 459/249/3 458/250/3
f 463/262/4 462/70/4 464/121/4 465/249/4
f 462/263/5 460/264/5 458/252/5 464/265/5
f 465/266/6 459/255/6 461/267/6 463/268/6
f 485/190/1 483/259/1 482/273/1 484/176/1
f 488/190/2 486/259/2 487/273/2 489/176/2
f 482/190/21 483/196/21 487/274/21 486/176/21
f 485/190/22 484/196/22 488/274/22 489/176/22
f 484/190/23 482/259/23 486/273/23 488/176/23
f 489/190/24 487/259/24 483/273/24 485/176/24
f 493/275/25 491/11/25 490/10/25 492/260/25
f 496/275/26 494/11/26 495/10/26 497/260/26
f 490/190/27 491/196/27 495/274/27 494/176/27
f 493/190/28 492/196/28 496/274/28 497/176/28
f 492/275/29 490/11/29 494/10/29 496/260/29
f 497/275/30 495/11/30 491/10/30 493/260/30
f 501/275/31 499/11/31 498/10/31 500/260/31
f 504/275/32 502/11/32 503/10/32 505/260/32
f 498/190/27 499/196/27 503/274/27 502/176/27
f 501/190/28 500/196/28 504/274/28 505/176/28
f 500/275/29 498/11/29 502/10/29 504/260/29
f 505/275/30 503/11/30 499/10/30 501/260/30
f 509/190/1 507/259/1 506/273/1 508/176/1
f 512/190/2 510/259/2 511/273/2 513/176/2
f 506/190/21 507/196/21 511/274/21 510/176/21
f 509/190/22 508/196/22 512/274/22 513/176/22
f 508/190/23 506/259/23 510/273/23 512/176/23
f 513/190/24 511/259/24 507/273/24 509/176/24
f 525/280/1 523/281/1 522/282/1 524/283/1
f 528/284/2 526/285/2 527/286/2 529/287/2
f 522/288/3 523/106/3 527/11/3 526/201/3
f 525/289/4 524/131/4 528/26/4 529/177/4
f 524/280/5 522/281/5 526/290/5 528/291/5
f 529/291/6 527/290/6 523/286/6 525/287/6
f 533/292/1 531/106/1 530/33/1 532/293/1
f 536/294/2 534/295/2 535/10/2 537/296/2
f 530/288/3 531/106/3 535/11/3 534/201/3
f 533/289/4 532/131/4 536/26/4 537/177/4
f 532/292/5 530/106/5 534/11/5 536/297/5
f 537/297/6 535/11/6 531/10/6 533/296/6
f 541/172/1 539/187/1 538/10/1 540/41/1
f 544/172/2 542/187/2 543/10/2 545/41/2
f 538/174/3 539/11/3 543/10/3 542/114/3
f 541/174/4 540/11/4 544/10/4 545/114/4
f 540/197/5 538/106/5 542/11/5 544/178/5
f 545/178/6 543/11/6 539/10/6 541/41/6
f 549/298/1 547/299/1 546/300/1 548/301/1
f 552/302/2 550/303/2 551/304/2 553/305/2
f 546/306/3 547/307/3 551/308/3 550/309/3
f 549/310/4 548/183/4 552/181/4 553/311/4
f 548/312/5 546/313/5 550/265/5 552/314/5
f 553/315/6 551/302/6 547/316/6 549/317/6
f 557/179/1 555/318/1 554/319/1 556/320/1
f 559/264/2 558/321/2 542/26/2 544/178/2
f 554/322/3 555/197/3 542/178/3 558/323/3
f 557/195/4 556/324/4 559/325/4 544/326/4
f 556/197/5 554/131/5 558/26/5 559/178/5
f 544/178/6 542/26/6 555/21/6 557/41/6
f 563/327/1 561/328/1 560/21/1 562/41/1
f 566/172/2 564/207/2 565/329/2 567/330/2
f 560/194/3 561/331/3 565/332/3 564/333/3
f 563/334/4 562/106/4 566/295/4 567/335/4
f 562/197/5 560/131/5 564/336/5 566/337/5
f 567/133/6 565/25/6 561/21/6 563/41/6
f 562/179/1 560/318/1 568/319/1 569/320/1
f 572/264/2 570/321/2 571/26/2 573/178/2
f 568/322/3 560/197/3 571/178/3 570/323/3
f 562/195/4 569/324/4 572/325/4 573/326/4
f 569/197/5 568/131/5 570/26/5 572/178/5
f 573/178/6 571/26/6 560/21/6 562/41/6
f 575/197/1 525/106/1 524/33/1 574/133/1
f 576/337/2 536/295/2 537/10/2 577/41/2
f 524/246/3 525/338/3 537/10/3 536/181/3
f 575/339/4 574/340/4 576/21/4 577/108/4
f 574/232/5 524/338/5 536/10/5 576/41/5
f 577/232/6 537/338/6 525/10/6 575/41/6
f 581/197/1 579/131/1 578/25/1 580/133/1
f 584/337/2 582/336/2 583/21/2 585/41/2
f 578/183/3 579/341/3 583/109/3 582/243/3
f 581/247/4 580/342/4 584/225/4 585/110/4
f 580/182/5 578/342/5 582/225/5 584/224/5
f 585/182/6 583/342/6 579/225/6 581/224/6
f 589/264/1 587/321/1 586/25/1 588/133/1
f 592/264/2 590/321/2 591/25/2 593/133/2
f 586/83/3 587/329/3 591/236/3 590/343/3
f 589/83/4 588/329/4 592/236/4 593/343/4
f 588/330/5 586/329/5 590/236/5 592/237/5
f 593/330/6 591/329/6 587/236/6 589/237/6
f 597/197/7 595/131/7 594/25/7 596/133/7
f 600/337/8 598/336/8 599/21/8 601/41/8
f 594/183/9 595/341/9 599/109/9 598/243/9
f 597/247/10 596/342/10 600/225/10 601/110/10
f 596/182/5 594/342/5 598/225/5 600/224/5
f 601/182/6 599/342/6 595/225/6 597/224/6
f 605/197/9 603/131/9 602/25/9 604/133/9
f 608/337/10 606/336/10 607/21/10 609/41/10
f 602/344/8 603/345/8 607/109/8 606/243/8
f 605/346/7 604/347/7 608/225/7 609/110/7
f 604/348/5 602/347/5 606/225/5 608/224/5
f 609/348/6 607/347/6 603/225/6 605/224/6
f 613/289/1 611/106/1 610/10/1 612/108/1
f 616/289/2 614/106/2 615/10/2 617/108/2
f 610/349/3 611/350/3 615/10/3 614/108/3
f 613/349/4 612/350/4 616/10/4 617/108/4
f 612/349/5 610/350/5 614/10/5 616/108/5
f 617/351/6 615/352/6 611/99/6 613/353/6
f 621/206/1 619/354/1 618/10/1 620/21/1
f 624/206/2 622/354/2 623/10/2 625/21/2
f 618/355/3 619/106/3 623/11/3 622/275/3
f 621/355/4 620/106/4 624/11/4 625/275/4
f 620/131/5 618/106/5 622/11/5 624/26/5
f 625/26/6 623/11/6 619/10/6 621/21/6
f 629/206/1 627/354/1 626/10/1 628/21/1
f 632/206/2 630/354/2 631/10/2 633/21/2
f 626/355/3 627/106/3 631/11/3 630/275/3
f 629/355/4 628/106/4 632/11/4 633/275/4
f 628/131/5 626/106/5 630/11/5 632/26/5
f 633/26/6 631/11/6 627/10/6 629/21/6
f 637/356/1 635/131/1 634/336/1 636/357/1
f 640/358/2 638/25/2 639/21/2 641/359/2
f 634/131/3 635/106/3 639/11/3 638/26/3
f 637/289/4 636/288/4 640/201/4 641/177/4
f 636/356/5 634/131/5 638/26/5 640/360/5
f 641/360/6 639/26/6 635/21/6 637/359/6
f 637/197/1 636/337/1 642/46/1
f 640/133/2 641/41/2 643/193/2
f 642/288/33 636/197/33 640/178/33 643/201/33
f 643/201/6 641/178/6 637/41/6 642/181/6
f 646/206/1 645/354/1 644/10/1 635/21/1
f 639/206/2 647/354/2 648/10/2 649/21/2
f 644/355/3 645/106/3 648/11/3 647/275/3
f 646/355/4 635/106/4 639/11/4 649/275/4
f 635/131/5 644/106/5 647/11/5 639/26/5
f 649/26/6 648/11/6 645/10/6 646/21/6
f 644/70/2 635/206/2 634/321/2
f 647/33/1 638/25/1 639/21/1
f 634/131/34 644/106/34 647/11/34 638/26/34
f 618/70/2 620/206/2 650/321/2
f 622/33/1 651/25/1 624/21/1
f 620/355/4 650/322/4 651/323/4 624/275/4
f 650/131/34 618/106/34 622/11/34 651/26/34
f 653/206/1 652/354/1 637/10/1 642/21/1
f 643/206/2 641/354/2 654/10/2 655/21/2
f 637/355/3 652/106/3 654/11/3 641/275/3
f 653/355/4 642/106/4 643/11/4 655/275/4
f 655/26/6 654/11/6 652/10/6 653/21/6
f 626/356/1 620/131/1 650/336/1 656/357/1
f 657/358/2 651/25/2 624/21/2 630/359/2
f 626/289/4 656/288/4 657/201/4 630/177/4
f 656/356/5 650/131/5 651/26/5 657/360/5
f 630/360/6 624/26/6 620/21/6 626/359/6
f 626/197/1 656/337/1 628/46/1
f 657/133/2 630/41/2 632/193/2
f 628/288/33 656/197/33 657/178/33 632/201/33
f 661/182/35 659/341/35 658/33/35 660/133/35
f 664/267/36 662/361/36 663/10/36 665/41/36
f 658/362/37 659/106/37 663/11/37 662/363/37
f 661/364/38 660/131/38 664/26/38 665/365/38
f 660/197/5 658/106/5 662/11/5 664/178/5
f 665/178/6 663/11/6 659/10/6 661/41/6
f 665/182/39 663/341/39 666/33/39 667/133/39
f 670/267/40 668/361/40 669/10/40 671/41/40
f 666/362/37 663/106/37 669/11/37 668/363/37
f 665/364/38 667/131/38 670/26/38 671/365/38
f 667/197/5 666/106/5 668/11/5 670/178/5
f 671/178/6 669/11/6 663/10/6 665/41/6
f 1560/333/1 1558/295/1 1557/106/1 1559/194/1
f 1563/114/2 1561/10/2 1562/33/2 1564/219/2
f 1557/108/3 1558/181/3 1562/288/3 1561/289/3
f 1560/21/4 1559/10/4 1563/106/4 1564/131/4
f 1559/114/5 1557/10/5 1561/106/5 1563/194/5
f 1564/114/6 1562/10/6 1558/106/6 1560/194/6
f 1566/333/1 1560/295/1 1559/106/1 1565/194/1
f 1567/114/2 1563/10/2 1564/33/2 1568/219/2
f 1566/21/4 1565/10/4 1567/106/4 1568/131/4
f 1565/114/5 1559/10/5 1563/106/5 1567/194/5
f 1568/114/6 1564/10/6 1560/106/6 1566/194/6
usemtl m_409504fd-f58c-4195-329e-2b61b82ac830.001
f 694/404/6 695/405/6 692/406/6
f 695/405/6 696/407/6 692/406/6
f 696/407/6 697/408/6 692/406/6
f 697/408/6 698/409/6 692/406/6
f 698/409/6 699/410/6 692/406/6
f 699/410/6 700/411/6 692/406/6
f 700/411/6 701/412/6 692/406/6
f 701/412/6 702/413/6 692/406/6
f 702/413/6 703/414/6 692/406/6
f 703/414/6 704/415/6 692/406/6
f 704/415/6 693/416/6 692/406/6
f 693/416/6 694/404/6 692/406/6
f 779/404/6 780/405/6 777/406/6
f 780/405/6 781/407/6 777/406/6
f 781/407/6 782/408/6 777/406/6
f 782/408/6 783/409/6 777/406/6
f 783/409/6 784/410/6 777/406/6
f 784/410/6 785/411/6 777/406/6
f 785/411/6 786/412/6 777/406/6
f 786/412/6 787/413/6 777/406/6
f 787/413/6 788/414/6 777/406/6
f 788/414/6 789/415/6 777/406/6
f 789/415/6 778/416/6 777/406/6
f 778/416/6 779/404/6 777/406/6
f 864/404/6 865/405/6 862/406/6
f 865/405/6 866/407/6 862/406/6
f 866/407/6 867/408/6 862/406/6
f 867/408/6 868/409/6 862/406/6
f 868/409/6 869/410/6 862/406/6
f 869/410/6 870/411/6 862/406/6
f 870/411/6 871/412/6 862/406/6
f 871/412/6 872/413/6 862/406/6
f 872/413/6 873/414/6 862/406/6
f 873/414/6 874/415/6 862/406/6
f 874/415/6 863/416/6 862/406/6
f 863/416/6 864/404/6 862/406/6
f 957/564/5 958/565/5 955/566/5
f 958/565/5 959/567/5 955/566/5
f 959/567/5 960/568/5 955/566/5
f 960/568/5 961/569/5 955/566/5
f 961/569/5 962/570/5 955/566/5
f 962/570/5 963/571/5 955/566/5
f 963/571/5 964/572/5 955/566/5
f 964/572/5 965/573/5 955/566/5
f 965/573/5 966/574/5 955/566/5
f 966/574/5 967/575/5 955/566/5
f 967/575/5 956/576/5 955/566/5
f 956/576/5 957/564/5 955/566/5
f 1050/564/5 1051/565/5 1048/566/5
f 1051/565/5 1052/567/5 1048/566/5
f 1052/567/5 1053/568/5 1048/566/5
f 1053/568/5 1054/569/5 1048/566/5
f 1054/569/5 1055/570/5 1048/566/5
f 1055/570/5 1056/571/5 1048/566/5
f 1056/571/5 1057/572/5 1048/566/5
f 1057/572/5 1058/573/5 1048/566/5
f 1058/573/5 1059/574/5 1048/566/5
f 1059/574/5 1060/575/5 1048/566/5
f 1060/575/5 1049/576/5 1048/566/5
f 1049/576/5 1050/564/5 1048/566/5
f 1143/564/5 1144/565/5 1141/566/5
f 1144/565/5 1145/567/5 1141/566/5
f 1145/567/5 1146/568/5 1141/566/5
f 1146/568/5 1147/569/5 1141/566/5
f 1147/569/5 1148/570/5 1141/566/5
f 1148/570/5 1149/571/5 1141/566/5
f 1149/571/5 1150/572/5 1141/566/5
f 1150/572/5 1151/573/5 1141/566/5
f 1151/573/5 1152/574/5 1141/566/5
f 1152/574/5 1153/575/5 1141/566/5
f 1153/575/5 1142/576/5 1141/566/5
f 1142/576/5 1143/564/5 1141/566/5
f 1236/564/5 1237/565/5 1234/566/5
f 1237/565/5 1238/567/5 1234/566/5
f 1238/567/5 1239/568/5 1234/566/5
f 1239/568/5 1240/569/5 1234/566/5
f 1240/569/5 1241/570/5 1234/566/5
f 1241/570/5 1242/571/5 1234/566/5
f 1242/571/5 1243/572/5 1234/566/5
f 1243/572/5 1244/573/5 1234/566/5
f 1244/573/5 1245/574/5 1234/566/5
f 1245/574/5 1246/575/5 1234/566/5
f 1246/575/5 1235/576/5 1234/566/5
f 1235/576/5 1236/564/5 1234/566/5
f 1329/564/5 1330/565/5 1327/566/5
f 1330/565/5 1331/567/5 1327/566/5
f 1331/567/5 1332/568/5 1327/566/5
f 1332/568/5 1333/569/5 1327/566/5
f 1333/569/5 1334/570/5 1327/566/5
f 1334/570/5 1335/571/5 1327/566/5
f 1335/571/5 1336/572/5 1327/566/5
f 1336/572/5 1337/573/5 1327/566/5
f 1337/573/5 1338/574/5 1327/566/5
f 1338/574/5 1339/575/5 1327/566/5
f 1339/575/5 1328/576/5 1327/566/5
f 1328/576/5 1329/564/5 1327/566/5
f 1417/564/5 1418/565/5 1415/566/5
f 1418/565/5 1419/567/5 1415/566/5
f 1419/567/5 1420/568/5 1415/566/5
f 1420/568/5 1421/569/5 1415/566/5
f 1421/569/5 1422/570/5 1415/566/5
f 1422/570/5 1423/571/5 1415/566/5
f 1423/571/5 1424/572/5 1415/566/5
f 1424/572/5 1425/573/5 1415/566/5
f 1425/573/5 1426/574/5 1415/566/5
f 1426/574/5 1427/575/5 1415/566/5
f 1427/575/5 1416/576/5 1415/566/5
f 1416/576/5 1417/564/5 1415/566/5
