# Made in Blockbench 5.1.1
mtllib 3l_signal_post_1970.mtl

o tube
v 0.045304375 1.0625 -0.5625
v 0.045304375 1.0625 -0.53125
v 0.036093125 1.0847381249999999 -0.5625
v 0.036093125 1.084738125 -0.53125
v 0.109375 1.126570625 -0.5625
v 0.109375 1.126570625 -0.53125
v 0.087136875 1.135781875 -0.5625
v 0.087136875 1.135781875 -0.53125
v 0.109375 1.217179375 -0.5625
v 0.109375 1.217179375 -0.53125
v 0.087136875 1.207968125 -0.5625
v 0.087136875 1.207968125 -0.53125
v 0.045304375 1.28125 -0.5625
v 0.045304375 1.28125 -0.53125
v 0.036093125 1.2590118750000001 -0.5625
v 0.036093125 1.2590118750000001 -0.53125
v -0.045304375 1.28125 -0.5625
v -0.045304375 1.28125 -0.53125
v -0.036093125 1.2590118750000001 -0.5625
v -0.036093125 1.2590118750000001 -0.53125
v -0.109375 1.217179375 -0.5625
v -0.109375 1.217179375 -0.53125
v -0.087136875 1.207968125 -0.5625
v -0.087136875 1.207968125 -0.53125
v -0.109375 1.126570625 -0.5625
v -0.109375 1.126570625 -0.53125
v -0.087136875 1.135781875 -0.5625
v -0.087136875 1.135781875 -0.53125
v -0.045304375 1.0625 -0.5625
v -0.045304375 1.0625 -0.53125
v -0.036093125 1.0847381249999999 -0.5625
v -0.036093125 1.084738125 -0.53125
v 0.045304375 1.9375 -0.5625
v 0.045304375 1.9375 -0.53125
v 0.036093125 1.9597381249999999 -0.5625
v 0.036093125 1.959738125 -0.53125
v 0.109375 2.0015706249999994 -0.5625
v 0.109375 2.0015706249999994 -0.53125
v 0.087136875 2.010781875 -0.5625
v 0.087136875 2.010781875 -0.53125
v 0.109375 2.0921793749999997 -0.5625
v 0.109375 2.0921793749999997 -0.53125
v 0.087136875 2.082968125 -0.5625
v 0.087136875 2.082968125 -0.53125
v 0.045304375 2.15625 -0.5625
v 0.045304375 2.15625 -0.53125
v 0.036093125 2.1340118749999997 -0.5625
v 0.036093125 2.1340118749999997 -0.53125
v -0.045304375 2.15625 -0.5625
v -0.045304375 2.15625 -0.53125
v -0.036093125 2.1340118749999997 -0.5625
v -0.036093125 2.1340118749999997 -0.53125
v -0.109375 2.0921793749999997 -0.5625
v -0.109375 2.0921793749999997 -0.53125
v -0.087136875 2.082968125 -0.5625
v -0.087136875 2.082968125 -0.53125
v -0.109375 2.0015706249999994 -0.5625
v -0.109375 2.0015706249999994 -0.53125
v -0.087136875 2.010781875 -0.5625
v -0.087136875 2.010781875 -0.53125
v -0.045304375 1.9375 -0.5625
v -0.045304375 1.9375 -0.53125
v -0.036093125 1.9597381249999999 -0.5625
v -0.036093125 1.959738125 -0.53125
v 0.045304375 1.5 -0.5625
v 0.045304375 1.5 -0.53125
v 0.036093125 1.5222381249999999 -0.5625
v 0.036093125 1.522238125 -0.53125
v 0.109375 1.564070625 -0.5625
v 0.109375 1.564070625 -0.53125
v 0.087136875 1.573281875 -0.5625
v 0.087136875 1.573281875 -0.53125
v 0.109375 1.654679375 -0.5625
v 0.109375 1.654679375 -0.53125
v 0.087136875 1.645468125 -0.5625
v 0.087136875 1.645468125 -0.53125
v 0.045304375 1.71875 -0.5625
v 0.045304375 1.71875 -0.53125
v 0.036093125 1.6965118750000001 -0.5625
v 0.036093125 1.6965118750000001 -0.53125
v -0.045304375 1.71875 -0.5625
v -0.045304375 1.71875 -0.53125
v -0.036093125 1.6965118750000001 -0.5625
v -0.036093125 1.6965118750000001 -0.53125
v -0.109375 1.654679375 -0.5625
v -0.109375 1.654679375 -0.53125
v -0.087136875 1.645468125 -0.5625
v -0.087136875 1.645468125 -0.53125
v -0.109375 1.564070625 -0.5625
v -0.109375 1.564070625 -0.53125
v -0.087136875 1.573281875 -0.5625
v -0.087136875 1.573281875 -0.53125
v -0.045304375 1.5 -0.5625
v -0.045304375 1.5 -0.53125
v -0.036093125 1.5222381249999999 -0.5625
v -0.036093125 1.522238125 -0.53125
v 0 1.1718749999999998 -0.46874999999999994
v 0 1.1718749999999998 -0.37499999999999994
v 0.045304375 1.0624999999999998 -0.46875
v 0.045304375 1.0624999999999998 -0.375
v 0.109375 1.1265706249999998 -0.46874999999999994
v 0.109375 1.1265706249999998 -0.37499999999999994
v 0.109375 1.2171793749999997 -0.46874999999999994
v 0.109375 1.2171793749999997 -0.37499999999999994
v 0.045304375 1.2812499999999998 -0.46875
v 0.045304375 1.2812499999999998 -0.375
v -0.045304375 1.2812499999999998 -0.46875
v -0.045304375 1.2812499999999998 -0.375
v -0.109375 1.2171793749999997 -0.46874999999999994
v -0.109375 1.2171793749999997 -0.37499999999999994
v -0.109375 1.1265706249999998 -0.46874999999999994
v -0.109375 1.1265706249999998 -0.37499999999999994
v -0.045304375 1.0624999999999998 -0.46875
v -0.045304375 1.0624999999999998 -0.375
v 0 1.6093749999999998 -0.46875
v 0 1.6093749999999998 -0.375
v 0.045304375 1.4999999999999998 -0.46874999999999994
v 0.045304375 1.4999999999999998 -0.375
v 0.109375 1.5640706249999998 -0.46875
v 0.109375 1.5640706249999998 -0.375
v 0.109375 1.6546793749999997 -0.46874999999999994
v 0.109375 1.6546793749999997 -0.37499999999999994
v 0.045304375 1.7187499999999998 -0.46874999999999994
v 0.045304375 1.7187499999999998 -0.37499999999999994
v -0.045304375 1.7187499999999998 -0.46874999999999994
v -0.045304375 1.7187499999999998 -0.37499999999999994
v -0.109375 1.6546793749999997 -0.46874999999999994
v -0.109375 1.6546793749999997 -0.37499999999999994
v -0.109375 1.5640706249999998 -0.46875
v -0.109375 1.5640706249999998 -0.375
v -0.045304375 1.4999999999999998 -0.46874999999999994
v -0.045304375 1.4999999999999998 -0.375
v 0 2.046875 -0.46875
v 0 2.046875 -0.375
v 0.045304375 1.9374999999999998 -0.46874999999999994
v 0.045304375 1.9374999999999998 -0.37499999999999994
v 0.109375 2.0015706249999994 -0.46874999999999994
v 0.109375 2.0015706249999994 -0.375
v 0.109375 2.0921793749999997 -0.46875
v 0.109375 2.0921793749999997 -0.375
v 0.045304375 2.15625 -0.46874999999999994
v 0.045304375 2.15625 -0.37499999999999994
v -0.045304375 2.15625 -0.46874999999999994
v -0.045304375 2.15625 -0.37499999999999994
v -0.109375 2.0921793749999997 -0.46875
v -0.109375 2.0921793749999997 -0.375
v -0.109375 2.0015706249999994 -0.46874999999999994
v -0.109375 2.0015706249999994 -0.375
v -0.045304375 1.9374999999999998 -0.46874999999999994
v -0.045304375 1.9374999999999998 -0.37499999999999994
v -0.31728687499999997 1.4422868749999997 -0.4593749999999999
v -0.31728687499999997 1.442286875 -0.540625
v -0.25478687499999997 1.4422868749999997 -0.4593749999999999
v -0.25478687499999997 1.442286875 -0.540625
v -0.3172868750000001 1.1610368749999997 -0.4593749999999999
v -0.3172868750000001 1.161036875 -0.540625
v -0.2547868750000001 1.1610368749999997 -0.4593749999999999
v -0.2547868750000001 1.161036875 -0.540625
v -0.019057129722782076 0.9362993899243957 -0.465625
v -0.019057129722782076 0.9362993899243957 -0.5406249999999999
v -0.0312502748487901 0.8750003098991938 -0.465625
v -0.0312502748487901 0.8750003098991938 -0.5406249999999999
v -0.08035620974798398 0.9484925350504037 -0.465625
v -0.08035620974798398 0.9484925350504037 -0.540625
v -0.092549354873992 0.8871934550252017 -0.465625
v -0.092549354873992 0.8871934550252017 -0.5406249999999999
v -0.06863147517240836 0.9449353520410927 -0.465625
v -0.06863147517240836 0.9449353520410927 -0.540625
v -0.09254918969522646 0.8871928812591372 -0.465625
v -0.09254918969522646 0.8871928812591372 -0.5406249999999999
v -0.1263739459543638 0.9688530665639108 -0.465625
v -0.1263739459543638 0.9688530665639108 -0.540625
v -0.1502916604771819 0.9111105957819553 -0.465625
v -0.1502916604771819 0.9111105957819553 -0.5406249999999999
v -0.11556812010364062 0.963077436974093 -0.465625
v -0.11556812010364062 0.963077436974093 -0.540625
v -0.15029125966736576 0.9111105862051839 -0.465625
v -0.15029125966736576 0.9111105862051839 -0.5406249999999999
v -0.1675349708725497 0.9978005765378181 -0.465625
v -0.1675349708725497 0.9978005765378181 -0.540625
v -0.20225811043627484 0.945833725768909 -0.465625
v -0.20225811043627484 0.945833725768909 -0.540625
v -0.15806435352752235 0.9900279238241592 -0.465625
v -0.15806435352752235 0.9900279238241592 -0.540625
v -0.2022585273516816 0.9458337499999999 -0.465625
v -0.2022585273516816 0.9458337499999999 -0.540625
v -0.2022585273516816 1.0342220976483183 -0.46562500000000007
v -0.2022585273516816 1.0342220976483185 -0.540625
v -0.2464527011758408 0.9900279238241592 -0.465625
v -0.2464527011758408 0.9900279238241592 -0.540625
v -0.1944856588984567 1.024751303358541 -0.46562500000000007
v -0.1944856588984567 1.0247513033585411 -0.540625
v -0.2464525096673658 0.990028163794816 -0.465625
v -0.2464525096673658 0.990028163794816 -0.540625
v -0.22920879846218184 1.0767181541274502 -0.46562500000000007
v -0.22920879846218184 1.0767181541274504 -0.540625
v -0.28117564923109095 1.041995014563725 -0.46562500000000007
v -0.28117564923109095 1.0419950145637251 -0.540625
v -0.22343296891327105 1.0659129582636806 -0.46562500000000007
v -0.22343296891327105 1.0659129582636808 -0.540625
v -0.28117543969522646 1.0419952437408624 -0.46562500000000007
v -0.28117543969522646 1.0419952437408626 -0.540625
v -0.24735068343608918 1.123655429045636 -0.46562500000000007
v -0.24735068343608918 1.1236554290456362 -0.540625
v -0.30509315421804456 1.099737714522818 -0.46562500000000007
v -0.30509315421804456 1.0997377145228182 -0.540625
v -0.24379431982358815 1.111930335226814 -0.46562500000000007
v -0.24379431982358815 1.1119303352268142 -0.540625
v -0.30509339984879 1.099737190100806 -0.46562500000000007
v -0.30509339984879 1.0997371901008062 -0.540625
v -0.2559874649495962 1.1732294152520157 -0.465625
v -0.2559874649495962 1.173229415252016 -0.540625
v -0.3172865449747981 1.1610362701260077 -0.465625
v -0.3172865449747981 1.161036270126008 -0.540625
v 0.08035620974798396 0.9484925350504037 -0.465625
v 0.08035620974798396 0.9484925350504037 -0.540625
v 0.09254935487399199 0.8871934550252017 -0.465625
v 0.09254935487399199 0.8871934550252017 -0.5406249999999999
v 0.019057129722782062 0.9362993899243957 -0.465625
v 0.019057129722782062 0.9362993899243957 -0.5406249999999999
v 0.03125027484879009 0.8750003098991938 -0.465625
v 0.03125027484879009 0.8750003098991938 -0.5406249999999999
v 0.1263739459543638 0.9688530665639108 -0.465625
v 0.1263739459543638 0.9688530665639108 -0.540625
v 0.1502916604771819 0.9111105957819553 -0.465625
v 0.1502916604771819 0.9111105957819553 -0.5406249999999999
v 0.06863147517240836 0.9449353520410927 -0.465625
v 0.06863147517240836 0.9449353520410927 -0.540625
v 0.09254918969522646 0.8871928812591372 -0.465625
v 0.09254918969522646 0.8871928812591372 -0.5406249999999999
v 0.16753497087254968 0.9978005765378181 -0.465625
v 0.16753497087254968 0.9978005765378181 -0.540625
v 0.2022581104362748 0.945833725768909 -0.465625
v 0.2022581104362748 0.945833725768909 -0.540625
v 0.11556812010364059 0.963077436974093 -0.465625
v 0.11556812010364059 0.963077436974093 -0.540625
v 0.15029125966736573 0.9111105862051839 -0.465625
v 0.15029125966736573 0.9111105862051839 -0.5406249999999999
v 0.2022585273516816 1.0342220976483183 -0.46562500000000007
v 0.2022585273516816 1.0342220976483185 -0.540625
v 0.2464527011758408 0.9900279238241592 -0.465625
v 0.2464527011758408 0.9900279238241592 -0.540625
v 0.15806435352752235 0.9900279238241592 -0.465625
v 0.15806435352752235 0.9900279238241592 -0.540625
v 0.2022585273516816 0.9458337499999999 -0.465625
v 0.2022585273516816 0.9458337499999999 -0.540625
v 0.22920879846218184 1.0767181541274502 -0.46562500000000007
v 0.22920879846218184 1.0767181541274504 -0.540625
v 0.28117564923109095 1.041995014563725 -0.46562500000000007
v 0.28117564923109095 1.0419950145637251 -0.540625
v 0.1944856588984567 1.024751303358541 -0.46562500000000007
v 0.1944856588984567 1.0247513033585411 -0.540625
v 0.2464525096673658 0.990028163794816 -0.465625
v 0.2464525096673658 0.990028163794816 -0.540625
v 0.24735068343608918 1.123655429045636 -0.46562500000000007
v 0.24735068343608918 1.1236554290456362 -0.540625
v 0.30509315421804456 1.099737714522818 -0.46562500000000007
v 0.30509315421804456 1.0997377145228182 -0.540625
v 0.22343296891327105 1.0659129582636806 -0.46562500000000007
v 0.22343296891327105 1.0659129582636808 -0.540625
v 0.28117543969522646 1.0419952437408624 -0.46562500000000007
v 0.28117543969522646 1.0419952437408626 -0.540625
v 0.2559874649495962 1.1732294152520157 -0.465625
v 0.2559874649495962 1.173229415252016 -0.540625
v 0.3172865449747981 1.1610362701260077 -0.465625
v 0.3172865449747981 1.161036270126008 -0.540625
v 0.24379431982358815 1.111930335226814 -0.46562500000000007
v 0.24379431982358815 1.1119303352268142 -0.540625
v 0.30509339984879 1.099737190100806 -0.46562500000000007
v 0.30509339984879 1.0997371901008062 -0.540625
v 0.3172868750000001 1.1610368749999997 -0.4593749999999999
v 0.3172868750000001 1.161036875 -0.540625
v 0.254786875 1.1610368749999997 -0.4593749999999999
v 0.254786875 1.161036875 -0.540625
v 0.31728687499999997 1.4422868749999997 -0.4593749999999999
v 0.31728687499999997 1.442286875 -0.540625
v 0.25478687499999997 1.4422868749999997 -0.4593749999999999
v 0.25478687499999997 1.442286875 -0.540625
v 0.03125 0.9374999999999999 -0.46249999999999997
v 0.03125 0.9374999999999999 -0.5406249999999999
v 0.03125 0.8749999999999999 -0.46249999999999997
v 0.03125 0.8749999999999999 -0.5406249999999999
v -0.03125 0.9374999999999999 -0.46249999999999997
v -0.03125 0.9374999999999999 -0.5406249999999999
v -0.03125 0.8749999999999999 -0.46249999999999997
v -0.03125 0.8749999999999999 -0.5406249999999999
v 0.171875 0.9999999999999998 -0.46874999999999994
v 0.171875 1 -0.53125
v 0.171875 0.9374999999999999 -0.46874999999999994
v 0.171875 0.9374999999999999 -0.53125
v -0.171875 0.9999999999999998 -0.46874999999999994
v -0.171875 1 -0.53125
v -0.171875 0.9374999999999999 -0.46874999999999994
v -0.171875 0.9374999999999999 -0.53125
v 0.21875 1.0624999999999998 -0.46875
v 0.21875 1.0625 -0.53125
v 0.21875 0.9999999999999998 -0.46874999999999994
v 0.21875 1 -0.53125
v -0.21875 1.0624999999999998 -0.46875
v -0.21875 1.0625 -0.53125
v -0.21875 0.9999999999999998 -0.46874999999999994
v -0.21875 1 -0.53125
v 0.28125 1.4374999999999998 -0.46874999999999994
v 0.28125 1.4375 -0.53125
v 0.28125 1.0624999999999998 -0.46875
v 0.28125 1.0625 -0.53125
v -0.28125 1.4374999999999998 -0.46874999999999994
v -0.28125 1.4375 -0.53125
v -0.28125 1.0624999999999998 -0.46875
v -0.28125 1.0625 -0.53125
v 0.125 1.296875 -0.5312499999999999
v 0.125 1.296875 -0.5375
v 0.125 1.109375 -0.53125
v 0.125 1.109375 -0.5375000000000001
v -0.125 1.296875 -0.5312499999999999
v -0.125 1.296875 -0.5375
v -0.125 1.109375 -0.53125
v -0.125 1.109375 -0.5375000000000001
v 0.0625 1.3124999999999998 -0.484375
v 0.0625 1.3125 -0.7812499999999999
v 0.0625 1.2812499999999998 -0.484375
v 0.0625 1.28125 -0.7812499999999999
v -0.0625 1.3124999999999998 -0.484375
v -0.0625 1.3125 -0.7812499999999999
v -0.0625 1.2812499999999998 -0.484375
v -0.0625 1.28125 -0.7812499999999999
v 0.10580692863070452 1.2945618676954889 -0.5
v 0.10580692863070452 1.2945618676954889 -0.7656249999999999
v 0.09384807136929547 1.265690632304511 -0.5
v 0.09384807136929547 1.265690632304511 -0.7656249999999999
v 0.06250007554423796 1.3125001535876024 -0.5
v 0.06250007554423796 1.3125001535876024 -0.7656249999999999
v 0.05054121828282891 1.2836289181966245 -0.5
v 0.05054121828282891 1.2836289181966247 -0.7656249999999999
v 0.12268662778005801 1.2776817091320214 -0.484375
v 0.12268662778005801 1.2776817091320216 -0.7499999999999999
v 0.10058954086797839 1.2555846222199418 -0.48437499999999994
v 0.10058954086797839 1.255584622219942 -0.7499999999999999
v 0.1058066630879204 1.294561673824159 -0.484375
v 0.1058066630879204 1.2945616738241592 -0.7499999999999999
v 0.0837095761758408 1.2724645869120794 -0.484375
v 0.0837095761758408 1.2724645869120796 -0.7499999999999999
v 0.14062499269548884 1.2343750536307043 -0.48437499999999994
v 0.14062499269548884 1.2343750536307045 -0.71875
v 0.11175375730451113 1.2224161963692954 -0.48437499999999994
v 0.11175375730451113 1.2224161963692957 -0.71875
v 0.12268670680337526 1.277681906717171 -0.484375
v 0.12268670680337526 1.2776819067171712 -0.7187499999999999
v 0.09381547141239754 1.2657230494557619 -0.484375
v 0.09381547141239754 1.265723049455762 -0.7187499999999999
v 0.10937500000000001 1.2343749999999998 -0.49999999999999994
v 0.10937500000000001 1.234375 -0.6875
v 0.140625 1.2343749999999998 -0.49999999999999994
v 0.140625 1.234375 -0.6875
v 0.109375 1.1718749999999998 -0.49999999999999994
v 0.109375 1.171875 -0.6875
v 0.140625 1.1718749999999998 -0.49999999999999994
v 0.140625 1.171875 -0.6875
v 0.10937500000000001 1.1718749999999998 -0.48437499999999994
v 0.10937500000000001 1.171875 -0.640625
v 0.140625 1.1718749999999998 -0.48437499999999994
v 0.140625 1.171875 -0.640625
v 0.109375 1.1406249999999998 -0.48437499999999994
v 0.109375 1.140625 -0.640625
v 0.140625 1.1406249999999998 -0.48437499999999994
v 0.140625 1.140625 -0.640625
v -0.06250007554423796 1.3125001535876024 -0.5
v -0.06250007554423796 1.3125001535876024 -0.7656249999999999
v -0.05054121828282891 1.2836289181966245 -0.5
v -0.05054121828282891 1.2836289181966247 -0.7656249999999999
v -0.10580692863070452 1.2945618676954889 -0.5
v -0.10580692863070452 1.2945618676954889 -0.7656249999999999
v -0.09384807136929547 1.265690632304511 -0.5
v -0.09384807136929547 1.265690632304511 -0.7656249999999999
v -0.109375 1.1406249999999998 -0.48437499999999994
v -0.109375 1.140625 -0.640625
v -0.140625 1.1406249999999998 -0.48437499999999994
v -0.140625 1.140625 -0.640625
v -0.10937500000000001 1.1718749999999998 -0.48437499999999994
v -0.10937500000000001 1.171875 -0.640625
v -0.140625 1.1718749999999998 -0.48437499999999994
v -0.140625 1.171875 -0.640625
v -0.109375 1.1718749999999998 -0.48437499999999994
v -0.109375 1.171875 -0.6875
v -0.140625 1.1718749999999998 -0.48437499999999994
v -0.140625 1.171875 -0.6875
v -0.10937500000000001 1.2343749999999998 -0.48437499999999994
v -0.10937500000000001 1.234375 -0.6875
v -0.140625 1.2343749999999998 -0.48437499999999994
v -0.140625 1.234375 -0.6875
v -0.12268670680337526 1.277681906717171 -0.484375
v -0.12268670680337526 1.2776819067171712 -0.7187499999999999
v -0.09381547141239754 1.2657230494557619 -0.484375
v -0.09381547141239754 1.265723049455762 -0.7187499999999999
v -0.14062499269548884 1.2343750536307043 -0.48437499999999994
v -0.14062499269548884 1.2343750536307045 -0.71875
v -0.11175375730451113 1.2224161963692954 -0.48437499999999994
v -0.11175375730451113 1.2224161963692957 -0.71875
v -0.1058066630879204 1.294561673824159 -0.484375
v -0.1058066630879204 1.2945616738241592 -0.7499999999999999
v -0.0837095761758408 1.2724645869120794 -0.484375
v -0.0837095761758408 1.2724645869120796 -0.7499999999999999
v -0.12268662778005801 1.2776817091320214 -0.484375
v -0.12268662778005801 1.2776817091320216 -0.7499999999999999
v -0.10058954086797839 1.2555846222199418 -0.48437499999999994
v -0.10058954086797839 1.255584622219942 -0.7499999999999999
v -0.254786875 1.8702131249999998 -0.459375
v -0.254786875 1.870213125 -0.5406249999999999
v -0.317286875 1.8702131249999998 -0.459375
v -0.317286875 1.870213125 -0.5406249999999999
v -0.2547868750000001 2.0889631250000003 -0.459375
v -0.2547868750000001 2.0889631250000003 -0.540625
v -0.3172868750000001 2.0889631249999994 -0.459375
v -0.3172868750000001 2.0889631249999994 -0.540625
v -0.0312502748487901 2.3749996901008057 -0.46562500000000007
v -0.0312502748487901 2.3749996901008057 -0.5406249999999999
v -0.019057129722782076 2.313700610075604 -0.46562500000000007
v -0.019057129722782076 2.313700610075604 -0.5406249999999999
v -0.092549354873992 2.3628065449747977 -0.46562500000000007
v -0.092549354873992 2.3628065449747977 -0.5406249999999999
v -0.08035620974798398 2.301507464949596 -0.46562500000000007
v -0.08035620974798398 2.301507464949596 -0.5406249999999999
v -0.09254918969522646 2.3628071187408626 -0.46562500000000007
v -0.09254918969522646 2.3628071187408626 -0.5406249999999999
v -0.06863147517240836 2.3050646479589076 -0.46562500000000007
v -0.06863147517240836 2.3050646479589076 -0.5406249999999999
v -0.1502916604771819 2.338889404218045 -0.46562500000000007
v -0.1502916604771819 2.338889404218045 -0.5406249999999999
v -0.1263739459543638 2.281146933436089 -0.46562500000000007
v -0.1263739459543638 2.281146933436089 -0.5406249999999999
v -0.1502912596673658 2.338889413794816 -0.46562500000000007
v -0.1502912596673658 2.338889413794816 -0.5406249999999999
v -0.11556812010364068 2.2869225630259065 -0.46562500000000007
v -0.11556812010364068 2.2869225630259065 -0.5406249999999999
v -0.2022581104362749 2.3041662742310907 -0.46562500000000007
v -0.2022581104362749 2.3041662742310907 -0.5406249999999999
v -0.16753497087254976 2.252199423462182 -0.465625
v -0.16753497087254976 2.252199423462182 -0.5406249999999999
v -0.2022585273516816 2.3041662499999997 -0.46562500000000007
v -0.2022585273516816 2.3041662499999997 -0.5406249999999999
v -0.15806435352752235 2.259972076175841 -0.465625
v -0.15806435352752235 2.259972076175841 -0.5406249999999999
v -0.2464527011758408 2.259972076175841 -0.465625
v -0.2464527011758408 2.259972076175841 -0.5406249999999999
v -0.2022585273516816 2.2157779023516815 -0.465625
v -0.2022585273516816 2.2157779023516815 -0.540625
v -0.2464525096673658 2.2599718362051835 -0.465625
v -0.2464525096673658 2.2599718362051835 -0.5406249999999999
v -0.1944856588984567 2.225248696641459 -0.465625
v -0.1944856588984567 2.225248696641459 -0.540625
v -0.28117564923109095 2.2080049854362747 -0.465625
v -0.28117564923109095 2.2080049854362747 -0.540625
v -0.22920879846218184 2.17328184587255 -0.465625
v -0.22920879846218184 2.17328184587255 -0.540625
v -0.28117543969522646 2.208004756259137 -0.465625
v -0.28117543969522646 2.208004756259137 -0.540625
v -0.22343296891327105 2.184087041736319 -0.465625
v -0.22343296891327105 2.184087041736319 -0.540625
v -0.30509315421804456 2.150262285477181 -0.465625
v -0.30509315421804456 2.150262285477181 -0.540625
v -0.24735068343608918 2.1263445709543634 -0.465625
v -0.24735068343608918 2.1263445709543634 -0.540625
v -0.30509339984879 2.1502628098991936 -0.465625
v -0.30509339984879 2.1502628098991936 -0.540625
v -0.24379431982358815 2.1380696647731856 -0.465625
v -0.24379431982358815 2.1380696647731856 -0.540625
v -0.3172865449747981 2.088963729873992 -0.46562500000000007
v -0.3172865449747981 2.088963729873992 -0.540625
v -0.2559874649495962 2.076770584747984 -0.46562500000000007
v -0.2559874649495962 2.076770584747984 -0.540625
v 0.09254935487399199 2.3628065449747977 -0.46562500000000007
v 0.09254935487399199 2.3628065449747977 -0.5406249999999999
v 0.08035620974798396 2.301507464949596 -0.46562500000000007
v 0.08035620974798396 2.301507464949596 -0.5406249999999999
v 0.03125027484879009 2.3749996901008057 -0.46562500000000007
v 0.03125027484879009 2.3749996901008057 -0.5406249999999999
v 0.019057129722782062 2.313700610075604 -0.46562500000000007
v 0.019057129722782062 2.313700610075604 -0.5406249999999999
v 0.1502916604771819 2.338889404218045 -0.46562500000000007
v 0.1502916604771819 2.338889404218045 -0.5406249999999999
v 0.1263739459543638 2.281146933436089 -0.46562500000000007
v 0.1263739459543638 2.281146933436089 -0.5406249999999999
v 0.09254918969522646 2.3628071187408626 -0.46562500000000007
v 0.09254918969522646 2.3628071187408626 -0.5406249999999999
v 0.06863147517240836 2.3050646479589076 -0.46562500000000007
v 0.06863147517240836 2.3050646479589076 -0.5406249999999999
v 0.20225811043627487 2.3041662742310907 -0.46562500000000007
v 0.20225811043627487 2.3041662742310907 -0.5406249999999999
v 0.16753497087254973 2.252199423462182 -0.465625
v 0.16753497087254973 2.252199423462182 -0.5406249999999999
v 0.15029125966736578 2.338889413794816 -0.46562500000000007
v 0.15029125966736578 2.338889413794816 -0.5406249999999999
v 0.11556812010364065 2.2869225630259065 -0.46562500000000007
v 0.11556812010364065 2.2869225630259065 -0.5406249999999999
v 0.2464527011758408 2.259972076175841 -0.465625
v 0.2464527011758408 2.259972076175841 -0.5406249999999999
v 0.2022585273516816 2.2157779023516815 -0.465625
v 0.2022585273516816 2.2157779023516815 -0.540625
v 0.2022585273516816 2.3041662499999997 -0.46562500000000007
v 0.2022585273516816 2.3041662499999997 -0.5406249999999999
v 0.15806435352752235 2.259972076175841 -0.465625
v 0.15806435352752235 2.259972076175841 -0.5406249999999999
v 0.28117564923109095 2.2080049854362747 -0.465625
v 0.28117564923109095 2.2080049854362747 -0.540625
v 0.22920879846218184 2.17328184587255 -0.465625
v 0.22920879846218184 2.17328184587255 -0.540625
v 0.2464525096673658 2.2599718362051835 -0.465625
v 0.2464525096673658 2.2599718362051835 -0.5406249999999999
v 0.1944856588984567 2.225248696641459 -0.465625
v 0.1944856588984567 2.225248696641459 -0.540625
v 0.30509315421804456 2.150262285477181 -0.465625
v 0.30509315421804456 2.150262285477181 -0.540625
v 0.24735068343608918 2.1263445709543634 -0.465625
v 0.24735068343608918 2.1263445709543634 -0.540625
v 0.28117543969522646 2.208004756259137 -0.465625
v 0.28117543969522646 2.208004756259137 -0.540625
v 0.22343296891327105 2.184087041736319 -0.465625
v 0.22343296891327105 2.184087041736319 -0.540625
v 0.3172865449747981 2.088963729873992 -0.46562500000000007
v 0.3172865449747981 2.088963729873992 -0.540625
v 0.2559874649495962 2.076770584747984 -0.46562500000000007
v 0.2559874649495962 2.076770584747984 -0.540625
v 0.30509339984879 2.1502628098991936 -0.465625
v 0.30509339984879 2.1502628098991936 -0.540625
v 0.24379431982358815 2.1380696647731856 -0.465625
v 0.24379431982358815 2.1380696647731856 -0.540625
v 0.2547868750000001 2.0889631250000003 -0.459375
v 0.2547868750000001 2.0889631250000003 -0.540625
v 0.3172868750000001 2.0889631249999994 -0.459375
v 0.3172868750000001 2.0889631249999994 -0.540625
v 0.254786875 1.8702131249999998 -0.459375
v 0.254786875 1.870213125 -0.5406249999999999
v 0.317286875 1.8702131249999998 -0.459375
v 0.317286875 1.870213125 -0.5406249999999999
v 0.03125 2.375 -0.46249999999999997
v 0.03125 2.375 -0.5406249999999999
v 0.03125 2.3125 -0.4625
v 0.03125 2.3125 -0.5406249999999999
v -0.03125 2.375 -0.46249999999999997
v -0.03125 2.375 -0.5406249999999999
v -0.03125 2.3125 -0.4625
v -0.03125 2.3125 -0.5406249999999999
v 0.125 2.171875 -0.53125
v 0.125 2.171875 -0.5375000000000001
v 0.125 1.984375 -0.53125
v 0.125 1.984375 -0.5375000000000001
v -0.125 2.171875 -0.53125
v -0.125 2.171875 -0.5375000000000001
v -0.125 1.984375 -0.53125
v -0.125 1.984375 -0.5375000000000001
v 0.0625 2.1875 -0.48437499999999994
v 0.0625 2.1875 -0.78125
v 0.0625 2.15625 -0.48437499999999994
v 0.0625 2.15625 -0.78125
v -0.0625 2.1875 -0.48437499999999994
v -0.0625 2.1875 -0.78125
v -0.0625 2.15625 -0.48437499999999994
v -0.0625 2.15625 -0.78125
v 0.10580692863070452 2.1695618676954886 -0.49999999999999994
v 0.10580692863070452 2.1695618676954886 -0.765625
v 0.09384807136929547 2.140690632304511 -0.49999999999999994
v 0.09384807136929547 2.140690632304511 -0.765625
v 0.06250007554423796 2.187500153587602 -0.49999999999999994
v 0.06250007554423796 2.187500153587602 -0.765625
v 0.05054121828282891 2.1586289181966247 -0.49999999999999994
v 0.05054121828282891 2.1586289181966247 -0.765625
v 0.12268662778005801 2.152681709132021 -0.48437499999999994
v 0.12268662778005801 2.152681709132021 -0.75
v 0.10058954086797839 2.130584622219942 -0.48437499999999994
v 0.10058954086797839 2.130584622219942 -0.75
v 0.1058066630879204 2.169561673824159 -0.48437499999999994
v 0.1058066630879204 2.169561673824159 -0.75
v 0.0837095761758408 2.147464586912079 -0.48437499999999994
v 0.0837095761758408 2.147464586912079 -0.75
v 0.14062499269548884 2.1093750536307043 -0.484375
v 0.14062499269548884 2.1093750536307043 -0.71875
v 0.11175375730451113 2.097416196369295 -0.484375
v 0.11175375730451113 2.097416196369295 -0.71875
v 0.12268670680337526 2.152681906717171 -0.48437499999999994
v 0.12268670680337526 2.152681906717171 -0.71875
v 0.09381547141239754 2.1407230494557616 -0.48437499999999994
v 0.09381547141239754 2.1407230494557616 -0.71875
v 0.10937500000000001 2.109375 -0.5
v 0.10937500000000001 2.109375 -0.6875
v 0.140625 2.109375 -0.5
v 0.140625 2.109375 -0.6875
v 0.109375 2.046875 -0.5
v 0.109375 2.046875 -0.6875
v 0.140625 2.046875 -0.5
v 0.140625 2.046875 -0.6875
v 0.10937500000000001 2.046875 -0.484375
v 0.10937500000000001 2.046875 -0.640625
v 0.140625 2.046875 -0.484375
v 0.140625 2.046875 -0.640625
v 0.109375 2.015625 -0.48437499999999994
v 0.109375 2.015625 -0.640625
v 0.140625 2.015625 -0.48437499999999994
v 0.140625 2.015625 -0.640625
v -0.06250007554423796 2.187500153587602 -0.49999999999999994
v -0.06250007554423796 2.187500153587602 -0.765625
v -0.05054121828282891 2.1586289181966247 -0.49999999999999994
v -0.05054121828282891 2.1586289181966247 -0.765625
v -0.10580692863070452 2.1695618676954886 -0.49999999999999994
v -0.10580692863070452 2.1695618676954886 -0.765625
v -0.09384807136929547 2.140690632304511 -0.49999999999999994
v -0.09384807136929547 2.140690632304511 -0.765625
v -0.109375 2.015625 -0.48437499999999994
v -0.109375 2.015625 -0.640625
v -0.140625 2.015625 -0.48437499999999994
v -0.140625 2.015625 -0.640625
v -0.10937500000000001 2.046875 -0.484375
v -0.10937500000000001 2.046875 -0.640625
v -0.140625 2.046875 -0.484375
v -0.140625 2.046875 -0.640625
v -0.109375 2.046875 -0.484375
v -0.109375 2.046875 -0.6875
v -0.140625 2.046875 -0.484375
v -0.140625 2.046875 -0.6875
v -0.10937500000000001 2.109375 -0.484375
v -0.10937500000000001 2.109375 -0.6875
v -0.140625 2.109375 -0.484375
v -0.140625 2.109375 -0.6875
v -0.12268670680337526 2.152681906717171 -0.48437499999999994
v -0.12268670680337526 2.152681906717171 -0.71875
v -0.09381547141239754 2.1407230494557616 -0.48437499999999994
v -0.09381547141239754 2.1407230494557616 -0.71875
v -0.14062499269548884 2.1093750536307043 -0.484375
v -0.14062499269548884 2.1093750536307043 -0.71875
v -0.11175375730451113 2.097416196369295 -0.484375
v -0.11175375730451113 2.097416196369295 -0.71875
v -0.1058066630879204 2.169561673824159 -0.48437499999999994
v -0.1058066630879204 2.169561673824159 -0.75
v -0.0837095761758408 2.147464586912079 -0.48437499999999994
v -0.0837095761758408 2.147464586912079 -0.75
v -0.12268662778005801 2.152681709132021 -0.48437499999999994
v -0.12268662778005801 2.152681709132021 -0.75
v -0.10058954086797839 2.130584622219942 -0.48437499999999994
v -0.10058954086797839 2.130584622219942 -0.75
v 0.28125 2.1875 -0.46874999999999994
v 0.28125 2.1875 -0.53125
v 0.28125 1.8749999999999998 -0.46874999999999994
v 0.28125 1.875 -0.5312499999999999
v -0.28125 2.1875 -0.46874999999999994
v -0.28125 2.1875 -0.53125
v -0.28125 1.8749999999999998 -0.46874999999999994
v -0.28125 1.875 -0.5312499999999999
v 0.21875 2.25 -0.46874999999999994
v 0.21875 2.25 -0.53125
v 0.21875 2.1875 -0.46874999999999994
v 0.21875 2.1875 -0.53125
v -0.21875 2.25 -0.46874999999999994
v -0.21875 2.25 -0.53125
v -0.21875 2.1875 -0.46874999999999994
v -0.21875 2.1875 -0.53125
v 0.171875 2.3125 -0.46875
v 0.171875 2.3125 -0.5312499999999999
v 0.171875 2.25 -0.46874999999999994
v 0.171875 2.25 -0.53125
v -0.171875 2.3125 -0.46875
v -0.171875 2.3125 -0.5312499999999999
v -0.171875 2.25 -0.46874999999999994
v -0.171875 2.25 -0.53125
v 0.28125 1.8749999999999998 -0.46874999999999994
v 0.28125 1.875 -0.5312499999999999
v 0.28125 1.4374999999999998 -0.46874999999999994
v 0.28125 1.4375 -0.53125
v -0.28125 1.8749999999999998 -0.46874999999999994
v -0.28125 1.875 -0.5312499999999999
v -0.28125 1.4374999999999998 -0.46874999999999994
v -0.28125 1.4375 -0.53125
v 0.125 1.734375 -0.53125
v 0.125 1.734375 -0.5375000000000001
v 0.125 1.546875 -0.53125
v 0.125 1.546875 -0.5375000000000001
v -0.125 1.734375 -0.53125
v -0.125 1.734375 -0.5375000000000001
v -0.125 1.546875 -0.53125
v -0.125 1.546875 -0.5375000000000001
v 0.0625 1.7499999999999998 -0.48437499999999994
v 0.0625 1.75 -0.7812499999999999
v 0.0625 1.7187499999999998 -0.48437499999999994
v 0.0625 1.71875 -0.78125
v -0.0625 1.7499999999999998 -0.48437499999999994
v -0.0625 1.75 -0.7812499999999999
v -0.0625 1.7187499999999998 -0.48437499999999994
v -0.0625 1.71875 -0.78125
v 0.10580692863070452 1.7320618676954889 -0.49999999999999994
v 0.10580692863070452 1.7320618676954889 -0.765625
v 0.09384807136929547 1.703190632304511 -0.49999999999999994
v 0.09384807136929547 1.703190632304511 -0.765625
v 0.06250007554423796 1.7500001535876024 -0.49999999999999994
v 0.06250007554423796 1.7500001535876024 -0.7656249999999999
v 0.05054121828282891 1.7211289181966245 -0.49999999999999994
v 0.05054121828282891 1.7211289181966247 -0.765625
v 0.12268662778005801 1.7151817091320214 -0.48437499999999994
v 0.12268662778005801 1.7151817091320216 -0.75
v 0.10058954086797839 1.6930846222199418 -0.48437499999999994
v 0.10058954086797839 1.693084622219942 -0.75
v 0.1058066630879204 1.732061673824159 -0.48437499999999994
v 0.1058066630879204 1.7320616738241592 -0.75
v 0.0837095761758408 1.7099645869120794 -0.48437499999999994
v 0.0837095761758408 1.7099645869120796 -0.75
v 0.14062499269548884 1.6718750536307043 -0.48437499999999994
v 0.14062499269548884 1.6718750536307045 -0.71875
v 0.11175375730451113 1.6599161963692954 -0.48437499999999994
v 0.11175375730451113 1.6599161963692957 -0.71875
v 0.12268670680337526 1.715181906717171 -0.48437499999999994
v 0.12268670680337526 1.7151819067171712 -0.71875
v 0.09381547141239754 1.7032230494557619 -0.48437499999999994
v 0.09381547141239754 1.703223049455762 -0.71875
v 0.10937500000000001 1.6718749999999998 -0.49999999999999994
v 0.10937500000000001 1.671875 -0.6875
v 0.140625 1.6718749999999998 -0.49999999999999994
v 0.140625 1.671875 -0.6875
v 0.109375 1.6093749999999998 -0.5
v 0.109375 1.609375 -0.6875
v 0.140625 1.6093749999999998 -0.5
v 0.140625 1.609375 -0.6875
v 0.10937500000000001 1.6093749999999998 -0.484375
v 0.10937500000000001 1.609375 -0.640625
v 0.140625 1.6093749999999998 -0.484375
v 0.140625 1.609375 -0.640625
v 0.109375 1.5781249999999998 -0.484375
v 0.109375 1.578125 -0.640625
v 0.140625 1.5781249999999998 -0.484375
v 0.140625 1.578125 -0.640625
v -0.06250007554423796 1.7500001535876024 -0.49999999999999994
v -0.06250007554423796 1.7500001535876024 -0.7656249999999999
v -0.05054121828282891 1.7211289181966245 -0.49999999999999994
v -0.05054121828282891 1.7211289181966247 -0.765625
v -0.10580692863070452 1.7320618676954889 -0.49999999999999994
v -0.10580692863070452 1.7320618676954889 -0.765625
v -0.09384807136929547 1.703190632304511 -0.49999999999999994
v -0.09384807136929547 1.703190632304511 -0.765625
v -0.109375 1.5781249999999998 -0.484375
v -0.109375 1.578125 -0.640625
v -0.140625 1.5781249999999998 -0.484375
v -0.140625 1.578125 -0.640625
v -0.10937500000000001 1.6093749999999998 -0.484375
v -0.10937500000000001 1.609375 -0.640625
v -0.140625 1.6093749999999998 -0.484375
v -0.140625 1.609375 -0.640625
v -0.109375 1.6093749999999998 -0.484375
v -0.109375 1.609375 -0.6875
v -0.140625 1.6093749999999998 -0.484375
v -0.140625 1.609375 -0.6875
v -0.10937500000000001 1.6718749999999998 -0.48437499999999994
v -0.10937500000000001 1.671875 -0.6875
v -0.140625 1.6718749999999998 -0.48437499999999994
v -0.140625 1.671875 -0.6875
v -0.12268670680337526 1.715181906717171 -0.48437499999999994
v -0.12268670680337526 1.7151819067171712 -0.71875
v -0.09381547141239754 1.7032230494557619 -0.48437499999999994
v -0.09381547141239754 1.703223049455762 -0.71875
v -0.14062499269548884 1.6718750536307043 -0.48437499999999994
v -0.14062499269548884 1.6718750536307045 -0.71875
v -0.11175375730451113 1.6599161963692954 -0.48437499999999994
v -0.11175375730451113 1.6599161963692957 -0.71875
v -0.1058066630879204 1.732061673824159 -0.48437499999999994
v -0.1058066630879204 1.7320616738241592 -0.75
v -0.0837095761758408 1.7099645869120794 -0.48437499999999994
v -0.0837095761758408 1.7099645869120796 -0.75
v -0.12268662778005801 1.7151817091320214 -0.48437499999999994
v -0.12268662778005801 1.7151817091320216 -0.75
v -0.10058954086797839 1.6930846222199418 -0.48437499999999994
v -0.10058954086797839 1.693084622219942 -0.75
v -0.254786875 1.8749999999999998 -0.4593749999999999
v -0.254786875 1.875 -0.5406249999999999
v -0.254786875 1.4374999999999998 -0.4593749999999999
v -0.254786875 1.4375 -0.5406249999999999
v -0.317286875 1.8749999999999998 -0.4593749999999999
v -0.317286875 1.875 -0.5406249999999999
v -0.317286875 1.4374999999999998 -0.4593749999999999
v -0.317286875 1.4375 -0.5406249999999999
v 0.317286875 1.8749999999999998 -0.4593749999999999
v 0.317286875 1.875 -0.5406249999999999
v 0.317286875 1.4374999999999998 -0.4593749999999999
v 0.317286875 1.4375 -0.5406249999999999
v 0.254786875 1.8749999999999998 -0.4593749999999999
v 0.254786875 1.875 -0.5406249999999999
v 0.254786875 1.4374999999999998 -0.4593749999999999
v 0.254786875 1.4375 -0.5406249999999999
v 0.26916018530477354 1.2031249999999998 -0.4505502437408626
v 0.24524247078195544 1.203125 -0.5082927145228181
v 0.26916018530477354 1.1406249999999998 -0.4505502437408626
v 0.24524247078195544 1.140625 -0.5082927145228181
v 0.09593277295890726 1.2031249999999998 -0.3787971001724083
v 0.07201505843608916 1.2031249999999998 -0.43653957095436374
v 0.09593277295890726 1.1406249999999998 -0.3787971001724083
v 0.07201505843608916 1.1406249999999998 -0.43653957095436374
v -0.09593277295890726 1.2031249999999998 -0.3787971001724083
v -0.07201505843608916 1.2031249999999998 -0.43653957095436374
v -0.09593277295890726 1.1406249999999998 -0.3787971001724083
v -0.07201505843608916 1.1406249999999998 -0.43653957095436374
v -0.26916018530477354 1.2031249999999998 -0.4505502437408626
v -0.24524247078195544 1.203125 -0.5082927145228181
v -0.26916018530477354 1.1406249999999998 -0.4505502437408626
v -0.24524247078195544 1.140625 -0.5082927145228181
v -0.0625 1.3749999999999998 -0.40624999999999994
v -0.0625 1.3749999999999998 -0.46874999999999994
v -0.0625 0.9374999999999999 -0.40624999999999994
v -0.0625 0.9374999999999999 -0.46874999999999994
v -0.125 1.3749999999999998 -0.40624999999999994
v -0.125 1.3749999999999998 -0.46874999999999994
v -0.125 0.9374999999999999 -0.40624999999999994
v -0.125 0.9374999999999999 -0.46874999999999994
v 0.125 1.3749999999999998 -0.40624999999999994
v 0.125 1.3749999999999998 -0.46874999999999994
v 0.125 0.9374999999999999 -0.40624999999999994
v 0.125 0.9374999999999999 -0.46874999999999994
v 0.0625 1.3749999999999998 -0.40624999999999994
v 0.0625 1.3749999999999998 -0.46874999999999994
v 0.0625 0.9374999999999999 -0.40624999999999994
v 0.0625 0.9374999999999999 -0.46874999999999994
v 0.15625 1.3749999999999998 -0.39062499999999994
v 0.15625 1.3749999999999998 -0.46874999999999994
v 0.15625 1.3124999999999998 -0.390625
v 0.15625 1.3124999999999998 -0.46875
v -0.15625 1.3749999999999998 -0.39062499999999994
v -0.15625 1.3749999999999998 -0.46874999999999994
v -0.15625 1.3124999999999998 -0.390625
v -0.15625 1.3124999999999998 -0.46875
v 0.26916018530477354 1.6406249999999998 -0.4505502437408626
v 0.24524247078195544 1.640625 -0.5082927145228181
v 0.26916018530477354 1.5781249999999998 -0.4505502437408626
v 0.24524247078195544 1.578125 -0.5082927145228181
v 0.09593277295890726 1.6406249999999998 -0.3787971001724083
v 0.07201505843608916 1.6406249999999998 -0.43653957095436374
v 0.09593277295890726 1.5781249999999998 -0.3787971001724083
v 0.07201505843608916 1.5781249999999998 -0.4365395709543638
v -0.09593277295890726 1.6406249999999998 -0.3787971001724083
v -0.07201505843608916 1.6406249999999998 -0.43653957095436374
v -0.09593277295890726 1.5781249999999998 -0.3787971001724083
v -0.07201505843608916 1.5781249999999998 -0.4365395709543638
v -0.26916018530477354 1.6406249999999998 -0.4505502437408626
v -0.24524247078195544 1.640625 -0.5082927145228181
v -0.26916018530477354 1.5781249999999998 -0.4505502437408626
v -0.24524247078195544 1.578125 -0.5082927145228181
v -0.0625 1.8124999999999998 -0.40625
v -0.0625 1.8124999999999998 -0.46875
v -0.0625 1.3749999999999998 -0.40624999999999994
v -0.0625 1.3749999999999998 -0.46874999999999994
v -0.125 1.8124999999999998 -0.40625
v -0.125 1.8124999999999998 -0.46875
v -0.125 1.3749999999999998 -0.40624999999999994
v -0.125 1.3749999999999998 -0.46874999999999994
v 0.125 1.8124999999999998 -0.40625
v 0.125 1.8124999999999998 -0.46875
v 0.125 1.3749999999999998 -0.40624999999999994
v 0.125 1.3749999999999998 -0.46874999999999994
v 0.0625 1.8124999999999998 -0.40625
v 0.0625 1.8124999999999998 -0.46875
v 0.0625 1.3749999999999998 -0.40624999999999994
v 0.0625 1.3749999999999998 -0.46874999999999994
v 0.15625 1.8124999999999998 -0.390625
v 0.15625 1.8124999999999998 -0.46875
v 0.15625 1.7499999999999998 -0.390625
v 0.15625 1.7499999999999998 -0.46874999999999994
v -0.15625 1.8124999999999998 -0.390625
v -0.15625 1.8124999999999998 -0.46875
v -0.15625 1.7499999999999998 -0.390625
v -0.15625 1.7499999999999998 -0.46874999999999994
v 0.26916018530477354 2.078125 -0.4505502437408626
v 0.24524247078195544 2.078125 -0.5082927145228181
v 0.26916018530477354 2.015625 -0.4505502437408626
v 0.24524247078195544 2.015625 -0.5082927145228181
v 0.09593277295890726 2.078125 -0.3787971001724083
v 0.07201505843608916 2.078125 -0.4365395709543638
v 0.09593277295890726 2.015625 -0.3787971001724083
v 0.07201505843608916 2.015625 -0.4365395709543638
v -0.09593277295890726 2.078125 -0.3787971001724083
v -0.07201505843608916 2.078125 -0.4365395709543638
v -0.09593277295890726 2.015625 -0.3787971001724083
v -0.07201505843608916 2.015625 -0.4365395709543638
v -0.26916018530477354 2.078125 -0.4505502437408626
v -0.24524247078195544 2.078125 -0.5082927145228181
v -0.26916018530477354 2.015625 -0.4505502437408626
v -0.24524247078195544 2.015625 -0.5082927145228181
v -0.0625 2.25 -0.40625
v -0.0625 2.25 -0.46874999999999994
v -0.0625 1.8124999999999998 -0.40625
v -0.0625 1.8124999999999998 -0.46875
v -0.125 2.25 -0.40625
v -0.125 2.25 -0.46874999999999994
v -0.125 1.8124999999999998 -0.40625
v -0.125 1.8124999999999998 -0.46875
v 0.125 2.25 -0.40625
v 0.125 2.25 -0.46874999999999994
v 0.125 1.8124999999999998 -0.40625
v 0.125 1.8124999999999998 -0.46875
v 0.0625 2.25 -0.40625
v 0.0625 2.25 -0.46874999999999994
v 0.0625 1.8124999999999998 -0.40625
v 0.0625 1.8124999999999998 -0.46875
v 0.15625 2.25 -0.390625
v 0.15625 2.25 -0.46874999999999994
v 0.15625 2.1875 -0.39062499999999994
v 0.15625 2.1875 -0.46874999999999994
v -0.15625 2.25 -0.390625
v -0.15625 2.25 -0.46874999999999994
v -0.15625 2.1875 -0.39062499999999994
v -0.15625 2.1875 -0.46874999999999994
v 0.1875 0.9375 -0.37499999999999994
v 0.1875 0.9374999999999999 -0.49999999999999994
v 0.1875 0.90625 -0.37499999999999994
v 0.1875 0.9062499999999999 -0.49999999999999994
v -0.1875 0.9375 -0.37499999999999994
v -0.1875 0.9374999999999999 -0.49999999999999994
v -0.1875 0.90625 -0.37499999999999994
v -0.1875 0.9062499999999999 -0.49999999999999994
v 0.1875 0.875 -0.37499999999999994
v 0.1875 0.8749999999999999 -0.49999999999999994
v 0.1875 0.84375 -0.375
v 0.1875 0.8437499999999999 -0.5
v -0.1875 0.875 -0.37499999999999994
v -0.1875 0.8749999999999999 -0.49999999999999994
v -0.1875 0.84375 -0.375
v -0.1875 0.8437499999999999 -0.5
v 0.09375 0.84375 -0.375
v 0.09375 0.8437499999999999 -0.5
v 0.09375 0.6875 -0.37499999999999994
v 0.09375 0.6874999999999999 -0.49999999999999994
v -0.09375 0.84375 -0.375
v -0.09375 0.8437499999999999 -0.5
v -0.09375 0.6875 -0.37499999999999994
v -0.09375 0.6874999999999999 -0.49999999999999994
v 0.15625 0.90625 -0.39062499999999994
v 0.15625 0.9062499999999999 -0.48437499999999994
v 0.15625 0.875 -0.39062499999999994
v 0.15625 0.8749999999999999 -0.48437499999999994
v -0.15625 0.90625 -0.39062499999999994
v -0.15625 0.9062499999999999 -0.48437499999999994
v -0.15625 0.875 -0.39062499999999994
v -0.15625 0.8749999999999999 -0.48437499999999994
v 0.0625 0.6875 -0.37499999999999994
v 0.0625 0.6874999999999999 -0.49999999999999994
v 0.0625 0.4999999999999999 -0.375
v 0.0625 0.4999999999999999 -0.49999999999999994
v -0.0625 0.6875 -0.37499999999999994
v -0.0625 0.6874999999999999 -0.49999999999999994
v -0.0625 0.4999999999999999 -0.375
v -0.0625 0.4999999999999999 -0.49999999999999994
v 0.05625 0.39224906216995703 -0.06885134486145117
v 0.05625 0.49739429924285605 -0.46125871179138517
v 0.05625 0.27150833388382345 -0.10120372549926626
v 0.05625 0.37665357095672247 -0.49361109242920026
v -0.05625 0.39224906216995703 -0.06885134486145117
v -0.05625 0.49739429924285605 -0.46125871179138517
v -0.05625 0.27150833388382345 -0.10120372549926626
v -0.05625 0.37665357095672247 -0.49361109242920026
v 0.0625 0.4999999999999999 -0.12499999999999994
v 0.0625 0.4999999999999999 -0.49999999999999994
v 0.0625 0.3749999999999999 -0.12499999999999994
v 0.0625 0.3749999999999999 -0.49999999999999994
v -0.0625 0.4999999999999999 -0.12499999999999994
v -0.0625 0.4999999999999999 -0.49999999999999994
v -0.0625 0.3749999999999999 -0.12499999999999994
v -0.0625 0.3749999999999999 -0.49999999999999994
v 0.125 0.5624999999999999 -0.0625
v 0.125 0.5624999999999999 -0.125
v 0.125 0.2499999999999999 -0.0625
v 0.125 0.2499999999999999 -0.12499999999999994
v -0.125 0.5624999999999999 -0.0625
v -0.125 0.5624999999999999 -0.125
v -0.125 0.2499999999999999 -0.0625
v -0.125 0.2499999999999999 -0.12499999999999994
v 0.125 0.7187499999999999 -0.49999999999999994
v 0.125 0.7187499999999999 -0.53125
v 0.125 0.4687499999999999 -0.49999999999999994
v 0.125 0.4687499999999999 -0.53125
v -0.125 0.7187499999999999 -0.49999999999999994
v -0.125 0.7187499999999999 -0.53125
v -0.125 0.4687499999999999 -0.49999999999999994
v -0.125 0.4687499999999999 -0.53125
vt 0.09375 0.34375
vt 0.116403125 0.34375
vt 0.116403125 0.359375
vt 0.09375 0.359375
vt 0.174296875 0.375
vt 0.15625 0.375
vt 0.15625 0.359375
vt 0.174296875 0.359375
vt 0.078125 0.3414475
vt 0.078125 0.32340078125000005
vt 0.0836846875 0.32109828124999995
vt 0.0836846875 0.34375
vt 0.140625 0.4006903125
vt 0.16327671875 0.4006903125
vt 0.16097421875 0.40625
vt 0.1429275 0.40625
vt 0.125 0.375
vt 0.147653125 0.375
vt 0.147653125 0.390625
vt 0.125 0.390625
vt 0.189921875 0.40625
vt 0.171875 0.40625
vt 0.171875 0.390625
vt 0.189921875 0.390625
vt 0.078125 0.34144687500000004
vt 0.078125 0.3234
vt 0.083684375 0.32109687499999995
vt 0.083684375 0.34375
vt 0.099309375 0.35234687499999995
vt 0.099309375 0.375
vt 0.09375 0.37269687500000004
vt 0.09375 0.35465
vt 0.1875 0.375
vt 0.210153125 0.375
vt 0.210153125 0.390625
vt 0.1875 0.390625
vt 0.143046875 0.390625
vt 0.125 0.390625
vt 0.125 0.375
vt 0.143046875 0.375
vt 0.20784921875 0.359375
vt 0.1898025 0.359375
vt 0.1875 0.3538153125
vt 0.21015171875 0.3538153125
vt 0.1618096875 0.35234828124999995
vt 0.1618096875 0.375
vt 0.15625 0.3726975
vt 0.15625 0.35465078125000005
vt 0.140625 0.390625
vt 0.163278125 0.390625
vt 0.163278125 0.40625
vt 0.140625 0.40625
vt 0.111796875 0.375
vt 0.09375 0.375
vt 0.09375 0.359375
vt 0.111796875 0.359375
vt 0.20785 0.40625
vt 0.189803125 0.40625
vt 0.1875 0.40069062499999997
vt 0.210153125 0.40069062499999997
vt 0.194528125 0.390625
vt 0.171875 0.390625
vt 0.174178125 0.38506562499999997
vt 0.192225 0.38506562499999997
vt 0.109375 0.359375
vt 0.132028125 0.359375
vt 0.132028125 0.375
vt 0.109375 0.375
vt 0.096171875 0.390625
vt 0.078125 0.390625
vt 0.078125 0.375
vt 0.096171875 0.375
vt 0.1618096875 0.38590078125000005
vt 0.1618096875 0.4039475
vt 0.15625 0.40625
vt 0.15625 0.38359828124999995
vt 0.14765171875 0.3125
vt 0.125 0.3125
vt 0.1273025 0.3069403125
vt 0.14534921875 0.3069403125
vt 0.140625 0.359375
vt 0.163278125 0.359375
vt 0.163278125 0.375
vt 0.140625 0.375
vt 0.127421875 0.375
vt 0.109375 0.375
vt 0.109375 0.359375
vt 0.127421875 0.359375
vt 0.161809375 0.35465
vt 0.161809375 0.37269687500000004
vt 0.15625 0.375
vt 0.15625 0.35234687499999995
vt 0.21875 0.40625
vt 0.21875 0.38359687499999995
vt 0.224309375 0.3859
vt 0.224309375 0.40394687500000004
vt 0.09375 0.359375
vt 0.116403125 0.359375
vt 0.116403125 0.375
vt 0.09375 0.375
vt 0.080546875 0.390625
vt 0.0625 0.390625
vt 0.0625 0.375
vt 0.080546875 0.375
vt 0.1585525 0.3694403125
vt 0.17659921875 0.3694403125
vt 0.17890171875 0.375
vt 0.15625 0.375
vt 0.078125 0.390625
vt 0.078125 0.36797328124999995
vt 0.0836846875 0.37027578125000005
vt 0.0836846875 0.3883225
vt 0.09375 0.328125
vt 0.116403125 0.328125
vt 0.116403125 0.34375
vt 0.09375 0.34375
vt 0.111796875 0.40625
vt 0.09375 0.40625
vt 0.09375 0.390625
vt 0.111796875 0.390625
vt 0.096053125 0.36944062499999997
vt 0.1141 0.36944062499999997
vt 0.116403125 0.375
vt 0.09375 0.375
vt 0.078125 0.36944062499999997
vt 0.100778125 0.36944062499999997
vt 0.098475 0.375
vt 0.080428125 0.375
vt 0.09375 0.34375
vt 0.116403125 0.34375
vt 0.116403125 0.359375
vt 0.09375 0.359375
vt 0.174296875 0.375
vt 0.15625 0.375
vt 0.15625 0.359375
vt 0.174296875 0.359375
vt 0.078125 0.3414475
vt 0.078125 0.32340078125000005
vt 0.0836846875 0.32109828124999995
vt 0.0836846875 0.34375
vt 0.140625 0.4006903125
vt 0.16327671875 0.4006903125
vt 0.16097421875 0.40625
vt 0.1429275 0.40625
vt 0.125 0.375
vt 0.147653125 0.375
vt 0.147653125 0.390625
vt 0.125 0.390625
vt 0.189921875 0.40625
vt 0.171875 0.40625
vt 0.171875 0.390625
vt 0.189921875 0.390625
vt 0.078125 0.34144687500000004
vt 0.078125 0.3234
vt 0.083684375 0.32109687499999995
vt 0.083684375 0.34375
vt 0.099309375 0.35234687499999995
vt 0.099309375 0.375
vt 0.09375 0.37269687500000004
vt 0.09375 0.35465
vt 0.1875 0.375
vt 0.210153125 0.375
vt 0.210153125 0.390625
vt 0.1875 0.390625
vt 0.143046875 0.390625
vt 0.125 0.390625
vt 0.125 0.375
vt 0.143046875 0.375
vt 0.20784921875 0.359375
vt 0.1898025 0.359375
vt 0.1875 0.3538153125
vt 0.21015171875 0.3538153125
vt 0.1618096875 0.35234828124999995
vt 0.1618096875 0.375
vt 0.15625 0.3726975
vt 0.15625 0.35465078125000005
vt 0.140625 0.390625
vt 0.163278125 0.390625
vt 0.163278125 0.40625
vt 0.140625 0.40625
vt 0.111796875 0.375
vt 0.09375 0.375
vt 0.09375 0.359375
vt 0.111796875 0.359375
vt 0.20785 0.40625
vt 0.189803125 0.40625
vt 0.1875 0.40069062499999997
vt 0.210153125 0.40069062499999997
vt 0.194528125 0.390625
vt 0.171875 0.390625
vt 0.174178125 0.38506562499999997
vt 0.192225 0.38506562499999997
vt 0.109375 0.359375
vt 0.132028125 0.359375
vt 0.132028125 0.375
vt 0.109375 0.375
vt 0.096171875 0.390625
vt 0.078125 0.390625
vt 0.078125 0.375
vt 0.096171875 0.375
vt 0.1618096875 0.38590078125000005
vt 0.1618096875 0.4039475
vt 0.15625 0.40625
vt 0.15625 0.38359828124999995
vt 0.14765171875 0.3125
vt 0.125 0.3125
vt 0.1273025 0.3069403125
vt 0.14534921875 0.3069403125
vt 0.140625 0.359375
vt 0.163278125 0.359375
vt 0.163278125 0.375
vt 0.140625 0.375
vt 0.127421875 0.375
vt 0.109375 0.375
vt 0.109375 0.359375
vt 0.127421875 0.359375
vt 0.161809375 0.35465
vt 0.161809375 0.37269687500000004
vt 0.15625 0.375
vt 0.15625 0.35234687499999995
vt 0.21875 0.40625
vt 0.21875 0.38359687499999995
vt 0.224309375 0.3859
vt 0.224309375 0.40394687500000004
vt 0.09375 0.359375
vt 0.116403125 0.359375
vt 0.116403125 0.375
vt 0.09375 0.375
vt 0.080546875 0.390625
vt 0.0625 0.390625
vt 0.0625 0.375
vt 0.080546875 0.375
vt 0.1585525 0.3694403125
vt 0.17659921875 0.3694403125
vt 0.17890171875 0.375
vt 0.15625 0.375
vt 0.078125 0.390625
vt 0.078125 0.36797328124999995
vt 0.0836846875 0.37027578125000005
vt 0.0836846875 0.3883225
vt 0.09375 0.328125
vt 0.116403125 0.328125
vt 0.116403125 0.34375
vt 0.09375 0.34375
vt 0.111796875 0.40625
vt 0.09375 0.40625
vt 0.09375 0.390625
vt 0.111796875 0.390625
vt 0.096053125 0.36944062499999997
vt 0.1141 0.36944062499999997
vt 0.116403125 0.375
vt 0.09375 0.375
vt 0.078125 0.36944062499999997
vt 0.100778125 0.36944062499999997
vt 0.098475 0.375
vt 0.080428125 0.375
vt 0.09375 0.34375
vt 0.116403125 0.34375
vt 0.116403125 0.359375
vt 0.09375 0.359375
vt 0.174296875 0.375
vt 0.15625 0.375
vt 0.15625 0.359375
vt 0.174296875 0.359375
vt 0.078125 0.3414475
vt 0.078125 0.32340078125000005
vt 0.0836846875 0.32109828124999995
vt 0.0836846875 0.34375
vt 0.140625 0.4006903125
vt 0.16327671875 0.4006903125
vt 0.16097421875 0.40625
vt 0.1429275 0.40625
vt 0.125 0.375
vt 0.147653125 0.375
vt 0.147653125 0.390625
vt 0.125 0.390625
vt 0.189921875 0.40625
vt 0.171875 0.40625
vt 0.171875 0.390625
vt 0.189921875 0.390625
vt 0.078125 0.34144687500000004
vt 0.078125 0.3234
vt 0.083684375 0.32109687499999995
vt 0.083684375 0.34375
vt 0.099309375 0.35234687499999995
vt 0.099309375 0.375
vt 0.09375 0.37269687500000004
vt 0.09375 0.35465
vt 0.1875 0.375
vt 0.210153125 0.375
vt 0.210153125 0.390625
vt 0.1875 0.390625
vt 0.143046875 0.390625
vt 0.125 0.390625
vt 0.125 0.375
vt 0.143046875 0.375
vt 0.20784921875 0.359375
vt 0.1898025 0.359375
vt 0.1875 0.3538153125
vt 0.21015171875 0.3538153125
vt 0.1618096875 0.35234828124999995
vt 0.1618096875 0.375
vt 0.15625 0.3726975
vt 0.15625 0.35465078125000005
vt 0.140625 0.390625
vt 0.163278125 0.390625
vt 0.163278125 0.40625
vt 0.140625 0.40625
vt 0.111796875 0.375
vt 0.09375 0.375
vt 0.09375 0.359375
vt 0.111796875 0.359375
vt 0.20785 0.40625
vt 0.189803125 0.40625
vt 0.1875 0.40069062499999997
vt 0.210153125 0.40069062499999997
vt 0.194528125 0.390625
vt 0.171875 0.390625
vt 0.174178125 0.38506562499999997
vt 0.192225 0.38506562499999997
vt 0.109375 0.359375
vt 0.132028125 0.359375
vt 0.132028125 0.375
vt 0.109375 0.375
vt 0.096171875 0.390625
vt 0.078125 0.390625
vt 0.078125 0.375
vt 0.096171875 0.375
vt 0.1618096875 0.38590078125000005
vt 0.1618096875 0.4039475
vt 0.15625 0.40625
vt 0.15625 0.38359828124999995
vt 0.14765171875 0.3125
vt 0.125 0.3125
vt 0.1273025 0.3069403125
vt 0.14534921875 0.3069403125
vt 0.140625 0.359375
vt 0.163278125 0.359375
vt 0.163278125 0.375
vt 0.140625 0.375
vt 0.127421875 0.375
vt 0.109375 0.375
vt 0.109375 0.359375
vt 0.127421875 0.359375
vt 0.161809375 0.35465
vt 0.161809375 0.37269687500000004
vt 0.15625 0.375
vt 0.15625 0.35234687499999995
vt 0.21875 0.40625
vt 0.21875 0.38359687499999995
vt 0.224309375 0.3859
vt 0.224309375 0.40394687500000004
vt 0.09375 0.359375
vt 0.116403125 0.359375
vt 0.116403125 0.375
vt 0.09375 0.375
vt 0.080546875 0.390625
vt 0.0625 0.390625
vt 0.0625 0.375
vt 0.080546875 0.375
vt 0.1585525 0.3694403125
vt 0.17659921875 0.3694403125
vt 0.17890171875 0.375
vt 0.15625 0.375
vt 0.078125 0.390625
vt 0.078125 0.36797328124999995
vt 0.0836846875 0.37027578125000005
vt 0.0836846875 0.3883225
vt 0.09375 0.328125
vt 0.116403125 0.328125
vt 0.116403125 0.34375
vt 0.09375 0.34375
vt 0.111796875 0.40625
vt 0.09375 0.40625
vt 0.09375 0.390625
vt 0.111796875 0.390625
vt 0.096053125 0.36944062499999997
vt 0.1141 0.36944062499999997
vt 0.116403125 0.375
vt 0.09375 0.375
vt 0.078125 0.36944062499999997
vt 0.100778125 0.36944062499999997
vt 0.098475 0.375
vt 0.080428125 0.375
vt 0.029596875 0.9790725
vt 0.02092859375 1
vt 0 0.9790725
vt 0 0.96875
vt 0.022653125 0.96875
vt 0.022653125 1
vt 0 1
vt 0 0.970403125
vt 0.0209275 0.97907140625
vt 0 1
vt 0.02734375 0.977346875
vt 0.02734375 1
vt 0 0.9886734375
vt 0 0.96875
vt 0.022653125 0.96875
vt 0.022653125 1
vt 0 1
vt 0.02734375 0.977346875
vt 0.02734375 1
vt 0 0.9886734375
vt 0 0.970403125
vt 0.0209275 0.97907140625
vt 0 1
vt 0 0.96875
vt 0.022653125 0.96875
vt 0.022653125 1
vt 0 1
vt 0.029596875 0.9790725
vt 0.02092859375 1
vt 0 0.9790725
vt 0 0.97265625
vt 0.022653125 0.97265625
vt 0.0113265625 1
vt 0 0.96875
vt 0.022653125 0.96875
vt 0.022653125 1
vt 0 1
vt 0.022653125 1
vt 0 1
vt 0.0113265625 0.97265625
vt 0 1
vt 0.008668125 0.9790725
vt 0.029596875 1
vt 0 0.96875
vt 0.022653125 0.96875
vt 0.022653125 1
vt 0 1
vt 0.0209275 1
vt 0 0.991331875
vt 0.0209275 0.970403125
vt 0 1
vt 0 0.977346875
vt 0.02734375 0.9886734375
vt 0 0.96875
vt 0.022653125 0.96875
vt 0.022653125 1
vt 0 1
vt 0 1
vt 0 0.977346875
vt 0.02734375 0.9886734375
vt 0.0209275 1
vt 0 0.991331875
vt 0.0209275 0.970403125
vt 0 0.96875
vt 0.022653125 0.96875
vt 0.022653125 1
vt 0 1
vt 0 1
vt 0.008668125 0.9790725
vt 0.029596875 1
vt 0.022653125 1
vt 0 1
vt 0.0113265625 0.97265625
vt 0 0.96875
vt 0.022653125 0.96875
vt 0.022653125 1
vt 0 1
vt 0 0.97265625
vt 0.022653125 0.97265625
vt 0.0113265625 1
vt 0.029596875 0.9790725
vt 0.02092859375 1
vt 0 0.9790725
vt 0 0.96875
vt 0.022653125 0.96875
vt 0.022653125 1
vt 0 1
vt 0 0.970403125
vt 0.0209275 0.97907140625
vt 0 1
vt 0.02734375 0.977346875
vt 0.02734375 1
vt 0 0.9886734375
vt 0 0.96875
vt 0.022653125 0.96875
vt 0.022653125 1
vt 0 1
vt 0.02734375 0.977346875
vt 0.02734375 1
vt 0 0.9886734375
vt 0 0.970403125
vt 0.0209275 0.97907140625
vt 0 1
vt 0 0.96875
vt 0.022653125 0.96875
vt 0.022653125 1
vt 0 1
vt 0.029596875 0.9790725
vt 0.02092859375 1
vt 0 0.9790725
vt 0 0.97265625
vt 0.022653125 0.97265625
vt 0.0113265625 1
vt 0 0.96875
vt 0.022653125 0.96875
vt 0.022653125 1
vt 0 1
vt 0.022653125 1
vt 0 1
vt 0.0113265625 0.97265625
vt 0 1
vt 0.008668125 0.9790725
vt 0.029596875 1
vt 0 0.96875
vt 0.022653125 0.96875
vt 0.022653125 1
vt 0 1
vt 0.0209275 1
vt 0 0.991331875
vt 0.0209275 0.970403125
vt 0 1
vt 0 0.977346875
vt 0.02734375 0.9886734375
vt 0 0.96875
vt 0.022653125 0.96875
vt 0.022653125 1
vt 0 1
vt 0 1
vt 0 0.977346875
vt 0.02734375 0.9886734375
vt 0.0209275 1
vt 0 0.991331875
vt 0.0209275 0.970403125
vt 0 0.96875
vt 0.022653125 0.96875
vt 0.022653125 1
vt 0 1
vt 0 1
vt 0.008668125 0.9790725
vt 0.029596875 1
vt 0.022653125 1
vt 0 1
vt 0.0113265625 0.97265625
vt 0 0.96875
vt 0.022653125 0.96875
vt 0.022653125 1
vt 0 1
vt 0 0.97265625
vt 0.022653125 0.97265625
vt 0.0113265625 1
vt 0.029596875 0.9790725
vt 0.02092859375 1
vt 0 0.9790725
vt 0 0.96875
vt 0.022653125 0.96875
vt 0.022653125 1
vt 0 1
vt 0 0.970403125
vt 0.0209275 0.97907140625
vt 0 1
vt 0.02734375 0.977346875
vt 0.02734375 1
vt 0 0.9886734375
vt 0 0.96875
vt 0.022653125 0.96875
vt 0.022653125 1
vt 0 1
vt 0.02734375 0.977346875
vt 0.02734375 1
vt 0 0.9886734375
vt 0 0.970403125
vt 0.0209275 0.97907140625
vt 0 1
vt 0 0.96875
vt 0.022653125 0.96875
vt 0.022653125 1
vt 0 1
vt 0.029596875 0.9790725
vt 0.02092859375 1
vt 0 0.9790725
vt 0 0.97265625
vt 0.022653125 0.97265625
vt 0.0113265625 1
vt 0 0.96875
vt 0.022653125 0.96875
vt 0.022653125 1
vt 0 1
vt 0.022653125 1
vt 0 1
vt 0.0113265625 0.97265625
vt 0 1
vt 0.008668125 0.9790725
vt 0.029596875 1
vt 0 0.96875
vt 0.022653125 0.96875
vt 0.022653125 1
vt 0 1
vt 0.0209275 1
vt 0 0.991331875
vt 0.0209275 0.970403125
vt 0 1
vt 0 0.977346875
vt 0.02734375 0.9886734375
vt 0 0.96875
vt 0.022653125 0.96875
vt 0.022653125 1
vt 0 1
vt 0 1
vt 0 0.977346875
vt 0.02734375 0.9886734375
vt 0.0209275 1
vt 0 0.991331875
vt 0.0209275 0.970403125
vt 0 0.96875
vt 0.022653125 0.96875
vt 0.022653125 1
vt 0 1
vt 0 1
vt 0.008668125 0.9790725
vt 0.029596875 1
vt 0.022653125 1
vt 0 1
vt 0.0113265625 0.97265625
vt 0 0.96875
vt 0.022653125 0.96875
vt 0.022653125 1
vt 0 1
vt 0 0.97265625
vt 0.022653125 0.97265625
vt 0.0113265625 1
vt 0.3953125 0.671875
vt 0.3953125 0.6875
vt 0.375 0.6875
vt 0.375 0.671875
vt 0.3484375 0.6875
vt 0.3484375 0.703125
vt 0.328125 0.703125
vt 0.328125 0.6875
vt 0.40625 0.6984375
vt 0.40625 0.71875
vt 0.34375 0.71875
vt 0.34375 0.6984375
vt 0.390625 0.6515625
vt 0.390625 0.671875
vt 0.328125 0.671875
vt 0.328125 0.6515625
vt 0.390625 0.65625
vt 0.390625 0.671875
vt 0.328125 0.671875
vt 0.328125 0.65625
vt 0.953125 0.671875
vt 0.953125 0.6875
vt 0.890625 0.6875
vt 0.890625 0.671875
vt 0.39375 0.703125
vt 0.39375 0.71875
vt 0.375 0.71875
vt 0.375 0.703125
vt 0.33125 0.65625
vt 0.33125 0.671875
vt 0.3125 0.671875
vt 0.3125 0.65625
vt 0.390625 0.66875
vt 0.390625 0.6875
vt 0.3671875 0.6875
vt 0.3671875 0.66875
vt 0.34375 0.684375
vt 0.34375 0.703125
vt 0.3203125 0.703125
vt 0.3203125 0.684375
vt 0.328125 0.6875
vt 0.328125 0.703125
vt 0.3046875 0.703125
vt 0.3046875 0.6875
vt 0.9296875 0.625
vt 0.9296875 0.640625
vt 0.90625 0.640625
vt 0.90625 0.625
vt 0.39375 0.703125
vt 0.39375 0.71875
vt 0.375 0.71875
vt 0.375 0.703125
vt 0.33125 0.65625
vt 0.33125 0.671875
vt 0.3125 0.671875
vt 0.3125 0.65625
vt 0.390625 0.66875
vt 0.390625 0.6875
vt 0.3671875 0.6875
vt 0.3671875 0.66875
vt 0.34375 0.684375
vt 0.34375 0.703125
vt 0.3203125 0.703125
vt 0.3203125 0.684375
vt 0.328125 0.6875
vt 0.328125 0.703125
vt 0.3046875 0.703125
vt 0.3046875 0.6875
vt 0.9296875 0.625
vt 0.9296875 0.640625
vt 0.90625 0.640625
vt 0.90625 0.625
vt 0.39375 0.703125
vt 0.39375 0.71875
vt 0.375 0.71875
vt 0.375 0.703125
vt 0.33125 0.65625
vt 0.33125 0.671875
vt 0.3125 0.671875
vt 0.3125 0.65625
vt 0.390625 0.66875
vt 0.390625 0.6875
vt 0.3671875 0.6875
vt 0.3671875 0.66875
vt 0.34375 0.684375
vt 0.34375 0.703125
vt 0.3203125 0.703125
vt 0.3203125 0.684375
vt 0.328125 0.6875
vt 0.328125 0.703125
vt 0.3046875 0.703125
vt 0.3046875 0.6875
vt 0.9296875 0.625
vt 0.9296875 0.640625
vt 0.90625 0.640625
vt 0.90625 0.625
vt 0.39375 0.703125
vt 0.39375 0.71875
vt 0.375 0.71875
vt 0.375 0.703125
vt 0.33125 0.65625
vt 0.33125 0.671875
vt 0.3125 0.671875
vt 0.3125 0.65625
vt 0.390625 0.66875
vt 0.390625 0.6875
vt 0.3671875 0.6875
vt 0.3671875 0.66875
vt 0.34375 0.684375
vt 0.34375 0.703125
vt 0.3203125 0.703125
vt 0.3203125 0.684375
vt 0.328125 0.6875
vt 0.328125 0.703125
vt 0.3046875 0.703125
vt 0.3046875 0.6875
vt 0.9296875 0.625
vt 0.9296875 0.640625
vt 0.90625 0.640625
vt 0.90625 0.625
vt 0.39375 0.703125
vt 0.39375 0.71875
vt 0.375 0.71875
vt 0.375 0.703125
vt 0.33125 0.65625
vt 0.33125 0.671875
vt 0.3125 0.671875
vt 0.3125 0.65625
vt 0.390625 0.66875
vt 0.390625 0.6875
vt 0.3671875 0.6875
vt 0.3671875 0.66875
vt 0.34375 0.684375
vt 0.34375 0.703125
vt 0.3203125 0.703125
vt 0.3203125 0.684375
vt 0.328125 0.6875
vt 0.328125 0.703125
vt 0.3046875 0.703125
vt 0.3046875 0.6875
vt 0.9296875 0.625
vt 0.9296875 0.640625
vt 0.90625 0.640625
vt 0.90625 0.625
vt 0.39375 0.703125
vt 0.39375 0.71875
vt 0.375 0.71875
vt 0.375 0.703125
vt 0.33125 0.65625
vt 0.33125 0.671875
vt 0.3125 0.671875
vt 0.3125 0.65625
vt 0.390625 0.66875
vt 0.390625 0.6875
vt 0.3671875 0.6875
vt 0.3671875 0.66875
vt 0.34375 0.684375
vt 0.34375 0.703125
vt 0.3203125 0.703125
vt 0.3203125 0.684375
vt 0.328125 0.6875
vt 0.328125 0.703125
vt 0.3046875 0.703125
vt 0.3046875 0.6875
vt 0.9296875 0.625
vt 0.9296875 0.640625
vt 0.90625 0.640625
vt 0.90625 0.625
vt 0.39375 0.703125
vt 0.39375 0.71875
vt 0.375 0.71875
vt 0.375 0.703125
vt 0.33125 0.65625
vt 0.33125 0.671875
vt 0.3125 0.671875
vt 0.3125 0.65625
vt 0.390625 0.66875
vt 0.390625 0.6875
vt 0.3671875 0.6875
vt 0.3671875 0.66875
vt 0.34375 0.684375
vt 0.34375 0.703125
vt 0.3203125 0.703125
vt 0.3203125 0.684375
vt 0.328125 0.6875
vt 0.328125 0.703125
vt 0.3046875 0.703125
vt 0.3046875 0.6875
vt 0.9296875 0.625
vt 0.9296875 0.640625
vt 0.90625 0.640625
vt 0.90625 0.625
vt 0.3125 0.65625
vt 0.3125 0.671875
vt 0.33125 0.671875
vt 0.33125 0.65625
vt 0.375 0.703125
vt 0.375 0.71875
vt 0.39375 0.71875
vt 0.39375 0.703125
vt 0.3671875 0.66875
vt 0.3671875 0.6875
vt 0.390625 0.6875
vt 0.390625 0.66875
vt 0.3203125 0.684375
vt 0.3203125 0.703125
vt 0.34375 0.703125
vt 0.34375 0.684375
vt 0.3046875 0.6875
vt 0.3046875 0.703125
vt 0.328125 0.703125
vt 0.328125 0.6875
vt 0.90625 0.625
vt 0.90625 0.640625
vt 0.9296875 0.640625
vt 0.9296875 0.625
vt 0.3125 0.65625
vt 0.3125 0.671875
vt 0.33125 0.671875
vt 0.33125 0.65625
vt 0.375 0.703125
vt 0.375 0.71875
vt 0.39375 0.71875
vt 0.39375 0.703125
vt 0.3671875 0.66875
vt 0.3671875 0.6875
vt 0.390625 0.6875
vt 0.390625 0.66875
vt 0.3203125 0.684375
vt 0.3203125 0.703125
vt 0.34375 0.703125
vt 0.34375 0.684375
vt 0.3046875 0.6875
vt 0.3046875 0.703125
vt 0.328125 0.703125
vt 0.328125 0.6875
vt 0.90625 0.625
vt 0.90625 0.640625
vt 0.9296875 0.640625
vt 0.9296875 0.625
vt 0.3125 0.65625
vt 0.3125 0.671875
vt 0.33125 0.671875
vt 0.33125 0.65625
vt 0.375 0.703125
vt 0.375 0.71875
vt 0.39375 0.71875
vt 0.39375 0.703125
vt 0.3671875 0.66875
vt 0.3671875 0.6875
vt 0.390625 0.6875
vt 0.390625 0.66875
vt 0.3203125 0.684375
vt 0.3203125 0.703125
vt 0.34375 0.703125
vt 0.34375 0.684375
vt 0.3046875 0.6875
vt 0.3046875 0.703125
vt 0.328125 0.703125
vt 0.328125 0.6875
vt 0.90625 0.625
vt 0.90625 0.640625
vt 0.9296875 0.640625
vt 0.9296875 0.625
vt 0.3125 0.65625
vt 0.3125 0.671875
vt 0.33125 0.671875
vt 0.33125 0.65625
vt 0.375 0.703125
vt 0.375 0.71875
vt 0.39375 0.71875
vt 0.39375 0.703125
vt 0.3671875 0.66875
vt 0.3671875 0.6875
vt 0.390625 0.6875
vt 0.390625 0.66875
vt 0.3203125 0.684375
vt 0.3203125 0.703125
vt 0.34375 0.703125
vt 0.34375 0.684375
vt 0.3046875 0.6875
vt 0.3046875 0.703125
vt 0.328125 0.703125
vt 0.328125 0.6875
vt 0.90625 0.625
vt 0.90625 0.640625
vt 0.9296875 0.640625
vt 0.9296875 0.625
vt 0.3125 0.65625
vt 0.3125 0.671875
vt 0.33125 0.671875
vt 0.33125 0.65625
vt 0.375 0.703125
vt 0.375 0.71875
vt 0.39375 0.71875
vt 0.39375 0.703125
vt 0.3671875 0.66875
vt 0.3671875 0.6875
vt 0.390625 0.6875
vt 0.390625 0.66875
vt 0.3203125 0.684375
vt 0.3203125 0.703125
vt 0.34375 0.703125
vt 0.34375 0.684375
vt 0.3046875 0.6875
vt 0.3046875 0.703125
vt 0.328125 0.703125
vt 0.328125 0.6875
vt 0.90625 0.625
vt 0.90625 0.640625
vt 0.9296875 0.640625
vt 0.9296875 0.625
vt 0.3125 0.65625
vt 0.3125 0.671875
vt 0.33125 0.671875
vt 0.33125 0.65625
vt 0.375 0.703125
vt 0.375 0.71875
vt 0.39375 0.71875
vt 0.39375 0.703125
vt 0.3671875 0.66875
vt 0.3671875 0.6875
vt 0.390625 0.6875
vt 0.390625 0.66875
vt 0.3203125 0.684375
vt 0.3203125 0.703125
vt 0.34375 0.703125
vt 0.34375 0.684375
vt 0.3046875 0.6875
vt 0.3046875 0.703125
vt 0.328125 0.703125
vt 0.328125 0.6875
vt 0.90625 0.625
vt 0.90625 0.640625
vt 0.9296875 0.640625
vt 0.9296875 0.625
vt 0.3125 0.65625
vt 0.3125 0.671875
vt 0.33125 0.671875
vt 0.33125 0.65625
vt 0.375 0.703125
vt 0.375 0.71875
vt 0.39375 0.71875
vt 0.39375 0.703125
vt 0.3671875 0.66875
vt 0.3671875 0.6875
vt 0.390625 0.6875
vt 0.390625 0.66875
vt 0.3203125 0.684375
vt 0.3203125 0.703125
vt 0.34375 0.703125
vt 0.34375 0.684375
vt 0.3046875 0.6875
vt 0.3046875 0.703125
vt 0.328125 0.703125
vt 0.328125 0.6875
vt 0.90625 0.625
vt 0.90625 0.640625
vt 0.9296875 0.640625
vt 0.9296875 0.625
vt 0.328125 0.6875
vt 0.328125 0.703125
vt 0.3484375 0.703125
vt 0.3484375 0.6875
vt 0.375 0.671875
vt 0.375 0.6875
vt 0.3953125 0.6875
vt 0.3953125 0.671875
vt 0.34375 0.6984375
vt 0.34375 0.71875
vt 0.40625 0.71875
vt 0.40625 0.6984375
vt 0.328125 0.6515625
vt 0.328125 0.671875
vt 0.390625 0.671875
vt 0.390625 0.6515625
vt 0.328125 0.65625
vt 0.328125 0.671875
vt 0.390625 0.671875
vt 0.390625 0.65625
vt 0.890625 0.671875
vt 0.890625 0.6875
vt 0.953125 0.6875
vt 0.953125 0.671875
vt 0.359375 0.625
vt 0.359375 0.640625
vt 0.328125 0.640625
vt 0.328125 0.625
vt 0.453125 0.59375
vt 0.453125 0.609375
vt 0.421875 0.609375
vt 0.421875 0.59375
vt 0.375 0.625
vt 0.375 0.65625
vt 0.34375 0.65625
vt 0.34375 0.625
vt 0.328125 0.671875
vt 0.328125 0.703125
vt 0.296875 0.703125
vt 0.296875 0.671875
vt 0.390625 0.578125
vt 0.390625 0.59375
vt 0.359375 0.59375
vt 0.359375 0.578125
vt 0.9375 0.671875
vt 0.9375 0.6875
vt 0.90625 0.6875
vt 0.90625 0.671875
vt 0.359375 0.671875
vt 0.359375 0.6875
vt 0.34375 0.6875
vt 0.34375 0.671875
vt 0.390625 0.6875
vt 0.390625 0.703125
vt 0.375 0.703125
vt 0.375 0.6875
vt 0.42578125 0.703125
vt 0.42578125 0.71875
vt 0.33984375 0.71875
vt 0.33984375 0.703125
vt 0.42578125 0.625
vt 0.42578125 0.640625
vt 0.33984375 0.640625
vt 0.33984375 0.625
vt 0.42578125 0.6875
vt 0.42578125 0.703125
vt 0.33984375 0.703125
vt 0.33984375 0.6875
vt 0.4296875 0.578125
vt 0.4296875 0.59375
vt 0.34375 0.59375
vt 0.34375 0.578125
vt 0.3125 0.65625
vt 0.3125 0.671875
vt 0.296875 0.671875
vt 0.296875 0.65625
vt 0.3125 0.609375
vt 0.3125 0.625
vt 0.296875 0.625
vt 0.296875 0.609375
vt 0.4375 0.671875
vt 0.4375 0.6875
vt 0.328125 0.6875
vt 0.328125 0.671875
vt 0.4375 0.625
vt 0.4375 0.640625
vt 0.328125 0.640625
vt 0.328125 0.625
vt 0.421875 0.703125
vt 0.421875 0.71875
vt 0.3125 0.71875
vt 0.3125 0.703125
vt 0.4375 0.5625
vt 0.4375 0.578125
vt 0.328125 0.578125
vt 0.328125 0.5625
vt 0.3125 0.578125
vt 0.3125 0.671875
vt 0.296875 0.671875
vt 0.296875 0.578125
vt 0.3125 0.578125
vt 0.3125 0.671875
vt 0.296875 0.671875
vt 0.296875 0.578125
vt 0.4375 0.65625
vt 0.4375 0.671875
vt 0.296875 0.671875
vt 0.296875 0.65625
vt 0.4375 0.625
vt 0.4375 0.640625
vt 0.296875 0.640625
vt 0.296875 0.625
vt 0.40625 0.21875
vt 0.40625 0.3125
vt 0.265625 0.3125
vt 0.265625 0.21875
vt 0.40625 0.21875
vt 0.40625 0.3125
vt 0.265625 0.3125
vt 0.265625 0.21875
vt 0.9375 0.015625
vt 0.9375 0.0625
vt 0.9359375 0.0625
vt 0.9359375 0.015625
vt 0.9234375 0
vt 0.9234375 0.046875
vt 0.921875 0.046875
vt 0.921875 0
vt 0.984375 0.06093749999999998
vt 0.984375 0.0625
vt 0.921875 0.0625
vt 0.921875 0.06093749999999998
vt 0.984375 0.046875
vt 0.984375 0.04843750000000002
vt 0.921875 0.04843750000000002
vt 0.921875 0.046875
vt 0.96875 0.015625
vt 0.96875 0.0625
vt 0.90625 0.0625
vt 0.90625 0.015625
vt 0.359375 0.359375
vt 0.359375 0.40625
vt 0.296875 0.40625
vt 0.296875 0.359375
vt 0.125 0.3671875
vt 0.125 0.375
vt 0.046875 0.375
vt 0.046875 0.3671875
vt 0.109375 0.3984375
vt 0.109375 0.40625
vt 0.03125 0.40625
vt 0.03125 0.3984375
vt 0.0625 0.328125
vt 0.0625 0.40625
vt 0.03125 0.40625
vt 0.03125 0.328125
vt 0.0625 0.34375
vt 0.0625 0.421875
vt 0.03125 0.421875
vt 0.03125 0.34375
vt 0.09375 0.3671875
vt 0.09375 0.375
vt 0.0625 0.375
vt 0.0625 0.3671875
vt 0.125 0.3828125
vt 0.125 0.390625
vt 0.09375 0.390625
vt 0.09375 0.3828125
vt 0.11328125 0.3984375
vt 0.11328125 0.40625
vt 0.046875 0.40625
vt 0.046875 0.3984375
vt 0.140625 0.3984375
vt 0.140625 0.40625
vt 0.07421875 0.40625
vt 0.07421875 0.3984375
vt 0.0625 0.34375
vt 0.0625 0.41015625
vt 0.05078125 0.41015625
vt 0.05078125 0.34375
vt 0.0625 0.35546875
vt 0.0625 0.421875
vt 0.05078125 0.421875
vt 0.05078125 0.35546875
vt 0.078125 0.3984375
vt 0.078125 0.40625
vt 0.06640625 0.40625
vt 0.06640625 0.3984375
vt 0.08984375 0.3984375
vt 0.08984375 0.40625
vt 0.078125 0.40625
vt 0.078125 0.3984375
vt 0.19921875 0.3828125
vt 0.19921875 0.390625
vt 0.125 0.390625
vt 0.125 0.3828125
vt 0.21875 0.3671875
vt 0.21875 0.375
vt 0.14453125 0.375
vt 0.14453125 0.3671875
vt 0.10362421875 0.34375
vt 0.10362421875 0.41796875
vt 0.09765625 0.41796875
vt 0.09765625 0.34375
vt 0.11924921875 0.33203125
vt 0.11924921875 0.40625
vt 0.11328125 0.40625
vt 0.11328125 0.33203125
vt 0.08799921875 0.3671875
vt 0.08799921875 0.375
vt 0.08203125 0.375
vt 0.08203125 0.3671875
vt 0.08409296875 0.3984375
vt 0.08409296875 0.40625
vt 0.078125 0.40625
vt 0.078125 0.3984375
vt 0.16796875 0.3828125
vt 0.16796875 0.390625
vt 0.09375 0.390625
vt 0.09375 0.3828125
vt 0.125 0.3984375
vt 0.125 0.40625
vt 0.05078125 0.40625
vt 0.05078125 0.3984375
vt 0.078125 0.34375
vt 0.078125 0.41796875
vt 0.06640625 0.41796875
vt 0.06640625 0.34375
vt 0.0625 0.34765625
vt 0.0625 0.421875
vt 0.05078125 0.421875
vt 0.05078125 0.34765625
vt 0.15625 0.3671875
vt 0.15625 0.375
vt 0.14453125 0.375
vt 0.14453125 0.3671875
vt 0.12109375 0.3828125
vt 0.12109375 0.390625
vt 0.109375 0.390625
vt 0.109375 0.3828125
vt 0.15625 0.3671875
vt 0.15625 0.375
vt 0.09375 0.375
vt 0.09375 0.3671875
vt 0.125 0.3828125
vt 0.125 0.390625
vt 0.0625 0.390625
vt 0.0625 0.3828125
vt 0.0625 0.34375
vt 0.0625 0.40625
vt 0.046875 0.40625
vt 0.046875 0.34375
vt 0.078125 0.3125
vt 0.078125 0.375
vt 0.0625 0.375
vt 0.0625 0.3125
vt 0.078125 0.4140625
vt 0.078125 0.421875
vt 0.0625 0.421875
vt 0.0625 0.4140625
vt 0.171875 0.3828125
vt 0.171875 0.390625
vt 0.15625 0.390625
vt 0.15625 0.3828125
vt 0.171875 0.3828125
vt 0.171875 0.390625
vt 0.125 0.390625
vt 0.125 0.3828125
vt 0.140625 0.3984375
vt 0.140625 0.40625
vt 0.09375 0.40625
vt 0.09375 0.3984375
vt 0.15625 0.34375
vt 0.15625 0.390625
vt 0.1484375 0.390625
vt 0.1484375 0.34375
vt 0.109375 0.328125
vt 0.109375 0.375
vt 0.1015625 0.375
vt 0.1015625 0.328125
vt 0.1875 0.3671875
vt 0.1875 0.375
vt 0.1796875 0.375
vt 0.1796875 0.3671875
vt 0.1953125 0.3828125
vt 0.1953125 0.390625
vt 0.1875 0.390625
vt 0.1875 0.3828125
vt 0.07421875 0.3984375
vt 0.07421875 0.40625
vt 0.140625 0.40625
vt 0.140625 0.3984375
vt 0.046875 0.3984375
vt 0.046875 0.40625
vt 0.11328125 0.40625
vt 0.11328125 0.3984375
vt 0.05078125 0.34375
vt 0.05078125 0.41015625
vt 0.0625 0.41015625
vt 0.0625 0.34375
vt 0.05078125 0.35546875
vt 0.05078125 0.421875
vt 0.0625 0.421875
vt 0.0625 0.35546875
vt 0.06640625 0.3984375
vt 0.06640625 0.40625
vt 0.078125 0.40625
vt 0.078125 0.3984375
vt 0.078125 0.3984375
vt 0.078125 0.40625
vt 0.08984375 0.40625
vt 0.08984375 0.3984375
vt 0.09375 0.3984375
vt 0.09375 0.40625
vt 0.140625 0.40625
vt 0.140625 0.3984375
vt 0.125 0.3828125
vt 0.125 0.390625
vt 0.171875 0.390625
vt 0.171875 0.3828125
vt 0.1484375 0.34375
vt 0.1484375 0.390625
vt 0.15625 0.390625
vt 0.15625 0.34375
vt 0.1015625 0.328125
vt 0.1015625 0.375
vt 0.109375 0.375
vt 0.109375 0.328125
vt 0.1796875 0.3671875
vt 0.1796875 0.375
vt 0.1875 0.375
vt 0.1875 0.3671875
vt 0.1875 0.3828125
vt 0.1875 0.390625
vt 0.1953125 0.390625
vt 0.1953125 0.3828125
vt 0.0625 0.3828125
vt 0.0625 0.390625
vt 0.125 0.390625
vt 0.125 0.3828125
vt 0.09375 0.3671875
vt 0.09375 0.375
vt 0.15625 0.375
vt 0.15625 0.3671875
vt 0.046875 0.34375
vt 0.046875 0.40625
vt 0.0625 0.40625
vt 0.0625 0.34375
vt 0.0625 0.3125
vt 0.0625 0.375
vt 0.078125 0.375
vt 0.078125 0.3125
vt 0.0625 0.4140625
vt 0.0625 0.421875
vt 0.078125 0.421875
vt 0.078125 0.4140625
vt 0.15625 0.3828125
vt 0.15625 0.390625
vt 0.171875 0.390625
vt 0.171875 0.3828125
vt 0.05078125 0.3984375
vt 0.05078125 0.40625
vt 0.125 0.40625
vt 0.125 0.3984375
vt 0.09375 0.3828125
vt 0.09375 0.390625
vt 0.16796875 0.390625
vt 0.16796875 0.3828125
vt 0.06640625 0.34375
vt 0.06640625 0.41796875
vt 0.078125 0.41796875
vt 0.078125 0.34375
vt 0.05078125 0.34765625
vt 0.05078125 0.421875
vt 0.0625 0.421875
vt 0.0625 0.34765625
vt 0.14453125 0.3671875
vt 0.14453125 0.375
vt 0.15625 0.375
vt 0.15625 0.3671875
vt 0.109375 0.3828125
vt 0.109375 0.390625
vt 0.12109375 0.390625
vt 0.12109375 0.3828125
vt 0.14453125 0.3671875
vt 0.14453125 0.375
vt 0.21875 0.375
vt 0.21875 0.3671875
vt 0.125 0.3828125
vt 0.125 0.390625
vt 0.19921875 0.390625
vt 0.19921875 0.3828125
vt 0.09765625 0.34375
vt 0.09765625 0.41796875
vt 0.10362421875 0.41796875
vt 0.10362421875 0.34375
vt 0.11328125 0.33203125
vt 0.11328125 0.40625
vt 0.11924921875 0.40625
vt 0.11924921875 0.33203125
vt 0.08203125 0.3671875
vt 0.08203125 0.375
vt 0.08799921875 0.375
vt 0.08799921875 0.3671875
vt 0.078125 0.3984375
vt 0.078125 0.40625
vt 0.08409296875 0.40625
vt 0.08409296875 0.3984375
vt 0.3953125 0.6875
vt 0.3953125 0.671875
vt 0.375 0.671875
vt 0.375 0.6875
vt 0.3484375 0.703125
vt 0.3484375 0.6875
vt 0.328125 0.6875
vt 0.328125 0.703125
vt 0.390625 0.671875
vt 0.390625 0.6515625
vt 0.328125 0.6515625
vt 0.328125 0.671875
vt 0.40625 0.71875
vt 0.40625 0.6984375
vt 0.34375 0.6984375
vt 0.34375 0.71875
vt 0.390625 0.671875
vt 0.390625 0.65625
vt 0.328125 0.65625
vt 0.328125 0.671875
vt 0.953125 0.6875
vt 0.953125 0.671875
vt 0.890625 0.671875
vt 0.890625 0.6875
vt 0.39375 0.71875
vt 0.39375 0.703125
vt 0.375 0.703125
vt 0.375 0.71875
vt 0.33125 0.671875
vt 0.33125 0.65625
vt 0.3125 0.65625
vt 0.3125 0.671875
vt 0.34375 0.703125
vt 0.34375 0.684375
vt 0.3203125 0.684375
vt 0.3203125 0.703125
vt 0.390625 0.6875
vt 0.390625 0.66875
vt 0.3671875 0.66875
vt 0.3671875 0.6875
vt 0.328125 0.703125
vt 0.328125 0.6875
vt 0.3046875 0.6875
vt 0.3046875 0.703125
vt 0.9296875 0.640625
vt 0.9296875 0.625
vt 0.90625 0.625
vt 0.90625 0.640625
vt 0.39375 0.71875
vt 0.39375 0.703125
vt 0.375 0.703125
vt 0.375 0.71875
vt 0.33125 0.671875
vt 0.33125 0.65625
vt 0.3125 0.65625
vt 0.3125 0.671875
vt 0.34375 0.703125
vt 0.34375 0.684375
vt 0.3203125 0.684375
vt 0.3203125 0.703125
vt 0.390625 0.6875
vt 0.390625 0.66875
vt 0.3671875 0.66875
vt 0.3671875 0.6875
vt 0.328125 0.703125
vt 0.328125 0.6875
vt 0.3046875 0.6875
vt 0.3046875 0.703125
vt 0.9296875 0.640625
vt 0.9296875 0.625
vt 0.90625 0.625
vt 0.90625 0.640625
vt 0.39375 0.71875
vt 0.39375 0.703125
vt 0.375 0.703125
vt 0.375 0.71875
vt 0.33125 0.671875
vt 0.33125 0.65625
vt 0.3125 0.65625
vt 0.3125 0.671875
vt 0.34375 0.703125
vt 0.34375 0.684375
vt 0.3203125 0.684375
vt 0.3203125 0.703125
vt 0.390625 0.6875
vt 0.390625 0.66875
vt 0.3671875 0.66875
vt 0.3671875 0.6875
vt 0.328125 0.703125
vt 0.328125 0.6875
vt 0.3046875 0.6875
vt 0.3046875 0.703125
vt 0.9296875 0.640625
vt 0.9296875 0.625
vt 0.90625 0.625
vt 0.90625 0.640625
vt 0.39375 0.71875
vt 0.39375 0.703125
vt 0.375 0.703125
vt 0.375 0.71875
vt 0.33125 0.671875
vt 0.33125 0.65625
vt 0.3125 0.65625
vt 0.3125 0.671875
vt 0.34375 0.703125
vt 0.34375 0.684375
vt 0.3203125 0.684375
vt 0.3203125 0.703125
vt 0.390625 0.6875
vt 0.390625 0.66875
vt 0.3671875 0.66875
vt 0.3671875 0.6875
vt 0.328125 0.703125
vt 0.328125 0.6875
vt 0.3046875 0.6875
vt 0.3046875 0.703125
vt 0.9296875 0.640625
vt 0.9296875 0.625
vt 0.90625 0.625
vt 0.90625 0.640625
vt 0.39375 0.71875
vt 0.39375 0.703125
vt 0.375 0.703125
vt 0.375 0.71875
vt 0.33125 0.671875
vt 0.33125 0.65625
vt 0.3125 0.65625
vt 0.3125 0.671875
vt 0.34375 0.703125
vt 0.34375 0.684375
vt 0.3203125 0.684375
vt 0.3203125 0.703125
vt 0.390625 0.6875
vt 0.390625 0.66875
vt 0.3671875 0.66875
vt 0.3671875 0.6875
vt 0.328125 0.703125
vt 0.328125 0.6875
vt 0.3046875 0.6875
vt 0.3046875 0.703125
vt 0.9296875 0.640625
vt 0.9296875 0.625
vt 0.90625 0.625
vt 0.90625 0.640625
vt 0.39375 0.71875
vt 0.39375 0.703125
vt 0.375 0.703125
vt 0.375 0.71875
vt 0.33125 0.671875
vt 0.33125 0.65625
vt 0.3125 0.65625
vt 0.3125 0.671875
vt 0.34375 0.703125
vt 0.34375 0.684375
vt 0.3203125 0.684375
vt 0.3203125 0.703125
vt 0.390625 0.6875
vt 0.390625 0.66875
vt 0.3671875 0.66875
vt 0.3671875 0.6875
vt 0.328125 0.703125
vt 0.328125 0.6875
vt 0.3046875 0.6875
vt 0.3046875 0.703125
vt 0.9296875 0.640625
vt 0.9296875 0.625
vt 0.90625 0.625
vt 0.90625 0.640625
vt 0.39375 0.71875
vt 0.39375 0.703125
vt 0.375 0.703125
vt 0.375 0.71875
vt 0.33125 0.671875
vt 0.33125 0.65625
vt 0.3125 0.65625
vt 0.3125 0.671875
vt 0.34375 0.703125
vt 0.34375 0.684375
vt 0.3203125 0.684375
vt 0.3203125 0.703125
vt 0.390625 0.6875
vt 0.390625 0.66875
vt 0.3671875 0.66875
vt 0.3671875 0.6875
vt 0.328125 0.703125
vt 0.328125 0.6875
vt 0.3046875 0.6875
vt 0.3046875 0.703125
vt 0.9296875 0.640625
vt 0.9296875 0.625
vt 0.90625 0.625
vt 0.90625 0.640625
vt 0.3125 0.671875
vt 0.3125 0.65625
vt 0.33125 0.65625
vt 0.33125 0.671875
vt 0.375 0.71875
vt 0.375 0.703125
vt 0.39375 0.703125
vt 0.39375 0.71875
vt 0.3203125 0.703125
vt 0.3203125 0.684375
vt 0.34375 0.684375
vt 0.34375 0.703125
vt 0.3671875 0.6875
vt 0.3671875 0.66875
vt 0.390625 0.66875
vt 0.390625 0.6875
vt 0.3046875 0.703125
vt 0.3046875 0.6875
vt 0.328125 0.6875
vt 0.328125 0.703125
vt 0.90625 0.640625
vt 0.90625 0.625
vt 0.9296875 0.625
vt 0.9296875 0.640625
vt 0.3125 0.671875
vt 0.3125 0.65625
vt 0.33125 0.65625
vt 0.33125 0.671875
vt 0.375 0.71875
vt 0.375 0.703125
vt 0.39375 0.703125
vt 0.39375 0.71875
vt 0.3203125 0.703125
vt 0.3203125 0.684375
vt 0.34375 0.684375
vt 0.34375 0.703125
vt 0.3671875 0.6875
vt 0.3671875 0.66875
vt 0.390625 0.66875
vt 0.390625 0.6875
vt 0.3046875 0.703125
vt 0.3046875 0.6875
vt 0.328125 0.6875
vt 0.328125 0.703125
vt 0.90625 0.640625
vt 0.90625 0.625
vt 0.9296875 0.625
vt 0.9296875 0.640625
vt 0.3125 0.671875
vt 0.3125 0.65625
vt 0.33125 0.65625
vt 0.33125 0.671875
vt 0.375 0.71875
vt 0.375 0.703125
vt 0.39375 0.703125
vt 0.39375 0.71875
vt 0.3203125 0.703125
vt 0.3203125 0.684375
vt 0.34375 0.684375
vt 0.34375 0.703125
vt 0.3671875 0.6875
vt 0.3671875 0.66875
vt 0.390625 0.66875
vt 0.390625 0.6875
vt 0.3046875 0.703125
vt 0.3046875 0.6875
vt 0.328125 0.6875
vt 0.328125 0.703125
vt 0.90625 0.640625
vt 0.90625 0.625
vt 0.9296875 0.625
vt 0.9296875 0.640625
vt 0.3125 0.671875
vt 0.3125 0.65625
vt 0.33125 0.65625
vt 0.33125 0.671875
vt 0.375 0.71875
vt 0.375 0.703125
vt 0.39375 0.703125
vt 0.39375 0.71875
vt 0.3203125 0.703125
vt 0.3203125 0.684375
vt 0.34375 0.684375
vt 0.34375 0.703125
vt 0.3671875 0.6875
vt 0.3671875 0.66875
vt 0.390625 0.66875
vt 0.390625 0.6875
vt 0.3046875 0.703125
vt 0.3046875 0.6875
vt 0.328125 0.6875
vt 0.328125 0.703125
vt 0.90625 0.640625
vt 0.90625 0.625
vt 0.9296875 0.625
vt 0.9296875 0.640625
vt 0.3125 0.671875
vt 0.3125 0.65625
vt 0.33125 0.65625
vt 0.33125 0.671875
vt 0.375 0.71875
vt 0.375 0.703125
vt 0.39375 0.703125
vt 0.39375 0.71875
vt 0.3203125 0.703125
vt 0.3203125 0.684375
vt 0.34375 0.684375
vt 0.34375 0.703125
vt 0.3671875 0.6875
vt 0.3671875 0.66875
vt 0.390625 0.66875
vt 0.390625 0.6875
vt 0.3046875 0.703125
vt 0.3046875 0.6875
vt 0.328125 0.6875
vt 0.328125 0.703125
vt 0.90625 0.640625
vt 0.90625 0.625
vt 0.9296875 0.625
vt 0.9296875 0.640625
vt 0.3125 0.671875
vt 0.3125 0.65625
vt 0.33125 0.65625
vt 0.33125 0.671875
vt 0.375 0.71875
vt 0.375 0.703125
vt 0.39375 0.703125
vt 0.39375 0.71875
vt 0.3203125 0.703125
vt 0.3203125 0.684375
vt 0.34375 0.684375
vt 0.34375 0.703125
vt 0.3671875 0.6875
vt 0.3671875 0.66875
vt 0.390625 0.66875
vt 0.390625 0.6875
vt 0.3046875 0.703125
vt 0.3046875 0.6875
vt 0.328125 0.6875
vt 0.328125 0.703125
vt 0.90625 0.640625
vt 0.90625 0.625
vt 0.9296875 0.625
vt 0.9296875 0.640625
vt 0.3125 0.671875
vt 0.3125 0.65625
vt 0.33125 0.65625
vt 0.33125 0.671875
vt 0.375 0.71875
vt 0.375 0.703125
vt 0.39375 0.703125
vt 0.39375 0.71875
vt 0.3203125 0.703125
vt 0.3203125 0.684375
vt 0.34375 0.684375
vt 0.34375 0.703125
vt 0.3671875 0.6875
vt 0.3671875 0.66875
vt 0.390625 0.66875
vt 0.390625 0.6875
vt 0.3046875 0.703125
vt 0.3046875 0.6875
vt 0.328125 0.6875
vt 0.328125 0.703125
vt 0.90625 0.640625
vt 0.90625 0.625
vt 0.9296875 0.625
vt 0.9296875 0.640625
vt 0.328125 0.703125
vt 0.328125 0.6875
vt 0.3484375 0.6875
vt 0.3484375 0.703125
vt 0.375 0.6875
vt 0.375 0.671875
vt 0.3953125 0.671875
vt 0.3953125 0.6875
vt 0.328125 0.671875
vt 0.328125 0.6515625
vt 0.390625 0.6515625
vt 0.390625 0.671875
vt 0.34375 0.71875
vt 0.34375 0.6984375
vt 0.40625 0.6984375
vt 0.40625 0.71875
vt 0.328125 0.671875
vt 0.328125 0.65625
vt 0.390625 0.65625
vt 0.390625 0.671875
vt 0.890625 0.6875
vt 0.890625 0.671875
vt 0.953125 0.671875
vt 0.953125 0.6875
vt 0.390625 0.671875
vt 0.390625 0.65625
vt 0.359375 0.65625
vt 0.359375 0.671875
vt 0.453125 0.609375
vt 0.453125 0.59375
vt 0.421875 0.59375
vt 0.421875 0.609375
vt 0.328125 0.703125
vt 0.328125 0.671875
vt 0.296875 0.671875
vt 0.296875 0.703125
vt 0.375 0.65625
vt 0.375 0.625
vt 0.34375 0.625
vt 0.34375 0.65625
vt 0.390625 0.59375
vt 0.390625 0.578125
vt 0.359375 0.578125
vt 0.359375 0.59375
vt 0.9375 0.6875
vt 0.9375 0.671875
vt 0.90625 0.671875
vt 0.90625 0.6875
vt 0.9375 0.015625
vt 0.9375 0.0625
vt 0.9359375 0.0625
vt 0.9359375 0.015625
vt 0.9234375 0
vt 0.9234375 0.046875
vt 0.921875 0.046875
vt 0.921875 0
vt 0.984375 0.06093749999999998
vt 0.984375 0.0625
vt 0.921875 0.0625
vt 0.921875 0.06093749999999998
vt 0.984375 0.046875
vt 0.984375 0.04843750000000002
vt 0.921875 0.04843750000000002
vt 0.921875 0.046875
vt 0.96875 0.015625
vt 0.96875 0.0625
vt 0.90625 0.0625
vt 0.90625 0.015625
vt 0.359375 0.359375
vt 0.359375 0.40625
vt 0.296875 0.40625
vt 0.296875 0.359375
vt 0.125 0.3671875
vt 0.125 0.375
vt 0.046875 0.375
vt 0.046875 0.3671875
vt 0.109375 0.3984375
vt 0.109375 0.40625
vt 0.03125 0.40625
vt 0.03125 0.3984375
vt 0.0625 0.328125
vt 0.0625 0.40625
vt 0.03125 0.40625
vt 0.03125 0.328125
vt 0.0625 0.34375
vt 0.0625 0.421875
vt 0.03125 0.421875
vt 0.03125 0.34375
vt 0.09375 0.3671875
vt 0.09375 0.375
vt 0.0625 0.375
vt 0.0625 0.3671875
vt 0.125 0.3828125
vt 0.125 0.390625
vt 0.09375 0.390625
vt 0.09375 0.3828125
vt 0.11328125 0.3984375
vt 0.11328125 0.40625
vt 0.046875 0.40625
vt 0.046875 0.3984375
vt 0.140625 0.3984375
vt 0.140625 0.40625
vt 0.07421875 0.40625
vt 0.07421875 0.3984375
vt 0.0625 0.34375
vt 0.0625 0.41015625
vt 0.05078125 0.41015625
vt 0.05078125 0.34375
vt 0.0625 0.35546875
vt 0.0625 0.421875
vt 0.05078125 0.421875
vt 0.05078125 0.35546875
vt 0.078125 0.3984375
vt 0.078125 0.40625
vt 0.06640625 0.40625
vt 0.06640625 0.3984375
vt 0.08984375 0.3984375
vt 0.08984375 0.40625
vt 0.078125 0.40625
vt 0.078125 0.3984375
vt 0.19921875 0.3828125
vt 0.19921875 0.390625
vt 0.125 0.390625
vt 0.125 0.3828125
vt 0.21875 0.3671875
vt 0.21875 0.375
vt 0.14453125 0.375
vt 0.14453125 0.3671875
vt 0.10362421875 0.34375
vt 0.10362421875 0.41796875
vt 0.09765625 0.41796875
vt 0.09765625 0.34375
vt 0.11924921875 0.33203125
vt 0.11924921875 0.40625
vt 0.11328125 0.40625
vt 0.11328125 0.33203125
vt 0.08799921875 0.3671875
vt 0.08799921875 0.375
vt 0.08203125 0.375
vt 0.08203125 0.3671875
vt 0.08409296875 0.3984375
vt 0.08409296875 0.40625
vt 0.078125 0.40625
vt 0.078125 0.3984375
vt 0.16796875 0.3828125
vt 0.16796875 0.390625
vt 0.09375 0.390625
vt 0.09375 0.3828125
vt 0.125 0.3984375
vt 0.125 0.40625
vt 0.05078125 0.40625
vt 0.05078125 0.3984375
vt 0.078125 0.34375
vt 0.078125 0.41796875
vt 0.06640625 0.41796875
vt 0.06640625 0.34375
vt 0.0625 0.34765625
vt 0.0625 0.421875
vt 0.05078125 0.421875
vt 0.05078125 0.34765625
vt 0.15625 0.3671875
vt 0.15625 0.375
vt 0.14453125 0.375
vt 0.14453125 0.3671875
vt 0.12109375 0.3828125
vt 0.12109375 0.390625
vt 0.109375 0.390625
vt 0.109375 0.3828125
vt 0.15625 0.3671875
vt 0.15625 0.375
vt 0.09375 0.375
vt 0.09375 0.3671875
vt 0.125 0.3828125
vt 0.125 0.390625
vt 0.0625 0.390625
vt 0.0625 0.3828125
vt 0.0625 0.34375
vt 0.0625 0.40625
vt 0.046875 0.40625
vt 0.046875 0.34375
vt 0.078125 0.3125
vt 0.078125 0.375
vt 0.0625 0.375
vt 0.0625 0.3125
vt 0.078125 0.4140625
vt 0.078125 0.421875
vt 0.0625 0.421875
vt 0.0625 0.4140625
vt 0.171875 0.3828125
vt 0.171875 0.390625
vt 0.15625 0.390625
vt 0.15625 0.3828125
vt 0.171875 0.3828125
vt 0.171875 0.390625
vt 0.125 0.390625
vt 0.125 0.3828125
vt 0.140625 0.3984375
vt 0.140625 0.40625
vt 0.09375 0.40625
vt 0.09375 0.3984375
vt 0.15625 0.34375
vt 0.15625 0.390625
vt 0.1484375 0.390625
vt 0.1484375 0.34375
vt 0.109375 0.328125
vt 0.109375 0.375
vt 0.1015625 0.375
vt 0.1015625 0.328125
vt 0.1875 0.3671875
vt 0.1875 0.375
vt 0.1796875 0.375
vt 0.1796875 0.3671875
vt 0.1953125 0.3828125
vt 0.1953125 0.390625
vt 0.1875 0.390625
vt 0.1875 0.3828125
vt 0.07421875 0.3984375
vt 0.07421875 0.40625
vt 0.140625 0.40625
vt 0.140625 0.3984375
vt 0.046875 0.3984375
vt 0.046875 0.40625
vt 0.11328125 0.40625
vt 0.11328125 0.3984375
vt 0.05078125 0.34375
vt 0.05078125 0.41015625
vt 0.0625 0.41015625
vt 0.0625 0.34375
vt 0.05078125 0.35546875
vt 0.05078125 0.421875
vt 0.0625 0.421875
vt 0.0625 0.35546875
vt 0.06640625 0.3984375
vt 0.06640625 0.40625
vt 0.078125 0.40625
vt 0.078125 0.3984375
vt 0.078125 0.3984375
vt 0.078125 0.40625
vt 0.08984375 0.40625
vt 0.08984375 0.3984375
vt 0.09375 0.3984375
vt 0.09375 0.40625
vt 0.140625 0.40625
vt 0.140625 0.3984375
vt 0.125 0.3828125
vt 0.125 0.390625
vt 0.171875 0.390625
vt 0.171875 0.3828125
vt 0.1484375 0.34375
vt 0.1484375 0.390625
vt 0.15625 0.390625
vt 0.15625 0.34375
vt 0.1015625 0.328125
vt 0.1015625 0.375
vt 0.109375 0.375
vt 0.109375 0.328125
vt 0.1796875 0.3671875
vt 0.1796875 0.375
vt 0.1875 0.375
vt 0.1875 0.3671875
vt 0.1875 0.3828125
vt 0.1875 0.390625
vt 0.1953125 0.390625
vt 0.1953125 0.3828125
vt 0.0625 0.3828125
vt 0.0625 0.390625
vt 0.125 0.390625
vt 0.125 0.3828125
vt 0.09375 0.3671875
vt 0.09375 0.375
vt 0.15625 0.375
vt 0.15625 0.3671875
vt 0.046875 0.34375
vt 0.046875 0.40625
vt 0.0625 0.40625
vt 0.0625 0.34375
vt 0.0625 0.3125
vt 0.0625 0.375
vt 0.078125 0.375
vt 0.078125 0.3125
vt 0.0625 0.4140625
vt 0.0625 0.421875
vt 0.078125 0.421875
vt 0.078125 0.4140625
vt 0.15625 0.3828125
vt 0.15625 0.390625
vt 0.171875 0.390625
vt 0.171875 0.3828125
vt 0.05078125 0.3984375
vt 0.05078125 0.40625
vt 0.125 0.40625
vt 0.125 0.3984375
vt 0.09375 0.3828125
vt 0.09375 0.390625
vt 0.16796875 0.390625
vt 0.16796875 0.3828125
vt 0.06640625 0.34375
vt 0.06640625 0.41796875
vt 0.078125 0.41796875
vt 0.078125 0.34375
vt 0.05078125 0.34765625
vt 0.05078125 0.421875
vt 0.0625 0.421875
vt 0.0625 0.34765625
vt 0.14453125 0.3671875
vt 0.14453125 0.375
vt 0.15625 0.375
vt 0.15625 0.3671875
vt 0.109375 0.3828125
vt 0.109375 0.390625
vt 0.12109375 0.390625
vt 0.12109375 0.3828125
vt 0.14453125 0.3671875
vt 0.14453125 0.375
vt 0.21875 0.375
vt 0.21875 0.3671875
vt 0.125 0.3828125
vt 0.125 0.390625
vt 0.19921875 0.390625
vt 0.19921875 0.3828125
vt 0.09765625 0.34375
vt 0.09765625 0.41796875
vt 0.10362421875 0.41796875
vt 0.10362421875 0.34375
vt 0.11328125 0.33203125
vt 0.11328125 0.40625
vt 0.11924921875 0.40625
vt 0.11924921875 0.33203125
vt 0.08203125 0.3671875
vt 0.08203125 0.375
vt 0.08799921875 0.375
vt 0.08799921875 0.3671875
vt 0.078125 0.3984375
vt 0.078125 0.40625
vt 0.08409296875 0.40625
vt 0.08409296875 0.3984375
vt 0.3125 0.359375
vt 0.3125 0.4375
vt 0.296875 0.4375
vt 0.296875 0.359375
vt 0.3125 0.359375
vt 0.3125 0.4375
vt 0.296875 0.4375
vt 0.296875 0.359375
vt 0.4375 0.421875
vt 0.4375 0.4375
vt 0.296875 0.4375
vt 0.296875 0.421875
vt 0.4375 0.359375
vt 0.4375 0.375
vt 0.296875 0.375
vt 0.296875 0.359375
vt 0.4375 0.359375
vt 0.4375 0.4375
vt 0.296875 0.4375
vt 0.296875 0.359375
vt 0.4375 0.359375
vt 0.4375 0.4375
vt 0.296875 0.4375
vt 0.296875 0.359375
vt 0.375 0.4375
vt 0.375 0.453125
vt 0.359375 0.453125
vt 0.359375 0.4375
vt 0.359375 0.4375
vt 0.359375 0.453125
vt 0.34375 0.453125
vt 0.34375 0.4375
vt 0.421875 0.4375
vt 0.421875 0.453125
vt 0.3125 0.453125
vt 0.3125 0.4375
vt 0.421875 0.4375
vt 0.421875 0.453125
vt 0.3125 0.453125
vt 0.3125 0.4375
vt 0.421875 0.4375
vt 0.421875 0.453125
vt 0.3125 0.453125
vt 0.3125 0.4375
vt 0.421875 0.4375
vt 0.421875 0.453125
vt 0.3125 0.453125
vt 0.3125 0.4375
vt 0.390625 0.453125
vt 0.390625 0.46875
vt 0.375 0.46875
vt 0.375 0.453125
vt 0.359375 0.453125
vt 0.359375 0.46875
vt 0.34375 0.46875
vt 0.34375 0.453125
vt 0.41015625 0.453125
vt 0.41015625 0.46875
vt 0.32421875 0.46875
vt 0.32421875 0.453125
vt 0.41015625 0.453125
vt 0.41015625 0.46875
vt 0.32421875 0.46875
vt 0.32421875 0.453125
vt 0.41015625 0.453125
vt 0.41015625 0.46875
vt 0.32421875 0.46875
vt 0.32421875 0.453125
vt 0.41015625 0.453125
vt 0.41015625 0.46875
vt 0.32421875 0.46875
vt 0.32421875 0.453125
vt 0.28125 0.203125
vt 0.28125 0.3125
vt 0.265625 0.3125
vt 0.265625 0.203125
vt 0.28125 0.203125
vt 0.28125 0.3125
vt 0.265625 0.3125
vt 0.265625 0.203125
vt 0.40625 0.296875
vt 0.40625 0.3125
vt 0.265625 0.3125
vt 0.265625 0.296875
vt 0.40625 0.296875
vt 0.40625 0.3125
vt 0.265625 0.3125
vt 0.265625 0.296875
vt 0.40625 0.203125
vt 0.40625 0.3125
vt 0.265625 0.3125
vt 0.265625 0.203125
vt 0.40625 0.203125
vt 0.40625 0.3125
vt 0.265625 0.3125
vt 0.265625 0.203125
vt 0.9375 0.015625
vt 0.9375 0.0625
vt 0.9359375 0.0625
vt 0.9359375 0.015625
vt 0.9234375 0
vt 0.9234375 0.046875
vt 0.921875 0.046875
vt 0.921875 0
vt 0.984375 0.06093749999999998
vt 0.984375 0.0625
vt 0.921875 0.0625
vt 0.921875 0.06093749999999998
vt 0.984375 0.046875
vt 0.984375 0.04843750000000002
vt 0.921875 0.04843750000000002
vt 0.921875 0.046875
vt 0.96875 0.015625
vt 0.96875 0.0625
vt 0.90625 0.0625
vt 0.90625 0.015625
vt 0.359375 0.359375
vt 0.359375 0.40625
vt 0.296875 0.40625
vt 0.296875 0.359375
vt 0.125 0.3671875
vt 0.125 0.375
vt 0.046875 0.375
vt 0.046875 0.3671875
vt 0.109375 0.3984375
vt 0.109375 0.40625
vt 0.03125 0.40625
vt 0.03125 0.3984375
vt 0.0625 0.328125
vt 0.0625 0.40625
vt 0.03125 0.40625
vt 0.03125 0.328125
vt 0.0625 0.34375
vt 0.0625 0.421875
vt 0.03125 0.421875
vt 0.03125 0.34375
vt 0.09375 0.3671875
vt 0.09375 0.375
vt 0.0625 0.375
vt 0.0625 0.3671875
vt 0.125 0.3828125
vt 0.125 0.390625
vt 0.09375 0.390625
vt 0.09375 0.3828125
vt 0.11328125 0.3984375
vt 0.11328125 0.40625
vt 0.046875 0.40625
vt 0.046875 0.3984375
vt 0.140625 0.3984375
vt 0.140625 0.40625
vt 0.07421875 0.40625
vt 0.07421875 0.3984375
vt 0.0625 0.34375
vt 0.0625 0.41015625
vt 0.05078125 0.41015625
vt 0.05078125 0.34375
vt 0.0625 0.35546875
vt 0.0625 0.421875
vt 0.05078125 0.421875
vt 0.05078125 0.35546875
vt 0.078125 0.3984375
vt 0.078125 0.40625
vt 0.06640625 0.40625
vt 0.06640625 0.3984375
vt 0.08984375 0.3984375
vt 0.08984375 0.40625
vt 0.078125 0.40625
vt 0.078125 0.3984375
vt 0.19921875 0.3828125
vt 0.19921875 0.390625
vt 0.125 0.390625
vt 0.125 0.3828125
vt 0.21875 0.3671875
vt 0.21875 0.375
vt 0.14453125 0.375
vt 0.14453125 0.3671875
vt 0.10362421875 0.34375
vt 0.10362421875 0.41796875
vt 0.09765625 0.41796875
vt 0.09765625 0.34375
vt 0.11924921875 0.33203125
vt 0.11924921875 0.40625
vt 0.11328125 0.40625
vt 0.11328125 0.33203125
vt 0.08799921875 0.3671875
vt 0.08799921875 0.375
vt 0.08203125 0.375
vt 0.08203125 0.3671875
vt 0.08409296875 0.3984375
vt 0.08409296875 0.40625
vt 0.078125 0.40625
vt 0.078125 0.3984375
vt 0.16796875 0.3828125
vt 0.16796875 0.390625
vt 0.09375 0.390625
vt 0.09375 0.3828125
vt 0.125 0.3984375
vt 0.125 0.40625
vt 0.05078125 0.40625
vt 0.05078125 0.3984375
vt 0.078125 0.34375
vt 0.078125 0.41796875
vt 0.06640625 0.41796875
vt 0.06640625 0.34375
vt 0.0625 0.34765625
vt 0.0625 0.421875
vt 0.05078125 0.421875
vt 0.05078125 0.34765625
vt 0.15625 0.3671875
vt 0.15625 0.375
vt 0.14453125 0.375
vt 0.14453125 0.3671875
vt 0.12109375 0.3828125
vt 0.12109375 0.390625
vt 0.109375 0.390625
vt 0.109375 0.3828125
vt 0.15625 0.3671875
vt 0.15625 0.375
vt 0.09375 0.375
vt 0.09375 0.3671875
vt 0.125 0.3828125
vt 0.125 0.390625
vt 0.0625 0.390625
vt 0.0625 0.3828125
vt 0.0625 0.34375
vt 0.0625 0.40625
vt 0.046875 0.40625
vt 0.046875 0.34375
vt 0.078125 0.3125
vt 0.078125 0.375
vt 0.0625 0.375
vt 0.0625 0.3125
vt 0.078125 0.4140625
vt 0.078125 0.421875
vt 0.0625 0.421875
vt 0.0625 0.4140625
vt 0.171875 0.3828125
vt 0.171875 0.390625
vt 0.15625 0.390625
vt 0.15625 0.3828125
vt 0.171875 0.3828125
vt 0.171875 0.390625
vt 0.125 0.390625
vt 0.125 0.3828125
vt 0.140625 0.3984375
vt 0.140625 0.40625
vt 0.09375 0.40625
vt 0.09375 0.3984375
vt 0.15625 0.34375
vt 0.15625 0.390625
vt 0.1484375 0.390625
vt 0.1484375 0.34375
vt 0.109375 0.328125
vt 0.109375 0.375
vt 0.1015625 0.375
vt 0.1015625 0.328125
vt 0.1875 0.3671875
vt 0.1875 0.375
vt 0.1796875 0.375
vt 0.1796875 0.3671875
vt 0.1953125 0.3828125
vt 0.1953125 0.390625
vt 0.1875 0.390625
vt 0.1875 0.3828125
vt 0.07421875 0.3984375
vt 0.07421875 0.40625
vt 0.140625 0.40625
vt 0.140625 0.3984375
vt 0.046875 0.3984375
vt 0.046875 0.40625
vt 0.11328125 0.40625
vt 0.11328125 0.3984375
vt 0.05078125 0.34375
vt 0.05078125 0.41015625
vt 0.0625 0.41015625
vt 0.0625 0.34375
vt 0.05078125 0.35546875
vt 0.05078125 0.421875
vt 0.0625 0.421875
vt 0.0625 0.35546875
vt 0.06640625 0.3984375
vt 0.06640625 0.40625
vt 0.078125 0.40625
vt 0.078125 0.3984375
vt 0.078125 0.3984375
vt 0.078125 0.40625
vt 0.08984375 0.40625
vt 0.08984375 0.3984375
vt 0.09375 0.3984375
vt 0.09375 0.40625
vt 0.140625 0.40625
vt 0.140625 0.3984375
vt 0.125 0.3828125
vt 0.125 0.390625
vt 0.171875 0.390625
vt 0.171875 0.3828125
vt 0.1484375 0.34375
vt 0.1484375 0.390625
vt 0.15625 0.390625
vt 0.15625 0.34375
vt 0.1015625 0.328125
vt 0.1015625 0.375
vt 0.109375 0.375
vt 0.109375 0.328125
vt 0.1796875 0.3671875
vt 0.1796875 0.375
vt 0.1875 0.375
vt 0.1875 0.3671875
vt 0.1875 0.3828125
vt 0.1875 0.390625
vt 0.1953125 0.390625
vt 0.1953125 0.3828125
vt 0.0625 0.3828125
vt 0.0625 0.390625
vt 0.125 0.390625
vt 0.125 0.3828125
vt 0.09375 0.3671875
vt 0.09375 0.375
vt 0.15625 0.375
vt 0.15625 0.3671875
vt 0.046875 0.34375
vt 0.046875 0.40625
vt 0.0625 0.40625
vt 0.0625 0.34375
vt 0.0625 0.3125
vt 0.0625 0.375
vt 0.078125 0.375
vt 0.078125 0.3125
vt 0.0625 0.4140625
vt 0.0625 0.421875
vt 0.078125 0.421875
vt 0.078125 0.4140625
vt 0.15625 0.3828125
vt 0.15625 0.390625
vt 0.171875 0.390625
vt 0.171875 0.3828125
vt 0.05078125 0.3984375
vt 0.05078125 0.40625
vt 0.125 0.40625
vt 0.125 0.3984375
vt 0.09375 0.3828125
vt 0.09375 0.390625
vt 0.16796875 0.390625
vt 0.16796875 0.3828125
vt 0.06640625 0.34375
vt 0.06640625 0.41796875
vt 0.078125 0.41796875
vt 0.078125 0.34375
vt 0.05078125 0.34765625
vt 0.05078125 0.421875
vt 0.0625 0.421875
vt 0.0625 0.34765625
vt 0.14453125 0.3671875
vt 0.14453125 0.375
vt 0.15625 0.375
vt 0.15625 0.3671875
vt 0.109375 0.3828125
vt 0.109375 0.390625
vt 0.12109375 0.390625
vt 0.12109375 0.3828125
vt 0.14453125 0.3671875
vt 0.14453125 0.375
vt 0.21875 0.375
vt 0.21875 0.3671875
vt 0.125 0.3828125
vt 0.125 0.390625
vt 0.19921875 0.390625
vt 0.19921875 0.3828125
vt 0.09765625 0.34375
vt 0.09765625 0.41796875
vt 0.10362421875 0.41796875
vt 0.10362421875 0.34375
vt 0.11328125 0.33203125
vt 0.11328125 0.40625
vt 0.11924921875 0.40625
vt 0.11924921875 0.33203125
vt 0.08203125 0.3671875
vt 0.08203125 0.375
vt 0.08799921875 0.375
vt 0.08799921875 0.3671875
vt 0.078125 0.3984375
vt 0.078125 0.40625
vt 0.08409296875 0.40625
vt 0.08409296875 0.3984375
vt 0.328125 0.515625
vt 0.328125 0.625
vt 0.309375 0.625
vt 0.309375 0.515625
vt 0.33125 0.515625
vt 0.33125 0.625
vt 0.3125 0.625
vt 0.3125 0.515625
vt 0.359375 0.653125
vt 0.359375 0.671875
vt 0.34375 0.671875
vt 0.34375 0.653125
vt 0.3125 0.65625
vt 0.3125 0.675
vt 0.296875 0.675
vt 0.296875 0.65625
vt 0.328125 0.515625
vt 0.328125 0.625
vt 0.3125 0.625
vt 0.3125 0.515625
vt 0.921875 0.609375
vt 0.921875 0.71875
vt 0.90625 0.71875
vt 0.90625 0.609375
vt 0.328125 0.515625
vt 0.328125 0.625
vt 0.309375 0.625
vt 0.309375 0.515625
vt 0.33125 0.515625
vt 0.33125 0.625
vt 0.3125 0.625
vt 0.3125 0.515625
vt 0.359375 0.653125
vt 0.359375 0.671875
vt 0.34375 0.671875
vt 0.34375 0.653125
vt 0.3125 0.65625
vt 0.3125 0.675
vt 0.296875 0.675
vt 0.296875 0.65625
vt 0.328125 0.515625
vt 0.328125 0.625
vt 0.3125 0.625
vt 0.3125 0.515625
vt 0.921875 0.609375
vt 0.921875 0.71875
vt 0.90625 0.71875
vt 0.90625 0.609375
vt 0.015625 0.984375
vt 0.015625 1
vt 0 1
vt 0 0.984375
vt 0.03125 0.984375
vt 0.03125 1
vt 0.015625 1
vt 0.015625 0.984375
vt 0.046875 0.96875
vt 0.046875 0.984375
vt 0 0.984375
vt 0 0.96875
vt 0.046875 0.984375
vt 0.046875 1
vt 0 1
vt 0 0.984375
vt 0.046875 0.984375
vt 0.046875 1
vt 0 1
vt 0 0.984375
vt 0.046875 0.984375
vt 0.046875 1
vt 0 1
vt 0 0.984375
vt 0.015625 0.984375
vt 0.015625 1
vt 0.03125 1
vt 0.03125 0.984375
vt 0 0.984375
vt 0 1
vt 0.015625 1
vt 0.015625 0.984375
vt 0 0.96875
vt 0 0.984375
vt 0.046875 0.984375
vt 0.046875 0.96875
vt 0 0.984375
vt 0 1
vt 0.046875 1
vt 0.046875 0.984375
vt 0 0.984375
vt 0 1
vt 0.046875 1
vt 0.046875 0.984375
vt 0 0.984375
vt 0 1
vt 0.046875 1
vt 0.046875 0.984375
vt 0.125 0.890625
vt 0.125 1
vt 0.09375 1
vt 0.09375 0.890625
vt 0.125 0.890625
vt 0.125 1
vt 0.09375 1
vt 0.09375 0.890625
vt 0.109375 0.96875
vt 0.109375 1
vt 0.09375 1
vt 0.09375 0.96875
vt 0.125 0.96875
vt 0.125 1
vt 0.109375 1
vt 0.109375 0.96875
vt 0.109375 0.890625
vt 0.109375 1
vt 0.09375 1
vt 0.09375 0.890625
vt 0.125 0.890625
vt 0.125 1
vt 0.109375 1
vt 0.109375 0.890625
vt 0.125 0.890625
vt 0.125 1
vt 0.09375 1
vt 0.09375 0.890625
vt 0.125 0.890625
vt 0.125 1
vt 0.09375 1
vt 0.09375 0.890625
vt 0.109375 0.96875
vt 0.109375 1
vt 0.09375 1
vt 0.09375 0.96875
vt 0.125 0.96875
vt 0.125 1
vt 0.109375 1
vt 0.109375 0.96875
vt 0.109375 0.890625
vt 0.109375 1
vt 0.09375 1
vt 0.09375 0.890625
vt 0.125 0.890625
vt 0.125 1
vt 0.109375 1
vt 0.109375 0.890625
vt 0.01953125 0.96875
vt 0.01953125 0.984375
vt 0 0.984375
vt 0 0.96875
vt 0.03515625 0.96875
vt 0.03515625 0.984375
vt 0.015625 0.984375
vt 0.015625 0.96875
vt 0.078125 0.96484375
vt 0.078125 0.984375
vt 0 0.984375
vt 0 0.96484375
vt 0.078125 0.98046875
vt 0.078125 1
vt 0 1
vt 0 0.98046875
vt 0.078125 0.96875
vt 0.078125 0.984375
vt 0 0.984375
vt 0 0.96875
vt 0.078125 0.96875
vt 0.078125 0.984375
vt 0 0.984375
vt 0 0.96875
vt 0.015625 0.984375
vt 0.015625 1
vt 0 1
vt 0 0.984375
vt 0.03125 0.984375
vt 0.03125 1
vt 0.015625 1
vt 0.015625 0.984375
vt 0.046875 0.96875
vt 0.046875 0.984375
vt 0 0.984375
vt 0 0.96875
vt 0.046875 0.984375
vt 0.046875 1
vt 0 1
vt 0 0.984375
vt 0.046875 0.984375
vt 0.046875 1
vt 0 1
vt 0 0.984375
vt 0.046875 0.984375
vt 0.046875 1
vt 0 1
vt 0 0.984375
vt 0.046875 0.984375
vt 0.046875 1
vt 0.03125 1
vt 0.03125 0.984375
vt 0.03125 0.984375
vt 0.03125 1
vt 0.015625 1
vt 0.015625 0.984375
vt 0.09375 0.96875
vt 0.09375 0.984375
vt 0.046875 0.984375
vt 0.046875 0.96875
vt 0.09375 0.984375
vt 0.09375 1
vt 0.046875 1
vt 0.046875 0.984375
vt 0.09375 0.984375
vt 0.09375 1
vt 0.046875 1
vt 0.046875 0.984375
vt 0.09375 0.984375
vt 0.09375 1
vt 0.046875 1
vt 0.046875 0.984375
vt 0.125 0.890625
vt 0.125 1
vt 0.09375 1
vt 0.09375 0.890625
vt 0.125 0.890625
vt 0.125 1
vt 0.09375 1
vt 0.09375 0.890625
vt 0.109375 0.96875
vt 0.109375 1
vt 0.09375 1
vt 0.09375 0.96875
vt 0.125 0.96875
vt 0.125 1
vt 0.109375 1
vt 0.109375 0.96875
vt 0.109375 0.890625
vt 0.109375 1
vt 0.09375 1
vt 0.09375 0.890625
vt 0.125 0.890625
vt 0.125 1
vt 0.109375 1
vt 0.109375 0.890625
vt 0.125 0.890625
vt 0.125 1
vt 0.09375 1
vt 0.09375 0.890625
vt 0.125 0.890625
vt 0.125 1
vt 0.09375 1
vt 0.09375 0.890625
vt 0.109375 0.96875
vt 0.109375 1
vt 0.09375 1
vt 0.09375 0.96875
vt 0.125 0.96875
vt 0.125 1
vt 0.109375 1
vt 0.109375 0.96875
vt 0.109375 0.890625
vt 0.109375 1
vt 0.09375 1
vt 0.09375 0.890625
vt 0.125 0.890625
vt 0.125 1
vt 0.109375 1
vt 0.109375 0.890625
vt 0.01953125 0.96875
vt 0.01953125 0.984375
vt 0 0.984375
vt 0 0.96875
vt 0.03515625 0.96875
vt 0.03515625 0.984375
vt 0.015625 0.984375
vt 0.015625 0.96875
vt 0.078125 0.96484375
vt 0.078125 0.984375
vt 0 0.984375
vt 0 0.96484375
vt 0.078125 0.98046875
vt 0.078125 1
vt 0 1
vt 0 0.98046875
vt 0.078125 0.96875
vt 0.078125 0.984375
vt 0 0.984375
vt 0 0.96875
vt 0.078125 0.96875
vt 0.078125 0.984375
vt 0 0.984375
vt 0 0.96875
vt 0.015625 0.984375
vt 0.015625 1
vt 0 1
vt 0 0.984375
vt 0.03125 0.984375
vt 0.03125 1
vt 0.015625 1
vt 0.015625 0.984375
vt 0.046875 0.96875
vt 0.046875 0.984375
vt 0 0.984375
vt 0 0.96875
vt 0.046875 0.984375
vt 0.046875 1
vt 0 1
vt 0 0.984375
vt 0.046875 0.984375
vt 0.046875 1
vt 0 1
vt 0 0.984375
vt 0.046875 0.984375
vt 0.046875 1
vt 0 1
vt 0 0.984375
vt 0.046875 0.984375
vt 0.046875 1
vt 0.03125 1
vt 0.03125 0.984375
vt 0.03125 0.984375
vt 0.03125 1
vt 0.015625 1
vt 0.015625 0.984375
vt 0.09375 0.96875
vt 0.09375 0.984375
vt 0.046875 0.984375
vt 0.046875 0.96875
vt 0.09375 0.984375
vt 0.09375 1
vt 0.046875 1
vt 0.046875 0.984375
vt 0.09375 0.984375
vt 0.09375 1
vt 0.046875 1
vt 0.046875 0.984375
vt 0.09375 0.984375
vt 0.09375 1
vt 0.046875 1
vt 0.046875 0.984375
vt 0.125 0.890625
vt 0.125 1
vt 0.09375 1
vt 0.09375 0.890625
vt 0.125 0.890625
vt 0.125 1
vt 0.09375 1
vt 0.09375 0.890625
vt 0.109375 0.96875
vt 0.109375 1
vt 0.09375 1
vt 0.09375 0.96875
vt 0.125 0.96875
vt 0.125 1
vt 0.109375 1
vt 0.109375 0.96875
vt 0.109375 0.890625
vt 0.109375 1
vt 0.09375 1
vt 0.09375 0.890625
vt 0.125 0.890625
vt 0.125 1
vt 0.109375 1
vt 0.109375 0.890625
vt 0.125 0.890625
vt 0.125 1
vt 0.09375 1
vt 0.09375 0.890625
vt 0.125 0.890625
vt 0.125 1
vt 0.09375 1
vt 0.09375 0.890625
vt 0.109375 0.96875
vt 0.109375 1
vt 0.09375 1
vt 0.09375 0.96875
vt 0.125 0.96875
vt 0.125 1
vt 0.109375 1
vt 0.109375 0.96875
vt 0.109375 0.890625
vt 0.109375 1
vt 0.09375 1
vt 0.09375 0.890625
vt 0.125 0.890625
vt 0.125 1
vt 0.109375 1
vt 0.109375 0.890625
vt 0.01953125 0.96875
vt 0.01953125 0.984375
vt 0 0.984375
vt 0 0.96875
vt 0.03515625 0.96875
vt 0.03515625 0.984375
vt 0.015625 0.984375
vt 0.015625 0.96875
vt 0.078125 0.96484375
vt 0.078125 0.984375
vt 0 0.984375
vt 0 0.96484375
vt 0.078125 0.98046875
vt 0.078125 1
vt 0 1
vt 0 0.98046875
vt 0.078125 0.96875
vt 0.078125 0.984375
vt 0 0.984375
vt 0 0.96875
vt 0.078125 0.96875
vt 0.078125 0.984375
vt 0 0.984375
vt 0 0.96875
vt 0.03125 0.9921875
vt 0.03125 1
vt 0 1
vt 0 0.9921875
vt 0.03125 0.9921875
vt 0.03125 1
vt 0 1
vt 0 0.9921875
vt 0.09375 0.96875
vt 0.09375 1
vt 0 1
vt 0 0.96875
vt 0.09375 0.96875
vt 0.09375 1
vt 0 1
vt 0 0.96875
vt 0.09375 0.9921875
vt 0.09375 1
vt 0 1
vt 0 0.9921875
vt 0.09375 0.9921875
vt 0.09375 1
vt 0 1
vt 0 0.9921875
vt 0.03125 0.9921875
vt 0.03125 1
vt 0 1
vt 0 0.9921875
vt 0.03125 0.9921875
vt 0.03125 1
vt 0 1
vt 0 0.9921875
vt 0.09375 0.96875
vt 0.09375 1
vt 0 1
vt 0 0.96875
vt 0.09375 0.96875
vt 0.09375 1
vt 0 1
vt 0 0.96875
vt 0.09375 0.9921875
vt 0.09375 1
vt 0 1
vt 0 0.9921875
vt 0.09375 0.9921875
vt 0.09375 1
vt 0 1
vt 0 0.9921875
vt 0.03125 0.953125
vt 0.03125 0.9921875
vt 0 0.9921875
vt 0 0.953125
vt 0.03125 0.953125
vt 0.03125 0.9921875
vt 0 0.9921875
vt 0 0.953125
vt 0.0703125 0.96875
vt 0.0703125 1
vt 0.0234375 1
vt 0.0234375 0.96875
vt 0.0703125 0.96875
vt 0.0703125 1
vt 0.0234375 1
vt 0.0234375 0.96875
vt 0.0703125 0.953125
vt 0.0703125 0.9921875
vt 0.0234375 0.9921875
vt 0.0234375 0.953125
vt 0.0703125 0.953125
vt 0.0703125 0.9921875
vt 0.0234375 0.9921875
vt 0.0234375 0.953125
vt 0.02734375 0.9921875
vt 0.02734375 1
vt 0.00390625 1
vt 0.00390625 0.9921875
vt 0.02734375 0.9921875
vt 0.02734375 1
vt 0.00390625 1
vt 0.00390625 0.9921875
vt 0.0859375 0.97265625
vt 0.0859375 0.99609375
vt 0.0078125 0.99609375
vt 0.0078125 0.97265625
vt 0.0859375 0.97265625
vt 0.0859375 0.99609375
vt 0.0078125 0.99609375
vt 0.0078125 0.97265625
vt 0.0859375 0.9921875
vt 0.0859375 1
vt 0.0078125 1
vt 0.0078125 0.9921875
vt 0.0859375 0.9921875
vt 0.0859375 1
vt 0.0078125 1
vt 0.0078125 0.9921875
vt 0.15625 0.859375
vt 0.15625 0.90625
vt 0.125 0.90625
vt 0.125 0.859375
vt 0.15625 0.859375
vt 0.15625 0.90625
vt 0.125 0.90625
vt 0.125 0.859375
vt 0.15625 0.875
vt 0.15625 0.90625
vt 0.125 0.90625
vt 0.125 0.875
vt 0.15625 0.875
vt 0.15625 0.90625
vt 0.125 0.90625
vt 0.125 0.875
vt 0.15625 0.859375
vt 0.15625 0.90625
vt 0.125 0.90625
vt 0.125 0.859375
vt 0.15625 0.859375
vt 0.15625 0.90625
vt 0.125 0.90625
vt 0.125 0.859375
vt 0.15625 0.96875
vt 0.15625 1
vt 0.0546875 1
vt 0.0546875 0.96875
vt 0.1015625 0.96875
vt 0.1015625 1
vt 0 1
vt 0 0.96875
vt 0.028125 0.8984375
vt 0.028125 1
vt 0 1
vt 0 0.8984375
vt 0.028125 0.84375
vt 0.028125 0.9453125
vt 0 0.9453125
vt 0 0.84375
vt 0.028125 0.96875
vt 0.028125 1
vt 0 1
vt 0 0.96875
vt 0.03125 0.96875
vt 0.03125 1
vt 0.003125 1
vt 0.003125 0.96875
vt 0.15625 0.96875
vt 0.15625 1
vt 0.0625 1
vt 0.0625 0.96875
vt 0.09375 0.96875
vt 0.09375 1
vt 0 1
vt 0 0.96875
vt 0.03125 0.90625
vt 0.03125 1
vt 0 1
vt 0 0.90625
vt 0.03125 0.84375
vt 0.03125 0.9375
vt 0 0.9375
vt 0 0.84375
vt 0.03125 0.96875
vt 0.03125 1
vt 0 1
vt 0 0.96875
vt 0.03125 0.96875
vt 0.03125 1
vt 0 1
vt 0 0.96875
vt 0.0625 0.90625
vt 0.0625 0.984375
vt 0.046875 0.984375
vt 0.046875 0.90625
vt 0.109375 0.90625
vt 0.109375 0.984375
vt 0.09375 0.984375
vt 0.09375 0.90625
vt 0.09375 0.890625
vt 0.09375 0.90625
vt 0.03125 0.90625
vt 0.03125 0.890625
vt 0.09375 0.9375
vt 0.09375 0.953125
vt 0.03125 0.953125
vt 0.03125 0.9375
vt 0.09375 0.90625
vt 0.09375 0.984375
vt 0.03125 0.984375
vt 0.03125 0.90625
vt 0.09375 0.90625
vt 0.09375 0.984375
vt 0.03125 0.984375
vt 0.03125 0.90625
vt 0.5234375 0.359375
vt 0.5234375 0.421875
vt 0.515625 0.421875
vt 0.515625 0.359375
vt 0.53125 0.359375
vt 0.53125 0.421875
vt 0.5234375 0.421875
vt 0.5234375 0.359375
vt 0.6328125 0.359375
vt 0.6328125 0.3671875
vt 0.5234375 0.3671875
vt 0.5234375 0.359375
vt 0.6328125 0.3671875
vt 0.6328125 0.375
vt 0.5234375 0.375
vt 0.5234375 0.3671875
vt 0.96875 0.34375
vt 0.96875 0.46875
vt 0.75 0.46875
vt 0.75 0.34375
vt 0.703125 0.359375
vt 0.703125 0.484375
vt 0.546875 0.484375
vt 0.546875 0.359375
vn 0.7071067811865476 -0.7071067811865476 1.5700924586837752e-16
vn -0.7071067811865476 0.7071067811865476 -1.5700924586837752e-16
vn 0 -2.220446049250313e-16 -1
vn 0 2.220446049250313e-16 1
vn 1 0 0
vn -1 0 0
vn 0 -2.220446049250313e-16 -1
vn 0 2.220446049250313e-16 1
vn 0.7071067811865476 0.7071067811865476 -1.5700924586837752e-16
vn -0.7071067811865476 -0.7071067811865476 1.5700924586837752e-16
vn 0 -2.220446049250313e-16 -1
vn 0 2.220446049250313e-16 1
vn 0 1 -2.220446049250313e-16
vn 0 -1 2.220446049250313e-16
vn 0 -2.220446049250313e-16 -1
vn 0 2.220446049250313e-16 1
vn -0.7071067811865476 0.7071067811865476 -1.5700924586837752e-16
vn 0.7071067811865476 -0.7071067811865476 1.5700924586837752e-16
vn 0 -2.220446049250313e-16 -1
vn 0 2.220446049250313e-16 1
vn -1 0 0
vn 1 0 0
vn 0 -2.220446049250313e-16 -1
vn 0 2.220446049250313e-16 1
vn -0.7071067811865476 -0.7071067811865476 1.5700924586837752e-16
vn 0.7071067811865476 0.7071067811865476 -1.5700924586837752e-16
vn 0 -2.220446049250313e-16 -1
vn 0 2.220446049250313e-16 1
vn 0 -1 2.220446049250313e-16
vn 0 1 -2.220446049250313e-16
vn 0 -2.220446049250313e-16 -1
vn 0 2.220446049250313e-16 1
vn 0.7071067811865454 -0.7071067811865497 1.5700924586837799e-16
vn -0.7071067811865464 0.7071067811865488 -1.570092458683778e-16
vn 0 -2.220446049250313e-16 -1
vn 0 2.220446049250313e-16 1
vn 1 0 0
vn -1 0 0
vn 0 -2.220446049250313e-16 -1
vn 0 2.220446049250313e-16 1
vn 0.7071067811865466 0.7071067811865485 -1.5700924586837771e-16
vn -0.7071067811865495 -0.7071067811865457 1.570092458683771e-16
vn 0 -2.220446049250313e-16 -1
vn 0 2.220446049250313e-16 1
vn 0 1 -2.220446049250313e-16
vn 0 -1 2.220446049250313e-16
vn 0 -2.220446049250313e-16 -1
vn 0 2.220446049250313e-16 1
vn -0.7071067811865466 0.7071067811865485 -1.5700924586837771e-16
vn 0.7071067811865495 -0.7071067811865457 1.570092458683771e-16
vn 0 -2.220446049250313e-16 -1
vn 0 2.220446049250313e-16 1
vn -1 0 0
vn 1 0 0
vn 0 -2.220446049250313e-16 -1
vn 0 2.220446049250313e-16 1
vn -0.7071067811865454 -0.7071067811865497 1.5700924586837799e-16
vn 0.7071067811865464 0.7071067811865488 -5.1554669323846286e-15
vn 0 -2.220446049250313e-16 -1
vn 0 2.220446049250313e-16 1
vn 0 -1 2.220446049250313e-16
vn 0 1 -7.327471962526033e-15
vn 0 -2.220446049250313e-16 -1
vn 0 2.220446049250313e-16 1
vn 0.7071067811865479 -0.7071067811865472 1.5700924586837744e-16
vn -0.7071067811865464 0.7071067811865488 -1.570092458683778e-16
vn 0 -2.220446049250313e-16 -1
vn 0 2.220446049250313e-16 1
vn 1 0 0
vn -1 0 0
vn 0 -2.220446049250313e-16 -1
vn 0 2.220446049250313e-16 1
vn 0.7071067811865479 0.7071067811865472 -1.5700924586837744e-16
vn -0.7071067811865479 -0.7071067811865472 1.5700924586837744e-16
vn 0 -2.220446049250313e-16 -1
vn 0 2.220446049250313e-16 1
vn 0 1 -2.220446049250313e-16
vn 0 -1 2.220446049250313e-16
vn 0 -2.220446049250313e-16 -1
vn 0 2.220446049250313e-16 1
vn -0.7071067811865479 0.7071067811865472 -1.5700924586837744e-16
vn 0.7071067811865479 -0.7071067811865472 1.5700924586837744e-16
vn 0 -2.220446049250313e-16 -1
vn 0 2.220446049250313e-16 1
vn -1 0 0
vn 1 0 0
vn 0 -2.220446049250313e-16 -1
vn 0 2.220446049250313e-16 1
vn -0.7071067811865479 -0.7071067811865472 1.5700924586837744e-16
vn 0.7071067811865464 0.7071067811865488 -5.1554669323846286e-15
vn 0 -2.220446049250313e-16 -1
vn 0 2.220446049250313e-16 1
vn 0 -1 2.220446049250313e-16
vn 0 1 -7.327471962526033e-15
vn 0 -2.220446049250313e-16 -1
vn 0 2.220446049250313e-16 1
vn 2.537634140322584e-16 3.9059762686336204e-16 -1
vn 0.7071067811865479 -0.7071067811865472 1.5700924586837744e-16
vn -2.5376341403225846e-16 -3.9059762686336214e-16 1
vn 0 -2.220446049250313e-16 -1
vn 1 0 0
vn 0 2.220446049250313e-16 1
vn 0 -2.220446049250313e-16 -1
vn 0.7071067811865479 0.7071067811865472 -1.5700924586837744e-16
vn 0 2.220446049250313e-16 1
vn 0 -2.220446049250313e-16 -1
vn 0 1 -2.220446049250313e-16
vn 0 2.220446049250313e-16 1
vn 0 -2.220446049250313e-16 -1
vn -0.7071067811865479 0.7071067811865472 -1.5700924586837744e-16
vn 0 2.220446049250313e-16 1
vn 0 -2.220446049250313e-16 -1
vn -1 0 0
vn 0 2.220446049250313e-16 1
vn -2.5376341403225846e-16 3.9059762686336214e-16 -1
vn -0.7071067811865479 -0.7071067811865472 1.5700924586837744e-16
vn 2.537634140322584e-16 -3.9059762686336204e-16 1
vn 0 2.8548592061789737e-16 -1
vn 0 -1 2.220446049250313e-16
vn 0 -2.8548592061789737e-16 1
vn 0 -2.220446049250313e-16 -1
vn 0.7071067811865479 -0.7071067811865472 1.5700924586837744e-16
vn 0 2.220446049250313e-16 1
vn 2.5376526277146434e-16 3.9060209013761865e-16 -1
vn 1 0 0
vn -2.5376526277146434e-16 -3.9060209013761865e-16 1
vn 3.58878817756135e-16 1.368342128311034e-16 -1
vn 0.7071067811865479 0.7071067811865472 -1.5700924586837744e-16
vn -3.5887881775613494e-16 -1.368342128311033e-16 1
vn 0 2.8548592061789737e-16 -1
vn 0 1 -2.220446049250313e-16
vn 0 -2.8548592061789737e-16 1
vn -3.5887881775613494e-16 1.368342128311033e-16 -1
vn -0.7071067811865479 0.7071067811865472 -1.5700924586837744e-16
vn 3.58878817756135e-16 -1.368342128311034e-16 1
vn -2.5376526277146434e-16 3.9060209013761865e-16 -1
vn -1 0 0
vn 2.5376526277146434e-16 -3.9060209013761865e-16 1
vn 0 -2.220446049250313e-16 -1
vn -0.7071067811865479 -0.7071067811865472 1.5700924586837744e-16
vn 0 2.220446049250313e-16 1
vn 0 -2.220446049250313e-16 -1
vn 0 -1 2.220446049250313e-16
vn 0 2.220446049250313e-16 1
vn 0 -2.220446049250313e-16 -1
vn 0.7071067811865466 -0.7071067811865485 1.5700924586837771e-16
vn 0 2.220446049250313e-16 1
vn 0 -2.220446049250313e-16 -1
vn 1 0 0
vn 0 2.220446049250313e-16 1
vn -2.5376341403225994e-16 3.9059762686336273e-16 -1
vn 0.7071067811865466 0.7071067811865485 -1.5700924586837771e-16
vn 2.537634140322599e-16 -3.9059762686336264e-16 1
vn 0 2.8548592061789737e-16 -1
vn 0 1 -2.220446049250313e-16
vn 0 -2.8548592061789737e-16 1
vn 2.537634140322599e-16 3.9059762686336264e-16 -1
vn -0.7071067811865466 0.7071067811865485 -1.5700924586837771e-16
vn -2.5376341403225994e-16 -3.9059762686336273e-16 1
vn 0 -2.220446049250313e-16 -1
vn -1 0 0
vn 0 2.220446049250313e-16 1
vn 0 -2.220446049250313e-16 -1
vn -0.7071067811865466 -0.7071067811865485 1.5700924586837771e-16
vn 0 2.220446049250313e-16 1
vn 0 -2.220446049250313e-16 -1
vn 0 -1 2.220446049250313e-16
vn 0 2.220446049250313e-16 1
vn 0 1 2.5108120710753526e-15
vn 0 -1 -2.5108120710753506e-15
vn -1 3.9474596431116675e-16 9.911329322007579e-31
vn 1 -3.9474596431116675e-16 -9.911329322007579e-31
vn 0 2.4671622769447934e-17 1
vn 0 1.7270135938613544e-16 -1
vn 0.9807852804032304 -0.19509032201612841 4.331875347676837e-17
vn -0.9807852804032304 0.19509032201612841 -4.331875347676837e-17
vn 0.19509032201612803 0.9807852804032307 -2.177780801034214e-16
vn -0.19509032201612803 -0.9807852804032307 2.177780801034214e-16
vn 0 2.220446049250313e-16 1
vn 0 -2.220446049250313e-16 -1
vn 0.9238795325112871 -0.3826834323650893 8.497279155086119e-17
vn -0.9238795325112871 0.3826834323650893 -8.497279155086119e-17
vn 0.38268343236508967 0.923879532511287 -2.0514246579479133e-16
vn -0.38268343236508967 -0.923879532511287 2.0514246579479133e-16
vn 0 2.220446049250313e-16 1
vn 0 -2.220446049250313e-16 -1
vn 0.8314696123025453 -0.5555702330196024 1.233613728989452e-16
vn -0.8314696123025453 0.5555702330196024 -1.233613728989452e-16
vn 0.5555702330196016 0.8314696123025459 -1.8462334157088776e-16
vn -0.5555702330196016 -0.8314696123025459 1.8462334157088776e-16
vn 0 2.220446049250313e-16 1
vn 0 -2.220446049250313e-16 -1
vn 0.7071067811865476 -0.7071067811865476 1.5700924586837752e-16
vn -0.7071067811865469 0.7071067811865482 1.9246589253037945e-15
vn 0.7071067811865485 0.7071067811865467 -1.5700924586837732e-16
vn -0.7071067811865478 -0.7071067811865474 1.5700924586837747e-16
vn 0 2.220446049250313e-16 1
vn 0 -2.220446049250313e-16 -1
vn 0.5555702330196027 -0.8314696123025449 -2.267119171143e-15
vn -0.5555702330196038 0.8314696123025442 2.267119171142997e-15
vn 0.8314696123025463 0.5555702330196007 1.5214569324203205e-15
vn -0.8314696123025445 -0.5555702330196035 1.2336137289894544e-16
vn 0 2.220446049250313e-16 1
vn 0 -2.220446049250313e-16 -1
vn 0.38268343236509134 -0.9238795325112863 -2.524155803075386e-15
vn -0.3826834323650884 0.9238795325112874 2.5241558030753908e-15
vn 0.9238795325112867 0.3826834323650904 1.0479977624606249e-15
vn -0.9238795325112874 -0.3826834323650887 -1.0479977624606203e-15
vn 0 2.220446049250313e-16 1
vn 0 -2.220446049250313e-16 -1
vn 0.19509032201612808 -0.9807852804032305 -2.6734277131912604e-15
vn -0.19509032201612803 0.9807852804032307 2.696557359537615e-15
vn 0.9807852804032304 0.19509032201612875 5.342646262134778e-16
vn -0.9807852804032304 -0.19509032201612925 -5.342646262134791e-16
vn 1.7327501390707348e-16 -6.490677154886557e-16 1
vn 0 -2.220446049250313e-16 -1
vn 0.9807852804032304 0.19509032201612841 -4.331875347676837e-17
vn -0.9807852804032304 -0.19509032201612841 4.331875347676837e-17
vn -0.19509032201612803 0.9807852804032307 -2.177780801034214e-16
vn 0.19509032201612803 -0.9807852804032307 2.177780801034214e-16
vn 0 2.220446049250313e-16 1
vn 0 -2.220446049250313e-16 -1
vn 0.9238795325112871 0.3826834323650893 -8.497279155086119e-17
vn -0.9238795325112871 -0.3826834323650893 8.497279155086119e-17
vn -0.38268343236508967 0.923879532511287 -2.0514246579479133e-16
vn 0.38268343236508967 -0.923879532511287 2.0514246579479133e-16
vn 0 2.220446049250313e-16 1
vn 0 -2.220446049250313e-16 -1
vn 0.8314696123025453 0.5555702330196024 -1.233613728989452e-16
vn -0.8314696123025453 -0.5555702330196024 1.233613728989452e-16
vn -0.5555702330196016 0.8314696123025459 -1.8462334157088776e-16
vn 0.5555702330196016 -0.8314696123025459 1.8462334157088776e-16
vn 0 2.220446049250313e-16 1
vn 0 -2.220446049250313e-16 -1
vn 0.7071067811865487 0.7071067811865465 1.9246589253037893e-15
vn -0.7071067811865476 -0.7071067811865476 1.5700924586837752e-16
vn -0.7071067811865483 0.7071067811865467 1.9364473657099884e-15
vn 0.7071067811865478 -0.7071067811865474 1.5700924586837747e-16
vn 0 2.220446049250313e-16 1
vn 0 -2.220446049250313e-16 -1
vn 0.5555702330196038 0.8314696123025442 2.267119171142997e-15
vn -0.5555702330196004 -0.8314696123025466 -2.2671191711430044e-15
vn -0.8314696123025462 0.5555702330196007 1.5214569324203205e-15
vn 0.8314696123025445 -0.5555702330196034 -1.521456932420328e-15
vn 0 2.220446049250313e-16 1
vn 0 -2.220446049250313e-16 -1
vn 0.3826834323650884 0.9238795325112874 2.5241558030753908e-15
vn -0.38268343236509134 -0.9238795325112863 -2.524155803075386e-15
vn -0.9238795325112867 0.3826834323650904 1.0479977624606249e-15
vn 0.9238795325112873 -0.3826834323650886 -1.0479977624606201e-15
vn 0 2.220446049250313e-16 1
vn 0 -2.220446049250313e-16 -1
vn 0.19509032201612803 0.9807852804032307 2.6734277131912577e-15
vn -0.19509032201612808 -0.9807852804032305 -2.6965573595376177e-15
vn -0.9807852804032304 0.19509032201612878 5.342646262134775e-16
vn 0.9807852804032304 -0.1950903220161292 -5.342646262134786e-16
vn -1.7327501390707339e-16 -6.490677154886557e-16 1
vn 0 -2.220446049250313e-16 -1
vn 0 -1 -2.5108120710753506e-15
vn 0 1 2.5108120710753526e-15
vn 1 3.9474596431116675e-16 9.91132932200757e-31
vn -1 -1.973729821555834e-16 -4.955664661003786e-31
vn 0 2.467162276944791e-17 1
vn 0 1.7270135938613544e-16 -1
vn 1 0 0
vn -1 0 0
vn 0 1 -2.220446049250313e-16
vn 0 -1 2.220446049250313e-16
vn 0 2.220446049250313e-16 1
vn 0 -2.220446049250313e-16 -1
vn 1 0 0
vn -1 0 0
vn 0 1 3.3306690738754696e-15
vn 0 -1 2.220446049250313e-16
vn 0 2.220446049250313e-16 1
vn 0 -2.220446049250313e-16 -1
vn 1 0 0
vn -1 0 0
vn 0 1 3.3306690738754696e-15
vn 0 -1 -3.3306690738754696e-15
vn 0 2.220446049250313e-16 1
vn 0 -2.220446049250313e-16 -1
vn 1 0 0
vn -1 0 0
vn 0 1 3.3306690738754696e-15
vn 0 -1 -3.3306690738754696e-15
vn 0 -7.401486830834375e-17 1
vn 0 7.401486830834375e-17 -1
vn 1 0 0
vn -1 0 0
vn 0 1 -2.220446049250313e-16
vn 0 -1 2.220446049250313e-16
vn 0 -3.700743415417188e-16 1
vn 0 3.700743415417188e-16 -1
vn 1 0 0
vn -1 0 0
vn 0 1 5.258951169277059e-16
vn 0 -1 -5.258951169277059e-16
vn 0 2.220446049250313e-16 1
vn 0 -2.220446049250313e-16 -1
vn 0.9238795325112877 -0.38268343236508734 8.497279155086076e-17
vn -0.9238795325112877 0.38268343236508734 -8.497279155086076e-17
vn 0.38268343236508917 0.923879532511287 -2.0514246579479133e-16
vn -0.38268343236508917 -0.923879532511287 2.0514246579479133e-16
vn 0 2.220446049250313e-16 1
vn 0 -2.220446049250313e-16 -1
vn 0.7071067811865467 -0.7071067811865485 -4.307558848155293e-16
vn -0.7071067811865469 0.7071067811865481 4.3728660848979514e-16
vn 0.7071067811865472 0.7071067811865478 4.3408438563610277e-16
vn -0.7071067811865476 -0.7071067811865476 -4.3408438563610267e-16
vn 0 2.220446049250313e-16 1
vn 0 -2.220446049250313e-16 -1
vn 0.3826834323650853 -0.9238795325112888 -6.756344670745011e-16
vn -0.38268343236509106 0.9238795325112862 6.682329802436648e-16
vn 0.9238795325112872 0.38268343236508917 2.7757778573281305e-16
vn -0.9238795325112864 -0.38268343236509106 -2.7757778573281443e-16
vn 0 2.220446049250313e-16 1
vn -9.06376443209189e-16 1.966141696886071e-15 -1
vn 0 1 9.621932880084687e-16
vn 0 -1 -9.621932880084687e-16
vn -1 2.220446049250313e-16 2.136498284973573e-31
vn 1 0 0
vn 0 2.220446049250313e-16 1
vn 0 -2.220446049250313e-16 -1
vn 0 1 1.1990408665951687e-15
vn 0 -1 -1.1990408665951686e-15
vn -1 4.440892098500626e-16 5.324811110241827e-31
vn 1 0 0
vn 0 2.220446049250313e-16 1
vn 0 -2.220446049250313e-16 -1
vn 0.9238795325112868 0.3826834323650899 -8.497279155086132e-17
vn -0.9238795325112877 -0.38268343236508734 8.497279155086076e-17
vn -0.38268343236508917 0.923879532511287 -2.0514246579479133e-16
vn 0.38268343236508917 -0.923879532511287 -5.671585819032468e-16
vn 0 2.220446049250313e-16 1
vn 0 -2.220446049250313e-16 -1
vn 0 -1 -1.1990408665951686e-15
vn 0 1 1.1990408665951687e-15
vn 1 4.440892098500626e-16 5.324811110241827e-31
vn -1 0 0
vn 0 2.220446049250313e-16 1
vn 0 -2.220446049250313e-16 -1
vn 0 -1 -8.710980654751225e-16
vn 0 1 8.710980654751225e-16
vn 1 2.220446049250313e-16 1.9342262579938263e-31
vn -1 0 0
vn 0 2.220446049250313e-16 1
vn 0 -2.220446049250313e-16 -1
vn 0.38268343236509106 0.9238795325112862 6.682329802436648e-16
vn -0.3826834323650853 -0.9238795325112888 -6.682329802436667e-16
vn -0.9238795325112871 0.382683432365089 2.7757778573281315e-16
vn 0.9238795325112863 -0.38268343236509095 -2.7757778573281453e-16
vn 0 2.220446049250313e-16 1
vn 9.06376443209175e-16 1.9661416968860766e-15 -1
vn 0.7071067811865469 0.7071067811865481 4.3075588481552954e-16
vn -0.7071067811865467 -0.7071067811865485 -4.372866084897949e-16
vn -0.7071067811865472 0.7071067811865478 4.3408438563610277e-16
vn 0.7071067811865476 -0.7071067811865476 -4.3408438563610267e-16
vn 0 2.220446049250313e-16 1
vn 0 -2.220446049250313e-16 -1
vn 0 -1 -2.5108120710753546e-15
vn -7.105427357601002e-15 1 -2.220446049250313e-16
vn 1 2.5376526277146434e-16 6.371568849862019e-31
vn -1 -2.5376526277146463e-16 -6.3715688498620264e-31
vn 0 -3.1720657846432783e-17 1
vn 0 -2.220446049250313e-16 -1
vn 0.9807852804032303 0.19509032201612944 -4.33187534767686e-17
vn -0.9807852804032307 -0.1950903220161281 4.3318753476768303e-17
vn -0.195090322016128 0.9807852804032305 -2.1777808010342138e-16
vn 0.19509032201613488 -0.9807852804032293 2.177780801034211e-16
vn 0 2.220446049250313e-16 1
vn 0 -2.220446049250313e-16 -1
vn 0.9238795325112868 0.38268343236508995 -8.497279155086134e-17
vn -0.9238795325112868 -0.38268343236508995 8.497279155086134e-17
vn -0.3826834323650911 0.9238795325112862 -2.0514246579479116e-16
vn 0.3826834323650911 -0.9238795325112862 2.0514246579479116e-16
vn 0 2.220446049250313e-16 1
vn 0 -2.220446049250313e-16 -1
vn 0.8314696123025462 0.5555702330196007 -1.2336137289894483e-16
vn -0.8314696123025441 -0.5555702330196041 1.2336137289894557e-16
vn -0.5555702330196064 0.8314696123025425 -1.84623341570887e-16
vn 0.5555702330196016 -0.8314696123025459 1.8462334157088776e-16
vn 0 2.220446049250313e-16 1
vn 0 -2.220446049250313e-16 -1
vn 0.7071067811865467 0.7071067811865485 -1.5700924586837771e-16
vn -0.7071067811865469 -0.7071067811865482 1.5700924586837766e-16
vn -0.7071067811865469 0.7071067811865482 -1.5700924586837766e-16
vn 0.7071067811865467 -0.7071067811865485 1.5700924586837771e-16
vn 0 2.220446049250313e-16 1
vn -1.2560739669470201e-15 1.0340293620219912e-15 -1
vn 0.5555702330196016 0.8314696123025459 -1.8462334157088776e-16
vn -0.5555702330196014 -0.831469612302546 1.8462334157088778e-16
vn -0.831469612302544 0.5555702330196044 -1.2336137289894564e-16
vn 0.8314696123025441 -0.5555702330196041 1.2336137289894557e-16
vn 0 2.220446049250313e-16 1
vn 9.868909831915628e-16 1.254942127642075e-15 -1
vn 0.38268343236508523 0.9238795325112886 -2.051424657947917e-16
vn -0.3826834323650914 -0.9238795325112861 2.0514246579479113e-16
vn -0.9238795325112868 0.38268343236508995 -8.497279155086134e-17
vn 0.9238795325112876 -0.3826834323650878 8.497279155086086e-17
vn 0 2.220446049250313e-16 1
vn 0 -2.220446049250313e-16 -1
vn 0.1950903220161281 0.9807852804032307 -2.177780801034214e-16
vn -0.19509032201612803 -0.9807852804032307 2.177780801034214e-16
vn -0.9807852804032304 0.1950903220161285 -4.331875347676839e-17
vn 0.9807852804032307 -0.1950903220161281 4.3318753476768303e-17
vn -1.7327501390707287e-16 -6.490677154886525e-16 1
vn 0 -2.220446049250313e-16 -1
vn 0.9807852804032307 -0.1950903220161281 4.3318753476768303e-17
vn -0.9807852804032303 0.19509032201612944 -4.33187534767686e-17
vn 0.195090322016128 0.9807852804032305 -2.1777808010342138e-16
vn -0.19509032201613488 -0.9807852804032293 2.177780801034211e-16
vn 0 2.220446049250313e-16 1
vn 0 -2.220446049250313e-16 -1
vn 0.9238795325112868 -0.38268343236508995 8.497279155086134e-17
vn -0.9238795325112868 0.38268343236508995 -8.497279155086134e-17
vn 0.3826834323650911 0.9238795325112862 -2.0514246579479116e-16
vn -0.3826834323650911 -0.9238795325112862 2.0514246579479116e-16
vn 0 2.220446049250313e-16 1
vn 0 -2.220446049250313e-16 -1
vn 0.8314696123025441 -0.5555702330196041 1.2336137289894557e-16
vn -0.8314696123025462 0.5555702330196007 -1.2336137289894483e-16
vn 0.5555702330196064 0.8314696123025425 -1.84623341570887e-16
vn -0.5555702330196016 -0.8314696123025459 1.8462334157088776e-16
vn 0 2.220446049250313e-16 1
vn 0 -2.220446049250313e-16 -1
vn 0.7071067811865468 -0.7071067811865482 1.5700924586837766e-16
vn -0.7071067811865467 0.7071067811865485 -1.5700924586837771e-16
vn 0.7071067811865469 0.7071067811865482 -1.5700924586837766e-16
vn -0.7071067811865467 -0.7071067811865483 1.570092458683777e-16
vn 0 2.220446049250313e-16 1
vn 0 -2.220446049250313e-16 -1
vn 0.5555702330196014 -0.831469612302546 1.8462334157088778e-16
vn -0.5555702330196016 0.8314696123025459 -1.8462334157088776e-16
vn 0.831469612302544 0.5555702330196044 -1.2336137289894564e-16
vn -0.8314696123025441 -0.5555702330196041 1.2336137289894557e-16
vn 0 2.220446049250313e-16 1
vn 4.90095749375536e-16 2.24183311083364e-15 -1
vn 0.3826834323650914 -0.9238795325112861 2.0514246579479113e-16
vn -0.38268343236508523 0.9238795325112886 -2.051424657947917e-16
vn 0.9238795325112868 0.38268343236508995 -8.497279155086134e-17
vn -0.9238795325112876 -0.3826834323650878 8.497279155086086e-17
vn 0 2.220446049250313e-16 1
vn 0 -2.220446049250313e-16 -1
vn 0.19509032201612803 -0.9807852804032307 2.177780801034214e-16
vn -0.1950903220161281 0.9807852804032307 -2.177780801034214e-16
vn 0.9807852804032304 0.1950903220161285 -4.331875347676839e-17
vn -0.9807852804032307 -0.1950903220161281 4.3318753476768303e-17
vn 1.732750139070728e-16 -6.490677154886525e-16 1
vn 0 -2.220446049250313e-16 -1
vn 7.105427357601002e-15 1 -2.220446049250313e-16
vn 0 -1 -2.5108120710753546e-15
vn -1 2.5376526277146434e-16 -5.634720751578655e-32
vn 1 -2.537652627714646e-16 5.634720751578661e-32
vn -1.803110640505168e-30 -3.1720657846432783e-17 1
vn 0 -2.220446049250313e-16 -1
vn 1 0 0
vn -1 0 0
vn 0 1 -2.220446049250313e-16
vn 0 -1 2.220446049250313e-16
vn 0 -6.661338147750939e-16 1
vn 0 -2.220446049250313e-16 -1
vn 1 0 0
vn -1 0 0
vn 0 1 -2.220446049250313e-16
vn 0 -1 2.220446049250313e-16
vn 0 2.220446049250313e-16 1
vn 0 -2.220446049250313e-16 -1
vn 1 0 0
vn -1 0 0
vn 0 1 -2.220446049250313e-16
vn 0 -1 2.220446049250313e-16
vn 0 2.220446049250313e-16 1
vn 0 -2.220446049250313e-16 -1
vn 0.9238795325112857 -0.38268343236509245 8.497279155086189e-17
vn -0.9238795325112857 0.38268343236509245 -8.497279155086189e-17
vn 0.38268343236508917 0.9238795325112871 -2.0514246579479136e-16
vn -0.38268343236508917 -0.9238795325112871 2.0514246579479136e-16
vn 0 2.220446049250313e-16 1
vn 0 -2.220446049250313e-16 -1
vn 0.7071067811865431 -0.707106781186552 1.570092458683785e-16
vn -0.7071067811865434 0.7071067811865518 -1.5700924586837845e-16
vn 0.7071067811865472 0.7071067811865478 -1.5700924586837757e-16
vn -0.7071067811865476 -0.7071067811865476 1.5700924586837752e-16
vn 0 2.220446049250313e-16 1
vn 0 -2.220446049250313e-16 -1
vn 0.3826834323650973 -0.9238795325112836 2.051424657947906e-16
vn -0.3826834323650852 0.9238795325112888 -2.0514246579479175e-16
vn 0.9238795325112856 0.38268343236509245 -8.497279155086189e-17
vn -0.923879532511287 -0.3826834323650893 8.497279155086119e-17
vn 4.531882216046058e-16 -8.720485459805264e-16 1
vn 0 -2.220446049250313e-16 -1
vn 0 1 -2.220446049250313e-16
vn 0 -1 2.220446049250313e-16
vn -1 2.220446049250313e-16 -4.930380657631324e-32
vn 1 0 0
vn 0 2.220446049250313e-16 1
vn 0 -2.220446049250313e-16 -1
vn 0 1 -2.220446049250313e-16
vn 0 -1 2.220446049250313e-16
vn -1 4.440892098500626e-16 -9.860761315262648e-32
vn 1 0 0
vn 0 2.220446049250313e-16 1
vn 0 -2.220446049250313e-16 -1
vn 0.9238795325112857 0.38268343236509245 -8.497279155086189e-17
vn -0.9238795325112857 -0.38268343236509245 8.497279155086189e-17
vn -0.38268343236508917 0.9238795325112871 -2.0514246579479136e-16
vn 0.38268343236508917 -0.9238795325112871 2.0514246579479136e-16
vn 0 2.220446049250313e-16 1
vn 0 -2.220446049250313e-16 -1
vn 0 -1 2.220446049250313e-16
vn 0 1 -2.220446049250313e-16
vn 1 4.440892098500626e-16 -9.860761315262648e-32
vn -1 0 0
vn 0 2.220446049250313e-16 1
vn 0 -2.220446049250313e-16 -1
vn 0 -1 2.220446049250313e-16
vn 0 1 -2.220446049250313e-16
vn 1 2.220446049250313e-16 -4.930380657631324e-32
vn -1 0 0
vn 0 2.220446049250313e-16 1
vn 0 -2.220446049250313e-16 -1
vn 0.3826834323650852 0.9238795325112888 -2.0514246579479175e-16
vn -0.3826834323650973 -0.9238795325112836 2.051424657947906e-16
vn -0.9238795325112857 0.38268343236509245 -8.497279155086189e-17
vn 0.923879532511287 -0.3826834323650893 8.497279155086119e-17
vn -4.531882216045913e-16 -8.720485459805325e-16 1
vn 0 -2.220446049250313e-16 -1
vn 0.7071067811865434 0.7071067811865518 -1.5700924586837845e-16
vn -0.7071067811865431 -0.707106781186552 1.570092458683785e-16
vn -0.7071067811865472 0.7071067811865478 -1.5700924586837757e-16
vn 0.7071067811865476 -0.7071067811865476 1.5700924586837752e-16
vn 0 2.220446049250313e-16 1
vn 0 -2.220446049250313e-16 -1
vn 1 0 0
vn -1 0 0
vn 0 1 -2.220446049250313e-16
vn 0 -1 -3.3306690738754696e-15
vn 0 4.440892098500625e-17 1
vn 0 -2.220446049250313e-16 -1
vn 1 0 0
vn -1 0 0
vn 0 1 -2.220446049250313e-16
vn 0 -1 2.220446049250313e-16
vn 0 2.220446049250313e-16 1
vn 0 -2.220446049250313e-16 -1
vn 1 0 0
vn -1 0 0
vn 0 1 -2.220446049250313e-16
vn 0 -1 2.220446049250313e-16
vn 0 2.220446049250313e-16 1
vn 0 1.5543122344752192e-15 -1
vn 1 0 0
vn -1 0 0
vn 0 1 3.3306690738754696e-15
vn 0 -1 -3.3306690738754696e-15
vn 0 -3.172065784643303e-17 1
vn 0 3.172065784643303e-17 -1
vn 1 0 0
vn -1 0 0
vn 0 1 -2.220446049250313e-16
vn 0 -1 2.220446049250313e-16
vn 0 2.220446049250313e-16 1
vn 0 -2.220446049250313e-16 -1
vn 1 0 0
vn -1 0 0
vn 0 1 5.258951169277059e-16
vn 0 -1 -5.258951169277056e-16
vn 0 2.220446049250313e-16 1
vn 0 3.3306690738754696e-15 -1
vn 0.9238795325112877 -0.3826834323650874 8.497279155086077e-17
vn -0.9238795325112877 0.38268343236508734 -8.497279155086076e-17
vn 0.38268343236508917 0.9238795325112871 -2.0514246579479136e-16
vn -0.38268343236508917 -0.9238795325112871 2.0514246579479136e-16
vn 0 2.220446049250313e-16 1
vn -8.286216369973282e-16 3.9666112910008205e-15 -1
vn 0.7071067811865467 -0.7071067811865485 -4.307558848155291e-16
vn -0.7071067811865468 0.7071067811865482 4.372866084897948e-16
vn 0.7071067811865472 0.7071067811865478 4.3408438563610257e-16
vn -0.7071067811865476 -0.7071067811865476 -4.3408438563610237e-16
vn 0 2.220446049250313e-16 1
vn 0 -2.220446049250313e-16 -1
vn 0.3826834323650853 -0.9238795325112888 -6.756344670745011e-16
vn -0.3826834323650911 0.9238795325112862 6.682329802436644e-16
vn 0.9238795325112872 0.38268343236508917 2.7757778573281305e-16
vn -0.9238795325112864 -0.38268343236509106 -2.7757778573281443e-16
vn 0 2.220446049250313e-16 1
vn 0 -2.220446049250313e-16 -1
vn 0 1 9.621932880084687e-16
vn 0 -1 -9.62193288008469e-16
vn -1 2.220446049250313e-16 2.136498284973573e-31
vn 1 0 0
vn 0 -6.661338147750939e-16 1
vn 0 -2.220446049250313e-16 -1
vn 0 1 1.199040866595169e-15
vn 0 -1 -1.1990408665951691e-15
vn -1 4.440892098500626e-16 5.32481111024183e-31
vn 1 0 0
vn 0 2.220446049250313e-16 1
vn 0 -2.220446049250313e-16 -1
vn 0.9238795325112868 0.38268343236509 -8.497279155086135e-17
vn -0.9238795325112877 -0.3826834323650874 8.497279155086077e-17
vn -0.38268343236508917 0.923879532511287 -2.0514246579479133e-16
vn 0.38268343236508917 -0.9238795325112871 -5.671585819032464e-16
vn 0 2.220446049250313e-16 1
vn 2.1881863018111103e-15 6.843318382841505e-16 -1
vn 0 -1 -1.1990408665951691e-15
vn 0 1 1.199040866595169e-15
vn 1 4.440892098500626e-16 5.32481111024183e-31
vn -1 0 0
vn 0 2.220446049250313e-16 1
vn 0 -2.220446049250313e-16 -1
vn 0 -1 -8.710980654751229e-16
vn 0 1 8.710980654751225e-16
vn 1 2.220446049250313e-16 1.9342262579938272e-31
vn -1 0 0
vn 0 -6.661338147750939e-16 1
vn 0 -2.220446049250313e-16 -1
vn 0.3826834323650911 0.9238795325112862 6.682329802436644e-16
vn -0.3826834323650853 -0.9238795325112888 -6.682329802436667e-16
vn -0.9238795325112872 0.38268343236508917 2.7757778573281305e-16
vn 0.9238795325112864 -0.38268343236509106 -2.7757778573281443e-16
vn 0 2.220446049250313e-16 1
vn 0 -2.220446049250313e-16 -1
vn 0.7071067811865468 0.7071067811865482 4.307558848155292e-16
vn -0.7071067811865467 -0.7071067811865485 -4.372866084897947e-16
vn -0.7071067811865472 0.7071067811865478 4.3408438563610257e-16
vn 0.7071067811865476 -0.7071067811865476 -4.3408438563610237e-16
vn 0 2.220446049250313e-16 1
vn 0 -2.220446049250313e-16 -1
vn 1 0 0
vn -1 0 0
vn 0 1 2.5108120710753526e-15
vn 0 -1 -2.5108120710753526e-15
vn 0 -3.172065784643303e-17 1
vn 0 3.172065784643303e-17 -1
vn 1 0 0
vn -1 0 0
vn 0 1 2.5108120710753526e-15
vn 0 -1 -2.5108120710753526e-15
vn 0 -3.172065784643303e-17 1
vn 0 3.172065784643303e-17 -1
vn 0.9238795325112871 -8.497279155086119e-17 -0.3826834323650893
vn -0.923879532511287 8.497279155086126e-17 0.3826834323650896
vn 2.6547151390822615e-16 1 3.513423069396219e-15
vn -1.3595646648137788e-15 -1 -3.060234847791626e-15
vn 0.3826834323650896 2.051424657947913e-16 0.9238795325112868
vn -0.38268343236508995 -2.051424657947913e-16 -0.9238795325112868
vn 0.923879532511287 8.497279155086126e-17 0.3826834323650896
vn -0.9238795325112871 -8.497279155086119e-17 -0.3826834323650893
vn 1.0940931509055534e-15 1 2.3114361667956196e-16
vn 0 -1 2.220446049250313e-16
vn -0.3826834323650896 2.051424657947913e-16 0.9238795325112868
vn 0.38268343236508995 -2.051424657947913e-16 -0.9238795325112868
vn 1 0 0
vn -1 0 0
vn 0 1 -2.220446049250313e-16
vn 0 -1 2.220446049250313e-16
vn 0 -3.172065784643313e-17 1
vn 0 3.172065784643313e-17 -1
vn 1 0 0
vn -1 0 0
vn 0 1 -2.220446049250313e-16
vn 0 -1 2.220446049250313e-16
vn 0 -3.172065784643313e-17 1
vn 0 3.172065784643313e-17 -1
vn 1 0 0
vn -1 0 0
vn 0 1 -2.220446049250313e-16
vn 0 -1 2.220446049250313e-16
vn 0 -6.661338147750939e-16 1
vn 0 6.661338147750939e-16 -1
vn 0.9238795325112871 -8.497279155086119e-17 -0.3826834323650893
vn -0.923879532511287 -2.549183746525838e-16 0.3826834323650896
vn 2.6547151390822615e-16 1 3.513423069396219e-15
vn -1.35956466481378e-15 -1 -3.060234847791629e-15
vn 0.3826834323650896 -6.154273973843739e-16 0.9238795325112868
vn -0.38268343236508995 6.154273973843739e-16 -0.9238795325112868
vn 0.923879532511287 -2.549183746525838e-16 0.3826834323650896
vn -0.9238795325112871 2.549183746525836e-16 -0.3826834323650893
vn 1.0940931509055534e-15 1 2.3114361667956196e-16
vn 0 -1 2.220446049250313e-16
vn -0.3826834323650896 -6.154273973843739e-16 0.9238795325112868
vn 0.38268343236508995 -2.051424657947913e-16 -0.9238795325112868
vn 1 0 0
vn -1 0 0
vn 0 1 -2.220446049250313e-16
vn 0 -1 2.220446049250313e-16
vn 0 9.516197353929914e-17 1
vn 0 -9.516197353929914e-17 -1
vn 1 0 0
vn -1 0 0
vn 0 1 -2.220446049250313e-16
vn 0 -1 2.220446049250313e-16
vn 0 9.516197353929914e-17 1
vn 0 -9.516197353929914e-17 -1
vn 1 0 0
vn -1 0 0
vn 0 1 -2.220446049250313e-16
vn 0 -1 2.220446049250313e-16
vn 0 2.220446049250313e-16 1
vn 0 -2.220446049250313e-16 -1
vn 0.923879532511287 -8.497279155086126e-17 -0.3826834323650896
vn -0.923879532511287 8.497279155086126e-17 0.3826834323650896
vn 0 1 -2.220446049250313e-16
vn 0 -1 2.220446049250313e-16
vn 0.3826834323650896 2.051424657947913e-16 0.9238795325112868
vn -0.3826834323650896 -2.051424657947913e-16 -0.9238795325112868
vn 0.923879532511287 8.497279155086126e-17 0.3826834323650896
vn -0.923879532511287 -8.497279155086126e-17 -0.3826834323650896
vn 0 1 -2.220446049250313e-16
vn 0 -1 2.220446049250313e-16
vn -0.3826834323650896 2.051424657947913e-16 0.9238795325112868
vn 0.3826834323650896 -2.051424657947913e-16 -0.9238795325112868
vn 1 0 0
vn -1 0 0
vn 0 1 -2.220446049250313e-16
vn 0 -1 2.220446049250313e-16
vn 0 -3.172065784643303e-17 1
vn 0 3.172065784643303e-17 -1
vn 1 0 0
vn -1 0 0
vn 0 1 -2.220446049250313e-16
vn 0 -1 2.220446049250313e-16
vn 0 -3.172065784643303e-17 1
vn 0 3.172065784643303e-17 -1
vn 1 0 0
vn -1 0 0
vn 0 1 -2.220446049250313e-16
vn 0 -1 2.220446049250313e-16
vn 0 2.220446049250313e-16 1
vn 0 -2.220446049250313e-16 -1
vn 1 0 0
vn -1 0 0
vn 0 1 -2.220446049250313e-16
vn 0 -1 2.220446049250313e-16
vn 0 2.220446049250313e-16 1
vn 0 -2.220446049250313e-16 -1
vn 1 0 0
vn -1 0 0
vn 0 1 -2.220446049250313e-16
vn 0 -1 2.220446049250313e-16
vn 0 -1.5543122344752192e-15 1
vn 0 1.5543122344752192e-15 -1
vn 1 0 0
vn -1 0 0
vn 0 1 -2.220446049250313e-16
vn 0 -1 2.220446049250313e-16
vn 0 2.220446049250313e-16 1
vn 0 -2.220446049250313e-16 -1
vn 1 0 0
vn -1 0 0
vn 0 1 -2.220446049250313e-16
vn 0 -1 2.220446049250313e-16
vn 0 2.220446049250313e-16 1
vn 0 -2.220446049250313e-16 -1
vn 1 0 0
vn -1 0 0
vn 0 1 -2.220446049250313e-16
vn 0 -1 2.220446049250313e-16
vn 0 -7.401486830834375e-17 1
vn 0 7.401486830834375e-17 -1
vn 1 0 0
vn -1 0 0
vn 0 0.9659258262890683 0.25881904510252074
vn 0 -0.9659258262890683 -0.25881904510252074
vn 0 -0.2588190451025204 0.9659258262890684
vn 0 0.2588190451025204 -0.9659258262890684
vn 1 0 0
vn -1 0 0
vn 0 1 7.401486830834375e-17
vn 0 -1 -7.401486830834375e-17
vn 0 2.220446049250313e-16 1
vn 0 -2.220446049250313e-16 -1
vn 1 0 0
vn -1 0 0
vn 0 1 -2.220446049250313e-16
vn 0 -1 2.220446049250313e-16
vn 0 -1.332267629550188e-16 1
vn 0 -4.440892098500625e-17 -1
vn 1 0 0
vn -1 0 0
vn 0 1 -2.220446049250313e-16
vn 0 -1 2.220446049250313e-16
vn 0 0 1
vn 0 -2.220446049250313e-16 -1
usemtl m_3d215661-f591-00a8-53e2-d8d611c756be
f 1/1/1 5/2/1 6/3/1 2/4/1
f 4/5/2 8/6/2 7/7/2 3/8/2
f 3/9/3 7/10/3 5/11/3 1/12/3
f 2/13/4 6/14/4 8/15/4 4/16/4
f 5/17/5 9/18/5 10/19/5 6/20/5
f 8/21/6 12/22/6 11/23/6 7/24/6
f 7/25/7 11/26/7 9/27/7 5/28/7
f 6/29/8 10/30/8 12/31/8 8/32/8
f 9/33/9 13/34/9 14/35/9 10/36/9
f 12/37/10 16/38/10 15/39/10 11/40/10
f 11/41/11 15/42/11 13/43/11 9/44/11
f 10/45/12 14/46/12 16/47/12 12/48/12
f 13/49/13 17/50/13 18/51/13 14/52/13
f 16/53/14 20/54/14 19/55/14 15/56/14
f 15/57/15 19/58/15 17/59/15 13/60/15
f 14/61/16 18/62/16 20/63/16 16/64/16
f 17/65/17 21/66/17 22/67/17 18/68/17
f 20/69/18 24/70/18 23/71/18 19/72/18
f 19/73/19 23/74/19 21/75/19 17/76/19
f 18/77/20 22/78/20 24/79/20 20/80/20
f 21/81/21 25/82/21 26/83/21 22/84/21
f 24/85/22 28/86/22 27/87/22 23/88/22
f 23/89/23 27/90/23 25/91/23 21/92/23
f 22/93/24 26/94/24 28/95/24 24/96/24
f 25/97/25 29/98/25 30/99/25 26/100/25
f 28/101/26 32/102/26 31/103/26 27/104/26
f 27/105/27 31/106/27 29/107/27 25/108/27
f 26/109/28 30/110/28 32/111/28 28/112/28
f 29/113/29 1/114/29 2/115/29 30/116/29
f 32/117/30 4/118/30 3/119/30 31/120/30
f 31/121/31 3/122/31 1/123/31 29/124/31
f 30/125/32 2/126/32 4/127/32 32/128/32
f 33/129/33 37/130/33 38/131/33 34/132/33
f 36/133/34 40/134/34 39/135/34 35/136/34
f 35/137/35 39/138/35 37/139/35 33/140/35
f 34/141/36 38/142/36 40/143/36 36/144/36
f 37/145/37 41/146/37 42/147/37 38/148/37
f 40/149/38 44/150/38 43/151/38 39/152/38
f 39/153/39 43/154/39 41/155/39 37/156/39
f 38/157/40 42/158/40 44/159/40 40/160/40
f 41/161/41 45/162/41 46/163/41 42/164/41
f 44/165/42 48/166/42 47/167/42 43/168/42
f 43/169/43 47/170/43 45/171/43 41/172/43
f 42/173/44 46/174/44 48/175/44 44/176/44
f 45/177/45 49/178/45 50/179/45 46/180/45
f 48/181/46 52/182/46 51/183/46 47/184/46
f 47/185/47 51/186/47 49/187/47 45/188/47
f 46/189/48 50/190/48 52/191/48 48/192/48
f 49/193/49 53/194/49 54/195/49 50/196/49
f 52/197/50 56/198/50 55/199/50 51/200/50
f 51/201/51 55/202/51 53/203/51 49/204/51
f 50/205/52 54/206/52 56/207/52 52/208/52
f 53/209/53 57/210/53 58/211/53 54/212/53
f 56/213/54 60/214/54 59/215/54 55/216/54
f 55/217/55 59/218/55 57/219/55 53/220/55
f 54/221/56 58/222/56 60/223/56 56/224/56
f 57/225/57 61/226/57 62/227/57 58/228/57
f 60/229/58 64/230/58 63/231/58 59/232/58
f 59/233/59 63/234/59 61/235/59 57/236/59
f 58/237/60 62/238/60 64/239/60 60/240/60
f 61/241/61 33/242/61 34/243/61 62/244/61
f 64/245/62 36/246/62 35/247/62 63/248/62
f 63/249/63 35/250/63 33/251/63 61/252/63
f 62/253/64 34/254/64 36/255/64 64/256/64
f 65/257/65 69/258/65 70/259/65 66/260/65
f 68/261/66 72/262/66 71/263/66 67/264/66
f 67/265/67 71/266/67 69/267/67 65/268/67
f 66/269/68 70/270/68 72/271/68 68/272/68
f 69/273/69 73/274/69 74/275/69 70/276/69
f 72/277/70 76/278/70 75/279/70 71/280/70
f 71/281/71 75/282/71 73/283/71 69/284/71
f 70/285/72 74/286/72 76/287/72 72/288/72
f 73/289/73 77/290/73 78/291/73 74/292/73
f 76/293/74 80/294/74 79/295/74 75/296/74
f 75/297/75 79/298/75 77/299/75 73/300/75
f 74/301/76 78/302/76 80/303/76 76/304/76
f 77/305/77 81/306/77 82/307/77 78/308/77
f 80/309/78 84/310/78 83/311/78 79/312/78
f 79/313/79 83/314/79 81/315/79 77/316/79
f 78/317/80 82/318/80 84/319/80 80/320/80
f 81/321/81 85/322/81 86/323/81 82/324/81
f 84/325/82 88/326/82 87/327/82 83/328/82
f 83/329/83 87/330/83 85/331/83 81/332/83
f 82/333/84 86/334/84 88/335/84 84/336/84
f 85/337/85 89/338/85 90/339/85 86/340/85
f 88/341/86 92/342/86 91/343/86 87/344/86
f 87/345/87 91/346/87 89/347/87 85/348/87
f 86/349/88 90/350/88 92/351/88 88/352/88
f 89/353/89 93/354/89 94/355/89 90/356/89
f 92/357/90 96/358/90 95/359/90 91/360/90
f 91/361/91 95/362/91 93/363/91 89/364/91
f 90/365/92 94/366/92 96/367/92 92/368/92
f 93/369/93 65/370/93 66/371/93 94/372/93
f 96/373/94 68/374/94 67/375/94 95/376/94
f 95/377/95 67/378/95 65/379/95 93/380/95
f 94/381/96 66/382/96 68/383/96 96/384/96
f 101/385/97 99/386/97 97/387/97
f 99/388/98 101/389/98 102/390/98 100/391/98
f 100/392/99 102/393/99 98/394/99
f 103/395/100 101/396/100 97/397/100
f 101/398/101 103/399/101 104/400/101 102/401/101
f 102/402/102 104/403/102 98/404/102
f 105/405/103 103/406/103 97/407/103
f 103/408/104 105/409/104 106/410/104 104/411/104
f 104/412/105 106/413/105 98/414/105
f 107/415/106 105/416/106 97/417/106
f 105/418/107 107/419/107 108/420/107 106/421/107
f 106/422/108 108/423/108 98/424/108
f 109/425/109 107/426/109 97/427/109
f 107/428/110 109/429/110 110/430/110 108/431/110
f 108/432/111 110/433/111 98/434/111
f 111/435/112 109/436/112 97/437/112
f 109/438/113 111/439/113 112/440/113 110/441/113
f 110/442/114 112/443/114 98/444/114
f 113/445/115 111/446/115 97/447/115
f 111/448/116 113/449/116 114/450/116 112/451/116
f 112/452/117 114/453/117 98/454/117
f 99/455/118 113/456/118 97/457/118
f 113/458/119 99/459/119 100/460/119 114/461/119
f 114/462/120 100/463/120 98/464/120
f 119/465/121 117/466/121 115/467/121
f 117/468/122 119/469/122 120/470/122 118/471/122
f 118/472/123 120/473/123 116/474/123
f 121/475/124 119/476/124 115/477/124
f 119/478/125 121/479/125 122/480/125 120/481/125
f 120/482/126 122/483/126 116/484/126
f 123/485/127 121/486/127 115/487/127
f 121/488/128 123/489/128 124/490/128 122/491/128
f 122/492/129 124/493/129 116/494/129
f 125/495/130 123/496/130 115/497/130
f 123/498/131 125/499/131 126/500/131 124/501/131
f 124/502/132 126/503/132 116/504/132
f 127/505/133 125/506/133 115/507/133
f 125/508/134 127/509/134 128/510/134 126/511/134
f 126/512/135 128/513/135 116/514/135
f 129/515/136 127/516/136 115/517/136
f 127/518/137 129/519/137 130/520/137 128/521/137
f 128/522/138 130/523/138 116/524/138
f 131/525/139 129/526/139 115/527/139
f 129/528/140 131/529/140 132/530/140 130/531/140
f 130/532/141 132/533/141 116/534/141
f 117/535/142 131/536/142 115/537/142
f 131/538/143 117/539/143 118/540/143 132/541/143
f 132/542/144 118/543/144 116/544/144
f 137/545/145 135/546/145 133/547/145
f 135/548/146 137/549/146 138/550/146 136/551/146
f 136/552/147 138/553/147 134/554/147
f 139/555/148 137/556/148 133/557/148
f 137/558/149 139/559/149 140/560/149 138/561/149
f 138/562/150 140/563/150 134/564/150
f 141/565/151 139/566/151 133/567/151
f 139/568/152 141/569/152 142/570/152 140/571/152
f 140/572/153 142/573/153 134/574/153
f 143/575/154 141/576/154 133/577/154
f 141/578/155 143/579/155 144/580/155 142/581/155
f 142/582/156 144/583/156 134/584/156
f 145/585/157 143/586/157 133/587/157
f 143/588/158 145/589/158 146/590/158 144/591/158
f 144/592/159 146/593/159 134/594/159
f 147/595/160 145/596/160 133/597/160
f 145/598/161 147/599/161 148/600/161 146/601/161
f 146/602/162 148/603/162 134/604/162
f 149/605/163 147/606/163 133/607/163
f 147/608/164 149/609/164 150/610/164 148/611/164
f 148/612/165 150/613/165 134/614/165
f 135/615/166 149/616/166 133/617/166
f 149/618/167 135/619/167 136/620/167 150/621/167
f 150/622/168 136/623/168 134/624/168
f 154/625/169 152/626/169 151/627/169 153/628/169
f 157/629/170 155/630/170 156/631/170 158/632/170
f 151/633/171 152/634/171 156/635/171 155/636/171
f 154/637/172 153/638/172 157/639/172 158/640/172
f 153/641/173 151/642/173 155/643/173 157/644/173
f 158/645/174 156/646/174 152/647/174 154/648/174
f 162/649/175 160/650/175 159/651/175 161/652/175
f 165/653/176 163/654/176 164/655/176 166/656/176
f 159/657/177 160/658/177 164/659/177 163/660/177
f 162/661/178 161/662/178 165/663/178 166/664/178
f 161/665/179 159/666/179 163/667/179 165/668/179
f 166/669/180 164/670/180 160/671/180 162/672/180
f 170/673/181 168/674/181 167/675/181 169/676/181
f 173/677/182 171/678/182 172/679/182 174/680/182
f 167/681/183 168/682/183 172/683/183 171/684/183
f 170/685/184 169/686/184 173/687/184 174/688/184
f 169/689/185 167/690/185 171/691/185 173/692/185
f 174/693/186 172/694/186 168/695/186 170/696/186
f 178/697/187 176/698/187 175/699/187 177/700/187
f 181/701/188 179/702/188 180/703/188 182/704/188
f 175/705/189 176/706/189 180/707/189 179/708/189
f 178/709/190 177/710/190 181/711/190 182/712/190
f 177/713/191 175/714/191 179/715/191 181/716/191
f 182/717/192 180/718/192 176/719/192 178/720/192
f 186/721/193 184/722/193 183/723/193 185/724/193
f 189/725/194 187/726/194 188/727/194 190/728/194
f 183/729/195 184/730/195 188/731/195 187/732/195
f 186/733/196 185/734/196 189/735/196 190/736/196
f 185/737/197 183/738/197 187/739/197 189/740/197
f 190/741/198 188/742/198 184/743/198 186/744/198
f 194/745/199 192/746/199 191/747/199 193/748/199
f 197/749/200 195/750/200 196/751/200 198/752/200
f 191/753/201 192/754/201 196/755/201 195/756/201
f 194/757/202 193/758/202 197/759/202 198/760/202
f 193/761/203 191/762/203 195/763/203 197/764/203
f 198/765/204 196/766/204 192/767/204 194/768/204
f 202/769/205 200/770/205 199/771/205 201/772/205
f 205/773/206 203/774/206 204/775/206 206/776/206
f 199/777/207 200/778/207 204/779/207 203/780/207
f 202/781/208 201/782/208 205/783/208 206/784/208
f 201/785/209 199/786/209 203/787/209 205/788/209
f 206/789/210 204/790/210 200/791/210 202/792/210
f 210/793/211 208/794/211 207/795/211 209/796/211
f 213/797/212 211/798/212 212/799/212 214/800/212
f 207/801/213 208/802/213 212/803/213 211/804/213
f 210/805/214 209/806/214 213/807/214 214/808/214
f 209/809/215 207/810/215 211/811/215 213/812/215
f 214/813/216 212/814/216 208/815/216 210/816/216
f 218/817/217 216/818/217 215/819/217 217/820/217
f 221/821/218 219/822/218 220/823/218 222/824/218
f 215/825/219 216/826/219 220/827/219 219/828/219
f 218/829/220 217/830/220 221/831/220 222/832/220
f 217/833/221 215/834/221 219/835/221 221/836/221
f 222/837/222 220/838/222 216/839/222 218/840/222
f 226/841/223 224/842/223 223/843/223 225/844/223
f 229/845/224 227/846/224 228/847/224 230/848/224
f 223/849/225 224/850/225 228/851/225 227/852/225
f 226/853/226 225/854/226 229/855/226 230/856/226
f 225/857/227 223/858/227 227/859/227 229/860/227
f 230/861/228 228/862/228 224/863/228 226/864/228
f 234/865/229 232/866/229 231/867/229 233/868/229
f 237/869/230 235/870/230 236/871/230 238/872/230
f 231/873/231 232/874/231 236/875/231 235/876/231
f 234/877/232 233/878/232 237/879/232 238/880/232
f 233/881/233 231/882/233 235/883/233 237/884/233
f 238/885/234 236/886/234 232/887/234 234/888/234
f 242/889/235 240/890/235 239/891/235 241/892/235
f 245/893/236 243/894/236 244/895/236 246/896/236
f 239/897/237 240/898/237 244/899/237 243/900/237
f 242/901/238 241/902/238 245/903/238 246/904/238
f 241/905/239 239/906/239 243/907/239 245/908/239
f 246/909/240 244/910/240 240/911/240 242/912/240
f 250/913/241 248/914/241 247/915/241 249/916/241
f 253/917/242 251/918/242 252/919/242 254/920/242
f 247/921/243 248/922/243 252/923/243 251/924/243
f 250/925/244 249/926/244 253/927/244 254/928/244
f 249/929/245 247/930/245 251/931/245 253/932/245
f 254/933/246 252/934/246 248/935/246 250/936/246
f 258/937/247 256/938/247 255/939/247 257/940/247
f 261/941/248 259/942/248 260/943/248 262/944/248
f 255/945/249 256/946/249 260/947/249 259/948/249
f 258/949/250 257/950/250 261/951/250 262/952/250
f 257/953/251 255/954/251 259/955/251 261/956/251
f 262/957/252 260/958/252 256/959/252 258/960/252
f 266/961/253 264/962/253 263/963/253 265/964/253
f 269/965/254 267/966/254 268/967/254 270/968/254
f 263/969/255 264/970/255 268/971/255 267/972/255
f 266/973/256 265/974/256 269/975/256 270/976/256
f 265/977/257 263/978/257 267/979/257 269/980/257
f 270/981/258 268/982/258 264/983/258 266/984/258
f 274/985/259 272/986/259 271/987/259 273/988/259
f 277/989/260 275/990/260 276/991/260 278/992/260
f 271/993/261 272/994/261 276/995/261 275/996/261
f 274/997/262 273/998/262 277/999/262 278/1000/262
f 273/1001/263 271/1002/263 275/1003/263 277/1004/263
f 278/1005/264 276/1006/264 272/1007/264 274/1008/264
f 282/1009/265 280/1010/265 279/1011/265 281/1012/265
f 285/1013/266 283/1014/266 284/1015/266 286/1016/266
f 279/1017/267 280/1018/267 284/1019/267 283/1020/267
f 282/1021/268 281/1022/268 285/1023/268 286/1024/268
f 281/1025/269 279/1026/269 283/1027/269 285/1028/269
f 286/1029/270 284/1030/270 280/1031/270 282/1032/270
f 290/1033/271 288/1034/271 287/1035/271 289/1036/271
f 293/1037/272 291/1038/272 292/1039/272 294/1040/272
f 287/1041/273 288/1042/273 292/1043/273 291/1044/273
f 290/1045/274 289/1046/274 293/1047/274 294/1048/274
f 289/1049/275 287/1050/275 291/1051/275 293/1052/275
f 294/1053/276 292/1054/276 288/1055/276 290/1056/276
f 298/1057/277 296/1058/277 295/1059/277 297/1060/277
f 301/1061/278 299/1062/278 300/1063/278 302/1064/278
f 295/1065/279 296/1066/279 300/1067/279 299/1068/279
f 298/1069/280 297/1070/280 301/1071/280 302/1072/280
f 297/1073/281 295/1074/281 299/1075/281 301/1076/281
f 302/1077/282 300/1078/282 296/1079/282 298/1080/282
f 306/1081/283 304/1082/283 303/1083/283 305/1084/283
f 309/1085/284 307/1086/284 308/1087/284 310/1088/284
f 303/1089/285 304/1090/285 308/1091/285 307/1092/285
f 306/1093/286 305/1094/286 309/1095/286 310/1096/286
f 305/1097/287 303/1098/287 307/1099/287 309/1100/287
f 310/1101/288 308/1102/288 304/1103/288 306/1104/288
f 314/1105/289 312/1106/289 311/1107/289 313/1108/289
f 317/1109/290 315/1110/290 316/1111/290 318/1112/290
f 311/1113/291 312/1114/291 316/1115/291 315/1116/291
f 314/1117/292 313/1118/292 317/1119/292 318/1120/292
f 313/1121/293 311/1122/293 315/1123/293 317/1124/293
f 318/1125/294 316/1126/294 312/1127/294 314/1128/294
f 322/1129/295 320/1130/295 319/1131/295 321/1132/295
f 325/1133/296 323/1134/296 324/1135/296 326/1136/296
f 319/1137/297 320/1138/297 324/1139/297 323/1140/297
f 322/1141/298 321/1142/298 325/1143/298 326/1144/298
f 321/1145/299 319/1146/299 323/1147/299 325/1148/299
f 326/1149/300 324/1150/300 320/1151/300 322/1152/300
f 330/1153/301 328/1154/301 327/1155/301 329/1156/301
f 333/1157/302 331/1158/302 332/1159/302 334/1160/302
f 327/1161/303 328/1162/303 332/1163/303 331/1164/303
f 330/1165/304 329/1166/304 333/1167/304 334/1168/304
f 329/1169/305 327/1170/305 331/1171/305 333/1172/305
f 334/1173/306 332/1174/306 328/1175/306 330/1176/306
f 338/1177/307 336/1178/307 335/1179/307 337/1180/307
f 341/1181/308 339/1182/308 340/1183/308 342/1184/308
f 335/1185/309 336/1186/309 340/1187/309 339/1188/309
f 338/1189/310 337/1190/310 341/1191/310 342/1192/310
f 337/1193/311 335/1194/311 339/1195/311 341/1196/311
f 342/1197/312 340/1198/312 336/1199/312 338/1200/312
f 346/1201/313 344/1202/313 343/1203/313 345/1204/313
f 349/1205/314 347/1206/314 348/1207/314 350/1208/314
f 343/1209/315 344/1210/315 348/1211/315 347/1212/315
f 346/1213/316 345/1214/316 349/1215/316 350/1216/316
f 345/1217/317 343/1218/317 347/1219/317 349/1220/317
f 350/1221/318 348/1222/318 344/1223/318 346/1224/318
f 354/1225/319 352/1226/319 351/1227/319 353/1228/319
f 357/1229/320 355/1230/320 356/1231/320 358/1232/320
f 351/1233/321 352/1234/321 356/1235/321 355/1236/321
f 354/1237/322 353/1238/322 357/1239/322 358/1240/322
f 353/1241/323 351/1242/323 355/1243/323 357/1244/323
f 358/1245/324 356/1246/324 352/1247/324 354/1248/324
f 362/1249/325 360/1250/325 359/1251/325 361/1252/325
f 365/1253/326 363/1254/326 364/1255/326 366/1256/326
f 359/1257/327 360/1258/327 364/1259/327 363/1260/327
f 362/1261/328 361/1262/328 365/1263/328 366/1264/328
f 361/1265/329 359/1266/329 363/1267/329 365/1268/329
f 366/1269/330 364/1270/330 360/1271/330 362/1272/330
f 370/1273/331 368/1274/331 367/1275/331 369/1276/331
f 373/1277/332 371/1278/332 372/1279/332 374/1280/332
f 367/1281/333 368/1282/333 372/1283/333 371/1284/333
f 370/1285/334 369/1286/334 373/1287/334 374/1288/334
f 369/1289/335 367/1290/335 371/1291/335 373/1292/335
f 374/1293/336 372/1294/336 368/1295/336 370/1296/336
f 378/1297/337 376/1298/337 375/1299/337 377/1300/337
f 381/1301/338 379/1302/338 380/1303/338 382/1304/338
f 375/1305/339 376/1306/339 380/1307/339 379/1308/339
f 378/1309/340 377/1310/340 381/1311/340 382/1312/340
f 377/1313/341 375/1314/341 379/1315/341 381/1316/341
f 382/1317/342 380/1318/342 376/1319/342 378/1320/342
f 386/1321/343 384/1322/343 383/1323/343 385/1324/343
f 389/1325/344 387/1326/344 388/1327/344 390/1328/344
f 383/1329/345 384/1330/345 388/1331/345 387/1332/345
f 386/1333/346 385/1334/346 389/1335/346 390/1336/346
f 385/1337/347 383/1338/347 387/1339/347 389/1340/347
f 390/1341/348 388/1342/348 384/1343/348 386/1344/348
f 394/1345/349 392/1346/349 391/1347/349 393/1348/349
f 397/1349/350 395/1350/350 396/1351/350 398/1352/350
f 391/1353/351 392/1354/351 396/1355/351 395/1356/351
f 394/1357/352 393/1358/352 397/1359/352 398/1360/352
f 393/1361/353 391/1362/353 395/1363/353 397/1364/353
f 398/1365/354 396/1366/354 392/1367/354 394/1368/354
f 402/1369/355 400/1370/355 399/1371/355 401/1372/355
f 405/1373/356 403/1374/356 404/1375/356 406/1376/356
f 399/1377/357 400/1378/357 404/1379/357 403/1380/357
f 402/1381/358 401/1382/358 405/1383/358 406/1384/358
f 401/1385/359 399/1386/359 403/1387/359 405/1388/359
f 406/1389/360 404/1390/360 400/1391/360 402/1392/360
f 410/1393/361 408/1394/361 407/1395/361 409/1396/361
f 413/1397/362 411/1398/362 412/1399/362 414/1400/362
f 407/1401/363 408/1402/363 412/1403/363 411/1404/363
f 410/1405/364 409/1406/364 413/1407/364 414/1408/364
f 409/1409/365 407/1410/365 411/1411/365 413/1412/365
f 414/1413/366 412/1414/366 408/1415/366 410/1416/366
f 418/1417/367 416/1418/367 415/1419/367 417/1420/367
f 421/1421/368 419/1422/368 420/1423/368 422/1424/368
f 415/1425/369 416/1426/369 420/1427/369 419/1428/369
f 418/1429/370 417/1430/370 421/1431/370 422/1432/370
f 417/1433/371 415/1434/371 419/1435/371 421/1436/371
f 422/1437/372 420/1438/372 416/1439/372 418/1440/372
f 426/1441/373 424/1442/373 423/1443/373 425/1444/373
f 429/1445/374 427/1446/374 428/1447/374 430/1448/374
f 423/1449/375 424/1450/375 428/1451/375 427/1452/375
f 426/1453/376 425/1454/376 429/1455/376 430/1456/376
f 425/1457/377 423/1458/377 427/1459/377 429/1460/377
f 430/1461/378 428/1462/378 424/1463/378 426/1464/378
f 434/1465/379 432/1466/379 431/1467/379 433/1468/379
f 437/1469/380 435/1470/380 436/1471/380 438/1472/380
f 431/1473/381 432/1474/381 436/1475/381 435/1476/381
f 434/1477/382 433/1478/382 437/1479/382 438/1480/382
f 433/1481/383 431/1482/383 435/1483/383 437/1484/383
f 438/1485/384 436/1486/384 432/1487/384 434/1488/384
f 442/1489/385 440/1490/385 439/1491/385 441/1492/385
f 445/1493/386 443/1494/386 444/1495/386 446/1496/386
f 439/1497/387 440/1498/387 444/1499/387 443/1500/387
f 442/1501/388 441/1502/388 445/1503/388 446/1504/388
f 441/1505/389 439/1506/389 443/1507/389 445/1508/389
f 446/1509/390 444/1510/390 440/1511/390 442/1512/390
f 450/1513/391 448/1514/391 447/1515/391 449/1516/391
f 453/1517/392 451/1518/392 452/1519/392 454/1520/392
f 447/1521/393 448/1522/393 452/1523/393 451/1524/393
f 450/1525/394 449/1526/394 453/1527/394 454/1528/394
f 449/1529/395 447/1530/395 451/1531/395 453/1532/395
f 454/1533/396 452/1534/396 448/1535/396 450/1536/396
f 458/1537/397 456/1538/397 455/1539/397 457/1540/397
f 461/1541/398 459/1542/398 460/1543/398 462/1544/398
f 455/1545/399 456/1546/399 460/1547/399 459/1548/399
f 458/1549/400 457/1550/400 461/1551/400 462/1552/400
f 457/1553/401 455/1554/401 459/1555/401 461/1556/401
f 462/1557/402 460/1558/402 456/1559/402 458/1560/402
f 466/1561/403 464/1562/403 463/1563/403 465/1564/403
f 469/1565/404 467/1566/404 468/1567/404 470/1568/404
f 463/1569/405 464/1570/405 468/1571/405 467/1572/405
f 466/1573/406 465/1574/406 469/1575/406 470/1576/406
f 465/1577/407 463/1578/407 467/1579/407 469/1580/407
f 470/1581/408 468/1582/408 464/1583/408 466/1584/408
f 474/1585/409 472/1586/409 471/1587/409 473/1588/409
f 477/1589/410 475/1590/410 476/1591/410 478/1592/410
f 471/1593/411 472/1594/411 476/1595/411 475/1596/411
f 474/1597/412 473/1598/412 477/1599/412 478/1600/412
f 473/1601/413 471/1602/413 475/1603/413 477/1604/413
f 478/1605/414 476/1606/414 472/1607/414 474/1608/414
f 482/1609/415 480/1610/415 479/1611/415 481/1612/415
f 485/1613/416 483/1614/416 484/1615/416 486/1616/416
f 479/1617/417 480/1618/417 484/1619/417 483/1620/417
f 482/1621/418 481/1622/418 485/1623/418 486/1624/418
f 481/1625/419 479/1626/419 483/1627/419 485/1628/419
f 486/1629/420 484/1630/420 480/1631/420 482/1632/420
f 490/1633/421 488/1634/421 487/1635/421 489/1636/421
f 493/1637/422 491/1638/422 492/1639/422 494/1640/422
f 487/1641/423 488/1642/423 492/1643/423 491/1644/423
f 490/1645/424 489/1646/424 493/1647/424 494/1648/424
f 489/1649/425 487/1650/425 491/1651/425 493/1652/425
f 494/1653/426 492/1654/426 488/1655/426 490/1656/426
f 498/1657/427 496/1658/427 495/1659/427 497/1660/427
f 501/1661/428 499/1662/428 500/1663/428 502/1664/428
f 495/1665/429 496/1666/429 500/1667/429 499/1668/429
f 498/1669/430 497/1670/430 501/1671/430 502/1672/430
f 497/1673/431 495/1674/431 499/1675/431 501/1676/431
f 502/1677/432 500/1678/432 496/1679/432 498/1680/432
f 506/1681/433 504/1682/433 503/1683/433 505/1684/433
f 509/1685/434 507/1686/434 508/1687/434 510/1688/434
f 503/1689/435 504/1690/435 508/1691/435 507/1692/435
f 506/1693/436 505/1694/436 509/1695/436 510/1696/436
f 505/1697/437 503/1698/437 507/1699/437 509/1700/437
f 510/1701/438 508/1702/438 504/1703/438 506/1704/438
f 514/1705/439 512/1706/439 511/1707/439 513/1708/439
f 517/1709/440 515/1710/440 516/1711/440 518/1712/440
f 511/1713/441 512/1714/441 516/1715/441 515/1716/441
f 514/1717/442 513/1718/442 517/1719/442 518/1720/442
f 513/1721/443 511/1722/443 515/1723/443 517/1724/443
f 518/1725/444 516/1726/444 512/1727/444 514/1728/444
f 522/1729/445 520/1730/445 519/1731/445 521/1732/445
f 525/1733/446 523/1734/446 524/1735/446 526/1736/446
f 519/1737/447 520/1738/447 524/1739/447 523/1740/447
f 522/1741/448 521/1742/448 525/1743/448 526/1744/448
f 521/1745/449 519/1746/449 523/1747/449 525/1748/449
f 526/1749/450 524/1750/450 520/1751/450 522/1752/450
f 530/1753/451 528/1754/451 527/1755/451 529/1756/451
f 533/1757/452 531/1758/452 532/1759/452 534/1760/452
f 527/1761/453 528/1762/453 532/1763/453 531/1764/453
f 530/1765/454 529/1766/454 533/1767/454 534/1768/454
f 529/1769/455 527/1770/455 531/1771/455 533/1772/455
f 534/1773/456 532/1774/456 528/1775/456 530/1776/456
f 538/1777/457 536/1778/457 535/1779/457 537/1780/457
f 541/1781/458 539/1782/458 540/1783/458 542/1784/458
f 535/1785/459 536/1786/459 540/1787/459 539/1788/459
f 538/1789/460 537/1790/460 541/1791/460 542/1792/460
f 537/1793/461 535/1794/461 539/1795/461 541/1796/461
f 542/1797/462 540/1798/462 536/1799/462 538/1800/462
f 546/1801/463 544/1802/463 543/1803/463 545/1804/463
f 549/1805/464 547/1806/464 548/1807/464 550/1808/464
f 543/1809/465 544/1810/465 548/1811/465 547/1812/465
f 546/1813/466 545/1814/466 549/1815/466 550/1816/466
f 545/1817/467 543/1818/467 547/1819/467 549/1820/467
f 550/1821/468 548/1822/468 544/1823/468 546/1824/468
f 554/1825/469 552/1826/469 551/1827/469 553/1828/469
f 557/1829/470 555/1830/470 556/1831/470 558/1832/470
f 551/1833/471 552/1834/471 556/1835/471 555/1836/471
f 554/1837/472 553/1838/472 557/1839/472 558/1840/472
f 553/1841/473 551/1842/473 555/1843/473 557/1844/473
f 558/1845/474 556/1846/474 552/1847/474 554/1848/474
f 562/1849/475 560/1850/475 559/1851/475 561/1852/475
f 565/1853/476 563/1854/476 564/1855/476 566/1856/476
f 559/1857/477 560/1858/477 564/1859/477 563/1860/477
f 562/1861/478 561/1862/478 565/1863/478 566/1864/478
f 561/1865/479 559/1866/479 563/1867/479 565/1868/479
f 566/1869/480 564/1870/480 560/1871/480 562/1872/480
f 570/1873/481 568/1874/481 567/1875/481 569/1876/481
f 573/1877/482 571/1878/482 572/1879/482 574/1880/482
f 567/1881/483 568/1882/483 572/1883/483 571/1884/483
f 570/1885/484 569/1886/484 573/1887/484 574/1888/484
f 569/1889/485 567/1890/485 571/1891/485 573/1892/485
f 574/1893/486 572/1894/486 568/1895/486 570/1896/486
f 578/1897/487 576/1898/487 575/1899/487 577/1900/487
f 581/1901/488 579/1902/488 580/1903/488 582/1904/488
f 575/1905/489 576/1906/489 580/1907/489 579/1908/489
f 578/1909/490 577/1910/490 581/1911/490 582/1912/490
f 577/1913/491 575/1914/491 579/1915/491 581/1916/491
f 582/1917/492 580/1918/492 576/1919/492 578/1920/492
f 586/1921/493 584/1922/493 583/1923/493 585/1924/493
f 589/1925/494 587/1926/494 588/1927/494 590/1928/494
f 583/1929/495 584/1930/495 588/1931/495 587/1932/495
f 586/1933/496 585/1934/496 589/1935/496 590/1936/496
f 585/1937/497 583/1938/497 587/1939/497 589/1940/497
f 590/1941/498 588/1942/498 584/1943/498 586/1944/498
f 594/1945/499 592/1946/499 591/1947/499 593/1948/499
f 597/1949/500 595/1950/500 596/1951/500 598/1952/500
f 591/1953/501 592/1954/501 596/1955/501 595/1956/501
f 594/1957/502 593/1958/502 597/1959/502 598/1960/502
f 593/1961/503 591/1962/503 595/1963/503 597/1964/503
f 598/1965/504 596/1966/504 592/1967/504 594/1968/504
f 602/1969/505 600/1970/505 599/1971/505 601/1972/505
f 605/1973/506 603/1974/506 604/1975/506 606/1976/506
f 599/1977/507 600/1978/507 604/1979/507 603/1980/507
f 602/1981/508 601/1982/508 605/1983/508 606/1984/508
f 601/1985/509 599/1986/509 603/1987/509 605/1988/509
f 606/1989/510 604/1990/510 600/1991/510 602/1992/510
f 610/1993/511 608/1994/511 607/1995/511 609/1996/511
f 613/1997/512 611/1998/512 612/1999/512 614/2000/512
f 607/2001/513 608/2002/513 612/2003/513 611/2004/513
f 610/2005/514 609/2006/514 613/2007/514 614/2008/514
f 609/2009/515 607/2010/515 611/2011/515 613/2012/515
f 614/2013/516 612/2014/516 608/2015/516 610/2016/516
f 618/2017/517 616/2018/517 615/2019/517 617/2020/517
f 621/2021/518 619/2022/518 620/2023/518 622/2024/518
f 615/2025/519 616/2026/519 620/2027/519 619/2028/519
f 618/2029/520 617/2030/520 621/2031/520 622/2032/520
f 617/2033/521 615/2034/521 619/2035/521 621/2036/521
f 622/2037/522 620/2038/522 616/2039/522 618/2040/522
f 626/2041/523 624/2042/523 623/2043/523 625/2044/523
f 629/2045/524 627/2046/524 628/2047/524 630/2048/524
f 623/2049/525 624/2050/525 628/2051/525 627/2052/525
f 626/2053/526 625/2054/526 629/2055/526 630/2056/526
f 625/2057/527 623/2058/527 627/2059/527 629/2060/527
f 630/2061/528 628/2062/528 624/2063/528 626/2064/528
f 634/2065/529 632/2066/529 631/2067/529 633/2068/529
f 637/2069/530 635/2070/530 636/2071/530 638/2072/530
f 631/2073/531 632/2074/531 636/2075/531 635/2076/531
f 634/2077/532 633/2078/532 637/2079/532 638/2080/532
f 633/2081/533 631/2082/533 635/2083/533 637/2084/533
f 638/2085/534 636/2086/534 632/2087/534 634/2088/534
f 642/2089/535 640/2090/535 639/2091/535 641/2092/535
f 645/2093/536 643/2094/536 644/2095/536 646/2096/536
f 639/2097/537 640/2098/537 644/2099/537 643/2100/537
f 642/2101/538 641/2102/538 645/2103/538 646/2104/538
f 641/2105/539 639/2106/539 643/2107/539 645/2108/539
f 646/2109/540 644/2110/540 640/2111/540 642/2112/540
f 650/2113/541 648/2114/541 647/2115/541 649/2116/541
f 653/2117/542 651/2118/542 652/2119/542 654/2120/542
f 647/2121/543 648/2122/543 652/2123/543 651/2124/543
f 650/2125/544 649/2126/544 653/2127/544 654/2128/544
f 649/2129/545 647/2130/545 651/2131/545 653/2132/545
f 654/2133/546 652/2134/546 648/2135/546 650/2136/546
f 658/2137/547 656/2138/547 655/2139/547 657/2140/547
f 661/2141/548 659/2142/548 660/2143/548 662/2144/548
f 655/2145/549 656/2146/549 660/2147/549 659/2148/549
f 658/2149/550 657/2150/550 661/2151/550 662/2152/550
f 657/2153/551 655/2154/551 659/2155/551 661/2156/551
f 662/2157/552 660/2158/552 656/2159/552 658/2160/552
f 666/2161/553 664/2162/553 663/2163/553 665/2164/553
f 669/2165/554 667/2166/554 668/2167/554 670/2168/554
f 663/2169/555 664/2170/555 668/2171/555 667/2172/555
f 666/2173/556 665/2174/556 669/2175/556 670/2176/556
f 665/2177/557 663/2178/557 667/2179/557 669/2180/557
f 670/2181/558 668/2182/558 664/2183/558 666/2184/558
f 674/2185/559 672/2186/559 671/2187/559 673/2188/559
f 677/2189/560 675/2190/560 676/2191/560 678/2192/560
f 671/2193/561 672/2194/561 676/2195/561 675/2196/561
f 674/2197/562 673/2198/562 677/2199/562 678/2200/562
f 673/2201/563 671/2202/563 675/2203/563 677/2204/563
f 678/2205/564 676/2206/564 672/2207/564 674/2208/564
f 682/2209/565 680/2210/565 679/2211/565 681/2212/565
f 685/2213/566 683/2214/566 684/2215/566 686/2216/566
f 679/2217/567 680/2218/567 684/2219/567 683/2220/567
f 682/2221/568 681/2222/568 685/2223/568 686/2224/568
f 681/2225/569 679/2226/569 683/2227/569 685/2228/569
f 686/2229/570 684/2230/570 680/2231/570 682/2232/570
f 690/2233/571 688/2234/571 687/2235/571 689/2236/571
f 693/2237/572 691/2238/572 692/2239/572 694/2240/572
f 687/2241/573 688/2242/573 692/2243/573 691/2244/573
f 690/2245/574 689/2246/574 693/2247/574 694/2248/574
f 689/2249/575 687/2250/575 691/2251/575 693/2252/575
f 694/2253/576 692/2254/576 688/2255/576 690/2256/576
f 698/2257/577 696/2258/577 695/2259/577 697/2260/577
f 701/2261/578 699/2262/578 700/2263/578 702/2264/578
f 695/2265/579 696/2266/579 700/2267/579 699/2268/579
f 698/2269/580 697/2270/580 701/2271/580 702/2272/580
f 697/2273/581 695/2274/581 699/2275/581 701/2276/581
f 702/2277/582 700/2278/582 696/2279/582 698/2280/582
f 706/2281/583 704/2282/583 703/2283/583 705/2284/583
f 709/2285/584 707/2286/584 708/2287/584 710/2288/584
f 703/2289/585 704/2290/585 708/2291/585 707/2292/585
f 706/2293/586 705/2294/586 709/2295/586 710/2296/586
f 705/2297/587 703/2298/587 707/2299/587 709/2300/587
f 710/2301/588 708/2302/588 704/2303/588 706/2304/588
f 714/2305/589 712/2306/589 711/2307/589 713/2308/589
f 717/2309/590 715/2310/590 716/2311/590 718/2312/590
f 711/2313/591 712/2314/591 716/2315/591 715/2316/591
f 714/2317/592 713/2318/592 717/2319/592 718/2320/592
f 713/2321/593 711/2322/593 715/2323/593 717/2324/593
f 718/2325/594 716/2326/594 712/2327/594 714/2328/594
f 722/2329/595 720/2330/595 719/2331/595 721/2332/595
f 725/2333/596 723/2334/596 724/2335/596 726/2336/596
f 719/2337/597 720/2338/597 724/2339/597 723/2340/597
f 722/2341/598 721/2342/598 725/2343/598 726/2344/598
f 721/2345/599 719/2346/599 723/2347/599 725/2348/599
f 726/2349/600 724/2350/600 720/2351/600 722/2352/600
f 730/2353/601 728/2354/601 727/2355/601 729/2356/601
f 733/2357/602 731/2358/602 732/2359/602 734/2360/602
f 727/2361/603 728/2362/603 732/2363/603 731/2364/603
f 730/2365/604 729/2366/604 733/2367/604 734/2368/604
f 729/2369/605 727/2370/605 731/2371/605 733/2372/605
f 734/2373/606 732/2374/606 728/2375/606 730/2376/606
f 738/2377/607 736/2378/607 735/2379/607 737/2380/607
f 741/2381/608 739/2382/608 740/2383/608 742/2384/608
f 735/2385/609 736/2386/609 740/2387/609 739/2388/609
f 738/2389/610 737/2390/610 741/2391/610 742/2392/610
f 737/2393/611 735/2394/611 739/2395/611 741/2396/611
f 742/2397/612 740/2398/612 736/2399/612 738/2400/612
f 746/2401/613 744/2402/613 743/2403/613 745/2404/613
f 749/2405/614 747/2406/614 748/2407/614 750/2408/614
f 743/2409/615 744/2410/615 748/2411/615 747/2412/615
f 746/2413/616 745/2414/616 749/2415/616 750/2416/616
f 745/2417/617 743/2418/617 747/2419/617 749/2420/617
f 750/2421/618 748/2422/618 744/2423/618 746/2424/618
f 754/2425/619 752/2426/619 751/2427/619 753/2428/619
f 757/2429/620 755/2430/620 756/2431/620 758/2432/620
f 751/2433/621 752/2434/621 756/2435/621 755/2436/621
f 754/2437/622 753/2438/622 757/2439/622 758/2440/622
f 753/2441/623 751/2442/623 755/2443/623 757/2444/623
f 758/2445/624 756/2446/624 752/2447/624 754/2448/624
f 762/2449/625 760/2450/625 759/2451/625 761/2452/625
f 765/2453/626 763/2454/626 764/2455/626 766/2456/626
f 759/2457/627 760/2458/627 764/2459/627 763/2460/627
f 762/2461/628 761/2462/628 765/2463/628 766/2464/628
f 761/2465/629 759/2466/629 763/2467/629 765/2468/629
f 766/2469/630 764/2470/630 760/2471/630 762/2472/630
f 770/2473/631 768/2474/631 767/2475/631 769/2476/631
f 773/2477/632 771/2478/632 772/2479/632 774/2480/632
f 767/2481/633 768/2482/633 772/2483/633 771/2484/633
f 770/2485/634 769/2486/634 773/2487/634 774/2488/634
f 769/2489/635 767/2490/635 771/2491/635 773/2492/635
f 774/2493/636 772/2494/636 768/2495/636 770/2496/636
f 778/2497/637 776/2498/637 775/2499/637 777/2500/637
f 781/2501/638 779/2502/638 780/2503/638 782/2504/638
f 775/2505/639 776/2506/639 780/2507/639 779/2508/639
f 778/2509/640 777/2510/640 781/2511/640 782/2512/640
f 777/2513/641 775/2514/641 779/2515/641 781/2516/641
f 782/2517/642 780/2518/642 776/2519/642 778/2520/642
f 786/2521/643 784/2522/643 783/2523/643 785/2524/643
f 789/2525/644 787/2526/644 788/2527/644 790/2528/644
f 783/2529/645 784/2530/645 788/2531/645 787/2532/645
f 786/2533/646 785/2534/646 789/2535/646 790/2536/646
f 785/2537/647 783/2538/647 787/2539/647 789/2540/647
f 790/2541/648 788/2542/648 784/2543/648 786/2544/648
f 794/2545/649 792/2546/649 791/2547/649 793/2548/649
f 797/2549/650 795/2550/650 796/2551/650 798/2552/650
f 791/2553/651 792/2554/651 796/2555/651 795/2556/651
f 794/2557/652 793/2558/652 797/2559/652 798/2560/652
f 793/2561/653 791/2562/653 795/2563/653 797/2564/653
f 798/2565/654 796/2566/654 792/2567/654 794/2568/654
f 802/2569/655 800/2570/655 799/2571/655 801/2572/655
f 805/2573/656 803/2574/656 804/2575/656 806/2576/656
f 799/2577/657 800/2578/657 804/2579/657 803/2580/657
f 802/2581/658 801/2582/658 805/2583/658 806/2584/658
f 801/2585/659 799/2586/659 803/2587/659 805/2588/659
f 806/2589/660 804/2590/660 800/2591/660 802/2592/660
f 810/2593/661 808/2594/661 807/2595/661 809/2596/661
f 813/2597/662 811/2598/662 812/2599/662 814/2600/662
f 807/2601/663 808/2602/663 812/2603/663 811/2604/663
f 810/2605/664 809/2606/664 813/2607/664 814/2608/664
f 809/2609/665 807/2610/665 811/2611/665 813/2612/665
f 814/2613/666 812/2614/666 808/2615/666 810/2616/666
f 818/2617/667 816/2618/667 815/2619/667 817/2620/667
f 821/2621/668 819/2622/668 820/2623/668 822/2624/668
f 815/2625/669 816/2626/669 820/2627/669 819/2628/669
f 818/2629/670 817/2630/670 821/2631/670 822/2632/670
f 817/2633/671 815/2634/671 819/2635/671 821/2636/671
f 822/2637/672 820/2638/672 816/2639/672 818/2640/672
f 826/2641/673 824/2642/673 823/2643/673 825/2644/673
f 829/2645/674 827/2646/674 828/2647/674 830/2648/674
f 823/2649/675 824/2650/675 828/2651/675 827/2652/675
f 826/2653/676 825/2654/676 829/2655/676 830/2656/676
f 825/2657/677 823/2658/677 827/2659/677 829/2660/677
f 830/2661/678 828/2662/678 824/2663/678 826/2664/678
f 834/2665/679 832/2666/679 831/2667/679 833/2668/679
f 837/2669/680 835/2670/680 836/2671/680 838/2672/680
f 831/2673/681 832/2674/681 836/2675/681 835/2676/681
f 834/2677/682 833/2678/682 837/2679/682 838/2680/682
f 833/2681/683 831/2682/683 835/2683/683 837/2684/683
f 838/2685/684 836/2686/684 832/2687/684 834/2688/684
f 842/2689/685 840/2690/685 839/2691/685 841/2692/685
f 845/2693/686 843/2694/686 844/2695/686 846/2696/686
f 839/2697/687 840/2698/687 844/2699/687 843/2700/687
f 842/2701/688 841/2702/688 845/2703/688 846/2704/688
f 841/2705/689 839/2706/689 843/2707/689 845/2708/689
f 846/2709/690 844/2710/690 840/2711/690 842/2712/690
f 850/2713/691 848/2714/691 847/2715/691 849/2716/691
f 853/2717/692 851/2718/692 852/2719/692 854/2720/692
f 847/2721/693 848/2722/693 852/2723/693 851/2724/693
f 850/2725/694 849/2726/694 853/2727/694 854/2728/694
f 849/2729/695 847/2730/695 851/2731/695 853/2732/695
f 854/2733/696 852/2734/696 848/2735/696 850/2736/696
f 858/2737/697 856/2738/697 855/2739/697 857/2740/697
f 861/2741/698 859/2742/698 860/2743/698 862/2744/698
f 855/2745/699 856/2746/699 860/2747/699 859/2748/699
f 858/2749/700 857/2750/700 861/2751/700 862/2752/700
f 857/2753/701 855/2754/701 859/2755/701 861/2756/701
f 862/2757/702 860/2758/702 856/2759/702 858/2760/702
f 866/2761/703 864/2762/703 863/2763/703 865/2764/703
f 869/2765/704 867/2766/704 868/2767/704 870/2768/704
f 863/2769/705 864/2770/705 868/2771/705 867/2772/705
f 866/2773/706 865/2774/706 869/2775/706 870/2776/706
f 865/2777/707 863/2778/707 867/2779/707 869/2780/707
f 870/2781/708 868/2782/708 864/2783/708 866/2784/708
f 874/2785/709 872/2786/709 871/2787/709 873/2788/709
f 877/2789/710 875/2790/710 876/2791/710 878/2792/710
f 871/2793/711 872/2794/711 876/2795/711 875/2796/711
f 874/2797/712 873/2798/712 877/2799/712 878/2800/712
f 873/2801/713 871/2802/713 875/2803/713 877/2804/713
f 878/2805/714 876/2806/714 872/2807/714 874/2808/714
f 882/2809/715 880/2810/715 879/2811/715 881/2812/715
f 885/2813/716 883/2814/716 884/2815/716 886/2816/716
f 879/2817/717 880/2818/717 884/2819/717 883/2820/717
f 882/2821/718 881/2822/718 885/2823/718 886/2824/718
f 881/2825/719 879/2826/719 883/2827/719 885/2828/719
f 886/2829/720 884/2830/720 880/2831/720 882/2832/720
f 890/2833/721 888/2834/721 887/2835/721 889/2836/721
f 893/2837/722 891/2838/722 892/2839/722 894/2840/722
f 887/2841/723 888/2842/723 892/2843/723 891/2844/723
f 890/2845/724 889/2846/724 893/2847/724 894/2848/724
f 889/2849/725 887/2850/725 891/2851/725 893/2852/725
f 894/2853/726 892/2854/726 888/2855/726 890/2856/726
f 898/2857/727 896/2858/727 895/2859/727 897/2860/727
f 901/2861/728 899/2862/728 900/2863/728 902/2864/728
f 895/2865/729 896/2866/729 900/2867/729 899/2868/729
f 898/2869/730 897/2870/730 901/2871/730 902/2872/730
f 897/2873/731 895/2874/731 899/2875/731 901/2876/731
f 902/2877/732 900/2878/732 896/2879/732 898/2880/732
f 906/2881/733 904/2882/733 903/2883/733 905/2884/733
f 909/2885/734 907/2886/734 908/2887/734 910/2888/734
f 903/2889/735 904/2890/735 908/2891/735 907/2892/735
f 906/2893/736 905/2894/736 909/2895/736 910/2896/736
f 905/2897/737 903/2898/737 907/2899/737 909/2900/737
f 910/2901/738 908/2902/738 904/2903/738 906/2904/738
f 914/2905/739 912/2906/739 911/2907/739 913/2908/739
f 917/2909/740 915/2910/740 916/2911/740 918/2912/740
f 911/2913/741 912/2914/741 916/2915/741 915/2916/741
f 914/2917/742 913/2918/742 917/2919/742 918/2920/742
f 913/2921/743 911/2922/743 915/2923/743 917/2924/743
f 918/2925/744 916/2926/744 912/2927/744 914/2928/744
f 922/2929/745 920/2930/745 919/2931/745 921/2932/745
f 925/2933/746 923/2934/746 924/2935/746 926/2936/746
f 919/2937/747 920/2938/747 924/2939/747 923/2940/747
f 922/2941/748 921/2942/748 925/2943/748 926/2944/748
f 921/2945/749 919/2946/749 923/2947/749 925/2948/749
f 926/2949/750 924/2950/750 920/2951/750 922/2952/750
f 930/2953/751 928/2954/751 927/2955/751 929/2956/751
f 933/2957/752 931/2958/752 932/2959/752 934/2960/752
f 927/2961/753 928/2962/753 932/2963/753 931/2964/753
f 930/2965/754 929/2966/754 933/2967/754 934/2968/754
f 929/2969/755 927/2970/755 931/2971/755 933/2972/755
f 934/2973/756 932/2974/756 928/2975/756 930/2976/756
f 938/2977/757 936/2978/757 935/2979/757 937/2980/757
f 941/2981/758 939/2982/758 940/2983/758 942/2984/758
f 935/2985/759 936/2986/759 940/2987/759 939/2988/759
f 938/2989/760 937/2990/760 941/2991/760 942/2992/760
f 937/2993/761 935/2994/761 939/2995/761 941/2996/761
f 942/2997/762 940/2998/762 936/2999/762 938/3000/762
f 946/3001/763 944/3002/763 943/3003/763 945/3004/763
f 949/3005/764 947/3006/764 948/3007/764 950/3008/764
f 943/3009/765 944/3010/765 948/3011/765 947/3012/765
f 946/3013/766 945/3014/766 949/3015/766 950/3016/766
f 945/3017/767 943/3018/767 947/3019/767 949/3020/767
f 950/3021/768 948/3022/768 944/3023/768 946/3024/768
f 954/3025/769 952/3026/769 951/3027/769 953/3028/769
f 957/3029/770 955/3030/770 956/3031/770 958/3032/770
f 951/3033/771 952/3034/771 956/3035/771 955/3036/771
f 954/3037/772 953/3038/772 957/3039/772 958/3040/772
f 953/3041/773 951/3042/773 955/3043/773 957/3044/773
f 958/3045/774 956/3046/774 952/3047/774 954/3048/774
f 962/3049/775 960/3050/775 959/3051/775 961/3052/775
f 965/3053/776 963/3054/776 964/3055/776 966/3056/776
f 959/3057/777 960/3058/777 964/3059/777 963/3060/777
f 962/3061/778 961/3062/778 965/3063/778 966/3064/778
f 961/3065/779 959/3066/779 963/3067/779 965/3068/779
f 966/3069/780 964/3070/780 960/3071/780 962/3072/780
f 970/3073/781 968/3074/781 967/3075/781 969/3076/781
f 973/3077/782 971/3078/782 972/3079/782 974/3080/782
f 967/3081/783 968/3082/783 972/3083/783 971/3084/783
f 970/3085/784 969/3086/784 973/3087/784 974/3088/784
f 969/3089/785 967/3090/785 971/3091/785 973/3092/785
f 974/3093/786 972/3094/786 968/3095/786 970/3096/786