# Made in Blockbench 5.1.1
mtllib 4l_signal_post_1970.mtl

o tube
v -0.1502912596673658 2.776389413794816 -0.46562500000000007
v 0.045304375 1.0625 -0.5625
v 0.045304375 1.0625 -0.53125
v 0.036093125 1.0847381249999999 -0.5625
v 0.036093125 1.084738125 -0.53125
v 0.109375 1.126570625 -0.5625
v 0.109375 1.126570625 -0.53125
v 0.087136875 1.135781875 -0.5625
v 0.087136875 1.135781875 -0.53125
v 0.109375 1.217179375 -0.5625
v 0.109375 1.217179375 -0.53125
v 0.087136875 1.207968125 -0.5625
v 0.087136875 1.207968125 -0.53125
v 0.045304375 1.28125 -0.5625
v 0.045304375 1.28125 -0.53125
v 0.036093125 1.2590118750000001 -0.5625
v 0.036093125 1.2590118750000001 -0.53125
v -0.045304375 1.28125 -0.5625
v -0.045304375 1.28125 -0.53125
v -0.036093125 1.2590118750000001 -0.5625
v -0.036093125 1.2590118750000001 -0.53125
v -0.109375 1.217179375 -0.5625
v -0.109375 1.217179375 -0.53125
v -0.087136875 1.207968125 -0.5625
v -0.087136875 1.207968125 -0.53125
v -0.109375 1.126570625 -0.5625
v -0.109375 1.126570625 -0.53125
v -0.087136875 1.135781875 -0.5625
v -0.087136875 1.135781875 -0.53125
v -0.045304375 1.0625 -0.5625
v -0.045304375 1.0625 -0.53125
v -0.036093125 1.0847381249999999 -0.5625
v -0.036093125 1.084738125 -0.53125
v 0.045304375 2.375 -0.5624999999999999
v 0.045304375 2.375 -0.5312499999999999
v 0.036093125 2.3972381249999994 -0.5624999999999999
v 0.036093125 2.3972381249999994 -0.5312499999999999
v 0.109375 2.4390706249999994 -0.5625
v 0.109375 2.4390706249999994 -0.53125
v 0.087136875 2.448281875 -0.5625
v 0.087136875 2.448281875 -0.53125
v 0.109375 2.5296793749999997 -0.5625
v 0.109375 2.5296793749999997 -0.53125
v 0.087136875 2.520468125 -0.5625
v 0.087136875 2.520468125 -0.53125
v 0.045304375 2.59375 -0.5625
v 0.045304375 2.59375 -0.53125
v 0.036093125 2.5715118749999997 -0.5625
v 0.036093125 2.5715118749999997 -0.53125
v -0.045304375 2.59375 -0.5625
v -0.045304375 2.59375 -0.53125
v -0.036093125 2.5715118749999997 -0.5625
v -0.036093125 2.5715118749999997 -0.53125
v -0.109375 2.5296793749999997 -0.5625
v -0.109375 2.5296793749999997 -0.53125
v -0.087136875 2.520468125 -0.5625
v -0.087136875 2.520468125 -0.53125
v -0.109375 2.4390706249999994 -0.5625
v -0.109375 2.4390706249999994 -0.53125
v -0.087136875 2.448281875 -0.5625
v -0.087136875 2.448281875 -0.53125
v -0.045304375 2.375 -0.5624999999999999
v -0.045304375 2.375 -0.5312499999999999
v -0.036093125 2.3972381249999994 -0.5624999999999999
v -0.036093125 2.3972381249999994 -0.5312499999999999
v 0.045304375 1.5 -0.5625
v 0.045304375 1.5 -0.53125
v 0.036093125 1.5222381249999999 -0.5625
v 0.036093125 1.522238125 -0.53125
v 0.109375 1.564070625 -0.5625
v 0.109375 1.564070625 -0.53125
v 0.087136875 1.573281875 -0.5625
v 0.087136875 1.573281875 -0.53125
v 0.109375 1.654679375 -0.5625
v 0.109375 1.654679375 -0.53125
v 0.087136875 1.645468125 -0.5625
v 0.087136875 1.645468125 -0.53125
v 0.045304375 1.71875 -0.5625
v 0.045304375 1.71875 -0.53125
v 0.036093125 1.6965118750000001 -0.5625
v 0.036093125 1.6965118750000001 -0.53125
v -0.045304375 1.71875 -0.5625
v -0.045304375 1.71875 -0.53125
v -0.036093125 1.6965118750000001 -0.5625
v -0.036093125 1.6965118750000001 -0.53125
v -0.109375 1.654679375 -0.5625
v -0.109375 1.654679375 -0.53125
v -0.087136875 1.645468125 -0.5625
v -0.087136875 1.645468125 -0.53125
v -0.109375 1.564070625 -0.5625
v -0.109375 1.564070625 -0.53125
v -0.087136875 1.573281875 -0.5625
v -0.087136875 1.573281875 -0.53125
v -0.045304375 1.5 -0.5625
v -0.045304375 1.5 -0.53125
v -0.036093125 1.5222381249999999 -0.5625
v -0.036093125 1.522238125 -0.53125
v 0.045304375 1.9375 -0.5625
v 0.045304375 1.9375 -0.53125
v 0.036093125 1.9597381249999999 -0.5625
v 0.036093125 1.959738125 -0.53125
v 0.109375 2.0015706249999994 -0.5625
v 0.109375 2.0015706249999994 -0.53125
v 0.087136875 2.010781875 -0.5625
v 0.087136875 2.010781875 -0.53125
v 0.109375 2.0921793749999997 -0.5625
v 0.109375 2.0921793749999997 -0.53125
v 0.087136875 2.082968125 -0.5625
v 0.087136875 2.082968125 -0.53125
v 0.045304375 2.15625 -0.5625
v 0.045304375 2.15625 -0.53125
v 0.036093125 2.1340118749999997 -0.5625
v 0.036093125 2.1340118749999997 -0.53125
v -0.045304375 2.15625 -0.5625
v -0.045304375 2.15625 -0.53125
v -0.036093125 2.1340118749999997 -0.5625
v -0.036093125 2.1340118749999997 -0.53125
v -0.109375 2.0921793749999997 -0.5625
v -0.109375 2.0921793749999997 -0.53125
v -0.087136875 2.082968125 -0.5625
v -0.087136875 2.082968125 -0.53125
v -0.109375 2.0015706249999994 -0.5625
v -0.109375 2.0015706249999994 -0.53125
v -0.087136875 2.010781875 -0.5625
v -0.087136875 2.010781875 -0.53125
v -0.045304375 1.9375 -0.5625
v -0.045304375 1.9375 -0.53125
v -0.036093125 1.9597381249999999 -0.5625
v -0.036093125 1.959738125 -0.53125
v 0 1.1718749999999998 -0.46874999999999994
v 0 1.1718749999999998 -0.37499999999999994
v 0.045304375 1.0624999999999998 -0.46875
v 0.045304375 1.0624999999999998 -0.375
v 0.109375 1.1265706249999998 -0.46874999999999994
v 0.109375 1.1265706249999998 -0.37499999999999994
v 0.109375 1.2171793749999997 -0.46874999999999994
v 0.109375 1.2171793749999997 -0.37499999999999994
v 0.045304375 1.2812499999999998 -0.46875
v 0.045304375 1.2812499999999998 -0.375
v -0.045304375 1.2812499999999998 -0.46875
v -0.045304375 1.2812499999999998 -0.375
v -0.109375 1.2171793749999997 -0.46874999999999994
v -0.109375 1.2171793749999997 -0.37499999999999994
v -0.109375 1.1265706249999998 -0.46874999999999994
v -0.109375 1.1265706249999998 -0.37499999999999994
v -0.045304375 1.0624999999999998 -0.46875
v -0.045304375 1.0624999999999998 -0.375
v 0 1.6093749999999998 -0.46875
v 0 1.6093749999999998 -0.375
v 0.045304375 1.4999999999999998 -0.46874999999999994
v 0.045304375 1.4999999999999998 -0.375
v 0.109375 1.5640706249999998 -0.46875
v 0.109375 1.5640706249999998 -0.375
v 0.109375 1.6546793749999997 -0.46874999999999994
v 0.109375 1.6546793749999997 -0.37499999999999994
v 0.045304375 1.7187499999999998 -0.46874999999999994
v 0.045304375 1.7187499999999998 -0.37499999999999994
v -0.045304375 1.7187499999999998 -0.46874999999999994
v -0.045304375 1.7187499999999998 -0.37499999999999994
v -0.109375 1.6546793749999997 -0.46874999999999994
v -0.109375 1.6546793749999997 -0.37499999999999994
v -0.109375 1.5640706249999998 -0.46875
v -0.109375 1.5640706249999998 -0.375
v -0.045304375 1.4999999999999998 -0.46874999999999994
v -0.045304375 1.4999999999999998 -0.375
v 0 2.046875 -0.46875
v 0 2.046875 -0.375
v 0.045304375 1.9374999999999998 -0.46874999999999994
v 0.045304375 1.9374999999999998 -0.37499999999999994
v 0.109375 2.0015706249999994 -0.46874999999999994
v 0.109375 2.0015706249999994 -0.375
v 0.109375 2.0921793749999997 -0.46875
v 0.109375 2.0921793749999997 -0.375
v 0.045304375 2.15625 -0.46874999999999994
v 0.045304375 2.15625 -0.37499999999999994
v -0.045304375 2.15625 -0.46874999999999994
v -0.045304375 2.15625 -0.37499999999999994
v -0.109375 2.0921793749999997 -0.46875
v -0.109375 2.0921793749999997 -0.375
v -0.109375 2.0015706249999994 -0.46874999999999994
v -0.109375 2.0015706249999994 -0.375
v -0.045304375 1.9374999999999998 -0.46874999999999994
v -0.045304375 1.9374999999999998 -0.37499999999999994
v 0 2.484375 -0.46874999999999994
v 0 2.484375 -0.37499999999999994
v 0.045304375 2.375 -0.46874999999999994
v 0.045304375 2.375 -0.37499999999999994
v 0.109375 2.4390706249999994 -0.46874999999999994
v 0.109375 2.4390706249999994 -0.37499999999999994
v 0.109375 2.5296793749999997 -0.46875
v 0.109375 2.5296793749999997 -0.375
v 0.045304375 2.59375 -0.46875
v 0.045304375 2.59375 -0.375
v -0.045304375 2.59375 -0.46875
v -0.045304375 2.59375 -0.375
v -0.109375 2.5296793749999997 -0.46875
v -0.109375 2.5296793749999997 -0.375
v -0.109375 2.4390706249999994 -0.46874999999999994
v -0.109375 2.4390706249999994 -0.37499999999999994
v -0.045304375 2.375 -0.46874999999999994
v -0.045304375 2.375 -0.37499999999999994
v -0.31728687499999997 1.4422868749999997 -0.4593749999999999
v -0.31728687499999997 1.442286875 -0.540625
v -0.25478687499999997 1.4422868749999997 -0.4593749999999999
v -0.25478687499999997 1.442286875 -0.540625
v -0.3172868750000001 1.1610368749999997 -0.4593749999999999
v -0.3172868750000001 1.161036875 -0.540625
v -0.2547868750000001 1.1610368749999997 -0.4593749999999999
v -0.2547868750000001 1.161036875 -0.540625
v -0.019057129722782076 0.9362993899243957 -0.465625
v -0.019057129722782076 0.9362993899243957 -0.5406249999999999
v -0.0312502748487901 0.8750003098991938 -0.465625
v -0.0312502748487901 0.8750003098991938 -0.5406249999999999
v -0.08035620974798398 0.9484925350504037 -0.465625
v -0.08035620974798398 0.9484925350504037 -0.540625
v -0.092549354873992 0.8871934550252017 -0.465625
v -0.092549354873992 0.8871934550252017 -0.5406249999999999
v -0.06863147517240836 0.9449353520410927 -0.465625
v -0.06863147517240836 0.9449353520410927 -0.540625
v -0.09254918969522646 0.8871928812591372 -0.465625
v -0.09254918969522646 0.8871928812591372 -0.5406249999999999
v -0.1263739459543638 0.9688530665639108 -0.465625
v -0.1263739459543638 0.9688530665639108 -0.540625
v -0.1502916604771819 0.9111105957819553 -0.465625
v -0.1502916604771819 0.9111105957819553 -0.5406249999999999
v -0.11556812010364062 0.963077436974093 -0.465625
v -0.11556812010364062 0.963077436974093 -0.540625
v -0.15029125966736576 0.9111105862051839 -0.465625
v -0.15029125966736576 0.9111105862051839 -0.5406249999999999
v -0.1675349708725497 0.9978005765378181 -0.465625
v -0.1675349708725497 0.9978005765378181 -0.540625
v -0.20225811043627484 0.945833725768909 -0.465625
v -0.20225811043627484 0.945833725768909 -0.540625
v -0.15806435352752235 0.9900279238241592 -0.465625
v -0.15806435352752235 0.9900279238241592 -0.540625
v -0.2022585273516816 0.9458337499999999 -0.465625
v -0.2022585273516816 0.9458337499999999 -0.540625
v -0.2022585273516816 1.0342220976483183 -0.46562500000000007
v -0.2022585273516816 1.0342220976483185 -0.540625
v -0.2464527011758408 0.9900279238241592 -0.465625
v -0.2464527011758408 0.9900279238241592 -0.540625
v -0.1944856588984567 1.024751303358541 -0.46562500000000007
v -0.1944856588984567 1.0247513033585411 -0.540625
v -0.2464525096673658 0.990028163794816 -0.465625
v -0.2464525096673658 0.990028163794816 -0.540625
v -0.22920879846218184 1.0767181541274502 -0.46562500000000007
v -0.22920879846218184 1.0767181541274504 -0.540625
v -0.28117564923109095 1.041995014563725 -0.46562500000000007
v -0.28117564923109095 1.0419950145637251 -0.540625
v -0.22343296891327105 1.0659129582636806 -0.46562500000000007
v -0.22343296891327105 1.0659129582636808 -0.540625
v -0.28117543969522646 1.0419952437408624 -0.46562500000000007
v -0.28117543969522646 1.0419952437408626 -0.540625
v -0.24735068343608918 1.123655429045636 -0.46562500000000007
v -0.24735068343608918 1.1236554290456362 -0.540625
v -0.30509315421804456 1.099737714522818 -0.46562500000000007
v -0.30509315421804456 1.0997377145228182 -0.540625
v -0.24379431982358815 1.111930335226814 -0.46562500000000007
v -0.24379431982358815 1.1119303352268142 -0.540625
v -0.30509339984879 1.099737190100806 -0.46562500000000007
v -0.30509339984879 1.0997371901008062 -0.540625
v -0.2559874649495962 1.1732294152520157 -0.465625
v -0.2559874649495962 1.173229415252016 -0.540625
v -0.3172865449747981 1.1610362701260077 -0.465625
v -0.3172865449747981 1.161036270126008 -0.540625
v 0.08035620974798396 0.9484925350504037 -0.465625
v 0.08035620974798396 0.9484925350504037 -0.540625
v 0.09254935487399199 0.8871934550252017 -0.465625
v 0.09254935487399199 0.8871934550252017 -0.5406249999999999
v 0.019057129722782062 0.9362993899243957 -0.465625
v 0.019057129722782062 0.9362993899243957 -0.5406249999999999
v 0.03125027484879009 0.8750003098991938 -0.465625
v 0.03125027484879009 0.8750003098991938 -0.5406249999999999
v 0.1263739459543638 0.9688530665639108 -0.465625
v 0.1263739459543638 0.9688530665639108 -0.540625
v 0.1502916604771819 0.9111105957819553 -0.465625
v 0.1502916604771819 0.9111105957819553 -0.5406249999999999
v 0.06863147517240836 0.9449353520410927 -0.465625
v 0.06863147517240836 0.9449353520410927 -0.540625
v 0.09254918969522646 0.8871928812591372 -0.465625
v 0.09254918969522646 0.8871928812591372 -0.5406249999999999
v 0.16753497087254968 0.9978005765378181 -0.465625
v 0.16753497087254968 0.9978005765378181 -0.540625
v 0.2022581104362748 0.945833725768909 -0.465625
v 0.2022581104362748 0.945833725768909 -0.540625
v 0.11556812010364059 0.963077436974093 -0.465625
v 0.11556812010364059 0.963077436974093 -0.540625
v 0.15029125966736573 0.9111105862051839 -0.465625
v 0.15029125966736573 0.9111105862051839 -0.5406249999999999
v 0.2022585273516816 1.0342220976483183 -0.46562500000000007
v 0.2022585273516816 1.0342220976483185 -0.540625
v 0.2464527011758408 0.9900279238241592 -0.465625
v 0.2464527011758408 0.9900279238241592 -0.540625
v 0.15806435352752235 0.9900279238241592 -0.465625
v 0.15806435352752235 0.9900279238241592 -0.540625
v 0.2022585273516816 0.9458337499999999 -0.465625
v 0.2022585273516816 0.9458337499999999 -0.540625
v 0.22920879846218184 1.0767181541274502 -0.46562500000000007
v 0.22920879846218184 1.0767181541274504 -0.540625
v 0.28117564923109095 1.041995014563725 -0.46562500000000007
v 0.28117564923109095 1.0419950145637251 -0.540625
v 0.1944856588984567 1.024751303358541 -0.46562500000000007
v 0.1944856588984567 1.0247513033585411 -0.540625
v 0.2464525096673658 0.990028163794816 -0.465625
v 0.2464525096673658 0.990028163794816 -0.540625
v 0.24735068343608918 1.123655429045636 -0.46562500000000007
v 0.24735068343608918 1.1236554290456362 -0.540625
v 0.30509315421804456 1.099737714522818 -0.46562500000000007
v 0.30509315421804456 1.0997377145228182 -0.540625
v 0.22343296891327105 1.0659129582636806 -0.46562500000000007
v 0.22343296891327105 1.0659129582636808 -0.540625
v 0.28117543969522646 1.0419952437408624 -0.46562500000000007
v 0.28117543969522646 1.0419952437408626 -0.540625
v 0.2559874649495962 1.1732294152520157 -0.465625
v 0.2559874649495962 1.173229415252016 -0.540625
v 0.3172865449747981 1.1610362701260077 -0.465625
v 0.3172865449747981 1.161036270126008 -0.540625
v 0.24379431982358815 1.111930335226814 -0.46562500000000007
v 0.24379431982358815 1.1119303352268142 -0.540625
v 0.30509339984879 1.099737190100806 -0.46562500000000007
v 0.30509339984879 1.0997371901008062 -0.540625
v 0.3172868750000001 1.1610368749999997 -0.4593749999999999
v 0.3172868750000001 1.161036875 -0.540625
v 0.254786875 1.1610368749999997 -0.4593749999999999
v 0.254786875 1.161036875 -0.540625
v 0.31728687499999997 1.4422868749999997 -0.4593749999999999
v 0.31728687499999997 1.442286875 -0.540625
v 0.25478687499999997 1.4422868749999997 -0.4593749999999999
v 0.25478687499999997 1.442286875 -0.540625
v 0.03125 0.9374999999999999 -0.46249999999999997
v 0.03125 0.9374999999999999 -0.5406249999999999
v 0.03125 0.8749999999999999 -0.46249999999999997
v 0.03125 0.8749999999999999 -0.5406249999999999
v -0.03125 0.9374999999999999 -0.46249999999999997
v -0.03125 0.9374999999999999 -0.5406249999999999
v -0.03125 0.8749999999999999 -0.46249999999999997
v -0.03125 0.8749999999999999 -0.5406249999999999
v 0.171875 0.9999999999999998 -0.46874999999999994
v 0.171875 1 -0.53125
v 0.171875 0.9374999999999999 -0.46874999999999994
v 0.171875 0.9374999999999999 -0.53125
v -0.171875 0.9999999999999998 -0.46874999999999994
v -0.171875 1 -0.53125
v -0.171875 0.9374999999999999 -0.46874999999999994
v -0.171875 0.9374999999999999 -0.53125
v 0.21875 1.0624999999999998 -0.46875
v 0.21875 1.0625 -0.53125
v 0.21875 0.9999999999999998 -0.46874999999999994
v 0.21875 1 -0.53125
v -0.21875 1.0624999999999998 -0.46875
v -0.21875 1.0625 -0.53125
v -0.21875 0.9999999999999998 -0.46874999999999994
v -0.21875 1 -0.53125
v 0.28125 1.4374999999999998 -0.46874999999999994
v 0.28125 1.4375 -0.53125
v 0.28125 1.0624999999999998 -0.46875
v 0.28125 1.0625 -0.53125
v -0.28125 1.4374999999999998 -0.46874999999999994
v -0.28125 1.4375 -0.53125
v -0.28125 1.0624999999999998 -0.46875
v -0.28125 1.0625 -0.53125
v 0.125 1.296875 -0.5312499999999999
v 0.125 1.296875 -0.5375
v 0.125 1.109375 -0.53125
v 0.125 1.109375 -0.5375000000000001
v -0.125 1.296875 -0.5312499999999999
v -0.125 1.296875 -0.5375
v -0.125 1.109375 -0.53125
v -0.125 1.109375 -0.5375000000000001
v 0.0625 1.3124999999999998 -0.484375
v 0.0625 1.3125 -0.7812499999999999
v 0.0625 1.2812499999999998 -0.484375
v 0.0625 1.28125 -0.7812499999999999
v -0.0625 1.3124999999999998 -0.484375
v -0.0625 1.3125 -0.7812499999999999
v -0.0625 1.2812499999999998 -0.484375
v -0.0625 1.28125 -0.7812499999999999
v 0.10580692863070452 1.2945618676954889 -0.5
v 0.10580692863070452 1.2945618676954889 -0.7656249999999999
v 0.09384807136929547 1.265690632304511 -0.5
v 0.09384807136929547 1.265690632304511 -0.7656249999999999
v 0.06250007554423796 1.3125001535876024 -0.5
v 0.06250007554423796 1.3125001535876024 -0.7656249999999999
v 0.05054121828282891 1.2836289181966245 -0.5
v 0.05054121828282891 1.2836289181966247 -0.7656249999999999
v 0.12268662778005801 1.2776817091320214 -0.484375
v 0.12268662778005801 1.2776817091320216 -0.7499999999999999
v 0.10058954086797839 1.2555846222199418 -0.48437499999999994
v 0.10058954086797839 1.255584622219942 -0.7499999999999999
v 0.1058066630879204 1.294561673824159 -0.484375
v 0.1058066630879204 1.2945616738241592 -0.7499999999999999
v 0.0837095761758408 1.2724645869120794 -0.484375
v 0.0837095761758408 1.2724645869120796 -0.7499999999999999
v 0.14062499269548884 1.2343750536307043 -0.48437499999999994
v 0.14062499269548884 1.2343750536307045 -0.71875
v 0.11175375730451113 1.2224161963692954 -0.48437499999999994
v 0.11175375730451113 1.2224161963692957 -0.71875
v 0.12268670680337526 1.277681906717171 -0.484375
v 0.12268670680337526 1.2776819067171712 -0.7187499999999999
v 0.09381547141239754 1.2657230494557619 -0.484375
v 0.09381547141239754 1.265723049455762 -0.7187499999999999
v 0.10937500000000001 1.2343749999999998 -0.49999999999999994
v 0.10937500000000001 1.234375 -0.6875
v 0.140625 1.2343749999999998 -0.49999999999999994
v 0.140625 1.234375 -0.6875
v 0.109375 1.1718749999999998 -0.49999999999999994
v 0.109375 1.171875 -0.6875
v 0.140625 1.1718749999999998 -0.49999999999999994
v 0.140625 1.171875 -0.6875
v 0.10937500000000001 1.1718749999999998 -0.48437499999999994
v 0.10937500000000001 1.171875 -0.640625
v 0.140625 1.1718749999999998 -0.48437499999999994
v 0.140625 1.171875 -0.640625
v 0.109375 1.1406249999999998 -0.48437499999999994
v 0.109375 1.140625 -0.640625
v 0.140625 1.1406249999999998 -0.48437499999999994
v 0.140625 1.140625 -0.640625
v -0.06250007554423796 1.3125001535876024 -0.5
v -0.06250007554423796 1.3125001535876024 -0.7656249999999999
v -0.05054121828282891 1.2836289181966245 -0.5
v -0.05054121828282891 1.2836289181966247 -0.7656249999999999
v -0.10580692863070452 1.2945618676954889 -0.5
v -0.10580692863070452 1.2945618676954889 -0.7656249999999999
v -0.09384807136929547 1.265690632304511 -0.5
v -0.09384807136929547 1.265690632304511 -0.7656249999999999
v -0.109375 1.1406249999999998 -0.48437499999999994
v -0.109375 1.140625 -0.640625
v -0.140625 1.1406249999999998 -0.48437499999999994
v -0.140625 1.140625 -0.640625
v -0.10937500000000001 1.1718749999999998 -0.48437499999999994
v -0.10937500000000001 1.171875 -0.640625
v -0.140625 1.1718749999999998 -0.48437499999999994
v -0.140625 1.171875 -0.640625
v -0.109375 1.1718749999999998 -0.48437499999999994
v -0.109375 1.171875 -0.6875
v -0.140625 1.1718749999999998 -0.48437499999999994
v -0.140625 1.171875 -0.6875
v -0.10937500000000001 1.2343749999999998 -0.48437499999999994
v -0.10937500000000001 1.234375 -0.6875
v -0.140625 1.2343749999999998 -0.48437499999999994
v -0.140625 1.234375 -0.6875
v -0.12268670680337526 1.277681906717171 -0.484375
v -0.12268670680337526 1.2776819067171712 -0.7187499999999999
v -0.09381547141239754 1.2657230494557619 -0.484375
v -0.09381547141239754 1.265723049455762 -0.7187499999999999
v -0.14062499269548884 1.2343750536307043 -0.48437499999999994
v -0.14062499269548884 1.2343750536307045 -0.71875
v -0.11175375730451113 1.2224161963692954 -0.48437499999999994
v -0.11175375730451113 1.2224161963692957 -0.71875
v -0.1058066630879204 1.294561673824159 -0.484375
v -0.1058066630879204 1.2945616738241592 -0.7499999999999999
v -0.0837095761758408 1.2724645869120794 -0.484375
v -0.0837095761758408 1.2724645869120796 -0.7499999999999999
v -0.12268662778005801 1.2776817091320214 -0.484375
v -0.12268662778005801 1.2776817091320216 -0.7499999999999999
v -0.10058954086797839 1.2555846222199418 -0.48437499999999994
v -0.10058954086797839 1.255584622219942 -0.7499999999999999
v -0.254786875 2.3077131249999994 -0.459375
v -0.254786875 2.3077131249999994 -0.5406249999999999
v -0.317286875 2.3077131249999994 -0.459375
v -0.317286875 2.3077131249999994 -0.5406249999999999
v -0.2547868750000001 2.5264631249999994 -0.459375
v -0.2547868750000001 2.5264631249999994 -0.540625
v -0.3172868750000001 2.5264631249999994 -0.459375
v -0.3172868750000001 2.5264631249999994 -0.540625
v -0.0312502748487901 2.8124996901008057 -0.46562500000000007
v -0.0312502748487901 2.8124996901008057 -0.5406249999999999
v -0.019057129722782076 2.751200610075604 -0.465625
v -0.019057129722782076 2.751200610075604 -0.5406249999999999
v -0.092549354873992 2.8003065449747977 -0.46562500000000007
v -0.092549354873992 2.8003065449747977 -0.5406249999999999
v -0.08035620974798398 2.739007464949596 -0.465625
v -0.08035620974798398 2.739007464949596 -0.540625
v -0.09254918969522646 2.8003071187408626 -0.46562500000000007
v -0.09254918969522646 2.8003071187408626 -0.5406249999999999
v -0.06863147517240836 2.7425646479589076 -0.465625
v -0.06863147517240836 2.7425646479589076 -0.540625
v -0.1502916604771819 2.776389404218045 -0.46562500000000007
v -0.1502916604771819 2.776389404218045 -0.5406249999999999
v -0.1263739459543638 2.718646933436089 -0.465625
v -0.1263739459543638 2.718646933436089 -0.540625
v -0.1502912596673658 2.776389413794816 -0.5406249999999999
v -0.11556812010364068 2.7244225630259065 -0.465625
v -0.11556812010364068 2.7244225630259065 -0.540625
v -0.2022581104362749 2.7416662742310907 -0.465625
v -0.2022581104362749 2.7416662742310907 -0.540625
v -0.16753497087254976 2.689699423462182 -0.465625
v -0.16753497087254976 2.689699423462182 -0.540625
v -0.2022585273516816 2.7416662499999997 -0.465625
v -0.2022585273516816 2.7416662499999997 -0.540625
v -0.15806435352752235 2.697472076175841 -0.465625
v -0.15806435352752235 2.697472076175841 -0.540625
v -0.2464527011758408 2.697472076175841 -0.465625
v -0.2464527011758408 2.697472076175841 -0.540625
v -0.2022585273516816 2.6532779023516815 -0.465625
v -0.2022585273516816 2.6532779023516815 -0.540625
v -0.2464525096673658 2.6974718362051835 -0.465625
v -0.2464525096673658 2.6974718362051835 -0.540625
v -0.1944856588984567 2.662748696641459 -0.465625
v -0.1944856588984567 2.662748696641459 -0.540625
v -0.28117564923109095 2.6455049854362747 -0.465625
v -0.28117564923109095 2.6455049854362747 -0.540625
v -0.22920879846218184 2.61078184587255 -0.46562500000000007
v -0.22920879846218184 2.61078184587255 -0.540625
v -0.28117543969522646 2.645504756259137 -0.465625
v -0.28117543969522646 2.645504756259137 -0.540625
v -0.22343296891327105 2.621587041736319 -0.46562500000000007
v -0.22343296891327105 2.621587041736319 -0.540625
v -0.30509315421804456 2.587762285477181 -0.46562500000000007
v -0.30509315421804456 2.587762285477181 -0.540625
v -0.24735068343608918 2.5638445709543634 -0.46562500000000007
v -0.24735068343608918 2.5638445709543634 -0.540625
v -0.30509339984879 2.5877628098991936 -0.46562500000000007
v -0.30509339984879 2.5877628098991936 -0.540625
v -0.24379431982358815 2.5755696647731856 -0.46562500000000007
v -0.24379431982358815 2.5755696647731856 -0.540625
v -0.3172865449747981 2.526463729873992 -0.46562500000000007
v -0.3172865449747981 2.526463729873992 -0.540625
v -0.2559874649495962 2.514270584747984 -0.465625
v -0.2559874649495962 2.514270584747984 -0.540625
v 0.09254935487399199 2.8003065449747977 -0.46562500000000007
v 0.09254935487399199 2.8003065449747977 -0.5406249999999999
v 0.08035620974798396 2.739007464949596 -0.465625
v 0.08035620974798396 2.739007464949596 -0.540625
v 0.03125027484879009 2.8124996901008057 -0.46562500000000007
v 0.03125027484879009 2.8124996901008057 -0.5406249999999999
v 0.019057129722782062 2.751200610075604 -0.465625
v 0.019057129722782062 2.751200610075604 -0.5406249999999999
v 0.1502916604771819 2.776389404218045 -0.46562500000000007
v 0.1502916604771819 2.776389404218045 -0.5406249999999999
v 0.1263739459543638 2.718646933436089 -0.465625
v 0.1263739459543638 2.718646933436089 -0.540625
v 0.09254918969522646 2.8003071187408626 -0.46562500000000007
v 0.09254918969522646 2.8003071187408626 -0.5406249999999999
v 0.06863147517240836 2.7425646479589076 -0.465625
v 0.06863147517240836 2.7425646479589076 -0.540625
v 0.20225811043627487 2.7416662742310907 -0.465625
v 0.20225811043627487 2.7416662742310907 -0.540625
v 0.16753497087254973 2.689699423462182 -0.465625
v 0.16753497087254973 2.689699423462182 -0.540625
v 0.15029125966736578 2.776389413794816 -0.46562500000000007
v 0.15029125966736578 2.776389413794816 -0.5406249999999999
v 0.11556812010364065 2.7244225630259065 -0.465625
v 0.11556812010364065 2.7244225630259065 -0.540625
v 0.2464527011758408 2.697472076175841 -0.465625
v 0.2464527011758408 2.697472076175841 -0.540625
v 0.2022585273516816 2.6532779023516815 -0.465625
v 0.2022585273516816 2.6532779023516815 -0.540625
v 0.2022585273516816 2.7416662499999997 -0.465625
v 0.2022585273516816 2.7416662499999997 -0.540625
v 0.15806435352752235 2.697472076175841 -0.465625
v 0.15806435352752235 2.697472076175841 -0.540625
v 0.28117564923109095 2.6455049854362747 -0.465625
v 0.28117564923109095 2.6455049854362747 -0.540625
v 0.22920879846218184 2.61078184587255 -0.46562500000000007
v 0.22920879846218184 2.61078184587255 -0.540625
v 0.2464525096673658 2.6974718362051835 -0.465625
v 0.2464525096673658 2.6974718362051835 -0.540625
v 0.1944856588984567 2.662748696641459 -0.465625
v 0.1944856588984567 2.662748696641459 -0.540625
v 0.30509315421804456 2.587762285477181 -0.46562500000000007
v 0.30509315421804456 2.587762285477181 -0.540625
v 0.24735068343608918 2.5638445709543634 -0.46562500000000007
v 0.24735068343608918 2.5638445709543634 -0.540625
v 0.28117543969522646 2.645504756259137 -0.465625
v 0.28117543969522646 2.645504756259137 -0.540625
v 0.22343296891327105 2.621587041736319 -0.46562500000000007
v 0.22343296891327105 2.621587041736319 -0.540625
v 0.3172865449747981 2.526463729873992 -0.46562500000000007
v 0.3172865449747981 2.526463729873992 -0.540625
v 0.2559874649495962 2.514270584747984 -0.465625
v 0.2559874649495962 2.514270584747984 -0.540625
v 0.30509339984879 2.5877628098991936 -0.46562500000000007
v 0.30509339984879 2.5877628098991936 -0.540625
v 0.24379431982358815 2.5755696647731856 -0.46562500000000007
v 0.24379431982358815 2.5755696647731856 -0.540625
v 0.2547868750000001 2.5264631249999994 -0.459375
v 0.2547868750000001 2.5264631249999994 -0.540625
v 0.3172868750000001 2.5264631249999994 -0.459375
v 0.3172868750000001 2.5264631249999994 -0.540625
v 0.254786875 2.3077131249999994 -0.459375
v 0.254786875 2.3077131249999994 -0.5406249999999999
v 0.317286875 2.3077131249999994 -0.459375
v 0.317286875 2.3077131249999994 -0.5406249999999999
v 0.03125 2.8125 -0.4625
v 0.03125 2.8125 -0.5406249999999999
v 0.03125 2.75 -0.46249999999999997
v 0.03125 2.75 -0.540625
v -0.03125 2.8125 -0.4625
v -0.03125 2.8125 -0.5406249999999999
v -0.03125 2.75 -0.46249999999999997
v -0.03125 2.75 -0.540625
v 0.125 2.609375 -0.53125
v 0.125 2.609375 -0.5375000000000001
v 0.125 2.421875 -0.53125
v 0.125 2.421875 -0.5375000000000001
v -0.125 2.609375 -0.53125
v -0.125 2.609375 -0.5375000000000001
v -0.125 2.421875 -0.53125
v -0.125 2.421875 -0.5375000000000001
v 0.0625 2.625 -0.484375
v 0.0625 2.625 -0.78125
v 0.0625 2.59375 -0.484375
v 0.0625 2.59375 -0.78125
v -0.0625 2.625 -0.484375
v -0.0625 2.625 -0.78125
v -0.0625 2.59375 -0.484375
v -0.0625 2.59375 -0.78125
v 0.10580692863070452 2.6070618676954886 -0.5
v 0.10580692863070452 2.6070618676954886 -0.765625
v 0.09384807136929547 2.578190632304511 -0.5
v 0.09384807136929547 2.578190632304511 -0.765625
v 0.06250007554423796 2.625000153587602 -0.49999999999999994
v 0.06250007554423796 2.625000153587602 -0.765625
v 0.05054121828282891 2.5961289181966247 -0.5
v 0.05054121828282891 2.5961289181966247 -0.765625
v 0.12268662778005801 2.590181709132021 -0.484375
v 0.12268662778005801 2.590181709132021 -0.75
v 0.10058954086797839 2.568084622219942 -0.484375
v 0.10058954086797839 2.568084622219942 -0.75
v 0.1058066630879204 2.607061673824159 -0.484375
v 0.1058066630879204 2.607061673824159 -0.75
v 0.0837095761758408 2.584964586912079 -0.484375
v 0.0837095761758408 2.584964586912079 -0.75
v 0.14062499269548884 2.5468750536307043 -0.484375
v 0.14062499269548884 2.5468750536307043 -0.71875
v 0.11175375730451113 2.534916196369295 -0.484375
v 0.11175375730451113 2.534916196369295 -0.71875
v 0.12268670680337526 2.590181906717171 -0.484375
v 0.12268670680337526 2.590181906717171 -0.71875
v 0.09381547141239754 2.5782230494557616 -0.484375
v 0.09381547141239754 2.5782230494557616 -0.71875
v 0.10937500000000001 2.546875 -0.5
v 0.10937500000000001 2.546875 -0.6875
v 0.140625 2.546875 -0.5
v 0.140625 2.546875 -0.6875
v 0.109375 2.484375 -0.49999999999999994
v 0.109375 2.484375 -0.6875
v 0.140625 2.484375 -0.49999999999999994
v 0.140625 2.484375 -0.6875
v 0.10937500000000001 2.484375 -0.48437499999999994
v 0.10937500000000001 2.484375 -0.640625
v 0.140625 2.484375 -0.48437499999999994
v 0.140625 2.484375 -0.640625
v 0.109375 2.453125 -0.48437499999999994
v 0.109375 2.453125 -0.640625
v 0.140625 2.453125 -0.48437499999999994
v 0.140625 2.453125 -0.640625
v -0.06250007554423796 2.625000153587602 -0.49999999999999994
v -0.06250007554423796 2.625000153587602 -0.765625
v -0.05054121828282891 2.5961289181966247 -0.5
v -0.05054121828282891 2.5961289181966247 -0.765625
v -0.10580692863070452 2.6070618676954886 -0.5
v -0.10580692863070452 2.6070618676954886 -0.765625
v -0.09384807136929547 2.578190632304511 -0.5
v -0.09384807136929547 2.578190632304511 -0.765625
v -0.109375 2.453125 -0.48437499999999994
v -0.109375 2.453125 -0.640625
v -0.140625 2.453125 -0.48437499999999994
v -0.140625 2.453125 -0.640625
v -0.10937500000000001 2.484375 -0.48437499999999994
v -0.10937500000000001 2.484375 -0.640625
v -0.140625 2.484375 -0.48437499999999994
v -0.140625 2.484375 -0.640625
v -0.109375 2.484375 -0.48437499999999994
v -0.109375 2.484375 -0.6875
v -0.140625 2.484375 -0.48437499999999994
v -0.140625 2.484375 -0.6875
v -0.10937500000000001 2.546875 -0.484375
v -0.10937500000000001 2.546875 -0.6875
v -0.140625 2.546875 -0.484375
v -0.140625 2.546875 -0.6875
v -0.12268670680337526 2.590181906717171 -0.484375
v -0.12268670680337526 2.590181906717171 -0.71875
v -0.09381547141239754 2.5782230494557616 -0.484375
v -0.09381547141239754 2.5782230494557616 -0.71875
v -0.14062499269548884 2.5468750536307043 -0.484375
v -0.14062499269548884 2.5468750536307043 -0.71875
v -0.11175375730451113 2.534916196369295 -0.484375
v -0.11175375730451113 2.534916196369295 -0.71875
v -0.1058066630879204 2.607061673824159 -0.484375
v -0.1058066630879204 2.607061673824159 -0.75
v -0.0837095761758408 2.584964586912079 -0.484375
v -0.0837095761758408 2.584964586912079 -0.75
v -0.12268662778005801 2.590181709132021 -0.484375
v -0.12268662778005801 2.590181709132021 -0.75
v -0.10058954086797839 2.568084622219942 -0.484375
v -0.10058954086797839 2.568084622219942 -0.75
v 0.28125 2.625 -0.46875
v 0.28125 2.625 -0.53125
v 0.28125 2.3125 -0.46875
v 0.28125 2.3125 -0.5312499999999999
v -0.28125 2.625 -0.46875
v -0.28125 2.625 -0.53125
v -0.28125 2.3125 -0.46875
v -0.28125 2.3125 -0.5312499999999999
v 0.21875 2.6875 -0.46874999999999994
v 0.21875 2.6875 -0.53125
v 0.21875 2.625 -0.46875
v 0.21875 2.625 -0.53125
v -0.21875 2.6875 -0.46874999999999994
v -0.21875 2.6875 -0.53125
v -0.21875 2.625 -0.46875
v -0.21875 2.625 -0.53125
v 0.171875 2.75 -0.46874999999999994
v 0.171875 2.75 -0.5312499999999999
v 0.171875 2.6875 -0.46874999999999994
v 0.171875 2.6875 -0.53125
v -0.171875 2.75 -0.46874999999999994
v -0.171875 2.75 -0.5312499999999999
v -0.171875 2.6875 -0.46874999999999994
v -0.171875 2.6875 -0.53125
v 0.28125 1.8749999999999998 -0.46874999999999994
v 0.28125 1.875 -0.5312499999999999
v 0.28125 1.4374999999999998 -0.46874999999999994
v 0.28125 1.4375 -0.53125
v -0.28125 1.8749999999999998 -0.46874999999999994
v -0.28125 1.875 -0.5312499999999999
v -0.28125 1.4374999999999998 -0.46874999999999994
v -0.28125 1.4375 -0.53125
v 0.125 1.734375 -0.53125
v 0.125 1.734375 -0.5375000000000001
v 0.125 1.546875 -0.53125
v 0.125 1.546875 -0.5375000000000001
v -0.125 1.734375 -0.53125
v -0.125 1.734375 -0.5375000000000001
v -0.125 1.546875 -0.53125
v -0.125 1.546875 -0.5375000000000001
v 0.0625 1.7499999999999998 -0.48437499999999994
v 0.0625 1.75 -0.7812499999999999
v 0.0625 1.7187499999999998 -0.48437499999999994
v 0.0625 1.71875 -0.78125
v -0.0625 1.7499999999999998 -0.48437499999999994
v -0.0625 1.75 -0.7812499999999999
v -0.0625 1.7187499999999998 -0.48437499999999994
v -0.0625 1.71875 -0.78125
v 0.10580692863070452 1.7320618676954889 -0.49999999999999994
v 0.10580692863070452 1.7320618676954889 -0.765625
v 0.09384807136929547 1.703190632304511 -0.49999999999999994
v 0.09384807136929547 1.703190632304511 -0.765625
v 0.06250007554423796 1.7500001535876024 -0.49999999999999994
v 0.06250007554423796 1.7500001535876024 -0.7656249999999999
v 0.05054121828282891 1.7211289181966245 -0.49999999999999994
v 0.05054121828282891 1.7211289181966247 -0.765625
v 0.12268662778005801 1.7151817091320214 -0.48437499999999994
v 0.12268662778005801 1.7151817091320216 -0.75
v 0.10058954086797839 1.6930846222199418 -0.48437499999999994
v 0.10058954086797839 1.693084622219942 -0.75
v 0.1058066630879204 1.732061673824159 -0.48437499999999994
v 0.1058066630879204 1.7320616738241592 -0.75
v 0.0837095761758408 1.7099645869120794 -0.48437499999999994
v 0.0837095761758408 1.7099645869120796 -0.75
v 0.14062499269548884 1.6718750536307043 -0.48437499999999994
v 0.14062499269548884 1.6718750536307045 -0.71875
v 0.11175375730451113 1.6599161963692954 -0.48437499999999994
v 0.11175375730451113 1.6599161963692957 -0.71875
v 0.12268670680337526 1.715181906717171 -0.48437499999999994
v 0.12268670680337526 1.7151819067171712 -0.71875
v 0.09381547141239754 1.7032230494557619 -0.48437499999999994
v 0.09381547141239754 1.703223049455762 -0.71875
v 0.10937500000000001 1.6718749999999998 -0.49999999999999994
v 0.10937500000000001 1.671875 -0.6875
v 0.140625 1.6718749999999998 -0.49999999999999994
v 0.140625 1.671875 -0.6875
v 0.109375 1.6093749999999998 -0.5
v 0.109375 1.609375 -0.6875
v 0.140625 1.6093749999999998 -0.5
v 0.140625 1.609375 -0.6875
v 0.10937500000000001 1.6093749999999998 -0.484375
v 0.10937500000000001 1.609375 -0.640625
v 0.140625 1.6093749999999998 -0.484375
v 0.140625 1.609375 -0.640625
v 0.109375 1.5781249999999998 -0.484375
v 0.109375 1.578125 -0.640625
v 0.140625 1.5781249999999998 -0.484375
v 0.140625 1.578125 -0.640625
v -0.06250007554423796 1.7500001535876024 -0.49999999999999994
v -0.06250007554423796 1.7500001535876024 -0.7656249999999999
v -0.05054121828282891 1.7211289181966245 -0.49999999999999994
v -0.05054121828282891 1.7211289181966247 -0.765625
v -0.10580692863070452 1.7320618676954889 -0.49999999999999994
v -0.10580692863070452 1.7320618676954889 -0.765625
v -0.09384807136929547 1.703190632304511 -0.49999999999999994
v -0.09384807136929547 1.703190632304511 -0.765625
v -0.109375 1.5781249999999998 -0.484375
v -0.109375 1.578125 -0.640625
v -0.140625 1.5781249999999998 -0.484375
v -0.140625 1.578125 -0.640625
v -0.10937500000000001 1.6093749999999998 -0.484375
v -0.10937500000000001 1.609375 -0.640625
v -0.140625 1.6093749999999998 -0.484375
v -0.140625 1.609375 -0.640625
v -0.109375 1.6093749999999998 -0.484375
v -0.109375 1.609375 -0.6875
v -0.140625 1.6093749999999998 -0.484375
v -0.140625 1.609375 -0.6875
v -0.10937500000000001 1.6718749999999998 -0.48437499999999994
v -0.10937500000000001 1.671875 -0.6875
v -0.140625 1.6718749999999998 -0.48437499999999994
v -0.140625 1.671875 -0.6875
v -0.12268670680337526 1.715181906717171 -0.48437499999999994
v -0.12268670680337526 1.7151819067171712 -0.71875
v -0.09381547141239754 1.7032230494557619 -0.48437499999999994
v -0.09381547141239754 1.703223049455762 -0.71875
v -0.14062499269548884 1.6718750536307043 -0.48437499999999994
v -0.14062499269548884 1.6718750536307045 -0.71875
v -0.11175375730451113 1.6599161963692954 -0.48437499999999994
v -0.11175375730451113 1.6599161963692957 -0.71875
v -0.1058066630879204 1.732061673824159 -0.48437499999999994
v -0.1058066630879204 1.7320616738241592 -0.75
v -0.0837095761758408 1.7099645869120794 -0.48437499999999994
v -0.0837095761758408 1.7099645869120796 -0.75
v -0.12268662778005801 1.7151817091320214 -0.48437499999999994
v -0.12268662778005801 1.7151817091320216 -0.75
v -0.10058954086797839 1.6930846222199418 -0.48437499999999994
v -0.10058954086797839 1.693084622219942 -0.75
v -0.254786875 1.8749999999999998 -0.4593749999999999
v -0.254786875 1.875 -0.5406249999999999
v -0.254786875 1.4374999999999998 -0.4593749999999999
v -0.254786875 1.4375 -0.5406249999999999
v -0.317286875 1.8749999999999998 -0.4593749999999999
v -0.317286875 1.875 -0.5406249999999999
v -0.317286875 1.4374999999999998 -0.4593749999999999
v -0.317286875 1.4375 -0.5406249999999999
v 0.317286875 1.8749999999999998 -0.4593749999999999
v 0.317286875 1.875 -0.5406249999999999
v 0.317286875 1.4374999999999998 -0.4593749999999999
v 0.317286875 1.4375 -0.5406249999999999
v 0.254786875 1.8749999999999998 -0.4593749999999999
v 0.254786875 1.875 -0.5406249999999999
v 0.254786875 1.4374999999999998 -0.4593749999999999
v 0.254786875 1.4375 -0.5406249999999999
v 0.28125 2.3125 -0.46875
v 0.28125 2.3125 -0.5312499999999999
v 0.28125 1.8749999999999998 -0.46874999999999994
v 0.28125 1.875 -0.5312499999999999
v -0.28125 2.3125 -0.46875
v -0.28125 2.3125 -0.5312499999999999
v -0.28125 1.8749999999999998 -0.46874999999999994
v -0.28125 1.875 -0.5312499999999999
v 0.125 2.171875 -0.53125
v 0.125 2.171875 -0.5375000000000001
v 0.125 1.984375 -0.53125
v 0.125 1.984375 -0.5375000000000001
v -0.125 2.171875 -0.53125
v -0.125 2.171875 -0.5375000000000001
v -0.125 1.984375 -0.53125
v -0.125 1.984375 -0.5375000000000001
v 0.0625 2.1875 -0.48437499999999994
v 0.0625 2.1875 -0.78125
v 0.0625 2.15625 -0.48437499999999994
v 0.0625 2.15625 -0.78125
v -0.0625 2.1875 -0.48437499999999994
v -0.0625 2.1875 -0.78125
v -0.0625 2.15625 -0.48437499999999994
v -0.0625 2.15625 -0.78125
v 0.10580692863070452 2.1695618676954886 -0.49999999999999994
v 0.10580692863070452 2.1695618676954886 -0.765625
v 0.09384807136929547 2.140690632304511 -0.49999999999999994
v 0.09384807136929547 2.140690632304511 -0.765625
v 0.06250007554423796 2.187500153587602 -0.49999999999999994
v 0.06250007554423796 2.187500153587602 -0.765625
v 0.05054121828282891 2.1586289181966247 -0.49999999999999994
v 0.05054121828282891 2.1586289181966247 -0.765625
v 0.12268662778005801 2.152681709132021 -0.48437499999999994
v 0.12268662778005801 2.152681709132021 -0.75
v 0.10058954086797839 2.130584622219942 -0.48437499999999994
v 0.10058954086797839 2.130584622219942 -0.75
v 0.1058066630879204 2.169561673824159 -0.48437499999999994
v 0.1058066630879204 2.169561673824159 -0.75
v 0.0837095761758408 2.147464586912079 -0.48437499999999994
v 0.0837095761758408 2.147464586912079 -0.75
v 0.14062499269548884 2.1093750536307043 -0.484375
v 0.14062499269548884 2.1093750536307043 -0.71875
v 0.11175375730451113 2.097416196369295 -0.484375
v 0.11175375730451113 2.097416196369295 -0.71875
v 0.12268670680337526 2.152681906717171 -0.48437499999999994
v 0.12268670680337526 2.152681906717171 -0.71875
v 0.09381547141239754 2.1407230494557616 -0.48437499999999994
v 0.09381547141239754 2.1407230494557616 -0.71875
v 0.10937500000000001 2.109375 -0.5
v 0.10937500000000001 2.109375 -0.6875
v 0.140625 2.109375 -0.5
v 0.140625 2.109375 -0.6875
v 0.109375 2.046875 -0.5
v 0.109375 2.046875 -0.6875
v 0.140625 2.046875 -0.5
v 0.140625 2.046875 -0.6875
v 0.10937500000000001 2.046875 -0.484375
v 0.10937500000000001 2.046875 -0.640625
v 0.140625 2.046875 -0.484375
v 0.140625 2.046875 -0.640625
v 0.109375 2.015625 -0.48437499999999994
v 0.109375 2.015625 -0.640625
v 0.140625 2.015625 -0.48437499999999994
v 0.140625 2.015625 -0.640625
v -0.06250007554423796 2.187500153587602 -0.49999999999999994
v -0.06250007554423796 2.187500153587602 -0.765625
v -0.05054121828282891 2.1586289181966247 -0.49999999999999994
v -0.05054121828282891 2.1586289181966247 -0.765625
v -0.10580692863070452 2.1695618676954886 -0.49999999999999994
v -0.10580692863070452 2.1695618676954886 -0.765625
v -0.09384807136929547 2.140690632304511 -0.49999999999999994
v -0.09384807136929547 2.140690632304511 -0.765625
v -0.109375 2.015625 -0.48437499999999994
v -0.109375 2.015625 -0.640625
v -0.140625 2.015625 -0.48437499999999994
v -0.140625 2.015625 -0.640625
v -0.10937500000000001 2.046875 -0.484375
v -0.10937500000000001 2.046875 -0.640625
v -0.140625 2.046875 -0.484375
v -0.140625 2.046875 -0.640625
v -0.109375 2.046875 -0.484375
v -0.109375 2.046875 -0.6875
v -0.140625 2.046875 -0.484375
v -0.140625 2.046875 -0.6875
v -0.10937500000000001 2.109375 -0.484375
v -0.10937500000000001 2.109375 -0.6875
v -0.140625 2.109375 -0.484375
v -0.140625 2.109375 -0.6875
v -0.12268670680337526 2.152681906717171 -0.48437499999999994
v -0.12268670680337526 2.152681906717171 -0.71875
v -0.09381547141239754 2.1407230494557616 -0.48437499999999994
v -0.09381547141239754 2.1407230494557616 -0.71875
v -0.14062499269548884 2.1093750536307043 -0.484375
v -0.14062499269548884 2.1093750536307043 -0.71875
v -0.11175375730451113 2.097416196369295 -0.484375
v -0.11175375730451113 2.097416196369295 -0.71875
v -0.1058066630879204 2.169561673824159 -0.48437499999999994
v -0.1058066630879204 2.169561673824159 -0.75
v -0.0837095761758408 2.147464586912079 -0.48437499999999994
v -0.0837095761758408 2.147464586912079 -0.75
v -0.12268662778005801 2.152681709132021 -0.48437499999999994
v -0.12268662778005801 2.152681709132021 -0.75
v -0.10058954086797839 2.130584622219942 -0.48437499999999994
v -0.10058954086797839 2.130584622219942 -0.75
v -0.254786875 2.3125 -0.459375
v -0.254786875 2.3125 -0.5406249999999999
v -0.254786875 1.8749999999999998 -0.4593749999999999
v -0.254786875 1.875 -0.5406249999999999
v -0.317286875 2.3125 -0.459375
v -0.317286875 2.3125 -0.5406249999999999
v -0.317286875 1.8749999999999998 -0.4593749999999999
v -0.317286875 1.875 -0.5406249999999999
v 0.317286875 2.3125 -0.459375
v 0.317286875 2.3125 -0.5406249999999999
v 0.317286875 1.8749999999999998 -0.4593749999999999
v 0.317286875 1.875 -0.5406249999999999
v 0.254786875 2.3125 -0.459375
v 0.254786875 2.3125 -0.5406249999999999
v 0.254786875 1.8749999999999998 -0.4593749999999999
v 0.254786875 1.875 -0.5406249999999999
v 0.26916018530477354 1.2031249999999998 -0.4505502437408626
v 0.24524247078195544 1.203125 -0.5082927145228181
v 0.26916018530477354 1.1406249999999998 -0.4505502437408626
v 0.24524247078195544 1.140625 -0.5082927145228181
v 0.09593277295890726 1.2031249999999998 -0.3787971001724083
v 0.07201505843608916 1.2031249999999998 -0.43653957095436374
v 0.09593277295890726 1.1406249999999998 -0.3787971001724083
v 0.07201505843608916 1.1406249999999998 -0.43653957095436374
v -0.09593277295890726 1.2031249999999998 -0.3787971001724083
v -0.07201505843608916 1.2031249999999998 -0.43653957095436374
v -0.09593277295890726 1.1406249999999998 -0.3787971001724083
v -0.07201505843608916 1.1406249999999998 -0.43653957095436374
v -0.26916018530477354 1.2031249999999998 -0.4505502437408626
v -0.24524247078195544 1.203125 -0.5082927145228181
v -0.26916018530477354 1.1406249999999998 -0.4505502437408626
v -0.24524247078195544 1.140625 -0.5082927145228181
v -0.0625 1.3749999999999998 -0.40624999999999994
v -0.0625 1.3749999999999998 -0.46874999999999994
v -0.0625 0.9374999999999999 -0.40624999999999994
v -0.0625 0.9374999999999999 -0.46874999999999994
v -0.125 1.3749999999999998 -0.40624999999999994
v -0.125 1.3749999999999998 -0.46874999999999994
v -0.125 0.9374999999999999 -0.40624999999999994
v -0.125 0.9374999999999999 -0.46874999999999994
v 0.125 1.3749999999999998 -0.40624999999999994
v 0.125 1.3749999999999998 -0.46874999999999994
v 0.125 0.9374999999999999 -0.40624999999999994
v 0.125 0.9374999999999999 -0.46874999999999994
v 0.0625 1.3749999999999998 -0.40624999999999994
v 0.0625 1.3749999999999998 -0.46874999999999994
v 0.0625 0.9374999999999999 -0.40624999999999994
v 0.0625 0.9374999999999999 -0.46874999999999994
v 0.15625 1.3749999999999998 -0.39062499999999994
v 0.15625 1.3749999999999998 -0.46874999999999994
v 0.15625 1.3124999999999998 -0.390625
v 0.15625 1.3124999999999998 -0.46875
v -0.15625 1.3749999999999998 -0.39062499999999994
v -0.15625 1.3749999999999998 -0.46874999999999994
v -0.15625 1.3124999999999998 -0.390625
v -0.15625 1.3124999999999998 -0.46875
v 0.26916018530477354 1.6406249999999998 -0.4505502437408626
v 0.24524247078195544 1.640625 -0.5082927145228181
v 0.26916018530477354 1.5781249999999998 -0.4505502437408626
v 0.24524247078195544 1.578125 -0.5082927145228181
v 0.09593277295890726 1.6406249999999998 -0.3787971001724083
v 0.07201505843608916 1.6406249999999998 -0.43653957095436374
v 0.09593277295890726 1.5781249999999998 -0.3787971001724083
v 0.07201505843608916 1.5781249999999998 -0.4365395709543638
v -0.09593277295890726 1.6406249999999998 -0.3787971001724083
v -0.07201505843608916 1.6406249999999998 -0.43653957095436374
v -0.09593277295890726 1.5781249999999998 -0.3787971001724083
v -0.07201505843608916 1.5781249999999998 -0.4365395709543638
v -0.26916018530477354 1.6406249999999998 -0.4505502437408626
v -0.24524247078195544 1.640625 -0.5082927145228181
v -0.26916018530477354 1.5781249999999998 -0.4505502437408626
v -0.24524247078195544 1.578125 -0.5082927145228181
v -0.0625 1.8124999999999998 -0.40625
v -0.0625 1.8124999999999998 -0.46875
v -0.0625 1.3749999999999998 -0.40624999999999994
v -0.0625 1.3749999999999998 -0.46874999999999994
v -0.125 1.8124999999999998 -0.40625
v -0.125 1.8124999999999998 -0.46875
v -0.125 1.3749999999999998 -0.40624999999999994
v -0.125 1.3749999999999998 -0.46874999999999994
v 0.125 1.8124999999999998 -0.40625
v 0.125 1.8124999999999998 -0.46875
v 0.125 1.3749999999999998 -0.40624999999999994
v 0.125 1.3749999999999998 -0.46874999999999994
v 0.0625 1.8124999999999998 -0.40625
v 0.0625 1.8124999999999998 -0.46875
v 0.0625 1.3749999999999998 -0.40624999999999994
v 0.0625 1.3749999999999998 -0.46874999999999994
v 0.15625 1.8124999999999998 -0.390625
v 0.15625 1.8124999999999998 -0.46875
v 0.15625 1.7499999999999998 -0.390625
v 0.15625 1.7499999999999998 -0.46874999999999994
v -0.15625 1.8124999999999998 -0.390625
v -0.15625 1.8124999999999998 -0.46875
v -0.15625 1.7499999999999998 -0.390625
v -0.15625 1.7499999999999998 -0.46874999999999994
v 0.26916018530477354 2.078125 -0.4505502437408626
v 0.24524247078195544 2.078125 -0.5082927145228181
v 0.26916018530477354 2.015625 -0.4505502437408626
v 0.24524247078195544 2.015625 -0.5082927145228181
v 0.09593277295890726 2.078125 -0.3787971001724083
v 0.07201505843608916 2.078125 -0.4365395709543638
v 0.09593277295890726 2.015625 -0.3787971001724083
v 0.07201505843608916 2.015625 -0.4365395709543638
v -0.09593277295890726 2.078125 -0.3787971001724083
v -0.07201505843608916 2.078125 -0.4365395709543638
v -0.09593277295890726 2.015625 -0.3787971001724083
v -0.07201505843608916 2.015625 -0.4365395709543638
v -0.26916018530477354 2.078125 -0.4505502437408626
v -0.24524247078195544 2.078125 -0.5082927145228181
v -0.26916018530477354 2.015625 -0.4505502437408626
v -0.24524247078195544 2.015625 -0.5082927145228181
v -0.0625 2.25 -0.40625
v -0.0625 2.25 -0.46874999999999994
v -0.0625 1.8124999999999998 -0.40625
v -0.0625 1.8124999999999998 -0.46875
v -0.125 2.25 -0.40625
v -0.125 2.25 -0.46874999999999994
v -0.125 1.8124999999999998 -0.40625
v -0.125 1.8124999999999998 -0.46875
v 0.125 2.25 -0.40625
v 0.125 2.25 -0.46874999999999994
v 0.125 1.8124999999999998 -0.40625
v 0.125 1.8124999999999998 -0.46875
v 0.0625 2.25 -0.40625
v 0.0625 2.25 -0.46874999999999994
v 0.0625 1.8124999999999998 -0.40625
v 0.0625 1.8124999999999998 -0.46875
v 0.15625 2.25 -0.390625
v 0.15625 2.25 -0.46874999999999994
v 0.15625 2.1875 -0.39062499999999994
v 0.15625 2.1875 -0.46874999999999994
v -0.15625 2.25 -0.390625
v -0.15625 2.25 -0.46874999999999994
v -0.15625 2.1875 -0.39062499999999994
v -0.15625 2.1875 -0.46874999999999994
v 0.26916018530477354 2.515625 -0.4505502437408626
v 0.24524247078195544 2.515625 -0.5082927145228181
v 0.26916018530477354 2.453125 -0.4505502437408626
v 0.24524247078195544 2.453125 -0.508292714522818
v 0.09593277295890726 2.515625 -0.3787971001724083
v 0.07201505843608916 2.515625 -0.4365395709543638
v 0.09593277295890726 2.453125 -0.3787971001724083
v 0.07201505843608916 2.453125 -0.43653957095436374
v -0.09593277295890726 2.515625 -0.3787971001724083
v -0.07201505843608916 2.515625 -0.4365395709543638
v -0.09593277295890726 2.453125 -0.3787971001724083
v -0.07201505843608916 2.453125 -0.43653957095436374
v -0.26916018530477354 2.515625 -0.4505502437408626
v -0.24524247078195544 2.515625 -0.5082927145228181
v -0.26916018530477354 2.453125 -0.4505502437408626
v -0.24524247078195544 2.453125 -0.508292714522818
v -0.0625 2.6875 -0.40624999999999994
v -0.0625 2.6875 -0.46874999999999994
v -0.0625 2.25 -0.40625
v -0.0625 2.25 -0.46874999999999994
v -0.125 2.6875 -0.40624999999999994
v -0.125 2.6875 -0.46874999999999994
v -0.125 2.25 -0.40625
v -0.125 2.25 -0.46874999999999994
v 0.125 2.6875 -0.40624999999999994
v 0.125 2.6875 -0.46874999999999994
v 0.125 2.25 -0.40625
v 0.125 2.25 -0.46874999999999994
v 0.0625 2.6875 -0.40624999999999994
v 0.0625 2.6875 -0.46874999999999994
v 0.0625 2.25 -0.40625
v 0.0625 2.25 -0.46874999999999994
v 0.15625 2.6875 -0.39062499999999994
v 0.15625 2.6875 -0.46874999999999994
v 0.15625 2.625 -0.390625
v 0.15625 2.625 -0.46875
v -0.15625 2.6875 -0.39062499999999994
v -0.15625 2.6875 -0.46874999999999994
v -0.15625 2.625 -0.390625
v -0.15625 2.625 -0.46875
v 0.1875 0.9375 -0.37499999999999994
v 0.1875 0.9374999999999999 -0.49999999999999994
v 0.1875 0.90625 -0.37499999999999994
v 0.1875 0.9062499999999999 -0.49999999999999994
v -0.1875 0.9375 -0.37499999999999994
v -0.1875 0.9374999999999999 -0.49999999999999994
v -0.1875 0.90625 -0.37499999999999994
v -0.1875 0.9062499999999999 -0.49999999999999994
v 0.1875 0.875 -0.37499999999999994
v 0.1875 0.8749999999999999 -0.49999999999999994
v 0.1875 0.84375 -0.375
v 0.1875 0.8437499999999999 -0.5
v -0.1875 0.875 -0.37499999999999994
v -0.1875 0.8749999999999999 -0.49999999999999994
v -0.1875 0.84375 -0.375
v -0.1875 0.8437499999999999 -0.5
v 0.09375 0.84375 -0.375
v 0.09375 0.8437499999999999 -0.5
v 0.09375 0.6875 -0.37499999999999994
v 0.09375 0.6874999999999999 -0.49999999999999994
v -0.09375 0.84375 -0.375
v -0.09375 0.8437499999999999 -0.5
v -0.09375 0.6875 -0.37499999999999994
v -0.09375 0.6874999999999999 -0.49999999999999994
v 0.15625 0.90625 -0.39062499999999994
v 0.15625 0.9062499999999999 -0.48437499999999994
v 0.15625 0.875 -0.39062499999999994
v 0.15625 0.8749999999999999 -0.48437499999999994
v -0.15625 0.90625 -0.39062499999999994
v -0.15625 0.9062499999999999 -0.48437499999999994
v -0.15625 0.875 -0.39062499999999994
v -0.15625 0.8749999999999999 -0.48437499999999994
v 0.0625 0.6875 -0.37499999999999994
v 0.0625 0.6874999999999999 -0.49999999999999994
v 0.0625 0.4999999999999999 -0.375
v 0.0625 0.4999999999999999 -0.49999999999999994
v -0.0625 0.6875 -0.37499999999999994
v -0.0625 0.6874999999999999 -0.49999999999999994
v -0.0625 0.4999999999999999 -0.375
v -0.0625 0.4999999999999999 -0.49999999999999994
v 0.05625 0.39224906216995703 -0.06885134486145117
v 0.05625 0.49739429924285605 -0.46125871179138517
v 0.05625 0.27150833388382345 -0.10120372549926626
v 0.05625 0.37665357095672247 -0.49361109242920026
v -0.05625 0.39224906216995703 -0.06885134486145117
v -0.05625 0.49739429924285605 -0.46125871179138517
v -0.05625 0.27150833388382345 -0.10120372549926626
v -0.05625 0.37665357095672247 -0.49361109242920026
v 0.0625 0.4999999999999999 -0.12499999999999994
v 0.0625 0.4999999999999999 -0.49999999999999994
v 0.0625 0.3749999999999999 -0.12499999999999994
v 0.0625 0.3749999999999999 -0.49999999999999994
v -0.0625 0.4999999999999999 -0.12499999999999994
v -0.0625 0.4999999999999999 -0.49999999999999994
v -0.0625 0.3749999999999999 -0.12499999999999994
v -0.0625 0.3749999999999999 -0.49999999999999994
v 0.125 0.5624999999999999 -0.0625
v 0.125 0.5624999999999999 -0.125
v 0.125 0.2499999999999999 -0.0625
v 0.125 0.2499999999999999 -0.12499999999999994
v -0.125 0.5624999999999999 -0.0625
v -0.125 0.5624999999999999 -0.125
v -0.125 0.2499999999999999 -0.0625
v -0.125 0.2499999999999999 -0.12499999999999994
v 0.125 0.7187499999999999 -0.49999999999999994
v 0.125 0.7187499999999999 -0.53125
v 0.125 0.4687499999999999 -0.49999999999999994
v 0.125 0.4687499999999999 -0.53125
v -0.125 0.7187499999999999 -0.49999999999999994
v -0.125 0.7187499999999999 -0.53125
v -0.125 0.4687499999999999 -0.49999999999999994
v -0.125 0.4687499999999999 -0.53125
vt 0.09375 0.34375
vt 0.116403125 0.34375
vt 0.116403125 0.359375
vt 0.09375 0.359375
vt 0.174296875 0.375
vt 0.15625 0.375
vt 0.15625 0.359375
vt 0.174296875 0.359375
vt 0.078125 0.3414475
vt 0.078125 0.32340078125000005
vt 0.0836846875 0.32109828124999995
vt 0.0836846875 0.34375
vt 0.140625 0.4006903125
vt 0.16327671875 0.4006903125
vt 0.16097421875 0.40625
vt 0.1429275 0.40625
vt 0.125 0.375
vt 0.147653125 0.375
vt 0.147653125 0.390625
vt 0.125 0.390625
vt 0.189921875 0.40625
vt 0.171875 0.40625
vt 0.171875 0.390625
vt 0.189921875 0.390625
vt 0.078125 0.34144687500000004
vt 0.078125 0.3234
vt 0.083684375 0.32109687499999995
vt 0.083684375 0.34375
vt 0.099309375 0.35234687499999995
vt 0.099309375 0.375
vt 0.09375 0.37269687500000004
vt 0.09375 0.35465
vt 0.1875 0.375
vt 0.210153125 0.375
vt 0.210153125 0.390625
vt 0.1875 0.390625
vt 0.143046875 0.390625
vt 0.125 0.390625
vt 0.125 0.375
vt 0.143046875 0.375
vt 0.20784921875 0.359375
vt 0.1898025 0.359375
vt 0.1875 0.3538153125
vt 0.21015171875 0.3538153125
vt 0.1618096875 0.35234828124999995
vt 0.1618096875 0.375
vt 0.15625 0.3726975
vt 0.15625 0.35465078125000005
vt 0.140625 0.390625
vt 0.163278125 0.390625
vt 0.163278125 0.40625
vt 0.140625 0.40625
vt 0.111796875 0.375
vt 0.09375 0.375
vt 0.09375 0.359375
vt 0.111796875 0.359375
vt 0.20785 0.40625
vt 0.189803125 0.40625
vt 0.1875 0.40069062499999997
vt 0.210153125 0.40069062499999997
vt 0.194528125 0.390625
vt 0.171875 0.390625
vt 0.174178125 0.38506562499999997
vt 0.192225 0.38506562499999997
vt 0.109375 0.359375
vt 0.132028125 0.359375
vt 0.132028125 0.375
vt 0.109375 0.375
vt 0.096171875 0.390625
vt 0.078125 0.390625
vt 0.078125 0.375
vt 0.096171875 0.375
vt 0.1618096875 0.38590078125000005
vt 0.1618096875 0.4039475
vt 0.15625 0.40625
vt 0.15625 0.38359828124999995
vt 0.14765171875 0.3125
vt 0.125 0.3125
vt 0.1273025 0.3069403125
vt 0.14534921875 0.3069403125
vt 0.140625 0.359375
vt 0.163278125 0.359375
vt 0.163278125 0.375
vt 0.140625 0.375
vt 0.127421875 0.375
vt 0.109375 0.375
vt 0.109375 0.359375
vt 0.127421875 0.359375
vt 0.161809375 0.35465
vt 0.161809375 0.37269687500000004
vt 0.15625 0.375
vt 0.15625 0.35234687499999995
vt 0.21875 0.40625
vt 0.21875 0.38359687499999995
vt 0.224309375 0.3859
vt 0.224309375 0.40394687500000004
vt 0.09375 0.359375
vt 0.116403125 0.359375
vt 0.116403125 0.375
vt 0.09375 0.375
vt 0.080546875 0.390625
vt 0.0625 0.390625
vt 0.0625 0.375
vt 0.080546875 0.375
vt 0.1585525 0.3694403125
vt 0.17659921875 0.3694403125
vt 0.17890171875 0.375
vt 0.15625 0.375
vt 0.078125 0.390625
vt 0.078125 0.36797328124999995
vt 0.0836846875 0.37027578125000005
vt 0.0836846875 0.3883225
vt 0.09375 0.328125
vt 0.116403125 0.328125
vt 0.116403125 0.34375
vt 0.09375 0.34375
vt 0.111796875 0.40625
vt 0.09375 0.40625
vt 0.09375 0.390625
vt 0.111796875 0.390625
vt 0.096053125 0.36944062499999997
vt 0.1141 0.36944062499999997
vt 0.116403125 0.375
vt 0.09375 0.375
vt 0.078125 0.36944062499999997
vt 0.100778125 0.36944062499999997
vt 0.098475 0.375
vt 0.080428125 0.375
vt 0.09375 0.34375
vt 0.116403125 0.34375
vt 0.116403125 0.359375
vt 0.09375 0.359375
vt 0.174296875 0.375
vt 0.15625 0.375
vt 0.15625 0.359375
vt 0.174296875 0.359375
vt 0.078125 0.3414475
vt 0.078125 0.32340078125000005
vt 0.0836846875 0.32109828124999995
vt 0.0836846875 0.34375
vt 0.140625 0.4006903125
vt 0.16327671875 0.4006903125
vt 0.16097421875 0.40625
vt 0.1429275 0.40625
vt 0.125 0.375
vt 0.147653125 0.375
vt 0.147653125 0.390625
vt 0.125 0.390625
vt 0.189921875 0.40625
vt 0.171875 0.40625
vt 0.171875 0.390625
vt 0.189921875 0.390625
vt 0.078125 0.34144687500000004
vt 0.078125 0.3234
vt 0.083684375 0.32109687499999995
vt 0.083684375 0.34375
vt 0.099309375 0.35234687499999995
vt 0.099309375 0.375
vt 0.09375 0.37269687500000004
vt 0.09375 0.35465
vt 0.1875 0.375
vt 0.210153125 0.375
vt 0.210153125 0.390625
vt 0.1875 0.390625
vt 0.143046875 0.390625
vt 0.125 0.390625
vt 0.125 0.375
vt 0.143046875 0.375
vt 0.20784921875 0.359375
vt 0.1898025 0.359375
vt 0.1875 0.3538153125
vt 0.21015171875 0.3538153125
vt 0.1618096875 0.35234828124999995
vt 0.1618096875 0.375
vt 0.15625 0.3726975
vt 0.15625 0.35465078125000005
vt 0.140625 0.390625
vt 0.163278125 0.390625
vt 0.163278125 0.40625
vt 0.140625 0.40625
vt 0.111796875 0.375
vt 0.09375 0.375
vt 0.09375 0.359375
vt 0.111796875 0.359375
vt 0.20785 0.40625
vt 0.189803125 0.40625
vt 0.1875 0.40069062499999997
vt 0.210153125 0.40069062499999997
vt 0.194528125 0.390625
vt 0.171875 0.390625
vt 0.174178125 0.38506562499999997
vt 0.192225 0.38506562499999997
vt 0.109375 0.359375
vt 0.132028125 0.359375
vt 0.132028125 0.375
vt 0.109375 0.375
vt 0.096171875 0.390625
vt 0.078125 0.390625
vt 0.078125 0.375
vt 0.096171875 0.375
vt 0.1618096875 0.38590078125000005
vt 0.1618096875 0.4039475
vt 0.15625 0.40625
vt 0.15625 0.38359828124999995
vt 0.14765171875 0.3125
vt 0.125 0.3125
vt 0.1273025 0.3069403125
vt 0.14534921875 0.3069403125
vt 0.140625 0.359375
vt 0.163278125 0.359375
vt 0.163278125 0.375
vt 0.140625 0.375
vt 0.127421875 0.375
vt 0.109375 0.375
vt 0.109375 0.359375
vt 0.127421875 0.359375
vt 0.161809375 0.35465
vt 0.161809375 0.37269687500000004
vt 0.15625 0.375
vt 0.15625 0.35234687499999995
vt 0.21875 0.40625
vt 0.21875 0.38359687499999995
vt 0.224309375 0.3859
vt 0.224309375 0.40394687500000004
vt 0.09375 0.359375
vt 0.116403125 0.359375
vt 0.116403125 0.375
vt 0.09375 0.375
vt 0.080546875 0.390625
vt 0.0625 0.390625
vt 0.0625 0.375
vt 0.080546875 0.375
vt 0.1585525 0.3694403125
vt 0.17659921875 0.3694403125
vt 0.17890171875 0.375
vt 0.15625 0.375
vt 0.078125 0.390625
vt 0.078125 0.36797328124999995
vt 0.0836846875 0.37027578125000005
vt 0.0836846875 0.3883225
vt 0.09375 0.328125
vt 0.116403125 0.328125
vt 0.116403125 0.34375
vt 0.09375 0.34375
vt 0.111796875 0.40625
vt 0.09375 0.40625
vt 0.09375 0.390625
vt 0.111796875 0.390625
vt 0.096053125 0.36944062499999997
vt 0.1141 0.36944062499999997
vt 0.116403125 0.375
vt 0.09375 0.375
vt 0.078125 0.36944062499999997
vt 0.100778125 0.36944062499999997
vt 0.098475 0.375
vt 0.080428125 0.375
vt 0.09375 0.34375
vt 0.116403125 0.34375
vt 0.116403125 0.359375
vt 0.09375 0.359375
vt 0.174296875 0.375
vt 0.15625 0.375
vt 0.15625 0.359375
vt 0.174296875 0.359375
vt 0.078125 0.3414475
vt 0.078125 0.32340078125000005
vt 0.0836846875 0.32109828124999995
vt 0.0836846875 0.34375
vt 0.140625 0.4006903125
vt 0.16327671875 0.4006903125
vt 0.16097421875 0.40625
vt 0.1429275 0.40625
vt 0.125 0.375
vt 0.147653125 0.375
vt 0.147653125 0.390625
vt 0.125 0.390625
vt 0.189921875 0.40625
vt 0.171875 0.40625
vt 0.171875 0.390625
vt 0.189921875 0.390625
vt 0.078125 0.34144687500000004
vt 0.078125 0.3234
vt 0.083684375 0.32109687499999995
vt 0.083684375 0.34375
vt 0.099309375 0.35234687499999995
vt 0.099309375 0.375
vt 0.09375 0.37269687500000004
vt 0.09375 0.35465
vt 0.1875 0.375
vt 0.210153125 0.375
vt 0.210153125 0.390625
vt 0.1875 0.390625
vt 0.143046875 0.390625
vt 0.125 0.390625
vt 0.125 0.375
vt 0.143046875 0.375
vt 0.20784921875 0.359375
vt 0.1898025 0.359375
vt 0.1875 0.3538153125
vt 0.21015171875 0.3538153125
vt 0.1618096875 0.35234828124999995
vt 0.1618096875 0.375
vt 0.15625 0.3726975
vt 0.15625 0.35465078125000005
vt 0.140625 0.390625
vt 0.163278125 0.390625
vt 0.163278125 0.40625
vt 0.140625 0.40625
vt 0.111796875 0.375
vt 0.09375 0.375
vt 0.09375 0.359375
vt 0.111796875 0.359375
vt 0.20785 0.40625
vt 0.189803125 0.40625
vt 0.1875 0.40069062499999997
vt 0.210153125 0.40069062499999997
vt 0.194528125 0.390625
vt 0.171875 0.390625
vt 0.174178125 0.38506562499999997
vt 0.192225 0.38506562499999997
vt 0.109375 0.359375
vt 0.132028125 0.359375
vt 0.132028125 0.375
vt 0.109375 0.375
vt 0.096171875 0.390625
vt 0.078125 0.390625
vt 0.078125 0.375
vt 0.096171875 0.375
vt 0.1618096875 0.38590078125000005
vt 0.1618096875 0.4039475
vt 0.15625 0.40625
vt 0.15625 0.38359828124999995
vt 0.14765171875 0.3125
vt 0.125 0.3125
vt 0.1273025 0.3069403125
vt 0.14534921875 0.3069403125
vt 0.140625 0.359375
vt 0.163278125 0.359375
vt 0.163278125 0.375
vt 0.140625 0.375
vt 0.127421875 0.375
vt 0.109375 0.375
vt 0.109375 0.359375
vt 0.127421875 0.359375
vt 0.161809375 0.35465
vt 0.161809375 0.37269687500000004
vt 0.15625 0.375
vt 0.15625 0.35234687499999995
vt 0.21875 0.40625
vt 0.21875 0.38359687499999995
vt 0.224309375 0.3859
vt 0.224309375 0.40394687500000004
vt 0.09375 0.359375
vt 0.116403125 0.359375
vt 0.116403125 0.375
vt 0.09375 0.375
vt 0.080546875 0.390625
vt 0.0625 0.390625
vt 0.0625 0.375
vt 0.080546875 0.375
vt 0.1585525 0.3694403125
vt 0.17659921875 0.3694403125
vt 0.17890171875 0.375
vt 0.15625 0.375
vt 0.078125 0.390625
vt 0.078125 0.36797328124999995
vt 0.0836846875 0.37027578125000005
vt 0.0836846875 0.3883225
vt 0.09375 0.328125
vt 0.116403125 0.328125
vt 0.116403125 0.34375
vt 0.09375 0.34375
vt 0.111796875 0.40625
vt 0.09375 0.40625
vt 0.09375 0.390625
vt 0.111796875 0.390625
vt 0.096053125 0.36944062499999997
vt 0.1141 0.36944062499999997
vt 0.116403125 0.375
vt 0.09375 0.375
vt 0.078125 0.36944062499999997
vt 0.100778125 0.36944062499999997
vt 0.098475 0.375
vt 0.080428125 0.375
vt 0.09375 0.34375
vt 0.116403125 0.34375
vt 0.116403125 0.359375
vt 0.09375 0.359375
vt 0.174296875 0.375
vt 0.15625 0.375
vt 0.15625 0.359375
vt 0.174296875 0.359375
vt 0.078125 0.3414475
vt 0.078125 0.32340078125000005
vt 0.0836846875 0.32109828124999995
vt 0.0836846875 0.34375
vt 0.140625 0.4006903125
vt 0.16327671875 0.4006903125
vt 0.16097421875 0.40625
vt 0.1429275 0.40625
vt 0.125 0.375
vt 0.147653125 0.375
vt 0.147653125 0.390625
vt 0.125 0.390625
vt 0.189921875 0.40625
vt 0.171875 0.40625
vt 0.171875 0.390625
vt 0.189921875 0.390625
vt 0.078125 0.34144687500000004
vt 0.078125 0.3234
vt 0.083684375 0.32109687499999995
vt 0.083684375 0.34375
vt 0.099309375 0.35234687499999995
vt 0.099309375 0.375
vt 0.09375 0.37269687500000004
vt 0.09375 0.35465
vt 0.1875 0.375
vt 0.210153125 0.375
vt 0.210153125 0.390625
vt 0.1875 0.390625
vt 0.143046875 0.390625
vt 0.125 0.390625
vt 0.125 0.375
vt 0.143046875 0.375
vt 0.20784921875 0.359375
vt 0.1898025 0.359375
vt 0.1875 0.3538153125
vt 0.21015171875 0.3538153125
vt 0.1618096875 0.35234828124999995
vt 0.1618096875 0.375
vt 0.15625 0.3726975
vt 0.15625 0.35465078125000005
vt 0.140625 0.390625
vt 0.163278125 0.390625
vt 0.163278125 0.40625
vt 0.140625 0.40625
vt 0.111796875 0.375
vt 0.09375 0.375
vt 0.09375 0.359375
vt 0.111796875 0.359375
vt 0.20785 0.40625
vt 0.189803125 0.40625
vt 0.1875 0.40069062499999997
vt 0.210153125 0.40069062499999997
vt 0.194528125 0.390625
vt 0.171875 0.390625
vt 0.174178125 0.38506562499999997
vt 0.192225 0.38506562499999997
vt 0.109375 0.359375
vt 0.132028125 0.359375
vt 0.132028125 0.375
vt 0.109375 0.375
vt 0.096171875 0.390625
vt 0.078125 0.390625
vt 0.078125 0.375
vt 0.096171875 0.375
vt 0.1618096875 0.38590078125000005
vt 0.1618096875 0.4039475
vt 0.15625 0.40625
vt 0.15625 0.38359828124999995
vt 0.14765171875 0.3125
vt 0.125 0.3125
vt 0.1273025 0.3069403125
vt 0.14534921875 0.3069403125
vt 0.140625 0.359375
vt 0.163278125 0.359375
vt 0.163278125 0.375
vt 0.140625 0.375
vt 0.127421875 0.375
vt 0.109375 0.375
vt 0.109375 0.359375
vt 0.127421875 0.359375
vt 0.161809375 0.35465
vt 0.161809375 0.37269687500000004
vt 0.15625 0.375
vt 0.15625 0.35234687499999995
vt 0.21875 0.40625
vt 0.21875 0.38359687499999995
vt 0.224309375 0.3859
vt 0.224309375 0.40394687500000004
vt 0.09375 0.359375
vt 0.116403125 0.359375
vt 0.116403125 0.375
vt 0.09375 0.375
vt 0.080546875 0.390625
vt 0.0625 0.390625
vt 0.0625 0.375
vt 0.080546875 0.375
vt 0.1585525 0.3694403125
vt 0.17659921875 0.3694403125
vt 0.17890171875 0.375
vt 0.15625 0.375
vt 0.078125 0.390625
vt 0.078125 0.36797328124999995
vt 0.0836846875 0.37027578125000005
vt 0.0836846875 0.3883225
vt 0.09375 0.328125
vt 0.116403125 0.328125
vt 0.116403125 0.34375
vt 0.09375 0.34375
vt 0.111796875 0.40625
vt 0.09375 0.40625
vt 0.09375 0.390625
vt 0.111796875 0.390625
vt 0.096053125 0.36944062499999997
vt 0.1141 0.36944062499999997
vt 0.116403125 0.375
vt 0.09375 0.375
vt 0.078125 0.36944062499999997
vt 0.100778125 0.36944062499999997
vt 0.098475 0.375
vt 0.080428125 0.375
vt 0.029596875 0.9790725
vt 0.02092859375 1
vt 0 0.9790725
vt 0 0.96875
vt 0.022653125 0.96875
vt 0.022653125 1
vt 0 1
vt 0 0.970403125
vt 0.0209275 0.97907140625
vt 0 1
vt 0.02734375 0.977346875
vt 0.02734375 1
vt 0 0.9886734375
vt 0 0.96875
vt 0.022653125 0.96875
vt 0.022653125 1
vt 0 1
vt 0.02734375 0.977346875
vt 0.02734375 1
vt 0 0.9886734375
vt 0 0.970403125
vt 0.0209275 0.97907140625
vt 0 1
vt 0 0.96875
vt 0.022653125 0.96875
vt 0.022653125 1
vt 0 1
vt 0.029596875 0.9790725
vt 0.02092859375 1
vt 0 0.9790725
vt 0 0.97265625
vt 0.022653125 0.97265625
vt 0.0113265625 1
vt 0 0.96875
vt 0.022653125 0.96875
vt 0.022653125 1
vt 0 1
vt 0.022653125 1
vt 0 1
vt 0.0113265625 0.97265625
vt 0 1
vt 0.008668125 0.9790725
vt 0.029596875 1
vt 0 0.96875
vt 0.022653125 0.96875
vt 0.022653125 1
vt 0 1
vt 0.0209275 1
vt 0 0.991331875
vt 0.0209275 0.970403125
vt 0 1
vt 0 0.977346875
vt 0.02734375 0.9886734375
vt 0 0.96875
vt 0.022653125 0.96875
vt 0.022653125 1
vt 0 1
vt 0 1
vt 0 0.977346875
vt 0.02734375 0.9886734375
vt 0.0209275 1
vt 0 0.991331875
vt 0.0209275 0.970403125
vt 0 0.96875
vt 0.022653125 0.96875
vt 0.022653125 1
vt 0 1
vt 0 1
vt 0.008668125 0.9790725
vt 0.029596875 1
vt 0.022653125 1
vt 0 1
vt 0.0113265625 0.97265625
vt 0 0.96875
vt 0.022653125 0.96875
vt 0.022653125 1
vt 0 1
vt 0 0.97265625
vt 0.022653125 0.97265625
vt 0.0113265625 1
vt 0.029596875 0.9790725
vt 0.02092859375 1
vt 0 0.9790725
vt 0 0.96875
vt 0.022653125 0.96875
vt 0.022653125 1
vt 0 1
vt 0 0.970403125
vt 0.0209275 0.97907140625
vt 0 1
vt 0.02734375 0.977346875
vt 0.02734375 1
vt 0 0.9886734375
vt 0 0.96875
vt 0.022653125 0.96875
vt 0.022653125 1
vt 0 1
vt 0.02734375 0.977346875
vt 0.02734375 1
vt 0 0.9886734375
vt 0 0.970403125
vt 0.0209275 0.97907140625
vt 0 1
vt 0 0.96875
vt 0.022653125 0.96875
vt 0.022653125 1
vt 0 1
vt 0.029596875 0.9790725
vt 0.02092859375 1
vt 0 0.9790725
vt 0 0.97265625
vt 0.022653125 0.97265625
vt 0.0113265625 1
vt 0 0.96875
vt 0.022653125 0.96875
vt 0.022653125 1
vt 0 1
vt 0.022653125 1
vt 0 1
vt 0.0113265625 0.97265625
vt 0 1
vt 0.008668125 0.9790725
vt 0.029596875 1
vt 0 0.96875
vt 0.022653125 0.96875
vt 0.022653125 1
vt 0 1
vt 0.0209275 1
vt 0 0.991331875
vt 0.0209275 0.970403125
vt 0 1
vt 0 0.977346875
vt 0.02734375 0.9886734375
vt 0 0.96875
vt 0.022653125 0.96875
vt 0.022653125 1
vt 0 1
vt 0 1
vt 0 0.977346875
vt 0.02734375 0.9886734375
vt 0.0209275 1
vt 0 0.991331875
vt 0.0209275 0.970403125
vt 0 0.96875
vt 0.022653125 0.96875
vt 0.022653125 1
vt 0 1
vt 0 1
vt 0.008668125 0.9790725
vt 0.029596875 1
vt 0.022653125 1
vt 0 1
vt 0.0113265625 0.97265625
vt 0 0.96875
vt 0.022653125 0.96875
vt 0.022653125 1
vt 0 1
vt 0 0.97265625
vt 0.022653125 0.97265625
vt 0.0113265625 1
vt 0.029596875 0.9790725
vt 0.02092859375 1
vt 0 0.9790725
vt 0 0.96875
vt 0.022653125 0.96875
vt 0.022653125 1
vt 0 1
vt 0 0.970403125
vt 0.0209275 0.97907140625
vt 0 1
vt 0.02734375 0.977346875
vt 0.02734375 1
vt 0 0.9886734375
vt 0 0.96875
vt 0.022653125 0.96875
vt 0.022653125 1
vt 0 1
vt 0.02734375 0.977346875
vt 0.02734375 1
vt 0 0.9886734375
vt 0 0.970403125
vt 0.0209275 0.97907140625
vt 0 1
vt 0 0.96875
vt 0.022653125 0.96875
vt 0.022653125 1
vt 0 1
vt 0.029596875 0.9790725
vt 0.02092859375 1
vt 0 0.9790725
vt 0 0.97265625
vt 0.022653125 0.97265625
vt 0.0113265625 1
vt 0 0.96875
vt 0.022653125 0.96875
vt 0.022653125 1
vt 0 1
vt 0.022653125 1
vt 0 1
vt 0.0113265625 0.97265625
vt 0 1
vt 0.008668125 0.9790725
vt 0.029596875 1
vt 0 0.96875
vt 0.022653125 0.96875
vt 0.022653125 1
vt 0 1
vt 0.0209275 1
vt 0 0.991331875
vt 0.0209275 0.970403125
vt 0 1
vt 0 0.977346875
vt 0.02734375 0.9886734375
vt 0 0.96875
vt 0.022653125 0.96875
vt 0.022653125 1
vt 0 1
vt 0 1
vt 0 0.977346875
vt 0.02734375 0.9886734375
vt 0.0209275 1
vt 0 0.991331875
vt 0.0209275 0.970403125
vt 0 0.96875
vt 0.022653125 0.96875
vt 0.022653125 1
vt 0 1
vt 0 1
vt 0.008668125 0.9790725
vt 0.029596875 1
vt 0.022653125 1
vt 0 1
vt 0.0113265625 0.97265625
vt 0 0.96875
vt 0.022653125 0.96875
vt 0.022653125 1
vt 0 1
vt 0 0.97265625
vt 0.022653125 0.97265625
vt 0.0113265625 1
vt 0.029596875 0.9790725
vt 0.02092859375 1
vt 0 0.9790725
vt 0 0.96875
vt 0.022653125 0.96875
vt 0.022653125 1
vt 0 1
vt 0 0.970403125
vt 0.0209275 0.97907140625
vt 0 1
vt 0.02734375 0.977346875
vt 0.02734375 1
vt 0 0.9886734375
vt 0 0.96875
vt 0.022653125 0.96875
vt 0.022653125 1
vt 0 1
vt 0.02734375 0.977346875
vt 0.02734375 1
vt 0 0.9886734375
vt 0 0.970403125
vt 0.0209275 0.97907140625
vt 0 1
vt 0 0.96875
vt 0.022653125 0.96875
vt 0.022653125 1
vt 0 1
vt 0.029596875 0.9790725
vt 0.02092859375 1
vt 0 0.9790725
vt 0 0.97265625
vt 0.022653125 0.97265625
vt 0.0113265625 1
vt 0 0.96875
vt 0.022653125 0.96875
vt 0.022653125 1
vt 0 1
vt 0.022653125 1
vt 0 1
vt 0.0113265625 0.97265625
vt 0 1
vt 0.008668125 0.9790725
vt 0.029596875 1
vt 0 0.96875
vt 0.022653125 0.96875
vt 0.022653125 1
vt 0 1
vt 0.0209275 1
vt 0 0.991331875
vt 0.0209275 0.970403125
vt 0 1
vt 0 0.977346875
vt 0.02734375 0.9886734375
vt 0 0.96875
vt 0.022653125 0.96875
vt 0.022653125 1
vt 0 1
vt 0 1
vt 0 0.977346875
vt 0.02734375 0.9886734375
vt 0.0209275 1
vt 0 0.991331875
vt 0.0209275 0.970403125
vt 0 0.96875
vt 0.022653125 0.96875
vt 0.022653125 1
vt 0 1
vt 0 1
vt 0.008668125 0.9790725
vt 0.029596875 1
vt 0.022653125 1
vt 0 1
vt 0.0113265625 0.97265625
vt 0 0.96875
vt 0.022653125 0.96875
vt 0.022653125 1
vt 0 1
vt 0 0.97265625
vt 0.022653125 0.97265625
vt 0.0113265625 1
vt 0.3953125 0.671875
vt 0.3953125 0.6875
vt 0.375 0.6875
vt 0.375 0.671875
vt 0.3484375 0.6875
vt 0.3484375 0.703125
vt 0.328125 0.703125
vt 0.328125 0.6875
vt 0.40625 0.6984375
vt 0.40625 0.71875
vt 0.34375 0.71875
vt 0.34375 0.6984375
vt 0.390625 0.6515625
vt 0.390625 0.671875
vt 0.328125 0.671875
vt 0.328125 0.6515625
vt 0.390625 0.65625
vt 0.390625 0.671875
vt 0.328125 0.671875
vt 0.328125 0.65625
vt 0.953125 0.671875
vt 0.953125 0.6875
vt 0.890625 0.6875
vt 0.890625 0.671875
vt 0.39375 0.703125
vt 0.39375 0.71875
vt 0.375 0.71875
vt 0.375 0.703125
vt 0.33125 0.65625
vt 0.33125 0.671875
vt 0.3125 0.671875
vt 0.3125 0.65625
vt 0.390625 0.66875
vt 0.390625 0.6875
vt 0.3671875 0.6875
vt 0.3671875 0.66875
vt 0.34375 0.684375
vt 0.34375 0.703125
vt 0.3203125 0.703125
vt 0.3203125 0.684375
vt 0.328125 0.6875
vt 0.328125 0.703125
vt 0.3046875 0.703125
vt 0.3046875 0.6875
vt 0.9296875 0.625
vt 0.9296875 0.640625
vt 0.90625 0.640625
vt 0.90625 0.625
vt 0.39375 0.703125
vt 0.39375 0.71875
vt 0.375 0.71875
vt 0.375 0.703125
vt 0.33125 0.65625
vt 0.33125 0.671875
vt 0.3125 0.671875
vt 0.3125 0.65625
vt 0.390625 0.66875
vt 0.390625 0.6875
vt 0.3671875 0.6875
vt 0.3671875 0.66875
vt 0.34375 0.684375
vt 0.34375 0.703125
vt 0.3203125 0.703125
vt 0.3203125 0.684375
vt 0.328125 0.6875
vt 0.328125 0.703125
vt 0.3046875 0.703125
vt 0.3046875 0.6875
vt 0.9296875 0.625
vt 0.9296875 0.640625
vt 0.90625 0.640625
vt 0.90625 0.625
vt 0.39375 0.703125
vt 0.39375 0.71875
vt 0.375 0.71875
vt 0.375 0.703125
vt 0.33125 0.65625
vt 0.33125 0.671875
vt 0.3125 0.671875
vt 0.3125 0.65625
vt 0.390625 0.66875
vt 0.390625 0.6875
vt 0.3671875 0.6875
vt 0.3671875 0.66875
vt 0.34375 0.684375
vt 0.34375 0.703125
vt 0.3203125 0.703125
vt 0.3203125 0.684375
vt 0.328125 0.6875
vt 0.328125 0.703125
vt 0.3046875 0.703125
vt 0.3046875 0.6875
vt 0.9296875 0.625
vt 0.9296875 0.640625
vt 0.90625 0.640625
vt 0.90625 0.625
vt 0.39375 0.703125
vt 0.39375 0.71875
vt 0.375 0.71875
vt 0.375 0.703125
vt 0.33125 0.65625
vt 0.33125 0.671875
vt 0.3125 0.671875
vt 0.3125 0.65625
vt 0.390625 0.66875
vt 0.390625 0.6875
vt 0.3671875 0.6875
vt 0.3671875 0.66875
vt 0.34375 0.684375
vt 0.34375 0.703125
vt 0.3203125 0.703125
vt 0.3203125 0.684375
vt 0.328125 0.6875
vt 0.328125 0.703125
vt 0.3046875 0.703125
vt 0.3046875 0.6875
vt 0.9296875 0.625
vt 0.9296875 0.640625
vt 0.90625 0.640625
vt 0.90625 0.625
vt 0.39375 0.703125
vt 0.39375 0.71875
vt 0.375 0.71875
vt 0.375 0.703125
vt 0.33125 0.65625
vt 0.33125 0.671875
vt 0.3125 0.671875
vt 0.3125 0.65625
vt 0.390625 0.66875
vt 0.390625 0.6875
vt 0.3671875 0.6875
vt 0.3671875 0.66875
vt 0.34375 0.684375
vt 0.34375 0.703125
vt 0.3203125 0.703125
vt 0.3203125 0.684375
vt 0.328125 0.6875
vt 0.328125 0.703125
vt 0.3046875 0.703125
vt 0.3046875 0.6875
vt 0.9296875 0.625
vt 0.9296875 0.640625
vt 0.90625 0.640625
vt 0.90625 0.625
vt 0.39375 0.703125
vt 0.39375 0.71875
vt 0.375 0.71875
vt 0.375 0.703125
vt 0.33125 0.65625
vt 0.33125 0.671875
vt 0.3125 0.671875
vt 0.3125 0.65625
vt 0.390625 0.66875
vt 0.390625 0.6875
vt 0.3671875 0.6875
vt 0.3671875 0.66875
vt 0.34375 0.684375
vt 0.34375 0.703125
vt 0.3203125 0.703125
vt 0.3203125 0.684375
vt 0.328125 0.6875
vt 0.328125 0.703125
vt 0.3046875 0.703125
vt 0.3046875 0.6875
vt 0.9296875 0.625
vt 0.9296875 0.640625
vt 0.90625 0.640625
vt 0.90625 0.625
vt 0.39375 0.703125
vt 0.39375 0.71875
vt 0.375 0.71875
vt 0.375 0.703125
vt 0.33125 0.65625
vt 0.33125 0.671875
vt 0.3125 0.671875
vt 0.3125 0.65625
vt 0.390625 0.66875
vt 0.390625 0.6875
vt 0.3671875 0.6875
vt 0.3671875 0.66875
vt 0.34375 0.684375
vt 0.34375 0.703125
vt 0.3203125 0.703125
vt 0.3203125 0.684375
vt 0.328125 0.6875
vt 0.328125 0.703125
vt 0.3046875 0.703125
vt 0.3046875 0.6875
vt 0.9296875 0.625
vt 0.9296875 0.640625
vt 0.90625 0.640625
vt 0.90625 0.625
vt 0.3125 0.65625
vt 0.3125 0.671875
vt 0.33125 0.671875
vt 0.33125 0.65625
vt 0.375 0.703125
vt 0.375 0.71875
vt 0.39375 0.71875
vt 0.39375 0.703125
vt 0.3671875 0.66875
vt 0.3671875 0.6875
vt 0.390625 0.6875
vt 0.390625 0.66875
vt 0.3203125 0.684375
vt 0.3203125 0.703125
vt 0.34375 0.703125
vt 0.34375 0.684375
vt 0.3046875 0.6875
vt 0.3046875 0.703125
vt 0.328125 0.703125
vt 0.328125 0.6875
vt 0.90625 0.625
vt 0.90625 0.640625
vt 0.9296875 0.640625
vt 0.9296875 0.625
vt 0.3125 0.65625
vt 0.3125 0.671875
vt 0.33125 0.671875
vt 0.33125 0.65625
vt 0.375 0.703125
vt 0.375 0.71875
vt 0.39375 0.71875
vt 0.39375 0.703125
vt 0.3671875 0.66875
vt 0.3671875 0.6875
vt 0.390625 0.6875
vt 0.390625 0.66875
vt 0.3203125 0.684375
vt 0.3203125 0.703125
vt 0.34375 0.703125
vt 0.34375 0.684375
vt 0.3046875 0.6875
vt 0.3046875 0.703125
vt 0.328125 0.703125
vt 0.328125 0.6875
vt 0.90625 0.625
vt 0.90625 0.640625
vt 0.9296875 0.640625
vt 0.9296875 0.625
vt 0.3125 0.65625
vt 0.3125 0.671875
vt 0.33125 0.671875
vt 0.33125 0.65625
vt 0.375 0.703125
vt 0.375 0.71875
vt 0.39375 0.71875
vt 0.39375 0.703125
vt 0.3671875 0.66875
vt 0.3671875 0.6875
vt 0.390625 0.6875
vt 0.390625 0.66875
vt 0.3203125 0.684375
vt 0.3203125 0.703125
vt 0.34375 0.703125
vt 0.34375 0.684375
vt 0.3046875 0.6875
vt 0.3046875 0.703125
vt 0.328125 0.703125
vt 0.328125 0.6875
vt 0.90625 0.625
vt 0.90625 0.640625
vt 0.9296875 0.640625
vt 0.9296875 0.625
vt 0.3125 0.65625
vt 0.3125 0.671875
vt 0.33125 0.671875
vt 0.33125 0.65625
vt 0.375 0.703125
vt 0.375 0.71875
vt 0.39375 0.71875
vt 0.39375 0.703125
vt 0.3671875 0.66875
vt 0.3671875 0.6875
vt 0.390625 0.6875
vt 0.390625 0.66875
vt 0.3203125 0.684375
vt 0.3203125 0.703125
vt 0.34375 0.703125
vt 0.34375 0.684375
vt 0.3046875 0.6875
vt 0.3046875 0.703125
vt 0.328125 0.703125
vt 0.328125 0.6875
vt 0.90625 0.625
vt 0.90625 0.640625
vt 0.9296875 0.640625
vt 0.9296875 0.625
vt 0.3125 0.65625
vt 0.3125 0.671875
vt 0.33125 0.671875
vt 0.33125 0.65625
vt 0.375 0.703125
vt 0.375 0.71875
vt 0.39375 0.71875
vt 0.39375 0.703125
vt 0.3671875 0.66875
vt 0.3671875 0.6875
vt 0.390625 0.6875
vt 0.390625 0.66875
vt 0.3203125 0.684375
vt 0.3203125 0.703125
vt 0.34375 0.703125
vt 0.34375 0.684375
vt 0.3046875 0.6875
vt 0.3046875 0.703125
vt 0.328125 0.703125
vt 0.328125 0.6875
vt 0.90625 0.625
vt 0.90625 0.640625
vt 0.9296875 0.640625
vt 0.9296875 0.625
vt 0.3125 0.65625
vt 0.3125 0.671875
vt 0.33125 0.671875
vt 0.33125 0.65625
vt 0.375 0.703125
vt 0.375 0.71875
vt 0.39375 0.71875
vt 0.39375 0.703125
vt 0.3671875 0.66875
vt 0.3671875 0.6875
vt 0.390625 0.6875
vt 0.390625 0.66875
vt 0.3203125 0.684375
vt 0.3203125 0.703125
vt 0.34375 0.703125
vt 0.34375 0.684375
vt 0.3046875 0.6875
vt 0.3046875 0.703125
vt 0.328125 0.703125
vt 0.328125 0.6875
vt 0.90625 0.625
vt 0.90625 0.640625
vt 0.9296875 0.640625
vt 0.9296875 0.625
vt 0.3125 0.65625
vt 0.3125 0.671875
vt 0.33125 0.671875
vt 0.33125 0.65625
vt 0.375 0.703125
vt 0.375 0.71875
vt 0.39375 0.71875
vt 0.39375 0.703125
vt 0.3671875 0.66875
vt 0.3671875 0.6875
vt 0.390625 0.6875
vt 0.390625 0.66875
vt 0.3203125 0.684375
vt 0.3203125 0.703125
vt 0.34375 0.703125
vt 0.34375 0.684375
vt 0.3046875 0.6875
vt 0.3046875 0.703125
vt 0.328125 0.703125
vt 0.328125 0.6875
vt 0.90625 0.625
vt 0.90625 0.640625
vt 0.9296875 0.640625
vt 0.9296875 0.625
vt 0.328125 0.6875
vt 0.328125 0.703125
vt 0.3484375 0.703125
vt 0.3484375 0.6875
vt 0.375 0.671875
vt 0.375 0.6875
vt 0.3953125 0.6875
vt 0.3953125 0.671875
vt 0.34375 0.6984375
vt 0.34375 0.71875
vt 0.40625 0.71875
vt 0.40625 0.6984375
vt 0.328125 0.6515625
vt 0.328125 0.671875
vt 0.390625 0.671875
vt 0.390625 0.6515625
vt 0.328125 0.65625
vt 0.328125 0.671875
vt 0.390625 0.671875
vt 0.390625 0.65625
vt 0.890625 0.671875
vt 0.890625 0.6875
vt 0.953125 0.6875
vt 0.953125 0.671875
vt 0.359375 0.625
vt 0.359375 0.640625
vt 0.328125 0.640625
vt 0.328125 0.625
vt 0.453125 0.59375
vt 0.453125 0.609375
vt 0.421875 0.609375
vt 0.421875 0.59375
vt 0.375 0.625
vt 0.375 0.65625
vt 0.34375 0.65625
vt 0.34375 0.625
vt 0.328125 0.671875
vt 0.328125 0.703125
vt 0.296875 0.703125
vt 0.296875 0.671875
vt 0.390625 0.578125
vt 0.390625 0.59375
vt 0.359375 0.59375
vt 0.359375 0.578125
vt 0.9375 0.671875
vt 0.9375 0.6875
vt 0.90625 0.6875
vt 0.90625 0.671875
vt 0.359375 0.671875
vt 0.359375 0.6875
vt 0.34375 0.6875
vt 0.34375 0.671875
vt 0.390625 0.6875
vt 0.390625 0.703125
vt 0.375 0.703125
vt 0.375 0.6875
vt 0.42578125 0.703125
vt 0.42578125 0.71875
vt 0.33984375 0.71875
vt 0.33984375 0.703125
vt 0.42578125 0.625
vt 0.42578125 0.640625
vt 0.33984375 0.640625
vt 0.33984375 0.625
vt 0.42578125 0.6875
vt 0.42578125 0.703125
vt 0.33984375 0.703125
vt 0.33984375 0.6875
vt 0.4296875 0.578125
vt 0.4296875 0.59375
vt 0.34375 0.59375
vt 0.34375 0.578125
vt 0.3125 0.65625
vt 0.3125 0.671875
vt 0.296875 0.671875
vt 0.296875 0.65625
vt 0.3125 0.609375
vt 0.3125 0.625
vt 0.296875 0.625
vt 0.296875 0.609375
vt 0.4375 0.671875
vt 0.4375 0.6875
vt 0.328125 0.6875
vt 0.328125 0.671875
vt 0.4375 0.625
vt 0.4375 0.640625
vt 0.328125 0.640625
vt 0.328125 0.625
vt 0.421875 0.703125
vt 0.421875 0.71875
vt 0.3125 0.71875
vt 0.3125 0.703125
vt 0.4375 0.5625
vt 0.4375 0.578125
vt 0.328125 0.578125
vt 0.328125 0.5625
vt 0.3125 0.578125
vt 0.3125 0.671875
vt 0.296875 0.671875
vt 0.296875 0.578125
vt 0.3125 0.578125
vt 0.3125 0.671875
vt 0.296875 0.671875
vt 0.296875 0.578125
vt 0.4375 0.65625
vt 0.4375 0.671875
vt 0.296875 0.671875
vt 0.296875 0.65625
vt 0.4375 0.625
vt 0.4375 0.640625
vt 0.296875 0.640625
vt 0.296875 0.625
vt 0.40625 0.21875
vt 0.40625 0.3125
vt 0.265625 0.3125
vt 0.265625 0.21875
vt 0.40625 0.21875
vt 0.40625 0.3125
vt 0.265625 0.3125
vt 0.265625 0.21875
vt 0.9375 0.015625
vt 0.9375 0.0625
vt 0.9359375 0.0625
vt 0.9359375 0.015625
vt 0.9234375 0
vt 0.9234375 0.046875
vt 0.921875 0.046875
vt 0.921875 0
vt 0.984375 0.06093749999999998
vt 0.984375 0.0625
vt 0.921875 0.0625
vt 0.921875 0.06093749999999998
vt 0.984375 0.046875
vt 0.984375 0.04843750000000002
vt 0.921875 0.04843750000000002
vt 0.921875 0.046875
vt 0.96875 0.015625
vt 0.96875 0.0625
vt 0.90625 0.0625
vt 0.90625 0.015625
vt 0.359375 0.359375
vt 0.359375 0.40625
vt 0.296875 0.40625
vt 0.296875 0.359375
vt 0.125 0.3671875
vt 0.125 0.375
vt 0.046875 0.375
vt 0.046875 0.3671875
vt 0.109375 0.3984375
vt 0.109375 0.40625
vt 0.03125 0.40625
vt 0.03125 0.3984375
vt 0.0625 0.328125
vt 0.0625 0.40625
vt 0.03125 0.40625
vt 0.03125 0.328125
vt 0.0625 0.34375
vt 0.0625 0.421875
vt 0.03125 0.421875
vt 0.03125 0.34375
vt 0.09375 0.3671875
vt 0.09375 0.375
vt 0.0625 0.375
vt 0.0625 0.3671875
vt 0.125 0.3828125
vt 0.125 0.390625
vt 0.09375 0.390625
vt 0.09375 0.3828125
vt 0.11328125 0.3984375
vt 0.11328125 0.40625
vt 0.046875 0.40625
vt 0.046875 0.3984375
vt 0.140625 0.3984375
vt 0.140625 0.40625
vt 0.07421875 0.40625
vt 0.07421875 0.3984375
vt 0.0625 0.34375
vt 0.0625 0.41015625
vt 0.05078125 0.41015625
vt 0.05078125 0.34375
vt 0.0625 0.35546875
vt 0.0625 0.421875
vt 0.05078125 0.421875
vt 0.05078125 0.35546875
vt 0.078125 0.3984375
vt 0.078125 0.40625
vt 0.06640625 0.40625
vt 0.06640625 0.3984375
vt 0.08984375 0.3984375
vt 0.08984375 0.40625
vt 0.078125 0.40625
vt 0.078125 0.3984375
vt 0.19921875 0.3828125
vt 0.19921875 0.390625
vt 0.125 0.390625
vt 0.125 0.3828125
vt 0.21875 0.3671875
vt 0.21875 0.375
vt 0.14453125 0.375
vt 0.14453125 0.3671875
vt 0.10362421875 0.34375
vt 0.10362421875 0.41796875
vt 0.09765625 0.41796875
vt 0.09765625 0.34375
vt 0.11924921875 0.33203125
vt 0.11924921875 0.40625
vt 0.11328125 0.40625
vt 0.11328125 0.33203125
vt 0.08799921875 0.3671875
vt 0.08799921875 0.375
vt 0.08203125 0.375
vt 0.08203125 0.3671875
vt 0.08409296875 0.3984375
vt 0.08409296875 0.40625
vt 0.078125 0.40625
vt 0.078125 0.3984375
vt 0.16796875 0.3828125
vt 0.16796875 0.390625
vt 0.09375 0.390625
vt 0.09375 0.3828125
vt 0.125 0.3984375
vt 0.125 0.40625
vt 0.05078125 0.40625
vt 0.05078125 0.3984375
vt 0.078125 0.34375
vt 0.078125 0.41796875
vt 0.06640625 0.41796875
vt 0.06640625 0.34375
vt 0.0625 0.34765625
vt 0.0625 0.421875
vt 0.05078125 0.421875
vt 0.05078125 0.34765625
vt 0.15625 0.3671875
vt 0.15625 0.375
vt 0.14453125 0.375
vt 0.14453125 0.3671875
vt 0.12109375 0.3828125
vt 0.12109375 0.390625
vt 0.109375 0.390625
vt 0.109375 0.3828125
vt 0.15625 0.3671875
vt 0.15625 0.375
vt 0.09375 0.375
vt 0.09375 0.3671875
vt 0.125 0.3828125
vt 0.125 0.390625
vt 0.0625 0.390625
vt 0.0625 0.3828125
vt 0.0625 0.34375
vt 0.0625 0.40625
vt 0.046875 0.40625
vt 0.046875 0.34375
vt 0.078125 0.3125
vt 0.078125 0.375
vt 0.0625 0.375
vt 0.0625 0.3125
vt 0.078125 0.4140625
vt 0.078125 0.421875
vt 0.0625 0.421875
vt 0.0625 0.4140625
vt 0.171875 0.3828125
vt 0.171875 0.390625
vt 0.15625 0.390625
vt 0.15625 0.3828125
vt 0.171875 0.3828125
vt 0.171875 0.390625
vt 0.125 0.390625
vt 0.125 0.3828125
vt 0.140625 0.3984375
vt 0.140625 0.40625
vt 0.09375 0.40625
vt 0.09375 0.3984375
vt 0.15625 0.34375
vt 0.15625 0.390625
vt 0.1484375 0.390625
vt 0.1484375 0.34375
vt 0.109375 0.328125
vt 0.109375 0.375
vt 0.1015625 0.375
vt 0.1015625 0.328125
vt 0.1875 0.3671875
vt 0.1875 0.375
vt 0.1796875 0.375
vt 0.1796875 0.3671875
vt 0.1953125 0.3828125
vt 0.1953125 0.390625
vt 0.1875 0.390625
vt 0.1875 0.3828125
vt 0.07421875 0.3984375
vt 0.07421875 0.40625
vt 0.140625 0.40625
vt 0.140625 0.3984375
vt 0.046875 0.3984375
vt 0.046875 0.40625
vt 0.11328125 0.40625
vt 0.11328125 0.3984375
vt 0.05078125 0.34375
vt 0.05078125 0.41015625
vt 0.0625 0.41015625
vt 0.0625 0.34375
vt 0.05078125 0.35546875
vt 0.05078125 0.421875
vt 0.0625 0.421875
vt 0.0625 0.35546875
vt 0.06640625 0.3984375
vt 0.06640625 0.40625
vt 0.078125 0.40625
vt 0.078125 0.3984375
vt 0.078125 0.3984375
vt 0.078125 0.40625
vt 0.08984375 0.40625
vt 0.08984375 0.3984375
vt 0.09375 0.3984375
vt 0.09375 0.40625
vt 0.140625 0.40625
vt 0.140625 0.3984375
vt 0.125 0.3828125
vt 0.125 0.390625
vt 0.171875 0.390625
vt 0.171875 0.3828125
vt 0.1484375 0.34375
vt 0.1484375 0.390625
vt 0.15625 0.390625
vt 0.15625 0.34375
vt 0.1015625 0.328125
vt 0.1015625 0.375
vt 0.109375 0.375
vt 0.109375 0.328125
vt 0.1796875 0.3671875
vt 0.1796875 0.375
vt 0.1875 0.375
vt 0.1875 0.3671875
vt 0.1875 0.3828125
vt 0.1875 0.390625
vt 0.1953125 0.390625
vt 0.1953125 0.3828125
vt 0.0625 0.3828125
vt 0.0625 0.390625
vt 0.125 0.390625
vt 0.125 0.3828125
vt 0.09375 0.3671875
vt 0.09375 0.375
vt 0.15625 0.375
vt 0.15625 0.3671875
vt 0.046875 0.34375
vt 0.046875 0.40625
vt 0.0625 0.40625
vt 0.0625 0.34375
vt 0.0625 0.3125
vt 0.0625 0.375
vt 0.078125 0.375
vt 0.078125 0.3125
vt 0.0625 0.4140625
vt 0.0625 0.421875
vt 0.078125 0.421875
vt 0.078125 0.4140625
vt 0.15625 0.3828125
vt 0.15625 0.390625
vt 0.171875 0.390625
vt 0.171875 0.3828125
vt 0.05078125 0.3984375
vt 0.05078125 0.40625
vt 0.125 0.40625
vt 0.125 0.3984375
vt 0.09375 0.3828125
vt 0.09375 0.390625
vt 0.16796875 0.390625
vt 0.16796875 0.3828125
vt 0.06640625 0.34375
vt 0.06640625 0.41796875
vt 0.078125 0.41796875
vt 0.078125 0.34375
vt 0.05078125 0.34765625
vt 0.05078125 0.421875
vt 0.0625 0.421875
vt 0.0625 0.34765625
vt 0.14453125 0.3671875
vt 0.14453125 0.375
vt 0.15625 0.375
vt 0.15625 0.3671875
vt 0.109375 0.3828125
vt 0.109375 0.390625
vt 0.12109375 0.390625
vt 0.12109375 0.3828125
vt 0.14453125 0.3671875
vt 0.14453125 0.375
vt 0.21875 0.375
vt 0.21875 0.3671875
vt 0.125 0.3828125
vt 0.125 0.390625
vt 0.19921875 0.390625
vt 0.19921875 0.3828125
vt 0.09765625 0.34375
vt 0.09765625 0.41796875
vt 0.10362421875 0.41796875
vt 0.10362421875 0.34375
vt 0.11328125 0.33203125
vt 0.11328125 0.40625
vt 0.11924921875 0.40625
vt 0.11924921875 0.33203125
vt 0.08203125 0.3671875
vt 0.08203125 0.375
vt 0.08799921875 0.375
vt 0.08799921875 0.3671875
vt 0.078125 0.3984375
vt 0.078125 0.40625
vt 0.08409296875 0.40625
vt 0.08409296875 0.3984375
vt 0.3953125 0.6875
vt 0.3953125 0.671875
vt 0.375 0.671875
vt 0.375 0.6875
vt 0.3484375 0.703125
vt 0.3484375 0.6875
vt 0.328125 0.6875
vt 0.328125 0.703125
vt 0.390625 0.671875
vt 0.390625 0.6515625
vt 0.328125 0.6515625
vt 0.328125 0.671875
vt 0.40625 0.71875
vt 0.40625 0.6984375
vt 0.34375 0.6984375
vt 0.34375 0.71875
vt 0.390625 0.671875
vt 0.390625 0.65625
vt 0.328125 0.65625
vt 0.328125 0.671875
vt 0.953125 0.6875
vt 0.953125 0.671875
vt 0.890625 0.671875
vt 0.890625 0.6875
vt 0.39375 0.71875
vt 0.39375 0.703125
vt 0.375 0.703125
vt 0.375 0.71875
vt 0.33125 0.671875
vt 0.33125 0.65625
vt 0.3125 0.65625
vt 0.3125 0.671875
vt 0.34375 0.703125
vt 0.34375 0.684375
vt 0.3203125 0.684375
vt 0.3203125 0.703125
vt 0.390625 0.6875
vt 0.390625 0.66875
vt 0.3671875 0.66875
vt 0.3671875 0.6875
vt 0.328125 0.703125
vt 0.328125 0.6875
vt 0.3046875 0.6875
vt 0.3046875 0.703125
vt 0.9296875 0.640625
vt 0.9296875 0.625
vt 0.90625 0.625
vt 0.90625 0.640625
vt 0.39375 0.71875
vt 0.39375 0.703125
vt 0.375 0.703125
vt 0.375 0.71875
vt 0.33125 0.671875
vt 0.33125 0.65625
vt 0.3125 0.65625
vt 0.3125 0.671875
vt 0.34375 0.703125
vt 0.34375 0.684375
vt 0.3203125 0.684375
vt 0.3203125 0.703125
vt 0.390625 0.6875
vt 0.390625 0.66875
vt 0.3671875 0.66875
vt 0.3671875 0.6875
vt 0.328125 0.703125
vt 0.328125 0.6875
vt 0.3046875 0.6875
vt 0.3046875 0.703125
vt 0.9296875 0.640625
vt 0.9296875 0.625
vt 0.90625 0.625
vt 0.90625 0.640625
vt 0.39375 0.71875
vt 0.39375 0.703125
vt 0.375 0.703125
vt 0.375 0.71875
vt 0.33125 0.671875
vt 0.33125 0.65625
vt 0.3125 0.65625
vt 0.3125 0.671875
vt 0.34375 0.703125
vt 0.34375 0.684375
vt 0.3203125 0.684375
vt 0.3203125 0.703125
vt 0.390625 0.6875
vt 0.390625 0.66875
vt 0.3671875 0.66875
vt 0.3671875 0.6875
vt 0.328125 0.703125
vt 0.328125 0.6875
vt 0.3046875 0.6875
vt 0.3046875 0.703125
vt 0.9296875 0.640625
vt 0.9296875 0.625
vt 0.90625 0.625
vt 0.90625 0.640625
vt 0.39375 0.71875
vt 0.39375 0.703125
vt 0.375 0.703125
vt 0.375 0.71875
vt 0.33125 0.671875
vt 0.33125 0.65625
vt 0.3125 0.65625
vt 0.3125 0.671875
vt 0.34375 0.703125
vt 0.34375 0.684375
vt 0.3203125 0.684375
vt 0.3203125 0.703125
vt 0.390625 0.6875
vt 0.390625 0.66875
vt 0.3671875 0.66875
vt 0.3671875 0.6875
vt 0.328125 0.703125
vt 0.328125 0.6875
vt 0.3046875 0.6875
vt 0.3046875 0.703125
vt 0.9296875 0.640625
vt 0.9296875 0.625
vt 0.90625 0.625
vt 0.90625 0.640625
vt 0.39375 0.71875
vt 0.39375 0.703125
vt 0.375 0.703125
vt 0.375 0.71875
vt 0.33125 0.671875
vt 0.33125 0.65625
vt 0.3125 0.65625
vt 0.3125 0.671875
vt 0.34375 0.703125
vt 0.34375 0.684375
vt 0.3203125 0.684375
vt 0.3203125 0.703125
vt 0.390625 0.6875
vt 0.390625 0.66875
vt 0.3671875 0.66875
vt 0.3671875 0.6875
vt 0.328125 0.703125
vt 0.328125 0.6875
vt 0.3046875 0.6875
vt 0.3046875 0.703125
vt 0.9296875 0.640625
vt 0.9296875 0.625
vt 0.90625 0.625
vt 0.90625 0.640625
vt 0.39375 0.71875
vt 0.39375 0.703125
vt 0.375 0.703125
vt 0.375 0.71875
vt 0.33125 0.671875
vt 0.33125 0.65625
vt 0.3125 0.65625
vt 0.3125 0.671875
vt 0.34375 0.703125
vt 0.34375 0.684375
vt 0.3203125 0.684375
vt 0.3203125 0.703125
vt 0.390625 0.6875
vt 0.390625 0.66875
vt 0.3671875 0.66875
vt 0.3671875 0.6875
vt 0.328125 0.703125
vt 0.328125 0.6875
vt 0.3046875 0.6875
vt 0.3046875 0.703125
vt 0.9296875 0.640625
vt 0.9296875 0.625
vt 0.90625 0.625
vt 0.90625 0.640625
vt 0.39375 0.71875
vt 0.39375 0.703125
vt 0.375 0.703125
vt 0.375 0.71875
vt 0.33125 0.671875
vt 0.33125 0.65625
vt 0.3125 0.65625
vt 0.3125 0.671875
vt 0.34375 0.703125
vt 0.34375 0.684375
vt 0.3203125 0.684375
vt 0.3203125 0.703125
vt 0.390625 0.6875
vt 0.390625 0.66875
vt 0.3671875 0.66875
vt 0.3671875 0.6875
vt 0.328125 0.703125
vt 0.328125 0.6875
vt 0.3046875 0.6875
vt 0.3046875 0.703125
vt 0.9296875 0.640625
vt 0.9296875 0.625
vt 0.90625 0.625
vt 0.90625 0.640625
vt 0.3125 0.671875
vt 0.3125 0.65625
vt 0.33125 0.65625
vt 0.33125 0.671875
vt 0.375 0.71875
vt 0.375 0.703125
vt 0.39375 0.703125
vt 0.39375 0.71875
vt 0.3203125 0.703125
vt 0.3203125 0.684375
vt 0.34375 0.684375
vt 0.34375 0.703125
vt 0.3671875 0.6875
vt 0.3671875 0.66875
vt 0.390625 0.66875
vt 0.390625 0.6875
vt 0.3046875 0.703125
vt 0.3046875 0.6875
vt 0.328125 0.6875
vt 0.328125 0.703125
vt 0.90625 0.640625
vt 0.90625 0.625
vt 0.9296875 0.625
vt 0.9296875 0.640625
vt 0.3125 0.671875
vt 0.3125 0.65625
vt 0.33125 0.65625
vt 0.33125 0.671875
vt 0.375 0.71875
vt 0.375 0.703125
vt 0.39375 0.703125
vt 0.39375 0.71875
vt 0.3203125 0.703125
vt 0.3203125 0.684375
vt 0.34375 0.684375
vt 0.34375 0.703125
vt 0.3671875 0.6875
vt 0.3671875 0.66875
vt 0.390625 0.66875
vt 0.390625 0.6875
vt 0.3046875 0.703125
vt 0.3046875 0.6875
vt 0.328125 0.6875
vt 0.328125 0.703125
vt 0.90625 0.640625
vt 0.90625 0.625
vt 0.9296875 0.625
vt 0.9296875 0.640625
vt 0.3125 0.671875
vt 0.3125 0.65625
vt 0.33125 0.65625
vt 0.33125 0.671875
vt 0.375 0.71875
vt 0.375 0.703125
vt 0.39375 0.703125
vt 0.39375 0.71875
vt 0.3203125 0.703125
vt 0.3203125 0.684375
vt 0.34375 0.684375
vt 0.34375 0.703125
vt 0.3671875 0.6875
vt 0.3671875 0.66875
vt 0.390625 0.66875
vt 0.390625 0.6875
vt 0.3046875 0.703125
vt 0.3046875 0.6875
vt 0.328125 0.6875
vt 0.328125 0.703125
vt 0.90625 0.640625
vt 0.90625 0.625
vt 0.9296875 0.625
vt 0.9296875 0.640625
vt 0.3125 0.671875
vt 0.3125 0.65625
vt 0.33125 0.65625
vt 0.33125 0.671875
vt 0.375 0.71875
vt 0.375 0.703125
vt 0.39375 0.703125
vt 0.39375 0.71875
vt 0.3203125 0.703125
vt 0.3203125 0.684375
vt 0.34375 0.684375
vt 0.34375 0.703125
vt 0.3671875 0.6875
vt 0.3671875 0.66875
vt 0.390625 0.66875
vt 0.390625 0.6875
vt 0.3046875 0.703125
vt 0.3046875 0.6875
vt 0.328125 0.6875
vt 0.328125 0.703125
vt 0.90625 0.640625
vt 0.90625 0.625
vt 0.9296875 0.625
vt 0.9296875 0.640625
vt 0.3125 0.671875
vt 0.3125 0.65625
vt 0.33125 0.65625
vt 0.33125 0.671875
vt 0.375 0.71875
vt 0.375 0.703125
vt 0.39375 0.703125
vt 0.39375 0.71875
vt 0.3203125 0.703125
vt 0.3203125 0.684375
vt 0.34375 0.684375
vt 0.34375 0.703125
vt 0.3671875 0.6875
vt 0.3671875 0.66875
vt 0.390625 0.66875
vt 0.390625 0.6875
vt 0.3046875 0.703125
vt 0.3046875 0.6875
vt 0.328125 0.6875
vt 0.328125 0.703125
vt 0.90625 0.640625
vt 0.90625 0.625
vt 0.9296875 0.625
vt 0.9296875 0.640625
vt 0.3125 0.671875
vt 0.3125 0.65625
vt 0.33125 0.65625
vt 0.33125 0.671875
vt 0.375 0.71875
vt 0.375 0.703125
vt 0.39375 0.703125
vt 0.39375 0.71875
vt 0.3203125 0.703125
vt 0.3203125 0.684375
vt 0.34375 0.684375
vt 0.34375 0.703125
vt 0.3671875 0.6875
vt 0.3671875 0.66875
vt 0.390625 0.66875
vt 0.390625 0.6875
vt 0.3046875 0.703125
vt 0.3046875 0.6875
vt 0.328125 0.6875
vt 0.328125 0.703125
vt 0.90625 0.640625
vt 0.90625 0.625
vt 0.9296875 0.625
vt 0.9296875 0.640625
vt 0.3125 0.671875
vt 0.3125 0.65625
vt 0.33125 0.65625
vt 0.33125 0.671875
vt 0.375 0.71875
vt 0.375 0.703125
vt 0.39375 0.703125
vt 0.39375 0.71875
vt 0.3203125 0.703125
vt 0.3203125 0.684375
vt 0.34375 0.684375
vt 0.34375 0.703125
vt 0.3671875 0.6875
vt 0.3671875 0.66875
vt 0.390625 0.66875
vt 0.390625 0.6875
vt 0.3046875 0.703125
vt 0.3046875 0.6875
vt 0.328125 0.6875
vt 0.328125 0.703125
vt 0.90625 0.640625
vt 0.90625 0.625
vt 0.9296875 0.625
vt 0.9296875 0.640625
vt 0.328125 0.703125
vt 0.328125 0.6875
vt 0.3484375 0.6875
vt 0.3484375 0.703125
vt 0.375 0.6875
vt 0.375 0.671875
vt 0.3953125 0.671875
vt 0.3953125 0.6875
vt 0.328125 0.671875
vt 0.328125 0.6515625
vt 0.390625 0.6515625
vt 0.390625 0.671875
vt 0.34375 0.71875
vt 0.34375 0.6984375
vt 0.40625 0.6984375
vt 0.40625 0.71875
vt 0.328125 0.671875
vt 0.328125 0.65625
vt 0.390625 0.65625
vt 0.390625 0.671875
vt 0.890625 0.6875
vt 0.890625 0.671875
vt 0.953125 0.671875
vt 0.953125 0.6875
vt 0.390625 0.671875
vt 0.390625 0.65625
vt 0.359375 0.65625
vt 0.359375 0.671875
vt 0.453125 0.609375
vt 0.453125 0.59375
vt 0.421875 0.59375
vt 0.421875 0.609375
vt 0.328125 0.703125
vt 0.328125 0.671875
vt 0.296875 0.671875
vt 0.296875 0.703125
vt 0.375 0.65625
vt 0.375 0.625
vt 0.34375 0.625
vt 0.34375 0.65625
vt 0.390625 0.59375
vt 0.390625 0.578125
vt 0.359375 0.578125
vt 0.359375 0.59375
vt 0.9375 0.6875
vt 0.9375 0.671875
vt 0.90625 0.671875
vt 0.90625 0.6875
vt 0.9375 0.015625
vt 0.9375 0.0625
vt 0.9359375 0.0625
vt 0.9359375 0.015625
vt 0.9234375 0
vt 0.9234375 0.046875
vt 0.921875 0.046875
vt 0.921875 0
vt 0.984375 0.06093749999999998
vt 0.984375 0.0625
vt 0.921875 0.0625
vt 0.921875 0.06093749999999998
vt 0.984375 0.046875
vt 0.984375 0.04843750000000002
vt 0.921875 0.04843750000000002
vt 0.921875 0.046875
vt 0.96875 0.015625
vt 0.96875 0.0625
vt 0.90625 0.0625
vt 0.90625 0.015625
vt 0.359375 0.359375
vt 0.359375 0.40625
vt 0.296875 0.40625
vt 0.296875 0.359375
vt 0.125 0.3671875
vt 0.125 0.375
vt 0.046875 0.375
vt 0.046875 0.3671875
vt 0.109375 0.3984375
vt 0.109375 0.40625
vt 0.03125 0.40625
vt 0.03125 0.3984375
vt 0.0625 0.328125
vt 0.0625 0.40625
vt 0.03125 0.40625
vt 0.03125 0.328125
vt 0.0625 0.34375
vt 0.0625 0.421875
vt 0.03125 0.421875
vt 0.03125 0.34375
vt 0.09375 0.3671875
vt 0.09375 0.375
vt 0.0625 0.375
vt 0.0625 0.3671875
vt 0.125 0.3828125
vt 0.125 0.390625
vt 0.09375 0.390625
vt 0.09375 0.3828125
vt 0.11328125 0.3984375
vt 0.11328125 0.40625
vt 0.046875 0.40625
vt 0.046875 0.3984375
vt 0.140625 0.3984375
vt 0.140625 0.40625
vt 0.07421875 0.40625
vt 0.07421875 0.3984375
vt 0.0625 0.34375
vt 0.0625 0.41015625
vt 0.05078125 0.41015625
vt 0.05078125 0.34375
vt 0.0625 0.35546875
vt 0.0625 0.421875
vt 0.05078125 0.421875
vt 0.05078125 0.35546875
vt 0.078125 0.3984375
vt 0.078125 0.40625
vt 0.06640625 0.40625
vt 0.06640625 0.3984375
vt 0.08984375 0.3984375
vt 0.08984375 0.40625
vt 0.078125 0.40625
vt 0.078125 0.3984375
vt 0.19921875 0.3828125
vt 0.19921875 0.390625
vt 0.125 0.390625
vt 0.125 0.3828125
vt 0.21875 0.3671875
vt 0.21875 0.375
vt 0.14453125 0.375
vt 0.14453125 0.3671875
vt 0.10362421875 0.34375
vt 0.10362421875 0.41796875
vt 0.09765625 0.41796875
vt 0.09765625 0.34375
vt 0.11924921875 0.33203125
vt 0.11924921875 0.40625
vt 0.11328125 0.40625
vt 0.11328125 0.33203125
vt 0.08799921875 0.3671875
vt 0.08799921875 0.375
vt 0.08203125 0.375
vt 0.08203125 0.3671875
vt 0.08409296875 0.3984375
vt 0.08409296875 0.40625
vt 0.078125 0.40625
vt 0.078125 0.3984375
vt 0.16796875 0.3828125
vt 0.16796875 0.390625
vt 0.09375 0.390625
vt 0.09375 0.3828125
vt 0.125 0.3984375
vt 0.125 0.40625
vt 0.05078125 0.40625
vt 0.05078125 0.3984375
vt 0.078125 0.34375
vt 0.078125 0.41796875
vt 0.06640625 0.41796875
vt 0.06640625 0.34375
vt 0.0625 0.34765625
vt 0.0625 0.421875
vt 0.05078125 0.421875
vt 0.05078125 0.34765625
vt 0.15625 0.3671875
vt 0.15625 0.375
vt 0.14453125 0.375
vt 0.14453125 0.3671875
vt 0.12109375 0.3828125
vt 0.12109375 0.390625
vt 0.109375 0.390625
vt 0.109375 0.3828125
vt 0.15625 0.3671875
vt 0.15625 0.375
vt 0.09375 0.375
vt 0.09375 0.3671875
vt 0.125 0.3828125
vt 0.125 0.390625
vt 0.0625 0.390625
vt 0.0625 0.3828125
vt 0.0625 0.34375
vt 0.0625 0.40625
vt 0.046875 0.40625
vt 0.046875 0.34375
vt 0.078125 0.3125
vt 0.078125 0.375
vt 0.0625 0.375
vt 0.0625 0.3125
vt 0.078125 0.4140625
vt 0.078125 0.421875
vt 0.0625 0.421875
vt 0.0625 0.4140625
vt 0.171875 0.3828125
vt 0.171875 0.390625
vt 0.15625 0.390625
vt 0.15625 0.3828125
vt 0.171875 0.3828125
vt 0.171875 0.390625
vt 0.125 0.390625
vt 0.125 0.3828125
vt 0.140625 0.3984375
vt 0.140625 0.40625
vt 0.09375 0.40625
vt 0.09375 0.3984375
vt 0.15625 0.34375
vt 0.15625 0.390625
vt 0.1484375 0.390625
vt 0.1484375 0.34375
vt 0.109375 0.328125
vt 0.109375 0.375
vt 0.1015625 0.375
vt 0.1015625 0.328125
vt 0.1875 0.3671875
vt 0.1875 0.375
vt 0.1796875 0.375
vt 0.1796875 0.3671875
vt 0.1953125 0.3828125
vt 0.1953125 0.390625
vt 0.1875 0.390625
vt 0.1875 0.3828125
vt 0.07421875 0.3984375
vt 0.07421875 0.40625
vt 0.140625 0.40625
vt 0.140625 0.3984375
vt 0.046875 0.3984375
vt 0.046875 0.40625
vt 0.11328125 0.40625
vt 0.11328125 0.3984375
vt 0.05078125 0.34375
vt 0.05078125 0.41015625
vt 0.0625 0.41015625
vt 0.0625 0.34375
vt 0.05078125 0.35546875
vt 0.05078125 0.421875
vt 0.0625 0.421875
vt 0.0625 0.35546875
vt 0.06640625 0.3984375
vt 0.06640625 0.40625
vt 0.078125 0.40625
vt 0.078125 0.3984375
vt 0.078125 0.3984375
vt 0.078125 0.40625
vt 0.08984375 0.40625
vt 0.08984375 0.3984375
vt 0.09375 0.3984375
vt 0.09375 0.40625
vt 0.140625 0.40625
vt 0.140625 0.3984375
vt 0.125 0.3828125
vt 0.125 0.390625
vt 0.171875 0.390625
vt 0.171875 0.3828125
vt 0.1484375 0.34375
vt 0.1484375 0.390625
vt 0.15625 0.390625
vt 0.15625 0.34375
vt 0.1015625 0.328125
vt 0.1015625 0.375
vt 0.109375 0.375
vt 0.109375 0.328125
vt 0.1796875 0.3671875
vt 0.1796875 0.375
vt 0.1875 0.375
vt 0.1875 0.3671875
vt 0.1875 0.3828125
vt 0.1875 0.390625
vt 0.1953125 0.390625
vt 0.1953125 0.3828125
vt 0.0625 0.3828125
vt 0.0625 0.390625
vt 0.125 0.390625
vt 0.125 0.3828125
vt 0.09375 0.3671875
vt 0.09375 0.375
vt 0.15625 0.375
vt 0.15625 0.3671875
vt 0.046875 0.34375
vt 0.046875 0.40625
vt 0.0625 0.40625
vt 0.0625 0.34375
vt 0.0625 0.3125
vt 0.0625 0.375
vt 0.078125 0.375
vt 0.078125 0.3125
vt 0.0625 0.4140625
vt 0.0625 0.421875
vt 0.078125 0.421875
vt 0.078125 0.4140625
vt 0.15625 0.3828125
vt 0.15625 0.390625
vt 0.171875 0.390625
vt 0.171875 0.3828125
vt 0.05078125 0.3984375
vt 0.05078125 0.40625
vt 0.125 0.40625
vt 0.125 0.3984375
vt 0.09375 0.3828125
vt 0.09375 0.390625
vt 0.16796875 0.390625
vt 0.16796875 0.3828125
vt 0.06640625 0.34375
vt 0.06640625 0.41796875
vt 0.078125 0.41796875
vt 0.078125 0.34375
vt 0.05078125 0.34765625
vt 0.05078125 0.421875
vt 0.0625 0.421875
vt 0.0625 0.34765625
vt 0.14453125 0.3671875
vt 0.14453125 0.375
vt 0.15625 0.375
vt 0.15625 0.3671875
vt 0.109375 0.3828125
vt 0.109375 0.390625
vt 0.12109375 0.390625
vt 0.12109375 0.3828125
vt 0.14453125 0.3671875
vt 0.14453125 0.375
vt 0.21875 0.375
vt 0.21875 0.3671875
vt 0.125 0.3828125
vt 0.125 0.390625
vt 0.19921875 0.390625
vt 0.19921875 0.3828125
vt 0.09765625 0.34375
vt 0.09765625 0.41796875
vt 0.10362421875 0.41796875
vt 0.10362421875 0.34375
vt 0.11328125 0.33203125
vt 0.11328125 0.40625
vt 0.11924921875 0.40625
vt 0.11924921875 0.33203125
vt 0.08203125 0.3671875
vt 0.08203125 0.375
vt 0.08799921875 0.375
vt 0.08799921875 0.3671875
vt 0.078125 0.3984375
vt 0.078125 0.40625
vt 0.08409296875 0.40625
vt 0.08409296875 0.3984375
vt 0.3125 0.359375
vt 0.3125 0.4375
vt 0.296875 0.4375
vt 0.296875 0.359375
vt 0.3125 0.359375
vt 0.3125 0.4375
vt 0.296875 0.4375
vt 0.296875 0.359375
vt 0.4375 0.421875
vt 0.4375 0.4375
vt 0.296875 0.4375
vt 0.296875 0.421875
vt 0.4375 0.359375
vt 0.4375 0.375
vt 0.296875 0.375
vt 0.296875 0.359375
vt 0.4375 0.359375
vt 0.4375 0.4375
vt 0.296875 0.4375
vt 0.296875 0.359375
vt 0.4375 0.359375
vt 0.4375 0.4375
vt 0.296875 0.4375
vt 0.296875 0.359375
vt 0.375 0.4375
vt 0.375 0.453125
vt 0.359375 0.453125
vt 0.359375 0.4375
vt 0.359375 0.4375
vt 0.359375 0.453125
vt 0.34375 0.453125
vt 0.34375 0.4375
vt 0.421875 0.4375
vt 0.421875 0.453125
vt 0.3125 0.453125
vt 0.3125 0.4375
vt 0.421875 0.4375
vt 0.421875 0.453125
vt 0.3125 0.453125
vt 0.3125 0.4375
vt 0.421875 0.4375
vt 0.421875 0.453125
vt 0.3125 0.453125
vt 0.3125 0.4375
vt 0.421875 0.4375
vt 0.421875 0.453125
vt 0.3125 0.453125
vt 0.3125 0.4375
vt 0.390625 0.453125
vt 0.390625 0.46875
vt 0.375 0.46875
vt 0.375 0.453125
vt 0.359375 0.453125
vt 0.359375 0.46875
vt 0.34375 0.46875
vt 0.34375 0.453125
vt 0.41015625 0.453125
vt 0.41015625 0.46875
vt 0.32421875 0.46875
vt 0.32421875 0.453125
vt 0.41015625 0.453125
vt 0.41015625 0.46875
vt 0.32421875 0.46875
vt 0.32421875 0.453125
vt 0.41015625 0.453125
vt 0.41015625 0.46875
vt 0.32421875 0.46875
vt 0.32421875 0.453125
vt 0.41015625 0.453125
vt 0.41015625 0.46875
vt 0.32421875 0.46875
vt 0.32421875 0.453125
vt 0.28125 0.203125
vt 0.28125 0.3125
vt 0.265625 0.3125
vt 0.265625 0.203125
vt 0.28125 0.203125
vt 0.28125 0.3125
vt 0.265625 0.3125
vt 0.265625 0.203125
vt 0.40625 0.296875
vt 0.40625 0.3125
vt 0.265625 0.3125
vt 0.265625 0.296875
vt 0.40625 0.296875
vt 0.40625 0.3125
vt 0.265625 0.3125
vt 0.265625 0.296875
vt 0.40625 0.203125
vt 0.40625 0.3125
vt 0.265625 0.3125
vt 0.265625 0.203125
vt 0.40625 0.203125
vt 0.40625 0.3125
vt 0.265625 0.3125
vt 0.265625 0.203125
vt 0.9375 0.015625
vt 0.9375 0.0625
vt 0.9359375 0.0625
vt 0.9359375 0.015625
vt 0.9234375 0
vt 0.9234375 0.046875
vt 0.921875 0.046875
vt 0.921875 0
vt 0.984375 0.06093749999999998
vt 0.984375 0.0625
vt 0.921875 0.0625
vt 0.921875 0.06093749999999998
vt 0.984375 0.046875
vt 0.984375 0.04843750000000002
vt 0.921875 0.04843750000000002
vt 0.921875 0.046875
vt 0.96875 0.015625
vt 0.96875 0.0625
vt 0.90625 0.0625
vt 0.90625 0.015625
vt 0.359375 0.359375
vt 0.359375 0.40625
vt 0.296875 0.40625
vt 0.296875 0.359375
vt 0.125 0.3671875
vt 0.125 0.375
vt 0.046875 0.375
vt 0.046875 0.3671875
vt 0.109375 0.3984375
vt 0.109375 0.40625
vt 0.03125 0.40625
vt 0.03125 0.3984375
vt 0.0625 0.328125
vt 0.0625 0.40625
vt 0.03125 0.40625
vt 0.03125 0.328125
vt 0.0625 0.34375
vt 0.0625 0.421875
vt 0.03125 0.421875
vt 0.03125 0.34375
vt 0.09375 0.3671875
vt 0.09375 0.375
vt 0.0625 0.375
vt 0.0625 0.3671875
vt 0.125 0.3828125
vt 0.125 0.390625
vt 0.09375 0.390625
vt 0.09375 0.3828125
vt 0.11328125 0.3984375
vt 0.11328125 0.40625
vt 0.046875 0.40625
vt 0.046875 0.3984375
vt 0.140625 0.3984375
vt 0.140625 0.40625
vt 0.07421875 0.40625
vt 0.07421875 0.3984375
vt 0.0625 0.34375
vt 0.0625 0.41015625
vt 0.05078125 0.41015625
vt 0.05078125 0.34375
vt 0.0625 0.35546875
vt 0.0625 0.421875
vt 0.05078125 0.421875
vt 0.05078125 0.35546875
vt 0.078125 0.3984375
vt 0.078125 0.40625
vt 0.06640625 0.40625
vt 0.06640625 0.3984375
vt 0.08984375 0.3984375
vt 0.08984375 0.40625
vt 0.078125 0.40625
vt 0.078125 0.3984375
vt 0.19921875 0.3828125
vt 0.19921875 0.390625
vt 0.125 0.390625
vt 0.125 0.3828125
vt 0.21875 0.3671875
vt 0.21875 0.375
vt 0.14453125 0.375
vt 0.14453125 0.3671875
vt 0.10362421875 0.34375
vt 0.10362421875 0.41796875
vt 0.09765625 0.41796875
vt 0.09765625 0.34375
vt 0.11924921875 0.33203125
vt 0.11924921875 0.40625
vt 0.11328125 0.40625
vt 0.11328125 0.33203125
vt 0.08799921875 0.3671875
vt 0.08799921875 0.375
vt 0.08203125 0.375
vt 0.08203125 0.3671875
vt 0.08409296875 0.3984375
vt 0.08409296875 0.40625
vt 0.078125 0.40625
vt 0.078125 0.3984375
vt 0.16796875 0.3828125
vt 0.16796875 0.390625
vt 0.09375 0.390625
vt 0.09375 0.3828125
vt 0.125 0.3984375
vt 0.125 0.40625
vt 0.05078125 0.40625
vt 0.05078125 0.3984375
vt 0.078125 0.34375
vt 0.078125 0.41796875
vt 0.06640625 0.41796875
vt 0.06640625 0.34375
vt 0.0625 0.34765625
vt 0.0625 0.421875
vt 0.05078125 0.421875
vt 0.05078125 0.34765625
vt 0.15625 0.3671875
vt 0.15625 0.375
vt 0.14453125 0.375
vt 0.14453125 0.3671875
vt 0.12109375 0.3828125
vt 0.12109375 0.390625
vt 0.109375 0.390625
vt 0.109375 0.3828125
vt 0.15625 0.3671875
vt 0.15625 0.375
vt 0.09375 0.375
vt 0.09375 0.3671875
vt 0.125 0.3828125
vt 0.125 0.390625
vt 0.0625 0.390625
vt 0.0625 0.3828125
vt 0.0625 0.34375
vt 0.0625 0.40625
vt 0.046875 0.40625
vt 0.046875 0.34375
vt 0.078125 0.3125
vt 0.078125 0.375
vt 0.0625 0.375
vt 0.0625 0.3125
vt 0.078125 0.4140625
vt 0.078125 0.421875
vt 0.0625 0.421875
vt 0.0625 0.4140625
vt 0.171875 0.3828125
vt 0.171875 0.390625
vt 0.15625 0.390625
vt 0.15625 0.3828125
vt 0.171875 0.3828125
vt 0.171875 0.390625
vt 0.125 0.390625
vt 0.125 0.3828125
vt 0.140625 0.3984375
vt 0.140625 0.40625
vt 0.09375 0.40625
vt 0.09375 0.3984375
vt 0.15625 0.34375
vt 0.15625 0.390625
vt 0.1484375 0.390625
vt 0.1484375 0.34375
vt 0.109375 0.328125
vt 0.109375 0.375
vt 0.1015625 0.375
vt 0.1015625 0.328125
vt 0.1875 0.3671875
vt 0.1875 0.375
vt 0.1796875 0.375
vt 0.1796875 0.3671875
vt 0.1953125 0.3828125
vt 0.1953125 0.390625
vt 0.1875 0.390625
vt 0.1875 0.3828125
vt 0.07421875 0.3984375
vt 0.07421875 0.40625
vt 0.140625 0.40625
vt 0.140625 0.3984375
vt 0.046875 0.3984375
vt 0.046875 0.40625
vt 0.11328125 0.40625
vt 0.11328125 0.3984375
vt 0.05078125 0.34375
vt 0.05078125 0.41015625
vt 0.0625 0.41015625
vt 0.0625 0.34375
vt 0.05078125 0.35546875
vt 0.05078125 0.421875
vt 0.0625 0.421875
vt 0.0625 0.35546875
vt 0.06640625 0.3984375
vt 0.06640625 0.40625
vt 0.078125 0.40625
vt 0.078125 0.3984375
vt 0.078125 0.3984375
vt 0.078125 0.40625
vt 0.08984375 0.40625
vt 0.08984375 0.3984375
vt 0.09375 0.3984375
vt 0.09375 0.40625
vt 0.140625 0.40625
vt 0.140625 0.3984375
vt 0.125 0.3828125
vt 0.125 0.390625
vt 0.171875 0.390625
vt 0.171875 0.3828125
vt 0.1484375 0.34375
vt 0.1484375 0.390625
vt 0.15625 0.390625
vt 0.15625 0.34375
vt 0.1015625 0.328125
vt 0.1015625 0.375
vt 0.109375 0.375
vt 0.109375 0.328125
vt 0.1796875 0.3671875
vt 0.1796875 0.375
vt 0.1875 0.375
vt 0.1875 0.3671875
vt 0.1875 0.3828125
vt 0.1875 0.390625
vt 0.1953125 0.390625
vt 0.1953125 0.3828125
vt 0.0625 0.3828125
vt 0.0625 0.390625
vt 0.125 0.390625
vt 0.125 0.3828125
vt 0.09375 0.3671875
vt 0.09375 0.375
vt 0.15625 0.375
vt 0.15625 0.3671875
vt 0.046875 0.34375
vt 0.046875 0.40625
vt 0.0625 0.40625
vt 0.0625 0.34375
vt 0.0625 0.3125
vt 0.0625 0.375
vt 0.078125 0.375
vt 0.078125 0.3125
vt 0.0625 0.4140625
vt 0.0625 0.421875
vt 0.078125 0.421875
vt 0.078125 0.4140625
vt 0.15625 0.3828125
vt 0.15625 0.390625
vt 0.171875 0.390625
vt 0.171875 0.3828125
vt 0.05078125 0.3984375
vt 0.05078125 0.40625
vt 0.125 0.40625
vt 0.125 0.3984375
vt 0.09375 0.3828125
vt 0.09375 0.390625
vt 0.16796875 0.390625
vt 0.16796875 0.3828125
vt 0.06640625 0.34375
vt 0.06640625 0.41796875
vt 0.078125 0.41796875
vt 0.078125 0.34375
vt 0.05078125 0.34765625
vt 0.05078125 0.421875
vt 0.0625 0.421875
vt 0.0625 0.34765625
vt 0.14453125 0.3671875
vt 0.14453125 0.375
vt 0.15625 0.375
vt 0.15625 0.3671875
vt 0.109375 0.3828125
vt 0.109375 0.390625
vt 0.12109375 0.390625
vt 0.12109375 0.3828125
vt 0.14453125 0.3671875
vt 0.14453125 0.375
vt 0.21875 0.375
vt 0.21875 0.3671875
vt 0.125 0.3828125
vt 0.125 0.390625
vt 0.19921875 0.390625
vt 0.19921875 0.3828125
vt 0.09765625 0.34375
vt 0.09765625 0.41796875
vt 0.10362421875 0.41796875
vt 0.10362421875 0.34375
vt 0.11328125 0.33203125
vt 0.11328125 0.40625
vt 0.11924921875 0.40625
vt 0.11924921875 0.33203125
vt 0.08203125 0.3671875
vt 0.08203125 0.375
vt 0.08799921875 0.375
vt 0.08799921875 0.3671875
vt 0.078125 0.3984375
vt 0.078125 0.40625
vt 0.08409296875 0.40625
vt 0.08409296875 0.3984375
vt 0.328125 0.515625
vt 0.328125 0.625
vt 0.309375 0.625
vt 0.309375 0.515625
vt 0.33125 0.515625
vt 0.33125 0.625
vt 0.3125 0.625
vt 0.3125 0.515625
vt 0.359375 0.653125
vt 0.359375 0.671875
vt 0.34375 0.671875
vt 0.34375 0.653125
vt 0.3125 0.65625
vt 0.3125 0.675
vt 0.296875 0.675
vt 0.296875 0.65625
vt 0.328125 0.515625
vt 0.328125 0.625
vt 0.3125 0.625
vt 0.3125 0.515625
vt 0.921875 0.609375
vt 0.921875 0.71875
vt 0.90625 0.71875
vt 0.90625 0.609375
vt 0.328125 0.515625
vt 0.328125 0.625
vt 0.309375 0.625
vt 0.309375 0.515625
vt 0.33125 0.515625
vt 0.33125 0.625
vt 0.3125 0.625
vt 0.3125 0.515625
vt 0.359375 0.653125
vt 0.359375 0.671875
vt 0.34375 0.671875
vt 0.34375 0.653125
vt 0.3125 0.65625
vt 0.3125 0.675
vt 0.296875 0.675
vt 0.296875 0.65625
vt 0.328125 0.515625
vt 0.328125 0.625
vt 0.3125 0.625
vt 0.3125 0.515625
vt 0.921875 0.609375
vt 0.921875 0.71875
vt 0.90625 0.71875
vt 0.90625 0.609375
vt 0.28125 0.203125
vt 0.28125 0.3125
vt 0.265625 0.3125
vt 0.265625 0.203125
vt 0.28125 0.203125
vt 0.28125 0.3125
vt 0.265625 0.3125
vt 0.265625 0.203125
vt 0.40625 0.296875
vt 0.40625 0.3125
vt 0.265625 0.3125
vt 0.265625 0.296875
vt 0.40625 0.296875
vt 0.40625 0.3125
vt 0.265625 0.3125
vt 0.265625 0.296875
vt 0.40625 0.203125
vt 0.40625 0.3125
vt 0.265625 0.3125
vt 0.265625 0.203125
vt 0.40625 0.203125
vt 0.40625 0.3125
vt 0.265625 0.3125
vt 0.265625 0.203125
vt 0.9375 0.015625
vt 0.9375 0.0625
vt 0.9359375 0.0625
vt 0.9359375 0.015625
vt 0.9234375 0
vt 0.9234375 0.046875
vt 0.921875 0.046875
vt 0.921875 0
vt 0.984375 0.06093749999999998
vt 0.984375 0.0625
vt 0.921875 0.0625
vt 0.921875 0.06093749999999998
vt 0.984375 0.046875
vt 0.984375 0.04843750000000002
vt 0.921875 0.04843750000000002
vt 0.921875 0.046875
vt 0.96875 0.015625
vt 0.96875 0.0625
vt 0.90625 0.0625
vt 0.90625 0.015625
vt 0.359375 0.359375
vt 0.359375 0.40625
vt 0.296875 0.40625
vt 0.296875 0.359375
vt 0.125 0.3671875
vt 0.125 0.375
vt 0.046875 0.375
vt 0.046875 0.3671875
vt 0.109375 0.3984375
vt 0.109375 0.40625
vt 0.03125 0.40625
vt 0.03125 0.3984375
vt 0.0625 0.328125
vt 0.0625 0.40625
vt 0.03125 0.40625
vt 0.03125 0.328125
vt 0.0625 0.34375
vt 0.0625 0.421875
vt 0.03125 0.421875
vt 0.03125 0.34375
vt 0.09375 0.3671875
vt 0.09375 0.375
vt 0.0625 0.375
vt 0.0625 0.3671875
vt 0.125 0.3828125
vt 0.125 0.390625
vt 0.09375 0.390625
vt 0.09375 0.3828125
vt 0.11328125 0.3984375
vt 0.11328125 0.40625
vt 0.046875 0.40625
vt 0.046875 0.3984375
vt 0.140625 0.3984375
vt 0.140625 0.40625
vt 0.07421875 0.40625
vt 0.07421875 0.3984375
vt 0.0625 0.34375
vt 0.0625 0.41015625
vt 0.05078125 0.41015625
vt 0.05078125 0.34375
vt 0.0625 0.35546875
vt 0.0625 0.421875
vt 0.05078125 0.421875
vt 0.05078125 0.35546875
vt 0.078125 0.3984375
vt 0.078125 0.40625
vt 0.06640625 0.40625
vt 0.06640625 0.3984375
vt 0.08984375 0.3984375
vt 0.08984375 0.40625
vt 0.078125 0.40625
vt 0.078125 0.3984375
vt 0.19921875 0.3828125
vt 0.19921875 0.390625
vt 0.125 0.390625
vt 0.125 0.3828125
vt 0.21875 0.3671875
vt 0.21875 0.375
vt 0.14453125 0.375
vt 0.14453125 0.3671875
vt 0.10362421875 0.34375
vt 0.10362421875 0.41796875
vt 0.09765625 0.41796875
vt 0.09765625 0.34375
vt 0.11924921875 0.33203125
vt 0.11924921875 0.40625
vt 0.11328125 0.40625
vt 0.11328125 0.33203125
vt 0.08799921875 0.3671875
vt 0.08799921875 0.375
vt 0.08203125 0.375
vt 0.08203125 0.3671875
vt 0.08409296875 0.3984375
vt 0.08409296875 0.40625
vt 0.078125 0.40625
vt 0.078125 0.3984375
vt 0.16796875 0.3828125
vt 0.16796875 0.390625
vt 0.09375 0.390625
vt 0.09375 0.3828125
vt 0.125 0.3984375
vt 0.125 0.40625
vt 0.05078125 0.40625
vt 0.05078125 0.3984375
vt 0.078125 0.34375
vt 0.078125 0.41796875
vt 0.06640625 0.41796875
vt 0.06640625 0.34375
vt 0.0625 0.34765625
vt 0.0625 0.421875
vt 0.05078125 0.421875
vt 0.05078125 0.34765625
vt 0.15625 0.3671875
vt 0.15625 0.375
vt 0.14453125 0.375
vt 0.14453125 0.3671875
vt 0.12109375 0.3828125
vt 0.12109375 0.390625
vt 0.109375 0.390625
vt 0.109375 0.3828125
vt 0.15625 0.3671875
vt 0.15625 0.375
vt 0.09375 0.375
vt 0.09375 0.3671875
vt 0.125 0.3828125
vt 0.125 0.390625
vt 0.0625 0.390625
vt 0.0625 0.3828125
vt 0.0625 0.34375
vt 0.0625 0.40625
vt 0.046875 0.40625
vt 0.046875 0.34375
vt 0.078125 0.3125
vt 0.078125 0.375
vt 0.0625 0.375
vt 0.0625 0.3125
vt 0.078125 0.4140625
vt 0.078125 0.421875
vt 0.0625 0.421875
vt 0.0625 0.4140625
vt 0.171875 0.3828125
vt 0.171875 0.390625
vt 0.15625 0.390625
vt 0.15625 0.3828125
vt 0.171875 0.3828125
vt 0.171875 0.390625
vt 0.125 0.390625
vt 0.125 0.3828125
vt 0.140625 0.3984375
vt 0.140625 0.40625
vt 0.09375 0.40625
vt 0.09375 0.3984375
vt 0.15625 0.34375
vt 0.15625 0.390625
vt 0.1484375 0.390625
vt 0.1484375 0.34375
vt 0.109375 0.328125
vt 0.109375 0.375
vt 0.1015625 0.375
vt 0.1015625 0.328125
vt 0.1875 0.3671875
vt 0.1875 0.375
vt 0.1796875 0.375
vt 0.1796875 0.3671875
vt 0.1953125 0.3828125
vt 0.1953125 0.390625
vt 0.1875 0.390625
vt 0.1875 0.3828125
vt 0.07421875 0.3984375
vt 0.07421875 0.40625
vt 0.140625 0.40625
vt 0.140625 0.3984375
vt 0.046875 0.3984375
vt 0.046875 0.40625
vt 0.11328125 0.40625
vt 0.11328125 0.3984375
vt 0.05078125 0.34375
vt 0.05078125 0.41015625
vt 0.0625 0.41015625
vt 0.0625 0.34375
vt 0.05078125 0.35546875
vt 0.05078125 0.421875
vt 0.0625 0.421875
vt 0.0625 0.35546875
vt 0.06640625 0.3984375
vt 0.06640625 0.40625
vt 0.078125 0.40625
vt 0.078125 0.3984375
vt 0.078125 0.3984375
vt 0.078125 0.40625
vt 0.08984375 0.40625
vt 0.08984375 0.3984375
vt 0.09375 0.3984375
vt 0.09375 0.40625
vt 0.140625 0.40625
vt 0.140625 0.3984375
vt 0.125 0.3828125
vt 0.125 0.390625
vt 0.171875 0.390625
vt 0.171875 0.3828125
vt 0.1484375 0.34375
vt 0.1484375 0.390625
vt 0.15625 0.390625
vt 0.15625 0.34375
vt 0.1015625 0.328125
vt 0.1015625 0.375
vt 0.109375 0.375
vt 0.109375 0.328125
vt 0.1796875 0.3671875
vt 0.1796875 0.375
vt 0.1875 0.375
vt 0.1875 0.3671875
vt 0.1875 0.3828125
vt 0.1875 0.390625
vt 0.1953125 0.390625
vt 0.1953125 0.3828125
vt 0.0625 0.3828125
vt 0.0625 0.390625
vt 0.125 0.390625
vt 0.125 0.3828125
vt 0.09375 0.3671875
vt 0.09375 0.375
vt 0.15625 0.375
vt 0.15625 0.3671875
vt 0.046875 0.34375
vt 0.046875 0.40625
vt 0.0625 0.40625
vt 0.0625 0.34375
vt 0.0625 0.3125
vt 0.0625 0.375
vt 0.078125 0.375
vt 0.078125 0.3125
vt 0.0625 0.4140625
vt 0.0625 0.421875
vt 0.078125 0.421875
vt 0.078125 0.4140625
vt 0.15625 0.3828125
vt 0.15625 0.390625
vt 0.171875 0.390625
vt 0.171875 0.3828125
vt 0.05078125 0.3984375
vt 0.05078125 0.40625
vt 0.125 0.40625
vt 0.125 0.3984375
vt 0.09375 0.3828125
vt 0.09375 0.390625
vt 0.16796875 0.390625
vt 0.16796875 0.3828125
vt 0.06640625 0.34375
vt 0.06640625 0.41796875
vt 0.078125 0.41796875
vt 0.078125 0.34375
vt 0.05078125 0.34765625
vt 0.05078125 0.421875
vt 0.0625 0.421875
vt 0.0625 0.34765625
vt 0.14453125 0.3671875
vt 0.14453125 0.375
vt 0.15625 0.375
vt 0.15625 0.3671875
vt 0.109375 0.3828125
vt 0.109375 0.390625
vt 0.12109375 0.390625
vt 0.12109375 0.3828125
vt 0.14453125 0.3671875
vt 0.14453125 0.375
vt 0.21875 0.375
vt 0.21875 0.3671875
vt 0.125 0.3828125
vt 0.125 0.390625
vt 0.19921875 0.390625
vt 0.19921875 0.3828125
vt 0.09765625 0.34375
vt 0.09765625 0.41796875
vt 0.10362421875 0.41796875
vt 0.10362421875 0.34375
vt 0.11328125 0.33203125
vt 0.11328125 0.40625
vt 0.11924921875 0.40625
vt 0.11924921875 0.33203125
vt 0.08203125 0.3671875
vt 0.08203125 0.375
vt 0.08799921875 0.375
vt 0.08799921875 0.3671875
vt 0.078125 0.3984375
vt 0.078125 0.40625
vt 0.08409296875 0.40625
vt 0.08409296875 0.3984375
vt 0.328125 0.515625
vt 0.328125 0.625
vt 0.309375 0.625
vt 0.309375 0.515625
vt 0.33125 0.515625
vt 0.33125 0.625
vt 0.3125 0.625
vt 0.3125 0.515625
vt 0.359375 0.653125
vt 0.359375 0.671875
vt 0.34375 0.671875
vt 0.34375 0.653125
vt 0.3125 0.65625
vt 0.3125 0.675
vt 0.296875 0.675
vt 0.296875 0.65625
vt 0.328125 0.515625
vt 0.328125 0.625
vt 0.3125 0.625
vt 0.3125 0.515625
vt 0.921875 0.609375
vt 0.921875 0.71875
vt 0.90625 0.71875
vt 0.90625 0.609375
vt 0.328125 0.515625
vt 0.328125 0.625
vt 0.309375 0.625
vt 0.309375 0.515625
vt 0.33125 0.515625
vt 0.33125 0.625
vt 0.3125 0.625
vt 0.3125 0.515625
vt 0.359375 0.653125
vt 0.359375 0.671875
vt 0.34375 0.671875
vt 0.34375 0.653125
vt 0.3125 0.65625
vt 0.3125 0.675
vt 0.296875 0.675
vt 0.296875 0.65625
vt 0.328125 0.515625
vt 0.328125 0.625
vt 0.3125 0.625
vt 0.3125 0.515625
vt 0.921875 0.609375
vt 0.921875 0.71875
vt 0.90625 0.71875
vt 0.90625 0.609375
vt 0.015625 0.984375
vt 0.015625 1
vt 0 1
vt 0 0.984375
vt 0.03125 0.984375
vt 0.03125 1
vt 0.015625 1
vt 0.015625 0.984375
vt 0.046875 0.96875
vt 0.046875 0.984375
vt 0 0.984375
vt 0 0.96875
vt 0.046875 0.984375
vt 0.046875 1
vt 0 1
vt 0 0.984375
vt 0.046875 0.984375
vt 0.046875 1
vt 0 1
vt 0 0.984375
vt 0.046875 0.984375
vt 0.046875 1
vt 0 1
vt 0 0.984375
vt 0.015625 0.984375
vt 0.015625 1
vt 0.03125 1
vt 0.03125 0.984375
vt 0 0.984375
vt 0 1
vt 0.015625 1
vt 0.015625 0.984375
vt 0 0.96875
vt 0 0.984375
vt 0.046875 0.984375
vt 0.046875 0.96875
vt 0 0.984375
vt 0 1
vt 0.046875 1
vt 0.046875 0.984375
vt 0 0.984375
vt 0 1
vt 0.046875 1
vt 0.046875 0.984375
vt 0 0.984375
vt 0 1
vt 0.046875 1
vt 0.046875 0.984375
vt 0.125 0.890625
vt 0.125 1
vt 0.09375 1
vt 0.09375 0.890625
vt 0.125 0.890625
vt 0.125 1
vt 0.09375 1
vt 0.09375 0.890625
vt 0.109375 0.96875
vt 0.109375 1
vt 0.09375 1
vt 0.09375 0.96875
vt 0.125 0.96875
vt 0.125 1
vt 0.109375 1
vt 0.109375 0.96875
vt 0.109375 0.890625
vt 0.109375 1
vt 0.09375 1
vt 0.09375 0.890625
vt 0.125 0.890625
vt 0.125 1
vt 0.109375 1
vt 0.109375 0.890625
vt 0.125 0.890625
vt 0.125 1
vt 0.09375 1
vt 0.09375 0.890625
vt 0.125 0.890625
vt 0.125 1
vt 0.09375 1
vt 0.09375 0.890625
vt 0.109375 0.96875
vt 0.109375 1
vt 0.09375 1
vt 0.09375 0.96875
vt 0.125 0.96875
vt 0.125 1
vt 0.109375 1
vt 0.109375 0.96875
vt 0.109375 0.890625
vt 0.109375 1
vt 0.09375 1
vt 0.09375 0.890625
vt 0.125 0.890625
vt 0.125 1
vt 0.109375 1
vt 0.109375 0.890625
vt 0.01953125 0.96875
vt 0.01953125 0.984375
vt 0 0.984375
vt 0 0.96875
vt 0.03515625 0.96875
vt 0.03515625 0.984375
vt 0.015625 0.984375
vt 0.015625 0.96875
vt 0.078125 0.96484375
vt 0.078125 0.984375
vt 0 0.984375
vt 0 0.96484375
vt 0.078125 0.98046875
vt 0.078125 1
vt 0 1
vt 0 0.98046875
vt 0.078125 0.96875
vt 0.078125 0.984375
vt 0 0.984375
vt 0 0.96875
vt 0.078125 0.96875
vt 0.078125 0.984375
vt 0 0.984375
vt 0 0.96875
vt 0.015625 0.984375
vt 0.015625 1
vt 0 1
vt 0 0.984375
vt 0.03125 0.984375
vt 0.03125 1
vt 0.015625 1
vt 0.015625 0.984375
vt 0.046875 0.96875
vt 0.046875 0.984375
vt 0 0.984375
vt 0 0.96875
vt 0.046875 0.984375
vt 0.046875 1
vt 0 1
vt 0 0.984375
vt 0.046875 0.984375
vt 0.046875 1
vt 0 1
vt 0 0.984375
vt 0.046875 0.984375
vt 0.046875 1
vt 0 1
vt 0 0.984375
vt 0.015625 0.984375
vt 0.015625 1
vt 0.03125 1
vt 0.03125 0.984375
vt 0 0.984375
vt 0 1
vt 0.015625 1
vt 0.015625 0.984375
vt 0 0.96875
vt 0 0.984375
vt 0.046875 0.984375
vt 0.046875 0.96875
vt 0 0.984375
vt 0 1
vt 0.046875 1
vt 0.046875 0.984375
vt 0 0.984375
vt 0 1
vt 0.046875 1
vt 0.046875 0.984375
vt 0 0.984375
vt 0 1
vt 0.046875 1
vt 0.046875 0.984375
vt 0.125 0.890625
vt 0.125 1
vt 0.09375 1
vt 0.09375 0.890625
vt 0.125 0.890625
vt 0.125 1
vt 0.09375 1
vt 0.09375 0.890625
vt 0.109375 0.96875
vt 0.109375 1
vt 0.09375 1
vt 0.09375 0.96875
vt 0.125 0.96875
vt 0.125 1
vt 0.109375 1
vt 0.109375 0.96875
vt 0.109375 0.890625
vt 0.109375 1
vt 0.09375 1
vt 0.09375 0.890625
vt 0.125 0.890625
vt 0.125 1
vt 0.109375 1
vt 0.109375 0.890625
vt 0.125 0.890625
vt 0.125 1
vt 0.09375 1
vt 0.09375 0.890625
vt 0.125 0.890625
vt 0.125 1
vt 0.09375 1
vt 0.09375 0.890625
vt 0.109375 0.96875
vt 0.109375 1
vt 0.09375 1
vt 0.09375 0.96875
vt 0.125 0.96875
vt 0.125 1
vt 0.109375 1
vt 0.109375 0.96875
vt 0.109375 0.890625
vt 0.109375 1
vt 0.09375 1
vt 0.09375 0.890625
vt 0.125 0.890625
vt 0.125 1
vt 0.109375 1
vt 0.109375 0.890625
vt 0.01953125 0.96875
vt 0.01953125 0.984375
vt 0 0.984375
vt 0 0.96875
vt 0.03515625 0.96875
vt 0.03515625 0.984375
vt 0.015625 0.984375
vt 0.015625 0.96875
vt 0.078125 0.96484375
vt 0.078125 0.984375
vt 0 0.984375
vt 0 0.96484375
vt 0.078125 0.98046875
vt 0.078125 1
vt 0 1
vt 0 0.98046875
vt 0.078125 0.96875
vt 0.078125 0.984375
vt 0 0.984375
vt 0 0.96875
vt 0.078125 0.96875
vt 0.078125 0.984375
vt 0 0.984375
vt 0 0.96875
vt 0.015625 0.984375
vt 0.015625 1
vt 0 1
vt 0 0.984375
vt 0.03125 0.984375
vt 0.03125 1
vt 0.015625 1
vt 0.015625 0.984375
vt 0.046875 0.96875
vt 0.046875 0.984375
vt 0 0.984375
vt 0 0.96875
vt 0.046875 0.984375
vt 0.046875 1
vt 0 1
vt 0 0.984375
vt 0.046875 0.984375
vt 0.046875 1
vt 0 1
vt 0 0.984375
vt 0.046875 0.984375
vt 0.046875 1
vt 0 1
vt 0 0.984375
vt 0.015625 0.984375
vt 0.015625 1
vt 0.03125 1
vt 0.03125 0.984375
vt 0 0.984375
vt 0 1
vt 0.015625 1
vt 0.015625 0.984375
vt 0 0.96875
vt 0 0.984375
vt 0.046875 0.984375
vt 0.046875 0.96875
vt 0 0.984375
vt 0 1
vt 0.046875 1
vt 0.046875 0.984375
vt 0 0.984375
vt 0 1
vt 0.046875 1
vt 0.046875 0.984375
vt 0 0.984375
vt 0 1
vt 0.046875 1
vt 0.046875 0.984375
vt 0.125 0.890625
vt 0.125 1
vt 0.09375 1
vt 0.09375 0.890625
vt 0.125 0.890625
vt 0.125 1
vt 0.09375 1
vt 0.09375 0.890625
vt 0.109375 0.96875
vt 0.109375 1
vt 0.09375 1
vt 0.09375 0.96875
vt 0.125 0.96875
vt 0.125 1
vt 0.109375 1
vt 0.109375 0.96875
vt 0.109375 0.890625
vt 0.109375 1
vt 0.09375 1
vt 0.09375 0.890625
vt 0.125 0.890625
vt 0.125 1
vt 0.109375 1
vt 0.109375 0.890625
vt 0.125 0.890625
vt 0.125 1
vt 0.09375 1
vt 0.09375 0.890625
vt 0.125 0.890625
vt 0.125 1
vt 0.09375 1
vt 0.09375 0.890625
vt 0.109375 0.96875
vt 0.109375 1
vt 0.09375 1
vt 0.09375 0.96875
vt 0.125 0.96875
vt 0.125 1
vt 0.109375 1
vt 0.109375 0.96875
vt 0.109375 0.890625
vt 0.109375 1
vt 0.09375 1
vt 0.09375 0.890625
vt 0.125 0.890625
vt 0.125 1
vt 0.109375 1
vt 0.109375 0.890625
vt 0.01953125 0.96875
vt 0.01953125 0.984375
vt 0 0.984375
vt 0 0.96875
vt 0.03515625 0.96875
vt 0.03515625 0.984375
vt 0.015625 0.984375
vt 0.015625 0.96875
vt 0.078125 0.96484375
vt 0.078125 0.984375
vt 0 0.984375
vt 0 0.96484375
vt 0.078125 0.98046875
vt 0.078125 1
vt 0 1
vt 0 0.98046875
vt 0.078125 0.96875
vt 0.078125 0.984375
vt 0 0.984375
vt 0 0.96875
vt 0.078125 0.96875
vt 0.078125 0.984375
vt 0 0.984375
vt 0 0.96875
vt 0.015625 0.984375
vt 0.015625 1
vt 0 1
vt 0 0.984375
vt 0.03125 0.984375
vt 0.03125 1
vt 0.015625 1
vt 0.015625 0.984375
vt 0.046875 0.96875
vt 0.046875 0.984375
vt 0 0.984375
vt 0 0.96875
vt 0.046875 0.984375
vt 0.046875 1
vt 0 1
vt 0 0.984375
vt 0.046875 0.984375
vt 0.046875 1
vt 0 1
vt 0 0.984375
vt 0.046875 0.984375
vt 0.046875 1
vt 0 1
vt 0 0.984375
vt 0.015625 0.984375
vt 0.015625 1
vt 0.03125 1
vt 0.03125 0.984375
vt 0 0.984375
vt 0 1
vt 0.015625 1
vt 0.015625 0.984375
vt 0 0.96875
vt 0 0.984375
vt 0.046875 0.984375
vt 0.046875 0.96875
vt 0 0.984375
vt 0 1
vt 0.046875 1
vt 0.046875 0.984375
vt 0 0.984375
vt 0 1
vt 0.046875 1
vt 0.046875 0.984375
vt 0 0.984375
vt 0 1
vt 0.046875 1
vt 0.046875 0.984375
vt 0.125 0.890625
vt 0.125 1
vt 0.09375 1
vt 0.09375 0.890625
vt 0.125 0.890625
vt 0.125 1
vt 0.09375 1
vt 0.09375 0.890625
vt 0.109375 0.96875
vt 0.109375 1
vt 0.09375 1
vt 0.09375 0.96875
vt 0.125 0.96875
vt 0.125 1
vt 0.109375 1
vt 0.109375 0.96875
vt 0.109375 0.890625
vt 0.109375 1
vt 0.09375 1
vt 0.09375 0.890625
vt 0.125 0.890625
vt 0.125 1
vt 0.109375 1
vt 0.109375 0.890625
vt 0.125 0.890625
vt 0.125 1
vt 0.09375 1
vt 0.09375 0.890625
vt 0.125 0.890625
vt 0.125 1
vt 0.09375 1
vt 0.09375 0.890625
vt 0.109375 0.96875
vt 0.109375 1
vt 0.09375 1
vt 0.09375 0.96875
vt 0.125 0.96875
vt 0.125 1
vt 0.109375 1
vt 0.109375 0.96875
vt 0.109375 0.890625
vt 0.109375 1
vt 0.09375 1
vt 0.09375 0.890625
vt 0.125 0.890625
vt 0.125 1
vt 0.109375 1
vt 0.109375 0.890625
vt 0.01953125 0.96875
vt 0.01953125 0.984375
vt 0 0.984375
vt 0 0.96875
vt 0.03515625 0.96875
vt 0.03515625 0.984375
vt 0.015625 0.984375
vt 0.015625 0.96875
vt 0.078125 0.96484375
vt 0.078125 0.984375
vt 0 0.984375
vt 0 0.96484375
vt 0.078125 0.98046875
vt 0.078125 1
vt 0 1
vt 0 0.98046875
vt 0.078125 0.96875
vt 0.078125 0.984375
vt 0 0.984375
vt 0 0.96875
vt 0.078125 0.96875
vt 0.078125 0.984375
vt 0 0.984375
vt 0 0.96875
vt 0.03125 0.9921875
vt 0.03125 1
vt 0 1
vt 0 0.9921875
vt 0.03125 0.9921875
vt 0.03125 1
vt 0 1
vt 0 0.9921875
vt 0.09375 0.96875
vt 0.09375 1
vt 0 1
vt 0 0.96875
vt 0.09375 0.96875
vt 0.09375 1
vt 0 1
vt 0 0.96875
vt 0.09375 0.9921875
vt 0.09375 1
vt 0 1
vt 0 0.9921875
vt 0.09375 0.9921875
vt 0.09375 1
vt 0 1
vt 0 0.9921875
vt 0.03125 0.9921875
vt 0.03125 1
vt 0 1
vt 0 0.9921875
vt 0.03125 0.9921875
vt 0.03125 1
vt 0 1
vt 0 0.9921875
vt 0.09375 0.96875
vt 0.09375 1
vt 0 1
vt 0 0.96875
vt 0.09375 0.96875
vt 0.09375 1
vt 0 1
vt 0 0.96875
vt 0.09375 0.9921875
vt 0.09375 1
vt 0 1
vt 0 0.9921875
vt 0.09375 0.9921875
vt 0.09375 1
vt 0 1
vt 0 0.9921875
vt 0.03125 0.953125
vt 0.03125 0.9921875
vt 0 0.9921875
vt 0 0.953125
vt 0.03125 0.953125
vt 0.03125 0.9921875
vt 0 0.9921875
vt 0 0.953125
vt 0.0703125 0.96875
vt 0.0703125 1
vt 0.0234375 1
vt 0.0234375 0.96875
vt 0.0703125 0.96875
vt 0.0703125 1
vt 0.0234375 1
vt 0.0234375 0.96875
vt 0.0703125 0.953125
vt 0.0703125 0.9921875
vt 0.0234375 0.9921875
vt 0.0234375 0.953125
vt 0.0703125 0.953125
vt 0.0703125 0.9921875
vt 0.0234375 0.9921875
vt 0.0234375 0.953125
vt 0.02734375 0.9921875
vt 0.02734375 1
vt 0.00390625 1
vt 0.00390625 0.9921875
vt 0.02734375 0.9921875
vt 0.02734375 1
vt 0.00390625 1
vt 0.00390625 0.9921875
vt 0.0859375 0.97265625
vt 0.0859375 0.99609375
vt 0.0078125 0.99609375
vt 0.0078125 0.97265625
vt 0.0859375 0.97265625
vt 0.0859375 0.99609375
vt 0.0078125 0.99609375
vt 0.0078125 0.97265625
vt 0.0859375 0.9921875
vt 0.0859375 1
vt 0.0078125 1
vt 0.0078125 0.9921875
vt 0.0859375 0.9921875
vt 0.0859375 1
vt 0.0078125 1
vt 0.0078125 0.9921875
vt 0.15625 0.859375
vt 0.15625 0.90625
vt 0.125 0.90625
vt 0.125 0.859375
vt 0.15625 0.859375
vt 0.15625 0.90625
vt 0.125 0.90625
vt 0.125 0.859375
vt 0.15625 0.875
vt 0.15625 0.90625
vt 0.125 0.90625
vt 0.125 0.875
vt 0.15625 0.875
vt 0.15625 0.90625
vt 0.125 0.90625
vt 0.125 0.875
vt 0.15625 0.859375
vt 0.15625 0.90625
vt 0.125 0.90625
vt 0.125 0.859375
vt 0.15625 0.859375
vt 0.15625 0.90625
vt 0.125 0.90625
vt 0.125 0.859375
vt 0.15625 0.96875
vt 0.15625 1
vt 0.0546875 1
vt 0.0546875 0.96875
vt 0.1015625 0.96875
vt 0.1015625 1
vt 0 1
vt 0 0.96875
vt 0.028125 0.8984375
vt 0.028125 1
vt 0 1
vt 0 0.8984375
vt 0.028125 0.84375
vt 0.028125 0.9453125
vt 0 0.9453125
vt 0 0.84375
vt 0.028125 0.96875
vt 0.028125 1
vt 0 1
vt 0 0.96875
vt 0.03125 0.96875
vt 0.03125 1
vt 0.003125 1
vt 0.003125 0.96875
vt 0.15625 0.96875
vt 0.15625 1
vt 0.0625 1
vt 0.0625 0.96875
vt 0.09375 0.96875
vt 0.09375 1
vt 0 1
vt 0 0.96875
vt 0.03125 0.90625
vt 0.03125 1
vt 0 1
vt 0 0.90625
vt 0.03125 0.84375
vt 0.03125 0.9375
vt 0 0.9375
vt 0 0.84375
vt 0.03125 0.96875
vt 0.03125 1
vt 0 1
vt 0 0.96875
vt 0.03125 0.96875
vt 0.03125 1
vt 0 1
vt 0 0.96875
vt 0.0625 0.90625
vt 0.0625 0.984375
vt 0.046875 0.984375
vt 0.046875 0.90625
vt 0.109375 0.90625
vt 0.109375 0.984375
vt 0.09375 0.984375
vt 0.09375 0.90625
vt 0.09375 0.890625
vt 0.09375 0.90625
vt 0.03125 0.90625
vt 0.03125 0.890625
vt 0.09375 0.9375
vt 0.09375 0.953125
vt 0.03125 0.953125
vt 0.03125 0.9375
vt 0.09375 0.90625
vt 0.09375 0.984375
vt 0.03125 0.984375
vt 0.03125 0.90625
vt 0.09375 0.90625
vt 0.09375 0.984375
vt 0.03125 0.984375
vt 0.03125 0.90625
vt 0.5234375 0.359375
vt 0.5234375 0.421875
vt 0.515625 0.421875
vt 0.515625 0.359375
vt 0.53125 0.359375
vt 0.53125 0.421875
vt 0.5234375 0.421875
vt 0.5234375 0.359375
vt 0.6328125 0.359375
vt 0.6328125 0.3671875
vt 0.5234375 0.3671875
vt 0.5234375 0.359375
vt 0.6328125 0.3671875
vt 0.6328125 0.375
vt 0.5234375 0.375
vt 0.5234375 0.3671875
vt 0.96875 0.34375
vt 0.96875 0.46875
vt 0.75 0.46875
vt 0.75 0.34375
vt 0.703125 0.359375
vt 0.703125 0.484375
vt 0.546875 0.484375
vt 0.546875 0.359375
vn 0.7071067811865476 -0.7071067811865476 1.5700924586837752e-16
vn -0.7071067811865476 0.7071067811865476 -1.5700924586837752e-16
vn 0 -2.220446049250313e-16 -1
vn 0 2.220446049250313e-16 1
vn 1 0 0
vn -1 0 0
vn 0 -2.220446049250313e-16 -1
vn 0 2.220446049250313e-16 1
vn 0.7071067811865476 0.7071067811865476 -1.5700924586837752e-16
vn -0.7071067811865476 -0.7071067811865476 1.5700924586837752e-16
vn 0 -2.220446049250313e-16 -1
vn 0 2.220446049250313e-16 1
vn 0 1 -2.220446049250313e-16
vn 0 -1 2.220446049250313e-16
vn 0 -2.220446049250313e-16 -1
vn 0 2.220446049250313e-16 1
vn -0.7071067811865476 0.7071067811865476 -1.5700924586837752e-16
vn 0.7071067811865476 -0.7071067811865476 1.5700924586837752e-16
vn 0 -2.220446049250313e-16 -1
vn 0 2.220446049250313e-16 1
vn -1 0 0
vn 1 0 0
vn 0 -2.220446049250313e-16 -1
vn 0 2.220446049250313e-16 1
vn -0.7071067811865476 -0.7071067811865476 1.5700924586837752e-16
vn 0.7071067811865476 0.7071067811865476 -1.5700924586837752e-16
vn 0 -2.220446049250313e-16 -1
vn 0 2.220446049250313e-16 1
vn 0 -1 2.220446049250313e-16
vn 0 1 -2.220446049250313e-16
vn 0 -2.220446049250313e-16 -1
vn 0 2.220446049250313e-16 1
vn 0.7071067811865466 -0.7071067811865485 1.5700924586837771e-16
vn -0.7071067811865495 0.7071067811865457 -1.570092458683771e-16
vn 0 -2.220446049250313e-16 -1
vn 0 2.220446049250313e-16 1
vn 1 0 0
vn -1 0 0
vn 0 -2.220446049250313e-16 -1
vn 0 2.220446049250313e-16 1
vn 0.7071067811865466 0.7071067811865485 -1.5700924586837771e-16
vn -0.7071067811865495 -0.7071067811865457 1.570092458683771e-16
vn 0 -2.220446049250313e-16 -1
vn 0 2.220446049250313e-16 1
vn 0 1 -2.220446049250313e-16
vn 0 -1 2.220446049250313e-16
vn 0 -2.220446049250313e-16 -1
vn 0 2.220446049250313e-16 1
vn -0.7071067811865466 0.7071067811865485 -1.5700924586837771e-16
vn 0.7071067811865495 -0.7071067811865457 1.570092458683771e-16
vn 0 -2.220446049250313e-16 -1
vn 0 2.220446049250313e-16 1
vn -1 0 0
vn 1 0 0
vn 0 -2.220446049250313e-16 -1
vn 0 2.220446049250313e-16 1
vn -0.7071067811865466 -0.7071067811865485 1.5700924586837771e-16
vn 0.7071067811865495 0.7071067811865457 -1.570092458683771e-16
vn 0 -2.220446049250313e-16 -1
vn 0 2.220446049250313e-16 1
vn 0 -1 2.220446049250313e-16
vn 0 1 -2.220446049250313e-16
vn 0 -2.220446049250313e-16 -1
vn 0 2.220446049250313e-16 1
vn 0.7071067811865479 -0.7071067811865472 1.5700924586837744e-16
vn -0.7071067811865464 0.7071067811865488 -1.570092458683778e-16
vn 0 -2.220446049250313e-16 -1
vn 0 2.220446049250313e-16 1
vn 1 0 0
vn -1 0 0
vn 0 -2.220446049250313e-16 -1
vn 0 2.220446049250313e-16 1
vn 0.7071067811865479 0.7071067811865472 -1.5700924586837744e-16
vn -0.7071067811865479 -0.7071067811865472 1.5700924586837744e-16
vn 0 -2.220446049250313e-16 -1
vn 0 2.220446049250313e-16 1
vn 0 1 -2.220446049250313e-16
vn 0 -1 2.220446049250313e-16
vn 0 -2.220446049250313e-16 -1
vn 0 2.220446049250313e-16 1
vn -0.7071067811865479 0.7071067811865472 -1.5700924586837744e-16
vn 0.7071067811865479 -0.7071067811865472 1.5700924586837744e-16
vn 0 -2.220446049250313e-16 -1
vn 0 2.220446049250313e-16 1
vn -1 0 0
vn 1 0 0
vn 0 -2.220446049250313e-16 -1
vn 0 2.220446049250313e-16 1
vn -0.7071067811865479 -0.7071067811865472 1.5700924586837744e-16
vn 0.7071067811865464 0.7071067811865488 -5.1554669323846286e-15
vn 0 -2.220446049250313e-16 -1
vn 0 2.220446049250313e-16 1
vn 0 -1 2.220446049250313e-16
vn 0 1 -7.327471962526033e-15
vn 0 -2.220446049250313e-16 -1
vn 0 2.220446049250313e-16 1
vn 0.7071067811865454 -0.7071067811865497 1.5700924586837799e-16
vn -0.7071067811865464 0.7071067811865488 -1.570092458683778e-16
vn 0 -2.220446049250313e-16 -1
vn 0 2.220446049250313e-16 1
vn 1 0 0
vn -1 0 0
vn 0 -2.220446049250313e-16 -1
vn 0 2.220446049250313e-16 1
vn 0.7071067811865466 0.7071067811865485 -1.5700924586837771e-16
vn -0.7071067811865495 -0.7071067811865457 1.570092458683771e-16
vn 0 -2.220446049250313e-16 -1
vn 0 2.220446049250313e-16 1
vn 0 1 -2.220446049250313e-16
vn 0 -1 2.220446049250313e-16
vn 0 -2.220446049250313e-16 -1
vn 0 2.220446049250313e-16 1
vn -0.7071067811865466 0.7071067811865485 -1.5700924586837771e-16
vn 0.7071067811865495 -0.7071067811865457 1.570092458683771e-16
vn 0 -2.220446049250313e-16 -1
vn 0 2.220446049250313e-16 1
vn -1 0 0
vn 1 0 0
vn 0 -2.220446049250313e-16 -1
vn 0 2.220446049250313e-16 1
vn -0.7071067811865454 -0.7071067811865497 1.5700924586837799e-16
vn 0.7071067811865464 0.7071067811865488 -5.1554669323846286e-15
vn 0 -2.220446049250313e-16 -1
vn 0 2.220446049250313e-16 1
vn 0 -1 2.220446049250313e-16
vn 0 1 -7.327471962526033e-15
vn 0 -2.220446049250313e-16 -1
vn 0 2.220446049250313e-16 1
vn 2.537634140322584e-16 3.9059762686336204e-16 -1
vn 0.7071067811865479 -0.7071067811865472 1.5700924586837744e-16
vn -2.5376341403225846e-16 -3.9059762686336214e-16 1
vn 0 -2.220446049250313e-16 -1
vn 1 0 0
vn 0 2.220446049250313e-16 1
vn 0 -2.220446049250313e-16 -1
vn 0.7071067811865479 0.7071067811865472 -1.5700924586837744e-16
vn 0 2.220446049250313e-16 1
vn 0 -2.220446049250313e-16 -1
vn 0 1 -2.220446049250313e-16
vn 0 2.220446049250313e-16 1
vn 0 -2.220446049250313e-16 -1
vn -0.7071067811865479 0.7071067811865472 -1.5700924586837744e-16
vn 0 2.220446049250313e-16 1
vn 0 -2.220446049250313e-16 -1
vn -1 0 0
vn 0 2.220446049250313e-16 1
vn -2.5376341403225846e-16 3.9059762686336214e-16 -1
vn -0.7071067811865479 -0.7071067811865472 1.5700924586837744e-16
vn 2.537634140322584e-16 -3.9059762686336204e-16 1
vn 0 2.8548592061789737e-16 -1
vn 0 -1 2.220446049250313e-16
vn 0 -2.8548592061789737e-16 1
vn 0 -2.220446049250313e-16 -1
vn 0.7071067811865479 -0.7071067811865472 1.5700924586837744e-16
vn 0 2.220446049250313e-16 1
vn 2.5376526277146434e-16 3.9060209013761865e-16 -1
vn 1 0 0
vn -2.5376526277146434e-16 -3.9060209013761865e-16 1
vn 3.58878817756135e-16 1.368342128311034e-16 -1
vn 0.7071067811865479 0.7071067811865472 -1.5700924586837744e-16
vn -3.5887881775613494e-16 -1.368342128311033e-16 1
vn 0 2.8548592061789737e-16 -1
vn 0 1 -2.220446049250313e-16
vn 0 -2.8548592061789737e-16 1
vn -3.5887881775613494e-16 1.368342128311033e-16 -1
vn -0.7071067811865479 0.7071067811865472 -1.5700924586837744e-16
vn 3.58878817756135e-16 -1.368342128311034e-16 1
vn -2.5376526277146434e-16 3.9060209013761865e-16 -1
vn -1 0 0
vn 2.5376526277146434e-16 -3.9060209013761865e-16 1
vn 0 -2.220446049250313e-16 -1
vn -0.7071067811865479 -0.7071067811865472 1.5700924586837744e-16
vn 0 2.220446049250313e-16 1
vn 0 -2.220446049250313e-16 -1
vn 0 -1 2.220446049250313e-16
vn 0 2.220446049250313e-16 1
vn 0 -2.220446049250313e-16 -1
vn 0.7071067811865466 -0.7071067811865485 1.5700924586837771e-16
vn 0 2.220446049250313e-16 1
vn 0 -2.220446049250313e-16 -1
vn 1 0 0
vn 0 2.220446049250313e-16 1
vn -2.5376341403225994e-16 3.9059762686336273e-16 -1
vn 0.7071067811865466 0.7071067811865485 -1.5700924586837771e-16
vn 2.537634140322599e-16 -3.9059762686336264e-16 1
vn 0 2.8548592061789737e-16 -1
vn 0 1 -2.220446049250313e-16
vn 0 -2.8548592061789737e-16 1
vn 2.537634140322599e-16 3.9059762686336264e-16 -1
vn -0.7071067811865466 0.7071067811865485 -1.5700924586837771e-16
vn -2.5376341403225994e-16 -3.9059762686336273e-16 1
vn 0 -2.220446049250313e-16 -1
vn -1 0 0
vn 0 2.220446049250313e-16 1
vn 0 -2.220446049250313e-16 -1
vn -0.7071067811865466 -0.7071067811865485 1.5700924586837771e-16
vn 0 2.220446049250313e-16 1
vn 0 -2.220446049250313e-16 -1
vn 0 -1 2.220446049250313e-16
vn 0 2.220446049250313e-16 1
vn 0 -2.220446049250313e-16 -1
vn 0.7071067811865466 -0.7071067811865485 1.5700924586837771e-16
vn 0 2.220446049250313e-16 1
vn 0 -2.220446049250313e-16 -1
vn 1 0 0
vn 0 2.220446049250313e-16 1
vn 0 -2.220446049250313e-16 -1
vn 0.7071067811865466 0.7071067811865485 -1.5700924586837771e-16
vn 0 2.220446049250313e-16 1
vn 0 -2.220446049250313e-16 -1
vn 0 1 -2.220446049250313e-16
vn 0 2.220446049250313e-16 1
vn 0 -2.220446049250313e-16 -1
vn -0.7071067811865466 0.7071067811865485 -1.5700924586837771e-16
vn 0 2.220446049250313e-16 1
vn 0 -2.220446049250313e-16 -1
vn -1 0 0
vn 0 2.220446049250313e-16 1
vn 0 -2.220446049250313e-16 -1
vn -0.7071067811865466 -0.7071067811865485 1.5700924586837771e-16
vn 0 2.220446049250313e-16 1
vn 0 -2.220446049250313e-16 -1
vn 0 -1 2.220446049250313e-16
vn 0 2.220446049250313e-16 1
vn 0 1 2.5108120710753526e-15
vn 0 -1 -2.5108120710753506e-15
vn -1 3.9474596431116675e-16 9.911329322007579e-31
vn 1 -3.9474596431116675e-16 -9.911329322007579e-31
vn 0 2.4671622769447934e-17 1
vn 0 1.7270135938613544e-16 -1
vn 0.9807852804032304 -0.19509032201612841 4.331875347676837e-17
vn -0.9807852804032304 0.19509032201612841 -4.331875347676837e-17
vn 0.19509032201612803 0.9807852804032307 -2.177780801034214e-16
vn -0.19509032201612803 -0.9807852804032307 2.177780801034214e-16
vn 0 2.220446049250313e-16 1
vn 0 -2.220446049250313e-16 -1
vn 0.9238795325112871 -0.3826834323650893 8.497279155086119e-17
vn -0.9238795325112871 0.3826834323650893 -8.497279155086119e-17
vn 0.38268343236508967 0.923879532511287 -2.0514246579479133e-16
vn -0.38268343236508967 -0.923879532511287 2.0514246579479133e-16
vn 0 2.220446049250313e-16 1
vn 0 -2.220446049250313e-16 -1
vn 0.8314696123025453 -0.5555702330196024 1.233613728989452e-16
vn -0.8314696123025453 0.5555702330196024 -1.233613728989452e-16
vn 0.5555702330196016 0.8314696123025459 -1.8462334157088776e-16
vn -0.5555702330196016 -0.8314696123025459 1.8462334157088776e-16
vn 0 2.220446049250313e-16 1
vn 0 -2.220446049250313e-16 -1
vn 0.7071067811865476 -0.7071067811865476 1.5700924586837752e-16
vn -0.7071067811865469 0.7071067811865482 1.9246589253037945e-15
vn 0.7071067811865485 0.7071067811865467 -1.5700924586837732e-16
vn -0.7071067811865478 -0.7071067811865474 1.5700924586837747e-16
vn 0 2.220446049250313e-16 1
vn 0 -2.220446049250313e-16 -1
vn 0.5555702330196027 -0.8314696123025449 -2.267119171143e-15
vn -0.5555702330196038 0.8314696123025442 2.267119171142997e-15
vn 0.8314696123025463 0.5555702330196007 1.5214569324203205e-15
vn -0.8314696123025445 -0.5555702330196035 1.2336137289894544e-16
vn 0 2.220446049250313e-16 1
vn 0 -2.220446049250313e-16 -1
vn 0.38268343236509134 -0.9238795325112863 -2.524155803075386e-15
vn -0.3826834323650884 0.9238795325112874 2.5241558030753908e-15
vn 0.9238795325112867 0.3826834323650904 1.0479977624606249e-15
vn -0.9238795325112874 -0.3826834323650887 -1.0479977624606203e-15
vn 0 2.220446049250313e-16 1
vn 0 -2.220446049250313e-16 -1
vn 0.19509032201612808 -0.9807852804032305 -2.6734277131912604e-15
vn -0.19509032201612803 0.9807852804032307 2.696557359537615e-15
vn 0.9807852804032304 0.19509032201612875 5.342646262134778e-16
vn -0.9807852804032304 -0.19509032201612925 -5.342646262134791e-16
vn 1.7327501390707348e-16 -6.490677154886557e-16 1
vn 0 -2.220446049250313e-16 -1
vn 0.9807852804032304 0.19509032201612841 -4.331875347676837e-17
vn -0.9807852804032304 -0.19509032201612841 4.331875347676837e-17
vn -0.19509032201612803 0.9807852804032307 -2.177780801034214e-16
vn 0.19509032201612803 -0.9807852804032307 2.177780801034214e-16
vn 0 2.220446049250313e-16 1
vn 0 -2.220446049250313e-16 -1
vn 0.9238795325112871 0.3826834323650893 -8.497279155086119e-17
vn -0.9238795325112871 -0.3826834323650893 8.497279155086119e-17
vn -0.38268343236508967 0.923879532511287 -2.0514246579479133e-16
vn 0.38268343236508967 -0.923879532511287 2.0514246579479133e-16
vn 0 2.220446049250313e-16 1
vn 0 -2.220446049250313e-16 -1
vn 0.8314696123025453 0.5555702330196024 -1.233613728989452e-16
vn -0.8314696123025453 -0.5555702330196024 1.233613728989452e-16
vn -0.5555702330196016 0.8314696123025459 -1.8462334157088776e-16
vn 0.5555702330196016 -0.8314696123025459 1.8462334157088776e-16
vn 0 2.220446049250313e-16 1
vn 0 -2.220446049250313e-16 -1
vn 0.7071067811865487 0.7071067811865465 1.9246589253037893e-15
vn -0.7071067811865476 -0.7071067811865476 1.5700924586837752e-16
vn -0.7071067811865483 0.7071067811865467 1.9364473657099884e-15
vn 0.7071067811865478 -0.7071067811865474 1.5700924586837747e-16
vn 0 2.220446049250313e-16 1
vn 0 -2.220446049250313e-16 -1
vn 0.5555702330196038 0.8314696123025442 2.267119171142997e-15
vn -0.5555702330196004 -0.8314696123025466 -2.2671191711430044e-15
vn -0.8314696123025462 0.5555702330196007 1.5214569324203205e-15
vn 0.8314696123025445 -0.5555702330196034 -1.521456932420328e-15
vn 0 2.220446049250313e-16 1
vn 0 -2.220446049250313e-16 -1
vn 0.3826834323650884 0.9238795325112874 2.5241558030753908e-15
vn -0.38268343236509134 -0.9238795325112863 -2.524155803075386e-15
vn -0.9238795325112867 0.3826834323650904 1.0479977624606249e-15
vn 0.9238795325112873 -0.3826834323650886 -1.0479977624606201e-15
vn 0 2.220446049250313e-16 1
vn 0 -2.220446049250313e-16 -1
vn 0.19509032201612803 0.9807852804032307 2.6734277131912577e-15
vn -0.19509032201612808 -0.9807852804032305 -2.6965573595376177e-15
vn -0.9807852804032304 0.19509032201612878 5.342646262134775e-16
vn 0.9807852804032304 -0.1950903220161292 -5.342646262134786e-16
vn -1.7327501390707339e-16 -6.490677154886557e-16 1
vn 0 -2.220446049250313e-16 -1
vn 0 -1 -2.5108120710753506e-15
vn 0 1 2.5108120710753526e-15
vn 1 3.9474596431116675e-16 9.91132932200757e-31
vn -1 -1.973729821555834e-16 -4.955664661003786e-31
vn 0 2.467162276944791e-17 1
vn 0 1.7270135938613544e-16 -1
vn 1 0 0
vn -1 0 0
vn 0 1 -2.220446049250313e-16
vn 0 -1 2.220446049250313e-16
vn 0 2.220446049250313e-16 1
vn 0 -2.220446049250313e-16 -1
vn 1 0 0
vn -1 0 0
vn 0 1 3.3306690738754696e-15
vn 0 -1 2.220446049250313e-16
vn 0 2.220446049250313e-16 1
vn 0 -2.220446049250313e-16 -1
vn 1 0 0
vn -1 0 0
vn 0 1 3.3306690738754696e-15
vn 0 -1 -3.3306690738754696e-15
vn 0 2.220446049250313e-16 1
vn 0 -2.220446049250313e-16 -1
vn 1 0 0
vn -1 0 0
vn 0 1 3.3306690738754696e-15
vn 0 -1 -3.3306690738754696e-15
vn 0 -7.401486830834375e-17 1
vn 0 7.401486830834375e-17 -1
vn 1 0 0
vn -1 0 0
vn 0 1 -2.220446049250313e-16
vn 0 -1 2.220446049250313e-16
vn 0 -3.700743415417188e-16 1
vn 0 3.700743415417188e-16 -1
vn 1 0 0
vn -1 0 0
vn 0 1 5.258951169277059e-16
vn 0 -1 -5.258951169277059e-16
vn 0 2.220446049250313e-16 1
vn 0 -2.220446049250313e-16 -1
vn 0.9238795325112877 -0.38268343236508734 8.497279155086076e-17
vn -0.9238795325112877 0.38268343236508734 -8.497279155086076e-17
vn 0.38268343236508917 0.923879532511287 -2.0514246579479133e-16
vn -0.38268343236508917 -0.923879532511287 2.0514246579479133e-16
vn 0 2.220446049250313e-16 1
vn 0 -2.220446049250313e-16 -1
vn 0.7071067811865467 -0.7071067811865485 -4.307558848155293e-16
vn -0.7071067811865469 0.7071067811865481 4.3728660848979514e-16
vn 0.7071067811865472 0.7071067811865478 4.3408438563610277e-16
vn -0.7071067811865476 -0.7071067811865476 -4.3408438563610267e-16
vn 0 2.220446049250313e-16 1
vn 0 -2.220446049250313e-16 -1
vn 0.3826834323650853 -0.9238795325112888 -6.756344670745011e-16
vn -0.38268343236509106 0.9238795325112862 6.682329802436648e-16
vn 0.9238795325112872 0.38268343236508917 2.7757778573281305e-16
vn -0.9238795325112864 -0.38268343236509106 -2.7757778573281443e-16
vn 0 2.220446049250313e-16 1
vn -9.06376443209189e-16 1.966141696886071e-15 -1
vn 0 1 9.621932880084687e-16
vn 0 -1 -9.621932880084687e-16
vn -1 2.220446049250313e-16 2.136498284973573e-31
vn 1 0 0
vn 0 2.220446049250313e-16 1
vn 0 -2.220446049250313e-16 -1
vn 0 1 1.1990408665951687e-15
vn 0 -1 -1.1990408665951686e-15
vn -1 4.440892098500626e-16 5.324811110241827e-31
vn 1 0 0
vn 0 2.220446049250313e-16 1
vn 0 -2.220446049250313e-16 -1
vn 0.9238795325112868 0.3826834323650899 -8.497279155086132e-17
vn -0.9238795325112877 -0.38268343236508734 8.497279155086076e-17
vn -0.38268343236508917 0.923879532511287 -2.0514246579479133e-16
vn 0.38268343236508917 -0.923879532511287 -5.671585819032468e-16
vn 0 2.220446049250313e-16 1
vn 0 -2.220446049250313e-16 -1
vn 0 -1 -1.1990408665951686e-15
vn 0 1 1.1990408665951687e-15
vn 1 4.440892098500626e-16 5.324811110241827e-31
vn -1 0 0
vn 0 2.220446049250313e-16 1
vn 0 -2.220446049250313e-16 -1
vn 0 -1 -8.710980654751225e-16
vn 0 1 8.710980654751225e-16
vn 1 2.220446049250313e-16 1.9342262579938263e-31
vn -1 0 0
vn 0 2.220446049250313e-16 1
vn 0 -2.220446049250313e-16 -1
vn 0.38268343236509106 0.9238795325112862 6.682329802436648e-16
vn -0.3826834323650853 -0.9238795325112888 -6.682329802436667e-16
vn -0.9238795325112871 0.382683432365089 2.7757778573281315e-16
vn 0.9238795325112863 -0.38268343236509095 -2.7757778573281453e-16
vn 0 2.220446049250313e-16 1
vn 9.06376443209175e-16 1.9661416968860766e-15 -1
vn 0.7071067811865469 0.7071067811865481 4.3075588481552954e-16
vn -0.7071067811865467 -0.7071067811865485 -4.372866084897949e-16
vn -0.7071067811865472 0.7071067811865478 4.3408438563610277e-16
vn 0.7071067811865476 -0.7071067811865476 -4.3408438563610267e-16
vn 0 2.220446049250313e-16 1
vn 0 -2.220446049250313e-16 -1
vn 0 -1 2.220446049250313e-16
vn 0 1 -2.220446049250313e-16
vn 1 2.537652627714644e-16 -5.634720751578657e-32
vn -1 -2.537652627714644e-16 5.634720751578657e-32
vn 0 -3.172065784643303e-17 1
vn 0 -2.220446049250313e-16 -1
vn 0.9807852804032303 0.19509032201612944 -4.33187534767686e-17
vn -0.9807852804032307 -0.1950903220161281 4.3318753476768303e-17
vn -0.195090322016128 0.9807852804032305 -2.1777808010342138e-16
vn 0.19509032201613488 -0.9807852804032293 2.177780801034211e-16
vn 0 2.220446049250313e-16 1
vn -3.4655002781414564e-16 1.5201800359023367e-15 -1
vn 0.9238795325112868 0.38268343236508995 -8.497279155086134e-17
vn -0.9238795325112868 -0.38268343236508995 8.497279155086134e-17
vn -0.3826834323650911 0.9238795325112862 -2.0514246579479116e-16
vn 0.38268343236509106 -0.9238795325112862 2.0514246579479116e-16
vn 0 2.220446049250313e-16 1
vn -6.797823324068933e-16 1.4190951214332993e-15 -1
vn 0.8314696123025462 0.5555702330196006 -1.233613728989448e-16
vn -0.8314696123025441 -0.5555702330196041 1.2336137289894557e-16
vn -0.5555702330196064 0.8314696123025425 -1.84623341570887e-16
vn 0.5555702330196016 -0.8314696123025459 1.8462334157088776e-16
vn 0 2.220446049250313e-16 1
vn 1.4769867325670936e-15 7.648463782665297e-16 -1
vn 0.7071067811865467 0.7071067811865483 -1.570092458683777e-16
vn -0.7071067811865469 -0.7071067811865482 1.5700924586837766e-16
vn -0.7071067811865469 0.7071067811865482 -1.5700924586837766e-16
vn 0.7071067811865467 -0.7071067811865483 1.570092458683777e-16
vn 0 2.220446049250313e-16 1
vn 0 -2.220446049250313e-16 -1
vn 0.5555702330196016 0.8314696123025459 -1.8462334157088776e-16
vn -0.5555702330196014 -0.831469612302546 1.8462334157088778e-16
vn -0.831469612302544 0.5555702330196044 -1.2336137289894564e-16
vn 0.8314696123025441 -0.5555702330196041 1.2336137289894557e-16
vn 0 2.220446049250313e-16 1
vn 0 -2.220446049250313e-16 -1
vn 0.38268343236508523 0.9238795325112886 -2.051424657947917e-16
vn -0.3826834323650914 -0.9238795325112861 2.0514246579479113e-16
vn -0.9238795325112868 0.38268343236508995 -8.497279155086134e-17
vn 0.9238795325112876 -0.38268343236508773 8.497279155086084e-17
vn 4.806786969757257e-16 -9.384164244575822e-16 1
vn 0 -2.220446049250313e-16 -1
vn 0.19509032201612808 0.9807852804032305 -2.1777808010342138e-16
vn -0.19509032201612803 -0.9807852804032307 2.177780801034214e-16
vn -0.9807852804032304 0.1950903220161285 -4.331875347676839e-17
vn 0.9807852804032307 -0.1950903220161281 4.3318753476768303e-17
vn 0 2.220446049250313e-16 1
vn 0 -2.220446049250313e-16 -1
vn 0.9807852804032307 -0.19509032201612814 4.331875347676831e-17
vn -0.9807852804032303 0.19509032201612944 -4.33187534767686e-17
vn 0.195090322016128 0.9807852804032305 -2.1777808010342138e-16
vn -0.19509032201613483 -0.9807852804032292 2.1777808010342108e-16
vn 0 2.220446049250313e-16 1
vn 0 -2.220446049250313e-16 -1
vn 0.9238795325112868 -0.38268343236508995 8.497279155086134e-17
vn -0.9238795325112868 0.38268343236508995 -8.497279155086134e-17
vn 0.3826834323650911 0.9238795325112862 -2.0514246579479116e-16
vn -0.38268343236509106 -0.9238795325112862 2.0514246579479116e-16
vn 0 2.220446049250313e-16 1
vn 6.797823324068933e-16 1.4190951214332993e-15 -1
vn 0.8314696123025441 -0.5555702330196041 1.2336137289894557e-16
vn -0.8314696123025462 0.5555702330196007 -1.2336137289894483e-16
vn 0.5555702330196064 0.8314696123025425 -1.84623341570887e-16
vn -0.5555702330196016 -0.8314696123025459 1.8462334157088776e-16
vn 0 2.220446049250313e-16 1
vn -4.900957493755313e-16 2.2418331108336156e-15 -1
vn 0.7071067811865469 -0.7071067811865482 1.5700924586837766e-16
vn -0.7071067811865467 0.7071067811865483 -1.570092458683777e-16
vn 0.7071067811865469 0.7071067811865482 -1.5700924586837766e-16
vn -0.7071067811865467 -0.7071067811865483 1.570092458683777e-16
vn 0 2.220446049250313e-16 1
vn 0 -2.220446049250313e-16 -1
vn 0.5555702330196014 -0.831469612302546 1.8462334157088778e-16
vn -0.5555702330196016 0.8314696123025459 -1.8462334157088776e-16
vn 0.831469612302544 0.5555702330196044 -1.2336137289894564e-16
vn -0.8314696123025441 -0.555570233019604 1.2336137289894554e-16
vn -7.384933662835492e-16 -2.7140088667075126e-16 1
vn 0 -2.220446049250313e-16 -1
vn 0.3826834323650914 -0.9238795325112861 2.0514246579479113e-16
vn -0.3826834323650851 0.9238795325112887 -2.0514246579479173e-16
vn 0.9238795325112867 0.3826834323650899 -8.497279155086132e-17
vn -0.9238795325112876 -0.38268343236508773 8.497279155086084e-17
vn 3.398911662034469e-16 -5.985252582541338e-16 1
vn 0 -2.220446049250313e-16 -1
vn 0.19509032201612803 -0.9807852804032307 2.177780801034214e-16
vn -0.19509032201612808 0.9807852804032305 -2.1777808010342138e-16
vn 0.9807852804032304 0.1950903220161285 -4.331875347676839e-17
vn -0.9807852804032307 -0.1950903220161281 4.3318753476768303e-17
vn 0 2.220446049250313e-16 1
vn 0 -2.220446049250313e-16 -1
vn 0 1 -2.220446049250313e-16
vn 0 -1 2.220446049250313e-16
vn -1 2.5376526277146434e-16 -5.634720751578655e-32
vn 1 -2.5376526277146434e-16 5.634720751578655e-32
vn 0 -3.172065784643303e-17 1
vn 0 -2.220446049250313e-16 -1
vn 1 0 0
vn -1 0 0
vn 0 1 -2.220446049250313e-16
vn 0 -1 2.220446049250313e-16
vn 0 2.220446049250313e-16 1
vn 0 1.5543122344752192e-15 -1
vn 1 0 0
vn -1 0 0
vn 0 1 -2.220446049250313e-16
vn 0 -1 2.220446049250313e-16
vn 0 2.220446049250313e-16 1
vn 0 -2.220446049250313e-16 -1
vn 1 0 0
vn -1 0 0
vn 0 1 -2.220446049250313e-16
vn 0 -1 2.220446049250313e-16
vn 0 2.220446049250313e-16 1
vn 0 -2.220446049250313e-16 -1
vn 0.9238795325112857 -0.3826834323650924 8.497279155086188e-17
vn -0.9238795325112857 0.38268343236509245 -8.497279155086189e-17
vn 0.38268343236508917 0.923879532511287 -2.0514246579479133e-16
vn -0.38268343236508917 -0.923879532511287 2.0514246579479133e-16
vn 1.0940931509055528e-15 -2.311436166795656e-16 1
vn 0 -2.220446049250313e-16 -1
vn 0.7071067811865431 -0.707106781186552 1.570092458683785e-16
vn -0.7071067811865434 0.7071067811865518 -1.5700924586837845e-16
vn 0.7071067811865472 0.7071067811865478 -1.5700924586837757e-16
vn -0.7071067811865476 -0.7071067811865476 1.5700924586837752e-16
vn 0 2.220446049250313e-16 1
vn 0 -2.220446049250313e-16 -1
vn 0.3826834323650973 -0.9238795325112836 2.051424657947906e-16
vn -0.382683432365085 0.9238795325112887 -2.0514246579479173e-16
vn 0.9238795325112856 0.38268343236509245 -8.497279155086189e-17
vn -0.923879532511287 -0.3826834323650893 8.497279155086119e-17
vn 0 2.220446049250313e-16 1
vn 0 -2.220446049250313e-16 -1
vn 0 1 -2.220446049250313e-16
vn 0 -1 2.220446049250313e-16
vn -1 2.220446049250313e-16 -4.930380657631324e-32
vn 1 0 0
vn 0 2.220446049250313e-16 1
vn 0 -2.220446049250313e-16 -1
vn 0 1 -2.220446049250313e-16
vn 0 -1 2.220446049250313e-16
vn -1 4.440892098500626e-16 -9.860761315262648e-32
vn 1 0 0
vn 0 2.220446049250313e-16 1
vn 0 -2.220446049250313e-16 -1
vn 0.9238795325112857 0.38268343236509245 -8.497279155086189e-17
vn -0.9238795325112857 -0.3826834323650924 8.497279155086188e-17
vn -0.38268343236508917 0.9238795325112871 -2.0514246579479136e-16
vn 0.38268343236508917 -0.923879532511287 2.0514246579479133e-16
vn -4.143108184986584e-16 -1.872283343037908e-15 1
vn 0 -2.220446049250313e-16 -1
vn 0 -1 2.220446049250313e-16
vn 0 1 -2.220446049250313e-16
vn 1 4.440892098500626e-16 -9.860761315262648e-32
vn -1 0 0
vn 0 2.220446049250313e-16 1
vn 0 -2.220446049250313e-16 -1
vn 0 -1 2.220446049250313e-16
vn 0 1 -2.220446049250313e-16
vn 1 2.220446049250313e-16 -4.930380657631324e-32
vn -1 0 0
vn 0 2.220446049250313e-16 1
vn 0 -2.220446049250313e-16 -1
vn 0.382683432365085 0.9238795325112887 -2.0514246579479173e-16
vn -0.3826834323650973 -0.9238795325112836 2.051424657947906e-16
vn -0.9238795325112856 0.38268343236509245 -8.497279155086189e-17
vn 0.923879532511287 -0.3826834323650893 8.497279155086119e-17
vn 0 2.220446049250313e-16 1
vn 0 -2.220446049250313e-16 -1
vn 0.7071067811865434 0.7071067811865518 -1.5700924586837845e-16
vn -0.7071067811865431 -0.707106781186552 1.570092458683785e-16
vn -0.7071067811865472 0.7071067811865478 -1.5700924586837757e-16
vn 0.7071067811865476 -0.7071067811865476 1.5700924586837752e-16
vn 0 2.220446049250313e-16 1
vn 0 -2.220446049250313e-16 -1
vn 1 0 0
vn -1 0 0
vn 0 1 -2.220446049250313e-16
vn 0 -1 2.220446049250313e-16
vn 0 4.440892098500625e-17 1
vn 0 -2.220446049250313e-16 -1
vn 1 0 0
vn -1 0 0
vn 0 1 -2.220446049250313e-16
vn 0 -1 2.220446049250313e-16
vn 0 -6.661338147750939e-16 1
vn 0 -2.220446049250313e-16 -1
vn 1 0 0
vn -1 0 0
vn 0 1 -2.220446049250313e-16
vn 0 -1 2.220446049250313e-16
vn 0 2.220446049250313e-16 1
vn 0 1.5543122344752192e-15 -1
vn 1 0 0
vn -1 0 0
vn 0 1 3.3306690738754696e-15
vn 0 -1 -3.3306690738754696e-15
vn 0 -3.172065784643303e-17 1
vn 0 3.172065784643303e-17 -1
vn 1 0 0
vn -1 0 0
vn 0 1 -2.220446049250313e-16
vn 0 -1 2.220446049250313e-16
vn 0 2.220446049250313e-16 1
vn 0 -2.220446049250313e-16 -1
vn 1 0 0
vn -1 0 0
vn 0 1 5.258951169277059e-16
vn 0 -1 -5.258951169277056e-16
vn 0 2.220446049250313e-16 1
vn 0 3.3306690738754696e-15 -1
vn 0.9238795325112877 -0.3826834323650874 8.497279155086077e-17
vn -0.9238795325112877 0.38268343236508734 -8.497279155086076e-17
vn 0.38268343236508917 0.9238795325112871 -2.0514246579479136e-16
vn -0.38268343236508917 -0.9238795325112871 2.0514246579479136e-16
vn 0 2.220446049250313e-16 1
vn -8.286216369973282e-16 3.9666112910008205e-15 -1
vn 0.7071067811865467 -0.7071067811865485 -4.307558848155291e-16
vn -0.7071067811865468 0.7071067811865482 4.372866084897948e-16
vn 0.7071067811865472 0.7071067811865478 4.3408438563610257e-16
vn -0.7071067811865476 -0.7071067811865476 -4.3408438563610237e-16
vn 0 2.220446049250313e-16 1
vn 0 -2.220446049250313e-16 -1
vn 0.3826834323650853 -0.9238795325112888 -6.756344670745011e-16
vn -0.3826834323650911 0.9238795325112862 6.682329802436644e-16
vn 0.9238795325112872 0.38268343236508917 2.7757778573281305e-16
vn -0.9238795325112864 -0.38268343236509106 -2.7757778573281443e-16
vn 0 2.220446049250313e-16 1
vn 0 -2.220446049250313e-16 -1
vn 0 1 9.621932880084687e-16
vn 0 -1 -9.62193288008469e-16
vn -1 2.220446049250313e-16 2.136498284973573e-31
vn 1 0 0
vn 0 -6.661338147750939e-16 1
vn 0 -2.220446049250313e-16 -1
vn 0 1 1.199040866595169e-15
vn 0 -1 -1.1990408665951691e-15
vn -1 4.440892098500626e-16 5.32481111024183e-31
vn 1 0 0
vn 0 2.220446049250313e-16 1
vn 0 -2.220446049250313e-16 -1
vn 0.9238795325112868 0.38268343236509 -8.497279155086135e-17
vn -0.9238795325112877 -0.3826834323650874 8.497279155086077e-17
vn -0.38268343236508917 0.923879532511287 -2.0514246579479133e-16
vn 0.38268343236508917 -0.9238795325112871 -5.671585819032464e-16
vn 0 2.220446049250313e-16 1
vn 2.1881863018111103e-15 6.843318382841505e-16 -1
vn 0 -1 -1.1990408665951691e-15
vn 0 1 1.199040866595169e-15
vn 1 4.440892098500626e-16 5.32481111024183e-31
vn -1 0 0
vn 0 2.220446049250313e-16 1
vn 0 -2.220446049250313e-16 -1
vn 0 -1 -8.710980654751229e-16
vn 0 1 8.710980654751225e-16
vn 1 2.220446049250313e-16 1.9342262579938272e-31
vn -1 0 0
vn 0 -6.661338147750939e-16 1
vn 0 -2.220446049250313e-16 -1
vn 0.3826834323650911 0.9238795325112862 6.682329802436644e-16
vn -0.3826834323650853 -0.9238795325112888 -6.682329802436667e-16
vn -0.9238795325112872 0.38268343236508917 2.7757778573281305e-16
vn 0.9238795325112864 -0.38268343236509106 -2.7757778573281443e-16
vn 0 2.220446049250313e-16 1
vn 0 -2.220446049250313e-16 -1
vn 0.7071067811865468 0.7071067811865482 4.307558848155292e-16
vn -0.7071067811865467 -0.7071067811865485 -4.372866084897947e-16
vn -0.7071067811865472 0.7071067811865478 4.3408438563610257e-16
vn 0.7071067811865476 -0.7071067811865476 -4.3408438563610237e-16
vn 0 2.220446049250313e-16 1
vn 0 -2.220446049250313e-16 -1
vn 1 0 0
vn -1 0 0
vn 0 1 2.5108120710753526e-15
vn 0 -1 -2.5108120710753526e-15
vn 0 -3.172065784643303e-17 1
vn 0 3.172065784643303e-17 -1
vn 1 0 0
vn -1 0 0
vn 0 1 2.5108120710753526e-15
vn 0 -1 -2.5108120710753526e-15
vn 0 -3.172065784643303e-17 1
vn 0 3.172065784643303e-17 -1
vn 1 0 0
vn -1 0 0
vn 0 1 -2.220446049250313e-16
vn 0 -1 -3.3306690738754696e-15
vn 0 9.516197353929914e-17 1
vn 0 3.172065784643318e-17 -1
vn 1 0 0
vn -1 0 0
vn 0 1 -2.220446049250313e-16
vn 0 -1 2.220446049250313e-16
vn 0 2.220446049250313e-16 1
vn 0 -2.220446049250313e-16 -1
vn 1 0 0
vn -1 0 0
vn 0 1 -2.220446049250313e-16
vn 0 -1 2.220446049250313e-16
vn 0 2.220446049250313e-16 1
vn 0 -2.220446049250313e-16 -1
vn 0.9238795325112857 -0.38268343236509245 8.497279155086189e-17
vn -0.9238795325112857 0.38268343236509245 -8.497279155086189e-17
vn 0.38268343236508917 0.9238795325112871 -2.0514246579479136e-16
vn -0.38268343236508917 -0.9238795325112871 2.0514246579479136e-16
vn 0 2.220446049250313e-16 1
vn 0 -2.220446049250313e-16 -1
vn 0.7071067811865431 -0.707106781186552 1.570092458683785e-16
vn -0.7071067811865434 0.7071067811865518 -1.5700924586837845e-16
vn 0.7071067811865472 0.7071067811865478 -1.5700924586837757e-16
vn -0.7071067811865476 -0.7071067811865476 1.5700924586837752e-16
vn 0 2.220446049250313e-16 1
vn 0 -2.220446049250313e-16 -1
vn 0.3826834323650973 -0.9238795325112836 2.051424657947906e-16
vn -0.3826834323650852 0.9238795325112888 -2.0514246579479175e-16
vn 0.9238795325112856 0.38268343236509245 -8.497279155086189e-17
vn -0.923879532511287 -0.3826834323650893 8.497279155086119e-17
vn 4.531882216046058e-16 -8.720485459805264e-16 1
vn 0 -2.220446049250313e-16 -1
vn 0 1 -2.220446049250313e-16
vn 0 -1 2.220446049250313e-16
vn -1 2.220446049250313e-16 -4.930380657631324e-32
vn 1 0 0
vn 0 2.220446049250313e-16 1
vn 0 -2.220446049250313e-16 -1
vn 0 1 -2.220446049250313e-16
vn 0 -1 2.220446049250313e-16
vn -1 4.440892098500626e-16 -9.860761315262648e-32
vn 1 0 0
vn 0 2.220446049250313e-16 1
vn 0 -2.220446049250313e-16 -1
vn 0.9238795325112857 0.38268343236509245 -8.497279155086189e-17
vn -0.9238795325112857 -0.38268343236509245 8.497279155086189e-17
vn -0.38268343236508917 0.9238795325112871 -2.0514246579479136e-16
vn 0.38268343236508917 -0.9238795325112871 2.0514246579479136e-16
vn 0 2.220446049250313e-16 1
vn 0 -2.220446049250313e-16 -1
vn 0 -1 2.220446049250313e-16
vn 0 1 -2.220446049250313e-16
vn 1 4.440892098500626e-16 -9.860761315262648e-32
vn -1 0 0
vn 0 2.220446049250313e-16 1
vn 0 -2.220446049250313e-16 -1
vn 0 -1 2.220446049250313e-16
vn 0 1 -2.220446049250313e-16
vn 1 2.220446049250313e-16 -4.930380657631324e-32
vn -1 0 0
vn 0 2.220446049250313e-16 1
vn 0 -2.220446049250313e-16 -1
vn 0.3826834323650852 0.9238795325112888 -2.0514246579479175e-16
vn -0.3826834323650973 -0.9238795325112836 2.051424657947906e-16
vn -0.9238795325112857 0.38268343236509245 -8.497279155086189e-17
vn 0.923879532511287 -0.3826834323650893 8.497279155086119e-17
vn -4.531882216045913e-16 -8.720485459805325e-16 1
vn 0 -2.220446049250313e-16 -1
vn 0.7071067811865434 0.7071067811865518 -1.5700924586837845e-16
vn -0.7071067811865431 -0.707106781186552 1.570092458683785e-16
vn -0.7071067811865472 0.7071067811865478 -1.5700924586837757e-16
vn 0.7071067811865476 -0.7071067811865476 1.5700924586837752e-16
vn 0 2.220446049250313e-16 1
vn 0 -2.220446049250313e-16 -1
vn 1 0 0
vn -1 0 0
vn 0 1 -2.220446049250313e-16
vn 0 -1 -2.5108120710753526e-15
vn 0 9.516197353929914e-17 1
vn 0 3.172065784643318e-17 -1
vn 1 0 0
vn -1 0 0
vn 0 1 -2.220446049250313e-16
vn 0 -1 -2.5108120710753526e-15
vn 0 9.516197353929914e-17 1
vn 0 3.172065784643318e-17 -1
vn 0.9238795325112871 -8.497279155086119e-17 -0.3826834323650893
vn -0.923879532511287 8.497279155086126e-17 0.3826834323650896
vn 2.6547151390822615e-16 1 3.513423069396219e-15
vn -1.3595646648137788e-15 -1 -3.060234847791626e-15
vn 0.3826834323650896 2.051424657947913e-16 0.9238795325112868
vn -0.38268343236508995 -2.051424657947913e-16 -0.9238795325112868
vn 0.923879532511287 8.497279155086126e-17 0.3826834323650896
vn -0.9238795325112871 -8.497279155086119e-17 -0.3826834323650893
vn 1.0940931509055534e-15 1 2.3114361667956196e-16
vn 0 -1 2.220446049250313e-16
vn -0.3826834323650896 2.051424657947913e-16 0.9238795325112868
vn 0.38268343236508995 -2.051424657947913e-16 -0.9238795325112868
vn 1 0 0
vn -1 0 0
vn 0 1 -2.220446049250313e-16
vn 0 -1 2.220446049250313e-16
vn 0 -3.172065784643313e-17 1
vn 0 3.172065784643313e-17 -1
vn 1 0 0
vn -1 0 0
vn 0 1 -2.220446049250313e-16
vn 0 -1 2.220446049250313e-16
vn 0 -3.172065784643313e-17 1
vn 0 3.172065784643313e-17 -1
vn 1 0 0
vn -1 0 0
vn 0 1 -2.220446049250313e-16
vn 0 -1 2.220446049250313e-16
vn 0 -6.661338147750939e-16 1
vn 0 6.661338147750939e-16 -1
vn 0.9238795325112871 -8.497279155086119e-17 -0.3826834323650893
vn -0.923879532511287 -2.549183746525838e-16 0.3826834323650896
vn 2.6547151390822615e-16 1 3.513423069396219e-15
vn -1.35956466481378e-15 -1 -3.060234847791629e-15
vn 0.3826834323650896 -6.154273973843739e-16 0.9238795325112868
vn -0.38268343236508995 6.154273973843739e-16 -0.9238795325112868
vn 0.923879532511287 -2.549183746525838e-16 0.3826834323650896
vn -0.9238795325112871 2.549183746525836e-16 -0.3826834323650893
vn 1.0940931509055534e-15 1 2.3114361667956196e-16
vn 0 -1 2.220446049250313e-16
vn -0.3826834323650896 -6.154273973843739e-16 0.9238795325112868
vn 0.38268343236508995 -2.051424657947913e-16 -0.9238795325112868
vn 1 0 0
vn -1 0 0
vn 0 1 -2.220446049250313e-16
vn 0 -1 2.220446049250313e-16
vn 0 9.516197353929914e-17 1
vn 0 -9.516197353929914e-17 -1
vn 1 0 0
vn -1 0 0
vn 0 1 -2.220446049250313e-16
vn 0 -1 2.220446049250313e-16
vn 0 9.516197353929914e-17 1
vn 0 -9.516197353929914e-17 -1
vn 1 0 0
vn -1 0 0
vn 0 1 -2.220446049250313e-16
vn 0 -1 2.220446049250313e-16
vn 0 2.220446049250313e-16 1
vn 0 -2.220446049250313e-16 -1
vn 0.923879532511287 -8.497279155086126e-17 -0.3826834323650896
vn -0.923879532511287 8.497279155086126e-17 0.3826834323650896
vn 0 1 -2.220446049250313e-16
vn 0 -1 2.220446049250313e-16
vn 0.3826834323650896 2.051424657947913e-16 0.9238795325112868
vn -0.3826834323650896 -2.051424657947913e-16 -0.9238795325112868
vn 0.923879532511287 8.497279155086126e-17 0.3826834323650896
vn -0.923879532511287 -8.497279155086126e-17 -0.3826834323650896
vn 0 1 -2.220446049250313e-16
vn 0 -1 2.220446049250313e-16
vn -0.3826834323650896 2.051424657947913e-16 0.9238795325112868
vn 0.3826834323650896 -2.051424657947913e-16 -0.9238795325112868
vn 1 0 0
vn -1 0 0
vn 0 1 -2.220446049250313e-16
vn 0 -1 2.220446049250313e-16
vn 0 -3.172065784643303e-17 1
vn 0 3.172065784643303e-17 -1
vn 1 0 0
vn -1 0 0
vn 0 1 -2.220446049250313e-16
vn 0 -1 2.220446049250313e-16
vn 0 -3.172065784643303e-17 1
vn 0 3.172065784643303e-17 -1
vn 1 0 0
vn -1 0 0
vn 0 1 -2.220446049250313e-16
vn 0 -1 2.220446049250313e-16
vn 0 2.220446049250313e-16 1
vn 0 -2.220446049250313e-16 -1
vn 0.923879532511287 -8.497279155086126e-17 -0.3826834323650896
vn -0.923879532511287 8.497279155086126e-17 0.3826834323650896
vn 0 1 -2.220446049250313e-16
vn 0 -1 2.220446049250313e-16
vn 0.3826834323650896 2.051424657947913e-16 0.9238795325112868
vn -0.3826834323650896 -2.051424657947913e-16 -0.9238795325112868
vn 0.923879532511287 8.497279155086126e-17 0.3826834323650896
vn -0.923879532511287 -8.497279155086126e-17 -0.3826834323650896
vn 0 1 -2.220446049250313e-16
vn 0 -1 2.220446049250313e-16
vn -0.3826834323650896 2.051424657947913e-16 0.9238795325112868
vn 0.3826834323650896 -2.051424657947913e-16 -0.9238795325112868
vn 1 0 0
vn -1 0 0
vn 0 1 -2.220446049250313e-16
vn 0 -1 2.220446049250313e-16
vn 0 -3.172065784643303e-17 1
vn 0 3.172065784643303e-17 -1
vn 1 0 0
vn -1 0 0
vn 0 1 -2.220446049250313e-16
vn 0 -1 2.220446049250313e-16
vn 0 -3.172065784643303e-17 1
vn 0 3.172065784643303e-17 -1
vn 1 0 0
vn -1 0 0
vn 0 1 -2.220446049250313e-16
vn 0 -1 2.220446049250313e-16
vn 0 -6.661338147750939e-16 1
vn 0 6.661338147750939e-16 -1
vn 1 0 0
vn -1 0 0
vn 0 1 -2.220446049250313e-16
vn 0 -1 2.220446049250313e-16
vn 0 2.220446049250313e-16 1
vn 0 -2.220446049250313e-16 -1
vn 1 0 0
vn -1 0 0
vn 0 1 -2.220446049250313e-16
vn 0 -1 2.220446049250313e-16
vn 0 -1.5543122344752192e-15 1
vn 0 1.5543122344752192e-15 -1
vn 1 0 0
vn -1 0 0
vn 0 1 -2.220446049250313e-16
vn 0 -1 2.220446049250313e-16
vn 0 2.220446049250313e-16 1
vn 0 -2.220446049250313e-16 -1
vn 1 0 0
vn -1 0 0
vn 0 1 -2.220446049250313e-16
vn 0 -1 2.220446049250313e-16
vn 0 2.220446049250313e-16 1
vn 0 -2.220446049250313e-16 -1
vn 1 0 0
vn -1 0 0
vn 0 1 -2.220446049250313e-16
vn 0 -1 2.220446049250313e-16
vn 0 -7.401486830834375e-17 1
vn 0 7.401486830834375e-17 -1
vn 1 0 0
vn -1 0 0
vn 0 0.9659258262890683 0.25881904510252074
vn 0 -0.9659258262890683 -0.25881904510252074
vn 0 -0.2588190451025204 0.9659258262890684
vn 0 0.2588190451025204 -0.9659258262890684
vn 1 0 0
vn -1 0 0
vn 0 1 7.401486830834375e-17
vn 0 -1 -7.401486830834375e-17
vn 0 2.220446049250313e-16 1
vn 0 -2.220446049250313e-16 -1
vn 1 0 0
vn -1 0 0
vn 0 1 -2.220446049250313e-16
vn 0 -1 2.220446049250313e-16
vn 0 -1.332267629550188e-16 1
vn 0 -4.440892098500625e-17 -1
vn 1 0 0
vn -1 0 0
vn 0 1 -2.220446049250313e-16
vn 0 -1 2.220446049250313e-16
vn 0 0 1
vn 0 -2.220446049250313e-16 -1
usemtl m_3d215661-f591-00a8-53e2-d8d611c756be
f 2/1/1 6/2/1 7/3/1 3/4/1
f 5/5/2 9/6/2 8/7/2 4/8/2
f 4/9/3 8/10/3 6/11/3 2/12/3
f 3/13/4 7/14/4 9/15/4 5/16/4
f 6/17/5 10/18/5 11/19/5 7/20/5
f 9/21/6 13/22/6 12/23/6 8/24/6
f 8/25/7 12/26/7 10/27/7 6/28/7
f 7/29/8 11/30/8 13/31/8 9/32/8
f 10/33/9 14/34/9 15/35/9 11/36/9
f 13/37/10 17/38/10 16/39/10 12/40/10
f 12/41/11 16/42/11 14/43/11 10/44/11
f 11/45/12 15/46/12 17/47/12 13/48/12
f 14/49/13 18/50/13 19/51/13 15/52/13
f 17/53/14 21/54/14 20/55/14 16/56/14
f 16/57/15 20/58/15 18/59/15 14/60/15
f 15/61/16 19/62/16 21/63/16 17/64/16
f 18/65/17 22/66/17 23/67/17 19/68/17
f 21/69/18 25/70/18 24/71/18 20/72/18
f 20/73/19 24/74/19 22/75/19 18/76/19
f 19/77/20 23/78/20 25/79/20 21/80/20
f 22/81/21 26/82/21 27/83/21 23/84/21
f 25/85/22 29/86/22 28/87/22 24/88/22
f 24/89/23 28/90/23 26/91/23 22/92/23
f 23/93/24 27/94/24 29/95/24 25/96/24
f 26/97/25 30/98/25 31/99/25 27/100/25
f 29/101/26 33/102/26 32/103/26 28/104/26
f 28/105/27 32/106/27 30/107/27 26/108/27
f 27/109/28 31/110/28 33/111/28 29/112/28
f 30/113/29 2/114/29 3/115/29 31/116/29
f 33/117/30 5/118/30 4/119/30 32/120/30
f 32/121/31 4/122/31 2/123/31 30/124/31
f 31/125/32 3/126/32 5/127/32 33/128/32
f 34/129/33 38/130/33 39/131/33 35/132/33
f 37/133/34 41/134/34 40/135/34 36/136/34
f 36/137/35 40/138/35 38/139/35 34/140/35
f 35/141/36 39/142/36 41/143/36 37/144/36
f 38/145/37 42/146/37 43/147/37 39/148/37
f 41/149/38 45/150/38 44/151/38 40/152/38
f 40/153/39 44/154/39 42/155/39 38/156/39
f 39/157/40 43/158/40 45/159/40 41/160/40
f 42/161/41 46/162/41 47/163/41 43/164/41
f 45/165/42 49/166/42 48/167/42 44/168/42
f 44/169/43 48/170/43 46/171/43 42/172/43
f 43/173/44 47/174/44 49/175/44 45/176/44
f 46/177/45 50/178/45 51/179/45 47/180/45
f 49/181/46 53/182/46 52/183/46 48/184/46
f 48/185/47 52/186/47 50/187/47 46/188/47
f 47/189/48 51/190/48 53/191/48 49/192/48
f 50/193/49 54/194/49 55/195/49 51/196/49
f 53/197/50 57/198/50 56/199/50 52/200/50
f 52/201/51 56/202/51 54/203/51 50/204/51
f 51/205/52 55/206/52 57/207/52 53/208/52
f 54/209/53 58/210/53 59/211/53 55/212/53
f 57/213/54 61/214/54 60/215/54 56/216/54
f 56/217/55 60/218/55 58/219/55 54/220/55
f 55/221/56 59/222/56 61/223/56 57/224/56
f 58/225/57 62/226/57 63/227/57 59/228/57
f 61/229/58 65/230/58 64/231/58 60/232/58
f 60/233/59 64/234/59 62/235/59 58/236/59
f 59/237/60 63/238/60 65/239/60 61/240/60
f 62/241/61 34/242/61 35/243/61 63/244/61
f 65/245/62 37/246/62 36/247/62 64/248/62
f 64/249/63 36/250/63 34/251/63 62/252/63
f 63/253/64 35/254/64 37/255/64 65/256/64
f 66/257/65 70/258/65 71/259/65 67/260/65
f 69/261/66 73/262/66 72/263/66 68/264/66
f 68/265/67 72/266/67 70/267/67 66/268/67
f 67/269/68 71/270/68 73/271/68 69/272/68
f 70/273/69 74/274/69 75/275/69 71/276/69
f 73/277/70 77/278/70 76/279/70 72/280/70
f 72/281/71 76/282/71 74/283/71 70/284/71
f 71/285/72 75/286/72 77/287/72 73/288/72
f 74/289/73 78/290/73 79/291/73 75/292/73
f 77/293/74 81/294/74 80/295/74 76/296/74
f 76/297/75 80/298/75 78/299/75 74/300/75
f 75/301/76 79/302/76 81/303/76 77/304/76
f 78/305/77 82/306/77 83/307/77 79/308/77
f 81/309/78 85/310/78 84/311/78 80/312/78
f 80/313/79 84/314/79 82/315/79 78/316/79
f 79/317/80 83/318/80 85/319/80 81/320/80
f 82/321/81 86/322/81 87/323/81 83/324/81
f 85/325/82 89/326/82 88/327/82 84/328/82
f 84/329/83 88/330/83 86/331/83 82/332/83
f 83/333/84 87/334/84 89/335/84 85/336/84
f 86/337/85 90/338/85 91/339/85 87/340/85
f 89/341/86 93/342/86 92/343/86 88/344/86
f 88/345/87 92/346/87 90/347/87 86/348/87
f 87/349/88 91/350/88 93/351/88 89/352/88
f 90/353/89 94/354/89 95/355/89 91/356/89
f 93/357/90 97/358/90 96/359/90 92/360/90
f 92/361/91 96/362/91 94/363/91 90/364/91
f 91/365/92 95/366/92 97/367/92 93/368/92
f 94/369/93 66/370/93 67/371/93 95/372/93
f 97/373/94 69/374/94 68/375/94 96/376/94
f 96/377/95 68/378/95 66/379/95 94/380/95
f 95/381/96 67/382/96 69/383/96 97/384/96
f 98/385/97 102/386/97 103/387/97 99/388/97
f 101/389/98 105/390/98 104/391/98 100/392/98
f 100/393/99 104/394/99 102/395/99 98/396/99
f 99/397/100 103/398/100 105/399/100 101/400/100
f 102/401/101 106/402/101 107/403/101 103/404/101
f 105/405/102 109/406/102 108/407/102 104/408/102
f 104/409/103 108/410/103 106/411/103 102/412/103
f 103/413/104 107/414/104 109/415/104 105/416/104
f 106/417/105 110/418/105 111/419/105 107/420/105
f 109/421/106 113/422/106 112/423/106 108/424/106
f 108/425/107 112/426/107 110/427/107 106/428/107
f 107/429/108 111/430/108 113/431/108 109/432/108
f 110/433/109 114/434/109 115/435/109 111/436/109
f 113/437/110 117/438/110 116/439/110 112/440/110
f 112/441/111 116/442/111 114/443/111 110/444/111
f 111/445/112 115/446/112 117/447/112 113/448/112
f 114/449/113 118/450/113 119/451/113 115/452/113
f 117/453/114 121/454/114 120/455/114 116/456/114
f 116/457/115 120/458/115 118/459/115 114/460/115
f 115/461/116 119/462/116 121/463/116 117/464/116
f 118/465/117 122/466/117 123/467/117 119/468/117
f 121/469/118 125/470/118 124/471/118 120/472/118
f 120/473/119 124/474/119 122/475/119 118/476/119
f 119/477/120 123/478/120 125/479/120 121/480/120
f 122/481/121 126/482/121 127/483/121 123/484/121
f 125/485/122 129/486/122 128/487/122 124/488/122
f 124/489/123 128/490/123 126/491/123 122/492/123
f 123/493/124 127/494/124 129/495/124 125/496/124
f 126/497/125 98/498/125 99/499/125 127/500/125
f 129/501/126 101/502/126 100/503/126 128/504/126
f 128/505/127 100/506/127 98/507/127 126/508/127
f 127/509/128 99/510/128 101/511/128 129/512/128
f 134/513/129 132/514/129 130/515/129
f 132/516/130 134/517/130 135/518/130 133/519/130
f 133/520/131 135/521/131 131/522/131
f 136/523/132 134/524/132 130/525/132
f 134/526/133 136/527/133 137/528/133 135/529/133
f 135/530/134 137/531/134 131/532/134
f 138/533/135 136/534/135 130/535/135
f 136/536/136 138/537/136 139/538/136 137/539/136
f 137/540/137 139/541/137 131/542/137
f 140/543/138 138/544/138 130/545/138
f 138/546/139 140/547/139 141/548/139 139/549/139
f 139/550/140 141/551/140 131/552/140
f 142/553/141 140/554/141 130/555/141
f 140/556/142 142/557/142 143/558/142 141/559/142
f 141/560/143 143/561/143 131/562/143
f 144/563/144 142/564/144 130/565/144
f 142/566/145 144/567/145 145/568/145 143/569/145
f 143/570/146 145/571/146 131/572/146
f 146/573/147 144/574/147 130/575/147
f 144/576/148 146/577/148 147/578/148 145/579/148
f 145/580/149 147/581/149 131/582/149
f 132/583/150 146/584/150 130/585/150
f 146/586/151 132/587/151 133/588/151 147/589/151
f 147/590/152 133/591/152 131/592/152
f 152/593/153 150/594/153 148/595/153
f 150/596/154 152/597/154 153/598/154 151/599/154
f 151/600/155 153/601/155 149/602/155
f 154/603/156 152/604/156 148/605/156
f 152/606/157 154/607/157 155/608/157 153/609/157
f 153/610/158 155/611/158 149/612/158
f 156/613/159 154/614/159 148/615/159
f 154/616/160 156/617/160 157/618/160 155/619/160
f 155/620/161 157/621/161 149/622/161
f 158/623/162 156/624/162 148/625/162
f 156/626/163 158/627/163 159/628/163 157/629/163
f 157/630/164 159/631/164 149/632/164
f 160/633/165 158/634/165 148/635/165
f 158/636/166 160/637/166 161/638/166 159/639/166
f 159/640/167 161/641/167 149/642/167
f 162/643/168 160/644/168 148/645/168
f 160/646/169 162/647/169 163/648/169 161/649/169
f 161/650/170 163/651/170 149/652/170
f 164/653/171 162/654/171 148/655/171
f 162/656/172 164/657/172 165/658/172 163/659/172
f 163/660/173 165/661/173 149/662/173
f 150/663/174 164/664/174 148/665/174
f 164/666/175 150/667/175 151/668/175 165/669/175
f 165/670/176 151/671/176 149/672/176
f 170/673/177 168/674/177 166/675/177
f 168/676/178 170/677/178 171/678/178 169/679/178
f 169/680/179 171/681/179 167/682/179
f 172/683/180 170/684/180 166/685/180
f 170/686/181 172/687/181 173/688/181 171/689/181
f 171/690/182 173/691/182 167/692/182
f 174/693/183 172/694/183 166/695/183
f 172/696/184 174/697/184 175/698/184 173/699/184
f 173/700/185 175/701/185 167/702/185
f 176/703/186 174/704/186 166/705/186
f 174/706/187 176/707/187 177/708/187 175/709/187
f 175/710/188 177/711/188 167/712/188
f 178/713/189 176/714/189 166/715/189
f 176/716/190 178/717/190 179/718/190 177/719/190
f 177/720/191 179/721/191 167/722/191
f 180/723/192 178/724/192 166/725/192
f 178/726/193 180/727/193 181/728/193 179/729/193
f 179/730/194 181/731/194 167/732/194
f 182/733/195 180/734/195 166/735/195
f 180/736/196 182/737/196 183/738/196 181/739/196
f 181/740/197 183/741/197 167/742/197
f 168/743/198 182/744/198 166/745/198
f 182/746/199 168/747/199 169/748/199 183/749/199
f 183/750/200 169/751/200 167/752/200
f 188/753/201 186/754/201 184/755/201
f 186/756/202 188/757/202 189/758/202 187/759/202
f 187/760/203 189/761/203 185/762/203
f 190/763/204 188/764/204 184/765/204
f 188/766/205 190/767/205 191/768/205 189/769/205
f 189/770/206 191/771/206 185/772/206
f 192/773/207 190/774/207 184/775/207
f 190/776/208 192/777/208 193/778/208 191/779/208
f 191/780/209 193/781/209 185/782/209
f 194/783/210 192/784/210 184/785/210
f 192/786/211 194/787/211 195/788/211 193/789/211
f 193/790/212 195/791/212 185/792/212
f 196/793/213 194/794/213 184/795/213
f 194/796/214 196/797/214 197/798/214 195/799/214
f 195/800/215 197/801/215 185/802/215
f 198/803/216 196/804/216 184/805/216
f 196/806/217 198/807/217 199/808/217 197/809/217
f 197/810/218 199/811/218 185/812/218
f 200/813/219 198/814/219 184/815/219
f 198/816/220 200/817/220 201/818/220 199/819/220
f 199/820/221 201/821/221 185/822/221
f 186/823/222 200/824/222 184/825/222
f 200/826/223 186/827/223 187/828/223 201/829/223
f 201/830/224 187/831/224 185/832/224
f 205/833/225 203/834/225 202/835/225 204/836/225
f 208/837/226 206/838/226 207/839/226 209/840/226
f 202/841/227 203/842/227 207/843/227 206/844/227
f 205/845/228 204/846/228 208/847/228 209/848/228
f 204/849/229 202/850/229 206/851/229 208/852/229
f 209/853/230 207/854/230 203/855/230 205/856/230
f 213/857/231 211/858/231 210/859/231 212/860/231
f 216/861/232 214/862/232 215/863/232 217/864/232
f 210/865/233 211/866/233 215/867/233 214/868/233
f 213/869/234 212/870/234 216/871/234 217/872/234
f 212/873/235 210/874/235 214/875/235 216/876/235
f 217/877/236 215/878/236 211/879/236 213/880/236
f 221/881/237 219/882/237 218/883/237 220/884/237
f 224/885/238 222/886/238 223/887/238 225/888/238
f 218/889/239 219/890/239 223/891/239 222/892/239
f 221/893/240 220/894/240 224/895/240 225/896/240
f 220/897/241 218/898/241 222/899/241 224/900/241
f 225/901/242 223/902/242 219/903/242 221/904/242
f 229/905/243 227/906/243 226/907/243 228/908/243
f 232/909/244 230/910/244 231/911/244 233/912/244
f 226/913/245 227/914/245 231/915/245 230/916/245
f 229/917/246 228/918/246 232/919/246 233/920/246
f 228/921/247 226/922/247 230/923/247 232/924/247
f 233/925/248 231/926/248 227/927/248 229/928/248
f 237/929/249 235/930/249 234/931/249 236/932/249
f 240/933/250 238/934/250 239/935/250 241/936/250
f 234/937/251 235/938/251 239/939/251 238/940/251
f 237/941/252 236/942/252 240/943/252 241/944/252
f 236/945/253 234/946/253 238/947/253 240/948/253
f 241/949/254 239/950/254 235/951/254 237/952/254
f 245/953/255 243/954/255 242/955/255 244/956/255
f 248/957/256 246/958/256 247/959/256 249/960/256
f 242/961/257 243/962/257 247/963/257 246/964/257
f 245/965/258 244/966/258 248/967/258 249/968/258
f 244/969/259 242/970/259 246/971/259 248/972/259
f 249/973/260 247/974/260 243/975/260 245/976/260
f 253/977/261 251/978/261 250/979/261 252/980/261
f 256/981/262 254/982/262 255/983/262 257/984/262
f 250/985/263 251/986/263 255/987/263 254/988/263
f 253/989/264 252/990/264 256/991/264 257/992/264
f 252/993/265 250/994/265 254/995/265 256/996/265
f 257/997/266 255/998/266 251/999/266 253/1000/266
f 261/1001/267 259/1002/267 258/1003/267 260/1004/267
f 264/1005/268 262/1006/268 263/1007/268 265/1008/268
f 258/1009/269 259/1010/269 263/1011/269 262/1012/269
f 261/1013/270 260/1014/270 264/1015/270 265/1016/270
f 260/1017/271 258/1018/271 262/1019/271 264/1020/271
f 265/1021/272 263/1022/272 259/1023/272 261/1024/272
f 269/1025/273 267/1026/273 266/1027/273 268/1028/273
f 272/1029/274 270/1030/274 271/1031/274 273/1032/274
f 266/1033/275 267/1034/275 271/1035/275 270/1036/275
f 269/1037/276 268/1038/276 272/1039/276 273/1040/276
f 268/1041/277 266/1042/277 270/1043/277 272/1044/277
f 273/1045/278 271/1046/278 267/1047/278 269/1048/278
f 277/1049/279 275/1050/279 274/1051/279 276/1052/279
f 280/1053/280 278/1054/280 279/1055/280 281/1056/280
f 274/1057/281 275/1058/281 279/1059/281 278/1060/281
f 277/1061/282 276/1062/282 280/1063/282 281/1064/282
f 276/1065/283 274/1066/283 278/1067/283 280/1068/283
f 281/1069/284 279/1070/284 275/1071/284 277/1072/284
f 285/1073/285 283/1074/285 282/1075/285 284/1076/285
f 288/1077/286 286/1078/286 287/1079/286 289/1080/286
f 282/1081/287 283/1082/287 287/1083/287 286/1084/287
f 285/1085/288 284/1086/288 288/1087/288 289/1088/288
f 284/1089/289 282/1090/289 286/1091/289 288/1092/289
f 289/1093/290 287/1094/290 283/1095/290 285/1096/290
f 293/1097/291 291/1098/291 290/1099/291 292/1100/291
f 296/1101/292 294/1102/292 295/1103/292 297/1104/292
f 290/1105/293 291/1106/293 295/1107/293 294/1108/293
f 293/1109/294 292/1110/294 296/1111/294 297/1112/294
f 292/1113/295 290/1114/295 294/1115/295 296/1116/295
f 297/1117/296 295/1118/296 291/1119/296 293/1120/296
f 301/1121/297 299/1122/297 298/1123/297 300/1124/297
f 304/1125/298 302/1126/298 303/1127/298 305/1128/298
f 298/1129/299 299/1130/299 303/1131/299 302/1132/299
f 301/1133/300 300/1134/300 304/1135/300 305/1136/300
f 300/1137/301 298/1138/301 302/1139/301 304/1140/301
f 305/1141/302 303/1142/302 299/1143/302 301/1144/302
f 309/1145/303 307/1146/303 306/1147/303 308/1148/303
f 312/1149/304 310/1150/304 311/1151/304 313/1152/304
f 306/1153/305 307/1154/305 311/1155/305 310/1156/305
f 309/1157/306 308/1158/306 312/1159/306 313/1160/306
f 308/1161/307 306/1162/307 310/1163/307 312/1164/307
f 313/1165/308 311/1166/308 307/1167/308 309/1168/308
f 317/1169/309 315/1170/309 314/1171/309 316/1172/309
f 320/1173/310 318/1174/310 319/1175/310 321/1176/310
f 314/1177/311 315/1178/311 319/1179/311 318/1180/311
f 317/1181/312 316/1182/312 320/1183/312 321/1184/312
f 316/1185/313 314/1186/313 318/1187/313 320/1188/313
f 321/1189/314 319/1190/314 315/1191/314 317/1192/314
f 325/1193/315 323/1194/315 322/1195/315 324/1196/315
f 328/1197/316 326/1198/316 327/1199/316 329/1200/316
f 322/1201/317 323/1202/317 327/1203/317 326/1204/317
f 325/1205/318 324/1206/318 328/1207/318 329/1208/318
f 324/1209/319 322/1210/319 326/1211/319 328/1212/319
f 329/1213/320 327/1214/320 323/1215/320 325/1216/320
f 333/1217/321 331/1218/321 330/1219/321 332/1220/321
f 336/1221/322 334/1222/322 335/1223/322 337/1224/322
f 330/1225/323 331/1226/323 335/1227/323 334/1228/323
f 333/1229/324 332/1230/324 336/1231/324 337/1232/324
f 332/1233/325 330/1234/325 334/1235/325 336/1236/325
f 337/1237/326 335/1238/326 331/1239/326 333/1240/326
f 341/1241/327 339/1242/327 338/1243/327 340/1244/327
f 344/1245/328 342/1246/328 343/1247/328 345/1248/328
f 338/1249/329 339/1250/329 343/1251/329 342/1252/329
f 341/1253/330 340/1254/330 344/1255/330 345/1256/330
f 340/1257/331 338/1258/331 342/1259/331 344/1260/331
f 345/1261/332 343/1262/332 339/1263/332 341/1264/332
f 349/1265/333 347/1266/333 346/1267/333 348/1268/333
f 352/1269/334 350/1270/334 351/1271/334 353/1272/334
f 346/1273/335 347/1274/335 351/1275/335 350/1276/335
f 349/1277/336 348/1278/336 352/1279/336 353/1280/336
f 348/1281/337 346/1282/337 350/1283/337 352/1284/337
f 353/1285/338 351/1286/338 347/1287/338 349/1288/338
f 357/1289/339 355/1290/339 354/1291/339 356/1292/339
f 360/1293/340 358/1294/340 359/1295/340 361/1296/340
f 354/1297/341 355/1298/341 359/1299/341 358/1300/341
f 357/1301/342 356/1302/342 360/1303/342 361/1304/342
f 356/1305/343 354/1306/343 358/1307/343 360/1308/343
f 361/1309/344 359/1310/344 355/1311/344 357/1312/344
f 365/1313/345 363/1314/345 362/1315/345 364/1316/345
f 368/1317/346 366/1318/346 367/1319/346 369/1320/346
f 362/1321/347 363/1322/347 367/1323/347 366/1324/347
f 365/1325/348 364/1326/348 368/1327/348 369/1328/348
f 364/1329/349 362/1330/349 366/1331/349 368/1332/349
f 369/1333/350 367/1334/350 363/1335/350 365/1336/350
f 373/1337/351 371/1338/351 370/1339/351 372/1340/351
f 376/1341/352 374/1342/352 375/1343/352 377/1344/352
f 370/1345/353 371/1346/353 375/1347/353 374/1348/353
f 373/1349/354 372/1350/354 376/1351/354 377/1352/354
f 372/1353/355 370/1354/355 374/1355/355 376/1356/355
f 377/1357/356 375/1358/356 371/1359/356 373/1360/356
f 381/1361/357 379/1362/357 378/1363/357 380/1364/357
f 384/1365/358 382/1366/358 383/1367/358 385/1368/358
f 378/1369/359 379/1370/359 383/1371/359 382/1372/359
f 381/1373/360 380/1374/360 384/1375/360 385/1376/360
f 380/1377/361 378/1378/361 382/1379/361 384/1380/361
f 385/1381/362 383/1382/362 379/1383/362 381/1384/362
f 389/1385/363 387/1386/363 386/1387/363 388/1388/363
f 392/1389/364 390/1390/364 391/1391/364 393/1392/364
f 386/1393/365 387/1394/365 391/1395/365 390/1396/365
f 389/1397/366 388/1398/366 392/1399/366 393/1400/366
f 388/1401/367 386/1402/367 390/1403/367 392/1404/367
f 393/1405/368 391/1406/368 387/1407/368 389/1408/368
f 397/1409/369 395/1410/369 394/1411/369 396/1412/369
f 400/1413/370 398/1414/370 399/1415/370 401/1416/370
f 394/1417/371 395/1418/371 399/1419/371 398/1420/371
f 397/1421/372 396/1422/372 400/1423/372 401/1424/372
f 396/1425/373 394/1426/373 398/1427/373 400/1428/373
f 401/1429/374 399/1430/374 395/1431/374 397/1432/374
f 405/1433/375 403/1434/375 402/1435/375 404/1436/375
f 408/1437/376 406/1438/376 407/1439/376 409/1440/376
f 402/1441/377 403/1442/377 407/1443/377 406/1444/377
f 405/1445/378 404/1446/378 408/1447/378 409/1448/378
f 404/1449/379 402/1450/379 406/1451/379 408/1452/379
f 409/1453/380 407/1454/380 403/1455/380 405/1456/380
f 413/1457/381 411/1458/381 410/1459/381 412/1460/381
f 416/1461/382 414/1462/382 415/1463/382 417/1464/382
f 410/1465/383 411/1466/383 415/1467/383 414/1468/383
f 413/1469/384 412/1470/384 416/1471/384 417/1472/384
f 412/1473/385 410/1474/385 414/1475/385 416/1476/385
f 417/1477/386 415/1478/386 411/1479/386 413/1480/386
f 421/1481/387 419/1482/387 418/1483/387 420/1484/387
f 424/1485/388 422/1486/388 423/1487/388 425/1488/388
f 418/1489/389 419/1490/389 423/1491/389 422/1492/389
f 421/1493/390 420/1494/390 424/1495/390 425/1496/390
f 420/1497/391 418/1498/391 422/1499/391 424/1500/391
f 425/1501/392 423/1502/392 419/1503/392 421/1504/392
f 429/1505/393 427/1506/393 426/1507/393 428/1508/393
f 432/1509/394 430/1510/394 431/1511/394 433/1512/394
f 426/1513/395 427/1514/395 431/1515/395 430/1516/395
f 429/1517/396 428/1518/396 432/1519/396 433/1520/396
f 428/1521/397 426/1522/397 430/1523/397 432/1524/397
f 433/1525/398 431/1526/398 427/1527/398 429/1528/398
f 437/1529/399 435/1530/399 434/1531/399 436/1532/399
f 440/1533/400 438/1534/400 439/1535/400 441/1536/400
f 434/1537/401 435/1538/401 439/1539/401 438/1540/401
f 437/1541/402 436/1542/402 440/1543/402 441/1544/402
f 436/1545/403 434/1546/403 438/1547/403 440/1548/403
f 441/1549/404 439/1550/404 435/1551/404 437/1552/404
f 445/1553/405 443/1554/405 442/1555/405 444/1556/405
f 448/1557/406 446/1558/406 447/1559/406 449/1560/406
f 442/1561/407 443/1562/407 447/1563/407 446/1564/407
f 445/1565/408 444/1566/408 448/1567/408 449/1568/408
f 444/1569/409 442/1570/409 446/1571/409 448/1572/409
f 449/1573/410 447/1574/410 443/1575/410 445/1576/410
f 453/1577/411 451/1578/411 450/1579/411 452/1580/411
f 456/1581/412 454/1582/412 455/1583/412 457/1584/412
f 450/1585/413 451/1586/413 455/1587/413 454/1588/413
f 453/1589/414 452/1590/414 456/1591/414 457/1592/414
f 452/1593/415 450/1594/415 454/1595/415 456/1596/415
f 457/1597/416 455/1598/416 451/1599/416 453/1600/416
f 461/1601/417 459/1602/417 458/1603/417 460/1604/417
f 464/1605/418 462/1606/418 463/1607/418 465/1608/418
f 458/1609/419 459/1610/419 463/1611/419 462/1612/419
f 461/1613/420 460/1614/420 464/1615/420 465/1616/420
f 460/1617/421 458/1618/421 462/1619/421 464/1620/421
f 465/1621/422 463/1622/422 459/1623/422 461/1624/422
f 469/1625/423 467/1626/423 466/1627/423 468/1628/423
f 472/1629/424 470/1630/424 471/1631/424 473/1632/424
f 466/1633/425 467/1634/425 471/1635/425 470/1636/425
f 469/1637/426 468/1638/426 472/1639/426 473/1640/426
f 468/1641/427 466/1642/427 470/1643/427 472/1644/427
f 473/1645/428 471/1646/428 467/1647/428 469/1648/428
f 477/1649/429 475/1650/429 474/1651/429 476/1652/429
f 480/1653/430 478/1654/430 479/1655/430 481/1656/430
f 474/1657/431 475/1658/431 479/1659/431 478/1660/431
f 477/1661/432 476/1662/432 480/1663/432 481/1664/432
f 476/1665/433 474/1666/433 478/1667/433 480/1668/433
f 481/1669/434 479/1670/434 475/1671/434 477/1672/434
f 484/1673/435 482/1674/435 1/1675/435 483/1676/435
f 487/1677/436 485/1678/436 486/1679/436 488/1680/436
f 1/1681/437 482/1682/437 486/1683/437 485/1684/437
f 484/1685/438 483/1686/438 487/1687/438 488/1688/438
f 483/1689/439 1/1690/439 485/1691/439 487/1692/439
f 488/1693/440 486/1694/440 482/1695/440 484/1696/440
f 492/1697/441 490/1698/441 489/1699/441 491/1700/441
f 495/1701/442 493/1702/442 494/1703/442 496/1704/442
f 489/1705/443 490/1706/443 494/1707/443 493/1708/443
f 492/1709/444 491/1710/444 495/1711/444 496/1712/444
f 491/1713/445 489/1714/445 493/1715/445 495/1716/445
f 496/1717/446 494/1718/446 490/1719/446 492/1720/446
f 500/1721/447 498/1722/447 497/1723/447 499/1724/447
f 503/1725/448 501/1726/448 502/1727/448 504/1728/448
f 497/1729/449 498/1730/449 502/1731/449 501/1732/449
f 500/1733/450 499/1734/450 503/1735/450 504/1736/450
f 499/1737/451 497/1738/451 501/1739/451 503/1740/451
f 504/1741/452 502/1742/452 498/1743/452 500/1744/452
f 508/1745/453 506/1746/453 505/1747/453 507/1748/453
f 511/1749/454 509/1750/454 510/1751/454 512/1752/454
f 505/1753/455 506/1754/455 510/1755/455 509/1756/455
f 508/1757/456 507/1758/456 511/1759/456 512/1760/456
f 507/1761/457 505/1762/457 509/1763/457 511/1764/457
f 512/1765/458 510/1766/458 506/1767/458 508/1768/458
f 516/1769/459 514/1770/459 513/1771/459 515/1772/459
f 519/1773/460 517/1774/460 518/1775/460 520/1776/460
f 513/1777/461 514/1778/461 518/1779/461 517/1780/461
f 516/1781/462 515/1782/462 519/1783/462 520/1784/462
f 515/1785/463 513/1786/463 517/1787/463 519/1788/463
f 520/1789/464 518/1790/464 514/1791/464 516/1792/464
f 524/1793/465 522/1794/465 521/1795/465 523/1796/465
f 527/1797/466 525/1798/466 526/1799/466 528/1800/466
f 521/1801/467 522/1802/467 526/1803/467 525/1804/467
f 524/1805/468 523/1806/468 527/1807/468 528/1808/468
f 523/1809/469 521/1810/469 525/1811/469 527/1812/469
f 528/1813/470 526/1814/470 522/1815/470 524/1816/470
f 532/1817/471 530/1818/471 529/1819/471 531/1820/471
f 535/1821/472 533/1822/472 534/1823/472 536/1824/472
f 529/1825/473 530/1826/473 534/1827/473 533/1828/473
f 532/1829/474 531/1830/474 535/1831/474 536/1832/474
f 531/1833/475 529/1834/475 533/1835/475 535/1836/475
f 536/1837/476 534/1838/476 530/1839/476 532/1840/476
f 540/1841/477 538/1842/477 537/1843/477 539/1844/477
f 543/1845/478 541/1846/478 542/1847/478 544/1848/478
f 537/1849/479 538/1850/479 542/1851/479 541/1852/479
f 540/1853/480 539/1854/480 543/1855/480 544/1856/480
f 539/1857/481 537/1858/481 541/1859/481 543/1860/481
f 544/1861/482 542/1862/482 538/1863/482 540/1864/482
f 548/1865/483 546/1866/483 545/1867/483 547/1868/483
f 551/1869/484 549/1870/484 550/1871/484 552/1872/484
f 545/1873/485 546/1874/485 550/1875/485 549/1876/485
f 548/1877/486 547/1878/486 551/1879/486 552/1880/486
f 547/1881/487 545/1882/487 549/1883/487 551/1884/487
f 552/1885/488 550/1886/488 546/1887/488 548/1888/488
f 556/1889/489 554/1890/489 553/1891/489 555/1892/489
f 559/1893/490 557/1894/490 558/1895/490 560/1896/490
f 553/1897/491 554/1898/491 558/1899/491 557/1900/491
f 556/1901/492 555/1902/492 559/1903/492 560/1904/492
f 555/1905/493 553/1906/493 557/1907/493 559/1908/493
f 560/1909/494 558/1910/494 554/1911/494 556/1912/494
f 564/1913/495 562/1914/495 561/1915/495 563/1916/495
f 567/1917/496 565/1918/496 566/1919/496 568/1920/496
f 561/1921/497 562/1922/497 566/1923/497 565/1924/497
f 564/1925/498 563/1926/498 567/1927/498 568/1928/498
f 563/1929/499 561/1930/499 565/1931/499 567/1932/499
f 568/1933/500 566/1934/500 562/1935/500 564/1936/500
f 572/1937/501 570/1938/501 569/1939/501 571/1940/501
f 575/1941/502 573/1942/502 574/1943/502 576/1944/502
f 569/1945/503 570/1946/503 574/1947/503 573/1948/503
f 572/1949/504 571/1950/504 575/1951/504 576/1952/504
f 571/1953/505 569/1954/505 573/1955/505 575/1956/505
f 576/1957/506 574/1958/506 570/1959/506 572/1960/506
f 580/1961/507 578/1962/507 577/1963/507 579/1964/507
f 583/1965/508 581/1966/508 582/1967/508 584/1968/508
f 577/1969/509 578/1970/509 582/1971/509 581/1972/509
f 580/1973/510 579/1974/510 583/1975/510 584/1976/510
f 579/1977/511 577/1978/511 581/1979/511 583/1980/511
f 584/1981/512 582/1982/512 578/1983/512 580/1984/512
f 588/1985/513 586/1986/513 585/1987/513 587/1988/513
f 591/1989/514 589/1990/514 590/1991/514 592/1992/514
f 585/1993/515 586/1994/515 590/1995/515 589/1996/515
f 588/1997/516 587/1998/516 591/1999/516 592/2000/516
f 587/2001/517 585/2002/517 589/2003/517 591/2004/517
f 592/2005/518 590/2006/518 586/2007/518 588/2008/518
f 596/2009/519 594/2010/519 593/2011/519 595/2012/519
f 599/2013/520 597/2014/520 598/2015/520 600/2016/520
f 593/2017/521 594/2018/521 598/2019/521 597/2020/521
f 596/2021/522 595/2022/522 599/2023/522 600/2024/522
f 595/2025/523 593/2026/523 597/2027/523 599/2028/523
f 600/2029/524 598/2030/524 594/2031/524 596/2032/524
f 604/2033/525 602/2034/525 601/2035/525 603/2036/525
f 607/2037/526 605/2038/526 606/2039/526 608/2040/526
f 601/2041/527 602/2042/527 606/2043/527 605/2044/527
f 604/2045/528 603/2046/528 607/2047/528 608/2048/528
f 603/2049/529 601/2050/529 605/2051/529 607/2052/529
f 608/2053/530 606/2054/530 602/2055/530 604/2056/530
f 612/2057/531 610/2058/531 609/2059/531 611/2060/531
f 615/2061/532 613/2062/532 614/2063/532 616/2064/532
f 609/2065/533 610/2066/533 614/2067/533 613/2068/533
f 612/2069/534 611/2070/534 615/2071/534 616/2072/534
f 611/2073/535 609/2074/535 613/2075/535 615/2076/535
f 616/2077/536 614/2078/536 610/2079/536 612/2080/536
f 620/2081/537 618/2082/537 617/2083/537 619/2084/537
f 623/2085/538 621/2086/538 622/2087/538 624/2088/538
f 617/2089/539 618/2090/539 622/2091/539 621/2092/539
f 620/2093/540 619/2094/540 623/2095/540 624/2096/540
f 619/2097/541 617/2098/541 621/2099/541 623/2100/541
f 624/2101/542 622/2102/542 618/2103/542 620/2104/542
f 628/2105/543 626/2106/543 625/2107/543 627/2108/543
f 631/2109/544 629/2110/544 630/2111/544 632/2112/544
f 625/2113/545 626/2114/545 630/2115/545 629/2116/545
f 628/2117/546 627/2118/546 631/2119/546 632/2120/546
f 627/2121/547 625/2122/547 629/2123/547 631/2124/547
f 632/2125/548 630/2126/548 626/2127/548 628/2128/548
f 636/2129/549 634/2130/549 633/2131/549 635/2132/549
f 639/2133/550 637/2134/550 638/2135/550 640/2136/550
f 633/2137/551 634/2138/551 638/2139/551 637/2140/551
f 636/2141/552 635/2142/552 639/2143/552 640/2144/552
f 635/2145/553 633/2146/553 637/2147/553 639/2148/553
f 640/2149/554 638/2150/554 634/2151/554 636/2152/554
f 644/2153/555 642/2154/555 641/2155/555 643/2156/555
f 647/2157/556 645/2158/556 646/2159/556 648/2160/556
f 641/2161/557 642/2162/557 646/2163/557 645/2164/557
f 644/2165/558 643/2166/558 647/2167/558 648/2168/558
f 643/2169/559 641/2170/559 645/2171/559 647/2172/559
f 648/2173/560 646/2174/560 642/2175/560 644/2176/560
f 652/2177/561 650/2178/561 649/2179/561 651/2180/561
f 655/2181/562 653/2182/562 654/2183/562 656/2184/562
f 649/2185/563 650/2186/563 654/2187/563 653/2188/563
f 652/2189/564 651/2190/564 655/2191/564 656/2192/564
f 651/2193/565 649/2194/565 653/2195/565 655/2196/565
f 656/2197/566 654/2198/566 650/2199/566 652/2200/566
f 660/2201/567 658/2202/567 657/2203/567 659/2204/567
f 663/2205/568 661/2206/568 662/2207/568 664/2208/568
f 657/2209/569 658/2210/569 662/2211/569 661/2212/569
f 660/2213/570 659/2214/570 663/2215/570 664/2216/570
f 659/2217/571 657/2218/571 661/2219/571 663/2220/571
f 664/2221/572 662/2222/572 658/2223/572 660/2224/572
f 668/2225/573 666/2226/573 665/2227/573 667/2228/573
f 671/2229/574 669/2230/574 670/2231/574 672/2232/574
f 665/2233/575 666/2234/575 670/2235/575 669/2236/575
f 668/2237/576 667/2238/576 671/2239/576 672/2240/576
f 667/2241/577 665/2242/577 669/2243/577 671/2244/577
f 672/2245/578 670/2246/578 666/2247/578 668/2248/578
f 676/2249/579 674/2250/579 673/2251/579 675/2252/579
f 679/2253/580 677/2254/580 678/2255/580 680/2256/580
f 673/2257/581 674/2258/581 678/2259/581 677/2260/581
f 676/2261/582 675/2262/582 679/2263/582 680/2264/582
f 675/2265/583 673/2266/583 677/2267/583 679/2268/583
f 680/2269/584 678/2270/584 674/2271/584 676/2272/584
f 684/2273/585 682/2274/585 681/2275/585 683/2276/585
f 687/2277/586 685/2278/586 686/2279/586 688/2280/586
f 681/2281/587 682/2282/587 686/2283/587 685/2284/587
f 684/2285/588 683/2286/588 687/2287/588 688/2288/588
f 683/2289/589 681/2290/589 685/2291/589 687/2292/589
f 688/2293/590 686/2294/590 682/2295/590 684/2296/590
f 692/2297/591 690/2298/591 689/2299/591 691/2300/591
f 695/2301/592 693/2302/592 694/2303/592 696/2304/592
f 689/2305/593 690/2306/593 694/2307/593 693/2308/593
f 692/2309/594 691/2310/594 695/2311/594 696/2312/594
f 691/2313/595 689/2314/595 693/2315/595 695/2316/595
f 696/2317/596 694/2318/596 690/2319/596 692/2320/596
f 700/2321/597 698/2322/597 697/2323/597 699/2324/597
f 703/2325/598 701/2326/598 702/2327/598 704/2328/598
f 697/2329/599 698/2330/599 702/2331/599 701/2332/599
f 700/2333/600 699/2334/600 703/2335/600 704/2336/600
f 699/2337/601 697/2338/601 701/2339/601 703/2340/601
f 704/2341/602 702/2342/602 698/2343/602 700/2344/602
f 708/2345/603 706/2346/603 705/2347/603 707/2348/603
f 711/2349/604 709/2350/604 710/2351/604 712/2352/604
f 705/2353/605 706/2354/605 710/2355/605 709/2356/605
f 708/2357/606 707/2358/606 711/2359/606 712/2360/606
f 707/2361/607 705/2362/607 709/2363/607 711/2364/607
f 712/2365/608 710/2366/608 706/2367/608 708/2368/608
f 716/2369/609 714/2370/609 713/2371/609 715/2372/609
f 719/2373/610 717/2374/610 718/2375/610 720/2376/610
f 713/2377/611 714/2378/611 718/2379/611 717/2380/611
f 716/2381/612 715/2382/612 719/2383/612 720/2384/612
f 715/2385/613 713/2386/613 717/2387/613 719/2388/613
f 720/2389/614 718/2390/614 714/2391/614 716/2392/614
f 724/2393/615 722/2394/615 721/2395/615 723/2396/615
f 727/2397/616 725/2398/616 726/2399/616 728/2400/616
f 721/2401/617 722/2402/617 726/2403/617 725/2404/617
f 724/2405/618 723/2406/618 727/2407/618 728/2408/618
f 723/2409/619 721/2410/619 725/2411/619 727/2412/619
f 728/2413/620 726/2414/620 722/2415/620 724/2416/620
f 732/2417/621 730/2418/621 729/2419/621 731/2420/621
f 735/2421/622 733/2422/622 734/2423/622 736/2424/622
f 729/2425/623 730/2426/623 734/2427/623 733/2428/623
f 732/2429/624 731/2430/624 735/2431/624 736/2432/624
f 731/2433/625 729/2434/625 733/2435/625 735/2436/625
f 736/2437/626 734/2438/626 730/2439/626 732/2440/626
f 740/2441/627 738/2442/627 737/2443/627 739/2444/627
f 743/2445/628 741/2446/628 742/2447/628 744/2448/628
f 737/2449/629 738/2450/629 742/2451/629 741/2452/629
f 740/2453/630 739/2454/630 743/2455/630 744/2456/630
f 739/2457/631 737/2458/631 741/2459/631 743/2460/631
f 744/2461/632 742/2462/632 738/2463/632 740/2464/632
f 748/2465/633 746/2466/633 745/2467/633 747/2468/633
f 751/2469/634 749/2470/634 750/2471/634 752/2472/634
f 745/2473/635 746/2474/635 750/2475/635 749/2476/635
f 748/2477/636 747/2478/636 751/2479/636 752/2480/636
f 747/2481/637 745/2482/637 749/2483/637 751/2484/637
f 752/2485/638 750/2486/638 746/2487/638 748/2488/638
f 756/2489/639 754/2490/639 753/2491/639 755/2492/639
f 759/2493/640 757/2494/640 758/2495/640 760/2496/640
f 753/2497/641 754/2498/641 758/2499/641 757/2500/641
f 756/2501/642 755/2502/642 759/2503/642 760/2504/642
f 755/2505/643 753/2506/643 757/2507/643 759/2508/643
f 760/2509/644 758/2510/644 754/2511/644 756/2512/644
f 764/2513/645 762/2514/645 761/2515/645 763/2516/645
f 767/2517/646 765/2518/646 766/2519/646 768/2520/646
f 761/2521/647 762/2522/647 766/2523/647 765/2524/647
f 764/2525/648 763/2526/648 767/2527/648 768/2528/648
f 763/2529/649 761/2530/649 765/2531/649 767/2532/649
f 768/2533/650 766/2534/650 762/2535/650 764/2536/650
f 772/2537/651 770/2538/651 769/2539/651 771/2540/651
f 775/2541/652 773/2542/652 774/2543/652 776/2544/652
f 769/2545/653 770/2546/653 774/2547/653 773/2548/653
f 772/2549/654 771/2550/654 775/2551/654 776/2552/654
f 771/2553/655 769/2554/655 773/2555/655 775/2556/655
f 776/2557/656 774/2558/656 770/2559/656 772/2560/656
f 780/2561/657 778/2562/657 777/2563/657 779/2564/657
f 783/2565/658 781/2566/658 782/2567/658 784/2568/658
f 777/2569/659 778/2570/659 782/2571/659 781/2572/659
f 780/2573/660 779/2574/660 783/2575/660 784/2576/660
f 779/2577/661 777/2578/661 781/2579/661 783/2580/661
f 784/2581/662 782/2582/662 778/2583/662 780/2584/662
f 788/2585/663 786/2586/663 785/2587/663 787/2588/663
f 791/2589/664 789/2590/664 790/2591/664 792/2592/664
f 785/2593/665 786/2594/665 790/2595/665 789/2596/665
f 788/2597/666 787/2598/666 791/2599/666 792/2600/666
f 787/2601/667 785/2602/667 789/2603/667 791/2604/667
f 792/2605/668 790/2606/668 786/2607/668 788/2608/668
f 796/2609/669 794/2610/669 793/2611/669 795/2612/669
f 799/2613/670 797/2614/670 798/2615/670 800/2616/670
f 793/2617/671 794/2618/671 798/2619/671 797/2620/671
f 796/2621/672 795/2622/672 799/2623/672 800/2624/672
f 795/2625/673 793/2626/673 797/2627/673 799/2628/673
f 800/2629/674 798/2630/674 794/2631/674 796/2632/674
f 804/2633/675 802/2634/675 801/2635/675 803/2636/675
f 807/2637/676 805/2638/676 806/2639/676 808/2640/676
f 801/2641/677 802/2642/677 806/2643/677 805/2644/677
f 804/2645/678 803/2646/678 807/2647/678 808/2648/678
f 803/2649/679 801/2650/679 805/2651/679 807/2652/679
f 808/2653/680 806/2654/680 802/2655/680 804/2656/680
f 812/2657/681 810/2658/681 809/2659/681 811/2660/681
f 815/2661/682 813/2662/682 814/2663/682 816/2664/682
f 809/2665/683 810/2666/683 814/2667/683 813/2668/683
f 812/2669/684 811/2670/684 815/2671/684 816/2672/684
f 811/2673/685 809/2674/685 813/2675/685 815/2676/685
f 816/2677/686 814/2678/686 810/2679/686 812/2680/686
f 820/2681/687 818/2682/687 817/2683/687 819/2684/687
f 823/2685/688 821/2686/688 822/2687/688 824/2688/688
f 817/2689/689 818/2690/689 822/2691/689 821/2692/689
f 820/2693/690 819/2694/690 823/2695/690 824/2696/690
f 819/2697/691 817/2698/691 821/2699/691 823/2700/691
f 824/2701/692 822/2702/692 818/2703/692 820/2704/692
f 828/2705/693 826/2706/693 825/2707/693 827/2708/693
f 831/2709/694 829/2710/694 830/2711/694 832/2712/694
f 825/2713/695 826/2714/695 830/2715/695 829/2716/695
f 828/2717/696 827/2718/696 831/2719/696 832/2720/696
f 827/2721/697 825/2722/697 829/2723/697 831/2724/697
f 832/2725/698 830/2726/698 826/2727/698 828/2728/698
f 836/2729/699 834/2730/699 833/2731/699 835/2732/699
f 839/2733/700 837/2734/700 838/2735/700 840/2736/700
f 833/2737/701 834/2738/701 838/2739/701 837/2740/701
f 836/2741/702 835/2742/702 839/2743/702 840/2744/702
f 835/2745/703 833/2746/703 837/2747/703 839/2748/703
f 840/2749/704 838/2750/704 834/2751/704 836/2752/704
f 844/2753/705 842/2754/705 841/2755/705 843/2756/705
f 847/2757/706 845/2758/706 846/2759/706 848/2760/706
f 841/2761/707 842/2762/707 846/2763/707 845/2764/707
f 844/2765/708 843/2766/708 847/2767/708 848/2768/708
f 843/2769/709 841/2770/709 845/2771/709 847/2772/709
f 848/2773/710 846/2774/710 842/2775/710 844/2776/710
f 852/2777/711 850/2778/711 849/2779/711 851/2780/711
f 855/2781/712 853/2782/712 854/2783/712 856/2784/712
f 849/2785/713 850/2786/713 854/2787/713 853/2788/713
f 852/2789/714 851/2790/714 855/2791/714 856/2792/714
f 851/2793/715 849/2794/715 853/2795/715 855/2796/715
f 856/2797/716 854/2798/716 850/2799/716 852/2800/716
f 860/2801/717 858/2802/717 857/2803/717 859/2804/717
f 863/2805/718 861/2806/718 862/2807/718 864/2808/718
f 857/2809/719 858/2810/719 862/2811/719 861/2812/719
f 860/2813/720 859/2814/720 863/2815/720 864/2816/720
f 859/2817/721 857/2818/721 861/2819/721 863/2820/721
f 864/2821/722 862/2822/722 858/2823/722 860/2824/722
f 868/2825/723 866/2826/723 865/2827/723 867/2828/723
f 871/2829/724 869/2830/724 870/2831/724 872/2832/724
f 865/2833/725 866/2834/725 870/2835/725 869/2836/725
f 868/2837/726 867/2838/726 871/2839/726 872/2840/726
f 867/2841/727 865/2842/727 869/2843/727 871/2844/727
f 872/2845/728 870/2846/728 866/2847/728 868/2848/728
f 876/2849/729 874/2850/729 873/2851/729 875/2852/729
f 879/2853/730 877/2854/730 878/2855/730 880/2856/730
f 873/2857/731 874/2858/731 878/2859/731 877/2860/731
f 876/2861/732 875/2862/732 879/2863/732 880/2864/732
f 875/2865/733 873/2866/733 877/2867/733 879/2868/733
f 880/2869/734 878/2870/734 874/2871/734 876/2872/734
f 884/2873/735 882/2874/735 881/2875/735 883/2876/735
f 887/2877/736 885/2878/736 886/2879/736 888/2880/736
f 881/2881/737 882/2882/737 886/2883/737 885/2884/737
f 884/2885/738 883/2886/738 887/2887/738 888/2888/738
f 883/2889/739 881/2890/739 885/2891/739 887/2892/739
f 888/2893/740 886/2894/740 882/2895/740 884/2896/740
f 892/2897/741 890/2898/741 889/2899/741 891/2900/741
f 895/2901/742 893/2902/742 894/2903/742 896/2904/742
f 889/2905/743 890/2906/743 894/2907/743 893/2908/743
f 892/2909/744 891/2910/744 895/2911/744 896/2912/744
f 891/2913/745 889/2914/745 893/2915/745 895/2916/745
f 896/2917/746 894/2918/746 890/2919/746 892/2920/746
f 900/2921/747 898/2922/747 897/2923/747 899/2924/747
f 903/2925/748 901/2926/748 902/2927/748 904/2928/748
f 897/2929/749 898/2930/749 902/2931/749 901/2932/749
f 900/2933/750 899/2934/750 903/2935/750 904/2936/750
f 899/2937/751 897/2938/751 901/2939/751 903/2940/751
f 904/2941/752 902/2942/752 898/2943/752 900/2944/752
f 908/2945/753 906/2946/753 905/2947/753 907/2948/753
f 911/2949/754 909/2950/754 910/2951/754 912/2952/754
f 905/2953/755 906/2954/755 910/2955/755 909/2956/755
f 908/2957/756 907/2958/756 911/2959/756 912/2960/756
f 907/2961/757 905/2962/757 909/2963/757 911/2964/757
f 912/2965/758 910/2966/758 906/2967/758 908/2968/758
f 916/2969/759 914/2970/759 913/2971/759 915/2972/759
f 919/2973/760 917/2974/760 918/2975/760 920/2976/760
f 913/2977/761 914/2978/761 918/2979/761 917/2980/761
f 916/2981/762 915/2982/762 919/2983/762 920/2984/762
f 915/2985/763 913/2986/763 917/2987/763 919/2988/763
f 920/2989/764 918/2990/764 914/2991/764 916/2992/764
f 924/2993/765 922/2994/765 921/2995/765 923/2996/765
f 927/2997/766 925/2998/766 926/2999/766 928/3000/766
f 921/3001/767 922/3002/767 926/3003/767 925/3004/767
f 924/3005/768 923/3006/768 927/3007/768 928/3008/768
f 923/3009/769 921/3010/769 925/3011/769 927/3012/769
f 928/3013/770 926/3014/770 922/3015/770 924/3016/770
f 932/3017/771 930/3018/771 929/3019/771 931/3020/771
f 935/3021/772 933/3022/772 934/3023/772 936/3024/772
f 929/3025/773 930/3026/773 934/3027/773 933/3028/773
f 932/3029/774 931/3030/774 935/3031/774 936/3032/774
f 931/3033/775 929/3034/775 933/3035/775 935/3036/775
f 936/3037/776 934/3038/776 930/3039/776 932/3040/776
f 940/3041/777 938/3042/777 937/3043/777 939/3044/777
f 943/3045/778 941/3046/778 942/3047/778 944/3048/778
f 937/3049/779 938/3050/779 942/3051/779 941/3052/779
f 940/3053/780 939/3054/780 943/3055/780 944/3056/780
f 939/3057/781 937/3058/781 941/3059/781 943/3060/781
f 944/3061/782 942/3062/782 938/3063/782 940/3064/782
f 948/3065/783 946/3066/783 945/3067/783 947/3068/783
f 951/3069/784 949/3070/784 950/3071/784 952/3072/784
f 945/3073/785 946/3074/785 950/3075/785 949/3076/785
f 948/3077/786 947/3078/786 951/3079/786 952/3080/786
f 947/3081/787 945/3082/787 949/3083/787 951/3084/787
f 952/3085/788 950/3086/788 946/3087/788 948/3088/788
f 956/3089/789 954/3090/789 953/3091/789 955/3092/789
f 959/3093/790 957/3094/790 958/3095/790 960/3096/790
f 953/3097/791 954/3098/791 958/3099/791 957/3100/791
f 956/3101/792 955/3102/792 959/3103/792 960/3104/792
f 955/3105/793 953/3106/793 957/3107/793 959/3108/793
f 960/3109/794 958/3110/794 954/3111/794 956/3112/794
f 964/3113/795 962/3114/795 961/3115/795 963/3116/795
f 967/3117/796 965/3118/796 966/3119/796 968/3120/796
f 961/3121/797 962/3122/797 966/3123/797 965/3124/797
f 964/3125/798 963/3126/798 967/3127/798 968/3128/798
f 963/3129/799 961/3130/799 965/3131/799 967/3132/799
f 968/3133/800 966/3134/800 962/3135/800 964/3136/800
f 972/3137/801 970/3138/801 969/3139/801 971/3140/801
f 975/3141/802 973/3142/802 974/3143/802 976/3144/802
f 969/3145/803 970/3146/803 974/3147/803 973/3148/803
f 972/3149/804 971/3150/804 975/3151/804 976/3152/804
f 971/3153/805 969/3154/805 973/3155/805 975/3156/805
f 976/3157/806 974/3158/806 970/3159/806 972/3160/806
f 980/3161/807 978/3162/807 977/3163/807 979/3164/807
f 983/3165/808 981/3166/808 982/3167/808 984/3168/808
f 977/3169/809 978/3170/809 982/3171/809 981/3172/809
f 980/3173/810 979/3174/810 983/3175/810 984/3176/810
f 979/3177/811 977/3178/811 981/3179/811 983/3180/811
f 984/3181/812 982/3182/812 978/3183/812 980/3184/812
f 988/3185/813 986/3186/813 985/3187/813 987/3188/813
f 991/3189/814 989/3190/814 990/3191/814 992/3192/814
f 985/3193/815 986/3194/815 990/3195/815 989/3196/815
f 988/3197/816 987/3198/816 991/3199/816 992/3200/816
f 987/3201/817 985/3202/817 989/3203/817 991/3204/817
f 992/3205/818 990/3206/818 986/3207/818 988/3208/818
f 996/3209/819 994/3210/819 993/3211/819 995/3212/819
f 999/3213/820 997/3214/820 998/3215/820 1000/3216/820
f 993/3217/821 994/3218/821 998/3219/821 997/3220/821
f 996/3221/822 995/3222/822 999/3223/822 1000/3224/822
f 995/3225/823 993/3226/823 997/3227/823 999/3228/823
f 1000/3229/824 998/3230/824 994/3231/824 996/3232/824
f 1004/3233/825 1002/3234/825 1001/3235/825 1003/3236/825
f 1007/3237/826 1005/3238/826 1006/3239/826 1008/3240/826
f 1001/3241/827 1002/3242/827 1006/3243/827 1005/3244/827
f 1004/3245/828 1003/3246/828 1007/3247/828 1008/3248/828
f 1003/3249/829 1001/3250/829 1005/3251/829 1007/3252/829
f 1008/3253/830 1006/3254/830 1002/3255/830 1004/3256/830
f 1012/3257/831 1010/3258/831 1009/3259/831 1011/3260/831
f 1015/3261/832 1013/3262/832 1014/3263/832 1016/3264/832
f 1009/3265/833 1010/3266/833 1014/3267/833 1013/3268/833
f 1012/3269/834 1011/3270/834 1015/3271/834 1016/3272/834
f 1011/3273/835 1009/3274/835 1013/3275/835 1015/3276/835
f 1016/3277/836 1014/3278/836 1010/3279/836 1012/3280/836
f 1020/3281/837 1018/3282/837 1017/3283/837 1019/3284/837
f 1023/3285/838 1021/3286/838 1022/3287/838 1024/3288/838
f 1017/3289/839 1018/3290/839 1022/3291/839 1021/3292/839
f 1020/3293/840 1019/3294/840 1023/3295/840 1024/3296/840
f 1019/3297/841 1017/3298/841 1021/3299/841 1023/3300/841
f 1024/3301/842 1022/3302/842 1018/3303/842 1020/3304/842
f 1028/3305/843 1026/3306/843 1025/3307/843 1027/3308/843
f 1031/3309/844 1029/3310/844 1030/3311/844 1032/3312/844
f 1025/3313/845 1026/3314/845 1030/3315/845 1029/3316/845
f 1028/3317/846 1027/3318/846 1031/3319/846 1032/3320/846
f 1027/3321/847 1025/3322/847 1029/3323/847 1031/3324/847
f 1032/3325/848 1030/3326/848 1026/3327/848 1028/3328/848
f 1036/3329/849 1034/3330/849 1033/3331/849 1035/3332/849
f 1039/3333/850 1037/3334/850 1038/3335/850 1040/3336/850
f 1033/3337/851 1034/3338/851 1038/3339/851 1037/3340/851
f 1036/3341/852 1035/3342/852 1039/3343/852 1040/3344/852
f 1035/3345/853 1033/3346/853 1037/3347/853 1039/3348/853
f 1040/3349/854 1038/3350/854 1034/3351/854 1036/3352/854
f 1044/3353/855 1042/3354/855 1041/3355/855 1043/3356/855
f 1047/3357/856 1045/3358/856 1046/3359/856 1048/3360/856
f 1041/3361/857 1042/3362/857 1046/3363/857 1045/3364/857
f 1044/3365/858 1043/3366/858 1047/3367/858 1048/3368/858
f 1043/3369/859 1041/3370/859 1045/3371/859 1047/3372/859
f 1048/3373/860 1046/3374/860 1042/3375/860 1044/3376/860
f 1052/3377/861 1050/3378/861 1049/3379/861 1051/3380/861
f 1055/3381/862 1053/3382/862 1054/3383/862 1056/3384/862
f 1049/3385/863 1050/3386/863 1054/3387/863 1053/3388/863
f 1052/3389/864 1051/3390/864 1055/3391/864 1056/3392/864
f 1051/3393/865 1049/3394/865 1053/3395/865 1055/3396/865
f 1056/3397/866 1054/3398/866 1050/3399/866 1052/3400/866
f 1060/3401/867 1058/3402/867 1057/3403/867 1059/3404/867
f 1063/3405/868 1061/3406/868 1062/3407/868 1064/3408/868
f 1057/3409/869 1058/3410/869 1062/3411/869 1061/3412/869
f 1060/3413/870 1059/3414/870 1063/3415/870 1064/3416/870
f 1059/3417/871 1057/3418/871 1061/3419/871 1063/3420/871
f 1064/3421/872 1062/3422/872 1058/3423/872 1060/3424/872
f 1068/3425/873 1066/3426/873 1065/3427/873 1067/3428/873
f 1071/3429/874 1069/3430/874 1070/3431/874 1072/3432/874
f 1065/3433/875 1066/3434/875 1070/3435/875 1069/3436/875
f 1068/3437/876 1067/3438/876 1071/3439/876 1072/3440/876
f 1067/3441/877 1065/3442/877 1069/3443/877 1071/3444/877
f 1072/3445/878 1070/3446/878 1066/3447/878 1068/3448/878
f 1076/3449/879 1074/3450/879 1073/3451/879 1075/3452/879
f 1079/3453/880 1077/3454/880 1078/3455/880 1080/3456/880
f 1073/3457/881 1074/3458/881 1078/3459/881 1077/3460/881
f 1076/3461/882 1075/3462/882 1079/3463/882 1080/3464/882
f 1075/3465/883 1073/3466/883 1077/3467/883 1079/3468/883
f 1080/3469/884 1078/3470/884 1074/3471/884 1076/3472/884
f 1084/3473/885 1082/3474/885 1081/3475/885 1083/3476/885
f 1087/3477/886 1085/3478/886 1086/3479/886 1088/3480/886
f 1081/3481/887 1082/3482/887 1086/3483/887 1085/3484/887
f 1084/3485/888 1083/3486/888 1087/3487/888 1088/3488/888
f 1083/3489/889 1081/3490/889 1085/3491/889 1087/3492/889
f 1088/3493/890 1086/3494/890 1082/3495/890 1084/3496/890
f 1092/3497/891 1090/3498/891 1089/3499/891 1091/3500/891
f 1095/3501/892 1093/3502/892 1094/3503/892 1096/3504/892
f 1089/3505/893 1090/3506/893 1094/3507/893 1093/3508/893
f 1092/3509/894 1091/3510/894 1095/3511/894 1096/3512/894
f 1091/3513/895 1089/3514/895 1093/3515/895 1095/3516/895
f 1096/3517/896 1094/3518/896 1090/3519/896 1092/3520/896
f 1100/3521/897 1098/3522/897 1097/3523/897 1099/3524/897
f 1103/3525/898 1101/3526/898 1102/3527/898 1104/3528/898
f 1097/3529/899 1098/3530/899 1102/3531/899 1101/3532/899
f 1100/3533/900 1099/3534/900 1103/3535/900 1104/3536/900
f 1099/3537/901 1097/3538/901 1101/3539/901 1103/3540/901
f 1104/3541/902 1102/3542/902 1098/3543/902 1100/3544/902
f 1108/3545/903 1106/3546/903 1105/3547/903 1107/3548/903
f 1111/3549/904 1109/3550/904 1110/3551/904 1112/3552/904
f 1105/3553/905 1106/3554/905 1110/3555/905 1109/3556/905
f 1108/3557/906 1107/3558/906 1111/3559/906 1112/3560/906
f 1107/3561/907 1105/3562/907 1109/3563/907 1111/3564/907
f 1112/3565/908 1110/3566/908 1106/3567/908 1108/3568/908
f 1116/3569/909 1114/3570/909 1113/3571/909 1115/3572/909
f 1119/3573/910 1117/3574/910 1118/3575/910 1120/3576/910
f 1113/3577/911 1114/3578/911 1118/3579/911 1117/3580/911
f 1116/3581/912 1115/3582/912 1119/3583/912 1120/3584/912
f 1115/3585/913 1113/3586/913 1117/3587/913 1119/3588/913
f 1120/3589/914 1118/3590/914 1114/3591/914 1116/3592/914
f 1124/3593/915 1122/3594/915 1121/3595/915 1123/3596/915
f 1127/3597/916 1125/3598/916 1126/3599/916 1128/3600/916
f 1121/3601/917 1122/3602/917 1126/3603/917 1125/3604/917
f 1124/3605/918 1123/3606/918 1127/3607/918 1128/3608/918
f 1123/3609/919 1121/3610/919 1125/3611/919 1127/3612/919
f 1128/3613/920 1126/3614/920 1122/3615/920 1124/3616/920
f 1132/3617/921 1130/3618/921 1129/3619/921 1131/3620/921
f 1135/3621/922 1133/3622/922 1134/3623/922 1136/3624/922
f 1129/3625/923 1130/3626/923 1134/3627/923 1133/3628/923
f 1132/3629/924 1131/3630/924 1135/3631/924 1136/3632/924
f 1131/3633/925 1129/3634/925 1133/3635/925 1135/3636/925
f 1136/3637/926 1134/3638/926 1130/3639/926 1132/3640/926
f 1140/3641/927 1138/3642/927 1137/3643/927 1139/3644/927
f 1143/3645/928 1141/3646/928 1142/3647/928 1144/3648/928
f 1137/3649/929 1138/3650/929 1142/3651/929 1141/3652/929
f 1140/3653/930 1139/3654/930 1143/3655/930 1144/3656/930
f 1139/3657/931 1137/3658/931 1141/3659/931 1143/3660/931
f 1144/3661/932 1142/3662/932 1138/3663/932 1140/3664/932
f 1148/3665/933 1146/3666/933 1145/3667/933 1147/3668/933
f 1151/3669/934 1149/3670/934 1150/3671/934 1152/3672/934
f 1145/3673/935 1146/3674/935 1150/3675/935 1149/3676/935
f 1148/3677/936 1147/3678/936 1151/3679/936 1152/3680/936
f 1147/3681/937 1145/3682/937 1149/3683/937 1151/3684/937
f 1152/3685/938 1150/3686/938 1146/3687/938 1148/3688/938
f 1156/3689/939 1154/3690/939 1153/3691/939 1155/3692/939
f 1159/3693/940 1157/3694/940 1158/3695/940 1160/3696/940
f 1153/3697/941 1154/3698/941 1158/3699/941 1157/3700/941
f 1156/3701/942 1155/3702/942 1159/3703/942 1160/3704/942
f 1155/3705/943 1153/3706/943 1157/3707/943 1159/3708/943
f 1160/3709/944 1158/3710/944 1154/3711/944 1156/3712/944
f 1164/3713/945 1162/3714/945 1161/3715/945 1163/3716/945
f 1167/3717/946 1165/3718/946 1166/3719/946 1168/3720/946
f 1161/3721/947 1162/3722/947 1166/3723/947 1165/3724/947
f 1164/3725/948 1163/3726/948 1167/3727/948 1168/3728/948
f 1163/3729/949 1161/3730/949 1165/3731/949 1167/3732/949
f 1168/3733/950 1166/3734/950 1162/3735/950 1164/3736/950
f 1172/3737/951 1170/3738/951 1169/3739/951 1171/3740/951
f 1175/3741/952 1173/3742/952 1174/3743/952 1176/3744/952
f 1169/3745/953 1170/3746/953 1174/3747/953 1173/3748/953
f 1172/3749/954 1171/3750/954 1175/3751/954 1176/3752/954
f 1171/3753/955 1169/3754/955 1173/3755/955 1175/3756/955
f 1176/3757/956 1174/3758/956 1170/3759/956 1172/3760/956
f 1180/3761/957 1178/3762/957 1177/3763/957 1179/3764/957
f 1183/3765/958 1181/3766/958 1182/3767/958 1184/3768/958
f 1177/3769/959 1178/3770/959 1182/3771/959 1181/3772/959
f 1180/3773/960 1179/3774/960 1183/3775/960 1184/3776/960
f 1179/3777/961 1177/3778/961 1181/3779/961 1183/3780/961
f 1184/3781/962 1182/3782/962 1178/3783/962 1180/3784/962