# Made in Blockbench 5.1.4
mtllib hp.mtl

o circle
v 0 5.578124999999999 -0.53125
v 0.01465375 5.5234375 -0.53125
v 0.04003375 5.53809125 -0.53125
v 0.0546875 5.56347125 -0.53125
v 0.0546875 5.592778749999999 -0.5312499999999996
v 0.04003375 5.618158749999999 -0.53125
v 0.01465375 5.6328125 -0.53125
v -0.01465375 5.6328125 -0.53125
v -0.04003375 5.618158749999999 -0.53125
v -0.0546875 5.592778749999999 -0.5312499999999996
v -0.0546875 5.56347125 -0.53125
v -0.04003375 5.53809125 -0.53125
v -0.01465375 5.5234375 -0.53125
v 0.016746875 5.515625 -0.5468750000000004
v 0.016746875 5.515625 -0.484375
v 0.008964375 5.544669999999999 -0.5468749999999996
v 0.008964375 5.54467 -0.484375
v 0.04575312499999999 5.532371875 -0.546875
v 0.04575312499999999 5.532371875 -0.484375
v 0.024490624999999995 5.553634374999999 -0.5468749999999996
v 0.024490624999999995 5.553634375 -0.484375
v 0.0625 5.561378124999999 -0.546875
v 0.0625 5.561378124999999 -0.48437499999999956
v 0.033455 5.569160625 -0.5468750000000004
v 0.033455 5.569160625 -0.484375
v 0.0625 5.594871874999999 -0.5468749999999996
v 0.0625 5.594871875 -0.484375
v 0.033455 5.587089375 -0.546875
v 0.033455 5.587089375 -0.48437499999999956
v 0.04575312499999999 5.623878124999999 -0.5468750000000004
v 0.04575312499999999 5.623878125 -0.484375
v 0.024490624999999995 5.602615625 -0.546875
v 0.024490624999999995 5.602615625 -0.48437499999999956
v 0.016746875 5.640625 -0.546875
v 0.016746875 5.640625 -0.484375
v 0.008964375 5.61158 -0.546875
v 0.008964375 5.61158 -0.48437499999999956
v -0.016746875 5.640625 -0.546875
v -0.016746875 5.640625 -0.484375
v -0.008964375 5.61158 -0.546875
v -0.008964375 5.61158 -0.48437499999999956
v -0.04575312499999999 5.623878124999999 -0.5468750000000004
v -0.04575312499999999 5.623878125 -0.484375
v -0.024490624999999995 5.602615625 -0.546875
v -0.024490624999999995 5.602615625 -0.48437499999999956
v -0.0625 5.594871874999999 -0.5468749999999996
v -0.0625 5.594871875 -0.484375
v -0.033455 5.587089375 -0.546875
v -0.033455 5.587089375 -0.48437499999999956
v -0.0625 5.561378124999999 -0.546875
v -0.0625 5.561378124999999 -0.48437499999999956
v -0.033455 5.569160625 -0.5468750000000004
v -0.033455 5.569160625 -0.484375
v -0.04575312499999999 5.532371875 -0.546875
v -0.04575312499999999 5.532371875 -0.484375
v -0.024490624999999995 5.553634374999999 -0.5468749999999996
v -0.024490624999999995 5.553634375 -0.484375
v -0.016746875 5.515625 -0.5468750000000004
v -0.016746875 5.515625 -0.484375
v -0.008964375 5.544669999999999 -0.5468749999999996
v -0.008964375 5.54467 -0.484375
v 0.126121875 5.328125 -0.546875
v 0.126121875 5.328125 -0.484375
v 0.118339375 5.35717 -0.5468750000000004
v 0.118339375 5.35717 -0.484375
v 0.155128125 5.344871874999999 -0.546875
v 0.155128125 5.344871874999999 -0.484375
v 0.133865625 5.366134375 -0.546875
v 0.133865625 5.366134375 -0.484375
v 0.171875 5.373878125 -0.546875
v 0.171875 5.373878125 -0.48437499999999956
v 0.14283 5.381660625 -0.5468749999999996
v 0.14283 5.381660625 -0.484375
v 0.171875 5.407371874999999 -0.5468750000000004
v 0.171875 5.407371875 -0.484375
v 0.14283 5.399589375 -0.5468749999999996
v 0.14283 5.399589375 -0.484375
v 0.155128125 5.436378125 -0.546875
v 0.155128125 5.436378125 -0.484375
v 0.133865625 5.415115625 -0.5468750000000004
v 0.133865625 5.415115625 -0.48437500000000044
v 0.126121875 5.453125 -0.546875
v 0.126121875 5.453125 -0.48437499999999956
v 0.118339375 5.42408 -0.5468750000000004
v 0.118339375 5.42408 -0.48437500000000044
v 0.092628125 5.453125 -0.546875
v 0.092628125 5.453125 -0.48437499999999956
v 0.100410625 5.42408 -0.5468750000000004
v 0.100410625 5.42408 -0.48437500000000044
v 0.063621875 5.436378125 -0.546875
v 0.063621875 5.436378125 -0.484375
v 0.084884375 5.415115625 -0.5468750000000004
v 0.084884375 5.415115625 -0.48437500000000044
v 0.046875 5.407371874999999 -0.5468750000000004
v 0.046875 5.407371875 -0.484375
v 0.07592 5.399589375 -0.5468749999999996
v 0.07592 5.399589375 -0.484375
v 0.046875 5.373878125 -0.546875
v 0.046875 5.373878125 -0.48437499999999956
v 0.07592 5.381660625 -0.5468749999999996
v 0.07592 5.381660625 -0.484375
v 0.063621875 5.344871874999999 -0.546875
v 0.063621875 5.344871874999999 -0.484375
v 0.084884375 5.366134375 -0.546875
v 0.084884375 5.366134375 -0.484375
v 0.092628125 5.328125 -0.546875
v 0.092628125 5.328125 -0.484375
v 0.100410625 5.35717 -0.5468750000000004
v 0.100410625 5.35717 -0.484375
v 0.109375 5.390625 -0.5312499999999996
v 0.12402875 5.3359375 -0.53125
v 0.14940875 5.35059125 -0.53125
v 0.1640625 5.375971249999999 -0.5312499999999996
v 0.1640625 5.405278749999999 -0.53125
v 0.14940875 5.43065875 -0.53125
v 0.12402875 5.4453125 -0.53125
v 0.09472125 5.4453125 -0.53125
v 0.06934125 5.43065875 -0.53125
v 0.0546875 5.405278749999999 -0.53125
v 0.0546875 5.375971249999999 -0.5312499999999996
v 0.06934125 5.35059125 -0.53125
v 0.09472125 5.3359375 -0.53125
v -0.092628125 5.328125 -0.546875
v -0.092628125 5.328125 -0.484375
v -0.100410625 5.35717 -0.5468750000000004
v -0.100410625 5.35717 -0.484375
v -0.063621875 5.344871874999999 -0.546875
v -0.063621875 5.344871874999999 -0.484375
v -0.084884375 5.366134375 -0.546875
v -0.084884375 5.366134375 -0.484375
v -0.046875 5.373878125 -0.546875
v -0.046875 5.373878125 -0.48437499999999956
v -0.07592 5.381660625 -0.5468749999999996
v -0.07592 5.381660625 -0.484375
v -0.046875 5.407371874999999 -0.5468750000000004
v -0.046875 5.407371875 -0.484375
v -0.07592 5.399589375 -0.5468749999999996
v -0.07592 5.399589375 -0.484375
v -0.063621875 5.436378125 -0.546875
v -0.063621875 5.436378125 -0.484375
v -0.084884375 5.415115625 -0.5468750000000004
v -0.084884375 5.415115625 -0.48437500000000044
v -0.092628125 5.453125 -0.546875
v -0.092628125 5.453125 -0.48437499999999956
v -0.100410625 5.42408 -0.5468750000000004
v -0.100410625 5.42408 -0.48437500000000044
v -0.126121875 5.453125 -0.546875
v -0.126121875 5.453125 -0.48437499999999956
v -0.118339375 5.42408 -0.5468750000000004
v -0.118339375 5.42408 -0.48437500000000044
v -0.155128125 5.436378125 -0.546875
v -0.155128125 5.436378125 -0.484375
v -0.133865625 5.415115625 -0.5468750000000004
v -0.133865625 5.415115625 -0.48437500000000044
v -0.171875 5.407371874999999 -0.5468750000000004
v -0.171875 5.407371875 -0.484375
v -0.14283 5.399589375 -0.5468749999999996
v -0.14283 5.399589375 -0.484375
v -0.171875 5.373878125 -0.546875
v -0.171875 5.373878125 -0.48437499999999956
v -0.14283 5.381660625 -0.5468749999999996
v -0.14283 5.381660625 -0.484375
v -0.155128125 5.344871874999999 -0.546875
v -0.155128125 5.344871874999999 -0.484375
v -0.133865625 5.366134375 -0.546875
v -0.133865625 5.366134375 -0.484375
v -0.126121875 5.328125 -0.546875
v -0.126121875 5.328125 -0.484375
v -0.118339375 5.35717 -0.5468750000000004
v -0.118339375 5.35717 -0.484375
v -0.109375 5.390625 -0.5312499999999996
v -0.09472125 5.3359375 -0.53125
v -0.06934125 5.35059125 -0.53125
v -0.0546875 5.375971249999999 -0.5312499999999996
v -0.0546875 5.405278749999999 -0.53125
v -0.06934125 5.43065875 -0.53125
v -0.09472125 5.4453125 -0.53125
v -0.12402875 5.4453125 -0.53125
v -0.14940875 5.43065875 -0.53125
v -0.1640625 5.405278749999999 -0.53125
v -0.1640625 5.375971249999999 -0.5312499999999996
v -0.14940875 5.35059125 -0.53125
v -0.12402875 5.3359375 -0.53125
v 0.171875 7.125 -0.4781249999999999
v 0.196995 7.21875 -0.4781249999999999
v 0.24050499999999997 7.19363 -0.47812499999999947
v 0.265625 7.15012 -0.4781249999999999
v 0.265625 7.099879999999999 -0.47812499999999947
v 0.24050499999999997 7.056369999999999 -0.4781249999999999
v 0.196995 7.03125 -0.4781249999999999
v 0.14675499999999997 7.03125 -0.4781249999999999
v 0.103245 7.056369999999999 -0.4781249999999999
v 0.078125 7.099879999999999 -0.47812499999999947
v 0.078125 7.15012 -0.4781249999999999
v 0.103245 7.19363 -0.47812499999999947
v 0.14675499999999997 7.21875 -0.4781249999999999
v 0.19908874999999998 7.2265625 -0.4375
v 0.19908874999999998 7.2265625 -0.5
v 0.19167499999999998 7.198895 -0.43749999999999956
v 0.19167499999999998 7.198894999999999 -0.5000000000000004
v 0.24622375000000002 7.19934875 -0.4374999999999991
v 0.24622375000000002 7.19934875 -0.49999999999999956
v 0.22597 7.179095 -0.4375
v 0.22597 7.179095 -0.5
v 0.2734375 7.15221375 -0.43749999999999956
v 0.2734375 7.15221375 -0.5
v 0.24577 7.1448 -0.4375
v 0.24577 7.1448 -0.5
v 0.2734375 7.09778625 -0.43749999999999956
v 0.2734375 7.09778625 -0.5000000000000004
v 0.24577 7.1052 -0.43749999999999956
v 0.24577 7.105199999999999 -0.5000000000000004
v 0.24622375000000002 7.05065125 -0.43749999999999956
v 0.24622375000000002 7.05065125 -0.5
v 0.22597 7.070905 -0.43749999999999956
v 0.22597 7.070904999999999 -0.5000000000000004
v 0.19908874999999998 7.0234375 -0.43749999999999956
v 0.19908874999999998 7.023437499999999 -0.5000000000000004
v 0.19167499999999998 7.051105 -0.4375
v 0.19167499999999998 7.051105 -0.5
v 0.14466124999999996 7.0234375 -0.43749999999999956
v 0.14466124999999996 7.023437499999999 -0.5000000000000004
v 0.152075 7.051105 -0.4375
v 0.152075 7.051105 -0.5
v 0.09752624999999998 7.05065125 -0.43749999999999956
v 0.09752624999999998 7.05065125 -0.5
v 0.11778 7.070905 -0.43749999999999956
v 0.11778 7.070904999999999 -0.5000000000000004
v 0.0703125 7.09778625 -0.43749999999999956
v 0.0703125 7.09778625 -0.5000000000000004
v 0.09798 7.1052 -0.43749999999999956
v 0.09798 7.105199999999999 -0.5000000000000004
v 0.0703125 7.15221375 -0.43749999999999956
v 0.0703125 7.15221375 -0.5
v 0.09798 7.1448 -0.4375
v 0.09798 7.1448 -0.5
v 0.09752624999999998 7.19934875 -0.4374999999999991
v 0.09752624999999998 7.19934875 -0.49999999999999956
v 0.11778 7.179095 -0.4375
v 0.11778 7.179095 -0.5
v 0.14466124999999996 7.2265625 -0.4375
v 0.14466124999999996 7.2265625 -0.5
v 0.152075 7.198895 -0.43749999999999956
v 0.152075 7.198894999999999 -0.5000000000000004
v 0.171875 6.015625 -0.4781249999999999
v 0.196995 6.109375 -0.4781249999999999
v 0.24050499999999997 6.084254999999999 -0.4781249999999999
v 0.265625 6.040744999999999 -0.4781249999999999
v 0.265625 5.990504999999999 -0.47812500000000036
v 0.24050499999999997 5.946994999999999 -0.478124999999999
v 0.196995 5.921875 -0.47812499999999947
v 0.14675499999999997 5.921875 -0.47812499999999947
v 0.103245 5.946994999999999 -0.478124999999999
v 0.078125 5.990504999999999 -0.47812500000000036
v 0.078125 6.040744999999999 -0.4781249999999999
v 0.103245 6.084254999999999 -0.4781249999999999
v 0.14675499999999997 6.109375 -0.4781249999999999
v 0.19908874999999998 6.1171875 -0.43749999999999956
v 0.19908874999999998 6.1171875 -0.5
v 0.19167499999999998 6.08952 -0.43749999999999956
v 0.19167499999999998 6.08952 -0.4999999999999991
v 0.24622375000000002 6.08997375 -0.4375
v 0.24622375000000002 6.08997375 -0.5000000000000004
v 0.22597 6.069719999999999 -0.4375
v 0.22597 6.06972 -0.5
v 0.2734375 6.042838749999999 -0.4375
v 0.2734375 6.04283875 -0.5000000000000004
v 0.24577 6.035424999999999 -0.43749999999999956
v 0.24577 6.035425 -0.5
v 0.2734375 5.9884112499999995 -0.4375
v 0.2734375 5.9884112499999995 -0.5000000000000004
v 0.24577 5.995825 -0.43749999999999956
v 0.24577 5.995825 -0.4999999999999991
v 0.24622375000000002 5.94127625 -0.4375
v 0.24622375000000002 5.94127625 -0.5
v 0.22597 5.96153 -0.4374999999999991
v 0.22597 5.96153 -0.4999999999999991
v 0.19908874999999998 5.9140625 -0.43749999999999956
v 0.19908874999999998 5.9140625 -0.4999999999999991
v 0.19167499999999998 5.94173 -0.43749999999999956
v 0.19167499999999998 5.94173 -0.5
v 0.14466124999999996 5.9140625 -0.43749999999999956
v 0.14466124999999996 5.9140625 -0.4999999999999991
v 0.152075 5.94173 -0.43749999999999956
v 0.152075 5.94173 -0.5
v 0.09752624999999998 5.94127625 -0.4375
v 0.09752624999999998 5.94127625 -0.5
v 0.11778 5.96153 -0.4374999999999991
v 0.11778 5.96153 -0.4999999999999991
v 0.0703125 5.9884112499999995 -0.4375
v 0.0703125 5.9884112499999995 -0.5000000000000004
v 0.09798 5.995825 -0.43749999999999956
v 0.09798 5.995825 -0.4999999999999991
v 0.0703125 6.042838749999999 -0.4375
v 0.0703125 6.04283875 -0.5000000000000004
v 0.09798 6.035424999999999 -0.43749999999999956
v 0.09798 6.035425 -0.5
v 0.09752624999999998 6.08997375 -0.4375
v 0.09752624999999998 6.08997375 -0.5000000000000004
v 0.11778 6.069719999999999 -0.4375
v 0.11778 6.06972 -0.5
v 0.14466124999999996 6.1171875 -0.43749999999999956
v 0.14466124999999996 6.1171875 -0.5
v 0.152075 6.08952 -0.43749999999999956
v 0.152075 6.08952 -0.4999999999999991
v 0.171875 6.8125 -0.4781249999999999
v 0.196995 6.90625 -0.47812499999999947
v 0.24050499999999997 6.88113 -0.47812499999999947
v 0.265625 6.83762 -0.4781249999999999
v 0.265625 6.787379999999999 -0.478124999999999
v 0.24050499999999997 6.743869999999999 -0.4781249999999999
v 0.196995 6.71875 -0.4781249999999999
v 0.14675499999999997 6.71875 -0.4781249999999999
v 0.103245 6.743869999999999 -0.4781249999999999
v 0.078125 6.787379999999999 -0.478124999999999
v 0.078125 6.83762 -0.4781249999999999
v 0.103245 6.88113 -0.47812499999999947
v 0.14675499999999997 6.90625 -0.47812499999999947
v 0.19908874999999998 6.9140625 -0.4375
v 0.19908874999999998 6.9140625 -0.5
v 0.19167499999999998 6.886395 -0.43749999999999956
v 0.19167499999999998 6.886394999999999 -0.5000000000000004
v 0.24622375000000002 6.88684875 -0.4374999999999991
v 0.24622375000000002 6.88684875 -0.49999999999999956
v 0.22597 6.866595 -0.43749999999999956
v 0.22597 6.866595 -0.5
v 0.2734375 6.83971375 -0.43749999999999956
v 0.2734375 6.83971375 -0.5
v 0.24577 6.8323 -0.4375
v 0.24577 6.8323 -0.5
v 0.2734375 6.78528625 -0.43749999999999956
v 0.2734375 6.78528625 -0.5000000000000004
v 0.24577 6.7927 -0.43749999999999956
v 0.24577 6.792699999999999 -0.5000000000000004
v 0.24622375000000002 6.73815125 -0.43749999999999956
v 0.24622375000000002 6.73815125 -0.5
v 0.22597 6.758405 -0.43749999999999956
v 0.22597 6.758404999999999 -0.5000000000000004
v 0.19908874999999998 6.7109375 -0.43749999999999956
v 0.19908874999999998 6.710937499999999 -0.5000000000000004
v 0.19167499999999998 6.738605 -0.4375
v 0.19167499999999998 6.738605 -0.5
v 0.14466124999999996 6.7109375 -0.43749999999999956
v 0.14466124999999996 6.710937499999999 -0.5000000000000004
v 0.152075 6.738605 -0.4375
v 0.152075 6.738605 -0.5
v 0.09752624999999998 6.73815125 -0.43749999999999956
v 0.09752624999999998 6.73815125 -0.5
v 0.11778 6.758405 -0.43749999999999956
v 0.11778 6.758404999999999 -0.5000000000000004
v 0.0703125 6.78528625 -0.43749999999999956
v 0.0703125 6.78528625 -0.5000000000000004
v 0.09798 6.7927 -0.43749999999999956
v 0.09798 6.792699999999999 -0.5000000000000004
v 0.0703125 6.83971375 -0.43749999999999956
v 0.0703125 6.83971375 -0.5
v 0.09798 6.8323 -0.4375
v 0.09798 6.8323 -0.5
v 0.09752624999999998 6.88684875 -0.4374999999999991
v 0.09752624999999998 6.88684875 -0.49999999999999956
v 0.11778 6.866595 -0.43749999999999956
v 0.11778 6.866595 -0.5
v 0.14466124999999996 6.9140625 -0.4375
v 0.14466124999999996 6.9140625 -0.5
v 0.152075 6.886395 -0.43749999999999956
v 0.152075 6.886394999999999 -0.5000000000000004
v -0.171875 6.8125 -0.4781249999999999
v -0.14675499999999997 6.90625 -0.47812499999999947
v -0.103245 6.88113 -0.47812499999999947
v -0.078125 6.83762 -0.4781249999999999
v -0.078125 6.787379999999999 -0.478124999999999
v -0.103245 6.743869999999999 -0.4781249999999999
v -0.14675499999999997 6.71875 -0.4781249999999999
v -0.196995 6.71875 -0.4781249999999999
v -0.24050499999999997 6.743869999999999 -0.4781249999999999
v -0.265625 6.787379999999999 -0.478124999999999
v -0.265625 6.83762 -0.4781249999999999
v -0.24050499999999997 6.88113 -0.47812499999999947
v -0.196995 6.90625 -0.47812499999999947
v -0.14466124999999996 6.9140625 -0.4375
v -0.14466124999999996 6.9140625 -0.5
v -0.152075 6.886395 -0.43749999999999956
v -0.152075 6.886394999999999 -0.5000000000000004
v -0.09752624999999998 6.88684875 -0.4374999999999991
v -0.09752624999999998 6.88684875 -0.49999999999999956
v -0.11778 6.866595 -0.43749999999999956
v -0.11778 6.866595 -0.5
v -0.0703125 6.83971375 -0.43749999999999956
v -0.0703125 6.83971375 -0.5
v -0.09798 6.8323 -0.4375
v -0.09798 6.8323 -0.5
v -0.0703125 6.78528625 -0.43749999999999956
v -0.0703125 6.78528625 -0.5000000000000004
v -0.09798 6.7927 -0.43749999999999956
v -0.09798 6.792699999999999 -0.5000000000000004
v -0.09752624999999998 6.73815125 -0.43749999999999956
v -0.09752624999999998 6.73815125 -0.5
v -0.11778 6.758405 -0.43749999999999956
v -0.11778 6.758404999999999 -0.5000000000000004
v -0.14466124999999996 6.7109375 -0.43749999999999956
v -0.14466124999999996 6.710937499999999 -0.5000000000000004
v -0.152075 6.738605 -0.4375
v -0.152075 6.738605 -0.5
v -0.19908874999999998 6.7109375 -0.43749999999999956
v -0.19908874999999998 6.710937499999999 -0.5000000000000004
v -0.19167499999999998 6.738605 -0.4375
v -0.19167499999999998 6.738605 -0.5
v -0.24622375000000002 6.73815125 -0.43749999999999956
v -0.24622375000000002 6.73815125 -0.5
v -0.22597 6.758405 -0.43749999999999956
v -0.22597 6.758404999999999 -0.5000000000000004
v -0.2734375 6.78528625 -0.43749999999999956
v -0.2734375 6.78528625 -0.5000000000000004
v -0.24577 6.7927 -0.43749999999999956
v -0.24577 6.792699999999999 -0.5000000000000004
v -0.2734375 6.83971375 -0.43749999999999956
v -0.2734375 6.83971375 -0.5
v -0.24577 6.8323 -0.4375
v -0.24577 6.8323 -0.5
v -0.24622375000000002 6.88684875 -0.4374999999999991
v -0.24622375000000002 6.88684875 -0.49999999999999956
v -0.22597 6.866595 -0.43749999999999956
v -0.22597 6.866595 -0.5
v -0.19908874999999998 6.9140625 -0.4375
v -0.19908874999999998 6.9140625 -0.5
v -0.19167499999999998 6.886395 -0.43749999999999956
v -0.19167499999999998 6.886394999999999 -0.5000000000000004
v 0.33125 7.153124999999999 -0.43749999999999956
v 0.33125 7.153124999999999 -0.5000000000000004
v 0.3 7.153124999999999 -0.43749999999999956
v 0.3 7.153124999999999 -0.5000000000000004
v 0.234375 7.262499999999999 -0.4374999999999991
v 0.234375 7.262500000000001 -0.8124999999999996
v 0.234375 7.231250000000001 -0.43749999999999956
v 0.234375 7.23125 -0.8125000000000004
v 0.043083750000000004 7.153124999999999 -0.43749999999999956
v 0.043083750000000004 7.153124999999999 -0.5000000000000004
v 0.01183375 7.153124999999999 -0.43749999999999956
v 0.01183375 7.153124999999999 -0.5000000000000004
v 0.109375 7.231250000000001 -0.43749999999999956
v 0.109375 7.23125 -0.8125000000000004
v 0.109375 7.262499999999999 -0.4374999999999991
v 0.109375 7.262500000000001 -0.8124999999999996
v 0.33125 6.840624999999999 -0.43749999999999956
v 0.33125 6.840624999999999 -0.5000000000000004
v 0.3 6.840624999999999 -0.43749999999999956
v 0.3 6.840624999999999 -0.5000000000000004
v 0.234375 6.95 -0.4374999999999991
v 0.234375 6.949999999999999 -0.8124999999999996
v 0.234375 6.918750000000001 -0.43749999999999956
v 0.234375 6.91875 -0.8125000000000004
v 0.043083750000000004 6.840624999999999 -0.43749999999999956
v 0.043083750000000004 6.840624999999999 -0.5000000000000004
v 0.01183375 6.840624999999999 -0.43749999999999956
v 0.01183375 6.840624999999999 -0.5000000000000004
v 0.109375 6.918750000000001 -0.43749999999999956
v 0.109375 6.91875 -0.8125000000000004
v 0.109375 6.95 -0.4374999999999991
v 0.109375 6.949999999999999 -0.8124999999999996
v -0.0125 6.840624999999999 -0.43749999999999956
v -0.0125 6.840624999999999 -0.5000000000000004
v -0.04375 6.840624999999999 -0.43749999999999956
v -0.04375 6.840624999999999 -0.5000000000000004
v -0.109375 6.95 -0.4374999999999991
v -0.109375 6.949999999999999 -0.8124999999999996
v -0.109375 6.918750000000001 -0.43749999999999956
v -0.109375 6.91875 -0.8125000000000004
v -0.30066625 6.840624999999999 -0.43749999999999956
v -0.30066625 6.840624999999999 -0.5000000000000004
v -0.33191625 6.840624999999999 -0.43749999999999956
v -0.33191625 6.840624999999999 -0.5000000000000004
v -0.234375 6.918750000000001 -0.43749999999999956
v -0.234375 6.91875 -0.8125000000000004
v -0.234375 6.95 -0.4374999999999991
v -0.234375 6.949999999999999 -0.8124999999999996
v 0.33125 6.043749999999999 -0.4375
v 0.33125 6.043749999999999 -0.5000000000000004
v 0.3 6.043749999999999 -0.4375
v 0.3 6.043749999999999 -0.5000000000000004
v 0.234375 6.153125000000001 -0.43749999999999956
v 0.234375 6.153125 -0.8125000000000004
v 0.234375 6.121875000000001 -0.43749999999999956
v 0.234375 6.121875 -0.8125
v 0.043083750000000004 6.043749999999999 -0.4375
v 0.043083750000000004 6.043749999999999 -0.5000000000000004
v 0.01183375 6.043749999999999 -0.4375
v 0.01183375 6.043749999999999 -0.5000000000000004
v 0.109375 6.121875000000001 -0.43749999999999956
v 0.109375 6.121875 -0.8125
v 0.109375 6.153125000000001 -0.43749999999999956
v 0.109375 6.153125 -0.8125000000000004
v 0.171875 6.265625 -0.46875
v 0.18652875 6.2109375 -0.4687499999999991
v 0.21190875 6.22559125 -0.46875
v 0.2265625 6.25097125 -0.46875
v 0.2265625 6.28027875 -0.4687499999999991
v 0.21190875 6.30565875 -0.4687499999999991
v 0.18652875 6.3203125 -0.46875
v 0.15722125 6.3203125 -0.46875
v 0.13184125 6.30565875 -0.4687499999999991
v 0.1171875 6.28027875 -0.4687499999999991
v 0.1171875 6.25097125 -0.46875
v 0.13184125 6.22559125 -0.46875
v 0.15722125 6.2109375 -0.4687499999999991
v 0.188621875 6.203125 -0.4843749999999991
v 0.188621875 6.203125 -0.4218749999999991
v 0.180839375 6.23217 -0.4843749999999991
v 0.180839375 6.23217 -0.4218749999999991
v 0.217628125 6.219871875 -0.484375
v 0.217628125 6.219871874999999 -0.42187500000000044
v 0.196365625 6.241134375 -0.4843749999999991
v 0.196365625 6.241134375 -0.4218749999999991
v 0.234375 6.248878125 -0.484375
v 0.234375 6.248878125 -0.4218749999999991
v 0.20533 6.256660625 -0.484375
v 0.20533 6.256660624999999 -0.421875
v 0.234375 6.282371874999999 -0.484375
v 0.234375 6.282371874999999 -0.42187499999999956
v 0.20533 6.274589375 -0.484375
v 0.20533 6.274589374999999 -0.421875
v 0.217628125 6.311378125 -0.4843749999999991
v 0.217628125 6.311378124999999 -0.4218749999999991
v 0.196365625 6.290115625 -0.484375
v 0.196365625 6.290115624999999 -0.42187500000000044
v 0.188621875 6.328125 -0.484375
v 0.188621875 6.328124999999999 -0.42187500000000044
v 0.180839375 6.29908 -0.484375
v 0.180839375 6.299079999999999 -0.421875
v 0.155128125 6.328125 -0.484375
v 0.155128125 6.328124999999999 -0.42187500000000044
v 0.162910625 6.29908 -0.484375
v 0.162910625 6.299079999999999 -0.421875
v 0.126121875 6.311378125 -0.4843749999999991
v 0.126121875 6.311378124999999 -0.4218749999999991
v 0.147384375 6.290115625 -0.484375
v 0.147384375 6.290115624999999 -0.42187500000000044
v 0.109375 6.282371874999999 -0.484375
v 0.109375 6.282371874999999 -0.42187499999999956
v 0.13842 6.274589375 -0.484375
v 0.13842 6.274589374999999 -0.421875
v 0.109375 6.248878125 -0.484375
v 0.109375 6.248878125 -0.4218749999999991
v 0.13842 6.256660625 -0.484375
v 0.13842 6.256660624999999 -0.421875
v 0.126121875 6.219871875 -0.484375
v 0.126121875 6.219871874999999 -0.42187500000000044
v 0.147384375 6.241134375 -0.4843749999999991
v 0.147384375 6.241134375 -0.4218749999999991
v 0.155128125 6.203125 -0.4843749999999991
v 0.155128125 6.203125 -0.4218749999999991
v 0.162910625 6.23217 -0.4843749999999991
v 0.162910625 6.23217 -0.4218749999999991
v -0.171875 6.578125 -0.46875
v -0.15722125 6.5234375 -0.4687499999999991
v -0.13184125 6.53809125 -0.46875
v -0.1171875 6.56347125 -0.46875
v -0.1171875 6.592778749999999 -0.46875
v -0.13184125 6.61815875 -0.4687499999999991
v -0.15722125 6.6328125 -0.46875
v -0.18652875 6.6328125 -0.46875
v -0.21190875 6.61815875 -0.4687499999999991
v -0.2265625 6.592778749999999 -0.46875
v -0.2265625 6.56347125 -0.46875
v -0.21190875 6.53809125 -0.46875
v -0.18652875 6.5234375 -0.4687499999999991
v -0.155128125 6.515625 -0.48437499999999956
v -0.155128125 6.515625 -0.4218749999999991
v -0.162910625 6.54467 -0.4843749999999991
v -0.162910625 6.54467 -0.4218749999999991
v -0.126121875 6.532371875 -0.484375
v -0.126121875 6.532371875 -0.42187499999999956
v -0.147384375 6.553634375 -0.4843749999999991
v -0.147384375 6.553634375 -0.4218749999999991
v -0.109375 6.561378125 -0.484375
v -0.109375 6.561378125 -0.4218749999999991
v -0.13842 6.569160625 -0.484375
v -0.13842 6.569160625 -0.42187499999999956
v -0.109375 6.594871874999999 -0.484375
v -0.109375 6.594871874999999 -0.42187499999999956
v -0.13842 6.587089375 -0.484375
v -0.13842 6.587089375 -0.42187499999999956
v -0.126121875 6.623878125 -0.4843749999999991
v -0.126121875 6.623878124999999 -0.4218749999999991
v -0.147384375 6.602615625 -0.484375
v -0.147384375 6.602615625 -0.42187499999999956
v -0.155128125 6.640625 -0.484375
v -0.155128125 6.640625 -0.42187499999999956
v -0.162910625 6.61158 -0.484375
v -0.162910625 6.61158 -0.42187499999999956
v -0.188621875 6.640625 -0.484375
v -0.188621875 6.640625 -0.42187499999999956
v -0.180839375 6.61158 -0.484375
v -0.180839375 6.61158 -0.42187499999999956
v -0.217628125 6.623878125 -0.4843749999999991
v -0.217628125 6.623878124999999 -0.4218749999999991
v -0.196365625 6.602615625 -0.484375
v -0.196365625 6.602615625 -0.42187499999999956
v -0.234375 6.594871874999999 -0.484375
v -0.234375 6.594871874999999 -0.42187499999999956
v -0.20533 6.587089375 -0.484375
v -0.20533 6.587089375 -0.42187499999999956
v -0.234375 6.561378125 -0.484375
v -0.234375 6.561378125 -0.4218749999999991
v -0.20533 6.569160625 -0.484375
v -0.20533 6.569160625 -0.42187499999999956
v -0.217628125 6.532371875 -0.484375
v -0.217628125 6.532371875 -0.42187499999999956
v -0.196365625 6.553634375 -0.4843749999999991
v -0.196365625 6.553634375 -0.4218749999999991
v -0.188621875 6.515625 -0.48437499999999956
v -0.188621875 6.515625 -0.4218749999999991
v -0.180839375 6.54467 -0.4843749999999991
v -0.180839375 6.54467 -0.4218749999999991
v 0.09375 2.125 -0.125
v 0.09375 2.125 -0.25
v 0.09375 1.0625 -0.12500000000000022
v 0.09375 1.0625 -0.2500000000000002
v -0.09375 2.125 -0.125
v -0.09375 2.125 -0.25
v -0.09375 1.0625 -0.12500000000000022
v -0.09375 1.0625 -0.2500000000000002
v 0.09375 2.125 0.2499999999999999
v 0.09375 2.125 0.12499999999999956
v 0.09375 1.125 0.24999999999999972
v 0.09375 1.125 0.12499999999999978
v -0.09375 2.125 0.2499999999999999
v -0.09375 2.125 0.12499999999999956
v -0.09375 1.125 0.24999999999999972
v -0.09375 1.125 0.12499999999999978
v 0.06875 1.7499999999999998 0.12499999999999978
v 0.06875 1.75 -0.12500000000000033
v 0.06875 1.6875 0.12499999999999978
v 0.06875 1.6875 -0.12500000000000033
v -0.05625 1.7499999999999998 0.12499999999999978
v -0.05625 1.75 -0.12500000000000033
v -0.05625 1.6875 0.12499999999999978
v -0.05625 1.6875 -0.12500000000000033
v 0.06875 1.25 0.12499999999999989
v 0.06875 1.25 -0.12500000000000022
v 0.06875 1.1875 0.12499999999999978
v 0.06875 1.1875 -0.12500000000000022
v -0.05625 1.25 0.12499999999999989
v -0.05625 1.25 -0.12500000000000022
v -0.05625 1.1875 0.12499999999999978
v -0.05625 1.1875 -0.12500000000000022
v 0.06875 2.75 0.12499999999999956
v 0.06875 2.75 -0.12500000000000022
v 0.06875 2.6875 0.125
v 0.06875 2.6875 -0.12500000000000022
v -0.05625 2.75 0.12499999999999956
v -0.05625 2.75 -0.12500000000000022
v -0.05625 2.6875 0.125
v -0.05625 2.6875 -0.12500000000000022
v 0.06875 2.25 0.12499999999999978
v 0.06875 2.25 -0.125
v 0.06875 2.1875 0.12499999999999978
v 0.06875 2.1875 -0.125
v -0.05625 2.25 0.12499999999999978
v -0.05625 2.25 -0.125
v -0.05625 2.1875 0.12499999999999978
v -0.05625 2.1875 -0.125
v 0.09375 3.125 -0.12500000000000022
v 0.09375 3.1249999999999996 -0.2500000000000002
v -0.09375 3.125 -0.12500000000000022
v -0.09375 3.1249999999999996 -0.2500000000000002
v 0.09375 3.125 0.24999999999999956
v 0.09375 3.125 0.12499999999999978
v -0.09375 3.125 0.24999999999999956
v -0.09375 3.125 0.12499999999999978
v 0.09375 4.125 -0.125
v 0.09375 4.125 -0.2500000000000002
v -0.09375 4.125 -0.125
v -0.09375 4.125 -0.2500000000000002
v 0.09375 4.125 0.2500000000000002
v 0.09375 4.125 0.12499999999999956
v -0.09375 4.125 0.2500000000000002
v -0.09375 4.125 0.12499999999999956
v 0.06875 3.75 0.12499999999999978
v 0.06875 3.75 -0.12500000000000022
v 0.06875 3.6875 0.12499999999999978
v 0.06875 3.6875 -0.12500000000000044
v -0.05625 3.75 0.12499999999999978
v -0.05625 3.75 -0.12500000000000022
v -0.05625 3.6875 0.12499999999999978
v -0.05625 3.6875 -0.12500000000000044
v 0.06875 3.25 0.12499999999999978
v 0.06875 3.25 -0.12500000000000022
v 0.06875 3.1875 0.125
v 0.06875 3.1875 -0.125
v -0.05625 3.25 0.12499999999999978
v -0.05625 3.25 -0.12500000000000022
v -0.05625 3.1875 0.125
v -0.05625 3.1875 -0.125
v 0.09375 5.1875 -0.125
v 0.09375 5.1875 -0.24999999999999956
v -0.09375 5.1875 -0.125
v -0.09375 5.1875 -0.24999999999999956
v 0.09375 5.1875 0.25
v 0.09375 5.1875 0.125
v -0.09375 5.1875 0.25
v -0.09375 5.1875 0.125
v 0.06875 4.75 0.12499999999999956
v 0.06875 4.75 -0.12499999999999956
v 0.06875 4.6875 0.12499999999999956
v 0.06875 4.6875 -0.125
v -0.05625 4.75 0.12499999999999956
v -0.05625 4.75 -0.12499999999999956
v -0.05625 4.6875 0.12499999999999956
v -0.05625 4.6875 -0.125
v 0.06875 4.25 0.125
v 0.06875 4.25 -0.125
v 0.06875 4.1875 0.125
v 0.06875 4.1875 -0.125
v -0.05625 4.25 0.125
v -0.05625 4.25 -0.125
v -0.05625 4.1875 0.125
v -0.05625 4.1875 -0.125
v 0.09375 5.75 -0.12499999999999956
v 0.09375 5.75 -0.24999999999999956
v -0.09375 5.75 -0.12499999999999956
v -0.09375 5.75 -0.24999999999999956
v 0.09375 5.75 0.25
v 0.09375 5.75 0.1250000000000009
v -0.09375 5.75 0.25
v -0.09375 5.75 0.1250000000000009
v 0.06875 5.3125 0.12500000000000044
v 0.06875 5.3125 -0.125
v 0.06875 5.25 0.125
v 0.06875 5.25 -0.125
v -0.05625 5.3125 0.12500000000000044
v -0.05625 5.3125 -0.125
v -0.05625 5.25 0.125
v -0.05625 5.25 -0.125
v 0.375 0.25000000000000017 0.37499999999999967
v 0.375 0.25000000000000006 -0.37500000000000033
v 0.375 -0.1874999999999998 0.37499999999999956
v 0.375 -0.18749999999999994 -0.37500000000000033
v -0.375 0.25000000000000017 0.37499999999999967
v -0.375 0.25000000000000006 -0.37500000000000033
v -0.375 -0.1874999999999998 0.37499999999999956
v -0.375 -0.18749999999999994 -0.37500000000000033
v 0.3125 0.31250000000000017 0.31249999999999967
v 0.3125 0.31250000000000006 -0.3125000000000003
v 0.3125 0.2500000000000002 0.3124999999999997
v 0.3125 0.25000000000000006 -0.31250000000000033
v -0.3125 0.31250000000000017 0.31249999999999967
v -0.3125 0.31250000000000006 -0.3125000000000003
v -0.3125 0.2500000000000002 0.3124999999999997
v -0.3125 0.25000000000000006 -0.31250000000000033
v 0.08173650111207942 1.1151901117674292 -0.1281250000000002
v 0.08173650111207942 1.1151901117674292 -0.24687500000000034
v 0.34055554621460016 0.14926428547836154 -0.1281250000000003
v 0.34055554621460016 0.1492642854783615 -0.2468750000000003
v -0.0993745913171209 1.0666615408107072 -0.1281250000000002
v -0.0993745913171209 1.0666615408107072 -0.24687500000000034
v 0.15944445378539984 0.10073571452163863 -0.1281250000000003
v 0.15944445378539984 0.10073571452163861 -0.2468750000000003
v 0.0993745913171209 1.0666615408107072 -0.13125000000000026
v 0.0993745913171209 1.0666615408107072 -0.2437500000000002
v -0.15944445378539984 0.10073571452163864 -0.1312500000000003
v -0.15944445378539984 0.10073571452163861 -0.2437500000000003
v -0.08173650111207942 1.1151901117674292 -0.13125000000000026
v -0.08173650111207942 1.1151901117674292 -0.2437500000000002
v -0.34055554621460016 0.14926428547836157 -0.1312500000000003
v -0.34055554621460016 0.1492642854783615 -0.2437500000000003
v 0.08173650111207942 1.1151901117674292 0.2468749999999998
v 0.08173650111207942 1.1151901117674292 0.12812499999999977
v 0.34055554621460016 0.1492642854783616 0.24687499999999968
v 0.34055554621460016 0.1492642854783616 0.1281249999999997
v -0.0993745913171209 1.0666615408107072 0.2468749999999998
v -0.0993745913171209 1.0666615408107072 0.12812499999999977
v 0.15944445378539984 0.10073571452163871 0.24687499999999973
v 0.15944445378539984 0.10073571452163868 0.1281249999999997
v 0.0993745913171209 1.0666615408107072 0.2437499999999997
v 0.0993745913171209 1.0666615408107072 0.1312499999999998
v -0.15944445378539984 0.10073571452163867 0.24374999999999963
v -0.15944445378539984 0.1007357145216387 0.13124999999999962
v -0.08173650111207942 1.1151901117674292 0.2437499999999997
v -0.08173650111207942 1.1151901117674292 0.1312499999999997
v -0.34055554621460016 0.1492642854783616 0.24374999999999963
v -0.34055554621460016 0.1492642854783616 0.1312499999999996
v 0.3125 1.375 0.49999999999999967
v 0.3125 1.375 0.06249999999999967
v 0.3125 0.5000000000000002 0.49999999999999967
v 0.3125 0.5000000000000001 0.06249999999999972
v -0.3125 1.375 0.49999999999999967
v -0.3125 1.375 0.06249999999999967
v -0.3125 0.5000000000000002 0.49999999999999967
v -0.3125 0.5000000000000001 0.06249999999999972
v 0.09375 3.25 -0.2500000000000002
v 0.09375 3.25 -0.3124999999999998
v 0.09375 1.4374999999999998 -0.25
v 0.09375 1.4375 -0.3125000000000002
v -0.09375 3.25 -0.2500000000000002
v -0.09375 3.25 -0.3124999999999998
v -0.09375 1.4374999999999998 -0.25
v -0.09375 1.4375 -0.3125000000000002
v 0.109375 5.078124999999999 -0.24999999999999956
v 0.109375 5.078125 -0.28125
v 0.109375 4.828125 -0.25000000000000044
v 0.109375 4.828125 -0.28124999999999956
v -0.109375 5.078124999999999 -0.24999999999999956
v -0.109375 5.078125 -0.28125
v -0.109375 4.828125 -0.25000000000000044
v -0.109375 4.828125 -0.28124999999999956
v 0.375 7.25 -0.37500000000000044
v 0.375 7.25 -0.4375
v 0.375 6.375 -0.375
v 0.375 6.375 -0.4374999999999991
v -0.375 7.25 -0.37500000000000044
v -0.375 7.25 -0.4375
v -0.375 6.375 -0.375
v -0.375 6.375 -0.4374999999999991
v 0.375 5.8125 -0.37500000000000044
v 0.375 5.812499999999999 -0.43749999999999956
v -0.375 5.8125 -0.37500000000000044
v -0.375 5.812499999999999 -0.43749999999999956
v 0.25 7.375 -0.37500000000000044
v 0.25 7.375 -0.4375
v 0.25 7.25 -0.37500000000000044
v 0.25 7.25 -0.4375
v -0.25 7.375 -0.37500000000000044
v -0.25 7.375 -0.4375
v -0.25 7.25 -0.37500000000000044
v -0.25 7.25 -0.4375
v 0.37499973721942326 7.249999809560398 -0.36875000000000036
v 0.37499973721942326 7.249999809560398 -0.43124999999999947
v 0.28661138957110477 7.161611461912079 -0.36875000000000036
v 0.28661138957110477 7.16161146191208 -0.43124999999999947
v 0.25000005209169496 7.374999494688126 -0.36875000000000036
v 0.25000005209169496 7.374999494688126 -0.43124999999999947
v 0.16161170444337647 7.2866111470398085 -0.3687499999999999
v 0.16161170444337647 7.2866111470398085 -0.431249999999999
v -0.2499998095603982 7.374999737219422 -0.36875000000000036
v -0.2499998095603982 7.374999737219422 -0.43124999999999947
v -0.16161146191207965 7.286611389571105 -0.36875000000000036
v -0.16161146191207965 7.286611389571105 -0.43124999999999947
v -0.37499993662986486 7.249999610149956 -0.3687499999999999
v -0.37499993662986486 7.249999610149956 -0.43124999999999947
v -0.2866115889815464 7.161611262501639 -0.36874999999999947
v -0.2866115889815464 7.161611262501639 -0.4312499999999986
v 0.265625 6.90625 -0.24999999999999956
v 0.265625 6.90625 -0.37500000000000044
v 0.265625 6.71875 -0.24999999999999956
v 0.265625 6.71875 -0.37500000000000044
v 0.078125 6.90625 -0.24999999999999956
v 0.078125 6.90625 -0.37500000000000044
v 0.078125 6.71875 -0.24999999999999956
v 0.078125 6.71875 -0.37500000000000044
v 0.234375 6.328125 -0.25000000000000044
v 0.234375 6.328125 -0.37500000000000044
v 0.234375 6.203125 -0.25
v 0.234375 6.203125 -0.375
v 0.109375 6.328125 -0.25000000000000044
v 0.109375 6.328125 -0.37500000000000044
v 0.109375 6.203125 -0.25
v 0.109375 6.203125 -0.375
v -0.109375 6.640625 -0.2500000000000009
v -0.109375 6.640625 -0.37500000000000044
v -0.109375 6.515625 -0.25
v -0.109375 6.515625 -0.375
v -0.234375 6.640625 -0.2500000000000009
v -0.234375 6.640625 -0.37500000000000044
v -0.234375 6.515625 -0.25
v -0.234375 6.515625 -0.375
v -0.078125 6.90625 -0.24999999999999956
v -0.078125 6.90625 -0.37500000000000044
v -0.078125 6.71875 -0.24999999999999956
v -0.078125 6.71875 -0.37500000000000044
v -0.265625 6.90625 -0.24999999999999956
v -0.265625 6.90625 -0.37500000000000044
v -0.265625 6.71875 -0.24999999999999956
v -0.265625 6.71875 -0.37500000000000044
v 0.3125 7.3125 -0.3125
v 0.3125 7.312499999999999 -0.37500000000000044
v 0.3125 7.25 -0.3125
v 0.3125 7.25 -0.37500000000000044
v -0.3125 7.3125 -0.3125
v -0.3125 7.312499999999999 -0.37500000000000044
v -0.3125 7.25 -0.3125
v -0.3125 7.25 -0.37500000000000044
v 0.1875 6.8125 -0.3125
v 0.1875 6.8125 -0.37500000000000044
v 0.1875 6.75 -0.3125
v 0.1875 6.75 -0.37500000000000044
v -0.1875 6.8125 -0.3125
v -0.1875 6.8125 -0.37500000000000044
v -0.1875 6.75 -0.3125
v -0.1875 6.75 -0.37500000000000044
v 0.16506912035787763 6.729979674479157 -0.3125
v 0.16506912035787763 6.729979674479157 -0.37500000000000044
v 0.10297087937809093 6.737054875339652 -0.3124999999999991
v 0.10297087937809093 6.737054875339652 -0.375
v 0.20752032552084265 7.102569120357877 -0.3125
v 0.20752032552084265 7.102569120357877 -0.37500000000000044
v 0.14542208454105593 7.109644321218372 -0.3125
v 0.14542208454105593 7.109644321218372 -0.37500000000000044
v -0.14743087964212237 6.542479674479157 -0.3125
v -0.14743087964212237 6.542479674479157 -0.375
v -0.20952912062190904 6.549554875339652 -0.3125
v -0.20952912062190904 6.549554875339652 -0.37500000000000044
v -0.11382367555477507 6.837446319133144 -0.3124999999999991
v -0.11382367555477507 6.837446319133143 -0.375
v -0.17592191653456177 6.844521519993638 -0.3125
v -0.17592191653456177 6.844521519993638 -0.37500000000000044
v 0.1753334819723345 6.812916403057937 -0.31249999999999956
v 0.1753334819723345 6.812916403057937 -0.37500000000000044
v 0.20804802249633647 6.063630236871543 -0.31249999999999956
v 0.20804802249633647 6.063630236871543 -0.37500000000000044
v 0.11289296812346838 6.810190191347604 -0.3125
v 0.11289296812346838 6.810190191347604 -0.37500000000000044
v 0.14560750864747035 6.060904025161211 -0.3125
v 0.14560750864747035 6.060904025161211 -0.37500000000000044
v 0.3125 5.38125 -0.3687499999999999
v 0.3125 5.38125 -0.4312499999999999
v 0.3125 5.31875 -0.3687499999999999
v 0.3125 5.31875 -0.4312499999999999
v -0.3125 5.38125 -0.3687499999999999
v -0.3125 5.38125 -0.4312499999999999
v -0.3125 5.31875 -0.3687499999999999
v -0.3125 5.31875 -0.4312499999999999
v 0.265625 7.203125 -0.24999999999999956
v 0.265625 7.203125 -0.37500000000000044
v 0.265625 7.015624999999999 -0.24999999999999956
v 0.265625 7.015625 -0.37500000000000044
v 0.078125 7.203125 -0.24999999999999956
v 0.078125 7.203125 -0.37500000000000044
v 0.078125 7.015624999999999 -0.24999999999999956
v 0.078125 7.015625 -0.37500000000000044
v 0.265625 6.109375 -0.25000000000000044
v 0.265625 6.109375 -0.37500000000000044
v 0.265625 5.921875 -0.25
v 0.265625 5.921875 -0.375
v 0.078125 6.109375 -0.25000000000000044
v 0.078125 6.109375 -0.37500000000000044
v 0.078125 5.921875 -0.25
v 0.078125 5.921875 -0.375
v 0.375 5.8125 0.5
v 0.375 5.75 0.5000000000000004
v 0.375 5.75 -0.375
v -0.375 5.8125 0.5
v -0.375 5.75 0.5000000000000004
v -0.375 5.75 -0.375
v 0.21875 6.625 0.5
v 0.21875 6.625 0.4375
v 0.21875 5.8125 0.5
v 0.21875 5.8125 0.4375
v 0.15625 6.625 0.5
v 0.15625 6.625 0.4375
v 0.15625 5.8125 0.5
v 0.15625 5.8125 0.4375
v -0.15625 6.625 0.5
v -0.15625 6.625 0.4375
v -0.15625 5.8125 0.5
v -0.15625 5.8125 0.4375
v -0.21875 6.625 0.5
v -0.21875 6.625 0.4375
v -0.21875 5.8125 0.5
v -0.21875 5.8125 0.4375
v -0.3125 6.6875 0.5000000000000009
v -0.3125 6.6875 -0.10937499999999911
v -0.3125 6.625 0.5
v -0.3125 6.625 -0.10937499999999956
v -0.375 6.6875 0.5000000000000009
v -0.375 6.6875 -0.10937499999999911
v -0.375 6.625 0.5
v -0.375 6.625 -0.10937499999999956
v 0.375 6.6875 0.5000000000000009
v 0.375 6.6875 -0.10937499999999911
v 0.375 6.625 0.5
v 0.375 6.625 -0.10937499999999956
v 0.3125 6.6875 0.5000000000000009
v 0.3125 6.6875 -0.10937499999999911
v 0.3125 6.625 0.5
v 0.3125 6.625 -0.10937499999999956
v 0.3125 6.6875 0.43750000000000044
v 0.3125 6.625 0.4375
v -0.3125 6.6875 0.43750000000000044
v -0.3125 6.625 0.4375
v 0.3125 5.75 0.31250000000000044
v 0.3125 5.75 -0.3124999999999991
v 0.3125 5.6875 0.3125
v 0.3125 5.6875 -0.3125
v -0.3125 5.75 0.31250000000000044
v -0.3125 5.75 -0.3124999999999991
v -0.3125 5.6875 0.3125
v -0.3125 5.6875 -0.3125
v 0.375 5.3125 -0.375
v 0.375 5.3125 -0.43749999999999956
v 0.3125 5.8125 -0.37500000000000044
v 0.3125 5.812499999999999 -0.43749999999999956
v 0.3125 5.3125 -0.375
v 0.3125 5.3125 -0.43749999999999956
v -0.3125 5.8125 -0.37500000000000044
v -0.3125 5.812499999999999 -0.43749999999999956
v -0.3125 5.3125 -0.375
v -0.3125 5.3125 -0.43749999999999956
v -0.375 5.3125 -0.375
v -0.375 5.3125 -0.43749999999999956
v 0.125 5.375 -0.24999999999999956
v 0.125 5.375 -0.37499999999999956
v 0.125 5.3125 -0.24999999999999956
v 0.125 5.3125 -0.375
v -0.125 5.375 -0.24999999999999956
v -0.125 5.375 -0.37499999999999956
v -0.125 5.3125 -0.24999999999999956
v -0.125 5.3125 -0.375
v 0.203125 5.6875 -0.375
v 0.203125 5.6875 -0.5
v 0.203125 5.3125 -0.375
v 0.203125 5.3125 -0.5
v -0.203125 5.6875 -0.375
v -0.203125 5.6875 -0.5
v -0.203125 5.3125 -0.375
v -0.203125 5.3125 -0.5
v 0.046875 5.65625 -0.5
v 0.046875 5.65625 -0.6875000000000004
v 0.046875 5.625 -0.5
v 0.046875 5.625 -0.6875
v -0.046875 5.65625 -0.5
v -0.046875 5.65625 -0.6875000000000004
v -0.046875 5.625 -0.5
v -0.046875 5.625 -0.6875
v -0.049084708691207846 5.653098056339525 -0.625
v -0.02698762177912823 5.631000969427447 -0.49999999999999956
v -0.02698762177912823 5.631000969427447 -0.6250000000000009
v -0.08223033905932725 5.619952425971407 -0.49999999999999956
v -0.08223033905932725 5.619952425971406 -0.6249999999999996
v -0.06013325214724764 5.597855339059327 -0.5
v -0.06013325214724764 5.597855339059327 -0.6249999999999996
v 0.08412596942744667 5.618056795603287 -0.5
v 0.08412596942744667 5.618056795603287 -0.6250000000000004
v 0.06202888251536706 5.595959708691208 -0.5
v 0.06202888251536706 5.595959708691208 -0.625
v 0.05098033905932725 5.651202425971407 -0.5
v 0.05098033905932725 5.651202425971407 -0.6249999999999996
v 0.028883252147247643 5.629105339059327 -0.5
v 0.028883252147247643 5.629105339059327 -0.6250000000000004
v 0.15625 5.46875 -0.5
v 0.15625 5.46875 -0.6875
v 0.15625 5.4375 -0.5000000000000004
v 0.15625 5.4375 -0.6875
v 0.0625 5.46875 -0.5
v 0.0625 5.46875 -0.6875
v 0.0625 5.4375 -0.5000000000000004
v 0.0625 5.4375 -0.6875
v 0.060290291308792154 5.465598056339525 -0.6250000000000004
v 0.08238737822087178 5.443500969427447 -0.5
v 0.08238737822087178 5.443500969427447 -0.625
v 0.027144660940672742 5.432452425971407 -0.5000000000000004
v 0.027144660940672742 5.432452425971407 -0.6250000000000004
v 0.04924174785275236 5.410355339059327 -0.5000000000000004
v 0.04924174785275236 5.410355339059327 -0.6250000000000004
v 0.19350096942744666 5.430556795603287 -0.5
v 0.19350096942744666 5.430556795603287 -0.6249999999999996
v 0.17140388251536706 5.408459708691208 -0.5
v 0.17140388251536706 5.408459708691208 -0.6250000000000004
v 0.16035533905932725 5.463702425971407 -0.49999999999999956
v 0.16035533905932725 5.463702425971406 -0.6249999999999996
v 0.13825825214724763 5.441605339059327 -0.5
v 0.13825825214724763 5.441605339059327 -0.6249999999999996
v -0.0625 5.46875 -0.5
v -0.0625 5.46875 -0.6875
v -0.0625 5.4375 -0.5000000000000004
v -0.0625 5.4375 -0.6875
v -0.15625 5.46875 -0.5
v -0.15625 5.46875 -0.6875
v -0.15625 5.4375 -0.5000000000000004
v -0.15625 5.4375 -0.6875
v -0.15845970869120785 5.465598056339525 -0.6250000000000004
v -0.13636262177912822 5.443500969427447 -0.5
v -0.13636262177912822 5.443500969427447 -0.625
v -0.19160533905932725 5.432452425971407 -0.5000000000000004
v -0.19160533905932725 5.432452425971407 -0.6250000000000004
v -0.16950825214724763 5.410355339059327 -0.5000000000000004
v -0.16950825214724763 5.410355339059327 -0.6250000000000004
v -0.02524903057255333 5.430556795603287 -0.5
v -0.02524903057255333 5.430556795603287 -0.6249999999999996
v -0.04734611748463294 5.408459708691208 -0.5
v -0.04734611748463294 5.408459708691208 -0.6250000000000004
v -0.05839466094067275 5.463702425971407 -0.49999999999999956
v -0.05839466094067275 5.463702425971406 -0.6249999999999996
v -0.08049174785275236 5.441605339059327 -0.5
v -0.08049174785275236 5.441605339059327 -0.6249999999999996
v 0.04308375 7.089514375 -0.43749999999999956
v 0.04308375 7.089514375 -0.5
v 0.011833750000000004 7.089514375 -0.43749999999999956
v 0.011833750000000004 7.089514375 -0.5
v 0.33125 7.089514375 -0.43749999999999956
v 0.33125 7.089514375 -0.5
v 0.3 7.089514375 -0.43749999999999956
v 0.3 7.089514375 -0.5
v 0.04308375 6.777014375 -0.43749999999999956
v 0.04308375 6.777014375 -0.5
v 0.011833750000000004 6.777014375 -0.43749999999999956
v 0.011833750000000004 6.777014375 -0.5
v 0.33125 6.777014375 -0.43749999999999956
v 0.33125 6.777014375 -0.5
v 0.3 6.777014375 -0.43749999999999956
v 0.3 6.777014375 -0.5
v -0.30066625 6.777014375 -0.43749999999999956
v -0.30066625 6.777014375 -0.5
v -0.33191625 6.777014375 -0.43749999999999956
v -0.33191625 6.777014375 -0.5
v -0.012500000000000011 6.777014375 -0.43749999999999956
v -0.012500000000000011 6.777014375 -0.5
v -0.04375000000000001 6.777014375 -0.43749999999999956
v -0.04375000000000001 6.777014375 -0.5
v 0.04308375 5.980139375 -0.4375
v 0.04308375 5.980139375 -0.5
v 0.011833750000000004 5.980139375 -0.4375
v 0.011833750000000004 5.980139375 -0.5
v 0.33125 5.980139375 -0.4375
v 0.33125 5.980139375 -0.5
v 0.3 5.980139375 -0.4375
v 0.3 5.980139375 -0.5
v 0.21875 6.34375 -0.43749999999999956
v 0.21875 6.34375 -0.75
v 0.21875 6.3125 -0.43749999999999956
v 0.21875 6.3125 -0.75
v 0.125 6.34375 -0.43749999999999956
v 0.125 6.34375 -0.75
v 0.125 6.3125 -0.43749999999999956
v 0.125 6.3125 -0.75
v 0.12279029130879215 6.340598056339526 -0.6249999999999991
v 0.14488737822087178 6.318500969427447 -0.43749999999999956
v 0.14488737822087178 6.318500969427447 -0.625
v 0.08964466094067275 6.307452425971407 -0.4375
v 0.08964466094067275 6.307452425971407 -0.625
v 0.11174174785275236 6.285355339059327 -0.43749999999999956
v 0.11174174785275236 6.285355339059327 -0.625
v 0.25600096942744666 6.305556795603287 -0.4374999999999991
v 0.25600096942744666 6.305556795603287 -0.6249999999999991
v 0.23390388251536703 6.283459708691208 -0.4374999999999991
v 0.23390388251536703 6.283459708691208 -0.6249999999999991
v 0.22285533905932725 6.338702425971407 -0.43749999999999956
v 0.22285533905932725 6.338702425971407 -0.625
v 0.20075825214724763 6.316605339059327 -0.43749999999999956
v 0.20075825214724763 6.316605339059327 -0.6249999999999996
v -0.125 6.65625 -0.43749999999999956
v -0.125 6.65625 -0.7499999999999996
v -0.125 6.625 -0.4375
v -0.125 6.625 -0.7499999999999996
v -0.21875 6.65625 -0.43749999999999956
v -0.21875 6.65625 -0.7499999999999996
v -0.21875 6.625 -0.4375
v -0.21875 6.625 -0.7499999999999996
v -0.22095970869120785 6.653098056339526 -0.6249999999999991
v -0.19886262177912822 6.631000969427447 -0.43749999999999956
v -0.19886262177912822 6.631000969427447 -0.625
v -0.2541053390593272 6.619952425971407 -0.4375
v -0.2541053390593272 6.619952425971407 -0.625
v -0.23200825214724763 6.597855339059327 -0.43749999999999956
v -0.23200825214724763 6.597855339059327 -0.625
v -0.08774903057255333 6.618056795603287 -0.4374999999999991
v -0.08774903057255333 6.618056795603287 -0.6249999999999991
v -0.10984611748463294 6.595959708691208 -0.43749999999999956
v -0.10984611748463294 6.595959708691208 -0.625
v -0.12089466094067275 6.651202425971407 -0.43749999999999956
v -0.12089466094067275 6.651202425971407 -0.625
v -0.14299174785275237 6.629105339059327 -0.43749999999999956
v -0.14299174785275237 6.629105339059327 -0.6249999999999996
vt 0.21078125 0.79703125
vt 0.2421875 0.85140625
vt 0.125 0.8828125
vt 0.2421875 0.85140625
vt 0.2421875 0.91421875
vt 0.125 0.8828125
vt 0.2421875 0.91421875
vt 0.21078125 0.96859375
vt 0.125 0.8828125
vt 0.21078125 0.96859375
vt 0.15640625 1
vt 0.125 0.8828125
vt 0.15640625 1
vt 0.09359375 1
vt 0.125 0.8828125
vt 0.09359375 1
vt 0.03921875 0.96859375
vt 0.125 0.8828125
vt 0.03921875 0.96859375
vt 0.0078125 0.91421875
vt 0.125 0.8828125
vt 0.0078125 0.91421875
vt 0.0078125 0.85140625
vt 0.125 0.8828125
vt 0.0078125 0.85140625
vt 0.03921875 0.79703125
vt 0.125 0.8828125
vt 0.03921875 0.79703125
vt 0.09359375 0.765625
vt 0.125 0.8828125
vt 0.09359375 0.765625
vt 0.15640625 0.765625
vt 0.125 0.8828125
vt 0.15640625 0.765625
vt 0.21078125 0.79703125
vt 0.125 0.8828125
vt 0.28125 0.28125
vt 0.289621875 0.28125
vt 0.289621875 0.296875
vt 0.28125 0.296875
vt 0.28573125 0.296875
vt 0.28125 0.296875
vt 0.28125 0.28125
vt 0.28573125 0.28125
vt 0.28125 0.29492734374999996
vt 0.28125 0.29044499999999995
vt 0.28851390625 0.28850062499999996
vt 0.2885103125 0.296875
vt 0.28125 0.28961187499999996
vt 0.289624375 0.28961187499999996
vt 0.287676875 0.296875
vt 0.28319453125 0.29687312499999996
vt 0.28125 0.28125
vt 0.289621875 0.28125
vt 0.289621875 0.296875
vt 0.28125 0.296875
vt 0.28573125 0.296875
vt 0.28125 0.296875
vt 0.28125 0.28125
vt 0.28573125 0.28125
vt 0.28125 0.294930625
vt 0.28125 0.29044828125
vt 0.2885103125 0.28850062499999996
vt 0.28851390625 0.296875
vt 0.28125 0.28961187499999996
vt 0.289624375 0.28961187499999996
vt 0.28767984375 0.29687312499999996
vt 0.2831975 0.296875
vt 0.28125 0.28125
vt 0.289621875 0.28125
vt 0.289621875 0.296875
vt 0.28125 0.296875
vt 0.28573125 0.296875
vt 0.28125 0.296875
vt 0.28125 0.28125
vt 0.28573125 0.28125
vt 0.28125 0.29492968750000004
vt 0.28125 0.29044843750000005
vt 0.2885109375 0.28850312499999997
vt 0.2885109375 0.296875
vt 0.2885109375 0.28850312499999997
vt 0.2885109375 0.296875
vt 0.28125 0.29492968750000004
vt 0.28125 0.29044843750000005
vt 0.28125 0.28125
vt 0.289621875 0.28125
vt 0.289621875 0.296875
vt 0.28125 0.296875
vt 0.28573125 0.296875
vt 0.28125 0.296875
vt 0.28125 0.28125
vt 0.28573125 0.28125
vt 0.28767671875 0.296875
vt 0.283194375 0.296875
vt 0.28125 0.28961109375000005
vt 0.289624375 0.28961468749999997
vt 0.288513125 0.28850062499999996
vt 0.288513125 0.296875
vt 0.28125 0.2949275
vt 0.281251875 0.29044515625
vt 0.28125 0.28125
vt 0.289621875 0.28125
vt 0.289621875 0.296875
vt 0.28125 0.296875
vt 0.28573125 0.296875
vt 0.28125 0.296875
vt 0.28125 0.28125
vt 0.28573125 0.28125
vt 0.28768 0.296875
vt 0.28319765625 0.296875
vt 0.28125 0.28961468749999997
vt 0.289624375 0.28961109375000005
vt 0.288513125 0.28850062499999996
vt 0.288513125 0.296875
vt 0.281251875 0.29493046874999995
vt 0.28125 0.29044812499999995
vt 0.28125 0.28125
vt 0.289621875 0.28125
vt 0.289621875 0.296875
vt 0.28125 0.296875
vt 0.28573125 0.296875
vt 0.28125 0.296875
vt 0.28125 0.28125
vt 0.28573125 0.28125
vt 0.2876765625 0.296875
vt 0.2831953125 0.296875
vt 0.28125 0.2896140625
vt 0.289621875 0.2896140625
vt 0.289621875 0.296875
vt 0.28125 0.296875
vt 0.2831953125 0.2896140625
vt 0.2876765625 0.2896140625
vt 0.28125 0.28125
vt 0.289621875 0.28125
vt 0.289621875 0.296875
vt 0.28125 0.296875
vt 0.28573125 0.296875
vt 0.28125 0.296875
vt 0.28125 0.28125
vt 0.28573125 0.28125
vt 0.28851390625 0.29044828125
vt 0.28851390625 0.294930625
vt 0.28125 0.296875
vt 0.28125359375 0.28850062499999996
vt 0.289624375 0.296875
vt 0.28125 0.296875
vt 0.2831975 0.28961187499999996
vt 0.28767984375 0.28961390625000005
vt 0.28125 0.28125
vt 0.289621875 0.28125
vt 0.289621875 0.296875
vt 0.28125 0.296875
vt 0.28573125 0.296875
vt 0.28125 0.296875
vt 0.28125 0.28125
vt 0.28573125 0.28125
vt 0.28851390625 0.29044499999999995
vt 0.28851390625 0.29492734374999996
vt 0.28125359375 0.296875
vt 0.28125 0.28850062499999996
vt 0.289624375 0.296875
vt 0.28125 0.296875
vt 0.28319453125 0.28961390625000005
vt 0.287676875 0.28961187499999996
vt 0.28125 0.28125
vt 0.289621875 0.28125
vt 0.289621875 0.296875
vt 0.28125 0.296875
vt 0.28573125 0.296875
vt 0.28125 0.296875
vt 0.28125 0.28125
vt 0.28573125 0.28125
vt 0.2885109375 0.29044843750000005
vt 0.2885109375 0.29492968750000004
vt 0.28125 0.296875
vt 0.28125 0.28850312499999997
vt 0.28125 0.296875
vt 0.28125 0.28850312499999997
vt 0.2885109375 0.29044843750000005
vt 0.2885109375 0.29492968750000004
vt 0.28125 0.28125
vt 0.289621875 0.28125
vt 0.289621875 0.296875
vt 0.28125 0.296875
vt 0.28573125 0.296875
vt 0.28125 0.296875
vt 0.28125 0.28125
vt 0.28573125 0.28125
vt 0.28319765625 0.28961109375000005
vt 0.28768 0.28961109375000005
vt 0.289624375 0.296875
vt 0.28125 0.29687140624999997
vt 0.28125 0.296875
vt 0.28125 0.28850062499999996
vt 0.288513125 0.29044812499999995
vt 0.28851109375 0.29493046874999995
vt 0.28125 0.28125
vt 0.289621875 0.28125
vt 0.289621875 0.296875
vt 0.28125 0.296875
vt 0.28573125 0.296875
vt 0.28125 0.296875
vt 0.28125 0.28125
vt 0.28573125 0.28125
vt 0.283194375 0.28961109375000005
vt 0.28767671875 0.28961109375000005
vt 0.289624375 0.29687140624999997
vt 0.28125 0.296875
vt 0.28125 0.296875
vt 0.28125 0.28850062499999996
vt 0.28851109375 0.29044515625
vt 0.288513125 0.2949275
vt 0.28125 0.28125
vt 0.289621875 0.28125
vt 0.289621875 0.296875
vt 0.28125 0.296875
vt 0.28573125 0.296875
vt 0.28125 0.296875
vt 0.28125 0.28125
vt 0.28573125 0.28125
vt 0.2831953125 0.2896140625
vt 0.2876765625 0.2896140625
vt 0.289621875 0.296875
vt 0.28125 0.296875
vt 0.28125 0.2896140625
vt 0.289621875 0.2896140625
vt 0.2876765625 0.296875
vt 0.2831953125 0.296875
vt 0.28125 0.28125
vt 0.289621875 0.28125
vt 0.289621875 0.296875
vt 0.28125 0.296875
vt 0.28573125 0.296875
vt 0.28125 0.296875
vt 0.28125 0.28125
vt 0.28573125 0.28125
vt 0.28125 0.29492734374999996
vt 0.28125 0.29044499999999995
vt 0.28851390625 0.28850062499999996
vt 0.2885103125 0.296875
vt 0.28125 0.28961187499999996
vt 0.289624375 0.28961187499999996
vt 0.287676875 0.296875
vt 0.28319453125 0.29687312499999996
vt 0.28125 0.28125
vt 0.289621875 0.28125
vt 0.289621875 0.296875
vt 0.28125 0.296875
vt 0.28573125 0.296875
vt 0.28125 0.296875
vt 0.28125 0.28125
vt 0.28573125 0.28125
vt 0.28125 0.294930625
vt 0.28125 0.29044828125
vt 0.2885103125 0.28850062499999996
vt 0.28851390625 0.296875
vt 0.28125 0.28961187499999996
vt 0.289624375 0.28961187499999996
vt 0.28767984375 0.29687312499999996
vt 0.2831975 0.296875
vt 0.28125 0.28125
vt 0.289621875 0.28125
vt 0.289621875 0.296875
vt 0.28125 0.296875
vt 0.28573125 0.296875
vt 0.28125 0.296875
vt 0.28125 0.28125
vt 0.28573125 0.28125
vt 0.28125 0.29492968750000004
vt 0.28125 0.29044843750000005
vt 0.2885109375 0.28850312499999997
vt 0.2885109375 0.296875
vt 0.2885109375 0.28850312499999997
vt 0.2885109375 0.296875
vt 0.28125 0.29492968750000004
vt 0.28125 0.29044843750000005
vt 0.28125 0.28125
vt 0.289621875 0.28125
vt 0.289621875 0.296875
vt 0.28125 0.296875
vt 0.28573125 0.296875
vt 0.28125 0.296875
vt 0.28125 0.28125
vt 0.28573125 0.28125
vt 0.28767671875 0.296875
vt 0.283194375 0.296875
vt 0.28125 0.28961109375000005
vt 0.289624375 0.28961468749999997
vt 0.288513125 0.28850062499999996
vt 0.288513125 0.296875
vt 0.28125 0.2949275
vt 0.281251875 0.29044515625
vt 0.28125 0.28125
vt 0.289621875 0.28125
vt 0.289621875 0.296875
vt 0.28125 0.296875
vt 0.28573125 0.296875
vt 0.28125 0.296875
vt 0.28125 0.28125
vt 0.28573125 0.28125
vt 0.28768 0.296875
vt 0.28319765625 0.296875
vt 0.28125 0.28961468749999997
vt 0.289624375 0.28961109375000005
vt 0.288513125 0.28850062499999996
vt 0.288513125 0.296875
vt 0.281251875 0.29493046874999995
vt 0.28125 0.29044812499999995
vt 0.28125 0.28125
vt 0.289621875 0.28125
vt 0.289621875 0.296875
vt 0.28125 0.296875
vt 0.28573125 0.296875
vt 0.28125 0.296875
vt 0.28125 0.28125
vt 0.28573125 0.28125
vt 0.2876765625 0.296875
vt 0.2831953125 0.296875
vt 0.28125 0.2896140625
vt 0.289621875 0.2896140625
vt 0.289621875 0.296875
vt 0.28125 0.296875
vt 0.2831953125 0.2896140625
vt 0.2876765625 0.2896140625
vt 0.28125 0.28125
vt 0.289621875 0.28125
vt 0.289621875 0.296875
vt 0.28125 0.296875
vt 0.28573125 0.296875
vt 0.28125 0.296875
vt 0.28125 0.28125
vt 0.28573125 0.28125
vt 0.28851390625 0.29044828125
vt 0.28851390625 0.294930625
vt 0.28125 0.296875
vt 0.28125359375 0.28850062499999996
vt 0.289624375 0.296875
vt 0.28125 0.296875
vt 0.2831975 0.28961187499999996
vt 0.28767984375 0.28961390625000005
vt 0.28125 0.28125
vt 0.289621875 0.28125
vt 0.289621875 0.296875
vt 0.28125 0.296875
vt 0.28573125 0.296875
vt 0.28125 0.296875
vt 0.28125 0.28125
vt 0.28573125 0.28125
vt 0.28851390625 0.29044499999999995
vt 0.28851390625 0.29492734374999996
vt 0.28125359375 0.296875
vt 0.28125 0.28850062499999996
vt 0.289624375 0.296875
vt 0.28125 0.296875
vt 0.28319453125 0.28961390625000005
vt 0.287676875 0.28961187499999996
vt 0.28125 0.28125
vt 0.289621875 0.28125
vt 0.289621875 0.296875
vt 0.28125 0.296875
vt 0.28573125 0.296875
vt 0.28125 0.296875
vt 0.28125 0.28125
vt 0.28573125 0.28125
vt 0.2885109375 0.29044843750000005
vt 0.2885109375 0.29492968750000004
vt 0.28125 0.296875
vt 0.28125 0.28850312499999997
vt 0.28125 0.296875
vt 0.28125 0.28850312499999997
vt 0.2885109375 0.29044843750000005
vt 0.2885109375 0.29492968750000004
vt 0.28125 0.28125
vt 0.289621875 0.28125
vt 0.289621875 0.296875
vt 0.28125 0.296875
vt 0.28573125 0.296875
vt 0.28125 0.296875
vt 0.28125 0.28125
vt 0.28573125 0.28125
vt 0.28319765625 0.28961109375000005
vt 0.28768 0.28961109375000005
vt 0.289624375 0.296875
vt 0.28125 0.29687140624999997
vt 0.28125 0.296875
vt 0.28125 0.28850062499999996
vt 0.288513125 0.29044812499999995
vt 0.28851109375 0.29493046874999995
vt 0.28125 0.28125
vt 0.289621875 0.28125
vt 0.289621875 0.296875
vt 0.28125 0.296875
vt 0.28573125 0.296875
vt 0.28125 0.296875
vt 0.28125 0.28125
vt 0.28573125 0.28125
vt 0.283194375 0.28961109375000005
vt 0.28767671875 0.28961109375000005
vt 0.289624375 0.29687140624999997
vt 0.28125 0.296875
vt 0.28125 0.296875
vt 0.28125 0.28850062499999996
vt 0.28851109375 0.29044515625
vt 0.288513125 0.2949275
vt 0.28125 0.28125
vt 0.289621875 0.28125
vt 0.289621875 0.296875
vt 0.28125 0.296875
vt 0.28573125 0.296875
vt 0.28125 0.296875
vt 0.28125 0.28125
vt 0.28573125 0.28125
vt 0.2831953125 0.2896140625
vt 0.2876765625 0.2896140625
vt 0.289621875 0.296875
vt 0.28125 0.296875
vt 0.28125 0.2896140625
vt 0.289621875 0.2896140625
vt 0.2876765625 0.296875
vt 0.2831953125 0.296875
vt 0.21078125 0.79703125
vt 0.2421875 0.85140625
vt 0.125 0.8828125
vt 0.2421875 0.85140625
vt 0.2421875 0.91421875
vt 0.125 0.8828125
vt 0.2421875 0.91421875
vt 0.21078125 0.96859375
vt 0.125 0.8828125
vt 0.21078125 0.96859375
vt 0.15640625 1
vt 0.125 0.8828125
vt 0.15640625 1
vt 0.09359375 1
vt 0.125 0.8828125
vt 0.09359375 1
vt 0.03921875 0.96859375
vt 0.125 0.8828125
vt 0.03921875 0.96859375
vt 0.0078125 0.91421875
vt 0.125 0.8828125
vt 0.0078125 0.91421875
vt 0.0078125 0.85140625
vt 0.125 0.8828125
vt 0.0078125 0.85140625
vt 0.03921875 0.79703125
vt 0.125 0.8828125
vt 0.03921875 0.79703125
vt 0.09359375 0.765625
vt 0.125 0.8828125
vt 0.09359375 0.765625
vt 0.15640625 0.765625
vt 0.125 0.8828125
vt 0.15640625 0.765625
vt 0.21078125 0.79703125
vt 0.125 0.8828125
vt 0.28125 0.28125
vt 0.289621875 0.28125
vt 0.289621875 0.296875
vt 0.28125 0.296875
vt 0.28573125 0.296875
vt 0.28125 0.296875
vt 0.28125 0.28125
vt 0.28573125 0.28125
vt 0.28125 0.29492734374999996
vt 0.28125 0.29044499999999995
vt 0.28851390625 0.28850062499999996
vt 0.2885103125 0.296875
vt 0.28125 0.28961187499999996
vt 0.289624375 0.28961187499999996
vt 0.287676875 0.296875
vt 0.28319453125 0.29687312499999996
vt 0.28125 0.28125
vt 0.289621875 0.28125
vt 0.289621875 0.296875
vt 0.28125 0.296875
vt 0.28573125 0.296875
vt 0.28125 0.296875
vt 0.28125 0.28125
vt 0.28573125 0.28125
vt 0.28125 0.294930625
vt 0.28125 0.29044828125
vt 0.2885103125 0.28850062499999996
vt 0.28851390625 0.296875
vt 0.28125 0.28961187499999996
vt 0.289624375 0.28961187499999996
vt 0.28767984375 0.29687312499999996
vt 0.2831975 0.296875
vt 0.28125 0.28125
vt 0.289621875 0.28125
vt 0.289621875 0.296875
vt 0.28125 0.296875
vt 0.28573125 0.296875
vt 0.28125 0.296875
vt 0.28125 0.28125
vt 0.28573125 0.28125
vt 0.28125 0.29492968750000004
vt 0.28125 0.29044843750000005
vt 0.2885109375 0.28850312499999997
vt 0.2885109375 0.296875
vt 0.2885109375 0.28850312499999997
vt 0.2885109375 0.296875
vt 0.28125 0.29492968750000004
vt 0.28125 0.29044843750000005
vt 0.28125 0.28125
vt 0.289621875 0.28125
vt 0.289621875 0.296875
vt 0.28125 0.296875
vt 0.28573125 0.296875
vt 0.28125 0.296875
vt 0.28125 0.28125
vt 0.28573125 0.28125
vt 0.28767671875 0.296875
vt 0.283194375 0.296875
vt 0.28125 0.28961109375000005
vt 0.289624375 0.28961468749999997
vt 0.288513125 0.28850062499999996
vt 0.288513125 0.296875
vt 0.28125 0.2949275
vt 0.281251875 0.29044515625
vt 0.28125 0.28125
vt 0.289621875 0.28125
vt 0.289621875 0.296875
vt 0.28125 0.296875
vt 0.28573125 0.296875
vt 0.28125 0.296875
vt 0.28125 0.28125
vt 0.28573125 0.28125
vt 0.28768 0.296875
vt 0.28319765625 0.296875
vt 0.28125 0.28961468749999997
vt 0.289624375 0.28961109375000005
vt 0.288513125 0.28850062499999996
vt 0.288513125 0.296875
vt 0.281251875 0.29493046874999995
vt 0.28125 0.29044812499999995
vt 0.28125 0.28125
vt 0.289621875 0.28125
vt 0.289621875 0.296875
vt 0.28125 0.296875
vt 0.28573125 0.296875
vt 0.28125 0.296875
vt 0.28125 0.28125
vt 0.28573125 0.28125
vt 0.2876765625 0.296875
vt 0.2831953125 0.296875
vt 0.28125 0.2896140625
vt 0.289621875 0.2896140625
vt 0.289621875 0.296875
vt 0.28125 0.296875
vt 0.2831953125 0.2896140625
vt 0.2876765625 0.2896140625
vt 0.28125 0.28125
vt 0.289621875 0.28125
vt 0.289621875 0.296875
vt 0.28125 0.296875
vt 0.28573125 0.296875
vt 0.28125 0.296875
vt 0.28125 0.28125
vt 0.28573125 0.28125
vt 0.28851390625 0.29044828125
vt 0.28851390625 0.294930625
vt 0.28125 0.296875
vt 0.28125359375 0.28850062499999996
vt 0.289624375 0.296875
vt 0.28125 0.296875
vt 0.2831975 0.28961187499999996
vt 0.28767984375 0.28961390625000005
vt 0.28125 0.28125
vt 0.289621875 0.28125
vt 0.289621875 0.296875
vt 0.28125 0.296875
vt 0.28573125 0.296875
vt 0.28125 0.296875
vt 0.28125 0.28125
vt 0.28573125 0.28125
vt 0.28851390625 0.29044499999999995
vt 0.28851390625 0.29492734374999996
vt 0.28125359375 0.296875
vt 0.28125 0.28850062499999996
vt 0.289624375 0.296875
vt 0.28125 0.296875
vt 0.28319453125 0.28961390625000005
vt 0.287676875 0.28961187499999996
vt 0.28125 0.28125
vt 0.289621875 0.28125
vt 0.289621875 0.296875
vt 0.28125 0.296875
vt 0.28573125 0.296875
vt 0.28125 0.296875
vt 0.28125 0.28125
vt 0.28573125 0.28125
vt 0.2885109375 0.29044843750000005
vt 0.2885109375 0.29492968750000004
vt 0.28125 0.296875
vt 0.28125 0.28850312499999997
vt 0.28125 0.296875
vt 0.28125 0.28850312499999997
vt 0.2885109375 0.29044843750000005
vt 0.2885109375 0.29492968750000004
vt 0.28125 0.28125
vt 0.289621875 0.28125
vt 0.289621875 0.296875
vt 0.28125 0.296875
vt 0.28573125 0.296875
vt 0.28125 0.296875
vt 0.28125 0.28125
vt 0.28573125 0.28125
vt 0.28319765625 0.28961109375000005
vt 0.28768 0.28961109375000005
vt 0.289624375 0.296875
vt 0.28125 0.29687140624999997
vt 0.28125 0.296875
vt 0.28125 0.28850062499999996
vt 0.288513125 0.29044812499999995
vt 0.28851109375 0.29493046874999995
vt 0.28125 0.28125
vt 0.289621875 0.28125
vt 0.289621875 0.296875
vt 0.28125 0.296875
vt 0.28573125 0.296875
vt 0.28125 0.296875
vt 0.28125 0.28125
vt 0.28573125 0.28125
vt 0.283194375 0.28961109375000005
vt 0.28767671875 0.28961109375000005
vt 0.289624375 0.29687140624999997
vt 0.28125 0.296875
vt 0.28125 0.296875
vt 0.28125 0.28850062499999996
vt 0.28851109375 0.29044515625
vt 0.288513125 0.2949275
vt 0.28125 0.28125
vt 0.289621875 0.28125
vt 0.289621875 0.296875
vt 0.28125 0.296875
vt 0.28573125 0.296875
vt 0.28125 0.296875
vt 0.28125 0.28125
vt 0.28573125 0.28125
vt 0.2831953125 0.2896140625
vt 0.2876765625 0.2896140625
vt 0.289621875 0.296875
vt 0.28125 0.296875
vt 0.28125 0.2896140625
vt 0.289621875 0.2896140625
vt 0.2876765625 0.296875
vt 0.2831953125 0.296875
vt 0.21078125 0.79703125
vt 0.2421875 0.85140625
vt 0.125 0.8828125
vt 0.2421875 0.85140625
vt 0.2421875 0.91421875
vt 0.125 0.8828125
vt 0.2421875 0.91421875
vt 0.21078125 0.96859375
vt 0.125 0.8828125
vt 0.21078125 0.96859375
vt 0.15640625 1
vt 0.125 0.8828125
vt 0.15640625 1
vt 0.09359375 1
vt 0.125 0.8828125
vt 0.09359375 1
vt 0.03921875 0.96859375
vt 0.125 0.8828125
vt 0.03921875 0.96859375
vt 0.0078125 0.91421875
vt 0.125 0.8828125
vt 0.0078125 0.91421875
vt 0.0078125 0.85140625
vt 0.125 0.8828125
vt 0.0078125 0.85140625
vt 0.03921875 0.79703125
vt 0.125 0.8828125
vt 0.03921875 0.79703125
vt 0.09359375 0.765625
vt 0.125 0.8828125
vt 0.09359375 0.765625
vt 0.15640625 0.765625
vt 0.125 0.8828125
vt 0.15640625 0.765625
vt 0.21078125 0.79703125
vt 0.125 0.8828125
vt 0.3247625 0.6752374999999999
vt 0.375 0.7622625000000001
vt 0.1875 0.8125
vt 0.375 0.7622625000000001
vt 0.375 0.8627374999999999
vt 0.1875 0.8125
vt 0.375 0.8627374999999999
vt 0.3247625 0.9497625
vt 0.1875 0.8125
vt 0.3247625 0.9497625
vt 0.2377375 1
vt 0.1875 0.8125
vt 0.2377375 1
vt 0.1372625 1
vt 0.1875 0.8125
vt 0.1372625 1
vt 0.0502375 0.9497625
vt 0.1875 0.8125
vt 0.0502375 0.9497625
vt 0 0.8627374999999999
vt 0.1875 0.8125
vt 0 0.8627374999999999
vt 0 0.7622625000000001
vt 0.1875 0.8125
vt 0 0.7622625000000001
vt 0.0502375 0.6752374999999999
vt 0.1875 0.8125
vt 0.0502375 0.6752374999999999
vt 0.1372625 0.625
vt 0.1875 0.8125
vt 0.1372625 0.625
vt 0.2377375 0.625
vt 0.1875 0.8125
vt 0.2377375 0.625
vt 0.3247625 0.6752374999999999
vt 0.1875 0.8125
vt 0.28125 0.28125
vt 0.29485625 0.28125
vt 0.29485625 0.296875
vt 0.28125 0.296875
vt 0.29115 0.296875
vt 0.28125 0.296875
vt 0.28125 0.28125
vt 0.29115 0.28125
vt 0.28125 0.29502125
vt 0.28125 0.28512140625000004
vt 0.28816765625 0.2832678125
vt 0.28816703125 0.296875
vt 0.28125 0.2899575
vt 0.2948571875 0.2899575
vt 0.29300328125 0.296875
vt 0.2831034375 0.29687453124999996
vt 0.28125 0.28125
vt 0.29485625 0.28125
vt 0.29485625 0.296875
vt 0.28125 0.296875
vt 0.29115 0.296875
vt 0.28125 0.296875
vt 0.28125 0.28125
vt 0.29115 0.28125
vt 0.28125 0.2950215625
vt 0.28125 0.28512171875000003
vt 0.28816703125 0.2832678125
vt 0.28816765625 0.296875
vt 0.28125 0.2899575
vt 0.2948571875 0.2899575
vt 0.29300359375 0.29687453124999996
vt 0.28310390625 0.296875
vt 0.28125 0.28125
vt 0.29485625 0.28125
vt 0.29485625 0.296875
vt 0.28125 0.296875
vt 0.29115 0.296875
vt 0.28125 0.296875
vt 0.28125 0.28125
vt 0.29115 0.28125
vt 0.28125 0.295021875
vt 0.28125 0.28512187499999997
vt 0.2881671875 0.28326874999999996
vt 0.2881671875 0.296875
vt 0.2881671875 0.28326874999999996
vt 0.2881671875 0.296875
vt 0.28125 0.295021875
vt 0.28125 0.28512187499999997
vt 0.28125 0.28125
vt 0.29485625 0.28125
vt 0.29485625 0.296875
vt 0.28125 0.296875
vt 0.29115 0.296875
vt 0.28125 0.296875
vt 0.28125 0.28125
vt 0.29115 0.28125
vt 0.29300328125 0.296875
vt 0.2831034375 0.296875
vt 0.28125 0.28995734375000004
vt 0.2948571875 0.28995796875
vt 0.2881675 0.2832678125
vt 0.2881675 0.296875
vt 0.28125 0.29502109374999996
vt 0.28125046875 0.28512140625000004
vt 0.28125 0.28125
vt 0.29485625 0.28125
vt 0.29485625 0.296875
vt 0.28125 0.296875
vt 0.29115 0.296875
vt 0.28125 0.296875
vt 0.28125 0.28125
vt 0.29115 0.28125
vt 0.29300359375 0.296875
vt 0.28310375 0.296875
vt 0.28125 0.28995796875
vt 0.2948571875 0.28995734375000004
vt 0.2881675 0.2832678125
vt 0.2881675 0.296875
vt 0.28125046875 0.2950215625
vt 0.28125 0.28512171875000003
vt 0.28125 0.28125
vt 0.29485625 0.28125
vt 0.29485625 0.296875
vt 0.28125 0.296875
vt 0.29115 0.296875
vt 0.28125 0.296875
vt 0.28125 0.28125
vt 0.29115 0.28125
vt 0.293003125 0.296875
vt 0.283103125 0.296875
vt 0.28125 0.28995781249999997
vt 0.29485625 0.28995781249999997
vt 0.29485625 0.296875
vt 0.28125 0.296875
vt 0.283103125 0.28995781249999997
vt 0.293003125 0.28995781249999997
vt 0.28125 0.28125
vt 0.29485625 0.28125
vt 0.29485625 0.296875
vt 0.28125 0.296875
vt 0.29115 0.296875
vt 0.28125 0.296875
vt 0.28125 0.28125
vt 0.29115 0.28125
vt 0.28816765625 0.28512171875000003
vt 0.28816765625 0.2950215625
vt 0.28125 0.296875
vt 0.281250625 0.2832678125
vt 0.2948571875 0.296875
vt 0.28125 0.296875
vt 0.28310390625 0.2899575
vt 0.29300359375 0.28995796875
vt 0.28125 0.28125
vt 0.29485625 0.28125
vt 0.29485625 0.296875
vt 0.28125 0.296875
vt 0.29115 0.296875
vt 0.28125 0.296875
vt 0.28125 0.28125
vt 0.29115 0.28125
vt 0.28816765625 0.28512140625000004
vt 0.28816765625 0.29502125
vt 0.281250625 0.296875
vt 0.28125 0.2832678125
vt 0.2948571875 0.296875
vt 0.28125 0.296875
vt 0.2831034375 0.28995796875
vt 0.29300328125 0.2899575
vt 0.28125 0.28125
vt 0.29485625 0.28125
vt 0.29485625 0.296875
vt 0.28125 0.296875
vt 0.29115 0.296875
vt 0.28125 0.296875
vt 0.28125 0.28125
vt 0.29115 0.28125
vt 0.2881671875 0.28512187499999997
vt 0.2881671875 0.295021875
vt 0.28125 0.296875
vt 0.28125 0.28326874999999996
vt 0.28125 0.296875
vt 0.28125 0.28326874999999996
vt 0.2881671875 0.28512187499999997
vt 0.2881671875 0.295021875
vt 0.28125 0.28125
vt 0.29485625 0.28125
vt 0.29485625 0.296875
vt 0.28125 0.296875
vt 0.29115 0.296875
vt 0.28125 0.296875
vt 0.28125 0.28125
vt 0.29115 0.28125
vt 0.28310375 0.28995734375000004
vt 0.29300359375 0.28995734375000004
vt 0.2948571875 0.296875
vt 0.28125 0.296874375
vt 0.28125 0.296875
vt 0.28125 0.2832678125
vt 0.2881675 0.28512171875000003
vt 0.28816703125 0.2950215625
vt 0.28125 0.28125
vt 0.29485625 0.28125
vt 0.29485625 0.296875
vt 0.28125 0.296875
vt 0.29115 0.296875
vt 0.28125 0.296875
vt 0.28125 0.28125
vt 0.29115 0.28125
vt 0.2831034375 0.28995734375000004
vt 0.29300328125 0.28995734375000004
vt 0.2948571875 0.296874375
vt 0.28125 0.296875
vt 0.28125 0.296875
vt 0.28125 0.2832678125
vt 0.28816703125 0.28512140625000004
vt 0.2881675 0.29502109374999996
vt 0.28125 0.28125
vt 0.29485625 0.28125
vt 0.29485625 0.296875
vt 0.28125 0.296875
vt 0.29115 0.296875
vt 0.28125 0.296875
vt 0.28125 0.28125
vt 0.29115 0.28125
vt 0.283103125 0.28995781249999997
vt 0.293003125 0.28995781249999997
vt 0.29485625 0.296875
vt 0.28125 0.296875
vt 0.28125 0.28995781249999997
vt 0.29485625 0.28995781249999997
vt 0.293003125 0.296875
vt 0.283103125 0.296875
vt 0.3247625 0.6752374999999999
vt 0.375 0.7622625000000001
vt 0.1875 0.8125
vt 0.375 0.7622625000000001
vt 0.375 0.8627374999999999
vt 0.1875 0.8125
vt 0.375 0.8627374999999999
vt 0.3247625 0.9497625
vt 0.1875 0.8125
vt 0.3247625 0.9497625
vt 0.2377375 1
vt 0.1875 0.8125
vt 0.2377375 1
vt 0.1372625 1
vt 0.1875 0.8125
vt 0.1372625 1
vt 0.0502375 0.9497625
vt 0.1875 0.8125
vt 0.0502375 0.9497625
vt 0 0.8627374999999999
vt 0.1875 0.8125
vt 0 0.8627374999999999
vt 0 0.7622625000000001
vt 0.1875 0.8125
vt 0 0.7622625000000001
vt 0.0502375 0.6752374999999999
vt 0.1875 0.8125
vt 0.0502375 0.6752374999999999
vt 0.1372625 0.625
vt 0.1875 0.8125
vt 0.1372625 0.625
vt 0.2377375 0.625
vt 0.1875 0.8125
vt 0.2377375 0.625
vt 0.3247625 0.6752374999999999
vt 0.1875 0.8125
vt 0.28125 0.28125
vt 0.29485625 0.28125
vt 0.29485625 0.296875
vt 0.28125 0.296875
vt 0.29115 0.296875
vt 0.28125 0.296875
vt 0.28125 0.28125
vt 0.29115 0.28125
vt 0.28125 0.29502125
vt 0.28125 0.28512140625000004
vt 0.28816765625 0.2832678125
vt 0.28816703125 0.296875
vt 0.28125 0.2899575
vt 0.2948571875 0.2899575
vt 0.29300328125 0.296875
vt 0.2831034375 0.29687453124999996
vt 0.28125 0.28125
vt 0.29485625 0.28125
vt 0.29485625 0.296875
vt 0.28125 0.296875
vt 0.29115 0.296875
vt 0.28125 0.296875
vt 0.28125 0.28125
vt 0.29115 0.28125
vt 0.28125 0.2950215625
vt 0.28125 0.28512171875000003
vt 0.28816703125 0.2832678125
vt 0.28816765625 0.296875
vt 0.28125 0.2899575
vt 0.2948571875 0.2899575
vt 0.29300359375 0.29687453124999996
vt 0.28310390625 0.296875
vt 0.28125 0.28125
vt 0.29485625 0.28125
vt 0.29485625 0.296875
vt 0.28125 0.296875
vt 0.29115 0.296875
vt 0.28125 0.296875
vt 0.28125 0.28125
vt 0.29115 0.28125
vt 0.28125 0.295021875
vt 0.28125 0.28512187499999997
vt 0.2881671875 0.28326874999999996
vt 0.2881671875 0.296875
vt 0.2881671875 0.28326874999999996
vt 0.2881671875 0.296875
vt 0.28125 0.295021875
vt 0.28125 0.28512187499999997
vt 0.28125 0.28125
vt 0.29485625 0.28125
vt 0.29485625 0.296875
vt 0.28125 0.296875
vt 0.29115 0.296875
vt 0.28125 0.296875
vt 0.28125 0.28125
vt 0.29115 0.28125
vt 0.29300328125 0.296875
vt 0.2831034375 0.296875
vt 0.28125 0.28995734375000004
vt 0.2948571875 0.28995796875
vt 0.2881675 0.2832678125
vt 0.2881675 0.296875
vt 0.28125 0.29502109374999996
vt 0.28125046875 0.28512140625000004
vt 0.28125 0.28125
vt 0.29485625 0.28125
vt 0.29485625 0.296875
vt 0.28125 0.296875
vt 0.29115 0.296875
vt 0.28125 0.296875
vt 0.28125 0.28125
vt 0.29115 0.28125
vt 0.29300359375 0.296875
vt 0.28310375 0.296875
vt 0.28125 0.28995796875
vt 0.2948571875 0.28995734375000004
vt 0.2881675 0.2832678125
vt 0.2881675 0.296875
vt 0.28125046875 0.2950215625
vt 0.28125 0.28512171875000003
vt 0.28125 0.28125
vt 0.29485625 0.28125
vt 0.29485625 0.296875
vt 0.28125 0.296875
vt 0.29115 0.296875
vt 0.28125 0.296875
vt 0.28125 0.28125
vt 0.29115 0.28125
vt 0.293003125 0.296875
vt 0.283103125 0.296875
vt 0.28125 0.28995781249999997
vt 0.29485625 0.28995781249999997
vt 0.29485625 0.296875
vt 0.28125 0.296875
vt 0.283103125 0.28995781249999997
vt 0.293003125 0.28995781249999997
vt 0.28125 0.28125
vt 0.29485625 0.28125
vt 0.29485625 0.296875
vt 0.28125 0.296875
vt 0.29115 0.296875
vt 0.28125 0.296875
vt 0.28125 0.28125
vt 0.29115 0.28125
vt 0.28816765625 0.28512171875000003
vt 0.28816765625 0.2950215625
vt 0.28125 0.296875
vt 0.281250625 0.2832678125
vt 0.2948571875 0.296875
vt 0.28125 0.296875
vt 0.28310390625 0.2899575
vt 0.29300359375 0.28995796875
vt 0.28125 0.28125
vt 0.29485625 0.28125
vt 0.29485625 0.296875
vt 0.28125 0.296875
vt 0.29115 0.296875
vt 0.28125 0.296875
vt 0.28125 0.28125
vt 0.29115 0.28125
vt 0.28816765625 0.28512140625000004
vt 0.28816765625 0.29502125
vt 0.281250625 0.296875
vt 0.28125 0.2832678125
vt 0.2948571875 0.296875
vt 0.28125 0.296875
vt 0.2831034375 0.28995796875
vt 0.29300328125 0.2899575
vt 0.28125 0.28125
vt 0.29485625 0.28125
vt 0.29485625 0.296875
vt 0.28125 0.296875
vt 0.29115 0.296875
vt 0.28125 0.296875
vt 0.28125 0.28125
vt 0.29115 0.28125
vt 0.2881671875 0.28512187499999997
vt 0.2881671875 0.295021875
vt 0.28125 0.296875
vt 0.28125 0.28326874999999996
vt 0.28125 0.296875
vt 0.28125 0.28326874999999996
vt 0.2881671875 0.28512187499999997
vt 0.2881671875 0.295021875
vt 0.28125 0.28125
vt 0.29485625 0.28125
vt 0.29485625 0.296875
vt 0.28125 0.296875
vt 0.29115 0.296875
vt 0.28125 0.296875
vt 0.28125 0.28125
vt 0.29115 0.28125
vt 0.28310375 0.28995734375000004
vt 0.29300359375 0.28995734375000004
vt 0.2948571875 0.296875
vt 0.28125 0.296874375
vt 0.28125 0.296875
vt 0.28125 0.2832678125
vt 0.2881675 0.28512171875000003
vt 0.28816703125 0.2950215625
vt 0.28125 0.28125
vt 0.29485625 0.28125
vt 0.29485625 0.296875
vt 0.28125 0.296875
vt 0.29115 0.296875
vt 0.28125 0.296875
vt 0.28125 0.28125
vt 0.29115 0.28125
vt 0.2831034375 0.28995734375000004
vt 0.29300328125 0.28995734375000004
vt 0.2948571875 0.296874375
vt 0.28125 0.296875
vt 0.28125 0.296875
vt 0.28125 0.2832678125
vt 0.28816703125 0.28512140625000004
vt 0.2881675 0.29502109374999996
vt 0.28125 0.28125
vt 0.29485625 0.28125
vt 0.29485625 0.296875
vt 0.28125 0.296875
vt 0.29115 0.296875
vt 0.28125 0.296875
vt 0.28125 0.28125
vt 0.29115 0.28125
vt 0.283103125 0.28995781249999997
vt 0.293003125 0.28995781249999997
vt 0.29485625 0.296875
vt 0.28125 0.296875
vt 0.28125 0.28995781249999997
vt 0.29485625 0.28995781249999997
vt 0.293003125 0.296875
vt 0.283103125 0.296875
vt 0.3247625 0.6752374999999999
vt 0.375 0.7622625000000001
vt 0.1875 0.8125
vt 0.375 0.7622625000000001
vt 0.375 0.8627374999999999
vt 0.1875 0.8125
vt 0.375 0.8627374999999999
vt 0.3247625 0.9497625
vt 0.1875 0.8125
vt 0.3247625 0.9497625
vt 0.2377375 1
vt 0.1875 0.8125
vt 0.2377375 1
vt 0.1372625 1
vt 0.1875 0.8125
vt 0.1372625 1
vt 0.0502375 0.9497625
vt 0.1875 0.8125
vt 0.0502375 0.9497625
vt 0 0.8627374999999999
vt 0.1875 0.8125
vt 0 0.8627374999999999
vt 0 0.7622625000000001
vt 0.1875 0.8125
vt 0 0.7622625000000001
vt 0.0502375 0.6752374999999999
vt 0.1875 0.8125
vt 0.0502375 0.6752374999999999
vt 0.1372625 0.625
vt 0.1875 0.8125
vt 0.1372625 0.625
vt 0.2377375 0.625
vt 0.1875 0.8125
vt 0.2377375 0.625
vt 0.3247625 0.6752374999999999
vt 0.1875 0.8125
vt 0.28125 0.28125
vt 0.29485625 0.28125
vt 0.29485625 0.296875
vt 0.28125 0.296875
vt 0.29115 0.296875
vt 0.28125 0.296875
vt 0.28125 0.28125
vt 0.29115 0.28125
vt 0.28125 0.29502125
vt 0.28125 0.28512140625000004
vt 0.28816765625 0.2832678125
vt 0.28816703125 0.296875
vt 0.28125 0.2899575
vt 0.2948571875 0.2899575
vt 0.29300328125 0.296875
vt 0.2831034375 0.29687453124999996
vt 0.28125 0.28125
vt 0.29485625 0.28125
vt 0.29485625 0.296875
vt 0.28125 0.296875
vt 0.29115 0.296875
vt 0.28125 0.296875
vt 0.28125 0.28125
vt 0.29115 0.28125
vt 0.28125 0.2950215625
vt 0.28125 0.28512171875000003
vt 0.28816703125 0.2832678125
vt 0.28816765625 0.296875
vt 0.28125 0.2899575
vt 0.2948571875 0.2899575
vt 0.29300359375 0.29687453124999996
vt 0.28310390625 0.296875
vt 0.28125 0.28125
vt 0.29485625 0.28125
vt 0.29485625 0.296875
vt 0.28125 0.296875
vt 0.29115 0.296875
vt 0.28125 0.296875
vt 0.28125 0.28125
vt 0.29115 0.28125
vt 0.28125 0.295021875
vt 0.28125 0.28512187499999997
vt 0.2881671875 0.28326874999999996
vt 0.2881671875 0.296875
vt 0.2881671875 0.28326874999999996
vt 0.2881671875 0.296875
vt 0.28125 0.295021875
vt 0.28125 0.28512187499999997
vt 0.28125 0.28125
vt 0.29485625 0.28125
vt 0.29485625 0.296875
vt 0.28125 0.296875
vt 0.29115 0.296875
vt 0.28125 0.296875
vt 0.28125 0.28125
vt 0.29115 0.28125
vt 0.29300328125 0.296875
vt 0.2831034375 0.296875
vt 0.28125 0.28995734375000004
vt 0.2948571875 0.28995796875
vt 0.2881675 0.2832678125
vt 0.2881675 0.296875
vt 0.28125 0.29502109374999996
vt 0.28125046875 0.28512140625000004
vt 0.28125 0.28125
vt 0.29485625 0.28125
vt 0.29485625 0.296875
vt 0.28125 0.296875
vt 0.29115 0.296875
vt 0.28125 0.296875
vt 0.28125 0.28125
vt 0.29115 0.28125
vt 0.29300359375 0.296875
vt 0.28310375 0.296875
vt 0.28125 0.28995796875
vt 0.2948571875 0.28995734375000004
vt 0.2881675 0.2832678125
vt 0.2881675 0.296875
vt 0.28125046875 0.2950215625
vt 0.28125 0.28512171875000003
vt 0.28125 0.28125
vt 0.29485625 0.28125
vt 0.29485625 0.296875
vt 0.28125 0.296875
vt 0.29115 0.296875
vt 0.28125 0.296875
vt 0.28125 0.28125
vt 0.29115 0.28125
vt 0.293003125 0.296875
vt 0.283103125 0.296875
vt 0.28125 0.28995781249999997
vt 0.29485625 0.28995781249999997
vt 0.29485625 0.296875
vt 0.28125 0.296875
vt 0.283103125 0.28995781249999997
vt 0.293003125 0.28995781249999997
vt 0.28125 0.28125
vt 0.29485625 0.28125
vt 0.29485625 0.296875
vt 0.28125 0.296875
vt 0.29115 0.296875
vt 0.28125 0.296875
vt 0.28125 0.28125
vt 0.29115 0.28125
vt 0.28816765625 0.28512171875000003
vt 0.28816765625 0.2950215625
vt 0.28125 0.296875
vt 0.281250625 0.2832678125
vt 0.2948571875 0.296875
vt 0.28125 0.296875
vt 0.28310390625 0.2899575
vt 0.29300359375 0.28995796875
vt 0.28125 0.28125
vt 0.29485625 0.28125
vt 0.29485625 0.296875
vt 0.28125 0.296875
vt 0.29115 0.296875
vt 0.28125 0.296875
vt 0.28125 0.28125
vt 0.29115 0.28125
vt 0.28816765625 0.28512140625000004
vt 0.28816765625 0.29502125
vt 0.281250625 0.296875
vt 0.28125 0.2832678125
vt 0.2948571875 0.296875
vt 0.28125 0.296875
vt 0.2831034375 0.28995796875
vt 0.29300328125 0.2899575
vt 0.28125 0.28125
vt 0.29485625 0.28125
vt 0.29485625 0.296875
vt 0.28125 0.296875
vt 0.29115 0.296875
vt 0.28125 0.296875
vt 0.28125 0.28125
vt 0.29115 0.28125
vt 0.2881671875 0.28512187499999997
vt 0.2881671875 0.295021875
vt 0.28125 0.296875
vt 0.28125 0.28326874999999996
vt 0.28125 0.296875
vt 0.28125 0.28326874999999996
vt 0.2881671875 0.28512187499999997
vt 0.2881671875 0.295021875
vt 0.28125 0.28125
vt 0.29485625 0.28125
vt 0.29485625 0.296875
vt 0.28125 0.296875
vt 0.29115 0.296875
vt 0.28125 0.296875
vt 0.28125 0.28125
vt 0.29115 0.28125
vt 0.28310375 0.28995734375000004
vt 0.29300359375 0.28995734375000004
vt 0.2948571875 0.296875
vt 0.28125 0.296874375
vt 0.28125 0.296875
vt 0.28125 0.2832678125
vt 0.2881675 0.28512171875000003
vt 0.28816703125 0.2950215625
vt 0.28125 0.28125
vt 0.29485625 0.28125
vt 0.29485625 0.296875
vt 0.28125 0.296875
vt 0.29115 0.296875
vt 0.28125 0.296875
vt 0.28125 0.28125
vt 0.29115 0.28125
vt 0.2831034375 0.28995734375000004
vt 0.29300328125 0.28995734375000004
vt 0.2948571875 0.296874375
vt 0.28125 0.296875
vt 0.28125 0.296875
vt 0.28125 0.2832678125
vt 0.28816703125 0.28512140625000004
vt 0.2881675 0.29502109374999996
vt 0.28125 0.28125
vt 0.29485625 0.28125
vt 0.29485625 0.296875
vt 0.28125 0.296875
vt 0.29115 0.296875
vt 0.28125 0.296875
vt 0.28125 0.28125
vt 0.29115 0.28125
vt 0.283103125 0.28995781249999997
vt 0.293003125 0.28995781249999997
vt 0.29485625 0.296875
vt 0.28125 0.296875
vt 0.28125 0.28995781249999997
vt 0.29485625 0.28995781249999997
vt 0.293003125 0.296875
vt 0.283103125 0.296875
vt 0.3247625 0.6752374999999999
vt 0.375 0.7622625000000001
vt 0.1875 0.8125
vt 0.375 0.7622625000000001
vt 0.375 0.8627374999999999
vt 0.1875 0.8125
vt 0.375 0.8627374999999999
vt 0.3247625 0.9497625
vt 0.1875 0.8125
vt 0.3247625 0.9497625
vt 0.2377375 1
vt 0.1875 0.8125
vt 0.2377375 1
vt 0.1372625 1
vt 0.1875 0.8125
vt 0.1372625 1
vt 0.0502375 0.9497625
vt 0.1875 0.8125
vt 0.0502375 0.9497625
vt 0 0.8627374999999999
vt 0.1875 0.8125
vt 0 0.8627374999999999
vt 0 0.7622625000000001
vt 0.1875 0.8125
vt 0 0.7622625000000001
vt 0.0502375 0.6752374999999999
vt 0.1875 0.8125
vt 0.0502375 0.6752374999999999
vt 0.1372625 0.625
vt 0.1875 0.8125
vt 0.1372625 0.625
vt 0.2377375 0.625
vt 0.1875 0.8125
vt 0.2377375 0.625
vt 0.3247625 0.6752374999999999
vt 0.1875 0.8125
vt 0.28125 0.28125
vt 0.29485625 0.28125
vt 0.29485625 0.296875
vt 0.28125 0.296875
vt 0.29115 0.296875
vt 0.28125 0.296875
vt 0.28125 0.28125
vt 0.29115 0.28125
vt 0.28125 0.29502125
vt 0.28125 0.28512140625000004
vt 0.28816765625 0.2832678125
vt 0.28816703125 0.296875
vt 0.28125 0.2899575
vt 0.2948571875 0.2899575
vt 0.29300328125 0.296875
vt 0.2831034375 0.29687453124999996
vt 0.28125 0.28125
vt 0.29485625 0.28125
vt 0.29485625 0.296875
vt 0.28125 0.296875
vt 0.29115 0.296875
vt 0.28125 0.296875
vt 0.28125 0.28125
vt 0.29115 0.28125
vt 0.28125 0.2950215625
vt 0.28125 0.28512171875000003
vt 0.28816703125 0.2832678125
vt 0.28816765625 0.296875
vt 0.28125 0.2899575
vt 0.2948571875 0.2899575
vt 0.29300359375 0.29687453124999996
vt 0.28310390625 0.296875
vt 0.28125 0.28125
vt 0.29485625 0.28125
vt 0.29485625 0.296875
vt 0.28125 0.296875
vt 0.29115 0.296875
vt 0.28125 0.296875
vt 0.28125 0.28125
vt 0.29115 0.28125
vt 0.28125 0.295021875
vt 0.28125 0.28512187499999997
vt 0.2881671875 0.28326874999999996
vt 0.2881671875 0.296875
vt 0.2881671875 0.28326874999999996
vt 0.2881671875 0.296875
vt 0.28125 0.295021875
vt 0.28125 0.28512187499999997
vt 0.28125 0.28125
vt 0.29485625 0.28125
vt 0.29485625 0.296875
vt 0.28125 0.296875
vt 0.29115 0.296875
vt 0.28125 0.296875
vt 0.28125 0.28125
vt 0.29115 0.28125
vt 0.29300328125 0.296875
vt 0.2831034375 0.296875
vt 0.28125 0.28995734375000004
vt 0.2948571875 0.28995796875
vt 0.2881675 0.2832678125
vt 0.2881675 0.296875
vt 0.28125 0.29502109374999996
vt 0.28125046875 0.28512140625000004
vt 0.28125 0.28125
vt 0.29485625 0.28125
vt 0.29485625 0.296875
vt 0.28125 0.296875
vt 0.29115 0.296875
vt 0.28125 0.296875
vt 0.28125 0.28125
vt 0.29115 0.28125
vt 0.29300359375 0.296875
vt 0.28310375 0.296875
vt 0.28125 0.28995796875
vt 0.2948571875 0.28995734375000004
vt 0.2881675 0.2832678125
vt 0.2881675 0.296875
vt 0.28125046875 0.2950215625
vt 0.28125 0.28512171875000003
vt 0.28125 0.28125
vt 0.29485625 0.28125
vt 0.29485625 0.296875
vt 0.28125 0.296875
vt 0.29115 0.296875
vt 0.28125 0.296875
vt 0.28125 0.28125
vt 0.29115 0.28125
vt 0.293003125 0.296875
vt 0.283103125 0.296875
vt 0.28125 0.28995781249999997
vt 0.29485625 0.28995781249999997
vt 0.29485625 0.296875
vt 0.28125 0.296875
vt 0.283103125 0.28995781249999997
vt 0.293003125 0.28995781249999997
vt 0.28125 0.28125
vt 0.29485625 0.28125
vt 0.29485625 0.296875
vt 0.28125 0.296875
vt 0.29115 0.296875
vt 0.28125 0.296875
vt 0.28125 0.28125
vt 0.29115 0.28125
vt 0.28816765625 0.28512171875000003
vt 0.28816765625 0.2950215625
vt 0.28125 0.296875
vt 0.281250625 0.2832678125
vt 0.2948571875 0.296875
vt 0.28125 0.296875
vt 0.28310390625 0.2899575
vt 0.29300359375 0.28995796875
vt 0.28125 0.28125
vt 0.29485625 0.28125
vt 0.29485625 0.296875
vt 0.28125 0.296875
vt 0.29115 0.296875
vt 0.28125 0.296875
vt 0.28125 0.28125
vt 0.29115 0.28125
vt 0.28816765625 0.28512140625000004
vt 0.28816765625 0.29502125
vt 0.281250625 0.296875
vt 0.28125 0.2832678125
vt 0.2948571875 0.296875
vt 0.28125 0.296875
vt 0.2831034375 0.28995796875
vt 0.29300328125 0.2899575
vt 0.28125 0.28125
vt 0.29485625 0.28125
vt 0.29485625 0.296875
vt 0.28125 0.296875
vt 0.29115 0.296875
vt 0.28125 0.296875
vt 0.28125 0.28125
vt 0.29115 0.28125
vt 0.2881671875 0.28512187499999997
vt 0.2881671875 0.295021875
vt 0.28125 0.296875
vt 0.28125 0.28326874999999996
vt 0.28125 0.296875
vt 0.28125 0.28326874999999996
vt 0.2881671875 0.28512187499999997
vt 0.2881671875 0.295021875
vt 0.28125 0.28125
vt 0.29485625 0.28125
vt 0.29485625 0.296875
vt 0.28125 0.296875
vt 0.29115 0.296875
vt 0.28125 0.296875
vt 0.28125 0.28125
vt 0.29115 0.28125
vt 0.28310375 0.28995734375000004
vt 0.29300359375 0.28995734375000004
vt 0.2948571875 0.296875
vt 0.28125 0.296874375
vt 0.28125 0.296875
vt 0.28125 0.2832678125
vt 0.2881675 0.28512171875000003
vt 0.28816703125 0.2950215625
vt 0.28125 0.28125
vt 0.29485625 0.28125
vt 0.29485625 0.296875
vt 0.28125 0.296875
vt 0.29115 0.296875
vt 0.28125 0.296875
vt 0.28125 0.28125
vt 0.29115 0.28125
vt 0.2831034375 0.28995734375000004
vt 0.29300328125 0.28995734375000004
vt 0.2948571875 0.296874375
vt 0.28125 0.296875
vt 0.28125 0.296875
vt 0.28125 0.2832678125
vt 0.28816703125 0.28512140625000004
vt 0.2881675 0.29502109374999996
vt 0.28125 0.28125
vt 0.29485625 0.28125
vt 0.29485625 0.296875
vt 0.28125 0.296875
vt 0.29115 0.296875
vt 0.28125 0.296875
vt 0.28125 0.28125
vt 0.29115 0.28125
vt 0.283103125 0.28995781249999997
vt 0.293003125 0.28995781249999997
vt 0.29485625 0.296875
vt 0.28125 0.296875
vt 0.28125 0.28995781249999997
vt 0.29485625 0.28995781249999997
vt 0.293003125 0.296875
vt 0.283103125 0.296875
vt 0.3125 0.265625
vt 0.359375 0.265625
vt 0.359375 0.3125
vt 0.3125 0.3125
vt 0.359375 0.265625
vt 0.359375 0.3125
vt 0.3125 0.3125
vt 0.3125 0.265625
vt 0.359375 0.265625
vt 0.359375 0.28125
vt 0.3125 0.28125
vt 0.3125 0.265625
vt 0.359375 0.28125
vt 0.3125 0.28125
vt 0.3125 0.265625
vt 0.359375 0.265625
vt 0.3125 0.265625
vt 0.359375 0.265625
vt 0.359375 0.3125
vt 0.3125 0.3125
vt 0.359375 0.265625
vt 0.359375 0.3125
vt 0.3125 0.3125
vt 0.3125 0.265625
vt 0.359375 0.25
vt 0.359375 0.265625
vt 0.3125 0.265625
vt 0.3125 0.25
vt 0.359375 0.265625
vt 0.3125 0.265625
vt 0.3125 0.25
vt 0.359375 0.25
vt 0.3125 0.265625
vt 0.359375 0.265625
vt 0.359375 0.3125
vt 0.3125 0.3125
vt 0.359375 0.265625
vt 0.359375 0.3125
vt 0.3125 0.3125
vt 0.3125 0.265625
vt 0.359375 0.265625
vt 0.359375 0.28125
vt 0.3125 0.28125
vt 0.3125 0.265625
vt 0.359375 0.28125
vt 0.3125 0.28125
vt 0.3125 0.265625
vt 0.359375 0.265625
vt 0.3125 0.265625
vt 0.359375 0.265625
vt 0.359375 0.3125
vt 0.3125 0.3125
vt 0.359375 0.265625
vt 0.359375 0.3125
vt 0.3125 0.3125
vt 0.3125 0.265625
vt 0.359375 0.25
vt 0.359375 0.265625
vt 0.3125 0.265625
vt 0.3125 0.25
vt 0.359375 0.265625
vt 0.3125 0.265625
vt 0.3125 0.25
vt 0.359375 0.25
vt 0.3125 0.265625
vt 0.359375 0.265625
vt 0.359375 0.3125
vt 0.3125 0.3125
vt 0.359375 0.265625
vt 0.359375 0.3125
vt 0.3125 0.3125
vt 0.3125 0.265625
vt 0.359375 0.265625
vt 0.359375 0.28125
vt 0.3125 0.28125
vt 0.3125 0.265625
vt 0.359375 0.28125
vt 0.3125 0.28125
vt 0.3125 0.265625
vt 0.359375 0.265625
vt 0.3125 0.265625
vt 0.359375 0.265625
vt 0.359375 0.3125
vt 0.3125 0.3125
vt 0.359375 0.265625
vt 0.359375 0.3125
vt 0.3125 0.3125
vt 0.3125 0.265625
vt 0.359375 0.25
vt 0.359375 0.265625
vt 0.3125 0.265625
vt 0.3125 0.25
vt 0.359375 0.265625
vt 0.3125 0.265625
vt 0.3125 0.25
vt 0.359375 0.25
vt 0.3125 0.265625
vt 0.359375 0.265625
vt 0.359375 0.3125
vt 0.3125 0.3125
vt 0.359375 0.265625
vt 0.359375 0.3125
vt 0.3125 0.3125
vt 0.3125 0.265625
vt 0.359375 0.265625
vt 0.359375 0.28125
vt 0.3125 0.28125
vt 0.3125 0.265625
vt 0.359375 0.28125
vt 0.3125 0.28125
vt 0.3125 0.265625
vt 0.359375 0.265625
vt 0.3125 0.265625
vt 0.359375 0.265625
vt 0.359375 0.3125
vt 0.3125 0.3125
vt 0.359375 0.265625
vt 0.359375 0.3125
vt 0.3125 0.3125
vt 0.3125 0.265625
vt 0.359375 0.25
vt 0.359375 0.265625
vt 0.3125 0.265625
vt 0.3125 0.25
vt 0.359375 0.265625
vt 0.3125 0.265625
vt 0.3125 0.25
vt 0.359375 0.25
vt 0.21078125 0.79703125
vt 0.2421875 0.85140625
vt 0.125 0.8828125
vt 0.2421875 0.85140625
vt 0.2421875 0.91421875
vt 0.125 0.8828125
vt 0.2421875 0.91421875
vt 0.21078125 0.96859375
vt 0.125 0.8828125
vt 0.21078125 0.96859375
vt 0.15640625 1
vt 0.125 0.8828125
vt 0.15640625 1
vt 0.09359375 1
vt 0.125 0.8828125
vt 0.09359375 1
vt 0.03921875 0.96859375
vt 0.125 0.8828125
vt 0.03921875 0.96859375
vt 0.0078125 0.91421875
vt 0.125 0.8828125
vt 0.0078125 0.91421875
vt 0.0078125 0.85140625
vt 0.125 0.8828125
vt 0.0078125 0.85140625
vt 0.03921875 0.79703125
vt 0.125 0.8828125
vt 0.03921875 0.79703125
vt 0.09359375 0.765625
vt 0.125 0.8828125
vt 0.09359375 0.765625
vt 0.15640625 0.765625
vt 0.125 0.8828125
vt 0.15640625 0.765625
vt 0.21078125 0.79703125
vt 0.125 0.8828125
vt 0.28125 0.28125
vt 0.289621875 0.28125
vt 0.289621875 0.296875
vt 0.28125 0.296875
vt 0.28573125 0.296875
vt 0.28125 0.296875
vt 0.28125 0.28125
vt 0.28573125 0.28125
vt 0.28125 0.29492734374999996
vt 0.28125 0.29044499999999995
vt 0.28851390625 0.28850062499999996
vt 0.2885103125 0.296875
vt 0.28125 0.28961187499999996
vt 0.289624375 0.28961187499999996
vt 0.287676875 0.296875
vt 0.28319453125 0.29687312499999996
vt 0.28125 0.28125
vt 0.289621875 0.28125
vt 0.289621875 0.296875
vt 0.28125 0.296875
vt 0.28573125 0.296875
vt 0.28125 0.296875
vt 0.28125 0.28125
vt 0.28573125 0.28125
vt 0.28125 0.294930625
vt 0.28125 0.29044828125
vt 0.2885103125 0.28850062499999996
vt 0.28851390625 0.296875
vt 0.28125 0.28961187499999996
vt 0.289624375 0.28961187499999996
vt 0.28767984375 0.29687312499999996
vt 0.2831975 0.296875
vt 0.28125 0.28125
vt 0.289621875 0.28125
vt 0.289621875 0.296875
vt 0.28125 0.296875
vt 0.28573125 0.296875
vt 0.28125 0.296875
vt 0.28125 0.28125
vt 0.28573125 0.28125
vt 0.28125 0.29492968750000004
vt 0.28125 0.29044843750000005
vt 0.2885109375 0.28850312499999997
vt 0.2885109375 0.296875
vt 0.2885109375 0.28850312499999997
vt 0.2885109375 0.296875
vt 0.28125 0.29492968750000004
vt 0.28125 0.29044843750000005
vt 0.28125 0.28125
vt 0.289621875 0.28125
vt 0.289621875 0.296875
vt 0.28125 0.296875
vt 0.28573125 0.296875
vt 0.28125 0.296875
vt 0.28125 0.28125
vt 0.28573125 0.28125
vt 0.28767671875 0.296875
vt 0.283194375 0.296875
vt 0.28125 0.28961109375000005
vt 0.289624375 0.28961468749999997
vt 0.288513125 0.28850062499999996
vt 0.288513125 0.296875
vt 0.28125 0.2949275
vt 0.281251875 0.29044515625
vt 0.28125 0.28125
vt 0.289621875 0.28125
vt 0.289621875 0.296875
vt 0.28125 0.296875
vt 0.28573125 0.296875
vt 0.28125 0.296875
vt 0.28125 0.28125
vt 0.28573125 0.28125
vt 0.28768 0.296875
vt 0.28319765625 0.296875
vt 0.28125 0.28961468749999997
vt 0.289624375 0.28961109375000005
vt 0.288513125 0.28850062499999996
vt 0.288513125 0.296875
vt 0.281251875 0.29493046874999995
vt 0.28125 0.29044812499999995
vt 0.28125 0.28125
vt 0.289621875 0.28125
vt 0.289621875 0.296875
vt 0.28125 0.296875
vt 0.28573125 0.296875
vt 0.28125 0.296875
vt 0.28125 0.28125
vt 0.28573125 0.28125
vt 0.2876765625 0.296875
vt 0.2831953125 0.296875
vt 0.28125 0.2896140625
vt 0.289621875 0.2896140625
vt 0.289621875 0.296875
vt 0.28125 0.296875
vt 0.2831953125 0.2896140625
vt 0.2876765625 0.2896140625
vt 0.28125 0.28125
vt 0.289621875 0.28125
vt 0.289621875 0.296875
vt 0.28125 0.296875
vt 0.28573125 0.296875
vt 0.28125 0.296875
vt 0.28125 0.28125
vt 0.28573125 0.28125
vt 0.28851390625 0.29044828125
vt 0.28851390625 0.294930625
vt 0.28125 0.296875
vt 0.28125359375 0.28850062499999996
vt 0.289624375 0.296875
vt 0.28125 0.296875
vt 0.2831975 0.28961187499999996
vt 0.28767984375 0.28961390625000005
vt 0.28125 0.28125
vt 0.289621875 0.28125
vt 0.289621875 0.296875
vt 0.28125 0.296875
vt 0.28573125 0.296875
vt 0.28125 0.296875
vt 0.28125 0.28125
vt 0.28573125 0.28125
vt 0.28851390625 0.29044499999999995
vt 0.28851390625 0.29492734374999996
vt 0.28125359375 0.296875
vt 0.28125 0.28850062499999996
vt 0.289624375 0.296875
vt 0.28125 0.296875
vt 0.28319453125 0.28961390625000005
vt 0.287676875 0.28961187499999996
vt 0.28125 0.28125
vt 0.289621875 0.28125
vt 0.289621875 0.296875
vt 0.28125 0.296875
vt 0.28573125 0.296875
vt 0.28125 0.296875
vt 0.28125 0.28125
vt 0.28573125 0.28125
vt 0.2885109375 0.29044843750000005
vt 0.2885109375 0.29492968750000004
vt 0.28125 0.296875
vt 0.28125 0.28850312499999997
vt 0.28125 0.296875
vt 0.28125 0.28850312499999997
vt 0.2885109375 0.29044843750000005
vt 0.2885109375 0.29492968750000004
vt 0.28125 0.28125
vt 0.289621875 0.28125
vt 0.289621875 0.296875
vt 0.28125 0.296875
vt 0.28573125 0.296875
vt 0.28125 0.296875
vt 0.28125 0.28125
vt 0.28573125 0.28125
vt 0.28319765625 0.28961109375000005
vt 0.28768 0.28961109375000005
vt 0.289624375 0.296875
vt 0.28125 0.29687140624999997
vt 0.28125 0.296875
vt 0.28125 0.28850062499999996
vt 0.288513125 0.29044812499999995
vt 0.28851109375 0.29493046874999995
vt 0.28125 0.28125
vt 0.289621875 0.28125
vt 0.289621875 0.296875
vt 0.28125 0.296875
vt 0.28573125 0.296875
vt 0.28125 0.296875
vt 0.28125 0.28125
vt 0.28573125 0.28125
vt 0.283194375 0.28961109375000005
vt 0.28767671875 0.28961109375000005
vt 0.289624375 0.29687140624999997
vt 0.28125 0.296875
vt 0.28125 0.296875
vt 0.28125 0.28850062499999996
vt 0.28851109375 0.29044515625
vt 0.288513125 0.2949275
vt 0.28125 0.28125
vt 0.289621875 0.28125
vt 0.289621875 0.296875
vt 0.28125 0.296875
vt 0.28573125 0.296875
vt 0.28125 0.296875
vt 0.28125 0.28125
vt 0.28573125 0.28125
vt 0.2831953125 0.2896140625
vt 0.2876765625 0.2896140625
vt 0.289621875 0.296875
vt 0.28125 0.296875
vt 0.28125 0.2896140625
vt 0.289621875 0.2896140625
vt 0.2876765625 0.296875
vt 0.2831953125 0.296875
vt 0.21078125 0.79703125
vt 0.2421875 0.85140625
vt 0.125 0.8828125
vt 0.2421875 0.85140625
vt 0.2421875 0.91421875
vt 0.125 0.8828125
vt 0.2421875 0.91421875
vt 0.21078125 0.96859375
vt 0.125 0.8828125
vt 0.21078125 0.96859375
vt 0.15640625 1
vt 0.125 0.8828125
vt 0.15640625 1
vt 0.09359375 1
vt 0.125 0.8828125
vt 0.09359375 1
vt 0.03921875 0.96859375
vt 0.125 0.8828125
vt 0.03921875 0.96859375
vt 0.0078125 0.91421875
vt 0.125 0.8828125
vt 0.0078125 0.91421875
vt 0.0078125 0.85140625
vt 0.125 0.8828125
vt 0.0078125 0.85140625
vt 0.03921875 0.79703125
vt 0.125 0.8828125
vt 0.03921875 0.79703125
vt 0.09359375 0.765625
vt 0.125 0.8828125
vt 0.09359375 0.765625
vt 0.15640625 0.765625
vt 0.125 0.8828125
vt 0.15640625 0.765625
vt 0.21078125 0.79703125
vt 0.125 0.8828125
vt 0.28125 0.28125
vt 0.289621875 0.28125
vt 0.289621875 0.296875
vt 0.28125 0.296875
vt 0.28573125 0.296875
vt 0.28125 0.296875
vt 0.28125 0.28125
vt 0.28573125 0.28125
vt 0.28125 0.29492734374999996
vt 0.28125 0.29044499999999995
vt 0.28851390625 0.28850062499999996
vt 0.2885103125 0.296875
vt 0.28125 0.28961187499999996
vt 0.289624375 0.28961187499999996
vt 0.287676875 0.296875
vt 0.28319453125 0.29687312499999996
vt 0.28125 0.28125
vt 0.289621875 0.28125
vt 0.289621875 0.296875
vt 0.28125 0.296875
vt 0.28573125 0.296875
vt 0.28125 0.296875
vt 0.28125 0.28125
vt 0.28573125 0.28125
vt 0.28125 0.294930625
vt 0.28125 0.29044828125
vt 0.2885103125 0.28850062499999996
vt 0.28851390625 0.296875
vt 0.28125 0.28961187499999996
vt 0.289624375 0.28961187499999996
vt 0.28767984375 0.29687312499999996
vt 0.2831975 0.296875
vt 0.28125 0.28125
vt 0.289621875 0.28125
vt 0.289621875 0.296875
vt 0.28125 0.296875
vt 0.28573125 0.296875
vt 0.28125 0.296875
vt 0.28125 0.28125
vt 0.28573125 0.28125
vt 0.28125 0.29492968750000004
vt 0.28125 0.29044843750000005
vt 0.2885109375 0.28850312499999997
vt 0.2885109375 0.296875
vt 0.2885109375 0.28850312499999997
vt 0.2885109375 0.296875
vt 0.28125 0.29492968750000004
vt 0.28125 0.29044843750000005
vt 0.28125 0.28125
vt 0.289621875 0.28125
vt 0.289621875 0.296875
vt 0.28125 0.296875
vt 0.28573125 0.296875
vt 0.28125 0.296875
vt 0.28125 0.28125
vt 0.28573125 0.28125
vt 0.28767671875 0.296875
vt 0.283194375 0.296875
vt 0.28125 0.28961109375000005
vt 0.289624375 0.28961468749999997
vt 0.288513125 0.28850062499999996
vt 0.288513125 0.296875
vt 0.28125 0.2949275
vt 0.281251875 0.29044515625
vt 0.28125 0.28125
vt 0.289621875 0.28125
vt 0.289621875 0.296875
vt 0.28125 0.296875
vt 0.28573125 0.296875
vt 0.28125 0.296875
vt 0.28125 0.28125
vt 0.28573125 0.28125
vt 0.28768 0.296875
vt 0.28319765625 0.296875
vt 0.28125 0.28961468749999997
vt 0.289624375 0.28961109375000005
vt 0.288513125 0.28850062499999996
vt 0.288513125 0.296875
vt 0.281251875 0.29493046874999995
vt 0.28125 0.29044812499999995
vt 0.28125 0.28125
vt 0.289621875 0.28125
vt 0.289621875 0.296875
vt 0.28125 0.296875
vt 0.28573125 0.296875
vt 0.28125 0.296875
vt 0.28125 0.28125
vt 0.28573125 0.28125
vt 0.2876765625 0.296875
vt 0.2831953125 0.296875
vt 0.28125 0.2896140625
vt 0.289621875 0.2896140625
vt 0.289621875 0.296875
vt 0.28125 0.296875
vt 0.2831953125 0.2896140625
vt 0.2876765625 0.2896140625
vt 0.28125 0.28125
vt 0.289621875 0.28125
vt 0.289621875 0.296875
vt 0.28125 0.296875
vt 0.28573125 0.296875
vt 0.28125 0.296875
vt 0.28125 0.28125
vt 0.28573125 0.28125
vt 0.28851390625 0.29044828125
vt 0.28851390625 0.294930625
vt 0.28125 0.296875
vt 0.28125359375 0.28850062499999996
vt 0.289624375 0.296875
vt 0.28125 0.296875
vt 0.2831975 0.28961187499999996
vt 0.28767984375 0.28961390625000005
vt 0.28125 0.28125
vt 0.289621875 0.28125
vt 0.289621875 0.296875
vt 0.28125 0.296875
vt 0.28573125 0.296875
vt 0.28125 0.296875
vt 0.28125 0.28125
vt 0.28573125 0.28125
vt 0.28851390625 0.29044499999999995
vt 0.28851390625 0.29492734374999996
vt 0.28125359375 0.296875
vt 0.28125 0.28850062499999996
vt 0.289624375 0.296875
vt 0.28125 0.296875
vt 0.28319453125 0.28961390625000005
vt 0.287676875 0.28961187499999996
vt 0.28125 0.28125
vt 0.289621875 0.28125
vt 0.289621875 0.296875
vt 0.28125 0.296875
vt 0.28573125 0.296875
vt 0.28125 0.296875
vt 0.28125 0.28125
vt 0.28573125 0.28125
vt 0.2885109375 0.29044843750000005
vt 0.2885109375 0.29492968750000004
vt 0.28125 0.296875
vt 0.28125 0.28850312499999997
vt 0.28125 0.296875
vt 0.28125 0.28850312499999997
vt 0.2885109375 0.29044843750000005
vt 0.2885109375 0.29492968750000004
vt 0.28125 0.28125
vt 0.289621875 0.28125
vt 0.289621875 0.296875
vt 0.28125 0.296875
vt 0.28573125 0.296875
vt 0.28125 0.296875
vt 0.28125 0.28125
vt 0.28573125 0.28125
vt 0.28319765625 0.28961109375000005
vt 0.28768 0.28961109375000005
vt 0.289624375 0.296875
vt 0.28125 0.29687140624999997
vt 0.28125 0.296875
vt 0.28125 0.28850062499999996
vt 0.288513125 0.29044812499999995
vt 0.28851109375 0.29493046874999995
vt 0.28125 0.28125
vt 0.289621875 0.28125
vt 0.289621875 0.296875
vt 0.28125 0.296875
vt 0.28573125 0.296875
vt 0.28125 0.296875
vt 0.28125 0.28125
vt 0.28573125 0.28125
vt 0.283194375 0.28961109375000005
vt 0.28767671875 0.28961109375000005
vt 0.289624375 0.29687140624999997
vt 0.28125 0.296875
vt 0.28125 0.296875
vt 0.28125 0.28850062499999996
vt 0.28851109375 0.29044515625
vt 0.288513125 0.2949275
vt 0.28125 0.28125
vt 0.289621875 0.28125
vt 0.289621875 0.296875
vt 0.28125 0.296875
vt 0.28573125 0.296875
vt 0.28125 0.296875
vt 0.28125 0.28125
vt 0.28573125 0.28125
vt 0.2831953125 0.2896140625
vt 0.2876765625 0.2896140625
vt 0.289621875 0.296875
vt 0.28125 0.296875
vt 0.28125 0.2896140625
vt 0.289621875 0.2896140625
vt 0.2876765625 0.296875
vt 0.2831953125 0.296875
vt 0.03125 0.75
vt 0.03125 1
vt 0 1
vt 0 0.75
vt 0.03125 0.75
vt 0.03125 1
vt 0 1
vt 0 0.75
vt 0.046875 0.96875
vt 0.046875 1
vt 0 1
vt 0 0.96875
vt 0.046875 0.75
vt 0.046875 1
vt 0 1
vt 0 0.75
vt 0.046875 0.75
vt 0.046875 1
vt 0 1
vt 0 0.75
vt 0.03125 0.75
vt 0.03125 1
vt 0 1
vt 0 0.75
vt 0.03125 0.75
vt 0.03125 1
vt 0 1
vt 0 0.75
vt 0.046875 0.96875
vt 0.046875 1
vt 0 1
vt 0 0.96875
vt 0.046875 0.75
vt 0.046875 1
vt 0 1
vt 0 0.75
vt 0.046875 0.75
vt 0.046875 1
vt 0 1
vt 0 0.75
vt 0.171875 0.9375
vt 0.171875 0.953125
vt 0.109375 0.953125
vt 0.109375 0.9375
vt 0.171875 0.9375
vt 0.171875 0.953125
vt 0.109375 0.953125
vt 0.109375 0.9375
vt 0.028125 0.9375
vt 0.028125 1
vt 0 1
vt 0 0.9375
vt 0.028125 0.9375
vt 0.028125 1
vt 0 1
vt 0 0.9375
vt 0.028125 0.984375
vt 0.028125 1
vt 0 1
vt 0 0.984375
vt 0.028125 0.984375
vt 0.028125 1
vt 0 1
vt 0 0.984375
vt 0.171875 0.9375
vt 0.171875 0.953125
vt 0.109375 0.953125
vt 0.109375 0.9375
vt 0.171875 0.9375
vt 0.171875 0.953125
vt 0.109375 0.953125
vt 0.109375 0.9375
vt 0.028125 0.9375
vt 0.028125 1
vt 0 1
vt 0 0.9375
vt 0.028125 0.9375
vt 0.028125 1
vt 0 1
vt 0 0.9375
vt 0.028125 0.984375
vt 0.028125 1
vt 0 1
vt 0 0.984375
vt 0.028125 0.984375
vt 0.028125 1
vt 0 1
vt 0 0.984375
vt 0.171875 0.9375
vt 0.171875 0.953125
vt 0.109375 0.953125
vt 0.109375 0.9375
vt 0.171875 0.9375
vt 0.171875 0.953125
vt 0.109375 0.953125
vt 0.109375 0.9375
vt 0.028125 0.9375
vt 0.028125 1
vt 0 1
vt 0 0.9375
vt 0.028125 0.9375
vt 0.028125 1
vt 0 1
vt 0 0.9375
vt 0.028125 0.984375
vt 0.028125 1
vt 0 1
vt 0 0.984375
vt 0.028125 0.984375
vt 0.028125 1
vt 0 1
vt 0 0.984375
vt 0.171875 0.9375
vt 0.171875 0.953125
vt 0.109375 0.953125
vt 0.109375 0.9375
vt 0.171875 0.9375
vt 0.171875 0.953125
vt 0.109375 0.953125
vt 0.109375 0.9375
vt 0.028125 0.9375
vt 0.028125 1
vt 0 1
vt 0 0.9375
vt 0.028125 0.9375
vt 0.028125 1
vt 0 1
vt 0 0.9375
vt 0.028125 0.984375
vt 0.028125 1
vt 0 1
vt 0 0.984375
vt 0.028125 0.984375
vt 0.028125 1
vt 0 1
vt 0 0.984375
vt 0.03125 0.75
vt 0.03125 1
vt 0 1
vt 0 0.75
vt 0.03125 0.75
vt 0.03125 1
vt 0 1
vt 0 0.75
vt 0.046875 0.96875
vt 0.046875 1
vt 0 1
vt 0 0.96875
vt 0.046875 0.75
vt 0.046875 1
vt 0 1
vt 0 0.75
vt 0.046875 0.75
vt 0.046875 1
vt 0 1
vt 0 0.75
vt 0.03125 0.75
vt 0.03125 1
vt 0 1
vt 0 0.75
vt 0.03125 0.75
vt 0.03125 1
vt 0 1
vt 0 0.75
vt 0.046875 0.96875
vt 0.046875 1
vt 0 1
vt 0 0.96875
vt 0.046875 0.75
vt 0.046875 1
vt 0 1
vt 0 0.75
vt 0.046875 0.75
vt 0.046875 1
vt 0 1
vt 0 0.75
vt 0.03125 0.75
vt 0.03125 1
vt 0 1
vt 0 0.75
vt 0.03125 0.75
vt 0.03125 1
vt 0 1
vt 0 0.75
vt 0.046875 0.96875
vt 0.046875 1
vt 0 1
vt 0 0.96875
vt 0.046875 0.75
vt 0.046875 1
vt 0 1
vt 0 0.75
vt 0.046875 0.75
vt 0.046875 1
vt 0 1
vt 0 0.75
vt 0.03125 0.75
vt 0.03125 1
vt 0 1
vt 0 0.75
vt 0.03125 0.75
vt 0.03125 1
vt 0 1
vt 0 0.75
vt 0.046875 0.96875
vt 0.046875 1
vt 0 1
vt 0 0.96875
vt 0.046875 0.75
vt 0.046875 1
vt 0 1
vt 0 0.75
vt 0.046875 0.75
vt 0.046875 1
vt 0 1
vt 0 0.75
vt 0.171875 0.9375
vt 0.171875 0.953125
vt 0.109375 0.953125
vt 0.109375 0.9375
vt 0.171875 0.9375
vt 0.171875 0.953125
vt 0.109375 0.953125
vt 0.109375 0.9375
vt 0.028125 0.9375
vt 0.028125 1
vt 0 1
vt 0 0.9375
vt 0.028125 0.9375
vt 0.028125 1
vt 0 1
vt 0 0.9375
vt 0.028125 0.984375
vt 0.028125 1
vt 0 1
vt 0 0.984375
vt 0.028125 0.984375
vt 0.028125 1
vt 0 1
vt 0 0.984375
vt 0.171875 0.9375
vt 0.171875 0.953125
vt 0.109375 0.953125
vt 0.109375 0.9375
vt 0.171875 0.9375
vt 0.171875 0.953125
vt 0.109375 0.953125
vt 0.109375 0.9375
vt 0.028125 0.9375
vt 0.028125 1
vt 0 1
vt 0 0.9375
vt 0.028125 0.9375
vt 0.028125 1
vt 0 1
vt 0 0.9375
vt 0.028125 0.984375
vt 0.028125 1
vt 0 1
vt 0 0.984375
vt 0.028125 0.984375
vt 0.028125 1
vt 0 1
vt 0 0.984375
vt 0.03125 0.75
vt 0.03125 1
vt 0 1
vt 0 0.75
vt 0.03125 0.75
vt 0.03125 1
vt 0 1
vt 0 0.75
vt 0.046875 0.96875
vt 0.046875 1
vt 0 1
vt 0 0.96875
vt 0.046875 0.75
vt 0.046875 1
vt 0 1
vt 0 0.75
vt 0.046875 0.75
vt 0.046875 1
vt 0 1
vt 0 0.75
vt 0.03125 0.75
vt 0.03125 1
vt 0 1
vt 0 0.75
vt 0.03125 0.75
vt 0.03125 1
vt 0 1
vt 0 0.75
vt 0.046875 0.96875
vt 0.046875 1
vt 0 1
vt 0 0.96875
vt 0.046875 0.75
vt 0.046875 1
vt 0 1
vt 0 0.75
vt 0.046875 0.75
vt 0.046875 1
vt 0 1
vt 0 0.75
vt 0.171875 0.9375
vt 0.171875 0.953125
vt 0.109375 0.953125
vt 0.109375 0.9375
vt 0.171875 0.9375
vt 0.171875 0.953125
vt 0.109375 0.953125
vt 0.109375 0.9375
vt 0.028125 0.9375
vt 0.028125 1
vt 0 1
vt 0 0.9375
vt 0.028125 0.9375
vt 0.028125 1
vt 0 1
vt 0 0.9375
vt 0.028125 0.984375
vt 0.028125 1
vt 0 1
vt 0 0.984375
vt 0.028125 0.984375
vt 0.028125 1
vt 0 1
vt 0 0.984375
vt 0.171875 0.9375
vt 0.171875 0.953125
vt 0.109375 0.953125
vt 0.109375 0.9375
vt 0.171875 0.9375
vt 0.171875 0.953125
vt 0.109375 0.953125
vt 0.109375 0.9375
vt 0.028125 0.9375
vt 0.028125 1
vt 0 1
vt 0 0.9375
vt 0.028125 0.9375
vt 0.028125 1
vt 0 1
vt 0 0.9375
vt 0.028125 0.984375
vt 0.028125 1
vt 0 1
vt 0 0.984375
vt 0.028125 0.984375
vt 0.028125 1
vt 0 1
vt 0 0.984375
vt 0.03125 0.859375
vt 0.03125 1
vt 0 1
vt 0 0.859375
vt 0.03125 0.859375
vt 0.03125 1
vt 0 1
vt 0 0.859375
vt 0.046875 0.96875
vt 0.046875 1
vt 0 1
vt 0 0.96875
vt 0.046875 0.96875
vt 0.046875 1
vt 0 1
vt 0 0.96875
vt 0.046875 0.859375
vt 0.046875 1
vt 0 1
vt 0 0.859375
vt 0.046875 0.859375
vt 0.046875 1
vt 0 1
vt 0 0.859375
vt 0.03125 0.859375
vt 0.03125 1
vt 0 1
vt 0 0.859375
vt 0.03125 0.859375
vt 0.03125 1
vt 0 1
vt 0 0.859375
vt 0.046875 0.96875
vt 0.046875 1
vt 0 1
vt 0 0.96875
vt 0.046875 0.96875
vt 0.046875 1
vt 0 1
vt 0 0.96875
vt 0.046875 0.859375
vt 0.046875 1
vt 0 1
vt 0 0.859375
vt 0.046875 0.859375
vt 0.046875 1
vt 0 1
vt 0 0.859375
vt 0.171875 0.9375
vt 0.171875 0.953125
vt 0.109375 0.953125
vt 0.109375 0.9375
vt 0.171875 0.9375
vt 0.171875 0.953125
vt 0.109375 0.953125
vt 0.109375 0.9375
vt 0.028125 0.9375
vt 0.028125 1
vt 0 1
vt 0 0.9375
vt 0.028125 0.9375
vt 0.028125 1
vt 0 1
vt 0 0.9375
vt 0.028125 0.984375
vt 0.028125 1
vt 0 1
vt 0 0.984375
vt 0.028125 0.984375
vt 0.028125 1
vt 0 1
vt 0 0.984375
vt 0.1875 0.578125
vt 0.1875 0.6875
vt 0 0.6875
vt 0 0.578125
vt 0.1875 0.578125
vt 0.1875 0.6875
vt 0 0.6875
vt 0 0.578125
vt 0.1875 0.5
vt 0.1875 0.6875
vt 0 0.6875
vt 0 0.5
vt 0.1875 0.5
vt 0.1875 0.6875
vt 0 0.6875
vt 0 0.5
vt 0.1875 0.578125
vt 0.1875 0.6875
vt 0 0.6875
vt 0 0.578125
vt 0.1875 0.578125
vt 0.1875 0.6875
vt 0 0.6875
vt 0 0.578125
vt 0.15625 0.984375
vt 0.15625 1
vt 0 1
vt 0 0.984375
vt 0.15625 0.984375
vt 0.15625 1
vt 0 1
vt 0 0.984375
vt 0.15625 0.84375
vt 0.15625 1
vt 0 1
vt 0 0.84375
vt 0.15625 0.84375
vt 0.15625 1
vt 0 1
vt 0 0.84375
vt 0.15625 0.984375
vt 0.15625 1
vt 0 1
vt 0 0.984375
vt 0.15625 0.984375
vt 0.15625 1
vt 0 1
vt 0 0.984375
vt 0.0296875 0.75
vt 0.0296875 1
vt 0 1
vt 0 0.75
vt 0.0296875 0.75
vt 0.0296875 1
vt 0 1
vt 0 0.75
vt 0.046875 0.9703125
vt 0.046875 1
vt 0 1
vt 0 0.9703125
vt 0.046875 0.9703125
vt 0.046875 1
vt 0 1
vt 0 0.9703125
vt 0.046875 0.75
vt 0.046875 1
vt 0 1
vt 0 0.75
vt 0.046875 0.75
vt 0.046875 1
vt 0 1
vt 0 0.75
vt 0.028125 0.75
vt 0.028125 1
vt 0 1
vt 0 0.75
vt 0.028125 0.75
vt 0.028125 1
vt 0 1
vt 0 0.75
vt 0.046875 0.971875
vt 0.046875 1
vt 0 1
vt 0 0.971875
vt 0.046875 0.971875
vt 0.046875 1
vt 0 1
vt 0 0.971875
vt 0.046875 0.75
vt 0.046875 1
vt 0 1
vt 0 0.75
vt 0.046875 0.75
vt 0.046875 1
vt 0 1
vt 0 0.75
vt 0.0296875 0.75
vt 0.0296875 1
vt 0 1
vt 0 0.75
vt 0.0296875 0.75
vt 0.0296875 1
vt 0 1
vt 0 0.75
vt 0.046875 0.9703125
vt 0.046875 1
vt 0 1
vt 0 0.9703125
vt 0.046875 0.9703125
vt 0.046875 1
vt 0 1
vt 0 0.9703125
vt 0.046875 0.75
vt 0.046875 1
vt 0 1
vt 0 0.75
vt 0.046875 0.75
vt 0.046875 1
vt 0 1
vt 0 0.75
vt 0.028125 0.75
vt 0.028125 1
vt 0 1
vt 0 0.75
vt 0.028125 0.75
vt 0.028125 1
vt 0 1
vt 0 0.75
vt 0.046875 0.971875
vt 0.046875 1
vt 0 1
vt 0 0.971875
vt 0.046875 0.971875
vt 0.046875 1
vt 0 1
vt 0 0.971875
vt 0.046875 0.75
vt 0.046875 1
vt 0 1
vt 0 0.75
vt 0.046875 0.75
vt 0.046875 1
vt 0 1
vt 0 0.75
vt 0.515625 0.84375
vt 0.515625 1
vt 0.4375 1
vt 0.4375 0.84375
vt 0.515625 0.84375
vt 0.515625 1
vt 0.4375 1
vt 0.4375 0.84375
vt 0.390625 0.75
vt 0.390625 0.828125
vt 0.265625 0.828125
vt 0.265625 0.75
vt 0.390625 0.75
vt 0.390625 0.828125
vt 0.265625 0.828125
vt 0.265625 0.75
vt 0.390625 0.84375
vt 0.390625 1
vt 0.265625 1
vt 0.265625 0.84375
vt 0.390625 0.84375
vt 0.390625 1
vt 0.265625 1
vt 0.265625 0.84375
vt 0.84375 0.484375
vt 0.84375 0.734375
vt 0.828125 0.734375
vt 0.828125 0.484375
vt 0.84375 0.484375
vt 0.84375 0.734375
vt 0.828125 0.734375
vt 0.828125 0.484375
vt 0.828125 0.734375
vt 0.828125 0.75
vt 0.765625 0.75
vt 0.765625 0.734375
vt 0.828125 0.734375
vt 0.828125 0.75
vt 0.765625 0.75
vt 0.765625 0.734375
vt 0.25 0.75
vt 0.25 1
vt 0.1875 1
vt 0.1875 0.75
vt 0.96875 0.484375
vt 0.96875 0.65625
vt 0.9375 0.65625
vt 0.9375 0.484375
vt 0.7734375 0.921875
vt 0.7734375 0.984375
vt 0.765625 0.984375
vt 0.765625 0.921875
vt 0.71875 0.921875
vt 0.71875 0.984375
vt 0.7265625 0.984375
vt 0.7265625 0.921875
vt 0.77734375 0.984375
vt 0.77734375 0.9921875
vt 0.72265625 0.9921875
vt 0.72265625 0.984375
vt 0.77734375 0.8984375
vt 0.77734375 0.90625
vt 0.72265625 0.90625
vt 0.72265625 0.8984375
vt 0.77734375 0.84375
vt 0.77734375 0.90625
vt 0.72265625 0.90625
vt 0.72265625 0.84375
vt 0.77734375 0.921875
vt 0.77734375 0.984375
vt 0.72265625 0.984375
vt 0.72265625 0.921875
vt 0.28125 0.484375
vt 0.28125 0.703125
vt 0.265625 0.703125
vt 0.265625 0.484375
vt 0.484375 0.484375
vt 0.484375 0.703125
vt 0.46875 0.703125
vt 0.46875 0.484375
vt 0.44140625 0.046875
vt 0.44140625 0.0625
vt 0.25390625 0.0625
vt 0.25390625 0.046875
vt 0.46875 0.484375
vt 0.46875 0.703125
vt 0.28125 0.703125
vt 0.28125 0.484375
vt 0.46875 0.484375
vt 0.46875 0.703125
vt 0.28125 0.703125
vt 0.28125 0.484375
vt 0.28125 0.328125
vt 0.28125 0.46875
vt 0.265625 0.46875
vt 0.265625 0.328125
vt 0.484375 0.328125
vt 0.484375 0.46875
vt 0.46875 0.46875
vt 0.46875 0.328125
vt 0.41015625 0.109375
vt 0.41015625 0.125
vt 0.22265625 0.125
vt 0.22265625 0.109375
vt 0.47265625 0.328125
vt 0.47265625 0.34375
vt 0.28515625 0.34375
vt 0.28515625 0.328125
vt 0.46875 0.328125
vt 0.46875 0.46875
vt 0.28125 0.46875
vt 0.28125 0.328125
vt 0.46875 0.328125
vt 0.46875 0.46875
vt 0.28125 0.46875
vt 0.28125 0.328125
vt 0.296875 0.703125
vt 0.296875 0.734375
vt 0.28125 0.734375
vt 0.28125 0.703125
vt 0.46875 0.703125
vt 0.46875 0.734375
vt 0.453125 0.734375
vt 0.453125 0.703125
vt 0.4375 0.71875
vt 0.4375 0.734375
vt 0.3125 0.734375
vt 0.3125 0.71875
vt 0.42578125 0.125
vt 0.42578125 0.140625
vt 0.30078125 0.140625
vt 0.30078125 0.125
vt 0.4375 0.703125
vt 0.4375 0.734375
vt 0.3125 0.734375
vt 0.3125 0.703125
vt 0.4375 0.703125
vt 0.4375 0.734375
vt 0.3125 0.734375
vt 0.3125 0.703125
vt 0.46875 0.703125
vt 0.46875 0.734375
vt 0.453125 0.734375
vt 0.453125 0.703125
vt 0.46875 0.703125
vt 0.46875 0.734375
vt 0.453125 0.734375
vt 0.453125 0.703125
vt 0.44921875 0.71875
vt 0.44921875 0.734375
vt 0.4140625 0.734375
vt 0.4140625 0.71875
vt 0.37109375 0.09375
vt 0.37109375 0.109375
vt 0.3359375 0.109375
vt 0.3359375 0.09375
vt 0.46484375 0.703125
vt 0.46484375 0.734375
vt 0.4296875 0.734375
vt 0.4296875 0.703125
vt 0.46484375 0.703125
vt 0.46484375 0.734375
vt 0.4296875 0.734375
vt 0.4296875 0.703125
vt 0.46875 0.703125
vt 0.46875 0.734375
vt 0.453125 0.734375
vt 0.453125 0.703125
vt 0.46875 0.703125
vt 0.46875 0.734375
vt 0.453125 0.734375
vt 0.453125 0.703125
vt 0.44921875 0.71875
vt 0.44921875 0.734375
vt 0.4140625 0.734375
vt 0.4140625 0.71875
vt 0.37109375 0.09375
vt 0.37109375 0.109375
vt 0.3359375 0.109375
vt 0.3359375 0.09375
vt 0.46484375 0.703125
vt 0.46484375 0.734375
vt 0.4296875 0.734375
vt 0.4296875 0.703125
vt 0.46484375 0.703125
vt 0.46484375 0.734375
vt 0.4296875 0.734375
vt 0.4296875 0.703125
vt 0.53125 0.4375
vt 0.53125 0.484375
vt 0.5 0.484375
vt 0.5 0.4375
vt 0.53125 0.4375
vt 0.53125 0.484375
vt 0.5 0.484375
vt 0.5 0.4375
vt 0.546875 0.453125
vt 0.546875 0.484375
vt 0.5 0.484375
vt 0.5 0.453125
vt 0.546875 0.453125
vt 0.546875 0.484375
vt 0.5 0.484375
vt 0.5 0.453125
vt 0.546875 0.4375
vt 0.546875 0.484375
vt 0.5 0.484375
vt 0.5 0.4375
vt 0.546875 0.4375
vt 0.546875 0.484375
vt 0.5 0.484375
vt 0.5 0.4375
vt 0.53125 0.4375
vt 0.53125 0.484375
vt 0.5 0.484375
vt 0.5 0.4375
vt 0.53125 0.4375
vt 0.53125 0.484375
vt 0.5 0.484375
vt 0.5 0.4375
vt 0.546875 0.453125
vt 0.546875 0.484375
vt 0.5 0.484375
vt 0.5 0.453125
vt 0.546875 0.453125
vt 0.546875 0.484375
vt 0.5 0.484375
vt 0.5 0.453125
vt 0.546875 0.4375
vt 0.546875 0.484375
vt 0.5 0.484375
vt 0.5 0.4375
vt 0.546875 0.4375
vt 0.546875 0.484375
vt 0.5 0.484375
vt 0.5 0.4375
vt 0.53125 0.4375
vt 0.53125 0.484375
vt 0.5 0.484375
vt 0.5 0.4375
vt 0.53125 0.4375
vt 0.53125 0.484375
vt 0.5 0.484375
vt 0.5 0.4375
vt 0.546875 0.453125
vt 0.546875 0.484375
vt 0.5 0.484375
vt 0.5 0.453125
vt 0.546875 0.453125
vt 0.546875 0.484375
vt 0.5 0.484375
vt 0.5 0.453125
vt 0.546875 0.4375
vt 0.546875 0.484375
vt 0.5 0.484375
vt 0.5 0.4375
vt 0.546875 0.4375
vt 0.546875 0.484375
vt 0.5 0.484375
vt 0.5 0.4375
vt 0.53125 0.4375
vt 0.53125 0.484375
vt 0.5 0.484375
vt 0.5 0.4375
vt 0.53125 0.4375
vt 0.53125 0.484375
vt 0.5 0.484375
vt 0.5 0.4375
vt 0.546875 0.453125
vt 0.546875 0.484375
vt 0.5 0.484375
vt 0.5 0.453125
vt 0.546875 0.453125
vt 0.546875 0.484375
vt 0.5 0.484375
vt 0.5 0.453125
vt 0.546875 0.4375
vt 0.546875 0.484375
vt 0.5 0.484375
vt 0.5 0.4375
vt 0.546875 0.4375
vt 0.546875 0.484375
vt 0.5 0.484375
vt 0.5 0.4375
vt 0.515625 0.46875
vt 0.515625 0.484375
vt 0.5 0.484375
vt 0.5 0.46875
vt 0.515625 0.46875
vt 0.515625 0.484375
vt 0.5 0.484375
vt 0.5 0.46875
vt 0.65625 0.46875
vt 0.65625 0.484375
vt 0.5 0.484375
vt 0.5 0.46875
vt 0.65625 0.46875
vt 0.65625 0.484375
vt 0.5 0.484375
vt 0.5 0.46875
vt 0.65625 0.46875
vt 0.65625 0.484375
vt 0.5 0.484375
vt 0.5 0.46875
vt 0.65625 0.46875
vt 0.65625 0.484375
vt 0.5 0.484375
vt 0.5 0.46875
vt 0.515625 0.46875
vt 0.515625 0.484375
vt 0.5 0.484375
vt 0.5 0.46875
vt 0.515625 0.46875
vt 0.515625 0.484375
vt 0.5 0.484375
vt 0.5 0.46875
vt 0.65625 0.46875
vt 0.65625 0.484375
vt 0.5 0.484375
vt 0.5 0.46875
vt 0.65625 0.46875
vt 0.65625 0.484375
vt 0.5 0.484375
vt 0.5 0.46875
vt 0.65625 0.46875
vt 0.65625 0.484375
vt 0.5 0.484375
vt 0.5 0.46875
vt 0.65625 0.46875
vt 0.65625 0.484375
vt 0.5 0.484375
vt 0.5 0.46875
vt 0.515625 0.46875
vt 0.515625 0.484375
vt 0.5 0.484375
vt 0.5 0.46875
vt 0.515625 0.46875
vt 0.515625 0.484375
vt 0.5 0.484375
vt 0.5 0.46875
vt 0.65625 0.46875
vt 0.65625 0.484375
vt 0.5 0.484375
vt 0.5 0.46875
vt 0.65625 0.46875
vt 0.65625 0.484375
vt 0.5 0.484375
vt 0.5 0.46875
vt 0.65625 0.46875
vt 0.65625 0.484375
vt 0.5 0.484375
vt 0.5 0.46875
vt 0.65625 0.46875
vt 0.65625 0.484375
vt 0.5 0.484375
vt 0.5 0.46875
vt 0.515625 0.46875
vt 0.515625 0.484375
vt 0.5 0.484375
vt 0.5 0.46875
vt 0.515625 0.46875
vt 0.515625 0.484375
vt 0.5 0.484375
vt 0.5 0.46875
vt 0.65625 0.46875
vt 0.65625 0.484375
vt 0.5 0.484375
vt 0.5 0.46875
vt 0.65625 0.46875
vt 0.65625 0.484375
vt 0.5 0.484375
vt 0.5 0.46875
vt 0.65625 0.46875
vt 0.65625 0.484375
vt 0.5 0.484375
vt 0.5 0.46875
vt 0.65625 0.46875
vt 0.65625 0.484375
vt 0.5 0.484375
vt 0.5 0.46875
vt 0.515625 0.390625
vt 0.515625 0.484375
vt 0.5 0.484375
vt 0.5 0.390625
vt 0.515625 0.390625
vt 0.515625 0.484375
vt 0.5 0.484375
vt 0.5 0.390625
vt 0.53125 0.4375
vt 0.53125 0.453125
vt 0.515625 0.453125
vt 0.515625 0.4375
vt 0.546875 0.4375
vt 0.546875 0.453125
vt 0.53125 0.453125
vt 0.53125 0.4375
vt 0.515625 0.390625
vt 0.515625 0.484375
vt 0.5 0.484375
vt 0.5 0.390625
vt 0.515625 0.390625
vt 0.515625 0.484375
vt 0.5 0.484375
vt 0.5 0.390625
vt 0.0625 0.875
vt 0.0625 0.9375
vt 0 0.9375
vt 0 0.875
vt 0.125 0.875
vt 0.125 0.9375
vt 0.0625 0.9375
vt 0.0625 0.875
vt 0.625 0.875
vt 0.625 0.9375
vt 0 0.9375
vt 0 0.875
vt 0.625 0.9375
vt 0.625 1
vt 0 1
vt 0 0.9375
vt 0.625 0.875
vt 0.625 0.9375
vt 0 0.9375
vt 0 0.875
vt 0.625 0.875
vt 0.625 0.9375
vt 0 0.9375
vt 0 0.875
vt 0.53125 0.4375
vt 0.53125 0.484375
vt 0.5 0.484375
vt 0.5 0.4375
vt 0.53125 0.4375
vt 0.53125 0.484375
vt 0.5 0.484375
vt 0.5 0.4375
vt 0.546875 0.453125
vt 0.546875 0.484375
vt 0.5 0.484375
vt 0.5 0.453125
vt 0.546875 0.453125
vt 0.546875 0.484375
vt 0.5 0.484375
vt 0.5 0.453125
vt 0.546875 0.4375
vt 0.546875 0.484375
vt 0.5 0.484375
vt 0.5 0.4375
vt 0.546875 0.4375
vt 0.546875 0.484375
vt 0.5 0.484375
vt 0.5 0.4375
vt 0.53125 0.4375
vt 0.53125 0.484375
vt 0.5 0.484375
vt 0.5 0.4375
vt 0.53125 0.4375
vt 0.53125 0.484375
vt 0.5 0.484375
vt 0.5 0.4375
vt 0.546875 0.453125
vt 0.546875 0.484375
vt 0.5 0.484375
vt 0.5 0.453125
vt 0.546875 0.453125
vt 0.546875 0.484375
vt 0.5 0.484375
vt 0.5 0.453125
vt 0.546875 0.4375
vt 0.546875 0.484375
vt 0.5 0.484375
vt 0.5 0.4375
vt 0.546875 0.4375
vt 0.546875 0.484375
vt 0.5 0.484375
vt 0.5 0.4375
vt 1 0
vt 1 0.0625
vt 0.125 0.0625
vt 0.125 0
vt 1 0.125
vt 1 0.0625
vt 0.125 0.0625
vt 0.125 0.125
vt 1 0
vt 1 0.875
vt 0.125 0.875
vt 0.125 0
vt 1 0
vt 1 0.875
vt 0.125 0.875
vt 0.125 0
vt 1 0
vt 1 0.0625
vt 0.125 0.0625
vt 0.125 0
vt 1 0
vt 1 0.0625
vt 0.125 0.0625
vt 0.125 0
vt 1 0
vt 1 0.8125
vt 0.9375 0.8125
vt 0.9375 0
vt 1 0
vt 1 0.8125
vt 0.9375 0.8125
vt 0.9375 0
vt 1 0
vt 1 0.0625
vt 0.9375 0.0625
vt 0.9375 0
vt 1 0
vt 1 0.0625
vt 0.9375 0.0625
vt 0.9375 0
vt 1 0
vt 1 0.8125
vt 0.9375 0.8125
vt 0.9375 0
vt 1 0
vt 1 0.8125
vt 0.9375 0.8125
vt 0.9375 0
vt 1 0
vt 1 0.8125
vt 0.9375 0.8125
vt 0.9375 0
vt 1 0
vt 1 0.8125
vt 0.9375 0.8125
vt 0.9375 0
vt 1 0
vt 1 0.0625
vt 0.9375 0.0625
vt 0.9375 0
vt 1 0
vt 1 0.0625
vt 0.9375 0.0625
vt 0.9375 0
vt 1 0
vt 1 0.8125
vt 0.9375 0.8125
vt 0.9375 0
vt 1 0
vt 1 0.8125
vt 0.9375 0.8125
vt 0.9375 0
vt 1 0
vt 1 0.0625
vt 0.375 0.0625
vt 0.375 0
vt 1 0
vt 1 0.0625
vt 0.375 0.0625
vt 0.375 0
vt 1 0
vt 1 0.625
vt 0.9375 0.625
vt 0.9375 0
vt 1 0
vt 1 0.625
vt 0.9375 0.625
vt 0.9375 0
vt 1 0
vt 1 0.0625
vt 0.9375 0.0625
vt 0.9375 0
vt 1 0
vt 1 0.0625
vt 0.9375 0.0625
vt 0.9375 0
vt 1 0
vt 1 0.0625
vt 0.375 0.0625
vt 0.375 0
vt 1 0
vt 1 0.0625
vt 0.375 0.0625
vt 0.375 0
vt 1 0
vt 1 0.625
vt 0.9375 0.625
vt 0.9375 0
vt 1 0
vt 1 0.625
vt 0.9375 0.625
vt 0.9375 0
vt 1 0
vt 1 0.0625
vt 0.9375 0.0625
vt 0.9375 0
vt 1 0
vt 1 0.0625
vt 0.9375 0.0625
vt 0.9375 0
vt 1 0
vt 1 0.0625
vt 0.9375 0.0625
vt 0.9375 0
vt 1 0
vt 1 0.0625
vt 0.9375 0.0625
vt 0.9375 0
vt 1 0
vt 1 0.0625
vt 0.375 0.0625
vt 0.375 0
vt 1 0
vt 1 0.0625
vt 0.375 0.0625
vt 0.375 0
vt 1 0
vt 1 0.0625
vt 0.375 0.0625
vt 0.375 0
vt 1 0
vt 1 0.0625
vt 0.375 0.0625
vt 0.375 0
vt 0.15625 0.984375
vt 0.15625 1
vt 0 1
vt 0 0.984375
vt 0.15625 0.984375
vt 0.15625 1
vt 0 1
vt 0 0.984375
vt 0.15625 0.84375
vt 0.15625 1
vt 0 1
vt 0 0.84375
vt 0.15625 0.84375
vt 0.15625 1
vt 0 1
vt 0 0.84375
vt 0.15625 0.984375
vt 0.15625 1
vt 0 1
vt 0 0.984375
vt 0.15625 0.984375
vt 0.15625 1
vt 0 1
vt 0 0.984375
vt 0.0625 0.5
vt 0.0625 1
vt 0 1
vt 0 0.5
vt 0.0625 0.5
vt 0.0625 1
vt 0 1
vt 0 0.5
vt 0.0625 0.9375
vt 0.0625 1
vt 0 1
vt 0 0.9375
vt 0.0625 0.9375
vt 0.0625 1
vt 0 1
vt 0 0.9375
vt 0.0625 0.5
vt 0.0625 1
vt 0 1
vt 0 0.5
vt 0.0625 0.5
vt 0.0625 1
vt 0 1
vt 0 0.5
vt 0.0625 0.5
vt 0.0625 1
vt 0 1
vt 0 0.5
vt 0.0625 0.5
vt 0.0625 1
vt 0 1
vt 0 0.5
vt 0.0625 0.9375
vt 0.0625 1
vt 0 1
vt 0 0.9375
vt 0.0625 0.9375
vt 0.0625 1
vt 0 1
vt 0 0.9375
vt 0.0625 0.5
vt 0.0625 1
vt 0 1
vt 0 0.5
vt 0.0625 0.5
vt 0.0625 1
vt 0 1
vt 0 0.5
vt 0.125 0.9375
vt 0.125 1
vt 0 1
vt 0 0.9375
vt 0.125 0.9375
vt 0.125 1
vt 0 1
vt 0 0.9375
vt 0.25 0.875
vt 0.25 1
vt 0 1
vt 0 0.875
vt 0.25 0.875
vt 0.25 1
vt 0 1
vt 0 0.875
vt 0.25 0.9375
vt 0.25 1
vt 0 1
vt 0 0.9375
vt 0.25 0.9375
vt 0.25 1
vt 0 1
vt 0 0.9375
vt 0.53125 0.390625
vt 0.53125 0.484375
vt 0.5 0.484375
vt 0.5 0.390625
vt 0.53125 0.390625
vt 0.53125 0.484375
vt 0.5 0.484375
vt 0.5 0.390625
vt 0.609375 0.453125
vt 0.609375 0.484375
vt 0.5 0.484375
vt 0.5 0.453125
vt 0.609375 0.453125
vt 0.609375 0.484375
vt 0.5 0.484375
vt 0.5 0.453125
vt 0.40625 0.625
vt 0.40625 0.71875
vt 0.296875 0.71875
vt 0.296875 0.625
vt 0.40625 0.625
vt 0.40625 0.71875
vt 0.296875 0.71875
vt 0.296875 0.625
vt 0.59375 0.46875
vt 0.59375 0.484375
vt 0.5 0.484375
vt 0.5 0.46875
vt 0.59375 0.46875
vt 0.59375 0.484375
vt 0.5 0.484375
vt 0.5 0.46875
vt 0.53125 0.4375
vt 0.53125 0.484375
vt 0.5 0.484375
vt 0.5 0.4375
vt 0.53125 0.4375
vt 0.53125 0.484375
vt 0.5 0.484375
vt 0.5 0.4375
vt 0.53125 0.46875
vt 0.53125 0.484375
vt 0.5 0.484375
vt 0.5 0.46875
vt 0.53125 0.46875
vt 0.53125 0.484375
vt 0.5 0.484375
vt 0.5 0.46875
vt 0.5625 0.46875
vt 0.5625 0.484375
vt 0.5 0.484375
vt 0.5 0.46875
vt 0.5625 0.46875
vt 0.5625 0.484375
vt 0.5 0.484375
vt 0.5 0.46875
vt 0.51953125 0.453125
vt 0.51953125 0.484375
vt 0.5 0.484375
vt 0.5 0.453125
vt 0.51953125 0.453125
vt 0.51953125 0.484375
vt 0.5 0.484375
vt 0.5 0.453125
vt 0.51953125 0.46875
vt 0.51953125 0.484375
vt 0.5 0.484375
vt 0.5 0.46875
vt 0.51953125 0.46875
vt 0.51953125 0.484375
vt 0.5 0.484375
vt 0.5 0.46875
vt 0.5625 0.46875
vt 0.5625 0.484375
vt 0.5 0.484375
vt 0.5 0.46875
vt 0.5625 0.46875
vt 0.5625 0.484375
vt 0.5 0.484375
vt 0.5 0.46875
vt 0.51953125 0.453125
vt 0.51953125 0.484375
vt 0.5 0.484375
vt 0.5 0.453125
vt 0.51953125 0.453125
vt 0.51953125 0.484375
vt 0.5 0.484375
vt 0.5 0.453125
vt 0.51953125 0.46875
vt 0.51953125 0.484375
vt 0.5 0.484375
vt 0.5 0.46875
vt 0.51953125 0.46875
vt 0.51953125 0.484375
vt 0.5 0.484375
vt 0.5 0.46875
vt 0.59375 0.46875
vt 0.59375 0.484375
vt 0.5 0.484375
vt 0.5 0.46875
vt 0.59375 0.46875
vt 0.59375 0.484375
vt 0.5 0.484375
vt 0.5 0.46875
vt 0.53125 0.4375
vt 0.53125 0.484375
vt 0.5 0.484375
vt 0.5 0.4375
vt 0.53125 0.4375
vt 0.53125 0.484375
vt 0.5 0.484375
vt 0.5 0.4375
vt 0.53125 0.46875
vt 0.53125 0.484375
vt 0.5 0.484375
vt 0.5 0.46875
vt 0.53125 0.46875
vt 0.53125 0.484375
vt 0.5 0.484375
vt 0.5 0.46875
vt 0.5625 0.46875
vt 0.5625 0.484375
vt 0.5 0.484375
vt 0.5 0.46875
vt 0.5625 0.46875
vt 0.5625 0.484375
vt 0.5 0.484375
vt 0.5 0.46875
vt 0.51953125 0.453125
vt 0.51953125 0.484375
vt 0.5 0.484375
vt 0.5 0.453125
vt 0.51953125 0.453125
vt 0.51953125 0.484375
vt 0.5 0.484375
vt 0.5 0.453125
vt 0.51953125 0.46875
vt 0.51953125 0.484375
vt 0.5 0.484375
vt 0.5 0.46875
vt 0.51953125 0.46875
vt 0.51953125 0.484375
vt 0.5 0.484375
vt 0.5 0.46875
vt 0.5625 0.46875
vt 0.5625 0.484375
vt 0.5 0.484375
vt 0.5 0.46875
vt 0.5625 0.46875
vt 0.5625 0.484375
vt 0.5 0.484375
vt 0.5 0.46875
vt 0.51953125 0.453125
vt 0.51953125 0.484375
vt 0.5 0.484375
vt 0.5 0.453125
vt 0.51953125 0.453125
vt 0.51953125 0.484375
vt 0.5 0.484375
vt 0.5 0.453125
vt 0.51953125 0.46875
vt 0.51953125 0.484375
vt 0.5 0.484375
vt 0.5 0.46875
vt 0.51953125 0.46875
vt 0.51953125 0.484375
vt 0.5 0.484375
vt 0.5 0.46875
vt 0.59375 0.46875
vt 0.59375 0.484375
vt 0.5 0.484375
vt 0.5 0.46875
vt 0.59375 0.46875
vt 0.59375 0.484375
vt 0.5 0.484375
vt 0.5 0.46875
vt 0.53125 0.4375
vt 0.53125 0.484375
vt 0.5 0.484375
vt 0.5 0.4375
vt 0.53125 0.4375
vt 0.53125 0.484375
vt 0.5 0.484375
vt 0.5 0.4375
vt 0.53125 0.46875
vt 0.53125 0.484375
vt 0.5 0.484375
vt 0.5 0.46875
vt 0.53125 0.46875
vt 0.53125 0.484375
vt 0.5 0.484375
vt 0.5 0.46875
vt 0.5625 0.46875
vt 0.5625 0.484375
vt 0.5 0.484375
vt 0.5 0.46875
vt 0.5625 0.46875
vt 0.5625 0.484375
vt 0.5 0.484375
vt 0.5 0.46875
vt 0.51953125 0.453125
vt 0.51953125 0.484375
vt 0.5 0.484375
vt 0.5 0.453125
vt 0.51953125 0.453125
vt 0.51953125 0.484375
vt 0.5 0.484375
vt 0.5 0.453125
vt 0.51953125 0.46875
vt 0.51953125 0.484375
vt 0.5 0.484375
vt 0.5 0.46875
vt 0.51953125 0.46875
vt 0.51953125 0.484375
vt 0.5 0.484375
vt 0.5 0.46875
vt 0.5625 0.46875
vt 0.5625 0.484375
vt 0.5 0.484375
vt 0.5 0.46875
vt 0.5625 0.46875
vt 0.5625 0.484375
vt 0.5 0.484375
vt 0.5 0.46875
vt 0.51953125 0.453125
vt 0.51953125 0.484375
vt 0.5 0.484375
vt 0.5 0.453125
vt 0.51953125 0.453125
vt 0.51953125 0.484375
vt 0.5 0.484375
vt 0.5 0.453125
vt 0.51953125 0.46875
vt 0.51953125 0.484375
vt 0.5 0.484375
vt 0.5 0.46875
vt 0.51953125 0.46875
vt 0.51953125 0.484375
vt 0.5 0.484375
vt 0.5 0.46875
vt 0.328125 0.3046875
vt 0.328125 0.3125
vt 0.296875 0.3125
vt 0.296875 0.3046875
vt 0.328125 0.3046875
vt 0.328125 0.3125
vt 0.296875 0.3125
vt 0.296875 0.3046875
vt 0.328125 0.21875
vt 0.328125 0.3125
vt 0.296875 0.3125
vt 0.296875 0.21875
vt 0.328125 0.21875
vt 0.328125 0.3125
vt 0.296875 0.3125
vt 0.296875 0.21875
vt 0.328125 0.3046875
vt 0.328125 0.3125
vt 0.296875 0.3125
vt 0.296875 0.3046875
vt 0.328125 0.3046875
vt 0.328125 0.3125
vt 0.296875 0.3125
vt 0.296875 0.3046875
vt 0.328125 0.26534734375
vt 0.328125 0.28125
vt 0.3125 0.28125
vt 0.3125 0.26534734375
vt 0.34375 0.26534734375
vt 0.34375 0.28125
vt 0.328125 0.28125
vt 0.328125 0.26534734375
vt 0.3209271875 0.296875
vt 0.3209271875 0.3125
vt 0.3131146875 0.3125
vt 0.3131146875 0.296875
vt 0.3678021875 0.296875
vt 0.3678021875 0.3125
vt 0.3599896875 0.3125
vt 0.3599896875 0.296875
vt 0.3678021875 0.26534734375
vt 0.3678021875 0.28125
vt 0.3599896875 0.28125
vt 0.3599896875 0.26534734375
vt 0.296875 0.26534734375
vt 0.296875 0.28125
vt 0.2890625 0.28125
vt 0.2890625 0.26534734375
vt 0.328125 0.26534734375
vt 0.328125 0.28125
vt 0.3125 0.28125
vt 0.3125 0.26534734375
vt 0.34375 0.26534734375
vt 0.34375 0.28125
vt 0.328125 0.28125
vt 0.328125 0.26534734375
vt 0.3209271875 0.296875
vt 0.3209271875 0.3125
vt 0.3131146875 0.3125
vt 0.3131146875 0.296875
vt 0.3678021875 0.296875
vt 0.3678021875 0.3125
vt 0.3599896875 0.3125
vt 0.3599896875 0.296875
vt 0.3678021875 0.26534734375
vt 0.3678021875 0.28125
vt 0.3599896875 0.28125
vt 0.3599896875 0.26534734375
vt 0.296875 0.26534734375
vt 0.296875 0.28125
vt 0.2890625 0.28125
vt 0.2890625 0.26534734375
vt 0.328125 0.3046875
vt 0.328125 0.3125
vt 0.296875 0.3125
vt 0.296875 0.3046875
vt 0.328125 0.3046875
vt 0.328125 0.3125
vt 0.296875 0.3125
vt 0.296875 0.3046875
vt 0.328125 0.21875
vt 0.328125 0.3125
vt 0.296875 0.3125
vt 0.296875 0.21875
vt 0.328125 0.21875
vt 0.328125 0.3125
vt 0.296875 0.3125
vt 0.296875 0.21875
vt 0.328125 0.3046875
vt 0.328125 0.3125
vt 0.296875 0.3125
vt 0.296875 0.3046875
vt 0.328125 0.3046875
vt 0.328125 0.3125
vt 0.296875 0.3125
vt 0.296875 0.3046875
vt 0.328125 0.26534734375
vt 0.328125 0.28125
vt 0.3125 0.28125
vt 0.3125 0.26534734375
vt 0.34375 0.26534734375
vt 0.34375 0.28125
vt 0.328125 0.28125
vt 0.328125 0.26534734375
vt 0.3209271875 0.296875
vt 0.3209271875 0.3125
vt 0.3131146875 0.3125
vt 0.3131146875 0.296875
vt 0.3678021875 0.296875
vt 0.3678021875 0.3125
vt 0.3599896875 0.3125
vt 0.3599896875 0.296875
vt 0.3678021875 0.26534734375
vt 0.3678021875 0.28125
vt 0.3599896875 0.28125
vt 0.3599896875 0.26534734375
vt 0.296875 0.26534734375
vt 0.296875 0.28125
vt 0.2890625 0.28125
vt 0.2890625 0.26534734375
vt 0.328125 0.26534734375
vt 0.328125 0.28125
vt 0.3125 0.28125
vt 0.3125 0.26534734375
vt 0.34375 0.26534734375
vt 0.34375 0.28125
vt 0.328125 0.28125
vt 0.328125 0.26534734375
vt 0.3209271875 0.296875
vt 0.3209271875 0.3125
vt 0.3131146875 0.3125
vt 0.3131146875 0.296875
vt 0.3678021875 0.296875
vt 0.3678021875 0.3125
vt 0.3599896875 0.3125
vt 0.3599896875 0.296875
vt 0.3678021875 0.26534734375
vt 0.3678021875 0.28125
vt 0.3599896875 0.28125
vt 0.3599896875 0.26534734375
vt 0.296875 0.26534734375
vt 0.296875 0.28125
vt 0.2890625 0.28125
vt 0.2890625 0.26534734375
vt 0.328125 0.3046875
vt 0.328125 0.3125
vt 0.296875 0.3125
vt 0.296875 0.3046875
vt 0.328125 0.3046875
vt 0.328125 0.3125
vt 0.296875 0.3125
vt 0.296875 0.3046875
vt 0.328125 0.21875
vt 0.328125 0.3125
vt 0.296875 0.3125
vt 0.296875 0.21875
vt 0.328125 0.21875
vt 0.328125 0.3125
vt 0.296875 0.3125
vt 0.296875 0.21875
vt 0.328125 0.3046875
vt 0.328125 0.3125
vt 0.296875 0.3125
vt 0.296875 0.3046875
vt 0.328125 0.3046875
vt 0.328125 0.3125
vt 0.296875 0.3125
vt 0.296875 0.3046875
vt 0.328125 0.26534734375
vt 0.328125 0.28125
vt 0.3125 0.28125
vt 0.3125 0.26534734375
vt 0.34375 0.26534734375
vt 0.34375 0.28125
vt 0.328125 0.28125
vt 0.328125 0.26534734375
vt 0.3209271875 0.296875
vt 0.3209271875 0.3125
vt 0.3131146875 0.3125
vt 0.3131146875 0.296875
vt 0.3678021875 0.296875
vt 0.3678021875 0.3125
vt 0.3599896875 0.3125
vt 0.3599896875 0.296875
vt 0.3678021875 0.26534734375
vt 0.3678021875 0.28125
vt 0.3599896875 0.28125
vt 0.3599896875 0.26534734375
vt 0.296875 0.26534734375
vt 0.296875 0.28125
vt 0.2890625 0.28125
vt 0.2890625 0.26534734375
vt 0.328125 0.26534734375
vt 0.328125 0.28125
vt 0.3125 0.28125
vt 0.3125 0.26534734375
vt 0.34375 0.26534734375
vt 0.34375 0.28125
vt 0.328125 0.28125
vt 0.328125 0.26534734375
vt 0.3209271875 0.296875
vt 0.3209271875 0.3125
vt 0.3131146875 0.3125
vt 0.3131146875 0.296875
vt 0.3678021875 0.296875
vt 0.3678021875 0.3125
vt 0.3599896875 0.3125
vt 0.3599896875 0.296875
vt 0.3678021875 0.26534734375
vt 0.3678021875 0.28125
vt 0.3599896875 0.28125
vt 0.3599896875 0.26534734375
vt 0.296875 0.26534734375
vt 0.296875 0.28125
vt 0.2890625 0.28125
vt 0.2890625 0.26534734375
vt 0.328125 0.3046875
vt 0.328125 0.3125
vt 0.296875 0.3125
vt 0.296875 0.3046875
vt 0.328125 0.3046875
vt 0.328125 0.3125
vt 0.296875 0.3125
vt 0.296875 0.3046875
vt 0.328125 0.21875
vt 0.328125 0.3125
vt 0.296875 0.3125
vt 0.296875 0.21875
vt 0.328125 0.21875
vt 0.328125 0.3125
vt 0.296875 0.3125
vt 0.296875 0.21875
vt 0.328125 0.3046875
vt 0.328125 0.3125
vt 0.296875 0.3125
vt 0.296875 0.3046875
vt 0.328125 0.3046875
vt 0.328125 0.3125
vt 0.296875 0.3125
vt 0.296875 0.3046875
vt 0.328125 0.26534734375
vt 0.328125 0.28125
vt 0.3125 0.28125
vt 0.3125 0.26534734375
vt 0.34375 0.26534734375
vt 0.34375 0.28125
vt 0.328125 0.28125
vt 0.328125 0.26534734375
vt 0.3209271875 0.296875
vt 0.3209271875 0.3125
vt 0.3131146875 0.3125
vt 0.3131146875 0.296875
vt 0.3678021875 0.296875
vt 0.3678021875 0.3125
vt 0.3599896875 0.3125
vt 0.3599896875 0.296875
vt 0.3678021875 0.26534734375
vt 0.3678021875 0.28125
vt 0.3599896875 0.28125
vt 0.3599896875 0.26534734375
vt 0.296875 0.26534734375
vt 0.296875 0.28125
vt 0.2890625 0.28125
vt 0.2890625 0.26534734375
vt 0.328125 0.26534734375
vt 0.328125 0.28125
vt 0.3125 0.28125
vt 0.3125 0.26534734375
vt 0.34375 0.26534734375
vt 0.34375 0.28125
vt 0.328125 0.28125
vt 0.328125 0.26534734375
vt 0.3209271875 0.296875
vt 0.3209271875 0.3125
vt 0.3131146875 0.3125
vt 0.3131146875 0.296875
vt 0.3678021875 0.296875
vt 0.3678021875 0.3125
vt 0.3599896875 0.3125
vt 0.3599896875 0.296875
vt 0.3678021875 0.26534734375
vt 0.3678021875 0.28125
vt 0.3599896875 0.28125
vt 0.3599896875 0.26534734375
vt 0.296875 0.26534734375
vt 0.296875 0.28125
vt 0.2890625 0.28125
vt 0.2890625 0.26534734375
vt 0.59375 0.46875
vt 0.59375 0.484375
vt 0.5 0.484375
vt 0.5 0.46875
vt 0.59375 0.46875
vt 0.59375 0.484375
vt 0.5 0.484375
vt 0.5 0.46875
vt 0.53125 0.4375
vt 0.53125 0.484375
vt 0.5 0.484375
vt 0.5 0.4375
vt 0.53125 0.4375
vt 0.53125 0.484375
vt 0.5 0.484375
vt 0.5 0.4375
vt 0.53125 0.46875
vt 0.53125 0.484375
vt 0.5 0.484375
vt 0.5 0.46875
vt 0.53125 0.46875
vt 0.53125 0.484375
vt 0.5 0.484375
vt 0.5 0.46875
vt 0.5625 0.46875
vt 0.5625 0.484375
vt 0.5 0.484375
vt 0.5 0.46875
vt 0.5625 0.46875
vt 0.5625 0.484375
vt 0.5 0.484375
vt 0.5 0.46875
vt 0.51953125 0.453125
vt 0.51953125 0.484375
vt 0.5 0.484375
vt 0.5 0.453125
vt 0.51953125 0.453125
vt 0.51953125 0.484375
vt 0.5 0.484375
vt 0.5 0.453125
vt 0.51953125 0.46875
vt 0.51953125 0.484375
vt 0.5 0.484375
vt 0.5 0.46875
vt 0.51953125 0.46875
vt 0.51953125 0.484375
vt 0.5 0.484375
vt 0.5 0.46875
vt 0.5625 0.46875
vt 0.5625 0.484375
vt 0.5 0.484375
vt 0.5 0.46875
vt 0.5625 0.46875
vt 0.5625 0.484375
vt 0.5 0.484375
vt 0.5 0.46875
vt 0.51953125 0.453125
vt 0.51953125 0.484375
vt 0.5 0.484375
vt 0.5 0.453125
vt 0.51953125 0.453125
vt 0.51953125 0.484375
vt 0.5 0.484375
vt 0.5 0.453125
vt 0.51953125 0.46875
vt 0.51953125 0.484375
vt 0.5 0.484375
vt 0.5 0.46875
vt 0.51953125 0.46875
vt 0.51953125 0.484375
vt 0.5 0.484375
vt 0.5 0.46875
vt 0.59375 0.46875
vt 0.59375 0.484375
vt 0.5 0.484375
vt 0.5 0.46875
vt 0.59375 0.46875
vt 0.59375 0.484375
vt 0.5 0.484375
vt 0.5 0.46875
vt 0.53125 0.4375
vt 0.53125 0.484375
vt 0.5 0.484375
vt 0.5 0.4375
vt 0.53125 0.4375
vt 0.53125 0.484375
vt 0.5 0.484375
vt 0.5 0.4375
vt 0.53125 0.46875
vt 0.53125 0.484375
vt 0.5 0.484375
vt 0.5 0.46875
vt 0.53125 0.46875
vt 0.53125 0.484375
vt 0.5 0.484375
vt 0.5 0.46875
vt 0.5625 0.46875
vt 0.5625 0.484375
vt 0.5 0.484375
vt 0.5 0.46875
vt 0.5625 0.46875
vt 0.5625 0.484375
vt 0.5 0.484375
vt 0.5 0.46875
vt 0.51953125 0.453125
vt 0.51953125 0.484375
vt 0.5 0.484375
vt 0.5 0.453125
vt 0.51953125 0.453125
vt 0.51953125 0.484375
vt 0.5 0.484375
vt 0.5 0.453125
vt 0.51953125 0.46875
vt 0.51953125 0.484375
vt 0.5 0.484375
vt 0.5 0.46875
vt 0.51953125 0.46875
vt 0.51953125 0.484375
vt 0.5 0.484375
vt 0.5 0.46875
vt 0.5625 0.46875
vt 0.5625 0.484375
vt 0.5 0.484375
vt 0.5 0.46875
vt 0.5625 0.46875
vt 0.5625 0.484375
vt 0.5 0.484375
vt 0.5 0.46875
vt 0.51953125 0.453125
vt 0.51953125 0.484375
vt 0.5 0.484375
vt 0.5 0.453125
vt 0.51953125 0.453125
vt 0.51953125 0.484375
vt 0.5 0.484375
vt 0.5 0.453125
vt 0.51953125 0.46875
vt 0.51953125 0.484375
vt 0.5 0.484375
vt 0.5 0.46875
vt 0.51953125 0.46875
vt 0.51953125 0.484375
vt 0.5 0.484375
vt 0.5 0.46875
vn 0 0 1
vn -4.060244204343306e-15 -1.5152749632349356e-14 1
vn -1.1092870636651857e-14 1.1092870636651832e-14 1
vn 0 0 1
vn 0 0 1
vn 0 0 1
vn 1.1092870636651856e-14 1.109287063665183e-14 1
vn 4.060244204343306e-15 -1.5152749632349356e-14 1
vn 0 0 1
vn 0 0 1
vn 0 0 1
vn 0 0 1
vn 0.5000024352623946 -0.8660239977804745 0
vn -0.5000121476207212 0.8660183902387492 -1.2312566427453183e-14
vn -7.644974511917267e-15 1.3241055345817139e-14 -1
vn 0 0 1
vn 0.8660239977804679 -0.500002435262406 0
vn -0.8660183902387505 0.5000121476207189 0
vn -3.304709960895295e-17 -5.718587380123864e-14 -1
vn -1.6793962161142602e-14 -5.614059893391313e-15 1
vn 1 0 0
vn -1 0 0
vn 8.65275461939939e-15 2.4769669377400985e-14 -1
vn 1.173703114795412e-14 1.3258867993283894e-14 1
vn 0.8660239977804746 0.5000024352623945 -7.121496986338997e-15
vn -0.8660183902387505 -0.5000121476207189 0
vn -1.3241055345816977e-14 -7.644974511917128e-15 -1
vn 1.3241180871490012e-14 7.644848986243775e-15 1
vn 0.5000024352624145 0.866023997780463 0
vn -0.5000121476207212 -0.8660183902387492 0
vn 0 0 -1
vn 7.64490190798493e-15 1.3241272534039252e-14 1
vn 0 1 0
vn 0 -1 0
vn 0 0 -1
vn 0 1.5289695639527038e-14 1
vn -0.5000024352624145 0.866023997780463 -1.2326663874535757e-14
vn 0.5000121476207212 -0.8660183902387492 0
vn 7.644974511917267e-15 -1.3241055345817139e-14 -1
vn -7.6448489862438e-15 1.3241180871490052e-14 1
vn -0.8660239977804746 0.5000024352623944 -7.095600633661502e-15
vn 0.8660183902387505 -0.5000121476207189 0
vn -1.3241226588221701e-14 7.64507338196829e-15 -1
vn -1.3241272534039192e-14 7.644901907984892e-15 1
vn -1 0 0
vn 1 0 0
vn -2.1926636659656184e-14 2.4769669377400985e-14 -1
vn 1.1737031147953714e-14 1.3258867993283894e-14 1
vn -0.8660239977804679 -0.500002435262406 0
vn 0.8660183902387504 0.5000121476207188 -7.0875873541132416e-15
vn 4.950711305974002e-14 -2.862108320200787e-14 -1
vn 9.706204982721214e-15 -9.706204982721331e-15 1
vn -0.5000024352623946 -0.8660239977804745 0
vn 0.5000121476207212 0.8660183902387492 -1.2312566427453183e-14
vn 1.52901467639369e-14 2.6482453176443804e-14 -1
vn 0 0 1
vn 0 -1 0
vn 0 1 -1.4210854715202105e-14
vn 0 3.057939127905501e-14 -1
vn 0 0 1
vn 0.5000024352623744 -0.866023997780486 0
vn -0.5000121476207212 0.8660183902387492 0
vn 1.8133028856963553e-14 1.8133028856963032e-14 -1
vn 0 0 1
vn 0.8660239977804812 -0.5000024352623826 0
vn -0.8660183902387498 0.5000121476207197 0
vn -6.604089744306651e-15 3.241547359160527e-14 -1
vn -1.679396216114238e-14 -5.6140598933911036e-15 1
vn 1 0 0
vn -1 0 0
vn -3.057939127905407e-14 0 -1
vn -3.5526644915730068e-15 1.3258867993284248e-14 1
vn 0.8660239977804812 0.5000024352623826 0
vn -0.8660183902387498 -0.5000121476207197 0
vn 4.9507113059741747e-14 -2.862108320200844e-14 -1
vn -1.3241180871490006e-14 -7.644848986243765e-15 1
vn 0.5000024352623944 0.8660239977804746 0
vn -0.5000121476207212 -0.8660183902387492 0
vn 7.64507338196825e-15 1.3241226588221552e-14 -1
vn -2.0308420145936015e-15 -3.0035234695181644e-14 1
vn 0 1 0
vn 0 -1 0
vn 0 1.5289695639527038e-14 -1
vn 0 -3.0579391279054077e-14 1
vn -0.5000024352623944 0.8660239977804746 0
vn 0.5000121476207209 -0.8660183902387492 0
vn -7.644974511917061e-15 1.3241055345816792e-14 -1
vn -2.061355996477298e-15 -2.294738585421127e-14 1
vn -0.8660239977804812 0.5000024352623826 -7.0956006336612386e-15
vn 0.8660183902387506 -0.5000121476207187 0
vn 1.3208179488615018e-14 -6.48309471832115e-14 -1
vn 0 0 1
vn -1 0 0
vn 1 0 0
vn 1.528969563952703e-14 0 -1
vn 1.1737031147954025e-14 1.3258867993284246e-14 1
vn -0.8660239977804812 -0.5000024352623826 0
vn 0.8660183902387505 0.5000121476207186 0
vn -1.8133028856963004e-14 1.813302885696247e-14 -1
vn 9.706204982721096e-15 -9.706204982720812e-15 1
vn -0.5000024352623744 -0.866023997780486 0
vn 0.5000121476207209 0.8660183902387492 0
vn -3.2415473591606416e-14 -6.604089744306623e-15 -1
vn 0 0 1
vn 0 -1 0
vn 0 1 0
vn 0 -1.5289695639527038e-14 -1
vn 0 0 1
vn -4.060377883457064e-15 -1.5153248520108922e-14 1
vn 4.0602442043436755e-15 1.51527496323489e-14 1
vn 7.032492753195219e-15 4.060377883456661e-15 1
vn 4.060377883456751e-15 7.032492753195123e-15 1
vn 0 8.120488408686859e-15 1
vn -4.060377883456751e-15 7.032492753195123e-15 1
vn -7.032492753195219e-15 4.060377883456661e-15 1
vn -4.0602442043436755e-15 1.51527496323489e-14 1
vn 4.060377883457064e-15 -1.5153248520108922e-14 1
vn -4.060377883456751e-15 -7.032492753195123e-15 1
vn 0 -8.120488408686859e-15 1
vn 4.060377883456751e-15 -7.032492753195123e-15 1
vn 0.5000024352623744 -0.866023997780486 0
vn -0.5000121476207209 0.8660183902387492 0
vn 1.813302885696355e-14 1.8133028856963016e-14 -1
vn 0 0 1
vn 0.8660239977804812 -0.5000024352623826 0
vn -0.8660183902387505 0.5000121476207186 0
vn -6.604089744306651e-15 3.2415473591605255e-14 -1
vn -1.6793962161142375e-14 -5.614059893391108e-15 1
vn 1 0 0
vn -1 0 0
vn -3.057939127905406e-14 0 -1
vn -3.552664491573005e-15 1.3258867993284246e-14 1
vn 0.8660239977804812 0.5000024352623826 0
vn -0.8660183902387505 -0.5000121476207186 0
vn 4.950711305974183e-14 -2.862108320200849e-14 -1
vn -1.3241180871490012e-14 -7.644848986243768e-15 1
vn 0.5000024352623944 0.8660239977804746 0
vn -0.5000121476207209 -0.8660183902387492 0
vn 7.645073381968244e-15 1.3241226588221552e-14 -1
vn -2.0308420145936015e-15 -3.0035234695181644e-14 1
vn 0 1 0
vn 0 -1 0
vn 0 1.5289695639527038e-14 -1
vn 0 -3.0579391279054077e-14 1
vn -0.5000024352623944 0.8660239977804746 0
vn 0.5000121476207212 -0.8660183902387492 0
vn -7.644974511917065e-15 1.3241055345816786e-14 -1
vn -2.061355996477297e-15 -2.294738585421127e-14 1
vn -0.8660239977804812 0.5000024352623826 -7.0956006336612386e-15
vn 0.8660183902387499 -0.5000121476207198 0
vn 1.3208179488615018e-14 -6.483094718321152e-14 -1
vn 0 0 1
vn -1 0 0
vn 1 0 0
vn 1.5289695639527035e-14 0 -1
vn 1.1737031147954031e-14 1.3258867993284248e-14 1
vn -0.8660239977804812 -0.5000024352623826 0
vn 0.8660183902387498 0.5000121476207197 0
vn -1.8133028856962972e-14 1.813302885696245e-14 -1
vn 9.706204982721091e-15 -9.706204982720813e-15 1
vn -0.5000024352623744 -0.866023997780486 0
vn 0.5000121476207212 0.8660183902387492 0
vn -3.241547359160644e-14 -6.604089744306617e-15 -1
vn 0 0 1
vn 0 -1 0
vn 0 1 0
vn 0 -1.5289695639527038e-14 -1
vn 0 0 1
vn -4.060377883457064e-15 -1.5153248520108922e-14 1
vn 4.0602442043436755e-15 1.51527496323489e-14 1
vn 7.032492753195219e-15 4.060377883456661e-15 1
vn 4.060377883456751e-15 7.032492753195123e-15 1
vn 0 8.120488408686859e-15 1
vn -4.060377883456751e-15 7.032492753195123e-15 1
vn -7.032492753195219e-15 4.060377883456661e-15 1
vn -4.0602442043436755e-15 1.51527496323489e-14 1
vn 4.060377883457064e-15 -1.5153248520108922e-14 1
vn -4.060377883456751e-15 -7.032492753195123e-15 1
vn 0 -8.120488408686859e-15 1
vn 4.060377883456751e-15 -7.032492753195123e-15 1
vn -2.368437116479729e-15 8.839210974123103e-15 -1
vn 2.3684757858669587e-15 -8.839355291601319e-15 -1
vn 6.470773857643427e-15 6.470773857643364e-15 -1
vn 0 0 -1
vn 0 0 -1
vn 0 0 -1
vn -6.470773857643428e-15 6.470773857643368e-15 -1
vn -2.3684757858669587e-15 -8.839355291601319e-15 -1
vn 2.3684371164797295e-15 8.839210974123105e-15 -1
vn -8.839210974123021e-15 -2.3684371164796857e-15 -1
vn 0 0 -1
vn 8.839210974123023e-15 -2.3684371164796838e-15 -1
vn 0.500004754919128 0.8660226585131955 0
vn -0.4999956916623935 -0.8660278911900268 0
vn -7.841595692411716e-15 -3.601094616774349e-14 1
vn 1.3998692182093991e-14 7.9275787479837e-15 -1
vn 0.866022658513196 0.5000047549191272 0
vn -0.8660278911900187 -0.4999956916624074 0
vn -1.3900471038609522e-14 -8.025348492913452e-15 1
vn -2.1863643462978335e-15 8.15933037278017e-15 -1
vn 1 0 0
vn -1 0 0
vn 3.0049901559424505e-15 1.1214373986112669e-14 1
vn 2.1863508368987886e-15 8.159279956824569e-15 -1
vn 0.8660226585131959 -0.5000047549191273 0
vn -0.8660278911900187 0.4999956916624074 -7.096534889023863e-15
vn 0 0 1
vn 7.927578747984162e-15 -1.3998692182094093e-14 -1
vn 0.500004754919128 -0.8660226585131955 1.2302781306247078e-14
vn -0.4999956916623935 0.8660278911900268 0
vn -1.9239557049867144e-14 1.0895525210865203e-14 1
vn 1.3381390283365317e-16 1.6086790373983397e-14 -1
vn 0 -1 1.4210854715201803e-14
vn 0 1 0
vn 0 1.6050933761636105e-14 1
vn 0 1.6050933761635587e-14 -1
vn -0.5000047549191285 -0.8660226585131953 0
vn 0.49999569166239394 0.8660278911900267 -1.2309421628492192e-14
vn 8.209431737684881e-15 -8.209431737684815e-15 1
vn -1.3998692182094223e-14 -7.927578747983813e-15 -1
vn -0.8660226585131962 -0.5000047549191272 0
vn 0.8660278911900187 0.49999569166240776 -7.096534889023863e-15
vn 0 0 1
vn 2.1863643462976075e-15 -8.1593303727803e-15 -1
vn -1 0 0
vn 1 0 0
vn 1.9055923917578404e-14 1.121437398611267e-14 1
vn 2.1863508368990516e-15 8.15927995682457e-15 -1
vn -0.8660226585131959 0.5000047549191273 0
vn 0.8660278911900187 -0.49999569166240776 0
vn 2.7801514430058817e-14 -1.605102743009656e-14 1
vn -7.927578747983772e-15 1.3998692182093868e-14 -1
vn -0.5000047549191285 0.8660226585131954 0
vn 0.49999569166239394 -0.8660278911900267 1.2309421628492192e-14
vn -1.9239557049867147e-14 1.0895525210865184e-14 1
vn -1.6184846842726617e-14 1.1714061681387567e-14 -1
vn 0 1 0
vn 0 -1 1.4210854715201802e-14
vn 0 1.6050933761636105e-14 1
vn 0 1.6050933761635587e-14 -1
vn 0 0 -1
vn -2.368475785866917e-15 8.839355291601475e-15 -1
vn -1.120764809060303e-14 -2.4149195805889487e-14 -1
vn 1.1207648090602697e-14 -1.7338996246839763e-15 -1
vn 0 -4.736951571734001e-15 -1
vn -1.1207648090602697e-14 -1.7338996246839737e-15 -1
vn 1.1207648090603031e-14 -2.414919580588949e-14 -1
vn 2.368475785866917e-15 8.839355291601475e-15 -1
vn 0 0 -1
vn 0 0 -1
vn 0 0 -1
vn 0 0 -1
vn 0.500004754919128 0.8660226585131955 0
vn -0.4999956916624103 -0.866027891190017 -1.230942162849222e-14
vn 8.209431737684875e-15 -8.209431737684447e-15 1
vn -1.3998692182093991e-14 -7.9275787479837e-15 -1
vn 0.8660226585132 0.5000047549191202 7.0756928756134426e-15
vn -0.8660278911900187 -0.4999956916624075 -7.096534889023913e-15
vn 1.0895525210865403e-14 1.923955704986715e-14 1
vn -1.3900426027685907e-14 -8.025516469946548e-15 -1
vn 1 0 0
vn -1 0 0
vn 1.6050933761635944e-14 0 1
vn -4.815280128490783e-14 0 -1
vn 0.8660226585131919 -0.5000047549191343 0
vn -0.8660278911900187 0.4999956916624074 0
vn 3.60109461677437e-14 -7.84159569241174e-15 1
vn -3.3774323985655286e-14 1.0078217874500138e-14 -1
vn 0.5000047549191281 -0.8660226585131954 0
vn -0.4999956916624103 0.8660278911900171 0
vn -1.1214208556953634e-14 -3.0049458277443122e-15 1
vn -2.676278056673149e-16 -3.217358074796783e-14 -1
vn 0 -1 0
vn 0 1 0
vn 0 0 1
vn 0 -3.210186752327221e-14 -1
vn -0.5000047549191285 -0.8660226585131954 0
vn 0.4999956916624107 0.866027891190017 0
vn -7.841595692411721e-15 -3.6010946167743487e-14 1
vn 2.7997384364188004e-14 1.5855157495967377e-14 -1
vn -0.8660226585131918 -0.5000047549191343 0
vn 0.8660278911900186 0.49999569166240765 0
vn -1.6905416866353737e-14 3.188860064040184e-15 1
vn 4.388764242935506e-14 1.5917219037059488e-14 -1
vn -1 0 0
vn 1 0 0
vn -1.605093376163595e-14 0 1
vn 1.605093376163595e-14 0 -1
vn -0.8660226585132 0.5000047549191202 0
vn 0.8660278911900187 -0.49999569166240776 -7.096534889023964e-15
vn 8.209431737685104e-15 8.209431737684676e-15 1
vn 1.3900634244546394e-14 -8.025636685531295e-15 -1
vn -0.5000047549191285 0.8660226585131953 0
vn 0.49999569166241065 -0.8660278911900169 0
vn -1.1214208556953569e-14 -3.0049458277443063e-15 1
vn 2.4210363312673378e-14 -2.5614487709073794e-14 -1
vn 0 1 0
vn 0 -1 0
vn 0 0 1
vn 0 -3.210186752327221e-14 -1
vn -2.368437116479729e-15 8.839210974123103e-15 -1
vn 4.736951571733917e-15 -1.7678710583202638e-14 -1
vn 1.2941547715286855e-14 1.2941547715286728e-14 -1
vn 0 0 -1
vn 0 0 -1
vn 0 0 -1
vn -1.2941547715286856e-14 1.2941547715286736e-14 -1
vn -4.736951571733917e-15 -1.7678710583202638e-14 -1
vn 2.3684371164797295e-15 8.839210974123105e-15 -1
vn -2.3684371164797066e-15 4.102336741163651e-15 -1
vn 0 4.736951571734001e-15 -1
vn 2.368437116479707e-15 4.102336741163652e-15 -1
vn 0.500004754919128 0.8660226585131955 0
vn -0.4999956916623935 -0.8660278911900268 0
vn -8.025513715048296e-15 -1.390075721502934e-14 1
vn 1.3998692182093991e-14 7.9275787479837e-15 -1
vn 0.866022658513196 0.5000047549191272 0
vn -0.8660278911900187 -0.4999956916624074 0
vn -1.0895525210865403e-14 -1.923955704986715e-14 1
vn -2.1863643462978335e-15 8.15933037278017e-15 -1
vn 1 0 0
vn -1 0 0
vn 3.0049901559424505e-15 1.1214373986112669e-14 1
vn 2.1863508368987886e-15 8.159279956824569e-15 -1
vn 0.8660226585131959 -0.5000047549191273 0
vn -0.8660278911900187 0.4999956916624074 -7.096534889023863e-15
vn 0 0 1
vn 7.927578747984162e-15 -1.3998692182094093e-14 -1
vn 0.500004754919128 -0.8660226585131955 1.2302781306247078e-14
vn -0.4999956916623935 0.8660278911900268 0
vn -1.9239557049867144e-14 1.0895525210865203e-14 1
vn 1.3381390283365317e-16 1.6086790373983397e-14 -1
vn 0 -1 1.4210854715201803e-14
vn 0 1 0
vn 0 1.6050933761636105e-14 1
vn 0 1.6050933761635587e-14 -1
vn -0.5000047549191285 -0.8660226585131953 0
vn 0.49999569166239394 0.8660278911900267 -1.2309421628492192e-14
vn 8.209431737684881e-15 -8.209431737684815e-15 1
vn -1.3998692182094223e-14 -7.927578747983813e-15 -1
vn -0.8660226585131962 -0.5000047549191272 0
vn 0.8660278911900187 0.49999569166240776 -7.096534889023863e-15
vn 0 0 1
vn 2.1863643462976075e-15 -8.1593303727803e-15 -1
vn -1 0 0
vn 1 0 0
vn 1.9055923917578404e-14 1.121437398611267e-14 1
vn 2.1863508368990516e-15 8.15927995682457e-15 -1
vn -0.8660226585131959 0.5000047549191273 0
vn 0.8660278911900186 -0.49999569166240776 0
vn 5.691325477344531e-15 -1.623494545273309e-14 1
vn -7.927578747983772e-15 1.3998692182093868e-14 -1
vn -0.5000047549191285 0.8660226585131954 0
vn 0.49999569166239394 -0.8660278911900267 1.2309421628492192e-14
vn -8.02534849291351e-15 1.3900471038609508e-14 1
vn -1.6184846842726617e-14 1.1714061681387567e-14 -1
vn 0 1 0
vn 0 -1 1.4210854715201802e-14
vn 0 1.6050933761636105e-14 1
vn 0 1.6050933761635587e-14 -1
vn -2.3684371164797295e-15 8.839210974123105e-15 -1
vn 4.736951571733917e-15 -1.7678710583202638e-14 -1
vn 1.2941547715286856e-14 1.2941547715286736e-14 -1
vn 0 0 -1
vn 0 0 -1
vn 0 0 -1
vn -1.2941547715286855e-14 1.2941547715286728e-14 -1
vn -4.736951571733917e-15 -1.7678710583202638e-14 -1
vn 2.368437116479729e-15 8.839210974123103e-15 -1
vn -2.368437116479707e-15 4.102336741163652e-15 -1
vn 0 4.736951571734001e-15 -1
vn 2.3684371164797066e-15 4.102336741163651e-15 -1
vn 0.5000047549191284 0.8660226585131954 0
vn -0.49999569166239377 -0.8660278911900265 0
vn -8.025513715048301e-15 -1.3900757215029337e-14 1
vn 1.3998692182094002e-14 7.927578747983688e-15 -1
vn 0.866022658513196 0.5000047549191272 0
vn -0.8660278911900187 -0.49999569166240776 0
vn -1.0895525210865408e-14 -1.9239557049867157e-14 1
vn -2.1863643462978347e-15 8.159330372780169e-15 -1
vn 1 0 0
vn -1 0 0
vn 3.004990155942452e-15 1.121437398611267e-14 1
vn 2.1863508368987897e-15 8.15927995682457e-15 -1
vn 0.8660226585131959 -0.5000047549191273 0
vn -0.8660278911900187 0.49999569166240776 -7.096534889023863e-15
vn 0 0 1
vn 7.927578747984162e-15 -1.3998692182094093e-14 -1
vn 0.5000047549191285 -0.8660226585131954 1.2302781306247092e-14
vn -0.4999956916623939 0.8660278911900267 0
vn -1.9239557049867147e-14 1.0895525210865184e-14 1
vn 1.3381390283365322e-16 1.6086790373983394e-14 -1
vn 0 -1 1.4210854715201803e-14
vn 0 1 0
vn 0 1.6050933761636105e-14 1
vn 0 1.6050933761635587e-14 -1
vn -0.5000047549191281 -0.8660226585131955 0
vn 0.49999569166239355 0.8660278911900267 -1.2309421628492182e-14
vn 8.209431737684877e-15 -8.20943173768481e-15 1
vn -1.3998692182094213e-14 -7.927578747983824e-15 -1
vn -0.8660226585131962 -0.5000047549191272 0
vn 0.8660278911900187 0.4999956916624074 -7.096534889023863e-15
vn 0 0 1
vn 2.1863643462976067e-15 -8.159330372780302e-15 -1
vn -1 0 0
vn 1 0 0
vn 1.905592391757839e-14 1.1214373986112669e-14 1
vn 2.1863508368990505e-15 8.159279956824569e-15 -1
vn -0.8660226585131959 0.5000047549191273 0
vn 0.8660278911900187 -0.4999956916624075 0
vn 5.691325477344532e-15 -1.6234945452733086e-14 1
vn -7.927578747983772e-15 1.3998692182093868e-14 -1
vn -0.500004754919128 0.8660226585131955 0
vn 0.49999569166239355 -0.8660278911900267 1.2309421628492182e-14
vn -8.025348492913509e-15 1.3900471038609516e-14 1
vn -1.6184846842726608e-14 1.1714061681387585e-14 -1
vn 0 1 0
vn 0 -1 1.4210854715201802e-14
vn 0 1.6050933761636105e-14 1
vn 0 1.6050933761635587e-14 -1
vn 0.7485881801731631 0.66303524529623 0
vn -0.7657048647896183 -0.6431920864232646 0
vn 0 -4.0602442043434294e-15 1
vn 0 -0.9438583563660154 -0.3303504247281118
vn 0.7624929033565049 -0.6469965782992736 0
vn -0.7463273826322242 0.6655790245593183 0
vn 0 0 1
vn 0 -0.9701425001453314 -0.2425356250363356
vn 0.7485881801731658 0.663035245296227 0
vn -0.7657048647896183 -0.6431920864232646 0
vn 0 -4.060244204343396e-15 1
vn 0 -0.9438583563660171 -0.33035042472810683
vn 0.7624929033565049 -0.6469965782992736 0
vn -0.7463273826322269 0.6655790245593153 0
vn 0 0 1
vn 0 -0.9701425001453314 -0.2425356250363356
vn 0.7485881801731658 0.6630352452962271 0
vn -0.7657048647896183 -0.6431920864232648 0
vn 0 -4.060244204343397e-15 1
vn 0 -0.9438583563660171 -0.33035042472810683
vn 0.7624929033565048 -0.6469965782992737 0
vn -0.7463273826322269 0.6655790245593155 0
vn 0 0 1
vn 0 -0.9701425001453314 -0.2425356250363356
vn 0.7485881801731685 0.663035245296224 0
vn -0.7657048647896183 -0.6431920864232646 0
vn 0 -4.060244204343364e-15 1
vn 0 -0.9438583563660166 -0.3303504247281085
vn 0.7624929033565048 -0.6469965782992735 0
vn -0.7463273826322296 0.6655790245593123 0
vn 0 -5.6843418860806724e-15 1
vn 0 -0.9701425001453313 -0.24253562503633594
vn 0 0 1
vn -8.120488408686859e-15 -3.03054992646978e-14 1
vn -1.4064985506390258e-14 -8.120755766913502e-15 1
vn -3.030649704021734e-14 8.120755766913548e-15 1
vn 0 0 1
vn 3.030649704021734e-14 8.120755766913548e-15 1
vn 1.4064985506390258e-14 -8.120755766913502e-15 1
vn 8.120488408686859e-15 -3.03054992646978e-14 1
vn 0 0 1
vn -2.218574127330384e-14 2.2185741273303793e-14 1
vn 0 1.6240976817373718e-14 1
vn 2.218574127330384e-14 2.2185741273303793e-14 1
vn 0.5000024352623943 -0.8660239977804746 -1.230076752185849e-14
vn -0.5000121476207212 0.8660183902387492 0
vn -1.528994902383413e-14 2.648211069163357e-14 -1
vn 5.205316190689429e-14 -1.0604927666306424e-14 1
vn 0.8660239977804746 -0.5000024352623942 0
vn -0.8660183902387375 0.5000121476207412 7.111777072045618e-15
vn -1.3274273687829697e-14 -4.954080041927416e-14 -1
vn -3.714061394938725e-14 -2.4487081588158374e-14 1
vn 1 0 0
vn -1 0 0
vn 0 0 -1
vn -1.884236013110014e-14 1.32588679932846e-14 1
vn 0.8660239977804812 0.5000024352623826 7.095600633661289e-15
vn -0.8660183902387498 -0.5000121476207197 -7.087587354113237e-15
vn 2.6482110691633515e-14 1.5289949023834034e-14 -1
vn -3.0017337631748995e-14 -3.264075194145244e-14 1
vn 0.5000024352623943 0.8660239977804746 1.230076752185849e-14
vn -0.5000121476207212 -0.8660183902387492 -1.2288376709520968e-14
vn 0 0 -1
vn -3.213198349614382e-14 2.3899341415348668e-14 1
vn 0 1 1.4210854715202105e-14
vn 0 -1 -1.4210854715202004e-14
vn 0 0 -1
vn 0 1.5289695639527038e-14 1
vn -0.5000024352623944 0.8660239977804746 1.2300767521858403e-14
vn 0.5000121476207212 -0.8660183902387492 -1.2312566427453185e-14
vn -1.528994902383413e-14 2.648211069163357e-14 -1
vn 5.2053161906894655e-14 -1.0604927666306498e-14 1
vn -0.8660239977804813 0.5000024352623827 0
vn 0.8660183902387498 -0.5000121476207197 -7.111777072045314e-15
vn 0 0 -1
vn 9.688582906935973e-15 -2.090386370936103e-14 1
vn -1 0 0
vn 1 0 0
vn 0 0 -1
vn 2.7026726787481382e-14 1.32588679932846e-14 1
vn -0.8660239977804746 -0.5000024352623942 -7.095600633661502e-15
vn 0.8660183902387375 0.5000121476207412 0
vn 6.27481684055585e-14 -2.0976108690091427e-14 -1
vn -1.0604927666306588e-14 -5.205316190689294e-14 1
vn -0.5000024352623944 -0.8660239977804746 0
vn 0.5000121476207212 0.8660183902387492 0
vn 0 0 -1
vn -3.9776885404129025e-14 1.0658068881309491e-14 1
vn 0 -1 0
vn 0 1 0
vn 0 0 -1
vn 0 0 1
vn 0 0 1
vn 0 0 1
vn 8.120755766912784e-15 -3.03064970402165e-14 1
vn -3.030649704021734e-14 8.120755766913548e-15 1
vn 0 0 1
vn 3.030649704021734e-14 8.120755766913548e-15 1
vn -8.120755766912784e-15 -3.03064970402165e-14 1
vn 0 0 1
vn 0 0 1
vn -2.218574127330384e-14 2.2185741273303793e-14 1
vn 0 1.6240976817373718e-14 1
vn 2.218574127330384e-14 2.2185741273303793e-14 1
vn 0.5000024352623944 -0.8660239977804746 0
vn -0.5000121476207212 0.8660183902387492 0
vn -1.528994902383413e-14 2.648211069163357e-14 -1
vn 1.7351053968964883e-14 -3.5349758887688327e-15 1
vn 0.8660239977804746 -0.5000024352623942 0
vn -0.8660183902387499 0.5000121476207197 0
vn -1.3274273687829697e-14 -4.954080041927416e-14 -1
vn -1.6793962161142422e-14 -5.614059893391253e-15 1
vn 1 0 0
vn -1 0 0
vn 0 0 -1
vn -3.5526644915726956e-15 1.32588679932846e-14 1
vn 0.8660239977804812 0.5000024352623826 7.095600633661289e-15
vn -0.8660183902387498 -0.5000121476207197 0
vn 2.6482110691633515e-14 1.5289949023834034e-14 -1
vn -3.5349758887694445e-15 -1.735105396896518e-14 1
vn 0.5000024352623943 0.8660239977804745 0
vn -0.5000121476207212 -0.8660183902387492 0
vn 0 0 -1
vn -1.3258961801376153e-14 3.5526896271031132e-15 1
vn 0 1 0
vn 0 -1 0
vn 0 0 -1
vn 0 0 1
vn -0.5000024352623944 0.8660239977804746 1.2300767521858403e-14
vn 0.5000121476207212 -0.8660183902387492 0
vn -1.528994902383413e-14 2.648211069163357e-14 -1
vn 1.735105396896501e-14 -3.534975888768858e-15 1
vn -0.8660239977804813 0.5000024352623827 0
vn 0.8660183902387498 -0.5000121476207197 0
vn 0 0 -1
vn -3.5526896271028734e-15 -1.3258961801376345e-14 1
vn -1 0 0
vn 1 0 0
vn 0 0 -1
vn 1.1737031147953938e-14 1.32588679932846e-14 1
vn -0.8660239977804747 -0.5000024352623942 0
vn 0.8660183902387498 0.5000121476207197 0
vn 6.27481684055585e-14 -2.0976108690091427e-14 -1
vn -3.534975888768985e-15 -1.735105396896491e-14 1
vn -0.5000024352623943 -0.8660239977804745 0
vn 0.5000121476207212 0.8660183902387492 0
vn 7.64507338196825e-15 1.3241226588221552e-14 -1
vn -1.3258961801376248e-14 3.5526896271031385e-15 1
vn 0 -1 0
vn 0 1 0
vn 0 1.5289695639527038e-14 -1
vn 0 0 1
vn 1 0 0
vn -1 0 0
vn 0 -1 0
vn 0 -2.0898315757650005e-16 1
vn 0 2.0898315757650005e-16 -1
vn 1 0 0
vn -1 0 0
vn 0 -1 0
vn 0 -1.6653345369377348e-16 1
vn 0 -2.220446049250313e-16 -1
vn 1 0 0
vn -1 0 0
vn 0 1 8.881784197001248e-16
vn 0 -1 0
vn 0 0 1
vn 0 0 -1
vn 1 0 0
vn -1 0 0
vn 0 1 0
vn 0 -1 0
vn 0 -1.7763568394002505e-15 1
vn 0 0 -1
vn 1 0 0
vn -1 0 0
vn 0 1 0
vn 0 -1 0
vn 0 7.105427357601002e-15 1
vn 0 0 -1
vn 1 0 0
vn -1 0 0
vn 0 1 0
vn 0 -1 0
vn 0 0 1
vn 0 0 -1
vn 1 0 0
vn -1 0 0
vn 0 -1 0
vn 0 2.220446049250313e-16 1
vn 0 -2.220446049250314e-16 -1
vn 1 0 0
vn -1 0 0
vn 0 -1 0
vn 0 3.3306690738754696e-16 1
vn 0 2.220446049250313e-16 -1
vn 1 0 0
vn -1 0 0
vn 0 -1 3.552713678800501e-15
vn 0 -2.220446049250313e-16 1
vn 0 0 -1
vn 1 0 0
vn -1 0 0
vn 0 -1 0
vn 0 -6.661338147750939e-16 1
vn 0 -2.220446049250313e-16 -1
vn 1 0 0
vn -1 0 0
vn 0 1 0
vn 0 -1 0
vn 0 0 1
vn 0 3.552713678800501e-15 -1
vn 1 0 0
vn -1 0 0
vn 0 1 0
vn 0 -1 0
vn 0 3.552713678800501e-15 1
vn 0 -3.552713678800501e-15 -1
vn 1 0 0
vn -1 0 0
vn 0 -1 0
vn 0 0 1
vn 0 6.269494727295002e-16 -1
vn 1 0 0
vn -1 0 0
vn 0 -1 0
vn 0 2.0898315757650005e-16 1
vn 0 4.179663151530001e-16 -1
vn 1 0 0
vn -1 0 0
vn 0 1 0
vn 0 -1 0
vn 0 0 1
vn 0 7.105427357601002e-15 -1
vn 1 0 0
vn -1 0 0
vn 0 1 0
vn 0 -1 0
vn 0 0 1
vn 0 0 -1
vn 1 0 0
vn -1 0 0
vn 0 1 0
vn 0 -1 0
vn 0 -7.894919286223335e-16 1
vn 0 0 -1
vn 1 0 0
vn -1 0 0
vn 0 1 0
vn 0 -1 0
vn 0 0 1
vn 0 1.578983857244667e-15 -1
vn 1 0 0
vn -1 0 0
vn 0 1 0
vn 0 -1 0
vn 0 -7.105427357601002e-15 1
vn 0 0 -1
vn 1 0 0
vn -1 0 0
vn 0 1 -1.4802973661668753e-16
vn 0 -1 1.8503717077085946e-16
vn 0 -2.5376526277146434e-16 1
vn 0 0 -1
vn 1 0 0
vn -1 0 0
vn 0 1 -1.7763568394002506e-16
vn 0 -1 2.6645352591003756e-16
vn 0 8.88178419700126e-16 1
vn 0 8.881784197001252e-16 -1
vn 0.9659258262890684 0.2588190451025209 0
vn -0.9659258262890683 -0.2588190451025207 0
vn -0.25881904510251774 0.9659258262890693 0
vn 0.2588190451025221 -0.9659258262890681 2.25766966826569e-16
vn 2.155101473132341e-17 -8.042948193196534e-17 1
vn 1.436734315421563e-17 -5.361965462131018e-17 -1
vn 0.9659258262890683 -0.2588190451025207 0
vn -0.9659258262890683 0.2588190451025209 0
vn 0.2588190451025177 0.9659258262890693 0
vn -0.2588190451025222 -0.965925826289068 2.3830957609471174e-16
vn -1.436734315421563e-17 -5.361965462131018e-17 1
vn 2.873468630843121e-17 1.0723930924262043e-16 -1
vn 0.9659258262890682 0.2588190451025209 0
vn -0.9659258262890683 -0.25881904510252074 0
vn -0.25881904510251774 0.9659258262890693 0
vn 0.258819045102522 -0.9659258262890681 0
vn 2.873468630843122e-17 -1.0723930924262044e-16 1
vn -1.436734315421557e-17 5.36196546213102e-17 -1
vn 0.9659258262890683 -0.2588190451025207 0
vn -0.9659258262890684 0.2588190451025209 0
vn 0.2588190451025177 0.9659258262890693 0
vn -0.2588190451025222 -0.965925826289068 -2.3830957609471164e-16
vn -1.436734315421557e-17 -5.36196546213102e-17 1
vn 6.006776689357399e-16 -4.6012351069014634e-17 -1
vn 1 0 0
vn -1 0 0
vn 0 1 0
vn 0 -1 2.537652627714644e-16
vn 0 0 1
vn 0 -6.34413156928661e-17 -1
vn 1 0 0
vn -1 0 0
vn 0 1 0
vn 0 -1 -3.5527136788004883e-15
vn 0 1.225073682345e-16 1
vn 0 2.4501473646900006e-16 -1
vn 1 0 0
vn -1 0 0
vn 0 1 2.8421709430403604e-14
vn 0 -1 0
vn 0 -3.5527136788005136e-15 1
vn 0 -1.7763568394002505e-15 -1
vn 1 0 0
vn -1 0 0
vn 0 1 0
vn 0 5.075305255429287e-16 1
vn 0 -1.0150610510858574e-15 -1
vn 1 0 0
vn -1 0 0
vn 0 1 0
vn 0 -1 1.4210854715202206e-14
vn 0 -7.894919286223335e-16 1
vn 0 7.894919286223323e-16 -1
vn 1 0 0
vn -1 0 0
vn 0 1 0
vn 0 -1 0
vn 0 0 1
vn 0 0 -1
vn 0.7071067811865467 -0.7071067811865485 0
vn -0.7071067811865431 0.707106781186552 0
vn 0.707106781186546 0.7071067811865491 0
vn -0.707106781186551 -0.7071067811865441 -1.0048591735576254e-14
vn 0 0 1
vn -2.512147933894049e-15 -2.51214793389406e-15 -1
vn 0.7071067811865429 0.7071067811865522 0
vn -0.7071067811865431 -0.707106781186552 0
vn -0.7071067811865458 0.7071067811865492 0
vn 0.7071067811865457 -0.7071067811865495 0
vn 1.7763550336363492e-15 1.7763550336363727e-15 1
vn 5.024295867788096e-15 -5.024295867788121e-15 -1
vn 1 0 0
vn -1 0 0
vn 0 1 0
vn 0 -1 0
vn 0 0 1
vn 0 0 -1
vn 1 0 0
vn -1 0 0
vn 0 1 0
vn 0 -1 0
vn 0 3.552713678800501e-15 1
vn 0 -3.552713678800501e-15 -1
vn 1 0 0
vn -1 0 0
vn 0 1 0
vn 0 -1 0
vn 0 7.105427357601002e-15 1
vn 0 -3.552713678800501e-15 -1
vn 1 0 0
vn -1 0 0
vn 0 1 0
vn 0 -1 0
vn 0 0 1
vn 0 0 -1
vn 1 0 0
vn -1 0 0
vn 0 1 -1.4210854715201903e-14
vn 0 -1 0
vn 0 0 1
vn 0 0 -1
vn 1 0 0
vn -1 0 0
vn 0 1 0
vn 0 -1 0
vn 0 0 1
vn 0 0 -1
vn -0.11320321376791746 -0.9935718556765865 0
vn 0.11320321376791741 0.9935718556765865 0
vn 0.9935718556765875 -0.11320321376790674 0
vn -0.9935718556765875 0.11320321376790668 0
vn 1.4119505290133625e-14 -1.6087144241496764e-15 1
vn 0 0 -1
vn -0.11320321376791748 -0.9935718556765862 0
vn 0.11320321376790342 0.993571855676588 -1.412758798835493e-14
vn 0.9935718556765875 -0.11320321376790711 0
vn -0.9935718556765876 0.11320321376790701 0
vn -3.386767208736488e-16 -2.9725274295018173e-15 1
vn 7.0597526450668125e-15 -8.043572120748408e-16 -1
vn 0.9990482215818578 0.04361938736533591 0
vn -0.9990482215818578 -0.04361938736533596 0
vn -0.04361938736532524 0.9990482215818584 0
vn 0.043619387365311055 -0.9990482215818588 0
vn -7.098664565190363e-15 -3.099343883074534e-16 1
vn 0 0 -1
vn 1 0 0
vn -1 0 0
vn 0 1 0
vn 0 -1 0
vn 0 0 1
vn 0 0 -1
vn 1 0 0
vn -1 0 0
vn 0 1 0
vn 0 -1 -7.105427357600951e-15
vn 0 0 1
vn 0 0 -1
vn 1 0 0
vn -1 0 0
vn 0 1 0
vn 0 -1 0
vn 0 2.3684757858670005e-15 1
vn 0 -2.3684757858670005e-15 -1
vn 1 0 0
vn -1 0 0
vn 0 1 0
vn 0 -1 0
vn 0 7.105427357601002e-15 1
vn 0 -7.105427357601002e-15 -1
vn 1 0 0
vn -1 0 0
vn 0 1 0
vn 0 -1 0
vn 0 0 1
vn 0 0 -1
vn 1 0 0
vn -1 0 0
vn 0 1 0
vn 0 -1 0
vn 0 0 1
vn 0 0 -1
vn 1 0 0
vn -1 0 0
vn 0 1 0
vn 0 -1 0
vn 0 -1.4210854715202004e-14 1
vn 0 7.105427357601002e-15 -1
vn 1 0 0
vn -1 0 0
vn 0 1 0
vn 0 -1 0
vn 0 -1.4210854715202004e-14 1
vn 0 7.105427357601002e-15 -1
vn 1 0 0
vn -1 0 0
vn 0 1 0
vn 0 -1 0
vn 0 -1.4210854715202004e-14 1
vn 0 7.105427357601002e-15 -1
vn 1 0 0
vn -1 0 0
vn 0 1 0
vn 0 -1 0
vn 0 -7.105427357601002e-15 1
vn 0 1.4210854715202004e-14 -1
vn 1 0 0
vn -1 0 0
vn 0 1 -1.4210854715202206e-14
vn 0 -1 0
vn 0 8.881784197001252e-16 1
vn 0 0 -1
vn 1 0 0
vn -1 0 0
vn 0 1 -1.4210854715202206e-14
vn 0 -1 0
vn 0 8.881784197001252e-16 1
vn 0 0 -1
vn 1 0 0
vn -1 0 0
vn 0 1 0
vn 0 -1 0
vn 0 0 1
vn 0 7.105427357601002e-15 -1
vn 1 0 0
vn -1 0 0
vn 0 1 0
vn 0 -1 0
vn 0 0 1
vn 0 0 -1
vn 1 0 0
vn -1 0 0
vn 0 1 0
vn 0 -1 0
vn 0 0 1
vn 0 -1.4210854715202004e-14 -1
vn 0.706781766655752 0.7067817666558044 -0.030316144970532265
vn -0.7071067811865505 -0.7071067811865447 5.023759186428814e-15
vn -0.7070967370139261 0.7070967370139389 -0.005330010178154089
vn 0.7071067811865505 -0.7071067811865447 0
vn -3.038948320110173e-15 1.519474160055074e-14 1
vn -6.69906115705073e-15 -6.699061157050945e-15 -1
vn 0.7071067811865505 -0.7071067811865447 0
vn -0.7071067811865505 0.7071067811865447 0
vn 0.7071067811865503 0.7071067811865447 0
vn -0.7071067811865503 -0.7071067811865447 0
vn 0 0 1
vn 6.6990611570507735e-15 3.34953057852536e-14 -1
vn 1 0 0
vn -1 0 0
vn 0 1 0
vn 0 -1 0
vn 0 -1.4210854715202004e-14 1
vn 0 0 -1
vn 0.7067817666557529 0.7067817666558036 -0.03031614497053217
vn -0.7071067811865503 -0.7071067811865448 0
vn -0.7070967370139164 0.7070967370139486 -0.005330010178154483
vn 0.7071067811865503 -0.7071067811865447 0
vn -6.944851993221258e-15 -5.470106976198301e-15 1
vn 0 0 -1
vn 0.7071067811865507 -0.7071067811865445 0
vn -0.7071067811865502 0.7071067811865449 -5.023759186428812e-15
vn 0.707106781186541 0.707106781186554 0
vn -0.7071067811865502 -0.7071067811865449 0
vn 6.6990611570507775e-15 -6.699061157050718e-15 1
vn 0 0 -1
vn 1 0 0
vn -1 0 0
vn 0 1 0
vn 0 -1 0
vn 0 -1.4210854715202004e-14 1
vn 0 0 -1
vn 0.7067817666557529 0.7067817666558036 -0.03031614497053217
vn -0.7071067811865502 -0.7071067811865449 0
vn -0.7070967370139165 0.7070967370139485 -0.005330010178154479
vn 0.7071067811865506 -0.7071067811865446 0
vn -6.9448519932212595e-15 -5.470106976198302e-15 1
vn 0 0 -1
vn 0.7071067811865505 -0.7071067811865447 0
vn -0.7071067811865505 0.7071067811865447 -5.023759186428814e-15
vn 0.7071067811865409 0.7071067811865542 0
vn -0.7071067811865503 -0.7071067811865447 0
vn 6.6990611570507735e-15 -6.699061157050718e-15 1
vn 0 0 -1
vn 1 0 0
vn -1 0 0
vn 0 1 4.7369515717339955e-15
vn 0 -1 2.368475785866995e-15
vn 0 -1.421085471520281e-14 1
vn 0 2.84217094304032e-14 -1
vn 1 -1.0908388188148336e-16 0
vn -1 -5.454194094074169e-17 0
vn 0 1 0
vn 0 -1 0
vn 0 0 1
vn 0 -6.981368440414935e-15 -1
vn 1 0 0
vn -1 0 0
vn 0 1 0
vn 0 -1 0
vn 0 0 1
vn 0 -6.9813684404149365e-15 -1
vn 1 0 0
vn -1 0 0
vn 0 1 -2.3684757858669977e-15
vn 0 -1 2.368475785866995e-15
vn 0 -1.4210854715202408e-14 1
vn 0 2.8421709430404815e-14 -1
vn 1 -1.0908388188148336e-16 0
vn -1 -5.454194094074169e-17 0
vn 0 1 0
vn 0 -1 0
vn 0 0 1
vn 0 -6.981368440414935e-15 -1
vn 1 0 0
vn -1 0 0
vn 0 1 0
vn 0 -1 0
vn 0 0 1
vn 0 -6.9813684404149365e-15 -1
vn 1 0 0
vn -1 0 0
vn 0 1 -2.3684757858669977e-15
vn 0 -1 2.368475785866995e-15
vn 0 -1.4210854715202408e-14 1
vn 0 2.8421709430404815e-14 -1
vn 1 0 0
vn -1 0 0
vn 0 1 0
vn 0 -1 0
vn 0 0 1
vn 0 -6.9813684404149365e-15 -1
vn 1 -1.6362582282222505e-16 0
vn -1 2.1816776376296676e-16 0
vn 0 1 0
vn 0 -1 0
vn 0 0 1
vn 0 -6.9813684404149365e-15 -1
vn 1 0 0
vn -1 0 0
vn 0 1 -2.368475785866995e-15
vn 0 -1 2.3684757858669977e-15
vn 0 0 1
vn 0 -1.4210854715202004e-14 -1
vn 1 -1.0908388188148337e-16 0
vn -1 -5.4541940940741685e-17 0
vn 0 1 0
vn 0 -1 0
vn 0 0 1
vn 0 -6.981368440414935e-15 -1
vn 1 0 0
vn -1 0 0
vn 0 1 0
vn 0 -1 0
vn 0 0 1
vn 0 -6.9813684404149365e-15 -1
vn 1 0 0
vn -1 0 0
vn 0 1 0
vn 0 -1 0
vn 0 0 1
vn 0 0 -1
vn 0.7069622749393929 0.7069622749394169 -0.02021592503455631
vn -0.7071067811865505 -0.7071067811865447 0
vn -0.7071023170569807 0.7071023170569939 -0.0035533681598951014
vn 0.7071067811865503 -0.7071067811865447 0
vn -6.9448519932212595e-15 -5.470106976198302e-15 1
vn 1.339812231410173e-14 1.3398122314101621e-14 -1
vn 0.7071067811865502 -0.7071067811865449 0
vn -0.7071067811865502 0.7071067811865449 0
vn 0.7071067811865505 0.7071067811865446 0
vn -0.7071067811865505 -0.7071067811865446 0
vn -6.6990611570507735e-15 6.699061157050723e-15 1
vn 3.349530578525386e-15 -2.3446714049677517e-14 -1
vn 1 0 0
vn -1 0 0
vn 0 1 0
vn 0 -1 0
vn 0 -1.4210854715202004e-14 1
vn 0 0 -1
vn 0.7069622749393929 0.7069622749394169 -0.02021592503455631
vn -0.7071067811865511 -0.707106781186544 0
vn -0.7071023170569812 0.7071023170569933 -0.0035533681598950858
vn 0.7071067811865505 -0.7071067811865446 0
vn -6.944851993221266e-15 -5.470106976198306e-15 1
vn 1.3398122314101752e-14 1.3398122314101618e-14 -1
vn 0.7071067811865505 -0.7071067811865447 0
vn -0.7071067811865502 0.7071067811865449 0
vn 0.7071067811865505 0.7071067811865448 0
vn -0.7071067811865502 -0.7071067811865449 0
vn -1.674765289262693e-14 -3.3495305785253615e-15 1
vn 3.3495305785253856e-15 -2.3446714049677517e-14 -1
usemtl m_ac3999ef-95b5-0d58-6ef6-8589e28d3a01
f 3/1/1 4/2/1 1/3/1
f 4/4/2 5/5/2 1/6/2
f 5/7/3 6/8/3 1/9/3
f 6/10/4 7/11/4 1/12/4
f 7/13/5 8/14/5 1/15/5
f 8/16/6 9/17/6 1/18/6
f 9/19/7 10/20/7 1/21/7
f 10/22/8 11/23/8 1/24/8
f 11/25/9 12/26/9 1/27/9
f 12/28/10 13/29/10 1/30/10
f 13/31/11 2/32/11 1/33/11
f 2/34/12 3/35/12 1/36/12
usemtl m_3d215661-f591-00a8-53e2-d8d611c756be
f 14/37/13 18/38/13 19/39/13 15/40/13
f 17/41/14 21/42/14 20/43/14 16/44/14
f 16/45/15 20/46/15 18/47/15 14/48/15
f 15/49/16 19/50/16 21/51/16 17/52/16
f 18/53/17 22/54/17 23/55/17 19/56/17
f 21/57/18 25/58/18 24/59/18 20/60/18
f 20/61/19 24/62/19 22/63/19 18/64/19
f 19/65/20 23/66/20 25/67/20 21/68/20
f 22/69/21 26/70/21 27/71/21 23/72/21
f 25/73/22 29/74/22 28/75/22 24/76/22
f 24/77/23 28/78/23 26/79/23 22/80/23
f 23/81/24 27/82/24 29/83/24 25/84/24
f 26/85/25 30/86/25 31/87/25 27/88/25
f 29/89/26 33/90/26 32/91/26 28/92/26
f 28/93/27 32/94/27 30/95/27 26/96/27
f 27/97/28 31/98/28 33/99/28 29/100/28
f 30/101/29 34/102/29 35/103/29 31/104/29
f 33/105/30 37/106/30 36/107/30 32/108/30
f 32/109/31 36/110/31 34/111/31 30/112/31
f 31/113/32 35/114/32 37/115/32 33/116/32
f 34/117/33 38/118/33 39/119/33 35/120/33
f 37/121/34 41/122/34 40/123/34 36/124/34
f 36/125/35 40/126/35 38/127/35 34/128/35
f 35/129/36 39/130/36 41/131/36 37/132/36
f 38/133/37 42/134/37 43/135/37 39/136/37
f 41/137/38 45/138/38 44/139/38 40/140/38
f 40/141/39 44/142/39 42/143/39 38/144/39
f 39/145/40 43/146/40 45/147/40 41/148/40
f 42/149/41 46/150/41 47/151/41 43/152/41
f 45/153/42 49/154/42 48/155/42 44/156/42
f 44/157/43 48/158/43 46/159/43 42/160/43
f 43/161/44 47/162/44 49/163/44 45/164/44
f 46/165/45 50/166/45 51/167/45 47/168/45
f 49/169/46 53/170/46 52/171/46 48/172/46
f 48/173/47 52/174/47 50/175/47 46/176/47
f 47/177/48 51/178/48 53/179/48 49/180/48
f 50/181/49 54/182/49 55/183/49 51/184/49
f 53/185/50 57/186/50 56/187/50 52/188/50
f 52/189/51 56/190/51 54/191/51 50/192/51
f 51/193/52 55/194/52 57/195/52 53/196/52
f 54/197/53 58/198/53 59/199/53 55/200/53
f 57/201/54 61/202/54 60/203/54 56/204/54
f 56/205/55 60/206/55 58/207/55 54/208/55
f 55/209/56 59/210/56 61/211/56 57/212/56
f 58/213/57 14/214/57 15/215/57 59/216/57
f 61/217/58 17/218/58 16/219/58 60/220/58
f 60/221/59 16/222/59 14/223/59 58/224/59
f 59/225/60 15/226/60 17/227/60 61/228/60
f 62/229/61 66/230/61 67/231/61 63/232/61
f 65/233/62 69/234/62 68/235/62 64/236/62
f 64/237/63 68/238/63 66/239/63 62/240/63
f 63/241/64 67/242/64 69/243/64 65/244/64
f 66/245/65 70/246/65 71/247/65 67/248/65
f 69/249/66 73/250/66 72/251/66 68/252/66
f 68/253/67 72/254/67 70/255/67 66/256/67
f 67/257/68 71/258/68 73/259/68 69/260/68
f 70/261/69 74/262/69 75/263/69 71/264/69
f 73/265/70 77/266/70 76/267/70 72/268/70
f 72/269/71 76/270/71 74/271/71 70/272/71
f 71/273/72 75/274/72 77/275/72 73/276/72
f 74/277/73 78/278/73 79/279/73 75/280/73
f 77/281/74 81/282/74 80/283/74 76/284/74
f 76/285/75 80/286/75 78/287/75 74/288/75
f 75/289/76 79/290/76 81/291/76 77/292/76
f 78/293/77 82/294/77 83/295/77 79/296/77
f 81/297/78 85/298/78 84/299/78 80/300/78
f 80/301/79 84/302/79 82/303/79 78/304/79
f 79/305/80 83/306/80 85/307/80 81/308/80
f 82/309/81 86/310/81 87/311/81 83/312/81
f 85/313/82 89/314/82 88/315/82 84/316/82
f 84/317/83 88/318/83 86/319/83 82/320/83
f 83/321/84 87/322/84 89/323/84 85/324/84
f 86/325/85 90/326/85 91/327/85 87/328/85
f 89/329/86 93/330/86 92/331/86 88/332/86
f 88/333/87 92/334/87 90/335/87 86/336/87
f 87/337/88 91/338/88 93/339/88 89/340/88
f 90/341/89 94/342/89 95/343/89 91/344/89
f 93/345/90 97/346/90 96/347/90 92/348/90
f 92/349/91 96/350/91 94/351/91 90/352/91
f 91/353/92 95/354/92 97/355/92 93/356/92
f 94/357/93 98/358/93 99/359/93 95/360/93
f 97/361/94 101/362/94 100/363/94 96/364/94
f 96/365/95 100/366/95 98/367/95 94/368/95
f 95/369/96 99/370/96 101/371/96 97/372/96
f 98/373/97 102/374/97 103/375/97 99/376/97
f 101/377/98 105/378/98 104/379/98 100/380/98
f 100/381/99 104/382/99 102/383/99 98/384/99
f 99/385/100 103/386/100 105/387/100 101/388/100
f 102/389/101 106/390/101 107/391/101 103/392/101
f 105/393/102 109/394/102 108/395/102 104/396/102
f 104/397/103 108/398/103 106/399/103 102/400/103
f 103/401/104 107/402/104 109/403/104 105/404/104
f 106/405/105 62/406/105 63/407/105 107/408/105
f 109/409/106 65/410/106 64/411/106 108/412/106
f 108/413/107 64/414/107 62/415/107 106/416/107
f 107/417/108 63/418/108 65/419/108 109/420/108
usemtl m_ac3999ef-95b5-0d58-6ef6-8589e28d3a01
f 112/421/109 113/422/109 110/423/109
f 113/424/110 114/425/110 110/426/110
f 114/427/111 115/428/111 110/429/111
f 115/430/112 116/431/112 110/432/112
f 116/433/113 117/434/113 110/435/113
f 117/436/114 118/437/114 110/438/114
f 118/439/115 119/440/115 110/441/115
f 119/442/116 120/443/116 110/444/116
f 120/445/117 121/446/117 110/447/117
f 121/448/118 122/449/118 110/450/118
f 122/451/119 111/452/119 110/453/119
f 111/454/120 112/455/120 110/456/120
usemtl m_3d215661-f591-00a8-53e2-d8d611c756be
f 123/457/121 127/458/121 128/459/121 124/460/121
f 126/461/122 130/462/122 129/463/122 125/464/122
f 125/465/123 129/466/123 127/467/123 123/468/123
f 124/469/124 128/470/124 130/471/124 126/472/124
f 127/473/125 131/474/125 132/475/125 128/476/125
f 130/477/126 134/478/126 133/479/126 129/480/126
f 129/481/127 133/482/127 131/483/127 127/484/127
f 128/485/128 132/486/128 134/487/128 130/488/128
f 131/489/129 135/490/129 136/491/129 132/492/129
f 134/493/130 138/494/130 137/495/130 133/496/130
f 133/497/131 137/498/131 135/499/131 131/500/131
f 132/501/132 136/502/132 138/503/132 134/504/132
f 135/505/133 139/506/133 140/507/133 136/508/133
f 138/509/134 142/510/134 141/511/134 137/512/134
f 137/513/135 141/514/135 139/515/135 135/516/135
f 136/517/136 140/518/136 142/519/136 138/520/136
f 139/521/137 143/522/137 144/523/137 140/524/137
f 142/525/138 146/526/138 145/527/138 141/528/138
f 141/529/139 145/530/139 143/531/139 139/532/139
f 140/533/140 144/534/140 146/535/140 142/536/140
f 143/537/141 147/538/141 148/539/141 144/540/141
f 146/541/142 150/542/142 149/543/142 145/544/142
f 145/545/143 149/546/143 147/547/143 143/548/143
f 144/549/144 148/550/144 150/551/144 146/552/144
f 147/553/145 151/554/145 152/555/145 148/556/145
f 150/557/146 154/558/146 153/559/146 149/560/146
f 149/561/147 153/562/147 151/563/147 147/564/147
f 148/565/148 152/566/148 154/567/148 150/568/148
f 151/569/149 155/570/149 156/571/149 152/572/149
f 154/573/150 158/574/150 157/575/150 153/576/150
f 153/577/151 157/578/151 155/579/151 151/580/151
f 152/581/152 156/582/152 158/583/152 154/584/152
f 155/585/153 159/586/153 160/587/153 156/588/153
f 158/589/154 162/590/154 161/591/154 157/592/154
f 157/593/155 161/594/155 159/595/155 155/596/155
f 156/597/156 160/598/156 162/599/156 158/600/156
f 159/601/157 163/602/157 164/603/157 160/604/157
f 162/605/158 166/606/158 165/607/158 161/608/158
f 161/609/159 165/610/159 163/611/159 159/612/159
f 160/613/160 164/614/160 166/615/160 162/616/160
f 163/617/161 167/618/161 168/619/161 164/620/161
f 166/621/162 170/622/162 169/623/162 165/624/162
f 165/625/163 169/626/163 167/627/163 163/628/163
f 164/629/164 168/630/164 170/631/164 166/632/164
f 167/633/165 123/634/165 124/635/165 168/636/165
f 170/637/166 126/638/166 125/639/166 169/640/166
f 169/641/167 125/642/167 123/643/167 167/644/167
f 168/645/168 124/646/168 126/647/168 170/648/168
usemtl m_ac3999ef-95b5-0d58-6ef6-8589e28d3a01
f 173/649/169 174/650/169 171/651/169
f 174/652/170 175/653/170 171/654/170
f 175/655/171 176/656/171 171/657/171
f 176/658/172 177/659/172 171/660/172
f 177/661/173 178/662/173 171/663/173
f 178/664/174 179/665/174 171/666/174
f 179/667/175 180/668/175 171/669/175
f 180/670/176 181/671/176 171/672/176
f 181/673/177 182/674/177 171/675/177
f 182/676/178 183/677/178 171/678/178
f 183/679/179 172/680/179 171/681/179
f 172/682/180 173/683/180 171/684/180
f 186/685/181 187/686/181 184/687/181
f 187/688/182 188/689/182 184/690/182
f 188/691/183 189/692/183 184/693/183
f 189/694/184 190/695/184 184/696/184
f 190/697/185 191/698/185 184/699/185
f 191/700/186 192/701/186 184/702/186
f 192/703/187 193/704/187 184/705/187
f 193/706/188 194/707/188 184/708/188
f 194/709/189 195/710/189 184/711/189
f 195/712/190 196/713/190 184/714/190
f 196/715/191 185/716/191 184/717/191
f 185/718/192 186/719/192 184/720/192
usemtl m_3d215661-f591-00a8-53e2-d8d611c756be
f 197/721/193 201/722/193 202/723/193 198/724/193
f 200/725/194 204/726/194 203/727/194 199/728/194
f 199/729/195 203/730/195 201/731/195 197/732/195
f 198/733/196 202/734/196 204/735/196 200/736/196
f 201/737/197 205/738/197 206/739/197 202/740/197
f 204/741/198 208/742/198 207/743/198 203/744/198
f 203/745/199 207/746/199 205/747/199 201/748/199
f 202/749/200 206/750/200 208/751/200 204/752/200
f 205/753/201 209/754/201 210/755/201 206/756/201
f 208/757/202 212/758/202 211/759/202 207/760/202
f 207/761/203 211/762/203 209/763/203 205/764/203
f 206/765/204 210/766/204 212/767/204 208/768/204
f 209/769/205 213/770/205 214/771/205 210/772/205
f 212/773/206 216/774/206 215/775/206 211/776/206
f 211/777/207 215/778/207 213/779/207 209/780/207
f 210/781/208 214/782/208 216/783/208 212/784/208
f 213/785/209 217/786/209 218/787/209 214/788/209
f 216/789/210 220/790/210 219/791/210 215/792/210
f 215/793/211 219/794/211 217/795/211 213/796/211
f 214/797/212 218/798/212 220/799/212 216/800/212
f 217/801/213 221/802/213 222/803/213 218/804/213
f 220/805/214 224/806/214 223/807/214 219/808/214
f 219/809/215 223/810/215 221/811/215 217/812/215
f 218/813/216 222/814/216 224/815/216 220/816/216
f 221/817/217 225/818/217 226/819/217 222/820/217
f 224/821/218 228/822/218 227/823/218 223/824/218
f 223/825/219 227/826/219 225/827/219 221/828/219
f 222/829/220 226/830/220 228/831/220 224/832/220
f 225/833/221 229/834/221 230/835/221 226/836/221
f 228/837/222 232/838/222 231/839/222 227/840/222
f 227/841/223 231/842/223 229/843/223 225/844/223
f 226/845/224 230/846/224 232/847/224 228/848/224
f 229/849/225 233/850/225 234/851/225 230/852/225
f 232/853/226 236/854/226 235/855/226 231/856/226
f 231/857/227 235/858/227 233/859/227 229/860/227
f 230/861/228 234/862/228 236/863/228 232/864/228
f 233/865/229 237/866/229 238/867/229 234/868/229
f 236/869/230 240/870/230 239/871/230 235/872/230
f 235/873/231 239/874/231 237/875/231 233/876/231
f 234/877/232 238/878/232 240/879/232 236/880/232
f 237/881/233 241/882/233 242/883/233 238/884/233
f 240/885/234 244/886/234 243/887/234 239/888/234
f 239/889/235 243/890/235 241/891/235 237/892/235
f 238/893/236 242/894/236 244/895/236 240/896/236
f 241/897/237 197/898/237 198/899/237 242/900/237
f 244/901/238 200/902/238 199/903/238 243/904/238
f 243/905/239 199/906/239 197/907/239 241/908/239
f 242/909/240 198/910/240 200/911/240 244/912/240
usemtl m_ac3999ef-95b5-0d58-6ef6-8589e28d3a01
f 247/913/241 248/914/241 245/915/241
f 248/916/242 249/917/242 245/918/242
f 249/919/243 250/920/243 245/921/243
f 250/922/244 251/923/244 245/924/244
f 251/925/245 252/926/245 245/927/245
f 252/928/246 253/929/246 245/930/246
f 253/931/247 254/932/247 245/933/247
f 254/934/248 255/935/248 245/936/248
f 255/937/249 256/938/249 245/939/249
f 256/940/250 257/941/250 245/942/250
f 257/943/251 246/944/251 245/945/251
f 246/946/252 247/947/252 245/948/252
usemtl m_3d215661-f591-00a8-53e2-d8d611c756be
f 258/949/253 262/950/253 263/951/253 259/952/253
f 261/953/254 265/954/254 264/955/254 260/956/254
f 260/957/255 264/958/255 262/959/255 258/960/255
f 259/961/256 263/962/256 265/963/256 261/964/256
f 262/965/257 266/966/257 267/967/257 263/968/257
f 265/969/258 269/970/258 268/971/258 264/972/258
f 264/973/259 268/974/259 266/975/259 262/976/259
f 263/977/260 267/978/260 269/979/260 265/980/260
f 266/981/261 270/982/261 271/983/261 267/984/261
f 269/985/262 273/986/262 272/987/262 268/988/262
f 268/989/263 272/990/263 270/991/263 266/992/263
f 267/993/264 271/994/264 273/995/264 269/996/264
f 270/997/265 274/998/265 275/999/265 271/1000/265
f 273/1001/266 277/1002/266 276/1003/266 272/1004/266
f 272/1005/267 276/1006/267 274/1007/267 270/1008/267
f 271/1009/268 275/1010/268 277/1011/268 273/1012/268
f 274/1013/269 278/1014/269 279/1015/269 275/1016/269
f 277/1017/270 281/1018/270 280/1019/270 276/1020/270
f 276/1021/271 280/1022/271 278/1023/271 274/1024/271
f 275/1025/272 279/1026/272 281/1027/272 277/1028/272
f 278/1029/273 282/1030/273 283/1031/273 279/1032/273
f 281/1033/274 285/1034/274 284/1035/274 280/1036/274
f 280/1037/275 284/1038/275 282/1039/275 278/1040/275
f 279/1041/276 283/1042/276 285/1043/276 281/1044/276
f 282/1045/277 286/1046/277 287/1047/277 283/1048/277
f 285/1049/278 289/1050/278 288/1051/278 284/1052/278
f 284/1053/279 288/1054/279 286/1055/279 282/1056/279
f 283/1057/280 287/1058/280 289/1059/280 285/1060/280
f 286/1061/281 290/1062/281 291/1063/281 287/1064/281
f 289/1065/282 293/1066/282 292/1067/282 288/1068/282
f 288/1069/283 292/1070/283 290/1071/283 286/1072/283
f 287/1073/284 291/1074/284 293/1075/284 289/1076/284
f 290/1077/285 294/1078/285 295/1079/285 291/1080/285
f 293/1081/286 297/1082/286 296/1083/286 292/1084/286
f 292/1085/287 296/1086/287 294/1087/287 290/1088/287
f 291/1089/288 295/1090/288 297/1091/288 293/1092/288
f 294/1093/289 298/1094/289 299/1095/289 295/1096/289
f 297/1097/290 301/1098/290 300/1099/290 296/1100/290
f 296/1101/291 300/1102/291 298/1103/291 294/1104/291
f 295/1105/292 299/1106/292 301/1107/292 297/1108/292
f 298/1109/293 302/1110/293 303/1111/293 299/1112/293
f 301/1113/294 305/1114/294 304/1115/294 300/1116/294
f 300/1117/295 304/1118/295 302/1119/295 298/1120/295
f 299/1121/296 303/1122/296 305/1123/296 301/1124/296
f 302/1125/297 258/1126/297 259/1127/297 303/1128/297
f 305/1129/298 261/1130/298 260/1131/298 304/1132/298
f 304/1133/299 260/1134/299 258/1135/299 302/1136/299
f 303/1137/300 259/1138/300 261/1139/300 305/1140/300
usemtl m_ac3999ef-95b5-0d58-6ef6-8589e28d3a01
f 308/1141/301 309/1142/301 306/1143/301
f 309/1144/302 310/1145/302 306/1146/302
f 310/1147/303 311/1148/303 306/1149/303
f 311/1150/304 312/1151/304 306/1152/304
f 312/1153/305 313/1154/305 306/1155/305
f 313/1156/306 314/1157/306 306/1158/306
f 314/1159/307 315/1160/307 306/1161/307
f 315/1162/308 316/1163/308 306/1164/308
f 316/1165/309 317/1166/309 306/1167/309
f 317/1168/310 318/1169/310 306/1170/310
f 318/1171/311 307/1172/311 306/1173/311
f 307/1174/312 308/1175/312 306/1176/312
usemtl m_3d215661-f591-00a8-53e2-d8d611c756be
f 319/1177/313 323/1178/313 324/1179/313 320/1180/313
f 322/1181/314 326/1182/314 325/1183/314 321/1184/314
f 321/1185/315 325/1186/315 323/1187/315 319/1188/315
f 320/1189/316 324/1190/316 326/1191/316 322/1192/316
f 323/1193/317 327/1194/317 328/1195/317 324/1196/317
f 326/1197/318 330/1198/318 329/1199/318 325/1200/318
f 325/1201/319 329/1202/319 327/1203/319 323/1204/319
f 324/1205/320 328/1206/320 330/1207/320 326/1208/320
f 327/1209/321 331/1210/321 332/1211/321 328/1212/321
f 330/1213/322 334/1214/322 333/1215/322 329/1216/322
f 329/1217/323 333/1218/323 331/1219/323 327/1220/323
f 328/1221/324 332/1222/324 334/1223/324 330/1224/324
f 331/1225/325 335/1226/325 336/1227/325 332/1228/325
f 334/1229/326 338/1230/326 337/1231/326 333/1232/326
f 333/1233/327 337/1234/327 335/1235/327 331/1236/327
f 332/1237/328 336/1238/328 338/1239/328 334/1240/328
f 335/1241/329 339/1242/329 340/1243/329 336/1244/329
f 338/1245/330 342/1246/330 341/1247/330 337/1248/330
f 337/1249/331 341/1250/331 339/1251/331 335/1252/331
f 336/1253/332 340/1254/332 342/1255/332 338/1256/332
f 339/1257/333 343/1258/333 344/1259/333 340/1260/333
f 342/1261/334 346/1262/334 345/1263/334 341/1264/334
f 341/1265/335 345/1266/335 343/1267/335 339/1268/335
f 340/1269/336 344/1270/336 346/1271/336 342/1272/336
f 343/1273/337 347/1274/337 348/1275/337 344/1276/337
f 346/1277/338 350/1278/338 349/1279/338 345/1280/338
f 345/1281/339 349/1282/339 347/1283/339 343/1284/339
f 344/1285/340 348/1286/340 350/1287/340 346/1288/340
f 347/1289/341 351/1290/341 352/1291/341 348/1292/341
f 350/1293/342 354/1294/342 353/1295/342 349/1296/342
f 349/1297/343 353/1298/343 351/1299/343 347/1300/343
f 348/1301/344 352/1302/344 354/1303/344 350/1304/344
f 351/1305/345 355/1306/345 356/1307/345 352/1308/345
f 354/1309/346 358/1310/346 357/1311/346 353/1312/346
f 353/1313/347 357/1314/347 355/1315/347 351/1316/347
f 352/1317/348 356/1318/348 358/1319/348 354/1320/348
f 355/1321/349 359/1322/349 360/1323/349 356/1324/349
f 358/1325/350 362/1326/350 361/1327/350 357/1328/350
f 357/1329/351 361/1330/351 359/1331/351 355/1332/351
f 356/1333/352 360/1334/352 362/1335/352 358/1336/352
f 359/1337/353 363/1338/353 364/1339/353 360/1340/353
f 362/1341/354 366/1342/354 365/1343/354 361/1344/354
f 361/1345/355 365/1346/355 363/1347/355 359/1348/355
f 360/1349/356 364/1350/356 366/1351/356 362/1352/356
f 363/1353/357 319/1354/357 320/1355/357 364/1356/357
f 366/1357/358 322/1358/358 321/1359/358 365/1360/358
f 365/1361/359 321/1362/359 319/1363/359 363/1364/359
f 364/1365/360 320/1366/360 322/1367/360 366/1368/360
usemtl m_ac3999ef-95b5-0d58-6ef6-8589e28d3a01
f 369/1369/361 370/1370/361 367/1371/361
f 370/1372/362 371/1373/362 367/1374/362
f 371/1375/363 372/1376/363 367/1377/363
f 372/1378/364 373/1379/364 367/1380/364
f 373/1381/365 374/1382/365 367/1383/365
f 374/1384/366 375/1385/366 367/1386/366
f 375/1387/367 376/1388/367 367/1389/367
f 376/1390/368 377/1391/368 367/1392/368
f 377/1393/369 378/1394/369 367/1395/369
f 378/1396/370 379/1397/370 367/1398/370
f 379/1399/371 368/1400/371 367/1401/371
f 368/1402/372 369/1403/372 367/1404/372
usemtl m_3d215661-f591-00a8-53e2-d8d611c756be
f 380/1405/373 384/1406/373 385/1407/373 381/1408/373
f 383/1409/374 387/1410/374 386/1411/374 382/1412/374
f 382/1413/375 386/1414/375 384/1415/375 380/1416/375
f 381/1417/376 385/1418/376 387/1419/376 383/1420/376
f 384/1421/377 388/1422/377 389/1423/377 385/1424/377
f 387/1425/378 391/1426/378 390/1427/378 386/1428/378
f 386/1429/379 390/1430/379 388/1431/379 384/1432/379
f 385/1433/380 389/1434/380 391/1435/380 387/1436/380
f 388/1437/381 392/1438/381 393/1439/381 389/1440/381
f 391/1441/382 395/1442/382 394/1443/382 390/1444/382
f 390/1445/383 394/1446/383 392/1447/383 388/1448/383
f 389/1449/384 393/1450/384 395/1451/384 391/1452/384
f 392/1453/385 396/1454/385 397/1455/385 393/1456/385
f 395/1457/386 399/1458/386 398/1459/386 394/1460/386
f 394/1461/387 398/1462/387 396/1463/387 392/1464/387
f 393/1465/388 397/1466/388 399/1467/388 395/1468/388
f 396/1469/389 400/1470/389 401/1471/389 397/1472/389
f 399/1473/390 403/1474/390 402/1475/390 398/1476/390
f 398/1477/391 402/1478/391 400/1479/391 396/1480/391
f 397/1481/392 401/1482/392 403/1483/392 399/1484/392
f 400/1485/393 404/1486/393 405/1487/393 401/1488/393
f 403/1489/394 407/1490/394 406/1491/394 402/1492/394
f 402/1493/395 406/1494/395 404/1495/395 400/1496/395
f 401/1497/396 405/1498/396 407/1499/396 403/1500/396
f 404/1501/397 408/1502/397 409/1503/397 405/1504/397
f 407/1505/398 411/1506/398 410/1507/398 406/1508/398
f 406/1509/399 410/1510/399 408/1511/399 404/1512/399
f 405/1513/400 409/1514/400 411/1515/400 407/1516/400
f 408/1517/401 412/1518/401 413/1519/401 409/1520/401
f 411/1521/402 415/1522/402 414/1523/402 410/1524/402
f 410/1525/403 414/1526/403 412/1527/403 408/1528/403
f 409/1529/404 413/1530/404 415/1531/404 411/1532/404
f 412/1533/405 416/1534/405 417/1535/405 413/1536/405
f 415/1537/406 419/1538/406 418/1539/406 414/1540/406
f 414/1541/407 418/1542/407 416/1543/407 412/1544/407
f 413/1545/408 417/1546/408 419/1547/408 415/1548/408
f 416/1549/409 420/1550/409 421/1551/409 417/1552/409
f 419/1553/410 423/1554/410 422/1555/410 418/1556/410
f 418/1557/411 422/1558/411 420/1559/411 416/1560/411
f 417/1561/412 421/1562/412 423/1563/412 419/1564/412
f 420/1565/413 424/1566/413 425/1567/413 421/1568/413
f 423/1569/414 427/1570/414 426/1571/414 422/1572/414
f 422/1573/415 426/1574/415 424/1575/415 420/1576/415
f 421/1577/416 425/1578/416 427/1579/416 423/1580/416
f 424/1581/417 380/1582/417 381/1583/417 425/1584/417
f 427/1585/418 383/1586/418 382/1587/418 426/1588/418
f 426/1589/419 382/1590/419 380/1591/419 424/1592/419
f 425/1593/420 381/1594/420 383/1595/420 427/1596/420
f 432/1597/421 428/1598/421 429/1599/421 433/1600/421
f 431/1601/422 430/1602/422 434/1603/422 435/1604/422
f 430/1605/423 428/1606/423 432/1607/423 434/1608/423
f 433/1609/424 429/1610/424 431/1611/424 435/1612/424
f 440/1613/425 436/1614/425 437/1615/425 441/1616/425
f 439/1617/426 438/1618/426 442/1619/426 443/1620/426
f 438/1621/427 436/1622/427 440/1623/427 442/1624/427
f 441/1625/428 437/1626/428 439/1627/428 443/1628/428
f 448/1629/429 444/1630/429 445/1631/429 449/1632/429
f 447/1633/430 446/1634/430 450/1635/430 451/1636/430
f 446/1637/431 444/1638/431 448/1639/431 450/1640/431
f 449/1641/432 445/1642/432 447/1643/432 451/1644/432
f 456/1645/433 452/1646/433 453/1647/433 457/1648/433
f 455/1649/434 454/1650/434 458/1651/434 459/1652/434
f 454/1653/435 452/1654/435 456/1655/435 458/1656/435
f 457/1657/436 453/1658/436 455/1659/436 459/1660/436
f 464/1661/437 460/1662/437 461/1663/437 465/1664/437
f 463/1665/438 462/1666/438 466/1667/438 467/1668/438
f 462/1669/439 460/1670/439 464/1671/439 466/1672/439
f 465/1673/440 461/1674/440 463/1675/440 467/1676/440
f 472/1677/441 468/1678/441 469/1679/441 473/1680/441
f 471/1681/442 470/1682/442 474/1683/442 475/1684/442
f 470/1685/443 468/1686/443 472/1687/443 474/1688/443
f 473/1689/444 469/1690/444 471/1691/444 475/1692/444
f 480/1693/445 476/1694/445 477/1695/445 481/1696/445
f 479/1697/446 478/1698/446 482/1699/446 483/1700/446
f 478/1701/447 476/1702/447 480/1703/447 482/1704/447
f 481/1705/448 477/1706/448 479/1707/448 483/1708/448
f 488/1709/449 484/1710/449 485/1711/449 489/1712/449
f 487/1713/450 486/1714/450 490/1715/450 491/1716/450
f 486/1717/451 484/1718/451 488/1719/451 490/1720/451
f 489/1721/452 485/1722/452 487/1723/452 491/1724/452
usemtl m_ac3999ef-95b5-0d58-6ef6-8589e28d3a01
f 494/1725/453 495/1726/453 492/1727/453
f 495/1728/454 496/1729/454 492/1730/454
f 496/1731/455 497/1732/455 492/1733/455
f 497/1734/456 498/1735/456 492/1736/456
f 498/1737/457 499/1738/457 492/1739/457
f 499/1740/458 500/1741/458 492/1742/458
f 500/1743/459 501/1744/459 492/1745/459
f 501/1746/460 502/1747/460 492/1748/460
f 502/1749/461 503/1750/461 492/1751/461
f 503/1752/462 504/1753/462 492/1754/462
f 504/1755/463 493/1756/463 492/1757/463
f 493/1758/464 494/1759/464 492/1760/464
usemtl m_3d215661-f591-00a8-53e2-d8d611c756be
f 505/1761/465 509/1762/465 510/1763/465 506/1764/465
f 508/1765/466 512/1766/466 511/1767/466 507/1768/466
f 507/1769/467 511/1770/467 509/1771/467 505/1772/467
f 506/1773/468 510/1774/468 512/1775/468 508/1776/468
f 509/1777/469 513/1778/469 514/1779/469 510/1780/469
f 512/1781/470 516/1782/470 515/1783/470 511/1784/470
f 511/1785/471 515/1786/471 513/1787/471 509/1788/471
f 510/1789/472 514/1790/472 516/1791/472 512/1792/472
f 513/1793/473 517/1794/473 518/1795/473 514/1796/473
f 516/1797/474 520/1798/474 519/1799/474 515/1800/474
f 515/1801/475 519/1802/475 517/1803/475 513/1804/475
f 514/1805/476 518/1806/476 520/1807/476 516/1808/476
f 517/1809/477 521/1810/477 522/1811/477 518/1812/477
f 520/1813/478 524/1814/478 523/1815/478 519/1816/478
f 519/1817/479 523/1818/479 521/1819/479 517/1820/479
f 518/1821/480 522/1822/480 524/1823/480 520/1824/480
f 521/1825/481 525/1826/481 526/1827/481 522/1828/481
f 524/1829/482 528/1830/482 527/1831/482 523/1832/482
f 523/1833/483 527/1834/483 525/1835/483 521/1836/483
f 522/1837/484 526/1838/484 528/1839/484 524/1840/484
f 525/1841/485 529/1842/485 530/1843/485 526/1844/485
f 528/1845/486 532/1846/486 531/1847/486 527/1848/486
f 527/1849/487 531/1850/487 529/1851/487 525/1852/487
f 526/1853/488 530/1854/488 532/1855/488 528/1856/488
f 529/1857/489 533/1858/489 534/1859/489 530/1860/489
f 532/1861/490 536/1862/490 535/1863/490 531/1864/490
f 531/1865/491 535/1866/491 533/1867/491 529/1868/491
f 530/1869/492 534/1870/492 536/1871/492 532/1872/492
f 533/1873/493 537/1874/493 538/1875/493 534/1876/493
f 536/1877/494 540/1878/494 539/1879/494 535/1880/494
f 535/1881/495 539/1882/495 537/1883/495 533/1884/495
f 534/1885/496 538/1886/496 540/1887/496 536/1888/496
f 537/1889/497 541/1890/497 542/1891/497 538/1892/497
f 540/1893/498 544/1894/498 543/1895/498 539/1896/498
f 539/1897/499 543/1898/499 541/1899/499 537/1900/499
f 538/1901/500 542/1902/500 544/1903/500 540/1904/500
f 541/1905/501 545/1906/501 546/1907/501 542/1908/501
f 544/1909/502 548/1910/502 547/1911/502 543/1912/502
f 543/1913/503 547/1914/503 545/1915/503 541/1916/503
f 542/1917/504 546/1918/504 548/1919/504 544/1920/504
f 545/1921/505 549/1922/505 550/1923/505 546/1924/505
f 548/1925/506 552/1926/506 551/1927/506 547/1928/506
f 547/1929/507 551/1930/507 549/1931/507 545/1932/507
f 546/1933/508 550/1934/508 552/1935/508 548/1936/508
f 549/1937/509 505/1938/509 506/1939/509 550/1940/509
f 552/1941/510 508/1942/510 507/1943/510 551/1944/510
f 551/1945/511 507/1946/511 505/1947/511 549/1948/511
f 550/1949/512 506/1950/512 508/1951/512 552/1952/512
usemtl m_ac3999ef-95b5-0d58-6ef6-8589e28d3a01
f 555/1953/513 556/1954/513 553/1955/513
f 556/1956/514 557/1957/514 553/1958/514
f 557/1959/515 558/1960/515 553/1961/515
f 558/1962/516 559/1963/516 553/1964/516
f 559/1965/517 560/1966/517 553/1967/517
f 560/1968/518 561/1969/518 553/1970/518
f 561/1971/519 562/1972/519 553/1973/519
f 562/1974/520 563/1975/520 553/1976/520
f 563/1977/521 564/1978/521 553/1979/521
f 564/1980/522 565/1981/522 553/1982/522
f 565/1983/523 554/1984/523 553/1985/523
f 554/1986/524 555/1987/524 553/1988/524
usemtl m_3d215661-f591-00a8-53e2-d8d611c756be
f 566/1989/525 570/1990/525 571/1991/525 567/1992/525
f 569/1993/526 573/1994/526 572/1995/526 568/1996/526
f 568/1997/527 572/1998/527 570/1999/527 566/2000/527
f 567/2001/528 571/2002/528 573/2003/528 569/2004/528
f 570/2005/529 574/2006/529 575/2007/529 571/2008/529
f 573/2009/530 577/2010/530 576/2011/530 572/2012/530
f 572/2013/531 576/2014/531 574/2015/531 570/2016/531
f 571/2017/532 575/2018/532 577/2019/532 573/2020/532
f 574/2021/533 578/2022/533 579/2023/533 575/2024/533
f 577/2025/534 581/2026/534 580/2027/534 576/2028/534
f 576/2029/535 580/2030/535 578/2031/535 574/2032/535
f 575/2033/536 579/2034/536 581/2035/536 577/2036/536
f 578/2037/537 582/2038/537 583/2039/537 579/2040/537
f 581/2041/538 585/2042/538 584/2043/538 580/2044/538
f 580/2045/539 584/2046/539 582/2047/539 578/2048/539
f 579/2049/540 583/2050/540 585/2051/540 581/2052/540
f 582/2053/541 586/2054/541 587/2055/541 583/2056/541
f 585/2057/542 589/2058/542 588/2059/542 584/2060/542
f 584/2061/543 588/2062/543 586/2063/543 582/2064/543
f 583/2065/544 587/2066/544 589/2067/544 585/2068/544
f 586/2069/545 590/2070/545 591/2071/545 587/2072/545
f 589/2073/546 593/2074/546 592/2075/546 588/2076/546
f 588/2077/547 592/2078/547 590/2079/547 586/2080/547
f 587/2081/548 591/2082/548 593/2083/548 589/2084/548
f 590/2085/549 594/2086/549 595/2087/549 591/2088/549
f 593/2089/550 597/2090/550 596/2091/550 592/2092/550
f 592/2093/551 596/2094/551 594/2095/551 590/2096/551
f 591/2097/552 595/2098/552 597/2099/552 593/2100/552
f 594/2101/553 598/2102/553 599/2103/553 595/2104/553
f 597/2105/554 601/2106/554 600/2107/554 596/2108/554
f 596/2109/555 600/2110/555 598/2111/555 594/2112/555
f 595/2113/556 599/2114/556 601/2115/556 597/2116/556
f 598/2117/557 602/2118/557 603/2119/557 599/2120/557
f 601/2121/558 605/2122/558 604/2123/558 600/2124/558
f 600/2125/559 604/2126/559 602/2127/559 598/2128/559
f 599/2129/560 603/2130/560 605/2131/560 601/2132/560
f 602/2133/561 606/2134/561 607/2135/561 603/2136/561
f 605/2137/562 609/2138/562 608/2139/562 604/2140/562
f 604/2141/563 608/2142/563 606/2143/563 602/2144/563
f 603/2145/564 607/2146/564 609/2147/564 605/2148/564
f 606/2149/565 610/2150/565 611/2151/565 607/2152/565
f 609/2153/566 613/2154/566 612/2155/566 608/2156/566
f 608/2157/567 612/2158/567 610/2159/567 606/2160/567
f 607/2161/568 611/2162/568 613/2163/568 609/2164/568
f 610/2165/569 566/2166/569 567/2167/569 611/2168/569
f 613/2169/570 569/2170/570 568/2171/570 612/2172/570
f 612/2173/571 568/2174/571 566/2175/571 610/2176/571
f 611/2177/572 567/2178/572 569/2179/572 613/2180/572
f 617/2181/573 615/2182/573 614/2183/573 616/2184/573
f 620/2185/574 618/2186/574 619/2187/574 621/2188/574
f 617/2189/575 616/2190/575 620/2191/575 621/2192/575
f 616/2193/576 614/2194/576 618/2195/576 620/2196/576
f 621/2197/577 619/2198/577 615/2199/577 617/2200/577
f 625/2201/578 623/2202/578 622/2203/578 624/2204/578
f 628/2205/579 626/2206/579 627/2207/579 629/2208/579
f 625/2209/580 624/2210/580 628/2211/580 629/2212/580
f 624/2213/581 622/2214/581 626/2215/581 628/2216/581
f 629/2217/582 627/2218/582 623/2219/582 625/2220/582
f 633/2221/583 631/2222/583 630/2223/583 632/2224/583
f 636/2225/584 634/2226/584 635/2227/584 637/2228/584
f 630/2229/585 631/2230/585 635/2231/585 634/2232/585
f 633/2233/586 632/2234/586 636/2235/586 637/2236/586
f 632/2237/587 630/2238/587 634/2239/587 636/2240/587
f 637/2241/588 635/2242/588 631/2243/588 633/2244/588
f 641/2245/589 639/2246/589 638/2247/589 640/2248/589
f 644/2249/590 642/2250/590 643/2251/590 645/2252/590
f 638/2253/591 639/2254/591 643/2255/591 642/2256/591
f 641/2257/592 640/2258/592 644/2259/592 645/2260/592
f 640/2261/593 638/2262/593 642/2263/593 644/2264/593
f 645/2265/594 643/2266/594 639/2267/594 641/2268/594
f 649/2269/595 647/2270/595 646/2271/595 648/2272/595
f 652/2273/596 650/2274/596 651/2275/596 653/2276/596
f 646/2277/597 647/2278/597 651/2279/597 650/2280/597
f 649/2281/598 648/2282/598 652/2283/598 653/2284/598
f 648/2285/599 646/2286/599 650/2287/599 652/2288/599
f 653/2289/600 651/2290/600 647/2291/600 649/2292/600
f 657/2293/601 655/2294/601 654/2295/601 656/2296/601
f 660/2297/602 658/2298/602 659/2299/602 661/2300/602
f 654/2301/603 655/2302/603 659/2303/603 658/2304/603
f 657/2305/604 656/2306/604 660/2307/604 661/2308/604
f 656/2309/605 654/2310/605 658/2311/605 660/2312/605
f 661/2313/606 659/2314/606 655/2315/606 657/2316/606
f 615/2317/607 663/2318/607 662/2319/607 614/2320/607
f 618/2321/608 664/2322/608 665/2323/608 619/2324/608
f 615/2325/609 614/2326/609 618/2327/609 619/2328/609
f 614/2329/610 662/2330/610 664/2331/610 618/2332/610
f 619/2333/611 665/2334/611 663/2335/611 615/2336/611
f 623/2337/612 667/2338/612 666/2339/612 622/2340/612
f 626/2341/613 668/2342/613 669/2343/613 627/2344/613
f 623/2345/614 622/2346/614 626/2347/614 627/2348/614
f 622/2349/615 666/2350/615 668/2351/615 626/2352/615
f 627/2353/616 669/2354/616 667/2355/616 623/2356/616
f 663/2357/617 671/2358/617 670/2359/617 662/2360/617
f 664/2361/618 672/2362/618 673/2363/618 665/2364/618
f 663/2365/619 662/2366/619 664/2367/619 665/2368/619
f 662/2369/620 670/2370/620 672/2371/620 664/2372/620
f 665/2373/621 673/2374/621 671/2375/621 663/2376/621
f 667/2377/622 675/2378/622 674/2379/622 666/2380/622
f 668/2381/623 676/2382/623 677/2383/623 669/2384/623
f 667/2385/624 666/2386/624 668/2387/624 669/2388/624
f 666/2389/625 674/2390/625 676/2391/625 668/2392/625
f 669/2393/626 677/2394/626 675/2395/626 667/2396/626
f 681/2397/627 679/2398/627 678/2399/627 680/2400/627
f 684/2401/628 682/2402/628 683/2403/628 685/2404/628
f 678/2405/629 679/2406/629 683/2407/629 682/2408/629
f 681/2409/630 680/2410/630 684/2411/630 685/2412/630
f 680/2413/631 678/2414/631 682/2415/631 684/2416/631
f 685/2417/632 683/2418/632 679/2419/632 681/2420/632
f 689/2421/633 687/2422/633 686/2423/633 688/2424/633
f 692/2425/634 690/2426/634 691/2427/634 693/2428/634
f 686/2429/635 687/2430/635 691/2431/635 690/2432/635
f 689/2433/636 688/2434/636 692/2435/636 693/2436/636
f 688/2437/637 686/2438/637 690/2439/637 692/2440/637
f 693/2441/638 691/2442/638 687/2443/638 689/2444/638
f 671/2445/639 695/2446/639 694/2447/639 670/2448/639
f 672/2449/640 696/2450/640 697/2451/640 673/2452/640
f 671/2453/641 670/2454/641 672/2455/641 673/2456/641
f 670/2457/642 694/2458/642 696/2459/642 672/2460/642
f 673/2461/643 697/2462/643 695/2463/643 671/2464/643
f 675/2465/644 699/2466/644 698/2467/644 674/2468/644
f 676/2469/645 700/2470/645 701/2471/645 677/2472/645
f 675/2473/646 674/2474/646 676/2475/646 677/2476/646
f 674/2477/647 698/2478/647 700/2479/647 676/2480/647
f 677/2481/648 701/2482/648 699/2483/648 675/2484/648
f 705/2485/649 703/2486/649 702/2487/649 704/2488/649
f 708/2489/650 706/2490/650 707/2491/650 709/2492/650
f 702/2493/651 703/2494/651 707/2495/651 706/2496/651
f 705/2497/652 704/2498/652 708/2499/652 709/2500/652
f 704/2501/653 702/2502/653 706/2503/653 708/2504/653
f 709/2505/654 707/2506/654 703/2507/654 705/2508/654
f 713/2509/655 711/2510/655 710/2511/655 712/2512/655
f 716/2513/656 714/2514/656 715/2515/656 717/2516/656
f 710/2517/657 711/2518/657 715/2519/657 714/2520/657
f 713/2521/658 712/2522/658 716/2523/658 717/2524/658
f 712/2525/659 710/2526/659 714/2527/659 716/2528/659
f 717/2529/660 715/2530/660 711/2531/660 713/2532/660
f 695/2533/661 719/2534/661 718/2535/661 694/2536/661
f 696/2537/662 720/2538/662 721/2539/662 697/2540/662
f 718/2541/663 719/2542/663 721/2543/663 720/2544/663
f 695/2545/664 694/2546/664 696/2547/664 697/2548/664
f 694/2549/665 718/2550/665 720/2551/665 696/2552/665
f 697/2553/666 721/2554/666 719/2555/666 695/2556/666
f 699/2557/667 723/2558/667 722/2559/667 698/2560/667
f 700/2561/668 724/2562/668 725/2563/668 701/2564/668
f 722/2565/669 723/2566/669 725/2567/669 724/2568/669
f 699/2569/670 698/2570/670 700/2571/670 701/2572/670
f 698/2573/671 722/2574/671 724/2575/671 700/2576/671
f 701/2577/672 725/2578/672 723/2579/672 699/2580/672
f 729/2581/673 727/2582/673 726/2583/673 728/2584/673
f 732/2585/674 730/2586/674 731/2587/674 733/2588/674
f 726/2589/675 727/2590/675 731/2591/675 730/2592/675
f 729/2593/676 728/2594/676 732/2595/676 733/2596/676
f 728/2597/677 726/2598/677 730/2599/677 732/2600/677
f 733/2601/678 731/2602/678 727/2603/678 729/2604/678
f 737/2605/679 735/2606/679 734/2607/679 736/2608/679
f 740/2609/680 738/2610/680 739/2611/680 741/2612/680
f 734/2613/681 735/2614/681 739/2615/681 738/2616/681
f 737/2617/682 736/2618/682 740/2619/682 741/2620/682
f 736/2621/683 734/2622/683 738/2623/683 740/2624/683
f 741/2625/684 739/2626/684 735/2627/684 737/2628/684
f 745/2629/685 743/2630/685 742/2631/685 744/2632/685
f 748/2633/686 746/2634/686 747/2635/686 749/2636/686
f 742/2637/687 743/2638/687 747/2639/687 746/2640/687
f 745/2641/688 744/2642/688 748/2643/688 749/2644/688
f 744/2645/689 742/2646/689 746/2647/689 748/2648/689
f 749/2649/690 747/2650/690 743/2651/690 745/2652/690
f 753/2653/691 751/2654/691 750/2655/691 752/2656/691
f 756/2657/692 754/2658/692 755/2659/692 757/2660/692
f 750/2661/693 751/2662/693 755/2663/693 754/2664/693
f 753/2665/694 752/2666/694 756/2667/694 757/2668/694
f 752/2669/695 750/2670/695 754/2671/695 756/2672/695
f 757/2673/696 755/2674/696 751/2675/696 753/2676/696
f 761/2677/697 759/2678/697 758/2679/697 760/2680/697
f 764/2681/698 762/2682/698 763/2683/698 765/2684/698
f 758/2685/699 759/2686/699 763/2687/699 762/2688/699
f 761/2689/700 760/2690/700 764/2691/700 765/2692/700
f 760/2693/701 758/2694/701 762/2695/701 764/2696/701
f 765/2697/702 763/2698/702 759/2699/702 761/2700/702
f 769/2701/703 767/2702/703 766/2703/703 768/2704/703
f 772/2705/704 770/2706/704 771/2707/704 773/2708/704
f 766/2709/705 767/2710/705 771/2711/705 770/2712/705
f 769/2713/706 768/2714/706 772/2715/706 773/2716/706
f 768/2717/707 766/2718/707 770/2719/707 772/2720/707
f 773/2721/708 771/2722/708 767/2723/708 769/2724/708
f 777/2725/709 775/2726/709 774/2727/709 776/2728/709
f 780/2729/710 778/2730/710 779/2731/710 781/2732/710
f 774/2733/711 775/2734/711 779/2735/711 778/2736/711
f 777/2737/712 776/2738/712 780/2739/712 781/2740/712
f 776/2741/713 774/2742/713 778/2743/713 780/2744/713
f 781/2745/714 779/2746/714 775/2747/714 777/2748/714
f 785/2749/715 783/2750/715 782/2751/715 784/2752/715
f 788/2753/716 786/2754/716 787/2755/716 789/2756/716
f 782/2757/717 783/2758/717 787/2759/717 786/2760/717
f 785/2761/718 784/2762/718 788/2763/718 789/2764/718
f 784/2765/719 782/2766/719 786/2767/719 788/2768/719
f 789/2769/720 787/2770/720 783/2771/720 785/2772/720
f 793/2773/721 791/2774/721 790/2775/721 792/2776/721
f 796/2777/722 794/2778/722 795/2779/722 797/2780/722
f 790/2781/723 791/2782/723 795/2783/723 794/2784/723
f 793/2785/724 792/2786/724 796/2787/724 797/2788/724
f 792/2789/725 790/2790/725 794/2791/725 796/2792/725
f 797/2793/726 795/2794/726 791/2795/726 793/2796/726
f 801/2797/727 799/2798/727 798/2799/727 800/2800/727
f 804/2801/728 802/2802/728 803/2803/728 805/2804/728
f 798/2805/729 799/2806/729 803/2807/729 802/2808/729
f 801/2809/730 800/2810/730 804/2811/730 805/2812/730
f 800/2813/731 798/2814/731 802/2815/731 804/2816/731
f 805/2817/732 803/2818/732 799/2819/732 801/2820/732
f 809/2821/733 807/2822/733 806/2823/733 808/2824/733
f 812/2825/734 810/2826/734 811/2827/734 813/2828/734
f 806/2829/735 807/2830/735 811/2831/735 810/2832/735
f 808/2833/736 806/2834/736 810/2835/736 812/2836/736
f 813/2837/737 811/2838/737 807/2839/737 809/2840/737
f 815/2841/738 809/2842/738 808/2843/738 814/2844/738
f 816/2845/739 812/2846/739 813/2847/739 817/2848/739
f 808/2849/740 809/2850/740 813/2851/740 812/2852/740
f 815/2853/741 814/2854/741 816/2855/741 817/2856/741
f 814/2857/742 808/2858/742 812/2859/742 816/2860/742
f 817/2861/743 813/2862/743 809/2863/743 815/2864/743
f 821/2865/744 819/2866/744 818/2867/744 820/2868/744
f 824/2869/745 822/2870/745 823/2871/745 825/2872/745
f 818/2873/746 819/2874/746 823/2875/746 822/2876/746
f 821/2877/747 820/2878/747 824/2879/747 825/2880/747
f 820/2881/748 818/2882/748 822/2883/748 824/2884/748
f 825/2885/749 823/2886/749 819/2887/749 821/2888/749
f 829/2889/750 827/2890/750 826/2891/750 828/2892/750
f 832/2893/751 830/2894/751 831/2895/751 833/2896/751
f 826/2897/752 827/2898/752 831/2899/752 830/2900/752
f 829/2901/753 828/2902/753 832/2903/753 833/2904/753
f 828/2905/754 826/2906/754 830/2907/754 832/2908/754
f 833/2909/755 831/2910/755 827/2911/755 829/2912/755
f 837/2913/756 835/2914/756 834/2915/756 836/2916/756
f 840/2917/757 838/2918/757 839/2919/757 841/2920/757
f 834/2921/758 835/2922/758 839/2923/758 838/2924/758
f 837/2925/759 836/2926/759 840/2927/759 841/2928/759
f 836/2929/760 834/2930/760 838/2931/760 840/2932/760
f 841/2933/761 839/2934/761 835/2935/761 837/2936/761
f 845/2937/762 843/2938/762 842/2939/762 844/2940/762
f 848/2941/763 846/2942/763 847/2943/763 849/2944/763
f 842/2945/764 843/2946/764 847/2947/764 846/2948/764
f 845/2949/765 844/2950/765 848/2951/765 849/2952/765
f 844/2953/766 842/2954/766 846/2955/766 848/2956/766
f 849/2957/767 847/2958/767 843/2959/767 845/2960/767
f 853/2961/768 851/2962/768 850/2963/768 852/2964/768
f 856/2965/769 854/2966/769 855/2967/769 857/2968/769
f 850/2969/770 851/2970/770 855/2971/770 854/2972/770
f 853/2973/771 852/2974/771 856/2975/771 857/2976/771
f 852/2977/772 850/2978/772 854/2979/772 856/2980/772
f 857/2981/773 855/2982/773 851/2983/773 853/2984/773
f 861/2985/774 859/2986/774 858/2987/774 860/2988/774
f 864/2989/775 862/2990/775 863/2991/775 865/2992/775
f 858/2993/776 859/2994/776 863/2995/776 862/2996/776
f 861/2997/777 860/2998/777 864/2999/777 865/3000/777
f 860/3001/778 858/3002/778 862/3003/778 864/3004/778
f 865/3005/779 863/3006/779 859/3007/779 861/3008/779
f 869/3009/780 867/3010/780 866/3011/780 868/3012/780
f 872/3013/781 870/3014/781 871/3015/781 873/3016/781
f 866/3017/782 867/3018/782 871/3019/782 870/3020/782
f 869/3021/783 868/3022/783 872/3023/783 873/3024/783
f 868/3025/784 866/3026/784 870/3027/784 872/3028/784
f 873/3029/785 871/3030/785 867/3031/785 869/3032/785
f 877/3033/786 875/3034/786 874/3035/786 876/3036/786
f 880/3037/787 878/3038/787 879/3039/787 881/3040/787
f 874/3041/788 875/3042/788 879/3043/788 878/3044/788
f 877/3045/789 876/3046/789 880/3047/789 881/3048/789
f 876/3049/790 874/3050/790 878/3051/790 880/3052/790
f 881/3053/791 879/3054/791 875/3055/791 877/3056/791
f 885/3057/792 883/3058/792 882/3059/792 884/3060/792
f 888/3061/793 886/3062/793 887/3063/793 889/3064/793
f 882/3065/794 883/3066/794 887/3067/794 886/3068/794
f 885/3069/795 884/3070/795 888/3071/795 889/3072/795
f 884/3073/796 882/3074/796 886/3075/796 888/3076/796
f 889/3077/797 887/3078/797 883/3079/797 885/3080/797
f 893/3081/798 891/3082/798 890/3083/798 892/3084/798
f 896/3085/799 894/3086/799 895/3087/799 897/3088/799
f 890/3089/800 891/3090/800 895/3091/800 894/3092/800
f 893/3093/801 892/3094/801 896/3095/801 897/3096/801
f 892/3097/802 890/3098/802 894/3099/802 896/3100/802
f 897/3101/803 895/3102/803 891/3103/803 893/3104/803
f 901/3105/804 899/3106/804 898/3107/804 900/3108/804
f 904/3109/805 902/3110/805 903/3111/805 905/3112/805
f 898/3113/806 899/3114/806 903/3115/806 902/3116/806
f 901/3117/807 900/3118/807 904/3119/807 905/3120/807
f 900/3121/808 898/3122/808 902/3123/808 904/3124/808
f 905/3125/809 903/3126/809 899/3127/809 901/3128/809
f 909/3129/810 907/3130/810 906/3131/810 908/3132/810
f 912/3133/811 910/3134/811 911/3135/811 913/3136/811
f 906/3137/812 907/3138/812 911/3139/812 910/3140/812
f 909/3141/813 908/3142/813 912/3143/813 913/3144/813
f 908/3145/814 906/3146/814 910/3147/814 912/3148/814
f 913/3149/815 911/3150/815 907/3151/815 909/3152/815
usemtl m_de520ccc-0234-6a6c-1047-8b7438fb9ffd
f 917/3153/816 915/3154/816 914/3155/816 916/3156/816
f 920/3157/817 918/3158/817 919/3159/817 921/3160/817
f 914/3161/818 915/3162/818 919/3163/818 918/3164/818
f 917/3165/819 916/3166/819 920/3167/819 921/3168/819
f 916/3169/820 914/3170/820 918/3171/820 920/3172/820
f 921/3173/821 919/3174/821 915/3175/821 917/3176/821
usemtl m_3d215661-f591-00a8-53e2-d8d611c756be
f 925/3177/822 923/3178/822 922/3179/822 924/3180/822
f 928/3181/823 926/3182/823 927/3183/823 929/3184/823
f 922/3185/824 923/3186/824 927/3187/824 926/3188/824
f 925/3189/825 924/3190/825 928/3191/825 929/3192/825
f 924/3193/826 922/3194/826 926/3195/826 928/3196/826
f 929/3197/827 927/3198/827 923/3199/827 925/3200/827
f 933/3201/828 931/3202/828 930/3203/828 932/3204/828
f 936/3205/829 934/3206/829 935/3207/829 937/3208/829
f 930/3209/830 931/3210/830 935/3211/830 934/3212/830
f 933/3213/831 932/3214/831 936/3215/831 937/3216/831
f 932/3217/832 930/3218/832 934/3219/832 936/3220/832
f 937/3221/833 935/3222/833 931/3223/833 933/3224/833
usemtl m_de520ccc-0234-6a6c-1047-8b7438fb9ffd
f 940/3225/834 814/3226/834 938/3227/834 939/3228/834
f 942/3229/835 941/3230/835 816/3231/835 943/3232/835
f 938/3233/836 814/3234/836 816/3235/836 941/3236/836
f 940/3237/837 939/3238/837 942/3239/837 943/3240/837
f 939/3241/838 938/3242/838 941/3243/838 942/3244/838
f 943/3245/839 816/3246/839 814/3247/839 940/3248/839
f 947/3249/840 945/3250/840 944/3251/840 946/3252/840
f 950/3253/841 948/3254/841 949/3255/841 951/3256/841
f 944/3257/842 945/3258/842 949/3259/842 948/3260/842
f 947/3261/843 946/3262/843 950/3263/843 951/3264/843
f 946/3265/844 944/3266/844 948/3267/844 950/3268/844
f 951/3269/845 949/3270/845 945/3271/845 947/3272/845
f 955/3273/846 953/3274/846 952/3275/846 954/3276/846
f 958/3277/847 956/3278/847 957/3279/847 959/3280/847
f 952/3281/848 953/3282/848 957/3283/848 956/3284/848
f 955/3285/849 954/3286/849 958/3287/849 959/3288/849
f 954/3289/850 952/3290/850 956/3291/850 958/3292/850
f 959/3293/851 957/3294/851 953/3295/851 955/3296/851
f 963/3297/852 961/3298/852 960/3299/852 962/3300/852
f 966/3301/853 964/3302/853 965/3303/853 967/3304/853
f 960/3305/854 961/3306/854 965/3307/854 964/3308/854
f 963/3309/855 962/3310/855 966/3311/855 967/3312/855
f 962/3313/856 960/3314/856 964/3315/856 966/3316/856
f 967/3317/857 965/3318/857 961/3319/857 963/3320/857
f 971/3321/858 969/3322/858 968/3323/858 970/3324/858
f 974/3325/859 972/3326/859 973/3327/859 975/3328/859
f 968/3329/860 969/3330/860 973/3331/860 972/3332/860
f 971/3333/861 970/3334/861 974/3335/861 975/3336/861
f 970/3337/862 968/3338/862 972/3339/862 974/3340/862
f 975/3341/863 973/3342/863 969/3343/863 971/3344/863
f 977/3345/864 976/3346/864 972/3347/864 974/3348/864
f 962/3349/865 960/3350/865 978/3351/865 979/3352/865
f 972/3353/866 976/3354/866 978/3355/866 960/3356/866
f 977/3357/867 974/3358/867 962/3359/867 979/3360/867
f 974/3361/868 972/3362/868 960/3363/868 962/3364/868
f 979/3365/869 978/3366/869 976/3367/869 977/3368/869
usemtl m_3d215661-f591-00a8-53e2-d8d611c756be
f 983/3369/870 981/3370/870 980/3371/870 982/3372/870
f 986/3373/871 984/3374/871 985/3375/871 987/3376/871
f 980/3377/872 981/3378/872 985/3379/872 984/3380/872
f 983/3381/873 982/3382/873 986/3383/873 987/3384/873
f 982/3385/874 980/3386/874 984/3387/874 986/3388/874
f 987/3389/875 985/3390/875 981/3391/875 983/3392/875
usemtl m_de520ccc-0234-6a6c-1047-8b7438fb9ffd
f 989/3393/876 815/3394/876 814/3395/876 988/3396/876
f 992/3397/877 990/3398/877 991/3399/877 993/3400/877
f 814/3401/878 815/3402/878 991/3403/878 990/3404/878
f 989/3405/879 988/3406/879 992/3407/879 993/3408/879
f 988/3409/880 814/3410/880 990/3411/880 992/3412/880
f 993/3413/881 991/3414/881 815/3415/881 989/3416/881
f 997/3417/882 995/3418/882 994/3419/882 996/3420/882
f 998/3421/883 816/3422/883 817/3423/883 999/3424/883
f 994/3425/884 995/3426/884 817/3427/884 816/3428/884
f 997/3429/885 996/3430/885 998/3431/885 999/3432/885
f 996/3433/886 994/3434/886 816/3435/886 998/3436/886
f 999/3437/887 817/3438/887 995/3439/887 997/3440/887
f 1003/3441/888 1001/3442/888 1000/3443/888 1002/3444/888
f 1006/3445/889 1004/3446/889 1005/3447/889 1007/3448/889
f 1000/3449/890 1001/3450/890 1005/3451/890 1004/3452/890
f 1003/3453/891 1002/3454/891 1006/3455/891 1007/3456/891
f 1002/3457/892 1000/3458/892 1004/3459/892 1006/3460/892
f 1007/3461/893 1005/3462/893 1001/3463/893 1003/3464/893
usemtl m_3d215661-f591-00a8-53e2-d8d611c756be
f 1011/3465/894 1009/3466/894 1008/3467/894 1010/3468/894
f 1014/3469/895 1012/3470/895 1013/3471/895 1015/3472/895
f 1008/3473/896 1009/3474/896 1013/3475/896 1012/3476/896
f 1011/3477/897 1010/3478/897 1014/3479/897 1015/3480/897
f 1010/3481/898 1008/3482/898 1012/3483/898 1014/3484/898
f 1015/3485/899 1013/3486/899 1009/3487/899 1011/3488/899
f 1019/3489/900 1017/3490/900 1016/3491/900 1018/3492/900
f 1022/3493/901 1020/3494/901 1021/3495/901 1023/3496/901
f 1016/3497/902 1017/3498/902 1021/3499/902 1020/3500/902
f 1019/3501/903 1018/3502/903 1022/3503/903 1023/3504/903
f 1018/3505/904 1016/3506/904 1020/3507/904 1022/3508/904
f 1023/3509/905 1021/3510/905 1017/3511/905 1019/3512/905
f 1026/3513/906 1024/3514/906 1020/3515/906 1025/3516/906
f 1029/3517/907 1027/3518/907 1028/3519/907 1030/3520/907
f 1020/3521/908 1024/3522/908 1028/3523/908 1027/3524/908
f 1026/3525/909 1025/3526/909 1029/3527/909 1030/3528/909
f 1025/3529/910 1020/3530/910 1027/3531/910 1029/3532/910
f 1030/3533/911 1028/3534/911 1024/3535/911 1026/3536/911
f 1034/3537/912 1032/3538/912 1031/3539/912 1033/3540/912
f 1037/3541/913 1035/3542/913 1036/3543/913 1038/3544/913
f 1031/3545/914 1032/3546/914 1036/3547/914 1035/3548/914
f 1034/3549/915 1033/3550/915 1037/3551/915 1038/3552/915
f 1033/3553/916 1031/3554/916 1035/3555/916 1037/3556/916
f 1038/3557/917 1036/3558/917 1032/3559/917 1034/3560/917
f 1042/3561/918 1040/3562/918 1039/3563/918 1041/3564/918
f 1045/3565/919 1043/3566/919 1044/3567/919 1046/3568/919
f 1039/3569/920 1040/3570/920 1044/3571/920 1043/3572/920
f 1042/3573/921 1041/3574/921 1045/3575/921 1046/3576/921
f 1041/3577/922 1039/3578/922 1043/3579/922 1045/3580/922
f 1046/3581/923 1044/3582/923 1040/3583/923 1042/3584/923
f 1049/3585/924 1047/3586/924 1043/3587/924 1048/3588/924
f 1052/3589/925 1050/3590/925 1051/3591/925 1053/3592/925
f 1043/3593/926 1047/3594/926 1051/3595/926 1050/3596/926
f 1049/3597/927 1048/3598/927 1052/3599/927 1053/3600/927
f 1048/3601/928 1043/3602/928 1050/3603/928 1052/3604/928
f 1053/3605/929 1051/3606/929 1047/3607/929 1049/3608/929
f 1057/3609/930 1055/3610/930 1054/3611/930 1056/3612/930
f 1060/3613/931 1058/3614/931 1059/3615/931 1061/3616/931
f 1054/3617/932 1055/3618/932 1059/3619/932 1058/3620/932
f 1057/3621/933 1056/3622/933 1060/3623/933 1061/3624/933
f 1056/3625/934 1054/3626/934 1058/3627/934 1060/3628/934
f 1061/3629/935 1059/3630/935 1055/3631/935 1057/3632/935
f 1065/3633/936 1063/3634/936 1062/3635/936 1064/3636/936
f 1068/3637/937 1066/3638/937 1067/3639/937 1069/3640/937
f 1062/3641/938 1063/3642/938 1067/3643/938 1066/3644/938
f 1065/3645/939 1064/3646/939 1068/3647/939 1069/3648/939
f 1064/3649/940 1062/3650/940 1066/3651/940 1068/3652/940
f 1069/3653/941 1067/3654/941 1063/3655/941 1065/3656/941
f 1072/3657/942 1070/3658/942 1066/3659/942 1071/3660/942
f 1075/3661/943 1073/3662/943 1074/3663/943 1076/3664/943
f 1066/3665/944 1070/3666/944 1074/3667/944 1073/3668/944
f 1072/3669/945 1071/3670/945 1075/3671/945 1076/3672/945
f 1071/3673/946 1066/3674/946 1073/3675/946 1075/3676/946
f 1076/3677/947 1074/3678/947 1070/3679/947 1072/3680/947
f 1080/3681/948 1078/3682/948 1077/3683/948 1079/3684/948
f 1083/3685/949 1081/3686/949 1082/3687/949 1084/3688/949
f 1077/3689/950 1078/3690/950 1082/3691/950 1081/3692/950
f 1080/3693/951 1079/3694/951 1083/3695/951 1084/3696/951
f 1079/3697/952 1077/3698/952 1081/3699/952 1083/3700/952
f 1084/3701/953 1082/3702/953 1078/3703/953 1080/3704/953
f 435/3705/954 433/3706/954 432/3707/954 434/3708/954
f 440/3709/955 442/3710/955 443/3711/955 441/3712/955
f 432/3713/956 433/3714/956 443/3715/956 442/3716/956
f 435/3717/957 434/3718/957 440/3719/957 441/3720/957
f 434/3721/958 432/3722/958 442/3723/958 440/3724/958
f 441/3725/959 443/3726/959 433/3727/959 435/3728/959
f 1086/3729/960 437/3730/960 436/3731/960 1085/3732/960
f 1087/3733/961 438/3734/961 439/3735/961 1088/3736/961
f 436/3737/962 437/3738/962 439/3739/962 438/3740/962
f 1086/3741/963 1085/3742/963 1087/3743/963 1088/3744/963
f 1085/3745/964 436/3746/964 438/3747/964 1087/3748/964
f 1088/3749/965 439/3750/965 437/3751/965 1086/3752/965
f 1090/3753/966 429/3754/966 428/3755/966 1089/3756/966
f 1091/3757/967 430/3758/967 431/3759/967 1092/3760/967
f 428/3761/968 429/3762/968 431/3763/968 430/3764/968
f 1090/3765/969 1089/3766/969 1091/3767/969 1092/3768/969
f 1089/3769/970 428/3770/970 430/3771/970 1091/3772/970
f 1092/3773/971 431/3774/971 429/3775/971 1090/3776/971
f 451/3777/972 449/3778/972 448/3779/972 450/3780/972
f 456/3781/973 458/3782/973 459/3783/973 457/3784/973
f 448/3785/974 449/3786/974 459/3787/974 458/3788/974
f 451/3789/975 450/3790/975 456/3791/975 457/3792/975
f 450/3793/976 448/3794/976 458/3795/976 456/3796/976
f 457/3797/977 459/3798/977 449/3799/977 451/3800/977
f 1094/3801/978 453/3802/978 452/3803/978 1093/3804/978
f 1095/3805/979 454/3806/979 455/3807/979 1096/3808/979
f 452/3809/980 453/3810/980 455/3811/980 454/3812/980
f 1094/3813/981 1093/3814/981 1095/3815/981 1096/3816/981
f 1093/3817/982 452/3818/982 454/3819/982 1095/3820/982
f 1096/3821/983 455/3822/983 453/3823/983 1094/3824/983
f 1098/3825/984 445/3826/984 444/3827/984 1097/3828/984
f 1099/3829/985 446/3830/985 447/3831/985 1100/3832/985
f 444/3833/986 445/3834/986 447/3835/986 446/3836/986
f 1098/3837/987 1097/3838/987 1099/3839/987 1100/3840/987
f 1097/3841/988 444/3842/988 446/3843/988 1099/3844/988
f 1100/3845/989 447/3846/989 445/3847/989 1098/3848/989
f 467/3849/990 465/3850/990 464/3851/990 466/3852/990
f 472/3853/991 474/3854/991 475/3855/991 473/3856/991
f 464/3857/992 465/3858/992 475/3859/992 474/3860/992
f 467/3861/993 466/3862/993 472/3863/993 473/3864/993
f 466/3865/994 464/3866/994 474/3867/994 472/3868/994
f 473/3869/995 475/3870/995 465/3871/995 467/3872/995
f 1102/3873/996 469/3874/996 468/3875/996 1101/3876/996
f 1103/3877/997 470/3878/997 471/3879/997 1104/3880/997
f 468/3881/998 469/3882/998 471/3883/998 470/3884/998
f 1102/3885/999 1101/3886/999 1103/3887/999 1104/3888/999
f 1101/3889/1000 468/3890/1000 470/3891/1000 1103/3892/1000
f 1104/3893/1001 471/3894/1001 469/3895/1001 1102/3896/1001
f 1106/3897/1002 461/3898/1002 460/3899/1002 1105/3900/1002
f 1107/3901/1003 462/3902/1003 463/3903/1003 1108/3904/1003
f 460/3905/1004 461/3906/1004 463/3907/1004 462/3908/1004
f 1106/3909/1005 1105/3910/1005 1107/3911/1005 1108/3912/1005
f 1105/3913/1006 460/3914/1006 462/3915/1006 1107/3916/1006
f 1108/3917/1007 463/3918/1007 461/3919/1007 1106/3920/1007
f 483/3921/1008 481/3922/1008 480/3923/1008 482/3924/1008
f 488/3925/1009 490/3926/1009 491/3927/1009 489/3928/1009
f 480/3929/1010 481/3930/1010 491/3931/1010 490/3932/1010
f 483/3933/1011 482/3934/1011 488/3935/1011 489/3936/1011
f 482/3937/1012 480/3938/1012 490/3939/1012 488/3940/1012
f 489/3941/1013 491/3942/1013 481/3943/1013 483/3944/1013
f 1110/3945/1014 485/3946/1014 484/3947/1014 1109/3948/1014
f 1111/3949/1015 486/3950/1015 487/3951/1015 1112/3952/1015
f 484/3953/1016 485/3954/1016 487/3955/1016 486/3956/1016
f 1110/3957/1017 1109/3958/1017 1111/3959/1017 1112/3960/1017
f 1109/3961/1018 484/3962/1018 486/3963/1018 1111/3964/1018
f 1112/3965/1019 487/3966/1019 485/3967/1019 1110/3968/1019
f 1114/3969/1020 477/3970/1020 476/3971/1020 1113/3972/1020
f 1115/3973/1021 478/3974/1021 479/3975/1021 1116/3976/1021
f 476/3977/1022 477/3978/1022 479/3979/1022 478/3980/1022
f 1114/3981/1023 1113/3982/1023 1115/3983/1023 1116/3984/1023
f 1113/3985/1024 476/3986/1024 478/3987/1024 1115/3988/1024
f 1116/3989/1025 479/3990/1025 477/3991/1025 1114/3992/1025
f 1120/3993/1026 1118/3994/1026 1117/3995/1026 1119/3996/1026
f 1123/3997/1027 1121/3998/1027 1122/3999/1027 1124/4000/1027
f 1117/4001/1028 1118/4002/1028 1122/4003/1028 1121/4004/1028
f 1120/4005/1029 1119/4006/1029 1123/4007/1029 1124/4008/1029
f 1119/4009/1030 1117/4010/1030 1121/4011/1030 1123/4012/1030
f 1124/4013/1031 1122/4014/1031 1118/4015/1031 1120/4016/1031
f 1127/4017/1032 1125/4018/1032 1121/4019/1032 1126/4020/1032
f 1130/4021/1033 1128/4022/1033 1129/4023/1033 1131/4024/1033
f 1121/4025/1034 1125/4026/1034 1129/4027/1034 1128/4028/1034
f 1127/4029/1035 1126/4030/1035 1130/4031/1035 1131/4032/1035
f 1126/4033/1036 1121/4034/1036 1128/4035/1036 1130/4036/1036
f 1131/4037/1037 1129/4038/1037 1125/4039/1037 1127/4040/1037
f 1135/4041/1038 1133/4042/1038 1132/4043/1038 1134/4044/1038
f 1138/4045/1039 1136/4046/1039 1137/4047/1039 1139/4048/1039
f 1132/4049/1040 1133/4050/1040 1137/4051/1040 1136/4052/1040
f 1135/4053/1041 1134/4054/1041 1138/4055/1041 1139/4056/1041
f 1134/4057/1042 1132/4058/1042 1136/4059/1042 1138/4060/1042
f 1139/4061/1043 1137/4062/1043 1133/4063/1043 1135/4064/1043
f 1143/4065/1044 1141/4066/1044 1140/4067/1044 1142/4068/1044
f 1146/4069/1045 1144/4070/1045 1145/4071/1045 1147/4072/1045
f 1140/4073/1046 1141/4074/1046 1145/4075/1046 1144/4076/1046
f 1143/4077/1047 1142/4078/1047 1146/4079/1047 1147/4080/1047
f 1142/4081/1048 1140/4082/1048 1144/4083/1048 1146/4084/1048
f 1147/4085/1049 1145/4086/1049 1141/4087/1049 1143/4088/1049
f 1150/4089/1050 1148/4090/1050 1144/4091/1050 1149/4092/1050
f 1153/4093/1051 1151/4094/1051 1152/4095/1051 1154/4096/1051
f 1144/4097/1052 1148/4098/1052 1152/4099/1052 1151/4100/1052
f 1150/4101/1053 1149/4102/1053 1153/4103/1053 1154/4104/1053
f 1149/4105/1054 1144/4106/1054 1151/4107/1054 1153/4108/1054
f 1154/4109/1055 1152/4110/1055 1148/4111/1055 1150/4112/1055
f 1158/4113/1056 1156/4114/1056 1155/4115/1056 1157/4116/1056
f 1161/4117/1057 1159/4118/1057 1160/4119/1057 1162/4120/1057
f 1155/4121/1058 1156/4122/1058 1160/4123/1058 1159/4124/1058
f 1158/4125/1059 1157/4126/1059 1161/4127/1059 1162/4128/1059
f 1157/4129/1060 1155/4130/1060 1159/4131/1060 1161/4132/1060
f 1162/4133/1061 1160/4134/1061 1156/4135/1061 1158/4136/1061