# Made in Blockbench 5.1.4
mtllib hp_vr.mtl

o circle
v 0.125 4.375 -0.2499999999999999
v -0.125 6.65625 -0.7499999999999999
v 0 5.578125 -0.53125
v 0.01465375 5.5234375 -0.53125
v 0.04003375 5.53809125 -0.53125
v 0.0546875 5.56347125 -0.53125
v 0.0546875 5.59277875 -0.53125
v 0.04003375 5.61815875 -0.53125
v 0.01465375 5.6328125 -0.53125
v -0.01465375 5.6328125 -0.53125
v -0.04003375 5.61815875 -0.53125
v -0.0546875 5.59277875 -0.53125
v -0.0546875 5.56347125 -0.53125
v -0.04003375 5.53809125 -0.53125
v -0.01465375 5.5234375 -0.53125
v 0.016746875 5.515625 -0.546875
v 0.016746875 5.515625 -0.484375
v 0.008964375 5.54467 -0.546875
v 0.008964375 5.54467 -0.484375
v 0.04575312499999999 5.532371875 -0.546875
v 0.04575312499999999 5.532371875 -0.484375
v 0.024490624999999995 5.553634375 -0.546875
v 0.024490624999999995 5.553634375 -0.484375
v 0.0625 5.561378125 -0.546875
v 0.0625 5.561378125 -0.484375
v 0.033455 5.569160625 -0.546875
v 0.033455 5.569160625 -0.484375
v 0.0625 5.594871875 -0.546875
v 0.0625 5.594871875 -0.484375
v 0.033455 5.587089375 -0.546875
v 0.033455 5.587089375 -0.484375
v 0.04575312499999999 5.623878125 -0.546875
v 0.04575312499999999 5.623878125 -0.484375
v 0.024490624999999995 5.602615625 -0.546875
v 0.024490624999999995 5.602615625 -0.484375
v 0.016746875 5.640625 -0.546875
v 0.016746875 5.640625 -0.48437499999999994
v 0.008964375 5.61158 -0.546875
v 0.008964375 5.61158 -0.484375
v -0.016746875 5.640625 -0.546875
v -0.016746875 5.640625 -0.48437499999999994
v -0.008964375 5.61158 -0.546875
v -0.008964375 5.61158 -0.484375
v -0.04575312499999999 5.623878125 -0.546875
v -0.04575312499999999 5.623878125 -0.484375
v -0.024490624999999995 5.602615625 -0.546875
v -0.024490624999999995 5.602615625 -0.484375
v -0.0625 5.594871875 -0.546875
v -0.0625 5.594871875 -0.484375
v -0.033455 5.587089375 -0.546875
v -0.033455 5.587089375 -0.484375
v -0.0625 5.561378125 -0.546875
v -0.0625 5.561378125 -0.484375
v -0.033455 5.569160625 -0.546875
v -0.033455 5.569160625 -0.484375
v -0.04575312499999999 5.532371875 -0.546875
v -0.04575312499999999 5.532371875 -0.484375
v -0.024490624999999995 5.553634375 -0.546875
v -0.024490624999999995 5.553634375 -0.484375
v -0.016746875 5.515625 -0.546875
v -0.016746875 5.515625 -0.484375
v -0.008964375 5.54467 -0.546875
v -0.008964375 5.54467 -0.484375
v 0.126121875 5.328125 -0.546875
v 0.126121875 5.328125 -0.484375
v 0.118339375 5.35717 -0.546875
v 0.118339375 5.35717 -0.484375
v 0.155128125 5.344871875 -0.546875
v 0.155128125 5.344871875 -0.484375
v 0.133865625 5.366134375 -0.546875
v 0.133865625 5.366134375 -0.484375
v 0.171875 5.373878125 -0.546875
v 0.171875 5.373878125 -0.48437500000000006
v 0.14283 5.381660625 -0.546875
v 0.14283 5.381660625 -0.484375
v 0.171875 5.407371875 -0.546875
v 0.171875 5.407371875 -0.484375
v 0.14283 5.399589375 -0.546875
v 0.14283 5.399589375 -0.484375
v 0.155128125 5.436378125 -0.546875
v 0.155128125 5.436378125 -0.484375
v 0.133865625 5.415115625 -0.546875
v 0.133865625 5.415115625 -0.484375
v 0.126121875 5.453125 -0.546875
v 0.126121875 5.453125 -0.484375
v 0.118339375 5.42408 -0.546875
v 0.118339375 5.42408 -0.484375
v 0.092628125 5.453125 -0.546875
v 0.092628125 5.453125 -0.484375
v 0.100410625 5.42408 -0.546875
v 0.100410625 5.42408 -0.484375
v 0.063621875 5.436378125 -0.546875
v 0.063621875 5.436378125 -0.484375
v 0.084884375 5.415115625 -0.546875
v 0.084884375 5.415115625 -0.484375
v 0.046875 5.407371875 -0.546875
v 0.046875 5.407371875 -0.484375
v 0.07592 5.399589375 -0.546875
v 0.07592 5.399589375 -0.484375
v 0.046875 5.373878125 -0.546875
v 0.046875 5.373878125 -0.48437500000000006
v 0.07592 5.381660625 -0.546875
v 0.07592 5.381660625 -0.484375
v 0.063621875 5.344871875 -0.546875
v 0.063621875 5.344871875 -0.484375
v 0.084884375 5.366134375 -0.546875
v 0.084884375 5.366134375 -0.484375
v 0.092628125 5.328125 -0.546875
v 0.092628125 5.328125 -0.484375
v 0.100410625 5.35717 -0.546875
v 0.100410625 5.35717 -0.484375
v 0.109375 5.390625 -0.53125
v 0.12402875 5.3359375 -0.53125
v 0.14940875 5.35059125 -0.53125
v 0.1640625 5.37597125 -0.53125
v 0.1640625 5.40527875 -0.53125
v 0.14940875 5.43065875 -0.53125
v 0.12402875 5.4453125 -0.53125
v 0.09472125 5.4453125 -0.53125
v 0.06934125 5.43065875 -0.53125
v 0.0546875 5.40527875 -0.53125
v 0.0546875 5.37597125 -0.53125
v 0.06934125 5.35059125 -0.53125
v 0.09472125 5.3359375 -0.53125
v -0.092628125 5.328125 -0.546875
v -0.092628125 5.328125 -0.484375
v -0.100410625 5.35717 -0.546875
v -0.100410625 5.35717 -0.484375
v -0.063621875 5.344871875 -0.546875
v -0.063621875 5.344871875 -0.484375
v -0.084884375 5.366134375 -0.546875
v -0.084884375 5.366134375 -0.484375
v -0.046875 5.373878125 -0.546875
v -0.046875 5.373878125 -0.48437500000000006
v -0.07592 5.381660625 -0.546875
v -0.07592 5.381660625 -0.484375
v -0.046875 5.407371875 -0.546875
v -0.046875 5.407371875 -0.484375
v -0.07592 5.399589375 -0.546875
v -0.07592 5.399589375 -0.484375
v -0.063621875 5.436378125 -0.546875
v -0.063621875 5.436378125 -0.484375
v -0.084884375 5.415115625 -0.546875
v -0.084884375 5.415115625 -0.484375
v -0.092628125 5.453125 -0.546875
v -0.092628125 5.453125 -0.484375
v -0.100410625 5.42408 -0.546875
v -0.100410625 5.42408 -0.484375
v -0.126121875 5.453125 -0.546875
v -0.126121875 5.453125 -0.484375
v -0.118339375 5.42408 -0.546875
v -0.118339375 5.42408 -0.484375
v -0.155128125 5.436378125 -0.546875
v -0.155128125 5.436378125 -0.484375
v -0.133865625 5.415115625 -0.546875
v -0.133865625 5.415115625 -0.484375
v -0.171875 5.407371875 -0.546875
v -0.171875 5.407371875 -0.484375
v -0.14283 5.399589375 -0.546875
v -0.14283 5.399589375 -0.484375
v -0.171875 5.373878125 -0.546875
v -0.171875 5.373878125 -0.48437500000000006
v -0.14283 5.381660625 -0.546875
v -0.14283 5.381660625 -0.484375
v -0.155128125 5.344871875 -0.546875
v -0.155128125 5.344871875 -0.484375
v -0.133865625 5.366134375 -0.546875
v -0.133865625 5.366134375 -0.484375
v -0.126121875 5.328125 -0.546875
v -0.126121875 5.328125 -0.484375
v -0.118339375 5.35717 -0.546875
v -0.118339375 5.35717 -0.484375
v -0.109375 5.390625 -0.53125
v -0.09472125 5.3359375 -0.53125
v -0.06934125 5.35059125 -0.53125
v -0.0546875 5.37597125 -0.53125
v -0.0546875 5.40527875 -0.53125
v -0.06934125 5.43065875 -0.53125
v -0.09472125 5.4453125 -0.53125
v -0.12402875 5.4453125 -0.53125
v -0.14940875 5.43065875 -0.53125
v -0.1640625 5.40527875 -0.53125
v -0.1640625 5.37597125 -0.53125
v -0.14940875 5.35059125 -0.53125
v -0.12402875 5.3359375 -0.53125
v 0.171875 7.125 -0.4781249999999999
v 0.196995 7.21875 -0.478125
v 0.24050499999999997 7.19363 -0.4781249999999999
v 0.265625 7.15012 -0.4781249999999999
v 0.265625 7.09988 -0.4781249999999999
v 0.24050499999999997 7.05637 -0.4781249999999998
v 0.196995 7.03125 -0.4781249999999999
v 0.14675499999999997 7.03125 -0.4781249999999999
v 0.103245 7.05637 -0.4781249999999998
v 0.078125 7.09988 -0.4781249999999999
v 0.078125 7.15012 -0.4781249999999999
v 0.103245 7.19363 -0.4781249999999999
v 0.14675499999999997 7.21875 -0.478125
v 0.19908874999999998 7.2265625 -0.4374999999999999
v 0.19908874999999998 7.2265625 -0.5
v 0.19167499999999998 7.198895 -0.43749999999999967
v 0.19167499999999998 7.198895 -0.4999999999999999
v 0.24622375000000002 7.19934875 -0.4374999999999999
v 0.24622375000000002 7.19934875 -0.5000000000000001
v 0.22597 7.179095 -0.4374999999999999
v 0.22597 7.179095 -0.5000000000000001
v 0.2734375 7.15221375 -0.43749999999999967
v 0.2734375 7.15221375 -0.4999999999999999
v 0.24577 7.1448 -0.4374999999999998
v 0.24577 7.1448 -0.5
v 0.2734375 7.09778625 -0.4374999999999998
v 0.2734375 7.09778625 -0.5
v 0.24577 7.1052 -0.4374999999999998
v 0.24577 7.1052 -0.4999999999999998
v 0.24622375000000002 7.05065125 -0.4375
v 0.24622375000000002 7.05065125 -0.5
v 0.22597 7.070905 -0.4375
v 0.22597 7.070905 -0.5
v 0.19908874999999998 7.0234375 -0.4374999999999999
v 0.19908874999999998 7.0234375 -0.5000000000000001
v 0.19167499999999998 7.051105 -0.4374999999999999
v 0.19167499999999998 7.051105 -0.5
v 0.14466124999999996 7.0234375 -0.4374999999999999
v 0.14466124999999996 7.0234375 -0.5000000000000001
v 0.152075 7.051105 -0.4374999999999999
v 0.152075 7.051105 -0.5
v 0.09752624999999998 7.05065125 -0.4375
v 0.09752624999999998 7.05065125 -0.5
v 0.11778 7.070905 -0.4375
v 0.11778 7.070905 -0.5
v 0.0703125 7.09778625 -0.4374999999999998
v 0.0703125 7.09778625 -0.5
v 0.09798 7.1052 -0.4374999999999998
v 0.09798 7.1052 -0.4999999999999998
v 0.0703125 7.15221375 -0.43749999999999967
v 0.0703125 7.15221375 -0.4999999999999999
v 0.09798 7.1448 -0.4374999999999998
v 0.09798 7.1448 -0.5
v 0.09752624999999998 7.19934875 -0.4374999999999999
v 0.09752624999999998 7.19934875 -0.5000000000000001
v 0.11778 7.179095 -0.4374999999999999
v 0.11778 7.179095 -0.5000000000000001
v 0.14466124999999996 7.2265625 -0.4374999999999999
v 0.14466124999999996 7.2265625 -0.5
v 0.152075 7.198895 -0.43749999999999967
v 0.152075 7.198895 -0.4999999999999999
v 0.171875 6.015625 -0.4781249999999999
v 0.196995 6.109375 -0.4781249999999999
v 0.24050499999999997 6.084255 -0.4781249999999999
v 0.265625 6.040745 -0.4781249999999999
v 0.265625 5.990505 -0.4781249999999999
v 0.24050499999999997 5.946995 -0.4781249999999999
v 0.196995 5.921875 -0.4781249999999999
v 0.14675499999999997 5.921875 -0.4781249999999999
v 0.103245 5.946995 -0.4781249999999999
v 0.078125 5.990505 -0.4781249999999999
v 0.078125 6.040745 -0.4781249999999999
v 0.103245 6.084255 -0.4781249999999999
v 0.14675499999999997 6.109375 -0.4781249999999999
v 0.19908874999999998 6.1171875 -0.4375
v 0.19908874999999998 6.1171875 -0.4999999999999999
v 0.19167499999999998 6.08952 -0.4375
v 0.19167499999999998 6.08952 -0.4999999999999999
v 0.24622375000000002 6.08997375 -0.4374999999999999
v 0.24622375000000002 6.08997375 -0.4999999999999999
v 0.22597 6.06972 -0.4374999999999999
v 0.22597 6.06972 -0.4999999999999999
v 0.2734375 6.04283875 -0.4374999999999999
v 0.2734375 6.04283875 -0.4999999999999999
v 0.24577 6.035425 -0.4374999999999999
v 0.24577 6.035425 -0.4999999999999999
v 0.2734375 5.98841125 -0.4374999999999999
v 0.2734375 5.98841125 -0.4999999999999999
v 0.24577 5.995825 -0.4374999999999999
v 0.24577 5.995825 -0.4999999999999999
v 0.24622375000000002 5.94127625 -0.4374999999999999
v 0.24622375000000002 5.94127625 -0.4999999999999999
v 0.22597 5.96153 -0.43749999999999994
v 0.22597 5.96153 -0.4999999999999999
v 0.19908874999999998 5.9140625 -0.4374999999999999
v 0.19908874999999998 5.9140625 -0.49999999999999994
v 0.19167499999999998 5.94173 -0.4374999999999999
v 0.19167499999999998 5.94173 -0.4999999999999999
v 0.14466124999999996 5.9140625 -0.4374999999999999
v 0.14466124999999996 5.9140625 -0.49999999999999994
v 0.152075 5.94173 -0.4374999999999999
v 0.152075 5.94173 -0.4999999999999999
v 0.09752624999999998 5.94127625 -0.4374999999999999
v 0.09752624999999998 5.94127625 -0.4999999999999999
v 0.11778 5.96153 -0.43749999999999994
v 0.11778 5.96153 -0.4999999999999999
v 0.0703125 5.98841125 -0.4374999999999999
v 0.0703125 5.98841125 -0.4999999999999999
v 0.09798 5.995825 -0.4374999999999999
v 0.09798 5.995825 -0.4999999999999999
v 0.0703125 6.04283875 -0.4374999999999999
v 0.0703125 6.04283875 -0.4999999999999999
v 0.09798 6.035425 -0.4374999999999999
v 0.09798 6.035425 -0.4999999999999999
v 0.09752624999999998 6.08997375 -0.4374999999999999
v 0.09752624999999998 6.08997375 -0.4999999999999999
v 0.11778 6.06972 -0.4374999999999999
v 0.11778 6.06972 -0.4999999999999999
v 0.14466124999999996 6.1171875 -0.4375
v 0.14466124999999996 6.1171875 -0.4999999999999999
v 0.152075 6.08952 -0.4375
v 0.152075 6.08952 -0.4999999999999999
v 0.171875 6.8125 -0.4781249999999999
v 0.196995 6.90625 -0.4781249999999998
v 0.24050499999999997 6.88113 -0.4781249999999998
v 0.265625 6.83762 -0.4781249999999999
v 0.265625 6.78738 -0.4781249999999999
v 0.24050499999999997 6.74387 -0.4781249999999999
v 0.196995 6.71875 -0.4781249999999999
v 0.14675499999999997 6.71875 -0.4781249999999999
v 0.103245 6.74387 -0.4781249999999999
v 0.078125 6.78738 -0.4781249999999999
v 0.078125 6.83762 -0.4781249999999999
v 0.103245 6.88113 -0.4781249999999998
v 0.14675499999999997 6.90625 -0.4781249999999998
v 0.19908874999999998 6.9140625 -0.4374999999999999
v 0.19908874999999998 6.9140625 -0.4999999999999999
v 0.19167499999999998 6.886395 -0.4375
v 0.19167499999999998 6.886395 -0.4999999999999999
v 0.24622375000000002 6.88684875 -0.4374999999999999
v 0.24622375000000002 6.88684875 -0.4999999999999999
v 0.22597 6.866595 -0.4374999999999999
v 0.22597 6.866595 -0.5
v 0.2734375 6.83971375 -0.4375
v 0.2734375 6.83971375 -0.5
v 0.24577 6.8323 -0.4375
v 0.24577 6.8323 -0.5
v 0.2734375 6.78528625 -0.4374999999999999
v 0.2734375 6.78528625 -0.4999999999999999
v 0.24577 6.7927 -0.4374999999999999
v 0.24577 6.7927 -0.4999999999999999
v 0.24622375000000002 6.73815125 -0.4374999999999998
v 0.24622375000000002 6.73815125 -0.5
v 0.22597 6.758405 -0.4374999999999999
v 0.22597 6.758405 -0.5
v 0.19908874999999998 6.7109375 -0.4374999999999999
v 0.19908874999999998 6.7109375 -0.4999999999999999
v 0.19167499999999998 6.738605 -0.4374999999999999
v 0.19167499999999998 6.738605 -0.4999999999999999
v 0.14466124999999996 6.7109375 -0.4374999999999999
v 0.14466124999999996 6.7109375 -0.4999999999999999
v 0.152075 6.738605 -0.4374999999999999
v 0.152075 6.738605 -0.4999999999999999
v 0.09752624999999998 6.73815125 -0.4374999999999998
v 0.09752624999999998 6.73815125 -0.5
v 0.11778 6.758405 -0.4374999999999999
v 0.11778 6.758405 -0.5
v 0.0703125 6.78528625 -0.4374999999999999
v 0.0703125 6.78528625 -0.4999999999999999
v 0.09798 6.7927 -0.4374999999999999
v 0.09798 6.7927 -0.4999999999999999
v 0.0703125 6.83971375 -0.4375
v 0.0703125 6.83971375 -0.5
v 0.09798 6.8323 -0.4375
v 0.09798 6.8323 -0.5
v 0.09752624999999998 6.88684875 -0.4374999999999999
v 0.09752624999999998 6.88684875 -0.4999999999999999
v 0.11778 6.866595 -0.4374999999999999
v 0.11778 6.866595 -0.5
v 0.14466124999999996 6.9140625 -0.4374999999999999
v 0.14466124999999996 6.9140625 -0.4999999999999999
v 0.152075 6.886395 -0.4375
v 0.152075 6.886395 -0.4999999999999999
v -0.171875 6.8125 -0.4781249999999999
v -0.14675499999999997 6.90625 -0.4781249999999998
v -0.103245 6.88113 -0.4781249999999998
v -0.078125 6.83762 -0.4781249999999999
v -0.078125 6.78738 -0.4781249999999999
v -0.103245 6.74387 -0.4781249999999999
v -0.14675499999999997 6.71875 -0.4781249999999999
v -0.196995 6.71875 -0.4781249999999999
v -0.24050499999999997 6.74387 -0.4781249999999999
v -0.265625 6.78738 -0.4781249999999999
v -0.265625 6.83762 -0.4781249999999999
v -0.24050499999999997 6.88113 -0.4781249999999998
v -0.196995 6.90625 -0.4781249999999998
v -0.14466124999999996 6.9140625 -0.4374999999999999
v -0.14466124999999996 6.9140625 -0.4999999999999999
v -0.152075 6.886395 -0.4375
v -0.152075 6.886395 -0.4999999999999999
v -0.09752624999999998 6.88684875 -0.4374999999999999
v -0.09752624999999998 6.88684875 -0.4999999999999999
v -0.11778 6.866595 -0.4374999999999999
v -0.11778 6.866595 -0.5
v -0.0703125 6.83971375 -0.4375
v -0.0703125 6.83971375 -0.5
v -0.09798 6.8323 -0.4375
v -0.09798 6.8323 -0.5
v -0.0703125 6.78528625 -0.4374999999999999
v -0.0703125 6.78528625 -0.4999999999999999
v -0.09798 6.7927 -0.4374999999999999
v -0.09798 6.7927 -0.4999999999999999
v -0.09752624999999998 6.73815125 -0.4374999999999998
v -0.09752624999999998 6.73815125 -0.5
v -0.11778 6.758405 -0.4374999999999999
v -0.11778 6.758405 -0.5
v -0.14466124999999996 6.7109375 -0.4374999999999999
v -0.14466124999999996 6.7109375 -0.4999999999999999
v -0.152075 6.738605 -0.4374999999999999
v -0.152075 6.738605 -0.4999999999999999
v -0.19908874999999998 6.7109375 -0.4374999999999999
v -0.19908874999999998 6.7109375 -0.4999999999999999
v -0.19167499999999998 6.738605 -0.4374999999999999
v -0.19167499999999998 6.738605 -0.4999999999999999
v -0.24622375000000002 6.73815125 -0.4374999999999998
v -0.24622375000000002 6.73815125 -0.5
v -0.22597 6.758405 -0.4374999999999999
v -0.22597 6.758405 -0.5
v -0.2734375 6.78528625 -0.4374999999999999
v -0.2734375 6.78528625 -0.4999999999999999
v -0.24577 6.7927 -0.4374999999999999
v -0.24577 6.7927 -0.4999999999999999
v -0.2734375 6.83971375 -0.4375
v -0.2734375 6.83971375 -0.5
v -0.24577 6.8323 -0.4375
v -0.24577 6.8323 -0.5
v -0.24622375000000002 6.88684875 -0.4374999999999999
v -0.24622375000000002 6.88684875 -0.4999999999999999
v -0.22597 6.866595 -0.4374999999999999
v -0.22597 6.866595 -0.5
v -0.19908874999999998 6.9140625 -0.4374999999999999
v -0.19908874999999998 6.9140625 -0.4999999999999999
v -0.19167499999999998 6.886395 -0.4375
v -0.19167499999999998 6.886395 -0.4999999999999999
v 0.33125 7.153125 -0.4374999999999998
v 0.33125 7.153125 -0.5
v 0.3 7.153125 -0.4374999999999998
v 0.3 7.153125 -0.5
v 0.234375 7.2625 -0.4374999999999999
v 0.234375 7.2625 -0.8124999999999999
v 0.234375 7.23125 -0.4374999999999998
v 0.234375 7.23125 -0.8125
v 0.043083750000000004 7.153125 -0.4374999999999998
v 0.043083750000000004 7.153125 -0.5
v 0.01183375 7.153125 -0.4374999999999998
v 0.01183375 7.153125 -0.5
v 0.109375 7.23125 -0.4374999999999998
v 0.109375 7.23125 -0.8125
v 0.109375 7.2625 -0.4374999999999999
v 0.109375 7.2625 -0.8124999999999999
v 0.33125 6.840625 -0.4375
v 0.33125 6.840625 -0.5
v 0.3 6.840625 -0.4375
v 0.3 6.840625 -0.5
v 0.234375 6.95 -0.4375
v 0.234375 6.95 -0.8124999999999999
v 0.234375 6.91875 -0.4374999999999999
v 0.234375 6.91875 -0.8125
v 0.043083750000000004 6.840625 -0.4375
v 0.043083750000000004 6.840625 -0.5
v 0.01183375 6.840625 -0.4375
v 0.01183375 6.840625 -0.5
v 0.109375 6.91875 -0.4374999999999999
v 0.109375 6.91875 -0.8125
v 0.109375 6.95 -0.4375
v 0.109375 6.95 -0.8124999999999999
v -0.0125 6.840625 -0.4375
v -0.0125 6.840625 -0.5
v -0.04375 6.840625 -0.4375
v -0.04375 6.840625 -0.5
v -0.109375 6.95 -0.4375
v -0.109375 6.95 -0.8124999999999999
v -0.109375 6.91875 -0.4374999999999999
v -0.109375 6.91875 -0.8125
v -0.30066625 6.840625 -0.4375
v -0.30066625 6.840625 -0.5
v -0.33191625 6.840625 -0.4375
v -0.33191625 6.840625 -0.5
v -0.234375 6.91875 -0.4374999999999999
v -0.234375 6.91875 -0.8125
v -0.234375 6.95 -0.4375
v -0.234375 6.95 -0.8124999999999999
v 0.33125 6.04375 -0.43749999999999994
v 0.33125 6.04375 -0.5
v 0.3 6.04375 -0.43749999999999994
v 0.3 6.04375 -0.5
v 0.234375 6.153125 -0.4375
v 0.234375 6.153125 -0.8125
v 0.234375 6.121875 -0.43749999999999994
v 0.234375 6.121875 -0.8125
v 0.043083750000000004 6.04375 -0.43749999999999994
v 0.043083750000000004 6.04375 -0.5
v 0.01183375 6.04375 -0.43749999999999994
v 0.01183375 6.04375 -0.5
v 0.109375 6.121875 -0.43749999999999994
v 0.109375 6.121875 -0.8125
v 0.109375 6.153125 -0.4375
v 0.109375 6.153125 -0.8125
v 0.171875 6.265625 -0.46874999999999994
v 0.18652875 6.2109375 -0.4687499999999999
v 0.21190875 6.22559125 -0.4687499999999999
v 0.2265625 6.25097125 -0.46874999999999994
v 0.2265625 6.28027875 -0.46874999999999994
v 0.21190875 6.30565875 -0.46874999999999994
v 0.18652875 6.3203125 -0.46874999999999994
v 0.15722125 6.3203125 -0.46874999999999994
v 0.13184125 6.30565875 -0.46874999999999994
v 0.1171875 6.28027875 -0.46874999999999994
v 0.1171875 6.25097125 -0.46874999999999994
v 0.13184125 6.22559125 -0.4687499999999999
v 0.15722125 6.2109375 -0.4687499999999999
v 0.188621875 6.203125 -0.48437499999999994
v 0.188621875 6.203125 -0.4218749999999999
v 0.180839375 6.23217 -0.48437499999999994
v 0.180839375 6.23217 -0.4218749999999999
v 0.217628125 6.219871875 -0.484375
v 0.217628125 6.219871875 -0.42187499999999994
v 0.196365625 6.241134375 -0.484375
v 0.196365625 6.241134375 -0.42187499999999994
v 0.234375 6.248878125 -0.484375
v 0.234375 6.248878125 -0.42187499999999994
v 0.20533 6.256660625 -0.4843749999999999
v 0.20533 6.256660625 -0.4218749999999999
v 0.234375 6.282371875 -0.4843749999999999
v 0.234375 6.282371875 -0.4218749999999999
v 0.20533 6.274589375 -0.48437499999999994
v 0.20533 6.274589375 -0.42187499999999994
v 0.217628125 6.311378125 -0.48437499999999994
v 0.217628125 6.311378125 -0.421875
v 0.196365625 6.290115625 -0.4843749999999999
v 0.196365625 6.290115625 -0.4218749999999999
v 0.188621875 6.328125 -0.48437499999999994
v 0.188621875 6.328125 -0.421875
v 0.180839375 6.29908 -0.48437499999999994
v 0.180839375 6.29908 -0.42187499999999994
v 0.155128125 6.328125 -0.48437499999999994
v 0.155128125 6.328125 -0.421875
v 0.162910625 6.29908 -0.48437499999999994
v 0.162910625 6.29908 -0.42187499999999994
v 0.126121875 6.311378125 -0.48437499999999994
v 0.126121875 6.311378125 -0.421875
v 0.147384375 6.290115625 -0.4843749999999999
v 0.147384375 6.290115625 -0.4218749999999999
v 0.109375 6.282371875 -0.4843749999999999
v 0.109375 6.282371875 -0.4218749999999999
v 0.13842 6.274589375 -0.48437499999999994
v 0.13842 6.274589375 -0.42187499999999994
v 0.109375 6.248878125 -0.484375
v 0.109375 6.248878125 -0.42187499999999994
v 0.13842 6.256660625 -0.4843749999999999
v 0.13842 6.256660625 -0.4218749999999999
v 0.126121875 6.219871875 -0.484375
v 0.126121875 6.219871875 -0.42187499999999994
v 0.147384375 6.241134375 -0.484375
v 0.147384375 6.241134375 -0.42187499999999994
v 0.155128125 6.203125 -0.48437499999999994
v 0.155128125 6.203125 -0.4218749999999999
v 0.162910625 6.23217 -0.48437499999999994
v 0.162910625 6.23217 -0.4218749999999999
v -0.171875 6.578125 -0.46874999999999994
v -0.15722125 6.5234375 -0.46875
v -0.13184125 6.53809125 -0.46875
v -0.1171875 6.56347125 -0.46874999999999994
v -0.1171875 6.59277875 -0.46875
v -0.13184125 6.61815875 -0.46874999999999994
v -0.15722125 6.6328125 -0.46874999999999983
v -0.18652875 6.6328125 -0.46874999999999983
v -0.21190875 6.61815875 -0.46874999999999994
v -0.2265625 6.59277875 -0.46875
v -0.2265625 6.56347125 -0.46874999999999994
v -0.21190875 6.53809125 -0.46875
v -0.18652875 6.5234375 -0.46875
v -0.155128125 6.515625 -0.48437499999999994
v -0.155128125 6.515625 -0.42187499999999994
v -0.162910625 6.54467 -0.48437499999999994
v -0.162910625 6.54467 -0.42187499999999994
v -0.126121875 6.532371875 -0.48437499999999994
v -0.126121875 6.532371875 -0.42187499999999994
v -0.147384375 6.553634375 -0.48437499999999994
v -0.147384375 6.553634375 -0.4218749999999999
v -0.109375 6.561378125 -0.48437499999999994
v -0.109375 6.561378125 -0.4218749999999999
v -0.13842 6.569160625 -0.484375
v -0.13842 6.569160625 -0.42187499999999994
v -0.109375 6.594871875 -0.484375
v -0.109375 6.594871875 -0.42187499999999983
v -0.13842 6.587089375 -0.48437499999999994
v -0.13842 6.587089375 -0.42187499999999994
v -0.126121875 6.623878125 -0.48437499999999994
v -0.126121875 6.623878125 -0.42187499999999994
v -0.147384375 6.602615625 -0.484375
v -0.147384375 6.602615625 -0.4218749999999999
v -0.155128125 6.640625 -0.484375
v -0.155128125 6.640625 -0.42187499999999994
v -0.162910625 6.61158 -0.484375
v -0.162910625 6.61158 -0.42187499999999994
v -0.188621875 6.640625 -0.484375
v -0.188621875 6.640625 -0.42187499999999994
v -0.180839375 6.61158 -0.484375
v -0.180839375 6.61158 -0.42187499999999994
v -0.217628125 6.623878125 -0.48437499999999994
v -0.217628125 6.623878125 -0.42187499999999994
v -0.196365625 6.602615625 -0.484375
v -0.196365625 6.602615625 -0.4218749999999999
v -0.234375 6.594871875 -0.484375
v -0.234375 6.594871875 -0.42187499999999983
v -0.20533 6.587089375 -0.48437499999999994
v -0.20533 6.587089375 -0.42187499999999994
v -0.234375 6.561378125 -0.48437499999999994
v -0.234375 6.561378125 -0.4218749999999999
v -0.20533 6.569160625 -0.484375
v -0.20533 6.569160625 -0.42187499999999994
v -0.217628125 6.532371875 -0.48437499999999994
v -0.217628125 6.532371875 -0.42187499999999994
v -0.196365625 6.553634375 -0.48437499999999994
v -0.196365625 6.553634375 -0.4218749999999999
v -0.188621875 6.515625 -0.48437499999999994
v -0.188621875 6.515625 -0.42187499999999994
v -0.180839375 6.54467 -0.48437499999999994
v -0.180839375 6.54467 -0.42187499999999994
v 0.01875 4.840625 -0.3750000000000001
v 0.01875 4.840625 -0.4375000000000001
v -0.0125 4.840625 -0.3750000000000001
v -0.0125 4.840625 -0.4375000000000001
v -0.078125 4.95 -0.37500000000000006
v -0.078125 4.95 -0.75
v -0.078125 4.91875 -0.375
v -0.078125 4.91875 -0.7500000000000001
v -0.5194162499999999 4.840625 -0.3750000000000001
v -0.5194162499999999 4.840625 -0.4375000000000001
v -0.5506662499999999 4.840625 -0.3750000000000001
v -0.5506662499999999 4.840625 -0.4375000000000001
v -0.4531249999999999 4.91875 -0.375
v -0.4531249999999999 4.91875 -0.7500000000000001
v -0.4531249999999999 4.95 -0.37500000000000006
v -0.4531249999999999 4.95 -0.75
v -0.140625 4.8125 -0.4156250000000001
v -0.115505 4.90625 -0.415625
v -0.071995 4.88113 -0.4156249999999999
v -0.046875 4.83762 -0.41562499999999997
v -0.046875 4.78738 -0.41562499999999997
v -0.071995 4.74387 -0.415625
v -0.115505 4.71875 -0.41562499999999997
v -0.165745 4.71875 -0.41562499999999997
v -0.20925499999999997 4.74387 -0.415625
v -0.234375 4.78738 -0.41562499999999997
v -0.234375 4.83762 -0.41562499999999997
v -0.20925499999999997 4.88113 -0.4156249999999999
v -0.165745 4.90625 -0.415625
v -0.11341125 4.9140625 -0.37499999999999994
v -0.11341125 4.9140625 -0.43749999999999994
v -0.12082499999999999 4.886395 -0.37499999999999994
v -0.12082499999999999 4.886395 -0.43749999999999994
v -0.06627625 4.88684875 -0.37499999999999994
v -0.06627625 4.88684875 -0.4374999999999999
v -0.08653 4.866595 -0.37499999999999994
v -0.08653 4.866595 -0.4375
v -0.0390625 4.83971375 -0.37500000000000006
v -0.0390625 4.83971375 -0.43750000000000006
v -0.06673 4.8323 -0.37500000000000006
v -0.06673 4.8323 -0.43750000000000006
v -0.0390625 4.78528625 -0.375
v -0.0390625 4.78528625 -0.4375
v -0.06673 4.7927 -0.375
v -0.06673 4.7927 -0.4375
v -0.06627625 4.73815125 -0.37499999999999994
v -0.06627625 4.73815125 -0.4375
v -0.08653 4.758405 -0.37499999999999994
v -0.08653 4.758405 -0.4375
v -0.11341125 4.7109375 -0.375
v -0.11341125 4.7109375 -0.4375
v -0.12082499999999999 4.738605 -0.375
v -0.12082499999999999 4.738605 -0.43750000000000006
v -0.16783875 4.7109375 -0.375
v -0.16783875 4.7109375 -0.4375
v -0.160425 4.738605 -0.375
v -0.160425 4.738605 -0.43750000000000006
v -0.21497375000000002 4.73815125 -0.37499999999999994
v -0.21497375000000002 4.73815125 -0.4375
v -0.19472 4.758405 -0.37499999999999994
v -0.19472 4.758405 -0.4375
v -0.2421875 4.78528625 -0.375
v -0.2421875 4.78528625 -0.4375
v -0.21452 4.7927 -0.375
v -0.21452 4.7927 -0.4375
v -0.2421875 4.83971375 -0.37500000000000006
v -0.2421875 4.83971375 -0.43750000000000006
v -0.21452 4.8323 -0.37500000000000006
v -0.21452 4.8323 -0.43750000000000006
v -0.21497375000000002 4.88684875 -0.37499999999999994
v -0.21497375000000002 4.88684875 -0.4374999999999999
v -0.19472 4.866595 -0.37499999999999994
v -0.19472 4.866595 -0.4375
v -0.16783875 4.9140625 -0.37499999999999994
v -0.16783875 4.9140625 -0.43749999999999994
v -0.160425 4.886395 -0.37499999999999994
v -0.160425 4.886395 -0.43749999999999994
v -0.36341125 4.9140625 -0.37499999999999994
v -0.36341125 4.9140625 -0.43749999999999994
v -0.370825 4.886395 -0.37499999999999994
v -0.370825 4.886395 -0.43749999999999994
v -0.31627625 4.88684875 -0.37499999999999994
v -0.31627625 4.88684875 -0.4374999999999999
v -0.33653 4.866595 -0.37499999999999994
v -0.33653 4.866595 -0.4375
v -0.2890625 4.83971375 -0.37500000000000006
v -0.2890625 4.83971375 -0.43750000000000006
v -0.31673 4.8323 -0.37500000000000006
v -0.31673 4.8323 -0.43750000000000006
v -0.2890625 4.78528625 -0.375
v -0.2890625 4.78528625 -0.4375
v -0.31673 4.7927 -0.375
v -0.31673 4.7927 -0.4375
v -0.31627625 4.73815125 -0.37499999999999994
v -0.31627625 4.73815125 -0.4375
v -0.33653 4.758405 -0.37499999999999994
v -0.33653 4.758405 -0.4375
v -0.36341125 4.7109375 -0.375
v -0.36341125 4.7109375 -0.4375
v -0.370825 4.738605 -0.375
v -0.370825 4.738605 -0.43750000000000006
v -0.4178387499999999 4.7109375 -0.375
v -0.4178387499999999 4.7109375 -0.4375
v -0.41042500000000004 4.738605 -0.375
v -0.41042500000000004 4.738605 -0.43750000000000006
v -0.4649737500000001 4.73815125 -0.37499999999999994
v -0.4649737500000001 4.73815125 -0.4375
v -0.44472 4.758405 -0.37499999999999994
v -0.44472 4.758405 -0.4375
v -0.4921875 4.78528625 -0.375
v -0.4921875 4.78528625 -0.4375
v -0.46451999999999993 4.7927 -0.375
v -0.46451999999999993 4.7927 -0.4375
v -0.4921875 4.83971375 -0.37500000000000006
v -0.4921875 4.83971375 -0.43750000000000006
v -0.46451999999999993 4.8323 -0.37500000000000006
v -0.46451999999999993 4.8323 -0.43750000000000006
v -0.4649737500000001 4.88684875 -0.37499999999999994
v -0.4649737500000001 4.88684875 -0.4374999999999999
v -0.44472 4.866595 -0.37499999999999994
v -0.44472 4.866595 -0.4375
v -0.4178387499999999 4.9140625 -0.37499999999999994
v -0.4178387499999999 4.9140625 -0.43749999999999994
v -0.41042500000000004 4.886395 -0.37499999999999994
v -0.41042500000000004 4.886395 -0.43749999999999994
v -0.390625 4.8125 -0.4156250000000001
v -0.365505 4.90625 -0.415625
v -0.32199500000000003 4.88113 -0.4156249999999999
v -0.296875 4.83762 -0.41562499999999997
v -0.296875 4.78738 -0.41562499999999997
v -0.32199500000000003 4.74387 -0.415625
v -0.365505 4.71875 -0.41562499999999997
v -0.415745 4.71875 -0.41562499999999997
v -0.45925499999999997 4.74387 -0.415625
v -0.484375 4.78738 -0.41562499999999997
v -0.484375 4.83762 -0.41562499999999997
v -0.45925499999999997 4.88113 -0.4156249999999999
v -0.415745 4.90625 -0.415625
v 0.534375 4.246875 -0.3750000000000001
v 0.534375 4.246875 -0.4375000000000001
v 0.503125 4.246875 -0.3750000000000001
v 0.503125 4.246875 -0.4375000000000001
v 0.4375 4.35625 -0.3750000000000001
v 0.4375 4.35625 -0.7500000000000001
v 0.4375 4.325 -0.3750000000000002
v 0.4375 4.325 -0.7500000000000001
v -0.0037912499999999847 4.246875 -0.3750000000000001
v -0.0037912499999999847 4.246875 -0.4375000000000001
v -0.03504124999999998 4.246875 -0.3750000000000001
v -0.03504124999999998 4.246875 -0.4375000000000001
v 0.0625 4.325 -0.3750000000000002
v 0.0625 4.325 -0.7500000000000001
v 0.0625 4.35625 -0.3750000000000001
v 0.0625 4.35625 -0.7500000000000001
v 0.375 4.21875 -0.4156249999999999
v 0.4001199999999999 4.3125 -0.415625
v 0.44362999999999997 4.28738 -0.415625
v 0.46875 4.24387 -0.415625
v 0.46875 4.19363 -0.415625
v 0.44362999999999997 4.15012 -0.41562500000000024
v 0.4001199999999999 4.125 -0.415625
v 0.34988 4.125 -0.415625
v 0.30637000000000003 4.15012 -0.41562500000000024
v 0.28125 4.19363 -0.415625
v 0.28125 4.24387 -0.415625
v 0.30637000000000003 4.28738 -0.415625
v 0.34988 4.3125 -0.415625
v 0.4022137499999999 4.3203125 -0.375
v 0.4022137499999999 4.3203125 -0.4375
v 0.39479999999999993 4.292645 -0.375
v 0.39479999999999993 4.292645 -0.4375
v 0.44934874999999996 4.29309875 -0.375
v 0.44934874999999996 4.29309875 -0.4375
v 0.429095 4.272845 -0.375
v 0.429095 4.272845 -0.4375
v 0.4765625 4.24596375 -0.375
v 0.4765625 4.24596375 -0.4375000000000001
v 0.44889500000000004 4.23855 -0.3750000000000001
v 0.44889500000000004 4.23855 -0.4375
v 0.4765625 4.19153625 -0.3750000000000001
v 0.4765625 4.19153625 -0.4375
v 0.44889500000000004 4.19895 -0.375
v 0.44889500000000004 4.19895 -0.4375000000000001
v 0.44934874999999996 4.14440125 -0.3749999999999999
v 0.44934874999999996 4.14440125 -0.4374999999999999
v 0.429095 4.164655 -0.3749999999999999
v 0.429095 4.164655 -0.4374999999999999
v 0.4022137499999999 4.1171875 -0.375
v 0.4022137499999999 4.1171875 -0.4375
v 0.39479999999999993 4.144855 -0.375
v 0.39479999999999993 4.144855 -0.4374999999999999
v 0.34778625 4.1171875 -0.375
v 0.34778625 4.1171875 -0.4375
v 0.35519999999999996 4.144855 -0.375
v 0.35519999999999996 4.144855 -0.4374999999999999
v 0.30065125 4.14440125 -0.3749999999999999
v 0.30065125 4.14440125 -0.4374999999999999
v 0.320905 4.164655 -0.3749999999999999
v 0.320905 4.164655 -0.4374999999999999
v 0.2734375 4.19153625 -0.3750000000000001
v 0.2734375 4.19153625 -0.4375
v 0.301105 4.19895 -0.375
v 0.301105 4.19895 -0.4375000000000001
v 0.2734375 4.24596375 -0.375
v 0.2734375 4.24596375 -0.4375000000000001
v 0.301105 4.23855 -0.3750000000000001
v 0.301105 4.23855 -0.4375
v 0.30065125 4.29309875 -0.375
v 0.30065125 4.29309875 -0.4375
v 0.320905 4.272845 -0.375
v 0.320905 4.272845 -0.4375
v 0.34778625 4.3203125 -0.375
v 0.34778625 4.3203125 -0.4375
v 0.35519999999999996 4.292645 -0.375
v 0.35519999999999996 4.292645 -0.4375
v 0.15221374999999998 4.3203125 -0.375
v 0.15221374999999998 4.3203125 -0.4375
v 0.1448 4.292645 -0.375
v 0.1448 4.292645 -0.4375
v 0.19934875000000002 4.29309875 -0.375
v 0.19934875000000002 4.29309875 -0.4375
v 0.179095 4.272845 -0.375
v 0.179095 4.272845 -0.4375
v 0.2265625 4.24596375 -0.375
v 0.2265625 4.24596375 -0.4375000000000001
v 0.198895 4.23855 -0.3750000000000001
v 0.198895 4.23855 -0.4375
v 0.2265625 4.19153625 -0.3750000000000001
v 0.2265625 4.19153625 -0.4375
v 0.198895 4.19895 -0.375
v 0.198895 4.19895 -0.4375000000000001
v 0.19934875000000002 4.14440125 -0.3749999999999999
v 0.19934875000000002 4.14440125 -0.4374999999999999
v 0.179095 4.164655 -0.3749999999999999
v 0.179095 4.164655 -0.4374999999999999
v 0.15221374999999998 4.1171875 -0.375
v 0.15221374999999998 4.1171875 -0.4375
v 0.1448 4.144855 -0.375
v 0.1448 4.144855 -0.4374999999999999
v 0.09778624999999999 4.1171875 -0.375
v 0.09778624999999999 4.1171875 -0.4375
v 0.10520000000000002 4.144855 -0.375
v 0.10520000000000002 4.144855 -0.4374999999999999
v 0.050651249999999995 4.14440125 -0.3749999999999999
v 0.050651249999999995 4.14440125 -0.4374999999999999
v 0.070905 4.164655 -0.3749999999999999
v 0.070905 4.164655 -0.4374999999999999
v 0.0234375 4.19153625 -0.3750000000000001
v 0.0234375 4.19153625 -0.4375
v 0.051105 4.19895 -0.375
v 0.051105 4.19895 -0.4375000000000001
v 0.0234375 4.24596375 -0.375
v 0.0234375 4.24596375 -0.4375000000000001
v 0.051105 4.23855 -0.3750000000000001
v 0.051105 4.23855 -0.4375
v 0.050651249999999995 4.29309875 -0.375
v 0.050651249999999995 4.29309875 -0.4375
v 0.070905 4.272845 -0.375
v 0.070905 4.272845 -0.4375
v 0.09778624999999999 4.3203125 -0.375
v 0.09778624999999999 4.3203125 -0.4375
v 0.10520000000000002 4.292645 -0.375
v 0.10520000000000002 4.292645 -0.4375
v 0.125 4.21875 -0.4156249999999999
v 0.15012 4.3125 -0.415625
v 0.19363 4.28738 -0.415625
v 0.21875 4.24387 -0.415625
v 0.21875 4.19363 -0.415625
v 0.19363 4.15012 -0.41562500000000024
v 0.15012 4.125 -0.415625
v 0.09988 4.125 -0.415625
v 0.05637 4.15012 -0.41562500000000024
v 0.03125 4.19363 -0.415625
v 0.03125 4.24387 -0.415625
v 0.05637 4.28738 -0.415625
v 0.09988 4.3125 -0.415625
v 0.375 6.375 -0.3749999999999999
v 0.375 6.375 -0.43749999999999983
v 0.375 5.8125 -0.375
v 0.375 5.8125 -0.43749999999999994
v -0.375 6.375 -0.3749999999999999
v -0.375 6.375 -0.43749999999999983
v -0.375 5.8125 -0.375
v -0.375 5.8125 -0.43749999999999994
v 0.09375 2.125 -0.125
v 0.09375 2.125 -0.2500000000000002
v 0.09375 1.0625 -0.12500000000000044
v 0.09375 1.0625 -0.25000000000000044
v -0.09375 2.125 -0.125
v -0.09375 2.125 -0.2500000000000002
v -0.09375 1.0625 -0.12500000000000044
v -0.09375 1.0625 -0.25000000000000044
v 0.09375 2.125000000000001 0.24999999999999956
v 0.09375 2.125 0.12499999999999956
v 0.09375 1.125 0.24999999999999933
v 0.09375 1.125 0.12499999999999956
v -0.09375 2.125000000000001 0.24999999999999956
v -0.09375 2.125 0.12499999999999956
v -0.09375 1.125 0.24999999999999933
v -0.09375 1.125 0.12499999999999956
v 0.06875 1.75 0.12499999999999956
v 0.06875 1.7500000000000009 -0.12500000000000022
v 0.06875 1.6875000000000009 0.12499999999999956
v 0.06875 1.6875000000000004 -0.12500000000000044
v -0.05625 1.75 0.12499999999999956
v -0.05625 1.7500000000000009 -0.12500000000000022
v -0.05625 1.6875000000000009 0.12499999999999956
v -0.05625 1.6875000000000004 -0.12500000000000044
v 0.06875 1.25 0.12499999999999978
v 0.06875 1.25 -0.12500000000000022
v 0.06875 1.1875 0.12499999999999978
v 0.06875 1.1875 -0.12500000000000067
v -0.05625 1.25 0.12499999999999978
v -0.05625 1.25 -0.12500000000000022
v -0.05625 1.1875 0.12499999999999978
v -0.05625 1.1875 -0.12500000000000067
v 0.06875 2.75 0.12499999999999978
v 0.06875 2.75 -0.125
v 0.06875 2.6875000000000004 0.12499999999999978
v 0.06875 2.6875000000000004 -0.12499999999999978
v -0.05625 2.75 0.12499999999999978
v -0.05625 2.75 -0.125
v -0.05625 2.6875000000000004 0.12499999999999978
v -0.05625 2.6875000000000004 -0.12499999999999978
v 0.06875 2.25 0.12499999999999978
v 0.06875 2.25 -0.12499999999999978
v 0.06875 2.1875 0.125
v 0.06875 2.1875 -0.125
v -0.05625 2.25 0.12499999999999978
v -0.05625 2.25 -0.12499999999999978
v -0.05625 2.1875 0.125
v -0.05625 2.1875 -0.125
v 0.09375 3.125 -0.12500000000000022
v 0.09375 3.125 -0.2500000000000002
v 0.09375 2.125 -0.125
v 0.09375 2.125 -0.2500000000000002
v -0.09375 3.125 -0.12500000000000022
v -0.09375 3.125 -0.2500000000000002
v -0.09375 2.125 -0.125
v -0.09375 2.125 -0.2500000000000002
v 0.09375 3.125 0.2499999999999999
v 0.09375 3.1250000000000004 0.12499999999999978
v 0.09375 2.125000000000001 0.24999999999999956
v 0.09375 2.125 0.12499999999999956
v -0.09375 3.125 0.2499999999999999
v -0.09375 3.1250000000000004 0.12499999999999978
v -0.09375 2.125000000000001 0.24999999999999956
v -0.09375 2.125 0.12499999999999956
v 0.09375 4.125 -0.125
v 0.09375 4.125 -0.25
v 0.09375 3.125 -0.12500000000000022
v 0.09375 3.125 -0.2500000000000002
v -0.09375 4.125 -0.125
v -0.09375 4.125 -0.25
v -0.09375 3.125 -0.12500000000000022
v -0.09375 3.125 -0.2500000000000002
v 0.09375 4.125 0.25
v 0.09375 4.125 0.125
v 0.09375 3.125 0.2499999999999999
v 0.09375 3.1250000000000004 0.12499999999999978
v -0.09375 4.125 0.25
v -0.09375 4.125 0.125
v -0.09375 3.125 0.2499999999999999
v -0.09375 3.1250000000000004 0.12499999999999978
v 0.06875 3.7500000000000004 0.12499999999999978
v 0.06875 3.7500000000000004 -0.12500000000000022
v 0.06875 3.6875 0.12499999999999989
v 0.06875 3.6875 -0.125
v -0.05625 3.7500000000000004 0.12499999999999978
v -0.05625 3.7500000000000004 -0.12500000000000022
v -0.05625 3.6875 0.12499999999999989
v -0.05625 3.6875 -0.125
v 0.06875 3.25 0.1250000000000001
v 0.06875 3.25 -0.125
v 0.06875 3.1875000000000004 0.12499999999999978
v 0.06875 3.1875 -0.1250000000000001
v -0.05625 3.25 0.1250000000000001
v -0.05625 3.25 -0.125
v -0.05625 3.1875000000000004 0.12499999999999978
v -0.05625 3.1875 -0.1250000000000001
v 0.09375 5.1875 -0.12500000000000006
v 0.09375 5.1875 -0.25
v 0.09375 4.125 -0.125
v 0.09375 4.125 -0.25
v -0.09375 5.1875 -0.12500000000000006
v -0.09375 5.1875 -0.25
v -0.09375 4.125 -0.125
v -0.09375 4.125 -0.25
v -0.09375 5.1875 0.25
v 0.09375 5.1875 0.25
v 0.09375 5.1875 0.125
v 0.09375 4.125 0.25
v 0.09375 4.125 0.125
v -0.09375 5.1875 0.125
v -0.09375 4.125 0.25
v -0.09375 4.125 0.125
v 0.06875 4.75 0.12499999999999978
v 0.06875 4.75 -0.125
v 0.06875 4.6875 0.12499999999999989
v 0.06875 4.6875 -0.12500000000000006
v -0.05625 4.75 0.12499999999999978
v -0.05625 4.75 -0.125
v -0.05625 4.6875 0.12499999999999989
v -0.05625 4.6875 -0.12500000000000006
v 0.06875 4.25 0.12499999999999989
v 0.06875 4.25 -0.12500000000000017
v 0.06875 4.1875 0.125
v 0.06875 4.1875 -0.1250000000000001
v -0.05625 4.25 0.12499999999999989
v -0.05625 4.25 -0.12500000000000017
v -0.05625 4.1875 0.125
v -0.05625 4.1875 -0.1250000000000001
v 0.09375 5.75 -0.125
v 0.09375 5.75 -0.25
v 0.09375 5.1875 -0.12500000000000006
v 0.09375 5.1875 -0.25
v -0.09375 5.75 -0.125
v -0.09375 5.75 -0.25
v -0.09375 5.1875 -0.12500000000000006
v -0.09375 5.1875 -0.25
v 0.09375 5.75 0.2499999999999999
v 0.09375 5.75 0.125
v 0.09375 5.1875 0.25
v 0.09375 5.1875 0.125
v -0.09375 5.75 0.2499999999999999
v -0.09375 5.75 0.125
v -0.09375 5.1875 0.25
v -0.09375 5.1875 0.125
v 0.06875 5.3125 0.125
v 0.06875 5.3125 -0.125
v 0.06875 5.25 0.125
v 0.06875 5.25 -0.125
v -0.05625 5.3125 0.125
v -0.05625 5.3125 -0.125
v -0.05625 5.25 0.125
v -0.05625 5.25 -0.125
v 0.375 0.25 0.37499999999999956
v 0.375 0.25 -0.3750000000000009
v 0.375 -0.1875 0.3749999999999991
v 0.375 -0.1875 -0.3750000000000009
v -0.375 0.25 0.37499999999999956
v -0.375 0.25 -0.3750000000000009
v -0.375 -0.1875 0.3749999999999991
v -0.375 -0.1875 -0.3750000000000009
v 0.3125 0.3125 0.31249999999999956
v 0.3125 0.3125 -0.3125000000000009
v 0.3125 0.25 0.31249999999999956
v 0.3125 0.25 -0.3125000000000009
v -0.3125 0.3125 0.31249999999999956
v -0.3125 0.3125 -0.3125000000000009
v -0.3125 0.25 0.31249999999999956
v -0.3125 0.25 -0.3125000000000009
v 0.08173650111207942 1.1151901117674292 -0.12812500000000027
v 0.08173650111207942 1.1151901117674292 -0.24687500000000018
v 0.34055554621460016 0.14926428547836146 -0.1281250000000007
v 0.34055554621460016 0.14926428547836146 -0.24687500000000018
v -0.0993745913171209 1.0666615408107072 -0.12812499999999982
v -0.0993745913171209 1.0666615408107072 -0.24687500000000018
v 0.15944445378539984 0.10073571452163854 -0.12812499999999982
v 0.15944445378539984 0.10073571452163854 -0.24687500000000018
v 0.0993745913171209 1.0666615408107072 -0.1312500000000001
v 0.0993745913171209 1.0666615408107072 -0.24375000000000036
v -0.15944445378539984 0.10073571452163854 -0.13125000000000053
v -0.15944445378539984 0.10073571452163854 -0.2437500000000008
v -0.08173650111207942 1.1151901117674292 -0.1312500000000001
v -0.08173650111207942 1.1151901117674292 -0.24375000000000036
v -0.34055554621460016 0.14926428547836146 -0.13125000000000053
v -0.34055554621460016 0.14926428547836146 -0.24375000000000036
v 0.08173650111207942 1.1151901117674292 0.24687499999999996
v 0.08173650111207942 1.1151901117674292 0.12812499999999982
v 0.34055554621460016 0.14926428547836146 0.24687499999999973
v 0.34055554621460016 0.14926428547836146 0.12812499999999938
v -0.0993745913171209 1.066661540810708 0.2468749999999995
v -0.0993745913171209 1.0666615408107072 0.12812499999999982
v 0.15944445378539984 0.10073571452163854 0.2468749999999993
v 0.15944445378539984 0.10073571452163854 0.12812500000000027
v 0.0993745913171209 1.0666615408107072 0.2437499999999999
v 0.0993745913171209 1.0666615408107072 0.13124999999999964
v -0.15944445378539984 0.10073571452163854 0.24375000000000036
v -0.15944445378539984 0.10073571452163854 0.13124999999999964
v -0.08173650111207942 1.1151901117674292 0.2437499999999999
v -0.08173650111207942 1.1151901117674292 0.13124999999999942
v -0.34055554621460016 0.14926428547836235 0.2437499999999999
v -0.34055554621460016 0.14926428547836146 0.13124999999999964
v 0.3125 1.375 0.49999999999999956
v 0.3125 1.375 0.062499999999999556
v 0.3125 0.5 0.49999999999999956
v 0.3125 0.5 0.0625
v -0.3125 1.375 0.49999999999999956
v -0.3125 1.375 0.062499999999999556
v -0.3125 0.5 0.49999999999999956
v -0.3125 0.5 0.0625
v 0.09375 3.25 -0.25
v 0.09375 3.25 -0.3125
v 0.09375 1.4375 -0.25
v 0.09375 1.4375 -0.3125
v -0.09375 3.25 -0.25
v -0.09375 3.25 -0.3125
v -0.09375 1.4375 -0.25
v -0.09375 1.4375 -0.3125
v 0.109375 3.890625 -0.25
v 0.109375 3.890625 -0.2812499999999999
v 0.109375 3.640625 -0.2500000000000002
v 0.109375 3.640625 -0.2812500000000001
v -0.109375 3.890625 -0.25
v -0.109375 3.890625 -0.2812499999999999
v -0.109375 3.640625 -0.2500000000000002
v -0.109375 3.640625 -0.2812500000000001
v 0.375 7.25 -0.3749999999999998
v 0.375 7.25 -0.43749999999999967
v 0.375 6.375 -0.3749999999999999
v 0.375 6.375 -0.43749999999999983
v -0.375 7.25 -0.3749999999999998
v -0.375 7.25 -0.43749999999999967
v -0.375 6.375 -0.3749999999999999
v -0.375 6.375 -0.43749999999999983
v 0.25 7.375 -0.3749999999999999
v 0.25 7.375 -0.4374999999999999
v 0.25 7.25 -0.3749999999999998
v 0.25 7.25 -0.43749999999999967
v -0.25 7.375 -0.3749999999999999
v -0.25 7.375 -0.4374999999999999
v -0.25 7.25 -0.3749999999999998
v -0.25 7.25 -0.43749999999999967
v 0.37499973721942326 7.249999809560398 -0.36875
v 0.37499973721942326 7.249999809560398 -0.4312499999999998
v 0.28661138957110477 7.16161146191208 -0.36875
v 0.28661138957110477 7.16161146191208 -0.4312499999999998
v 0.25000005209169496 7.374999494688127 -0.3687499999999998
v 0.25000005209169496 7.374999494688127 -0.4312499999999997
v 0.16161170444337647 7.2866111470398085 -0.36875
v 0.16161170444337647 7.2866111470398085 -0.4312499999999998
v -0.2499998095603982 7.374999737219423 -0.36875
v -0.2499998095603982 7.374999737219423 -0.4312499999999999
v -0.16161146191207965 7.286611389571105 -0.3687499999999998
v -0.16161146191207965 7.286611389571105 -0.4312499999999997
v -0.37499993662986486 7.249999610149957 -0.3687499999999998
v -0.37499993662986486 7.249999610149957 -0.4312499999999997
v -0.2866115889815464 7.161611262501639 -0.36875
v -0.2866115889815464 7.161611262501639 -0.4312499999999998
v 0.265625 6.90625 -0.2499999999999999
v 0.265625 6.90625 -0.3749999999999998
v 0.265625 6.71875 -0.24999999999999994
v 0.265625 6.71875 -0.37499999999999983
v 0.078125 6.90625 -0.2499999999999999
v 0.078125 6.90625 -0.3749999999999998
v 0.078125 6.71875 -0.24999999999999994
v 0.078125 6.71875 -0.37499999999999983
v 0.234375 6.328125 -0.24999999999999994
v 0.234375 6.328125 -0.375
v 0.234375 6.203125 -0.24999999999999994
v 0.234375 6.203125 -0.3749999999999999
v 0.109375 6.328125 -0.24999999999999994
v 0.109375 6.328125 -0.375
v 0.109375 6.203125 -0.24999999999999994
v 0.109375 6.203125 -0.3749999999999999
v -0.109375 6.640625 -0.24999999999999994
v -0.109375 6.640625 -0.37499999999999983
v -0.109375 6.515625 -0.24999999999999994
v -0.109375 6.515625 -0.37499999999999994
v -0.234375 6.640625 -0.24999999999999994
v -0.234375 6.640625 -0.37499999999999983
v -0.234375 6.515625 -0.24999999999999994
v -0.234375 6.515625 -0.37499999999999994
v -0.078125 6.90625 -0.2499999999999999
v -0.078125 6.90625 -0.3749999999999998
v -0.078125 6.71875 -0.24999999999999994
v -0.078125 6.71875 -0.37499999999999983
v -0.265625 6.90625 -0.2499999999999999
v -0.265625 6.90625 -0.3749999999999998
v -0.265625 6.71875 -0.24999999999999994
v -0.265625 6.71875 -0.37499999999999983
v 0.3125 7.3125 -0.3124999999999998
v 0.3125 7.3125 -0.375
v 0.3125 7.25 -0.3124999999999998
v 0.3125 7.25 -0.3749999999999998
v -0.3125 7.3125 -0.3124999999999998
v -0.3125 7.3125 -0.375
v -0.3125 7.25 -0.3124999999999998
v -0.3125 7.25 -0.3749999999999998
v 0.1875 6.8125 -0.3124999999999999
v 0.1875 6.8125 -0.3749999999999998
v 0.1875 6.75 -0.31249999999999983
v 0.1875 6.75 -0.3749999999999999
v -0.1875 6.8125 -0.3124999999999999
v -0.1875 6.8125 -0.3749999999999998
v -0.1875 6.75 -0.31249999999999983
v -0.1875 6.75 -0.3749999999999999
v 0.16506912035787763 6.729979674479157 -0.3125
v 0.16506912035787763 6.729979674479157 -0.37499999999999994
v 0.10297087937809093 6.737054875339652 -0.3124999999999999
v 0.10297087937809093 6.737054875339652 -0.3749999999999998
v 0.20752032552084265 7.102569120357877 -0.3125
v 0.20752032552084265 7.102569120357877 -0.375
v 0.14542208454105593 7.109644321218372 -0.3124999999999998
v 0.14542208454105593 7.109644321218372 -0.3749999999999999
v -0.14743087964212237 6.542479674479157 -0.31249999999999994
v -0.14743087964212237 6.542479674479157 -0.3749999999999999
v -0.20952912062190904 6.549554875339652 -0.3125
v -0.20952912062190904 6.549554875339652 -0.375
v -0.11382367555477507 6.837446319133144 -0.3125
v -0.11382367555477507 6.837446319133144 -0.3749999999999999
v -0.17592191653456177 6.844521519993639 -0.3124999999999999
v -0.17592191653456177 6.844521519993639 -0.3749999999999998
v 0.1753334819723345 6.812916403057937 -0.3124999999999999
v 0.1753334819723345 6.812916403057937 -0.3749999999999999
v 0.20804802249633647 6.063630236871544 -0.3125
v 0.20804802249633647 6.063630236871544 -0.375
v 0.11289296812346838 6.810190191347604 -0.3124999999999999
v 0.11289296812346838 6.810190191347604 -0.3749999999999999
v 0.14560750864747035 6.060904025161211 -0.3125
v 0.14560750864747035 6.060904025161211 -0.3749999999999999
v 0.3125 5.38125 -0.36875
v 0.3125 5.38125 -0.43125
v 0.3125 5.31875 -0.3687500000000001
v 0.3125 5.31875 -0.43125
v -0.3125 5.38125 -0.36875
v -0.3125 5.38125 -0.43125
v -0.3125 5.31875 -0.3687500000000001
v -0.3125 5.31875 -0.43125
v 0.265625 7.203125 -0.2499999999999999
v 0.265625 7.203125 -0.375
v 0.265625 7.015625 -0.24999999999999978
v 0.265625 7.015625 -0.3749999999999998
v 0.078125 7.203125 -0.2499999999999999
v 0.078125 7.203125 -0.375
v 0.078125 7.015625 -0.24999999999999978
v 0.078125 7.015625 -0.3749999999999998
v 0.265625 6.109375 -0.25
v 0.265625 6.109375 -0.375
v 0.265625 5.921875 -0.25
v 0.265625 5.921875 -0.3749999999999999
v 0.078125 6.109375 -0.25
v 0.078125 6.109375 -0.375
v 0.078125 5.921875 -0.25
v 0.078125 5.921875 -0.3749999999999999
v 0.375 5.8125 0.5
v 0.375 5.8125 -0.375
v 0.375 5.75 0.4999999999999998
v 0.375 5.75 -0.37499999999999994
v -0.375 5.8125 0.5
v -0.375 5.8125 -0.375
v -0.375 5.75 0.4999999999999998
v -0.375 5.75 -0.37499999999999994
v 0.21875 6.625 0.5000000000000002
v 0.21875 6.625 0.4375
v 0.21875 5.8125 0.5
v 0.21875 5.8125 0.4375
v 0.15625 6.625 0.5000000000000002
v 0.15625 6.625 0.4375
v 0.15625 5.8125 0.5
v 0.15625 5.8125 0.4375
v -0.15625 6.625 0.5000000000000002
v -0.15625 6.625 0.4375
v -0.15625 5.8125 0.5
v -0.15625 5.8125 0.4375
v -0.21875 6.625 0.5000000000000002
v -0.21875 6.625 0.4375
v -0.21875 5.8125 0.5
v -0.21875 5.8125 0.4375
v -0.3125 6.6875 0.5
v -0.3125 6.6875 -0.10937499999999989
v -0.3125 6.625 0.5000000000000002
v -0.3125 6.625 -0.10937499999999989
v -0.375 6.6875 0.5
v -0.375 6.6875 -0.10937499999999989
v -0.375 6.625 0.5000000000000002
v -0.375 6.625 -0.10937499999999989
v 0.375 6.6875 0.5
v 0.375 6.6875 -0.10937499999999989
v 0.375 6.625 0.5000000000000002
v 0.375 6.625 -0.10937499999999989
v 0.3125 6.6875 0.5
v 0.3125 6.6875 -0.10937499999999989
v 0.3125 6.625 0.5000000000000002
v 0.3125 6.625 -0.10937499999999989
v 0.3125 6.6875 0.5
v 0.3125 6.6875 0.4375
v 0.3125 6.625 0.5000000000000002
v 0.3125 6.625 0.4375
v -0.3125 6.6875 0.5
v -0.3125 6.6875 0.4375
v -0.3125 6.625 0.5000000000000002
v -0.3125 6.625 0.4375
v 0.3125 5.75 0.3125
v 0.3125 5.75 -0.3125
v 0.3125 5.6875 0.3125
v 0.3125 5.6875 -0.31249999999999994
v -0.3125 5.75 0.3125
v -0.3125 5.75 -0.3125
v -0.3125 5.6875 0.3125
v -0.3125 5.6875 -0.31249999999999994
v 0.375 5.8125 -0.375
v 0.375 5.8125 -0.43749999999999994
v 0.375 5.3125 -0.375
v 0.375 5.3125 -0.43750000000000006
v 0.3125 5.8125 -0.375
v 0.3125 5.8125 -0.43749999999999994
v 0.3125 5.3125 -0.375
v 0.3125 5.3125 -0.43750000000000006
v -0.3125 5.8125 -0.375
v -0.3125 5.8125 -0.43749999999999994
v -0.3125 5.3125 -0.375
v -0.3125 5.3125 -0.43750000000000006
v -0.375 5.8125 -0.375
v -0.375 5.8125 -0.43749999999999994
v -0.375 5.3125 -0.375
v -0.375 5.3125 -0.43750000000000006
v 0.125 5.375 -0.25
v 0.125 5.375 -0.375
v 0.125 5.3125 -0.25
v 0.125 5.3125 -0.375
v -0.125 5.375 -0.25
v -0.125 5.375 -0.375
v -0.125 5.3125 -0.25
v -0.125 5.3125 -0.375
v 0.203125 5.6875 -0.375
v 0.203125 5.6875 -0.49999999999999994
v 0.203125 5.3125 -0.375
v 0.203125 5.3125 -0.5
v -0.203125 5.6875 -0.375
v -0.203125 5.6875 -0.49999999999999994
v -0.203125 5.3125 -0.375
v -0.203125 5.3125 -0.5
v 0.046875 5.65625 -0.49999999999999994
v 0.046875 5.65625 -0.6875
v 0.046875 5.625 -0.5
v 0.046875 5.625 -0.6875
v -0.046875 5.65625 -0.49999999999999994
v -0.046875 5.65625 -0.6875
v -0.046875 5.625 -0.5
v -0.046875 5.625 -0.6875
v -0.049084708691207846 5.653098056339526 -0.49999999999999994
v -0.049084708691207846 5.653098056339526 -0.625
v -0.02698762177912823 5.631000969427447 -0.49999999999999994
v -0.02698762177912823 5.631000969427447 -0.625
v -0.08223033905932725 5.619952425971407 -0.5
v -0.08223033905932725 5.619952425971407 -0.625
v -0.06013325214724764 5.597855339059327 -0.5
v -0.06013325214724764 5.597855339059327 -0.625
v 0.08412596942744667 5.618056795603287 -0.5
v 0.08412596942744667 5.618056795603287 -0.625
v 0.06202888251536706 5.595959708691208 -0.5
v 0.06202888251536706 5.595959708691208 -0.625
v 0.05098033905932725 5.651202425971407 -0.49999999999999994
v 0.05098033905932725 5.651202425971407 -0.625
v 0.028883252147247643 5.629105339059327 -0.49999999999999994
v 0.028883252147247643 5.629105339059327 -0.625
v 0.15625 5.46875 -0.5
v 0.15625 5.46875 -0.6875
v 0.15625 5.4375 -0.5
v 0.15625 5.4375 -0.6875
v 0.0625 5.46875 -0.5
v 0.0625 5.46875 -0.6875
v 0.0625 5.4375 -0.5
v 0.0625 5.4375 -0.6875
v 0.060290291308792154 5.465598056339526 -0.5
v 0.060290291308792154 5.465598056339526 -0.625
v 0.08238737822087178 5.443500969427447 -0.5
v 0.08238737822087178 5.443500969427447 -0.625
v 0.027144660940672742 5.432452425971407 -0.5
v 0.027144660940672742 5.432452425971407 -0.625
v 0.04924174785275236 5.410355339059327 -0.5
v 0.04924174785275236 5.410355339059327 -0.625
v 0.19350096942744666 5.430556795603287 -0.5
v 0.19350096942744666 5.430556795603287 -0.625
v 0.17140388251536706 5.408459708691208 -0.5
v 0.17140388251536706 5.408459708691208 -0.625
v 0.16035533905932725 5.463702425971407 -0.5
v 0.16035533905932725 5.463702425971407 -0.625
v 0.13825825214724763 5.441605339059327 -0.5
v 0.13825825214724763 5.441605339059327 -0.625
v -0.0625 5.46875 -0.5
v -0.0625 5.46875 -0.6875
v -0.0625 5.4375 -0.5
v -0.0625 5.4375 -0.6875
v -0.15625 5.46875 -0.5
v -0.15625 5.46875 -0.6875
v -0.15625 5.4375 -0.5
v -0.15625 5.4375 -0.6875
v -0.15845970869120785 5.465598056339526 -0.5
v -0.15845970869120785 5.465598056339526 -0.625
v -0.13636262177912822 5.443500969427447 -0.5
v -0.13636262177912822 5.443500969427447 -0.625
v -0.19160533905932725 5.432452425971407 -0.5
v -0.19160533905932725 5.432452425971407 -0.625
v -0.16950825214724763 5.410355339059327 -0.5
v -0.16950825214724763 5.410355339059327 -0.625
v -0.02524903057255333 5.430556795603287 -0.5
v -0.02524903057255333 5.430556795603287 -0.625
v -0.04734611748463294 5.408459708691208 -0.5
v -0.04734611748463294 5.408459708691208 -0.625
v -0.05839466094067275 5.463702425971407 -0.5
v -0.05839466094067275 5.463702425971407 -0.625
v -0.08049174785275236 5.441605339059327 -0.5
v -0.08049174785275236 5.441605339059327 -0.625
v 0.234375 7.2625 -0.4374999999999999
v 0.234375 7.2625 -0.8124999999999999
v 0.234375 7.23125 -0.4374999999999998
v 0.234375 7.23125 -0.8125
v 0.109375 7.2625 -0.4374999999999999
v 0.109375 7.2625 -0.8124999999999999
v 0.109375 7.23125 -0.4374999999999998
v 0.109375 7.23125 -0.8125
v 0.04308375 7.153124999999999 -0.4374999999999999
v 0.04308375 7.153124999999999 -0.5
v 0.04308375 7.089514375 -0.4374999999999999
v 0.04308375 7.089514375 -0.5000000000000001
v 0.011833750000000004 7.153124999999999 -0.4374999999999999
v 0.011833750000000004 7.153124999999999 -0.5
v 0.011833750000000004 7.089514375 -0.4374999999999999
v 0.011833750000000004 7.089514375 -0.5000000000000001
v 0.33125 7.153124999999999 -0.4374999999999999
v 0.33125 7.153124999999999 -0.5
v 0.33125 7.089514375 -0.4374999999999999
v 0.33125 7.089514375 -0.5000000000000001
v 0.3 7.153124999999999 -0.4374999999999999
v 0.3 7.153124999999999 -0.5
v 0.3 7.089514375 -0.4374999999999999
v 0.3 7.089514375 -0.5000000000000001
v 0.234375 6.95 -0.4375
v 0.234375 6.95 -0.8124999999999999
v 0.234375 6.91875 -0.4374999999999999
v 0.234375 6.91875 -0.8125
v 0.109375 6.95 -0.4375
v 0.109375 6.95 -0.8124999999999999
v 0.109375 6.91875 -0.4374999999999999
v 0.109375 6.91875 -0.8125
v 0.04308375 6.840624999999999 -0.4374999999999999
v 0.04308375 6.840624999999999 -0.5
v 0.04308375 6.777014375 -0.4374999999999999
v 0.04308375 6.777014375 -0.4999999999999999
v 0.011833750000000004 6.840624999999999 -0.4374999999999999
v 0.011833750000000004 6.840624999999999 -0.5
v 0.011833750000000004 6.777014375 -0.4374999999999999
v 0.011833750000000004 6.777014375 -0.4999999999999999
v 0.33125 6.840624999999999 -0.4374999999999999
v 0.33125 6.840624999999999 -0.5
v 0.33125 6.777014375 -0.4374999999999999
v 0.33125 6.777014375 -0.4999999999999999
v 0.3 6.840624999999999 -0.4374999999999999
v 0.3 6.840624999999999 -0.5
v 0.3 6.777014375 -0.4374999999999999
v 0.3 6.777014375 -0.4999999999999999
v -0.109375 6.95 -0.4375
v -0.109375 6.95 -0.8124999999999999
v -0.109375 6.91875 -0.4374999999999999
v -0.109375 6.91875 -0.8125
v -0.234375 6.95 -0.4375
v -0.234375 6.95 -0.8124999999999999
v -0.234375 6.91875 -0.4374999999999999
v -0.234375 6.91875 -0.8125
v -0.30066625 6.840624999999999 -0.4374999999999999
v -0.30066625 6.840624999999999 -0.5
v -0.30066625 6.777014375 -0.4374999999999999
v -0.30066625 6.777014375 -0.4999999999999999
v -0.33191625 6.840624999999999 -0.4374999999999999
v -0.33191625 6.840624999999999 -0.5
v -0.33191625 6.777014375 -0.4374999999999999
v -0.33191625 6.777014375 -0.4999999999999999
v -0.012500000000000011 6.840624999999999 -0.4374999999999999
v -0.012500000000000011 6.840624999999999 -0.5
v -0.012500000000000011 6.777014375 -0.4374999999999999
v -0.012500000000000011 6.777014375 -0.4999999999999999
v -0.04375000000000001 6.840624999999999 -0.4374999999999999
v -0.04375000000000001 6.840624999999999 -0.5
v -0.04375000000000001 6.777014375 -0.4374999999999999
v -0.04375000000000001 6.777014375 -0.4999999999999999
v 0.234375 6.153125 -0.4375
v 0.234375 6.153125 -0.8125
v 0.234375 6.121875 -0.43749999999999994
v 0.234375 6.121875 -0.8125
v 0.109375 6.153125 -0.4375
v 0.109375 6.153125 -0.8125
v 0.109375 6.121875 -0.43749999999999994
v 0.109375 6.121875 -0.8125
v 0.04308375 6.043749999999999 -0.4375
v 0.04308375 6.043749999999999 -0.5
v 0.04308375 5.980139375 -0.43749999999999994
v 0.04308375 5.980139375 -0.5
v 0.011833750000000004 6.043749999999999 -0.4375
v 0.011833750000000004 6.043749999999999 -0.5
v 0.011833750000000004 5.980139375 -0.43749999999999994
v 0.011833750000000004 5.980139375 -0.5
v 0.33125 6.043749999999999 -0.4375
v 0.33125 6.043749999999999 -0.5
v 0.33125 5.980139375 -0.43749999999999994
v 0.33125 5.980139375 -0.5
v 0.3 6.043749999999999 -0.4375
v 0.3 6.043749999999999 -0.5
v 0.3 5.980139375 -0.43749999999999994
v 0.3 5.980139375 -0.5
v 0.21875 6.34375 -0.4375
v 0.21875 6.34375 -0.75
v 0.21875 6.3125 -0.4375
v 0.21875 6.3125 -0.7499999999999999
v 0.125 6.34375 -0.4375
v 0.125 6.34375 -0.75
v 0.125 6.3125 -0.4375
v 0.125 6.3125 -0.7499999999999999
v 0.12279029130879215 6.340598056339526 -0.4374999999999999
v 0.12279029130879215 6.340598056339526 -0.6249999999999999
v 0.14488737822087178 6.318500969427447 -0.4375
v 0.14488737822087178 6.318500969427447 -0.625
v 0.08964466094067275 6.307452425971407 -0.4374999999999999
v 0.08964466094067275 6.307452425971407 -0.6249999999999999
v 0.11174174785275236 6.285355339059327 -0.43750000000000006
v 0.11174174785275236 6.285355339059327 -0.625
v 0.25600096942744666 6.305556795603287 -0.4375
v 0.25600096942744666 6.305556795603287 -0.625
v 0.23390388251536703 6.283459708691208 -0.4375
v 0.23390388251536703 6.283459708691208 -0.625
v 0.22285533905932725 6.338702425971407 -0.4375
v 0.22285533905932725 6.338702425971407 -0.625
v 0.20075825214724763 6.316605339059327 -0.4375
v 0.20075825214724763 6.316605339059327 -0.625
v -0.125 6.65625 -0.43749999999999994
v -0.125 6.625 -0.43749999999999983
v -0.125 6.625 -0.75
v -0.21875 6.65625 -0.43749999999999994
v -0.21875 6.65625 -0.7499999999999999
v -0.21875 6.625 -0.43749999999999983
v -0.21875 6.625 -0.75
v -0.22095970869120785 6.653098056339526 -0.4374999999999999
v -0.22095970869120785 6.653098056339526 -0.625
v -0.19886262177912822 6.631000969427447 -0.43749999999999983
v -0.19886262177912822 6.631000969427447 -0.625
v -0.2541053390593272 6.619952425971407 -0.4374999999999999
v -0.2541053390593272 6.619952425971407 -0.625
v -0.23200825214724763 6.597855339059327 -0.4375
v -0.23200825214724763 6.597855339059327 -0.625
v -0.08774903057255333 6.618056795603287 -0.4375
v -0.08774903057255333 6.618056795603287 -0.625
v -0.10984611748463294 6.595959708691208 -0.43749999999999983
v -0.10984611748463294 6.595959708691208 -0.625
v -0.12089466094067275 6.651202425971407 -0.43749999999999983
v -0.12089466094067275 6.651202425971407 -0.625
v -0.14299174785275237 6.629105339059327 -0.43749999999999983
v -0.14299174785275237 6.629105339059327 -0.625
v 0.0625 3.6250000000000004 0.5624999999999998
v 0.0625 3.6250000000000004 0.24999999999999978
v 0.0625 3.5625 0.5624999999999998
v 0.0625 3.5625 0.2499999999999999
v -0.0625 3.6250000000000004 0.5624999999999998
v -0.0625 3.6250000000000004 0.24999999999999978
v -0.0625 3.5625 0.5624999999999998
v -0.0625 3.5625 0.2499999999999999
v -0.125 4.5 0.6875
v -0.125 4.5 0.625
v -0.125 3.6875 0.6875
v -0.125 3.6875 0.6249999999999996
v -0.1875 4.5 0.6875
v -0.1875 4.5 0.625
v -0.1875 3.6875 0.6875
v -0.1875 3.6875 0.6249999999999996
v 0.1875 4.5 0.6875
v 0.1875 4.5 0.625
v 0.1875 3.6875 0.6875
v 0.1875 3.6875 0.6249999999999996
v 0.125 4.5 0.6875
v 0.125 4.5 0.625
v 0.125 3.6875 0.6875
v 0.125 3.6875 0.6249999999999996
v 0.25 3.6875 0.6875
v 0.25 3.6875 0.2499999999999999
v 0.25 3.6250000000000004 0.6874999999999998
v 0.25 3.6250000000000004 0.24999999999999978
v -0.25 3.6875 0.6875
v -0.25 3.6875 0.2499999999999999
v -0.25 3.6250000000000004 0.6874999999999998
v -0.25 3.6250000000000004 0.24999999999999978
v 0.3125 4.5625 0.625
v 0.3125 4.5625 0.3125
v 0.3125 4.5 0.625
v 0.3125 4.5 0.3125
v 0.25 4.5625 0.625
v 0.25 4.5625 0.3125
v 0.25 4.5 0.625
v 0.25 4.5 0.3125
v -0.3125 4.5625 0.3125
v -0.25 4.5625 0.625
v -0.25 4.5625 0.3125
v -0.25 4.5 0.625
v -0.25 4.5 0.3125
v -0.3125 4.5625 0.625
v -0.3125 4.5 0.625
v -0.3125 4.5 0.3125
v 0.28125 4.5625 0.6875
v 0.28125 4.5625 0.625
v 0.28125 4.5 0.6875
v 0.28125 4.5 0.625
v -0.28125 4.5625 0.6875
v -0.28125 4.5625 0.625
v -0.28125 4.5 0.6875
v -0.28125 4.5 0.625
v 0.5966213466261495 4.111405348670488 -0.3125000000000001
v 0.5966213466261495 4.111405348670488 -0.375
v 0.41984465132951254 3.9346286533738506 -0.3125000000000001
v 0.41984465132951254 3.9346286533738506 -0.3750000000000001
v 0.44194173824159216 4.266084957055044 -0.3125
v 0.44194173824159216 4.266084957055044 -0.3750000000000001
v 0.2651650429449553 4.089308261758408 -0.31250000000000033
v 0.2651650429449553 4.089308261758408 -0.3750000000000002
v -0.2651650429449553 4.973191738241592 -0.3125
v -0.2651650429449553 4.973191738241592 -0.375
v -0.44194173824159216 4.796415042944956 -0.31249999999999994
v -0.44194173824159216 4.796415042944956 -0.37500000000000006
v -0.41984465132951254 5.127871346626149 -0.3125
v -0.41984465132951254 5.127871346626149 -0.375
v -0.5966213466261495 4.951094651329512 -0.3125
v -0.5966213466261495 4.951094651329512 -0.375
v -0.109375 5.128125 -0.31875
v -0.109375 5.128125 -0.36875
v -0.109375 4.940625 -0.31875
v -0.109375 4.940625 -0.36875
v -0.421875 5.128125 -0.31875
v -0.421875 5.128125 -0.36875
v -0.421875 4.940625 -0.31875
v -0.421875 4.940625 -0.36875
v 0.109375 3.934375 -0.3187500000000002
v 0.109375 3.934375 -0.36875
v 0.109375 4.121875 -0.31875
v 0.109375 4.121875 -0.36875000000000013
v 0.421875 3.934375 -0.3187500000000002
v 0.421875 3.934375 -0.36875
v 0.421875 4.121875 -0.31875
v 0.421875 4.121875 -0.36875000000000013
v -0.5968749999999998 4.953125 -0.31875
v -0.5968749999999998 4.953125 -0.36875
v -0.40937499999999977 4.953125 -0.31875
v -0.40937499999999977 4.953125 -0.36875
v -0.5968749999999998 4.640625 -0.31875
v -0.5968749999999998 4.640625 -0.3687500000000001
v -0.4093749999999998 4.640625 -0.31875
v -0.4093749999999998 4.640625 -0.3687500000000001
v 0.5968749999999998 4.109375 -0.3187500000000001
v 0.5968749999999998 4.109375 -0.36875
v 0.4093749999999998 4.109375 -0.3187500000000001
v 0.4093749999999998 4.109375 -0.36875
v 0.5968749999999998 4.421875 -0.31875000000000003
v 0.5968749999999998 4.421875 -0.36875000000000013
v 0.4093749999999998 4.421875 -0.31875000000000003
v 0.4093749999999998 4.421875 -0.36875000000000013
v 0.5966213466261494 4.420764565439602 -0.3125
v 0.5966213466261494 4.420764565439602 -0.375
v 0.110485434560398 3.9346286533738506 -0.3125000000000001
v 0.110485434560398 3.9346286533738506 -0.3750000000000001
v -0.110485434560398 5.127871346626149 -0.3125
v -0.110485434560398 5.127871346626149 -0.375
v -0.5966213466261494 4.641735434560398 -0.3125
v -0.5966213466261494 4.641735434560398 -0.37500000000000006
v -0.3125 4.90625 -0.1875
v -0.3125 4.90625 -0.3125
v -0.3125 4.71875 -0.1875
v -0.3125 4.71875 -0.31249999999999994
v -0.5 4.90625 -0.1875
v -0.5 4.90625 -0.3125
v -0.5 4.71875 -0.1875
v -0.5 4.71875 -0.31249999999999994
v -0.0625 4.90625 -0.1875
v -0.0625 4.90625 -0.3125
v -0.0625 4.71875 -0.1875
v -0.0625 4.71875 -0.31249999999999994
v -0.25 4.90625 -0.1875
v -0.25 4.90625 -0.3125
v -0.25 4.71875 -0.1875
v -0.25 4.71875 -0.31249999999999994
v 0.25 4.28125 -0.18750000000000017
v 0.25 4.28125 -0.3125000000000002
v 0.25 4.09375 -0.1875000000000001
v 0.25 4.09375 -0.3125000000000001
v 0.0625 4.28125 -0.18750000000000017
v 0.0625 4.28125 -0.3125000000000002
v 0.0625 4.09375 -0.1875000000000001
v 0.0625 4.09375 -0.3125000000000001
v 0.5 4.28125 -0.18750000000000017
v 0.5 4.28125 -0.3125000000000002
v 0.5 4.09375 -0.1875000000000001
v 0.5 4.09375 -0.3125000000000001
v 0.3125 4.28125 -0.18750000000000017
v 0.3125 4.28125 -0.3125000000000002
v 0.3125 4.09375 -0.1875000000000001
v 0.3125 4.09375 -0.3125000000000001
v 0.125 4.375 -0.3125
v 0.125 4.1875 -0.2500000000000001
v 0.125 4.1875 -0.3125
v -0.125 4.375 -0.2499999999999999
v -0.125 4.375 -0.3125
v -0.125 4.1875 -0.2500000000000001
v -0.125 4.1875 -0.3125
v 0.125 4.875 -0.25
v 0.125 4.875 -0.3125
v 0.125 4.6875 -0.25000000000000006
v 0.125 4.6875 -0.3125
v -0.125 4.875 -0.25
v -0.125 4.875 -0.3125
v -0.125 4.6875 -0.25000000000000006
v -0.125 4.6875 -0.3125
v -0.078125 4.95 -0.37500000000000006
v -0.078125 4.95 -0.75
v -0.078125 4.91875 -0.375
v -0.078125 4.91875 -0.7500000000000001
v -0.453125 4.95 -0.37500000000000006
v -0.453125 4.95 -0.75
v -0.453125 4.91875 -0.375
v -0.453125 4.91875 -0.7500000000000001
v -0.5194162499999999 4.840624999999999 -0.37500000000000006
v -0.5194162499999999 4.840624999999999 -0.43750000000000006
v -0.5194162499999999 4.777014375 -0.375
v -0.5194162499999999 4.777014375 -0.43750000000000006
v -0.55066625 4.840624999999999 -0.37500000000000006
v -0.55066625 4.840624999999999 -0.43750000000000006
v -0.55066625 4.777014375 -0.375
v -0.55066625 4.777014375 -0.43750000000000006
v 0.01874999999999999 4.840624999999999 -0.37500000000000006
v 0.01874999999999999 4.840624999999999 -0.43750000000000006
v 0.01874999999999999 4.777014375 -0.375
v 0.01874999999999999 4.777014375 -0.43750000000000006
v -0.012500000000000011 4.840624999999999 -0.37500000000000006
v -0.012500000000000011 4.840624999999999 -0.43750000000000006
v -0.012500000000000011 4.777014375 -0.375
v -0.012500000000000011 4.777014375 -0.43750000000000006
v 0.4375 4.35625 -0.3750000000000001
v 0.4375 4.35625 -0.7500000000000001
v 0.4375 4.325 -0.3750000000000002
v 0.4375 4.325 -0.7500000000000001
v 0.0625 4.35625 -0.3750000000000001
v 0.0625 4.35625 -0.7500000000000001
v 0.0625 4.325 -0.3750000000000002
v 0.0625 4.325 -0.7500000000000001
v -0.003791249999999996 4.246874999999999 -0.3750000000000001
v -0.003791249999999996 4.246874999999999 -0.4375000000000001
v -0.003791249999999996 4.183264375 -0.375
v -0.003791249999999996 4.183264375 -0.4375000000000001
v -0.035041249999999996 4.246874999999999 -0.3750000000000001
v -0.035041249999999996 4.246874999999999 -0.4375000000000001
v -0.035041249999999996 4.183264375 -0.375
v -0.035041249999999996 4.183264375 -0.4375000000000001
v 0.534375 4.246874999999999 -0.3750000000000001
v 0.534375 4.246874999999999 -0.4375000000000001
v 0.534375 4.183264375 -0.375
v 0.534375 4.183264375 -0.4375000000000001
v 0.503125 4.246874999999999 -0.3750000000000001
v 0.503125 4.246874999999999 -0.4375000000000001
v 0.503125 4.183264375 -0.375
v 0.503125 4.183264375 -0.4375000000000001
vt 0.21078125 0.79703125
vt 0.2421875 0.85140625
vt 0.125 0.8828125
vt 0.2421875 0.85140625
vt 0.2421875 0.91421875
vt 0.125 0.8828125
vt 0.2421875 0.91421875
vt 0.21078125 0.96859375
vt 0.125 0.8828125
vt 0.21078125 0.96859375
vt 0.15640625 1
vt 0.125 0.8828125
vt 0.15640625 1
vt 0.09359375 1
vt 0.125 0.8828125
vt 0.09359375 1
vt 0.03921875 0.96859375
vt 0.125 0.8828125
vt 0.03921875 0.96859375
vt 0.0078125 0.91421875
vt 0.125 0.8828125
vt 0.0078125 0.91421875
vt 0.0078125 0.85140625
vt 0.125 0.8828125
vt 0.0078125 0.85140625
vt 0.03921875 0.79703125
vt 0.125 0.8828125
vt 0.03921875 0.79703125
vt 0.09359375 0.765625
vt 0.125 0.8828125
vt 0.09359375 0.765625
vt 0.15640625 0.765625
vt 0.125 0.8828125
vt 0.15640625 0.765625
vt 0.21078125 0.79703125
vt 0.125 0.8828125
vt 0.28125 0.28125
vt 0.289621875 0.28125
vt 0.289621875 0.296875
vt 0.28125 0.296875
vt 0.28573125 0.296875
vt 0.28125 0.296875
vt 0.28125 0.28125
vt 0.28573125 0.28125
vt 0.28125 0.29492734374999996
vt 0.28125 0.29044499999999995
vt 0.28851390625 0.28850062499999996
vt 0.2885103125 0.296875
vt 0.28125 0.28961187499999996
vt 0.289624375 0.28961187499999996
vt 0.287676875 0.296875
vt 0.28319453125 0.29687312499999996
vt 0.28125 0.28125
vt 0.289621875 0.28125
vt 0.289621875 0.296875
vt 0.28125 0.296875
vt 0.28573125 0.296875
vt 0.28125 0.296875
vt 0.28125 0.28125
vt 0.28573125 0.28125
vt 0.28125 0.294930625
vt 0.28125 0.29044828125
vt 0.2885103125 0.28850062499999996
vt 0.28851390625 0.296875
vt 0.28125 0.28961187499999996
vt 0.289624375 0.28961187499999996
vt 0.28767984375 0.29687312499999996
vt 0.2831975 0.296875
vt 0.28125 0.28125
vt 0.289621875 0.28125
vt 0.289621875 0.296875
vt 0.28125 0.296875
vt 0.28573125 0.296875
vt 0.28125 0.296875
vt 0.28125 0.28125
vt 0.28573125 0.28125
vt 0.28125 0.29492968750000004
vt 0.28125 0.29044843750000005
vt 0.2885109375 0.28850312499999997
vt 0.2885109375 0.296875
vt 0.2885109375 0.28850312499999997
vt 0.2885109375 0.296875
vt 0.28125 0.29492968750000004
vt 0.28125 0.29044843750000005
vt 0.28125 0.28125
vt 0.289621875 0.28125
vt 0.289621875 0.296875
vt 0.28125 0.296875
vt 0.28573125 0.296875
vt 0.28125 0.296875
vt 0.28125 0.28125
vt 0.28573125 0.28125
vt 0.28767671875 0.296875
vt 0.283194375 0.296875
vt 0.28125 0.28961109375000005
vt 0.289624375 0.28961468749999997
vt 0.288513125 0.28850062499999996
vt 0.288513125 0.296875
vt 0.28125 0.2949275
vt 0.281251875 0.29044515625
vt 0.28125 0.28125
vt 0.289621875 0.28125
vt 0.289621875 0.296875
vt 0.28125 0.296875
vt 0.28573125 0.296875
vt 0.28125 0.296875
vt 0.28125 0.28125
vt 0.28573125 0.28125
vt 0.28768 0.296875
vt 0.28319765625 0.296875
vt 0.28125 0.28961468749999997
vt 0.289624375 0.28961109375000005
vt 0.288513125 0.28850062499999996
vt 0.288513125 0.296875
vt 0.281251875 0.29493046874999995
vt 0.28125 0.29044812499999995
vt 0.28125 0.28125
vt 0.289621875 0.28125
vt 0.289621875 0.296875
vt 0.28125 0.296875
vt 0.28573125 0.296875
vt 0.28125 0.296875
vt 0.28125 0.28125
vt 0.28573125 0.28125
vt 0.2876765625 0.296875
vt 0.2831953125 0.296875
vt 0.28125 0.2896140625
vt 0.289621875 0.2896140625
vt 0.289621875 0.296875
vt 0.28125 0.296875
vt 0.2831953125 0.2896140625
vt 0.2876765625 0.2896140625
vt 0.28125 0.28125
vt 0.289621875 0.28125
vt 0.289621875 0.296875
vt 0.28125 0.296875
vt 0.28573125 0.296875
vt 0.28125 0.296875
vt 0.28125 0.28125
vt 0.28573125 0.28125
vt 0.28851390625 0.29044828125
vt 0.28851390625 0.294930625
vt 0.28125 0.296875
vt 0.28125359375 0.28850062499999996
vt 0.289624375 0.296875
vt 0.28125 0.296875
vt 0.2831975 0.28961187499999996
vt 0.28767984375 0.28961390625000005
vt 0.28125 0.28125
vt 0.289621875 0.28125
vt 0.289621875 0.296875
vt 0.28125 0.296875
vt 0.28573125 0.296875
vt 0.28125 0.296875
vt 0.28125 0.28125
vt 0.28573125 0.28125
vt 0.28851390625 0.29044499999999995
vt 0.28851390625 0.29492734374999996
vt 0.28125359375 0.296875
vt 0.28125 0.28850062499999996
vt 0.289624375 0.296875
vt 0.28125 0.296875
vt 0.28319453125 0.28961390625000005
vt 0.287676875 0.28961187499999996
vt 0.28125 0.28125
vt 0.289621875 0.28125
vt 0.289621875 0.296875
vt 0.28125 0.296875
vt 0.28573125 0.296875
vt 0.28125 0.296875
vt 0.28125 0.28125
vt 0.28573125 0.28125
vt 0.2885109375 0.29044843750000005
vt 0.2885109375 0.29492968750000004
vt 0.28125 0.296875
vt 0.28125 0.28850312499999997
vt 0.28125 0.296875
vt 0.28125 0.28850312499999997
vt 0.2885109375 0.29044843750000005
vt 0.2885109375 0.29492968750000004
vt 0.28125 0.28125
vt 0.289621875 0.28125
vt 0.289621875 0.296875
vt 0.28125 0.296875
vt 0.28573125 0.296875
vt 0.28125 0.296875
vt 0.28125 0.28125
vt 0.28573125 0.28125
vt 0.28319765625 0.28961109375000005
vt 0.28768 0.28961109375000005
vt 0.289624375 0.296875
vt 0.28125 0.29687140624999997
vt 0.28125 0.296875
vt 0.28125 0.28850062499999996
vt 0.288513125 0.29044812499999995
vt 0.28851109375 0.29493046874999995
vt 0.28125 0.28125
vt 0.289621875 0.28125
vt 0.289621875 0.296875
vt 0.28125 0.296875
vt 0.28573125 0.296875
vt 0.28125 0.296875
vt 0.28125 0.28125
vt 0.28573125 0.28125
vt 0.283194375 0.28961109375000005
vt 0.28767671875 0.28961109375000005
vt 0.289624375 0.29687140624999997
vt 0.28125 0.296875
vt 0.28125 0.296875
vt 0.28125 0.28850062499999996
vt 0.28851109375 0.29044515625
vt 0.288513125 0.2949275
vt 0.28125 0.28125
vt 0.289621875 0.28125
vt 0.289621875 0.296875
vt 0.28125 0.296875
vt 0.28573125 0.296875
vt 0.28125 0.296875
vt 0.28125 0.28125
vt 0.28573125 0.28125
vt 0.2831953125 0.2896140625
vt 0.2876765625 0.2896140625
vt 0.289621875 0.296875
vt 0.28125 0.296875
vt 0.28125 0.2896140625
vt 0.289621875 0.2896140625
vt 0.2876765625 0.296875
vt 0.2831953125 0.296875
vt 0.28125 0.28125
vt 0.289621875 0.28125
vt 0.289621875 0.296875
vt 0.28125 0.296875
vt 0.28573125 0.296875
vt 0.28125 0.296875
vt 0.28125 0.28125
vt 0.28573125 0.28125
vt 0.28125 0.29492734374999996
vt 0.28125 0.29044499999999995
vt 0.28851390625 0.28850062499999996
vt 0.2885103125 0.296875
vt 0.28125 0.28961187499999996
vt 0.289624375 0.28961187499999996
vt 0.287676875 0.296875
vt 0.28319453125 0.29687312499999996
vt 0.28125 0.28125
vt 0.289621875 0.28125
vt 0.289621875 0.296875
vt 0.28125 0.296875
vt 0.28573125 0.296875
vt 0.28125 0.296875
vt 0.28125 0.28125
vt 0.28573125 0.28125
vt 0.28125 0.294930625
vt 0.28125 0.29044828125
vt 0.2885103125 0.28850062499999996
vt 0.28851390625 0.296875
vt 0.28125 0.28961187499999996
vt 0.289624375 0.28961187499999996
vt 0.28767984375 0.29687312499999996
vt 0.2831975 0.296875
vt 0.28125 0.28125
vt 0.289621875 0.28125
vt 0.289621875 0.296875
vt 0.28125 0.296875
vt 0.28573125 0.296875
vt 0.28125 0.296875
vt 0.28125 0.28125
vt 0.28573125 0.28125
vt 0.28125 0.29492968750000004
vt 0.28125 0.29044843750000005
vt 0.2885109375 0.28850312499999997
vt 0.2885109375 0.296875
vt 0.2885109375 0.28850312499999997
vt 0.2885109375 0.296875
vt 0.28125 0.29492968750000004
vt 0.28125 0.29044843750000005
vt 0.28125 0.28125
vt 0.289621875 0.28125
vt 0.289621875 0.296875
vt 0.28125 0.296875
vt 0.28573125 0.296875
vt 0.28125 0.296875
vt 0.28125 0.28125
vt 0.28573125 0.28125
vt 0.28767671875 0.296875
vt 0.283194375 0.296875
vt 0.28125 0.28961109375000005
vt 0.289624375 0.28961468749999997
vt 0.288513125 0.28850062499999996
vt 0.288513125 0.296875
vt 0.28125 0.2949275
vt 0.281251875 0.29044515625
vt 0.28125 0.28125
vt 0.289621875 0.28125
vt 0.289621875 0.296875
vt 0.28125 0.296875
vt 0.28573125 0.296875
vt 0.28125 0.296875
vt 0.28125 0.28125
vt 0.28573125 0.28125
vt 0.28768 0.296875
vt 0.28319765625 0.296875
vt 0.28125 0.28961468749999997
vt 0.289624375 0.28961109375000005
vt 0.288513125 0.28850062499999996
vt 0.288513125 0.296875
vt 0.281251875 0.29493046874999995
vt 0.28125 0.29044812499999995
vt 0.28125 0.28125
vt 0.289621875 0.28125
vt 0.289621875 0.296875
vt 0.28125 0.296875
vt 0.28573125 0.296875
vt 0.28125 0.296875
vt 0.28125 0.28125
vt 0.28573125 0.28125
vt 0.2876765625 0.296875
vt 0.2831953125 0.296875
vt 0.28125 0.2896140625
vt 0.289621875 0.2896140625
vt 0.289621875 0.296875
vt 0.28125 0.296875
vt 0.2831953125 0.2896140625
vt 0.2876765625 0.2896140625
vt 0.28125 0.28125
vt 0.289621875 0.28125
vt 0.289621875 0.296875
vt 0.28125 0.296875
vt 0.28573125 0.296875
vt 0.28125 0.296875
vt 0.28125 0.28125
vt 0.28573125 0.28125
vt 0.28851390625 0.29044828125
vt 0.28851390625 0.294930625
vt 0.28125 0.296875
vt 0.28125359375 0.28850062499999996
vt 0.289624375 0.296875
vt 0.28125 0.296875
vt 0.2831975 0.28961187499999996
vt 0.28767984375 0.28961390625000005
vt 0.28125 0.28125
vt 0.289621875 0.28125
vt 0.289621875 0.296875
vt 0.28125 0.296875
vt 0.28573125 0.296875
vt 0.28125 0.296875
vt 0.28125 0.28125
vt 0.28573125 0.28125
vt 0.28851390625 0.29044499999999995
vt 0.28851390625 0.29492734374999996
vt 0.28125359375 0.296875
vt 0.28125 0.28850062499999996
vt 0.289624375 0.296875
vt 0.28125 0.296875
vt 0.28319453125 0.28961390625000005
vt 0.287676875 0.28961187499999996
vt 0.28125 0.28125
vt 0.289621875 0.28125
vt 0.289621875 0.296875
vt 0.28125 0.296875
vt 0.28573125 0.296875
vt 0.28125 0.296875
vt 0.28125 0.28125
vt 0.28573125 0.28125
vt 0.2885109375 0.29044843750000005
vt 0.2885109375 0.29492968750000004
vt 0.28125 0.296875
vt 0.28125 0.28850312499999997
vt 0.28125 0.296875
vt 0.28125 0.28850312499999997
vt 0.2885109375 0.29044843750000005
vt 0.2885109375 0.29492968750000004
vt 0.28125 0.28125
vt 0.289621875 0.28125
vt 0.289621875 0.296875
vt 0.28125 0.296875
vt 0.28573125 0.296875
vt 0.28125 0.296875
vt 0.28125 0.28125
vt 0.28573125 0.28125
vt 0.28319765625 0.28961109375000005
vt 0.28768 0.28961109375000005
vt 0.289624375 0.296875
vt 0.28125 0.29687140624999997
vt 0.28125 0.296875
vt 0.28125 0.28850062499999996
vt 0.288513125 0.29044812499999995
vt 0.28851109375 0.29493046874999995
vt 0.28125 0.28125
vt 0.289621875 0.28125
vt 0.289621875 0.296875
vt 0.28125 0.296875
vt 0.28573125 0.296875
vt 0.28125 0.296875
vt 0.28125 0.28125
vt 0.28573125 0.28125
vt 0.283194375 0.28961109375000005
vt 0.28767671875 0.28961109375000005
vt 0.289624375 0.29687140624999997
vt 0.28125 0.296875
vt 0.28125 0.296875
vt 0.28125 0.28850062499999996
vt 0.28851109375 0.29044515625
vt 0.288513125 0.2949275
vt 0.28125 0.28125
vt 0.289621875 0.28125
vt 0.289621875 0.296875
vt 0.28125 0.296875
vt 0.28573125 0.296875
vt 0.28125 0.296875
vt 0.28125 0.28125
vt 0.28573125 0.28125
vt 0.2831953125 0.2896140625
vt 0.2876765625 0.2896140625
vt 0.289621875 0.296875
vt 0.28125 0.296875
vt 0.28125 0.2896140625
vt 0.289621875 0.2896140625
vt 0.2876765625 0.296875
vt 0.2831953125 0.296875
vt 0.21078125 0.79703125
vt 0.2421875 0.85140625
vt 0.125 0.8828125
vt 0.2421875 0.85140625
vt 0.2421875 0.91421875
vt 0.125 0.8828125
vt 0.2421875 0.91421875
vt 0.21078125 0.96859375
vt 0.125 0.8828125
vt 0.21078125 0.96859375
vt 0.15640625 1
vt 0.125 0.8828125
vt 0.15640625 1
vt 0.09359375 1
vt 0.125 0.8828125
vt 0.09359375 1
vt 0.03921875 0.96859375
vt 0.125 0.8828125
vt 0.03921875 0.96859375
vt 0.0078125 0.91421875
vt 0.125 0.8828125
vt 0.0078125 0.91421875
vt 0.0078125 0.85140625
vt 0.125 0.8828125
vt 0.0078125 0.85140625
vt 0.03921875 0.79703125
vt 0.125 0.8828125
vt 0.03921875 0.79703125
vt 0.09359375 0.765625
vt 0.125 0.8828125
vt 0.09359375 0.765625
vt 0.15640625 0.765625
vt 0.125 0.8828125
vt 0.15640625 0.765625
vt 0.21078125 0.79703125
vt 0.125 0.8828125
vt 0.28125 0.28125
vt 0.289621875 0.28125
vt 0.289621875 0.296875
vt 0.28125 0.296875
vt 0.28573125 0.296875
vt 0.28125 0.296875
vt 0.28125 0.28125
vt 0.28573125 0.28125
vt 0.28125 0.29492734374999996
vt 0.28125 0.29044499999999995
vt 0.28851390625 0.28850062499999996
vt 0.2885103125 0.296875
vt 0.28125 0.28961187499999996
vt 0.289624375 0.28961187499999996
vt 0.287676875 0.296875
vt 0.28319453125 0.29687312499999996
vt 0.28125 0.28125
vt 0.289621875 0.28125
vt 0.289621875 0.296875
vt 0.28125 0.296875
vt 0.28573125 0.296875
vt 0.28125 0.296875
vt 0.28125 0.28125
vt 0.28573125 0.28125
vt 0.28125 0.294930625
vt 0.28125 0.29044828125
vt 0.2885103125 0.28850062499999996
vt 0.28851390625 0.296875
vt 0.28125 0.28961187499999996
vt 0.289624375 0.28961187499999996
vt 0.28767984375 0.29687312499999996
vt 0.2831975 0.296875
vt 0.28125 0.28125
vt 0.289621875 0.28125
vt 0.289621875 0.296875
vt 0.28125 0.296875
vt 0.28573125 0.296875
vt 0.28125 0.296875
vt 0.28125 0.28125
vt 0.28573125 0.28125
vt 0.28125 0.29492968750000004
vt 0.28125 0.29044843750000005
vt 0.2885109375 0.28850312499999997
vt 0.2885109375 0.296875
vt 0.2885109375 0.28850312499999997
vt 0.2885109375 0.296875
vt 0.28125 0.29492968750000004
vt 0.28125 0.29044843750000005
vt 0.28125 0.28125
vt 0.289621875 0.28125
vt 0.289621875 0.296875
vt 0.28125 0.296875
vt 0.28573125 0.296875
vt 0.28125 0.296875
vt 0.28125 0.28125
vt 0.28573125 0.28125
vt 0.28767671875 0.296875
vt 0.283194375 0.296875
vt 0.28125 0.28961109375000005
vt 0.289624375 0.28961468749999997
vt 0.288513125 0.28850062499999996
vt 0.288513125 0.296875
vt 0.28125 0.2949275
vt 0.281251875 0.29044515625
vt 0.28125 0.28125
vt 0.289621875 0.28125
vt 0.289621875 0.296875
vt 0.28125 0.296875
vt 0.28573125 0.296875
vt 0.28125 0.296875
vt 0.28125 0.28125
vt 0.28573125 0.28125
vt 0.28768 0.296875
vt 0.28319765625 0.296875
vt 0.28125 0.28961468749999997
vt 0.289624375 0.28961109375000005
vt 0.288513125 0.28850062499999996
vt 0.288513125 0.296875
vt 0.281251875 0.29493046874999995
vt 0.28125 0.29044812499999995
vt 0.28125 0.28125
vt 0.289621875 0.28125
vt 0.289621875 0.296875
vt 0.28125 0.296875
vt 0.28573125 0.296875
vt 0.28125 0.296875
vt 0.28125 0.28125
vt 0.28573125 0.28125
vt 0.2876765625 0.296875
vt 0.2831953125 0.296875
vt 0.28125 0.2896140625
vt 0.289621875 0.2896140625
vt 0.289621875 0.296875
vt 0.28125 0.296875
vt 0.2831953125 0.2896140625
vt 0.2876765625 0.2896140625
vt 0.28125 0.28125
vt 0.289621875 0.28125
vt 0.289621875 0.296875
vt 0.28125 0.296875
vt 0.28573125 0.296875
vt 0.28125 0.296875
vt 0.28125 0.28125
vt 0.28573125 0.28125
vt 0.28851390625 0.29044828125
vt 0.28851390625 0.294930625
vt 0.28125 0.296875
vt 0.28125359375 0.28850062499999996
vt 0.289624375 0.296875
vt 0.28125 0.296875
vt 0.2831975 0.28961187499999996
vt 0.28767984375 0.28961390625000005
vt 0.28125 0.28125
vt 0.289621875 0.28125
vt 0.289621875 0.296875
vt 0.28125 0.296875
vt 0.28573125 0.296875
vt 0.28125 0.296875
vt 0.28125 0.28125
vt 0.28573125 0.28125
vt 0.28851390625 0.29044499999999995
vt 0.28851390625 0.29492734374999996
vt 0.28125359375 0.296875
vt 0.28125 0.28850062499999996
vt 0.289624375 0.296875
vt 0.28125 0.296875
vt 0.28319453125 0.28961390625000005
vt 0.287676875 0.28961187499999996
vt 0.28125 0.28125
vt 0.289621875 0.28125
vt 0.289621875 0.296875
vt 0.28125 0.296875
vt 0.28573125 0.296875
vt 0.28125 0.296875
vt 0.28125 0.28125
vt 0.28573125 0.28125
vt 0.2885109375 0.29044843750000005
vt 0.2885109375 0.29492968750000004
vt 0.28125 0.296875
vt 0.28125 0.28850312499999997
vt 0.28125 0.296875
vt 0.28125 0.28850312499999997
vt 0.2885109375 0.29044843750000005
vt 0.2885109375 0.29492968750000004
vt 0.28125 0.28125
vt 0.289621875 0.28125
vt 0.289621875 0.296875
vt 0.28125 0.296875
vt 0.28573125 0.296875
vt 0.28125 0.296875
vt 0.28125 0.28125
vt 0.28573125 0.28125
vt 0.28319765625 0.28961109375000005
vt 0.28768 0.28961109375000005
vt 0.289624375 0.296875
vt 0.28125 0.29687140624999997
vt 0.28125 0.296875
vt 0.28125 0.28850062499999996
vt 0.288513125 0.29044812499999995
vt 0.28851109375 0.29493046874999995
vt 0.28125 0.28125
vt 0.289621875 0.28125
vt 0.289621875 0.296875
vt 0.28125 0.296875
vt 0.28573125 0.296875
vt 0.28125 0.296875
vt 0.28125 0.28125
vt 0.28573125 0.28125
vt 0.283194375 0.28961109375000005
vt 0.28767671875 0.28961109375000005
vt 0.289624375 0.29687140624999997
vt 0.28125 0.296875
vt 0.28125 0.296875
vt 0.28125 0.28850062499999996
vt 0.28851109375 0.29044515625
vt 0.288513125 0.2949275
vt 0.28125 0.28125
vt 0.289621875 0.28125
vt 0.289621875 0.296875
vt 0.28125 0.296875
vt 0.28573125 0.296875
vt 0.28125 0.296875
vt 0.28125 0.28125
vt 0.28573125 0.28125
vt 0.2831953125 0.2896140625
vt 0.2876765625 0.2896140625
vt 0.289621875 0.296875
vt 0.28125 0.296875
vt 0.28125 0.2896140625
vt 0.289621875 0.2896140625
vt 0.2876765625 0.296875
vt 0.2831953125 0.296875
vt 0.21078125 0.79703125
vt 0.2421875 0.85140625
vt 0.125 0.8828125
vt 0.2421875 0.85140625
vt 0.2421875 0.91421875
vt 0.125 0.8828125
vt 0.2421875 0.91421875
vt 0.21078125 0.96859375
vt 0.125 0.8828125
vt 0.21078125 0.96859375
vt 0.15640625 1
vt 0.125 0.8828125
vt 0.15640625 1
vt 0.09359375 1
vt 0.125 0.8828125
vt 0.09359375 1
vt 0.03921875 0.96859375
vt 0.125 0.8828125
vt 0.03921875 0.96859375
vt 0.0078125 0.91421875
vt 0.125 0.8828125
vt 0.0078125 0.91421875
vt 0.0078125 0.85140625
vt 0.125 0.8828125
vt 0.0078125 0.85140625
vt 0.03921875 0.79703125
vt 0.125 0.8828125
vt 0.03921875 0.79703125
vt 0.09359375 0.765625
vt 0.125 0.8828125
vt 0.09359375 0.765625
vt 0.15640625 0.765625
vt 0.125 0.8828125
vt 0.15640625 0.765625
vt 0.21078125 0.79703125
vt 0.125 0.8828125
vt 0.3247625 0.6752374999999999
vt 0.375 0.7622625000000001
vt 0.1875 0.8125
vt 0.375 0.7622625000000001
vt 0.375 0.8627374999999999
vt 0.1875 0.8125
vt 0.375 0.8627374999999999
vt 0.3247625 0.9497625
vt 0.1875 0.8125
vt 0.3247625 0.9497625
vt 0.2377375 1
vt 0.1875 0.8125
vt 0.2377375 1
vt 0.1372625 1
vt 0.1875 0.8125
vt 0.1372625 1
vt 0.0502375 0.9497625
vt 0.1875 0.8125
vt 0.0502375 0.9497625
vt 0 0.8627374999999999
vt 0.1875 0.8125
vt 0 0.8627374999999999
vt 0 0.7622625000000001
vt 0.1875 0.8125
vt 0 0.7622625000000001
vt 0.0502375 0.6752374999999999
vt 0.1875 0.8125
vt 0.0502375 0.6752374999999999
vt 0.1372625 0.625
vt 0.1875 0.8125
vt 0.1372625 0.625
vt 0.2377375 0.625
vt 0.1875 0.8125
vt 0.2377375 0.625
vt 0.3247625 0.6752374999999999
vt 0.1875 0.8125
vt 0.28125 0.28125
vt 0.29485625 0.28125
vt 0.29485625 0.296875
vt 0.28125 0.296875
vt 0.29115 0.296875
vt 0.28125 0.296875
vt 0.28125 0.28125
vt 0.29115 0.28125
vt 0.28125 0.29502125
vt 0.28125 0.28512140625000004
vt 0.28816765625 0.2832678125
vt 0.28816703125 0.296875
vt 0.28125 0.2899575
vt 0.2948571875 0.2899575
vt 0.29300328125 0.296875
vt 0.2831034375 0.29687453124999996
vt 0.28125 0.28125
vt 0.29485625 0.28125
vt 0.29485625 0.296875
vt 0.28125 0.296875
vt 0.29115 0.296875
vt 0.28125 0.296875
vt 0.28125 0.28125
vt 0.29115 0.28125
vt 0.28125 0.2950215625
vt 0.28125 0.28512171875000003
vt 0.28816703125 0.2832678125
vt 0.28816765625 0.296875
vt 0.28125 0.2899575
vt 0.2948571875 0.2899575
vt 0.29300359375 0.29687453124999996
vt 0.28310390625 0.296875
vt 0.28125 0.28125
vt 0.29485625 0.28125
vt 0.29485625 0.296875
vt 0.28125 0.296875
vt 0.29115 0.296875
vt 0.28125 0.296875
vt 0.28125 0.28125
vt 0.29115 0.28125
vt 0.28125 0.295021875
vt 0.28125 0.28512187499999997
vt 0.2881671875 0.28326874999999996
vt 0.2881671875 0.296875
vt 0.2881671875 0.28326874999999996
vt 0.2881671875 0.296875
vt 0.28125 0.295021875
vt 0.28125 0.28512187499999997
vt 0.28125 0.28125
vt 0.29485625 0.28125
vt 0.29485625 0.296875
vt 0.28125 0.296875
vt 0.29115 0.296875
vt 0.28125 0.296875
vt 0.28125 0.28125
vt 0.29115 0.28125
vt 0.29300328125 0.296875
vt 0.2831034375 0.296875
vt 0.28125 0.28995734375000004
vt 0.2948571875 0.28995796875
vt 0.2881675 0.2832678125
vt 0.2881675 0.296875
vt 0.28125 0.29502109374999996
vt 0.28125046875 0.28512140625000004
vt 0.28125 0.28125
vt 0.29485625 0.28125
vt 0.29485625 0.296875
vt 0.28125 0.296875
vt 0.29115 0.296875
vt 0.28125 0.296875
vt 0.28125 0.28125
vt 0.29115 0.28125
vt 0.29300359375 0.296875
vt 0.28310375 0.296875
vt 0.28125 0.28995796875
vt 0.2948571875 0.28995734375000004
vt 0.2881675 0.2832678125
vt 0.2881675 0.296875
vt 0.28125046875 0.2950215625
vt 0.28125 0.28512171875000003
vt 0.28125 0.28125
vt 0.29485625 0.28125
vt 0.29485625 0.296875
vt 0.28125 0.296875
vt 0.29115 0.296875
vt 0.28125 0.296875
vt 0.28125 0.28125
vt 0.29115 0.28125
vt 0.293003125 0.296875
vt 0.283103125 0.296875
vt 0.28125 0.28995781249999997
vt 0.29485625 0.28995781249999997
vt 0.29485625 0.296875
vt 0.28125 0.296875
vt 0.283103125 0.28995781249999997
vt 0.293003125 0.28995781249999997
vt 0.28125 0.28125
vt 0.29485625 0.28125
vt 0.29485625 0.296875
vt 0.28125 0.296875
vt 0.29115 0.296875
vt 0.28125 0.296875
vt 0.28125 0.28125
vt 0.29115 0.28125
vt 0.28816765625 0.28512171875000003
vt 0.28816765625 0.2950215625
vt 0.28125 0.296875
vt 0.281250625 0.2832678125
vt 0.2948571875 0.296875
vt 0.28125 0.296875
vt 0.28310390625 0.2899575
vt 0.29300359375 0.28995796875
vt 0.28125 0.28125
vt 0.29485625 0.28125
vt 0.29485625 0.296875
vt 0.28125 0.296875
vt 0.29115 0.296875
vt 0.28125 0.296875
vt 0.28125 0.28125
vt 0.29115 0.28125
vt 0.28816765625 0.28512140625000004
vt 0.28816765625 0.29502125
vt 0.281250625 0.296875
vt 0.28125 0.2832678125
vt 0.2948571875 0.296875
vt 0.28125 0.296875
vt 0.2831034375 0.28995796875
vt 0.29300328125 0.2899575
vt 0.28125 0.28125
vt 0.29485625 0.28125
vt 0.29485625 0.296875
vt 0.28125 0.296875
vt 0.29115 0.296875
vt 0.28125 0.296875
vt 0.28125 0.28125
vt 0.29115 0.28125
vt 0.2881671875 0.28512187499999997
vt 0.2881671875 0.295021875
vt 0.28125 0.296875
vt 0.28125 0.28326874999999996
vt 0.28125 0.296875
vt 0.28125 0.28326874999999996
vt 0.2881671875 0.28512187499999997
vt 0.2881671875 0.295021875
vt 0.28125 0.28125
vt 0.29485625 0.28125
vt 0.29485625 0.296875
vt 0.28125 0.296875
vt 0.29115 0.296875
vt 0.28125 0.296875
vt 0.28125 0.28125
vt 0.29115 0.28125
vt 0.28310375 0.28995734375000004
vt 0.29300359375 0.28995734375000004
vt 0.2948571875 0.296875
vt 0.28125 0.296874375
vt 0.28125 0.296875
vt 0.28125 0.2832678125
vt 0.2881675 0.28512171875000003
vt 0.28816703125 0.2950215625
vt 0.28125 0.28125
vt 0.29485625 0.28125
vt 0.29485625 0.296875
vt 0.28125 0.296875
vt 0.29115 0.296875
vt 0.28125 0.296875
vt 0.28125 0.28125
vt 0.29115 0.28125
vt 0.2831034375 0.28995734375000004
vt 0.29300328125 0.28995734375000004
vt 0.2948571875 0.296874375
vt 0.28125 0.296875
vt 0.28125 0.296875
vt 0.28125 0.2832678125
vt 0.28816703125 0.28512140625000004
vt 0.2881675 0.29502109374999996
vt 0.28125 0.28125
vt 0.29485625 0.28125
vt 0.29485625 0.296875
vt 0.28125 0.296875
vt 0.29115 0.296875
vt 0.28125 0.296875
vt 0.28125 0.28125
vt 0.29115 0.28125
vt 0.283103125 0.28995781249999997
vt 0.293003125 0.28995781249999997
vt 0.29485625 0.296875
vt 0.28125 0.296875
vt 0.28125 0.28995781249999997
vt 0.29485625 0.28995781249999997
vt 0.293003125 0.296875
vt 0.283103125 0.296875
vt 0.3247625 0.6752374999999999
vt 0.375 0.7622625000000001
vt 0.1875 0.8125
vt 0.375 0.7622625000000001
vt 0.375 0.8627374999999999
vt 0.1875 0.8125
vt 0.375 0.8627374999999999
vt 0.3247625 0.9497625
vt 0.1875 0.8125
vt 0.3247625 0.9497625
vt 0.2377375 1
vt 0.1875 0.8125
vt 0.2377375 1
vt 0.1372625 1
vt 0.1875 0.8125
vt 0.1372625 1
vt 0.0502375 0.9497625
vt 0.1875 0.8125
vt 0.0502375 0.9497625
vt 0 0.8627374999999999
vt 0.1875 0.8125
vt 0 0.8627374999999999
vt 0 0.7622625000000001
vt 0.1875 0.8125
vt 0 0.7622625000000001
vt 0.0502375 0.6752374999999999
vt 0.1875 0.8125
vt 0.0502375 0.6752374999999999
vt 0.1372625 0.625
vt 0.1875 0.8125
vt 0.1372625 0.625
vt 0.2377375 0.625
vt 0.1875 0.8125
vt 0.2377375 0.625
vt 0.3247625 0.6752374999999999
vt 0.1875 0.8125
vt 0.28125 0.28125
vt 0.29485625 0.28125
vt 0.29485625 0.296875
vt 0.28125 0.296875
vt 0.29115 0.296875
vt 0.28125 0.296875
vt 0.28125 0.28125
vt 0.29115 0.28125
vt 0.28125 0.29502125
vt 0.28125 0.28512140625000004
vt 0.28816765625 0.2832678125
vt 0.28816703125 0.296875
vt 0.28125 0.2899575
vt 0.2948571875 0.2899575
vt 0.29300328125 0.296875
vt 0.2831034375 0.29687453124999996
vt 0.28125 0.28125
vt 0.29485625 0.28125
vt 0.29485625 0.296875
vt 0.28125 0.296875
vt 0.29115 0.296875
vt 0.28125 0.296875
vt 0.28125 0.28125
vt 0.29115 0.28125
vt 0.28125 0.2950215625
vt 0.28125 0.28512171875000003
vt 0.28816703125 0.2832678125
vt 0.28816765625 0.296875
vt 0.28125 0.2899575
vt 0.2948571875 0.2899575
vt 0.29300359375 0.29687453124999996
vt 0.28310390625 0.296875
vt 0.28125 0.28125
vt 0.29485625 0.28125
vt 0.29485625 0.296875
vt 0.28125 0.296875
vt 0.29115 0.296875
vt 0.28125 0.296875
vt 0.28125 0.28125
vt 0.29115 0.28125
vt 0.28125 0.295021875
vt 0.28125 0.28512187499999997
vt 0.2881671875 0.28326874999999996
vt 0.2881671875 0.296875
vt 0.2881671875 0.28326874999999996
vt 0.2881671875 0.296875
vt 0.28125 0.295021875
vt 0.28125 0.28512187499999997
vt 0.28125 0.28125
vt 0.29485625 0.28125
vt 0.29485625 0.296875
vt 0.28125 0.296875
vt 0.29115 0.296875
vt 0.28125 0.296875
vt 0.28125 0.28125
vt 0.29115 0.28125
vt 0.29300328125 0.296875
vt 0.2831034375 0.296875
vt 0.28125 0.28995734375000004
vt 0.2948571875 0.28995796875
vt 0.2881675 0.2832678125
vt 0.2881675 0.296875
vt 0.28125 0.29502109374999996
vt 0.28125046875 0.28512140625000004
vt 0.28125 0.28125
vt 0.29485625 0.28125
vt 0.29485625 0.296875
vt 0.28125 0.296875
vt 0.29115 0.296875
vt 0.28125 0.296875
vt 0.28125 0.28125
vt 0.29115 0.28125
vt 0.29300359375 0.296875
vt 0.28310375 0.296875
vt 0.28125 0.28995796875
vt 0.2948571875 0.28995734375000004
vt 0.2881675 0.2832678125
vt 0.2881675 0.296875
vt 0.28125046875 0.2950215625
vt 0.28125 0.28512171875000003
vt 0.28125 0.28125
vt 0.29485625 0.28125
vt 0.29485625 0.296875
vt 0.28125 0.296875
vt 0.29115 0.296875
vt 0.28125 0.296875
vt 0.28125 0.28125
vt 0.29115 0.28125
vt 0.293003125 0.296875
vt 0.283103125 0.296875
vt 0.28125 0.28995781249999997
vt 0.29485625 0.28995781249999997
vt 0.29485625 0.296875
vt 0.28125 0.296875
vt 0.283103125 0.28995781249999997
vt 0.293003125 0.28995781249999997
vt 0.28125 0.28125
vt 0.29485625 0.28125
vt 0.29485625 0.296875
vt 0.28125 0.296875
vt 0.29115 0.296875
vt 0.28125 0.296875
vt 0.28125 0.28125
vt 0.29115 0.28125
vt 0.28816765625 0.28512171875000003
vt 0.28816765625 0.2950215625
vt 0.28125 0.296875
vt 0.281250625 0.2832678125
vt 0.2948571875 0.296875
vt 0.28125 0.296875
vt 0.28310390625 0.2899575
vt 0.29300359375 0.28995796875
vt 0.28125 0.28125
vt 0.29485625 0.28125
vt 0.29485625 0.296875
vt 0.28125 0.296875
vt 0.29115 0.296875
vt 0.28125 0.296875
vt 0.28125 0.28125
vt 0.29115 0.28125
vt 0.28816765625 0.28512140625000004
vt 0.28816765625 0.29502125
vt 0.281250625 0.296875
vt 0.28125 0.2832678125
vt 0.2948571875 0.296875
vt 0.28125 0.296875
vt 0.2831034375 0.28995796875
vt 0.29300328125 0.2899575
vt 0.28125 0.28125
vt 0.29485625 0.28125
vt 0.29485625 0.296875
vt 0.28125 0.296875
vt 0.29115 0.296875
vt 0.28125 0.296875
vt 0.28125 0.28125
vt 0.29115 0.28125
vt 0.2881671875 0.28512187499999997
vt 0.2881671875 0.295021875
vt 0.28125 0.296875
vt 0.28125 0.28326874999999996
vt 0.28125 0.296875
vt 0.28125 0.28326874999999996
vt 0.2881671875 0.28512187499999997
vt 0.2881671875 0.295021875
vt 0.28125 0.28125
vt 0.29485625 0.28125
vt 0.29485625 0.296875
vt 0.28125 0.296875
vt 0.29115 0.296875
vt 0.28125 0.296875
vt 0.28125 0.28125
vt 0.29115 0.28125
vt 0.28310375 0.28995734375000004
vt 0.29300359375 0.28995734375000004
vt 0.2948571875 0.296875
vt 0.28125 0.296874375
vt 0.28125 0.296875
vt 0.28125 0.2832678125
vt 0.2881675 0.28512171875000003
vt 0.28816703125 0.2950215625
vt 0.28125 0.28125
vt 0.29485625 0.28125
vt 0.29485625 0.296875
vt 0.28125 0.296875
vt 0.29115 0.296875
vt 0.28125 0.296875
vt 0.28125 0.28125
vt 0.29115 0.28125
vt 0.2831034375 0.28995734375000004
vt 0.29300328125 0.28995734375000004
vt 0.2948571875 0.296874375
vt 0.28125 0.296875
vt 0.28125 0.296875
vt 0.28125 0.2832678125
vt 0.28816703125 0.28512140625000004
vt 0.2881675 0.29502109374999996
vt 0.28125 0.28125
vt 0.29485625 0.28125
vt 0.29485625 0.296875
vt 0.28125 0.296875
vt 0.29115 0.296875
vt 0.28125 0.296875
vt 0.28125 0.28125
vt 0.29115 0.28125
vt 0.283103125 0.28995781249999997
vt 0.293003125 0.28995781249999997
vt 0.29485625 0.296875
vt 0.28125 0.296875
vt 0.28125 0.28995781249999997
vt 0.29485625 0.28995781249999997
vt 0.293003125 0.296875
vt 0.283103125 0.296875
vt 0.3247625 0.6752374999999999
vt 0.375 0.7622625000000001
vt 0.1875 0.8125
vt 0.375 0.7622625000000001
vt 0.375 0.8627374999999999
vt 0.1875 0.8125
vt 0.375 0.8627374999999999
vt 0.3247625 0.9497625
vt 0.1875 0.8125
vt 0.3247625 0.9497625
vt 0.2377375 1
vt 0.1875 0.8125
vt 0.2377375 1
vt 0.1372625 1
vt 0.1875 0.8125
vt 0.1372625 1
vt 0.0502375 0.9497625
vt 0.1875 0.8125
vt 0.0502375 0.9497625
vt 0 0.8627374999999999
vt 0.1875 0.8125
vt 0 0.8627374999999999
vt 0 0.7622625000000001
vt 0.1875 0.8125
vt 0 0.7622625000000001
vt 0.0502375 0.6752374999999999
vt 0.1875 0.8125
vt 0.0502375 0.6752374999999999
vt 0.1372625 0.625
vt 0.1875 0.8125
vt 0.1372625 0.625
vt 0.2377375 0.625
vt 0.1875 0.8125
vt 0.2377375 0.625
vt 0.3247625 0.6752374999999999
vt 0.1875 0.8125
vt 0.28125 0.28125
vt 0.29485625 0.28125
vt 0.29485625 0.296875
vt 0.28125 0.296875
vt 0.29115 0.296875
vt 0.28125 0.296875
vt 0.28125 0.28125
vt 0.29115 0.28125
vt 0.28125 0.29502125
vt 0.28125 0.28512140625000004
vt 0.28816765625 0.2832678125
vt 0.28816703125 0.296875
vt 0.28125 0.2899575
vt 0.2948571875 0.2899575
vt 0.29300328125 0.296875
vt 0.2831034375 0.29687453124999996
vt 0.28125 0.28125
vt 0.29485625 0.28125
vt 0.29485625 0.296875
vt 0.28125 0.296875
vt 0.29115 0.296875
vt 0.28125 0.296875
vt 0.28125 0.28125
vt 0.29115 0.28125
vt 0.28125 0.2950215625
vt 0.28125 0.28512171875000003
vt 0.28816703125 0.2832678125
vt 0.28816765625 0.296875
vt 0.28125 0.2899575
vt 0.2948571875 0.2899575
vt 0.29300359375 0.29687453124999996
vt 0.28310390625 0.296875
vt 0.28125 0.28125
vt 0.29485625 0.28125
vt 0.29485625 0.296875
vt 0.28125 0.296875
vt 0.29115 0.296875
vt 0.28125 0.296875
vt 0.28125 0.28125
vt 0.29115 0.28125
vt 0.28125 0.295021875
vt 0.28125 0.28512187499999997
vt 0.2881671875 0.28326874999999996
vt 0.2881671875 0.296875
vt 0.2881671875 0.28326874999999996
vt 0.2881671875 0.296875
vt 0.28125 0.295021875
vt 0.28125 0.28512187499999997
vt 0.28125 0.28125
vt 0.29485625 0.28125
vt 0.29485625 0.296875
vt 0.28125 0.296875
vt 0.29115 0.296875
vt 0.28125 0.296875
vt 0.28125 0.28125
vt 0.29115 0.28125
vt 0.29300328125 0.296875
vt 0.2831034375 0.296875
vt 0.28125 0.28995734375000004
vt 0.2948571875 0.28995796875
vt 0.2881675 0.2832678125
vt 0.2881675 0.296875
vt 0.28125 0.29502109374999996
vt 0.28125046875 0.28512140625000004
vt 0.28125 0.28125
vt 0.29485625 0.28125
vt 0.29485625 0.296875
vt 0.28125 0.296875
vt 0.29115 0.296875
vt 0.28125 0.296875
vt 0.28125 0.28125
vt 0.29115 0.28125
vt 0.29300359375 0.296875
vt 0.28310375 0.296875
vt 0.28125 0.28995796875
vt 0.2948571875 0.28995734375000004
vt 0.2881675 0.2832678125
vt 0.2881675 0.296875
vt 0.28125046875 0.2950215625
vt 0.28125 0.28512171875000003
vt 0.28125 0.28125
vt 0.29485625 0.28125
vt 0.29485625 0.296875
vt 0.28125 0.296875
vt 0.29115 0.296875
vt 0.28125 0.296875
vt 0.28125 0.28125
vt 0.29115 0.28125
vt 0.293003125 0.296875
vt 0.283103125 0.296875
vt 0.28125 0.28995781249999997
vt 0.29485625 0.28995781249999997
vt 0.29485625 0.296875
vt 0.28125 0.296875
vt 0.283103125 0.28995781249999997
vt 0.293003125 0.28995781249999997
vt 0.28125 0.28125
vt 0.29485625 0.28125
vt 0.29485625 0.296875
vt 0.28125 0.296875
vt 0.29115 0.296875
vt 0.28125 0.296875
vt 0.28125 0.28125
vt 0.29115 0.28125
vt 0.28816765625 0.28512171875000003
vt 0.28816765625 0.2950215625
vt 0.28125 0.296875
vt 0.281250625 0.2832678125
vt 0.2948571875 0.296875
vt 0.28125 0.296875
vt 0.28310390625 0.2899575
vt 0.29300359375 0.28995796875
vt 0.28125 0.28125
vt 0.29485625 0.28125
vt 0.29485625 0.296875
vt 0.28125 0.296875
vt 0.29115 0.296875
vt 0.28125 0.296875
vt 0.28125 0.28125
vt 0.29115 0.28125
vt 0.28816765625 0.28512140625000004
vt 0.28816765625 0.29502125
vt 0.281250625 0.296875
vt 0.28125 0.2832678125
vt 0.2948571875 0.296875
vt 0.28125 0.296875
vt 0.2831034375 0.28995796875
vt 0.29300328125 0.2899575
vt 0.28125 0.28125
vt 0.29485625 0.28125
vt 0.29485625 0.296875
vt 0.28125 0.296875
vt 0.29115 0.296875
vt 0.28125 0.296875
vt 0.28125 0.28125
vt 0.29115 0.28125
vt 0.2881671875 0.28512187499999997
vt 0.2881671875 0.295021875
vt 0.28125 0.296875
vt 0.28125 0.28326874999999996
vt 0.28125 0.296875
vt 0.28125 0.28326874999999996
vt 0.2881671875 0.28512187499999997
vt 0.2881671875 0.295021875
vt 0.28125 0.28125
vt 0.29485625 0.28125
vt 0.29485625 0.296875
vt 0.28125 0.296875
vt 0.29115 0.296875
vt 0.28125 0.296875
vt 0.28125 0.28125
vt 0.29115 0.28125
vt 0.28310375 0.28995734375000004
vt 0.29300359375 0.28995734375000004
vt 0.2948571875 0.296875
vt 0.28125 0.296874375
vt 0.28125 0.296875
vt 0.28125 0.2832678125
vt 0.2881675 0.28512171875000003
vt 0.28816703125 0.2950215625
vt 0.28125 0.28125
vt 0.29485625 0.28125
vt 0.29485625 0.296875
vt 0.28125 0.296875
vt 0.29115 0.296875
vt 0.28125 0.296875
vt 0.28125 0.28125
vt 0.29115 0.28125
vt 0.2831034375 0.28995734375000004
vt 0.29300328125 0.28995734375000004
vt 0.2948571875 0.296874375
vt 0.28125 0.296875
vt 0.28125 0.296875
vt 0.28125 0.2832678125
vt 0.28816703125 0.28512140625000004
vt 0.2881675 0.29502109374999996
vt 0.28125 0.28125
vt 0.29485625 0.28125
vt 0.29485625 0.296875
vt 0.28125 0.296875
vt 0.29115 0.296875
vt 0.28125 0.296875
vt 0.28125 0.28125
vt 0.29115 0.28125
vt 0.283103125 0.28995781249999997
vt 0.293003125 0.28995781249999997
vt 0.29485625 0.296875
vt 0.28125 0.296875
vt 0.28125 0.28995781249999997
vt 0.29485625 0.28995781249999997
vt 0.293003125 0.296875
vt 0.283103125 0.296875
vt 0.3247625 0.6752374999999999
vt 0.375 0.7622625000000001
vt 0.1875 0.8125
vt 0.375 0.7622625000000001
vt 0.375 0.8627374999999999
vt 0.1875 0.8125
vt 0.375 0.8627374999999999
vt 0.3247625 0.9497625
vt 0.1875 0.8125
vt 0.3247625 0.9497625
vt 0.2377375 1
vt 0.1875 0.8125
vt 0.2377375 1
vt 0.1372625 1
vt 0.1875 0.8125
vt 0.1372625 1
vt 0.0502375 0.9497625
vt 0.1875 0.8125
vt 0.0502375 0.9497625
vt 0 0.8627374999999999
vt 0.1875 0.8125
vt 0 0.8627374999999999
vt 0 0.7622625000000001
vt 0.1875 0.8125
vt 0 0.7622625000000001
vt 0.0502375 0.6752374999999999
vt 0.1875 0.8125
vt 0.0502375 0.6752374999999999
vt 0.1372625 0.625
vt 0.1875 0.8125
vt 0.1372625 0.625
vt 0.2377375 0.625
vt 0.1875 0.8125
vt 0.2377375 0.625
vt 0.3247625 0.6752374999999999
vt 0.1875 0.8125
vt 0.28125 0.28125
vt 0.29485625 0.28125
vt 0.29485625 0.296875
vt 0.28125 0.296875
vt 0.29115 0.296875
vt 0.28125 0.296875
vt 0.28125 0.28125
vt 0.29115 0.28125
vt 0.28125 0.29502125
vt 0.28125 0.28512140625000004
vt 0.28816765625 0.2832678125
vt 0.28816703125 0.296875
vt 0.28125 0.2899575
vt 0.2948571875 0.2899575
vt 0.29300328125 0.296875
vt 0.2831034375 0.29687453124999996
vt 0.28125 0.28125
vt 0.29485625 0.28125
vt 0.29485625 0.296875
vt 0.28125 0.296875
vt 0.29115 0.296875
vt 0.28125 0.296875
vt 0.28125 0.28125
vt 0.29115 0.28125
vt 0.28125 0.2950215625
vt 0.28125 0.28512171875000003
vt 0.28816703125 0.2832678125
vt 0.28816765625 0.296875
vt 0.28125 0.2899575
vt 0.2948571875 0.2899575
vt 0.29300359375 0.29687453124999996
vt 0.28310390625 0.296875
vt 0.28125 0.28125
vt 0.29485625 0.28125
vt 0.29485625 0.296875
vt 0.28125 0.296875
vt 0.29115 0.296875
vt 0.28125 0.296875
vt 0.28125 0.28125
vt 0.29115 0.28125
vt 0.28125 0.295021875
vt 0.28125 0.28512187499999997
vt 0.2881671875 0.28326874999999996
vt 0.2881671875 0.296875
vt 0.2881671875 0.28326874999999996
vt 0.2881671875 0.296875
vt 0.28125 0.295021875
vt 0.28125 0.28512187499999997
vt 0.28125 0.28125
vt 0.29485625 0.28125
vt 0.29485625 0.296875
vt 0.28125 0.296875
vt 0.29115 0.296875
vt 0.28125 0.296875
vt 0.28125 0.28125
vt 0.29115 0.28125
vt 0.29300328125 0.296875
vt 0.2831034375 0.296875
vt 0.28125 0.28995734375000004
vt 0.2948571875 0.28995796875
vt 0.2881675 0.2832678125
vt 0.2881675 0.296875
vt 0.28125 0.29502109374999996
vt 0.28125046875 0.28512140625000004
vt 0.28125 0.28125
vt 0.29485625 0.28125
vt 0.29485625 0.296875
vt 0.28125 0.296875
vt 0.29115 0.296875
vt 0.28125 0.296875
vt 0.28125 0.28125
vt 0.29115 0.28125
vt 0.29300359375 0.296875
vt 0.28310375 0.296875
vt 0.28125 0.28995796875
vt 0.2948571875 0.28995734375000004
vt 0.2881675 0.2832678125
vt 0.2881675 0.296875
vt 0.28125046875 0.2950215625
vt 0.28125 0.28512171875000003
vt 0.28125 0.28125
vt 0.29485625 0.28125
vt 0.29485625 0.296875
vt 0.28125 0.296875
vt 0.29115 0.296875
vt 0.28125 0.296875
vt 0.28125 0.28125
vt 0.29115 0.28125
vt 0.293003125 0.296875
vt 0.283103125 0.296875
vt 0.28125 0.28995781249999997
vt 0.29485625 0.28995781249999997
vt 0.29485625 0.296875
vt 0.28125 0.296875
vt 0.283103125 0.28995781249999997
vt 0.293003125 0.28995781249999997
vt 0.28125 0.28125
vt 0.29485625 0.28125
vt 0.29485625 0.296875
vt 0.28125 0.296875
vt 0.29115 0.296875
vt 0.28125 0.296875
vt 0.28125 0.28125
vt 0.29115 0.28125
vt 0.28816765625 0.28512171875000003
vt 0.28816765625 0.2950215625
vt 0.28125 0.296875
vt 0.281250625 0.2832678125
vt 0.2948571875 0.296875
vt 0.28125 0.296875
vt 0.28310390625 0.2899575
vt 0.29300359375 0.28995796875
vt 0.28125 0.28125
vt 0.29485625 0.28125
vt 0.29485625 0.296875
vt 0.28125 0.296875
vt 0.29115 0.296875
vt 0.28125 0.296875
vt 0.28125 0.28125
vt 0.29115 0.28125
vt 0.28816765625 0.28512140625000004
vt 0.28816765625 0.29502125
vt 0.281250625 0.296875
vt 0.28125 0.2832678125
vt 0.2948571875 0.296875
vt 0.28125 0.296875
vt 0.2831034375 0.28995796875
vt 0.29300328125 0.2899575
vt 0.28125 0.28125
vt 0.29485625 0.28125
vt 0.29485625 0.296875
vt 0.28125 0.296875
vt 0.29115 0.296875
vt 0.28125 0.296875
vt 0.28125 0.28125
vt 0.29115 0.28125
vt 0.2881671875 0.28512187499999997
vt 0.2881671875 0.295021875
vt 0.28125 0.296875
vt 0.28125 0.28326874999999996
vt 0.28125 0.296875
vt 0.28125 0.28326874999999996
vt 0.2881671875 0.28512187499999997
vt 0.2881671875 0.295021875
vt 0.28125 0.28125
vt 0.29485625 0.28125
vt 0.29485625 0.296875
vt 0.28125 0.296875
vt 0.29115 0.296875
vt 0.28125 0.296875
vt 0.28125 0.28125
vt 0.29115 0.28125
vt 0.28310375 0.28995734375000004
vt 0.29300359375 0.28995734375000004
vt 0.2948571875 0.296875
vt 0.28125 0.296874375
vt 0.28125 0.296875
vt 0.28125 0.2832678125
vt 0.2881675 0.28512171875000003
vt 0.28816703125 0.2950215625
vt 0.28125 0.28125
vt 0.29485625 0.28125
vt 0.29485625 0.296875
vt 0.28125 0.296875
vt 0.29115 0.296875
vt 0.28125 0.296875
vt 0.28125 0.28125
vt 0.29115 0.28125
vt 0.2831034375 0.28995734375000004
vt 0.29300328125 0.28995734375000004
vt 0.2948571875 0.296874375
vt 0.28125 0.296875
vt 0.28125 0.296875
vt 0.28125 0.2832678125
vt 0.28816703125 0.28512140625000004
vt 0.2881675 0.29502109374999996
vt 0.28125 0.28125
vt 0.29485625 0.28125
vt 0.29485625 0.296875
vt 0.28125 0.296875
vt 0.29115 0.296875
vt 0.28125 0.296875
vt 0.28125 0.28125
vt 0.29115 0.28125
vt 0.283103125 0.28995781249999997
vt 0.293003125 0.28995781249999997
vt 0.29485625 0.296875
vt 0.28125 0.296875
vt 0.28125 0.28995781249999997
vt 0.29485625 0.28995781249999997
vt 0.293003125 0.296875
vt 0.283103125 0.296875
vt 0.046875 1
vt 0 1
vt 0 0.984375
vt 0.046875 0.984375
vt 0.046875 0.984375
vt 0.046875 1
vt 0 1
vt 0 0.984375
vt 0.3125 0.265625
vt 0.359375 0.265625
vt 0.359375 0.3125
vt 0.3125 0.3125
vt 0.359375 0.265625
vt 0.359375 0.3125
vt 0.3125 0.3125
vt 0.3125 0.265625
vt 0.359375 0.265625
vt 0.359375 0.28125
vt 0.3125 0.28125
vt 0.3125 0.265625
vt 0.359375 0.28125
vt 0.3125 0.28125
vt 0.3125 0.265625
vt 0.359375 0.265625
vt 0.359375 0.28125
vt 0.3125 0.28125
vt 0.3125 0.265625
vt 0.359375 0.265625
vt 0.46875 0.078125
vt 0.46875 0.09375
vt 0.421875 0.09375
vt 0.421875 0.078125
vt 0.3125 0.265625
vt 0.359375 0.265625
vt 0.359375 0.3125
vt 0.3125 0.3125
vt 0.359375 0.265625
vt 0.359375 0.3125
vt 0.3125 0.3125
vt 0.3125 0.265625
vt 0.359375 0.25
vt 0.359375 0.265625
vt 0.3125 0.265625
vt 0.3125 0.25
vt 0.359375 0.265625
vt 0.3125 0.265625
vt 0.3125 0.25
vt 0.359375 0.25
vt 0.046875 1
vt 0 1
vt 0 0.984375
vt 0.046875 0.984375
vt 0.046875 0.984375
vt 0.046875 1
vt 0 1
vt 0 0.984375
vt 0.3125 0.265625
vt 0.359375 0.265625
vt 0.359375 0.3125
vt 0.3125 0.3125
vt 0.359375 0.265625
vt 0.359375 0.3125
vt 0.3125 0.3125
vt 0.3125 0.265625
vt 0.359375 0.265625
vt 0.359375 0.28125
vt 0.3125 0.28125
vt 0.3125 0.265625
vt 0.359375 0.28125
vt 0.3125 0.28125
vt 0.3125 0.265625
vt 0.359375 0.265625
vt 0.359375 0.28125
vt 0.3125 0.28125
vt 0.3125 0.265625
vt 0.359375 0.265625
vt 0.46875 0.078125
vt 0.46875 0.09375
vt 0.421875 0.09375
vt 0.421875 0.078125
vt 0.3125 0.265625
vt 0.359375 0.265625
vt 0.359375 0.3125
vt 0.3125 0.3125
vt 0.359375 0.265625
vt 0.359375 0.3125
vt 0.3125 0.3125
vt 0.3125 0.265625
vt 0.359375 0.25
vt 0.359375 0.265625
vt 0.3125 0.265625
vt 0.3125 0.25
vt 0.359375 0.265625
vt 0.3125 0.265625
vt 0.3125 0.25
vt 0.359375 0.25
vt 0.046875 1
vt 0 1
vt 0 0.984375
vt 0.046875 0.984375
vt 0.046875 0.984375
vt 0.046875 1
vt 0 1
vt 0 0.984375
vt 0.3125 0.265625
vt 0.359375 0.265625
vt 0.359375 0.3125
vt 0.3125 0.3125
vt 0.359375 0.265625
vt 0.359375 0.3125
vt 0.3125 0.3125
vt 0.3125 0.265625
vt 0.359375 0.265625
vt 0.359375 0.28125
vt 0.3125 0.28125
vt 0.3125 0.265625
vt 0.359375 0.28125
vt 0.3125 0.28125
vt 0.3125 0.265625
vt 0.359375 0.265625
vt 0.359375 0.28125
vt 0.3125 0.28125
vt 0.3125 0.265625
vt 0.359375 0.265625
vt 0.46875 0.078125
vt 0.46875 0.09375
vt 0.421875 0.09375
vt 0.421875 0.078125
vt 0.3125 0.265625
vt 0.359375 0.265625
vt 0.359375 0.3125
vt 0.3125 0.3125
vt 0.359375 0.265625
vt 0.359375 0.3125
vt 0.3125 0.3125
vt 0.3125 0.265625
vt 0.359375 0.25
vt 0.359375 0.265625
vt 0.3125 0.265625
vt 0.3125 0.25
vt 0.359375 0.265625
vt 0.3125 0.265625
vt 0.3125 0.25
vt 0.359375 0.25
vt 0.046875 1
vt 0 1
vt 0 0.984375
vt 0.046875 0.984375
vt 0.046875 0.984375
vt 0.046875 1
vt 0 1
vt 0 0.984375
vt 0.3125 0.265625
vt 0.359375 0.265625
vt 0.359375 0.3125
vt 0.3125 0.3125
vt 0.359375 0.265625
vt 0.359375 0.3125
vt 0.3125 0.3125
vt 0.3125 0.265625
vt 0.359375 0.265625
vt 0.359375 0.28125
vt 0.3125 0.28125
vt 0.3125 0.265625
vt 0.359375 0.28125
vt 0.3125 0.28125
vt 0.3125 0.265625
vt 0.359375 0.265625
vt 0.359375 0.28125
vt 0.3125 0.28125
vt 0.3125 0.265625
vt 0.359375 0.265625
vt 0.46875 0.078125
vt 0.46875 0.09375
vt 0.421875 0.09375
vt 0.421875 0.078125
vt 0.3125 0.265625
vt 0.359375 0.265625
vt 0.359375 0.3125
vt 0.3125 0.3125
vt 0.359375 0.265625
vt 0.359375 0.3125
vt 0.3125 0.3125
vt 0.3125 0.265625
vt 0.359375 0.25
vt 0.359375 0.265625
vt 0.3125 0.265625
vt 0.3125 0.25
vt 0.359375 0.265625
vt 0.3125 0.265625
vt 0.3125 0.25
vt 0.359375 0.25
vt 0.21078125 0.79703125
vt 0.2421875 0.85140625
vt 0.125 0.8828125
vt 0.2421875 0.85140625
vt 0.2421875 0.91421875
vt 0.125 0.8828125
vt 0.2421875 0.91421875
vt 0.21078125 0.96859375
vt 0.125 0.8828125
vt 0.21078125 0.96859375
vt 0.15640625 1
vt 0.125 0.8828125
vt 0.15640625 1
vt 0.09359375 1
vt 0.125 0.8828125
vt 0.09359375 1
vt 0.03921875 0.96859375
vt 0.125 0.8828125
vt 0.03921875 0.96859375
vt 0.0078125 0.91421875
vt 0.125 0.8828125
vt 0.0078125 0.91421875
vt 0.0078125 0.85140625
vt 0.125 0.8828125
vt 0.0078125 0.85140625
vt 0.03921875 0.79703125
vt 0.125 0.8828125
vt 0.03921875 0.79703125
vt 0.09359375 0.765625
vt 0.125 0.8828125
vt 0.09359375 0.765625
vt 0.15640625 0.765625
vt 0.125 0.8828125
vt 0.15640625 0.765625
vt 0.21078125 0.79703125
vt 0.125 0.8828125
vt 0.28125 0.28125
vt 0.289621875 0.28125
vt 0.289621875 0.296875
vt 0.28125 0.296875
vt 0.28573125 0.296875
vt 0.28125 0.296875
vt 0.28125 0.28125
vt 0.28573125 0.28125
vt 0.28125 0.29492734374999996
vt 0.28125 0.29044499999999995
vt 0.28851390625 0.28850062499999996
vt 0.2885103125 0.296875
vt 0.28125 0.28961187499999996
vt 0.289624375 0.28961187499999996
vt 0.287676875 0.296875
vt 0.28319453125 0.29687312499999996
vt 0.28125 0.28125
vt 0.289621875 0.28125
vt 0.289621875 0.296875
vt 0.28125 0.296875
vt 0.28573125 0.296875
vt 0.28125 0.296875
vt 0.28125 0.28125
vt 0.28573125 0.28125
vt 0.28125 0.294930625
vt 0.28125 0.29044828125
vt 0.2885103125 0.28850062499999996
vt 0.28851390625 0.296875
vt 0.28125 0.28961187499999996
vt 0.289624375 0.28961187499999996
vt 0.28767984375 0.29687312499999996
vt 0.2831975 0.296875
vt 0.28125 0.28125
vt 0.289621875 0.28125
vt 0.289621875 0.296875
vt 0.28125 0.296875
vt 0.28573125 0.296875
vt 0.28125 0.296875
vt 0.28125 0.28125
vt 0.28573125 0.28125
vt 0.28125 0.29492968750000004
vt 0.28125 0.29044843750000005
vt 0.2885109375 0.28850312499999997
vt 0.2885109375 0.296875
vt 0.2885109375 0.28850312499999997
vt 0.2885109375 0.296875
vt 0.28125 0.29492968750000004
vt 0.28125 0.29044843750000005
vt 0.28125 0.28125
vt 0.289621875 0.28125
vt 0.289621875 0.296875
vt 0.28125 0.296875
vt 0.28573125 0.296875
vt 0.28125 0.296875
vt 0.28125 0.28125
vt 0.28573125 0.28125
vt 0.28767671875 0.296875
vt 0.283194375 0.296875
vt 0.28125 0.28961109375000005
vt 0.289624375 0.28961468749999997
vt 0.288513125 0.28850062499999996
vt 0.288513125 0.296875
vt 0.28125 0.2949275
vt 0.281251875 0.29044515625
vt 0.28125 0.28125
vt 0.289621875 0.28125
vt 0.289621875 0.296875
vt 0.28125 0.296875
vt 0.28573125 0.296875
vt 0.28125 0.296875
vt 0.28125 0.28125
vt 0.28573125 0.28125
vt 0.28768 0.296875
vt 0.28319765625 0.296875
vt 0.28125 0.28961468749999997
vt 0.289624375 0.28961109375000005
vt 0.288513125 0.28850062499999996
vt 0.288513125 0.296875
vt 0.281251875 0.29493046874999995
vt 0.28125 0.29044812499999995
vt 0.28125 0.28125
vt 0.289621875 0.28125
vt 0.289621875 0.296875
vt 0.28125 0.296875
vt 0.28573125 0.296875
vt 0.28125 0.296875
vt 0.28125 0.28125
vt 0.28573125 0.28125
vt 0.2876765625 0.296875
vt 0.2831953125 0.296875
vt 0.28125 0.2896140625
vt 0.289621875 0.2896140625
vt 0.289621875 0.296875
vt 0.28125 0.296875
vt 0.2831953125 0.2896140625
vt 0.2876765625 0.2896140625
vt 0.28125 0.28125
vt 0.289621875 0.28125
vt 0.289621875 0.296875
vt 0.28125 0.296875
vt 0.28573125 0.296875
vt 0.28125 0.296875
vt 0.28125 0.28125
vt 0.28573125 0.28125
vt 0.28851390625 0.29044828125
vt 0.28851390625 0.294930625
vt 0.28125 0.296875
vt 0.28125359375 0.28850062499999996
vt 0.289624375 0.296875
vt 0.28125 0.296875
vt 0.2831975 0.28961187499999996
vt 0.28767984375 0.28961390625000005
vt 0.28125 0.28125
vt 0.289621875 0.28125
vt 0.289621875 0.296875
vt 0.28125 0.296875
vt 0.28573125 0.296875
vt 0.28125 0.296875
vt 0.28125 0.28125
vt 0.28573125 0.28125
vt 0.28851390625 0.29044499999999995
vt 0.28851390625 0.29492734374999996
vt 0.28125359375 0.296875
vt 0.28125 0.28850062499999996
vt 0.289624375 0.296875
vt 0.28125 0.296875
vt 0.28319453125 0.28961390625000005
vt 0.287676875 0.28961187499999996
vt 0.28125 0.28125
vt 0.289621875 0.28125
vt 0.289621875 0.296875
vt 0.28125 0.296875
vt 0.28573125 0.296875
vt 0.28125 0.296875
vt 0.28125 0.28125
vt 0.28573125 0.28125
vt 0.2885109375 0.29044843750000005
vt 0.2885109375 0.29492968750000004
vt 0.28125 0.296875
vt 0.28125 0.28850312499999997
vt 0.28125 0.296875
vt 0.28125 0.28850312499999997
vt 0.2885109375 0.29044843750000005
vt 0.2885109375 0.29492968750000004
vt 0.28125 0.28125
vt 0.289621875 0.28125
vt 0.289621875 0.296875
vt 0.28125 0.296875
vt 0.28573125 0.296875
vt 0.28125 0.296875
vt 0.28125 0.28125
vt 0.28573125 0.28125
vt 0.28319765625 0.28961109375000005
vt 0.28768 0.28961109375000005
vt 0.289624375 0.296875
vt 0.28125 0.29687140624999997
vt 0.28125 0.296875
vt 0.28125 0.28850062499999996
vt 0.288513125 0.29044812499999995
vt 0.28851109375 0.29493046874999995
vt 0.28125 0.28125
vt 0.289621875 0.28125
vt 0.289621875 0.296875
vt 0.28125 0.296875
vt 0.28573125 0.296875
vt 0.28125 0.296875
vt 0.28125 0.28125
vt 0.28573125 0.28125
vt 0.283194375 0.28961109375000005
vt 0.28767671875 0.28961109375000005
vt 0.289624375 0.29687140624999997
vt 0.28125 0.296875
vt 0.28125 0.296875
vt 0.28125 0.28850062499999996
vt 0.28851109375 0.29044515625
vt 0.288513125 0.2949275
vt 0.28125 0.28125
vt 0.289621875 0.28125
vt 0.289621875 0.296875
vt 0.28125 0.296875
vt 0.28573125 0.296875
vt 0.28125 0.296875
vt 0.28125 0.28125
vt 0.28573125 0.28125
vt 0.2831953125 0.2896140625
vt 0.2876765625 0.2896140625
vt 0.289621875 0.296875
vt 0.28125 0.296875
vt 0.28125 0.2896140625
vt 0.289621875 0.2896140625
vt 0.2876765625 0.296875
vt 0.2831953125 0.296875
vt 0.21078125 0.79703125
vt 0.2421875 0.85140625
vt 0.125 0.8828125
vt 0.2421875 0.85140625
vt 0.2421875 0.91421875
vt 0.125 0.8828125
vt 0.2421875 0.91421875
vt 0.21078125 0.96859375
vt 0.125 0.8828125
vt 0.21078125 0.96859375
vt 0.15640625 1
vt 0.125 0.8828125
vt 0.15640625 1
vt 0.09359375 1
vt 0.125 0.8828125
vt 0.09359375 1
vt 0.03921875 0.96859375
vt 0.125 0.8828125
vt 0.03921875 0.96859375
vt 0.0078125 0.91421875
vt 0.125 0.8828125
vt 0.0078125 0.91421875
vt 0.0078125 0.85140625
vt 0.125 0.8828125
vt 0.0078125 0.85140625
vt 0.03921875 0.79703125
vt 0.125 0.8828125
vt 0.03921875 0.79703125
vt 0.09359375 0.765625
vt 0.125 0.8828125
vt 0.09359375 0.765625
vt 0.15640625 0.765625
vt 0.125 0.8828125
vt 0.15640625 0.765625
vt 0.21078125 0.79703125
vt 0.125 0.8828125
vt 0.28125 0.28125
vt 0.289621875 0.28125
vt 0.289621875 0.296875
vt 0.28125 0.296875
vt 0.28573125 0.296875
vt 0.28125 0.296875
vt 0.28125 0.28125
vt 0.28573125 0.28125
vt 0.28125 0.29492734374999996
vt 0.28125 0.29044499999999995
vt 0.28851390625 0.28850062499999996
vt 0.2885103125 0.296875
vt 0.28125 0.28961187499999996
vt 0.289624375 0.28961187499999996
vt 0.287676875 0.296875
vt 0.28319453125 0.29687312499999996
vt 0.28125 0.28125
vt 0.289621875 0.28125
vt 0.289621875 0.296875
vt 0.28125 0.296875
vt 0.28573125 0.296875
vt 0.28125 0.296875
vt 0.28125 0.28125
vt 0.28573125 0.28125
vt 0.28125 0.294930625
vt 0.28125 0.29044828125
vt 0.2885103125 0.28850062499999996
vt 0.28851390625 0.296875
vt 0.28125 0.28961187499999996
vt 0.289624375 0.28961187499999996
vt 0.28767984375 0.29687312499999996
vt 0.2831975 0.296875
vt 0.28125 0.28125
vt 0.289621875 0.28125
vt 0.289621875 0.296875
vt 0.28125 0.296875
vt 0.28573125 0.296875
vt 0.28125 0.296875
vt 0.28125 0.28125
vt 0.28573125 0.28125
vt 0.28125 0.29492968750000004
vt 0.28125 0.29044843750000005
vt 0.2885109375 0.28850312499999997
vt 0.2885109375 0.296875
vt 0.2885109375 0.28850312499999997
vt 0.2885109375 0.296875
vt 0.28125 0.29492968750000004
vt 0.28125 0.29044843750000005
vt 0.28125 0.28125
vt 0.289621875 0.28125
vt 0.289621875 0.296875
vt 0.28125 0.296875
vt 0.28573125 0.296875
vt 0.28125 0.296875
vt 0.28125 0.28125
vt 0.28573125 0.28125
vt 0.28767671875 0.296875
vt 0.283194375 0.296875
vt 0.28125 0.28961109375000005
vt 0.289624375 0.28961468749999997
vt 0.288513125 0.28850062499999996
vt 0.288513125 0.296875
vt 0.28125 0.2949275
vt 0.281251875 0.29044515625
vt 0.28125 0.28125
vt 0.289621875 0.28125
vt 0.289621875 0.296875
vt 0.28125 0.296875
vt 0.28573125 0.296875
vt 0.28125 0.296875
vt 0.28125 0.28125
vt 0.28573125 0.28125
vt 0.28768 0.296875
vt 0.28319765625 0.296875
vt 0.28125 0.28961468749999997
vt 0.289624375 0.28961109375000005
vt 0.288513125 0.28850062499999996
vt 0.288513125 0.296875
vt 0.281251875 0.29493046874999995
vt 0.28125 0.29044812499999995
vt 0.28125 0.28125
vt 0.289621875 0.28125
vt 0.289621875 0.296875
vt 0.28125 0.296875
vt 0.28573125 0.296875
vt 0.28125 0.296875
vt 0.28125 0.28125
vt 0.28573125 0.28125
vt 0.2876765625 0.296875
vt 0.2831953125 0.296875
vt 0.28125 0.2896140625
vt 0.289621875 0.2896140625
vt 0.289621875 0.296875
vt 0.28125 0.296875
vt 0.2831953125 0.2896140625
vt 0.2876765625 0.2896140625
vt 0.28125 0.28125
vt 0.289621875 0.28125
vt 0.289621875 0.296875
vt 0.28125 0.296875
vt 0.28573125 0.296875
vt 0.28125 0.296875
vt 0.28125 0.28125
vt 0.28573125 0.28125
vt 0.28851390625 0.29044828125
vt 0.28851390625 0.294930625
vt 0.28125 0.296875
vt 0.28125359375 0.28850062499999996
vt 0.289624375 0.296875
vt 0.28125 0.296875
vt 0.2831975 0.28961187499999996
vt 0.28767984375 0.28961390625000005
vt 0.28125 0.28125
vt 0.289621875 0.28125
vt 0.289621875 0.296875
vt 0.28125 0.296875
vt 0.28573125 0.296875
vt 0.28125 0.296875
vt 0.28125 0.28125
vt 0.28573125 0.28125
vt 0.28851390625 0.29044499999999995
vt 0.28851390625 0.29492734374999996
vt 0.28125359375 0.296875
vt 0.28125 0.28850062499999996
vt 0.289624375 0.296875
vt 0.28125 0.296875
vt 0.28319453125 0.28961390625000005
vt 0.287676875 0.28961187499999996
vt 0.28125 0.28125
vt 0.289621875 0.28125
vt 0.289621875 0.296875
vt 0.28125 0.296875
vt 0.28573125 0.296875
vt 0.28125 0.296875
vt 0.28125 0.28125
vt 0.28573125 0.28125
vt 0.2885109375 0.29044843750000005
vt 0.2885109375 0.29492968750000004
vt 0.28125 0.296875
vt 0.28125 0.28850312499999997
vt 0.28125 0.296875
vt 0.28125 0.28850312499999997
vt 0.2885109375 0.29044843750000005
vt 0.2885109375 0.29492968750000004
vt 0.28125 0.28125
vt 0.289621875 0.28125
vt 0.289621875 0.296875
vt 0.28125 0.296875
vt 0.28573125 0.296875
vt 0.28125 0.296875
vt 0.28125 0.28125
vt 0.28573125 0.28125
vt 0.28319765625 0.28961109375000005
vt 0.28768 0.28961109375000005
vt 0.289624375 0.296875
vt 0.28125 0.29687140624999997
vt 0.28125 0.296875
vt 0.28125 0.28850062499999996
vt 0.288513125 0.29044812499999995
vt 0.28851109375 0.29493046874999995
vt 0.28125 0.28125
vt 0.289621875 0.28125
vt 0.289621875 0.296875
vt 0.28125 0.296875
vt 0.28573125 0.296875
vt 0.28125 0.296875
vt 0.28125 0.28125
vt 0.28573125 0.28125
vt 0.283194375 0.28961109375000005
vt 0.28767671875 0.28961109375000005
vt 0.289624375 0.29687140624999997
vt 0.28125 0.296875
vt 0.28125 0.296875
vt 0.28125 0.28850062499999996
vt 0.28851109375 0.29044515625
vt 0.288513125 0.2949275
vt 0.28125 0.28125
vt 0.289621875 0.28125
vt 0.289621875 0.296875
vt 0.28125 0.296875
vt 0.28573125 0.296875
vt 0.28125 0.296875
vt 0.28125 0.28125
vt 0.28573125 0.28125
vt 0.2831953125 0.2896140625
vt 0.2876765625 0.2896140625
vt 0.289621875 0.296875
vt 0.28125 0.296875
vt 0.28125 0.2896140625
vt 0.289621875 0.2896140625
vt 0.2876765625 0.296875
vt 0.2831953125 0.296875
vt 0.046875 1
vt 0 1
vt 0 0.984375
vt 0.046875 0.984375
vt 0.046875 0.984375
vt 0.046875 1
vt 0 1
vt 0 0.984375
vt 0.3125 0.265625
vt 0.359375 0.265625
vt 0.359375 0.3125
vt 0.3125 0.3125
vt 0.359375 0.265625
vt 0.359375 0.3125
vt 0.3125 0.3125
vt 0.3125 0.265625
vt 0.359375 0.265625
vt 0.359375 0.28125
vt 0.3125 0.28125
vt 0.3125 0.265625
vt 0.359375 0.28125
vt 0.3125 0.28125
vt 0.3125 0.265625
vt 0.359375 0.265625
vt 0.046875 1
vt 0 1
vt 0 0.984375
vt 0.046875 0.984375
vt 0.046875 0.984375
vt 0.046875 1
vt 0 1
vt 0 0.984375
vt 0.3125 0.265625
vt 0.359375 0.265625
vt 0.359375 0.3125
vt 0.3125 0.3125
vt 0.359375 0.265625
vt 0.359375 0.3125
vt 0.3125 0.3125
vt 0.3125 0.265625
vt 0.359375 0.25
vt 0.359375 0.265625
vt 0.3125 0.265625
vt 0.3125 0.25
vt 0.359375 0.265625
vt 0.3125 0.265625
vt 0.3125 0.25
vt 0.359375 0.25
vt 0.3247625 0.6752374999999999
vt 0.375 0.7622625000000001
vt 0.1875 0.8125
vt 0.375 0.7622625000000001
vt 0.375 0.8627374999999999
vt 0.1875 0.8125
vt 0.375 0.8627374999999999
vt 0.3247625 0.9497625
vt 0.1875 0.8125
vt 0.3247625 0.9497625
vt 0.2377375 1
vt 0.1875 0.8125
vt 0.2377375 1
vt 0.1372625 1
vt 0.1875 0.8125
vt 0.1372625 1
vt 0.0502375 0.9497625
vt 0.1875 0.8125
vt 0.0502375 0.9497625
vt 0 0.8627374999999999
vt 0.1875 0.8125
vt 0 0.8627374999999999
vt 0 0.7622625000000001
vt 0.1875 0.8125
vt 0 0.7622625000000001
vt 0.0502375 0.6752374999999999
vt 0.1875 0.8125
vt 0.0502375 0.6752374999999999
vt 0.1372625 0.625
vt 0.1875 0.8125
vt 0.1372625 0.625
vt 0.2377375 0.625
vt 0.1875 0.8125
vt 0.2377375 0.625
vt 0.3247625 0.6752374999999999
vt 0.1875 0.8125
vt 0.28125 0.28125
vt 0.29485625 0.28125
vt 0.29485625 0.296875
vt 0.28125 0.296875
vt 0.29115 0.296875
vt 0.28125 0.296875
vt 0.28125 0.28125
vt 0.29115 0.28125
vt 0.28125 0.29502125
vt 0.28125 0.28512140625000004
vt 0.28816765625 0.2832678125
vt 0.28816703125 0.296875
vt 0.28125 0.2899575
vt 0.2948571875 0.2899575
vt 0.29300328125 0.296875
vt 0.2831034375 0.29687453124999996
vt 0.28125 0.28125
vt 0.29485625 0.28125
vt 0.29485625 0.296875
vt 0.28125 0.296875
vt 0.29115 0.296875
vt 0.28125 0.296875
vt 0.28125 0.28125
vt 0.29115 0.28125
vt 0.28125 0.2950215625
vt 0.28125 0.28512171875000003
vt 0.28816703125 0.2832678125
vt 0.28816765625 0.296875
vt 0.28125 0.2899575
vt 0.2948571875 0.2899575
vt 0.29300359375 0.29687453124999996
vt 0.28310390625 0.296875
vt 0.28125 0.28125
vt 0.29485625 0.28125
vt 0.29485625 0.296875
vt 0.28125 0.296875
vt 0.29115 0.296875
vt 0.28125 0.296875
vt 0.28125 0.28125
vt 0.29115 0.28125
vt 0.28125 0.295021875
vt 0.28125 0.28512187499999997
vt 0.2881671875 0.28326874999999996
vt 0.2881671875 0.296875
vt 0.2881671875 0.28326874999999996
vt 0.2881671875 0.296875
vt 0.28125 0.295021875
vt 0.28125 0.28512187499999997
vt 0.28125 0.28125
vt 0.29485625 0.28125
vt 0.29485625 0.296875
vt 0.28125 0.296875
vt 0.29115 0.296875
vt 0.28125 0.296875
vt 0.28125 0.28125
vt 0.29115 0.28125
vt 0.29300328125 0.296875
vt 0.2831034375 0.296875
vt 0.28125 0.28995734375000004
vt 0.2948571875 0.28995796875
vt 0.2881675 0.2832678125
vt 0.2881675 0.296875
vt 0.28125 0.29502109374999996
vt 0.28125046875 0.28512140625000004
vt 0.28125 0.28125
vt 0.29485625 0.28125
vt 0.29485625 0.296875
vt 0.28125 0.296875
vt 0.29115 0.296875
vt 0.28125 0.296875
vt 0.28125 0.28125
vt 0.29115 0.28125
vt 0.29300359375 0.296875
vt 0.28310375 0.296875
vt 0.28125 0.28995796875
vt 0.2948571875 0.28995734375000004
vt 0.2881675 0.2832678125
vt 0.2881675 0.296875
vt 0.28125046875 0.2950215625
vt 0.28125 0.28512171875000003
vt 0.28125 0.28125
vt 0.29485625 0.28125
vt 0.29485625 0.296875
vt 0.28125 0.296875
vt 0.29115 0.296875
vt 0.28125 0.296875
vt 0.28125 0.28125
vt 0.29115 0.28125
vt 0.293003125 0.296875
vt 0.283103125 0.296875
vt 0.28125 0.28995781249999997
vt 0.29485625 0.28995781249999997
vt 0.29485625 0.296875
vt 0.28125 0.296875
vt 0.283103125 0.28995781249999997
vt 0.293003125 0.28995781249999997
vt 0.28125 0.28125
vt 0.29485625 0.28125
vt 0.29485625 0.296875
vt 0.28125 0.296875
vt 0.29115 0.296875
vt 0.28125 0.296875
vt 0.28125 0.28125
vt 0.29115 0.28125
vt 0.28816765625 0.28512171875000003
vt 0.28816765625 0.2950215625
vt 0.28125 0.296875
vt 0.281250625 0.2832678125
vt 0.2948571875 0.296875
vt 0.28125 0.296875
vt 0.28310390625 0.2899575
vt 0.29300359375 0.28995796875
vt 0.28125 0.28125
vt 0.29485625 0.28125
vt 0.29485625 0.296875
vt 0.28125 0.296875
vt 0.29115 0.296875
vt 0.28125 0.296875
vt 0.28125 0.28125
vt 0.29115 0.28125
vt 0.28816765625 0.28512140625000004
vt 0.28816765625 0.29502125
vt 0.281250625 0.296875
vt 0.28125 0.2832678125
vt 0.2948571875 0.296875
vt 0.28125 0.296875
vt 0.2831034375 0.28995796875
vt 0.29300328125 0.2899575
vt 0.28125 0.28125
vt 0.29485625 0.28125
vt 0.29485625 0.296875
vt 0.28125 0.296875
vt 0.29115 0.296875
vt 0.28125 0.296875
vt 0.28125 0.28125
vt 0.29115 0.28125
vt 0.2881671875 0.28512187499999997
vt 0.2881671875 0.295021875
vt 0.28125 0.296875
vt 0.28125 0.28326874999999996
vt 0.28125 0.296875
vt 0.28125 0.28326874999999996
vt 0.2881671875 0.28512187499999997
vt 0.2881671875 0.295021875
vt 0.28125 0.28125
vt 0.29485625 0.28125
vt 0.29485625 0.296875
vt 0.28125 0.296875
vt 0.29115 0.296875
vt 0.28125 0.296875
vt 0.28125 0.28125
vt 0.29115 0.28125
vt 0.28310375 0.28995734375000004
vt 0.29300359375 0.28995734375000004
vt 0.2948571875 0.296875
vt 0.28125 0.296874375
vt 0.28125 0.296875
vt 0.28125 0.2832678125
vt 0.2881675 0.28512171875000003
vt 0.28816703125 0.2950215625
vt 0.28125 0.28125
vt 0.29485625 0.28125
vt 0.29485625 0.296875
vt 0.28125 0.296875
vt 0.29115 0.296875
vt 0.28125 0.296875
vt 0.28125 0.28125
vt 0.29115 0.28125
vt 0.2831034375 0.28995734375000004
vt 0.29300328125 0.28995734375000004
vt 0.2948571875 0.296874375
vt 0.28125 0.296875
vt 0.28125 0.296875
vt 0.28125 0.2832678125
vt 0.28816703125 0.28512140625000004
vt 0.2881675 0.29502109374999996
vt 0.28125 0.28125
vt 0.29485625 0.28125
vt 0.29485625 0.296875
vt 0.28125 0.296875
vt 0.29115 0.296875
vt 0.28125 0.296875
vt 0.28125 0.28125
vt 0.29115 0.28125
vt 0.283103125 0.28995781249999997
vt 0.293003125 0.28995781249999997
vt 0.29485625 0.296875
vt 0.28125 0.296875
vt 0.28125 0.28995781249999997
vt 0.29485625 0.28995781249999997
vt 0.293003125 0.296875
vt 0.283103125 0.296875
vt 0.28125 0.28125
vt 0.29485625 0.28125
vt 0.29485625 0.296875
vt 0.28125 0.296875
vt 0.29115 0.296875
vt 0.28125 0.296875
vt 0.28125 0.28125
vt 0.29115 0.28125
vt 0.28125 0.29502125
vt 0.28125 0.28512140625000004
vt 0.28816765625 0.2832678125
vt 0.28816703125 0.296875
vt 0.28125 0.2899575
vt 0.2948571875 0.2899575
vt 0.29300328125 0.296875
vt 0.2831034375 0.29687453124999996
vt 0.28125 0.28125
vt 0.29485625 0.28125
vt 0.29485625 0.296875
vt 0.28125 0.296875
vt 0.29115 0.296875
vt 0.28125 0.296875
vt 0.28125 0.28125
vt 0.29115 0.28125
vt 0.28125 0.2950215625
vt 0.28125 0.28512171875000003
vt 0.28816703125 0.2832678125
vt 0.28816765625 0.296875
vt 0.28125 0.2899575
vt 0.2948571875 0.2899575
vt 0.29300359375 0.29687453124999996
vt 0.28310390625 0.296875
vt 0.28125 0.28125
vt 0.29485625 0.28125
vt 0.29485625 0.296875
vt 0.28125 0.296875
vt 0.29115 0.296875
vt 0.28125 0.296875
vt 0.28125 0.28125
vt 0.29115 0.28125
vt 0.28125 0.295021875
vt 0.28125 0.28512187499999997
vt 0.2881671875 0.28326874999999996
vt 0.2881671875 0.296875
vt 0.2881671875 0.28326874999999996
vt 0.2881671875 0.296875
vt 0.28125 0.295021875
vt 0.28125 0.28512187499999997
vt 0.28125 0.28125
vt 0.29485625 0.28125
vt 0.29485625 0.296875
vt 0.28125 0.296875
vt 0.29115 0.296875
vt 0.28125 0.296875
vt 0.28125 0.28125
vt 0.29115 0.28125
vt 0.29300328125 0.296875
vt 0.2831034375 0.296875
vt 0.28125 0.28995734375000004
vt 0.2948571875 0.28995796875
vt 0.2881675 0.2832678125
vt 0.2881675 0.296875
vt 0.28125 0.29502109374999996
vt 0.28125046875 0.28512140625000004
vt 0.28125 0.28125
vt 0.29485625 0.28125
vt 0.29485625 0.296875
vt 0.28125 0.296875
vt 0.29115 0.296875
vt 0.28125 0.296875
vt 0.28125 0.28125
vt 0.29115 0.28125
vt 0.29300359375 0.296875
vt 0.28310375 0.296875
vt 0.28125 0.28995796875
vt 0.2948571875 0.28995734375000004
vt 0.2881675 0.2832678125
vt 0.2881675 0.296875
vt 0.28125046875 0.2950215625
vt 0.28125 0.28512171875000003
vt 0.28125 0.28125
vt 0.29485625 0.28125
vt 0.29485625 0.296875
vt 0.28125 0.296875
vt 0.29115 0.296875
vt 0.28125 0.296875
vt 0.28125 0.28125
vt 0.29115 0.28125
vt 0.293003125 0.296875
vt 0.283103125 0.296875
vt 0.28125 0.28995781249999997
vt 0.29485625 0.28995781249999997
vt 0.29485625 0.296875
vt 0.28125 0.296875
vt 0.283103125 0.28995781249999997
vt 0.293003125 0.28995781249999997
vt 0.28125 0.28125
vt 0.29485625 0.28125
vt 0.29485625 0.296875
vt 0.28125 0.296875
vt 0.29115 0.296875
vt 0.28125 0.296875
vt 0.28125 0.28125
vt 0.29115 0.28125
vt 0.28816765625 0.28512171875000003
vt 0.28816765625 0.2950215625
vt 0.28125 0.296875
vt 0.281250625 0.2832678125
vt 0.2948571875 0.296875
vt 0.28125 0.296875
vt 0.28310390625 0.2899575
vt 0.29300359375 0.28995796875
vt 0.28125 0.28125
vt 0.29485625 0.28125
vt 0.29485625 0.296875
vt 0.28125 0.296875
vt 0.29115 0.296875
vt 0.28125 0.296875
vt 0.28125 0.28125
vt 0.29115 0.28125
vt 0.28816765625 0.28512140625000004
vt 0.28816765625 0.29502125
vt 0.281250625 0.296875
vt 0.28125 0.2832678125
vt 0.2948571875 0.296875
vt 0.28125 0.296875
vt 0.2831034375 0.28995796875
vt 0.29300328125 0.2899575
vt 0.28125 0.28125
vt 0.29485625 0.28125
vt 0.29485625 0.296875
vt 0.28125 0.296875
vt 0.29115 0.296875
vt 0.28125 0.296875
vt 0.28125 0.28125
vt 0.29115 0.28125
vt 0.2881671875 0.28512187499999997
vt 0.2881671875 0.295021875
vt 0.28125 0.296875
vt 0.28125 0.28326874999999996
vt 0.28125 0.296875
vt 0.28125 0.28326874999999996
vt 0.2881671875 0.28512187499999997
vt 0.2881671875 0.295021875
vt 0.28125 0.28125
vt 0.29485625 0.28125
vt 0.29485625 0.296875
vt 0.28125 0.296875
vt 0.29115 0.296875
vt 0.28125 0.296875
vt 0.28125 0.28125
vt 0.29115 0.28125
vt 0.28310375 0.28995734375000004
vt 0.29300359375 0.28995734375000004
vt 0.2948571875 0.296875
vt 0.28125 0.296874375
vt 0.28125 0.296875
vt 0.28125 0.2832678125
vt 0.2881675 0.28512171875000003
vt 0.28816703125 0.2950215625
vt 0.28125 0.28125
vt 0.29485625 0.28125
vt 0.29485625 0.296875
vt 0.28125 0.296875
vt 0.29115 0.296875
vt 0.28125 0.296875
vt 0.28125 0.28125
vt 0.29115 0.28125
vt 0.2831034375 0.28995734375000004
vt 0.29300328125 0.28995734375000004
vt 0.2948571875 0.296874375
vt 0.28125 0.296875
vt 0.28125 0.296875
vt 0.28125 0.2832678125
vt 0.28816703125 0.28512140625000004
vt 0.2881675 0.29502109374999996
vt 0.28125 0.28125
vt 0.29485625 0.28125
vt 0.29485625 0.296875
vt 0.28125 0.296875
vt 0.29115 0.296875
vt 0.28125 0.296875
vt 0.28125 0.28125
vt 0.29115 0.28125
vt 0.283103125 0.28995781249999997
vt 0.293003125 0.28995781249999997
vt 0.29485625 0.296875
vt 0.28125 0.296875
vt 0.28125 0.28995781249999997
vt 0.29485625 0.28995781249999997
vt 0.293003125 0.296875
vt 0.283103125 0.296875
vt 0.3247625 0.6752374999999999
vt 0.375 0.7622625000000001
vt 0.1875 0.8125
vt 0.375 0.7622625000000001
vt 0.375 0.8627374999999999
vt 0.1875 0.8125
vt 0.375 0.8627374999999999
vt 0.3247625 0.9497625
vt 0.1875 0.8125
vt 0.3247625 0.9497625
vt 0.2377375 1
vt 0.1875 0.8125
vt 0.2377375 1
vt 0.1372625 1
vt 0.1875 0.8125
vt 0.1372625 1
vt 0.0502375 0.9497625
vt 0.1875 0.8125
vt 0.0502375 0.9497625
vt 0 0.8627374999999999
vt 0.1875 0.8125
vt 0 0.8627374999999999
vt 0 0.7622625000000001
vt 0.1875 0.8125
vt 0 0.7622625000000001
vt 0.0502375 0.6752374999999999
vt 0.1875 0.8125
vt 0.0502375 0.6752374999999999
vt 0.1372625 0.625
vt 0.1875 0.8125
vt 0.1372625 0.625
vt 0.2377375 0.625
vt 0.1875 0.8125
vt 0.2377375 0.625
vt 0.3247625 0.6752374999999999
vt 0.1875 0.8125
vt 0.046875 1
vt 0 1
vt 0 0.984375
vt 0.046875 0.984375
vt 0.046875 0.984375
vt 0.046875 1
vt 0 1
vt 0 0.984375
vt 0.3125 0.265625
vt 0.359375 0.265625
vt 0.359375 0.3125
vt 0.3125 0.3125
vt 0.359375 0.265625
vt 0.359375 0.3125
vt 0.3125 0.3125
vt 0.3125 0.265625
vt 0.359375 0.265625
vt 0.359375 0.28125
vt 0.3125 0.28125
vt 0.3125 0.265625
vt 0.359375 0.28125
vt 0.3125 0.28125
vt 0.3125 0.265625
vt 0.359375 0.265625
vt 0.046875 1
vt 0 1
vt 0 0.984375
vt 0.046875 0.984375
vt 0.046875 0.984375
vt 0.046875 1
vt 0 1
vt 0 0.984375
vt 0.3125 0.265625
vt 0.359375 0.265625
vt 0.359375 0.3125
vt 0.3125 0.3125
vt 0.359375 0.265625
vt 0.359375 0.3125
vt 0.3125 0.3125
vt 0.3125 0.265625
vt 0.359375 0.25
vt 0.359375 0.265625
vt 0.3125 0.265625
vt 0.3125 0.25
vt 0.359375 0.265625
vt 0.3125 0.265625
vt 0.3125 0.25
vt 0.359375 0.25
vt 0.3247625 0.6752374999999999
vt 0.375 0.7622625000000001
vt 0.1875 0.8125
vt 0.375 0.7622625000000001
vt 0.375 0.8627374999999999
vt 0.1875 0.8125
vt 0.375 0.8627374999999999
vt 0.3247625 0.9497625
vt 0.1875 0.8125
vt 0.3247625 0.9497625
vt 0.2377375 1
vt 0.1875 0.8125
vt 0.2377375 1
vt 0.1372625 1
vt 0.1875 0.8125
vt 0.1372625 1
vt 0.0502375 0.9497625
vt 0.1875 0.8125
vt 0.0502375 0.9497625
vt 0 0.8627374999999999
vt 0.1875 0.8125
vt 0 0.8627374999999999
vt 0 0.7622625000000001
vt 0.1875 0.8125
vt 0 0.7622625000000001
vt 0.0502375 0.6752374999999999
vt 0.1875 0.8125
vt 0.0502375 0.6752374999999999
vt 0.1372625 0.625
vt 0.1875 0.8125
vt 0.1372625 0.625
vt 0.2377375 0.625
vt 0.1875 0.8125
vt 0.2377375 0.625
vt 0.3247625 0.6752374999999999
vt 0.1875 0.8125
vt 0.28125 0.28125
vt 0.29485625 0.28125
vt 0.29485625 0.296875
vt 0.28125 0.296875
vt 0.29115 0.296875
vt 0.28125 0.296875
vt 0.28125 0.28125
vt 0.29115 0.28125
vt 0.28125 0.29502125
vt 0.28125 0.28512140625000004
vt 0.28816765625 0.2832678125
vt 0.28816703125 0.296875
vt 0.28125 0.2899575
vt 0.2948571875 0.2899575
vt 0.29300328125 0.296875
vt 0.2831034375 0.29687453124999996
vt 0.28125 0.28125
vt 0.29485625 0.28125
vt 0.29485625 0.296875
vt 0.28125 0.296875
vt 0.29115 0.296875
vt 0.28125 0.296875
vt 0.28125 0.28125
vt 0.29115 0.28125
vt 0.28125 0.2950215625
vt 0.28125 0.28512171875000003
vt 0.28816703125 0.2832678125
vt 0.28816765625 0.296875
vt 0.28125 0.2899575
vt 0.2948571875 0.2899575
vt 0.29300359375 0.29687453124999996
vt 0.28310390625 0.296875
vt 0.28125 0.28125
vt 0.29485625 0.28125
vt 0.29485625 0.296875
vt 0.28125 0.296875
vt 0.29115 0.296875
vt 0.28125 0.296875
vt 0.28125 0.28125
vt 0.29115 0.28125
vt 0.28125 0.295021875
vt 0.28125 0.28512187499999997
vt 0.2881671875 0.28326874999999996
vt 0.2881671875 0.296875
vt 0.2881671875 0.28326874999999996
vt 0.2881671875 0.296875
vt 0.28125 0.295021875
vt 0.28125 0.28512187499999997
vt 0.28125 0.28125
vt 0.29485625 0.28125
vt 0.29485625 0.296875
vt 0.28125 0.296875
vt 0.29115 0.296875
vt 0.28125 0.296875
vt 0.28125 0.28125
vt 0.29115 0.28125
vt 0.29300328125 0.296875
vt 0.2831034375 0.296875
vt 0.28125 0.28995734375000004
vt 0.2948571875 0.28995796875
vt 0.2881675 0.2832678125
vt 0.2881675 0.296875
vt 0.28125 0.29502109374999996
vt 0.28125046875 0.28512140625000004
vt 0.28125 0.28125
vt 0.29485625 0.28125
vt 0.29485625 0.296875
vt 0.28125 0.296875
vt 0.29115 0.296875
vt 0.28125 0.296875
vt 0.28125 0.28125
vt 0.29115 0.28125
vt 0.29300359375 0.296875
vt 0.28310375 0.296875
vt 0.28125 0.28995796875
vt 0.2948571875 0.28995734375000004
vt 0.2881675 0.2832678125
vt 0.2881675 0.296875
vt 0.28125046875 0.2950215625
vt 0.28125 0.28512171875000003
vt 0.28125 0.28125
vt 0.29485625 0.28125
vt 0.29485625 0.296875
vt 0.28125 0.296875
vt 0.29115 0.296875
vt 0.28125 0.296875
vt 0.28125 0.28125
vt 0.29115 0.28125
vt 0.293003125 0.296875
vt 0.283103125 0.296875
vt 0.28125 0.28995781249999997
vt 0.29485625 0.28995781249999997
vt 0.29485625 0.296875
vt 0.28125 0.296875
vt 0.283103125 0.28995781249999997
vt 0.293003125 0.28995781249999997
vt 0.28125 0.28125
vt 0.29485625 0.28125
vt 0.29485625 0.296875
vt 0.28125 0.296875
vt 0.29115 0.296875
vt 0.28125 0.296875
vt 0.28125 0.28125
vt 0.29115 0.28125
vt 0.28816765625 0.28512171875000003
vt 0.28816765625 0.2950215625
vt 0.28125 0.296875
vt 0.281250625 0.2832678125
vt 0.2948571875 0.296875
vt 0.28125 0.296875
vt 0.28310390625 0.2899575
vt 0.29300359375 0.28995796875
vt 0.28125 0.28125
vt 0.29485625 0.28125
vt 0.29485625 0.296875
vt 0.28125 0.296875
vt 0.29115 0.296875
vt 0.28125 0.296875
vt 0.28125 0.28125
vt 0.29115 0.28125
vt 0.28816765625 0.28512140625000004
vt 0.28816765625 0.29502125
vt 0.281250625 0.296875
vt 0.28125 0.2832678125
vt 0.2948571875 0.296875
vt 0.28125 0.296875
vt 0.2831034375 0.28995796875
vt 0.29300328125 0.2899575
vt 0.28125 0.28125
vt 0.29485625 0.28125
vt 0.29485625 0.296875
vt 0.28125 0.296875
vt 0.29115 0.296875
vt 0.28125 0.296875
vt 0.28125 0.28125
vt 0.29115 0.28125
vt 0.2881671875 0.28512187499999997
vt 0.2881671875 0.295021875
vt 0.28125 0.296875
vt 0.28125 0.28326874999999996
vt 0.28125 0.296875
vt 0.28125 0.28326874999999996
vt 0.2881671875 0.28512187499999997
vt 0.2881671875 0.295021875
vt 0.28125 0.28125
vt 0.29485625 0.28125
vt 0.29485625 0.296875
vt 0.28125 0.296875
vt 0.29115 0.296875
vt 0.28125 0.296875
vt 0.28125 0.28125
vt 0.29115 0.28125
vt 0.28310375 0.28995734375000004
vt 0.29300359375 0.28995734375000004
vt 0.2948571875 0.296875
vt 0.28125 0.296874375
vt 0.28125 0.296875
vt 0.28125 0.2832678125
vt 0.2881675 0.28512171875000003
vt 0.28816703125 0.2950215625
vt 0.28125 0.28125
vt 0.29485625 0.28125
vt 0.29485625 0.296875
vt 0.28125 0.296875
vt 0.29115 0.296875
vt 0.28125 0.296875
vt 0.28125 0.28125
vt 0.29115 0.28125
vt 0.2831034375 0.28995734375000004
vt 0.29300328125 0.28995734375000004
vt 0.2948571875 0.296874375
vt 0.28125 0.296875
vt 0.28125 0.296875
vt 0.28125 0.2832678125
vt 0.28816703125 0.28512140625000004
vt 0.2881675 0.29502109374999996
vt 0.28125 0.28125
vt 0.29485625 0.28125
vt 0.29485625 0.296875
vt 0.28125 0.296875
vt 0.29115 0.296875
vt 0.28125 0.296875
vt 0.28125 0.28125
vt 0.29115 0.28125
vt 0.283103125 0.28995781249999997
vt 0.293003125 0.28995781249999997
vt 0.29485625 0.296875
vt 0.28125 0.296875
vt 0.28125 0.28995781249999997
vt 0.29485625 0.28995781249999997
vt 0.293003125 0.296875
vt 0.283103125 0.296875
vt 0.28125 0.28125
vt 0.29485625 0.28125
vt 0.29485625 0.296875
vt 0.28125 0.296875
vt 0.29115 0.296875
vt 0.28125 0.296875
vt 0.28125 0.28125
vt 0.29115 0.28125
vt 0.28125 0.29502125
vt 0.28125 0.28512140625000004
vt 0.28816765625 0.2832678125
vt 0.28816703125 0.296875
vt 0.28125 0.2899575
vt 0.2948571875 0.2899575
vt 0.29300328125 0.296875
vt 0.2831034375 0.29687453124999996
vt 0.28125 0.28125
vt 0.29485625 0.28125
vt 0.29485625 0.296875
vt 0.28125 0.296875
vt 0.29115 0.296875
vt 0.28125 0.296875
vt 0.28125 0.28125
vt 0.29115 0.28125
vt 0.28125 0.2950215625
vt 0.28125 0.28512171875000003
vt 0.28816703125 0.2832678125
vt 0.28816765625 0.296875
vt 0.28125 0.2899575
vt 0.2948571875 0.2899575
vt 0.29300359375 0.29687453124999996
vt 0.28310390625 0.296875
vt 0.28125 0.28125
vt 0.29485625 0.28125
vt 0.29485625 0.296875
vt 0.28125 0.296875
vt 0.29115 0.296875
vt 0.28125 0.296875
vt 0.28125 0.28125
vt 0.29115 0.28125
vt 0.28125 0.295021875
vt 0.28125 0.28512187499999997
vt 0.2881671875 0.28326874999999996
vt 0.2881671875 0.296875
vt 0.2881671875 0.28326874999999996
vt 0.2881671875 0.296875
vt 0.28125 0.295021875
vt 0.28125 0.28512187499999997
vt 0.28125 0.28125
vt 0.29485625 0.28125
vt 0.29485625 0.296875
vt 0.28125 0.296875
vt 0.29115 0.296875
vt 0.28125 0.296875
vt 0.28125 0.28125
vt 0.29115 0.28125
vt 0.29300328125 0.296875
vt 0.2831034375 0.296875
vt 0.28125 0.28995734375000004
vt 0.2948571875 0.28995796875
vt 0.2881675 0.2832678125
vt 0.2881675 0.296875
vt 0.28125 0.29502109374999996
vt 0.28125046875 0.28512140625000004
vt 0.28125 0.28125
vt 0.29485625 0.28125
vt 0.29485625 0.296875
vt 0.28125 0.296875
vt 0.29115 0.296875
vt 0.28125 0.296875
vt 0.28125 0.28125
vt 0.29115 0.28125
vt 0.29300359375 0.296875
vt 0.28310375 0.296875
vt 0.28125 0.28995796875
vt 0.2948571875 0.28995734375000004
vt 0.2881675 0.2832678125
vt 0.2881675 0.296875
vt 0.28125046875 0.2950215625
vt 0.28125 0.28512171875000003
vt 0.28125 0.28125
vt 0.29485625 0.28125
vt 0.29485625 0.296875
vt 0.28125 0.296875
vt 0.29115 0.296875
vt 0.28125 0.296875
vt 0.28125 0.28125
vt 0.29115 0.28125
vt 0.293003125 0.296875
vt 0.283103125 0.296875
vt 0.28125 0.28995781249999997
vt 0.29485625 0.28995781249999997
vt 0.29485625 0.296875
vt 0.28125 0.296875
vt 0.283103125 0.28995781249999997
vt 0.293003125 0.28995781249999997
vt 0.28125 0.28125
vt 0.29485625 0.28125
vt 0.29485625 0.296875
vt 0.28125 0.296875
vt 0.29115 0.296875
vt 0.28125 0.296875
vt 0.28125 0.28125
vt 0.29115 0.28125
vt 0.28816765625 0.28512171875000003
vt 0.28816765625 0.2950215625
vt 0.28125 0.296875
vt 0.281250625 0.2832678125
vt 0.2948571875 0.296875
vt 0.28125 0.296875
vt 0.28310390625 0.2899575
vt 0.29300359375 0.28995796875
vt 0.28125 0.28125
vt 0.29485625 0.28125
vt 0.29485625 0.296875
vt 0.28125 0.296875
vt 0.29115 0.296875
vt 0.28125 0.296875
vt 0.28125 0.28125
vt 0.29115 0.28125
vt 0.28816765625 0.28512140625000004
vt 0.28816765625 0.29502125
vt 0.281250625 0.296875
vt 0.28125 0.2832678125
vt 0.2948571875 0.296875
vt 0.28125 0.296875
vt 0.2831034375 0.28995796875
vt 0.29300328125 0.2899575
vt 0.28125 0.28125
vt 0.29485625 0.28125
vt 0.29485625 0.296875
vt 0.28125 0.296875
vt 0.29115 0.296875
vt 0.28125 0.296875
vt 0.28125 0.28125
vt 0.29115 0.28125
vt 0.2881671875 0.28512187499999997
vt 0.2881671875 0.295021875
vt 0.28125 0.296875
vt 0.28125 0.28326874999999996
vt 0.28125 0.296875
vt 0.28125 0.28326874999999996
vt 0.2881671875 0.28512187499999997
vt 0.2881671875 0.295021875
vt 0.28125 0.28125
vt 0.29485625 0.28125
vt 0.29485625 0.296875
vt 0.28125 0.296875
vt 0.29115 0.296875
vt 0.28125 0.296875
vt 0.28125 0.28125
vt 0.29115 0.28125
vt 0.28310375 0.28995734375000004
vt 0.29300359375 0.28995734375000004
vt 0.2948571875 0.296875
vt 0.28125 0.296874375
vt 0.28125 0.296875
vt 0.28125 0.2832678125
vt 0.2881675 0.28512171875000003
vt 0.28816703125 0.2950215625
vt 0.28125 0.28125
vt 0.29485625 0.28125
vt 0.29485625 0.296875
vt 0.28125 0.296875
vt 0.29115 0.296875
vt 0.28125 0.296875
vt 0.28125 0.28125
vt 0.29115 0.28125
vt 0.2831034375 0.28995734375000004
vt 0.29300328125 0.28995734375000004
vt 0.2948571875 0.296874375
vt 0.28125 0.296875
vt 0.28125 0.296875
vt 0.28125 0.2832678125
vt 0.28816703125 0.28512140625000004
vt 0.2881675 0.29502109374999996
vt 0.28125 0.28125
vt 0.29485625 0.28125
vt 0.29485625 0.296875
vt 0.28125 0.296875
vt 0.29115 0.296875
vt 0.28125 0.296875
vt 0.28125 0.28125
vt 0.29115 0.28125
vt 0.283103125 0.28995781249999997
vt 0.293003125 0.28995781249999997
vt 0.29485625 0.296875
vt 0.28125 0.296875
vt 0.28125 0.28995781249999997
vt 0.29485625 0.28995781249999997
vt 0.293003125 0.296875
vt 0.283103125 0.296875
vt 0.3247625 0.6752374999999999
vt 0.375 0.7622625000000001
vt 0.1875 0.8125
vt 0.375 0.7622625000000001
vt 0.375 0.8627374999999999
vt 0.1875 0.8125
vt 0.375 0.8627374999999999
vt 0.3247625 0.9497625
vt 0.1875 0.8125
vt 0.3247625 0.9497625
vt 0.2377375 1
vt 0.1875 0.8125
vt 0.2377375 1
vt 0.1372625 1
vt 0.1875 0.8125
vt 0.1372625 1
vt 0.0502375 0.9497625
vt 0.1875 0.8125
vt 0.0502375 0.9497625
vt 0 0.8627374999999999
vt 0.1875 0.8125
vt 0 0.8627374999999999
vt 0 0.7622625000000001
vt 0.1875 0.8125
vt 0 0.7622625000000001
vt 0.0502375 0.6752374999999999
vt 0.1875 0.8125
vt 0.0502375 0.6752374999999999
vt 0.1372625 0.625
vt 0.1875 0.8125
vt 0.1372625 0.625
vt 0.2377375 0.625
vt 0.1875 0.8125
vt 0.2377375 0.625
vt 0.3247625 0.6752374999999999
vt 0.1875 0.8125
vt 0.28125 0.328125
vt 0.28125 0.46875
vt 0.265625 0.46875
vt 0.265625 0.328125
vt 0.484375 0.328125
vt 0.484375 0.46875
vt 0.46875 0.46875
vt 0.46875 0.328125
vt 0.41015625 0.109375
vt 0.41015625 0.125
vt 0.22265625 0.125
vt 0.22265625 0.109375
vt 0.47265625 0.328125
vt 0.47265625 0.34375
vt 0.28515625 0.34375
vt 0.28515625 0.328125
vt 0.46875 0.328125
vt 0.46875 0.46875
vt 0.28125 0.46875
vt 0.28125 0.328125
vt 0.46875 0.328125
vt 0.46875 0.46875
vt 0.28125 0.46875
vt 0.28125 0.328125
vt 0.03125 0.75
vt 0.03125 1
vt 0 1
vt 0 0.75
vt 0.03125 0.75
vt 0.03125 1
vt 0 1
vt 0 0.75
vt 0.046875 0.96875
vt 0.046875 1
vt 0 1
vt 0 0.96875
vt 0.046875 0.96875
vt 0.046875 1
vt 0 1
vt 0 0.96875
vt 0.046875 0.75
vt 0.046875 1
vt 0 1
vt 0 0.75
vt 0.046875 0.75
vt 0.046875 1
vt 0 1
vt 0 0.75
vt 0.03125 0.75
vt 0.03125 1
vt 0 1
vt 0 0.75
vt 0.03125 0.75
vt 0.03125 1
vt 0 1
vt 0 0.75
vt 0.046875 0.96875
vt 0.046875 1
vt 0 1
vt 0 0.96875
vt 0.046875 0.96875
vt 0.046875 1
vt 0 1
vt 0 0.96875
vt 0.046875 0.75
vt 0.046875 1
vt 0 1
vt 0 0.75
vt 0.046875 0.75
vt 0.046875 1
vt 0 1
vt 0 0.75
vt 0.171875 0.9375
vt 0.171875 0.953125
vt 0.109375 0.953125
vt 0.109375 0.9375
vt 0.171875 0.9375
vt 0.171875 0.953125
vt 0.109375 0.953125
vt 0.109375 0.9375
vt 0.028125 0.9375
vt 0.028125 1
vt 0 1
vt 0 0.9375
vt 0.028125 0.9375
vt 0.028125 1
vt 0 1
vt 0 0.9375
vt 0.028125 0.984375
vt 0.028125 1
vt 0 1
vt 0 0.984375
vt 0.028125 0.984375
vt 0.028125 1
vt 0 1
vt 0 0.984375
vt 0.171875 0.9375
vt 0.171875 0.953125
vt 0.109375 0.953125
vt 0.109375 0.9375
vt 0.171875 0.9375
vt 0.171875 0.953125
vt 0.109375 0.953125
vt 0.109375 0.9375
vt 0.028125 0.9375
vt 0.028125 1
vt 0 1
vt 0 0.9375
vt 0.028125 0.9375
vt 0.028125 1
vt 0 1
vt 0 0.9375
vt 0.028125 0.984375
vt 0.028125 1
vt 0 1
vt 0 0.984375
vt 0.028125 0.984375
vt 0.028125 1
vt 0 1
vt 0 0.984375
vt 0.171875 0.9375
vt 0.171875 0.953125
vt 0.109375 0.953125
vt 0.109375 0.9375
vt 0.171875 0.9375
vt 0.171875 0.953125
vt 0.109375 0.953125
vt 0.109375 0.9375
vt 0.028125 0.9375
vt 0.028125 1
vt 0 1
vt 0 0.9375
vt 0.028125 0.9375
vt 0.028125 1
vt 0 1
vt 0 0.9375
vt 0.028125 0.984375
vt 0.028125 1
vt 0 1
vt 0 0.984375
vt 0.028125 0.984375
vt 0.028125 1
vt 0 1
vt 0 0.984375
vt 0.171875 0.9375
vt 0.171875 0.953125
vt 0.109375 0.953125
vt 0.109375 0.9375
vt 0.171875 0.9375
vt 0.171875 0.953125
vt 0.109375 0.953125
vt 0.109375 0.9375
vt 0.028125 0.9375
vt 0.028125 1
vt 0 1
vt 0 0.9375
vt 0.028125 0.9375
vt 0.028125 1
vt 0 1
vt 0 0.9375
vt 0.028125 0.984375
vt 0.028125 1
vt 0 1
vt 0 0.984375
vt 0.028125 0.984375
vt 0.028125 1
vt 0 1
vt 0 0.984375
vt 0.03125 0.75
vt 0.03125 1
vt 0 1
vt 0 0.75
vt 0.03125 0.75
vt 0.03125 1
vt 0 1
vt 0 0.75
vt 0.046875 0.96875
vt 0.046875 1
vt 0 1
vt 0 0.96875
vt 0.046875 0.96875
vt 0.046875 1
vt 0 1
vt 0 0.96875
vt 0.046875 0.75
vt 0.046875 1
vt 0 1
vt 0 0.75
vt 0.046875 0.75
vt 0.046875 1
vt 0 1
vt 0 0.75
vt 0.03125 0.75
vt 0.03125 1
vt 0 1
vt 0 0.75
vt 0.03125 0.75
vt 0.03125 1
vt 0 1
vt 0 0.75
vt 0.046875 0.96875
vt 0.046875 1
vt 0 1
vt 0 0.96875
vt 0.046875 0.96875
vt 0.046875 1
vt 0 1
vt 0 0.96875
vt 0.046875 0.75
vt 0.046875 1
vt 0 1
vt 0 0.75
vt 0.046875 0.75
vt 0.046875 1
vt 0 1
vt 0 0.75
vt 0.03125 0.75
vt 0.03125 1
vt 0 1
vt 0 0.75
vt 0.03125 0.75
vt 0.03125 1
vt 0 1
vt 0 0.75
vt 0.046875 0.96875
vt 0.046875 1
vt 0 1
vt 0 0.96875
vt 0.046875 0.96875
vt 0.046875 1
vt 0 1
vt 0 0.96875
vt 0.046875 0.75
vt 0.046875 1
vt 0 1
vt 0 0.75
vt 0.046875 0.75
vt 0.046875 1
vt 0 1
vt 0 0.75
vt 0.03125 0.75
vt 0.03125 1
vt 0 1
vt 0 0.75
vt 0.03125 0.75
vt 0.03125 1
vt 0 1
vt 0 0.75
vt 0.046875 0.96875
vt 0.046875 1
vt 0 1
vt 0 0.96875
vt 0.046875 0.96875
vt 0.046875 1
vt 0 1
vt 0 0.96875
vt 0.046875 0.75
vt 0.046875 1
vt 0 1
vt 0 0.75
vt 0.046875 0.75
vt 0.046875 1
vt 0 1
vt 0 0.75
vt 0.171875 0.9375
vt 0.171875 0.953125
vt 0.109375 0.953125
vt 0.109375 0.9375
vt 0.171875 0.9375
vt 0.171875 0.953125
vt 0.109375 0.953125
vt 0.109375 0.9375
vt 0.028125 0.9375
vt 0.028125 1
vt 0 1
vt 0 0.9375
vt 0.028125 0.9375
vt 0.028125 1
vt 0 1
vt 0 0.9375
vt 0.028125 0.984375
vt 0.028125 1
vt 0 1
vt 0 0.984375
vt 0.028125 0.984375
vt 0.028125 1
vt 0 1
vt 0 0.984375
vt 0.171875 0.9375
vt 0.171875 0.953125
vt 0.109375 0.953125
vt 0.109375 0.9375
vt 0.171875 0.9375
vt 0.171875 0.953125
vt 0.109375 0.953125
vt 0.109375 0.9375
vt 0.028125 0.9375
vt 0.028125 1
vt 0 1
vt 0 0.9375
vt 0.028125 0.9375
vt 0.028125 1
vt 0 1
vt 0 0.9375
vt 0.028125 0.984375
vt 0.028125 1
vt 0 1
vt 0 0.984375
vt 0.028125 0.984375
vt 0.028125 1
vt 0 1
vt 0 0.984375
vt 0.03125 0.75
vt 0.03125 1
vt 0 1
vt 0 0.75
vt 0.03125 0.75
vt 0.03125 1
vt 0 1
vt 0 0.75
vt 0.046875 0.96875
vt 0.046875 1
vt 0 1
vt 0 0.96875
vt 0.046875 0.96875
vt 0.046875 1
vt 0 1
vt 0 0.96875
vt 0.046875 0.75
vt 0.046875 1
vt 0 1
vt 0 0.75
vt 0.046875 0.75
vt 0.046875 1
vt 0 1
vt 0 0.75
vt 0.03125 0.75
vt 0.03125 1
vt 0 1
vt 0 0.75
vt 0.03125 0.75
vt 0.03125 1
vt 0 1
vt 0 0.75
vt 0.046875 0.96875
vt 0.046875 1
vt 0 1
vt 0 0.96875
vt 0.046875 0.96875
vt 0.046875 1
vt 0 1
vt 0 0.96875
vt 0.046875 0.75
vt 0.046875 1
vt 0 1
vt 0 0.75
vt 0.046875 0.75
vt 0.046875 1
vt 0 1
vt 0 0.75
vt 0.171875 0.9375
vt 0.171875 0.953125
vt 0.109375 0.953125
vt 0.109375 0.9375
vt 0.171875 0.9375
vt 0.171875 0.953125
vt 0.109375 0.953125
vt 0.109375 0.9375
vt 0.028125 0.9375
vt 0.028125 1
vt 0 1
vt 0 0.9375
vt 0.028125 0.9375
vt 0.028125 1
vt 0 1
vt 0 0.9375
vt 0.028125 0.984375
vt 0.028125 1
vt 0 1
vt 0 0.984375
vt 0.028125 0.984375
vt 0.028125 1
vt 0 1
vt 0 0.984375
vt 0.171875 0.9375
vt 0.171875 0.953125
vt 0.109375 0.953125
vt 0.109375 0.9375
vt 0.171875 0.9375
vt 0.171875 0.953125
vt 0.109375 0.953125
vt 0.109375 0.9375
vt 0.028125 0.9375
vt 0.028125 1
vt 0 1
vt 0 0.9375
vt 0.028125 0.9375
vt 0.028125 1
vt 0 1
vt 0 0.9375
vt 0.028125 0.984375
vt 0.028125 1
vt 0 1
vt 0 0.984375
vt 0.028125 0.984375
vt 0.028125 1
vt 0 1
vt 0 0.984375
vt 0.03125 0.859375
vt 0.03125 1
vt 0 1
vt 0 0.859375
vt 0.03125 0.859375
vt 0.03125 1
vt 0 1
vt 0 0.859375
vt 0.046875 0.96875
vt 0.046875 1
vt 0 1
vt 0 0.96875
vt 0.046875 0.96875
vt 0.046875 1
vt 0 1
vt 0 0.96875
vt 0.046875 0.859375
vt 0.046875 1
vt 0 1
vt 0 0.859375
vt 0.046875 0.859375
vt 0.046875 1
vt 0 1
vt 0 0.859375
vt 0.03125 0.859375
vt 0.03125 1
vt 0 1
vt 0 0.859375
vt 0.03125 0.859375
vt 0.03125 1
vt 0 1
vt 0 0.859375
vt 0.046875 0.96875
vt 0.046875 1
vt 0 1
vt 0 0.96875
vt 0.046875 0.96875
vt 0.046875 1
vt 0 1
vt 0 0.96875
vt 0.046875 0.859375
vt 0.046875 1
vt 0 1
vt 0 0.859375
vt 0.046875 0.859375
vt 0.046875 1
vt 0 1
vt 0 0.859375
vt 0.171875 0.9375
vt 0.171875 0.953125
vt 0.109375 0.953125
vt 0.109375 0.9375
vt 0.171875 0.9375
vt 0.171875 0.953125
vt 0.109375 0.953125
vt 0.109375 0.9375
vt 0.028125 0.9375
vt 0.028125 1
vt 0 1
vt 0 0.9375
vt 0.028125 0.9375
vt 0.028125 1
vt 0 1
vt 0 0.9375
vt 0.028125 0.984375
vt 0.028125 1
vt 0 1
vt 0 0.984375
vt 0.028125 0.984375
vt 0.028125 1
vt 0 1
vt 0 0.984375
vt 0.1875 0.578125
vt 0.1875 0.6875
vt 0 0.6875
vt 0 0.578125
vt 0.1875 0.578125
vt 0.1875 0.6875
vt 0 0.6875
vt 0 0.578125
vt 0.1875 0.5
vt 0.1875 0.6875
vt 0 0.6875
vt 0 0.5
vt 0.1875 0.5
vt 0.1875 0.6875
vt 0 0.6875
vt 0 0.5
vt 0.1875 0.578125
vt 0.1875 0.6875
vt 0 0.6875
vt 0 0.578125
vt 0.1875 0.578125
vt 0.1875 0.6875
vt 0 0.6875
vt 0 0.578125
vt 0.15625 0.984375
vt 0.15625 1
vt 0 1
vt 0 0.984375
vt 0.15625 0.984375
vt 0.15625 1
vt 0 1
vt 0 0.984375
vt 0.15625 0.84375
vt 0.15625 1
vt 0 1
vt 0 0.84375
vt 0.15625 0.84375
vt 0.15625 1
vt 0 1
vt 0 0.84375
vt 0.15625 0.984375
vt 0.15625 1
vt 0 1
vt 0 0.984375
vt 0.15625 0.984375
vt 0.15625 1
vt 0 1
vt 0 0.984375
vt 0.0296875 0.75
vt 0.0296875 1
vt 0 1
vt 0 0.75
vt 0.0296875 0.75
vt 0.0296875 1
vt 0 1
vt 0 0.75
vt 0.046875 0.9703125
vt 0.046875 1
vt 0 1
vt 0 0.9703125
vt 0.046875 0.9703125
vt 0.046875 1
vt 0 1
vt 0 0.9703125
vt 0.046875 0.75
vt 0.046875 1
vt 0 1
vt 0 0.75
vt 0.046875 0.75
vt 0.046875 1
vt 0 1
vt 0 0.75
vt 0.028125 0.75
vt 0.028125 1
vt 0 1
vt 0 0.75
vt 0.028125 0.75
vt 0.028125 1
vt 0 1
vt 0 0.75
vt 0.046875 0.971875
vt 0.046875 1
vt 0 1
vt 0 0.971875
vt 0.046875 0.971875
vt 0.046875 1
vt 0 1
vt 0 0.971875
vt 0.046875 0.75
vt 0.046875 1
vt 0 1
vt 0 0.75
vt 0.046875 0.75
vt 0.046875 1
vt 0 1
vt 0 0.75
vt 0.0296875 0.75
vt 0.0296875 1
vt 0 1
vt 0 0.75
vt 0.0296875 0.75
vt 0.0296875 1
vt 0 1
vt 0 0.75
vt 0.046875 0.9703125
vt 0.046875 1
vt 0 1
vt 0 0.9703125
vt 0.046875 0.9703125
vt 0.046875 1
vt 0 1
vt 0 0.9703125
vt 0.046875 0.75
vt 0.046875 1
vt 0 1
vt 0 0.75
vt 0.046875 0.75
vt 0.046875 1
vt 0 1
vt 0 0.75
vt 0.028125 0.75
vt 0.028125 1
vt 0 1
vt 0 0.75
vt 0.028125 0.75
vt 0.028125 1
vt 0 1
vt 0 0.75
vt 0.046875 0.971875
vt 0.046875 1
vt 0 1
vt 0 0.971875
vt 0.046875 0.971875
vt 0.046875 1
vt 0 1
vt 0 0.971875
vt 0.046875 0.75
vt 0.046875 1
vt 0 1
vt 0 0.75
vt 0.046875 0.75
vt 0.046875 1
vt 0 1
vt 0 0.75
vt 0.515625 0.84375
vt 0.515625 1
vt 0.4375 1
vt 0.4375 0.84375
vt 0.515625 0.84375
vt 0.515625 1
vt 0.4375 1
vt 0.4375 0.84375
vt 0.390625 0.75
vt 0.390625 0.828125
vt 0.265625 0.828125
vt 0.265625 0.75
vt 0.390625 0.75
vt 0.390625 0.828125
vt 0.265625 0.828125
vt 0.265625 0.75
vt 0.390625 0.84375
vt 0.390625 1
vt 0.265625 1
vt 0.265625 0.84375
vt 0.390625 0.84375
vt 0.390625 1
vt 0.265625 1
vt 0.265625 0.84375
vt 0.84375 0.484375
vt 0.84375 0.734375
vt 0.828125 0.734375
vt 0.828125 0.484375
vt 0.84375 0.484375
vt 0.84375 0.734375
vt 0.828125 0.734375
vt 0.828125 0.484375
vt 0.828125 0.734375
vt 0.828125 0.75
vt 0.765625 0.75
vt 0.765625 0.734375
vt 0.828125 0.734375
vt 0.828125 0.75
vt 0.765625 0.75
vt 0.765625 0.734375
vt 0.25 0.75
vt 0.25 1
vt 0.1875 1
vt 0.1875 0.75
vt 0.96875 0.484375
vt 0.96875 0.65625
vt 0.9375 0.65625
vt 0.9375 0.484375
vt 0.7734375 0.921875
vt 0.7734375 0.984375
vt 0.765625 0.984375
vt 0.765625 0.921875
vt 0.71875 0.921875
vt 0.71875 0.984375
vt 0.7265625 0.984375
vt 0.7265625 0.921875
vt 0.77734375 0.984375
vt 0.77734375 0.9921875
vt 0.72265625 0.9921875
vt 0.72265625 0.984375
vt 0.77734375 0.8984375
vt 0.77734375 0.90625
vt 0.72265625 0.90625
vt 0.72265625 0.8984375
vt 0.77734375 0.84375
vt 0.77734375 0.90625
vt 0.72265625 0.90625
vt 0.72265625 0.84375
vt 0.77734375 0.921875
vt 0.77734375 0.984375
vt 0.72265625 0.984375
vt 0.72265625 0.921875
vt 0.28125 0.484375
vt 0.28125 0.703125
vt 0.265625 0.703125
vt 0.265625 0.484375
vt 0.484375 0.484375
vt 0.484375 0.703125
vt 0.46875 0.703125
vt 0.46875 0.484375
vt 0.44140625 0.046875
vt 0.44140625 0.0625
vt 0.25390625 0.0625
vt 0.25390625 0.046875
vt 0.44140625 0.09375
vt 0.44140625 0.109375
vt 0.25390625 0.109375
vt 0.25390625 0.09375
vt 0.46875 0.484375
vt 0.46875 0.703125
vt 0.28125 0.703125
vt 0.28125 0.484375
vt 0.46875 0.484375
vt 0.46875 0.703125
vt 0.28125 0.703125
vt 0.28125 0.484375
vt 0.296875 0.703125
vt 0.296875 0.734375
vt 0.28125 0.734375
vt 0.28125 0.703125
vt 0.46875 0.703125
vt 0.46875 0.734375
vt 0.453125 0.734375
vt 0.453125 0.703125
vt 0.4375 0.71875
vt 0.4375 0.734375
vt 0.3125 0.734375
vt 0.3125 0.71875
vt 0.42578125 0.125
vt 0.42578125 0.140625
vt 0.30078125 0.140625
vt 0.30078125 0.125
vt 0.4375 0.703125
vt 0.4375 0.734375
vt 0.3125 0.734375
vt 0.3125 0.703125
vt 0.4375 0.703125
vt 0.4375 0.734375
vt 0.3125 0.734375
vt 0.3125 0.703125
vt 0.46875 0.703125
vt 0.46875 0.734375
vt 0.453125 0.734375
vt 0.453125 0.703125
vt 0.46875 0.703125
vt 0.46875 0.734375
vt 0.453125 0.734375
vt 0.453125 0.703125
vt 0.44921875 0.71875
vt 0.44921875 0.734375
vt 0.4140625 0.734375
vt 0.4140625 0.71875
vt 0.37109375 0.09375
vt 0.37109375 0.109375
vt 0.3359375 0.109375
vt 0.3359375 0.09375
vt 0.46484375 0.703125
vt 0.46484375 0.734375
vt 0.4296875 0.734375
vt 0.4296875 0.703125
vt 0.46484375 0.703125
vt 0.46484375 0.734375
vt 0.4296875 0.734375
vt 0.4296875 0.703125
vt 0.46875 0.703125
vt 0.46875 0.734375
vt 0.453125 0.734375
vt 0.453125 0.703125
vt 0.46875 0.703125
vt 0.46875 0.734375
vt 0.453125 0.734375
vt 0.453125 0.703125
vt 0.44921875 0.71875
vt 0.44921875 0.734375
vt 0.4140625 0.734375
vt 0.4140625 0.71875
vt 0.37109375 0.09375
vt 0.37109375 0.109375
vt 0.3359375 0.109375
vt 0.3359375 0.09375
vt 0.46484375 0.703125
vt 0.46484375 0.734375
vt 0.4296875 0.734375
vt 0.4296875 0.703125
vt 0.46484375 0.703125
vt 0.46484375 0.734375
vt 0.4296875 0.734375
vt 0.4296875 0.703125
vt 0.53125 0.4375
vt 0.53125 0.484375
vt 0.5 0.484375
vt 0.5 0.4375
vt 0.53125 0.4375
vt 0.53125 0.484375
vt 0.5 0.484375
vt 0.5 0.4375
vt 0.546875 0.453125
vt 0.546875 0.484375
vt 0.5 0.484375
vt 0.5 0.453125
vt 0.546875 0.453125
vt 0.546875 0.484375
vt 0.5 0.484375
vt 0.5 0.453125
vt 0.546875 0.4375
vt 0.546875 0.484375
vt 0.5 0.484375
vt 0.5 0.4375
vt 0.546875 0.4375
vt 0.546875 0.484375
vt 0.5 0.484375
vt 0.5 0.4375
vt 0.53125 0.4375
vt 0.53125 0.484375
vt 0.5 0.484375
vt 0.5 0.4375
vt 0.53125 0.4375
vt 0.53125 0.484375
vt 0.5 0.484375
vt 0.5 0.4375
vt 0.546875 0.453125
vt 0.546875 0.484375
vt 0.5 0.484375
vt 0.5 0.453125
vt 0.546875 0.453125
vt 0.546875 0.484375
vt 0.5 0.484375
vt 0.5 0.453125
vt 0.546875 0.4375
vt 0.546875 0.484375
vt 0.5 0.484375
vt 0.5 0.4375
vt 0.546875 0.4375
vt 0.546875 0.484375
vt 0.5 0.484375
vt 0.5 0.4375
vt 0.53125 0.4375
vt 0.53125 0.484375
vt 0.5 0.484375
vt 0.5 0.4375
vt 0.53125 0.4375
vt 0.53125 0.484375
vt 0.5 0.484375
vt 0.5 0.4375
vt 0.546875 0.453125
vt 0.546875 0.484375
vt 0.5 0.484375
vt 0.5 0.453125
vt 0.546875 0.453125
vt 0.546875 0.484375
vt 0.5 0.484375
vt 0.5 0.453125
vt 0.546875 0.4375
vt 0.546875 0.484375
vt 0.5 0.484375
vt 0.5 0.4375
vt 0.546875 0.4375
vt 0.546875 0.484375
vt 0.5 0.484375
vt 0.5 0.4375
vt 0.53125 0.4375
vt 0.53125 0.484375
vt 0.5 0.484375
vt 0.5 0.4375
vt 0.53125 0.4375
vt 0.53125 0.484375
vt 0.5 0.484375
vt 0.5 0.4375
vt 0.546875 0.453125
vt 0.546875 0.484375
vt 0.5 0.484375
vt 0.5 0.453125
vt 0.546875 0.453125
vt 0.546875 0.484375
vt 0.5 0.484375
vt 0.5 0.453125
vt 0.546875 0.4375
vt 0.546875 0.484375
vt 0.5 0.484375
vt 0.5 0.4375
vt 0.546875 0.4375
vt 0.546875 0.484375
vt 0.5 0.484375
vt 0.5 0.4375
vt 0.515625 0.46875
vt 0.515625 0.484375
vt 0.5 0.484375
vt 0.5 0.46875
vt 0.515625 0.46875
vt 0.515625 0.484375
vt 0.5 0.484375
vt 0.5 0.46875
vt 0.65625 0.46875
vt 0.65625 0.484375
vt 0.5 0.484375
vt 0.5 0.46875
vt 0.65625 0.46875
vt 0.65625 0.484375
vt 0.5 0.484375
vt 0.5 0.46875
vt 0.65625 0.46875
vt 0.65625 0.484375
vt 0.5 0.484375
vt 0.5 0.46875
vt 0.65625 0.46875
vt 0.65625 0.484375
vt 0.5 0.484375
vt 0.5 0.46875
vt 0.515625 0.46875
vt 0.515625 0.484375
vt 0.5 0.484375
vt 0.5 0.46875
vt 0.515625 0.46875
vt 0.515625 0.484375
vt 0.5 0.484375
vt 0.5 0.46875
vt 0.65625 0.46875
vt 0.65625 0.484375
vt 0.5 0.484375
vt 0.5 0.46875
vt 0.65625 0.46875
vt 0.65625 0.484375
vt 0.5 0.484375
vt 0.5 0.46875
vt 0.65625 0.46875
vt 0.65625 0.484375
vt 0.5 0.484375
vt 0.5 0.46875
vt 0.65625 0.46875
vt 0.65625 0.484375
vt 0.5 0.484375
vt 0.5 0.46875
vt 0.515625 0.46875
vt 0.515625 0.484375
vt 0.5 0.484375
vt 0.5 0.46875
vt 0.515625 0.46875
vt 0.515625 0.484375
vt 0.5 0.484375
vt 0.5 0.46875
vt 0.65625 0.46875
vt 0.65625 0.484375
vt 0.5 0.484375
vt 0.5 0.46875
vt 0.65625 0.46875
vt 0.65625 0.484375
vt 0.5 0.484375
vt 0.5 0.46875
vt 0.65625 0.46875
vt 0.65625 0.484375
vt 0.5 0.484375
vt 0.5 0.46875
vt 0.65625 0.46875
vt 0.65625 0.484375
vt 0.5 0.484375
vt 0.5 0.46875
vt 0.515625 0.46875
vt 0.515625 0.484375
vt 0.5 0.484375
vt 0.5 0.46875
vt 0.515625 0.46875
vt 0.515625 0.484375
vt 0.5 0.484375
vt 0.5 0.46875
vt 0.65625 0.46875
vt 0.65625 0.484375
vt 0.5 0.484375
vt 0.5 0.46875
vt 0.65625 0.46875
vt 0.65625 0.484375
vt 0.5 0.484375
vt 0.5 0.46875
vt 0.65625 0.46875
vt 0.65625 0.484375
vt 0.5 0.484375
vt 0.5 0.46875
vt 0.65625 0.46875
vt 0.65625 0.484375
vt 0.5 0.484375
vt 0.5 0.46875
vt 0.515625 0.390625
vt 0.515625 0.484375
vt 0.5 0.484375
vt 0.5 0.390625
vt 0.515625 0.390625
vt 0.515625 0.484375
vt 0.5 0.484375
vt 0.5 0.390625
vt 0.53125 0.4375
vt 0.53125 0.453125
vt 0.515625 0.453125
vt 0.515625 0.4375
vt 0.546875 0.4375
vt 0.546875 0.453125
vt 0.53125 0.453125
vt 0.53125 0.4375
vt 0.515625 0.390625
vt 0.515625 0.484375
vt 0.5 0.484375
vt 0.5 0.390625
vt 0.515625 0.390625
vt 0.515625 0.484375
vt 0.5 0.484375
vt 0.5 0.390625
vt 0.0625 0.875
vt 0.0625 0.9375
vt 0 0.9375
vt 0 0.875
vt 0.125 0.875
vt 0.125 0.9375
vt 0.0625 0.9375
vt 0.0625 0.875
vt 0.625 0.875
vt 0.625 0.9375
vt 0 0.9375
vt 0 0.875
vt 0.625 0.9375
vt 0.625 1
vt 0 1
vt 0 0.9375
vt 0.625 0.875
vt 0.625 0.9375
vt 0 0.9375
vt 0 0.875
vt 0.625 0.875
vt 0.625 0.9375
vt 0 0.9375
vt 0 0.875
vt 0.53125 0.4375
vt 0.53125 0.484375
vt 0.5 0.484375
vt 0.5 0.4375
vt 0.53125 0.4375
vt 0.53125 0.484375
vt 0.5 0.484375
vt 0.5 0.4375
vt 0.546875 0.453125
vt 0.546875 0.484375
vt 0.5 0.484375
vt 0.5 0.453125
vt 0.546875 0.453125
vt 0.546875 0.484375
vt 0.5 0.484375
vt 0.5 0.453125
vt 0.546875 0.4375
vt 0.546875 0.484375
vt 0.5 0.484375
vt 0.5 0.4375
vt 0.546875 0.4375
vt 0.546875 0.484375
vt 0.5 0.484375
vt 0.5 0.4375
vt 0.53125 0.4375
vt 0.53125 0.484375
vt 0.5 0.484375
vt 0.5 0.4375
vt 0.53125 0.4375
vt 0.53125 0.484375
vt 0.5 0.484375
vt 0.5 0.4375
vt 0.546875 0.453125
vt 0.546875 0.484375
vt 0.5 0.484375
vt 0.5 0.453125
vt 0.546875 0.453125
vt 0.546875 0.484375
vt 0.5 0.484375
vt 0.5 0.453125
vt 0.546875 0.4375
vt 0.546875 0.484375
vt 0.5 0.484375
vt 0.5 0.4375
vt 0.546875 0.4375
vt 0.546875 0.484375
vt 0.5 0.484375
vt 0.5 0.4375
vt 1 0
vt 1 0.0625
vt 0.125 0.0625
vt 0.125 0
vt 1 0.125
vt 1 0.0625
vt 0.125 0.0625
vt 0.125 0.125
vt 1 0
vt 1 0.875
vt 0.125 0.875
vt 0.125 0
vt 1 0
vt 1 0.875
vt 0.125 0.875
vt 0.125 0
vt 1 0
vt 1 0.0625
vt 0.125 0.0625
vt 0.125 0
vt 1 0
vt 1 0.0625
vt 0.125 0.0625
vt 0.125 0
vt 1 0
vt 1 0.8125
vt 0.9375 0.8125
vt 0.9375 0
vt 1 0
vt 1 0.8125
vt 0.9375 0.8125
vt 0.9375 0
vt 1 0
vt 1 0.0625
vt 0.9375 0.0625
vt 0.9375 0
vt 1 0
vt 1 0.0625
vt 0.9375 0.0625
vt 0.9375 0
vt 1 0
vt 1 0.8125
vt 0.9375 0.8125
vt 0.9375 0
vt 1 0
vt 1 0.8125
vt 0.9375 0.8125
vt 0.9375 0
vt 1 0
vt 1 0.8125
vt 0.9375 0.8125
vt 0.9375 0
vt 1 0
vt 1 0.8125
vt 0.9375 0.8125
vt 0.9375 0
vt 1 0
vt 1 0.0625
vt 0.9375 0.0625
vt 0.9375 0
vt 1 0
vt 1 0.0625
vt 0.9375 0.0625
vt 0.9375 0
vt 1 0
vt 1 0.8125
vt 0.9375 0.8125
vt 0.9375 0
vt 1 0
vt 1 0.8125
vt 0.9375 0.8125
vt 0.9375 0
vt 1 0
vt 1 0.0625
vt 0.375 0.0625
vt 0.375 0
vt 1 0
vt 1 0.0625
vt 0.375 0.0625
vt 0.375 0
vt 1 0
vt 1 0.625
vt 0.9375 0.625
vt 0.9375 0
vt 1 0
vt 1 0.625
vt 0.9375 0.625
vt 0.9375 0
vt 1 0
vt 1 0.0625
vt 0.9375 0.0625
vt 0.9375 0
vt 1 0
vt 1 0.0625
vt 0.9375 0.0625
vt 0.9375 0
vt 1 0
vt 1 0.0625
vt 0.375 0.0625
vt 0.375 0
vt 1 0
vt 1 0.0625
vt 0.375 0.0625
vt 0.375 0
vt 1 0
vt 1 0.625
vt 0.9375 0.625
vt 0.9375 0
vt 1 0
vt 1 0.625
vt 0.9375 0.625
vt 0.9375 0
vt 1 0
vt 1 0.0625
vt 0.9375 0.0625
vt 0.9375 0
vt 1 0
vt 1 0.0625
vt 0.9375 0.0625
vt 0.9375 0
vt 1 0
vt 1 0.0625
vt 0.9375 0.0625
vt 0.9375 0
vt 1 0
vt 1 0.0625
vt 0.9375 0.0625
vt 0.9375 0
vt 1 0
vt 1 0.0625
vt 0.375 0.0625
vt 0.375 0
vt 1 0
vt 1 0.0625
vt 0.375 0.0625
vt 0.375 0
vt 1 0
vt 1 0.0625
vt 0.375 0.0625
vt 0.375 0
vt 1 0
vt 1 0.0625
vt 0.375 0.0625
vt 0.375 0
vt 0.15625 0.984375
vt 0.15625 1
vt 0 1
vt 0 0.984375
vt 0.15625 0.984375
vt 0.15625 1
vt 0 1
vt 0 0.984375
vt 0.15625 0.84375
vt 0.15625 1
vt 0 1
vt 0 0.84375
vt 0.15625 0.84375
vt 0.15625 1
vt 0 1
vt 0 0.84375
vt 0.15625 0.984375
vt 0.15625 1
vt 0 1
vt 0 0.984375
vt 0.15625 0.984375
vt 0.15625 1
vt 0 1
vt 0 0.984375
vt 0.0625 0.5
vt 0.0625 1
vt 0 1
vt 0 0.5
vt 0.0625 0.5
vt 0.0625 1
vt 0 1
vt 0 0.5
vt 0.0625 0.9375
vt 0.0625 1
vt 0 1
vt 0 0.9375
vt 0.0625 0.9375
vt 0.0625 1
vt 0 1
vt 0 0.9375
vt 0.0625 0.5
vt 0.0625 1
vt 0 1
vt 0 0.5
vt 0.0625 0.5
vt 0.0625 1
vt 0 1
vt 0 0.5
vt 0.0625 0.5
vt 0.0625 1
vt 0 1
vt 0 0.5
vt 0.0625 0.5
vt 0.0625 1
vt 0 1
vt 0 0.5
vt 0.0625 0.9375
vt 0.0625 1
vt 0 1
vt 0 0.9375
vt 0.0625 0.9375
vt 0.0625 1
vt 0 1
vt 0 0.9375
vt 0.0625 0.5
vt 0.0625 1
vt 0 1
vt 0 0.5
vt 0.0625 0.5
vt 0.0625 1
vt 0 1
vt 0 0.5
vt 0.125 0.9375
vt 0.125 1
vt 0 1
vt 0 0.9375
vt 0.125 0.9375
vt 0.125 1
vt 0 1
vt 0 0.9375
vt 0.25 0.875
vt 0.25 1
vt 0 1
vt 0 0.875
vt 0.25 0.875
vt 0.25 1
vt 0 1
vt 0 0.875
vt 0.25 0.9375
vt 0.25 1
vt 0 1
vt 0 0.9375
vt 0.25 0.9375
vt 0.25 1
vt 0 1
vt 0 0.9375
vt 0.53125 0.390625
vt 0.53125 0.484375
vt 0.5 0.484375
vt 0.5 0.390625
vt 0.53125 0.390625
vt 0.53125 0.484375
vt 0.5 0.484375
vt 0.5 0.390625
vt 0.609375 0.453125
vt 0.609375 0.484375
vt 0.5 0.484375
vt 0.5 0.453125
vt 0.609375 0.453125
vt 0.609375 0.484375
vt 0.5 0.484375
vt 0.5 0.453125
vt 0.40625 0.625
vt 0.40625 0.71875
vt 0.296875 0.71875
vt 0.296875 0.625
vt 0.40625 0.625
vt 0.40625 0.71875
vt 0.296875 0.71875
vt 0.296875 0.625
vt 0.59375 0.46875
vt 0.59375 0.484375
vt 0.5 0.484375
vt 0.5 0.46875
vt 0.59375 0.46875
vt 0.59375 0.484375
vt 0.5 0.484375
vt 0.5 0.46875
vt 0.53125 0.4375
vt 0.53125 0.484375
vt 0.5 0.484375
vt 0.5 0.4375
vt 0.53125 0.4375
vt 0.53125 0.484375
vt 0.5 0.484375
vt 0.5 0.4375
vt 0.53125 0.46875
vt 0.53125 0.484375
vt 0.5 0.484375
vt 0.5 0.46875
vt 0.53125 0.46875
vt 0.53125 0.484375
vt 0.5 0.484375
vt 0.5 0.46875
vt 0.5625 0.46875
vt 0.5625 0.484375
vt 0.5 0.484375
vt 0.5 0.46875
vt 0.5625 0.46875
vt 0.5625 0.484375
vt 0.5 0.484375
vt 0.5 0.46875
vt 0.51953125 0.453125
vt 0.51953125 0.484375
vt 0.5 0.484375
vt 0.5 0.453125
vt 0.51953125 0.453125
vt 0.51953125 0.484375
vt 0.5 0.484375
vt 0.5 0.453125
vt 0.51953125 0.46875
vt 0.51953125 0.484375
vt 0.5 0.484375
vt 0.5 0.46875
vt 0.51953125 0.46875
vt 0.51953125 0.484375
vt 0.5 0.484375
vt 0.5 0.46875
vt 0.5625 0.46875
vt 0.5625 0.484375
vt 0.5 0.484375
vt 0.5 0.46875
vt 0.5625 0.46875
vt 0.5625 0.484375
vt 0.5 0.484375
vt 0.5 0.46875
vt 0.51953125 0.453125
vt 0.51953125 0.484375
vt 0.5 0.484375
vt 0.5 0.453125
vt 0.51953125 0.453125
vt 0.51953125 0.484375
vt 0.5 0.484375
vt 0.5 0.453125
vt 0.51953125 0.46875
vt 0.51953125 0.484375
vt 0.5 0.484375
vt 0.5 0.46875
vt 0.51953125 0.46875
vt 0.51953125 0.484375
vt 0.5 0.484375
vt 0.5 0.46875
vt 0.59375 0.46875
vt 0.59375 0.484375
vt 0.5 0.484375
vt 0.5 0.46875
vt 0.59375 0.46875
vt 0.59375 0.484375
vt 0.5 0.484375
vt 0.5 0.46875
vt 0.53125 0.4375
vt 0.53125 0.484375
vt 0.5 0.484375
vt 0.5 0.4375
vt 0.53125 0.4375
vt 0.53125 0.484375
vt 0.5 0.484375
vt 0.5 0.4375
vt 0.53125 0.46875
vt 0.53125 0.484375
vt 0.5 0.484375
vt 0.5 0.46875
vt 0.53125 0.46875
vt 0.53125 0.484375
vt 0.5 0.484375
vt 0.5 0.46875
vt 0.5625 0.46875
vt 0.5625 0.484375
vt 0.5 0.484375
vt 0.5 0.46875
vt 0.5625 0.46875
vt 0.5625 0.484375
vt 0.5 0.484375
vt 0.5 0.46875
vt 0.51953125 0.453125
vt 0.51953125 0.484375
vt 0.5 0.484375
vt 0.5 0.453125
vt 0.51953125 0.453125
vt 0.51953125 0.484375
vt 0.5 0.484375
vt 0.5 0.453125
vt 0.51953125 0.46875
vt 0.51953125 0.484375
vt 0.5 0.484375
vt 0.5 0.46875
vt 0.51953125 0.46875
vt 0.51953125 0.484375
vt 0.5 0.484375
vt 0.5 0.46875
vt 0.5625 0.46875
vt 0.5625 0.484375
vt 0.5 0.484375
vt 0.5 0.46875
vt 0.5625 0.46875
vt 0.5625 0.484375
vt 0.5 0.484375
vt 0.5 0.46875
vt 0.51953125 0.453125
vt 0.51953125 0.484375
vt 0.5 0.484375
vt 0.5 0.453125
vt 0.51953125 0.453125
vt 0.51953125 0.484375
vt 0.5 0.484375
vt 0.5 0.453125
vt 0.51953125 0.46875
vt 0.51953125 0.484375
vt 0.5 0.484375
vt 0.5 0.46875
vt 0.51953125 0.46875
vt 0.51953125 0.484375
vt 0.5 0.484375
vt 0.5 0.46875
vt 0.59375 0.46875
vt 0.59375 0.484375
vt 0.5 0.484375
vt 0.5 0.46875
vt 0.59375 0.46875
vt 0.59375 0.484375
vt 0.5 0.484375
vt 0.5 0.46875
vt 0.53125 0.4375
vt 0.53125 0.484375
vt 0.5 0.484375
vt 0.5 0.4375
vt 0.53125 0.4375
vt 0.53125 0.484375
vt 0.5 0.484375
vt 0.5 0.4375
vt 0.53125 0.46875
vt 0.53125 0.484375
vt 0.5 0.484375
vt 0.5 0.46875
vt 0.53125 0.46875
vt 0.53125 0.484375
vt 0.5 0.484375
vt 0.5 0.46875
vt 0.5625 0.46875
vt 0.5625 0.484375
vt 0.5 0.484375
vt 0.5 0.46875
vt 0.5625 0.46875
vt 0.5625 0.484375
vt 0.5 0.484375
vt 0.5 0.46875
vt 0.51953125 0.453125
vt 0.51953125 0.484375
vt 0.5 0.484375
vt 0.5 0.453125
vt 0.51953125 0.453125
vt 0.51953125 0.484375
vt 0.5 0.484375
vt 0.5 0.453125
vt 0.51953125 0.46875
vt 0.51953125 0.484375
vt 0.5 0.484375
vt 0.5 0.46875
vt 0.51953125 0.46875
vt 0.51953125 0.484375
vt 0.5 0.484375
vt 0.5 0.46875
vt 0.5625 0.46875
vt 0.5625 0.484375
vt 0.5 0.484375
vt 0.5 0.46875
vt 0.5625 0.46875
vt 0.5625 0.484375
vt 0.5 0.484375
vt 0.5 0.46875
vt 0.51953125 0.453125
vt 0.51953125 0.484375
vt 0.5 0.484375
vt 0.5 0.453125
vt 0.51953125 0.453125
vt 0.51953125 0.484375
vt 0.5 0.484375
vt 0.5 0.453125
vt 0.51953125 0.46875
vt 0.51953125 0.484375
vt 0.5 0.484375
vt 0.5 0.46875
vt 0.51953125 0.46875
vt 0.51953125 0.484375
vt 0.5 0.484375
vt 0.5 0.46875
vt 0.328125 0.3046875
vt 0.328125 0.3125
vt 0.296875 0.3125
vt 0.296875 0.3046875
vt 0.328125 0.3046875
vt 0.328125 0.3125
vt 0.296875 0.3125
vt 0.296875 0.3046875
vt 0.328125 0.21875
vt 0.328125 0.3125
vt 0.296875 0.3125
vt 0.296875 0.21875
vt 0.328125 0.21875
vt 0.328125 0.3125
vt 0.296875 0.3125
vt 0.296875 0.21875
vt 0.328125 0.3046875
vt 0.328125 0.3125
vt 0.296875 0.3125
vt 0.296875 0.3046875
vt 0.328125 0.3046875
vt 0.328125 0.3125
vt 0.296875 0.3125
vt 0.296875 0.3046875
vt 0.328125 0.26534734375
vt 0.328125 0.28125
vt 0.3125 0.28125
vt 0.3125 0.26534734375
vt 0.34375 0.26534734375
vt 0.34375 0.28125
vt 0.328125 0.28125
vt 0.328125 0.26534734375
vt 0.3209271875 0.296875
vt 0.3209271875 0.3125
vt 0.3131146875 0.3125
vt 0.3131146875 0.296875
vt 0.3678021875 0.296875
vt 0.3678021875 0.3125
vt 0.3599896875 0.3125
vt 0.3599896875 0.296875
vt 0.3678021875 0.26534734375
vt 0.3678021875 0.28125
vt 0.3599896875 0.28125
vt 0.3599896875 0.26534734375
vt 0.296875 0.26534734375
vt 0.296875 0.28125
vt 0.2890625 0.28125
vt 0.2890625 0.26534734375
vt 0.328125 0.26534734375
vt 0.328125 0.28125
vt 0.3125 0.28125
vt 0.3125 0.26534734375
vt 0.34375 0.26534734375
vt 0.34375 0.28125
vt 0.328125 0.28125
vt 0.328125 0.26534734375
vt 0.3209271875 0.296875
vt 0.3209271875 0.3125
vt 0.3131146875 0.3125
vt 0.3131146875 0.296875
vt 0.3678021875 0.296875
vt 0.3678021875 0.3125
vt 0.3599896875 0.3125
vt 0.3599896875 0.296875
vt 0.3678021875 0.26534734375
vt 0.3678021875 0.28125
vt 0.3599896875 0.28125
vt 0.3599896875 0.26534734375
vt 0.296875 0.26534734375
vt 0.296875 0.28125
vt 0.2890625 0.28125
vt 0.2890625 0.26534734375
vt 0.328125 0.3046875
vt 0.328125 0.3125
vt 0.296875 0.3125
vt 0.296875 0.3046875
vt 0.328125 0.3046875
vt 0.328125 0.3125
vt 0.296875 0.3125
vt 0.296875 0.3046875
vt 0.328125 0.21875
vt 0.328125 0.3125
vt 0.296875 0.3125
vt 0.296875 0.21875
vt 0.328125 0.21875
vt 0.328125 0.3125
vt 0.296875 0.3125
vt 0.296875 0.21875
vt 0.328125 0.3046875
vt 0.328125 0.3125
vt 0.296875 0.3125
vt 0.296875 0.3046875
vt 0.328125 0.3046875
vt 0.328125 0.3125
vt 0.296875 0.3125
vt 0.296875 0.3046875
vt 0.328125 0.26534734375
vt 0.328125 0.28125
vt 0.3125 0.28125
vt 0.3125 0.26534734375
vt 0.34375 0.26534734375
vt 0.34375 0.28125
vt 0.328125 0.28125
vt 0.328125 0.26534734375
vt 0.3209271875 0.296875
vt 0.3209271875 0.3125
vt 0.3131146875 0.3125
vt 0.3131146875 0.296875
vt 0.3678021875 0.296875
vt 0.3678021875 0.3125
vt 0.3599896875 0.3125
vt 0.3599896875 0.296875
vt 0.3678021875 0.26534734375
vt 0.3678021875 0.28125
vt 0.3599896875 0.28125
vt 0.3599896875 0.26534734375
vt 0.296875 0.26534734375
vt 0.296875 0.28125
vt 0.2890625 0.28125
vt 0.2890625 0.26534734375
vt 0.328125 0.26534734375
vt 0.328125 0.28125
vt 0.3125 0.28125
vt 0.3125 0.26534734375
vt 0.34375 0.26534734375
vt 0.34375 0.28125
vt 0.328125 0.28125
vt 0.328125 0.26534734375
vt 0.3209271875 0.296875
vt 0.3209271875 0.3125
vt 0.3131146875 0.3125
vt 0.3131146875 0.296875
vt 0.3678021875 0.296875
vt 0.3678021875 0.3125
vt 0.3599896875 0.3125
vt 0.3599896875 0.296875
vt 0.3678021875 0.26534734375
vt 0.3678021875 0.28125
vt 0.3599896875 0.28125
vt 0.3599896875 0.26534734375
vt 0.296875 0.26534734375
vt 0.296875 0.28125
vt 0.2890625 0.28125
vt 0.2890625 0.26534734375
vt 0.328125 0.3046875
vt 0.328125 0.3125
vt 0.296875 0.3125
vt 0.296875 0.3046875
vt 0.328125 0.3046875
vt 0.328125 0.3125
vt 0.296875 0.3125
vt 0.296875 0.3046875
vt 0.328125 0.21875
vt 0.328125 0.3125
vt 0.296875 0.3125
vt 0.296875 0.21875
vt 0.328125 0.21875
vt 0.328125 0.3125
vt 0.296875 0.3125
vt 0.296875 0.21875
vt 0.328125 0.3046875
vt 0.328125 0.3125
vt 0.296875 0.3125
vt 0.296875 0.3046875
vt 0.328125 0.3046875
vt 0.328125 0.3125
vt 0.296875 0.3125
vt 0.296875 0.3046875
vt 0.328125 0.26534734375
vt 0.328125 0.28125
vt 0.3125 0.28125
vt 0.3125 0.26534734375
vt 0.34375 0.26534734375
vt 0.34375 0.28125
vt 0.328125 0.28125
vt 0.328125 0.26534734375
vt 0.3209271875 0.296875
vt 0.3209271875 0.3125
vt 0.3131146875 0.3125
vt 0.3131146875 0.296875
vt 0.3678021875 0.296875
vt 0.3678021875 0.3125
vt 0.3599896875 0.3125
vt 0.3599896875 0.296875
vt 0.3678021875 0.26534734375
vt 0.3678021875 0.28125
vt 0.3599896875 0.28125
vt 0.3599896875 0.26534734375
vt 0.296875 0.26534734375
vt 0.296875 0.28125
vt 0.2890625 0.28125
vt 0.2890625 0.26534734375
vt 0.328125 0.26534734375
vt 0.328125 0.28125
vt 0.3125 0.28125
vt 0.3125 0.26534734375
vt 0.34375 0.26534734375
vt 0.34375 0.28125
vt 0.328125 0.28125
vt 0.328125 0.26534734375
vt 0.3209271875 0.296875
vt 0.3209271875 0.3125
vt 0.3131146875 0.3125
vt 0.3131146875 0.296875
vt 0.3678021875 0.296875
vt 0.3678021875 0.3125
vt 0.3599896875 0.3125
vt 0.3599896875 0.296875
vt 0.3678021875 0.26534734375
vt 0.3678021875 0.28125
vt 0.3599896875 0.28125
vt 0.3599896875 0.26534734375
vt 0.296875 0.26534734375
vt 0.296875 0.28125
vt 0.2890625 0.28125
vt 0.2890625 0.26534734375
vt 0.328125 0.3046875
vt 0.328125 0.3125
vt 0.296875 0.3125
vt 0.296875 0.3046875
vt 0.328125 0.3046875
vt 0.328125 0.3125
vt 0.296875 0.3125
vt 0.296875 0.3046875
vt 0.328125 0.21875
vt 0.328125 0.3125
vt 0.296875 0.3125
vt 0.296875 0.21875
vt 0.328125 0.21875
vt 0.328125 0.3125
vt 0.296875 0.3125
vt 0.296875 0.21875
vt 0.328125 0.3046875
vt 0.328125 0.3125
vt 0.296875 0.3125
vt 0.296875 0.3046875
vt 0.328125 0.3046875
vt 0.328125 0.3125
vt 0.296875 0.3125
vt 0.296875 0.3046875
vt 0.328125 0.26534734375
vt 0.328125 0.28125
vt 0.3125 0.28125
vt 0.3125 0.26534734375
vt 0.34375 0.26534734375
vt 0.34375 0.28125
vt 0.328125 0.28125
vt 0.328125 0.26534734375
vt 0.3209271875 0.296875
vt 0.3209271875 0.3125
vt 0.3131146875 0.3125
vt 0.3131146875 0.296875
vt 0.3678021875 0.296875
vt 0.3678021875 0.3125
vt 0.3599896875 0.3125
vt 0.3599896875 0.296875
vt 0.3678021875 0.26534734375
vt 0.3678021875 0.28125
vt 0.3599896875 0.28125
vt 0.3599896875 0.26534734375
vt 0.296875 0.26534734375
vt 0.296875 0.28125
vt 0.2890625 0.28125
vt 0.2890625 0.26534734375
vt 0.328125 0.26534734375
vt 0.328125 0.28125
vt 0.3125 0.28125
vt 0.3125 0.26534734375
vt 0.34375 0.26534734375
vt 0.34375 0.28125
vt 0.328125 0.28125
vt 0.328125 0.26534734375
vt 0.3209271875 0.296875
vt 0.3209271875 0.3125
vt 0.3131146875 0.3125
vt 0.3131146875 0.296875
vt 0.3678021875 0.296875
vt 0.3678021875 0.3125
vt 0.3599896875 0.3125
vt 0.3599896875 0.296875
vt 0.3678021875 0.26534734375
vt 0.3678021875 0.28125
vt 0.3599896875 0.28125
vt 0.3599896875 0.26534734375
vt 0.296875 0.26534734375
vt 0.296875 0.28125
vt 0.2890625 0.28125
vt 0.2890625 0.26534734375
vt 0.59375 0.46875
vt 0.59375 0.484375
vt 0.5 0.484375
vt 0.5 0.46875
vt 0.59375 0.46875
vt 0.59375 0.484375
vt 0.5 0.484375
vt 0.5 0.46875
vt 0.53125 0.4375
vt 0.53125 0.484375
vt 0.5 0.484375
vt 0.5 0.4375
vt 0.53125 0.4375
vt 0.53125 0.484375
vt 0.5 0.484375
vt 0.5 0.4375
vt 0.53125 0.46875
vt 0.53125 0.484375
vt 0.5 0.484375
vt 0.5 0.46875
vt 0.53125 0.46875
vt 0.53125 0.484375
vt 0.5 0.484375
vt 0.5 0.46875
vt 0.5625 0.46875
vt 0.5625 0.484375
vt 0.5 0.484375
vt 0.5 0.46875
vt 0.5625 0.46875
vt 0.5625 0.484375
vt 0.5 0.484375
vt 0.5 0.46875
vt 0.51953125 0.453125
vt 0.51953125 0.484375
vt 0.5 0.484375
vt 0.5 0.453125
vt 0.51953125 0.453125
vt 0.51953125 0.484375
vt 0.5 0.484375
vt 0.5 0.453125
vt 0.51953125 0.46875
vt 0.51953125 0.484375
vt 0.5 0.484375
vt 0.5 0.46875
vt 0.51953125 0.46875
vt 0.51953125 0.484375
vt 0.5 0.484375
vt 0.5 0.46875
vt 0.5625 0.46875
vt 0.5625 0.484375
vt 0.5 0.484375
vt 0.5 0.46875
vt 0.5625 0.46875
vt 0.5625 0.484375
vt 0.5 0.484375
vt 0.5 0.46875
vt 0.51953125 0.453125
vt 0.51953125 0.484375
vt 0.5 0.484375
vt 0.5 0.453125
vt 0.51953125 0.453125
vt 0.51953125 0.484375
vt 0.5 0.484375
vt 0.5 0.453125
vt 0.51953125 0.46875
vt 0.51953125 0.484375
vt 0.5 0.484375
vt 0.5 0.46875
vt 0.51953125 0.46875
vt 0.51953125 0.484375
vt 0.5 0.484375
vt 0.5 0.46875
vt 0.59375 0.46875
vt 0.59375 0.484375
vt 0.5 0.484375
vt 0.5 0.46875
vt 0.59375 0.46875
vt 0.59375 0.484375
vt 0.5 0.484375
vt 0.5 0.46875
vt 0.53125 0.4375
vt 0.53125 0.484375
vt 0.5 0.484375
vt 0.5 0.4375
vt 0.53125 0.4375
vt 0.53125 0.484375
vt 0.5 0.484375
vt 0.5 0.4375
vt 0.53125 0.46875
vt 0.53125 0.484375
vt 0.5 0.484375
vt 0.5 0.46875
vt 0.53125 0.46875
vt 0.53125 0.484375
vt 0.5 0.484375
vt 0.5 0.46875
vt 0.5625 0.46875
vt 0.5625 0.484375
vt 0.5 0.484375
vt 0.5 0.46875
vt 0.5625 0.46875
vt 0.5625 0.484375
vt 0.5 0.484375
vt 0.5 0.46875
vt 0.51953125 0.453125
vt 0.51953125 0.484375
vt 0.5 0.484375
vt 0.5 0.453125
vt 0.51953125 0.453125
vt 0.51953125 0.484375
vt 0.5 0.484375
vt 0.5 0.453125
vt 0.51953125 0.46875
vt 0.51953125 0.484375
vt 0.5 0.484375
vt 0.5 0.46875
vt 0.51953125 0.46875
vt 0.51953125 0.484375
vt 0.5 0.484375
vt 0.5 0.46875
vt 0.5625 0.46875
vt 0.5625 0.484375
vt 0.5 0.484375
vt 0.5 0.46875
vt 0.5625 0.46875
vt 0.5625 0.484375
vt 0.5 0.484375
vt 0.5 0.46875
vt 0.51953125 0.453125
vt 0.51953125 0.484375
vt 0.5 0.484375
vt 0.5 0.453125
vt 0.51953125 0.453125
vt 0.51953125 0.484375
vt 0.5 0.484375
vt 0.5 0.453125
vt 0.51953125 0.46875
vt 0.51953125 0.484375
vt 0.5 0.484375
vt 0.5 0.46875
vt 0.51953125 0.46875
vt 0.51953125 0.484375
vt 0.5 0.484375
vt 0.5 0.46875
vt 0.3125 0.9375
vt 0.3125 1
vt 0 1
vt 0 0.9375
vt 0.3125 0.9375
vt 0.3125 1
vt 0 1
vt 0 0.9375
vt 0.125 0.6875
vt 0.125 1
vt 0 1
vt 0 0.6875
vt 0.125 0.6875
vt 0.125 1
vt 0 1
vt 0 0.6875
vt 0.125 0.9375
vt 0.125 1
vt 0 1
vt 0 0.9375
vt 0.125 0.9375
vt 0.125 1
vt 0 1
vt 0 0.9375
vt 0.0625 0.1875
vt 0.0625 1
vt 0 1
vt 0 0.1875
vt 0.0625 0.1875
vt 0.0625 1
vt 0 1
vt 0 0.1875
vt 0.0625 0.9375
vt 0.0625 1
vt 0 1
vt 0 0.9375
vt 0.0625 0.9375
vt 0.0625 1
vt 0 1
vt 0 0.9375
vt 0.0625 0.1875
vt 0.0625 1
vt 0 1
vt 0 0.1875
vt 0.0625 0.1875
vt 0.0625 1
vt 0 1
vt 0 0.1875
vt 0.0625 0.1875
vt 0.0625 1
vt 0 1
vt 0 0.1875
vt 0.0625 0.1875
vt 0.0625 1
vt 0 1
vt 0 0.1875
vt 0.0625 0.9375
vt 0.0625 1
vt 0 1
vt 0 0.9375
vt 0.0625 0.9375
vt 0.0625 1
vt 0 1
vt 0 0.9375
vt 0.0625 0.1875
vt 0.0625 1
vt 0 1
vt 0 0.1875
vt 0.0625 0.1875
vt 0.0625 1
vt 0 1
vt 0 0.1875
vt 0.4375 0.9375
vt 0.4375 1
vt 0 1
vt 0 0.9375
vt 0.4375 0.9375
vt 0.4375 1
vt 0 1
vt 0 0.9375
vt 0.5 0.5625
vt 0.5 1
vt 0 1
vt 0 0.5625
vt 0.5 0.5625
vt 0.5 1
vt 0 1
vt 0 0.5625
vt 0.5 0.9375
vt 0.5 1
vt 0 1
vt 0 0.9375
vt 0.5 0.9375
vt 0.5 1
vt 0 1
vt 0 0.9375
vt 0.3125 0.9375
vt 0.3125 1
vt 0 1
vt 0 0.9375
vt 0.3125 0.9375
vt 0.3125 1
vt 0 1
vt 0 0.9375
vt 0.0625 0.6875
vt 0.0625 1
vt 0 1
vt 0 0.6875
vt 0.0625 0.6875
vt 0.0625 1
vt 0 1
vt 0 0.6875
vt 0.0625 0.9375
vt 0.0625 1
vt 0 1
vt 0 0.9375
vt 0.0625 0.9375
vt 0.0625 1
vt 0 1
vt 0 0.9375
vt 0.3125 0.9375
vt 0.3125 1
vt 0 1
vt 0 0.9375
vt 0.3125 0.9375
vt 0.3125 1
vt 0 1
vt 0 0.9375
vt 0.0625 0.6875
vt 0.0625 1
vt 0 1
vt 0 0.6875
vt 0.0625 0.6875
vt 0.0625 1
vt 0 1
vt 0 0.6875
vt 0.0625 0.9375
vt 0.0625 1
vt 0 1
vt 0 0.9375
vt 0.0625 0.9375
vt 0.0625 1
vt 0 1
vt 0 0.9375
vt 0.0625 0.9375
vt 0.0625 1
vt 0 1
vt 0 0.9375
vt 0.0625 0.9375
vt 0.0625 1
vt 0 1
vt 0 0.9375
vt 0.5625 0.9375
vt 0.5625 1
vt 0 1
vt 0 0.9375
vt 0.5625 0.9375
vt 0.5625 1
vt 0 1
vt 0 0.9375
vt 0.5625 0.9375
vt 0.5625 1
vt 0 1
vt 0 0.9375
vt 0.5625 0.9375
vt 0.5625 1
vt 0 1
vt 0 0.9375
vt 0.296875 0.6875
vt 0.296875 0.734375
vt 0.265625 0.734375
vt 0.265625 0.6875
vt 0.296875 0.6875
vt 0.296875 0.734375
vt 0.265625 0.734375
vt 0.265625 0.6875
vt 0.328125 0.703125
vt 0.328125 0.734375
vt 0.265625 0.734375
vt 0.265625 0.703125
vt 0.328125 0.703125
vt 0.328125 0.734375
vt 0.265625 0.734375
vt 0.265625 0.703125
vt 0.328125 0.6875
vt 0.328125 0.734375
vt 0.265625 0.734375
vt 0.265625 0.6875
vt 0.328125 0.6875
vt 0.328125 0.734375
vt 0.265625 0.734375
vt 0.265625 0.6875
vt 0.296875 0.6875
vt 0.296875 0.734375
vt 0.265625 0.734375
vt 0.265625 0.6875
vt 0.296875 0.6875
vt 0.296875 0.734375
vt 0.265625 0.734375
vt 0.265625 0.6875
vt 0.328125 0.703125
vt 0.328125 0.734375
vt 0.265625 0.734375
vt 0.265625 0.703125
vt 0.328125 0.703125
vt 0.328125 0.734375
vt 0.265625 0.734375
vt 0.265625 0.703125
vt 0.328125 0.6875
vt 0.328125 0.734375
vt 0.265625 0.734375
vt 0.265625 0.6875
vt 0.484375 0.328125
vt 0.484375 0.375
vt 0.421875 0.375
vt 0.421875 0.328125
vt 0.29375 0.6875
vt 0.29375 0.734375
vt 0.265625 0.734375
vt 0.265625 0.6875
vt 0.29375 0.6875
vt 0.29375 0.734375
vt 0.265625 0.734375
vt 0.265625 0.6875
vt 0.34765625 0.70625
vt 0.34765625 0.734375
vt 0.265625 0.734375
vt 0.265625 0.70625
vt 0.34765625 0.70625
vt 0.34765625 0.734375
vt 0.265625 0.734375
vt 0.265625 0.70625
vt 0.34765625 0.6875
vt 0.34765625 0.734375
vt 0.265625 0.734375
vt 0.265625 0.6875
vt 0.34765625 0.265625
vt 0.34765625 0.3125
vt 0.265625 0.3125
vt 0.265625 0.265625
vt 0.29375 0.6875
vt 0.29375 0.734375
vt 0.265625 0.734375
vt 0.265625 0.6875
vt 0.29375 0.6875
vt 0.29375 0.734375
vt 0.265625 0.734375
vt 0.265625 0.6875
vt 0.34765625 0.70625
vt 0.34765625 0.734375
vt 0.265625 0.734375
vt 0.265625 0.70625
vt 0.34765625 0.70625
vt 0.34765625 0.734375
vt 0.265625 0.734375
vt 0.265625 0.70625
vt 0.34765625 0.6875
vt 0.34765625 0.734375
vt 0.265625 0.734375
vt 0.265625 0.6875
vt 0.47265625 0.328125
vt 0.47265625 0.375
vt 0.390625 0.375
vt 0.390625 0.328125
vt 0.29375 0.6875
vt 0.29375 0.734375
vt 0.265625 0.734375
vt 0.265625 0.6875
vt 0.29375 0.6875
vt 0.29375 0.734375
vt 0.265625 0.734375
vt 0.265625 0.6875
vt 0.34765625 0.70625
vt 0.34765625 0.734375
vt 0.265625 0.734375
vt 0.265625 0.70625
vt 0.34765625 0.70625
vt 0.34765625 0.734375
vt 0.265625 0.734375
vt 0.265625 0.70625
vt 0.34765625 0.6875
vt 0.34765625 0.734375
vt 0.265625 0.734375
vt 0.265625 0.6875
vt 0.34765625 0.265625
vt 0.34765625 0.3125
vt 0.265625 0.3125
vt 0.265625 0.265625
vt 0.29375 0.6875
vt 0.29375 0.734375
vt 0.265625 0.734375
vt 0.265625 0.6875
vt 0.29375 0.6875
vt 0.29375 0.734375
vt 0.265625 0.734375
vt 0.265625 0.6875
vt 0.34765625 0.70625
vt 0.34765625 0.734375
vt 0.265625 0.734375
vt 0.265625 0.70625
vt 0.34765625 0.70625
vt 0.34765625 0.734375
vt 0.265625 0.734375
vt 0.265625 0.70625
vt 0.34765625 0.6875
vt 0.34765625 0.734375
vt 0.265625 0.734375
vt 0.265625 0.6875
vt 0.34765625 0.265625
vt 0.34765625 0.3125
vt 0.265625 0.3125
vt 0.265625 0.265625
vt 0.03125 0.25
vt 0.03125 0.421875
vt 0 0.421875
vt 0 0.25
vt 0.03125 0.25
vt 0.03125 0.421875
vt 0 0.421875
vt 0 0.25
vt 0.25 0.390625
vt 0.25 0.421875
vt 0 0.421875
vt 0 0.390625
vt 0.25 0.390625
vt 0.25 0.421875
vt 0 0.421875
vt 0 0.390625
vt 0.25 0.25
vt 0.25 0.421875
vt 0 0.421875
vt 0 0.25
vt 0.25 0.25
vt 0.25 0.421875
vt 0 0.421875
vt 0 0.25
vt 0.296875 0.6875
vt 0.296875 0.734375
vt 0.265625 0.734375
vt 0.265625 0.6875
vt 0.296875 0.6875
vt 0.296875 0.734375
vt 0.265625 0.734375
vt 0.265625 0.6875
vt 0.3125 0.703125
vt 0.3125 0.734375
vt 0.265625 0.734375
vt 0.265625 0.703125
vt 0.3125 0.703125
vt 0.3125 0.734375
vt 0.265625 0.734375
vt 0.265625 0.703125
vt 0.3125 0.6875
vt 0.3125 0.734375
vt 0.265625 0.734375
vt 0.265625 0.6875
vt 0.3125 0.6875
vt 0.3125 0.734375
vt 0.265625 0.734375
vt 0.265625 0.6875
vt 0.296875 0.6875
vt 0.296875 0.734375
vt 0.265625 0.734375
vt 0.265625 0.6875
vt 0.296875 0.6875
vt 0.296875 0.734375
vt 0.265625 0.734375
vt 0.265625 0.6875
vt 0.3125 0.703125
vt 0.3125 0.734375
vt 0.265625 0.734375
vt 0.265625 0.703125
vt 0.3125 0.703125
vt 0.3125 0.734375
vt 0.265625 0.734375
vt 0.265625 0.703125
vt 0.3125 0.6875
vt 0.3125 0.734375
vt 0.265625 0.734375
vt 0.265625 0.6875
vt 0.3125 0.6875
vt 0.3125 0.734375
vt 0.265625 0.734375
vt 0.265625 0.6875
vt 0.296875 0.6875
vt 0.296875 0.734375
vt 0.265625 0.734375
vt 0.265625 0.6875
vt 0.296875 0.6875
vt 0.296875 0.734375
vt 0.265625 0.734375
vt 0.265625 0.6875
vt 0.3125 0.703125
vt 0.3125 0.734375
vt 0.265625 0.734375
vt 0.265625 0.703125
vt 0.3125 0.703125
vt 0.3125 0.734375
vt 0.265625 0.734375
vt 0.265625 0.703125
vt 0.3125 0.6875
vt 0.3125 0.734375
vt 0.265625 0.734375
vt 0.265625 0.6875
vt 0.3125 0.6875
vt 0.3125 0.734375
vt 0.265625 0.734375
vt 0.265625 0.6875
vt 0.296875 0.6875
vt 0.296875 0.734375
vt 0.265625 0.734375
vt 0.265625 0.6875
vt 0.296875 0.6875
vt 0.296875 0.734375
vt 0.265625 0.734375
vt 0.265625 0.6875
vt 0.3125 0.703125
vt 0.3125 0.734375
vt 0.265625 0.734375
vt 0.265625 0.703125
vt 0.3125 0.703125
vt 0.3125 0.734375
vt 0.265625 0.734375
vt 0.265625 0.703125
vt 0.3125 0.6875
vt 0.3125 0.734375
vt 0.265625 0.734375
vt 0.265625 0.6875
vt 0.3125 0.6875
vt 0.3125 0.734375
vt 0.265625 0.734375
vt 0.265625 0.6875
vt 0.0625 0.8125
vt 0.0625 1
vt 0 1
vt 0 0.8125
vt 0.0625 0.8125
vt 0.0625 1
vt 0 1
vt 0 0.8125
vt 0.25 0.9375
vt 0.25 1
vt 0 1
vt 0 0.9375
vt 0.25 0.9375
vt 0.25 1
vt 0 1
vt 0 0.9375
vt 0.25 0.8125
vt 0.25 1
vt 0 1
vt 0 0.8125
vt 0.25 0.8125
vt 0.25 1
vt 0 1
vt 0 0.8125
vt 0.0625 0.8125
vt 0.0625 1
vt 0 1
vt 0 0.8125
vt 0.0625 0.8125
vt 0.0625 1
vt 0 1
vt 0 0.8125
vt 0.25 0.9375
vt 0.25 1
vt 0 1
vt 0 0.9375
vt 0.25 0.9375
vt 0.25 1
vt 0 1
vt 0 0.9375
vt 0.25 0.8125
vt 0.25 1
vt 0 1
vt 0 0.8125
vt 0.25 0.8125
vt 0.25 1
vt 0 1
vt 0 0.8125
vt 0.390625 0.3046875
vt 0.390625 0.3125
vt 0.296875 0.3125
vt 0.296875 0.3046875
vt 0.390625 0.3046875
vt 0.390625 0.3125
vt 0.296875 0.3125
vt 0.296875 0.3046875
vt 0.390625 0.21875
vt 0.390625 0.3125
vt 0.296875 0.3125
vt 0.296875 0.21875
vt 0.390625 0.21875
vt 0.390625 0.3125
vt 0.296875 0.3125
vt 0.296875 0.21875
vt 0.390625 0.3046875
vt 0.390625 0.3125
vt 0.296875 0.3125
vt 0.296875 0.3046875
vt 0.390625 0.3046875
vt 0.390625 0.3125
vt 0.296875 0.3125
vt 0.296875 0.3046875
vt 0.328125 0.26534734375
vt 0.328125 0.28125
vt 0.3125 0.28125
vt 0.3125 0.26534734375
vt 0.34375 0.26534734375
vt 0.34375 0.28125
vt 0.328125 0.28125
vt 0.328125 0.26534734375
vt 0.3209271875 0.296875
vt 0.3209271875 0.3125
vt 0.3131146875 0.3125
vt 0.3131146875 0.296875
vt 0.3678021875 0.296875
vt 0.3678021875 0.3125
vt 0.3599896875 0.3125
vt 0.3599896875 0.296875
vt 0.3678021875 0.26534734375
vt 0.3678021875 0.28125
vt 0.3599896875 0.28125
vt 0.3599896875 0.26534734375
vt 0.296875 0.26534734375
vt 0.296875 0.28125
vt 0.2890625 0.28125
vt 0.2890625 0.26534734375
vt 0.328125 0.26534734375
vt 0.328125 0.28125
vt 0.3125 0.28125
vt 0.3125 0.26534734375
vt 0.34375 0.26534734375
vt 0.34375 0.28125
vt 0.328125 0.28125
vt 0.328125 0.26534734375
vt 0.3209271875 0.296875
vt 0.3209271875 0.3125
vt 0.3131146875 0.3125
vt 0.3131146875 0.296875
vt 0.3678021875 0.296875
vt 0.3678021875 0.3125
vt 0.3599896875 0.3125
vt 0.3599896875 0.296875
vt 0.3678021875 0.26534734375
vt 0.3678021875 0.28125
vt 0.3599896875 0.28125
vt 0.3599896875 0.26534734375
vt 0.296875 0.26534734375
vt 0.296875 0.28125
vt 0.2890625 0.28125
vt 0.2890625 0.26534734375
vt 0.390625 0.3046875
vt 0.390625 0.3125
vt 0.296875 0.3125
vt 0.296875 0.3046875
vt 0.390625 0.3046875
vt 0.390625 0.3125
vt 0.296875 0.3125
vt 0.296875 0.3046875
vt 0.390625 0.21875
vt 0.390625 0.3125
vt 0.296875 0.3125
vt 0.296875 0.21875
vt 0.390625 0.21875
vt 0.390625 0.3125
vt 0.296875 0.3125
vt 0.296875 0.21875
vt 0.390625 0.3046875
vt 0.390625 0.3125
vt 0.296875 0.3125
vt 0.296875 0.3046875
vt 0.390625 0.3046875
vt 0.390625 0.3125
vt 0.296875 0.3125
vt 0.296875 0.3046875
vt 0.328125 0.26534734375
vt 0.328125 0.28125
vt 0.3125 0.28125
vt 0.3125 0.26534734375
vt 0.34375 0.26534734375
vt 0.34375 0.28125
vt 0.328125 0.28125
vt 0.328125 0.26534734375
vt 0.3209271875 0.296875
vt 0.3209271875 0.3125
vt 0.3131146875 0.3125
vt 0.3131146875 0.296875
vt 0.3678021875 0.296875
vt 0.3678021875 0.3125
vt 0.3599896875 0.3125
vt 0.3599896875 0.296875
vt 0.3678021875 0.26534734375
vt 0.3678021875 0.28125
vt 0.3599896875 0.28125
vt 0.3599896875 0.26534734375
vt 0.296875 0.26534734375
vt 0.296875 0.28125
vt 0.2890625 0.28125
vt 0.2890625 0.26534734375
vt 0.328125 0.26534734375
vt 0.328125 0.28125
vt 0.3125 0.28125
vt 0.3125 0.26534734375
vt 0.34375 0.26534734375
vt 0.34375 0.28125
vt 0.328125 0.28125
vt 0.328125 0.26534734375
vt 0.3209271875 0.296875
vt 0.3209271875 0.3125
vt 0.3131146875 0.3125
vt 0.3131146875 0.296875
vt 0.3678021875 0.296875
vt 0.3678021875 0.3125
vt 0.3599896875 0.3125
vt 0.3599896875 0.296875
vt 0.3678021875 0.26534734375
vt 0.3678021875 0.28125
vt 0.3599896875 0.28125
vt 0.3599896875 0.26534734375
vt 0.296875 0.26534734375
vt 0.296875 0.28125
vt 0.2890625 0.28125
vt 0.2890625 0.26534734375
vn 0 0 1
vn 0 0 1
vn 0 0 1
vn 0 0 1
vn 0 0 1
vn 0 0 1
vn 0 0 1
vn 0 0 1
vn 0 0 1
vn 0 0 1
vn 0 0 1
vn 0 0 1
vn 0.5000024352623946 -0.8660239977804745 0
vn -0.5000121476207212 0.8660183902387492 0
vn 0 0 -1
vn 0 0 1
vn 0.8660239977804745 -0.5000024352623944 0
vn -0.8660183902387504 0.5000121476207188 0
vn 0 0 -1
vn 0 0 1
vn 1 0 0
vn -1 0 0
vn 0 0 -1
vn 0 0 1
vn 0.8660239977804745 0.5000024352623944 0
vn -0.8660183902387504 -0.5000121476207188 0
vn 0 0 -1
vn 0 0 1
vn 0.5000024352623946 0.8660239977804745 0
vn -0.5000121476207212 -0.8660183902387492 0
vn 0 0 -1
vn 7.017574866739159e-16 -2.0992452701427996e-15 1
vn 0 1 0
vn 0 -1 0
vn 0 0 -1
vn 0 -1.9112119549408798e-15 1
vn -0.5000024352623946 0.8660239977804745 0
vn 0.5000121476207212 -0.8660183902387492 0
vn 0 0 -1
vn -1.2132756228401374e-15 -1.2132756228401522e-15 1
vn -0.8660239977804745 0.5000024352623944 0
vn 0.8660183902387504 -0.5000121476207188 0
vn 0 0 -1
vn 0 0 1
vn -1 0 0
vn 1 0 0
vn 0 0 -1
vn 0 0 1
vn -0.8660239977804745 -0.5000024352623944 0
vn 0.8660183902387504 0.5000121476207188 0
vn 0 0 -1
vn 0 0 1
vn -0.5000024352623946 -0.8660239977804745 0
vn 0.5000121476207212 0.8660183902387492 0
vn 0 0 -1
vn 0 0 1
vn 0 -1 0
vn 0 1 0
vn 0 0 -1
vn 0 0 1
vn 0.5000024352623944 -0.8660239977804746 0
vn -0.5000121476207212 0.8660183902387492 0
vn 0 0 -1
vn 0 0 1
vn 0.8660239977804747 -0.5000024352623942 0
vn -0.8660183902387498 0.5000121476207197 0
vn 0 0 -1
vn 2.0992452701428028e-15 7.017574866739066e-16 1
vn 1 0 0
vn -1 0 0
vn 0 0 -1
vn 4.4408306144662585e-16 -1.657358499160531e-15 1
vn 0.8660239977804747 0.5000024352623942 0
vn -0.8660183902387498 -0.5000121476207197 0
vn 0 0 -1
vn 0 0 1
vn 0.5000024352623944 0.8660239977804746 0
vn -0.5000121476207212 -0.8660183902387492 0
vn 0 0 -1
vn 0 0 1
vn 0 1 0
vn 0 -1 0
vn 0 0 -1
vn 0 0 1
vn -0.5000024352623944 0.8660239977804746 0
vn 0.5000121476207209 -0.8660183902387492 0
vn 0 0 -1
vn 0 0 1
vn -0.8660239977804747 0.5000024352623942 0
vn 0.8660183902387505 -0.5000121476207186 0
vn 0 0 -1
vn 0 0 1
vn -1 0 0
vn 1 0 0
vn 0 0 -1
vn -1.4671288934942531e-15 -1.6573584991605308e-15 1
vn -0.8660239977804747 -0.5000024352623942 0
vn 0.8660183902387505 0.5000121476207186 0
vn 0 0 -1
vn -1.2132756228401283e-15 1.2132756228401433e-15 1
vn -0.5000024352623944 -0.8660239977804746 0
vn 0.5000121476207209 0.8660183902387492 0
vn 0 0 -1
vn 0 0 1
vn 0 -1 0
vn 0 1 0
vn 0 0 -1
vn 0 0 1
vn 0 0 1
vn 0 0 1
vn 0 0 1
vn 0 0 1
vn 0 0 1
vn 0 0 1
vn 0 0 1
vn 0 0 1
vn 0 0 1
vn 0 0 1
vn 0 0 1
vn 0 0 1
vn 0.5000024352623944 -0.8660239977804746 0
vn -0.5000121476207209 0.8660183902387492 0
vn 0 0 -1
vn 0 0 1
vn 0.8660239977804747 -0.5000024352623942 0
vn -0.8660183902387505 0.5000121476207186 0
vn 0 0 -1
vn 2.0992452701428016e-15 7.017574866739071e-16 1
vn 1 0 0
vn -1 0 0
vn 0 0 -1
vn 4.440830614466256e-16 -1.6573584991605308e-15 1
vn 0.8660239977804747 0.5000024352623942 0
vn -0.8660183902387505 -0.5000121476207186 0
vn 0 0 -1
vn 0 0 1
vn 0.5000024352623944 0.8660239977804746 0
vn -0.5000121476207209 -0.8660183902387492 0
vn 0 0 -1
vn 0 0 1
vn 0 1 0
vn 0 -1 0
vn 0 0 -1
vn 0 0 1
vn -0.5000024352623944 0.8660239977804746 0
vn 0.5000121476207212 -0.8660183902387492 0
vn 0 0 -1
vn 0 0 1
vn -0.8660239977804747 0.5000024352623942 0
vn 0.8660183902387498 -0.5000121476207197 0
vn 0 0 -1
vn 0 0 1
vn -1 0 0
vn 1 0 0
vn 0 0 -1
vn -1.4671288934942539e-15 -1.657358499160531e-15 1
vn -0.8660239977804747 -0.5000024352623942 0
vn 0.8660183902387498 0.5000121476207197 0
vn 0 0 -1
vn -1.2132756228401277e-15 1.2132756228401435e-15 1
vn -0.5000024352623944 -0.8660239977804746 0
vn 0.5000121476207212 0.8660183902387492 0
vn 0 0 -1
vn 0 0 1
vn 0 -1 0
vn 0 1 0
vn 0 0 -1
vn 0 0 1
vn 0 0 1
vn 0 0 1
vn 0 0 1
vn 0 0 1
vn 0 0 1
vn 0 0 1
vn 0 0 1
vn 0 0 1
vn 0 0 1
vn 0 0 1
vn 0 0 1
vn 0 0 1
vn 0 0 -1
vn 0 0 -1
vn -5.921092791199323e-16 -2.2098027435307758e-15 -1
vn 2.2098027435307557e-15 5.921092791199209e-16 -1
vn 0 0 -1
vn -2.2098027435307553e-15 5.921092791199214e-16 -1
vn 5.921092791199324e-16 -2.209802743530776e-15 -1
vn 0 0 -1
vn 0 0 -1
vn -1.6176934644108284e-15 -1.6176934644108343e-15 -1
vn 0 -1.1842378929335002e-15 -1
vn 1.6176934644108286e-15 -1.617693464410834e-15 -1
vn 0.5000047549191281 0.8660226585131956 0
vn -0.4999956916624103 -0.8660278911900171 0
vn 4.104715868842438e-15 -4.104715868842405e-15 1
vn -1.4932638741406755e-15 1.4932638741406633e-15 -1
vn 0.8660226585131959 0.5000047549191272 0
vn -0.8660278911900188 -0.49999569166240754 0
vn -4.226354216588411e-15 7.972150160100612e-16 1
vn 4.568288680070393e-15 -2.0732860689034484e-15 -1
vn 1 0 0
vn -1 0 0
vn 0 0 1
vn -7.478879171593209e-15 2.039819989206142e-15 -1
vn 0.8660226585131959 -0.5000047549191272 0
vn -0.8660278911900187 0.4999956916624074 0
vn -4.104715868842439e-15 -4.104715868842406e-15 1
vn 0 0 -1
vn 0.5000047549191281 -0.8660226585131956 0
vn -0.4999956916624103 0.8660278911900171 0
vn 2.8035521392384084e-15 7.512364569360781e-16 1
vn 3.3453475708414364e-17 4.0216975934959786e-15 -1
vn 0 -1 0
vn 0 1 0
vn 0 0 1
vn 0 4.012733440409026e-15 -1
vn -0.5000047549191285 -0.8660226585131954 0
vn 0.4999956916624107 0.866027891190017 0
vn -2.0523579344212203e-15 2.0523579344212037e-15 1
vn -1.4932638741406767e-15 1.4932638741406645e-15 -1
vn -0.8660226585131959 -0.5000047549191272 0
vn 0.8660278911900187 0.49999569166240776 0
vn 1.5024729138720603e-15 -5.6071042784768476e-15 1
vn 6.9502130138429564e-15 4.0127582349732754e-15 -1
vn -1 0 0
vn 1 0 0
vn 4.0127334404089875e-15 0 1
vn -3.4661457311842247e-15 2.0398199892061425e-15 -1
vn -0.8660226585131959 0.5000047549191272 0
vn 0.8660278911900187 -0.4999956916624077 0
vn 2.052357934421219e-15 2.0523579344212026e-15 1
vn -2.9865277482813108e-15 -2.9865277482812863e-15 -1
vn -0.5000047549191285 0.8660226585131954 0
vn 0.49999569166241076 -0.8660278911900169 0
vn -9.619778524933574e-15 5.447762605432592e-15 1
vn 4.046211710681701e-15 -2.928515420346973e-15 -1
vn 0 1 0
vn 0 -1 0
vn 0 8.025466880818052e-15 1
vn 0 -4.012733440409026e-15 -1
vn 0 0 -1
vn 0 0 -1
vn 0 0 -1
vn 0 0 -1
vn 0 0 -1
vn 0 0 -1
vn 0 0 -1
vn 0 0 -1
vn 0 0 -1
vn 0 0 -1
vn 0 0 -1
vn 0 0 -1
vn 0.500004754919128 0.8660226585131955 0
vn -0.4999956916624103 -0.866027891190017 0
vn -2.052357934421219e-15 2.0523579344212026e-15 1
vn 0 0 -1
vn 0.8660226585131959 0.5000047549191272 0
vn -0.8660278911900187 -0.4999956916624074 0
vn 0 0 1
vn 0 0 -1
vn 1 0 0
vn -1 0 0
vn 0 0 1
vn 0 0 -1
vn 0.8660226585131959 -0.5000047549191272 0
vn -0.8660278911900187 0.4999956916624074 0
vn -2.763773619089286e-15 -2.2989752829566938e-17 1
vn 0 0 -1
vn 0.5000047549191281 -0.8660226585131956 0
vn -0.4999956916624103 0.866027891190017 0
vn 1.4017760696192042e-15 3.7561822846803903e-16 1
vn 1.6726737854207182e-17 2.0108487967479893e-15 -1
vn 0 -1 0
vn 0 1 0
vn 0 0 1
vn 0 2.006366720204513e-15 -1
vn -0.5000047549191285 -0.8660226585131954 0
vn 0.4999956916624107 0.866027891190017 0
vn -2.298975282957257e-17 2.763773619089269e-15 1
vn -7.466319370703383e-16 7.466319370703322e-16 -1
vn -0.8660226585131959 -0.5000047549191272 0
vn 0.8660278911900187 0.49999569166240776 0
vn 3.7561822846801506e-16 -1.4017760696192119e-15 1
vn 0 0 -1
vn -1 0 0
vn 1 0 0
vn 0 0 1
vn 0 0 -1
vn -0.8660226585131959 0.5000047549191272 0
vn 0.8660278911900187 -0.49999569166240776 0
vn 0 0 1
vn 0 0 -1
vn -0.5000047549191285 0.8660226585131954 0
vn 0.49999569166241065 -0.8660278911900169 0
vn 2.803552139238409e-15 7.51236456936081e-16 1
vn 0 0 -1
vn 0 1 0
vn 0 -1 0
vn 0 0 1
vn 0 0 -1
vn -5.921092791199323e-16 2.2098027435307758e-15 -1
vn 0 0 -1
vn 0 0 -1
vn 0 0 -1
vn 0 0 -1
vn 0 0 -1
vn 0 0 -1
vn 0 0 -1
vn 5.921092791199324e-16 2.209802743530776e-15 -1
vn -5.921092791199267e-16 1.0255841852909128e-15 -1
vn 0 1.1842378929335002e-15 -1
vn 5.921092791199268e-16 1.025584185290913e-15 -1
vn 0.500004754919128 0.8660226585131955 0
vn -0.4999956916624103 -0.8660278911900171 0
vn -2.052357934421219e-15 2.0523579344212026e-15 1
vn 2.0064091713828222e-15 3.475158561136588e-15 -1
vn 0.8660226585131959 0.5000047549191272 0
vn -0.8660278911900187 -0.4999956916624074 0
vn 7.512364569360298e-16 -2.803552139238424e-15 1
vn -5.465910865744584e-16 2.0398325931950426e-15 -1
vn 1 0 0
vn -1 0 0
vn 7.512475389856126e-16 2.803593496528167e-15 1
vn -5.465877092247626e-16 -2.039819989206142e-15 -1
vn 0.8660226585131959 -0.5000047549191272 0
vn -0.8660278911900187 0.4999956916624074 0
vn -3.4751893037573525e-15 2.006378428762069e-15 1
vn 1.4932638741406554e-15 1.4932638741406432e-15 -1
vn 0.500004754919128 -0.8660226585131955 0
vn -0.4999956916624103 0.866027891190017 0
vn 0 0 1
vn -2.0398325931950565e-15 -5.465910865745004e-16 -1
vn 0 -1 0
vn 0 1 0
vn 0 0 1
vn 0 0 -1
vn -0.5000047549191285 -0.8660226585131954 0
vn 0.4999956916624107 0.866027891190017 0
vn 2.0063784287620753e-15 3.4751893037573343e-15 1
vn 1.4932638741406767e-15 -1.4932638741406645e-15 -1
vn -0.8660226585131959 -0.5000047549191272 0
vn 0.8660278911900187 0.49999569166240776 0
vn 0 0 1
vn -5.465910865744587e-16 2.0398325931950423e-15 -1
vn -1 0 0
vn 1 0 0
vn 7.51247538985613e-16 2.8035934965281676e-15 1
vn -5.465877092247629e-16 -2.0398199892061425e-15 -1
vn -0.8660226585131959 0.5000047549191272 0
vn 0.8660278911900186 -0.49999569166240765 0
vn -2.052357934421219e-15 -2.0523579344212026e-15 1
vn -1.981894686995943e-15 3.499673045523467e-15 -1
vn -0.5000047549191285 0.8660226585131954 0
vn 0.49999569166241065 -0.8660278911900169 0
vn 4.809889262466787e-15 -2.723881302716296e-15 1
vn 0 0 -1
vn 0 1 0
vn 0 -1 0
vn 0 -4.012733440409026e-15 1
vn 0 0 -1
vn -5.921092791199324e-16 2.209802743530776e-15 -1
vn 0 0 -1
vn 0 0 -1
vn 0 0 -1
vn 0 0 -1
vn 0 0 -1
vn 0 0 -1
vn 0 0 -1
vn 5.921092791199323e-16 2.2098027435307758e-15 -1
vn -5.921092791199268e-16 1.025584185290913e-15 -1
vn 0 1.1842378929335002e-15 -1
vn 5.921092791199267e-16 1.0255841852909128e-15 -1
vn 0.5000047549191285 0.8660226585131954 0
vn -0.4999956916624107 -0.866027891190017 0
vn -2.0523579344212203e-15 2.0523579344212037e-15 1
vn 2.006409171382824e-15 3.4751585611365866e-15 -1
vn 0.8660226585131959 0.5000047549191272 0
vn -0.8660278911900187 -0.49999569166240776 0
vn 7.512364569360301e-16 -2.8035521392384238e-15 1
vn -5.465910865744587e-16 2.0398325931950423e-15 -1
vn 1 0 0
vn -1 0 0
vn 7.51247538985613e-16 2.8035934965281676e-15 1
vn -5.465877092247629e-16 -2.0398199892061425e-15 -1
vn 0.8660226585131959 -0.5000047549191272 0
vn -0.8660278911900186 0.49999569166240765 0
vn -3.475189303757352e-15 2.00637842876207e-15 1
vn 1.4932638741406554e-15 1.4932638741406432e-15 -1
vn 0.5000047549191285 -0.8660226585131954 0
vn -0.4999956916624107 0.866027891190017 0
vn 0 0 1
vn -2.0398325931950576e-15 -5.465910865745027e-16 -1
vn 0 -1 0
vn 0 1 0
vn 0 0 1
vn 0 0 -1
vn -0.5000047549191281 -0.8660226585131956 0
vn 0.4999956916624103 0.8660278911900171 0
vn 2.006378428762074e-15 3.475189303757335e-15 1
vn 1.4932638741406755e-15 -1.4932638741406633e-15 -1
vn -0.8660226585131959 -0.5000047549191272 0
vn 0.8660278911900187 0.4999956916624074 0
vn 0 0 1
vn -5.465910865744584e-16 2.0398325931950426e-15 -1
vn -1 0 0
vn 1 0 0
vn 7.512475389856126e-16 2.803593496528167e-15 1
vn -5.465877092247626e-16 -2.039819989206142e-15 -1
vn -0.8660226585131959 0.5000047549191272 0
vn 0.8660278911900187 -0.4999956916624074 0
vn -2.0523579344212195e-15 -2.052357934421203e-15 1
vn -1.981894686995943e-15 3.499673045523467e-15 -1
vn -0.500004754919128 0.8660226585131955 0
vn 0.4999956916624103 -0.866027891190017 0
vn 4.809889262466786e-15 -2.7238813027163007e-15 1
vn 0 0 -1
vn 0 1 0
vn 0 -1 0
vn 0 -4.012733440409026e-15 1
vn 0 0 -1
vn 0 -1 0
vn -1 0 0
vn 0.7485881801731631 0.66303524529623 0
vn -0.7657048647896113 -0.6431920864232733 0
vn 0 1.0150610510858574e-15 1
vn 0 -0.9438583563660176 -0.33035042472810616
vn 0 -1 0
vn 1 0 0
vn 0.7624929033564974 -0.646996578299282 0
vn -0.7463273826322242 0.6655790245593183 0
vn 0 0 1
vn 0 -0.9701425001453319 -0.24253562503633297
vn 0 -1 0
vn -1 0 0
vn 0.7485881801731631 0.66303524529623 0
vn -0.7657048647896113 -0.6431920864232733 0
vn 0 0 1
vn 0 -0.9438583563660176 -0.33035042472810616
vn 0 -1 0
vn 1 0 0
vn 0.7624929033564974 -0.646996578299282 0
vn -0.7463273826322242 0.6655790245593183 0
vn 0 -1.4210854715202005e-15 1
vn 0 -0.9701425001453319 -0.24253562503633297
vn 0 -1 0
vn -1 0 0
vn 0.7485881801731631 0.6630352452962301 0
vn -0.7657048647896111 -0.6431920864232733 0
vn 0 0 1
vn 0 -0.9438583563660176 -0.33035042472810616
vn 0 -1 0
vn 1 0 0
vn 0.7624929033564973 -0.6469965782992823 0
vn -0.7463273826322241 0.6655790245593184 0
vn 0 -1.4210854715202005e-15 1
vn 0 -0.9701425001453319 -0.24253562503633297
vn 0 -1 0
vn -1 0 0
vn 0.7485881801731631 0.66303524529623 0
vn -0.7657048647896113 -0.6431920864232733 0
vn 0 5.075305255429287e-16 1
vn 0 -0.9438583563660176 -0.33035042472810605
vn 0 -1 0
vn 1 0 0
vn 0.7624929033564976 -0.646996578299282 0
vn -0.7463273826322243 0.6655790245593183 0
vn 0 0 1
vn 0 -0.9701425001453319 -0.24253562503633297
vn 5.07547235432091e-16 1.894156065013573e-15 1
vn 0 0 1
vn 0 0 1
vn 0 0 1
vn 0 0 1
vn 0 0 1
vn 0 0 1
vn 0 0 1
vn -5.07547235432091e-16 1.894156065013573e-15 1
vn 5.075472354320939e-16 8.790615941493904e-16 1
vn 0 1.0150610510858574e-15 1
vn -5.075472354320939e-16 8.790615941493904e-16 1
vn 0.5000024352623943 -0.8660239977804746 0
vn -0.5000121476207211 0.866018390238749 0
vn -2.2666286071204098e-15 -2.2666286071204393e-15 -1
vn 1.2132756228401364e-15 1.2132756228401522e-15 1
vn 0.8660239977804747 -0.5000024352623942 0
vn -0.8660183902387498 0.5000121476207197 0
vn -1.6510224360766627e-15 8.103868397901317e-15 -1
vn 1.6551590667548996e-15 -9.55612738498111e-16 1
vn 1 0 0
vn -1 0 0
vn 2.7408295824569295e-15 -3.0962086721751227e-15 -1
vn -1.4671288934942539e-15 -1.657358499160531e-15 1
vn 0.8660239977804746 0.5000024352623941 0
vn -0.8660183902387498 -0.5000121476207197 0
vn -3.9217605253474064e-15 1.3110067931307142e-15 -1
vn 8.837439721922462e-16 4.337763492241228e-15 1
vn 0.5000024352623943 0.8660239977804746 0
vn -0.5000121476207212 -0.8660183902387492 0
vn 3.0963000262047742e-15 -8.296421054893667e-16 -1
vn 9.556127384981156e-16 1.6551590667549065e-15 1
vn 0 1 0
vn 0 -1 0
vn 0 0 -1
vn 0 1.9112119549408798e-15 1
vn -0.5000024352623943 0.8660239977804746 0
vn 0.5000121476207212 -0.8660183902387492 0
vn -1.3110067931307769e-15 -3.921760525347537e-15 -1
vn -1.9112122465609484e-15 3.3102952178725126e-15 1
vn -0.8660239977804747 0.5000024352623942 0
vn 0.8660183902387498 -0.5000121476207197 0
vn -8.255112180383314e-16 4.051934198950658e-15 -1
vn 2.5433314735307055e-15 2.3591277118459244e-15 1
vn -1 0 0
vn 1 0 0
vn 4.652041537397809e-15 -3.0962086721751227e-15 -1
vn -1.4671288934942539e-15 -1.657358499160531e-15 1
vn -0.8660239977804747 -0.5000024352623942 0
vn 0.8660183902387499 0.5000121476207197 0
vn -4.533257214240623e-15 4.533257214240683e-15 -1
vn 0 0 1
vn -0.5000024352623943 -0.8660239977804745 0
vn 0.5000121476207212 0.866018390238749 0
vn 3.0963000262047742e-15 -8.296421054893667e-16 -1
vn -1.657370225172031e-15 4.440862033878923e-16 1
vn 0 -1 0
vn 0 1 0
vn 0 0 -1
vn 0 0 1
vn -5.07547235432091e-16 -1.894156065013573e-15 1
vn 5.075305255429287e-16 1.8940937040436124e-15 1
vn 1.3866088295814822e-15 -1.3866088295814792e-15 1
vn 2.77321765916298e-15 -2.773217659162974e-15 1
vn 0 -2.0301221021717147e-15 1
vn -2.77321765916298e-15 -2.773217659162974e-15 1
vn -1.3866088295814822e-15 -1.3866088295814792e-15 1
vn -5.075305255429287e-16 1.8940937040436124e-15 1
vn 5.07547235432091e-16 -1.894156065013573e-15 1
vn -5.075472354320939e-16 -8.790615941493904e-16 1
vn 0 -1.0150610510858574e-15 1
vn 5.075472354320939e-16 -8.790615941493904e-16 1
vn 0.5000024352623944 -0.8660239977804746 0
vn -0.5000121476207212 0.866018390238749 0
vn 0 0 -1
vn 9.556061232804742e-16 -1.6551476089362563e-15 1
vn 0.8660239977804747 -0.5000024352623942 0
vn -0.8660183902387499 0.5000121476207197 0
vn 8.255112180383314e-16 -4.051934198950658e-15 -1
vn -2.0992452701428028e-15 -7.017574866739066e-16 1
vn 1 0 0
vn -1 0 0
vn -2.7408295824569295e-15 3.0962086721751227e-15 -1
vn -3.3783408484351337e-15 -1.657358499160531e-15 1
vn 0.8660239977804747 0.5000024352623942 0
vn -0.8660183902387498 -0.5000121476207198 0
vn 3.9217605253474064e-15 -1.3110067931307142e-15 -1
vn -7.714036367440046e-16 3.3821573689607576e-15 1
vn 0.5000024352623943 0.8660239977804746 0
vn -0.5000121476207211 -0.866018390238749 0
vn 0 0 -1
vn 0 0 1
vn 0 1 0
vn 0 -1 0
vn 0 0 -1
vn 0 0 1
vn -0.5000024352623944 0.8660239977804746 0
vn 0.5000121476207212 -0.8660183902387489 0
vn -9.55621813989633e-16 1.6551319182270982e-15 -1
vn -9.556061232804742e-16 1.6551476089362563e-15 1
vn -0.8660239977804746 0.5000024352623942 0
vn 0.8660183902387498 -0.5000121476207197 0
vn 8.255112180383314e-16 -4.051934198950658e-15 -1
vn 4.1984905402856055e-15 1.4035149733478132e-15 1
vn -1 0 0
vn 1 0 0
vn -2.7408295824569295e-15 3.0962086721751227e-15 -1
vn 2.3552950163875057e-15 -1.657358499160531e-15 1
vn -0.8660239977804747 -0.5000024352623942 0
vn 0.8660183902387499 0.5000121476207198 0
vn 2.2666286071203116e-15 -2.2666286071203415e-15 -1
vn -4.418719860961231e-16 -2.168881746120614e-15 1
vn -0.5000024352623944 -0.8660239977804746 0
vn 0.5000121476207212 0.8660183902387492 0
vn 0 0 -1
vn 0 0 1
vn 0 -1 0
vn 0 1 0
vn 0 0 -1
vn 0 0 1
vn 0 -1 0
vn -1 0 0
vn 0.7485881801731631 0.6630352452962301 0
vn -0.7657048647896111 -0.6431920864232733 0
vn 0 -5.075305255429287e-16 1
vn 0 -0.9438583563660176 -0.33035042472810616
vn 0 -1 0
vn 1 0 0
vn 0.7624929033564973 -0.6469965782992823 0
vn -0.7463273826322241 0.6655790245593184 0
vn 0 -1.4210854715202005e-15 1
vn 0 -0.9701425001453319 -0.24253562503633297
vn 7.295295457309453e-16 1.6970106508853146e-15 -1
vn 1.1842378929335002e-15 0 -1
vn 1.3216388248508776e-15 5.127920926454616e-16 -1
vn -5.127920926454507e-16 -1.3216388248508735e-15 -1
vn 0 -1.1842378929335002e-15 -1
vn 5.12792092645451e-16 -1.3216388248508735e-15 -1
vn -1.3216388248508774e-15 5.127920926454609e-16 -1
vn -1.1842378929335002e-15 0 -1
vn -7.295295457309452e-16 1.697010650885315e-15 -1
vn -2.505857383090719e-15 -7.93171864744644e-17 -1
vn 0 5.921189464667501e-16 -1
vn 2.5058573830907173e-15 -7.931718647446404e-17 -1
vn 0.5000047549191283 0.8660226585131955 0
vn -0.4999956916624107 -0.8660278911900169 0
vn 0 0 1
vn 2.7530411084531618e-15 2.7285266240662565e-15 -1
vn 0.8660226585131958 0.5000047549191274 0
vn -0.8660278911900187 -0.49999569166240776 0
vn 7.512364569360301e-16 -2.8035521392384238e-15 1
vn -8.198866298616878e-16 3.0597488897925634e-15 -1
vn 1 0 0
vn -1 0 0
vn 3.756237694928065e-16 1.4017967482640838e-15 1
vn -2.7329385461238146e-16 -1.0199099946030713e-15 -1
vn 0.8660226585131958 -0.5000047549191274 0
vn -0.8660278911900186 0.49999569166240776 0
vn 1.0261789672106102e-15 1.026178967210601e-15 1
vn 0 0 -1
vn 0.5000047549191283 -0.8660226585131955 0
vn -0.4999956916624107 0.8660278911900169 0
vn -1.4017760696192056e-15 -3.7561822846803873e-16 1
vn 1.003189558743322e-15 -1.7375532534607395e-15 -1
vn 0 -1 0
vn 0 1 0
vn 0 0 1
vn 0 -2.006366720204513e-15 -1
vn -0.5000047549191283 -0.8660226585131955 0
vn 0.4999956916624106 0.8660278911900169 0
vn 1.0261789672106102e-15 -1.0261789672106019e-15 1
vn 0 0 -1
vn -0.8660226585131959 -0.5000047549191272 0
vn 0.8660278911900187 0.4999956916624074 0
vn -3.756182284680149e-16 1.401776069619212e-15 1
vn 0 0 -1
vn -1 0 0
vn 1 0 0
vn 3.756237694928063e-16 1.4017967482640836e-15 1
vn -2.732938546123813e-16 -1.019909994603071e-15 -1
vn -0.8660226585131959 0.5000047549191272 0
vn 0.8660278911900188 -0.4999956916624074 0
vn -2.0523579344212195e-15 -2.052357934421203e-15 1
vn -1.2352627499256153e-15 4.246304982593788e-15 -1
vn -0.5000047549191283 0.8660226585131955 0
vn 0.4999956916624107 -0.866027891190017 0
vn 0 0 1
vn -1.0199162965975288e-15 -2.7329554328725033e-16 -1
vn 0 1 0
vn 0 -1 0
vn 0 0 1
vn 0 0 -1
vn 0.500004754919128 0.8660226585131955 0
vn -0.4999956916624103 -0.866027891190017 0
vn 0 0 1
vn 2.75304110845316e-15 2.7285266240662565e-15 -1
vn 0.8660226585131959 0.5000047549191272 0
vn -0.8660278911900187 -0.4999956916624074 0
vn 7.512364569360298e-16 -2.803552139238424e-15 1
vn -8.198866298616876e-16 3.0597488897925638e-15 -1
vn 1 0 0
vn -1 0 0
vn 3.756237694928063e-16 1.4017967482640836e-15 1
vn -2.732938546123813e-16 -1.019909994603071e-15 -1
vn 0.8660226585131959 -0.5000047549191272 0
vn -0.8660278911900188 0.4999956916624075 0
vn 1.0261789672106098e-15 1.0261789672106015e-15 1
vn 0 0 -1
vn 0.500004754919128 -0.8660226585131955 0
vn -0.4999956916624103 0.866027891190017 0
vn -1.4017760696192042e-15 -3.7561822846803903e-16 1
vn 1.003189558743321e-15 -1.737553253460739e-15 -1
vn 0 -1 0
vn 0 1 0
vn 0 0 1
vn 0 -2.006366720204513e-15 -1
vn -0.5000047549191272 -0.8660226585131962 0
vn 0.4999956916624109 0.8660278911900168 0
vn 1.0261789672106096e-15 -1.026178967210604e-15 1
vn 0 0 -1
vn -0.8660226585131964 -0.5000047549191264 0
vn 0.8660278911900194 0.4999956916624065 0
vn -3.7561822846801437e-16 1.401776069619213e-15 1
vn 0 0 -1
vn -1 0 0
vn 1 0 0
vn 3.7562376949280557e-16 1.4017967482640836e-15 1
vn -2.7329385461238077e-16 -1.019909994603071e-15 -1
vn -0.8660226585131964 0.5000047549191264 0
vn 0.8660278911900193 -0.49999569166240637 0
vn -2.0523579344212183e-15 -2.0523579344212073e-15 1
vn -1.2352627499256141e-15 4.246304982593787e-15 -1
vn -0.5000047549191272 0.8660226585131962 0
vn 0.4999956916624109 -0.8660278911900167 0
vn 0 0 1
vn -1.0199162965975282e-15 -2.732955432872461e-16 -1
vn 0 1 0
vn 0 -1 0
vn 0 0 1
vn 0 0 -1
vn 7.295295457309452e-16 1.697010650885315e-15 -1
vn 1.1842378929335002e-15 0 -1
vn 1.3216388248508774e-15 5.127920926454609e-16 -1
vn -5.127920926454507e-16 -1.321638824850873e-15 -1
vn 0 -1.1842378929335002e-15 -1
vn 5.127920926454508e-16 -1.3216388248508733e-15 -1
vn -1.3216388248508774e-15 5.127920926454609e-16 -1
vn -1.1842378929335002e-15 0 -1
vn -7.295295457309452e-16 1.697010650885315e-15 -1
vn -2.5058573830907173e-15 -7.931718647446338e-17 -1
vn 0 5.921189464667501e-16 -1
vn 2.505857383090718e-15 -7.93171864744634e-17 -1
vn 0 -1 0
vn -1 0 0
vn 0.7485881801731629 0.6630352452962303 0
vn -0.765704864789611 -0.6431920864232736 0
vn 0 0 1
vn 0 -0.9438583563660176 -0.33035042472810616
vn 0 -1 0
vn 1 0 0
vn 0.7624929033564976 -0.646996578299282 0
vn -0.7463273826322243 0.6655790245593183 0
vn 0 1.4210854715202005e-15 1
vn 0 -0.9701425001453319 -0.24253562503633297
vn -1.0255841852909114e-15 -5.921092791199271e-16 -1
vn -1.1842378929335002e-15 0 -1
vn 1.5863437294895317e-16 5.011714766181479e-15 -1
vn -5.0117147661814315e-15 -1.5863437294892272e-16 -1
vn 0 1.1842378929335002e-15 -1
vn 5.011714766181436e-15 -1.586343729489268e-16 -1
vn -1.5863437294895317e-16 5.011714766181479e-15 -1
vn 1.1842378929335002e-15 0 -1
vn 1.0255841852909114e-15 -5.921092791199271e-16 -1
vn 5.921092791199265e-16 -1.0255841852909132e-15 -1
vn 0 -1.1842378929335002e-15 -1
vn -5.921092791199261e-16 -1.0255841852909136e-15 -1
vn 0.500004754919128 0.8660226585131955 0
vn -0.4999956916624097 -0.8660278911900173 0
vn 0 0 1
vn 0 0 -1
vn 0.8660226585131955 0.500004754919128 0
vn -0.8660278911900182 -0.4999956916624086 0
vn -2.7238813027163547e-15 -4.809889262466794e-15 1
vn -4.021697593495941e-15 3.345347570839748e-17 -1
vn 1 0 0
vn -1 0 0
vn 4.763980979394608e-15 2.8035934965281676e-15 1
vn 3.46614573118423e-15 -2.0398199892061425e-15 -1
vn 0.8660226585131955 -0.500004754919128 0
vn -0.866027891190018 0.4999956916624084 0
vn 2.0523579344212215e-15 2.0523579344211986e-15 1
vn -1.4932638741406572e-15 -1.4932638741406408e-15 -1
vn 0.500004754919128 -0.8660226585131955 0
vn -0.4999956916624097 0.8660278911900173 0
vn -2.8035521392384045e-15 -7.512364569360771e-16 1
vn 3.3453475708414364e-17 4.0216975934959786e-15 -1
vn 0 -1 0
vn 0 1 0
vn 0 0 1
vn 0 4.012733440409026e-15 -1
vn -0.500004754919128 -0.8660226585131955 0
vn 0.4999956916624109 0.8660278911900167 0
vn 2.052357934421222e-15 -2.052357934421205e-15 1
vn -1.4932638741406755e-15 1.4932638741406633e-15 -1
vn -0.866022658513196 -0.5000047549191272 0
vn 0.8660278911900187 0.4999956916624074 0
vn -4.226354216588411e-15 7.972150160100612e-16 1
vn -2.928515420347018e-15 -4.0462117106816796e-15 -1
vn -1 0 0
vn 1 0 0
vn 4.763980979394598e-15 2.803593496528167e-15 1
vn 3.4661457311842227e-15 -2.039819989206142e-15 -1
vn -0.8660226585131959 0.5000047549191272 0
vn 0.8660278911900187 -0.4999956916624074 0
vn -2.0523579344212195e-15 -2.052357934421203e-15 1
vn 1.4932638741406554e-15 1.4932638741406432e-15 -1
vn -0.500004754919128 0.8660226585131955 0
vn 0.4999956916624109 -0.8660278911900167 0
vn 0 0 1
vn 0 0 -1
vn 0 1 0
vn 0 -1 0
vn 0 0 1
vn 0 0 -1
vn 0.500004754919128 0.8660226585131955 0
vn -0.4999956916624107 -0.866027891190017 0
vn 0 0 1
vn 0 0 -1
vn 0.8660226585131959 0.5000047549191272 0
vn -0.8660278911900188 -0.49999569166240754 0
vn -2.7238813027163508e-15 -4.809889262466788e-15 1
vn -4.021697593495935e-15 3.345347570840562e-17 -1
vn 1 0 0
vn -1 0 0
vn 4.763980979394598e-15 2.803593496528167e-15 1
vn 3.4661457311842227e-15 -2.039819989206142e-15 -1
vn 0.8660226585131959 -0.5000047549191272 0
vn -0.8660278911900187 0.4999956916624074 0
vn 2.0523579344212195e-15 2.052357934421203e-15 1
vn -1.4932638741406554e-15 -1.4932638741406432e-15 -1
vn 0.500004754919128 -0.8660226585131955 0
vn -0.49999569166241065 0.8660278911900169 0
vn -2.8035521392384116e-15 -7.512364569360762e-16 1
vn 3.345347570841439e-17 4.0216975934959786e-15 -1
vn 0 -1 0
vn 0 1 0
vn 0 0 1
vn 0 4.012733440409025e-15 -1
vn -0.5000047549191283 -0.8660226585131953 0
vn 0.4999956916624103 0.866027891190017 0
vn 2.05235793442122e-15 -2.0523579344212018e-15 1
vn -1.4932638741406765e-15 1.493263874140663e-15 -1
vn -0.8660226585131958 -0.5000047549191274 0
vn 0.8660278911900186 0.49999569166240765 0
vn -4.226354216588412e-15 7.972150160100588e-16 1
vn -2.9285154203470193e-15 -4.04621171068168e-15 -1
vn -1 0 0
vn 1 0 0
vn 4.763980979394601e-15 2.8035934965281676e-15 1
vn 3.4661457311842247e-15 -2.0398199892061425e-15 -1
vn -0.8660226585131958 0.5000047549191274 0
vn 0.8660278911900187 -0.49999569166240776 0
vn -2.0523579344212203e-15 -2.052357934421202e-15 1
vn 1.4932638741406558e-15 1.4932638741406426e-15 -1
vn -0.5000047549191283 0.8660226585131953 0
vn 0.4999956916624103 -0.866027891190017 0
vn 0 0 1
vn 0 0 -1
vn 0 1 0
vn 0 -1 0
vn 0 0 1
vn 0 0 -1
vn -1.0255841852909116e-15 -5.921092791199265e-16 -1
vn -1.1842378929335002e-15 0 -1
vn 1.586343729489532e-16 5.011714766181479e-15 -1
vn -5.011714766181435e-15 -1.5863437294892807e-16 -1
vn 0 1.1842378929335002e-15 -1
vn 5.011714766181435e-15 -1.5863437294892807e-16 -1
vn -1.586343729489532e-16 5.011714766181479e-15 -1
vn 1.1842378929335002e-15 0 -1
vn 1.0255841852909116e-15 -5.921092791199265e-16 -1
vn 5.921092791199265e-16 -1.0255841852909132e-15 -1
vn 0 -1.1842378929335002e-15 -1
vn -5.921092791199265e-16 -1.0255841852909132e-15 -1
vn 1 0 0
vn -1 0 0
vn 0 1 0
vn 0 -1 0
vn 0 -1.9737298215558337e-16 1
vn 0 1.9737298215558337e-16 -1
vn 1 0 0
vn -1 0 0
vn 0 1 0
vn 0 -1 0
vn 0 -4.179663151530001e-16 1
vn 0 2.0898315757650005e-16 -1
vn 1 0 0
vn -1 0 0
vn 0 1 -7.105427357601002e-15
vn 0 -1 0
vn 0 -2.220446049250311e-16 1
vn 0 0 -1
vn 1 0 0
vn -1 0 0
vn 0 1 3.552713678800504e-15
vn 0 -1 1.7763568394002505e-15
vn 0 0 1
vn 0 3.5527136788004757e-15 -1
vn 1 0 0
vn -1 0 0
vn 0 1 0
vn 0 -1 0
vn 0 0 1
vn 0 7.105427357601002e-15 -1
vn 1 0 0
vn -1 0 0
vn 0 1 0
vn 0 -1 0
vn 0 0 1
vn 0 -3.552713678800526e-15 -1
vn 1 0 0
vn -1 0 0
vn 0 1 0
vn 0 -1 0
vn 0 3.552713678800501e-15 1
vn 0 3.552713678800501e-15 -1
vn 1 0 0
vn -1 0 0
vn 0 1 0
vn 0 -1 0
vn 0 2.220446049250313e-16 1
vn 0 0 -1
vn 1 0 0
vn -1 0 0
vn 0 1 3.5527136788004978e-15
vn 0 -1 7.105427357601002e-15
vn 0 -3.3306690738754726e-16 1
vn 0 2.220446049250312e-16 -1
vn 1 0 0
vn -1 0 0
vn 0 1 0
vn 0 -1 0
vn 0 -2.220446049250313e-16 1
vn 0 2.220446049250313e-16 -1
vn 1 0 0
vn -1 0 0
vn 0 1 0
vn 0 -1 -3.5527136788004978e-15
vn 0 -1.1102230246251565e-16 1
vn 0 2.220446049250314e-16 -1
vn 1 0 0
vn -1 0 0
vn 0 1 0
vn 0 -1 0
vn 0 1.7763568394002378e-15 1
vn 0 -3.5527136788004757e-15 -1
vn 1 0 0
vn -1 0 0
vn 0 1 0
vn 0 -1 1.7763568394002513e-15
vn 0 -5.329070518200789e-15 1
vn 0 1.7763568394002505e-15 -1
vn 1 0 0
vn -1 0 0
vn 0 1 0
vn 0 -1 0
vn 0 5.224578939412501e-17 1
vn 0 0 -1
vn 1 0 0
vn -1 0 0
vn 0 1 0
vn 0 -1 0
vn 0 0 1
vn 0 0 -1
vn 1 0 0
vn -1 0 0
vn 0 1 0
vn 0 -1 0
vn 0 1.7763568394002505e-15 1
vn 0 8.881784197001252e-16 -1
vn 1 0 0
vn -1 0 0
vn 0 1 0
vn 0 -1 0
vn 0 1.7763568394002505e-15 1
vn 0 -8.881784197001252e-16 -1
vn 1 0 0
vn -1 0 0
vn 0 1 0
vn 0 -1 0
vn 0 -9.868649107779169e-17 1
vn 0 0 -1
vn 1 0 0
vn -1 0 0
vn 0 1 0
vn 0 -1 0
vn 0 1.9737298215558337e-16 1
vn 0 0 -1
vn 1 0 0
vn -1 0 0
vn 0 1 0
vn 0 -1 0
vn 0 0 1
vn 0 0 -1
vn 1 0 0
vn -1 0 0
vn 0 1 0
vn 0 -1 0
vn 0 -1.0150610510858574e-15 1
vn 0 0 -1
vn 1 0 0
vn -1 0 0
vn 0 1 0
vn 0 -1 0
vn 0 0 1
vn 0 0 -1
vn 0.9659258262890683 0.2588190451025209 0
vn -0.9659258262890683 -0.2588190451025207 0
vn -0.2588190451025177 0.9659258262890692 0
vn 0.2588190451025221 -0.965925826289068 0
vn 2.4027106757429593e-15 1.8404940427605851e-16 1
vn 0 0 -1
vn 0.9659258262890683 -0.25881904510252063 0
vn -0.9659258262890683 0.25881904510252085 0
vn 0.2588190451025177 0.9659258262890692 0
vn -0.2588190451025221 -0.9659258262890681 0
vn -1.1493874523372477e-16 -4.2895723697048143e-16 1
vn 0 0 -1
vn 0.9659258262890684 0.2588190451025209 0
vn -0.9659258262890684 -0.25881904510252046 1.8698493046318453e-15
vn -0.25881904510251774 0.9659258262890693 0
vn 0.2588190451025221 -0.965925826289068 0
vn -2.2303025578923758e-15 -8.274852597317821e-16 1
vn 1.1493874523372477e-16 -4.2895723697048143e-16 -1
vn 0.9659258262890683 -0.25881904510252063 0
vn -0.9659258262890682 0.2588190451025211 0
vn 0.2588190451025177 0.9659258262890692 0
vn -0.2588190451025265 -0.9659258262890668 0
vn 1.1493874523372477e-16 4.2895723697048143e-16 1
vn 1.0864165926377549e-15 -5.209819391085109e-16 -1
vn 1 0 0
vn -1 0 0
vn 0 1 0
vn 0 -1 0
vn 0 0 1
vn 0 -5.075305255429287e-16 -1
vn 1 0 0
vn -1 0 0
vn 0 1 0
vn 0 -1 0
vn 0 0 1
vn 0 0 -1
vn 1 0 0
vn -1 0 0
vn 0 1 0
vn 0 -1 0
vn 0 -8.881784197001252e-16 1
vn 0 8.881784197001252e-16 -1
vn 1 0 0
vn -1 0 0
vn 0 1 0
vn 0 -1 0
vn 0 -1.2688263138573217e-16 1
vn 0 1.9032394707859825e-16 -1
vn 1 0 0
vn -1 0 0
vn 0 1 0
vn 0 -1 0
vn 0 8.881784197001252e-16 1
vn 0 -1.7763568394002505e-15 -1
vn 0.7071067811865467 -0.7071067811865485 0
vn -0.7071067811865467 0.7071067811865485 0
vn 0.7071067811865485 0.7071067811865466 0
vn -0.7071067811865485 -0.7071067811865466 0
vn 8.881806570078122e-16 -8.881806570078145e-16 1
vn 1.8394665496960524e-16 1.0721273119774167e-15 -1
vn 0.7071067811865465 0.7071067811865487 0
vn -0.7071067811865467 -0.7071067811865485 0
vn -0.7071067811865458 0.7071067811865492 0
vn 0.7071067811865457 -0.7071067811865493 0
vn -3.6789645012883846e-16 2.1442514837652057e-15 1
vn -1.5162145002916882e-15 -2.6014053334466954e-16 -1
vn 1 0 0
vn -1 0 0
vn 0 1 0
vn 0 -1 0
vn 0 -2.9605947323337506e-16 1
vn 0 2.9605947323337506e-16 -1
vn 1 0 0
vn -1 0 0
vn 0 1 0
vn 0 -1 0
vn 0 0 1
vn 0 -8.881784197001252e-16 -1
vn 1 0 0
vn -1 0 0
vn 0 1 0
vn 0 -1 0
vn 0 0 1
vn 0 8.881784197001252e-16 -1
vn 1 0 0
vn -1 0 0
vn 0 1 0
vn 0 -1 0
vn 0 -2.9605947323337506e-16 1
vn 0 2.9605947323337506e-16 -1
vn 1 0 0
vn -1 0 0
vn 0 1 0
vn 0 -1 0
vn 0 0 1
vn 0 -3.552713678800501e-15 -1
vn 1 0 0
vn -1 0 0
vn 0 1 0
vn 0 -1 0
vn 0 8.881784197001252e-16 1
vn 0 1.7763568394002505e-15 -1
vn -0.11320321376791745 -0.9935718556765863 0
vn 0.11320321376791741 0.9935718556765865 0
vn 0.9935718556765875 -0.11320321376790675 0
vn -0.9935718556765877 0.1132032137679067 0
vn 1.7649381612667031e-15 -2.0108930301870955e-16 1
vn -1.78169560318493e-15 5.4011122913150914e-17 -1
vn -0.1132032137679175 -0.9935718556765863 0
vn 0.11320321376791745 0.9935718556765863 0
vn 0.9935718556765875 -0.11320321376790679 0
vn -0.9935718556765876 0.11320321376790668 0
vn -8.61301785578749e-16 2.8632761585321844e-16 1
vn -1.7649381612667035e-15 2.0108930301870965e-16 -1
vn 0.9990482215818578 0.043619387365335965 0
vn -0.9990482215818578 -0.043619387365335965 0
vn -0.04361938736532524 0.9990482215818582 0
vn 0.04361938736532524 -0.9990482215818582 0
vn 6.456966423070365e-18 -1.478888451081326e-16 1
vn 0 0 -1
vn 1 0 0
vn -1 0 0
vn 0 1 0
vn 0 -1 0
vn 0 -8.881784197001252e-16 1
vn 0 0 -1
vn 1 0 0
vn -1 0 0
vn 0 1 0
vn 0 -1 0
vn 0 5.921189464667501e-16 1
vn 0 -1.1842378929335002e-15 -1
vn 1 0 0
vn -1 0 0
vn 0 1 0
vn 0 -1 0
vn 0 0 1
vn 0 -5.921189464667501e-16 -1
vn 1 0 0
vn -1 0 0
vn 0 1 0
vn 0 -1 0
vn 0 -3.552713678800501e-15 1
vn 0 -8.881784197001252e-16 -1
vn 1 0 0
vn -1 0 0
vn 0 1 0
vn 0 -1 0
vn 0 -2.7328566760003855e-16 1
vn 0 0 -1
vn 1 0 0
vn -1 0 0
vn 0 1 0
vn 0 -1 0
vn 0 -2.7328566760003855e-16 1
vn 0 0 -1
vn 1 0 0
vn -1 0 0
vn 0 1 0
vn 0 -1 0
vn 0 3.552713678800501e-15 1
vn 0 0 -1
vn 1 0 0
vn -1 0 0
vn 0 1 0
vn 0 -1 0
vn 0 3.552713678800501e-15 1
vn 0 0 -1
vn 1 0 0
vn -1 0 0
vn 0 1 0
vn 0 -1 0
vn 0 3.552713678800501e-15 1
vn 0 0 -1
vn 1 0 0
vn -1 0 0
vn 0 1 0
vn 0 -1 0
vn 0 0 1
vn 0 -8.881784197001252e-16 -1
vn 1 0 0
vn -1 0 0
vn 0 1 0
vn 0 -1 0
vn 0 0 1
vn 0 2.220446049250313e-16 -1
vn 1 0 0
vn -1 0 0
vn 0 1 0
vn 0 -1 0
vn 0 0 1
vn 0 2.220446049250313e-16 -1
vn 1 0 0
vn -1 0 0
vn 0 1 0
vn 0 -1 0
vn 0 0 1
vn 0 0 -1
vn 1 0 0
vn -1 0 0
vn 0 1 0
vn 0 -1 0
vn 0 0 1
vn 0 1.4802973661668753e-16 -1
vn 1 0 0
vn -1 0 0
vn 0 1 0
vn 0 -1 0
vn 0 -1.7763568394002505e-15 1
vn 0 0 -1
vn 0.7071067811865361 0.707106781186559 0
vn -0.7071067811865505 -0.7071067811865447 0
vn -0.707106781186541 0.707106781186554 0
vn 0.7071067811865505 -0.7071067811865447 0
vn -8.373826446313412e-16 -8.373826446313682e-16 1
vn 0 0 -1
vn 0.7071067811865505 -0.7071067811865447 0
vn -0.7071067811865505 0.7071067811865447 0
vn 0.7071067811865503 0.7071067811865447 0
vn -0.7071067811865503 -0.7071067811865447 0
vn 8.373826446313467e-16 -8.373826446313398e-16 1
vn 0 0 -1
vn 1 0 0
vn -1 0 0
vn 0 1 0
vn 0 -1 0
vn 0 0 1
vn 0 0 -1
vn 0.707106781186536 0.7071067811865591 0
vn -0.7071067811865503 -0.7071067811865448 0
vn -0.707106781186541 0.7071067811865541 0
vn 0.7071067811865503 -0.7071067811865447 0
vn 0 0 1
vn 0 0 -1
vn 0.7071067811865507 -0.7071067811865445 0
vn -0.7071067811865502 0.7071067811865449 0
vn 0.7071067811865506 0.7071067811865446 0
vn -0.7071067811865502 -0.7071067811865449 0
vn 0 0 1
vn 0 0 -1
vn 1 0 0
vn -1 0 0
vn 0 1 0
vn 0 -1 0
vn 0 0 1
vn 0 0 -1
vn 0.707106781186536 0.7071067811865591 0
vn -0.7071067811865502 -0.7071067811865449 0
vn -0.707106781186541 0.707106781186554 0
vn 0.7071067811865506 -0.7071067811865446 0
vn 0 0 1
vn 0 0 -1
vn 0.7071067811865505 -0.7071067811865447 0
vn -0.7071067811865505 0.7071067811865447 0
vn 0.7071067811865503 0.7071067811865447 0
vn -0.7071067811865503 -0.7071067811865447 0
vn 0 0 1
vn 0 0 -1
vn 1 0 0
vn -1 0 0
vn 0 1 0
vn 0 -1 0
vn 0 3.552713678800501e-15 1
vn 0 3.552713678800501e-15 -1
vn 1 0 0
vn -1 0 0
vn 0 1 0
vn 0 -1 0
vn 0 0 1
vn 0 1.7453421101037341e-15 -1
vn 1 0 0
vn -1 0 0
vn 0 1 0
vn 0 -1 0
vn 0 0 1
vn 0 1.7453421101037341e-15 -1
vn 1 0 0
vn -1 0 0
vn 0 1 0
vn 0 -1 0
vn 0 3.552713678800501e-15 1
vn 0 3.552713678800501e-15 -1
vn 1 0 0
vn -1 0 0
vn 0 1 0
vn 0 -1 0
vn 0 0 1
vn 0 -1.7453421101037341e-15 -1
vn 1 0 0
vn -1 0 0
vn 0 1 0
vn 0 -1 0
vn 0 0 1
vn 0 -1.7453421101037341e-15 -1
vn 1 0 0
vn -1 0 0
vn 0 1 0
vn 0 -1 0
vn 0 3.552713678800501e-15 1
vn 0 3.552713678800501e-15 -1
vn 1 0 0
vn -1 0 0
vn 0 1 0
vn 0 -1 0
vn 0 0 1
vn 0 -1.7453421101037341e-15 -1
vn 1 0 0
vn -1 0 0
vn 0 1 0
vn 0 -1 0
vn 0 0 1
vn 0 -1.7453421101037341e-15 -1
vn 1 0 0
vn -1 0 0
vn 0 1 0
vn 0 -1 0
vn 0 1.7763568394002505e-15 1
vn 0 0 -1
vn 1 0 0
vn -1 0 0
vn 0 1 0
vn 0 -1 0
vn 0 8.726710550518671e-16 1
vn 0 0 -1
vn 1 0 0
vn -1 0 0
vn 0 1 0
vn 0 -1 0
vn 0 8.726710550518671e-16 1
vn 0 0 -1
vn 1 0 0
vn -1 0 0
vn 0 1 0
vn 0 -1 0
vn 0 0 1
vn 0 -3.552713678800501e-15 -1
vn 0.707106781186536 0.7071067811865591 0
vn -0.7071067811865505 -0.7071067811865447 0
vn -0.707106781186541 0.707106781186554 0
vn 0.7071067811865505 -0.7071067811865448 0
vn 2.512147933894057e-15 -2.512147933894103e-15 1
vn -2.512147933894007e-15 2.5121479338940533e-15 -1
vn 0.7071067811865502 -0.7071067811865449 0
vn -0.7071067811865502 0.7071067811865449 0
vn 0.7071067811865505 0.7071067811865446 0
vn -0.7071067811865505 -0.7071067811865446 0
vn 0 0 1
vn 0 0 -1
vn 1 0 0
vn -1 0 0
vn 0 1 0
vn 0 -1 0
vn 0 3.552713678800501e-15 1
vn 0 3.552713678800501e-15 -1
vn 0.707106781186536 0.7071067811865591 0
vn -0.7071067811865511 -0.707106781186544 0
vn -0.7071067811865417 0.7071067811865535 0
vn 0.7071067811865505 -0.7071067811865446 0
vn -1.2560739669470292e-15 1.2560739669470503e-15 1
vn 0 0 -1
vn 0.7071067811865505 -0.7071067811865447 0
vn -0.7071067811865502 0.7071067811865449 0
vn 0.7071067811865505 0.7071067811865448 0
vn -0.7071067811865502 -0.7071067811865449 0
vn 6.2803698347351e-15 1.2560739669470105e-15 1
vn 0 0 -1
vn 1 0 0
vn -1 0 0
vn 0 1 0
vn 0 -1 0
vn 0 0 1
vn 0 -1.7763568394002378e-15 -1
vn 1 0 0
vn -1 0 0
vn 0 1 0
vn 0 -1 0
vn 0 0 1
vn 0 5.465713352000771e-16 -1
vn 1 0 0
vn -1 0 0
vn 0 1 0
vn 0 -1 0
vn 0 0 1
vn 0 5.465713352000771e-16 -1
vn 1 0 0
vn -1 0 0
vn 0 1 0
vn 0 -1 0
vn 0 -3.552713678800526e-15 1
vn 0 1.776356839400263e-15 -1
vn 1 0 0
vn -1 0 0
vn 0 1 0
vn 0 -1 0
vn 0 0 1
vn 0 0 -1
vn 1 0 0
vn -1 0 0
vn 0 1 0
vn 0 -1 0
vn 0 0 1
vn 0 0 -1
vn 1 0 0
vn -1 0 0
vn 0 1 0
vn 0 -1 0
vn 0 0 1
vn 0 0 -1
vn 0.7071067811865476 -0.7071067811865476 0
vn -0.7071067811865469 0.7071067811865482 0
vn 0.7071067811865461 0.7071067811865489 0
vn -0.7071067811865475 -0.7071067811865477 0
vn 3.5887827627057767e-16 -3.5887827627057767e-16 1
vn 6.728967680073321e-16 -4.4859784533822055e-17 -1
vn 0.7071067811865469 -0.7071067811865482 0
vn -0.7071067811865467 0.7071067811865485 0
vn 0.7071067811865464 0.7071067811865487 0
vn -0.7071067811865461 -0.7071067811865489 0
vn 1.5700924586837742e-16 1.570092458683779e-16 1
vn 0 0 -1
vn 1 0 0
vn -1 0 0
vn 0 1 0
vn 0 -1 0
vn 0 0 1
vn 0 0 -1
vn -1 0 0
vn 1 0 0
vn 0 -1 0
vn 0 1 0
vn 0 -1.1842378929335002e-15 1
vn 0 -5.921189464667501e-16 -1
vn 0 1 0
vn 0 -1 0
vn -1 0 0
vn 1 -1.7763568394002506e-16 0
vn 0 0 1
vn 0 1.7763568394002506e-16 -1
vn 0 -1 0
vn 0 1 0
vn 1 0 0
vn -1 0 0
vn 0 -1.7763568394002506e-16 1
vn 0 -3.552713678800501e-16 -1
vn 0.7071067811865476 -0.7071067811865476 0
vn -0.7071067811865472 0.7071067811865479 0
vn 0.7071067811865474 0.7071067811865478 0
vn -0.7071067811865476 -0.7071067811865476 0
vn -1.1418854244972908e-16 -1.1418854244972915e-16 1
vn 5.709427122486456e-17 5.70942712248646e-17 -1
vn 1 0 0
vn -1 0 0
vn 0 1 0
vn 0 -1 0
vn 0 0 1
vn 0 -2.9605947323337506e-16 -1
vn 1 0 0
vn -1 0 0
vn 0 1 0
vn 0 -1 0
vn 0 0 1
vn 0 -2.9605947323337506e-16 -1
vn 1 0 0
vn -1 0 0
vn 0 1 0
vn 0 -1 0
vn 0 2.9605947323337506e-16 1
vn 0 -5.921189464667501e-16 -1
vn 1 0 0
vn -1 0 0
vn 0 1 0
vn 0 -1 0
vn 0 2.9605947323337506e-16 1
vn 0 -5.921189464667501e-16 -1
vn 1 0 0
vn -1 0 0
vn 0 1 0
vn 0 -1 0
vn 0 -1.1842378929335002e-15 1
vn 0 0 -1
vn 1 0 0
vn -1 0 0
vn 0 1 0
vn 0 -1 0
vn 0 -2.9605947323337506e-16 1
vn 0 0 -1
vn 1 0 0
vn -1 0 0
vn 0 1 0
vn 0 -1 0
vn 0 1.7763568394002505e-15 1
vn 0 3.552713678800501e-15 -1
vn 1 0 0
vn -1 0 0
vn 0 1 0
vn 0 -1 0
vn 0 8.726710550518672e-16 1
vn 0 0 -1
vn 1 0 0
vn -1 0 0
vn 0 1 0
vn 0 -1 0
vn 0 8.726710550518671e-16 1
vn 0 0 -1
vn 1 0 0
vn -1 0 0
vn 0 1 0
vn 0 -1 0
vn 0 -3.552713678800501e-15 1
vn 0 0 -1
vn 1 0 0
vn -1 0 0
vn 0 1 0
vn 0 -1 0
vn 0 1.7453421101037341e-15 1
vn 0 0 -1
vn 1 0 0
vn -1 0 0
vn 0 1 0
vn 0 -1 0
vn 0 1.7453421101037341e-15 1
vn 0 0 -1
usemtl m_ac3999ef-95b5-0d58-6ef6-8589e28d3a01
f 5/1/1 6/2/1 3/3/1
f 6/4/2 7/5/2 3/6/2
f 7/7/3 8/8/3 3/9/3
f 8/10/4 9/11/4 3/12/4
f 9/13/5 10/14/5 3/15/5
f 10/16/6 11/17/6 3/18/6
f 11/19/7 12/20/7 3/21/7
f 12/22/8 13/23/8 3/24/8
f 13/25/9 14/26/9 3/27/9
f 14/28/10 15/29/10 3/30/10
f 15/31/11 4/32/11 3/33/11
f 4/34/12 5/35/12 3/36/12
usemtl m_3d215661-f591-00a8-53e2-d8d611c756be
f 16/37/13 20/38/13 21/39/13 17/40/13
f 19/41/14 23/42/14 22/43/14 18/44/14
f 18/45/15 22/46/15 20/47/15 16/48/15
f 17/49/16 21/50/16 23/51/16 19/52/16
f 20/53/17 24/54/17 25/55/17 21/56/17
f 23/57/18 27/58/18 26/59/18 22/60/18
f 22/61/19 26/62/19 24/63/19 20/64/19
f 21/65/20 25/66/20 27/67/20 23/68/20
f 24/69/21 28/70/21 29/71/21 25/72/21
f 27/73/22 31/74/22 30/75/22 26/76/22
f 26/77/23 30/78/23 28/79/23 24/80/23
f 25/81/24 29/82/24 31/83/24 27/84/24
f 28/85/25 32/86/25 33/87/25 29/88/25
f 31/89/26 35/90/26 34/91/26 30/92/26
f 30/93/27 34/94/27 32/95/27 28/96/27
f 29/97/28 33/98/28 35/99/28 31/100/28
f 32/101/29 36/102/29 37/103/29 33/104/29
f 35/105/30 39/106/30 38/107/30 34/108/30
f 34/109/31 38/110/31 36/111/31 32/112/31
f 33/113/32 37/114/32 39/115/32 35/116/32
f 36/117/33 40/118/33 41/119/33 37/120/33
f 39/121/34 43/122/34 42/123/34 38/124/34
f 38/125/35 42/126/35 40/127/35 36/128/35
f 37/129/36 41/130/36 43/131/36 39/132/36
f 40/133/37 44/134/37 45/135/37 41/136/37
f 43/137/38 47/138/38 46/139/38 42/140/38
f 42/141/39 46/142/39 44/143/39 40/144/39
f 41/145/40 45/146/40 47/147/40 43/148/40
f 44/149/41 48/150/41 49/151/41 45/152/41
f 47/153/42 51/154/42 50/155/42 46/156/42
f 46/157/43 50/158/43 48/159/43 44/160/43
f 45/161/44 49/162/44 51/163/44 47/164/44
f 48/165/45 52/166/45 53/167/45 49/168/45
f 51/169/46 55/170/46 54/171/46 50/172/46
f 50/173/47 54/174/47 52/175/47 48/176/47
f 49/177/48 53/178/48 55/179/48 51/180/48
f 52/181/49 56/182/49 57/183/49 53/184/49
f 55/185/50 59/186/50 58/187/50 54/188/50
f 54/189/51 58/190/51 56/191/51 52/192/51
f 53/193/52 57/194/52 59/195/52 55/196/52
f 56/197/53 60/198/53 61/199/53 57/200/53
f 59/201/54 63/202/54 62/203/54 58/204/54
f 58/205/55 62/206/55 60/207/55 56/208/55
f 57/209/56 61/210/56 63/211/56 59/212/56
f 60/213/57 16/214/57 17/215/57 61/216/57
f 63/217/58 19/218/58 18/219/58 62/220/58
f 62/221/59 18/222/59 16/223/59 60/224/59
f 61/225/60 17/226/60 19/227/60 63/228/60
f 64/229/61 68/230/61 69/231/61 65/232/61
f 67/233/62 71/234/62 70/235/62 66/236/62
f 66/237/63 70/238/63 68/239/63 64/240/63
f 65/241/64 69/242/64 71/243/64 67/244/64
f 68/245/65 72/246/65 73/247/65 69/248/65
f 71/249/66 75/250/66 74/251/66 70/252/66
f 70/253/67 74/254/67 72/255/67 68/256/67
f 69/257/68 73/258/68 75/259/68 71/260/68
f 72/261/69 76/262/69 77/263/69 73/264/69
f 75/265/70 79/266/70 78/267/70 74/268/70
f 74/269/71 78/270/71 76/271/71 72/272/71
f 73/273/72 77/274/72 79/275/72 75/276/72
f 76/277/73 80/278/73 81/279/73 77/280/73
f 79/281/74 83/282/74 82/283/74 78/284/74
f 78/285/75 82/286/75 80/287/75 76/288/75
f 77/289/76 81/290/76 83/291/76 79/292/76
f 80/293/77 84/294/77 85/295/77 81/296/77
f 83/297/78 87/298/78 86/299/78 82/300/78
f 82/301/79 86/302/79 84/303/79 80/304/79
f 81/305/80 85/306/80 87/307/80 83/308/80
f 84/309/81 88/310/81 89/311/81 85/312/81
f 87/313/82 91/314/82 90/315/82 86/316/82
f 86/317/83 90/318/83 88/319/83 84/320/83
f 85/321/84 89/322/84 91/323/84 87/324/84
f 88/325/85 92/326/85 93/327/85 89/328/85
f 91/329/86 95/330/86 94/331/86 90/332/86
f 90/333/87 94/334/87 92/335/87 88/336/87
f 89/337/88 93/338/88 95/339/88 91/340/88
f 92/341/89 96/342/89 97/343/89 93/344/89
f 95/345/90 99/346/90 98/347/90 94/348/90
f 94/349/91 98/350/91 96/351/91 92/352/91
f 93/353/92 97/354/92 99/355/92 95/356/92
f 96/357/93 100/358/93 101/359/93 97/360/93
f 99/361/94 103/362/94 102/363/94 98/364/94
f 98/365/95 102/366/95 100/367/95 96/368/95
f 97/369/96 101/370/96 103/371/96 99/372/96
f 100/373/97 104/374/97 105/375/97 101/376/97
f 103/377/98 107/378/98 106/379/98 102/380/98
f 102/381/99 106/382/99 104/383/99 100/384/99
f 101/385/100 105/386/100 107/387/100 103/388/100
f 104/389/101 108/390/101 109/391/101 105/392/101
f 107/393/102 111/394/102 110/395/102 106/396/102
f 106/397/103 110/398/103 108/399/103 104/400/103
f 105/401/104 109/402/104 111/403/104 107/404/104
f 108/405/105 64/406/105 65/407/105 109/408/105
f 111/409/106 67/410/106 66/411/106 110/412/106
f 110/413/107 66/414/107 64/415/107 108/416/107
f 109/417/108 65/418/108 67/419/108 111/420/108
usemtl m_ac3999ef-95b5-0d58-6ef6-8589e28d3a01
f 114/421/109 115/422/109 112/423/109
f 115/424/110 116/425/110 112/426/110
f 116/427/111 117/428/111 112/429/111
f 117/430/112 118/431/112 112/432/112
f 118/433/113 119/434/113 112/435/113
f 119/436/114 120/437/114 112/438/114
f 120/439/115 121/440/115 112/441/115
f 121/442/116 122/443/116 112/444/116
f 122/445/117 123/446/117 112/447/117
f 123/448/118 124/449/118 112/450/118
f 124/451/119 113/452/119 112/453/119
f 113/454/120 114/455/120 112/456/120
usemtl m_3d215661-f591-00a8-53e2-d8d611c756be
f 125/457/121 129/458/121 130/459/121 126/460/121
f 128/461/122 132/462/122 131/463/122 127/464/122
f 127/465/123 131/466/123 129/467/123 125/468/123
f 126/469/124 130/470/124 132/471/124 128/472/124
f 129/473/125 133/474/125 134/475/125 130/476/125
f 132/477/126 136/478/126 135/479/126 131/480/126
f 131/481/127 135/482/127 133/483/127 129/484/127
f 130/485/128 134/486/128 136/487/128 132/488/128
f 133/489/129 137/490/129 138/491/129 134/492/129
f 136/493/130 140/494/130 139/495/130 135/496/130
f 135/497/131 139/498/131 137/499/131 133/500/131
f 134/501/132 138/502/132 140/503/132 136/504/132
f 137/505/133 141/506/133 142/507/133 138/508/133
f 140/509/134 144/510/134 143/511/134 139/512/134
f 139/513/135 143/514/135 141/515/135 137/516/135
f 138/517/136 142/518/136 144/519/136 140/520/136
f 141/521/137 145/522/137 146/523/137 142/524/137
f 144/525/138 148/526/138 147/527/138 143/528/138
f 143/529/139 147/530/139 145/531/139 141/532/139
f 142/533/140 146/534/140 148/535/140 144/536/140
f 145/537/141 149/538/141 150/539/141 146/540/141
f 148/541/142 152/542/142 151/543/142 147/544/142
f 147/545/143 151/546/143 149/547/143 145/548/143
f 146/549/144 150/550/144 152/551/144 148/552/144
f 149/553/145 153/554/145 154/555/145 150/556/145
f 152/557/146 156/558/146 155/559/146 151/560/146
f 151/561/147 155/562/147 153/563/147 149/564/147
f 150/565/148 154/566/148 156/567/148 152/568/148
f 153/569/149 157/570/149 158/571/149 154/572/149
f 156/573/150 160/574/150 159/575/150 155/576/150
f 155/577/151 159/578/151 157/579/151 153/580/151
f 154/581/152 158/582/152 160/583/152 156/584/152
f 157/585/153 161/586/153 162/587/153 158/588/153
f 160/589/154 164/590/154 163/591/154 159/592/154
f 159/593/155 163/594/155 161/595/155 157/596/155
f 158/597/156 162/598/156 164/599/156 160/600/156
f 161/601/157 165/602/157 166/603/157 162/604/157
f 164/605/158 168/606/158 167/607/158 163/608/158
f 163/609/159 167/610/159 165/611/159 161/612/159
f 162/613/160 166/614/160 168/615/160 164/616/160
f 165/617/161 169/618/161 170/619/161 166/620/161
f 168/621/162 172/622/162 171/623/162 167/624/162
f 167/625/163 171/626/163 169/627/163 165/628/163
f 166/629/164 170/630/164 172/631/164 168/632/164
f 169/633/165 125/634/165 126/635/165 170/636/165
f 172/637/166 128/638/166 127/639/166 171/640/166
f 171/641/167 127/642/167 125/643/167 169/644/167
f 170/645/168 126/646/168 128/647/168 172/648/168
usemtl m_ac3999ef-95b5-0d58-6ef6-8589e28d3a01
f 175/649/169 176/650/169 173/651/169
f 176/652/170 177/653/170 173/654/170
f 177/655/171 178/656/171 173/657/171
f 178/658/172 179/659/172 173/660/172
f 179/661/173 180/662/173 173/663/173
f 180/664/174 181/665/174 173/666/174
f 181/667/175 182/668/175 173/669/175
f 182/670/176 183/671/176 173/672/176
f 183/673/177 184/674/177 173/675/177
f 184/676/178 185/677/178 173/678/178
f 185/679/179 174/680/179 173/681/179
f 174/682/180 175/683/180 173/684/180
f 188/685/181 189/686/181 186/687/181
f 189/688/182 190/689/182 186/690/182
f 190/691/183 191/692/183 186/693/183
f 191/694/184 192/695/184 186/696/184
f 192/697/185 193/698/185 186/699/185
f 193/700/186 194/701/186 186/702/186
f 194/703/187 195/704/187 186/705/187
f 195/706/188 196/707/188 186/708/188
f 196/709/189 197/710/189 186/711/189
f 197/712/190 198/713/190 186/714/190
f 198/715/191 187/716/191 186/717/191
f 187/718/192 188/719/192 186/720/192
usemtl m_3d215661-f591-00a8-53e2-d8d611c756be
f 199/721/193 203/722/193 204/723/193 200/724/193
f 202/725/194 206/726/194 205/727/194 201/728/194
f 201/729/195 205/730/195 203/731/195 199/732/195
f 200/733/196 204/734/196 206/735/196 202/736/196
f 203/737/197 207/738/197 208/739/197 204/740/197
f 206/741/198 210/742/198 209/743/198 205/744/198
f 205/745/199 209/746/199 207/747/199 203/748/199
f 204/749/200 208/750/200 210/751/200 206/752/200
f 207/753/201 211/754/201 212/755/201 208/756/201
f 210/757/202 214/758/202 213/759/202 209/760/202
f 209/761/203 213/762/203 211/763/203 207/764/203
f 208/765/204 212/766/204 214/767/204 210/768/204
f 211/769/205 215/770/205 216/771/205 212/772/205
f 214/773/206 218/774/206 217/775/206 213/776/206
f 213/777/207 217/778/207 215/779/207 211/780/207
f 212/781/208 216/782/208 218/783/208 214/784/208
f 215/785/209 219/786/209 220/787/209 216/788/209
f 218/789/210 222/790/210 221/791/210 217/792/210
f 217/793/211 221/794/211 219/795/211 215/796/211
f 216/797/212 220/798/212 222/799/212 218/800/212
f 219/801/213 223/802/213 224/803/213 220/804/213
f 222/805/214 226/806/214 225/807/214 221/808/214
f 221/809/215 225/810/215 223/811/215 219/812/215
f 220/813/216 224/814/216 226/815/216 222/816/216
f 223/817/217 227/818/217 228/819/217 224/820/217
f 226/821/218 230/822/218 229/823/218 225/824/218
f 225/825/219 229/826/219 227/827/219 223/828/219
f 224/829/220 228/830/220 230/831/220 226/832/220
f 227/833/221 231/834/221 232/835/221 228/836/221
f 230/837/222 234/838/222 233/839/222 229/840/222
f 229/841/223 233/842/223 231/843/223 227/844/223
f 228/845/224 232/846/224 234/847/224 230/848/224
f 231/849/225 235/850/225 236/851/225 232/852/225
f 234/853/226 238/854/226 237/855/226 233/856/226
f 233/857/227 237/858/227 235/859/227 231/860/227
f 232/861/228 236/862/228 238/863/228 234/864/228
f 235/865/229 239/866/229 240/867/229 236/868/229
f 238/869/230 242/870/230 241/871/230 237/872/230
f 237/873/231 241/874/231 239/875/231 235/876/231
f 236/877/232 240/878/232 242/879/232 238/880/232
f 239/881/233 243/882/233 244/883/233 240/884/233
f 242/885/234 246/886/234 245/887/234 241/888/234
f 241/889/235 245/890/235 243/891/235 239/892/235
f 240/893/236 244/894/236 246/895/236 242/896/236
f 243/897/237 199/898/237 200/899/237 244/900/237
f 246/901/238 202/902/238 201/903/238 245/904/238
f 245/905/239 201/906/239 199/907/239 243/908/239
f 244/909/240 200/910/240 202/911/240 246/912/240
usemtl m_ac3999ef-95b5-0d58-6ef6-8589e28d3a01
f 249/913/241 250/914/241 247/915/241
f 250/916/242 251/917/242 247/918/242
f 251/919/243 252/920/243 247/921/243
f 252/922/244 253/923/244 247/924/244
f 253/925/245 254/926/245 247/927/245
f 254/928/246 255/929/246 247/930/246
f 255/931/247 256/932/247 247/933/247
f 256/934/248 257/935/248 247/936/248
f 257/937/249 258/938/249 247/939/249
f 258/940/250 259/941/250 247/942/250
f 259/943/251 248/944/251 247/945/251
f 248/946/252 249/947/252 247/948/252
usemtl m_3d215661-f591-00a8-53e2-d8d611c756be
f 260/949/253 264/950/253 265/951/253 261/952/253
f 263/953/254 267/954/254 266/955/254 262/956/254
f 262/957/255 266/958/255 264/959/255 260/960/255
f 261/961/256 265/962/256 267/963/256 263/964/256
f 264/965/257 268/966/257 269/967/257 265/968/257
f 267/969/258 271/970/258 270/971/258 266/972/258
f 266/973/259 270/974/259 268/975/259 264/976/259
f 265/977/260 269/978/260 271/979/260 267/980/260
f 268/981/261 272/982/261 273/983/261 269/984/261
f 271/985/262 275/986/262 274/987/262 270/988/262
f 270/989/263 274/990/263 272/991/263 268/992/263
f 269/993/264 273/994/264 275/995/264 271/996/264
f 272/997/265 276/998/265 277/999/265 273/1000/265
f 275/1001/266 279/1002/266 278/1003/266 274/1004/266
f 274/1005/267 278/1006/267 276/1007/267 272/1008/267
f 273/1009/268 277/1010/268 279/1011/268 275/1012/268
f 276/1013/269 280/1014/269 281/1015/269 277/1016/269
f 279/1017/270 283/1018/270 282/1019/270 278/1020/270
f 278/1021/271 282/1022/271 280/1023/271 276/1024/271
f 277/1025/272 281/1026/272 283/1027/272 279/1028/272
f 280/1029/273 284/1030/273 285/1031/273 281/1032/273
f 283/1033/274 287/1034/274 286/1035/274 282/1036/274
f 282/1037/275 286/1038/275 284/1039/275 280/1040/275
f 281/1041/276 285/1042/276 287/1043/276 283/1044/276
f 284/1045/277 288/1046/277 289/1047/277 285/1048/277
f 287/1049/278 291/1050/278 290/1051/278 286/1052/278
f 286/1053/279 290/1054/279 288/1055/279 284/1056/279
f 285/1057/280 289/1058/280 291/1059/280 287/1060/280
f 288/1061/281 292/1062/281 293/1063/281 289/1064/281
f 291/1065/282 295/1066/282 294/1067/282 290/1068/282
f 290/1069/283 294/1070/283 292/1071/283 288/1072/283
f 289/1073/284 293/1074/284 295/1075/284 291/1076/284
f 292/1077/285 296/1078/285 297/1079/285 293/1080/285
f 295/1081/286 299/1082/286 298/1083/286 294/1084/286
f 294/1085/287 298/1086/287 296/1087/287 292/1088/287
f 293/1089/288 297/1090/288 299/1091/288 295/1092/288
f 296/1093/289 300/1094/289 301/1095/289 297/1096/289
f 299/1097/290 303/1098/290 302/1099/290 298/1100/290
f 298/1101/291 302/1102/291 300/1103/291 296/1104/291
f 297/1105/292 301/1106/292 303/1107/292 299/1108/292
f 300/1109/293 304/1110/293 305/1111/293 301/1112/293
f 303/1113/294 307/1114/294 306/1115/294 302/1116/294
f 302/1117/295 306/1118/295 304/1119/295 300/1120/295
f 301/1121/296 305/1122/296 307/1123/296 303/1124/296
f 304/1125/297 260/1126/297 261/1127/297 305/1128/297
f 307/1129/298 263/1130/298 262/1131/298 306/1132/298
f 306/1133/299 262/1134/299 260/1135/299 304/1136/299
f 305/1137/300 261/1138/300 263/1139/300 307/1140/300
usemtl m_ac3999ef-95b5-0d58-6ef6-8589e28d3a01
f 310/1141/301 311/1142/301 308/1143/301
f 311/1144/302 312/1145/302 308/1146/302
f 312/1147/303 313/1148/303 308/1149/303
f 313/1150/304 314/1151/304 308/1152/304
f 314/1153/305 315/1154/305 308/1155/305
f 315/1156/306 316/1157/306 308/1158/306
f 316/1159/307 317/1160/307 308/1161/307
f 317/1162/308 318/1163/308 308/1164/308
f 318/1165/309 319/1166/309 308/1167/309
f 319/1168/310 320/1169/310 308/1170/310
f 320/1171/311 309/1172/311 308/1173/311
f 309/1174/312 310/1175/312 308/1176/312
usemtl m_3d215661-f591-00a8-53e2-d8d611c756be
f 321/1177/313 325/1178/313 326/1179/313 322/1180/313
f 324/1181/314 328/1182/314 327/1183/314 323/1184/314
f 323/1185/315 327/1186/315 325/1187/315 321/1188/315
f 322/1189/316 326/1190/316 328/1191/316 324/1192/316
f 325/1193/317 329/1194/317 330/1195/317 326/1196/317
f 328/1197/318 332/1198/318 331/1199/318 327/1200/318
f 327/1201/319 331/1202/319 329/1203/319 325/1204/319
f 326/1205/320 330/1206/320 332/1207/320 328/1208/320
f 329/1209/321 333/1210/321 334/1211/321 330/1212/321
f 332/1213/322 336/1214/322 335/1215/322 331/1216/322
f 331/1217/323 335/1218/323 333/1219/323 329/1220/323
f 330/1221/324 334/1222/324 336/1223/324 332/1224/324
f 333/1225/325 337/1226/325 338/1227/325 334/1228/325
f 336/1229/326 340/1230/326 339/1231/326 335/1232/326
f 335/1233/327 339/1234/327 337/1235/327 333/1236/327
f 334/1237/328 338/1238/328 340/1239/328 336/1240/328
f 337/1241/329 341/1242/329 342/1243/329 338/1244/329
f 340/1245/330 344/1246/330 343/1247/330 339/1248/330
f 339/1249/331 343/1250/331 341/1251/331 337/1252/331
f 338/1253/332 342/1254/332 344/1255/332 340/1256/332
f 341/1257/333 345/1258/333 346/1259/333 342/1260/333
f 344/1261/334 348/1262/334 347/1263/334 343/1264/334
f 343/1265/335 347/1266/335 345/1267/335 341/1268/335
f 342/1269/336 346/1270/336 348/1271/336 344/1272/336
f 345/1273/337 349/1274/337 350/1275/337 346/1276/337
f 348/1277/338 352/1278/338 351/1279/338 347/1280/338
f 347/1281/339 351/1282/339 349/1283/339 345/1284/339
f 346/1285/340 350/1286/340 352/1287/340 348/1288/340
f 349/1289/341 353/1290/341 354/1291/341 350/1292/341
f 352/1293/342 356/1294/342 355/1295/342 351/1296/342
f 351/1297/343 355/1298/343 353/1299/343 349/1300/343
f 350/1301/344 354/1302/344 356/1303/344 352/1304/344
f 353/1305/345 357/1306/345 358/1307/345 354/1308/345
f 356/1309/346 360/1310/346 359/1311/346 355/1312/346
f 355/1313/347 359/1314/347 357/1315/347 353/1316/347
f 354/1317/348 358/1318/348 360/1319/348 356/1320/348
f 357/1321/349 361/1322/349 362/1323/349 358/1324/349
f 360/1325/350 364/1326/350 363/1327/350 359/1328/350
f 359/1329/351 363/1330/351 361/1331/351 357/1332/351
f 358/1333/352 362/1334/352 364/1335/352 360/1336/352
f 361/1337/353 365/1338/353 366/1339/353 362/1340/353
f 364/1341/354 368/1342/354 367/1343/354 363/1344/354
f 363/1345/355 367/1346/355 365/1347/355 361/1348/355
f 362/1349/356 366/1350/356 368/1351/356 364/1352/356
f 365/1353/357 321/1354/357 322/1355/357 366/1356/357
f 368/1357/358 324/1358/358 323/1359/358 367/1360/358
f 367/1361/359 323/1362/359 321/1363/359 365/1364/359
f 366/1365/360 322/1366/360 324/1367/360 368/1368/360
usemtl m_ac3999ef-95b5-0d58-6ef6-8589e28d3a01
f 371/1369/361 372/1370/361 369/1371/361
f 372/1372/362 373/1373/362 369/1374/362
f 373/1375/363 374/1376/363 369/1377/363
f 374/1378/364 375/1379/364 369/1380/364
f 375/1381/365 376/1382/365 369/1383/365
f 376/1384/366 377/1385/366 369/1386/366
f 377/1387/367 378/1388/367 369/1389/367
f 378/1390/368 379/1391/368 369/1392/368
f 379/1393/369 380/1394/369 369/1395/369
f 380/1396/370 381/1397/370 369/1398/370
f 381/1399/371 370/1400/371 369/1401/371
f 370/1402/372 371/1403/372 369/1404/372
usemtl m_3d215661-f591-00a8-53e2-d8d611c756be
f 382/1405/373 386/1406/373 387/1407/373 383/1408/373
f 385/1409/374 389/1410/374 388/1411/374 384/1412/374
f 384/1413/375 388/1414/375 386/1415/375 382/1416/375
f 383/1417/376 387/1418/376 389/1419/376 385/1420/376
f 386/1421/377 390/1422/377 391/1423/377 387/1424/377
f 389/1425/378 393/1426/378 392/1427/378 388/1428/378
f 388/1429/379 392/1430/379 390/1431/379 386/1432/379
f 387/1433/380 391/1434/380 393/1435/380 389/1436/380
f 390/1437/381 394/1438/381 395/1439/381 391/1440/381
f 393/1441/382 397/1442/382 396/1443/382 392/1444/382
f 392/1445/383 396/1446/383 394/1447/383 390/1448/383
f 391/1449/384 395/1450/384 397/1451/384 393/1452/384
f 394/1453/385 398/1454/385 399/1455/385 395/1456/385
f 397/1457/386 401/1458/386 400/1459/386 396/1460/386
f 396/1461/387 400/1462/387 398/1463/387 394/1464/387
f 395/1465/388 399/1466/388 401/1467/388 397/1468/388
f 398/1469/389 402/1470/389 403/1471/389 399/1472/389
f 401/1473/390 405/1474/390 404/1475/390 400/1476/390
f 400/1477/391 404/1478/391 402/1479/391 398/1480/391
f 399/1481/392 403/1482/392 405/1483/392 401/1484/392
f 402/1485/393 406/1486/393 407/1487/393 403/1488/393
f 405/1489/394 409/1490/394 408/1491/394 404/1492/394
f 404/1493/395 408/1494/395 406/1495/395 402/1496/395
f 403/1497/396 407/1498/396 409/1499/396 405/1500/396
f 406/1501/397 410/1502/397 411/1503/397 407/1504/397
f 409/1505/398 413/1506/398 412/1507/398 408/1508/398
f 408/1509/399 412/1510/399 410/1511/399 406/1512/399
f 407/1513/400 411/1514/400 413/1515/400 409/1516/400
f 410/1517/401 414/1518/401 415/1519/401 411/1520/401
f 413/1521/402 417/1522/402 416/1523/402 412/1524/402
f 412/1525/403 416/1526/403 414/1527/403 410/1528/403
f 411/1529/404 415/1530/404 417/1531/404 413/1532/404
f 414/1533/405 418/1534/405 419/1535/405 415/1536/405
f 417/1537/406 421/1538/406 420/1539/406 416/1540/406
f 416/1541/407 420/1542/407 418/1543/407 414/1544/407
f 415/1545/408 419/1546/408 421/1547/408 417/1548/408
f 418/1549/409 422/1550/409 423/1551/409 419/1552/409
f 421/1553/410 425/1554/410 424/1555/410 420/1556/410
f 420/1557/411 424/1558/411 422/1559/411 418/1560/411
f 419/1561/412 423/1562/412 425/1563/412 421/1564/412
f 422/1565/413 426/1566/413 427/1567/413 423/1568/413
f 425/1569/414 429/1570/414 428/1571/414 424/1572/414
f 424/1573/415 428/1574/415 426/1575/415 422/1576/415
f 423/1577/416 427/1578/416 429/1579/416 425/1580/416
f 426/1581/417 382/1582/417 383/1583/417 427/1584/417
f 429/1585/418 385/1586/418 384/1587/418 428/1588/418
f 428/1589/419 384/1590/419 382/1591/419 426/1592/419
f 427/1593/420 383/1594/420 385/1595/420 429/1596/420
f 431/1597/421 430/1598/421 432/1599/421 433/1600/421
f 436/1601/422 434/1602/422 435/1603/422 437/1604/422
f 434/1605/423 430/1606/423 431/1607/423 435/1608/423
f 433/1609/424 432/1610/424 436/1611/424 437/1612/424
f 432/1613/425 430/1614/425 434/1615/425 436/1616/425
f 435/1617/426 431/1618/426 433/1619/426 437/1620/426
f 439/1621/427 438/1622/427 440/1623/427 441/1624/427
f 444/1625/428 442/1626/428 443/1627/428 445/1628/428
f 442/1629/429 438/1630/429 439/1631/429 443/1632/429
f 441/1633/430 440/1634/430 444/1635/430 445/1636/430
f 440/1637/431 438/1638/431 442/1639/431 444/1640/431
f 443/1641/432 439/1642/432 441/1643/432 445/1644/432
f 447/1645/433 446/1646/433 448/1647/433 449/1648/433
f 452/1649/434 450/1650/434 451/1651/434 453/1652/434
f 450/1653/435 446/1654/435 447/1655/435 451/1656/435
f 449/1657/436 448/1658/436 452/1659/436 453/1660/436
f 448/1661/437 446/1662/437 450/1663/437 452/1664/437
f 451/1665/438 447/1666/438 449/1667/438 453/1668/438
f 455/1669/439 454/1670/439 456/1671/439 457/1672/439
f 460/1673/440 458/1674/440 459/1675/440 461/1676/440
f 458/1677/441 454/1678/441 455/1679/441 459/1680/441
f 457/1681/442 456/1682/442 460/1683/442 461/1684/442
f 456/1685/443 454/1686/443 458/1687/443 460/1688/443
f 459/1689/444 455/1690/444 457/1691/444 461/1692/444
f 463/1693/445 462/1694/445 464/1695/445 465/1696/445
f 468/1697/446 466/1698/446 467/1699/446 469/1700/446
f 466/1701/447 462/1702/447 463/1703/447 467/1704/447
f 465/1705/448 464/1706/448 468/1707/448 469/1708/448
f 464/1709/449 462/1710/449 466/1711/449 468/1712/449
f 467/1713/450 463/1714/450 465/1715/450 469/1716/450
f 471/1717/451 470/1718/451 472/1719/451 473/1720/451
f 476/1721/452 474/1722/452 475/1723/452 477/1724/452
f 474/1725/453 470/1726/453 471/1727/453 475/1728/453
f 473/1729/454 472/1730/454 476/1731/454 477/1732/454
f 472/1733/455 470/1734/455 474/1735/455 476/1736/455
f 475/1737/456 471/1738/456 473/1739/456 477/1740/456
f 479/1741/457 478/1742/457 480/1743/457 481/1744/457
f 484/1745/458 482/1746/458 483/1747/458 485/1748/458
f 482/1749/459 478/1750/459 479/1751/459 483/1752/459
f 481/1753/460 480/1754/460 484/1755/460 485/1756/460
f 480/1757/461 478/1758/461 482/1759/461 484/1760/461
f 483/1761/462 479/1762/462 481/1763/462 485/1764/462
f 487/1765/463 486/1766/463 488/1767/463 489/1768/463
f 492/1769/464 490/1770/464 491/1771/464 493/1772/464
f 490/1773/465 486/1774/465 487/1775/465 491/1776/465
f 489/1777/466 488/1778/466 492/1779/466 493/1780/466
f 488/1781/467 486/1782/467 490/1783/467 492/1784/467
f 491/1785/468 487/1786/468 489/1787/468 493/1788/468
usemtl m_ac3999ef-95b5-0d58-6ef6-8589e28d3a01
f 496/1789/469 497/1790/469 494/1791/469
f 497/1792/470 498/1793/470 494/1794/470
f 498/1795/471 499/1796/471 494/1797/471
f 499/1798/472 500/1799/472 494/1800/472
f 500/1801/473 501/1802/473 494/1803/473
f 501/1804/474 502/1805/474 494/1806/474
f 502/1807/475 503/1808/475 494/1809/475
f 503/1810/476 504/1811/476 494/1812/476
f 504/1813/477 505/1814/477 494/1815/477
f 505/1816/478 506/1817/478 494/1818/478
f 506/1819/479 495/1820/479 494/1821/479
f 495/1822/480 496/1823/480 494/1824/480
usemtl m_3d215661-f591-00a8-53e2-d8d611c756be
f 507/1825/481 511/1826/481 512/1827/481 508/1828/481
f 510/1829/482 514/1830/482 513/1831/482 509/1832/482
f 509/1833/483 513/1834/483 511/1835/483 507/1836/483
f 508/1837/484 512/1838/484 514/1839/484 510/1840/484
f 511/1841/485 515/1842/485 516/1843/485 512/1844/485
f 514/1845/486 518/1846/486 517/1847/486 513/1848/486
f 513/1849/487 517/1850/487 515/1851/487 511/1852/487
f 512/1853/488 516/1854/488 518/1855/488 514/1856/488
f 515/1857/489 519/1858/489 520/1859/489 516/1860/489
f 518/1861/490 522/1862/490 521/1863/490 517/1864/490
f 517/1865/491 521/1866/491 519/1867/491 515/1868/491
f 516/1869/492 520/1870/492 522/1871/492 518/1872/492
f 519/1873/493 523/1874/493 524/1875/493 520/1876/493
f 522/1877/494 526/1878/494 525/1879/494 521/1880/494
f 521/1881/495 525/1882/495 523/1883/495 519/1884/495
f 520/1885/496 524/1886/496 526/1887/496 522/1888/496
f 523/1889/497 527/1890/497 528/1891/497 524/1892/497
f 526/1893/498 530/1894/498 529/1895/498 525/1896/498
f 525/1897/499 529/1898/499 527/1899/499 523/1900/499
f 524/1901/500 528/1902/500 530/1903/500 526/1904/500
f 527/1905/501 531/1906/501 532/1907/501 528/1908/501
f 530/1909/502 534/1910/502 533/1911/502 529/1912/502
f 529/1913/503 533/1914/503 531/1915/503 527/1916/503
f 528/1917/504 532/1918/504 534/1919/504 530/1920/504
f 531/1921/505 535/1922/505 536/1923/505 532/1924/505
f 534/1925/506 538/1926/506 537/1927/506 533/1928/506
f 533/1929/507 537/1930/507 535/1931/507 531/1932/507
f 532/1933/508 536/1934/508 538/1935/508 534/1936/508
f 535/1937/509 539/1938/509 540/1939/509 536/1940/509
f 538/1941/510 542/1942/510 541/1943/510 537/1944/510
f 537/1945/511 541/1946/511 539/1947/511 535/1948/511
f 536/1949/512 540/1950/512 542/1951/512 538/1952/512
f 539/1953/513 543/1954/513 544/1955/513 540/1956/513
f 542/1957/514 546/1958/514 545/1959/514 541/1960/514
f 541/1961/515 545/1962/515 543/1963/515 539/1964/515
f 540/1965/516 544/1966/516 546/1967/516 542/1968/516
f 543/1969/517 547/1970/517 548/1971/517 544/1972/517
f 546/1973/518 550/1974/518 549/1975/518 545/1976/518
f 545/1977/519 549/1978/519 547/1979/519 543/1980/519
f 544/1981/520 548/1982/520 550/1983/520 546/1984/520
f 547/1985/521 551/1986/521 552/1987/521 548/1988/521
f 550/1989/522 554/1990/522 553/1991/522 549/1992/522
f 549/1993/523 553/1994/523 551/1995/523 547/1996/523
f 548/1997/524 552/1998/524 554/1999/524 550/2000/524
f 551/2001/525 507/2002/525 508/2003/525 552/2004/525
f 554/2005/526 510/2006/526 509/2007/526 553/2008/526
f 553/2009/527 509/2010/527 507/2011/527 551/2012/527
f 552/2013/528 508/2014/528 510/2015/528 554/2016/528
usemtl m_ac3999ef-95b5-0d58-6ef6-8589e28d3a01
f 557/2017/529 558/2018/529 555/2019/529
f 558/2020/530 559/2021/530 555/2022/530
f 559/2023/531 560/2024/531 555/2025/531
f 560/2026/532 561/2027/532 555/2028/532
f 561/2029/533 562/2030/533 555/2031/533
f 562/2032/534 563/2033/534 555/2034/534
f 563/2035/535 564/2036/535 555/2037/535
f 564/2038/536 565/2039/536 555/2040/536
f 565/2041/537 566/2042/537 555/2043/537
f 566/2044/538 567/2045/538 555/2046/538
f 567/2047/539 556/2048/539 555/2049/539
f 556/2050/540 557/2051/540 555/2052/540
usemtl m_3d215661-f591-00a8-53e2-d8d611c756be
f 568/2053/541 572/2054/541 573/2055/541 569/2056/541
f 571/2057/542 575/2058/542 574/2059/542 570/2060/542
f 570/2061/543 574/2062/543 572/2063/543 568/2064/543
f 569/2065/544 573/2066/544 575/2067/544 571/2068/544
f 572/2069/545 576/2070/545 577/2071/545 573/2072/545
f 575/2073/546 579/2074/546 578/2075/546 574/2076/546
f 574/2077/547 578/2078/547 576/2079/547 572/2080/547
f 573/2081/548 577/2082/548 579/2083/548 575/2084/548
f 576/2085/549 580/2086/549 581/2087/549 577/2088/549
f 579/2089/550 583/2090/550 582/2091/550 578/2092/550
f 578/2093/551 582/2094/551 580/2095/551 576/2096/551
f 577/2097/552 581/2098/552 583/2099/552 579/2100/552
f 580/2101/553 584/2102/553 585/2103/553 581/2104/553
f 583/2105/554 587/2106/554 586/2107/554 582/2108/554
f 582/2109/555 586/2110/555 584/2111/555 580/2112/555
f 581/2113/556 585/2114/556 587/2115/556 583/2116/556
f 584/2117/557 588/2118/557 589/2119/557 585/2120/557
f 587/2121/558 591/2122/558 590/2123/558 586/2124/558
f 586/2125/559 590/2126/559 588/2127/559 584/2128/559
f 585/2129/560 589/2130/560 591/2131/560 587/2132/560
f 588/2133/561 592/2134/561 593/2135/561 589/2136/561
f 591/2137/562 595/2138/562 594/2139/562 590/2140/562
f 590/2141/563 594/2142/563 592/2143/563 588/2144/563
f 589/2145/564 593/2146/564 595/2147/564 591/2148/564
f 592/2149/565 596/2150/565 597/2151/565 593/2152/565
f 595/2153/566 599/2154/566 598/2155/566 594/2156/566
f 594/2157/567 598/2158/567 596/2159/567 592/2160/567
f 593/2161/568 597/2162/568 599/2163/568 595/2164/568
f 596/2165/569 600/2166/569 601/2167/569 597/2168/569
f 599/2169/570 603/2170/570 602/2171/570 598/2172/570
f 598/2173/571 602/2174/571 600/2175/571 596/2176/571
f 597/2177/572 601/2178/572 603/2179/572 599/2180/572
f 600/2181/573 604/2182/573 605/2183/573 601/2184/573
f 603/2185/574 607/2186/574 606/2187/574 602/2188/574
f 602/2189/575 606/2190/575 604/2191/575 600/2192/575
f 601/2193/576 605/2194/576 607/2195/576 603/2196/576
f 604/2197/577 608/2198/577 609/2199/577 605/2200/577
f 607/2201/578 611/2202/578 610/2203/578 606/2204/578
f 606/2205/579 610/2206/579 608/2207/579 604/2208/579
f 605/2209/580 609/2210/580 611/2211/580 607/2212/580
f 608/2213/581 612/2214/581 613/2215/581 609/2216/581
f 611/2217/582 615/2218/582 614/2219/582 610/2220/582
f 610/2221/583 614/2222/583 612/2223/583 608/2224/583
f 609/2225/584 613/2226/584 615/2227/584 611/2228/584
f 612/2229/585 568/2230/585 569/2231/585 613/2232/585
f 615/2233/586 571/2234/586 570/2235/586 614/2236/586
f 614/2237/587 570/2238/587 568/2239/587 612/2240/587
f 613/2241/588 569/2242/588 571/2243/588 615/2244/588
f 617/2245/589 616/2246/589 618/2247/589 619/2248/589
f 622/2249/590 620/2250/590 621/2251/590 623/2252/590
f 620/2253/591 616/2254/591 617/2255/591 621/2256/591
f 619/2257/592 618/2258/592 622/2259/592 623/2260/592
f 618/2261/593 616/2262/593 620/2263/593 622/2264/593
f 621/2265/594 617/2266/594 619/2267/594 623/2268/594
f 625/2269/595 624/2270/595 626/2271/595 627/2272/595
f 630/2273/596 628/2274/596 629/2275/596 631/2276/596
f 628/2277/597 624/2278/597 625/2279/597 629/2280/597
f 627/2281/598 626/2282/598 630/2283/598 631/2284/598
f 626/2285/599 624/2286/599 628/2287/599 630/2288/599
f 629/2289/600 625/2290/600 627/2291/600 631/2292/600
usemtl m_ac3999ef-95b5-0d58-6ef6-8589e28d3a01
f 634/2293/601 635/2294/601 632/2295/601
f 635/2296/602 636/2297/602 632/2298/602
f 636/2299/603 637/2300/603 632/2301/603
f 637/2302/604 638/2303/604 632/2304/604
f 638/2305/605 639/2306/605 632/2307/605
f 639/2308/606 640/2309/606 632/2310/606
f 640/2311/607 641/2312/607 632/2313/607
f 641/2314/608 642/2315/608 632/2316/608
f 642/2317/609 643/2318/609 632/2319/609
f 643/2320/610 644/2321/610 632/2322/610
f 644/2323/611 633/2324/611 632/2325/611
f 633/2326/612 634/2327/612 632/2328/612
usemtl m_3d215661-f591-00a8-53e2-d8d611c756be
f 645/2329/613 649/2330/613 650/2331/613 646/2332/613
f 648/2333/614 652/2334/614 651/2335/614 647/2336/614
f 647/2337/615 651/2338/615 649/2339/615 645/2340/615
f 646/2341/616 650/2342/616 652/2343/616 648/2344/616
f 649/2345/617 653/2346/617 654/2347/617 650/2348/617
f 652/2349/618 656/2350/618 655/2351/618 651/2352/618
f 651/2353/619 655/2354/619 653/2355/619 649/2356/619
f 650/2357/620 654/2358/620 656/2359/620 652/2360/620
f 653/2361/621 657/2362/621 658/2363/621 654/2364/621
f 656/2365/622 660/2366/622 659/2367/622 655/2368/622
f 655/2369/623 659/2370/623 657/2371/623 653/2372/623
f 654/2373/624 658/2374/624 660/2375/624 656/2376/624
f 657/2377/625 661/2378/625 662/2379/625 658/2380/625
f 660/2381/626 664/2382/626 663/2383/626 659/2384/626
f 659/2385/627 663/2386/627 661/2387/627 657/2388/627
f 658/2389/628 662/2390/628 664/2391/628 660/2392/628
f 661/2393/629 665/2394/629 666/2395/629 662/2396/629
f 664/2397/630 668/2398/630 667/2399/630 663/2400/630
f 663/2401/631 667/2402/631 665/2403/631 661/2404/631
f 662/2405/632 666/2406/632 668/2407/632 664/2408/632
f 665/2409/633 669/2410/633 670/2411/633 666/2412/633
f 668/2413/634 672/2414/634 671/2415/634 667/2416/634
f 667/2417/635 671/2418/635 669/2419/635 665/2420/635
f 666/2421/636 670/2422/636 672/2423/636 668/2424/636
f 669/2425/637 673/2426/637 674/2427/637 670/2428/637
f 672/2429/638 676/2430/638 675/2431/638 671/2432/638
f 671/2433/639 675/2434/639 673/2435/639 669/2436/639
f 670/2437/640 674/2438/640 676/2439/640 672/2440/640
f 673/2441/641 677/2442/641 678/2443/641 674/2444/641
f 676/2445/642 680/2446/642 679/2447/642 675/2448/642
f 675/2449/643 679/2450/643 677/2451/643 673/2452/643
f 674/2453/644 678/2454/644 680/2455/644 676/2456/644
f 677/2457/645 681/2458/645 682/2459/645 678/2460/645
f 680/2461/646 684/2462/646 683/2463/646 679/2464/646
f 679/2465/647 683/2466/647 681/2467/647 677/2468/647
f 678/2469/648 682/2470/648 684/2471/648 680/2472/648
f 681/2473/649 685/2474/649 686/2475/649 682/2476/649
f 684/2477/650 688/2478/650 687/2479/650 683/2480/650
f 683/2481/651 687/2482/651 685/2483/651 681/2484/651
f 682/2485/652 686/2486/652 688/2487/652 684/2488/652
f 685/2489/653 689/2490/653 690/2491/653 686/2492/653
f 688/2493/654 692/2494/654 691/2495/654 687/2496/654
f 687/2497/655 691/2498/655 689/2499/655 685/2500/655
f 686/2501/656 690/2502/656 692/2503/656 688/2504/656
f 689/2505/657 645/2506/657 646/2507/657 690/2508/657
f 692/2509/658 648/2510/658 647/2511/658 691/2512/658
f 691/2513/659 647/2514/659 645/2515/659 689/2516/659
f 690/2517/660 646/2518/660 648/2519/660 692/2520/660
f 693/2521/661 697/2522/661 698/2523/661 694/2524/661
f 696/2525/662 700/2526/662 699/2527/662 695/2528/662
f 695/2529/663 699/2530/663 697/2531/663 693/2532/663
f 694/2533/664 698/2534/664 700/2535/664 696/2536/664
f 697/2537/665 701/2538/665 702/2539/665 698/2540/665
f 700/2541/666 704/2542/666 703/2543/666 699/2544/666
f 699/2545/667 703/2546/667 701/2547/667 697/2548/667
f 698/2549/668 702/2550/668 704/2551/668 700/2552/668
f 701/2553/669 705/2554/669 706/2555/669 702/2556/669
f 704/2557/670 708/2558/670 707/2559/670 703/2560/670
f 703/2561/671 707/2562/671 705/2563/671 701/2564/671
f 702/2565/672 706/2566/672 708/2567/672 704/2568/672
f 705/2569/673 709/2570/673 710/2571/673 706/2572/673
f 708/2573/674 712/2574/674 711/2575/674 707/2576/674
f 707/2577/675 711/2578/675 709/2579/675 705/2580/675
f 706/2581/676 710/2582/676 712/2583/676 708/2584/676
f 709/2585/677 713/2586/677 714/2587/677 710/2588/677
f 712/2589/678 716/2590/678 715/2591/678 711/2592/678
f 711/2593/679 715/2594/679 713/2595/679 709/2596/679
f 710/2597/680 714/2598/680 716/2599/680 712/2600/680
f 713/2601/681 717/2602/681 718/2603/681 714/2604/681
f 716/2605/682 720/2606/682 719/2607/682 715/2608/682
f 715/2609/683 719/2610/683 717/2611/683 713/2612/683
f 714/2613/684 718/2614/684 720/2615/684 716/2616/684
f 717/2617/685 721/2618/685 722/2619/685 718/2620/685
f 720/2621/686 724/2622/686 723/2623/686 719/2624/686
f 719/2625/687 723/2626/687 721/2627/687 717/2628/687
f 718/2629/688 722/2630/688 724/2631/688 720/2632/688
f 721/2633/689 725/2634/689 726/2635/689 722/2636/689
f 724/2637/690 728/2638/690 727/2639/690 723/2640/690
f 723/2641/691 727/2642/691 725/2643/691 721/2644/691
f 722/2645/692 726/2646/692 728/2647/692 724/2648/692
f 725/2649/693 729/2650/693 730/2651/693 726/2652/693
f 728/2653/694 732/2654/694 731/2655/694 727/2656/694
f 727/2657/695 731/2658/695 729/2659/695 725/2660/695
f 726/2661/696 730/2662/696 732/2663/696 728/2664/696
f 729/2665/697 733/2666/697 734/2667/697 730/2668/697
f 732/2669/698 736/2670/698 735/2671/698 731/2672/698
f 731/2673/699 735/2674/699 733/2675/699 729/2676/699
f 730/2677/700 734/2678/700 736/2679/700 732/2680/700
f 733/2681/701 737/2682/701 738/2683/701 734/2684/701
f 736/2685/702 740/2686/702 739/2687/702 735/2688/702
f 735/2689/703 739/2690/703 737/2691/703 733/2692/703
f 734/2693/704 738/2694/704 740/2695/704 736/2696/704
f 737/2697/705 693/2698/705 694/2699/705 738/2700/705
f 740/2701/706 696/2702/706 695/2703/706 739/2704/706
f 739/2705/707 695/2706/707 693/2707/707 737/2708/707
f 738/2709/708 694/2710/708 696/2711/708 740/2712/708
usemtl m_ac3999ef-95b5-0d58-6ef6-8589e28d3a01
f 743/2713/709 744/2714/709 741/2715/709
f 744/2716/710 745/2717/710 741/2718/710
f 745/2719/711 746/2720/711 741/2721/711
f 746/2722/712 747/2723/712 741/2724/712
f 747/2725/713 748/2726/713 741/2727/713
f 748/2728/714 749/2729/714 741/2730/714
f 749/2731/715 750/2732/715 741/2733/715
f 750/2734/716 751/2735/716 741/2736/716
f 751/2737/717 752/2738/717 741/2739/717
f 752/2740/718 753/2741/718 741/2742/718
f 753/2743/719 742/2744/719 741/2745/719
f 742/2746/720 743/2747/720 741/2748/720
usemtl m_3d215661-f591-00a8-53e2-d8d611c756be
f 755/2749/721 754/2750/721 756/2751/721 757/2752/721
f 760/2753/722 758/2754/722 759/2755/722 761/2756/722
f 758/2757/723 754/2758/723 755/2759/723 759/2760/723
f 757/2761/724 756/2762/724 760/2763/724 761/2764/724
f 756/2765/725 754/2766/725 758/2767/725 760/2768/725
f 759/2769/726 755/2770/726 757/2771/726 761/2772/726
f 763/2773/727 762/2774/727 764/2775/727 765/2776/727
f 768/2777/728 766/2778/728 767/2779/728 769/2780/728
f 766/2781/729 762/2782/729 763/2783/729 767/2784/729
f 765/2785/730 764/2786/730 768/2787/730 769/2788/730
f 764/2789/731 762/2790/731 766/2791/731 768/2792/731
f 767/2793/732 763/2794/732 765/2795/732 769/2796/732
usemtl m_ac3999ef-95b5-0d58-6ef6-8589e28d3a01
f 772/2797/733 773/2798/733 770/2799/733
f 773/2800/734 774/2801/734 770/2802/734
f 774/2803/735 775/2804/735 770/2805/735
f 775/2806/736 776/2807/736 770/2808/736
f 776/2809/737 777/2810/737 770/2811/737
f 777/2812/738 778/2813/738 770/2814/738
f 778/2815/739 779/2816/739 770/2817/739
f 779/2818/740 780/2819/740 770/2820/740
f 780/2821/741 781/2822/741 770/2823/741
f 781/2824/742 782/2825/742 770/2826/742
f 782/2827/743 771/2828/743 770/2829/743
f 771/2830/744 772/2831/744 770/2832/744
usemtl m_3d215661-f591-00a8-53e2-d8d611c756be
f 783/2833/745 787/2834/745 788/2835/745 784/2836/745
f 786/2837/746 790/2838/746 789/2839/746 785/2840/746
f 785/2841/747 789/2842/747 787/2843/747 783/2844/747
f 784/2845/748 788/2846/748 790/2847/748 786/2848/748
f 787/2849/749 791/2850/749 792/2851/749 788/2852/749
f 790/2853/750 794/2854/750 793/2855/750 789/2856/750
f 789/2857/751 793/2858/751 791/2859/751 787/2860/751
f 788/2861/752 792/2862/752 794/2863/752 790/2864/752
f 791/2865/753 795/2866/753 796/2867/753 792/2868/753
f 794/2869/754 798/2870/754 797/2871/754 793/2872/754
f 793/2873/755 797/2874/755 795/2875/755 791/2876/755
f 792/2877/756 796/2878/756 798/2879/756 794/2880/756
f 795/2881/757 799/2882/757 800/2883/757 796/2884/757
f 798/2885/758 802/2886/758 801/2887/758 797/2888/758
f 797/2889/759 801/2890/759 799/2891/759 795/2892/759
f 796/2893/760 800/2894/760 802/2895/760 798/2896/760
f 799/2897/761 803/2898/761 804/2899/761 800/2900/761
f 802/2901/762 806/2902/762 805/2903/762 801/2904/762
f 801/2905/763 805/2906/763 803/2907/763 799/2908/763
f 800/2909/764 804/2910/764 806/2911/764 802/2912/764
f 803/2913/765 807/2914/765 808/2915/765 804/2916/765
f 806/2917/766 810/2918/766 809/2919/766 805/2920/766
f 805/2921/767 809/2922/767 807/2923/767 803/2924/767
f 804/2925/768 808/2926/768 810/2927/768 806/2928/768
f 807/2929/769 811/2930/769 812/2931/769 808/2932/769
f 810/2933/770 814/2934/770 813/2935/770 809/2936/770
f 809/2937/771 813/2938/771 811/2939/771 807/2940/771
f 808/2941/772 812/2942/772 814/2943/772 810/2944/772
f 811/2945/773 815/2946/773 816/2947/773 812/2948/773
f 814/2949/774 818/2950/774 817/2951/774 813/2952/774
f 813/2953/775 817/2954/775 815/2955/775 811/2956/775
f 812/2957/776 816/2958/776 818/2959/776 814/2960/776
f 815/2961/777 819/2962/777 820/2963/777 816/2964/777
f 818/2965/778 822/2966/778 821/2967/778 817/2968/778
f 817/2969/779 821/2970/779 819/2971/779 815/2972/779
f 816/2973/780 820/2974/780 822/2975/780 818/2976/780
f 819/2977/781 823/2978/781 824/2979/781 820/2980/781
f 822/2981/782 826/2982/782 825/2983/782 821/2984/782
f 821/2985/783 825/2986/783 823/2987/783 819/2988/783
f 820/2989/784 824/2990/784 826/2991/784 822/2992/784
f 823/2993/785 827/2994/785 828/2995/785 824/2996/785
f 826/2997/786 830/2998/786 829/2999/786 825/3000/786
f 825/3001/787 829/3002/787 827/3003/787 823/3004/787
f 824/3005/788 828/3006/788 830/3007/788 826/3008/788
f 827/3009/789 783/3010/789 784/3011/789 828/3012/789
f 830/3013/790 786/3014/790 785/3015/790 829/3016/790
f 829/3017/791 785/3018/791 783/3019/791 827/3020/791
f 828/3021/792 784/3022/792 786/3023/792 830/3024/792
f 831/3025/793 835/3026/793 836/3027/793 832/3028/793
f 834/3029/794 838/3030/794 837/3031/794 833/3032/794
f 833/3033/795 837/3034/795 835/3035/795 831/3036/795
f 832/3037/796 836/3038/796 838/3039/796 834/3040/796
f 835/3041/797 839/3042/797 840/3043/797 836/3044/797
f 838/3045/798 842/3046/798 841/3047/798 837/3048/798
f 837/3049/799 841/3050/799 839/3051/799 835/3052/799
f 836/3053/800 840/3054/800 842/3055/800 838/3056/800
f 839/3057/801 843/3058/801 844/3059/801 840/3060/801
f 842/3061/802 846/3062/802 845/3063/802 841/3064/802
f 841/3065/803 845/3066/803 843/3067/803 839/3068/803
f 840/3069/804 844/3070/804 846/3071/804 842/3072/804
f 843/3073/805 847/3074/805 848/3075/805 844/3076/805
f 846/3077/806 850/3078/806 849/3079/806 845/3080/806
f 845/3081/807 849/3082/807 847/3083/807 843/3084/807
f 844/3085/808 848/3086/808 850/3087/808 846/3088/808
f 847/3089/809 851/3090/809 852/3091/809 848/3092/809
f 850/3093/810 854/3094/810 853/3095/810 849/3096/810
f 849/3097/811 853/3098/811 851/3099/811 847/3100/811
f 848/3101/812 852/3102/812 854/3103/812 850/3104/812
f 851/3105/813 855/3106/813 856/3107/813 852/3108/813
f 854/3109/814 858/3110/814 857/3111/814 853/3112/814
f 853/3113/815 857/3114/815 855/3115/815 851/3116/815
f 852/3117/816 856/3118/816 858/3119/816 854/3120/816
f 855/3121/817 859/3122/817 860/3123/817 856/3124/817
f 858/3125/818 862/3126/818 861/3127/818 857/3128/818
f 857/3129/819 861/3130/819 859/3131/819 855/3132/819
f 856/3133/820 860/3134/820 862/3135/820 858/3136/820
f 859/3137/821 863/3138/821 864/3139/821 860/3140/821
f 862/3141/822 866/3142/822 865/3143/822 861/3144/822
f 861/3145/823 865/3146/823 863/3147/823 859/3148/823
f 860/3149/824 864/3150/824 866/3151/824 862/3152/824
f 863/3153/825 867/3154/825 868/3155/825 864/3156/825
f 866/3157/826 870/3158/826 869/3159/826 865/3160/826
f 865/3161/827 869/3162/827 867/3163/827 863/3164/827
f 864/3165/828 868/3166/828 870/3167/828 866/3168/828
f 867/3169/829 871/3170/829 872/3171/829 868/3172/829
f 870/3173/830 874/3174/830 873/3175/830 869/3176/830
f 869/3177/831 873/3178/831 871/3179/831 867/3180/831
f 868/3181/832 872/3182/832 874/3183/832 870/3184/832
f 871/3185/833 875/3186/833 876/3187/833 872/3188/833
f 874/3189/834 878/3190/834 877/3191/834 873/3192/834
f 873/3193/835 877/3194/835 875/3195/835 871/3196/835
f 872/3197/836 876/3198/836 878/3199/836 874/3200/836
f 875/3201/837 831/3202/837 832/3203/837 876/3204/837
f 878/3205/838 834/3206/838 833/3207/838 877/3208/838
f 877/3209/839 833/3210/839 831/3211/839 875/3212/839
f 876/3213/840 832/3214/840 834/3215/840 878/3216/840
usemtl m_ac3999ef-95b5-0d58-6ef6-8589e28d3a01
f 881/3217/841 882/3218/841 879/3219/841
f 882/3220/842 883/3221/842 879/3222/842
f 883/3223/843 884/3224/843 879/3225/843
f 884/3226/844 885/3227/844 879/3228/844
f 885/3229/845 886/3230/845 879/3231/845
f 886/3232/846 887/3233/846 879/3234/846
f 887/3235/847 888/3236/847 879/3237/847
f 888/3238/848 889/3239/848 879/3240/848
f 889/3241/849 890/3242/849 879/3243/849
f 890/3244/850 891/3245/850 879/3246/850
f 891/3247/851 880/3248/851 879/3249/851
f 880/3250/852 881/3251/852 879/3252/852
usemtl m_3d215661-f591-00a8-53e2-d8d611c756be
f 895/3253/853 893/3254/853 892/3255/853 894/3256/853
f 898/3257/854 896/3258/854 897/3259/854 899/3260/854
f 892/3261/855 893/3262/855 897/3263/855 896/3264/855
f 895/3265/856 894/3266/856 898/3267/856 899/3268/856
f 894/3269/857 892/3270/857 896/3271/857 898/3272/857
f 899/3273/858 897/3274/858 893/3275/858 895/3276/858
f 903/3277/859 901/3278/859 900/3279/859 902/3280/859
f 906/3281/860 904/3282/860 905/3283/860 907/3284/860
f 900/3285/861 901/3286/861 905/3287/861 904/3288/861
f 903/3289/862 902/3290/862 906/3291/862 907/3292/862
f 902/3293/863 900/3294/863 904/3295/863 906/3296/863
f 907/3297/864 905/3298/864 901/3299/864 903/3300/864
f 911/3301/865 909/3302/865 908/3303/865 910/3304/865
f 914/3305/866 912/3306/866 913/3307/866 915/3308/866
f 908/3309/867 909/3310/867 913/3311/867 912/3312/867
f 911/3313/868 910/3314/868 914/3315/868 915/3316/868
f 910/3317/869 908/3318/869 912/3319/869 914/3320/869
f 915/3321/870 913/3322/870 909/3323/870 911/3324/870
f 919/3325/871 917/3326/871 916/3327/871 918/3328/871
f 922/3329/872 920/3330/872 921/3331/872 923/3332/872
f 916/3333/873 917/3334/873 921/3335/873 920/3336/873
f 919/3337/874 918/3338/874 922/3339/874 923/3340/874
f 918/3341/875 916/3342/875 920/3343/875 922/3344/875
f 923/3345/876 921/3346/876 917/3347/876 919/3348/876
f 927/3349/877 925/3350/877 924/3351/877 926/3352/877
f 930/3353/878 928/3354/878 929/3355/878 931/3356/878
f 924/3357/879 925/3358/879 929/3359/879 928/3360/879
f 927/3361/880 926/3362/880 930/3363/880 931/3364/880
f 926/3365/881 924/3366/881 928/3367/881 930/3368/881
f 931/3369/882 929/3370/882 925/3371/882 927/3372/882
f 935/3373/883 933/3374/883 932/3375/883 934/3376/883
f 938/3377/884 936/3378/884 937/3379/884 939/3380/884
f 932/3381/885 933/3382/885 937/3383/885 936/3384/885
f 935/3385/886 934/3386/886 938/3387/886 939/3388/886
f 934/3389/887 932/3390/887 936/3391/887 938/3392/887
f 939/3393/888 937/3394/888 933/3395/888 935/3396/888
f 943/3397/889 941/3398/889 940/3399/889 942/3400/889
f 946/3401/890 944/3402/890 945/3403/890 947/3404/890
f 940/3405/891 941/3406/891 945/3407/891 944/3408/891
f 943/3409/892 942/3410/892 946/3411/892 947/3412/892
f 942/3413/893 940/3414/893 944/3415/893 946/3416/893
f 947/3417/894 945/3418/894 941/3419/894 943/3420/894
f 951/3421/895 949/3422/895 948/3423/895 950/3424/895
f 954/3425/896 952/3426/896 953/3427/896 955/3428/896
f 948/3429/897 949/3430/897 953/3431/897 952/3432/897
f 951/3433/898 950/3434/898 954/3435/898 955/3436/898
f 950/3437/899 948/3438/899 952/3439/899 954/3440/899
f 955/3441/900 953/3442/900 949/3443/900 951/3444/900
f 959/3445/901 957/3446/901 956/3447/901 958/3448/901
f 962/3449/902 960/3450/902 961/3451/902 963/3452/902
f 956/3453/903 957/3454/903 961/3455/903 960/3456/903
f 959/3457/904 958/3458/904 962/3459/904 963/3460/904
f 958/3461/905 956/3462/905 960/3463/905 962/3464/905
f 963/3465/906 961/3466/906 957/3467/906 959/3468/906
f 967/3469/907 965/3470/907 964/3471/907 966/3472/907
f 970/3473/908 968/3474/908 969/3475/908 971/3476/908
f 964/3477/909 965/3478/909 969/3479/909 968/3480/909
f 967/3481/910 966/3482/910 970/3483/910 971/3484/910
f 966/3485/911 964/3486/911 968/3487/911 970/3488/911
f 971/3489/912 969/3490/912 965/3491/912 967/3492/912
f 975/3493/913 973/3494/913 972/3495/913 974/3496/913
f 978/3497/914 976/3498/914 977/3499/914 979/3500/914
f 972/3501/915 973/3502/915 977/3503/915 976/3504/915
f 975/3505/916 974/3506/916 978/3507/916 979/3508/916
f 974/3509/917 972/3510/917 976/3511/917 978/3512/917
f 979/3513/918 977/3514/918 973/3515/918 975/3516/918
f 983/3517/919 981/3518/919 980/3519/919 982/3520/919
f 986/3521/920 984/3522/920 985/3523/920 987/3524/920
f 980/3525/921 981/3526/921 985/3527/921 984/3528/921
f 983/3529/922 982/3530/922 986/3531/922 987/3532/922
f 982/3533/923 980/3534/923 984/3535/923 986/3536/923
f 987/3537/924 985/3538/924 981/3539/924 983/3540/924
f 991/3541/925 989/3542/925 988/3543/925 990/3544/925
f 994/3545/926 992/3546/926 993/3547/926 995/3548/926
f 988/3549/927 989/3550/927 993/3551/927 992/3552/927
f 991/3553/928 990/3554/928 994/3555/928 995/3556/928
f 990/3557/929 988/3558/929 992/3559/929 994/3560/929
f 995/3561/930 993/3562/930 989/3563/930 991/3564/930
f 999/3565/931 997/3566/931 996/3567/931 998/3568/931
f 1002/3569/932 1000/3570/932 1001/3571/932 1003/3572/932
f 996/3573/933 997/3574/933 1001/3575/933 1000/3576/933
f 999/3577/934 998/3578/934 1002/3579/934 1003/3580/934
f 998/3581/935 996/3582/935 1000/3583/935 1002/3584/935
f 1003/3585/936 1001/3586/936 997/3587/936 999/3588/936
f 1008/3589/937 1006/3590/937 1005/3591/937 1007/3592/937
f 1010/3593/938 1004/3594/938 1009/3595/938 1011/3596/938
f 1005/3597/939 1006/3598/939 1009/3599/939 1004/3600/939
f 1008/3601/940 1007/3602/940 1010/3603/940 1011/3604/940
f 1007/3605/941 1005/3606/941 1004/3607/941 1010/3608/941
f 1011/3609/942 1009/3610/942 1006/3611/942 1008/3612/942
f 1015/3613/943 1013/3614/943 1012/3615/943 1014/3616/943
f 1018/3617/944 1016/3618/944 1017/3619/944 1019/3620/944
f 1012/3621/945 1013/3622/945 1017/3623/945 1016/3624/945
f 1015/3625/946 1014/3626/946 1018/3627/946 1019/3628/946
f 1014/3629/947 1012/3630/947 1016/3631/947 1018/3632/947
f 1019/3633/948 1017/3634/948 1013/3635/948 1015/3636/948
f 1023/3637/949 1021/3638/949 1020/3639/949 1022/3640/949
f 1026/3641/950 1024/3642/950 1025/3643/950 1027/3644/950
f 1020/3645/951 1021/3646/951 1025/3647/951 1024/3648/951
f 1023/3649/952 1022/3650/952 1026/3651/952 1027/3652/952
f 1022/3653/953 1020/3654/953 1024/3655/953 1026/3656/953
f 1027/3657/954 1025/3658/954 1021/3659/954 1023/3660/954
f 1031/3661/955 1029/3662/955 1028/3663/955 1030/3664/955
f 1034/3665/956 1032/3666/956 1033/3667/956 1035/3668/956
f 1028/3669/957 1029/3670/957 1033/3671/957 1032/3672/957
f 1031/3673/958 1030/3674/958 1034/3675/958 1035/3676/958
f 1030/3677/959 1028/3678/959 1032/3679/959 1034/3680/959
f 1035/3681/960 1033/3682/960 1029/3683/960 1031/3684/960
f 1039/3685/961 1037/3686/961 1036/3687/961 1038/3688/961
f 1042/3689/962 1040/3690/962 1041/3691/962 1043/3692/962
f 1036/3693/963 1037/3694/963 1041/3695/963 1040/3696/963
f 1039/3697/964 1038/3698/964 1042/3699/964 1043/3700/964
f 1038/3701/965 1036/3702/965 1040/3703/965 1042/3704/965
f 1043/3705/966 1041/3706/966 1037/3707/966 1039/3708/966
f 1047/3709/967 1045/3710/967 1044/3711/967 1046/3712/967
f 1050/3713/968 1048/3714/968 1049/3715/968 1051/3716/968
f 1044/3717/969 1045/3718/969 1049/3719/969 1048/3720/969
f 1047/3721/970 1046/3722/970 1050/3723/970 1051/3724/970
f 1046/3725/971 1044/3726/971 1048/3727/971 1050/3728/971
f 1051/3729/972 1049/3730/972 1045/3731/972 1047/3732/972
f 1055/3733/973 1053/3734/973 1052/3735/973 1054/3736/973
f 1058/3737/974 1056/3738/974 1057/3739/974 1059/3740/974
f 1052/3741/975 1053/3742/975 1057/3743/975 1056/3744/975
f 1055/3745/976 1054/3746/976 1058/3747/976 1059/3748/976
f 1054/3749/977 1052/3750/977 1056/3751/977 1058/3752/977
f 1059/3753/978 1057/3754/978 1053/3755/978 1055/3756/978
f 1063/3757/979 1061/3758/979 1060/3759/979 1062/3760/979
f 1066/3761/980 1064/3762/980 1065/3763/980 1067/3764/980
f 1060/3765/981 1061/3766/981 1065/3767/981 1064/3768/981
f 1063/3769/982 1062/3770/982 1066/3771/982 1067/3772/982
f 1062/3773/983 1060/3774/983 1064/3775/983 1066/3776/983
f 1067/3777/984 1065/3778/984 1061/3779/984 1063/3780/984
f 1071/3781/985 1069/3782/985 1068/3783/985 1070/3784/985
f 1074/3785/986 1072/3786/986 1073/3787/986 1075/3788/986
f 1068/3789/987 1069/3790/987 1073/3791/987 1072/3792/987
f 1071/3793/988 1070/3794/988 1074/3795/988 1075/3796/988
f 1070/3797/989 1068/3798/989 1072/3799/989 1074/3800/989
f 1075/3801/990 1073/3802/990 1069/3803/990 1071/3804/990
f 1079/3805/991 1077/3806/991 1076/3807/991 1078/3808/991
f 1082/3809/992 1080/3810/992 1081/3811/992 1083/3812/992
f 1076/3813/993 1077/3814/993 1081/3815/993 1080/3816/993
f 1079/3817/994 1078/3818/994 1082/3819/994 1083/3820/994
f 1078/3821/995 1076/3822/995 1080/3823/995 1082/3824/995
f 1083/3825/996 1081/3826/996 1077/3827/996 1079/3828/996
f 1087/3829/997 1085/3830/997 1084/3831/997 1086/3832/997
f 1090/3833/998 1088/3834/998 1089/3835/998 1091/3836/998
f 1084/3837/999 1085/3838/999 1089/3839/999 1088/3840/999
f 1087/3841/1000 1086/3842/1000 1090/3843/1000 1091/3844/1000
f 1086/3845/1001 1084/3846/1001 1088/3847/1001 1090/3848/1001
f 1091/3849/1002 1089/3850/1002 1085/3851/1002 1087/3852/1002
f 1095/3853/1003 1093/3854/1003 1092/3855/1003 1094/3856/1003
f 1098/3857/1004 1096/3858/1004 1097/3859/1004 1099/3860/1004
f 1092/3861/1005 1093/3862/1005 1097/3863/1005 1096/3864/1005
f 1095/3865/1006 1094/3866/1006 1098/3867/1006 1099/3868/1006
f 1094/3869/1007 1092/3870/1007 1096/3871/1007 1098/3872/1007
f 1099/3873/1008 1097/3874/1008 1093/3875/1008 1095/3876/1008
f 1103/3877/1009 1101/3878/1009 1100/3879/1009 1102/3880/1009
f 1106/3881/1010 1104/3882/1010 1105/3883/1010 1107/3884/1010
f 1100/3885/1011 1101/3886/1011 1105/3887/1011 1104/3888/1011
f 1103/3889/1012 1102/3890/1012 1106/3891/1012 1107/3892/1012
f 1102/3893/1013 1100/3894/1013 1104/3895/1013 1106/3896/1013
f 1107/3897/1014 1105/3898/1014 1101/3899/1014 1103/3900/1014
f 1111/3901/1015 1109/3902/1015 1108/3903/1015 1110/3904/1015
f 1114/3905/1016 1112/3906/1016 1113/3907/1016 1115/3908/1016
f 1108/3909/1017 1109/3910/1017 1113/3911/1017 1112/3912/1017
f 1111/3913/1018 1110/3914/1018 1114/3915/1018 1115/3916/1018
f 1110/3917/1019 1108/3918/1019 1112/3919/1019 1114/3920/1019
f 1115/3921/1020 1113/3922/1020 1109/3923/1020 1111/3924/1020
f 1119/3925/1021 1117/3926/1021 1116/3927/1021 1118/3928/1021
f 1122/3929/1022 1120/3930/1022 1121/3931/1022 1123/3932/1022
f 1116/3933/1023 1117/3934/1023 1121/3935/1023 1120/3936/1023
f 1119/3937/1024 1118/3938/1024 1122/3939/1024 1123/3940/1024
f 1118/3941/1025 1116/3942/1025 1120/3943/1025 1122/3944/1025
f 1123/3945/1026 1121/3946/1026 1117/3947/1026 1119/3948/1026
f 1127/3949/1027 1125/3950/1027 1124/3951/1027 1126/3952/1027
f 1130/3953/1028 1128/3954/1028 1129/3955/1028 1131/3956/1028
f 1124/3957/1029 1125/3958/1029 1129/3959/1029 1128/3960/1029
f 1127/3961/1030 1126/3962/1030 1130/3963/1030 1131/3964/1030
f 1126/3965/1031 1124/3966/1031 1128/3967/1031 1130/3968/1031
f 1131/3969/1032 1129/3970/1032 1125/3971/1032 1127/3972/1032
f 1135/3973/1033 1133/3974/1033 1132/3975/1033 1134/3976/1033
f 1138/3977/1034 1136/3978/1034 1137/3979/1034 1139/3980/1034
f 1132/3981/1035 1133/3982/1035 1137/3983/1035 1136/3984/1035
f 1135/3985/1036 1134/3986/1036 1138/3987/1036 1139/3988/1036
f 1134/3989/1037 1132/3990/1037 1136/3991/1037 1138/3992/1037
f 1139/3993/1038 1137/3994/1038 1133/3995/1038 1135/3996/1038
f 1143/3997/1039 1141/3998/1039 1140/3999/1039 1142/4000/1039
f 1146/4001/1040 1144/4002/1040 1145/4003/1040 1147/4004/1040
f 1140/4005/1041 1141/4006/1041 1145/4007/1041 1144/4008/1041
f 1143/4009/1042 1142/4010/1042 1146/4011/1042 1147/4012/1042
f 1142/4013/1043 1140/4014/1043 1144/4015/1043 1146/4016/1043
f 1147/4017/1044 1145/4018/1044 1141/4019/1044 1143/4020/1044
f 1151/4021/1045 1149/4022/1045 1148/4023/1045 1150/4024/1045
f 1154/4025/1046 1152/4026/1046 1153/4027/1046 1155/4028/1046
f 1148/4029/1047 1149/4030/1047 1153/4031/1047 1152/4032/1047
f 1151/4033/1048 1150/4034/1048 1154/4035/1048 1155/4036/1048
f 1150/4037/1049 1148/4038/1049 1152/4039/1049 1154/4040/1049
f 1155/4041/1050 1153/4042/1050 1149/4043/1050 1151/4044/1050
f 1159/4045/1051 1157/4046/1051 1156/4047/1051 1158/4048/1051
f 1162/4049/1052 1160/4050/1052 1161/4051/1052 1163/4052/1052
f 1156/4053/1053 1157/4054/1053 1161/4055/1053 1160/4056/1053
f 1159/4057/1054 1158/4058/1054 1162/4059/1054 1163/4060/1054
f 1158/4061/1055 1156/4062/1055 1160/4063/1055 1162/4064/1055
f 1163/4065/1056 1161/4066/1056 1157/4067/1056 1159/4068/1056
f 1167/4069/1057 1165/4070/1057 1164/4071/1057 1166/4072/1057
f 1170/4073/1058 1168/4074/1058 1169/4075/1058 1171/4076/1058
f 1164/4077/1059 1165/4078/1059 1169/4079/1059 1168/4080/1059
f 1167/4081/1060 1166/4082/1060 1170/4083/1060 1171/4084/1060
f 1166/4085/1061 1164/4086/1061 1168/4087/1061 1170/4088/1061
f 1171/4089/1062 1169/4090/1062 1165/4091/1062 1167/4092/1062
f 1175/4093/1063 1173/4094/1063 1172/4095/1063 1174/4096/1063
f 1178/4097/1064 1176/4098/1064 1177/4099/1064 1179/4100/1064
f 1172/4101/1065 1173/4102/1065 1177/4103/1065 1176/4104/1065
f 1175/4105/1066 1174/4106/1066 1178/4107/1066 1179/4108/1066
f 1174/4109/1067 1172/4110/1067 1176/4111/1067 1178/4112/1067
f 1179/4113/1068 1177/4114/1068 1173/4115/1068 1175/4116/1068
f 1183/4117/1069 1181/4118/1069 1180/4119/1069 1182/4120/1069
f 1186/4121/1070 1184/4122/1070 1185/4123/1070 1187/4124/1070
f 1180/4125/1071 1181/4126/1071 1185/4127/1071 1184/4128/1071
f 1183/4129/1072 1182/4130/1072 1186/4131/1072 1187/4132/1072
f 1182/4133/1073 1180/4134/1073 1184/4135/1073 1186/4136/1073
f 1187/4137/1074 1185/4138/1074 1181/4139/1074 1183/4140/1074
f 1191/4141/1075 1189/4142/1075 1188/4143/1075 1190/4144/1075
f 1194/4145/1076 1192/4146/1076 1193/4147/1076 1195/4148/1076
f 1188/4149/1077 1189/4150/1077 1193/4151/1077 1192/4152/1077
f 1191/4153/1078 1190/4154/1078 1194/4155/1078 1195/4156/1078
f 1190/4157/1079 1188/4158/1079 1192/4159/1079 1194/4160/1079
f 1195/4161/1080 1193/4162/1080 1189/4163/1080 1191/4164/1080
f 1199/4165/1081 1197/4166/1081 1196/4167/1081 1198/4168/1081
f 1202/4169/1082 1200/4170/1082 1201/4171/1082 1203/4172/1082
f 1196/4173/1083 1197/4174/1083 1201/4175/1083 1200/4176/1083
f 1199/4177/1084 1198/4178/1084 1202/4179/1084 1203/4180/1084
f 1198/4181/1085 1196/4182/1085 1200/4183/1085 1202/4184/1085
f 1203/4185/1086 1201/4186/1086 1197/4187/1086 1199/4188/1086
f 1207/4189/1087 1205/4190/1087 1204/4191/1087 1206/4192/1087
f 1210/4193/1088 1208/4194/1088 1209/4195/1088 1211/4196/1088
f 1204/4197/1089 1205/4198/1089 1209/4199/1089 1208/4200/1089
f 1207/4201/1090 1206/4202/1090 1210/4203/1090 1211/4204/1090
f 1206/4205/1091 1204/4206/1091 1208/4207/1091 1210/4208/1091
f 1211/4209/1092 1209/4210/1092 1205/4211/1092 1207/4212/1092
f 1215/4213/1093 1213/4214/1093 1212/4215/1093 1214/4216/1093
f 1218/4217/1094 1216/4218/1094 1217/4219/1094 1219/4220/1094
f 1212/4221/1095 1213/4222/1095 1217/4223/1095 1216/4224/1095
f 1215/4225/1096 1214/4226/1096 1218/4227/1096 1219/4228/1096
f 1214/4229/1097 1212/4230/1097 1216/4231/1097 1218/4232/1097
f 1219/4233/1098 1217/4234/1098 1213/4235/1098 1215/4236/1098
f 1223/4237/1099 1221/4238/1099 1220/4239/1099 1222/4240/1099
f 1226/4241/1100 1224/4242/1100 1225/4243/1100 1227/4244/1100
f 1220/4245/1101 1221/4246/1101 1225/4247/1101 1224/4248/1101
f 1223/4249/1102 1222/4250/1102 1226/4251/1102 1227/4252/1102
f 1222/4253/1103 1220/4254/1103 1224/4255/1103 1226/4256/1103
f 1227/4257/1104 1225/4258/1104 1221/4259/1104 1223/4260/1104
usemtl m_de520ccc-0234-6a6c-1047-8b7438fb9ffd
f 1231/4261/1105 1229/4262/1105 1228/4263/1105 1230/4264/1105
f 1234/4265/1106 1232/4266/1106 1233/4267/1106 1235/4268/1106
f 1228/4269/1107 1229/4270/1107 1233/4271/1107 1232/4272/1107
f 1231/4273/1108 1230/4274/1108 1234/4275/1108 1235/4276/1108
f 1230/4277/1109 1228/4278/1109 1232/4279/1109 1234/4280/1109
f 1235/4281/1110 1233/4282/1110 1229/4283/1110 1231/4284/1110
usemtl m_3d215661-f591-00a8-53e2-d8d611c756be
f 1239/4285/1111 1237/4286/1111 1236/4287/1111 1238/4288/1111
f 1242/4289/1112 1240/4290/1112 1241/4291/1112 1243/4292/1112
f 1236/4293/1113 1237/4294/1113 1241/4295/1113 1240/4296/1113
f 1239/4297/1114 1238/4298/1114 1242/4299/1114 1243/4300/1114
f 1238/4301/1115 1236/4302/1115 1240/4303/1115 1242/4304/1115
f 1243/4305/1116 1241/4306/1116 1237/4307/1116 1239/4308/1116
f 1247/4309/1117 1245/4310/1117 1244/4311/1117 1246/4312/1117
f 1250/4313/1118 1248/4314/1118 1249/4315/1118 1251/4316/1118
f 1244/4317/1119 1245/4318/1119 1249/4319/1119 1248/4320/1119
f 1247/4321/1120 1246/4322/1120 1250/4323/1120 1251/4324/1120
f 1246/4325/1121 1244/4326/1121 1248/4327/1121 1250/4328/1121
f 1251/4329/1122 1249/4330/1122 1245/4331/1122 1247/4332/1122
usemtl m_de520ccc-0234-6a6c-1047-8b7438fb9ffd
f 1255/4333/1123 1253/4334/1123 1252/4335/1123 1254/4336/1123
f 1258/4337/1124 1256/4338/1124 1257/4339/1124 1259/4340/1124
f 1252/4341/1125 1253/4342/1125 1257/4343/1125 1256/4344/1125
f 1255/4345/1126 1254/4346/1126 1258/4347/1126 1259/4348/1126
f 1254/4349/1127 1252/4350/1127 1256/4351/1127 1258/4352/1127
f 1259/4353/1128 1257/4354/1128 1253/4355/1128 1255/4356/1128
f 1263/4357/1129 1261/4358/1129 1260/4359/1129 1262/4360/1129
f 1266/4361/1130 1264/4362/1130 1265/4363/1130 1267/4364/1130
f 1260/4365/1131 1261/4366/1131 1265/4367/1131 1264/4368/1131
f 1263/4369/1132 1262/4370/1132 1266/4371/1132 1267/4372/1132
f 1262/4373/1133 1260/4374/1133 1264/4375/1133 1266/4376/1133
f 1267/4377/1134 1265/4378/1134 1261/4379/1134 1263/4380/1134
f 1271/4381/1135 1269/4382/1135 1268/4383/1135 1270/4384/1135
f 1274/4385/1136 1272/4386/1136 1273/4387/1136 1275/4388/1136
f 1268/4389/1137 1269/4390/1137 1273/4391/1137 1272/4392/1137
f 1271/4393/1138 1270/4394/1138 1274/4395/1138 1275/4396/1138
f 1270/4397/1139 1268/4398/1139 1272/4399/1139 1274/4400/1139
f 1275/4401/1140 1273/4402/1140 1269/4403/1140 1271/4404/1140
f 1279/4405/1141 1277/4406/1141 1276/4407/1141 1278/4408/1141
f 1282/4409/1142 1280/4410/1142 1281/4411/1142 1283/4412/1142
f 1276/4413/1143 1277/4414/1143 1281/4415/1143 1280/4416/1143
f 1279/4417/1144 1278/4418/1144 1282/4419/1144 1283/4420/1144
f 1278/4421/1145 1276/4422/1145 1280/4423/1145 1282/4424/1145
f 1283/4425/1146 1281/4426/1146 1277/4427/1146 1279/4428/1146
f 1287/4429/1147 1285/4430/1147 1284/4431/1147 1286/4432/1147
f 1290/4433/1148 1288/4434/1148 1289/4435/1148 1291/4436/1148
f 1284/4437/1149 1285/4438/1149 1289/4439/1149 1288/4440/1149
f 1287/4441/1150 1286/4442/1150 1290/4443/1150 1291/4444/1150
f 1286/4445/1151 1284/4446/1151 1288/4447/1151 1290/4448/1151
f 1291/4449/1152 1289/4450/1152 1285/4451/1152 1287/4452/1152
f 1295/4453/1153 1293/4454/1153 1292/4455/1153 1294/4456/1153
f 1298/4457/1154 1296/4458/1154 1297/4459/1154 1299/4460/1154
f 1292/4461/1155 1293/4462/1155 1297/4463/1155 1296/4464/1155
f 1295/4465/1156 1294/4466/1156 1298/4467/1156 1299/4468/1156
f 1294/4469/1157 1292/4470/1157 1296/4471/1157 1298/4472/1157
f 1299/4473/1158 1297/4474/1158 1293/4475/1158 1295/4476/1158
usemtl m_3d215661-f591-00a8-53e2-d8d611c756be
f 1303/4477/1159 1301/4478/1159 1300/4479/1159 1302/4480/1159
f 1306/4481/1160 1304/4482/1160 1305/4483/1160 1307/4484/1160
f 1300/4485/1161 1301/4486/1161 1305/4487/1161 1304/4488/1161
f 1303/4489/1162 1302/4490/1162 1306/4491/1162 1307/4492/1162
f 1302/4493/1163 1300/4494/1163 1304/4495/1163 1306/4496/1163
f 1307/4497/1164 1305/4498/1164 1301/4499/1164 1303/4500/1164
usemtl m_de520ccc-0234-6a6c-1047-8b7438fb9ffd
f 1311/4501/1165 1309/4502/1165 1308/4503/1165 1310/4504/1165
f 1314/4505/1166 1312/4506/1166 1313/4507/1166 1315/4508/1166
f 1308/4509/1167 1309/4510/1167 1313/4511/1167 1312/4512/1167
f 1311/4513/1168 1310/4514/1168 1314/4515/1168 1315/4516/1168
f 1310/4517/1169 1308/4518/1169 1312/4519/1169 1314/4520/1169
f 1315/4521/1170 1313/4522/1170 1309/4523/1170 1311/4524/1170
f 1319/4525/1171 1317/4526/1171 1316/4527/1171 1318/4528/1171
f 1322/4529/1172 1320/4530/1172 1321/4531/1172 1323/4532/1172
f 1316/4533/1173 1317/4534/1173 1321/4535/1173 1320/4536/1173
f 1319/4537/1174 1318/4538/1174 1322/4539/1174 1323/4540/1174
f 1318/4541/1175 1316/4542/1175 1320/4543/1175 1322/4544/1175
f 1323/4545/1176 1321/4546/1176 1317/4547/1176 1319/4548/1176
f 1327/4549/1177 1325/4550/1177 1324/4551/1177 1326/4552/1177
f 1330/4553/1178 1328/4554/1178 1329/4555/1178 1331/4556/1178
f 1324/4557/1179 1325/4558/1179 1329/4559/1179 1328/4560/1179
f 1327/4561/1180 1326/4562/1180 1330/4563/1180 1331/4564/1180
f 1326/4565/1181 1324/4566/1181 1328/4567/1181 1330/4568/1181
f 1331/4569/1182 1329/4570/1182 1325/4571/1182 1327/4572/1182
usemtl m_3d215661-f591-00a8-53e2-d8d611c756be
f 1335/4573/1183 1333/4574/1183 1332/4575/1183 1334/4576/1183
f 1338/4577/1184 1336/4578/1184 1337/4579/1184 1339/4580/1184
f 1332/4581/1185 1333/4582/1185 1337/4583/1185 1336/4584/1185
f 1335/4585/1186 1334/4586/1186 1338/4587/1186 1339/4588/1186
f 1334/4589/1187 1332/4590/1187 1336/4591/1187 1338/4592/1187
f 1339/4593/1188 1337/4594/1188 1333/4595/1188 1335/4596/1188
f 1343/4597/1189 1341/4598/1189 1340/4599/1189 1342/4600/1189
f 1346/4601/1190 1344/4602/1190 1345/4603/1190 1347/4604/1190
f 1340/4605/1191 1341/4606/1191 1345/4607/1191 1344/4608/1191
f 1343/4609/1192 1342/4610/1192 1346/4611/1192 1347/4612/1192
f 1342/4613/1193 1340/4614/1193 1344/4615/1193 1346/4616/1193
f 1347/4617/1194 1345/4618/1194 1341/4619/1194 1343/4620/1194
f 1351/4621/1195 1349/4622/1195 1348/4623/1195 1350/4624/1195
f 1354/4625/1196 1352/4626/1196 1353/4627/1196 1355/4628/1196
f 1348/4629/1197 1349/4630/1197 1353/4631/1197 1352/4632/1197
f 1351/4633/1198 1350/4634/1198 1354/4635/1198 1355/4636/1198
f 1350/4637/1199 1348/4638/1199 1352/4639/1199 1354/4640/1199
f 1355/4641/1200 1353/4642/1200 1349/4643/1200 1351/4644/1200
f 1359/4645/1201 1357/4646/1201 1356/4647/1201 1358/4648/1201
f 1362/4649/1202 1360/4650/1202 1361/4651/1202 1363/4652/1202
f 1356/4653/1203 1357/4654/1203 1361/4655/1203 1360/4656/1203
f 1359/4657/1204 1358/4658/1204 1362/4659/1204 1363/4660/1204
f 1358/4661/1205 1356/4662/1205 1360/4663/1205 1362/4664/1205
f 1363/4665/1206 1361/4666/1206 1357/4667/1206 1359/4668/1206
f 1367/4669/1207 1365/4670/1207 1364/4671/1207 1366/4672/1207
f 1370/4673/1208 1368/4674/1208 1369/4675/1208 1371/4676/1208
f 1364/4677/1209 1365/4678/1209 1369/4679/1209 1368/4680/1209
f 1367/4681/1210 1366/4682/1210 1370/4683/1210 1371/4684/1210
f 1366/4685/1211 1364/4686/1211 1368/4687/1211 1370/4688/1211
f 1371/4689/1212 1369/4690/1212 1365/4691/1212 1367/4692/1212
f 1375/4693/1213 1373/4694/1213 1372/4695/1213 1374/4696/1213
f 1378/4697/1214 1376/4698/1214 1377/4699/1214 1379/4700/1214
f 1372/4701/1215 1373/4702/1215 1377/4703/1215 1376/4704/1215
f 1375/4705/1216 1374/4706/1216 1378/4707/1216 1379/4708/1216
f 1374/4709/1217 1372/4710/1217 1376/4711/1217 1378/4712/1217
f 1379/4713/1218 1377/4714/1218 1373/4715/1218 1375/4716/1218
f 1383/4717/1219 1381/4718/1219 1380/4719/1219 1382/4720/1219
f 1386/4721/1220 1384/4722/1220 1385/4723/1220 1387/4724/1220
f 1380/4725/1221 1381/4726/1221 1385/4727/1221 1384/4728/1221
f 1383/4729/1222 1382/4730/1222 1386/4731/1222 1387/4732/1222
f 1382/4733/1223 1380/4734/1223 1384/4735/1223 1386/4736/1223
f 1387/4737/1224 1385/4738/1224 1381/4739/1224 1383/4740/1224
f 1391/4741/1225 1389/4742/1225 1388/4743/1225 1390/4744/1225
f 1394/4745/1226 1392/4746/1226 1393/4747/1226 1395/4748/1226
f 1388/4749/1227 1389/4750/1227 1393/4751/1227 1392/4752/1227
f 1391/4753/1228 1390/4754/1228 1394/4755/1228 1395/4756/1228
f 1390/4757/1229 1388/4758/1229 1392/4759/1229 1394/4760/1229
f 1395/4761/1230 1393/4762/1230 1389/4763/1230 1391/4764/1230
f 1399/4765/1231 1397/4766/1231 1396/4767/1231 1398/4768/1231
f 1402/4769/1232 1400/4770/1232 1401/4771/1232 1403/4772/1232
f 1396/4773/1233 1397/4774/1233 1401/4775/1233 1400/4776/1233
f 1399/4777/1234 1398/4778/1234 1402/4779/1234 1403/4780/1234
f 1398/4781/1235 1396/4782/1235 1400/4783/1235 1402/4784/1235
f 1403/4785/1236 1401/4786/1236 1397/4787/1236 1399/4788/1236
f 1407/4789/1237 1405/4790/1237 1404/4791/1237 1406/4792/1237
f 1410/4793/1238 1408/4794/1238 1409/4795/1238 1411/4796/1238
f 1404/4797/1239 1405/4798/1239 1409/4799/1239 1408/4800/1239
f 1407/4801/1240 1406/4802/1240 1410/4803/1240 1411/4804/1240
f 1406/4805/1241 1404/4806/1241 1408/4807/1241 1410/4808/1241
f 1411/4809/1242 1409/4810/1242 1405/4811/1242 1407/4812/1242
f 1415/4813/1243 1413/4814/1243 1412/4815/1243 1414/4816/1243
f 1418/4817/1244 1416/4818/1244 1417/4819/1244 1419/4820/1244
f 1412/4821/1245 1413/4822/1245 1417/4823/1245 1416/4824/1245
f 1415/4825/1246 1414/4826/1246 1418/4827/1246 1419/4828/1246
f 1414/4829/1247 1412/4830/1247 1416/4831/1247 1418/4832/1247
f 1419/4833/1248 1417/4834/1248 1413/4835/1248 1415/4836/1248
f 1423/4837/1249 1421/4838/1249 1420/4839/1249 1422/4840/1249
f 1426/4841/1250 1424/4842/1250 1425/4843/1250 1427/4844/1250
f 1420/4845/1251 1421/4846/1251 1425/4847/1251 1424/4848/1251
f 1423/4849/1252 1422/4850/1252 1426/4851/1252 1427/4852/1252
f 1422/4853/1253 1420/4854/1253 1424/4855/1253 1426/4856/1253
f 1427/4857/1254 1425/4858/1254 1421/4859/1254 1423/4860/1254
f 1431/4861/1255 1429/4862/1255 1428/4863/1255 1430/4864/1255
f 1434/4865/1256 1432/4866/1256 1433/4867/1256 1435/4868/1256
f 1428/4869/1257 1429/4870/1257 1433/4871/1257 1432/4872/1257
f 1431/4873/1258 1430/4874/1258 1434/4875/1258 1435/4876/1258
f 1430/4877/1259 1428/4878/1259 1432/4879/1259 1434/4880/1259
f 1435/4881/1260 1433/4882/1260 1429/4883/1260 1431/4884/1260
f 1439/4885/1261 1437/4886/1261 1436/4887/1261 1438/4888/1261
f 1442/4889/1262 1440/4890/1262 1441/4891/1262 1443/4892/1262
f 1436/4893/1263 1437/4894/1263 1441/4895/1263 1440/4896/1263
f 1439/4897/1264 1438/4898/1264 1442/4899/1264 1443/4900/1264
f 1438/4901/1265 1436/4902/1265 1440/4903/1265 1442/4904/1265
f 1443/4905/1266 1441/4906/1266 1437/4907/1266 1439/4908/1266
f 1447/4909/1267 1445/4910/1267 1444/4911/1267 1446/4912/1267
f 1450/4913/1268 1448/4914/1268 1449/4915/1268 1451/4916/1268
f 1444/4917/1269 1445/4918/1269 1449/4919/1269 1448/4920/1269
f 1447/4921/1270 1446/4922/1270 1450/4923/1270 1451/4924/1270
f 1446/4925/1271 1444/4926/1271 1448/4927/1271 1450/4928/1271
f 1451/4929/1272 1449/4930/1272 1445/4931/1272 1447/4932/1272
f 1455/4933/1273 1453/4934/1273 1452/4935/1273 1454/4936/1273
f 1458/4937/1274 1456/4938/1274 1457/4939/1274 1459/4940/1274
f 1452/4941/1275 1453/4942/1275 1457/4943/1275 1456/4944/1275
f 1455/4945/1276 1454/4946/1276 1458/4947/1276 1459/4948/1276
f 1454/4949/1277 1452/4950/1277 1456/4951/1277 1458/4952/1277
f 1459/4953/1278 1457/4954/1278 1453/4955/1278 1455/4956/1278
f 1463/4957/1279 1461/4958/1279 1460/4959/1279 1462/4960/1279
f 1466/4961/1280 1464/4962/1280 1465/4963/1280 1467/4964/1280
f 1460/4965/1281 1461/4966/1281 1465/4967/1281 1464/4968/1281
f 1463/4969/1282 1462/4970/1282 1466/4971/1282 1467/4972/1282
f 1462/4973/1283 1460/4974/1283 1464/4975/1283 1466/4976/1283
f 1467/4977/1284 1465/4978/1284 1461/4979/1284 1463/4980/1284
f 1471/4981/1285 1469/4982/1285 1468/4983/1285 1470/4984/1285
f 1474/4985/1286 1472/4986/1286 1473/4987/1286 1475/4988/1286
f 1468/4989/1287 1469/4990/1287 1473/4991/1287 1472/4992/1287
f 1471/4993/1288 1470/4994/1288 1474/4995/1288 1475/4996/1288
f 1470/4997/1289 1468/4998/1289 1472/4999/1289 1474/5000/1289
f 1475/5001/1290 1473/5002/1290 1469/5003/1290 1471/5004/1290
f 1479/5005/1291 1477/5006/1291 1476/5007/1291 1478/5008/1291
f 1482/5009/1292 1480/5010/1292 1481/5011/1292 1483/5012/1292
f 1476/5013/1293 1477/5014/1293 1481/5015/1293 1480/5016/1293
f 1479/5017/1294 1478/5018/1294 1482/5019/1294 1483/5020/1294
f 1478/5021/1295 1476/5022/1295 1480/5023/1295 1482/5024/1295
f 1483/5025/1296 1481/5026/1296 1477/5027/1296 1479/5028/1296
f 1487/5029/1297 1485/5030/1297 1484/5031/1297 1486/5032/1297
f 1490/5033/1298 1488/5034/1298 1489/5035/1298 1491/5036/1298
f 1484/5037/1299 1485/5038/1299 1489/5039/1299 1488/5040/1299
f 1487/5041/1300 1486/5042/1300 1490/5043/1300 1491/5044/1300
f 1486/5045/1301 1484/5046/1301 1488/5047/1301 1490/5048/1301
f 1491/5049/1302 1489/5050/1302 1485/5051/1302 1487/5052/1302
f 1495/5053/1303 1493/5054/1303 1492/5055/1303 1494/5056/1303
f 1498/5057/1304 1496/5058/1304 1497/5059/1304 1499/5060/1304
f 1492/5061/1305 1493/5062/1305 1497/5063/1305 1496/5064/1305
f 1495/5065/1306 1494/5066/1306 1498/5067/1306 1499/5068/1306
f 1494/5069/1307 1492/5070/1307 1496/5071/1307 1498/5072/1307
f 1499/5073/1308 1497/5074/1308 1493/5075/1308 1495/5076/1308
f 1503/5077/1309 1501/5078/1309 1500/5079/1309 1502/5080/1309
f 1506/5081/1310 1504/5082/1310 1505/5083/1310 1507/5084/1310
f 1500/5085/1311 1501/5086/1311 1505/5087/1311 1504/5088/1311
f 1503/5089/1312 1502/5090/1312 1506/5091/1312 1507/5092/1312
f 1502/5093/1313 1500/5094/1313 1504/5095/1313 1506/5096/1313
f 1507/5097/1314 1505/5098/1314 1501/5099/1314 1503/5100/1314
f 1511/5101/1315 1509/5102/1315 1508/5103/1315 1510/5104/1315
f 1514/5105/1316 1512/5106/1316 1513/5107/1316 1515/5108/1316
f 1508/5109/1317 1509/5110/1317 1513/5111/1317 1512/5112/1317
f 1511/5113/1318 1510/5114/1318 1514/5115/1318 1515/5116/1318
f 1510/5117/1319 1508/5118/1319 1512/5119/1319 1514/5120/1319
f 1515/5121/1320 1513/5122/1320 1509/5123/1320 1511/5124/1320
f 1519/5125/1321 1517/5126/1321 1516/5127/1321 1518/5128/1321
f 1522/5129/1322 1520/5130/1322 1521/5131/1322 1523/5132/1322
f 1516/5133/1323 1517/5134/1323 1521/5135/1323 1520/5136/1323
f 1519/5137/1324 1518/5138/1324 1522/5139/1324 1523/5140/1324
f 1518/5141/1325 1516/5142/1325 1520/5143/1325 1522/5144/1325
f 1523/5145/1326 1521/5146/1326 1517/5147/1326 1519/5148/1326
f 1527/5149/1327 1525/5150/1327 1524/5151/1327 1526/5152/1327
f 1530/5153/1328 1528/5154/1328 1529/5155/1328 1531/5156/1328
f 1524/5157/1329 1525/5158/1329 1529/5159/1329 1528/5160/1329
f 1527/5161/1330 1526/5162/1330 1530/5163/1330 1531/5164/1330
f 1526/5165/1331 1524/5166/1331 1528/5167/1331 1530/5168/1331
f 1531/5169/1332 1529/5170/1332 1525/5171/1332 1527/5172/1332
f 1534/5173/1333 2/5174/1333 1532/5175/1333 1533/5176/1333
f 1537/5177/1334 1535/5178/1334 1536/5179/1334 1538/5180/1334
f 1532/5181/1335 2/5182/1335 1536/5183/1335 1535/5184/1335
f 1534/5185/1336 1533/5186/1336 1537/5187/1336 1538/5188/1336
f 1533/5189/1337 1532/5190/1337 1535/5191/1337 1537/5192/1337
f 1538/5193/1338 1536/5194/1338 2/5195/1338 1534/5196/1338
f 1542/5197/1339 1540/5198/1339 1539/5199/1339 1541/5200/1339
f 1545/5201/1340 1543/5202/1340 1544/5203/1340 1546/5204/1340
f 1539/5205/1341 1540/5206/1341 1544/5207/1341 1543/5208/1341
f 1542/5209/1342 1541/5210/1342 1545/5211/1342 1546/5212/1342
f 1541/5213/1343 1539/5214/1343 1543/5215/1343 1545/5216/1343
f 1546/5217/1344 1544/5218/1344 1540/5219/1344 1542/5220/1344
f 1550/5221/1345 1548/5222/1345 1547/5223/1345 1549/5224/1345
f 1553/5225/1346 1551/5226/1346 1552/5227/1346 1554/5228/1346
f 1547/5229/1347 1548/5230/1347 1552/5231/1347 1551/5232/1347
f 1550/5233/1348 1549/5234/1348 1553/5235/1348 1554/5236/1348
f 1549/5237/1349 1547/5238/1349 1551/5239/1349 1553/5240/1349
f 1554/5241/1350 1552/5242/1350 1548/5243/1350 1550/5244/1350
usemtl m_de520ccc-0234-6a6c-1047-8b7438fb9ffd
f 1558/5245/1351 1556/5246/1351 1555/5247/1351 1557/5248/1351
f 1561/5249/1352 1559/5250/1352 1560/5251/1352 1562/5252/1352
f 1555/5253/1353 1556/5254/1353 1560/5255/1353 1559/5256/1353
f 1558/5257/1354 1557/5258/1354 1561/5259/1354 1562/5260/1354
f 1557/5261/1355 1555/5262/1355 1559/5263/1355 1561/5264/1355
f 1562/5265/1356 1560/5266/1356 1556/5267/1356 1558/5268/1356
f 1566/5269/1357 1564/5270/1357 1563/5271/1357 1565/5272/1357
f 1569/5273/1358 1567/5274/1358 1568/5275/1358 1570/5276/1358
f 1563/5277/1359 1564/5278/1359 1568/5279/1359 1567/5280/1359
f 1566/5281/1360 1565/5282/1360 1569/5283/1360 1570/5284/1360
f 1565/5285/1361 1563/5286/1361 1567/5287/1361 1569/5288/1361
f 1570/5289/1362 1568/5290/1362 1564/5291/1362 1566/5292/1362
f 1574/5293/1363 1572/5294/1363 1571/5295/1363 1573/5296/1363
f 1577/5297/1364 1575/5298/1364 1576/5299/1364 1578/5300/1364
f 1571/5301/1365 1572/5302/1365 1576/5303/1365 1575/5304/1365
f 1574/5305/1366 1573/5306/1366 1577/5307/1366 1578/5308/1366
f 1573/5309/1367 1571/5310/1367 1575/5311/1367 1577/5312/1367
f 1578/5313/1368 1576/5314/1368 1572/5315/1368 1574/5316/1368
f 1582/5317/1369 1580/5318/1369 1579/5319/1369 1581/5320/1369
f 1585/5321/1370 1583/5322/1370 1584/5323/1370 1586/5324/1370
f 1579/5325/1371 1580/5326/1371 1584/5327/1371 1583/5328/1371
f 1582/5329/1372 1581/5330/1372 1585/5331/1372 1586/5332/1372
f 1581/5333/1373 1579/5334/1373 1583/5335/1373 1585/5336/1373
f 1586/5337/1374 1584/5338/1374 1580/5339/1374 1582/5340/1374
f 1590/5341/1375 1588/5342/1375 1587/5343/1375 1589/5344/1375
f 1593/5345/1376 1591/5346/1376 1592/5347/1376 1594/5348/1376
f 1587/5349/1377 1588/5350/1377 1592/5351/1377 1591/5352/1377
f 1590/5353/1378 1589/5354/1378 1593/5355/1378 1594/5356/1378
f 1589/5357/1379 1587/5358/1379 1591/5359/1379 1593/5360/1379
f 1594/5361/1380 1592/5362/1380 1588/5363/1380 1590/5364/1380
f 1599/5365/1381 1597/5366/1381 1596/5367/1381 1598/5368/1381
f 1601/5369/1382 1600/5370/1382 1595/5371/1382 1602/5372/1382
f 1596/5373/1383 1597/5374/1383 1595/5375/1383 1600/5376/1383
f 1599/5377/1384 1598/5378/1384 1601/5379/1384 1602/5380/1384
f 1598/5381/1385 1596/5382/1385 1600/5383/1385 1601/5384/1385
f 1602/5385/1386 1595/5386/1386 1597/5387/1386 1599/5388/1386
f 1606/5389/1387 1604/5390/1387 1603/5391/1387 1605/5392/1387
f 1609/5393/1388 1607/5394/1388 1608/5395/1388 1610/5396/1388
f 1603/5397/1389 1604/5398/1389 1608/5399/1389 1607/5400/1389
f 1606/5401/1390 1605/5402/1390 1609/5403/1390 1610/5404/1390
f 1605/5405/1391 1603/5406/1391 1607/5407/1391 1609/5408/1391
f 1610/5409/1392 1608/5410/1392 1604/5411/1392 1606/5412/1392
usemtl m_3d215661-f591-00a8-53e2-d8d611c756be
f 1614/5413/1393 1612/5414/1393 1611/5415/1393 1613/5416/1393
f 1617/5417/1394 1615/5418/1394 1616/5419/1394 1618/5420/1394
f 1611/5421/1395 1612/5422/1395 1616/5423/1395 1615/5424/1395
f 1614/5425/1396 1613/5426/1396 1617/5427/1396 1618/5428/1396
f 1613/5429/1397 1611/5430/1397 1615/5431/1397 1617/5432/1397
f 1618/5433/1398 1616/5434/1398 1612/5435/1398 1614/5436/1398
f 1622/5437/1399 1620/5438/1399 1619/5439/1399 1621/5440/1399
f 1625/5441/1400 1623/5442/1400 1624/5443/1400 1626/5444/1400
f 1619/5445/1401 1620/5446/1401 1624/5447/1401 1623/5448/1401
f 1622/5449/1402 1621/5450/1402 1625/5451/1402 1626/5452/1402
f 1621/5453/1403 1619/5454/1403 1623/5455/1403 1625/5456/1403
f 1626/5457/1404 1624/5458/1404 1620/5459/1404 1622/5460/1404
f 1630/5461/1405 1628/5462/1405 1627/5463/1405 1629/5464/1405
f 1633/5465/1406 1631/5466/1406 1632/5467/1406 1634/5468/1406
f 1627/5469/1407 1628/5470/1407 1632/5471/1407 1631/5472/1407
f 1630/5473/1408 1629/5474/1408 1633/5475/1408 1634/5476/1408
f 1629/5477/1409 1627/5478/1409 1631/5479/1409 1633/5480/1409
f 1634/5481/1410 1632/5482/1410 1628/5483/1410 1630/5484/1410
f 1638/5485/1411 1636/5486/1411 1635/5487/1411 1637/5488/1411
f 1641/5489/1412 1639/5490/1412 1640/5491/1412 1642/5492/1412
f 1635/5493/1413 1636/5494/1413 1640/5495/1413 1639/5496/1413
f 1638/5497/1414 1637/5498/1414 1641/5499/1414 1642/5500/1414
f 1637/5501/1415 1635/5502/1415 1639/5503/1415 1641/5504/1415
f 1642/5505/1416 1640/5506/1416 1636/5507/1416 1638/5508/1416
f 1646/5509/1417 1644/5510/1417 1643/5511/1417 1645/5512/1417
f 1649/5513/1418 1647/5514/1418 1648/5515/1418 1650/5516/1418
f 1643/5517/1419 1644/5518/1419 1648/5519/1419 1647/5520/1419
f 1646/5521/1420 1645/5522/1420 1649/5523/1420 1650/5524/1420
f 1645/5525/1421 1643/5526/1421 1647/5527/1421 1649/5528/1421
f 1650/5529/1422 1648/5530/1422 1644/5531/1422 1646/5532/1422
f 1654/5533/1423 1652/5534/1423 1651/5535/1423 1653/5536/1423
f 1657/5537/1424 1655/5538/1424 1656/5539/1424 1658/5540/1424
f 1651/5541/1425 1652/5542/1425 1656/5543/1425 1655/5544/1425
f 1654/5545/1426 1653/5546/1426 1657/5547/1426 1658/5548/1426
f 1653/5549/1427 1651/5550/1427 1655/5551/1427 1657/5552/1427
f 1658/5553/1428 1656/5554/1428 1652/5555/1428 1654/5556/1428
f 1662/5557/1429 1660/5558/1429 1659/5559/1429 1661/5560/1429
f 1665/5561/1430 1663/5562/1430 1664/5563/1430 1666/5564/1430
f 1659/5565/1431 1660/5566/1431 1664/5567/1431 1663/5568/1431
f 1662/5569/1432 1661/5570/1432 1665/5571/1432 1666/5572/1432
f 1661/5573/1433 1659/5574/1433 1663/5575/1433 1665/5576/1433
f 1666/5577/1434 1664/5578/1434 1660/5579/1434 1662/5580/1434
f 1670/5581/1435 1668/5582/1435 1667/5583/1435 1669/5584/1435
f 1673/5585/1436 1671/5586/1436 1672/5587/1436 1674/5588/1436
f 1667/5589/1437 1668/5590/1437 1672/5591/1437 1671/5592/1437
f 1670/5593/1438 1669/5594/1438 1673/5595/1438 1674/5596/1438
f 1669/5597/1439 1667/5598/1439 1671/5599/1439 1673/5600/1439
f 1674/5601/1440 1672/5602/1440 1668/5603/1440 1670/5604/1440
f 1678/5605/1441 1676/5606/1441 1675/5607/1441 1677/5608/1441
f 1681/5609/1442 1679/5610/1442 1680/5611/1442 1682/5612/1442
f 1675/5613/1443 1676/5614/1443 1680/5615/1443 1679/5616/1443
f 1678/5617/1444 1677/5618/1444 1681/5619/1444 1682/5620/1444
f 1677/5621/1445 1675/5622/1445 1679/5623/1445 1681/5624/1445
f 1682/5625/1446 1680/5626/1446 1676/5627/1446 1678/5628/1446
f 1686/5629/1447 1684/5630/1447 1683/5631/1447 1685/5632/1447
f 1689/5633/1448 1687/5634/1448 1688/5635/1448 1690/5636/1448
f 1683/5637/1449 1684/5638/1449 1688/5639/1449 1687/5640/1449
f 1686/5641/1450 1685/5642/1450 1689/5643/1450 1690/5644/1450
f 1685/5645/1451 1683/5646/1451 1687/5647/1451 1689/5648/1451
f 1690/5649/1452 1688/5650/1452 1684/5651/1452 1686/5652/1452
f 1694/5653/1453 1692/5654/1453 1691/5655/1453 1693/5656/1453
f 1697/5657/1454 1695/5658/1454 1696/5659/1454 1698/5660/1454
f 1691/5661/1455 1692/5662/1455 1696/5663/1455 1695/5664/1455
f 1694/5665/1456 1693/5666/1456 1697/5667/1456 1698/5668/1456
f 1693/5669/1457 1691/5670/1457 1695/5671/1457 1697/5672/1457
f 1698/5673/1458 1696/5674/1458 1692/5675/1458 1694/5676/1458
usemtl m_de520ccc-0234-6a6c-1047-8b7438fb9ffd
f 1701/5677/1459 1699/5678/1459 1/5679/1459 1700/5680/1459
f 1704/5681/1460 1702/5682/1460 1703/5683/1460 1705/5684/1460
f 1/5685/1461 1699/5686/1461 1703/5687/1461 1702/5688/1461
f 1701/5689/1462 1700/5690/1462 1704/5691/1462 1705/5692/1462
f 1700/5693/1463 1/5694/1463 1702/5695/1463 1704/5696/1463
f 1705/5697/1464 1703/5698/1464 1699/5699/1464 1701/5700/1464
f 1709/5701/1465 1707/5702/1465 1706/5703/1465 1708/5704/1465
f 1712/5705/1466 1710/5706/1466 1711/5707/1466 1713/5708/1466
f 1706/5709/1467 1707/5710/1467 1711/5711/1467 1710/5712/1467
f 1709/5713/1468 1708/5714/1468 1712/5715/1468 1713/5716/1468
f 1708/5717/1469 1706/5718/1469 1710/5719/1469 1712/5720/1469
f 1713/5721/1470 1711/5722/1470 1707/5723/1470 1709/5724/1470
usemtl m_3d215661-f591-00a8-53e2-d8d611c756be
f 1717/5725/1471 1715/5726/1471 1714/5727/1471 1716/5728/1471
f 1720/5729/1472 1718/5730/1472 1719/5731/1472 1721/5732/1472
f 1714/5733/1473 1715/5734/1473 1719/5735/1473 1718/5736/1473
f 1717/5737/1474 1716/5738/1474 1720/5739/1474 1721/5740/1474
f 1716/5741/1475 1714/5742/1475 1718/5743/1475 1720/5744/1475
f 1721/5745/1476 1719/5746/1476 1715/5747/1476 1717/5748/1476
f 1725/5749/1477 1723/5750/1477 1722/5751/1477 1724/5752/1477
f 1728/5753/1478 1726/5754/1478 1727/5755/1478 1729/5756/1478
f 1722/5757/1479 1723/5758/1479 1727/5759/1479 1726/5760/1479
f 1725/5761/1480 1724/5762/1480 1728/5763/1480 1729/5764/1480
f 1724/5765/1481 1722/5766/1481 1726/5767/1481 1728/5768/1481
f 1729/5769/1482 1727/5770/1482 1723/5771/1482 1725/5772/1482
f 1733/5773/1483 1731/5774/1483 1730/5775/1483 1732/5776/1483
f 1736/5777/1484 1734/5778/1484 1735/5779/1484 1737/5780/1484
f 1730/5781/1485 1731/5782/1485 1735/5783/1485 1734/5784/1485
f 1733/5785/1486 1732/5786/1486 1736/5787/1486 1737/5788/1486
f 1732/5789/1487 1730/5790/1487 1734/5791/1487 1736/5792/1487
f 1737/5793/1488 1735/5794/1488 1731/5795/1488 1733/5796/1488
f 1741/5797/1489 1739/5798/1489 1738/5799/1489 1740/5800/1489
f 1744/5801/1490 1742/5802/1490 1743/5803/1490 1745/5804/1490
f 1738/5805/1491 1739/5806/1491 1743/5807/1491 1742/5808/1491
f 1741/5809/1492 1740/5810/1492 1744/5811/1492 1745/5812/1492
f 1740/5813/1493 1738/5814/1493 1742/5815/1493 1744/5816/1493
f 1745/5817/1494 1743/5818/1494 1739/5819/1494 1741/5820/1494
f 1749/5821/1495 1747/5822/1495 1746/5823/1495 1748/5824/1495
f 1752/5825/1496 1750/5826/1496 1751/5827/1496 1753/5828/1496
f 1746/5829/1497 1747/5830/1497 1751/5831/1497 1750/5832/1497
f 1749/5833/1498 1748/5834/1498 1752/5835/1498 1753/5836/1498
f 1748/5837/1499 1746/5838/1499 1750/5839/1499 1752/5840/1499
f 1753/5841/1500 1751/5842/1500 1747/5843/1500 1749/5844/1500
f 1757/5845/1501 1755/5846/1501 1754/5847/1501 1756/5848/1501
f 1760/5849/1502 1758/5850/1502 1759/5851/1502 1761/5852/1502
f 1754/5853/1503 1755/5854/1503 1759/5855/1503 1758/5856/1503
f 1757/5857/1504 1756/5858/1504 1760/5859/1504 1761/5860/1504
f 1756/5861/1505 1754/5862/1505 1758/5863/1505 1760/5864/1505
f 1761/5865/1506 1759/5866/1506 1755/5867/1506 1757/5868/1506