# Made in Blockbench 5.1.4
mtllib hv_bk_vr.mtl

o cube
v 0.09375 2.125 -0.125
v 0.09375 2.125 -0.25
v 0.09375 1.0625 -0.125
v 0.09375 1.0625 -0.25
v -0.09375 2.125 -0.125
v -0.09375 2.125 -0.25
v -0.09375 1.0625 -0.125
v -0.09375 1.0625 -0.25
vt 0.03125 0.75
vt 0.03125 1
vt 0 1
vt 0 0.75
vt 0.03125 0.75
vt 0.03125 1
vt 0 1
vt 0 0.75
vt 0.046875 0.96875
vt 0.046875 1
vt 0 1
vt 0 0.96875
vt 0.046875 0.96875
vt 0.046875 1
vt 0 1
vt 0 0.96875
vt 0.046875 0.75
vt 0.046875 1
vt 0 1
vt 0 0.75
vt 0.046875 0.75
vt 0.046875 1
vt 0 1
vt 0 0.75
vn 1 0 0
vn -1 0 0
vn 0 1 0
vn 0 -1 0
vn 0 0 1
vn 0 0 -1
usemtl m_3d215661-f591-00a8-53e2-d8d611c756be
f 4/1/1 2/2/1 1/3/1 3/4/1
f 7/5/2 5/6/2 6/7/2 8/8/2
f 1/9/3 2/10/3 6/11/3 5/12/3
f 4/13/4 3/14/4 7/15/4 8/16/4
f 3/17/5 1/18/5 5/19/5 7/20/5
f 8/21/6 6/22/6 2/23/6 4/24/6
o cube
v 0.06875 1.75 0.0625
v 0.06875 1.75 -0.125
v 0.06875 1.6875 0.0625
v 0.06875 1.6875 -0.125
v -0.05625 1.75 0.0625
v -0.05625 1.75 -0.125
v -0.05625 1.6875 0.0625
v -0.05625 1.6875 -0.125
vt 0.171875 0.9375
vt 0.171875 0.953125
vt 0.109375 0.953125
vt 0.109375 0.9375
vt 0.171875 0.9375
vt 0.171875 0.953125
vt 0.109375 0.953125
vt 0.109375 0.9375
vt 0.028125 0.9375
vt 0.028125 1
vt 0 1
vt 0 0.9375
vt 0.028125 0.9375
vt 0.028125 1
vt 0 1
vt 0 0.9375
vt 0.028125 0.984375
vt 0.028125 1
vt 0 1
vt 0 0.984375
vt 0.028125 0.984375
vt 0.028125 1
vt 0 1
vt 0 0.984375
vn 1 0 0
vn -1 0 0
vn 0 1 0
vn 0 -1 0
vn 0 0 1
vn 0 0 -1
usemtl m_3d215661-f591-00a8-53e2-d8d611c756be
f 12/25/7 10/26/7 9/27/7 11/28/7
f 15/29/8 13/30/8 14/31/8 16/32/8
f 9/33/9 10/34/9 14/35/9 13/36/9
f 12/37/10 11/38/10 15/39/10 16/40/10
f 11/41/11 9/42/11 13/43/11 15/44/11
f 16/45/12 14/46/12 10/47/12 12/48/12
o cube
v 0.06875 1.25 0.125
v 0.06875 1.25 -0.125
v 0.06875 1.1875 0.125
v 0.06875 1.1875 -0.125
v -0.05625 1.25 0.125
v -0.05625 1.25 -0.125
v -0.05625 1.1875 0.125
v -0.05625 1.1875 -0.125
vt 0.171875 0.9375
vt 0.171875 0.953125
vt 0.109375 0.953125
vt 0.109375 0.9375
vt 0.171875 0.9375
vt 0.171875 0.953125
vt 0.109375 0.953125
vt 0.109375 0.9375
vt 0.028125 0.9375
vt 0.028125 1
vt 0 1
vt 0 0.9375
vt 0.028125 0.9375
vt 0.028125 1
vt 0 1
vt 0 0.9375
vt 0.028125 0.984375
vt 0.028125 1
vt 0 1
vt 0 0.984375
vt 0.028125 0.984375
vt 0.028125 1
vt 0 1
vt 0 0.984375
vn 1 0 0
vn -1 0 0
vn 0 1 0
vn 0 -1 0
vn 0 0 1
vn 0 0 -1
usemtl m_3d215661-f591-00a8-53e2-d8d611c756be
f 20/49/13 18/50/13 17/51/13 19/52/13
f 23/53/14 21/54/14 22/55/14 24/56/14
f 17/57/15 18/58/15 22/59/15 21/60/15
f 20/61/16 19/62/16 23/63/16 24/64/16
f 19/65/17 17/66/17 21/67/17 23/68/17
f 24/69/18 22/70/18 18/71/18 20/72/18
o cube
v 0.09375 2.125 0.1875
v 0.09375 2.125 0.0625
v 0.09375 1.0625 0.1875
v 0.09375 1.0625 0.0625
v -0.09375 2.125 0.1875
v -0.09375 2.125 0.0625
v -0.09375 1.0625 0.1875
v -0.09375 1.0625 0.0625
vt 0.03125 0.734375
vt 0.03125 1
vt 0 1
vt 0 0.734375
vt 0.03125 0.734375
vt 0.03125 1
vt 0 1
vt 0 0.734375
vt 0.046875 0.96875
vt 0.046875 1
vt 0 1
vt 0 0.96875
vt 0.046875 0.96875
vt 0.046875 1
vt 0 1
vt 0 0.96875
vt 0.046875 0.734375
vt 0.046875 1
vt 0 1
vt 0 0.734375
vt 0.046875 0.734375
vt 0.046875 1
vt 0 1
vt 0 0.734375
vn 1 0 0
vn -1 0 0
vn 0 1 0
vn 0 -1 0
vn 0 0 1
vn 0 0 -1
usemtl m_3d215661-f591-00a8-53e2-d8d611c756be
f 28/73/19 26/74/19 25/75/19 27/76/19
f 31/77/20 29/78/20 30/79/20 32/80/20
f 25/81/21 26/82/21 30/83/21 29/84/21
f 28/85/22 27/86/22 31/87/22 32/88/22
f 27/89/23 25/90/23 29/91/23 31/92/23
f 32/93/24 30/94/24 26/95/24 28/96/24
o cube
v 0.06875 2.75 0.0625
v 0.06875 2.75 -0.125
v 0.06875 2.6875 0.0625
v 0.06875 2.6875 -0.125
v -0.05625 2.75 0.0625
v -0.05625 2.75 -0.125
v -0.05625 2.6875 0.0625
v -0.05625 2.6875 -0.125
vt 0.171875 0.9375
vt 0.171875 0.953125
vt 0.109375 0.953125
vt 0.109375 0.9375
vt 0.171875 0.9375
vt 0.171875 0.953125
vt 0.109375 0.953125
vt 0.109375 0.9375
vt 0.028125 0.9375
vt 0.028125 1
vt 0 1
vt 0 0.9375
vt 0.028125 0.9375
vt 0.028125 1
vt 0 1
vt 0 0.9375
vt 0.028125 0.984375
vt 0.028125 1
vt 0 1
vt 0 0.984375
vt 0.028125 0.984375
vt 0.028125 1
vt 0 1
vt 0 0.984375
vn 1 0 0
vn -1 0 0
vn 0 1 0
vn 0 -1 0
vn 0 0 1
vn 0 0 -1
usemtl m_3d215661-f591-00a8-53e2-d8d611c756be
f 36/97/25 34/98/25 33/99/25 35/100/25
f 39/101/26 37/102/26 38/103/26 40/104/26
f 33/105/27 34/106/27 38/107/27 37/108/27
f 36/109/28 35/110/28 39/111/28 40/112/28
f 35/113/29 33/114/29 37/115/29 39/116/29
f 40/117/30 38/118/30 34/119/30 36/120/30
o cube
v 0.06875 2.25 0.0625
v 0.06875 2.25 -0.125
v 0.06875 2.1875 0.0625
v 0.06875 2.1875 -0.125
v -0.05625 2.25 0.0625
v -0.05625 2.25 -0.125
v -0.05625 2.1875 0.0625
v -0.05625 2.1875 -0.125
vt 0.171875 0.9375
vt 0.171875 0.953125
vt 0.109375 0.953125
vt 0.109375 0.9375
vt 0.171875 0.9375
vt 0.171875 0.953125
vt 0.109375 0.953125
vt 0.109375 0.9375
vt 0.028125 0.9375
vt 0.028125 1
vt 0 1
vt 0 0.9375
vt 0.028125 0.9375
vt 0.028125 1
vt 0 1
vt 0 0.9375
vt 0.028125 0.984375
vt 0.028125 1
vt 0 1
vt 0 0.984375
vt 0.028125 0.984375
vt 0.028125 1
vt 0 1
vt 0 0.984375
vn 1 0 0
vn -1 0 0
vn 0 1 0
vn 0 -1 0
vn 0 0 1
vn 0 0 -1
usemtl m_3d215661-f591-00a8-53e2-d8d611c756be
f 44/121/31 42/122/31 41/123/31 43/124/31
f 47/125/32 45/126/32 46/127/32 48/128/32
f 41/129/33 42/130/33 46/131/33 45/132/33
f 44/133/34 43/134/34 47/135/34 48/136/34
f 43/137/35 41/138/35 45/139/35 47/140/35
f 48/141/36 46/142/36 42/143/36 44/144/36
o cube
v 0.09375 3.125 -0.125
v 0.09375 3.125 -0.25
v 0.09375 2.125 -0.125
v 0.09375 2.125 -0.25
v -0.09375 3.125 -0.125
v -0.09375 3.125 -0.25
v -0.09375 2.125 -0.125
v -0.09375 2.125 -0.25
vt 0.03125 0.75
vt 0.03125 1
vt 0 1
vt 0 0.75
vt 0.03125 0.75
vt 0.03125 1
vt 0 1
vt 0 0.75
vt 0.046875 0.96875
vt 0.046875 1
vt 0 1
vt 0 0.96875
vt 0.046875 0.96875
vt 0.046875 1
vt 0 1
vt 0 0.96875
vt 0.046875 0.75
vt 0.046875 1
vt 0 1
vt 0 0.75
vt 0.046875 0.75
vt 0.046875 1
vt 0 1
vt 0 0.75
vn 1 0 0
vn -1 0 0
vn 0 1 0
vn 0 -1 0
vn 0 0 1
vn 0 0 -1
usemtl m_3d215661-f591-00a8-53e2-d8d611c756be
f 52/145/37 50/146/37 49/147/37 51/148/37
f 55/149/38 53/150/38 54/151/38 56/152/38
f 49/153/39 50/154/39 54/155/39 53/156/39
f 52/157/40 51/158/40 55/159/40 56/160/40
f 51/161/41 49/162/41 53/163/41 55/164/41
f 56/165/42 54/166/42 50/167/42 52/168/42
o cube
v 0.09375 3.125 0.1875
v 0.09375 3.125 0.0625
v 0.09375 2.125 0.1875
v 0.09375 2.125 0.0625
v -0.09375 3.125 0.1875
v -0.09375 3.125 0.0625
v -0.09375 2.125 0.1875
v -0.09375 2.125 0.0625
vt 0.03125 0.75
vt 0.03125 1
vt 0 1
vt 0 0.75
vt 0.03125 0.75
vt 0.03125 1
vt 0 1
vt 0 0.75
vt 0.046875 0.96875
vt 0.046875 1
vt 0 1
vt 0 0.96875
vt 0.046875 0.96875
vt 0.046875 1
vt 0 1
vt 0 0.96875
vt 0.046875 0.75
vt 0.046875 1
vt 0 1
vt 0 0.75
vt 0.046875 0.75
vt 0.046875 1
vt 0 1
vt 0 0.75
vn 1 0 0
vn -1 0 0
vn 0 1 0
vn 0 -1 0
vn 0 0 1
vn 0 0 -1
usemtl m_3d215661-f591-00a8-53e2-d8d611c756be
f 60/169/43 58/170/43 57/171/43 59/172/43
f 63/173/44 61/174/44 62/175/44 64/176/44
f 57/177/45 58/178/45 62/179/45 61/180/45
f 60/181/46 59/182/46 63/183/46 64/184/46
f 59/185/47 57/186/47 61/187/47 63/188/47
f 64/189/48 62/190/48 58/191/48 60/192/48
o cube
v 0.09375 4.125 -0.125
v 0.09375 4.125 -0.25
v 0.09375 3.125 -0.125
v 0.09375 3.125 -0.25
v -0.09375 4.125 -0.125
v -0.09375 4.125 -0.25
v -0.09375 3.125 -0.125
v -0.09375 3.125 -0.25
vt 0.03125 0.75
vt 0.03125 1
vt 0 1
vt 0 0.75
vt 0.03125 0.75
vt 0.03125 1
vt 0 1
vt 0 0.75
vt 0.046875 0.96875
vt 0.046875 1
vt 0 1
vt 0 0.96875
vt 0.046875 0.96875
vt 0.046875 1
vt 0 1
vt 0 0.96875
vt 0.046875 0.75
vt 0.046875 1
vt 0 1
vt 0 0.75
vt 0.046875 0.75
vt 0.046875 1
vt 0 1
vt 0 0.75
vn 1 0 0
vn -1 0 0
vn 0 1 0
vn 0 -1 0
vn 0 0 1
vn 0 0 -1
usemtl m_3d215661-f591-00a8-53e2-d8d611c756be
f 68/193/49 66/194/49 65/195/49 67/196/49
f 71/197/50 69/198/50 70/199/50 72/200/50
f 65/201/51 66/202/51 70/203/51 69/204/51
f 68/205/52 67/206/52 71/207/52 72/208/52
f 67/209/53 65/210/53 69/211/53 71/212/53
f 72/213/54 70/214/54 66/215/54 68/216/54
o cube
v 0.09375 4.125 0.1875
v 0.09375 4.125 0.0625
v 0.09375 3.125 0.1875
v 0.09375 3.125 0.0625
v -0.09375 4.125 0.1875
v -0.09375 4.125 0.0625
v -0.09375 3.125 0.1875
v -0.09375 3.125 0.0625
vt 0.03125 0.75
vt 0.03125 1
vt 0 1
vt 0 0.75
vt 0.03125 0.75
vt 0.03125 1
vt 0 1
vt 0 0.75
vt 0.046875 0.96875
vt 0.046875 1
vt 0 1
vt 0 0.96875
vt 0.046875 0.96875
vt 0.046875 1
vt 0 1
vt 0 0.96875
vt 0.046875 0.75
vt 0.046875 1
vt 0 1
vt 0 0.75
vt 0.046875 0.75
vt 0.046875 1
vt 0 1
vt 0 0.75
vn 1 0 0
vn -1 0 0
vn 0 1 0
vn 0 -1 0
vn 0 0 1
vn 0 0 -1
usemtl m_3d215661-f591-00a8-53e2-d8d611c756be
f 76/217/55 74/218/55 73/219/55 75/220/55
f 79/221/56 77/222/56 78/223/56 80/224/56
f 73/225/57 74/226/57 78/227/57 77/228/57
f 76/229/58 75/230/58 79/231/58 80/232/58
f 75/233/59 73/234/59 77/235/59 79/236/59
f 80/237/60 78/238/60 74/239/60 76/240/60
o cube
v 0.06875 3.75 0.0625
v 0.06875 3.75 -0.125
v 0.06875 3.6875 0.0625
v 0.06875 3.6875 -0.125
v -0.05625 3.75 0.0625
v -0.05625 3.75 -0.125
v -0.05625 3.6875 0.0625
v -0.05625 3.6875 -0.125
vt 0.171875 0.9375
vt 0.171875 0.953125
vt 0.109375 0.953125
vt 0.109375 0.9375
vt 0.171875 0.9375
vt 0.171875 0.953125
vt 0.109375 0.953125
vt 0.109375 0.9375
vt 0.028125 0.9375
vt 0.028125 1
vt 0 1
vt 0 0.9375
vt 0.028125 0.9375
vt 0.028125 1
vt 0 1
vt 0 0.9375
vt 0.028125 0.984375
vt 0.028125 1
vt 0 1
vt 0 0.984375
vt 0.028125 0.984375
vt 0.028125 1
vt 0 1
vt 0 0.984375
vn 1 0 0
vn -1 0 0
vn 0 1 0
vn 0 -1 0
vn 0 0 1
vn 0 0 -1
usemtl m_3d215661-f591-00a8-53e2-d8d611c756be
f 84/241/61 82/242/61 81/243/61 83/244/61
f 87/245/62 85/246/62 86/247/62 88/248/62
f 81/249/63 82/250/63 86/251/63 85/252/63
f 84/253/64 83/254/64 87/255/64 88/256/64
f 83/257/65 81/258/65 85/259/65 87/260/65
f 88/261/66 86/262/66 82/263/66 84/264/66
o cube
v 0.06875 3.25 0.0625
v 0.06875 3.25 -0.125
v 0.06875 3.1875 0.0625
v 0.06875 3.1875 -0.125
v -0.05625 3.25 0.0625
v -0.05625 3.25 -0.125
v -0.05625 3.1875 0.0625
v -0.05625 3.1875 -0.125
vt 0.171875 0.9375
vt 0.171875 0.953125
vt 0.109375 0.953125
vt 0.109375 0.9375
vt 0.171875 0.9375
vt 0.171875 0.953125
vt 0.109375 0.953125
vt 0.109375 0.9375
vt 0.028125 0.9375
vt 0.028125 1
vt 0 1
vt 0 0.9375
vt 0.028125 0.9375
vt 0.028125 1
vt 0 1
vt 0 0.9375
vt 0.028125 0.984375
vt 0.028125 1
vt 0 1
vt 0 0.984375
vt 0.028125 0.984375
vt 0.028125 1
vt 0 1
vt 0 0.984375
vn 1 0 0
vn -1 0 0
vn 0 1 0
vn 0 -1 0
vn 0 0 1
vn 0 0 -1
usemtl m_3d215661-f591-00a8-53e2-d8d611c756be
f 92/265/67 90/266/67 89/267/67 91/268/67
f 95/269/68 93/270/68 94/271/68 96/272/68
f 89/273/69 90/274/69 94/275/69 93/276/69
f 92/277/70 91/278/70 95/279/70 96/280/70
f 91/281/71 89/282/71 93/283/71 95/284/71
f 96/285/72 94/286/72 90/287/72 92/288/72
o cube
v 0.09375 5.1875 -0.125
v 0.09375 5.1875 -0.25
v 0.09375 4.125 -0.125
v 0.09375 4.125 -0.25
v -0.09375 5.1875 -0.125
v -0.09375 5.1875 -0.25
v -0.09375 4.125 -0.125
v -0.09375 4.125 -0.25
vt 0.03125 0.75
vt 0.03125 1
vt 0 1
vt 0 0.75
vt 0.03125 0.75
vt 0.03125 1
vt 0 1
vt 0 0.75
vt 0.046875 0.96875
vt 0.046875 1
vt 0 1
vt 0 0.96875
vt 0.046875 0.96875
vt 0.046875 1
vt 0 1
vt 0 0.96875
vt 0.046875 0.75
vt 0.046875 1
vt 0 1
vt 0 0.75
vt 0.046875 0.75
vt 0.046875 1
vt 0 1
vt 0 0.75
vn 1 0 0
vn -1 0 0
vn 0 1 0
vn 0 -1 0
vn 0 0 1
vn 0 0 -1
usemtl m_3d215661-f591-00a8-53e2-d8d611c756be
f 100/289/73 98/290/73 97/291/73 99/292/73
f 103/293/74 101/294/74 102/295/74 104/296/74
f 97/297/75 98/298/75 102/299/75 101/300/75
f 100/301/76 99/302/76 103/303/76 104/304/76
f 99/305/77 97/306/77 101/307/77 103/308/77
f 104/309/78 102/310/78 98/311/78 100/312/78
o cube
v 0.09375 5.1875 0.1875
v 0.09375 5.1875 0.0625
v 0.09375 4.125 0.1875
v 0.09375 4.125 0.0625
v -0.09375 5.1875 0.1875
v -0.09375 5.1875 0.0625
v -0.09375 4.125 0.1875
v -0.09375 4.125 0.0625
vt 0.03125 0.75
vt 0.03125 1
vt 0 1
vt 0 0.75
vt 0.03125 0.75
vt 0.03125 1
vt 0 1
vt 0 0.75
vt 0.046875 0.96875
vt 0.046875 1
vt 0 1
vt 0 0.96875
vt 0.046875 0.96875
vt 0.046875 1
vt 0 1
vt 0 0.96875
vt 0.046875 0.75
vt 0.046875 1
vt 0 1
vt 0 0.75
vt 0.046875 0.75
vt 0.046875 1
vt 0 1
vt 0 0.75
vn 1 0 0
vn -1 0 0
vn 0 1 0
vn 0 -1 0
vn 0 0 1
vn 0 0 -1
usemtl m_3d215661-f591-00a8-53e2-d8d611c756be
f 108/313/79 106/314/79 105/315/79 107/316/79
f 111/317/80 109/318/80 110/319/80 112/320/80
f 105/321/81 106/322/81 110/323/81 109/324/81
f 108/325/82 107/326/82 111/327/82 112/328/82
f 107/329/83 105/330/83 109/331/83 111/332/83
f 112/333/84 110/334/84 106/335/84 108/336/84
o cube
v 0.06875 4.75 0.0625
v 0.06875 4.75 -0.125
v 0.06875 4.6875 0.0625
v 0.06875 4.6875 -0.125
v -0.05625 4.75 0.0625
v -0.05625 4.75 -0.125
v -0.05625 4.6875 0.0625
v -0.05625 4.6875 -0.125
vt 0.171875 0.9375
vt 0.171875 0.953125
vt 0.109375 0.953125
vt 0.109375 0.9375
vt 0.171875 0.9375
vt 0.171875 0.953125
vt 0.109375 0.953125
vt 0.109375 0.9375
vt 0.028125 0.9375
vt 0.028125 1
vt 0 1
vt 0 0.9375
vt 0.028125 0.9375
vt 0.028125 1
vt 0 1
vt 0 0.9375
vt 0.028125 0.984375
vt 0.028125 1
vt 0 1
vt 0 0.984375
vt 0.028125 0.984375
vt 0.028125 1
vt 0 1
vt 0 0.984375
vn 1 0 0
vn -1 0 0
vn 0 1 0
vn 0 -1 0
vn 0 0 1
vn 0 0 -1
usemtl m_3d215661-f591-00a8-53e2-d8d611c756be
f 116/337/85 114/338/85 113/339/85 115/340/85
f 119/341/86 117/342/86 118/343/86 120/344/86
f 113/345/87 114/346/87 118/347/87 117/348/87
f 116/349/88 115/350/88 119/351/88 120/352/88
f 115/353/89 113/354/89 117/355/89 119/356/89
f 120/357/90 118/358/90 114/359/90 116/360/90
o cube
v 0.06875 4.25 0.0625
v 0.06875 4.25 -0.125
v 0.06875 4.1875 0.0625
v 0.06875 4.1875 -0.125
v -0.05625 4.25 0.0625
v -0.05625 4.25 -0.125
v -0.05625 4.1875 0.0625
v -0.05625 4.1875 -0.125
vt 0.171875 0.9375
vt 0.171875 0.953125
vt 0.109375 0.953125
vt 0.109375 0.9375
vt 0.171875 0.9375
vt 0.171875 0.953125
vt 0.109375 0.953125
vt 0.109375 0.9375
vt 0.028125 0.9375
vt 0.028125 1
vt 0 1
vt 0 0.9375
vt 0.028125 0.9375
vt 0.028125 1
vt 0 1
vt 0 0.9375
vt 0.028125 0.984375
vt 0.028125 1
vt 0 1
vt 0 0.984375
vt 0.028125 0.984375
vt 0.028125 1
vt 0 1
vt 0 0.984375
vn 1 0 0
vn -1 0 0
vn 0 1 0
vn 0 -1 0
vn 0 0 1
vn 0 0 -1
usemtl m_3d215661-f591-00a8-53e2-d8d611c756be
f 124/361/91 122/362/91 121/363/91 123/364/91
f 127/365/92 125/366/92 126/367/92 128/368/92
f 121/369/93 122/370/93 126/371/93 125/372/93
f 124/373/94 123/374/94 127/375/94 128/376/94
f 123/377/95 121/378/95 125/379/95 127/380/95
f 128/381/96 126/382/96 122/383/96 124/384/96
o cube
v 0.09375 5.8125 -0.125
v 0.09375 5.8125 -0.25
v 0.09375 5.1875 -0.125
v 0.09375 5.1875 -0.25
v -0.09375 5.8125 -0.125
v -0.09375 5.8125 -0.25
v -0.09375 5.1875 -0.125
v -0.09375 5.1875 -0.25
vt 0.03125 0.75
vt 0.03125 0.90625
vt 0 0.90625
vt 0 0.75
vt 0.03125 0.75
vt 0.03125 0.90625
vt 0 0.90625
vt 0 0.75
vt 0.046875 0.96875
vt 0.046875 1
vt 0 1
vt 0 0.96875
vt 0.046875 0.96875
vt 0.046875 1
vt 0 1
vt 0 0.96875
vt 0.046875 0.75
vt 0.046875 0.90625
vt 0 0.90625
vt 0 0.75
vt 0.046875 0.75
vt 0.046875 0.90625
vt 0 0.90625
vt 0 0.75
vn 1 0 0
vn -1 0 0
vn 0 1 0
vn 0 -1 0
vn 0 0 1
vn 0 0 -1
usemtl m_3d215661-f591-00a8-53e2-d8d611c756be
f 132/385/97 130/386/97 129/387/97 131/388/97
f 135/389/98 133/390/98 134/391/98 136/392/98
f 129/393/99 130/394/99 134/395/99 133/396/99
f 132/397/100 131/398/100 135/399/100 136/400/100
f 131/401/101 129/402/101 133/403/101 135/404/101
f 136/405/102 134/406/102 130/407/102 132/408/102
o cube
v 0.09375 5.8125 0.1875
v 0.09375 5.8125 0.0625
v 0.09375 5.1875 0.1875
v 0.09375 5.1875 0.0625
v -0.09375 5.8125 0.1875
v -0.09375 5.8125 0.0625
v -0.09375 5.1875 0.1875
v -0.09375 5.1875 0.0625
vt 0.03125 0.75
vt 0.03125 0.90625
vt 0 0.90625
vt 0 0.75
vt 0.03125 0.75
vt 0.03125 0.90625
vt 0 0.90625
vt 0 0.75
vt 0.046875 0.96875
vt 0.046875 1
vt 0 1
vt 0 0.96875
vt 0.046875 0.96875
vt 0.046875 1
vt 0 1
vt 0 0.96875
vt 0.046875 0.75
vt 0.046875 0.90625
vt 0 0.90625
vt 0 0.75
vt 0.046875 0.75
vt 0.046875 0.90625
vt 0 0.90625
vt 0 0.75
vn 1 0 0
vn -1 0 0
vn 0 1 0
vn 0 -1 0
vn 0 0 1
vn 0 0 -1
usemtl m_3d215661-f591-00a8-53e2-d8d611c756be
f 140/409/103 138/410/103 137/411/103 139/412/103
f 143/413/104 141/414/104 142/415/104 144/416/104
f 137/417/105 138/418/105 142/419/105 141/420/105
f 140/421/106 139/422/106 143/423/106 144/424/106
f 139/425/107 137/426/107 141/427/107 143/428/107
f 144/429/108 142/430/108 138/431/108 140/432/108
o cube
v 0.06875 5.8125 0.0625
v 0.06875 5.8125 -0.125
v 0.06875 5.75 0.0625
v 0.06875 5.75 -0.125
v -0.05625 5.8125 0.0625
v -0.05625 5.8125 -0.125
v -0.05625 5.75 0.0625
v -0.05625 5.75 -0.125
vt 0.171875 0.9375
vt 0.171875 0.953125
vt 0.109375 0.953125
vt 0.109375 0.9375
vt 0.171875 0.9375
vt 0.171875 0.953125
vt 0.109375 0.953125
vt 0.109375 0.9375
vt 0.028125 0.9375
vt 0.028125 1
vt 0 1
vt 0 0.9375
vt 0.028125 0.9375
vt 0.028125 1
vt 0 1
vt 0 0.9375
vt 0.028125 0.984375
vt 0.028125 1
vt 0 1
vt 0 0.984375
vt 0.028125 0.984375
vt 0.028125 1
vt 0 1
vt 0 0.984375
vn 1 0 0
vn -1 0 0
vn 0 1 0
vn 0 -1 0
vn 0 0 1
vn 0 0 -1
usemtl m_3d215661-f591-00a8-53e2-d8d611c756be
f 148/433/109 146/434/109 145/435/109 147/436/109
f 151/437/110 149/438/110 150/439/110 152/440/110
f 145/441/111 146/442/111 150/443/111 149/444/111
f 148/445/112 147/446/112 151/447/112 152/448/112
f 147/449/113 145/450/113 149/451/113 151/452/113
f 152/453/114 150/454/114 146/455/114 148/456/114
o cube
v 0.06875 5.3125 0.0625
v 0.06875 5.3125 -0.125
v 0.06875 5.25 0.0625
v 0.06875 5.25 -0.125
v -0.05625 5.3125 0.0625
v -0.05625 5.3125 -0.125
v -0.05625 5.25 0.0625
v -0.05625 5.25 -0.125
vt 0.171875 0.9375
vt 0.171875 0.953125
vt 0.109375 0.953125
vt 0.109375 0.9375
vt 0.171875 0.9375
vt 0.171875 0.953125
vt 0.109375 0.953125
vt 0.109375 0.9375
vt 0.028125 0.9375
vt 0.028125 1
vt 0 1
vt 0 0.9375
vt 0.028125 0.9375
vt 0.028125 1
vt 0 1
vt 0 0.9375
vt 0.028125 0.984375
vt 0.028125 1
vt 0 1
vt 0 0.984375
vt 0.028125 0.984375
vt 0.028125 1
vt 0 1
vt 0 0.984375
vn 1 0 0
vn -1 0 0
vn 0 1 0
vn 0 -1 0
vn 0 0 1
vn 0 0 -1
usemtl m_3d215661-f591-00a8-53e2-d8d611c756be
f 156/457/115 154/458/115 153/459/115 155/460/115
f 159/461/116 157/462/116 158/463/116 160/464/116
f 153/465/117 154/466/117 158/467/117 157/468/117
f 156/469/118 155/470/118 159/471/118 160/472/118
f 155/473/119 153/474/119 157/475/119 159/476/119
f 160/477/120 158/478/120 154/479/120 156/480/120
o cube
v 0.375 0.25 0.375
v 0.375 0.25 -0.375
v 0.375 -0.1875 0.375
v 0.375 -0.1875 -0.375
v -0.375 0.25 0.375
v -0.375 0.25 -0.375
v -0.375 -0.1875 0.375
v -0.375 -0.1875 -0.375
vt 0.1875 0.578125
vt 0.1875 0.6875
vt 0 0.6875
vt 0 0.578125
vt 0.1875 0.578125
vt 0.1875 0.6875
vt 0 0.6875
vt 0 0.578125
vt 0.1875 0.5
vt 0.1875 0.6875
vt 0 0.6875
vt 0 0.5
vt 0.1875 0.5
vt 0.1875 0.6875
vt 0 0.6875
vt 0 0.5
vt 0.1875 0.578125
vt 0.1875 0.6875
vt 0 0.6875
vt 0 0.578125
vt 0.1875 0.578125
vt 0.1875 0.6875
vt 0 0.6875
vt 0 0.578125
vn 1 0 0
vn -1 0 0
vn 0 1 0
vn 0 -1 0
vn 0 0 1
vn 0 0 -1
usemtl m_3d215661-f591-00a8-53e2-d8d611c756be
f 164/481/121 162/482/121 161/483/121 163/484/121
f 167/485/122 165/486/122 166/487/122 168/488/122
f 161/489/123 162/490/123 166/491/123 165/492/123
f 164/493/124 163/494/124 167/495/124 168/496/124
f 163/497/125 161/498/125 165/499/125 167/500/125
f 168/501/126 166/502/126 162/503/126 164/504/126
o cube
v 0.3125 0.3125 0.3125
v 0.3125 0.3125 -0.3125
v 0.3125 0.25 0.3125
v 0.3125 0.25 -0.3125
v -0.3125 0.3125 0.3125
v -0.3125 0.3125 -0.3125
v -0.3125 0.25 0.3125
v -0.3125 0.25 -0.3125
vt 0.15625 0.984375
vt 0.15625 1
vt 0 1
vt 0 0.984375
vt 0.15625 0.984375
vt 0.15625 1
vt 0 1
vt 0 0.984375
vt 0.15625 0.84375
vt 0.15625 1
vt 0 1
vt 0 0.84375
vt 0.15625 0.84375
vt 0.15625 1
vt 0 1
vt 0 0.84375
vt 0.15625 0.984375
vt 0.15625 1
vt 0 1
vt 0 0.984375
vt 0.15625 0.984375
vt 0.15625 1
vt 0 1
vt 0 0.984375
vn 1 0 0
vn -1 0 0
vn 0 1 0
vn 0 -1 0
vn 0 0 1
vn 0 0 -1
usemtl m_3d215661-f591-00a8-53e2-d8d611c756be
f 172/505/127 170/506/127 169/507/127 171/508/127
f 175/509/128 173/510/128 174/511/128 176/512/128
f 169/513/129 170/514/129 174/515/129 173/516/129
f 172/517/130 171/518/130 175/519/130 176/520/130
f 171/521/131 169/522/131 173/523/131 175/524/131
f 176/525/132 174/526/132 170/527/132 172/528/132
o cube
v 0.08173650111207942 1.1151901117674297 -0.128125
v 0.08173650111207942 1.1151901117674297 -0.246875
v 0.34055554621460016 0.14926428547836132 -0.128125
v 0.34055554621460016 0.14926428547836132 -0.246875
v -0.09937459131712084 1.0666615408107067 -0.128125
v -0.09937459131712084 1.0666615408107067 -0.246875
v 0.15944445378539984 0.10073571452163868 -0.128125
v 0.15944445378539984 0.10073571452163868 -0.246875
vt 0.0296875 0.75
vt 0.0296875 1
vt 0 1
vt 0 0.75
vt 0.0296875 0.75
vt 0.0296875 1
vt 0 1
vt 0 0.75
vt 0.046875 0.9703125
vt 0.046875 1
vt 0 1
vt 0 0.9703125
vt 0.046875 0.9703125
vt 0.046875 1
vt 0 1
vt 0 0.9703125
vt 0.046875 0.75
vt 0.046875 1
vt 0 1
vt 0 0.75
vt 0.046875 0.75
vt 0.046875 1
vt 0 1
vt 0 0.75
vn 0.9659258262890683 0.2588190451025208 0
vn -0.9659258262890683 -0.25881904510252074 0
vn -0.2588190451025211 0.9659258262890683 0
vn 0.2588190451025208 -0.9659258262890683 0
vn 0 0 1
vn 0 0 -1
usemtl m_3d215661-f591-00a8-53e2-d8d611c756be
f 180/529/133 178/530/133 177/531/133 179/532/133
f 183/533/134 181/534/134 182/535/134 184/536/134
f 177/537/135 178/538/135 182/539/135 181/540/135
f 180/541/136 179/542/136 183/543/136 184/544/136
f 179/545/137 177/546/137 181/547/137 183/548/137
f 184/549/138 182/550/138 178/551/138 180/552/138
o cube
v 0.09937459131712084 1.0666615408107067 -0.13125
v 0.09937459131712084 1.0666615408107067 -0.24375
v -0.15944445378539984 0.10073571452163868 -0.13125
v -0.15944445378539984 0.10073571452163868 -0.24375
v -0.08173650111207942 1.1151901117674297 -0.13125
v -0.08173650111207942 1.1151901117674297 -0.24375
v -0.34055554621460016 0.14926428547836132 -0.13125
v -0.34055554621460016 0.14926428547836132 -0.24375
vt 0.028125 0.75
vt 0.028125 1
vt 0 1
vt 0 0.75
vt 0.028125 0.75
vt 0.028125 1
vt 0 1
vt 0 0.75
vt 0.046875 0.971875
vt 0.046875 1
vt 0 1
vt 0 0.971875
vt 0.046875 0.971875
vt 0.046875 1
vt 0 1
vt 0 0.971875
vt 0.046875 0.75
vt 0.046875 1
vt 0 1
vt 0 0.75
vt 0.046875 0.75
vt 0.046875 1
vt 0 1
vt 0 0.75
vn 0.9659258262890683 -0.2588190451025207 0
vn -0.9659258262890683 0.25881904510252074 0
vn 0.2588190451025211 0.9659258262890683 0
vn -0.2588190451025207 -0.9659258262890683 0
vn 0 0 1
vn 0 0 -1
usemtl m_3d215661-f591-00a8-53e2-d8d611c756be
f 188/553/139 186/554/139 185/555/139 187/556/139
f 191/557/140 189/558/140 190/559/140 192/560/140
f 185/561/141 186/562/141 190/563/141 189/564/141
f 188/565/142 187/566/142 191/567/142 192/568/142
f 187/569/143 185/570/143 189/571/143 191/572/143
f 192/573/144 190/574/144 186/575/144 188/576/144
o cube
v 0.08173650111207942 1.1151901117674297 0.184375
v 0.08173650111207942 1.1151901117674297 0.06562499999999999
v 0.34055554621460016 0.14926428547836132 0.184375
v 0.34055554621460016 0.14926428547836132 0.06562499999999999
v -0.09937459131712084 1.0666615408107067 0.184375
v -0.09937459131712084 1.0666615408107067 0.06562499999999999
v 0.15944445378539984 0.10073571452163868 0.184375
v 0.15944445378539984 0.10073571452163868 0.06562499999999999
vt 0.0296875 0.75
vt 0.0296875 1
vt 0 1
vt 0 0.75
vt 0.0296875 0.75
vt 0.0296875 1
vt 0 1
vt 0 0.75
vt 0.046875 0.9703125
vt 0.046875 1
vt 0 1
vt 0 0.9703125
vt 0.046875 0.9703125
vt 0.046875 1
vt 0 1
vt 0 0.9703125
vt 0.046875 0.75
vt 0.046875 1
vt 0 1
vt 0 0.75
vt 0.046875 0.75
vt 0.046875 1
vt 0 1
vt 0 0.75
vn 0.9659258262890683 0.2588190451025208 0
vn -0.9659258262890683 -0.25881904510252074 0
vn -0.2588190451025211 0.9659258262890683 0
vn 0.2588190451025208 -0.9659258262890683 0
vn 0 0 1
vn 0 0 -1
usemtl m_3d215661-f591-00a8-53e2-d8d611c756be
f 196/577/145 194/578/145 193/579/145 195/580/145
f 199/581/146 197/582/146 198/583/146 200/584/146
f 193/585/147 194/586/147 198/587/147 197/588/147
f 196/589/148 195/590/148 199/591/148 200/592/148
f 195/593/149 193/594/149 197/595/149 199/596/149
f 200/597/150 198/598/150 194/599/150 196/600/150
o cube
v 0.09937459131712084 1.0666615408107067 0.18125
v 0.09937459131712084 1.0666615408107067 0.06875
v -0.15944445378539984 0.10073571452163868 0.18125
v -0.15944445378539984 0.10073571452163868 0.06875
v -0.08173650111207942 1.1151901117674297 0.18125
v -0.08173650111207942 1.1151901117674297 0.06875
v -0.34055554621460016 0.14926428547836132 0.18125
v -0.34055554621460016 0.14926428547836132 0.06875
vt 0.028125 0.75
vt 0.028125 1
vt 0 1
vt 0 0.75
vt 0.028125 0.75
vt 0.028125 1
vt 0 1
vt 0 0.75
vt 0.046875 0.971875
vt 0.046875 1
vt 0 1
vt 0 0.971875
vt 0.046875 0.971875
vt 0.046875 1
vt 0 1
vt 0 0.971875
vt 0.046875 0.75
vt 0.046875 1
vt 0 1
vt 0 0.75
vt 0.046875 0.75
vt 0.046875 1
vt 0 1
vt 0 0.75
vn 0.9659258262890683 -0.2588190451025207 0
vn -0.9659258262890683 0.25881904510252074 0
vn 0.2588190451025211 0.9659258262890683 0
vn -0.2588190451025207 -0.9659258262890683 0
vn 0 0 1
vn 0 0 -1
usemtl m_3d215661-f591-00a8-53e2-d8d611c756be
f 204/601/151 202/602/151 201/603/151 203/604/151
f 207/605/152 205/606/152 206/607/152 208/608/152
f 201/609/153 202/610/153 206/611/153 205/612/153
f 204/613/154 203/614/154 207/615/154 208/616/154
f 203/617/155 201/618/155 205/619/155 207/620/155
f 208/621/156 206/622/156 202/623/156 204/624/156
o cube
v 0.3125 1.375 0.4375
v 0.3125 1.375 0
v 0.3125 0.5 0.4375
v 0.3125 0.5 0
v -0.3125 1.375 0.4375
v -0.3125 1.375 0
v -0.3125 0.5 0.4375
v -0.3125 0.5 0
vt 0.515625 0.84375
vt 0.515625 1
vt 0.4375 1
vt 0.4375 0.84375
vt 0.515625 0.84375
vt 0.515625 1
vt 0.4375 1
vt 0.4375 0.84375
vt 0.390625 0.75
vt 0.390625 0.828125
vt 0.265625 0.828125
vt 0.265625 0.75
vt 0.390625 0.75
vt 0.390625 0.828125
vt 0.265625 0.828125
vt 0.265625 0.75
vt 0.390625 0.84375
vt 0.390625 1
vt 0.265625 1
vt 0.265625 0.84375
vt 0.390625 0.84375
vt 0.390625 1
vt 0.265625 1
vt 0.265625 0.84375
vn 1 0 0
vn -1 0 0
vn 0 1 0
vn 0 -1 0
vn 0 0 1
vn 0 0 -1
usemtl m_3d215661-f591-00a8-53e2-d8d611c756be
f 212/625/157 210/626/157 209/627/157 211/628/157
f 215/629/158 213/630/158 214/631/158 216/632/158
f 209/633/159 210/634/159 214/635/159 213/636/159
f 212/637/160 211/638/160 215/639/160 216/640/160
f 211/641/161 209/642/161 213/643/161 215/644/161
f 216/645/162 214/646/162 210/647/162 212/648/162
o cube
v 0.09375 3 -0.25
v 0.09375 3 -0.3125
v 0.09375 1.1875 -0.25
v 0.09375 1.1875 -0.3125
v -0.09375 3 -0.25
v -0.09375 3 -0.3125
v -0.09375 1.1875 -0.25
v -0.09375 1.1875 -0.3125
vt 0.84375 0.484375
vt 0.84375 0.734375
vt 0.828125 0.734375
vt 0.828125 0.484375
vt 0.84375 0.484375
vt 0.84375 0.734375
vt 0.828125 0.734375
vt 0.828125 0.484375
vt 0.828125 0.734375
vt 0.828125 0.75
vt 0.765625 0.75
vt 0.765625 0.734375
vt 0.828125 0.734375
vt 0.828125 0.75
vt 0.765625 0.75
vt 0.765625 0.734375
vt 0.25 0.75
vt 0.25 1
vt 0.1875 1
vt 0.1875 0.75
vt 0.96875 0.484375
vt 0.96875 0.65625
vt 0.9375 0.65625
vt 0.9375 0.484375
vn 1 0 0
vn -1 0 0
vn 0 1 0
vn 0 -1 0
vn 0 0 1
vn 0 0 -1
usemtl m_3d215661-f591-00a8-53e2-d8d611c756be
f 220/649/163 218/650/163 217/651/163 219/652/163
f 223/653/164 221/654/164 222/655/164 224/656/164
f 217/657/165 218/658/165 222/659/165 221/660/165
f 220/661/166 219/662/166 223/663/166 224/664/166
f 219/665/167 217/666/167 221/667/167 223/668/167
f 224/669/168 222/670/168 218/671/168 220/672/168
o cube
v 0.109375 3.890625 -0.25
v 0.109375 3.890625 -0.28125
v 0.109375 3.640625 -0.25
v 0.109375 3.640625 -0.28125
v -0.109375 3.890625 -0.25
v -0.109375 3.890625 -0.28125
v -0.109375 3.640625 -0.25
v -0.109375 3.640625 -0.28125
vt 0.7734375 0.921875
vt 0.7734375 0.984375
vt 0.765625 0.984375
vt 0.765625 0.921875
vt 0.71875 0.921875
vt 0.71875 0.984375
vt 0.7265625 0.984375
vt 0.7265625 0.921875
vt 0.77734375 0.984375
vt 0.77734375 0.9921875
vt 0.72265625 0.9921875
vt 0.72265625 0.984375
vt 0.77734375 0.8984375
vt 0.77734375 0.90625
vt 0.72265625 0.90625
vt 0.72265625 0.8984375
vt 0.77734375 0.84375
vt 0.77734375 0.90625
vt 0.72265625 0.90625
vt 0.72265625 0.84375
vt 0.77734375 0.921875
vt 0.77734375 0.984375
vt 0.72265625 0.984375
vt 0.72265625 0.921875
vn 1 0 0
vn -1 0 0
vn 0 1 0
vn 0 -1 0
vn 0 0 1
vn 0 0 -1
usemtl m_3d215661-f591-00a8-53e2-d8d611c756be
f 228/673/169 226/674/169 225/675/169 227/676/169
f 231/677/170 229/678/170 230/679/170 232/680/170
f 225/681/171 226/682/171 230/683/171 229/684/171
f 228/685/172 227/686/172 231/687/172 232/688/172
f 227/689/173 225/690/173 229/691/173 231/692/173
f 232/693/174 230/694/174 226/695/174 228/696/174
o cube
v -0.1875 6.75 0.5
v -0.25 6.75 -0.234375
v -0.1875 6.6875 0.5
v -0.25 6.6875 -0.234375
v -0.25 6.75 0.5
v -0.3125 6.75 -0.234375
v -0.25 6.6875 0.5
v -0.3125 6.6875 -0.234375
vt 1 0
vt 1 0.0625
vt 0.375 0.0625
vt 0.375 0
vt 1 0
vt 1 0.0625
vt 0.375 0.0625
vt 0.375 0
vt 1 0
vt 1 0.625
vt 0.9375 0.625
vt 0.9375 0
vt 1 0
vt 1 0.625
vt 0.9375 0.625
vt 0.9375 0
vt 1 0
vt 1 0.0625
vt 0.9375 0.0625
vt 0.9375 0
vt 1 0
vt 1 0.0625
vt 0.9375 0.0625
vt 0.9375 0
vn 0.9963980072059786 0 -0.08479983040050881
vn -0.9963980072059786 0 0.08479983040050881
vn 0 1 0
vn 0 -1 0
vn 0 0 1
vn 0 0 -1
usemtl m_de520ccc-0234-6a6c-1047-8b7438fb9ffd
f 236/697/175 234/698/175 233/699/175 235/700/175
f 239/701/176 237/702/176 238/703/176 240/704/176
f 233/705/177 234/706/177 238/707/177 237/708/177
f 236/709/178 235/710/178 239/711/178 240/712/178
f 235/713/179 233/714/179 237/715/179 239/716/179
f 240/717/180 238/718/180 234/719/180 236/720/180
o cube
v 0.25 6.75 0.5
v 0.3125 6.75 -0.234375
v 0.25 6.6875 0.5
v 0.3125 6.6875 -0.234375
v 0.1875 6.75 0.5
v 0.25 6.75 -0.234375
v 0.1875 6.6875 0.5
v 0.25 6.6875 -0.234375
vt 1 0
vt 1 0.0625
vt 0.375 0.0625
vt 0.375 0
vt 1 0
vt 1 0.0625
vt 0.375 0.0625
vt 0.375 0
vt 1 0
vt 1 0.625
vt 0.9375 0.625
vt 0.9375 0
vt 1 0
vt 1 0.625
vt 0.9375 0.625
vt 0.9375 0
vt 1 0
vt 1 0.0625
vt 0.9375 0.0625
vt 0.9375 0
vt 1 0
vt 1 0.0625
vt 0.9375 0.0625
vt 0.9375 0
vn 0.9963980072059786 0 0.08479983040050881
vn -0.9963980072059786 0 -0.08479983040050881
vn 0 1 0
vn 0 -1 0
vn 0 0 1
vn 0 0 -1
usemtl m_de520ccc-0234-6a6c-1047-8b7438fb9ffd
f 244/721/181 242/722/181 241/723/181 243/724/181
f 247/725/182 245/726/182 246/727/182 248/728/182
f 241/729/183 242/730/183 246/731/183 245/732/183
f 244/733/184 243/734/184 247/735/184 248/736/184
f 243/737/185 241/738/185 245/739/185 247/740/185
f 248/741/186 246/742/186 242/743/186 244/744/186
o cube
v 0.25 6.75 0.5
v 0.25 6.75 0.4375
v 0.25 6.6875 0.5
v 0.25 6.6875 0.4375
v -0.25 6.75 0.5
v -0.25 6.75 0.4375
v -0.25 6.6875 0.5
v -0.25 6.6875 0.4375
vt 1 0
vt 1 0.0625
vt 0.9375 0.0625
vt 0.9375 0
vt 1 0
vt 1 0.0625
vt 0.9375 0.0625
vt 0.9375 0
vt 1 0
vt 1 0.0625
vt 0.375 0.0625
vt 0.375 0
vt 1 0
vt 1 0.0625
vt 0.375 0.0625
vt 0.375 0
vt 1 0
vt 1 0.0625
vt 0.375 0.0625
vt 0.375 0
vt 1 0
vt 1 0.0625
vt 0.375 0.0625
vt 0.375 0
vn 1 0 0
vn -1 0 0
vn 0 1 0
vn 0 -1 0
vn 0 0 1
vn 0 0 -1
usemtl m_de520ccc-0234-6a6c-1047-8b7438fb9ffd
f 252/745/187 250/746/187 249/747/187 251/748/187
f 255/749/188 253/750/188 254/751/188 256/752/188
f 249/753/189 250/754/189 254/755/189 253/756/189
f 252/757/190 251/758/190 255/759/190 256/760/190
f 251/761/191 249/762/191 253/763/191 255/764/191
f 256/765/192 254/766/192 250/767/192 252/768/192
o cube
v 0.25 5.875 0.5
v 0.25 5.875 -0.375
v 0.25 5.8125 0.5
v 0.25 5.8125 -0.375
v -0.25 5.875 0.5
v -0.25 5.875 -0.375
v -0.25 5.8125 0.5
v -0.25 5.8125 -0.375
vt 1 0.9375
vt 1 1
vt 0.125 1
vt 0.125 0.9375
vt 0.875 0.9375
vt 0.875 1
vt 0 1
vt 0 0.9375
vt 0.5 0.125
vt 0.5 1
vt 0 1
vt 0 0.125
vt 0.5 0
vt 0.5 0.875
vt 0 0.875
vt 0 0
vt 0.5 0.9375
vt 0.5 1
vt 0 1
vt 0 0.9375
vt 0.5 0.9375
vt 0.5 1
vt 0 1
vt 0 0.9375
vn 1 0 0
vn -1 0 0
vn 0 1 0
vn 0 -1 0
vn 0 0 1
vn 0 0 -1
usemtl m_de520ccc-0234-6a6c-1047-8b7438fb9ffd
f 260/769/193 258/770/193 257/771/193 259/772/193
f 263/773/194 261/774/194 262/775/194 264/776/194
f 257/777/195 258/778/195 262/779/195 261/780/195
f 260/781/196 259/782/196 263/783/196 264/784/196
f 259/785/197 257/786/197 261/787/197 263/788/197
f 264/789/198 262/790/198 258/791/198 260/792/198
o cube
v 0.071875 5.828125 0.296875
v 0.071875 5.828125 0.1875
v 0.071875 5.765625 0.296875
v 0.071875 5.765625 0.1875
v -0.071875 5.828125 0.296875
v -0.071875 5.828125 0.1875
v -0.071875 5.765625 0.296875
v -0.071875 5.765625 0.1875
vt 0.453125 0.9375
vt 0.453125 1
vt 0.34375 1
vt 0.34375 0.9375
vt 0.109375 0.9375
vt 0.109375 1
vt 0 1
vt 0 0.9375
vt 0.15 0.890625
vt 0.15 1
vt 0.00625 1
vt 0.00625 0.890625
vt 0.15 0.546875
vt 0.15 0.65625
vt 0.00625 0.65625
vt 0.00625 0.546875
vt 0.15 0.9375
vt 0.15 1
vt 0.00625 1
vt 0.00625 0.9375
vt 0.15 0.9375
vt 0.15 1
vt 0.00625 1
vt 0.00625 0.9375
vn 1 0 0
vn -1 0 0
vn 0 1 0
vn 0 -1 0
vn 0 0 1
vn 0 0 -1
usemtl m_de520ccc-0234-6a6c-1047-8b7438fb9ffd
f 268/793/199 266/794/199 265/795/199 267/796/199
f 271/797/200 269/798/200 270/799/200 272/800/200
f 265/801/201 266/802/201 270/803/201 269/804/201
f 268/805/202 267/806/202 271/807/202 272/808/202
f 267/809/203 265/810/203 269/811/203 271/812/203
f 272/813/204 270/814/204 266/815/204 268/816/204
o cube
v 0.07812499999999999 5.867343927173422 0.4622929423709574
v 0.07812499999999999 5.795523364417271 0.174236398632771
v 0.07812499999999999 5.806700444281172 0.4774130608459366
v 0.07812499999999999 5.73487988152502 0.18935651710775023
v -0.07812499999999999 5.867343927173422 0.4622929423709574
v -0.07812499999999999 5.795523364417271 0.174236398632771
v -0.07812499999999999 5.806700444281172 0.4774130608459366
v -0.07812499999999999 5.73487988152502 0.18935651710775023
vt 0.453125 0.9375
vt 0.453125 1
vt 0.15625 1
vt 0.15625 0.9375
vt 0.296875 0.9375
vt 0.296875 1
vt 0 1
vt 0 0.9375
vt 0.15625 0.703125
vt 0.15625 1
vt 0 1
vt 0 0.703125
vt 0.15625 0.546875
vt 0.15625 0.84375
vt 0 0.84375
vt 0 0.546875
vt 0.15625 0.9375
vt 0.15625 1
vt 0 1
vt 0 0.9375
vt 0.15625 0.9375
vt 0.15625 1
vt 0 1
vt 0 0.9375
vn 1 0 0
vn -1 0 0
vn 0 0.9702957262759966 -0.24192189559966773
vn 0 -0.9702957262759966 0.24192189559966776
vn 0 0.24192189559966745 0.9702957262759967
vn 0 -0.24192189559966773 -0.9702957262759965
usemtl m_de520ccc-0234-6a6c-1047-8b7438fb9ffd
f 276/817/205 274/818/205 273/819/205 275/820/205
f 279/821/206 277/822/206 278/823/206 280/824/206
f 273/825/207 274/826/207 278/827/207 277/828/207
f 276/829/208 275/830/208 279/831/208 280/832/208
f 275/833/209 273/834/209 277/835/209 279/836/209
f 280/837/210 278/838/210 274/839/210 276/840/210
o cube
v 0.25 6.6875 0.5
v 0.25 6.6875 0.4375
v 0.25 5.875 0.5
v 0.25 5.875 0.4375
v 0.1875 6.6875 0.5
v 0.1875 6.6875 0.4375
v 0.1875 5.875 0.5
v 0.1875 5.875 0.4375
vt 0.0625 0.0625
vt 0.0625 0.875
vt 0 0.875
vt 0 0.0625
vt 0.125 0.0625
vt 0.125 0.875
vt 0.0625 0.875
vt 0.0625 0.0625
vt 0.125 0.875
vt 0.125 0.9375
vt 0.0625 0.9375
vt 0.0625 0.875
vt 0.125 0.9375
vt 0.125 1
vt 0.0625 1
vt 0.0625 0.9375
vt 0.125 0.0625
vt 0.125 0.875
vt 0.0625 0.875
vt 0.0625 0.0625
vt 0.0625 0.0625
vt 0.0625 0.875
vt 0 0.875
vt 0 0.0625
vn 1 0 0
vn -1 0 0
vn 0 1 0
vn 0 -1 0
vn 0 0 1
vn 0 0 -1
usemtl m_de520ccc-0234-6a6c-1047-8b7438fb9ffd
f 284/841/211 282/842/211 281/843/211 283/844/211
f 287/845/212 285/846/212 286/847/212 288/848/212
f 281/849/213 282/850/213 286/851/213 285/852/213
f 284/853/214 283/854/214 287/855/214 288/856/214
f 283/857/215 281/858/215 285/859/215 287/860/215
f 288/861/216 286/862/216 282/863/216 284/864/216
o cube
v -0.1875 6.6875 0.5
v -0.1875 6.6875 0.4375
v -0.1875 5.875 0.5
v -0.1875 5.875 0.4375
v -0.25 6.6875 0.5
v -0.25 6.6875 0.4375
v -0.25 5.875 0.5
v -0.25 5.875 0.4375
vt 0.0625 0.0625
vt 0.0625 0.875
vt 0 0.875
vt 0 0.0625
vt 0.125 0.0625
vt 0.125 0.875
vt 0.0625 0.875
vt 0.0625 0.0625
vt 0.125 0.875
vt 0.125 0.9375
vt 0.0625 0.9375
vt 0.0625 0.875
vt 0.125 0.9375
vt 0.125 1
vt 0.0625 1
vt 0.0625 0.9375
vt 0.125 0.0625
vt 0.125 0.875
vt 0.0625 0.875
vt 0.0625 0.0625
vt 0.0625 0.0625
vt 0.0625 0.875
vt 0 0.875
vt 0 0.0625
vn 1 0 0
vn -1 0 0
vn 0 1 0
vn 0 -1 0
vn 0 0 1
vn 0 0 -1
usemtl m_de520ccc-0234-6a6c-1047-8b7438fb9ffd
f 292/865/217 290/866/217 289/867/217 291/868/217
f 295/869/218 293/870/218 294/871/218 296/872/218
f 289/873/219 290/874/219 294/875/219 293/876/219
f 292/877/220 291/878/220 295/879/220 296/880/220
f 291/881/221 289/882/221 293/883/221 295/884/221
f 296/885/222 294/886/222 290/887/222 292/888/222
o circle
v 0 5.578125 -0.65625
v 0.01465375 5.5234375 -0.65625
v 0.04003375 5.53809125 -0.65625
v 0.0546875 5.56347125 -0.65625
v 0.0546875 5.59277875 -0.65625
v 0.04003375 5.61815875 -0.65625
v 0.01465375 5.6328125 -0.65625
v -0.01465375 5.6328125 -0.65625
v -0.04003375 5.61815875 -0.65625
v -0.0546875 5.59277875 -0.65625
v -0.0546875 5.56347125 -0.65625
v -0.04003375 5.53809125 -0.65625
v -0.01465375 5.5234375 -0.65625
vt 0.21078125 0.79703125
vt 0.2421875 0.85140625
vt 0.125 0.8828125
vt 0.2421875 0.85140625
vt 0.2421875 0.91421875
vt 0.125 0.8828125
vt 0.2421875 0.91421875
vt 0.21078125 0.96859375
vt 0.125 0.8828125
vt 0.21078125 0.96859375
vt 0.15640625 1
vt 0.125 0.8828125
vt 0.15640625 1
vt 0.09359375 1
vt 0.125 0.8828125
vt 0.09359375 1
vt 0.03921875 0.96859375
vt 0.125 0.8828125
vt 0.03921875 0.96859375
vt 0.0078125 0.91421875
vt 0.125 0.8828125
vt 0.0078125 0.91421875
vt 0.0078125 0.85140625
vt 0.125 0.8828125
vt 0.0078125 0.85140625
vt 0.03921875 0.79703125
vt 0.125 0.8828125
vt 0.03921875 0.79703125
vt 0.09359375 0.765625
vt 0.125 0.8828125
vt 0.09359375 0.765625
vt 0.15640625 0.765625
vt 0.125 0.8828125
vt 0.15640625 0.765625
vt 0.21078125 0.79703125
vt 0.125 0.8828125
vn -1.5538844576200671e-18 1.717722192400657e-16 1
vn 0 1.7757128475408756e-16 1
vn 1.5538844576200748e-18 1.7177221924006573e-16 1
vn -2.3219647419830827e-17 1.9654575111751661e-16 1
vn 0 1.9032394707859828e-16 1
vn 2.3219647419830827e-17 1.9654575111751661e-16 1
vn -1.5538844576200671e-18 1.717722192400657e-16 1
vn 0 1.7757128475408756e-16 1
vn 1.5538844576200748e-18 1.7177221924006573e-16 1
vn -2.3219647419830827e-17 1.9654575111751661e-16 1
vn 0 1.9032394707859828e-16 1
vn 2.3219647419830827e-17 1.9654575111751661e-16 1
usemtl m_ac3999ef-95b5-0d58-6ef6-8589e28d3a01
f 299/889/223 300/890/223 297/891/223
f 300/892/224 301/893/224 297/894/224
f 301/895/225 302/896/225 297/897/225
f 302/898/226 303/899/226 297/900/226
f 303/901/227 304/902/227 297/903/227
f 304/904/228 305/905/228 297/906/228
f 305/907/229 306/908/229 297/909/229
f 306/910/230 307/911/230 297/912/230
f 307/913/231 308/914/231 297/915/231
f 308/916/232 309/917/232 297/918/232
f 309/919/233 298/920/233 297/921/233
f 298/922/234 299/923/234 297/924/234
o tube
v 0.016746875 5.515625 -0.671875
v 0.016746875 5.515625 -0.609375
v 0.008964375 5.54467 -0.671875
v 0.008964375 5.54467 -0.609375
v 0.04575312499999999 5.532371875 -0.671875
v 0.04575312499999999 5.532371875 -0.609375
v 0.024490624999999995 5.553634375 -0.671875
v 0.024490624999999995 5.553634375 -0.609375
v 0.0625 5.561378125 -0.671875
v 0.0625 5.561378125 -0.609375
v 0.033455 5.569160625 -0.671875
v 0.033455 5.569160625 -0.609375
v 0.0625 5.594871875 -0.671875
v 0.0625 5.594871875 -0.609375
v 0.033455 5.587089375 -0.671875
v 0.033455 5.587089375 -0.609375
v 0.04575312499999999 5.623878125 -0.671875
v 0.04575312499999999 5.623878125 -0.609375
v 0.024490624999999995 5.602615625 -0.671875
v 0.024490624999999995 5.602615625 -0.609375
v 0.016746875 5.640625 -0.671875
v 0.016746875 5.640625 -0.609375
v 0.008964375 5.61158 -0.671875
v 0.008964375 5.61158 -0.609375
v -0.016746875 5.640625 -0.671875
v -0.016746875 5.640625 -0.609375
v -0.008964375 5.61158 -0.671875
v -0.008964375 5.61158 -0.609375
v -0.04575312499999999 5.623878125 -0.671875
v -0.04575312499999999 5.623878125 -0.609375
v -0.024490624999999995 5.602615625 -0.671875
v -0.024490624999999995 5.602615625 -0.609375
v -0.0625 5.594871875 -0.671875
v -0.0625 5.594871875 -0.609375
v -0.033455 5.587089375 -0.671875
v -0.033455 5.587089375 -0.609375
v -0.0625 5.561378125 -0.671875
v -0.0625 5.561378125 -0.609375
v -0.033455 5.569160625 -0.671875
v -0.033455 5.569160625 -0.609375
v -0.04575312499999999 5.532371875 -0.671875
v -0.04575312499999999 5.532371875 -0.609375
v -0.024490624999999995 5.553634375 -0.671875
v -0.024490624999999995 5.553634375 -0.609375
v -0.016746875 5.515625 -0.671875
v -0.016746875 5.515625 -0.609375
v -0.008964375 5.54467 -0.671875
v -0.008964375 5.54467 -0.609375
vt 0.28125 0.28125
vt 0.289621875 0.28125
vt 0.289621875 0.296875
vt 0.28125 0.296875
vt 0.28573125 0.296875
vt 0.28125 0.296875
vt 0.28125 0.28125
vt 0.28573125 0.28125
vt 0.28125 0.29492734374999996
vt 0.28125 0.29044499999999995
vt 0.28851390625 0.28850062499999996
vt 0.2885103125 0.296875
vt 0.28125 0.28961187499999996
vt 0.289624375 0.28961187499999996
vt 0.287676875 0.296875
vt 0.28319453125 0.29687312499999996
vt 0.28125 0.28125
vt 0.289621875 0.28125
vt 0.289621875 0.296875
vt 0.28125 0.296875
vt 0.28573125 0.296875
vt 0.28125 0.296875
vt 0.28125 0.28125
vt 0.28573125 0.28125
vt 0.28125 0.294930625
vt 0.28125 0.29044828125
vt 0.2885103125 0.28850062499999996
vt 0.28851390625 0.296875
vt 0.28125 0.28961187499999996
vt 0.289624375 0.28961187499999996
vt 0.28767984375 0.29687312499999996
vt 0.2831975 0.296875
vt 0.28125 0.28125
vt 0.289621875 0.28125
vt 0.289621875 0.296875
vt 0.28125 0.296875
vt 0.28573125 0.296875
vt 0.28125 0.296875
vt 0.28125 0.28125
vt 0.28573125 0.28125
vt 0.28125 0.29492968750000004
vt 0.28125 0.29044843750000005
vt 0.2885109375 0.28850312499999997
vt 0.2885109375 0.296875
vt 0.2885109375 0.28850312499999997
vt 0.2885109375 0.296875
vt 0.28125 0.29492968750000004
vt 0.28125 0.29044843750000005
vt 0.28125 0.28125
vt 0.289621875 0.28125
vt 0.289621875 0.296875
vt 0.28125 0.296875
vt 0.28573125 0.296875
vt 0.28125 0.296875
vt 0.28125 0.28125
vt 0.28573125 0.28125
vt 0.28767671875 0.296875
vt 0.283194375 0.296875
vt 0.28125 0.28961109375000005
vt 0.289624375 0.28961468749999997
vt 0.288513125 0.28850062499999996
vt 0.288513125 0.296875
vt 0.28125 0.2949275
vt 0.281251875 0.29044515625
vt 0.28125 0.28125
vt 0.289621875 0.28125
vt 0.289621875 0.296875
vt 0.28125 0.296875
vt 0.28573125 0.296875
vt 0.28125 0.296875
vt 0.28125 0.28125
vt 0.28573125 0.28125
vt 0.28768 0.296875
vt 0.28319765625 0.296875
vt 0.28125 0.28961468749999997
vt 0.289624375 0.28961109375000005
vt 0.288513125 0.28850062499999996
vt 0.288513125 0.296875
vt 0.281251875 0.29493046874999995
vt 0.28125 0.29044812499999995
vt 0.28125 0.28125
vt 0.289621875 0.28125
vt 0.289621875 0.296875
vt 0.28125 0.296875
vt 0.28573125 0.296875
vt 0.28125 0.296875
vt 0.28125 0.28125
vt 0.28573125 0.28125
vt 0.2876765625 0.296875
vt 0.2831953125 0.296875
vt 0.28125 0.2896140625
vt 0.289621875 0.2896140625
vt 0.289621875 0.296875
vt 0.28125 0.296875
vt 0.2831953125 0.2896140625
vt 0.2876765625 0.2896140625
vt 0.28125 0.28125
vt 0.289621875 0.28125
vt 0.289621875 0.296875
vt 0.28125 0.296875
vt 0.28573125 0.296875
vt 0.28125 0.296875
vt 0.28125 0.28125
vt 0.28573125 0.28125
vt 0.28851390625 0.29044828125
vt 0.28851390625 0.294930625
vt 0.28125 0.296875
vt 0.28125359375 0.28850062499999996
vt 0.289624375 0.296875
vt 0.28125 0.296875
vt 0.2831975 0.28961187499999996
vt 0.28767984375 0.28961390625000005
vt 0.28125 0.28125
vt 0.289621875 0.28125
vt 0.289621875 0.296875
vt 0.28125 0.296875
vt 0.28573125 0.296875
vt 0.28125 0.296875
vt 0.28125 0.28125
vt 0.28573125 0.28125
vt 0.28851390625 0.29044499999999995
vt 0.28851390625 0.29492734374999996
vt 0.28125359375 0.296875
vt 0.28125 0.28850062499999996
vt 0.289624375 0.296875
vt 0.28125 0.296875
vt 0.28319453125 0.28961390625000005
vt 0.287676875 0.28961187499999996
vt 0.28125 0.28125
vt 0.289621875 0.28125
vt 0.289621875 0.296875
vt 0.28125 0.296875
vt 0.28573125 0.296875
vt 0.28125 0.296875
vt 0.28125 0.28125
vt 0.28573125 0.28125
vt 0.2885109375 0.29044843750000005
vt 0.2885109375 0.29492968750000004
vt 0.28125 0.296875
vt 0.28125 0.28850312499999997
vt 0.28125 0.296875
vt 0.28125 0.28850312499999997
vt 0.2885109375 0.29044843750000005
vt 0.2885109375 0.29492968750000004
vt 0.28125 0.28125
vt 0.289621875 0.28125
vt 0.289621875 0.296875
vt 0.28125 0.296875
vt 0.28573125 0.296875
vt 0.28125 0.296875
vt 0.28125 0.28125
vt 0.28573125 0.28125
vt 0.28319765625 0.28961109375000005
vt 0.28768 0.28961109375000005
vt 0.289624375 0.296875
vt 0.28125 0.29687140624999997
vt 0.28125 0.296875
vt 0.28125 0.28850062499999996
vt 0.288513125 0.29044812499999995
vt 0.28851109375 0.29493046874999995
vt 0.28125 0.28125
vt 0.289621875 0.28125
vt 0.289621875 0.296875
vt 0.28125 0.296875
vt 0.28573125 0.296875
vt 0.28125 0.296875
vt 0.28125 0.28125
vt 0.28573125 0.28125
vt 0.283194375 0.28961109375000005
vt 0.28767671875 0.28961109375000005
vt 0.289624375 0.29687140624999997
vt 0.28125 0.296875
vt 0.28125 0.296875
vt 0.28125 0.28850062499999996
vt 0.28851109375 0.29044515625
vt 0.288513125 0.2949275
vt 0.28125 0.28125
vt 0.289621875 0.28125
vt 0.289621875 0.296875
vt 0.28125 0.296875
vt 0.28573125 0.296875
vt 0.28125 0.296875
vt 0.28125 0.28125
vt 0.28573125 0.28125
vt 0.2831953125 0.2896140625
vt 0.2876765625 0.2896140625
vt 0.289621875 0.296875
vt 0.28125 0.296875
vt 0.28125 0.2896140625
vt 0.289621875 0.2896140625
vt 0.2876765625 0.296875
vt 0.2831953125 0.296875
vn 0.500002435262396 -0.8660239977804736 1.035854107103865e-16
vn -0.5000121476207339 0.8660183902387416 -1.4513830759276609e-16
vn 1.604216890340416e-16 -8.43364733612751e-17 -1
vn -5.422204365301528e-16 1.1046799652402514e-16 1
vn 0.8660239977804735 -0.5000024352623961 5.1792705355193244e-17
vn -0.8660183902387416 0.5000121476207342 -7.256915379638303e-17
vn -1.290902328449894e-19 -2.233823195361117e-16 -1
vn 1.1102155084697303e-16 4.1434255629300774e-16 1
vn 1 0 0
vn -1 0 0
vn -7.874271872152789e-18 -1.9351304201093854e-16 -1
vn 0 0 1
vn 0.8660239977804735 0.5000024352623961 -5.179270535519323e-17
vn -0.8660183902387416 -0.5000121476207343 7.256915379638305e-17
vn -1.3504329388762896e-17 -2.3125383300655383e-16 -1
vn -1.5165945285501764e-16 1.5165945285501761e-16 1
vn 0.500002435262396 0.8660239977804736 0
vn -0.500012147620734 -0.8660183902387416 9.67588717285107e-17
vn -2.7594078320878483e-16 -2.8441493236489847e-16 -1
vn -1.7543937166847815e-16 5.248113175356995e-16 1
vn 0 1 0
vn 0 -1 1.1102230246251565e-16
vn 0 -3.583522415514148e-16 -1
vn 0 4.7780298873521985e-16 1
vn -0.500002435262396 0.8660239977804736 -1.035854107103865e-16
vn 0.500012147620734 -0.8660183902387416 9.67588717285107e-17
vn 1.604216890340416e-16 -8.43364733612751e-17 -1
vn 3.0331890571003533e-16 3.0331890571003523e-16 1
vn -0.8660239977804737 0.5000024352623961 -1.0358541071038649e-16
vn 0.8660183902387416 -0.5000121476207343 9.675887172851072e-17
vn -1.290902328449894e-19 -2.233823195361117e-16 -1
vn 5.551077542348654e-17 2.0717127814650387e-16 1
vn -1 0 0
vn 1 0 0
vn -7.874271872152789e-18 -1.9351304201093854e-16 -1
vn 0 0 1
vn -0.8660239977804737 -0.5000024352623961 5.1792705355193244e-17
vn 0.8660183902387415 0.5000121476207341 -7.256915379638303e-17
vn -1.3504329388762896e-17 -2.3125383300655383e-16 -1
vn 1.1046799652402509e-16 5.422204365301527e-16 1
vn -0.500002435262396 -0.8660239977804736 2.8485987945356293e-16
vn 0.5000121476207339 0.8660183902387416 -1.935177434570214e-16
vn -2.7594078320878483e-16 -2.8441493236489847e-16 -1
vn 4.1434255629300784e-16 -1.1102155084697318e-16 1
vn 0 -1 3.33066907387547e-16
vn 0 1 -2.220446049250313e-16
vn 0 -3.583522415514148e-16 -1
vn 0 0 1
usemtl m_3d215661-f591-00a8-53e2-d8d611c756be
f 310/925/235 314/926/235 315/927/235 311/928/235
f 313/929/236 317/930/236 316/931/236 312/932/236
f 312/933/237 316/934/237 314/935/237 310/936/237
f 311/937/238 315/938/238 317/939/238 313/940/238
f 314/941/239 318/942/239 319/943/239 315/944/239
f 317/945/240 321/946/240 320/947/240 316/948/240
f 316/949/241 320/950/241 318/951/241 314/952/241
f 315/953/242 319/954/242 321/955/242 317/956/242
f 318/957/243 322/958/243 323/959/243 319/960/243
f 321/961/244 325/962/244 324/963/244 320/964/244
f 320/965/245 324/966/245 322/967/245 318/968/245
f 319/969/246 323/970/246 325/971/246 321/972/246
f 322/973/247 326/974/247 327/975/247 323/976/247
f 325/977/248 329/978/248 328/979/248 324/980/248
f 324/981/249 328/982/249 326/983/249 322/984/249
f 323/985/250 327/986/250 329/987/250 325/988/250
f 326/989/251 330/990/251 331/991/251 327/992/251
f 329/993/252 333/994/252 332/995/252 328/996/252
f 328/997/253 332/998/253 330/999/253 326/1000/253
f 327/1001/254 331/1002/254 333/1003/254 329/1004/254
f 330/1005/255 334/1006/255 335/1007/255 331/1008/255
f 333/1009/256 337/1010/256 336/1011/256 332/1012/256
f 332/1013/257 336/1014/257 334/1015/257 330/1016/257
f 331/1017/258 335/1018/258 337/1019/258 333/1020/258
f 334/1021/259 338/1022/259 339/1023/259 335/1024/259
f 337/1025/260 341/1026/260 340/1027/260 336/1028/260
f 336/1029/261 340/1030/261 338/1031/261 334/1032/261
f 335/1033/262 339/1034/262 341/1035/262 337/1036/262
f 338/1037/263 342/1038/263 343/1039/263 339/1040/263
f 341/1041/264 345/1042/264 344/1043/264 340/1044/264
f 340/1045/265 344/1046/265 342/1047/265 338/1048/265
f 339/1049/266 343/1050/266 345/1051/266 341/1052/266
f 342/1053/267 346/1054/267 347/1055/267 343/1056/267
f 345/1057/268 349/1058/268 348/1059/268 344/1060/268
f 344/1061/269 348/1062/269 346/1063/269 342/1064/269
f 343/1065/270 347/1066/270 349/1067/270 345/1068/270
f 346/1069/271 350/1070/271 351/1071/271 347/1072/271
f 349/1073/272 353/1074/272 352/1075/272 348/1076/272
f 348/1077/273 352/1078/273 350/1079/273 346/1080/273
f 347/1081/274 351/1082/274 353/1083/274 349/1084/274
f 350/1085/275 354/1086/275 355/1087/275 351/1088/275
f 353/1089/276 357/1090/276 356/1091/276 352/1092/276
f 352/1093/277 356/1094/277 354/1095/277 350/1096/277
f 351/1097/278 355/1098/278 357/1099/278 353/1100/278
f 354/1101/279 310/1102/279 311/1103/279 355/1104/279
f 357/1105/280 313/1106/280 312/1107/280 356/1108/280
f 356/1109/281 312/1110/281 310/1111/281 354/1112/281
f 355/1113/282 311/1114/282 313/1115/282 357/1116/282
o cube
v 0.046875 5.65625 -0.625
v 0.046875 5.65625 -0.8125
v 0.046875 5.625 -0.625
v 0.046875 5.625 -0.8125
v -0.046875 5.65625 -0.625
v -0.046875 5.65625 -0.8125
v -0.046875 5.625 -0.625
v -0.046875 5.625 -0.8125
vt 0.59375 0.46875
vt 0.59375 0.484375
vt 0.5 0.484375
vt 0.5 0.46875
vt 0.59375 0.46875
vt 0.59375 0.484375
vt 0.5 0.484375
vt 0.5 0.46875
vt 0.53125 0.4375
vt 0.53125 0.484375
vt 0.5 0.484375
vt 0.5 0.4375
vt 0.53125 0.4375
vt 0.53125 0.484375
vt 0.5 0.484375
vt 0.5 0.4375
vt 0.53125 0.46875
vt 0.53125 0.484375
vt 0.5 0.484375
vt 0.5 0.46875
vt 0.53125 0.46875
vt 0.53125 0.484375
vt 0.5 0.484375
vt 0.5 0.46875
vn 1 0 0
vn -1 0 0
vn 0 1 0
vn 0 -1 0
vn 0 0 1
vn 0 0 -1
usemtl m_3d215661-f591-00a8-53e2-d8d611c756be
f 361/1117/283 359/1118/283 358/1119/283 360/1120/283
f 364/1121/284 362/1122/284 363/1123/284 365/1124/284
f 358/1125/285 359/1126/285 363/1127/285 362/1128/285
f 361/1129/286 360/1130/286 364/1131/286 365/1132/286
f 360/1133/287 358/1134/287 362/1135/287 364/1136/287
f 365/1137/288 363/1138/288 359/1139/288 361/1140/288
o cube
v -0.04908470869120784 5.653098056339526 -0.625
v -0.04908470869120784 5.653098056339526 -0.75
v -0.026987621779128224 5.631000969427447 -0.625
v -0.026987621779128224 5.631000969427447 -0.75
v -0.08223033905932725 5.619952425971407 -0.625
v -0.08223033905932725 5.619952425971407 -0.75
v -0.06013325214724764 5.597855339059327 -0.625
v -0.06013325214724764 5.597855339059327 -0.75
vt 0.5625 0.46875
vt 0.5625 0.484375
vt 0.5 0.484375
vt 0.5 0.46875
vt 0.5625 0.46875
vt 0.5625 0.484375
vt 0.5 0.484375
vt 0.5 0.46875
vt 0.51953125 0.453125
vt 0.51953125 0.484375
vt 0.5 0.484375
vt 0.5 0.453125
vt 0.51953125 0.453125
vt 0.51953125 0.484375
vt 0.5 0.484375
vt 0.5 0.453125
vt 0.51953125 0.46875
vt 0.51953125 0.484375
vt 0.5 0.484375
vt 0.5 0.46875
vt 0.51953125 0.46875
vt 0.51953125 0.484375
vt 0.5 0.484375
vt 0.5 0.46875
vn 0.7071067811865477 0.7071067811865475 0
vn -0.7071067811865475 -0.7071067811865476 0
vn -0.7071067811865477 0.7071067811865474 0
vn 0.7071067811865475 -0.7071067811865476 0
vn 0 0 1
vn 0 0 -1
usemtl m_3d215661-f591-00a8-53e2-d8d611c756be
f 369/1141/289 367/1142/289 366/1143/289 368/1144/289
f 372/1145/290 370/1146/290 371/1147/290 373/1148/290
f 366/1149/291 367/1150/291 371/1151/291 370/1152/291
f 369/1153/292 368/1154/292 372/1155/292 373/1156/292
f 368/1157/293 366/1158/293 370/1159/293 372/1160/293
f 373/1161/294 371/1162/294 367/1163/294 369/1164/294
o cube
v 0.08412596942744667 5.618056795603287 -0.625
v 0.08412596942744667 5.618056795603287 -0.75
v 0.06202888251536705 5.595959708691208 -0.625
v 0.06202888251536705 5.595959708691208 -0.75
v 0.05098033905932725 5.651202425971407 -0.625
v 0.05098033905932725 5.651202425971407 -0.75
v 0.02888325214724764 5.629105339059327 -0.625
v 0.02888325214724764 5.629105339059327 -0.75
vt 0.5625 0.46875
vt 0.5625 0.484375
vt 0.5 0.484375
vt 0.5 0.46875
vt 0.5625 0.46875
vt 0.5625 0.484375
vt 0.5 0.484375
vt 0.5 0.46875
vt 0.51953125 0.453125
vt 0.51953125 0.484375
vt 0.5 0.484375
vt 0.5 0.453125
vt 0.51953125 0.453125
vt 0.51953125 0.484375
vt 0.5 0.484375
vt 0.5 0.453125
vt 0.51953125 0.46875
vt 0.51953125 0.484375
vt 0.5 0.484375
vt 0.5 0.46875
vt 0.51953125 0.46875
vt 0.51953125 0.484375
vt 0.5 0.484375
vt 0.5 0.46875
vn 0.7071067811865475 -0.7071067811865478 0
vn -0.7071067811865475 0.7071067811865476 0
vn 0.7071067811865475 0.7071067811865476 0
vn -0.7071067811865477 -0.7071067811865475 0
vn 0 0 1
vn 0 0 -1
usemtl m_3d215661-f591-00a8-53e2-d8d611c756be
f 377/1165/295 375/1166/295 374/1167/295 376/1168/295
f 380/1169/296 378/1170/296 379/1171/296 381/1172/296
f 374/1173/297 375/1174/297 379/1175/297 378/1176/297
f 377/1177/298 376/1178/298 380/1179/298 381/1180/298
f 376/1181/299 374/1182/299 378/1183/299 380/1184/299
f 381/1185/300 379/1186/300 375/1187/300 377/1188/300
o tube
v 0.126121875 5.328125 -0.671875
v 0.126121875 5.328125 -0.609375
v 0.118339375 5.35717 -0.671875
v 0.118339375 5.35717 -0.609375
v 0.155128125 5.344871875 -0.671875
v 0.155128125 5.344871875 -0.609375
v 0.133865625 5.366134375 -0.671875
v 0.133865625 5.366134375 -0.609375
v 0.171875 5.373878125 -0.671875
v 0.171875 5.373878125 -0.609375
v 0.14283 5.381660625 -0.671875
v 0.14283 5.381660625 -0.609375
v 0.171875 5.407371875 -0.671875
v 0.171875 5.407371875 -0.609375
v 0.14283 5.399589375 -0.671875
v 0.14283 5.399589375 -0.609375
v 0.155128125 5.436378125 -0.671875
v 0.155128125 5.436378125 -0.609375
v 0.133865625 5.415115625 -0.671875
v 0.133865625 5.415115625 -0.609375
v 0.126121875 5.453125 -0.671875
v 0.126121875 5.453125 -0.609375
v 0.118339375 5.42408 -0.671875
v 0.118339375 5.42408 -0.609375
v 0.092628125 5.453125 -0.671875
v 0.092628125 5.453125 -0.609375
v 0.100410625 5.42408 -0.671875
v 0.100410625 5.42408 -0.609375
v 0.06362187500000001 5.436378125 -0.671875
v 0.06362187500000001 5.436378125 -0.609375
v 0.08488437500000001 5.415115625 -0.671875
v 0.08488437500000001 5.415115625 -0.609375
v 0.046875 5.407371875 -0.671875
v 0.046875 5.407371875 -0.609375
v 0.07592 5.399589375 -0.671875
v 0.07592 5.399589375 -0.609375
v 0.046875 5.373878125 -0.671875
v 0.046875 5.373878125 -0.609375
v 0.07592 5.381660625 -0.671875
v 0.07592 5.381660625 -0.609375
v 0.06362187500000001 5.344871875 -0.671875
v 0.06362187500000001 5.344871875 -0.609375
v 0.08488437500000001 5.366134375 -0.671875
v 0.08488437500000001 5.366134375 -0.609375
v 0.092628125 5.328125 -0.671875
v 0.092628125 5.328125 -0.609375
v 0.100410625 5.35717 -0.671875
v 0.100410625 5.35717 -0.609375
vt 0.28125 0.28125
vt 0.289621875 0.28125
vt 0.289621875 0.296875
vt 0.28125 0.296875
vt 0.28573125 0.296875
vt 0.28125 0.296875
vt 0.28125 0.28125
vt 0.28573125 0.28125
vt 0.28125 0.29492734374999996
vt 0.28125 0.29044499999999995
vt 0.28851390625 0.28850062499999996
vt 0.2885103125 0.296875
vt 0.28125 0.28961187499999996
vt 0.289624375 0.28961187499999996
vt 0.287676875 0.296875
vt 0.28319453125 0.29687312499999996
vt 0.28125 0.28125
vt 0.289621875 0.28125
vt 0.289621875 0.296875
vt 0.28125 0.296875
vt 0.28573125 0.296875
vt 0.28125 0.296875
vt 0.28125 0.28125
vt 0.28573125 0.28125
vt 0.28125 0.294930625
vt 0.28125 0.29044828125
vt 0.2885103125 0.28850062499999996
vt 0.28851390625 0.296875
vt 0.28125 0.28961187499999996
vt 0.289624375 0.28961187499999996
vt 0.28767984375 0.29687312499999996
vt 0.2831975 0.296875
vt 0.28125 0.28125
vt 0.289621875 0.28125
vt 0.289621875 0.296875
vt 0.28125 0.296875
vt 0.28573125 0.296875
vt 0.28125 0.296875
vt 0.28125 0.28125
vt 0.28573125 0.28125
vt 0.28125 0.29492968750000004
vt 0.28125 0.29044843750000005
vt 0.2885109375 0.28850312499999997
vt 0.2885109375 0.296875
vt 0.2885109375 0.28850312499999997
vt 0.2885109375 0.296875
vt 0.28125 0.29492968750000004
vt 0.28125 0.29044843750000005
vt 0.28125 0.28125
vt 0.289621875 0.28125
vt 0.289621875 0.296875
vt 0.28125 0.296875
vt 0.28573125 0.296875
vt 0.28125 0.296875
vt 0.28125 0.28125
vt 0.28573125 0.28125
vt 0.28767671875 0.296875
vt 0.283194375 0.296875
vt 0.28125 0.28961109375000005
vt 0.289624375 0.28961468749999997
vt 0.288513125 0.28850062499999996
vt 0.288513125 0.296875
vt 0.28125 0.2949275
vt 0.281251875 0.29044515625
vt 0.28125 0.28125
vt 0.289621875 0.28125
vt 0.289621875 0.296875
vt 0.28125 0.296875
vt 0.28573125 0.296875
vt 0.28125 0.296875
vt 0.28125 0.28125
vt 0.28573125 0.28125
vt 0.28768 0.296875
vt 0.28319765625 0.296875
vt 0.28125 0.28961468749999997
vt 0.289624375 0.28961109375000005
vt 0.288513125 0.28850062499999996
vt 0.288513125 0.296875
vt 0.281251875 0.29493046874999995
vt 0.28125 0.29044812499999995
vt 0.28125 0.28125
vt 0.289621875 0.28125
vt 0.289621875 0.296875
vt 0.28125 0.296875
vt 0.28573125 0.296875
vt 0.28125 0.296875
vt 0.28125 0.28125
vt 0.28573125 0.28125
vt 0.2876765625 0.296875
vt 0.2831953125 0.296875
vt 0.28125 0.2896140625
vt 0.289621875 0.2896140625
vt 0.289621875 0.296875
vt 0.28125 0.296875
vt 0.2831953125 0.2896140625
vt 0.2876765625 0.2896140625
vt 0.28125 0.28125
vt 0.289621875 0.28125
vt 0.289621875 0.296875
vt 0.28125 0.296875
vt 0.28573125 0.296875
vt 0.28125 0.296875
vt 0.28125 0.28125
vt 0.28573125 0.28125
vt 0.28851390625 0.29044828125
vt 0.28851390625 0.294930625
vt 0.28125 0.296875
vt 0.28125359375 0.28850062499999996
vt 0.289624375 0.296875
vt 0.28125 0.296875
vt 0.2831975 0.28961187499999996
vt 0.28767984375 0.28961390625000005
vt 0.28125 0.28125
vt 0.289621875 0.28125
vt 0.289621875 0.296875
vt 0.28125 0.296875
vt 0.28573125 0.296875
vt 0.28125 0.296875
vt 0.28125 0.28125
vt 0.28573125 0.28125
vt 0.28851390625 0.29044499999999995
vt 0.28851390625 0.29492734374999996
vt 0.28125359375 0.296875
vt 0.28125 0.28850062499999996
vt 0.289624375 0.296875
vt 0.28125 0.296875
vt 0.28319453125 0.28961390625000005
vt 0.287676875 0.28961187499999996
vt 0.28125 0.28125
vt 0.289621875 0.28125
vt 0.289621875 0.296875
vt 0.28125 0.296875
vt 0.28573125 0.296875
vt 0.28125 0.296875
vt 0.28125 0.28125
vt 0.28573125 0.28125
vt 0.2885109375 0.29044843750000005
vt 0.2885109375 0.29492968750000004
vt 0.28125 0.296875
vt 0.28125 0.28850312499999997
vt 0.28125 0.296875
vt 0.28125 0.28850312499999997
vt 0.2885109375 0.29044843750000005
vt 0.2885109375 0.29492968750000004
vt 0.28125 0.28125
vt 0.289621875 0.28125
vt 0.289621875 0.296875
vt 0.28125 0.296875
vt 0.28573125 0.296875
vt 0.28125 0.296875
vt 0.28125 0.28125
vt 0.28573125 0.28125
vt 0.28319765625 0.28961109375000005
vt 0.28768 0.28961109375000005
vt 0.289624375 0.296875
vt 0.28125 0.29687140624999997
vt 0.28125 0.296875
vt 0.28125 0.28850062499999996
vt 0.288513125 0.29044812499999995
vt 0.28851109375 0.29493046874999995
vt 0.28125 0.28125
vt 0.289621875 0.28125
vt 0.289621875 0.296875
vt 0.28125 0.296875
vt 0.28573125 0.296875
vt 0.28125 0.296875
vt 0.28125 0.28125
vt 0.28573125 0.28125
vt 0.283194375 0.28961109375000005
vt 0.28767671875 0.28961109375000005
vt 0.289624375 0.29687140624999997
vt 0.28125 0.296875
vt 0.28125 0.296875
vt 0.28125 0.28850062499999996
vt 0.28851109375 0.29044515625
vt 0.288513125 0.2949275
vt 0.28125 0.28125
vt 0.289621875 0.28125
vt 0.289621875 0.296875
vt 0.28125 0.296875
vt 0.28573125 0.296875
vt 0.28125 0.296875
vt 0.28125 0.28125
vt 0.28573125 0.28125
vt 0.2831953125 0.2896140625
vt 0.2876765625 0.2896140625
vt 0.289621875 0.296875
vt 0.28125 0.296875
vt 0.28125 0.2896140625
vt 0.289621875 0.2896140625
vt 0.2876765625 0.296875
vt 0.2831953125 0.296875
vn 0.500002435262396 -0.8660239977804736 1.035854107103865e-16
vn -0.5000121476207339 0.8660183902387416 -1.4513830759276609e-16
vn 1.604216890340416e-16 -8.43364733612751e-17 -1
vn -5.422204365301528e-16 1.1046799652402514e-16 1
vn 0.8660239977804735 -0.5000024352623961 5.1792705355193244e-17
vn -0.8660183902387416 0.5000121476207342 -7.256915379638303e-17
vn -1.290902328449894e-19 -2.233823195361117e-16 -1
vn 1.1102155084697303e-16 4.1434255629300774e-16 1
vn 1 0 0
vn -1 0 0
vn -7.874271872152789e-18 -1.9351304201093854e-16 -1
vn 0 0 1
vn 0.8660239977804735 0.5000024352623961 -5.179270535519323e-17
vn -0.8660183902387416 -0.5000121476207343 7.256915379638305e-17
vn -1.3504329388762896e-17 -2.3125383300655383e-16 -1
vn -1.5165945285501764e-16 1.5165945285501761e-16 1
vn 0.500002435262396 0.8660239977804736 0
vn -0.500012147620734 -0.8660183902387416 9.67588717285107e-17
vn -2.7594078320878483e-16 -2.8441493236489847e-16 -1
vn -1.7543937166847815e-16 5.248113175356995e-16 1
vn 0 1 0
vn 0 -1 1.1102230246251565e-16
vn 0 -3.583522415514148e-16 -1
vn 0 4.7780298873521985e-16 1
vn -0.500002435262396 0.8660239977804736 -1.035854107103865e-16
vn 0.500012147620734 -0.8660183902387416 9.67588717285107e-17
vn 1.604216890340416e-16 -8.43364733612751e-17 -1
vn 3.0331890571003533e-16 3.0331890571003523e-16 1
vn -0.8660239977804737 0.5000024352623961 -1.0358541071038649e-16
vn 0.8660183902387416 -0.5000121476207343 9.675887172851072e-17
vn -1.290902328449894e-19 -2.233823195361117e-16 -1
vn 5.551077542348654e-17 2.0717127814650387e-16 1
vn -1 0 0
vn 1 0 0
vn -7.874271872152789e-18 -1.9351304201093854e-16 -1
vn 0 0 1
vn -0.8660239977804737 -0.5000024352623961 5.1792705355193244e-17
vn 0.8660183902387415 0.5000121476207341 -7.256915379638303e-17
vn -1.3504329388762896e-17 -2.3125383300655383e-16 -1
vn 1.1046799652402509e-16 5.422204365301527e-16 1
vn -0.500002435262396 -0.8660239977804736 2.8485987945356293e-16
vn 0.5000121476207339 0.8660183902387416 -1.935177434570214e-16
vn -2.7594078320878483e-16 -2.8441493236489847e-16 -1
vn 4.1434255629300784e-16 -1.1102155084697318e-16 1
vn 0 -1 3.33066907387547e-16
vn 0 1 -2.220446049250313e-16
vn 0 -3.583522415514148e-16 -1
vn 0 0 1
usemtl m_3d215661-f591-00a8-53e2-d8d611c756be
f 382/1189/301 386/1190/301 387/1191/301 383/1192/301
f 385/1193/302 389/1194/302 388/1195/302 384/1196/302
f 384/1197/303 388/1198/303 386/1199/303 382/1200/303
f 383/1201/304 387/1202/304 389/1203/304 385/1204/304
f 386/1205/305 390/1206/305 391/1207/305 387/1208/305
f 389/1209/306 393/1210/306 392/1211/306 388/1212/306
f 388/1213/307 392/1214/307 390/1215/307 386/1216/307
f 387/1217/308 391/1218/308 393/1219/308 389/1220/308
f 390/1221/309 394/1222/309 395/1223/309 391/1224/309
f 393/1225/310 397/1226/310 396/1227/310 392/1228/310
f 392/1229/311 396/1230/311 394/1231/311 390/1232/311
f 391/1233/312 395/1234/312 397/1235/312 393/1236/312
f 394/1237/313 398/1238/313 399/1239/313 395/1240/313
f 397/1241/314 401/1242/314 400/1243/314 396/1244/314
f 396/1245/315 400/1246/315 398/1247/315 394/1248/315
f 395/1249/316 399/1250/316 401/1251/316 397/1252/316
f 398/1253/317 402/1254/317 403/1255/317 399/1256/317
f 401/1257/318 405/1258/318 404/1259/318 400/1260/318
f 400/1261/319 404/1262/319 402/1263/319 398/1264/319
f 399/1265/320 403/1266/320 405/1267/320 401/1268/320
f 402/1269/321 406/1270/321 407/1271/321 403/1272/321
f 405/1273/322 409/1274/322 408/1275/322 404/1276/322
f 404/1277/323 408/1278/323 406/1279/323 402/1280/323
f 403/1281/324 407/1282/324 409/1283/324 405/1284/324
f 406/1285/325 410/1286/325 411/1287/325 407/1288/325
f 409/1289/326 413/1290/326 412/1291/326 408/1292/326
f 408/1293/327 412/1294/327 410/1295/327 406/1296/327
f 407/1297/328 411/1298/328 413/1299/328 409/1300/328
f 410/1301/329 414/1302/329 415/1303/329 411/1304/329
f 413/1305/330 417/1306/330 416/1307/330 412/1308/330
f 412/1309/331 416/1310/331 414/1311/331 410/1312/331
f 411/1313/332 415/1314/332 417/1315/332 413/1316/332
f 414/1317/333 418/1318/333 419/1319/333 415/1320/333
f 417/1321/334 421/1322/334 420/1323/334 416/1324/334
f 416/1325/335 420/1326/335 418/1327/335 414/1328/335
f 415/1329/336 419/1330/336 421/1331/336 417/1332/336
f 418/1333/337 422/1334/337 423/1335/337 419/1336/337
f 421/1337/338 425/1338/338 424/1339/338 420/1340/338
f 420/1341/339 424/1342/339 422/1343/339 418/1344/339
f 419/1345/340 423/1346/340 425/1347/340 421/1348/340
f 422/1349/341 426/1350/341 427/1351/341 423/1352/341
f 425/1353/342 429/1354/342 428/1355/342 424/1356/342
f 424/1357/343 428/1358/343 426/1359/343 422/1360/343
f 423/1361/344 427/1362/344 429/1363/344 425/1364/344
f 426/1365/345 382/1366/345 383/1367/345 427/1368/345
f 429/1369/346 385/1370/346 384/1371/346 428/1372/346
f 428/1373/347 384/1374/347 382/1375/347 426/1376/347
f 427/1377/348 383/1378/348 385/1379/348 429/1380/348
o circle
v 0.109375 5.390625 -0.65625
v 0.12402875 5.3359375 -0.65625
v 0.14940875 5.35059125 -0.65625
v 0.1640625 5.37597125 -0.65625
v 0.1640625 5.40527875 -0.65625
v 0.14940875 5.43065875 -0.65625
v 0.12402875 5.4453125 -0.65625
v 0.09472125 5.4453125 -0.65625
v 0.06934125 5.43065875 -0.65625
v 0.0546875 5.40527875 -0.65625
v 0.0546875 5.37597125 -0.65625
v 0.06934125 5.35059125 -0.65625
v 0.09472125 5.3359375 -0.65625
vt 0.21078125 0.79703125
vt 0.2421875 0.85140625
vt 0.125 0.8828125
vt 0.2421875 0.85140625
vt 0.2421875 0.91421875
vt 0.125 0.8828125
vt 0.2421875 0.91421875
vt 0.21078125 0.96859375
vt 0.125 0.8828125
vt 0.21078125 0.96859375
vt 0.15640625 1
vt 0.125 0.8828125
vt 0.15640625 1
vt 0.09359375 1
vt 0.125 0.8828125
vt 0.09359375 1
vt 0.03921875 0.96859375
vt 0.125 0.8828125
vt 0.03921875 0.96859375
vt 0.0078125 0.91421875
vt 0.125 0.8828125
vt 0.0078125 0.91421875
vt 0.0078125 0.85140625
vt 0.125 0.8828125
vt 0.0078125 0.85140625
vt 0.03921875 0.79703125
vt 0.125 0.8828125
vt 0.03921875 0.79703125
vt 0.09359375 0.765625
vt 0.125 0.8828125
vt 0.09359375 0.765625
vt 0.15640625 0.765625
vt 0.125 0.8828125
vt 0.15640625 0.765625
vt 0.21078125 0.79703125
vt 0.125 0.8828125
vn -1.5538844576200671e-18 1.717722192400657e-16 1
vn 0 1.7757128475408756e-16 1
vn 1.5538844576200748e-18 1.7177221924006573e-16 1
vn -2.3219647419830827e-17 1.9654575111751661e-16 1
vn 0 1.9032394707859828e-16 1
vn 2.3219647419830827e-17 1.9654575111751661e-16 1
vn -1.5538844576200671e-18 1.717722192400657e-16 1
vn 0 1.7757128475408756e-16 1
vn 1.5538844576200748e-18 1.7177221924006573e-16 1
vn -2.3219647419830827e-17 1.9654575111751661e-16 1
vn 0 1.9032394707859828e-16 1
vn 2.3219647419830827e-17 1.9654575111751661e-16 1
usemtl m_ac3999ef-95b5-0d58-6ef6-8589e28d3a01
f 432/1381/349 433/1382/349 430/1383/349
f 433/1384/350 434/1385/350 430/1386/350
f 434/1387/351 435/1388/351 430/1389/351
f 435/1390/352 436/1391/352 430/1392/352
f 436/1393/353 437/1394/353 430/1395/353
f 437/1396/354 438/1397/354 430/1398/354
f 438/1399/355 439/1400/355 430/1401/355
f 439/1402/356 440/1403/356 430/1404/356
f 440/1405/357 441/1406/357 430/1407/357
f 441/1408/358 442/1409/358 430/1410/358
f 442/1411/359 431/1412/359 430/1413/359
f 431/1414/360 432/1415/360 430/1416/360
o cube
v 0.15625 5.46875 -0.625
v 0.15625 5.46875 -0.8125
v 0.15625 5.4375 -0.625
v 0.15625 5.4375 -0.8125
v 0.0625 5.46875 -0.625
v 0.0625 5.46875 -0.8125
v 0.0625 5.4375 -0.625
v 0.0625 5.4375 -0.8125
vt 0.59375 0.46875
vt 0.59375 0.484375
vt 0.5 0.484375
vt 0.5 0.46875
vt 0.59375 0.46875
vt 0.59375 0.484375
vt 0.5 0.484375
vt 0.5 0.46875
vt 0.53125 0.4375
vt 0.53125 0.484375
vt 0.5 0.484375
vt 0.5 0.4375
vt 0.53125 0.4375
vt 0.53125 0.484375
vt 0.5 0.484375
vt 0.5 0.4375
vt 0.53125 0.46875
vt 0.53125 0.484375
vt 0.5 0.484375
vt 0.5 0.46875
vt 0.53125 0.46875
vt 0.53125 0.484375
vt 0.5 0.484375
vt 0.5 0.46875
vn 1 0 0
vn -1 0 0
vn 0 1 0
vn 0 -1 0
vn 0 0 1
vn 0 0 -1
usemtl m_3d215661-f591-00a8-53e2-d8d611c756be
f 446/1417/361 444/1418/361 443/1419/361 445/1420/361
f 449/1421/362 447/1422/362 448/1423/362 450/1424/362
f 443/1425/363 444/1426/363 448/1427/363 447/1428/363
f 446/1429/364 445/1430/364 449/1431/364 450/1432/364
f 445/1433/365 443/1434/365 447/1435/365 449/1436/365
f 450/1437/366 448/1438/366 444/1439/366 446/1440/366
o cube
v 0.06029029130879216 5.465598056339526 -0.625
v 0.06029029130879216 5.465598056339526 -0.75
v 0.08238737822087178 5.443500969427447 -0.625
v 0.08238737822087178 5.443500969427447 -0.75
v 0.02714466094067275 5.432452425971407 -0.625
v 0.02714466094067275 5.432452425971407 -0.75
v 0.04924174785275236 5.410355339059327 -0.625
v 0.04924174785275236 5.410355339059327 -0.75
vt 0.5625 0.46875
vt 0.5625 0.484375
vt 0.5 0.484375
vt 0.5 0.46875
vt 0.5625 0.46875
vt 0.5625 0.484375
vt 0.5 0.484375
vt 0.5 0.46875
vt 0.51953125 0.453125
vt 0.51953125 0.484375
vt 0.5 0.484375
vt 0.5 0.453125
vt 0.51953125 0.453125
vt 0.51953125 0.484375
vt 0.5 0.484375
vt 0.5 0.453125
vt 0.51953125 0.46875
vt 0.51953125 0.484375
vt 0.5 0.484375
vt 0.5 0.46875
vt 0.51953125 0.46875
vt 0.51953125 0.484375
vt 0.5 0.484375
vt 0.5 0.46875
vn 0.7071067811865477 0.7071067811865475 0
vn -0.7071067811865475 -0.7071067811865476 0
vn -0.7071067811865477 0.7071067811865474 0
vn 0.7071067811865475 -0.7071067811865476 0
vn 0 0 1
vn 0 0 -1
usemtl m_3d215661-f591-00a8-53e2-d8d611c756be
f 454/1441/367 452/1442/367 451/1443/367 453/1444/367
f 457/1445/368 455/1446/368 456/1447/368 458/1448/368
f 451/1449/369 452/1450/369 456/1451/369 455/1452/369
f 454/1453/370 453/1454/370 457/1455/370 458/1456/370
f 453/1457/371 451/1458/371 455/1459/371 457/1460/371
f 458/1461/372 456/1462/372 452/1463/372 454/1464/372
o cube
v 0.19350096942744666 5.430556795603287 -0.625
v 0.19350096942744666 5.430556795603287 -0.75
v 0.17140388251536703 5.408459708691208 -0.625
v 0.17140388251536703 5.408459708691208 -0.75
v 0.16035533905932725 5.463702425971407 -0.625
v 0.16035533905932725 5.463702425971407 -0.75
v 0.13825825214724763 5.441605339059327 -0.625
v 0.13825825214724763 5.441605339059327 -0.75
vt 0.5625 0.46875
vt 0.5625 0.484375
vt 0.5 0.484375
vt 0.5 0.46875
vt 0.5625 0.46875
vt 0.5625 0.484375
vt 0.5 0.484375
vt 0.5 0.46875
vt 0.51953125 0.453125
vt 0.51953125 0.484375
vt 0.5 0.484375
vt 0.5 0.453125
vt 0.51953125 0.453125
vt 0.51953125 0.484375
vt 0.5 0.484375
vt 0.5 0.453125
vt 0.51953125 0.46875
vt 0.51953125 0.484375
vt 0.5 0.484375
vt 0.5 0.46875
vt 0.51953125 0.46875
vt 0.51953125 0.484375
vt 0.5 0.484375
vt 0.5 0.46875
vn 0.7071067811865475 -0.7071067811865478 0
vn -0.7071067811865475 0.7071067811865476 0
vn 0.7071067811865475 0.7071067811865476 0
vn -0.7071067811865477 -0.7071067811865475 0
vn 0 0 1
vn 0 0 -1
usemtl m_3d215661-f591-00a8-53e2-d8d611c756be
f 462/1465/373 460/1466/373 459/1467/373 461/1468/373
f 465/1469/374 463/1470/374 464/1471/374 466/1472/374
f 459/1473/375 460/1474/375 464/1475/375 463/1476/375
f 462/1477/376 461/1478/376 465/1479/376 466/1480/376
f 461/1481/377 459/1482/377 463/1483/377 465/1484/377
f 466/1485/378 464/1486/378 460/1487/378 462/1488/378
o tube
v -0.092628125 5.328125 -0.671875
v -0.092628125 5.328125 -0.609375
v -0.100410625 5.35717 -0.671875
v -0.100410625 5.35717 -0.609375
v -0.06362187500000001 5.344871875 -0.671875
v -0.06362187500000001 5.344871875 -0.609375
v -0.08488437500000001 5.366134375 -0.671875
v -0.08488437500000001 5.366134375 -0.609375
v -0.046875 5.373878125 -0.671875
v -0.046875 5.373878125 -0.609375
v -0.07592 5.381660625 -0.671875
v -0.07592 5.381660625 -0.609375
v -0.046875 5.407371875 -0.671875
v -0.046875 5.407371875 -0.609375
v -0.07592 5.399589375 -0.671875
v -0.07592 5.399589375 -0.609375
v -0.06362187500000001 5.436378125 -0.671875
v -0.06362187500000001 5.436378125 -0.609375
v -0.08488437500000001 5.415115625 -0.671875
v -0.08488437500000001 5.415115625 -0.609375
v -0.092628125 5.453125 -0.671875
v -0.092628125 5.453125 -0.609375
v -0.100410625 5.42408 -0.671875
v -0.100410625 5.42408 -0.609375
v -0.126121875 5.453125 -0.671875
v -0.126121875 5.453125 -0.609375
v -0.118339375 5.42408 -0.671875
v -0.118339375 5.42408 -0.609375
v -0.155128125 5.436378125 -0.671875
v -0.155128125 5.436378125 -0.609375
v -0.133865625 5.415115625 -0.671875
v -0.133865625 5.415115625 -0.609375
v -0.171875 5.407371875 -0.671875
v -0.171875 5.407371875 -0.609375
v -0.14283 5.399589375 -0.671875
v -0.14283 5.399589375 -0.609375
v -0.171875 5.373878125 -0.671875
v -0.171875 5.373878125 -0.609375
v -0.14283 5.381660625 -0.671875
v -0.14283 5.381660625 -0.609375
v -0.155128125 5.344871875 -0.671875
v -0.155128125 5.344871875 -0.609375
v -0.133865625 5.366134375 -0.671875
v -0.133865625 5.366134375 -0.609375
v -0.126121875 5.328125 -0.671875
v -0.126121875 5.328125 -0.609375
v -0.118339375 5.35717 -0.671875
v -0.118339375 5.35717 -0.609375
vt 0.28125 0.28125
vt 0.289621875 0.28125
vt 0.289621875 0.296875
vt 0.28125 0.296875
vt 0.28573125 0.296875
vt 0.28125 0.296875
vt 0.28125 0.28125
vt 0.28573125 0.28125
vt 0.28125 0.29492734374999996
vt 0.28125 0.29044499999999995
vt 0.28851390625 0.28850062499999996
vt 0.2885103125 0.296875
vt 0.28125 0.28961187499999996
vt 0.289624375 0.28961187499999996
vt 0.287676875 0.296875
vt 0.28319453125 0.29687312499999996
vt 0.28125 0.28125
vt 0.289621875 0.28125
vt 0.289621875 0.296875
vt 0.28125 0.296875
vt 0.28573125 0.296875
vt 0.28125 0.296875
vt 0.28125 0.28125
vt 0.28573125 0.28125
vt 0.28125 0.294930625
vt 0.28125 0.29044828125
vt 0.2885103125 0.28850062499999996
vt 0.28851390625 0.296875
vt 0.28125 0.28961187499999996
vt 0.289624375 0.28961187499999996
vt 0.28767984375 0.29687312499999996
vt 0.2831975 0.296875
vt 0.28125 0.28125
vt 0.289621875 0.28125
vt 0.289621875 0.296875
vt 0.28125 0.296875
vt 0.28573125 0.296875
vt 0.28125 0.296875
vt 0.28125 0.28125
vt 0.28573125 0.28125
vt 0.28125 0.29492968750000004
vt 0.28125 0.29044843750000005
vt 0.2885109375 0.28850312499999997
vt 0.2885109375 0.296875
vt 0.2885109375 0.28850312499999997
vt 0.2885109375 0.296875
vt 0.28125 0.29492968750000004
vt 0.28125 0.29044843750000005
vt 0.28125 0.28125
vt 0.289621875 0.28125
vt 0.289621875 0.296875
vt 0.28125 0.296875
vt 0.28573125 0.296875
vt 0.28125 0.296875
vt 0.28125 0.28125
vt 0.28573125 0.28125
vt 0.28767671875 0.296875
vt 0.283194375 0.296875
vt 0.28125 0.28961109375000005
vt 0.289624375 0.28961468749999997
vt 0.288513125 0.28850062499999996
vt 0.288513125 0.296875
vt 0.28125 0.2949275
vt 0.281251875 0.29044515625
vt 0.28125 0.28125
vt 0.289621875 0.28125
vt 0.289621875 0.296875
vt 0.28125 0.296875
vt 0.28573125 0.296875
vt 0.28125 0.296875
vt 0.28125 0.28125
vt 0.28573125 0.28125
vt 0.28768 0.296875
vt 0.28319765625 0.296875
vt 0.28125 0.28961468749999997
vt 0.289624375 0.28961109375000005
vt 0.288513125 0.28850062499999996
vt 0.288513125 0.296875
vt 0.281251875 0.29493046874999995
vt 0.28125 0.29044812499999995
vt 0.28125 0.28125
vt 0.289621875 0.28125
vt 0.289621875 0.296875
vt 0.28125 0.296875
vt 0.28573125 0.296875
vt 0.28125 0.296875
vt 0.28125 0.28125
vt 0.28573125 0.28125
vt 0.2876765625 0.296875
vt 0.2831953125 0.296875
vt 0.28125 0.2896140625
vt 0.289621875 0.2896140625
vt 0.289621875 0.296875
vt 0.28125 0.296875
vt 0.2831953125 0.2896140625
vt 0.2876765625 0.2896140625
vt 0.28125 0.28125
vt 0.289621875 0.28125
vt 0.289621875 0.296875
vt 0.28125 0.296875
vt 0.28573125 0.296875
vt 0.28125 0.296875
vt 0.28125 0.28125
vt 0.28573125 0.28125
vt 0.28851390625 0.29044828125
vt 0.28851390625 0.294930625
vt 0.28125 0.296875
vt 0.28125359375 0.28850062499999996
vt 0.289624375 0.296875
vt 0.28125 0.296875
vt 0.2831975 0.28961187499999996
vt 0.28767984375 0.28961390625000005
vt 0.28125 0.28125
vt 0.289621875 0.28125
vt 0.289621875 0.296875
vt 0.28125 0.296875
vt 0.28573125 0.296875
vt 0.28125 0.296875
vt 0.28125 0.28125
vt 0.28573125 0.28125
vt 0.28851390625 0.29044499999999995
vt 0.28851390625 0.29492734374999996
vt 0.28125359375 0.296875
vt 0.28125 0.28850062499999996
vt 0.289624375 0.296875
vt 0.28125 0.296875
vt 0.28319453125 0.28961390625000005
vt 0.287676875 0.28961187499999996
vt 0.28125 0.28125
vt 0.289621875 0.28125
vt 0.289621875 0.296875
vt 0.28125 0.296875
vt 0.28573125 0.296875
vt 0.28125 0.296875
vt 0.28125 0.28125
vt 0.28573125 0.28125
vt 0.2885109375 0.29044843750000005
vt 0.2885109375 0.29492968750000004
vt 0.28125 0.296875
vt 0.28125 0.28850312499999997
vt 0.28125 0.296875
vt 0.28125 0.28850312499999997
vt 0.2885109375 0.29044843750000005
vt 0.2885109375 0.29492968750000004
vt 0.28125 0.28125
vt 0.289621875 0.28125
vt 0.289621875 0.296875
vt 0.28125 0.296875
vt 0.28573125 0.296875
vt 0.28125 0.296875
vt 0.28125 0.28125
vt 0.28573125 0.28125
vt 0.28319765625 0.28961109375000005
vt 0.28768 0.28961109375000005
vt 0.289624375 0.296875
vt 0.28125 0.29687140624999997
vt 0.28125 0.296875
vt 0.28125 0.28850062499999996
vt 0.288513125 0.29044812499999995
vt 0.28851109375 0.29493046874999995
vt 0.28125 0.28125
vt 0.289621875 0.28125
vt 0.289621875 0.296875
vt 0.28125 0.296875
vt 0.28573125 0.296875
vt 0.28125 0.296875
vt 0.28125 0.28125
vt 0.28573125 0.28125
vt 0.283194375 0.28961109375000005
vt 0.28767671875 0.28961109375000005
vt 0.289624375 0.29687140624999997
vt 0.28125 0.296875
vt 0.28125 0.296875
vt 0.28125 0.28850062499999996
vt 0.28851109375 0.29044515625
vt 0.288513125 0.2949275
vt 0.28125 0.28125
vt 0.289621875 0.28125
vt 0.289621875 0.296875
vt 0.28125 0.296875
vt 0.28573125 0.296875
vt 0.28125 0.296875
vt 0.28125 0.28125
vt 0.28573125 0.28125
vt 0.2831953125 0.2896140625
vt 0.2876765625 0.2896140625
vt 0.289621875 0.296875
vt 0.28125 0.296875
vt 0.28125 0.2896140625
vt 0.289621875 0.2896140625
vt 0.2876765625 0.296875
vt 0.2831953125 0.296875
vn 0.500002435262396 -0.8660239977804736 1.035854107103865e-16
vn -0.5000121476207339 0.8660183902387416 -1.4513830759276609e-16
vn 1.604216890340416e-16 -8.43364733612751e-17 -1
vn -5.422204365301528e-16 1.1046799652402514e-16 1
vn 0.8660239977804735 -0.5000024352623961 5.1792705355193244e-17
vn -0.8660183902387416 0.5000121476207342 -7.256915379638303e-17
vn -1.290902328449894e-19 -2.233823195361117e-16 -1
vn 1.1102155084697303e-16 4.1434255629300774e-16 1
vn 1 0 0
vn -1 0 0
vn -7.874271872152789e-18 -1.9351304201093854e-16 -1
vn 0 0 1
vn 0.8660239977804735 0.5000024352623961 -5.179270535519323e-17
vn -0.8660183902387416 -0.5000121476207343 7.256915379638305e-17
vn -1.3504329388762896e-17 -2.3125383300655383e-16 -1
vn -1.5165945285501764e-16 1.5165945285501761e-16 1
vn 0.500002435262396 0.8660239977804736 0
vn -0.500012147620734 -0.8660183902387416 9.67588717285107e-17
vn -2.7594078320878483e-16 -2.8441493236489847e-16 -1
vn -1.7543937166847815e-16 5.248113175356995e-16 1
vn 0 1 0
vn 0 -1 1.1102230246251565e-16
vn 0 -3.583522415514148e-16 -1
vn 0 4.7780298873521985e-16 1
vn -0.500002435262396 0.8660239977804736 -1.035854107103865e-16
vn 0.500012147620734 -0.8660183902387416 9.67588717285107e-17
vn 1.604216890340416e-16 -8.43364733612751e-17 -1
vn 3.0331890571003533e-16 3.0331890571003523e-16 1
vn -0.8660239977804737 0.5000024352623961 -1.0358541071038649e-16
vn 0.8660183902387416 -0.5000121476207343 9.675887172851072e-17
vn -1.290902328449894e-19 -2.233823195361117e-16 -1
vn 5.551077542348654e-17 2.0717127814650387e-16 1
vn -1 0 0
vn 1 0 0
vn -7.874271872152789e-18 -1.9351304201093854e-16 -1
vn 0 0 1
vn -0.8660239977804737 -0.5000024352623961 5.1792705355193244e-17
vn 0.8660183902387415 0.5000121476207341 -7.256915379638303e-17
vn -1.3504329388762896e-17 -2.3125383300655383e-16 -1
vn 1.1046799652402509e-16 5.422204365301527e-16 1
vn -0.500002435262396 -0.8660239977804736 2.8485987945356293e-16
vn 0.5000121476207339 0.8660183902387416 -1.935177434570214e-16
vn -2.7594078320878483e-16 -2.8441493236489847e-16 -1
vn 4.1434255629300784e-16 -1.1102155084697318e-16 1
vn 0 -1 3.33066907387547e-16
vn 0 1 -2.220446049250313e-16
vn 0 -3.583522415514148e-16 -1
vn 0 0 1
usemtl m_3d215661-f591-00a8-53e2-d8d611c756be
f 467/1489/379 471/1490/379 472/1491/379 468/1492/379
f 470/1493/380 474/1494/380 473/1495/380 469/1496/380
f 469/1497/381 473/1498/381 471/1499/381 467/1500/381
f 468/1501/382 472/1502/382 474/1503/382 470/1504/382
f 471/1505/383 475/1506/383 476/1507/383 472/1508/383
f 474/1509/384 478/1510/384 477/1511/384 473/1512/384
f 473/1513/385 477/1514/385 475/1515/385 471/1516/385
f 472/1517/386 476/1518/386 478/1519/386 474/1520/386
f 475/1521/387 479/1522/387 480/1523/387 476/1524/387
f 478/1525/388 482/1526/388 481/1527/388 477/1528/388
f 477/1529/389 481/1530/389 479/1531/389 475/1532/389
f 476/1533/390 480/1534/390 482/1535/390 478/1536/390
f 479/1537/391 483/1538/391 484/1539/391 480/1540/391
f 482/1541/392 486/1542/392 485/1543/392 481/1544/392
f 481/1545/393 485/1546/393 483/1547/393 479/1548/393
f 480/1549/394 484/1550/394 486/1551/394 482/1552/394
f 483/1553/395 487/1554/395 488/1555/395 484/1556/395
f 486/1557/396 490/1558/396 489/1559/396 485/1560/396
f 485/1561/397 489/1562/397 487/1563/397 483/1564/397
f 484/1565/398 488/1566/398 490/1567/398 486/1568/398
f 487/1569/399 491/1570/399 492/1571/399 488/1572/399
f 490/1573/400 494/1574/400 493/1575/400 489/1576/400
f 489/1577/401 493/1578/401 491/1579/401 487/1580/401
f 488/1581/402 492/1582/402 494/1583/402 490/1584/402
f 491/1585/403 495/1586/403 496/1587/403 492/1588/403
f 494/1589/404 498/1590/404 497/1591/404 493/1592/404
f 493/1593/405 497/1594/405 495/1595/405 491/1596/405
f 492/1597/406 496/1598/406 498/1599/406 494/1600/406
f 495/1601/407 499/1602/407 500/1603/407 496/1604/407
f 498/1605/408 502/1606/408 501/1607/408 497/1608/408
f 497/1609/409 501/1610/409 499/1611/409 495/1612/409
f 496/1613/410 500/1614/410 502/1615/410 498/1616/410
f 499/1617/411 503/1618/411 504/1619/411 500/1620/411
f 502/1621/412 506/1622/412 505/1623/412 501/1624/412
f 501/1625/413 505/1626/413 503/1627/413 499/1628/413
f 500/1629/414 504/1630/414 506/1631/414 502/1632/414
f 503/1633/415 507/1634/415 508/1635/415 504/1636/415
f 506/1637/416 510/1638/416 509/1639/416 505/1640/416
f 505/1641/417 509/1642/417 507/1643/417 503/1644/417
f 504/1645/418 508/1646/418 510/1647/418 506/1648/418
f 507/1649/419 511/1650/419 512/1651/419 508/1652/419
f 510/1653/420 514/1654/420 513/1655/420 509/1656/420
f 509/1657/421 513/1658/421 511/1659/421 507/1660/421
f 508/1661/422 512/1662/422 514/1663/422 510/1664/422
f 511/1665/423 467/1666/423 468/1667/423 512/1668/423
f 514/1669/424 470/1670/424 469/1671/424 513/1672/424
f 513/1673/425 469/1674/425 467/1675/425 511/1676/425
f 512/1677/426 468/1678/426 470/1679/426 514/1680/426
o circle
v -0.109375 5.390625 -0.65625
v -0.09472125 5.3359375 -0.65625
v -0.06934125 5.35059125 -0.65625
v -0.0546875 5.37597125 -0.65625
v -0.0546875 5.40527875 -0.65625
v -0.06934125 5.43065875 -0.65625
v -0.09472125 5.4453125 -0.65625
v -0.12402875 5.4453125 -0.65625
v -0.14940875 5.43065875 -0.65625
v -0.1640625 5.40527875 -0.65625
v -0.1640625 5.37597125 -0.65625
v -0.14940875 5.35059125 -0.65625
v -0.12402875 5.3359375 -0.65625
vt 0.21078125 0.79703125
vt 0.2421875 0.85140625
vt 0.125 0.8828125
vt 0.2421875 0.85140625
vt 0.2421875 0.91421875
vt 0.125 0.8828125
vt 0.2421875 0.91421875
vt 0.21078125 0.96859375
vt 0.125 0.8828125
vt 0.21078125 0.96859375
vt 0.15640625 1
vt 0.125 0.8828125
vt 0.15640625 1
vt 0.09359375 1
vt 0.125 0.8828125
vt 0.09359375 1
vt 0.03921875 0.96859375
vt 0.125 0.8828125
vt 0.03921875 0.96859375
vt 0.0078125 0.91421875
vt 0.125 0.8828125
vt 0.0078125 0.91421875
vt 0.0078125 0.85140625
vt 0.125 0.8828125
vt 0.0078125 0.85140625
vt 0.03921875 0.79703125
vt 0.125 0.8828125
vt 0.03921875 0.79703125
vt 0.09359375 0.765625
vt 0.125 0.8828125
vt 0.09359375 0.765625
vt 0.15640625 0.765625
vt 0.125 0.8828125
vt 0.15640625 0.765625
vt 0.21078125 0.79703125
vt 0.125 0.8828125
vn -1.5538844576200671e-18 1.717722192400657e-16 1
vn 0 1.7757128475408756e-16 1
vn 1.5538844576200748e-18 1.7177221924006573e-16 1
vn -2.3219647419830827e-17 1.9654575111751661e-16 1
vn 0 1.9032394707859828e-16 1
vn 2.3219647419830827e-17 1.9654575111751661e-16 1
vn -1.5538844576200671e-18 1.717722192400657e-16 1
vn 0 1.7757128475408756e-16 1
vn 1.5538844576200748e-18 1.7177221924006573e-16 1
vn -2.3219647419830827e-17 1.9654575111751661e-16 1
vn 0 1.9032394707859828e-16 1
vn 2.3219647419830827e-17 1.9654575111751661e-16 1
usemtl m_ac3999ef-95b5-0d58-6ef6-8589e28d3a01
f 517/1681/427 518/1682/427 515/1683/427
f 518/1684/428 519/1685/428 515/1686/428
f 519/1687/429 520/1688/429 515/1689/429
f 520/1690/430 521/1691/430 515/1692/430
f 521/1693/431 522/1694/431 515/1695/431
f 522/1696/432 523/1697/432 515/1698/432
f 523/1699/433 524/1700/433 515/1701/433
f 524/1702/434 525/1703/434 515/1704/434
f 525/1705/435 526/1706/435 515/1707/435
f 526/1708/436 527/1709/436 515/1710/436
f 527/1711/437 516/1712/437 515/1713/437
f 516/1714/438 517/1715/438 515/1716/438
o cube
v -0.0625 5.46875 -0.625
v -0.0625 5.46875 -0.8125
v -0.0625 5.4375 -0.625
v -0.0625 5.4375 -0.8125
v -0.15625 5.46875 -0.625
v -0.15625 5.46875 -0.8125
v -0.15625 5.4375 -0.625
v -0.15625 5.4375 -0.8125
vt 0.59375 0.46875
vt 0.59375 0.484375
vt 0.5 0.484375
vt 0.5 0.46875
vt 0.59375 0.46875
vt 0.59375 0.484375
vt 0.5 0.484375
vt 0.5 0.46875
vt 0.53125 0.4375
vt 0.53125 0.484375
vt 0.5 0.484375
vt 0.5 0.4375
vt 0.53125 0.4375
vt 0.53125 0.484375
vt 0.5 0.484375
vt 0.5 0.4375
vt 0.53125 0.46875
vt 0.53125 0.484375
vt 0.5 0.484375
vt 0.5 0.46875
vt 0.53125 0.46875
vt 0.53125 0.484375
vt 0.5 0.484375
vt 0.5 0.46875
vn 1 0 0
vn -1 0 0
vn 0 1 0
vn 0 -1 0
vn 0 0 1
vn 0 0 -1
usemtl m_3d215661-f591-00a8-53e2-d8d611c756be
f 531/1717/439 529/1718/439 528/1719/439 530/1720/439
f 534/1721/440 532/1722/440 533/1723/440 535/1724/440
f 528/1725/441 529/1726/441 533/1727/441 532/1728/441
f 531/1729/442 530/1730/442 534/1731/442 535/1732/442
f 530/1733/443 528/1734/443 532/1735/443 534/1736/443
f 535/1737/444 533/1738/444 529/1739/444 531/1740/444
o cube
v -0.15845970869120785 5.465598056339526 -0.625
v -0.15845970869120785 5.465598056339526 -0.75
v -0.13636262177912822 5.443500969427447 -0.625
v -0.13636262177912822 5.443500969427447 -0.75
v -0.19160533905932725 5.432452425971407 -0.625
v -0.19160533905932725 5.432452425971407 -0.75
v -0.16950825214724763 5.410355339059327 -0.625
v -0.16950825214724763 5.410355339059327 -0.75
vt 0.5625 0.46875
vt 0.5625 0.484375
vt 0.5 0.484375
vt 0.5 0.46875
vt 0.5625 0.46875
vt 0.5625 0.484375
vt 0.5 0.484375
vt 0.5 0.46875
vt 0.51953125 0.453125
vt 0.51953125 0.484375
vt 0.5 0.484375
vt 0.5 0.453125
vt 0.51953125 0.453125
vt 0.51953125 0.484375
vt 0.5 0.484375
vt 0.5 0.453125
vt 0.51953125 0.46875
vt 0.51953125 0.484375
vt 0.5 0.484375
vt 0.5 0.46875
vt 0.51953125 0.46875
vt 0.51953125 0.484375
vt 0.5 0.484375
vt 0.5 0.46875
vn 0.7071067811865477 0.7071067811865475 0
vn -0.7071067811865475 -0.7071067811865476 0
vn -0.7071067811865477 0.7071067811865474 0
vn 0.7071067811865475 -0.7071067811865476 0
vn 0 0 1
vn 0 0 -1
usemtl m_3d215661-f591-00a8-53e2-d8d611c756be
f 539/1741/445 537/1742/445 536/1743/445 538/1744/445
f 542/1745/446 540/1746/446 541/1747/446 543/1748/446
f 536/1749/447 537/1750/447 541/1751/447 540/1752/447
f 539/1753/448 538/1754/448 542/1755/448 543/1756/448
f 538/1757/449 536/1758/449 540/1759/449 542/1760/449
f 543/1761/450 541/1762/450 537/1763/450 539/1764/450
o cube
v -0.02524903057255333 5.430556795603287 -0.625
v -0.02524903057255333 5.430556795603287 -0.75
v -0.04734611748463295 5.408459708691208 -0.625
v -0.04734611748463295 5.408459708691208 -0.75
v -0.05839466094067275 5.463702425971407 -0.625
v -0.05839466094067275 5.463702425971407 -0.75
v -0.08049174785275236 5.441605339059327 -0.625
v -0.08049174785275236 5.441605339059327 -0.75
vt 0.5625 0.46875
vt 0.5625 0.484375
vt 0.5 0.484375
vt 0.5 0.46875
vt 0.5625 0.46875
vt 0.5625 0.484375
vt 0.5 0.484375
vt 0.5 0.46875
vt 0.51953125 0.453125
vt 0.51953125 0.484375
vt 0.5 0.484375
vt 0.5 0.453125
vt 0.51953125 0.453125
vt 0.51953125 0.484375
vt 0.5 0.484375
vt 0.5 0.453125
vt 0.51953125 0.46875
vt 0.51953125 0.484375
vt 0.5 0.484375
vt 0.5 0.46875
vt 0.51953125 0.46875
vt 0.51953125 0.484375
vt 0.5 0.484375
vt 0.5 0.46875
vn 0.7071067811865475 -0.7071067811865478 0
vn -0.7071067811865475 0.7071067811865476 0
vn 0.7071067811865475 0.7071067811865476 0
vn -0.7071067811865477 -0.7071067811865475 0
vn 0 0 1
vn 0 0 -1
usemtl m_3d215661-f591-00a8-53e2-d8d611c756be
f 547/1765/451 545/1766/451 544/1767/451 546/1768/451
f 550/1769/452 548/1770/452 549/1771/452 551/1772/452
f 544/1773/453 545/1774/453 549/1775/453 548/1776/453
f 547/1777/454 546/1778/454 550/1779/454 551/1780/454
f 546/1781/455 544/1782/455 548/1783/455 550/1784/455
f 551/1785/456 549/1786/456 545/1787/456 547/1788/456
o cube
v 0.34375 5.8125 -0.3125
v 0.34375 5.8125 -0.375
v 0.34375 5.3125 -0.3125
v 0.34375 5.3125 -0.375
v 0.3125 5.8125 -0.3125
v 0.3125 5.8125 -0.375
v 0.3125 5.3125 -0.3125
v 0.3125 5.3125 -0.375
vt 0.0625 0.5
vt 0.0625 1
vt 0 1
vt 0 0.5
vt 0.0625 0.5
vt 0.0625 1
vt 0 1
vt 0 0.5
vt 0.03125 0.9375
vt 0.03125 1
vt 0 1
vt 0 0.9375
vt 0.03125 0.9375
vt 0.03125 1
vt 0 1
vt 0 0.9375
vt 0.03125 0.5
vt 0.03125 1
vt 0 1
vt 0 0.5
vt 0.0625 0.5
vt 0.0625 1
vt 0.03125 1
vt 0.03125 0.5
vn 1 0 0
vn -1 0 0
vn 0 1 0
vn 0 -1 0
vn 0 0 1
vn 0 0 -1
usemtl m_de520ccc-0234-6a6c-1047-8b7438fb9ffd
f 555/1789/457 553/1790/457 552/1791/457 554/1792/457
f 558/1793/458 556/1794/458 557/1795/458 559/1796/458
f 552/1797/459 553/1798/459 557/1799/459 556/1800/459
f 555/1801/460 554/1802/460 558/1803/460 559/1804/460
f 554/1805/461 552/1806/461 556/1807/461 558/1808/461
f 559/1809/462 557/1810/462 553/1811/462 555/1812/462
o cube
v 0.3125 5.35 -0.30625
v 0.3125 5.35 -0.36875
v 0.3125 5.31875 -0.30625
v 0.3125 5.31875 -0.36875
v -0.3125 5.35 -0.30625
v -0.3125 5.35 -0.36875
v -0.3125 5.31875 -0.30625
v -0.3125 5.31875 -0.36875
vt 3.4375 0.8125
vt 3.4375 0.84375
vt 3.375 0.84375
vt 3.375 0.8125
vt 3.5 0.8125
vt 3.5 0.84375
vt 3.4375 0.84375
vt 3.4375 0.8125
vt 4 0.8125
vt 4 0.875
vt 3.375 0.875
vt 3.375 0.8125
vt 4 0.875
vt 4 0.9375
vt 3.375 0.9375
vt 3.375 0.875
vt 4 0.8125
vt 4 0.84375
vt 3.375 0.84375
vt 3.375 0.8125
vt 4 0.8125
vt 4 0.84375
vt 3.375 0.84375
vt 3.375 0.8125
vn 1 0 0
vn -1 0 0
vn 0 1 0
vn 0 -1 0
vn 0 0 1
vn 0 0 -1
usemtl m_de520ccc-0234-6a6c-1047-8b7438fb9ffd
f 563/1813/463 561/1814/463 560/1815/463 562/1816/463
f 566/1817/464 564/1818/464 565/1819/464 567/1820/464
f 560/1821/465 561/1822/465 565/1823/465 564/1824/465
f 563/1825/466 562/1826/466 566/1827/466 567/1828/466
f 562/1829/467 560/1830/467 564/1831/467 566/1832/467
f 567/1833/468 565/1834/468 561/1835/468 563/1836/468
o cube
v -0.3125 5.8125 -0.3125
v -0.3125 5.8125 -0.375
v -0.3125 5.3125 -0.3125
v -0.3125 5.3125 -0.375
v -0.34375 5.8125 -0.3125
v -0.34375 5.8125 -0.375
v -0.34375 5.3125 -0.3125
v -0.34375 5.3125 -0.375
vt 0.0625 0.5
vt 0.0625 1
vt 0 1
vt 0 0.5
vt 0.0625 0.5
vt 0.0625 1
vt 0 1
vt 0 0.5
vt 0.0625 0.9375
vt 0.0625 1
vt 0.03125 1
vt 0.03125 0.9375
vt 0.0625 0.9375
vt 0.0625 1
vt 0.03125 1
vt 0.03125 0.9375
vt 0.0625 0.5
vt 0.0625 1
vt 0.03125 1
vt 0.03125 0.5
vt 0.03125 0.5
vt 0.03125 1
vt 0 1
vt 0 0.5
vn 1 0 0
vn -1 0 0
vn 0 1 0
vn 0 -1 0
vn 0 0 1
vn 0 0 -1
usemtl m_de520ccc-0234-6a6c-1047-8b7438fb9ffd
f 571/1837/469 569/1838/469 568/1839/469 570/1840/469
f 574/1841/470 572/1842/470 573/1843/470 575/1844/470
f 568/1845/471 569/1846/471 573/1847/471 572/1848/471
f 571/1849/472 570/1850/472 574/1851/472 575/1852/472
f 570/1853/473 568/1854/473 572/1855/473 574/1856/473
f 575/1857/474 573/1858/474 569/1859/474 571/1860/474
o cube
v 0.0625 5.375 -0.25
v 0.0625 5.375 -0.5
v 0.0625 5.3125 -0.25
v 0.0625 5.3125 -0.5
v -0.0625 5.375 -0.25
v -0.0625 5.375 -0.5
v -0.0625 5.3125 -0.25
v -0.0625 5.3125 -0.5
vt 0.25 0.9375
vt 0.25 1
vt 0 1
vt 0 0.9375
vt 0.25 0.9375
vt 0.25 1
vt 0 1
vt 0 0.9375
vt 0.1875 0.75
vt 0.1875 1
vt 0.0625 1
vt 0.0625 0.75
vt 0.1875 0.75
vt 0.1875 1
vt 0.0625 1
vt 0.0625 0.75
vt 0.1875 0.9375
vt 0.1875 1
vt 0.0625 1
vt 0.0625 0.9375
vt 0.1875 0.9375
vt 0.1875 1
vt 0.0625 1
vt 0.0625 0.9375
vn 1 0 0
vn -1 0 0
vn 0 1 0
vn 0 -1 0
vn 0 0 1
vn 0 0 -1
usemtl m_de520ccc-0234-6a6c-1047-8b7438fb9ffd
f 579/1861/475 577/1862/475 576/1863/475 578/1864/475
f 582/1865/476 580/1866/476 581/1867/476 583/1868/476
f 576/1869/477 577/1870/477 581/1871/477 580/1872/477
f 579/1873/478 578/1874/478 582/1875/478 583/1876/478
f 578/1877/479 576/1878/479 580/1879/479 582/1880/479
f 583/1881/480 581/1882/480 577/1883/480 579/1884/480
o cube
v 0.04999999999999999 5.3125 -0.25
v 0.04999999999999999 5.3125 -0.375
v 0.04999999999999999 5.25 -0.25
v 0.04999999999999999 5.25 -0.375
v -0.04999999999999999 5.3125 -0.25
v -0.04999999999999999 5.3125 -0.375
v -0.04999999999999999 5.25 -0.25
v -0.04999999999999999 5.25 -0.375
vt 0.125 0.9375
vt 0.125 1
vt 0 1
vt 0 0.9375
vt 0.25 0.9375
vt 0.25 1
vt 0.125 1
vt 0.125 0.9375
vt 0.175 0.75
vt 0.175 0.875
vt 0.075 0.875
vt 0.075 0.75
vt 0.175 0.875
vt 0.175 1
vt 0.075 1
vt 0.075 0.875
vt 0.175 0.9375
vt 0.175 1
vt 0.075 1
vt 0.075 0.9375
vt 0.175 0.9375
vt 0.175 1
vt 0.075 1
vt 0.075 0.9375
vn 1 0 0
vn -1 0 0
vn 0 1 0
vn 0 -1 0
vn 0 0 1
vn 0 0 -1
usemtl m_de520ccc-0234-6a6c-1047-8b7438fb9ffd
f 587/1885/481 585/1886/481 584/1887/481 586/1888/481
f 590/1889/482 588/1890/482 589/1891/482 591/1892/482
f 584/1893/483 585/1894/483 589/1895/483 588/1896/483
f 587/1897/484 586/1898/484 590/1899/484 591/1900/484
f 586/1901/485 584/1902/485 588/1903/485 590/1904/485
f 591/1905/486 589/1906/486 585/1907/486 587/1908/486
o cube
v 0.056249999999999994 5.238368091822523 -0.1898137303927247
v 0.056249999999999994 5.381874378959432 -0.5362685550844573
v 0.056249999999999994 5.180625621040568 -0.2137314449155428
v 0.056249999999999994 5.324131908177477 -0.5601862696072752
v -0.056249999999999994 5.238368091822523 -0.1898137303927247
v -0.056249999999999994 5.381874378959432 -0.5362685550844573
v -0.056249999999999994 5.180625621040568 -0.2137314449155428
v -0.056249999999999994 5.324131908177477 -0.5601862696072752
vt 0.375 0.9375
vt 0.375 1
vt 0 1
vt 0 0.9375
vt 0.375 0.9375
vt 0.375 1
vt 0 1
vt 0 0.9375
vt 0.18125 0.625
vt 0.18125 1
vt 0.06875 1
vt 0.06875 0.625
vt 0.18125 0.625
vt 0.18125 1
vt 0.06875 1
vt 0.06875 0.625
vt 0.18125 0.9375
vt 0.18125 1
vt 0.06875 1
vt 0.06875 0.9375
vt 0.18125 0.9375
vt 0.18125 1
vt 0.06875 1
vt 0.06875 0.9375
vn 1 0 0
vn -1 0 0
vn 0 0.9238795325112867 0.3826834323650897
vn 0 -0.9238795325112867 -0.3826834323650897
vn 0 -0.3826834323650896 0.9238795325112868
vn 0 0.3826834323650896 -0.9238795325112868
usemtl m_de520ccc-0234-6a6c-1047-8b7438fb9ffd
f 595/1909/487 593/1910/487 592/1911/487 594/1912/487
f 598/1913/488 596/1914/488 597/1915/488 599/1916/488
f 592/1917/489 593/1918/489 597/1919/489 596/1920/489
f 595/1921/490 594/1922/490 598/1923/490 599/1924/490
f 594/1925/491 592/1926/491 596/1927/491 598/1928/491
f 599/1929/492 597/1930/492 593/1931/492 595/1932/492
o cube
v 0.203125 5.6875 -0.5
v 0.203125 5.6875 -0.625
v 0.203125 5.3125 -0.5
v 0.203125 5.3125 -0.625
v -0.203125 5.6875 -0.5
v -0.203125 5.6875 -0.625
v -0.203125 5.3125 -0.5
v -0.203125 5.3125 -0.625
vt 0.53125 0.390625
vt 0.53125 0.484375
vt 0.5 0.484375
vt 0.5 0.390625
vt 0.53125 0.390625
vt 0.53125 0.484375
vt 0.5 0.484375
vt 0.5 0.390625
vt 0.609375 0.453125
vt 0.609375 0.484375
vt 0.5 0.484375
vt 0.5 0.453125
vt 0.609375 0.453125
vt 0.609375 0.484375
vt 0.5 0.484375
vt 0.5 0.453125
vt 0.40625 0.625
vt 0.40625 0.71875
vt 0.296875 0.71875
vt 0.296875 0.625
vt 0.40625 0.625
vt 0.40625 0.71875
vt 0.296875 0.71875
vt 0.296875 0.625
vn 1 0 0
vn -1 0 0
vn 0 1 0
vn 0 -1 0
vn 0 0 1
vn 0 0 -1
usemtl m_3d215661-f591-00a8-53e2-d8d611c756be
f 603/1933/493 601/1934/493 600/1935/493 602/1936/493
f 606/1937/494 604/1938/494 605/1939/494 607/1940/494
f 600/1941/495 601/1942/495 605/1943/495 604/1944/495
f 603/1945/496 602/1946/496 606/1947/496 607/1948/496
f 602/1949/497 600/1950/497 604/1951/497 606/1952/497
f 607/1953/498 605/1954/498 601/1955/498 603/1956/498
o cube
v 0.375 7.25 -0.375
v 0.375 7.25 -0.4375
v 0.375 6.375 -0.375
v 0.375 6.375 -0.4375
v -0.375 7.25 -0.375
v -0.375 7.25 -0.4375
v -0.375 6.375 -0.375
v -0.375 6.375 -0.4375
vt 0.28125 0.484375
vt 0.28125 0.703125
vt 0.265625 0.703125
vt 0.265625 0.484375
vt 0.484375 0.484375
vt 0.484375 0.703125
vt 0.46875 0.703125
vt 0.46875 0.484375
vt 0.44140625 0.046875
vt 0.44140625 0.0625
vt 0.25390625 0.0625
vt 0.25390625 0.046875
vt 0.44140625 0.09375
vt 0.44140625 0.109375
vt 0.25390625 0.109375
vt 0.25390625 0.09375
vt 0.46875 0.484375
vt 0.46875 0.703125
vt 0.28125 0.703125
vt 0.28125 0.484375
vt 0.46875 0.484375
vt 0.46875 0.703125
vt 0.28125 0.703125
vt 0.28125 0.484375
vn 1 0 0
vn -1 0 0
vn 0 1 0
vn 0 -1 0
vn 0 0 1
vn 0 0 -1
usemtl m_3d215661-f591-00a8-53e2-d8d611c756be
f 611/1957/499 609/1958/499 608/1959/499 610/1960/499
f 614/1961/500 612/1962/500 613/1963/500 615/1964/500
f 608/1965/501 609/1966/501 613/1967/501 612/1968/501
f 611/1969/502 610/1970/502 614/1971/502 615/1972/502
f 610/1973/503 608/1974/503 612/1975/503 614/1976/503
f 615/1977/504 613/1978/504 609/1979/504 611/1980/504
o cube
v 0.375 6.375 -0.375
v 0.375 6.375 -0.4375
v 0.375 5.8125 -0.375
v 0.375 5.8125 -0.4375
v -0.375 6.375 -0.375
v -0.375 6.375 -0.4375
v -0.375 5.8125 -0.375
v -0.375 5.8125 -0.4375
vt 0.28125 0.328125
vt 0.28125 0.46875
vt 0.265625 0.46875
vt 0.265625 0.328125
vt 0.484375 0.328125
vt 0.484375 0.46875
vt 0.46875 0.46875
vt 0.46875 0.328125
vt 0.41015625 0.109375
vt 0.41015625 0.125
vt 0.22265625 0.125
vt 0.22265625 0.109375
vt 0.47265625 0.328125
vt 0.47265625 0.34375
vt 0.28515625 0.34375
vt 0.28515625 0.328125
vt 0.46875 0.328125
vt 0.46875 0.46875
vt 0.28125 0.46875
vt 0.28125 0.328125
vt 0.46875 0.328125
vt 0.46875 0.46875
vt 0.28125 0.46875
vt 0.28125 0.328125
vn 1 0 0
vn -1 0 0
vn 0 1 0
vn 0 -1 0
vn 0 0 1
vn 0 0 -1
usemtl m_3d215661-f591-00a8-53e2-d8d611c756be
f 619/1981/505 617/1982/505 616/1983/505 618/1984/505
f 622/1985/506 620/1986/506 621/1987/506 623/1988/506
f 616/1989/507 617/1990/507 621/1991/507 620/1992/507
f 619/1993/508 618/1994/508 622/1995/508 623/1996/508
f 618/1997/509 616/1998/509 620/1999/509 622/2000/509
f 623/2001/510 621/2002/510 617/2003/510 619/2004/510
o cube
v 0.25 7.375 -0.375
v 0.25 7.375 -0.4375
v 0.25 7.25 -0.375
v 0.25 7.25 -0.4375
v -0.25 7.375 -0.375
v -0.25 7.375 -0.4375
v -0.25 7.25 -0.375
v -0.25 7.25 -0.4375
vt 0.296875 0.703125
vt 0.296875 0.734375
vt 0.28125 0.734375
vt 0.28125 0.703125
vt 0.46875 0.703125
vt 0.46875 0.734375
vt 0.453125 0.734375
vt 0.453125 0.703125
vt 0.4375 0.71875
vt 0.4375 0.734375
vt 0.3125 0.734375
vt 0.3125 0.71875
vt 0.42578125 0.125
vt 0.42578125 0.140625
vt 0.30078125 0.140625
vt 0.30078125 0.125
vt 0.4375 0.703125
vt 0.4375 0.734375
vt 0.3125 0.734375
vt 0.3125 0.703125
vt 0.4375 0.703125
vt 0.4375 0.734375
vt 0.3125 0.734375
vt 0.3125 0.703125
vn 1 0 0
vn -1 0 0
vn 0 1 0
vn 0 -1 0
vn 0 0 1
vn 0 0 -1
usemtl m_3d215661-f591-00a8-53e2-d8d611c756be
f 627/2005/511 625/2006/511 624/2007/511 626/2008/511
f 630/2009/512 628/2010/512 629/2011/512 631/2012/512
f 624/2013/513 625/2014/513 629/2015/513 628/2016/513
f 627/2017/514 626/2018/514 630/2019/514 631/2020/514
f 626/2021/515 624/2022/515 628/2023/515 630/2024/515
f 631/2025/516 629/2026/516 625/2027/516 627/2028/516
o cube
v 0.37499973721942326 7.249999809560398 -0.36875
v 0.37499973721942326 7.249999809560398 -0.43125
v 0.2866113895711049 7.16161146191208 -0.36875
v 0.2866113895711049 7.16161146191208 -0.43125
v 0.25000005209169485 7.374999494688127 -0.36875
v 0.25000005209169485 7.374999494688127 -0.43125
v 0.16161170444337636 7.2866111470398085 -0.36875
v 0.16161170444337636 7.2866111470398085 -0.43125
vt 0.46875 0.703125
vt 0.46875 0.734375
vt 0.453125 0.734375
vt 0.453125 0.703125
vt 0.46875 0.703125
vt 0.46875 0.734375
vt 0.453125 0.734375
vt 0.453125 0.703125
vt 0.44921875 0.71875
vt 0.44921875 0.734375
vt 0.4140625 0.734375
vt 0.4140625 0.71875
vt 0.37109375 0.09375
vt 0.37109375 0.109375
vt 0.3359375 0.109375
vt 0.3359375 0.09375
vt 0.46484375 0.703125
vt 0.46484375 0.734375
vt 0.4296875 0.734375
vt 0.4296875 0.703125
vt 0.46484375 0.703125
vt 0.46484375 0.734375
vt 0.4296875 0.734375
vt 0.4296875 0.703125
vn 0.7071067811865476 -0.7071067811865476 0
vn -0.7071067811865471 0.707106781186548 0
vn 0.7071067811865476 0.7071067811865476 0
vn -0.7071067811865472 -0.7071067811865479 0
vn 0 0 1
vn 0 0 -1
usemtl m_3d215661-f591-00a8-53e2-d8d611c756be
f 635/2029/517 633/2030/517 632/2031/517 634/2032/517
f 638/2033/518 636/2034/518 637/2035/518 639/2036/518
f 632/2037/519 633/2038/519 637/2039/519 636/2040/519
f 635/2041/520 634/2042/520 638/2043/520 639/2044/520
f 634/2045/521 632/2046/521 636/2047/521 638/2048/521
f 639/2049/522 637/2050/522 633/2051/522 635/2052/522
o cube
v -0.24999980956039802 7.374999737219423 -0.36875
v -0.24999980956039802 7.374999737219423 -0.43125
v -0.16161146191207962 7.286611389571105 -0.36875
v -0.16161146191207962 7.286611389571105 -0.43125
v -0.37499993662986464 7.249999610149957 -0.36875
v -0.37499993662986464 7.249999610149957 -0.43125
v -0.28661158898154626 7.161611262501639 -0.36875
v -0.28661158898154626 7.161611262501639 -0.43125
vt 0.46875 0.703125
vt 0.46875 0.734375
vt 0.453125 0.734375
vt 0.453125 0.703125
vt 0.46875 0.703125
vt 0.46875 0.734375
vt 0.453125 0.734375
vt 0.453125 0.703125
vt 0.44921875 0.71875
vt 0.44921875 0.734375
vt 0.4140625 0.734375
vt 0.4140625 0.71875
vt 0.37109375 0.09375
vt 0.37109375 0.109375
vt 0.3359375 0.109375
vt 0.3359375 0.09375
vt 0.46484375 0.703125
vt 0.46484375 0.734375
vt 0.4296875 0.734375
vt 0.4296875 0.703125
vt 0.46484375 0.703125
vt 0.46484375 0.734375
vt 0.4296875 0.734375
vt 0.4296875 0.703125
vn 0.7071067811865475 0.7071067811865477 0
vn -0.7071067811865476 -0.7071067811865476 0
vn -0.7071067811865478 0.7071067811865474 0
vn 0.7071067811865477 -0.7071067811865474 0
vn 0 0 1
vn 0 0 -1
usemtl m_3d215661-f591-00a8-53e2-d8d611c756be
f 643/2053/523 641/2054/523 640/2055/523 642/2056/523
f 646/2057/524 644/2058/524 645/2059/524 647/2060/524
f 640/2061/525 641/2062/525 645/2063/525 644/2064/525
f 643/2065/526 642/2066/526 646/2067/526 647/2068/526
f 642/2069/527 640/2070/527 644/2071/527 646/2072/527
f 647/2073/528 645/2074/528 641/2075/528 643/2076/528
o cube
v 0.234375 7.15625 -0.25
v 0.234375 7.15625 -0.375
v 0.234375 6.96875 -0.25
v 0.234375 6.96875 -0.375
v 0.046875 7.15625 -0.25
v 0.046875 7.15625 -0.375
v 0.046875 6.96875 -0.25
v 0.046875 6.96875 -0.375
vt 0.53125 0.4375
vt 0.53125 0.484375
vt 0.5 0.484375
vt 0.5 0.4375
vt 0.53125 0.4375
vt 0.53125 0.484375
vt 0.5 0.484375
vt 0.5 0.4375
vt 0.546875 0.453125
vt 0.546875 0.484375
vt 0.5 0.484375
vt 0.5 0.453125
vt 0.546875 0.453125
vt 0.546875 0.484375
vt 0.5 0.484375
vt 0.5 0.453125
vt 0.546875 0.4375
vt 0.546875 0.484375
vt 0.5 0.484375
vt 0.5 0.4375
vt 0.546875 0.4375
vt 0.546875 0.484375
vt 0.5 0.484375
vt 0.5 0.4375
vn 1 0 0
vn -1 0 0
vn 0 1 0
vn 0 -1 0
vn 0 0 1
vn 0 0 -1
usemtl m_3d215661-f591-00a8-53e2-d8d611c756be
f 651/2077/529 649/2078/529 648/2079/529 650/2080/529
f 654/2081/530 652/2082/530 653/2083/530 655/2084/530
f 648/2085/531 649/2086/531 653/2087/531 652/2088/531
f 651/2089/532 650/2090/532 654/2091/532 655/2092/532
f 650/2093/533 648/2094/533 652/2095/533 654/2096/533
f 655/2097/534 653/2098/534 649/2099/534 651/2100/534
o cube
v -0.03125 7.15625 -0.25
v -0.03125 7.15625 -0.375
v -0.03125 6.96875 -0.25
v -0.03125 6.96875 -0.375
v -0.21875 7.15625 -0.25
v -0.21875 7.15625 -0.375
v -0.21875 6.96875 -0.25
v -0.21875 6.96875 -0.375
vt 0.53125 0.4375
vt 0.53125 0.484375
vt 0.5 0.484375
vt 0.5 0.4375
vt 0.53125 0.4375
vt 0.53125 0.484375
vt 0.5 0.484375
vt 0.5 0.4375
vt 0.546875 0.453125
vt 0.546875 0.484375
vt 0.5 0.484375
vt 0.5 0.453125
vt 0.546875 0.453125
vt 0.546875 0.484375
vt 0.5 0.484375
vt 0.5 0.453125
vt 0.546875 0.4375
vt 0.546875 0.484375
vt 0.5 0.484375
vt 0.5 0.4375
vt 0.546875 0.4375
vt 0.546875 0.484375
vt 0.5 0.484375
vt 0.5 0.4375
vn 1 0 0
vn -1 0 0
vn 0 1 0
vn 0 -1 0
vn 0 0 1
vn 0 0 -1
usemtl m_3d215661-f591-00a8-53e2-d8d611c756be
f 659/2101/535 657/2102/535 656/2103/535 658/2104/535
f 662/2105/536 660/2106/536 661/2107/536 663/2108/536
f 656/2109/537 657/2110/537 661/2111/537 660/2112/537
f 659/2113/538 658/2114/538 662/2115/538 663/2116/538
f 658/2117/539 656/2118/539 660/2119/539 662/2120/539
f 663/2121/540 661/2122/540 657/2123/540 659/2124/540
o cube
v 0.3125 7.3125 -0.3125
v 0.3125 7.3125 -0.375
v 0.3125 7.25 -0.3125
v 0.3125 7.25 -0.375
v -0.3125 7.3125 -0.3125
v -0.3125 7.3125 -0.375
v -0.3125 7.25 -0.3125
v -0.3125 7.25 -0.375
vt 0.515625 0.46875
vt 0.515625 0.484375
vt 0.5 0.484375
vt 0.5 0.46875
vt 0.515625 0.46875
vt 0.515625 0.484375
vt 0.5 0.484375
vt 0.5 0.46875
vt 0.65625 0.46875
vt 0.65625 0.484375
vt 0.5 0.484375
vt 0.5 0.46875
vt 0.65625 0.46875
vt 0.65625 0.484375
vt 0.5 0.484375
vt 0.5 0.46875
vt 0.65625 0.46875
vt 0.65625 0.484375
vt 0.5 0.484375
vt 0.5 0.46875
vt 0.65625 0.46875
vt 0.65625 0.484375
vt 0.5 0.484375
vt 0.5 0.46875
vn 1 0 0
vn -1 0 0
vn 0 1 0
vn 0 -1 0
vn 0 0 1
vn 0 0 -1
usemtl m_3d215661-f591-00a8-53e2-d8d611c756be
f 667/2125/541 665/2126/541 664/2127/541 666/2128/541
f 670/2129/542 668/2130/542 669/2131/542 671/2132/542
f 664/2133/543 665/2134/543 669/2135/543 668/2136/543
f 667/2137/544 666/2138/544 670/2139/544 671/2140/544
f 666/2141/545 664/2142/545 668/2143/545 670/2144/545
f 671/2145/546 669/2146/546 665/2147/546 667/2148/546
o cube
v 0.1875 7.0625 -0.3125
v 0.1875 7.0625 -0.375
v 0.1875 7 -0.3125
v 0.1875 7 -0.375
v -0.1875 7.0625 -0.3125
v -0.1875 7.0625 -0.375
v -0.1875 7 -0.3125
v -0.1875 7 -0.375
vt 0.515625 0.46875
vt 0.515625 0.484375
vt 0.5 0.484375
vt 0.5 0.46875
vt 0.515625 0.46875
vt 0.515625 0.484375
vt 0.5 0.484375
vt 0.5 0.46875
vt 0.65625 0.46875
vt 0.65625 0.484375
vt 0.5 0.484375
vt 0.5 0.46875
vt 0.65625 0.46875
vt 0.65625 0.484375
vt 0.5 0.484375
vt 0.5 0.46875
vt 0.65625 0.46875
vt 0.65625 0.484375
vt 0.5 0.484375
vt 0.5 0.46875
vt 0.65625 0.46875
vt 0.65625 0.484375
vt 0.5 0.484375
vt 0.5 0.46875
vn 1 0 0
vn -1 0 0
vn 0 1 0
vn 0 -1 0
vn 0 0 1
vn 0 0 -1
usemtl m_3d215661-f591-00a8-53e2-d8d611c756be
f 675/2149/547 673/2150/547 672/2151/547 674/2152/547
f 678/2153/548 676/2154/548 677/2155/548 679/2156/548
f 672/2157/549 673/2158/549 677/2159/549 676/2160/549
f 675/2161/550 674/2162/550 678/2163/550 679/2164/550
f 674/2165/551 672/2166/551 676/2167/551 678/2168/551
f 679/2169/552 677/2170/552 673/2171/552 675/2172/552
o cube
v 0.1875 6.0625 -0.3125
v 0.1875 6.0625 -0.375
v 0.1875 6 -0.3125
v 0.1875 6 -0.375
v -0.1875 6.0625 -0.3125
v -0.1875 6.0625 -0.375
v -0.1875 6 -0.3125
v -0.1875 6 -0.375
vt 0.515625 0.46875
vt 0.515625 0.484375
vt 0.5 0.484375
vt 0.5 0.46875
vt 0.515625 0.46875
vt 0.515625 0.484375
vt 0.5 0.484375
vt 0.5 0.46875
vt 0.65625 0.46875
vt 0.65625 0.484375
vt 0.5 0.484375
vt 0.5 0.46875
vt 0.65625 0.46875
vt 0.65625 0.484375
vt 0.5 0.484375
vt 0.5 0.46875
vt 0.65625 0.46875
vt 0.65625 0.484375
vt 0.5 0.484375
vt 0.5 0.46875
vt 0.65625 0.46875
vt 0.65625 0.484375
vt 0.5 0.484375
vt 0.5 0.46875
vn 1 0 0
vn -1 0 0
vn 0 1 0
vn 0 -1 0
vn 0 0 1
vn 0 0 -1
usemtl m_3d215661-f591-00a8-53e2-d8d611c756be
f 683/2173/553 681/2174/553 680/2175/553 682/2176/553
f 686/2177/554 684/2178/554 685/2179/554 687/2180/554
f 680/2181/555 681/2182/555 685/2183/555 684/2184/555
f 683/2185/556 682/2186/556 686/2187/556 687/2188/556
f 682/2189/557 680/2190/557 684/2191/557 686/2192/557
f 687/2193/558 685/2194/558 681/2195/558 683/2196/558
o cube
v 0.1644286351310005 7.0626784584534015 -0.3125
v 0.1644286351310005 7.0626784584534015 -0.375
v 0.2080480224963365 6.0636302368715445 -0.3125
v 0.2080480224963365 6.0636302368715445 -0.375
v 0.10198812128213439 7.059952246743068 -0.3125
v 0.10198812128213439 7.059952246743068 -0.375
v 0.14560750864747038 6.060904025161211 -0.3125
v 0.14560750864747038 6.060904025161211 -0.375
vt 0.515625 0.390625
vt 0.515625 0.484375
vt 0.5 0.484375
vt 0.5 0.390625
vt 0.515625 0.390625
vt 0.515625 0.484375
vt 0.5 0.484375
vt 0.5 0.390625
vt 0.53125 0.4375
vt 0.53125 0.453125
vt 0.515625 0.453125
vt 0.515625 0.4375
vt 0.546875 0.4375
vt 0.546875 0.453125
vt 0.53125 0.453125
vt 0.53125 0.4375
vt 0.515625 0.390625
vt 0.515625 0.484375
vt 0.5 0.484375
vt 0.5 0.390625
vt 0.515625 0.390625
vt 0.515625 0.484375
vt 0.5 0.484375
vt 0.5 0.390625
vn 0.9990482215818578 0.04361938736533601 0
vn -0.9990482215818578 -0.04361938736533599 0
vn -0.043619387365336326 0.9990482215818579 0
vn 0.04361938736533943 -0.9990482215818577 0
vn 0 0 1
vn 0 0 -1
usemtl m_3d215661-f591-00a8-53e2-d8d611c756be
f 691/2197/559 689/2198/559 688/2199/559 690/2200/559
f 694/2201/560 692/2202/560 693/2203/560 695/2204/560
f 688/2205/561 689/2206/561 693/2207/561 692/2208/561
f 691/2209/562 690/2210/562 694/2211/562 695/2212/562
f 690/2213/563 688/2214/563 692/2215/563 694/2216/563
f 695/2217/564 693/2218/564 689/2219/564 691/2220/564
o cube
v -0.03125 6.15625 -0.25
v -0.03125 6.15625 -0.375
v -0.03125 5.96875 -0.25
v -0.03125 5.96875 -0.375
v -0.21875 6.15625 -0.25
v -0.21875 6.15625 -0.375
v -0.21875 5.96875 -0.25
v -0.21875 5.96875 -0.375
vt 0.53125 0.4375
vt 0.53125 0.484375
vt 0.5 0.484375
vt 0.5 0.4375
vt 0.53125 0.4375
vt 0.53125 0.484375
vt 0.5 0.484375
vt 0.5 0.4375
vt 0.546875 0.453125
vt 0.546875 0.484375
vt 0.5 0.484375
vt 0.5 0.453125
vt 0.546875 0.453125
vt 0.546875 0.484375
vt 0.5 0.484375
vt 0.5 0.453125
vt 0.546875 0.4375
vt 0.546875 0.484375
vt 0.5 0.484375
vt 0.5 0.4375
vt 0.546875 0.4375
vt 0.546875 0.484375
vt 0.5 0.484375
vt 0.5 0.4375
vn 1 0 0
vn -1 0 0
vn 0 1 0
vn 0 -1 0
vn 0 0 1
vn 0 0 -1
usemtl m_3d215661-f591-00a8-53e2-d8d611c756be
f 699/2221/565 697/2222/565 696/2223/565 698/2224/565
f 702/2225/566 700/2226/566 701/2227/566 703/2228/566
f 696/2229/567 697/2230/567 701/2231/567 700/2232/567
f 699/2233/568 698/2234/568 702/2235/568 703/2236/568
f 698/2237/569 696/2238/569 700/2239/569 702/2240/569
f 703/2241/570 701/2242/570 697/2243/570 699/2244/570
o cube
v 0.234375 6.15625 -0.25
v 0.234375 6.15625 -0.375
v 0.234375 5.96875 -0.25
v 0.234375 5.96875 -0.375
v 0.046875 6.15625 -0.25
v 0.046875 6.15625 -0.375
v 0.046875 5.96875 -0.25
v 0.046875 5.96875 -0.375
vt 0.53125 0.4375
vt 0.53125 0.484375
vt 0.5 0.484375
vt 0.5 0.4375
vt 0.53125 0.4375
vt 0.53125 0.484375
vt 0.5 0.484375
vt 0.5 0.4375
vt 0.546875 0.453125
vt 0.546875 0.484375
vt 0.5 0.484375
vt 0.5 0.453125
vt 0.546875 0.453125
vt 0.546875 0.484375
vt 0.5 0.484375
vt 0.5 0.453125
vt 0.546875 0.4375
vt 0.546875 0.484375
vt 0.5 0.484375
vt 0.5 0.4375
vt 0.546875 0.4375
vt 0.546875 0.484375
vt 0.5 0.484375
vt 0.5 0.4375
vn 1 0 0
vn -1 0 0
vn 0 1 0
vn 0 -1 0
vn 0 0 1
vn 0 0 -1
usemtl m_3d215661-f591-00a8-53e2-d8d611c756be
f 707/2245/571 705/2246/571 704/2247/571 706/2248/571
f 710/2249/572 708/2250/572 709/2251/572 711/2252/572
f 704/2253/573 705/2254/573 709/2255/573 708/2256/573
f 707/2257/574 706/2258/574 710/2259/574 711/2260/574
f 706/2261/575 704/2262/575 708/2263/575 710/2264/575
f 711/2265/576 709/2266/576 705/2267/576 707/2268/576
o circle
v 0.125 7.0625 -0.478125
v 0.15012 7.15625 -0.478125
v 0.19363 7.13113 -0.478125
v 0.21875 7.08762 -0.478125
v 0.21875 7.03738 -0.478125
v 0.19363 6.99387 -0.478125
v 0.15012 6.96875 -0.478125
v 0.09988 6.96875 -0.478125
v 0.05637 6.99387 -0.478125
v 0.03125 7.03738 -0.478125
v 0.03125 7.08762 -0.478125
v 0.05637 7.13113 -0.478125
v 0.09988 7.15625 -0.478125
vt 0.3247625 0.6752374999999999
vt 0.375 0.7622625000000001
vt 0.1875 0.8125
vt 0.375 0.7622625000000001
vt 0.375 0.8627374999999999
vt 0.1875 0.8125
vt 0.375 0.8627374999999999
vt 0.3247625 0.9497625
vt 0.1875 0.8125
vt 0.3247625 0.9497625
vt 0.2377375 1
vt 0.1875 0.8125
vt 0.2377375 1
vt 0.1372625 1
vt 0.1875 0.8125
vt 0.1372625 1
vt 0.0502375 0.9497625
vt 0.1875 0.8125
vt 0.0502375 0.9497625
vt 0 0.8627374999999999
vt 0.1875 0.8125
vt 0 0.8627374999999999
vt 0 0.7622625000000001
vt 0.1875 0.8125
vt 0 0.7622625000000001
vt 0.0502375 0.6752374999999999
vt 0.1875 0.8125
vt 0.0502375 0.6752374999999999
vt 0.1372625 0.625
vt 0.1875 0.8125
vt 0.1372625 0.625
vt 0.2377375 0.625
vt 0.1875 0.8125
vt 0.2377375 0.625
vt 0.3247625 0.6752374999999999
vt 0.1875 0.8125
vn -1.1730369563575763e-17 1.12836211089253e-16 -1
vn 0 6.905746321563724e-17 -1
vn 1.173036956357576e-17 1.12836211089253e-16 -1
vn 6.409901158068214e-17 1.6520485310635936e-16 -1
vn 0 1.4802973661668756e-16 -1
vn -6.409901158068214e-17 1.6520485310635936e-16 -1
vn -1.1730369563575763e-17 1.12836211089253e-16 -1
vn 0 6.905746321563724e-17 -1
vn 1.173036956357576e-17 1.12836211089253e-16 -1
vn 6.409901158068214e-17 1.6520485310635936e-16 -1
vn 0 1.4802973661668756e-16 -1
vn -6.409901158068214e-17 1.6520485310635936e-16 -1
usemtl m_ac3999ef-95b5-0d58-6ef6-8589e28d3a01
f 714/2269/577 715/2270/577 712/2271/577
f 715/2272/578 716/2273/578 712/2274/578
f 716/2275/579 717/2276/579 712/2277/579
f 717/2278/580 718/2279/580 712/2280/580
f 718/2281/581 719/2282/581 712/2283/581
f 719/2284/582 720/2285/582 712/2286/582
f 720/2287/583 721/2288/583 712/2289/583
f 721/2290/584 722/2291/584 712/2292/584
f 722/2293/585 723/2294/585 712/2295/585
f 723/2296/586 724/2297/586 712/2298/586
f 724/2299/587 713/2300/587 712/2301/587
f 713/2302/588 714/2303/588 712/2304/588
o tube
v 0.15221375 7.1640625 -0.4375
v 0.15221375 7.1640625 -0.5
v 0.1448 7.136395 -0.4375
v 0.1448 7.136395 -0.5
v 0.19934875000000002 7.13684875 -0.4375
v 0.19934875000000002 7.13684875 -0.5
v 0.179095 7.116595 -0.4375
v 0.179095 7.116595 -0.5
v 0.2265625 7.08971375 -0.4375
v 0.2265625 7.08971375 -0.5
v 0.198895 7.0823 -0.4375
v 0.198895 7.0823 -0.5
v 0.2265625 7.03528625 -0.4375
v 0.2265625 7.03528625 -0.5
v 0.198895 7.0427 -0.4375
v 0.198895 7.0427 -0.5
v 0.19934875000000002 6.98815125 -0.4375
v 0.19934875000000002 6.98815125 -0.5
v 0.179095 7.008405 -0.4375
v 0.179095 7.008405 -0.5
v 0.15221375 6.9609375 -0.4375
v 0.15221375 6.9609375 -0.5
v 0.1448 6.988605 -0.4375
v 0.1448 6.988605 -0.5
v 0.09778625 6.9609375 -0.4375
v 0.09778625 6.9609375 -0.5
v 0.1052 6.988605 -0.4375
v 0.1052 6.988605 -0.5
v 0.050651249999999995 6.98815125 -0.4375
v 0.050651249999999995 6.98815125 -0.5
v 0.070905 7.008405 -0.4375
v 0.070905 7.008405 -0.5
v 0.0234375 7.03528625 -0.4375
v 0.0234375 7.03528625 -0.5
v 0.051105 7.0427 -0.4375
v 0.051105 7.0427 -0.5
v 0.0234375 7.08971375 -0.4375
v 0.0234375 7.08971375 -0.5
v 0.051105 7.0823 -0.4375
v 0.051105 7.0823 -0.5
v 0.050651249999999995 7.13684875 -0.4375
v 0.050651249999999995 7.13684875 -0.5
v 0.070905 7.116595 -0.4375
v 0.070905 7.116595 -0.5
v 0.09778625 7.1640625 -0.4375
v 0.09778625 7.1640625 -0.5
v 0.1052 7.136395 -0.4375
v 0.1052 7.136395 -0.5
vt 0.28125 0.28125
vt 0.29485625 0.28125
vt 0.29485625 0.296875
vt 0.28125 0.296875
vt 0.29115 0.296875
vt 0.28125 0.296875
vt 0.28125 0.28125
vt 0.29115 0.28125
vt 0.28125 0.29502125
vt 0.28125 0.28512140625000004
vt 0.28816765625 0.2832678125
vt 0.28816703125 0.296875
vt 0.28125 0.2899575
vt 0.2948571875 0.2899575
vt 0.29300328125 0.296875
vt 0.2831034375 0.29687453124999996
vt 0.28125 0.28125
vt 0.29485625 0.28125
vt 0.29485625 0.296875
vt 0.28125 0.296875
vt 0.29115 0.296875
vt 0.28125 0.296875
vt 0.28125 0.28125
vt 0.29115 0.28125
vt 0.28125 0.2950215625
vt 0.28125 0.28512171875000003
vt 0.28816703125 0.2832678125
vt 0.28816765625 0.296875
vt 0.28125 0.2899575
vt 0.2948571875 0.2899575
vt 0.29300359375 0.29687453124999996
vt 0.28310390625 0.296875
vt 0.28125 0.28125
vt 0.29485625 0.28125
vt 0.29485625 0.296875
vt 0.28125 0.296875
vt 0.29115 0.296875
vt 0.28125 0.296875
vt 0.28125 0.28125
vt 0.29115 0.28125
vt 0.28125 0.295021875
vt 0.28125 0.28512187499999997
vt 0.2881671875 0.28326874999999996
vt 0.2881671875 0.296875
vt 0.2881671875 0.28326874999999996
vt 0.2881671875 0.296875
vt 0.28125 0.295021875
vt 0.28125 0.28512187499999997
vt 0.28125 0.28125
vt 0.29485625 0.28125
vt 0.29485625 0.296875
vt 0.28125 0.296875
vt 0.29115 0.296875
vt 0.28125 0.296875
vt 0.28125 0.28125
vt 0.29115 0.28125
vt 0.29300328125 0.296875
vt 0.2831034375 0.296875
vt 0.28125 0.28995734375000004
vt 0.2948571875 0.28995796875
vt 0.2881675 0.2832678125
vt 0.2881675 0.296875
vt 0.28125 0.29502109374999996
vt 0.28125046875 0.28512140625000004
vt 0.28125 0.28125
vt 0.29485625 0.28125
vt 0.29485625 0.296875
vt 0.28125 0.296875
vt 0.29115 0.296875
vt 0.28125 0.296875
vt 0.28125 0.28125
vt 0.29115 0.28125
vt 0.29300359375 0.296875
vt 0.28310375 0.296875
vt 0.28125 0.28995796875
vt 0.2948571875 0.28995734375000004
vt 0.2881675 0.2832678125
vt 0.2881675 0.296875
vt 0.28125046875 0.2950215625
vt 0.28125 0.28512171875000003
vt 0.28125 0.28125
vt 0.29485625 0.28125
vt 0.29485625 0.296875
vt 0.28125 0.296875
vt 0.29115 0.296875
vt 0.28125 0.296875
vt 0.28125 0.28125
vt 0.29115 0.28125
vt 0.293003125 0.296875
vt 0.283103125 0.296875
vt 0.28125 0.28995781249999997
vt 0.29485625 0.28995781249999997
vt 0.29485625 0.296875
vt 0.28125 0.296875
vt 0.283103125 0.28995781249999997
vt 0.293003125 0.28995781249999997
vt 0.28125 0.28125
vt 0.29485625 0.28125
vt 0.29485625 0.296875
vt 0.28125 0.296875
vt 0.29115 0.296875
vt 0.28125 0.296875
vt 0.28125 0.28125
vt 0.29115 0.28125
vt 0.28816765625 0.28512171875000003
vt 0.28816765625 0.2950215625
vt 0.28125 0.296875
vt 0.281250625 0.2832678125
vt 0.2948571875 0.296875
vt 0.28125 0.296875
vt 0.28310390625 0.2899575
vt 0.29300359375 0.28995796875
vt 0.28125 0.28125
vt 0.29485625 0.28125
vt 0.29485625 0.296875
vt 0.28125 0.296875
vt 0.29115 0.296875
vt 0.28125 0.296875
vt 0.28125 0.28125
vt 0.29115 0.28125
vt 0.28816765625 0.28512140625000004
vt 0.28816765625 0.29502125
vt 0.281250625 0.296875
vt 0.28125 0.2832678125
vt 0.2948571875 0.296875
vt 0.28125 0.296875
vt 0.2831034375 0.28995796875
vt 0.29300328125 0.2899575
vt 0.28125 0.28125
vt 0.29485625 0.28125
vt 0.29485625 0.296875
vt 0.28125 0.296875
vt 0.29115 0.296875
vt 0.28125 0.296875
vt 0.28125 0.28125
vt 0.29115 0.28125
vt 0.2881671875 0.28512187499999997
vt 0.2881671875 0.295021875
vt 0.28125 0.296875
vt 0.28125 0.28326874999999996
vt 0.28125 0.296875
vt 0.28125 0.28326874999999996
vt 0.2881671875 0.28512187499999997
vt 0.2881671875 0.295021875
vt 0.28125 0.28125
vt 0.29485625 0.28125
vt 0.29485625 0.296875
vt 0.28125 0.296875
vt 0.29115 0.296875
vt 0.28125 0.296875
vt 0.28125 0.28125
vt 0.29115 0.28125
vt 0.28310375 0.28995734375000004
vt 0.29300359375 0.28995734375000004
vt 0.2948571875 0.296875
vt 0.28125 0.296874375
vt 0.28125 0.296875
vt 0.28125 0.2832678125
vt 0.2881675 0.28512171875000003
vt 0.28816703125 0.2950215625
vt 0.28125 0.28125
vt 0.29485625 0.28125
vt 0.29485625 0.296875
vt 0.28125 0.296875
vt 0.29115 0.296875
vt 0.28125 0.296875
vt 0.28125 0.28125
vt 0.29115 0.28125
vt 0.2831034375 0.28995734375000004
vt 0.29300328125 0.28995734375000004
vt 0.2948571875 0.296874375
vt 0.28125 0.296875
vt 0.28125 0.296875
vt 0.28125 0.2832678125
vt 0.28816703125 0.28512140625000004
vt 0.2881675 0.29502109374999996
vt 0.28125 0.28125
vt 0.29485625 0.28125
vt 0.29485625 0.296875
vt 0.28125 0.296875
vt 0.29115 0.296875
vt 0.28125 0.296875
vt 0.28125 0.28125
vt 0.29115 0.28125
vt 0.283103125 0.28995781249999997
vt 0.293003125 0.28995781249999997
vt 0.29485625 0.296875
vt 0.28125 0.296875
vt 0.28125 0.28995781249999997
vt 0.29485625 0.28995781249999997
vt 0.293003125 0.296875
vt 0.283103125 0.296875
vn 0.5000047549191339 0.8660226585131923 0
vn -0.4999956916624099 -0.8660278911900172 -1.7522308367960474e-16
vn 2.87371910369571e-18 -3.4547170238616073e-16 1
vn 3.7620171963428513e-16 6.515922302131103e-16 -1
vn 0.8660226585131922 0.5000047549191339 6.374498086138453e-17
vn -0.8660278911900172 -0.49999569166240987 -8.761154183980233e-17
vn 2.3476139279252257e-17 -8.761100435120046e-17 1
vn 3.6606442754336843e-16 5.057764638352137e-16 -1
vn 1 0 0
vn -1 0 0
vn -4.695297118660372e-17 -1.7522459353301082e-16 1
vn 6.832346365309845e-17 2.54977498650764e-16 -1
vn 0.8660226585131923 -0.5000047549191339 -1.2748996172276903e-16
vn -0.8660278911900172 0.49999569166240987 8.761154183980235e-17
vn 1.5306314603417172e-16 -1.8953483724829323e-16 1
vn 1.8665798426758293e-16 1.8665798426758296e-16 -1
vn 0.5000047549191339 -0.8660226585131923 0
vn -0.49999569166240987 0.8660278911900174 1.752230836796048e-16
vn -4.982593850062846e-17 -2.6414713853677645e-16 1
vn 4.181684463550474e-18 5.027121991869919e-16 -1
vn 0 -1 0
vn 0 1 2.220446049250313e-16
vn 0 -2.507958400255617e-16 1
vn 0 5.015916800511232e-16 -1
vn -0.5000047549191339 -0.8660226585131923 -1.912349425841536e-16
vn 0.49999569166240987 0.8660278911900174 8.76115418398024e-17
vn 2.87371910369571e-18 -3.4547170238616073e-16 1
vn -1.8665798426758283e-16 1.8665798426758293e-16 -1
vn -0.8660226585131922 -0.5000047549191339 -6.374498086138453e-17
vn 0.8660278911900172 0.49999569166240987 4.3805770919901173e-17
vn 2.3476139279252257e-17 -8.761100435120046e-17 1
vn -6.832388582181182e-17 2.54979074149382e-16 -1
vn -1 0 0
vn 1 0 0
vn -4.695297118660372e-17 -1.7522459353301082e-16 1
vn -4.33268216398025e-16 2.54977498650764e-16 -1
vn -0.8660226585131923 0.5000047549191339 0
vn 0.8660278911900172 -0.49999569166240987 -8.761154183980237e-17
vn 1.5306314603417172e-16 -1.8953483724829323e-16 1
vn -4.649342459455275e-16 5.62859703901868e-16 -1
vn -0.5000047549191339 0.8660226585131922 1.912349425841536e-16
vn 0.4999956916624099 -0.8660278911900172 -1.7522308367960477e-16
vn -4.982593850062846e-17 -2.6414713853677645e-16 1
vn -2.5079738968583164e-16 4.3438831336518024e-16 -1
vn 0 1 2.2204460492503136e-16
vn 0 -1 -2.220446049250313e-16
vn 0 -2.507958400255617e-16 1
vn 0 5.015916800511234e-16 -1
usemtl m_3d215661-f591-00a8-53e2-d8d611c756be
f 725/2305/589 729/2306/589 730/2307/589 726/2308/589
f 728/2309/590 732/2310/590 731/2311/590 727/2312/590
f 727/2313/591 731/2314/591 729/2315/591 725/2316/591
f 726/2317/592 730/2318/592 732/2319/592 728/2320/592
f 729/2321/593 733/2322/593 734/2323/593 730/2324/593
f 732/2325/594 736/2326/594 735/2327/594 731/2328/594
f 731/2329/595 735/2330/595 733/2331/595 729/2332/595
f 730/2333/596 734/2334/596 736/2335/596 732/2336/596
f 733/2337/597 737/2338/597 738/2339/597 734/2340/597
f 736/2341/598 740/2342/598 739/2343/598 735/2344/598
f 735/2345/599 739/2346/599 737/2347/599 733/2348/599
f 734/2349/600 738/2350/600 740/2351/600 736/2352/600
f 737/2353/601 741/2354/601 742/2355/601 738/2356/601
f 740/2357/602 744/2358/602 743/2359/602 739/2360/602
f 739/2361/603 743/2362/603 741/2363/603 737/2364/603
f 738/2365/604 742/2366/604 744/2367/604 740/2368/604
f 741/2369/605 745/2370/605 746/2371/605 742/2372/605
f 744/2373/606 748/2374/606 747/2375/606 743/2376/606
f 743/2377/607 747/2378/607 745/2379/607 741/2380/607
f 742/2381/608 746/2382/608 748/2383/608 744/2384/608
f 745/2385/609 749/2386/609 750/2387/609 746/2388/609
f 748/2389/610 752/2390/610 751/2391/610 747/2392/610
f 747/2393/611 751/2394/611 749/2395/611 745/2396/611
f 746/2397/612 750/2398/612 752/2399/612 748/2400/612
f 749/2401/613 753/2402/613 754/2403/613 750/2404/613
f 752/2405/614 756/2406/614 755/2407/614 751/2408/614
f 751/2409/615 755/2410/615 753/2411/615 749/2412/615
f 750/2413/616 754/2414/616 756/2415/616 752/2416/616
f 753/2417/617 757/2418/617 758/2419/617 754/2420/617
f 756/2421/618 760/2422/618 759/2423/618 755/2424/618
f 755/2425/619 759/2426/619 757/2427/619 753/2428/619
f 754/2429/620 758/2430/620 760/2431/620 756/2432/620
f 757/2433/621 761/2434/621 762/2435/621 758/2436/621
f 760/2437/622 764/2438/622 763/2439/622 759/2440/622
f 759/2441/623 763/2442/623 761/2443/623 757/2444/623
f 758/2445/624 762/2446/624 764/2447/624 760/2448/624
f 761/2449/625 765/2450/625 766/2451/625 762/2452/625
f 764/2453/626 768/2454/626 767/2455/626 763/2456/626
f 763/2457/627 767/2458/627 765/2459/627 761/2460/627
f 762/2461/628 766/2462/628 768/2463/628 764/2464/628
f 765/2465/629 769/2466/629 770/2467/629 766/2468/629
f 768/2469/630 772/2470/630 771/2471/630 767/2472/630
f 767/2473/631 771/2474/631 769/2475/631 765/2476/631
f 766/2477/632 770/2478/632 772/2479/632 768/2480/632
f 769/2481/633 725/2482/633 726/2483/633 770/2484/633
f 772/2485/634 728/2486/634 727/2487/634 771/2488/634
f 771/2489/635 727/2490/635 725/2491/635 769/2492/635
f 770/2493/636 726/2494/636 728/2495/636 772/2496/636
o tube
v -0.09778625 7.1640625 -0.4375
v -0.09778625 7.1640625 -0.5
v -0.1052 7.136395 -0.4375
v -0.1052 7.136395 -0.5
v -0.050651249999999995 7.13684875 -0.4375
v -0.050651249999999995 7.13684875 -0.5
v -0.070905 7.116595 -0.4375
v -0.070905 7.116595 -0.5
v -0.0234375 7.08971375 -0.4375
v -0.0234375 7.08971375 -0.5
v -0.051105 7.0823 -0.4375
v -0.051105 7.0823 -0.5
v -0.0234375 7.03528625 -0.4375
v -0.0234375 7.03528625 -0.5
v -0.051105 7.0427 -0.4375
v -0.051105 7.0427 -0.5
v -0.050651249999999995 6.98815125 -0.4375
v -0.050651249999999995 6.98815125 -0.5
v -0.070905 7.008405 -0.4375
v -0.070905 7.008405 -0.5
v -0.09778625 6.9609375 -0.4375
v -0.09778625 6.9609375 -0.5
v -0.1052 6.988605 -0.4375
v -0.1052 6.988605 -0.5
v -0.15221375 6.9609375 -0.4375
v -0.15221375 6.9609375 -0.5
v -0.1448 6.988605 -0.4375
v -0.1448 6.988605 -0.5
v -0.19934875000000002 6.98815125 -0.4375
v -0.19934875000000002 6.98815125 -0.5
v -0.179095 7.008405 -0.4375
v -0.179095 7.008405 -0.5
v -0.2265625 7.03528625 -0.4375
v -0.2265625 7.03528625 -0.5
v -0.198895 7.0427 -0.4375
v -0.198895 7.0427 -0.5
v -0.2265625 7.08971375 -0.4375
v -0.2265625 7.08971375 -0.5
v -0.198895 7.0823 -0.4375
v -0.198895 7.0823 -0.5
v -0.19934875000000002 7.13684875 -0.4375
v -0.19934875000000002 7.13684875 -0.5
v -0.179095 7.116595 -0.4375
v -0.179095 7.116595 -0.5
v -0.15221375 7.1640625 -0.4375
v -0.15221375 7.1640625 -0.5
v -0.1448 7.136395 -0.4375
v -0.1448 7.136395 -0.5
vt 0.28125 0.28125
vt 0.29485625 0.28125
vt 0.29485625 0.296875
vt 0.28125 0.296875
vt 0.29115 0.296875
vt 0.28125 0.296875
vt 0.28125 0.28125
vt 0.29115 0.28125
vt 0.28125 0.29502125
vt 0.28125 0.28512140625000004
vt 0.28816765625 0.2832678125
vt 0.28816703125 0.296875
vt 0.28125 0.2899575
vt 0.2948571875 0.2899575
vt 0.29300328125 0.296875
vt 0.2831034375 0.29687453124999996
vt 0.28125 0.28125
vt 0.29485625 0.28125
vt 0.29485625 0.296875
vt 0.28125 0.296875
vt 0.29115 0.296875
vt 0.28125 0.296875
vt 0.28125 0.28125
vt 0.29115 0.28125
vt 0.28125 0.2950215625
vt 0.28125 0.28512171875000003
vt 0.28816703125 0.2832678125
vt 0.28816765625 0.296875
vt 0.28125 0.2899575
vt 0.2948571875 0.2899575
vt 0.29300359375 0.29687453124999996
vt 0.28310390625 0.296875
vt 0.28125 0.28125
vt 0.29485625 0.28125
vt 0.29485625 0.296875
vt 0.28125 0.296875
vt 0.29115 0.296875
vt 0.28125 0.296875
vt 0.28125 0.28125
vt 0.29115 0.28125
vt 0.28125 0.295021875
vt 0.28125 0.28512187499999997
vt 0.2881671875 0.28326874999999996
vt 0.2881671875 0.296875
vt 0.2881671875 0.28326874999999996
vt 0.2881671875 0.296875
vt 0.28125 0.295021875
vt 0.28125 0.28512187499999997
vt 0.28125 0.28125
vt 0.29485625 0.28125
vt 0.29485625 0.296875
vt 0.28125 0.296875
vt 0.29115 0.296875
vt 0.28125 0.296875
vt 0.28125 0.28125
vt 0.29115 0.28125
vt 0.29300328125 0.296875
vt 0.2831034375 0.296875
vt 0.28125 0.28995734375000004
vt 0.2948571875 0.28995796875
vt 0.2881675 0.2832678125
vt 0.2881675 0.296875
vt 0.28125 0.29502109374999996
vt 0.28125046875 0.28512140625000004
vt 0.28125 0.28125
vt 0.29485625 0.28125
vt 0.29485625 0.296875
vt 0.28125 0.296875
vt 0.29115 0.296875
vt 0.28125 0.296875
vt 0.28125 0.28125
vt 0.29115 0.28125
vt 0.29300359375 0.296875
vt 0.28310375 0.296875
vt 0.28125 0.28995796875
vt 0.2948571875 0.28995734375000004
vt 0.2881675 0.2832678125
vt 0.2881675 0.296875
vt 0.28125046875 0.2950215625
vt 0.28125 0.28512171875000003
vt 0.28125 0.28125
vt 0.29485625 0.28125
vt 0.29485625 0.296875
vt 0.28125 0.296875
vt 0.29115 0.296875
vt 0.28125 0.296875
vt 0.28125 0.28125
vt 0.29115 0.28125
vt 0.293003125 0.296875
vt 0.283103125 0.296875
vt 0.28125 0.28995781249999997
vt 0.29485625 0.28995781249999997
vt 0.29485625 0.296875
vt 0.28125 0.296875
vt 0.283103125 0.28995781249999997
vt 0.293003125 0.28995781249999997
vt 0.28125 0.28125
vt 0.29485625 0.28125
vt 0.29485625 0.296875
vt 0.28125 0.296875
vt 0.29115 0.296875
vt 0.28125 0.296875
vt 0.28125 0.28125
vt 0.29115 0.28125
vt 0.28816765625 0.28512171875000003
vt 0.28816765625 0.2950215625
vt 0.28125 0.296875
vt 0.281250625 0.2832678125
vt 0.2948571875 0.296875
vt 0.28125 0.296875
vt 0.28310390625 0.2899575
vt 0.29300359375 0.28995796875
vt 0.28125 0.28125
vt 0.29485625 0.28125
vt 0.29485625 0.296875
vt 0.28125 0.296875
vt 0.29115 0.296875
vt 0.28125 0.296875
vt 0.28125 0.28125
vt 0.29115 0.28125
vt 0.28816765625 0.28512140625000004
vt 0.28816765625 0.29502125
vt 0.281250625 0.296875
vt 0.28125 0.2832678125
vt 0.2948571875 0.296875
vt 0.28125 0.296875
vt 0.2831034375 0.28995796875
vt 0.29300328125 0.2899575
vt 0.28125 0.28125
vt 0.29485625 0.28125
vt 0.29485625 0.296875
vt 0.28125 0.296875
vt 0.29115 0.296875
vt 0.28125 0.296875
vt 0.28125 0.28125
vt 0.29115 0.28125
vt 0.2881671875 0.28512187499999997
vt 0.2881671875 0.295021875
vt 0.28125 0.296875
vt 0.28125 0.28326874999999996
vt 0.28125 0.296875
vt 0.28125 0.28326874999999996
vt 0.2881671875 0.28512187499999997
vt 0.2881671875 0.295021875
vt 0.28125 0.28125
vt 0.29485625 0.28125
vt 0.29485625 0.296875
vt 0.28125 0.296875
vt 0.29115 0.296875
vt 0.28125 0.296875
vt 0.28125 0.28125
vt 0.29115 0.28125
vt 0.28310375 0.28995734375000004
vt 0.29300359375 0.28995734375000004
vt 0.2948571875 0.296875
vt 0.28125 0.296874375
vt 0.28125 0.296875
vt 0.28125 0.2832678125
vt 0.2881675 0.28512171875000003
vt 0.28816703125 0.2950215625
vt 0.28125 0.28125
vt 0.29485625 0.28125
vt 0.29485625 0.296875
vt 0.28125 0.296875
vt 0.29115 0.296875
vt 0.28125 0.296875
vt 0.28125 0.28125
vt 0.29115 0.28125
vt 0.2831034375 0.28995734375000004
vt 0.29300328125 0.28995734375000004
vt 0.2948571875 0.296874375
vt 0.28125 0.296875
vt 0.28125 0.296875
vt 0.28125 0.2832678125
vt 0.28816703125 0.28512140625000004
vt 0.2881675 0.29502109374999996
vt 0.28125 0.28125
vt 0.29485625 0.28125
vt 0.29485625 0.296875
vt 0.28125 0.296875
vt 0.29115 0.296875
vt 0.28125 0.296875
vt 0.28125 0.28125
vt 0.29115 0.28125
vt 0.283103125 0.28995781249999997
vt 0.293003125 0.28995781249999997
vt 0.29485625 0.296875
vt 0.28125 0.296875
vt 0.28125 0.28995781249999997
vt 0.29485625 0.28995781249999997
vt 0.293003125 0.296875
vt 0.283103125 0.296875
vn 0.5000047549191339 0.8660226585131923 0
vn -0.4999956916624099 -0.8660278911900172 -1.7522308367960474e-16
vn 2.87371910369571e-18 -3.4547170238616073e-16 1
vn 3.7620171963428513e-16 6.515922302131103e-16 -1
vn 0.8660226585131922 0.5000047549191339 6.374498086138453e-17
vn -0.8660278911900172 -0.49999569166240987 -8.761154183980233e-17
vn 2.3476139279252257e-17 -8.761100435120046e-17 1
vn 3.6606442754336843e-16 5.057764638352137e-16 -1
vn 1 0 0
vn -1 0 0
vn -4.695297118660372e-17 -1.7522459353301082e-16 1
vn 6.832346365309845e-17 2.54977498650764e-16 -1
vn 0.8660226585131923 -0.5000047549191339 -1.2748996172276903e-16
vn -0.8660278911900172 0.49999569166240987 8.761154183980235e-17
vn 1.5306314603417172e-16 -1.8953483724829323e-16 1
vn 1.8665798426758293e-16 1.8665798426758296e-16 -1
vn 0.5000047549191339 -0.8660226585131923 0
vn -0.49999569166240987 0.8660278911900174 1.752230836796048e-16
vn -4.982593850062846e-17 -2.6414713853677645e-16 1
vn 4.181684463550474e-18 5.027121991869919e-16 -1
vn 0 -1 0
vn 0 1 2.220446049250313e-16
vn 0 -2.507958400255617e-16 1
vn 0 5.015916800511232e-16 -1
vn -0.5000047549191339 -0.8660226585131923 -1.912349425841536e-16
vn 0.49999569166240987 0.8660278911900174 8.76115418398024e-17
vn 2.87371910369571e-18 -3.4547170238616073e-16 1
vn -1.8665798426758283e-16 1.8665798426758293e-16 -1
vn -0.8660226585131922 -0.5000047549191339 -6.374498086138453e-17
vn 0.8660278911900172 0.49999569166240987 4.3805770919901173e-17
vn 2.3476139279252257e-17 -8.761100435120046e-17 1
vn -6.832388582181182e-17 2.54979074149382e-16 -1
vn -1 0 0
vn 1 0 0
vn -4.695297118660372e-17 -1.7522459353301082e-16 1
vn -4.33268216398025e-16 2.54977498650764e-16 -1
vn -0.8660226585131923 0.5000047549191339 0
vn 0.8660278911900172 -0.49999569166240987 -8.761154183980237e-17
vn 1.5306314603417172e-16 -1.8953483724829323e-16 1
vn -4.649342459455275e-16 5.62859703901868e-16 -1
vn -0.5000047549191339 0.8660226585131922 1.912349425841536e-16
vn 0.4999956916624099 -0.8660278911900172 -1.7522308367960477e-16
vn -4.982593850062846e-17 -2.6414713853677645e-16 1
vn -2.5079738968583164e-16 4.3438831336518024e-16 -1
vn 0 1 2.2204460492503136e-16
vn 0 -1 -2.220446049250313e-16
vn 0 -2.507958400255617e-16 1
vn 0 5.015916800511234e-16 -1
usemtl m_3d215661-f591-00a8-53e2-d8d611c756be
f 773/2497/637 777/2498/637 778/2499/637 774/2500/637
f 776/2501/638 780/2502/638 779/2503/638 775/2504/638
f 775/2505/639 779/2506/639 777/2507/639 773/2508/639
f 774/2509/640 778/2510/640 780/2511/640 776/2512/640
f 777/2513/641 781/2514/641 782/2515/641 778/2516/641
f 780/2517/642 784/2518/642 783/2519/642 779/2520/642
f 779/2521/643 783/2522/643 781/2523/643 777/2524/643
f 778/2525/644 782/2526/644 784/2527/644 780/2528/644
f 781/2529/645 785/2530/645 786/2531/645 782/2532/645
f 784/2533/646 788/2534/646 787/2535/646 783/2536/646
f 783/2537/647 787/2538/647 785/2539/647 781/2540/647
f 782/2541/648 786/2542/648 788/2543/648 784/2544/648
f 785/2545/649 789/2546/649 790/2547/649 786/2548/649
f 788/2549/650 792/2550/650 791/2551/650 787/2552/650
f 787/2553/651 791/2554/651 789/2555/651 785/2556/651
f 786/2557/652 790/2558/652 792/2559/652 788/2560/652
f 789/2561/653 793/2562/653 794/2563/653 790/2564/653
f 792/2565/654 796/2566/654 795/2567/654 791/2568/654
f 791/2569/655 795/2570/655 793/2571/655 789/2572/655
f 790/2573/656 794/2574/656 796/2575/656 792/2576/656
f 793/2577/657 797/2578/657 798/2579/657 794/2580/657
f 796/2581/658 800/2582/658 799/2583/658 795/2584/658
f 795/2585/659 799/2586/659 797/2587/659 793/2588/659
f 794/2589/660 798/2590/660 800/2591/660 796/2592/660
f 797/2593/661 801/2594/661 802/2595/661 798/2596/661
f 800/2597/662 804/2598/662 803/2599/662 799/2600/662
f 799/2601/663 803/2602/663 801/2603/663 797/2604/663
f 798/2605/664 802/2606/664 804/2607/664 800/2608/664
f 801/2609/665 805/2610/665 806/2611/665 802/2612/665
f 804/2613/666 808/2614/666 807/2615/666 803/2616/666
f 803/2617/667 807/2618/667 805/2619/667 801/2620/667
f 802/2621/668 806/2622/668 808/2623/668 804/2624/668
f 805/2625/669 809/2626/669 810/2627/669 806/2628/669
f 808/2629/670 812/2630/670 811/2631/670 807/2632/670
f 807/2633/671 811/2634/671 809/2635/671 805/2636/671
f 806/2637/672 810/2638/672 812/2639/672 808/2640/672
f 809/2641/673 813/2642/673 814/2643/673 810/2644/673
f 812/2645/674 816/2646/674 815/2647/674 811/2648/674
f 811/2649/675 815/2650/675 813/2651/675 809/2652/675
f 810/2653/676 814/2654/676 816/2655/676 812/2656/676
f 813/2657/677 817/2658/677 818/2659/677 814/2660/677
f 816/2661/678 820/2662/678 819/2663/678 815/2664/678
f 815/2665/679 819/2666/679 817/2667/679 813/2668/679
f 814/2669/680 818/2670/680 820/2671/680 816/2672/680
f 817/2673/681 773/2674/681 774/2675/681 818/2676/681
f 820/2677/682 776/2678/682 775/2679/682 819/2680/682
f 819/2681/683 775/2682/683 773/2683/683 817/2684/683
f 818/2685/684 774/2686/684 776/2687/684 820/2688/684
o circle
v -0.125 7.0625 -0.478125
v -0.09988 7.15625 -0.478125
v -0.05637 7.13113 -0.478125
v -0.03125 7.08762 -0.478125
v -0.03125 7.03738 -0.478125
v -0.05637 6.99387 -0.478125
v -0.09988 6.96875 -0.478125
v -0.15012 6.96875 -0.478125
v -0.19363 6.99387 -0.478125
v -0.21875 7.03738 -0.478125
v -0.21875 7.08762 -0.478125
v -0.19363 7.13113 -0.478125
v -0.15012 7.15625 -0.478125
vt 0.3247625 0.6752374999999999
vt 0.375 0.7622625000000001
vt 0.1875 0.8125
vt 0.375 0.7622625000000001
vt 0.375 0.8627374999999999
vt 0.1875 0.8125
vt 0.375 0.8627374999999999
vt 0.3247625 0.9497625
vt 0.1875 0.8125
vt 0.3247625 0.9497625
vt 0.2377375 1
vt 0.1875 0.8125
vt 0.2377375 1
vt 0.1372625 1
vt 0.1875 0.8125
vt 0.1372625 1
vt 0.0502375 0.9497625
vt 0.1875 0.8125
vt 0.0502375 0.9497625
vt 0 0.8627374999999999
vt 0.1875 0.8125
vt 0 0.8627374999999999
vt 0 0.7622625000000001
vt 0.1875 0.8125
vt 0 0.7622625000000001
vt 0.0502375 0.6752374999999999
vt 0.1875 0.8125
vt 0.0502375 0.6752374999999999
vt 0.1372625 0.625
vt 0.1875 0.8125
vt 0.1372625 0.625
vt 0.2377375 0.625
vt 0.1875 0.8125
vt 0.2377375 0.625
vt 0.3247625 0.6752374999999999
vt 0.1875 0.8125
vn -1.1730369563575763e-17 1.12836211089253e-16 -1
vn 0 6.905746321563724e-17 -1
vn 1.173036956357576e-17 1.12836211089253e-16 -1
vn 6.409901158068214e-17 1.6520485310635936e-16 -1
vn 0 1.4802973661668756e-16 -1
vn -6.409901158068214e-17 1.6520485310635936e-16 -1
vn -1.1730369563575763e-17 1.12836211089253e-16 -1
vn 0 6.905746321563724e-17 -1
vn 1.173036956357576e-17 1.12836211089253e-16 -1
vn 6.409901158068214e-17 1.6520485310635936e-16 -1
vn 0 1.4802973661668756e-16 -1
vn -6.409901158068214e-17 1.6520485310635936e-16 -1
usemtl m_ac3999ef-95b5-0d58-6ef6-8589e28d3a01
f 823/2689/685 824/2690/685 821/2691/685
f 824/2692/686 825/2693/686 821/2694/686
f 825/2695/687 826/2696/687 821/2697/687
f 826/2698/688 827/2699/688 821/2700/688
f 827/2701/689 828/2702/689 821/2703/689
f 828/2704/690 829/2705/690 821/2706/690
f 829/2707/691 830/2708/691 821/2709/691
f 830/2710/692 831/2711/692 821/2712/692
f 831/2713/693 832/2714/693 821/2715/693
f 832/2716/694 833/2717/694 821/2718/694
f 833/2719/695 822/2720/695 821/2721/695
f 822/2722/696 823/2723/696 821/2724/696
o circle
v 0.125 6.0625 -0.47812499999999997
v 0.15012 6.15625 -0.47812499999999997
v 0.19363 6.13113 -0.47812499999999997
v 0.21875 6.08762 -0.47812499999999997
v 0.21875 6.03738 -0.47812499999999997
v 0.19363 5.99387 -0.47812499999999997
v 0.15012 5.96875 -0.47812499999999997
v 0.09988 5.96875 -0.47812499999999997
v 0.05637 5.99387 -0.47812499999999997
v 0.03125 6.03738 -0.47812499999999997
v 0.03125 6.08762 -0.47812499999999997
v 0.05637 6.13113 -0.47812499999999997
v 0.09988 6.15625 -0.47812499999999997
vt 0.3247625 0.6752374999999999
vt 0.375 0.7622625000000001
vt 0.1875 0.8125
vt 0.375 0.7622625000000001
vt 0.375 0.8627374999999999
vt 0.1875 0.8125
vt 0.375 0.8627374999999999
vt 0.3247625 0.9497625
vt 0.1875 0.8125
vt 0.3247625 0.9497625
vt 0.2377375 1
vt 0.1875 0.8125
vt 0.2377375 1
vt 0.1372625 1
vt 0.1875 0.8125
vt 0.1372625 1
vt 0.0502375 0.9497625
vt 0.1875 0.8125
vt 0.0502375 0.9497625
vt 0 0.8627374999999999
vt 0.1875 0.8125
vt 0 0.8627374999999999
vt 0 0.7622625000000001
vt 0.1875 0.8125
vt 0 0.7622625000000001
vt 0.0502375 0.6752374999999999
vt 0.1875 0.8125
vt 0.0502375 0.6752374999999999
vt 0.1372625 0.625
vt 0.1875 0.8125
vt 0.1372625 0.625
vt 0.2377375 0.625
vt 0.1875 0.8125
vt 0.2377375 0.625
vt 0.3247625 0.6752374999999999
vt 0.1875 0.8125
vn -1.1730369563575763e-17 1.12836211089253e-16 -1
vn 0 6.905746321563724e-17 -1
vn 1.173036956357576e-17 1.12836211089253e-16 -1
vn 6.409901158068214e-17 1.6520485310635936e-16 -1
vn 0 1.4802973661668756e-16 -1
vn -6.409901158068214e-17 1.6520485310635936e-16 -1
vn -1.1730369563575763e-17 1.12836211089253e-16 -1
vn 0 6.905746321563724e-17 -1
vn 1.173036956357576e-17 1.12836211089253e-16 -1
vn 6.409901158068214e-17 1.6520485310635936e-16 -1
vn 0 1.4802973661668756e-16 -1
vn -6.409901158068214e-17 1.6520485310635936e-16 -1
usemtl m_ac3999ef-95b5-0d58-6ef6-8589e28d3a01
f 836/2725/697 837/2726/697 834/2727/697
f 837/2728/698 838/2729/698 834/2730/698
f 838/2731/699 839/2732/699 834/2733/699
f 839/2734/700 840/2735/700 834/2736/700
f 840/2737/701 841/2738/701 834/2739/701
f 841/2740/702 842/2741/702 834/2742/702
f 842/2743/703 843/2744/703 834/2745/703
f 843/2746/704 844/2747/704 834/2748/704
f 844/2749/705 845/2750/705 834/2751/705
f 845/2752/706 846/2753/706 834/2754/706
f 846/2755/707 835/2756/707 834/2757/707
f 835/2758/708 836/2759/708 834/2760/708
o tube
v 0.15221375 6.1640625 -0.43749999999999994
v 0.15221375 6.1640625 -0.4999999999999999
v 0.1448 6.136395 -0.43749999999999994
v 0.1448 6.136395 -0.49999999999999994
v 0.19934875000000002 6.13684875 -0.43749999999999994
v 0.19934875000000002 6.13684875 -0.4999999999999999
v 0.179095 6.116595 -0.43749999999999994
v 0.179095 6.116595 -0.49999999999999994
v 0.2265625 6.08971375 -0.43749999999999994
v 0.2265625 6.08971375 -0.49999999999999994
v 0.198895 6.0823 -0.43749999999999994
v 0.198895 6.0823 -0.49999999999999994
v 0.2265625 6.03528625 -0.43749999999999994
v 0.2265625 6.03528625 -0.49999999999999994
v 0.198895 6.0427 -0.43749999999999994
v 0.198895 6.0427 -0.49999999999999994
v 0.19934875000000002 5.98815125 -0.43749999999999994
v 0.19934875000000002 5.98815125 -0.49999999999999994
v 0.179095 6.008405 -0.43749999999999994
v 0.179095 6.008405 -0.49999999999999994
v 0.15221375 5.9609375 -0.43749999999999994
v 0.15221375 5.9609375 -0.5
v 0.1448 5.988605 -0.43749999999999994
v 0.1448 5.988605 -0.49999999999999994
v 0.09778625 5.9609375 -0.43749999999999994
v 0.09778625 5.9609375 -0.5
v 0.1052 5.988605 -0.43749999999999994
v 0.1052 5.988605 -0.49999999999999994
v 0.050651249999999995 5.98815125 -0.43749999999999994
v 0.050651249999999995 5.98815125 -0.49999999999999994
v 0.070905 6.008405 -0.43749999999999994
v 0.070905 6.008405 -0.49999999999999994
v 0.0234375 6.03528625 -0.43749999999999994
v 0.0234375 6.03528625 -0.49999999999999994
v 0.051105 6.0427 -0.43749999999999994
v 0.051105 6.0427 -0.49999999999999994
v 0.0234375 6.08971375 -0.43749999999999994
v 0.0234375 6.08971375 -0.49999999999999994
v 0.051105 6.0823 -0.43749999999999994
v 0.051105 6.0823 -0.49999999999999994
v 0.050651249999999995 6.13684875 -0.43749999999999994
v 0.050651249999999995 6.13684875 -0.4999999999999999
v 0.070905 6.116595 -0.43749999999999994
v 0.070905 6.116595 -0.49999999999999994
v 0.09778625 6.1640625 -0.43749999999999994
v 0.09778625 6.1640625 -0.4999999999999999
v 0.1052 6.136395 -0.43749999999999994
v 0.1052 6.136395 -0.49999999999999994
vt 0.28125 0.28125
vt 0.29485625 0.28125
vt 0.29485625 0.296875
vt 0.28125 0.296875
vt 0.29115 0.296875
vt 0.28125 0.296875
vt 0.28125 0.28125
vt 0.29115 0.28125
vt 0.28125 0.29502125
vt 0.28125 0.28512140625000004
vt 0.28816765625 0.2832678125
vt 0.28816703125 0.296875
vt 0.28125 0.2899575
vt 0.2948571875 0.2899575
vt 0.29300328125 0.296875
vt 0.2831034375 0.29687453124999996
vt 0.28125 0.28125
vt 0.29485625 0.28125
vt 0.29485625 0.296875
vt 0.28125 0.296875
vt 0.29115 0.296875
vt 0.28125 0.296875
vt 0.28125 0.28125
vt 0.29115 0.28125
vt 0.28125 0.2950215625
vt 0.28125 0.28512171875000003
vt 0.28816703125 0.2832678125
vt 0.28816765625 0.296875
vt 0.28125 0.2899575
vt 0.2948571875 0.2899575
vt 0.29300359375 0.29687453124999996
vt 0.28310390625 0.296875
vt 0.28125 0.28125
vt 0.29485625 0.28125
vt 0.29485625 0.296875
vt 0.28125 0.296875
vt 0.29115 0.296875
vt 0.28125 0.296875
vt 0.28125 0.28125
vt 0.29115 0.28125
vt 0.28125 0.295021875
vt 0.28125 0.28512187499999997
vt 0.2881671875 0.28326874999999996
vt 0.2881671875 0.296875
vt 0.2881671875 0.28326874999999996
vt 0.2881671875 0.296875
vt 0.28125 0.295021875
vt 0.28125 0.28512187499999997
vt 0.28125 0.28125
vt 0.29485625 0.28125
vt 0.29485625 0.296875
vt 0.28125 0.296875
vt 0.29115 0.296875
vt 0.28125 0.296875
vt 0.28125 0.28125
vt 0.29115 0.28125
vt 0.29300328125 0.296875
vt 0.2831034375 0.296875
vt 0.28125 0.28995734375000004
vt 0.2948571875 0.28995796875
vt 0.2881675 0.2832678125
vt 0.2881675 0.296875
vt 0.28125 0.29502109374999996
vt 0.28125046875 0.28512140625000004
vt 0.28125 0.28125
vt 0.29485625 0.28125
vt 0.29485625 0.296875
vt 0.28125 0.296875
vt 0.29115 0.296875
vt 0.28125 0.296875
vt 0.28125 0.28125
vt 0.29115 0.28125
vt 0.29300359375 0.296875
vt 0.28310375 0.296875
vt 0.28125 0.28995796875
vt 0.2948571875 0.28995734375000004
vt 0.2881675 0.2832678125
vt 0.2881675 0.296875
vt 0.28125046875 0.2950215625
vt 0.28125 0.28512171875000003
vt 0.28125 0.28125
vt 0.29485625 0.28125
vt 0.29485625 0.296875
vt 0.28125 0.296875
vt 0.29115 0.296875
vt 0.28125 0.296875
vt 0.28125 0.28125
vt 0.29115 0.28125
vt 0.293003125 0.296875
vt 0.283103125 0.296875
vt 0.28125 0.28995781249999997
vt 0.29485625 0.28995781249999997
vt 0.29485625 0.296875
vt 0.28125 0.296875
vt 0.283103125 0.28995781249999997
vt 0.293003125 0.28995781249999997
vt 0.28125 0.28125
vt 0.29485625 0.28125
vt 0.29485625 0.296875
vt 0.28125 0.296875
vt 0.29115 0.296875
vt 0.28125 0.296875
vt 0.28125 0.28125
vt 0.29115 0.28125
vt 0.28816765625 0.28512171875000003
vt 0.28816765625 0.2950215625
vt 0.28125 0.296875
vt 0.281250625 0.2832678125
vt 0.2948571875 0.296875
vt 0.28125 0.296875
vt 0.28310390625 0.2899575
vt 0.29300359375 0.28995796875
vt 0.28125 0.28125
vt 0.29485625 0.28125
vt 0.29485625 0.296875
vt 0.28125 0.296875
vt 0.29115 0.296875
vt 0.28125 0.296875
vt 0.28125 0.28125
vt 0.29115 0.28125
vt 0.28816765625 0.28512140625000004
vt 0.28816765625 0.29502125
vt 0.281250625 0.296875
vt 0.28125 0.2832678125
vt 0.2948571875 0.296875
vt 0.28125 0.296875
vt 0.2831034375 0.28995796875
vt 0.29300328125 0.2899575
vt 0.28125 0.28125
vt 0.29485625 0.28125
vt 0.29485625 0.296875
vt 0.28125 0.296875
vt 0.29115 0.296875
vt 0.28125 0.296875
vt 0.28125 0.28125
vt 0.29115 0.28125
vt 0.2881671875 0.28512187499999997
vt 0.2881671875 0.295021875
vt 0.28125 0.296875
vt 0.28125 0.28326874999999996
vt 0.28125 0.296875
vt 0.28125 0.28326874999999996
vt 0.2881671875 0.28512187499999997
vt 0.2881671875 0.295021875
vt 0.28125 0.28125
vt 0.29485625 0.28125
vt 0.29485625 0.296875
vt 0.28125 0.296875
vt 0.29115 0.296875
vt 0.28125 0.296875
vt 0.28125 0.28125
vt 0.29115 0.28125
vt 0.28310375 0.28995734375000004
vt 0.29300359375 0.28995734375000004
vt 0.2948571875 0.296875
vt 0.28125 0.296874375
vt 0.28125 0.296875
vt 0.28125 0.2832678125
vt 0.2881675 0.28512171875000003
vt 0.28816703125 0.2950215625
vt 0.28125 0.28125
vt 0.29485625 0.28125
vt 0.29485625 0.296875
vt 0.28125 0.296875
vt 0.29115 0.296875
vt 0.28125 0.296875
vt 0.28125 0.28125
vt 0.29115 0.28125
vt 0.2831034375 0.28995734375000004
vt 0.29300328125 0.28995734375000004
vt 0.2948571875 0.296874375
vt 0.28125 0.296875
vt 0.28125 0.296875
vt 0.28125 0.2832678125
vt 0.28816703125 0.28512140625000004
vt 0.2881675 0.29502109374999996
vt 0.28125 0.28125
vt 0.29485625 0.28125
vt 0.29485625 0.296875
vt 0.28125 0.296875
vt 0.29115 0.296875
vt 0.28125 0.296875
vt 0.28125 0.28125
vt 0.29115 0.28125
vt 0.283103125 0.28995781249999997
vt 0.293003125 0.28995781249999997
vt 0.29485625 0.296875
vt 0.28125 0.296875
vt 0.28125 0.28995781249999997
vt 0.29485625 0.28995781249999997
vt 0.293003125 0.296875
vt 0.283103125 0.296875
vn 0.5000047549191339 0.8660226585131923 0
vn -0.4999956916624099 -0.8660278911900172 -1.7522308367960474e-16
vn 2.87371910369571e-18 -3.4547170238616073e-16 1
vn 3.7620171963428513e-16 6.515922302131103e-16 -1
vn 0.8660226585131922 0.5000047549191339 6.374498086138453e-17
vn -0.8660278911900172 -0.49999569166240987 -8.761154183980233e-17
vn 2.3476139279252257e-17 -8.761100435120046e-17 1
vn 3.6606442754336843e-16 5.057764638352137e-16 -1
vn 1 0 0
vn -1 0 0
vn -4.695297118660372e-17 -1.7522459353301082e-16 1
vn 6.832346365309845e-17 2.54977498650764e-16 -1
vn 0.8660226585131923 -0.5000047549191339 -1.2748996172276903e-16
vn -0.8660278911900172 0.49999569166240987 8.761154183980235e-17
vn 1.5306314603417172e-16 -1.8953483724829323e-16 1
vn 1.8665798426758293e-16 1.8665798426758296e-16 -1
vn 0.5000047549191339 -0.8660226585131923 0
vn -0.49999569166240987 0.8660278911900174 1.752230836796048e-16
vn -4.982593850062846e-17 -2.6414713853677645e-16 1
vn 4.181684463550474e-18 5.027121991869919e-16 -1
vn 0 -1 0
vn 0 1 2.220446049250313e-16
vn 0 -2.507958400255617e-16 1
vn 0 5.015916800511232e-16 -1
vn -0.5000047549191339 -0.8660226585131923 -1.912349425841536e-16
vn 0.49999569166240987 0.8660278911900174 8.76115418398024e-17
vn 2.87371910369571e-18 -3.4547170238616073e-16 1
vn -1.8665798426758283e-16 1.8665798426758293e-16 -1
vn -0.8660226585131922 -0.5000047549191339 -6.374498086138453e-17
vn 0.8660278911900172 0.49999569166240987 4.3805770919901173e-17
vn 2.3476139279252257e-17 -8.761100435120046e-17 1
vn -6.832388582181182e-17 2.54979074149382e-16 -1
vn -1 0 0
vn 1 0 0
vn -4.695297118660372e-17 -1.7522459353301082e-16 1
vn -4.33268216398025e-16 2.54977498650764e-16 -1
vn -0.8660226585131923 0.5000047549191339 0
vn 0.8660278911900172 -0.49999569166240987 -8.761154183980237e-17
vn 1.5306314603417172e-16 -1.8953483724829323e-16 1
vn -4.649342459455275e-16 5.62859703901868e-16 -1
vn -0.5000047549191339 0.8660226585131922 1.912349425841536e-16
vn 0.4999956916624099 -0.8660278911900172 -1.7522308367960477e-16
vn -4.982593850062846e-17 -2.6414713853677645e-16 1
vn -2.5079738968583164e-16 4.3438831336518024e-16 -1
vn 0 1 2.2204460492503136e-16
vn 0 -1 -2.220446049250313e-16
vn 0 -2.507958400255617e-16 1
vn 0 5.015916800511234e-16 -1
usemtl m_3d215661-f591-00a8-53e2-d8d611c756be
f 847/2761/709 851/2762/709 852/2763/709 848/2764/709
f 850/2765/710 854/2766/710 853/2767/710 849/2768/710
f 849/2769/711 853/2770/711 851/2771/711 847/2772/711
f 848/2773/712 852/2774/712 854/2775/712 850/2776/712
f 851/2777/713 855/2778/713 856/2779/713 852/2780/713
f 854/2781/714 858/2782/714 857/2783/714 853/2784/714
f 853/2785/715 857/2786/715 855/2787/715 851/2788/715
f 852/2789/716 856/2790/716 858/2791/716 854/2792/716
f 855/2793/717 859/2794/717 860/2795/717 856/2796/717
f 858/2797/718 862/2798/718 861/2799/718 857/2800/718
f 857/2801/719 861/2802/719 859/2803/719 855/2804/719
f 856/2805/720 860/2806/720 862/2807/720 858/2808/720
f 859/2809/721 863/2810/721 864/2811/721 860/2812/721
f 862/2813/722 866/2814/722 865/2815/722 861/2816/722
f 861/2817/723 865/2818/723 863/2819/723 859/2820/723
f 860/2821/724 864/2822/724 866/2823/724 862/2824/724
f 863/2825/725 867/2826/725 868/2827/725 864/2828/725
f 866/2829/726 870/2830/726 869/2831/726 865/2832/726
f 865/2833/727 869/2834/727 867/2835/727 863/2836/727
f 864/2837/728 868/2838/728 870/2839/728 866/2840/728
f 867/2841/729 871/2842/729 872/2843/729 868/2844/729
f 870/2845/730 874/2846/730 873/2847/730 869/2848/730
f 869/2849/731 873/2850/731 871/2851/731 867/2852/731
f 868/2853/732 872/2854/732 874/2855/732 870/2856/732
f 871/2857/733 875/2858/733 876/2859/733 872/2860/733
f 874/2861/734 878/2862/734 877/2863/734 873/2864/734
f 873/2865/735 877/2866/735 875/2867/735 871/2868/735
f 872/2869/736 876/2870/736 878/2871/736 874/2872/736
f 875/2873/737 879/2874/737 880/2875/737 876/2876/737
f 878/2877/738 882/2878/738 881/2879/738 877/2880/738
f 877/2881/739 881/2882/739 879/2883/739 875/2884/739
f 876/2885/740 880/2886/740 882/2887/740 878/2888/740
f 879/2889/741 883/2890/741 884/2891/741 880/2892/741
f 882/2893/742 886/2894/742 885/2895/742 881/2896/742
f 881/2897/743 885/2898/743 883/2899/743 879/2900/743
f 880/2901/744 884/2902/744 886/2903/744 882/2904/744
f 883/2905/745 887/2906/745 888/2907/745 884/2908/745
f 886/2909/746 890/2910/746 889/2911/746 885/2912/746
f 885/2913/747 889/2914/747 887/2915/747 883/2916/747
f 884/2917/748 888/2918/748 890/2919/748 886/2920/748
f 887/2921/749 891/2922/749 892/2923/749 888/2924/749
f 890/2925/750 894/2926/750 893/2927/750 889/2928/750
f 889/2929/751 893/2930/751 891/2931/751 887/2932/751
f 888/2933/752 892/2934/752 894/2935/752 890/2936/752
f 891/2937/753 847/2938/753 848/2939/753 892/2940/753
f 894/2941/754 850/2942/754 849/2943/754 893/2944/754
f 893/2945/755 849/2946/755 847/2947/755 891/2948/755
f 892/2949/756 848/2950/756 850/2951/756 894/2952/756
o tube
v -0.09778625 6.1640625 -0.43749999999999994
v -0.09778625 6.1640625 -0.4999999999999999
v -0.1052 6.136395 -0.43749999999999994
v -0.1052 6.136395 -0.49999999999999994
v -0.050651249999999995 6.13684875 -0.43749999999999994
v -0.050651249999999995 6.13684875 -0.4999999999999999
v -0.070905 6.116595 -0.43749999999999994
v -0.070905 6.116595 -0.49999999999999994
v -0.0234375 6.08971375 -0.43749999999999994
v -0.0234375 6.08971375 -0.49999999999999994
v -0.051105 6.0823 -0.43749999999999994
v -0.051105 6.0823 -0.49999999999999994
v -0.0234375 6.03528625 -0.43749999999999994
v -0.0234375 6.03528625 -0.49999999999999994
v -0.051105 6.0427 -0.43749999999999994
v -0.051105 6.0427 -0.49999999999999994
v -0.050651249999999995 5.98815125 -0.43749999999999994
v -0.050651249999999995 5.98815125 -0.49999999999999994
v -0.070905 6.008405 -0.43749999999999994
v -0.070905 6.008405 -0.49999999999999994
v -0.09778625 5.9609375 -0.43749999999999994
v -0.09778625 5.9609375 -0.5
v -0.1052 5.988605 -0.43749999999999994
v -0.1052 5.988605 -0.49999999999999994
v -0.15221375 5.9609375 -0.43749999999999994
v -0.15221375 5.9609375 -0.5
v -0.1448 5.988605 -0.43749999999999994
v -0.1448 5.988605 -0.49999999999999994
v -0.19934875000000002 5.98815125 -0.43749999999999994
v -0.19934875000000002 5.98815125 -0.49999999999999994
v -0.179095 6.008405 -0.43749999999999994
v -0.179095 6.008405 -0.49999999999999994
v -0.2265625 6.03528625 -0.43749999999999994
v -0.2265625 6.03528625 -0.49999999999999994
v -0.198895 6.0427 -0.43749999999999994
v -0.198895 6.0427 -0.49999999999999994
v -0.2265625 6.08971375 -0.43749999999999994
v -0.2265625 6.08971375 -0.49999999999999994
v -0.198895 6.0823 -0.43749999999999994
v -0.198895 6.0823 -0.49999999999999994
v -0.19934875000000002 6.13684875 -0.43749999999999994
v -0.19934875000000002 6.13684875 -0.4999999999999999
v -0.179095 6.116595 -0.43749999999999994
v -0.179095 6.116595 -0.49999999999999994
v -0.15221375 6.1640625 -0.43749999999999994
v -0.15221375 6.1640625 -0.4999999999999999
v -0.1448 6.136395 -0.43749999999999994
v -0.1448 6.136395 -0.49999999999999994
vt 0.28125 0.28125
vt 0.29485625 0.28125
vt 0.29485625 0.296875
vt 0.28125 0.296875
vt 0.29115 0.296875
vt 0.28125 0.296875
vt 0.28125 0.28125
vt 0.29115 0.28125
vt 0.28125 0.29502125
vt 0.28125 0.28512140625000004
vt 0.28816765625 0.2832678125
vt 0.28816703125 0.296875
vt 0.28125 0.2899575
vt 0.2948571875 0.2899575
vt 0.29300328125 0.296875
vt 0.2831034375 0.29687453124999996
vt 0.28125 0.28125
vt 0.29485625 0.28125
vt 0.29485625 0.296875
vt 0.28125 0.296875
vt 0.29115 0.296875
vt 0.28125 0.296875
vt 0.28125 0.28125
vt 0.29115 0.28125
vt 0.28125 0.2950215625
vt 0.28125 0.28512171875000003
vt 0.28816703125 0.2832678125
vt 0.28816765625 0.296875
vt 0.28125 0.2899575
vt 0.2948571875 0.2899575
vt 0.29300359375 0.29687453124999996
vt 0.28310390625 0.296875
vt 0.28125 0.28125
vt 0.29485625 0.28125
vt 0.29485625 0.296875
vt 0.28125 0.296875
vt 0.29115 0.296875
vt 0.28125 0.296875
vt 0.28125 0.28125
vt 0.29115 0.28125
vt 0.28125 0.295021875
vt 0.28125 0.28512187499999997
vt 0.2881671875 0.28326874999999996
vt 0.2881671875 0.296875
vt 0.2881671875 0.28326874999999996
vt 0.2881671875 0.296875
vt 0.28125 0.295021875
vt 0.28125 0.28512187499999997
vt 0.28125 0.28125
vt 0.29485625 0.28125
vt 0.29485625 0.296875
vt 0.28125 0.296875
vt 0.29115 0.296875
vt 0.28125 0.296875
vt 0.28125 0.28125
vt 0.29115 0.28125
vt 0.29300328125 0.296875
vt 0.2831034375 0.296875
vt 0.28125 0.28995734375000004
vt 0.2948571875 0.28995796875
vt 0.2881675 0.2832678125
vt 0.2881675 0.296875
vt 0.28125 0.29502109374999996
vt 0.28125046875 0.28512140625000004
vt 0.28125 0.28125
vt 0.29485625 0.28125
vt 0.29485625 0.296875
vt 0.28125 0.296875
vt 0.29115 0.296875
vt 0.28125 0.296875
vt 0.28125 0.28125
vt 0.29115 0.28125
vt 0.29300359375 0.296875
vt 0.28310375 0.296875
vt 0.28125 0.28995796875
vt 0.2948571875 0.28995734375000004
vt 0.2881675 0.2832678125
vt 0.2881675 0.296875
vt 0.28125046875 0.2950215625
vt 0.28125 0.28512171875000003
vt 0.28125 0.28125
vt 0.29485625 0.28125
vt 0.29485625 0.296875
vt 0.28125 0.296875
vt 0.29115 0.296875
vt 0.28125 0.296875
vt 0.28125 0.28125
vt 0.29115 0.28125
vt 0.293003125 0.296875
vt 0.283103125 0.296875
vt 0.28125 0.28995781249999997
vt 0.29485625 0.28995781249999997
vt 0.29485625 0.296875
vt 0.28125 0.296875
vt 0.283103125 0.28995781249999997
vt 0.293003125 0.28995781249999997
vt 0.28125 0.28125
vt 0.29485625 0.28125
vt 0.29485625 0.296875
vt 0.28125 0.296875
vt 0.29115 0.296875
vt 0.28125 0.296875
vt 0.28125 0.28125
vt 0.29115 0.28125
vt 0.28816765625 0.28512171875000003
vt 0.28816765625 0.2950215625
vt 0.28125 0.296875
vt 0.281250625 0.2832678125
vt 0.2948571875 0.296875
vt 0.28125 0.296875
vt 0.28310390625 0.2899575
vt 0.29300359375 0.28995796875
vt 0.28125 0.28125
vt 0.29485625 0.28125
vt 0.29485625 0.296875
vt 0.28125 0.296875
vt 0.29115 0.296875
vt 0.28125 0.296875
vt 0.28125 0.28125
vt 0.29115 0.28125
vt 0.28816765625 0.28512140625000004
vt 0.28816765625 0.29502125
vt 0.281250625 0.296875
vt 0.28125 0.2832678125
vt 0.2948571875 0.296875
vt 0.28125 0.296875
vt 0.2831034375 0.28995796875
vt 0.29300328125 0.2899575
vt 0.28125 0.28125
vt 0.29485625 0.28125
vt 0.29485625 0.296875
vt 0.28125 0.296875
vt 0.29115 0.296875
vt 0.28125 0.296875
vt 0.28125 0.28125
vt 0.29115 0.28125
vt 0.2881671875 0.28512187499999997
vt 0.2881671875 0.295021875
vt 0.28125 0.296875
vt 0.28125 0.28326874999999996
vt 0.28125 0.296875
vt 0.28125 0.28326874999999996
vt 0.2881671875 0.28512187499999997
vt 0.2881671875 0.295021875
vt 0.28125 0.28125
vt 0.29485625 0.28125
vt 0.29485625 0.296875
vt 0.28125 0.296875
vt 0.29115 0.296875
vt 0.28125 0.296875
vt 0.28125 0.28125
vt 0.29115 0.28125
vt 0.28310375 0.28995734375000004
vt 0.29300359375 0.28995734375000004
vt 0.2948571875 0.296875
vt 0.28125 0.296874375
vt 0.28125 0.296875
vt 0.28125 0.2832678125
vt 0.2881675 0.28512171875000003
vt 0.28816703125 0.2950215625
vt 0.28125 0.28125
vt 0.29485625 0.28125
vt 0.29485625 0.296875
vt 0.28125 0.296875
vt 0.29115 0.296875
vt 0.28125 0.296875
vt 0.28125 0.28125
vt 0.29115 0.28125
vt 0.2831034375 0.28995734375000004
vt 0.29300328125 0.28995734375000004
vt 0.2948571875 0.296874375
vt 0.28125 0.296875
vt 0.28125 0.296875
vt 0.28125 0.2832678125
vt 0.28816703125 0.28512140625000004
vt 0.2881675 0.29502109374999996
vt 0.28125 0.28125
vt 0.29485625 0.28125
vt 0.29485625 0.296875
vt 0.28125 0.296875
vt 0.29115 0.296875
vt 0.28125 0.296875
vt 0.28125 0.28125
vt 0.29115 0.28125
vt 0.283103125 0.28995781249999997
vt 0.293003125 0.28995781249999997
vt 0.29485625 0.296875
vt 0.28125 0.296875
vt 0.28125 0.28995781249999997
vt 0.29485625 0.28995781249999997
vt 0.293003125 0.296875
vt 0.283103125 0.296875
vn 0.5000047549191339 0.8660226585131923 0
vn -0.4999956916624099 -0.8660278911900172 -1.7522308367960474e-16
vn 2.87371910369571e-18 -3.4547170238616073e-16 1
vn 3.7620171963428513e-16 6.515922302131103e-16 -1
vn 0.8660226585131922 0.5000047549191339 6.374498086138453e-17
vn -0.8660278911900172 -0.49999569166240987 -8.761154183980233e-17
vn 2.3476139279252257e-17 -8.761100435120046e-17 1
vn 3.6606442754336843e-16 5.057764638352137e-16 -1
vn 1 0 0
vn -1 0 0
vn -4.695297118660372e-17 -1.7522459353301082e-16 1
vn 6.832346365309845e-17 2.54977498650764e-16 -1
vn 0.8660226585131923 -0.5000047549191339 -1.2748996172276903e-16
vn -0.8660278911900172 0.49999569166240987 8.761154183980235e-17
vn 1.5306314603417172e-16 -1.8953483724829323e-16 1
vn 1.8665798426758293e-16 1.8665798426758296e-16 -1
vn 0.5000047549191339 -0.8660226585131923 0
vn -0.49999569166240987 0.8660278911900174 1.752230836796048e-16
vn -4.982593850062846e-17 -2.6414713853677645e-16 1
vn 4.181684463550474e-18 5.027121991869919e-16 -1
vn 0 -1 0
vn 0 1 2.220446049250313e-16
vn 0 -2.507958400255617e-16 1
vn 0 5.015916800511232e-16 -1
vn -0.5000047549191339 -0.8660226585131923 -1.912349425841536e-16
vn 0.49999569166240987 0.8660278911900174 8.76115418398024e-17
vn 2.87371910369571e-18 -3.4547170238616073e-16 1
vn -1.8665798426758283e-16 1.8665798426758293e-16 -1
vn -0.8660226585131922 -0.5000047549191339 -6.374498086138453e-17
vn 0.8660278911900172 0.49999569166240987 4.3805770919901173e-17
vn 2.3476139279252257e-17 -8.761100435120046e-17 1
vn -6.832388582181182e-17 2.54979074149382e-16 -1
vn -1 0 0
vn 1 0 0
vn -4.695297118660372e-17 -1.7522459353301082e-16 1
vn -4.33268216398025e-16 2.54977498650764e-16 -1
vn -0.8660226585131923 0.5000047549191339 0
vn 0.8660278911900172 -0.49999569166240987 -8.761154183980237e-17
vn 1.5306314603417172e-16 -1.8953483724829323e-16 1
vn -4.649342459455275e-16 5.62859703901868e-16 -1
vn -0.5000047549191339 0.8660226585131922 1.912349425841536e-16
vn 0.4999956916624099 -0.8660278911900172 -1.7522308367960477e-16
vn -4.982593850062846e-17 -2.6414713853677645e-16 1
vn -2.5079738968583164e-16 4.3438831336518024e-16 -1
vn 0 1 2.2204460492503136e-16
vn 0 -1 -2.220446049250313e-16
vn 0 -2.507958400255617e-16 1
vn 0 5.015916800511234e-16 -1
usemtl m_3d215661-f591-00a8-53e2-d8d611c756be
f 895/2953/757 899/2954/757 900/2955/757 896/2956/757
f 898/2957/758 902/2958/758 901/2959/758 897/2960/758
f 897/2961/759 901/2962/759 899/2963/759 895/2964/759
f 896/2965/760 900/2966/760 902/2967/760 898/2968/760
f 899/2969/761 903/2970/761 904/2971/761 900/2972/761
f 902/2973/762 906/2974/762 905/2975/762 901/2976/762
f 901/2977/763 905/2978/763 903/2979/763 899/2980/763
f 900/2981/764 904/2982/764 906/2983/764 902/2984/764
f 903/2985/765 907/2986/765 908/2987/765 904/2988/765
f 906/2989/766 910/2990/766 909/2991/766 905/2992/766
f 905/2993/767 909/2994/767 907/2995/767 903/2996/767
f 904/2997/768 908/2998/768 910/2999/768 906/3000/768
f 907/3001/769 911/3002/769 912/3003/769 908/3004/769
f 910/3005/770 914/3006/770 913/3007/770 909/3008/770
f 909/3009/771 913/3010/771 911/3011/771 907/3012/771
f 908/3013/772 912/3014/772 914/3015/772 910/3016/772
f 911/3017/773 915/3018/773 916/3019/773 912/3020/773
f 914/3021/774 918/3022/774 917/3023/774 913/3024/774
f 913/3025/775 917/3026/775 915/3027/775 911/3028/775
f 912/3029/776 916/3030/776 918/3031/776 914/3032/776
f 915/3033/777 919/3034/777 920/3035/777 916/3036/777
f 918/3037/778 922/3038/778 921/3039/778 917/3040/778
f 917/3041/779 921/3042/779 919/3043/779 915/3044/779
f 916/3045/780 920/3046/780 922/3047/780 918/3048/780
f 919/3049/781 923/3050/781 924/3051/781 920/3052/781
f 922/3053/782 926/3054/782 925/3055/782 921/3056/782
f 921/3057/783 925/3058/783 923/3059/783 919/3060/783
f 920/3061/784 924/3062/784 926/3063/784 922/3064/784
f 923/3065/785 927/3066/785 928/3067/785 924/3068/785
f 926/3069/786 930/3070/786 929/3071/786 925/3072/786
f 925/3073/787 929/3074/787 927/3075/787 923/3076/787
f 924/3077/788 928/3078/788 930/3079/788 926/3080/788
f 927/3081/789 931/3082/789 932/3083/789 928/3084/789
f 930/3085/790 934/3086/790 933/3087/790 929/3088/790
f 929/3089/791 933/3090/791 931/3091/791 927/3092/791
f 928/3093/792 932/3094/792 934/3095/792 930/3096/792
f 931/3097/793 935/3098/793 936/3099/793 932/3100/793
f 934/3101/794 938/3102/794 937/3103/794 933/3104/794
f 933/3105/795 937/3106/795 935/3107/795 931/3108/795
f 932/3109/796 936/3110/796 938/3111/796 934/3112/796
f 935/3113/797 939/3114/797 940/3115/797 936/3116/797
f 938/3117/798 942/3118/798 941/3119/798 937/3120/798
f 937/3121/799 941/3122/799 939/3123/799 935/3124/799
f 936/3125/800 940/3126/800 942/3127/800 938/3128/800
f 939/3129/801 895/3130/801 896/3131/801 940/3132/801
f 942/3133/802 898/3134/802 897/3135/802 941/3136/802
f 941/3137/803 897/3138/803 895/3139/803 939/3140/803
f 940/3141/804 896/3142/804 898/3143/804 942/3144/804
o circle
v -0.125 6.0625 -0.47812499999999997
v -0.09988 6.15625 -0.47812499999999997
v -0.05637 6.13113 -0.47812499999999997
v -0.03125 6.08762 -0.47812499999999997
v -0.03125 6.03738 -0.47812499999999997
v -0.05637 5.99387 -0.47812499999999997
v -0.09988 5.96875 -0.47812499999999997
v -0.15012 5.96875 -0.47812499999999997
v -0.19363 5.99387 -0.47812499999999997
v -0.21875 6.03738 -0.47812499999999997
v -0.21875 6.08762 -0.47812499999999997
v -0.19363 6.13113 -0.47812499999999997
v -0.15012 6.15625 -0.47812499999999997
vt 0.3247625 0.6752374999999999
vt 0.375 0.7622625000000001
vt 0.1875 0.8125
vt 0.375 0.7622625000000001
vt 0.375 0.8627374999999999
vt 0.1875 0.8125
vt 0.375 0.8627374999999999
vt 0.3247625 0.9497625
vt 0.1875 0.8125
vt 0.3247625 0.9497625
vt 0.2377375 1
vt 0.1875 0.8125
vt 0.2377375 1
vt 0.1372625 1
vt 0.1875 0.8125
vt 0.1372625 1
vt 0.0502375 0.9497625
vt 0.1875 0.8125
vt 0.0502375 0.9497625
vt 0 0.8627374999999999
vt 0.1875 0.8125
vt 0 0.8627374999999999
vt 0 0.7622625000000001
vt 0.1875 0.8125
vt 0 0.7622625000000001
vt 0.0502375 0.6752374999999999
vt 0.1875 0.8125
vt 0.0502375 0.6752374999999999
vt 0.1372625 0.625
vt 0.1875 0.8125
vt 0.1372625 0.625
vt 0.2377375 0.625
vt 0.1875 0.8125
vt 0.2377375 0.625
vt 0.3247625 0.6752374999999999
vt 0.1875 0.8125
vn -1.1730369563575763e-17 1.12836211089253e-16 -1
vn 0 6.905746321563724e-17 -1
vn 1.173036956357576e-17 1.12836211089253e-16 -1
vn 6.409901158068214e-17 1.6520485310635936e-16 -1
vn 0 1.4802973661668756e-16 -1
vn -6.409901158068214e-17 1.6520485310635936e-16 -1
vn -1.1730369563575763e-17 1.12836211089253e-16 -1
vn 0 6.905746321563724e-17 -1
vn 1.173036956357576e-17 1.12836211089253e-16 -1
vn 6.409901158068214e-17 1.6520485310635936e-16 -1
vn 0 1.4802973661668756e-16 -1
vn -6.409901158068214e-17 1.6520485310635936e-16 -1
usemtl m_ac3999ef-95b5-0d58-6ef6-8589e28d3a01
f 945/3145/805 946/3146/805 943/3147/805
f 946/3148/806 947/3149/806 943/3150/806
f 947/3151/807 948/3152/807 943/3153/807
f 948/3154/808 949/3155/808 943/3156/808
f 949/3157/809 950/3158/809 943/3159/809
f 950/3160/810 951/3161/810 943/3162/810
f 951/3163/811 952/3164/811 943/3165/811
f 952/3166/812 953/3167/812 943/3168/812
f 953/3169/813 954/3170/813 943/3171/813
f 954/3172/814 955/3173/814 943/3174/814
f 955/3175/815 944/3176/815 943/3177/815
f 944/3178/816 945/3179/816 943/3180/816
o mesh
v 0.284375 7.090625 -0.4375
v 0.284375 7.090625 -0.5
v 0.253125 7.090625 -0.4375
v 0.253125 7.090625 -0.5
v 0.1875 7.2 -0.4375
v 0.1875 7.2 -0.8125
v 0.1875 7.16875 -0.4375
v 0.1875 7.16875 -0.8125
vt 0.046875 1
vt 0 1
vt 0 0.984375
vt 0.046875 0.984375
vt 0.046875 0.984375
vt 0.046875 1
vt 0 1
vt 0 0.984375
vt 0.3125 0.265625
vt 0.359375 0.265625
vt 0.359375 0.3125
vt 0.3125 0.3125
vt 0.359375 0.265625
vt 0.359375 0.3125
vt 0.3125 0.3125
vt 0.3125 0.265625
vt 0.359375 0.265625
vt 0.359375 0.28125
vt 0.3125 0.28125
vt 0.3125 0.265625
vt 0.359375 0.28125
vt 0.3125 0.28125
vt 0.3125 0.265625
vt 0.359375 0.265625
vn 0 -1 0
vn -1 0 0
vn 0.7485881801731631 0.6630352452962301 0
vn -0.7657048647896111 -0.6431920864232733 0
vn 0 0 1
vn 0 -0.9438583563660176 -0.33035042472810605
usemtl m_3d215661-f591-00a8-53e2-d8d611c756be
f 957/3181/817 956/3182/817 958/3183/817 959/3184/817
f 962/3185/818 960/3186/818 961/3187/818 963/3188/818
f 960/3189/819 956/3190/819 957/3191/819 961/3192/819
f 959/3193/820 958/3194/820 962/3195/820 963/3196/820
f 958/3197/821 956/3198/821 960/3199/821 962/3200/821
f 961/3201/822 957/3202/822 959/3203/822 963/3204/822
o mesh
v -0.25379125 7.090625 -0.4375
v -0.25379125 7.090625 -0.5
v -0.28504125 7.090625 -0.4375
v -0.28504125 7.090625 -0.5
v -0.1875 7.16875 -0.4375
v -0.1875 7.16875 -0.8125
v -0.1875 7.2 -0.4375
v -0.1875 7.2 -0.8125
vt 0.046875 1
vt 0 1
vt 0 0.984375
vt 0.046875 0.984375
vt 0.046875 0.984375
vt 0.046875 1
vt 0 1
vt 0 0.984375
vt 0.3125 0.265625
vt 0.359375 0.265625
vt 0.359375 0.3125
vt 0.3125 0.3125
vt 0.359375 0.265625
vt 0.359375 0.3125
vt 0.3125 0.3125
vt 0.3125 0.265625
vt 0.359375 0.25
vt 0.359375 0.265625
vt 0.3125 0.265625
vt 0.3125 0.25
vt 0.359375 0.265625
vt 0.3125 0.265625
vt 0.3125 0.25
vt 0.359375 0.25
vn 0 -1 0
vn 1 0 0
vn 0.7624929033564974 -0.646996578299282 0
vn -0.7463273826322242 0.6655790245593183 0
vn 0 0 1
vn 0 -0.9701425001453319 -0.24253562503633297
usemtl m_3d215661-f591-00a8-53e2-d8d611c756be
f 965/3205/823 964/3206/823 966/3207/823 967/3208/823
f 970/3209/824 968/3210/824 969/3211/824 971/3212/824
f 968/3213/825 964/3214/825 965/3215/825 969/3216/825
f 967/3217/826 966/3218/826 970/3219/826 971/3220/826
f 966/3221/827 964/3222/827 968/3223/827 970/3224/827
f 969/3225/828 965/3226/828 967/3227/828 971/3228/828
o cube
v 0.1875 7.2 -0.4375
v 0.1875 7.2 -0.8125
v 0.1875 7.16875 -0.4375
v 0.1875 7.16875 -0.8125
v -0.1875 7.2 -0.4375
v -0.1875 7.2 -0.8125
v -0.1875 7.16875 -0.4375
v -0.1875 7.16875 -0.8125
vt 0.390625 0.3046875
vt 0.390625 0.3125
vt 0.296875 0.3125
vt 0.296875 0.3046875
vt 0.390625 0.3046875
vt 0.390625 0.3125
vt 0.296875 0.3125
vt 0.296875 0.3046875
vt 0.390625 0.21875
vt 0.390625 0.3125
vt 0.296875 0.3125
vt 0.296875 0.21875
vt 0.390625 0.21875
vt 0.390625 0.3125
vt 0.296875 0.3125
vt 0.296875 0.21875
vt 0.390625 0.3046875
vt 0.390625 0.3125
vt 0.296875 0.3125
vt 0.296875 0.3046875
vt 0.390625 0.3046875
vt 0.390625 0.3125
vt 0.296875 0.3125
vt 0.296875 0.3046875
vn 1 0 0
vn -1 0 0
vn 0 1 0
vn 0 -1 0
vn 0 0 1
vn 0 0 -1
usemtl m_3d215661-f591-00a8-53e2-d8d611c756be
f 975/3229/829 973/3230/829 972/3231/829 974/3232/829
f 978/3233/830 976/3234/830 977/3235/830 979/3236/830
f 972/3237/831 973/3238/831 977/3239/831 976/3240/831
f 975/3241/832 974/3242/832 978/3243/832 979/3244/832
f 974/3245/833 972/3246/833 976/3247/833 978/3248/833
f 979/3249/834 977/3250/834 973/3251/834 975/3252/834
o cube
v -0.25379125 7.090624999999999 -0.4375
v -0.25379125 7.090624999999999 -0.5
v -0.25379125 7.027014375 -0.4375
v -0.25379125 7.027014375 -0.5
v -0.28504125 7.090624999999999 -0.4375
v -0.28504125 7.090624999999999 -0.5
v -0.28504125 7.027014375 -0.4375
v -0.28504125 7.027014375 -0.5
vt 0.328125 0.26534734375
vt 0.328125 0.28125
vt 0.3125 0.28125
vt 0.3125 0.26534734375
vt 0.34375 0.26534734375
vt 0.34375 0.28125
vt 0.328125 0.28125
vt 0.328125 0.26534734375
vt 0.3209271875 0.296875
vt 0.3209271875 0.3125
vt 0.3131146875 0.3125
vt 0.3131146875 0.296875
vt 0.3678021875 0.296875
vt 0.3678021875 0.3125
vt 0.3599896875 0.3125
vt 0.3599896875 0.296875
vt 0.3678021875 0.26534734375
vt 0.3678021875 0.28125
vt 0.3599896875 0.28125
vt 0.3599896875 0.26534734375
vt 0.296875 0.26534734375
vt 0.296875 0.28125
vt 0.2890625 0.28125
vt 0.2890625 0.26534734375
vn 1 0 0
vn -1 0 0
vn 0 1 0
vn 0 -1 0
vn 0 0 1
vn 0 0 -1
usemtl m_3d215661-f591-00a8-53e2-d8d611c756be
f 983/3253/835 981/3254/835 980/3255/835 982/3256/835
f 986/3257/836 984/3258/836 985/3259/836 987/3260/836
f 980/3261/837 981/3262/837 985/3263/837 984/3264/837
f 983/3265/838 982/3266/838 986/3267/838 987/3268/838
f 982/3269/839 980/3270/839 984/3271/839 986/3272/839
f 987/3273/840 985/3274/840 981/3275/840 983/3276/840
o cube
v 0.284375 7.090624999999999 -0.4375
v 0.284375 7.090624999999999 -0.5
v 0.284375 7.027014375 -0.4375
v 0.284375 7.027014375 -0.5
v 0.253125 7.090624999999999 -0.4375
v 0.253125 7.090624999999999 -0.5
v 0.253125 7.027014375 -0.4375
v 0.253125 7.027014375 -0.5
vt 0.328125 0.26534734375
vt 0.328125 0.28125
vt 0.3125 0.28125
vt 0.3125 0.26534734375
vt 0.34375 0.26534734375
vt 0.34375 0.28125
vt 0.328125 0.28125
vt 0.328125 0.26534734375
vt 0.3209271875 0.296875
vt 0.3209271875 0.3125
vt 0.3131146875 0.3125
vt 0.3131146875 0.296875
vt 0.3678021875 0.296875
vt 0.3678021875 0.3125
vt 0.3599896875 0.3125
vt 0.3599896875 0.296875
vt 0.3678021875 0.26534734375
vt 0.3678021875 0.28125
vt 0.3599896875 0.28125
vt 0.3599896875 0.26534734375
vt 0.296875 0.26534734375
vt 0.296875 0.28125
vt 0.2890625 0.28125
vt 0.2890625 0.26534734375
vn 1 0 0
vn -1 0 0
vn 0 1 0
vn 0 -1 0
vn 0 0 1
vn 0 0 -1
usemtl m_3d215661-f591-00a8-53e2-d8d611c756be
f 991/3277/841 989/3278/841 988/3279/841 990/3280/841
f 994/3281/842 992/3282/842 993/3283/842 995/3284/842
f 988/3285/843 989/3286/843 993/3287/843 992/3288/843
f 991/3289/844 990/3290/844 994/3291/844 995/3292/844
f 990/3293/845 988/3294/845 992/3295/845 994/3296/845
f 995/3297/846 993/3298/846 989/3299/846 991/3300/846
o mesh
v 0.284375 6.090625 -0.4375
v 0.284375 6.090625 -0.5
v 0.253125 6.090625 -0.4375
v 0.253125 6.090625 -0.5
v 0.1875 6.2 -0.4375
v 0.1875 6.2 -0.8125
v 0.1875 6.16875 -0.4375
v 0.1875 6.16875 -0.8125
vt 0.046875 1
vt 0 1
vt 0 0.984375
vt 0.046875 0.984375
vt 0.046875 0.984375
vt 0.046875 1
vt 0 1
vt 0 0.984375
vt 0.3125 0.265625
vt 0.359375 0.265625
vt 0.359375 0.3125
vt 0.3125 0.3125
vt 0.359375 0.265625
vt 0.359375 0.3125
vt 0.3125 0.3125
vt 0.3125 0.265625
vt 0.359375 0.265625
vt 0.359375 0.28125
vt 0.3125 0.28125
vt 0.3125 0.265625
vt 0.359375 0.28125
vt 0.3125 0.28125
vt 0.3125 0.265625
vt 0.359375 0.265625
vn 0 -1 0
vn -1 0 0
vn 0.7485881801731631 0.6630352452962301 0
vn -0.7657048647896111 -0.6431920864232733 0
vn 0 0 1
vn 0 -0.9438583563660176 -0.33035042472810605
usemtl m_3d215661-f591-00a8-53e2-d8d611c756be
f 997/3301/847 996/3302/847 998/3303/847 999/3304/847
f 1002/3305/848 1000/3306/848 1001/3307/848 1003/3308/848
f 1000/3309/849 996/3310/849 997/3311/849 1001/3312/849
f 999/3313/850 998/3314/850 1002/3315/850 1003/3316/850
f 998/3317/851 996/3318/851 1000/3319/851 1002/3320/851
f 1001/3321/852 997/3322/852 999/3323/852 1003/3324/852
o mesh
v -0.25379125 6.090625 -0.4375
v -0.25379125 6.090625 -0.5
v -0.28504125 6.090625 -0.4375
v -0.28504125 6.090625 -0.5
v -0.1875 6.16875 -0.4375
v -0.1875 6.16875 -0.8125
v -0.1875 6.2 -0.4375
v -0.1875 6.2 -0.8125
vt 0.046875 1
vt 0 1
vt 0 0.984375
vt 0.046875 0.984375
vt 0.046875 0.984375
vt 0.046875 1
vt 0 1
vt 0 0.984375
vt 0.3125 0.265625
vt 0.359375 0.265625
vt 0.359375 0.3125
vt 0.3125 0.3125
vt 0.359375 0.265625
vt 0.359375 0.3125
vt 0.3125 0.3125
vt 0.3125 0.265625
vt 0.359375 0.25
vt 0.359375 0.265625
vt 0.3125 0.265625
vt 0.3125 0.25
vt 0.359375 0.265625
vt 0.3125 0.265625
vt 0.3125 0.25
vt 0.359375 0.25
vn 0 -1 0
vn 1 0 0
vn 0.7624929033564974 -0.646996578299282 0
vn -0.7463273826322242 0.6655790245593183 0
vn 0 0 1
vn 0 -0.9701425001453319 -0.24253562503633297
usemtl m_3d215661-f591-00a8-53e2-d8d611c756be
f 1005/3325/853 1004/3326/853 1006/3327/853 1007/3328/853
f 1010/3329/854 1008/3330/854 1009/3331/854 1011/3332/854
f 1008/3333/855 1004/3334/855 1005/3335/855 1009/3336/855
f 1007/3337/856 1006/3338/856 1010/3339/856 1011/3340/856
f 1006/3341/857 1004/3342/857 1008/3343/857 1010/3344/857
f 1009/3345/858 1005/3346/858 1007/3347/858 1011/3348/858
o cube
v 0.1875 6.2 -0.4375
v 0.1875 6.2 -0.8125
v 0.1875 6.16875 -0.4375
v 0.1875 6.16875 -0.8125
v -0.1875 6.2 -0.4375
v -0.1875 6.2 -0.8125
v -0.1875 6.16875 -0.4375
v -0.1875 6.16875 -0.8125
vt 0.390625 0.3046875
vt 0.390625 0.3125
vt 0.296875 0.3125
vt 0.296875 0.3046875
vt 0.390625 0.3046875
vt 0.390625 0.3125
vt 0.296875 0.3125
vt 0.296875 0.3046875
vt 0.390625 0.21875
vt 0.390625 0.3125
vt 0.296875 0.3125
vt 0.296875 0.21875
vt 0.390625 0.21875
vt 0.390625 0.3125
vt 0.296875 0.3125
vt 0.296875 0.21875
vt 0.390625 0.3046875
vt 0.390625 0.3125
vt 0.296875 0.3125
vt 0.296875 0.3046875
vt 0.390625 0.3046875
vt 0.390625 0.3125
vt 0.296875 0.3125
vt 0.296875 0.3046875
vn 1 0 0
vn -1 0 0
vn 0 1 0
vn 0 -1 0
vn 0 0 1
vn 0 0 -1
usemtl m_3d215661-f591-00a8-53e2-d8d611c756be
f 1015/3349/859 1013/3350/859 1012/3351/859 1014/3352/859
f 1018/3353/860 1016/3354/860 1017/3355/860 1019/3356/860
f 1012/3357/861 1013/3358/861 1017/3359/861 1016/3360/861
f 1015/3361/862 1014/3362/862 1018/3363/862 1019/3364/862
f 1014/3365/863 1012/3366/863 1016/3367/863 1018/3368/863
f 1019/3369/864 1017/3370/864 1013/3371/864 1015/3372/864
o cube
v -0.25379125 6.090624999999999 -0.4375
v -0.25379125 6.090624999999999 -0.5
v -0.25379125 6.027014375 -0.4375
v -0.25379125 6.027014375 -0.5
v -0.28504125 6.090624999999999 -0.4375
v -0.28504125 6.090624999999999 -0.5
v -0.28504125 6.027014375 -0.4375
v -0.28504125 6.027014375 -0.5
vt 0.328125 0.26534734375
vt 0.328125 0.28125
vt 0.3125 0.28125
vt 0.3125 0.26534734375
vt 0.34375 0.26534734375
vt 0.34375 0.28125
vt 0.328125 0.28125
vt 0.328125 0.26534734375
vt 0.3209271875 0.296875
vt 0.3209271875 0.3125
vt 0.3131146875 0.3125
vt 0.3131146875 0.296875
vt 0.3678021875 0.296875
vt 0.3678021875 0.3125
vt 0.3599896875 0.3125
vt 0.3599896875 0.296875
vt 0.3678021875 0.26534734375
vt 0.3678021875 0.28125
vt 0.3599896875 0.28125
vt 0.3599896875 0.26534734375
vt 0.296875 0.26534734375
vt 0.296875 0.28125
vt 0.2890625 0.28125
vt 0.2890625 0.26534734375
vn 1 0 0
vn -1 0 0
vn 0 1 0
vn 0 -1 0
vn 0 0 1
vn 0 0 -1
usemtl m_3d215661-f591-00a8-53e2-d8d611c756be
f 1023/3373/865 1021/3374/865 1020/3375/865 1022/3376/865
f 1026/3377/866 1024/3378/866 1025/3379/866 1027/3380/866
f 1020/3381/867 1021/3382/867 1025/3383/867 1024/3384/867
f 1023/3385/868 1022/3386/868 1026/3387/868 1027/3388/868
f 1022/3389/869 1020/3390/869 1024/3391/869 1026/3392/869
f 1027/3393/870 1025/3394/870 1021/3395/870 1023/3396/870
o cube
v 0.284375 6.090624999999999 -0.4375
v 0.284375 6.090624999999999 -0.5
v 0.284375 6.027014375 -0.4375
v 0.284375 6.027014375 -0.5
v 0.253125 6.090624999999999 -0.4375
v 0.253125 6.090624999999999 -0.5
v 0.253125 6.027014375 -0.4375
v 0.253125 6.027014375 -0.5
vt 0.328125 0.26534734375
vt 0.328125 0.28125
vt 0.3125 0.28125
vt 0.3125 0.26534734375
vt 0.34375 0.26534734375
vt 0.34375 0.28125
vt 0.328125 0.28125
vt 0.328125 0.26534734375
vt 0.3209271875 0.296875
vt 0.3209271875 0.3125
vt 0.3131146875 0.3125
vt 0.3131146875 0.296875
vt 0.3678021875 0.296875
vt 0.3678021875 0.3125
vt 0.3599896875 0.3125
vt 0.3599896875 0.296875
vt 0.3678021875 0.26534734375
vt 0.3678021875 0.28125
vt 0.3599896875 0.28125
vt 0.3599896875 0.26534734375
vt 0.296875 0.26534734375
vt 0.296875 0.28125
vt 0.2890625 0.28125
vt 0.2890625 0.26534734375
vn 1 0 0
vn -1 0 0
vn 0 1 0
vn 0 -1 0
vn 0 0 1
vn 0 0 -1
usemtl m_3d215661-f591-00a8-53e2-d8d611c756be
f 1031/3397/871 1029/3398/871 1028/3399/871 1030/3400/871
f 1034/3401/872 1032/3402/872 1033/3403/872 1035/3404/872
f 1028/3405/873 1029/3406/873 1033/3407/873 1032/3408/873
f 1031/3409/874 1030/3410/874 1034/3411/874 1035/3412/874
f 1030/3413/875 1028/3414/875 1032/3415/875 1034/3416/875
f 1035/3417/876 1033/3418/876 1029/3419/876 1031/3420/876
o cube
v -0.25 4.5 0.625
v -0.25 4.5 0.5625
v -0.125 3.625 0.5
v -0.125 3.6875 0.4375
v -0.3125 4.5 0.625
v -0.3125 4.5 0.5625
v -0.1875 3.625 0.5
v -0.1875 3.6875 0.4375
vt 0.0625 0.1875
vt 0.0625 1
vt 0 1
vt 0 0.1875
vt 0.0625 0.1875
vt 0.0625 1
vt 0 1
vt 0 0.1875
vt 0.0625 0.9375
vt 0.0625 1
vt 0 1
vt 0 0.9375
vt 0.0625 0.9375
vt 0.0625 1
vt 0 1
vt 0 0.9375
vt 0.0625 0.1875
vt 0.0625 1
vt 0 1
vt 0 0.1875
vt 0.0625 0.1875
vt 0.0625 1
vt 0 1
vt 0 0.1875
vn 0.9883716976506172 0.1520571842539411 0
vn -0.9899494936611667 -0.14142135623730953 0
vn 0 1 0
vn 0 -0.7071067811865476 -0.7071067811865476
vn 0 -0.14142135623730953 0.9899494936611667
vn 0 0.1520571842539411 -0.9883716976506172
usemtl m_de520ccc-0234-6a6c-1047-8b7438fb9ffd
f 1039/3421/877 1037/3422/877 1036/3423/877 1038/3424/877
f 1042/3425/878 1040/3426/878 1041/3427/878 1043/3428/878
f 1036/3429/879 1037/3430/879 1041/3431/879 1040/3432/879
f 1039/3433/880 1038/3434/880 1042/3435/880 1043/3436/880
f 1038/3437/881 1036/3438/881 1040/3439/881 1042/3440/881
f 1043/3441/882 1041/3442/882 1037/3443/882 1039/3444/882
o cube
v 0.3125 4.5 0.625
v 0.3125 4.5 0.5625
v 0.1875 3.625 0.5
v 0.1875 3.6875 0.4375
v 0.25 4.5 0.625
v 0.25 4.5 0.5625
v 0.125 3.625 0.5
v 0.125 3.6875 0.4375
vt 0.0625 0.1875
vt 0.0625 1
vt 0 1
vt 0 0.1875
vt 0.0625 0.1875
vt 0.0625 1
vt 0 1
vt 0 0.1875
vt 0.0625 0.9375
vt 0.0625 1
vt 0 1
vt 0 0.9375
vt 0.0625 0.9375
vt 0.0625 1
vt 0 1
vt 0 0.9375
vt 0.0625 0.1875
vt 0.0625 1
vt 0 1
vt 0 0.1875
vt 0.0625 0.1875
vt 0.0625 1
vt 0 1
vt 0 0.1875
vn 0.9883716976506172 -0.1520571842539411 0
vn -0.9899494936611667 0.14142135623730953 0
vn 0 1 0
vn 0 -0.7071067811865476 -0.7071067811865476
vn 0 -0.14142135623730953 0.9899494936611667
vn 0 0.1520571842539411 -0.9883716976506172
usemtl m_de520ccc-0234-6a6c-1047-8b7438fb9ffd
f 1047/3445/883 1045/3446/883 1044/3447/883 1046/3448/883
f 1050/3449/884 1048/3450/884 1049/3451/884 1051/3452/884
f 1044/3453/885 1045/3454/885 1049/3455/885 1048/3456/885
f 1047/3457/886 1046/3458/886 1050/3459/886 1051/3460/886
f 1046/3461/887 1044/3462/887 1048/3463/887 1050/3464/887
f 1051/3465/888 1049/3466/888 1045/3467/888 1047/3468/888
o cube
v -0.25 4.5625 0.625
v -0.3125 4.5625 0.109375
v -0.25 4.5 0.625
v -0.3125 4.5 0.109375
v -0.3125 4.5625 0.625
v -0.375 4.5625 0.109375
v -0.3125 4.5 0.625
v -0.375 4.5 0.109375
vt 1 0
vt 1 0.0625
vt 0.375 0.0625
vt 0.375 0
vt 1 0
vt 1 0.0625
vt 0.375 0.0625
vt 0.375 0
vt 1 0
vt 1 0.625
vt 0.9375 0.625
vt 0.9375 0
vt 1 0
vt 1 0.625
vt 0.9375 0.625
vt 0.9375 0
vt 1 0
vt 1 0.0625
vt 0.9375 0.0625
vt 0.9375 0
vt 1 0
vt 1 0.0625
vt 0.9375 0.0625
vt 0.9375 0
vn 0.9927337820337083 0 -0.12033136751923737
vn -0.9927337820337083 0 0.12033136751923737
vn 0 1 0
vn 0 -1 0
vn 0 0 1
vn 0 0 -1
usemtl m_de520ccc-0234-6a6c-1047-8b7438fb9ffd
f 1055/3469/889 1053/3470/889 1052/3471/889 1054/3472/889
f 1058/3473/890 1056/3474/890 1057/3475/890 1059/3476/890
f 1052/3477/891 1053/3478/891 1057/3479/891 1056/3480/891
f 1055/3481/892 1054/3482/892 1058/3483/892 1059/3484/892
f 1054/3485/893 1052/3486/893 1056/3487/893 1058/3488/893
f 1059/3489/894 1057/3490/894 1053/3491/894 1055/3492/894
o cube
v 0.3125 4.5625 0.625
v 0.375 4.5625 0.109375
v 0.3125 4.5 0.625
v 0.375 4.5 0.109375
v 0.25 4.5625 0.625
v 0.3125 4.5625 0.109375
v 0.25 4.5 0.625
v 0.3125 4.5 0.109375
vt 1 0
vt 1 0.0625
vt 0.375 0.0625
vt 0.375 0
vt 1 0
vt 1 0.0625
vt 0.375 0.0625
vt 0.375 0
vt 1 0
vt 1 0.625
vt 0.9375 0.625
vt 0.9375 0
vt 1 0
vt 1 0.625
vt 0.9375 0.625
vt 0.9375 0
vt 1 0
vt 1 0.0625
vt 0.9375 0.0625
vt 0.9375 0
vt 1 0
vt 1 0.0625
vt 0.9375 0.0625
vt 0.9375 0
vn 0.9927337820337083 0 0.12033136751923737
vn -0.9927337820337083 0 -0.12033136751923737
vn 0 1 0
vn 0 -1 0
vn 0 0 1
vn 0 0 -1
usemtl m_de520ccc-0234-6a6c-1047-8b7438fb9ffd
f 1063/3493/895 1061/3494/895 1060/3495/895 1062/3496/895
f 1066/3497/896 1064/3498/896 1065/3499/896 1067/3500/896
f 1060/3501/897 1061/3502/897 1065/3503/897 1064/3504/897
f 1063/3505/898 1062/3506/898 1066/3507/898 1067/3508/898
f 1062/3509/899 1060/3510/899 1064/3511/899 1066/3512/899
f 1067/3513/900 1065/3514/900 1061/3515/900 1063/3516/900
o cube
v 0.07812499999999999 3.679843927173422 0.4622929423709574
v 0.07812499999999999 3.6080233644172703 0.174236398632771
v 0.07812499999999999 3.619200444281172 0.4774130608459366
v 0.07812499999999999 3.547379881525021 0.18935651710775023
v -0.07812499999999999 3.679843927173422 0.4622929423709574
v -0.07812499999999999 3.6080233644172703 0.174236398632771
v -0.07812499999999999 3.619200444281172 0.4774130608459366
v -0.07812499999999999 3.547379881525021 0.18935651710775023
vt 0.453125 0.9375
vt 0.453125 1
vt 0.15625 1
vt 0.15625 0.9375
vt 0.296875 0.9375
vt 0.296875 1
vt 0 1
vt 0 0.9375
vt 0.15625 0.703125
vt 0.15625 1
vt 0 1
vt 0 0.703125
vt 0.15625 0.546875
vt 0.15625 0.84375
vt 0 0.84375
vt 0 0.546875
vt 0.15625 0.9375
vt 0.15625 1
vt 0 1
vt 0 0.9375
vt 0.15625 0.9375
vt 0.15625 1
vt 0 1
vt 0 0.9375
vn 1 0 0
vn -1 0 0
vn 0 0.9702957262759966 -0.24192189559966773
vn 0 -0.9702957262759966 0.24192189559966776
vn 0 0.24192189559966745 0.9702957262759967
vn 0 -0.24192189559966773 -0.9702957262759965
usemtl m_de520ccc-0234-6a6c-1047-8b7438fb9ffd
f 1071/3517/901 1069/3518/901 1068/3519/901 1070/3520/901
f 1074/3521/902 1072/3522/902 1073/3523/902 1075/3524/902
f 1068/3525/903 1069/3526/903 1073/3527/903 1072/3528/903
f 1071/3529/904 1070/3530/904 1074/3531/904 1075/3532/904
f 1070/3533/905 1068/3534/905 1072/3535/905 1074/3536/905
f 1075/3537/906 1073/3538/906 1069/3539/906 1071/3540/906
o cube
v 0.071875 3.640625 0.296875
v 0.071875 3.640625 0.1875
v 0.071875 3.578125 0.296875
v 0.071875 3.578125 0.1875
v -0.071875 3.640625 0.296875
v -0.071875 3.640625 0.1875
v -0.071875 3.578125 0.296875
v -0.071875 3.578125 0.1875
vt 0.453125 0.9375
vt 0.453125 1
vt 0.34375 1
vt 0.34375 0.9375
vt 0.109375 0.9375
vt 0.109375 1
vt 0 1
vt 0 0.9375
vt 0.15 0.890625
vt 0.15 1
vt 0.00625 1
vt 0.00625 0.890625
vt 0.15 0.546875
vt 0.15 0.65625
vt 0.00625 0.65625
vt 0.00625 0.546875
vt 0.15 0.9375
vt 0.15 1
vt 0.00625 1
vt 0.00625 0.9375
vt 0.15 0.9375
vt 0.15 1
vt 0.00625 1
vt 0.00625 0.9375
vn 1 0 0
vn -1 0 0
vn 0 1 0
vn 0 -1 0
vn 0 0 1
vn 0 0 -1
usemtl m_de520ccc-0234-6a6c-1047-8b7438fb9ffd
f 1079/3541/907 1077/3542/907 1076/3543/907 1078/3544/907
f 1082/3545/908 1080/3546/908 1081/3547/908 1083/3548/908
f 1076/3549/909 1077/3550/909 1081/3551/909 1080/3552/909
f 1079/3553/910 1078/3554/910 1082/3555/910 1083/3556/910
f 1078/3557/911 1076/3558/911 1080/3559/911 1082/3560/911
f 1083/3561/912 1081/3562/912 1077/3563/912 1079/3564/912
o cube
v 0.25 3.6875 0.5
v 0.25 3.6875 0.1875
v 0.25 3.625 0.5
v 0.25 3.625 0.1875
v -0.25 3.6875 0.5
v -0.25 3.6875 0.1875
v -0.25 3.625 0.5
v -0.25 3.625 0.1875
vt 0.4375 0.9375
vt 0.4375 1
vt 0.125 1
vt 0.125 0.9375
vt 0.3125 0.9375
vt 0.3125 1
vt 0 1
vt 0 0.9375
vt 0.5 0.6875
vt 0.5 1
vt 0 1
vt 0 0.6875
vt 0.5 0.5625
vt 0.5 0.875
vt 0 0.875
vt 0 0.5625
vt 0.5 0.9375
vt 0.5 1
vt 0 1
vt 0 0.9375
vt 0.5 0.9375
vt 0.5 1
vt 0 1
vt 0 0.9375
vn 1 0 0
vn -1 0 0
vn 0 1 0
vn 0 -1 0
vn 0 0 1
vn 0 0 -1
usemtl m_de520ccc-0234-6a6c-1047-8b7438fb9ffd
f 1087/3565/913 1085/3566/913 1084/3567/913 1086/3568/913
f 1090/3569/914 1088/3570/914 1089/3571/914 1091/3572/914
f 1084/3573/915 1085/3574/915 1089/3575/915 1088/3576/915
f 1087/3577/916 1086/3578/916 1090/3579/916 1091/3580/916
f 1086/3581/917 1084/3582/917 1088/3583/917 1090/3584/917
f 1091/3585/918 1089/3586/918 1085/3587/918 1087/3588/918
o cube
v 0.3125 4.5625 0.625
v 0.3125 4.5625 0.5625
v 0.3125 4.5 0.625
v 0.3125 4.5 0.5625
v -0.3125 4.5625 0.625
v -0.3125 4.5625 0.5625
v -0.3125 4.5 0.625
v -0.3125 4.5 0.5625
vt 1 0
vt 1 0.0625
vt 0.9375 0.0625
vt 0.9375 0
vt 1 0
vt 1 0.0625
vt 0.9375 0.0625
vt 0.9375 0
vt 1 0
vt 1 0.0625
vt 0.375 0.0625
vt 0.375 0
vt 1 0
vt 1 0.0625
vt 0.375 0.0625
vt 0.375 0
vt 1 0
vt 1 0.0625
vt 0.375 0.0625
vt 0.375 0
vt 1 0
vt 1 0.0625
vt 0.375 0.0625
vt 0.375 0
vn 1 0 0
vn -1 0 0
vn 0 1 0
vn 0 -1 0
vn 0 0 1
vn 0 0 -1
usemtl m_de520ccc-0234-6a6c-1047-8b7438fb9ffd
f 1095/3589/919 1093/3590/919 1092/3591/919 1094/3592/919
f 1098/3593/920 1096/3594/920 1097/3595/920 1099/3596/920
f 1092/3597/921 1093/3598/921 1097/3599/921 1096/3600/921
f 1095/3601/922 1094/3602/922 1098/3603/922 1099/3604/922
f 1094/3605/923 1092/3606/923 1096/3607/923 1098/3608/923
f 1099/3609/924 1097/3610/924 1093/3611/924 1095/3612/924
o cube
v 0.5966213466261494 4.173905348670488 -0.3125
v 0.5966213466261494 4.173905348670488 -0.375
v 0.41984465132951254 3.9971286533738506 -0.3125
v 0.41984465132951254 3.9971286533738506 -0.375
v 0.44194173824159216 4.328584957055044 -0.3125
v 0.44194173824159216 4.328584957055044 -0.375
v 0.26516504294495535 4.151808261758408 -0.3125
v 0.26516504294495535 4.151808261758408 -0.375
vt 0.296875 0.6875
vt 0.296875 0.734375
vt 0.265625 0.734375
vt 0.265625 0.6875
vt 0.296875 0.6875
vt 0.296875 0.734375
vt 0.265625 0.734375
vt 0.265625 0.6875
vt 0.328125 0.703125
vt 0.328125 0.734375
vt 0.265625 0.734375
vt 0.265625 0.703125
vt 0.328125 0.703125
vt 0.328125 0.734375
vt 0.265625 0.734375
vt 0.265625 0.703125
vt 0.328125 0.6875
vt 0.328125 0.734375
vt 0.265625 0.734375
vt 0.265625 0.6875
vt 0.328125 0.6875
vt 0.328125 0.734375
vt 0.265625 0.734375
vt 0.265625 0.6875
vn 0.7071067811865476 -0.7071067811865476 0
vn -0.7071067811865478 0.7071067811865474 0
vn 0.7071067811865476 0.7071067811865476 0
vn -0.7071067811865476 -0.7071067811865476 0
vn 0 0 1
vn 0 0 -1
usemtl m_3d215661-f591-00a8-53e2-d8d611c756be
f 1103/3613/925 1101/3614/925 1100/3615/925 1102/3616/925
f 1106/3617/926 1104/3618/926 1105/3619/926 1107/3620/926
f 1100/3621/927 1101/3622/927 1105/3623/927 1104/3624/927
f 1103/3625/928 1102/3626/928 1106/3627/928 1107/3628/928
f 1102/3629/929 1100/3630/929 1104/3631/929 1106/3632/929
f 1107/3633/930 1105/3634/930 1101/3635/930 1103/3636/930
o cube
v -0.26516504294495535 5.035691738241592 -0.3125
v -0.26516504294495535 5.035691738241592 -0.375
v -0.44194173824159216 4.858915042944956 -0.3125
v -0.44194173824159216 4.858915042944956 -0.375
v -0.41984465132951254 5.190371346626149 -0.3125
v -0.41984465132951254 5.190371346626149 -0.375
v -0.5966213466261494 5.013594651329512 -0.3125
v -0.5966213466261494 5.013594651329512 -0.375
vt 0.296875 0.6875
vt 0.296875 0.734375
vt 0.265625 0.734375
vt 0.265625 0.6875
vt 0.296875 0.6875
vt 0.296875 0.734375
vt 0.265625 0.734375
vt 0.265625 0.6875
vt 0.328125 0.703125
vt 0.328125 0.734375
vt 0.265625 0.734375
vt 0.265625 0.703125
vt 0.328125 0.703125
vt 0.328125 0.734375
vt 0.265625 0.734375
vt 0.265625 0.703125
vt 0.328125 0.6875
vt 0.328125 0.734375
vt 0.265625 0.734375
vt 0.265625 0.6875
vt 0.484375 0.328125
vt 0.484375 0.375
vt 0.421875 0.375
vt 0.421875 0.328125
vn 0.7071067811865478 -0.7071067811865474 0
vn -0.7071067811865476 0.7071067811865476 0
vn 0.7071067811865476 0.7071067811865476 0
vn -0.7071067811865476 -0.7071067811865476 0
vn 0 0 1
vn 0 0 -1
usemtl m_3d215661-f591-00a8-53e2-d8d611c756be
f 1111/3637/931 1109/3638/931 1108/3639/931 1110/3640/931
f 1114/3641/932 1112/3642/932 1113/3643/932 1115/3644/932
f 1108/3645/933 1109/3646/933 1113/3647/933 1112/3648/933
f 1111/3649/934 1110/3650/934 1114/3651/934 1115/3652/934
f 1110/3653/935 1108/3654/935 1112/3655/935 1114/3656/935
f 1115/3657/936 1113/3658/936 1109/3659/936 1111/3660/936
o cube
v -0.109375 5.190625 -0.31875
v -0.109375 5.190625 -0.36875
v -0.109375 5.003125 -0.31875
v -0.109375 5.003125 -0.36875
v -0.421875 5.190625 -0.31875
v -0.421875 5.190625 -0.36875
v -0.421875 5.003125 -0.31875
v -0.421875 5.003125 -0.36875
vt 0.29375 0.6875
vt 0.29375 0.734375
vt 0.265625 0.734375
vt 0.265625 0.6875
vt 0.29375 0.6875
vt 0.29375 0.734375
vt 0.265625 0.734375
vt 0.265625 0.6875
vt 0.34765625 0.70625
vt 0.34765625 0.734375
vt 0.265625 0.734375
vt 0.265625 0.70625
vt 0.34765625 0.70625
vt 0.34765625 0.734375
vt 0.265625 0.734375
vt 0.265625 0.70625
vt 0.34765625 0.6875
vt 0.34765625 0.734375
vt 0.265625 0.734375
vt 0.265625 0.6875
vt 0.34765625 0.265625
vt 0.34765625 0.3125
vt 0.265625 0.3125
vt 0.265625 0.265625
vn 1 0 0
vn -1 0 0
vn 0 1 0
vn 0 -1 0
vn 0 0 1
vn 0 0 -1
usemtl m_3d215661-f591-00a8-53e2-d8d611c756be
f 1119/3661/937 1117/3662/937 1116/3663/937 1118/3664/937
f 1122/3665/938 1120/3666/938 1121/3667/938 1123/3668/938
f 1116/3669/939 1117/3670/939 1121/3671/939 1120/3672/939
f 1119/3673/940 1118/3674/940 1122/3675/940 1123/3676/940
f 1118/3677/941 1116/3678/941 1120/3679/941 1122/3680/941
f 1123/3681/942 1121/3682/942 1117/3683/942 1119/3684/942
o cube
v 0.109375 3.996875 -0.31875
v 0.109375 3.996875 -0.36875
v 0.109375 4.184375 -0.31875
v 0.109375 4.184375 -0.36875
v 0.421875 3.996875 -0.31875
v 0.421875 3.996875 -0.36875
v 0.421875 4.184375 -0.31875
v 0.421875 4.184375 -0.36875
vt 0.29375 0.6875
vt 0.29375 0.734375
vt 0.265625 0.734375
vt 0.265625 0.6875
vt 0.29375 0.6875
vt 0.29375 0.734375
vt 0.265625 0.734375
vt 0.265625 0.6875
vt 0.34765625 0.70625
vt 0.34765625 0.734375
vt 0.265625 0.734375
vt 0.265625 0.70625
vt 0.34765625 0.70625
vt 0.34765625 0.734375
vt 0.265625 0.734375
vt 0.265625 0.70625
vt 0.34765625 0.6875
vt 0.34765625 0.734375
vt 0.265625 0.734375
vt 0.265625 0.6875
vt 0.47265625 0.328125
vt 0.47265625 0.375
vt 0.390625 0.375
vt 0.390625 0.328125
vn -1 0 0
vn 1 1.1102230246251565e-16 0
vn 1.7763568394002506e-16 -1 0
vn -8.881784197001253e-17 1 0
vn 0 0 1
vn 0 0 -1
usemtl m_3d215661-f591-00a8-53e2-d8d611c756be
f 1127/3685/943 1125/3686/943 1124/3687/943 1126/3688/943
f 1130/3689/944 1128/3690/944 1129/3691/944 1131/3692/944
f 1124/3693/945 1125/3694/945 1129/3695/945 1128/3696/945
f 1127/3697/946 1126/3698/946 1130/3699/946 1131/3700/946
f 1126/3701/947 1124/3702/947 1128/3703/947 1130/3704/947
f 1131/3705/948 1129/3706/948 1125/3707/948 1127/3708/948
o cube
v -0.5968749999999998 5.015625 -0.31875
v -0.5968749999999998 5.015625 -0.36875
v -0.40937499999999977 5.015625 -0.31875
v -0.40937499999999977 5.015625 -0.36875
v -0.5968749999999998 4.703125 -0.31875
v -0.5968749999999998 4.703125 -0.36875
v -0.4093749999999998 4.703125 -0.31875
v -0.4093749999999998 4.703125 -0.36875
vt 0.29375 0.6875
vt 0.29375 0.734375
vt 0.265625 0.734375
vt 0.265625 0.6875
vt 0.29375 0.6875
vt 0.29375 0.734375
vt 0.265625 0.734375
vt 0.265625 0.6875
vt 0.34765625 0.70625
vt 0.34765625 0.734375
vt 0.265625 0.734375
vt 0.265625 0.70625
vt 0.34765625 0.70625
vt 0.34765625 0.734375
vt 0.265625 0.734375
vt 0.265625 0.70625
vt 0.34765625 0.6875
vt 0.34765625 0.734375
vt 0.265625 0.734375
vt 0.265625 0.6875
vt 0.24609375 0.265625
vt 0.24609375 0.3125
vt 0.1640625 0.3125
vt 0.1640625 0.265625
vn -1.4802973661668753e-16 1 0
vn 0 -1 0
vn -1 2.6645352591003756e-16 0
vn 1 -2.220446049250313e-16 0
vn 0 0 1
vn 0 0 -1
usemtl m_3d215661-f591-00a8-53e2-d8d611c756be
f 1135/3709/949 1133/3710/949 1132/3711/949 1134/3712/949
f 1138/3713/950 1136/3714/950 1137/3715/950 1139/3716/950
f 1132/3717/951 1133/3718/951 1137/3719/951 1136/3720/951
f 1135/3721/952 1134/3722/952 1138/3723/952 1139/3724/952
f 1134/3725/953 1132/3726/953 1136/3727/953 1138/3728/953
f 1139/3729/954 1137/3730/954 1133/3731/954 1135/3732/954
o cube
v 0.5968749999999998 4.171875 -0.31875
v 0.5968749999999998 4.171875 -0.36875
v 0.4093749999999999 4.171875 -0.31875
v 0.4093749999999999 4.171875 -0.36875
v 0.5968749999999998 4.484375 -0.31875
v 0.5968749999999998 4.484375 -0.36875
v 0.4093749999999998 4.484375 -0.31875
v 0.4093749999999998 4.484375 -0.36875
vt 0.29375 0.6875
vt 0.29375 0.734375
vt 0.265625 0.734375
vt 0.265625 0.6875
vt 0.29375 0.6875
vt 0.29375 0.734375
vt 0.265625 0.734375
vt 0.265625 0.6875
vt 0.34765625 0.70625
vt 0.34765625 0.734375
vt 0.265625 0.734375
vt 0.265625 0.70625
vt 0.34765625 0.70625
vt 0.34765625 0.734375
vt 0.265625 0.734375
vt 0.265625 0.70625
vt 0.34765625 0.6875
vt 0.34765625 0.734375
vt 0.265625 0.734375
vt 0.265625 0.6875
vt 0.34765625 0.265625
vt 0.34765625 0.3125
vt 0.265625 0.3125
vt 0.265625 0.265625
vn -1.4802973661668753e-16 -1 0
vn -1.4802973661668753e-16 1 0
vn 1 1.7763568394002506e-16 0
vn -1 -1.3322676295501878e-16 0
vn 0 0 1
vn 0 0 -1
usemtl m_3d215661-f591-00a8-53e2-d8d611c756be
f 1143/3733/955 1141/3734/955 1140/3735/955 1142/3736/955
f 1146/3737/956 1144/3738/956 1145/3739/956 1147/3740/956
f 1140/3741/957 1141/3742/957 1145/3743/957 1144/3744/957
f 1143/3745/958 1142/3746/958 1146/3747/958 1147/3748/958
f 1142/3749/959 1140/3750/959 1144/3751/959 1146/3752/959
f 1147/3753/960 1145/3754/960 1141/3755/960 1143/3756/960
o cube
v 0.5966213466261494 4.483264565439602 -0.3125
v 0.5966213466261494 4.483264565439602 -0.375
v 0.11048543456039803 3.9971286533738506 -0.3125
v 0.11048543456039803 3.9971286533738506 -0.375
v -0.11048543456039803 5.19037134662615 -0.3125
v -0.11048543456039803 5.19037134662615 -0.375
v -0.5966213466261494 4.704235434560398 -0.3125
v -0.5966213466261494 4.704235434560398 -0.375
vt 0.03125 0.25
vt 0.03125 0.421875
vt 0 0.421875
vt 0 0.25
vt 0.03125 0.25
vt 0.03125 0.421875
vt 0 0.421875
vt 0 0.25
vt 0.25 0.390625
vt 0.25 0.421875
vt 0 0.421875
vt 0 0.390625
vt 0.25 0.390625
vt 0.25 0.421875
vt 0 0.421875
vt 0 0.390625
vt 0.25 0.25
vt 0.25 0.421875
vt 0 0.421875
vt 0 0.25
vt 0.25 0.25
vt 0.25 0.421875
vt 0 0.421875
vt 0 0.25
vn 0.7071067811865476 -0.7071067811865475 0
vn -0.7071067811865476 0.7071067811865475 0
vn 0.7071067811865476 0.7071067811865475 0
vn -0.7071067811865476 -0.7071067811865475 0
vn 0 0 1
vn 0 0 -1
usemtl m_3d215661-f591-00a8-53e2-d8d611c756be
f 1151/3757/961 1149/3758/961 1148/3759/961 1150/3760/961
f 1154/3761/962 1152/3762/962 1153/3763/962 1155/3764/962
f 1148/3765/963 1149/3766/963 1153/3767/963 1152/3768/963
f 1151/3769/964 1150/3770/964 1154/3771/964 1155/3772/964
f 1150/3773/965 1148/3774/965 1152/3775/965 1154/3776/965
f 1155/3777/966 1153/3778/966 1149/3779/966 1151/3780/966
o cube
v 0.33145630368119416 5.013594651329512 -0.3125
v 0.33145630368119416 5.013594651329512 -0.375
v 0.1988737822087165 4.881012129857035 -0.3125
v 0.1988737822087165 4.881012129857035 -0.375
v 0.2872621298570349 5.057788825153672 -0.3125
v 0.2872621298570349 5.057788825153672 -0.375
v 0.15467960838455727 4.925206303681194 -0.3125
v 0.15467960838455727 4.925206303681194 -0.375
vt 0.296875 0.171875
vt 0.296875 0.25
vt 0.265625 0.25
vt 0.265625 0.171875
vt 0.296875 0.171875
vt 0.296875 0.25
vt 0.265625 0.25
vt 0.265625 0.171875
vt 0.34375 0.21875
vt 0.34375 0.25
vt 0.265625 0.25
vt 0.265625 0.21875
vt 0.34375 0.21875
vt 0.34375 0.25
vt 0.265625 0.25
vt 0.265625 0.21875
vt 0.03125 0.328125
vt 0.03125 0.40625
vt 0.015625 0.40625
vt 0.015625 0.328125
vt 0.03125 0.328125
vt 0.03125 0.40625
vt 0.015625 0.40625
vt 0.015625 0.328125
vn 0.7071067811865475 -0.7071067811865477 0
vn -0.7071067811865475 0.7071067811865476 0
vn 0.7071067811865471 0.707106781186548 0
vn -0.7071067811865474 -0.7071067811865478 0
vn 0 0 1
vn 0 0 -1
usemtl m_3d215661-f591-00a8-53e2-d8d611c756be
f 1159/3781/967 1157/3782/967 1156/3783/967 1158/3784/967
f 1162/3785/968 1160/3786/968 1161/3787/968 1163/3788/968
f 1156/3789/969 1157/3790/969 1161/3791/969 1160/3792/969
f 1159/3793/970 1158/3794/970 1162/3795/970 1163/3796/970
f 1158/3797/971 1156/3798/971 1160/3799/971 1162/3800/971
f 1163/3801/972 1161/3802/972 1157/3803/972 1159/3804/972
o cube
v 0.4640388251536719 4.969400477505354 -0.3125
v 0.4640388251536719 4.969400477505354 -0.375
v 0.287262129857035 4.792623782208716 -0.3125
v 0.287262129857035 4.792623782208716 -0.375
v 0.3756504775053534 5.057788825153672 -0.3125
v 0.3756504775053534 5.057788825153672 -0.375
v 0.1988737822087165 4.881012129857035 -0.3125
v 0.1988737822087165 4.881012129857035 -0.375
vt 0.296875 0.171875
vt 0.296875 0.25
vt 0.265625 0.25
vt 0.265625 0.171875
vt 0.296875 0.171875
vt 0.296875 0.25
vt 0.265625 0.25
vt 0.265625 0.171875
vt 0.34375 0.21875
vt 0.34375 0.25
vt 0.265625 0.25
vt 0.265625 0.21875
vt 0.34375 0.21875
vt 0.34375 0.25
vt 0.265625 0.25
vt 0.265625 0.21875
vt 0.0625 0.328125
vt 0.0625 0.40625
vt 0.015625 0.40625
vt 0.015625 0.328125
vt 0.0625 0.328125
vt 0.0625 0.40625
vt 0.015625 0.40625
vt 0.015625 0.328125
vn 0.7071067811865476 -0.7071067811865475 0
vn -0.7071067811865475 0.7071067811865477 0
vn 0.7071067811865471 0.707106781186548 0
vn -0.7071067811865475 -0.7071067811865477 0
vn 0 0 1
vn 0 0 -1
usemtl m_3d215661-f591-00a8-53e2-d8d611c756be
f 1167/3805/973 1165/3806/973 1164/3807/973 1166/3808/973
f 1170/3809/974 1168/3810/974 1169/3811/974 1171/3812/974
f 1164/3813/975 1165/3814/975 1169/3815/975 1168/3816/975
f 1167/3817/976 1166/3818/976 1170/3819/976 1171/3820/976
f 1166/3821/977 1164/3822/977 1168/3823/977 1170/3824/977
f 1171/3825/978 1169/3826/978 1165/3827/978 1167/3828/978
o cube
v 0.4640388251536718 4.881012129857035 -0.3125
v 0.4640388251536718 4.881012129857035 -0.375
v 0.33145630368119416 4.748429608384558 -0.3125
v 0.33145630368119416 4.748429608384558 -0.375
v 0.41984465132951254 4.925206303681194 -0.3125
v 0.41984465132951254 4.925206303681194 -0.375
v 0.287262129857035 4.792623782208716 -0.3125
v 0.287262129857035 4.792623782208716 -0.375
vt 0.296875 0.171875
vt 0.296875 0.25
vt 0.265625 0.25
vt 0.265625 0.171875
vt 0.296875 0.171875
vt 0.296875 0.25
vt 0.265625 0.25
vt 0.265625 0.171875
vt 0.34375 0.21875
vt 0.34375 0.25
vt 0.265625 0.25
vt 0.265625 0.21875
vt 0.34375 0.21875
vt 0.34375 0.25
vt 0.265625 0.25
vt 0.265625 0.21875
vt 0.03125 0.328125
vt 0.03125 0.40625
vt 0.015625 0.40625
vt 0.015625 0.328125
vt 0.03125 0.328125
vt 0.03125 0.40625
vt 0.015625 0.40625
vt 0.015625 0.328125
vn 0.7071067811865476 -0.7071067811865476 0
vn -0.7071067811865478 0.7071067811865474 0
vn 0.7071067811865471 0.707106781186548 0
vn -0.7071067811865474 -0.7071067811865478 0
vn 0 0 1
vn 0 0 -1
usemtl m_3d215661-f591-00a8-53e2-d8d611c756be
f 1175/3829/979 1173/3830/979 1172/3831/979 1174/3832/979
f 1178/3833/980 1176/3834/980 1177/3835/980 1179/3836/980
f 1172/3837/981 1173/3838/981 1177/3839/981 1176/3840/981
f 1175/3841/982 1174/3842/982 1178/3843/982 1179/3844/982
f 1174/3845/983 1172/3846/983 1176/3847/983 1178/3848/983
f 1179/3849/984 1177/3850/984 1173/3851/984 1175/3852/984
o cube
v 0.46403875000000006 4.881011875 -0.30625
v 0.46403875000000006 4.881011875 -0.36875
v 0.40153875 4.881011875 -0.30625
v 0.40153875 4.881011875 -0.36875
v 0.46403875 4.9694 -0.30625
v 0.46403875 4.9694 -0.36875
v 0.40153875 4.9694 -0.30625
v 0.40153875 4.9694 -0.36875
vt 0.046875 0.359375
vt 0.046875 0.375
vt 0.03125 0.375
vt 0.03125 0.359375
vt 0.046875 0.328125
vt 0.046875 0.34375
vt 0.03125 0.34375
vt 0.03125 0.328125
vt 0.046875 0.390625
vt 0.046875 0.40625
vt 0.015625 0.40625
vt 0.015625 0.390625
vt 0.0625 0.375
vt 0.0625 0.390625
vt 0.03125 0.390625
vt 0.03125 0.375
vt 0.046875 0.390625
vt 0.046875 0.40625
vt 0.015625 0.40625
vt 0.015625 0.390625
vt 0.046875 0.390625
vt 0.046875 0.40625
vt 0.015625 0.40625
vt 0.015625 0.390625
vn 0 -1 0
vn 0 1 0
vn 1 3.140192827444738e-16 0
vn -1 -1.570096413722369e-16 0
vn 0 0 1
vn 0 0 -1
usemtl m_3d215661-f591-00a8-53e2-d8d611c756be
f 1183/3853/985 1181/3854/985 1180/3855/985 1182/3856/985
f 1186/3857/986 1184/3858/986 1185/3859/986 1187/3860/986
f 1180/3861/987 1181/3862/987 1185/3863/987 1184/3864/987
f 1183/3865/988 1182/3866/988 1186/3867/988 1187/3868/988
f 1182/3869/989 1180/3870/989 1184/3871/989 1186/3872/989
f 1187/3873/990 1185/3874/990 1181/3875/990 1183/3876/990
o cube
v 0.375650625 5.05778875 -0.30625
v 0.375650625 5.05778875 -0.36875
v 0.375650625 4.99528875 -0.30625
v 0.375650625 4.99528875 -0.36875
v 0.287261875 5.05778875 -0.30625
v 0.287261875 5.05778875 -0.36875
v 0.287261875 4.99528875 -0.30625
v 0.287261875 4.99528875 -0.36875
vt 0.046875 0.359375
vt 0.046875 0.375
vt 0.03125 0.375
vt 0.03125 0.359375
vt 0.046875 0.328125
vt 0.046875 0.34375
vt 0.03125 0.34375
vt 0.03125 0.328125
vt 0.046875 0.390625
vt 0.046875 0.40625
vt 0.015625 0.40625
vt 0.015625 0.390625
vt 0.0625 0.375
vt 0.0625 0.390625
vt 0.03125 0.390625
vt 0.03125 0.375
vt 0.046875 0.390625
vt 0.046875 0.40625
vt 0.015625 0.40625
vt 0.015625 0.390625
vt 0.046875 0.390625
vt 0.046875 0.40625
vt 0.015625 0.40625
vt 0.015625 0.390625
vn 1 0 0
vn -1 0 0
vn 0 1 0
vn 0 -1 0
vn 0 0 1
vn 0 0 -1
usemtl m_3d215661-f591-00a8-53e2-d8d611c756be
f 1191/3877/991 1189/3878/991 1188/3879/991 1190/3880/991
f 1194/3881/992 1192/3882/992 1193/3883/992 1195/3884/992
f 1188/3885/993 1189/3886/993 1193/3887/993 1192/3888/993
f 1191/3889/994 1190/3890/994 1194/3891/994 1195/3892/994
f 1190/3893/995 1188/3894/995 1192/3895/995 1194/3896/995
f 1195/3897/996 1193/3898/996 1189/3899/996 1191/3900/996
o cube
v -0.3125 4.96875 -0.1875
v -0.3125 4.96875 -0.3125
v -0.3125 4.78125 -0.1875
v -0.3125 4.78125 -0.3125
v -0.5 4.96875 -0.1875
v -0.5 4.96875 -0.3125
v -0.5 4.78125 -0.1875
v -0.5 4.78125 -0.3125
vt 0.296875 0.6875
vt 0.296875 0.734375
vt 0.265625 0.734375
vt 0.265625 0.6875
vt 0.296875 0.6875
vt 0.296875 0.734375
vt 0.265625 0.734375
vt 0.265625 0.6875
vt 0.3125 0.703125
vt 0.3125 0.734375
vt 0.265625 0.734375
vt 0.265625 0.703125
vt 0.3125 0.703125
vt 0.3125 0.734375
vt 0.265625 0.734375
vt 0.265625 0.703125
vt 0.3125 0.6875
vt 0.3125 0.734375
vt 0.265625 0.734375
vt 0.265625 0.6875
vt 0.3125 0.6875
vt 0.3125 0.734375
vt 0.265625 0.734375
vt 0.265625 0.6875
vn 1 0 0
vn -1 0 0
vn 0 1 0
vn 0 -1 0
vn 0 0 1
vn 0 0 -1
usemtl m_3d215661-f591-00a8-53e2-d8d611c756be
f 1199/3901/997 1197/3902/997 1196/3903/997 1198/3904/997
f 1202/3905/998 1200/3906/998 1201/3907/998 1203/3908/998
f 1196/3909/999 1197/3910/999 1201/3911/999 1200/3912/999
f 1199/3913/1000 1198/3914/1000 1202/3915/1000 1203/3916/1000
f 1198/3917/1001 1196/3918/1001 1200/3919/1001 1202/3920/1001
f 1203/3921/1002 1201/3922/1002 1197/3923/1002 1199/3924/1002
o cube
v -0.0625 4.96875 -0.1875
v -0.0625 4.96875 -0.3125
v -0.0625 4.78125 -0.1875
v -0.0625 4.78125 -0.3125
v -0.25 4.96875 -0.1875
v -0.25 4.96875 -0.3125
v -0.25 4.78125 -0.1875
v -0.25 4.78125 -0.3125
vt 0.296875 0.6875
vt 0.296875 0.734375
vt 0.265625 0.734375
vt 0.265625 0.6875
vt 0.296875 0.6875
vt 0.296875 0.734375
vt 0.265625 0.734375
vt 0.265625 0.6875
vt 0.3125 0.703125
vt 0.3125 0.734375
vt 0.265625 0.734375
vt 0.265625 0.703125
vt 0.3125 0.703125
vt 0.3125 0.734375
vt 0.265625 0.734375
vt 0.265625 0.703125
vt 0.3125 0.6875
vt 0.3125 0.734375
vt 0.265625 0.734375
vt 0.265625 0.6875
vt 0.3125 0.6875
vt 0.3125 0.734375
vt 0.265625 0.734375
vt 0.265625 0.6875
vn 1 0 0
vn -1 0 0
vn 0 1 0
vn 0 -1 0
vn 0 0 1
vn 0 0 -1
usemtl m_3d215661-f591-00a8-53e2-d8d611c756be
f 1207/3925/1003 1205/3926/1003 1204/3927/1003 1206/3928/1003
f 1210/3929/1004 1208/3930/1004 1209/3931/1004 1211/3932/1004
f 1204/3933/1005 1205/3934/1005 1209/3935/1005 1208/3936/1005
f 1207/3937/1006 1206/3938/1006 1210/3939/1006 1211/3940/1006
f 1206/3941/1007 1204/3942/1007 1208/3943/1007 1210/3944/1007
f 1211/3945/1008 1209/3946/1008 1205/3947/1008 1207/3948/1008
o cube
v 0.25 4.34375 -0.1875
v 0.25 4.34375 -0.3125
v 0.25 4.15625 -0.1875
v 0.25 4.15625 -0.3125
v 0.0625 4.34375 -0.1875
v 0.0625 4.34375 -0.3125
v 0.0625 4.15625 -0.1875
v 0.0625 4.15625 -0.3125
vt 0.296875 0.6875
vt 0.296875 0.734375
vt 0.265625 0.734375
vt 0.265625 0.6875
vt 0.296875 0.6875
vt 0.296875 0.734375
vt 0.265625 0.734375
vt 0.265625 0.6875
vt 0.3125 0.703125
vt 0.3125 0.734375
vt 0.265625 0.734375
vt 0.265625 0.703125
vt 0.3125 0.703125
vt 0.3125 0.734375
vt 0.265625 0.734375
vt 0.265625 0.703125
vt 0.3125 0.6875
vt 0.3125 0.734375
vt 0.265625 0.734375
vt 0.265625 0.6875
vt 0.3125 0.6875
vt 0.3125 0.734375
vt 0.265625 0.734375
vt 0.265625 0.6875
vn 1 0 0
vn -1 0 0
vn 0 1 0
vn 0 -1 0
vn 0 0 1
vn 0 0 -1
usemtl m_3d215661-f591-00a8-53e2-d8d611c756be
f 1215/3949/1009 1213/3950/1009 1212/3951/1009 1214/3952/1009
f 1218/3953/1010 1216/3954/1010 1217/3955/1010 1219/3956/1010
f 1212/3957/1011 1213/3958/1011 1217/3959/1011 1216/3960/1011
f 1215/3961/1012 1214/3962/1012 1218/3963/1012 1219/3964/1012
f 1214/3965/1013 1212/3966/1013 1216/3967/1013 1218/3968/1013
f 1219/3969/1014 1217/3970/1014 1213/3971/1014 1215/3972/1014
o cube
v 0.5 4.34375 -0.1875
v 0.5 4.34375 -0.3125
v 0.5 4.15625 -0.1875
v 0.5 4.15625 -0.3125
v 0.3125 4.34375 -0.1875
v 0.3125 4.34375 -0.3125
v 0.3125 4.15625 -0.1875
v 0.3125 4.15625 -0.3125
vt 0.296875 0.6875
vt 0.296875 0.734375
vt 0.265625 0.734375
vt 0.265625 0.6875
vt 0.296875 0.6875
vt 0.296875 0.734375
vt 0.265625 0.734375
vt 0.265625 0.6875
vt 0.3125 0.703125
vt 0.3125 0.734375
vt 0.265625 0.734375
vt 0.265625 0.703125
vt 0.3125 0.703125
vt 0.3125 0.734375
vt 0.265625 0.734375
vt 0.265625 0.703125
vt 0.3125 0.6875
vt 0.3125 0.734375
vt 0.265625 0.734375
vt 0.265625 0.6875
vt 0.3125 0.6875
vt 0.3125 0.734375
vt 0.265625 0.734375
vt 0.265625 0.6875
vn 1 0 0
vn -1 0 0
vn 0 1 0
vn 0 -1 0
vn 0 0 1
vn 0 0 -1
usemtl m_3d215661-f591-00a8-53e2-d8d611c756be
f 1223/3973/1015 1221/3974/1015 1220/3975/1015 1222/3976/1015
f 1226/3977/1016 1224/3978/1016 1225/3979/1016 1227/3980/1016
f 1220/3981/1017 1221/3982/1017 1225/3983/1017 1224/3984/1017
f 1223/3985/1018 1222/3986/1018 1226/3987/1018 1227/3988/1018
f 1222/3989/1019 1220/3990/1019 1224/3991/1019 1226/3992/1019
f 1227/3993/1020 1225/3994/1020 1221/3995/1020 1223/3996/1020
o cube
v 0.125 4.4375 -0.25
v 0.125 4.4375 -0.3125
v 0.125 4.25 -0.25
v 0.125 4.25 -0.3125
v -0.125 4.4375 -0.25
v -0.125 4.4375 -0.3125
v -0.125 4.25 -0.25
v -0.125 4.25 -0.3125
vt 0.0625 0.8125
vt 0.0625 1
vt 0 1
vt 0 0.8125
vt 0.0625 0.8125
vt 0.0625 1
vt 0 1
vt 0 0.8125
vt 0.25 0.9375
vt 0.25 1
vt 0 1
vt 0 0.9375
vt 0.25 0.9375
vt 0.25 1
vt 0 1
vt 0 0.9375
vt 0.25 0.8125
vt 0.25 1
vt 0 1
vt 0 0.8125
vt 0.25 0.8125
vt 0.25 1
vt 0 1
vt 0 0.8125
vn 1 0 0
vn -1 0 0
vn 0 1 0
vn 0 -1 0
vn 0 0 1
vn 0 0 -1
usemtl m_de520ccc-0234-6a6c-1047-8b7438fb9ffd
f 1231/3997/1021 1229/3998/1021 1228/3999/1021 1230/4000/1021
f 1234/4001/1022 1232/4002/1022 1233/4003/1022 1235/4004/1022
f 1228/4005/1023 1229/4006/1023 1233/4007/1023 1232/4008/1023
f 1231/4009/1024 1230/4010/1024 1234/4011/1024 1235/4012/1024
f 1230/4013/1025 1228/4014/1025 1232/4015/1025 1234/4016/1025
f 1235/4017/1026 1233/4018/1026 1229/4019/1026 1231/4020/1026
o cube
v 0.125 4.9375 -0.25
v 0.125 4.9375 -0.3125
v 0.125 4.75 -0.25
v 0.125 4.75 -0.3125
v -0.125 4.9375 -0.25
v -0.125 4.9375 -0.3125
v -0.125 4.75 -0.25
v -0.125 4.75 -0.3125
vt 0.0625 0.8125
vt 0.0625 1
vt 0 1
vt 0 0.8125
vt 0.0625 0.8125
vt 0.0625 1
vt 0 1
vt 0 0.8125
vt 0.25 0.9375
vt 0.25 1
vt 0 1
vt 0 0.9375
vt 0.25 0.9375
vt 0.25 1
vt 0 1
vt 0 0.9375
vt 0.25 0.8125
vt 0.25 1
vt 0 1
vt 0 0.8125
vt 0.25 0.8125
vt 0.25 1
vt 0 1
vt 0 0.8125
vn 1 0 0
vn -1 0 0
vn 0 1 0
vn 0 -1 0
vn 0 0 1
vn 0 0 -1
usemtl m_de520ccc-0234-6a6c-1047-8b7438fb9ffd
f 1239/4021/1027 1237/4022/1027 1236/4023/1027 1238/4024/1027
f 1242/4025/1028 1240/4026/1028 1241/4027/1028 1243/4028/1028
f 1236/4029/1029 1237/4030/1029 1241/4031/1029 1240/4032/1029
f 1239/4033/1030 1238/4034/1030 1242/4035/1030 1243/4036/1030
f 1238/4037/1031 1236/4038/1031 1240/4039/1031 1242/4040/1031
f 1243/4041/1032 1241/4042/1032 1237/4043/1032 1239/4044/1032
o mesh
v 0.01875 4.903125 -0.375
v 0.01875 4.903125 -0.4375
v -0.0125 4.903125 -0.375
v -0.0125 4.903125 -0.4375
v -0.078125 5.0125 -0.375
v -0.078125 5.0125 -0.75
v -0.078125 4.98125 -0.375
v -0.078125 4.98125 -0.75
vt 0.046875 1
vt 0 1
vt 0 0.984375
vt 0.046875 0.984375
vt 0.046875 0.984375
vt 0.046875 1
vt 0 1
vt 0 0.984375
vt 0.3125 0.265625
vt 0.359375 0.265625
vt 0.359375 0.3125
vt 0.3125 0.3125
vt 0.359375 0.265625
vt 0.359375 0.3125
vt 0.3125 0.3125
vt 0.3125 0.265625
vt 0.359375 0.265625
vt 0.359375 0.28125
vt 0.3125 0.28125
vt 0.3125 0.265625
vt 0.359375 0.28125
vt 0.3125 0.28125
vt 0.3125 0.265625
vt 0.359375 0.265625
vn 0 -1 0
vn -1 0 0
vn 0.7485881801731631 0.6630352452962301 0
vn -0.7657048647896111 -0.6431920864232733 0
vn 0 0 1
vn 0 -0.9438583563660176 -0.33035042472810605
usemtl m_3d215661-f591-00a8-53e2-d8d611c756be
f 1245/4045/1033 1244/4046/1033 1246/4047/1033 1247/4048/1033
f 1250/4049/1034 1248/4050/1034 1249/4051/1034 1251/4052/1034
f 1248/4053/1035 1244/4054/1035 1245/4055/1035 1249/4056/1035
f 1247/4057/1036 1246/4058/1036 1250/4059/1036 1251/4060/1036
f 1246/4061/1037 1244/4062/1037 1248/4063/1037 1250/4064/1037
f 1249/4065/1038 1245/4066/1038 1247/4067/1038 1251/4068/1038
o mesh
v -0.5194162499999999 4.903125 -0.375
v -0.5194162499999999 4.903125 -0.4375
v -0.5506662499999999 4.903125 -0.375
v -0.5506662499999999 4.903125 -0.4375
v -0.45312499999999994 4.98125 -0.375
v -0.45312499999999994 4.98125 -0.75
v -0.45312499999999994 5.0125 -0.375
v -0.45312499999999994 5.0125 -0.75
vt 0.046875 1
vt 0 1
vt 0 0.984375
vt 0.046875 0.984375
vt 0.046875 0.984375
vt 0.046875 1
vt 0 1
vt 0 0.984375
vt 0.3125 0.265625
vt 0.359375 0.265625
vt 0.359375 0.3125
vt 0.3125 0.3125
vt 0.359375 0.265625
vt 0.359375 0.3125
vt 0.3125 0.3125
vt 0.3125 0.265625
vt 0.359375 0.25
vt 0.359375 0.265625
vt 0.3125 0.265625
vt 0.3125 0.25
vt 0.359375 0.265625
vt 0.3125 0.265625
vt 0.3125 0.25
vt 0.359375 0.25
vn 0 -1 0
vn 1 0 0
vn 0.7624929033564974 -0.646996578299282 0
vn -0.7463273826322242 0.6655790245593183 0
vn 0 0 1
vn 0 -0.9701425001453319 -0.24253562503633297
usemtl m_3d215661-f591-00a8-53e2-d8d611c756be
f 1253/4069/1039 1252/4070/1039 1254/4071/1039 1255/4072/1039
f 1258/4073/1040 1256/4074/1040 1257/4075/1040 1259/4076/1040
f 1256/4077/1041 1252/4078/1041 1253/4079/1041 1257/4080/1041
f 1255/4081/1042 1254/4082/1042 1258/4083/1042 1259/4084/1042
f 1254/4085/1043 1252/4086/1043 1256/4087/1043 1258/4088/1043
f 1257/4089/1044 1253/4090/1044 1255/4091/1044 1259/4092/1044
o cube
v -0.078125 5.0125 -0.375
v -0.078125 5.0125 -0.75
v -0.078125 4.98125 -0.375
v -0.078125 4.98125 -0.75
v -0.453125 5.0125 -0.375
v -0.453125 5.0125 -0.75
v -0.453125 4.98125 -0.375
v -0.453125 4.98125 -0.75
vt 0.390625 0.3046875
vt 0.390625 0.3125
vt 0.296875 0.3125
vt 0.296875 0.3046875
vt 0.390625 0.3046875
vt 0.390625 0.3125
vt 0.296875 0.3125
vt 0.296875 0.3046875
vt 0.390625 0.21875
vt 0.390625 0.3125
vt 0.296875 0.3125
vt 0.296875 0.21875
vt 0.390625 0.21875
vt 0.390625 0.3125
vt 0.296875 0.3125
vt 0.296875 0.21875
vt 0.390625 0.3046875
vt 0.390625 0.3125
vt 0.296875 0.3125
vt 0.296875 0.3046875
vt 0.390625 0.3046875
vt 0.390625 0.3125
vt 0.296875 0.3125
vt 0.296875 0.3046875
vn 1 0 0
vn -1 0 0
vn 0 1 0
vn 0 -1 0
vn 0 0 1
vn 0 0 -1
usemtl m_3d215661-f591-00a8-53e2-d8d611c756be
f 1263/4093/1045 1261/4094/1045 1260/4095/1045 1262/4096/1045
f 1266/4097/1046 1264/4098/1046 1265/4099/1046 1267/4100/1046
f 1260/4101/1047 1261/4102/1047 1265/4103/1047 1264/4104/1047
f 1263/4105/1048 1262/4106/1048 1266/4107/1048 1267/4108/1048
f 1262/4109/1049 1260/4110/1049 1264/4111/1049 1266/4112/1049
f 1267/4113/1050 1265/4114/1050 1261/4115/1050 1263/4116/1050
o cube
v -0.51941625 4.903124999999999 -0.375
v -0.51941625 4.903124999999999 -0.4375
v -0.51941625 4.839514375 -0.375
v -0.51941625 4.839514375 -0.4375
v -0.55066625 4.903124999999999 -0.375
v -0.55066625 4.903124999999999 -0.4375
v -0.55066625 4.839514375 -0.375
v -0.55066625 4.839514375 -0.4375
vt 0.328125 0.26534734375
vt 0.328125 0.28125
vt 0.3125 0.28125
vt 0.3125 0.26534734375
vt 0.34375 0.26534734375
vt 0.34375 0.28125
vt 0.328125 0.28125
vt 0.328125 0.26534734375
vt 0.3209271875 0.296875
vt 0.3209271875 0.3125
vt 0.3131146875 0.3125
vt 0.3131146875 0.296875
vt 0.3678021875 0.296875
vt 0.3678021875 0.3125
vt 0.3599896875 0.3125
vt 0.3599896875 0.296875
vt 0.3678021875 0.26534734375
vt 0.3678021875 0.28125
vt 0.3599896875 0.28125
vt 0.3599896875 0.26534734375
vt 0.296875 0.26534734375
vt 0.296875 0.28125
vt 0.2890625 0.28125
vt 0.2890625 0.26534734375
vn 1 0 0
vn -1 0 0
vn 0 1 0
vn 0 -1 0
vn 0 0 1
vn 0 0 -1
usemtl m_3d215661-f591-00a8-53e2-d8d611c756be
f 1271/4117/1051 1269/4118/1051 1268/4119/1051 1270/4120/1051
f 1274/4121/1052 1272/4122/1052 1273/4123/1052 1275/4124/1052
f 1268/4125/1053 1269/4126/1053 1273/4127/1053 1272/4128/1053
f 1271/4129/1054 1270/4130/1054 1274/4131/1054 1275/4132/1054
f 1270/4133/1055 1268/4134/1055 1272/4135/1055 1274/4136/1055
f 1275/4137/1056 1273/4138/1056 1269/4139/1056 1271/4140/1056
o cube
v 0.01874999999999999 4.903124999999999 -0.375
v 0.01874999999999999 4.903124999999999 -0.4375
v 0.01874999999999999 4.839514375 -0.375
v 0.01874999999999999 4.839514375 -0.4375
v -0.012500000000000011 4.903124999999999 -0.375
v -0.012500000000000011 4.903124999999999 -0.4375
v -0.012500000000000011 4.839514375 -0.375
v -0.012500000000000011 4.839514375 -0.4375
vt 0.328125 0.26534734375
vt 0.328125 0.28125
vt 0.3125 0.28125
vt 0.3125 0.26534734375
vt 0.34375 0.26534734375
vt 0.34375 0.28125
vt 0.328125 0.28125
vt 0.328125 0.26534734375
vt 0.3209271875 0.296875
vt 0.3209271875 0.3125
vt 0.3131146875 0.3125
vt 0.3131146875 0.296875
vt 0.3678021875 0.296875
vt 0.3678021875 0.3125
vt 0.3599896875 0.3125
vt 0.3599896875 0.296875
vt 0.3678021875 0.26534734375
vt 0.3678021875 0.28125
vt 0.3599896875 0.28125
vt 0.3599896875 0.26534734375
vt 0.296875 0.26534734375
vt 0.296875 0.28125
vt 0.2890625 0.28125
vt 0.2890625 0.26534734375
vn 1 0 0
vn -1 0 0
vn 0 1 0
vn 0 -1 0
vn 0 0 1
vn 0 0 -1
usemtl m_3d215661-f591-00a8-53e2-d8d611c756be
f 1279/4141/1057 1277/4142/1057 1276/4143/1057 1278/4144/1057
f 1282/4145/1058 1280/4146/1058 1281/4147/1058 1283/4148/1058
f 1276/4149/1059 1277/4150/1059 1281/4151/1059 1280/4152/1059
f 1279/4153/1060 1278/4154/1060 1282/4155/1060 1283/4156/1060
f 1278/4157/1061 1276/4158/1061 1280/4159/1061 1282/4160/1061
f 1283/4161/1062 1281/4162/1062 1277/4163/1062 1279/4164/1062
o circle
v -0.140625 4.875 -0.415625
v -0.115505 4.96875 -0.415625
v -0.071995 4.94363 -0.415625
v -0.046875 4.90012 -0.415625
v -0.046875 4.84988 -0.415625
v -0.071995 4.80637 -0.415625
v -0.115505 4.78125 -0.415625
v -0.165745 4.78125 -0.415625
v -0.209255 4.80637 -0.415625
v -0.234375 4.84988 -0.415625
v -0.234375 4.90012 -0.415625
v -0.209255 4.94363 -0.415625
v -0.165745 4.96875 -0.415625
vt 0.3247625 0.6752374999999999
vt 0.375 0.7622625000000001
vt 0.1875 0.8125
vt 0.375 0.7622625000000001
vt 0.375 0.8627374999999999
vt 0.1875 0.8125
vt 0.375 0.8627374999999999
vt 0.3247625 0.9497625
vt 0.1875 0.8125
vt 0.3247625 0.9497625
vt 0.2377375 1
vt 0.1875 0.8125
vt 0.2377375 1
vt 0.1372625 1
vt 0.1875 0.8125
vt 0.1372625 1
vt 0.0502375 0.9497625
vt 0.1875 0.8125
vt 0.0502375 0.9497625
vt 0 0.8627374999999999
vt 0.1875 0.8125
vt 0 0.8627374999999999
vt 0 0.7622625000000001
vt 0.1875 0.8125
vt 0 0.7622625000000001
vt 0.0502375 0.6752374999999999
vt 0.1875 0.8125
vt 0.0502375 0.6752374999999999
vt 0.1372625 0.625
vt 0.1875 0.8125
vt 0.1372625 0.625
vt 0.2377375 0.625
vt 0.1875 0.8125
vt 0.2377375 0.625
vt 0.3247625 0.6752374999999999
vt 0.1875 0.8125
vn -1.1730369563575763e-17 1.12836211089253e-16 -1
vn 0 6.905746321563724e-17 -1
vn 1.173036956357576e-17 1.12836211089253e-16 -1
vn 6.409901158068214e-17 1.6520485310635936e-16 -1
vn 0 1.4802973661668756e-16 -1
vn -6.409901158068214e-17 1.6520485310635936e-16 -1
vn -1.1730369563575763e-17 1.12836211089253e-16 -1
vn 0 6.905746321563724e-17 -1
vn 1.173036956357576e-17 1.12836211089253e-16 -1
vn 6.409901158068214e-17 1.6520485310635936e-16 -1
vn 0 1.4802973661668756e-16 -1
vn -6.409901158068214e-17 1.6520485310635936e-16 -1
usemtl m_ac3999ef-95b5-0d58-6ef6-8589e28d3a01
f 1286/4165/1063 1287/4166/1063 1284/4167/1063
f 1287/4168/1064 1288/4169/1064 1284/4170/1064
f 1288/4171/1065 1289/4172/1065 1284/4173/1065
f 1289/4174/1066 1290/4175/1066 1284/4176/1066
f 1290/4177/1067 1291/4178/1067 1284/4179/1067
f 1291/4180/1068 1292/4181/1068 1284/4182/1068
f 1292/4183/1069 1293/4184/1069 1284/4185/1069
f 1293/4186/1070 1294/4187/1070 1284/4188/1070
f 1294/4189/1071 1295/4190/1071 1284/4191/1071
f 1295/4192/1072 1296/4193/1072 1284/4194/1072
f 1296/4195/1073 1285/4196/1073 1284/4197/1073
f 1285/4198/1074 1286/4199/1074 1284/4200/1074
o tube
v -0.11341125 4.9765625 -0.375
v -0.11341125 4.9765625 -0.4375
v -0.120825 4.948895 -0.375
v -0.120825 4.948895 -0.4375
v -0.06627625 4.94934875 -0.375
v -0.06627625 4.94934875 -0.4375
v -0.08653 4.929095 -0.375
v -0.08653 4.929095 -0.4375
v -0.0390625 4.90221375 -0.375
v -0.0390625 4.90221375 -0.4375
v -0.06673 4.8948 -0.375
v -0.06673 4.8948 -0.4375
v -0.0390625 4.84778625 -0.375
v -0.0390625 4.84778625 -0.4375
v -0.06673 4.8552 -0.375
v -0.06673 4.8552 -0.4375
v -0.06627625 4.80065125 -0.375
v -0.06627625 4.80065125 -0.4375
v -0.08653 4.820905 -0.375
v -0.08653 4.820905 -0.4375
v -0.11341125 4.7734375 -0.375
v -0.11341125 4.7734375 -0.4375
v -0.120825 4.801105 -0.375
v -0.120825 4.801105 -0.4375
v -0.16783875 4.7734375 -0.375
v -0.16783875 4.7734375 -0.4375
v -0.160425 4.801105 -0.375
v -0.160425 4.801105 -0.4375
v -0.21497375000000002 4.80065125 -0.375
v -0.21497375000000002 4.80065125 -0.4375
v -0.19472 4.820905 -0.375
v -0.19472 4.820905 -0.4375
v -0.2421875 4.84778625 -0.375
v -0.2421875 4.84778625 -0.4375
v -0.21452 4.8552 -0.375
v -0.21452 4.8552 -0.4375
v -0.2421875 4.90221375 -0.375
v -0.2421875 4.90221375 -0.4375
v -0.21452 4.8948 -0.375
v -0.21452 4.8948 -0.4375
v -0.21497375000000002 4.94934875 -0.375
v -0.21497375000000002 4.94934875 -0.4375
v -0.19472 4.929095 -0.375
v -0.19472 4.929095 -0.4375
v -0.16783875 4.9765625 -0.375
v -0.16783875 4.9765625 -0.4375
v -0.160425 4.948895 -0.375
v -0.160425 4.948895 -0.4375
vt 0.28125 0.28125
vt 0.29485625 0.28125
vt 0.29485625 0.296875
vt 0.28125 0.296875
vt 0.29115 0.296875
vt 0.28125 0.296875
vt 0.28125 0.28125
vt 0.29115 0.28125
vt 0.28125 0.29502125
vt 0.28125 0.28512140625000004
vt 0.28816765625 0.2832678125
vt 0.28816703125 0.296875
vt 0.28125 0.2899575
vt 0.2948571875 0.2899575
vt 0.29300328125 0.296875
vt 0.2831034375 0.29687453124999996
vt 0.28125 0.28125
vt 0.29485625 0.28125
vt 0.29485625 0.296875
vt 0.28125 0.296875
vt 0.29115 0.296875
vt 0.28125 0.296875
vt 0.28125 0.28125
vt 0.29115 0.28125
vt 0.28125 0.2950215625
vt 0.28125 0.28512171875000003
vt 0.28816703125 0.2832678125
vt 0.28816765625 0.296875
vt 0.28125 0.2899575
vt 0.2948571875 0.2899575
vt 0.29300359375 0.29687453124999996
vt 0.28310390625 0.296875
vt 0.28125 0.28125
vt 0.29485625 0.28125
vt 0.29485625 0.296875
vt 0.28125 0.296875
vt 0.29115 0.296875
vt 0.28125 0.296875
vt 0.28125 0.28125
vt 0.29115 0.28125
vt 0.28125 0.295021875
vt 0.28125 0.28512187499999997
vt 0.2881671875 0.28326874999999996
vt 0.2881671875 0.296875
vt 0.2881671875 0.28326874999999996
vt 0.2881671875 0.296875
vt 0.28125 0.295021875
vt 0.28125 0.28512187499999997
vt 0.28125 0.28125
vt 0.29485625 0.28125
vt 0.29485625 0.296875
vt 0.28125 0.296875
vt 0.29115 0.296875
vt 0.28125 0.296875
vt 0.28125 0.28125
vt 0.29115 0.28125
vt 0.29300328125 0.296875
vt 0.2831034375 0.296875
vt 0.28125 0.28995734375000004
vt 0.2948571875 0.28995796875
vt 0.2881675 0.2832678125
vt 0.2881675 0.296875
vt 0.28125 0.29502109374999996
vt 0.28125046875 0.28512140625000004
vt 0.28125 0.28125
vt 0.29485625 0.28125
vt 0.29485625 0.296875
vt 0.28125 0.296875
vt 0.29115 0.296875
vt 0.28125 0.296875
vt 0.28125 0.28125
vt 0.29115 0.28125
vt 0.29300359375 0.296875
vt 0.28310375 0.296875
vt 0.28125 0.28995796875
vt 0.2948571875 0.28995734375000004
vt 0.2881675 0.2832678125
vt 0.2881675 0.296875
vt 0.28125046875 0.2950215625
vt 0.28125 0.28512171875000003
vt 0.28125 0.28125
vt 0.29485625 0.28125
vt 0.29485625 0.296875
vt 0.28125 0.296875
vt 0.29115 0.296875
vt 0.28125 0.296875
vt 0.28125 0.28125
vt 0.29115 0.28125
vt 0.293003125 0.296875
vt 0.283103125 0.296875
vt 0.28125 0.28995781249999997
vt 0.29485625 0.28995781249999997
vt 0.29485625 0.296875
vt 0.28125 0.296875
vt 0.283103125 0.28995781249999997
vt 0.293003125 0.28995781249999997
vt 0.28125 0.28125
vt 0.29485625 0.28125
vt 0.29485625 0.296875
vt 0.28125 0.296875
vt 0.29115 0.296875
vt 0.28125 0.296875
vt 0.28125 0.28125
vt 0.29115 0.28125
vt 0.28816765625 0.28512171875000003
vt 0.28816765625 0.2950215625
vt 0.28125 0.296875
vt 0.281250625 0.2832678125
vt 0.2948571875 0.296875
vt 0.28125 0.296875
vt 0.28310390625 0.2899575
vt 0.29300359375 0.28995796875
vt 0.28125 0.28125
vt 0.29485625 0.28125
vt 0.29485625 0.296875
vt 0.28125 0.296875
vt 0.29115 0.296875
vt 0.28125 0.296875
vt 0.28125 0.28125
vt 0.29115 0.28125
vt 0.28816765625 0.28512140625000004
vt 0.28816765625 0.29502125
vt 0.281250625 0.296875
vt 0.28125 0.2832678125
vt 0.2948571875 0.296875
vt 0.28125 0.296875
vt 0.2831034375 0.28995796875
vt 0.29300328125 0.2899575
vt 0.28125 0.28125
vt 0.29485625 0.28125
vt 0.29485625 0.296875
vt 0.28125 0.296875
vt 0.29115 0.296875
vt 0.28125 0.296875
vt 0.28125 0.28125
vt 0.29115 0.28125
vt 0.2881671875 0.28512187499999997
vt 0.2881671875 0.295021875
vt 0.28125 0.296875
vt 0.28125 0.28326874999999996
vt 0.28125 0.296875
vt 0.28125 0.28326874999999996
vt 0.2881671875 0.28512187499999997
vt 0.2881671875 0.295021875
vt 0.28125 0.28125
vt 0.29485625 0.28125
vt 0.29485625 0.296875
vt 0.28125 0.296875
vt 0.29115 0.296875
vt 0.28125 0.296875
vt 0.28125 0.28125
vt 0.29115 0.28125
vt 0.28310375 0.28995734375000004
vt 0.29300359375 0.28995734375000004
vt 0.2948571875 0.296875
vt 0.28125 0.296874375
vt 0.28125 0.296875
vt 0.28125 0.2832678125
vt 0.2881675 0.28512171875000003
vt 0.28816703125 0.2950215625
vt 0.28125 0.28125
vt 0.29485625 0.28125
vt 0.29485625 0.296875
vt 0.28125 0.296875
vt 0.29115 0.296875
vt 0.28125 0.296875
vt 0.28125 0.28125
vt 0.29115 0.28125
vt 0.2831034375 0.28995734375000004
vt 0.29300328125 0.28995734375000004
vt 0.2948571875 0.296874375
vt 0.28125 0.296875
vt 0.28125 0.296875
vt 0.28125 0.2832678125
vt 0.28816703125 0.28512140625000004
vt 0.2881675 0.29502109374999996
vt 0.28125 0.28125
vt 0.29485625 0.28125
vt 0.29485625 0.296875
vt 0.28125 0.296875
vt 0.29115 0.296875
vt 0.28125 0.296875
vt 0.28125 0.28125
vt 0.29115 0.28125
vt 0.283103125 0.28995781249999997
vt 0.293003125 0.28995781249999997
vt 0.29485625 0.296875
vt 0.28125 0.296875
vt 0.28125 0.28995781249999997
vt 0.29485625 0.28995781249999997
vt 0.293003125 0.296875
vt 0.283103125 0.296875
vn 0.5000047549191339 0.8660226585131923 0
vn -0.4999956916624099 -0.8660278911900172 -1.7522308367960474e-16
vn 2.87371910369571e-18 -3.4547170238616073e-16 1
vn 3.7620171963428513e-16 6.515922302131103e-16 -1
vn 0.8660226585131922 0.5000047549191339 6.374498086138453e-17
vn -0.8660278911900172 -0.49999569166240987 -8.761154183980233e-17
vn 2.3476139279252257e-17 -8.761100435120046e-17 1
vn 3.6606442754336843e-16 5.057764638352137e-16 -1
vn 1 0 0
vn -1 0 0
vn -4.695297118660372e-17 -1.7522459353301082e-16 1
vn 6.832346365309845e-17 2.54977498650764e-16 -1
vn 0.8660226585131923 -0.5000047549191339 -1.2748996172276903e-16
vn -0.8660278911900172 0.49999569166240987 8.761154183980235e-17
vn 1.5306314603417172e-16 -1.8953483724829323e-16 1
vn 1.8665798426758293e-16 1.8665798426758296e-16 -1
vn 0.5000047549191339 -0.8660226585131923 0
vn -0.49999569166240987 0.8660278911900174 1.752230836796048e-16
vn -4.982593850062846e-17 -2.6414713853677645e-16 1
vn 4.181684463550474e-18 5.027121991869919e-16 -1
vn 0 -1 0
vn 0 1 2.220446049250313e-16
vn 0 -2.507958400255617e-16 1
vn 0 5.015916800511232e-16 -1
vn -0.5000047549191339 -0.8660226585131923 -1.912349425841536e-16
vn 0.49999569166240987 0.8660278911900174 8.76115418398024e-17
vn 2.87371910369571e-18 -3.4547170238616073e-16 1
vn -1.8665798426758283e-16 1.8665798426758293e-16 -1
vn -0.8660226585131922 -0.5000047549191339 -6.374498086138453e-17
vn 0.8660278911900172 0.49999569166240987 4.3805770919901173e-17
vn 2.3476139279252257e-17 -8.761100435120046e-17 1
vn -6.832388582181182e-17 2.54979074149382e-16 -1
vn -1 0 0
vn 1 0 0
vn -4.695297118660372e-17 -1.7522459353301082e-16 1
vn -4.33268216398025e-16 2.54977498650764e-16 -1
vn -0.8660226585131923 0.5000047549191339 0
vn 0.8660278911900172 -0.49999569166240987 -8.761154183980237e-17
vn 1.5306314603417172e-16 -1.8953483724829323e-16 1
vn -4.649342459455275e-16 5.62859703901868e-16 -1
vn -0.5000047549191339 0.8660226585131922 1.912349425841536e-16
vn 0.4999956916624099 -0.8660278911900172 -1.7522308367960477e-16
vn -4.982593850062846e-17 -2.6414713853677645e-16 1
vn -2.5079738968583164e-16 4.3438831336518024e-16 -1
vn 0 1 2.2204460492503136e-16
vn 0 -1 -2.220446049250313e-16
vn 0 -2.507958400255617e-16 1
vn 0 5.015916800511234e-16 -1
usemtl m_3d215661-f591-00a8-53e2-d8d611c756be
f 1297/4201/1075 1301/4202/1075 1302/4203/1075 1298/4204/1075
f 1300/4205/1076 1304/4206/1076 1303/4207/1076 1299/4208/1076
f 1299/4209/1077 1303/4210/1077 1301/4211/1077 1297/4212/1077
f 1298/4213/1078 1302/4214/1078 1304/4215/1078 1300/4216/1078
f 1301/4217/1079 1305/4218/1079 1306/4219/1079 1302/4220/1079
f 1304/4221/1080 1308/4222/1080 1307/4223/1080 1303/4224/1080
f 1303/4225/1081 1307/4226/1081 1305/4227/1081 1301/4228/1081
f 1302/4229/1082 1306/4230/1082 1308/4231/1082 1304/4232/1082
f 1305/4233/1083 1309/4234/1083 1310/4235/1083 1306/4236/1083
f 1308/4237/1084 1312/4238/1084 1311/4239/1084 1307/4240/1084
f 1307/4241/1085 1311/4242/1085 1309/4243/1085 1305/4244/1085
f 1306/4245/1086 1310/4246/1086 1312/4247/1086 1308/4248/1086
f 1309/4249/1087 1313/4250/1087 1314/4251/1087 1310/4252/1087
f 1312/4253/1088 1316/4254/1088 1315/4255/1088 1311/4256/1088
f 1311/4257/1089 1315/4258/1089 1313/4259/1089 1309/4260/1089
f 1310/4261/1090 1314/4262/1090 1316/4263/1090 1312/4264/1090
f 1313/4265/1091 1317/4266/1091 1318/4267/1091 1314/4268/1091
f 1316/4269/1092 1320/4270/1092 1319/4271/1092 1315/4272/1092
f 1315/4273/1093 1319/4274/1093 1317/4275/1093 1313/4276/1093
f 1314/4277/1094 1318/4278/1094 1320/4279/1094 1316/4280/1094
f 1317/4281/1095 1321/4282/1095 1322/4283/1095 1318/4284/1095
f 1320/4285/1096 1324/4286/1096 1323/4287/1096 1319/4288/1096
f 1319/4289/1097 1323/4290/1097 1321/4291/1097 1317/4292/1097
f 1318/4293/1098 1322/4294/1098 1324/4295/1098 1320/4296/1098
f 1321/4297/1099 1325/4298/1099 1326/4299/1099 1322/4300/1099
f 1324/4301/1100 1328/4302/1100 1327/4303/1100 1323/4304/1100
f 1323/4305/1101 1327/4306/1101 1325/4307/1101 1321/4308/1101
f 1322/4309/1102 1326/4310/1102 1328/4311/1102 1324/4312/1102
f 1325/4313/1103 1329/4314/1103 1330/4315/1103 1326/4316/1103
f 1328/4317/1104 1332/4318/1104 1331/4319/1104 1327/4320/1104
f 1327/4321/1105 1331/4322/1105 1329/4323/1105 1325/4324/1105
f 1326/4325/1106 1330/4326/1106 1332/4327/1106 1328/4328/1106
f 1329/4329/1107 1333/4330/1107 1334/4331/1107 1330/4332/1107
f 1332/4333/1108 1336/4334/1108 1335/4335/1108 1331/4336/1108
f 1331/4337/1109 1335/4338/1109 1333/4339/1109 1329/4340/1109
f 1330/4341/1110 1334/4342/1110 1336/4343/1110 1332/4344/1110
f 1333/4345/1111 1337/4346/1111 1338/4347/1111 1334/4348/1111
f 1336/4349/1112 1340/4350/1112 1339/4351/1112 1335/4352/1112
f 1335/4353/1113 1339/4354/1113 1337/4355/1113 1333/4356/1113
f 1334/4357/1114 1338/4358/1114 1340/4359/1114 1336/4360/1114
f 1337/4361/1115 1341/4362/1115 1342/4363/1115 1338/4364/1115
f 1340/4365/1116 1344/4366/1116 1343/4367/1116 1339/4368/1116
f 1339/4369/1117 1343/4370/1117 1341/4371/1117 1337/4372/1117
f 1338/4373/1118 1342/4374/1118 1344/4375/1118 1340/4376/1118
f 1341/4377/1119 1297/4378/1119 1298/4379/1119 1342/4380/1119
f 1344/4381/1120 1300/4382/1120 1299/4383/1120 1343/4384/1120
f 1343/4385/1121 1299/4386/1121 1297/4387/1121 1341/4388/1121
f 1342/4389/1122 1298/4390/1122 1300/4391/1122 1344/4392/1122
o tube
v -0.36341125 4.9765625 -0.375
v -0.36341125 4.9765625 -0.4375
v -0.370825 4.948895 -0.375
v -0.370825 4.948895 -0.4375
v -0.31627625 4.94934875 -0.375
v -0.31627625 4.94934875 -0.4375
v -0.33653 4.929095 -0.375
v -0.33653 4.929095 -0.4375
v -0.2890625 4.90221375 -0.375
v -0.2890625 4.90221375 -0.4375
v -0.31673 4.8948 -0.375
v -0.31673 4.8948 -0.4375
v -0.2890625 4.84778625 -0.375
v -0.2890625 4.84778625 -0.4375
v -0.31673 4.8552 -0.375
v -0.31673 4.8552 -0.4375
v -0.31627625 4.80065125 -0.375
v -0.31627625 4.80065125 -0.4375
v -0.33653 4.820905 -0.375
v -0.33653 4.820905 -0.4375
v -0.36341125 4.7734375 -0.375
v -0.36341125 4.7734375 -0.4375
v -0.370825 4.801105 -0.375
v -0.370825 4.801105 -0.4375
v -0.41783875 4.7734375 -0.375
v -0.41783875 4.7734375 -0.4375
v -0.410425 4.801105 -0.375
v -0.410425 4.801105 -0.4375
v -0.46497375 4.80065125 -0.375
v -0.46497375 4.80065125 -0.4375
v -0.44472 4.820905 -0.375
v -0.44472 4.820905 -0.4375
v -0.4921875 4.84778625 -0.375
v -0.4921875 4.84778625 -0.4375
v -0.46452 4.8552 -0.375
v -0.46452 4.8552 -0.4375
v -0.4921875 4.90221375 -0.375
v -0.4921875 4.90221375 -0.4375
v -0.46452 4.8948 -0.375
v -0.46452 4.8948 -0.4375
v -0.46497375 4.94934875 -0.375
v -0.46497375 4.94934875 -0.4375
v -0.44472 4.929095 -0.375
v -0.44472 4.929095 -0.4375
v -0.41783875 4.9765625 -0.375
v -0.41783875 4.9765625 -0.4375
v -0.410425 4.948895 -0.375
v -0.410425 4.948895 -0.4375
vt 0.28125 0.28125
vt 0.29485625 0.28125
vt 0.29485625 0.296875
vt 0.28125 0.296875
vt 0.29115 0.296875
vt 0.28125 0.296875
vt 0.28125 0.28125
vt 0.29115 0.28125
vt 0.28125 0.29502125
vt 0.28125 0.28512140625000004
vt 0.28816765625 0.2832678125
vt 0.28816703125 0.296875
vt 0.28125 0.2899575
vt 0.2948571875 0.2899575
vt 0.29300328125 0.296875
vt 0.2831034375 0.29687453124999996
vt 0.28125 0.28125
vt 0.29485625 0.28125
vt 0.29485625 0.296875
vt 0.28125 0.296875
vt 0.29115 0.296875
vt 0.28125 0.296875
vt 0.28125 0.28125
vt 0.29115 0.28125
vt 0.28125 0.2950215625
vt 0.28125 0.28512171875000003
vt 0.28816703125 0.2832678125
vt 0.28816765625 0.296875
vt 0.28125 0.2899575
vt 0.2948571875 0.2899575
vt 0.29300359375 0.29687453124999996
vt 0.28310390625 0.296875
vt 0.28125 0.28125
vt 0.29485625 0.28125
vt 0.29485625 0.296875
vt 0.28125 0.296875
vt 0.29115 0.296875
vt 0.28125 0.296875
vt 0.28125 0.28125
vt 0.29115 0.28125
vt 0.28125 0.295021875
vt 0.28125 0.28512187499999997
vt 0.2881671875 0.28326874999999996
vt 0.2881671875 0.296875
vt 0.2881671875 0.28326874999999996
vt 0.2881671875 0.296875
vt 0.28125 0.295021875
vt 0.28125 0.28512187499999997
vt 0.28125 0.28125
vt 0.29485625 0.28125
vt 0.29485625 0.296875
vt 0.28125 0.296875
vt 0.29115 0.296875
vt 0.28125 0.296875
vt 0.28125 0.28125
vt 0.29115 0.28125
vt 0.29300328125 0.296875
vt 0.2831034375 0.296875
vt 0.28125 0.28995734375000004
vt 0.2948571875 0.28995796875
vt 0.2881675 0.2832678125
vt 0.2881675 0.296875
vt 0.28125 0.29502109374999996
vt 0.28125046875 0.28512140625000004
vt 0.28125 0.28125
vt 0.29485625 0.28125
vt 0.29485625 0.296875
vt 0.28125 0.296875
vt 0.29115 0.296875
vt 0.28125 0.296875
vt 0.28125 0.28125
vt 0.29115 0.28125
vt 0.29300359375 0.296875
vt 0.28310375 0.296875
vt 0.28125 0.28995796875
vt 0.2948571875 0.28995734375000004
vt 0.2881675 0.2832678125
vt 0.2881675 0.296875
vt 0.28125046875 0.2950215625
vt 0.28125 0.28512171875000003
vt 0.28125 0.28125
vt 0.29485625 0.28125
vt 0.29485625 0.296875
vt 0.28125 0.296875
vt 0.29115 0.296875
vt 0.28125 0.296875
vt 0.28125 0.28125
vt 0.29115 0.28125
vt 0.293003125 0.296875
vt 0.283103125 0.296875
vt 0.28125 0.28995781249999997
vt 0.29485625 0.28995781249999997
vt 0.29485625 0.296875
vt 0.28125 0.296875
vt 0.283103125 0.28995781249999997
vt 0.293003125 0.28995781249999997
vt 0.28125 0.28125
vt 0.29485625 0.28125
vt 0.29485625 0.296875
vt 0.28125 0.296875
vt 0.29115 0.296875
vt 0.28125 0.296875
vt 0.28125 0.28125
vt 0.29115 0.28125
vt 0.28816765625 0.28512171875000003
vt 0.28816765625 0.2950215625
vt 0.28125 0.296875
vt 0.281250625 0.2832678125
vt 0.2948571875 0.296875
vt 0.28125 0.296875
vt 0.28310390625 0.2899575
vt 0.29300359375 0.28995796875
vt 0.28125 0.28125
vt 0.29485625 0.28125
vt 0.29485625 0.296875
vt 0.28125 0.296875
vt 0.29115 0.296875
vt 0.28125 0.296875
vt 0.28125 0.28125
vt 0.29115 0.28125
vt 0.28816765625 0.28512140625000004
vt 0.28816765625 0.29502125
vt 0.281250625 0.296875
vt 0.28125 0.2832678125
vt 0.2948571875 0.296875
vt 0.28125 0.296875
vt 0.2831034375 0.28995796875
vt 0.29300328125 0.2899575
vt 0.28125 0.28125
vt 0.29485625 0.28125
vt 0.29485625 0.296875
vt 0.28125 0.296875
vt 0.29115 0.296875
vt 0.28125 0.296875
vt 0.28125 0.28125
vt 0.29115 0.28125
vt 0.2881671875 0.28512187499999997
vt 0.2881671875 0.295021875
vt 0.28125 0.296875
vt 0.28125 0.28326874999999996
vt 0.28125 0.296875
vt 0.28125 0.28326874999999996
vt 0.2881671875 0.28512187499999997
vt 0.2881671875 0.295021875
vt 0.28125 0.28125
vt 0.29485625 0.28125
vt 0.29485625 0.296875
vt 0.28125 0.296875
vt 0.29115 0.296875
vt 0.28125 0.296875
vt 0.28125 0.28125
vt 0.29115 0.28125
vt 0.28310375 0.28995734375000004
vt 0.29300359375 0.28995734375000004
vt 0.2948571875 0.296875
vt 0.28125 0.296874375
vt 0.28125 0.296875
vt 0.28125 0.2832678125
vt 0.2881675 0.28512171875000003
vt 0.28816703125 0.2950215625
vt 0.28125 0.28125
vt 0.29485625 0.28125
vt 0.29485625 0.296875
vt 0.28125 0.296875
vt 0.29115 0.296875
vt 0.28125 0.296875
vt 0.28125 0.28125
vt 0.29115 0.28125
vt 0.2831034375 0.28995734375000004
vt 0.29300328125 0.28995734375000004
vt 0.2948571875 0.296874375
vt 0.28125 0.296875
vt 0.28125 0.296875
vt 0.28125 0.2832678125
vt 0.28816703125 0.28512140625000004
vt 0.2881675 0.29502109374999996
vt 0.28125 0.28125
vt 0.29485625 0.28125
vt 0.29485625 0.296875
vt 0.28125 0.296875
vt 0.29115 0.296875
vt 0.28125 0.296875
vt 0.28125 0.28125
vt 0.29115 0.28125
vt 0.283103125 0.28995781249999997
vt 0.293003125 0.28995781249999997
vt 0.29485625 0.296875
vt 0.28125 0.296875
vt 0.28125 0.28995781249999997
vt 0.29485625 0.28995781249999997
vt 0.293003125 0.296875
vt 0.283103125 0.296875
vn 0.5000047549191339 0.8660226585131923 0
vn -0.4999956916624099 -0.8660278911900172 -1.7522308367960474e-16
vn 2.87371910369571e-18 -3.4547170238616073e-16 1
vn 3.7620171963428513e-16 6.515922302131103e-16 -1
vn 0.8660226585131922 0.5000047549191339 6.374498086138453e-17
vn -0.8660278911900172 -0.49999569166240987 -8.761154183980233e-17
vn 2.3476139279252257e-17 -8.761100435120046e-17 1
vn 3.6606442754336843e-16 5.057764638352137e-16 -1
vn 1 0 0
vn -1 0 0
vn -4.695297118660372e-17 -1.7522459353301082e-16 1
vn 6.832346365309845e-17 2.54977498650764e-16 -1
vn 0.8660226585131923 -0.5000047549191339 -1.2748996172276903e-16
vn -0.8660278911900172 0.49999569166240987 8.761154183980235e-17
vn 1.5306314603417172e-16 -1.8953483724829323e-16 1
vn 1.8665798426758293e-16 1.8665798426758296e-16 -1
vn 0.5000047549191339 -0.8660226585131923 0
vn -0.49999569166240987 0.8660278911900174 1.752230836796048e-16
vn -4.982593850062846e-17 -2.6414713853677645e-16 1
vn 4.181684463550474e-18 5.027121991869919e-16 -1
vn 0 -1 0
vn 0 1 2.220446049250313e-16
vn 0 -2.507958400255617e-16 1
vn 0 5.015916800511232e-16 -1
vn -0.5000047549191339 -0.8660226585131923 -1.912349425841536e-16
vn 0.49999569166240987 0.8660278911900174 8.76115418398024e-17
vn 2.87371910369571e-18 -3.4547170238616073e-16 1
vn -1.8665798426758283e-16 1.8665798426758293e-16 -1
vn -0.8660226585131922 -0.5000047549191339 -6.374498086138453e-17
vn 0.8660278911900172 0.49999569166240987 4.3805770919901173e-17
vn 2.3476139279252257e-17 -8.761100435120046e-17 1
vn -6.832388582181182e-17 2.54979074149382e-16 -1
vn -1 0 0
vn 1 0 0
vn -4.695297118660372e-17 -1.7522459353301082e-16 1
vn -4.33268216398025e-16 2.54977498650764e-16 -1
vn -0.8660226585131923 0.5000047549191339 0
vn 0.8660278911900172 -0.49999569166240987 -8.761154183980237e-17
vn 1.5306314603417172e-16 -1.8953483724829323e-16 1
vn -4.649342459455275e-16 5.62859703901868e-16 -1
vn -0.5000047549191339 0.8660226585131922 1.912349425841536e-16
vn 0.4999956916624099 -0.8660278911900172 -1.7522308367960477e-16
vn -4.982593850062846e-17 -2.6414713853677645e-16 1
vn -2.5079738968583164e-16 4.3438831336518024e-16 -1
vn 0 1 2.2204460492503136e-16
vn 0 -1 -2.220446049250313e-16
vn 0 -2.507958400255617e-16 1
vn 0 5.015916800511234e-16 -1
usemtl m_3d215661-f591-00a8-53e2-d8d611c756be
f 1345/4393/1123 1349/4394/1123 1350/4395/1123 1346/4396/1123
f 1348/4397/1124 1352/4398/1124 1351/4399/1124 1347/4400/1124
f 1347/4401/1125 1351/4402/1125 1349/4403/1125 1345/4404/1125
f 1346/4405/1126 1350/4406/1126 1352/4407/1126 1348/4408/1126
f 1349/4409/1127 1353/4410/1127 1354/4411/1127 1350/4412/1127
f 1352/4413/1128 1356/4414/1128 1355/4415/1128 1351/4416/1128
f 1351/4417/1129 1355/4418/1129 1353/4419/1129 1349/4420/1129
f 1350/4421/1130 1354/4422/1130 1356/4423/1130 1352/4424/1130
f 1353/4425/1131 1357/4426/1131 1358/4427/1131 1354/4428/1131
f 1356/4429/1132 1360/4430/1132 1359/4431/1132 1355/4432/1132
f 1355/4433/1133 1359/4434/1133 1357/4435/1133 1353/4436/1133
f 1354/4437/1134 1358/4438/1134 1360/4439/1134 1356/4440/1134
f 1357/4441/1135 1361/4442/1135 1362/4443/1135 1358/4444/1135
f 1360/4445/1136 1364/4446/1136 1363/4447/1136 1359/4448/1136
f 1359/4449/1137 1363/4450/1137 1361/4451/1137 1357/4452/1137
f 1358/4453/1138 1362/4454/1138 1364/4455/1138 1360/4456/1138
f 1361/4457/1139 1365/4458/1139 1366/4459/1139 1362/4460/1139
f 1364/4461/1140 1368/4462/1140 1367/4463/1140 1363/4464/1140
f 1363/4465/1141 1367/4466/1141 1365/4467/1141 1361/4468/1141
f 1362/4469/1142 1366/4470/1142 1368/4471/1142 1364/4472/1142
f 1365/4473/1143 1369/4474/1143 1370/4475/1143 1366/4476/1143
f 1368/4477/1144 1372/4478/1144 1371/4479/1144 1367/4480/1144
f 1367/4481/1145 1371/4482/1145 1369/4483/1145 1365/4484/1145
f 1366/4485/1146 1370/4486/1146 1372/4487/1146 1368/4488/1146
f 1369/4489/1147 1373/4490/1147 1374/4491/1147 1370/4492/1147
f 1372/4493/1148 1376/4494/1148 1375/4495/1148 1371/4496/1148
f 1371/4497/1149 1375/4498/1149 1373/4499/1149 1369/4500/1149
f 1370/4501/1150 1374/4502/1150 1376/4503/1150 1372/4504/1150
f 1373/4505/1151 1377/4506/1151 1378/4507/1151 1374/4508/1151
f 1376/4509/1152 1380/4510/1152 1379/4511/1152 1375/4512/1152
f 1375/4513/1153 1379/4514/1153 1377/4515/1153 1373/4516/1153
f 1374/4517/1154 1378/4518/1154 1380/4519/1154 1376/4520/1154
f 1377/4521/1155 1381/4522/1155 1382/4523/1155 1378/4524/1155
f 1380/4525/1156 1384/4526/1156 1383/4527/1156 1379/4528/1156
f 1379/4529/1157 1383/4530/1157 1381/4531/1157 1377/4532/1157
f 1378/4533/1158 1382/4534/1158 1384/4535/1158 1380/4536/1158
f 1381/4537/1159 1385/4538/1159 1386/4539/1159 1382/4540/1159
f 1384/4541/1160 1388/4542/1160 1387/4543/1160 1383/4544/1160
f 1383/4545/1161 1387/4546/1161 1385/4547/1161 1381/4548/1161
f 1382/4549/1162 1386/4550/1162 1388/4551/1162 1384/4552/1162
f 1385/4553/1163 1389/4554/1163 1390/4555/1163 1386/4556/1163
f 1388/4557/1164 1392/4558/1164 1391/4559/1164 1387/4560/1164
f 1387/4561/1165 1391/4562/1165 1389/4563/1165 1385/4564/1165
f 1386/4565/1166 1390/4566/1166 1392/4567/1166 1388/4568/1166
f 1389/4569/1167 1345/4570/1167 1346/4571/1167 1390/4572/1167
f 1392/4573/1168 1348/4574/1168 1347/4575/1168 1391/4576/1168
f 1391/4577/1169 1347/4578/1169 1345/4579/1169 1389/4580/1169
f 1390/4581/1170 1346/4582/1170 1348/4583/1170 1392/4584/1170
o circle
v -0.390625 4.875 -0.415625
v -0.365505 4.96875 -0.415625
v -0.32199500000000003 4.94363 -0.415625
v -0.296875 4.90012 -0.415625
v -0.296875 4.84988 -0.415625
v -0.32199500000000003 4.80637 -0.415625
v -0.365505 4.78125 -0.415625
v -0.415745 4.78125 -0.415625
v -0.45925499999999997 4.80637 -0.415625
v -0.484375 4.84988 -0.415625
v -0.484375 4.90012 -0.415625
v -0.45925499999999997 4.94363 -0.415625
v -0.415745 4.96875 -0.415625
vt 0.3247625 0.6752374999999999
vt 0.375 0.7622625000000001
vt 0.1875 0.8125
vt 0.375 0.7622625000000001
vt 0.375 0.8627374999999999
vt 0.1875 0.8125
vt 0.375 0.8627374999999999
vt 0.3247625 0.9497625
vt 0.1875 0.8125
vt 0.3247625 0.9497625
vt 0.2377375 1
vt 0.1875 0.8125
vt 0.2377375 1
vt 0.1372625 1
vt 0.1875 0.8125
vt 0.1372625 1
vt 0.0502375 0.9497625
vt 0.1875 0.8125
vt 0.0502375 0.9497625
vt 0 0.8627374999999999
vt 0.1875 0.8125
vt 0 0.8627374999999999
vt 0 0.7622625000000001
vt 0.1875 0.8125
vt 0 0.7622625000000001
vt 0.0502375 0.6752374999999999
vt 0.1875 0.8125
vt 0.0502375 0.6752374999999999
vt 0.1372625 0.625
vt 0.1875 0.8125
vt 0.1372625 0.625
vt 0.2377375 0.625
vt 0.1875 0.8125
vt 0.2377375 0.625
vt 0.3247625 0.6752374999999999
vt 0.1875 0.8125
vn -1.1730369563575763e-17 1.12836211089253e-16 -1
vn 0 6.905746321563724e-17 -1
vn 1.173036956357576e-17 1.12836211089253e-16 -1
vn 6.409901158068214e-17 1.6520485310635936e-16 -1
vn 0 1.4802973661668756e-16 -1
vn -6.409901158068214e-17 1.6520485310635936e-16 -1
vn -1.1730369563575763e-17 1.12836211089253e-16 -1
vn 0 6.905746321563724e-17 -1
vn 1.173036956357576e-17 1.12836211089253e-16 -1
vn 6.409901158068214e-17 1.6520485310635936e-16 -1
vn 0 1.4802973661668756e-16 -1
vn -6.409901158068214e-17 1.6520485310635936e-16 -1
usemtl m_ac3999ef-95b5-0d58-6ef6-8589e28d3a01
f 1395/4585/1171 1396/4586/1171 1393/4587/1171
f 1396/4588/1172 1397/4589/1172 1393/4590/1172
f 1397/4591/1173 1398/4592/1173 1393/4593/1173
f 1398/4594/1174 1399/4595/1174 1393/4596/1174
f 1399/4597/1175 1400/4598/1175 1393/4599/1175
f 1400/4600/1176 1401/4601/1176 1393/4602/1176
f 1401/4603/1177 1402/4604/1177 1393/4605/1177
f 1402/4606/1178 1403/4607/1178 1393/4608/1178
f 1403/4609/1179 1404/4610/1179 1393/4611/1179
f 1404/4612/1180 1405/4613/1180 1393/4614/1180
f 1405/4615/1181 1394/4616/1181 1393/4617/1181
f 1394/4618/1182 1395/4619/1182 1393/4620/1182
o mesh
v 0.534375 4.309375 -0.375
v 0.534375 4.309375 -0.4375
v 0.503125 4.309375 -0.375
v 0.503125 4.309375 -0.4375
v 0.4375 4.41875 -0.375
v 0.4375 4.41875 -0.75
v 0.4375 4.3875 -0.375
v 0.4375 4.3875 -0.75
vt 0.046875 1
vt 0 1
vt 0 0.984375
vt 0.046875 0.984375
vt 0.046875 0.984375
vt 0.046875 1
vt 0 1
vt 0 0.984375
vt 0.3125 0.265625
vt 0.359375 0.265625
vt 0.359375 0.3125
vt 0.3125 0.3125
vt 0.359375 0.265625
vt 0.359375 0.3125
vt 0.3125 0.3125
vt 0.3125 0.265625
vt 0.359375 0.265625
vt 0.359375 0.28125
vt 0.3125 0.28125
vt 0.3125 0.265625
vt 0.359375 0.28125
vt 0.3125 0.28125
vt 0.3125 0.265625
vt 0.359375 0.265625
vn 0 -1 0
vn -1 0 0
vn 0.7485881801731631 0.6630352452962301 0
vn -0.7657048647896111 -0.6431920864232733 0
vn 0 0 1
vn 0 -0.9438583563660176 -0.33035042472810605
usemtl m_3d215661-f591-00a8-53e2-d8d611c756be
f 1407/4621/1183 1406/4622/1183 1408/4623/1183 1409/4624/1183
f 1412/4625/1184 1410/4626/1184 1411/4627/1184 1413/4628/1184
f 1410/4629/1185 1406/4630/1185 1407/4631/1185 1411/4632/1185
f 1409/4633/1186 1408/4634/1186 1412/4635/1186 1413/4636/1186
f 1408/4637/1187 1406/4638/1187 1410/4639/1187 1412/4640/1187
f 1411/4641/1188 1407/4642/1188 1409/4643/1188 1413/4644/1188
o mesh
v -0.0037912499999999847 4.309375 -0.375
v -0.0037912499999999847 4.309375 -0.4375
v -0.03504124999999998 4.309375 -0.375
v -0.03504124999999998 4.309375 -0.4375
v 0.06250000000000001 4.3875 -0.375
v 0.06250000000000001 4.3875 -0.75
v 0.06250000000000001 4.41875 -0.375
v 0.06250000000000001 4.41875 -0.75
vt 0.046875 1
vt 0 1
vt 0 0.984375
vt 0.046875 0.984375
vt 0.046875 0.984375
vt 0.046875 1
vt 0 1
vt 0 0.984375
vt 0.3125 0.265625
vt 0.359375 0.265625
vt 0.359375 0.3125
vt 0.3125 0.3125
vt 0.359375 0.265625
vt 0.359375 0.3125
vt 0.3125 0.3125
vt 0.3125 0.265625
vt 0.359375 0.25
vt 0.359375 0.265625
vt 0.3125 0.265625
vt 0.3125 0.25
vt 0.359375 0.265625
vt 0.3125 0.265625
vt 0.3125 0.25
vt 0.359375 0.25
vn 0 -1 0
vn 1 0 0
vn 0.7624929033564974 -0.646996578299282 0
vn -0.7463273826322242 0.6655790245593183 0
vn 0 0 1
vn 0 -0.9701425001453319 -0.24253562503633297
usemtl m_3d215661-f591-00a8-53e2-d8d611c756be
f 1415/4645/1189 1414/4646/1189 1416/4647/1189 1417/4648/1189
f 1420/4649/1190 1418/4650/1190 1419/4651/1190 1421/4652/1190
f 1418/4653/1191 1414/4654/1191 1415/4655/1191 1419/4656/1191
f 1417/4657/1192 1416/4658/1192 1420/4659/1192 1421/4660/1192
f 1416/4661/1193 1414/4662/1193 1418/4663/1193 1420/4664/1193
f 1419/4665/1194 1415/4666/1194 1417/4667/1194 1421/4668/1194
o cube
v 0.4375 4.41875 -0.375
v 0.4375 4.41875 -0.75
v 0.4375 4.3875 -0.375
v 0.4375 4.3875 -0.75
v 0.0625 4.41875 -0.375
v 0.0625 4.41875 -0.75
v 0.0625 4.3875 -0.375
v 0.0625 4.3875 -0.75
vt 0.390625 0.3046875
vt 0.390625 0.3125
vt 0.296875 0.3125
vt 0.296875 0.3046875
vt 0.390625 0.3046875
vt 0.390625 0.3125
vt 0.296875 0.3125
vt 0.296875 0.3046875
vt 0.390625 0.21875
vt 0.390625 0.3125
vt 0.296875 0.3125
vt 0.296875 0.21875
vt 0.390625 0.21875
vt 0.390625 0.3125
vt 0.296875 0.3125
vt 0.296875 0.21875
vt 0.390625 0.3046875
vt 0.390625 0.3125
vt 0.296875 0.3125
vt 0.296875 0.3046875
vt 0.390625 0.3046875
vt 0.390625 0.3125
vt 0.296875 0.3125
vt 0.296875 0.3046875
vn 1 0 0
vn -1 0 0
vn 0 1 0
vn 0 -1 0
vn 0 0 1
vn 0 0 -1
usemtl m_3d215661-f591-00a8-53e2-d8d611c756be
f 1425/4669/1195 1423/4670/1195 1422/4671/1195 1424/4672/1195
f 1428/4673/1196 1426/4674/1196 1427/4675/1196 1429/4676/1196
f 1422/4677/1197 1423/4678/1197 1427/4679/1197 1426/4680/1197
f 1425/4681/1198 1424/4682/1198 1428/4683/1198 1429/4684/1198
f 1424/4685/1199 1422/4686/1199 1426/4687/1199 1428/4688/1199
f 1429/4689/1200 1427/4690/1200 1423/4691/1200 1425/4692/1200
o cube
v -0.003791249999999996 4.309374999999999 -0.375
v -0.003791249999999996 4.309374999999999 -0.4375
v -0.003791249999999996 4.245764375 -0.375
v -0.003791249999999996 4.245764375 -0.4375
v -0.035041249999999996 4.309374999999999 -0.375
v -0.035041249999999996 4.309374999999999 -0.4375
v -0.035041249999999996 4.245764375 -0.375
v -0.035041249999999996 4.245764375 -0.4375
vt 0.328125 0.26534734375
vt 0.328125 0.28125
vt 0.3125 0.28125
vt 0.3125 0.26534734375
vt 0.34375 0.26534734375
vt 0.34375 0.28125
vt 0.328125 0.28125
vt 0.328125 0.26534734375
vt 0.3209271875 0.296875
vt 0.3209271875 0.3125
vt 0.3131146875 0.3125
vt 0.3131146875 0.296875
vt 0.3678021875 0.296875
vt 0.3678021875 0.3125
vt 0.3599896875 0.3125
vt 0.3599896875 0.296875
vt 0.3678021875 0.26534734375
vt 0.3678021875 0.28125
vt 0.3599896875 0.28125
vt 0.3599896875 0.26534734375
vt 0.296875 0.26534734375
vt 0.296875 0.28125
vt 0.2890625 0.28125
vt 0.2890625 0.26534734375
vn 1 0 0
vn -1 0 0
vn 0 1 0
vn 0 -1 0
vn 0 0 1
vn 0 0 -1
usemtl m_3d215661-f591-00a8-53e2-d8d611c756be
f 1433/4693/1201 1431/4694/1201 1430/4695/1201 1432/4696/1201
f 1436/4697/1202 1434/4698/1202 1435/4699/1202 1437/4700/1202
f 1430/4701/1203 1431/4702/1203 1435/4703/1203 1434/4704/1203
f 1433/4705/1204 1432/4706/1204 1436/4707/1204 1437/4708/1204
f 1432/4709/1205 1430/4710/1205 1434/4711/1205 1436/4712/1205
f 1437/4713/1206 1435/4714/1206 1431/4715/1206 1433/4716/1206
o cube
v 0.534375 4.309374999999999 -0.375
v 0.534375 4.309374999999999 -0.4375
v 0.534375 4.245764375 -0.375
v 0.534375 4.245764375 -0.4375
v 0.503125 4.309374999999999 -0.375
v 0.503125 4.309374999999999 -0.4375
v 0.503125 4.245764375 -0.375
v 0.503125 4.245764375 -0.4375
vt 0.328125 0.26534734375
vt 0.328125 0.28125
vt 0.3125 0.28125
vt 0.3125 0.26534734375
vt 0.34375 0.26534734375
vt 0.34375 0.28125
vt 0.328125 0.28125
vt 0.328125 0.26534734375
vt 0.3209271875 0.296875
vt 0.3209271875 0.3125
vt 0.3131146875 0.3125
vt 0.3131146875 0.296875
vt 0.3678021875 0.296875
vt 0.3678021875 0.3125
vt 0.3599896875 0.3125
vt 0.3599896875 0.296875
vt 0.3678021875 0.26534734375
vt 0.3678021875 0.28125
vt 0.3599896875 0.28125
vt 0.3599896875 0.26534734375
vt 0.296875 0.26534734375
vt 0.296875 0.28125
vt 0.2890625 0.28125
vt 0.2890625 0.26534734375
vn 1 0 0
vn -1 0 0
vn 0 1 0
vn 0 -1 0
vn 0 0 1
vn 0 0 -1
usemtl m_3d215661-f591-00a8-53e2-d8d611c756be
f 1441/4717/1207 1439/4718/1207 1438/4719/1207 1440/4720/1207
f 1444/4721/1208 1442/4722/1208 1443/4723/1208 1445/4724/1208
f 1438/4725/1209 1439/4726/1209 1443/4727/1209 1442/4728/1209
f 1441/4729/1210 1440/4730/1210 1444/4731/1210 1445/4732/1210
f 1440/4733/1211 1438/4734/1211 1442/4735/1211 1444/4736/1211
f 1445/4737/1212 1443/4738/1212 1439/4739/1212 1441/4740/1212
o circle
v 0.328125 4.90625 -0.40625
v 0.34277875 4.8515625 -0.40625
v 0.36815875 4.86621625 -0.40625
v 0.3828125 4.89159625 -0.40625
v 0.3828125 4.92090375 -0.40625
v 0.36815875 4.94628375 -0.40625
v 0.34277875 4.9609375 -0.40625
v 0.31347125 4.9609375 -0.40625
v 0.28809125 4.94628375 -0.40625
v 0.2734375 4.92090375 -0.40625
v 0.2734375 4.89159625 -0.40625
v 0.28809125 4.86621625 -0.40625
v 0.31347125 4.8515625 -0.40625
vt 0.21078125 0.79703125
vt 0.2421875 0.85140625
vt 0.125 0.8828125
vt 0.2421875 0.85140625
vt 0.2421875 0.91421875
vt 0.125 0.8828125
vt 0.2421875 0.91421875
vt 0.21078125 0.96859375
vt 0.125 0.8828125
vt 0.21078125 0.96859375
vt 0.15640625 1
vt 0.125 0.8828125
vt 0.15640625 1
vt 0.09359375 1
vt 0.125 0.8828125
vt 0.09359375 1
vt 0.03921875 0.96859375
vt 0.125 0.8828125
vt 0.03921875 0.96859375
vt 0.0078125 0.91421875
vt 0.125 0.8828125
vt 0.0078125 0.91421875
vt 0.0078125 0.85140625
vt 0.125 0.8828125
vt 0.0078125 0.85140625
vt 0.03921875 0.79703125
vt 0.125 0.8828125
vt 0.03921875 0.79703125
vt 0.09359375 0.765625
vt 0.125 0.8828125
vt 0.09359375 0.765625
vt 0.15640625 0.765625
vt 0.125 0.8828125
vt 0.15640625 0.765625
vt 0.21078125 0.79703125
vt 0.125 0.8828125
vn -1.5538844576200671e-18 1.717722192400657e-16 1
vn 0 1.7757128475408756e-16 1
vn 1.5538844576200748e-18 1.7177221924006573e-16 1
vn -2.3219647419830827e-17 1.9654575111751661e-16 1
vn 0 1.9032394707859828e-16 1
vn 2.3219647419830827e-17 1.9654575111751661e-16 1
vn -1.5538844576200671e-18 1.717722192400657e-16 1
vn 0 1.7757128475408756e-16 1
vn 1.5538844576200748e-18 1.7177221924006573e-16 1
vn -2.3219647419830827e-17 1.9654575111751661e-16 1
vn 0 1.9032394707859828e-16 1
vn 2.3219647419830827e-17 1.9654575111751661e-16 1
usemtl m_ac3999ef-95b5-0d58-6ef6-8589e28d3a01
f 1448/4741/1213 1449/4742/1213 1446/4743/1213
f 1449/4744/1214 1450/4745/1214 1446/4746/1214
f 1450/4747/1215 1451/4748/1215 1446/4749/1215
f 1451/4750/1216 1452/4751/1216 1446/4752/1216
f 1452/4753/1217 1453/4754/1217 1446/4755/1217
f 1453/4756/1218 1454/4757/1218 1446/4758/1218
f 1454/4759/1219 1455/4760/1219 1446/4761/1219
f 1455/4762/1220 1456/4763/1220 1446/4764/1220
f 1456/4765/1221 1457/4766/1221 1446/4767/1221
f 1457/4768/1222 1458/4769/1222 1446/4770/1222
f 1458/4771/1223 1447/4772/1223 1446/4773/1223
f 1447/4774/1224 1448/4775/1224 1446/4776/1224
o tube
v 0.344871875 4.84375 -0.421875
v 0.344871875 4.84375 -0.359375
v 0.337089375 4.872795 -0.421875
v 0.337089375 4.872795 -0.359375
v 0.373878125 4.860496875 -0.421875
v 0.373878125 4.860496875 -0.359375
v 0.352615625 4.881759375 -0.421875
v 0.352615625 4.881759375 -0.359375
v 0.390625 4.889503125 -0.421875
v 0.390625 4.889503125 -0.359375
v 0.36158 4.897285625 -0.421875
v 0.36158 4.897285625 -0.359375
v 0.390625 4.922996875 -0.421875
v 0.390625 4.922996875 -0.359375
v 0.36158 4.915214375 -0.421875
v 0.36158 4.915214375 -0.359375
v 0.373878125 4.952003125 -0.421875
v 0.373878125 4.952003125 -0.359375
v 0.352615625 4.930740625 -0.421875
v 0.352615625 4.930740625 -0.359375
v 0.344871875 4.96875 -0.421875
v 0.344871875 4.96875 -0.359375
v 0.337089375 4.939705 -0.421875
v 0.337089375 4.939705 -0.359375
v 0.311378125 4.96875 -0.421875
v 0.311378125 4.96875 -0.359375
v 0.319160625 4.939705 -0.421875
v 0.319160625 4.939705 -0.359375
v 0.282371875 4.952003125 -0.421875
v 0.282371875 4.952003125 -0.359375
v 0.303634375 4.930740625 -0.421875
v 0.303634375 4.930740625 -0.359375
v 0.265625 4.922996875 -0.421875
v 0.265625 4.922996875 -0.359375
v 0.29467 4.915214375 -0.421875
v 0.29467 4.915214375 -0.359375
v 0.265625 4.889503125 -0.421875
v 0.265625 4.889503125 -0.359375
v 0.29467 4.897285625 -0.421875
v 0.29467 4.897285625 -0.359375
v 0.282371875 4.860496875 -0.421875
v 0.282371875 4.860496875 -0.359375
v 0.303634375 4.881759375 -0.421875
v 0.303634375 4.881759375 -0.359375
v 0.311378125 4.84375 -0.421875
v 0.311378125 4.84375 -0.359375
v 0.319160625 4.872795 -0.421875
v 0.319160625 4.872795 -0.359375
vt 0.28125 0.28125
vt 0.289621875 0.28125
vt 0.289621875 0.296875
vt 0.28125 0.296875
vt 0.28573125 0.296875
vt 0.28125 0.296875
vt 0.28125 0.28125
vt 0.28573125 0.28125
vt 0.28125 0.29492734374999996
vt 0.28125 0.29044499999999995
vt 0.28851390625 0.28850062499999996
vt 0.2885103125 0.296875
vt 0.28125 0.28961187499999996
vt 0.289624375 0.28961187499999996
vt 0.287676875 0.296875
vt 0.28319453125 0.29687312499999996
vt 0.28125 0.28125
vt 0.289621875 0.28125
vt 0.289621875 0.296875
vt 0.28125 0.296875
vt 0.28573125 0.296875
vt 0.28125 0.296875
vt 0.28125 0.28125
vt 0.28573125 0.28125
vt 0.28125 0.294930625
vt 0.28125 0.29044828125
vt 0.2885103125 0.28850062499999996
vt 0.28851390625 0.296875
vt 0.28125 0.28961187499999996
vt 0.289624375 0.28961187499999996
vt 0.28767984375 0.29687312499999996
vt 0.2831975 0.296875
vt 0.28125 0.28125
vt 0.289621875 0.28125
vt 0.289621875 0.296875
vt 0.28125 0.296875
vt 0.28573125 0.296875
vt 0.28125 0.296875
vt 0.28125 0.28125
vt 0.28573125 0.28125
vt 0.28125 0.29492968750000004
vt 0.28125 0.29044843750000005
vt 0.2885109375 0.28850312499999997
vt 0.2885109375 0.296875
vt 0.2885109375 0.28850312499999997
vt 0.2885109375 0.296875
vt 0.28125 0.29492968750000004
vt 0.28125 0.29044843750000005
vt 0.28125 0.28125
vt 0.289621875 0.28125
vt 0.289621875 0.296875
vt 0.28125 0.296875
vt 0.28573125 0.296875
vt 0.28125 0.296875
vt 0.28125 0.28125
vt 0.28573125 0.28125
vt 0.28767671875 0.296875
vt 0.283194375 0.296875
vt 0.28125 0.28961109375000005
vt 0.289624375 0.28961468749999997
vt 0.288513125 0.28850062499999996
vt 0.288513125 0.296875
vt 0.28125 0.2949275
vt 0.281251875 0.29044515625
vt 0.28125 0.28125
vt 0.289621875 0.28125
vt 0.289621875 0.296875
vt 0.28125 0.296875
vt 0.28573125 0.296875
vt 0.28125 0.296875
vt 0.28125 0.28125
vt 0.28573125 0.28125
vt 0.28768 0.296875
vt 0.28319765625 0.296875
vt 0.28125 0.28961468749999997
vt 0.289624375 0.28961109375000005
vt 0.288513125 0.28850062499999996
vt 0.288513125 0.296875
vt 0.281251875 0.29493046874999995
vt 0.28125 0.29044812499999995
vt 0.28125 0.28125
vt 0.289621875 0.28125
vt 0.289621875 0.296875
vt 0.28125 0.296875
vt 0.28573125 0.296875
vt 0.28125 0.296875
vt 0.28125 0.28125
vt 0.28573125 0.28125
vt 0.2876765625 0.296875
vt 0.2831953125 0.296875
vt 0.28125 0.2896140625
vt 0.289621875 0.2896140625
vt 0.289621875 0.296875
vt 0.28125 0.296875
vt 0.2831953125 0.2896140625
vt 0.2876765625 0.2896140625
vt 0.28125 0.28125
vt 0.289621875 0.28125
vt 0.289621875 0.296875
vt 0.28125 0.296875
vt 0.28573125 0.296875
vt 0.28125 0.296875
vt 0.28125 0.28125
vt 0.28573125 0.28125
vt 0.28851390625 0.29044828125
vt 0.28851390625 0.294930625
vt 0.28125 0.296875
vt 0.28125359375 0.28850062499999996
vt 0.289624375 0.296875
vt 0.28125 0.296875
vt 0.2831975 0.28961187499999996
vt 0.28767984375 0.28961390625000005
vt 0.28125 0.28125
vt 0.289621875 0.28125
vt 0.289621875 0.296875
vt 0.28125 0.296875
vt 0.28573125 0.296875
vt 0.28125 0.296875
vt 0.28125 0.28125
vt 0.28573125 0.28125
vt 0.28851390625 0.29044499999999995
vt 0.28851390625 0.29492734374999996
vt 0.28125359375 0.296875
vt 0.28125 0.28850062499999996
vt 0.289624375 0.296875
vt 0.28125 0.296875
vt 0.28319453125 0.28961390625000005
vt 0.287676875 0.28961187499999996
vt 0.28125 0.28125
vt 0.289621875 0.28125
vt 0.289621875 0.296875
vt 0.28125 0.296875
vt 0.28573125 0.296875
vt 0.28125 0.296875
vt 0.28125 0.28125
vt 0.28573125 0.28125
vt 0.2885109375 0.29044843750000005
vt 0.2885109375 0.29492968750000004
vt 0.28125 0.296875
vt 0.28125 0.28850312499999997
vt 0.28125 0.296875
vt 0.28125 0.28850312499999997
vt 0.2885109375 0.29044843750000005
vt 0.2885109375 0.29492968750000004
vt 0.28125 0.28125
vt 0.289621875 0.28125
vt 0.289621875 0.296875
vt 0.28125 0.296875
vt 0.28573125 0.296875
vt 0.28125 0.296875
vt 0.28125 0.28125
vt 0.28573125 0.28125
vt 0.28319765625 0.28961109375000005
vt 0.28768 0.28961109375000005
vt 0.289624375 0.296875
vt 0.28125 0.29687140624999997
vt 0.28125 0.296875
vt 0.28125 0.28850062499999996
vt 0.288513125 0.29044812499999995
vt 0.28851109375 0.29493046874999995
vt 0.28125 0.28125
vt 0.289621875 0.28125
vt 0.289621875 0.296875
vt 0.28125 0.296875
vt 0.28573125 0.296875
vt 0.28125 0.296875
vt 0.28125 0.28125
vt 0.28573125 0.28125
vt 0.283194375 0.28961109375000005
vt 0.28767671875 0.28961109375000005
vt 0.289624375 0.29687140624999997
vt 0.28125 0.296875
vt 0.28125 0.296875
vt 0.28125 0.28850062499999996
vt 0.28851109375 0.29044515625
vt 0.288513125 0.2949275
vt 0.28125 0.28125
vt 0.289621875 0.28125
vt 0.289621875 0.296875
vt 0.28125 0.296875
vt 0.28573125 0.296875
vt 0.28125 0.296875
vt 0.28125 0.28125
vt 0.28573125 0.28125
vt 0.2831953125 0.2896140625
vt 0.2876765625 0.2896140625
vt 0.289621875 0.296875
vt 0.28125 0.296875
vt 0.28125 0.2896140625
vt 0.289621875 0.2896140625
vt 0.2876765625 0.296875
vt 0.2831953125 0.296875
vn 0.500002435262396 -0.8660239977804736 1.035854107103865e-16
vn -0.5000121476207339 0.8660183902387416 -1.4513830759276609e-16
vn 1.604216890340416e-16 -8.43364733612751e-17 -1
vn -5.422204365301528e-16 1.1046799652402514e-16 1
vn 0.8660239977804735 -0.5000024352623961 5.1792705355193244e-17
vn -0.8660183902387416 0.5000121476207342 -7.256915379638303e-17
vn -1.290902328449894e-19 -2.233823195361117e-16 -1
vn 1.1102155084697303e-16 4.1434255629300774e-16 1
vn 1 0 0
vn -1 0 0
vn -7.874271872152789e-18 -1.9351304201093854e-16 -1
vn 0 0 1
vn 0.8660239977804735 0.5000024352623961 -5.179270535519323e-17
vn -0.8660183902387416 -0.5000121476207343 7.256915379638305e-17
vn -1.3504329388762896e-17 -2.3125383300655383e-16 -1
vn -1.5165945285501764e-16 1.5165945285501761e-16 1
vn 0.500002435262396 0.8660239977804736 0
vn -0.500012147620734 -0.8660183902387416 9.67588717285107e-17
vn -2.7594078320878483e-16 -2.8441493236489847e-16 -1
vn -1.7543937166847815e-16 5.248113175356995e-16 1
vn 0 1 0
vn 0 -1 1.1102230246251565e-16
vn 0 -3.583522415514148e-16 -1
vn 0 4.7780298873521985e-16 1
vn -0.500002435262396 0.8660239977804736 -1.035854107103865e-16
vn 0.500012147620734 -0.8660183902387416 9.67588717285107e-17
vn 1.604216890340416e-16 -8.43364733612751e-17 -1
vn 3.0331890571003533e-16 3.0331890571003523e-16 1
vn -0.8660239977804737 0.5000024352623961 -1.0358541071038649e-16
vn 0.8660183902387416 -0.5000121476207343 9.675887172851072e-17
vn -1.290902328449894e-19 -2.233823195361117e-16 -1
vn 5.551077542348654e-17 2.0717127814650387e-16 1
vn -1 0 0
vn 1 0 0
vn -7.874271872152789e-18 -1.9351304201093854e-16 -1
vn 0 0 1
vn -0.8660239977804737 -0.5000024352623961 5.1792705355193244e-17
vn 0.8660183902387415 0.5000121476207341 -7.256915379638303e-17
vn -1.3504329388762896e-17 -2.3125383300655383e-16 -1
vn 1.1046799652402509e-16 5.422204365301527e-16 1
vn -0.500002435262396 -0.8660239977804736 2.8485987945356293e-16
vn 0.5000121476207339 0.8660183902387416 -1.935177434570214e-16
vn -2.7594078320878483e-16 -2.8441493236489847e-16 -1
vn 4.1434255629300784e-16 -1.1102155084697318e-16 1
vn 0 -1 3.33066907387547e-16
vn 0 1 -2.220446049250313e-16
vn 0 -3.583522415514148e-16 -1
vn 0 0 1
usemtl m_3d215661-f591-00a8-53e2-d8d611c756be
f 1459/4777/1225 1463/4778/1225 1464/4779/1225 1460/4780/1225
f 1462/4781/1226 1466/4782/1226 1465/4783/1226 1461/4784/1226
f 1461/4785/1227 1465/4786/1227 1463/4787/1227 1459/4788/1227
f 1460/4789/1228 1464/4790/1228 1466/4791/1228 1462/4792/1228
f 1463/4793/1229 1467/4794/1229 1468/4795/1229 1464/4796/1229
f 1466/4797/1230 1470/4798/1230 1469/4799/1230 1465/4800/1230
f 1465/4801/1231 1469/4802/1231 1467/4803/1231 1463/4804/1231
f 1464/4805/1232 1468/4806/1232 1470/4807/1232 1466/4808/1232
f 1467/4809/1233 1471/4810/1233 1472/4811/1233 1468/4812/1233
f 1470/4813/1234 1474/4814/1234 1473/4815/1234 1469/4816/1234
f 1469/4817/1235 1473/4818/1235 1471/4819/1235 1467/4820/1235
f 1468/4821/1236 1472/4822/1236 1474/4823/1236 1470/4824/1236
f 1471/4825/1237 1475/4826/1237 1476/4827/1237 1472/4828/1237
f 1474/4829/1238 1478/4830/1238 1477/4831/1238 1473/4832/1238
f 1473/4833/1239 1477/4834/1239 1475/4835/1239 1471/4836/1239
f 1472/4837/1240 1476/4838/1240 1478/4839/1240 1474/4840/1240
f 1475/4841/1241 1479/4842/1241 1480/4843/1241 1476/4844/1241
f 1478/4845/1242 1482/4846/1242 1481/4847/1242 1477/4848/1242
f 1477/4849/1243 1481/4850/1243 1479/4851/1243 1475/4852/1243
f 1476/4853/1244 1480/4854/1244 1482/4855/1244 1478/4856/1244
f 1479/4857/1245 1483/4858/1245 1484/4859/1245 1480/4860/1245
f 1482/4861/1246 1486/4862/1246 1485/4863/1246 1481/4864/1246
f 1481/4865/1247 1485/4866/1247 1483/4867/1247 1479/4868/1247
f 1480/4869/1248 1484/4870/1248 1486/4871/1248 1482/4872/1248
f 1483/4873/1249 1487/4874/1249 1488/4875/1249 1484/4876/1249
f 1486/4877/1250 1490/4878/1250 1489/4879/1250 1485/4880/1250
f 1485/4881/1251 1489/4882/1251 1487/4883/1251 1483/4884/1251
f 1484/4885/1252 1488/4886/1252 1490/4887/1252 1486/4888/1252
f 1487/4889/1253 1491/4890/1253 1492/4891/1253 1488/4892/1253
f 1490/4893/1254 1494/4894/1254 1493/4895/1254 1489/4896/1254
f 1489/4897/1255 1493/4898/1255 1491/4899/1255 1487/4900/1255
f 1488/4901/1256 1492/4902/1256 1494/4903/1256 1490/4904/1256
f 1491/4905/1257 1495/4906/1257 1496/4907/1257 1492/4908/1257
f 1494/4909/1258 1498/4910/1258 1497/4911/1258 1493/4912/1258
f 1493/4913/1259 1497/4914/1259 1495/4915/1259 1491/4916/1259
f 1492/4917/1260 1496/4918/1260 1498/4919/1260 1494/4920/1260
f 1495/4921/1261 1499/4922/1261 1500/4923/1261 1496/4924/1261
f 1498/4925/1262 1502/4926/1262 1501/4927/1262 1497/4928/1262
f 1497/4929/1263 1501/4930/1263 1499/4931/1263 1495/4932/1263
f 1496/4933/1264 1500/4934/1264 1502/4935/1264 1498/4936/1264
f 1499/4937/1265 1503/4938/1265 1504/4939/1265 1500/4940/1265
f 1502/4941/1266 1506/4942/1266 1505/4943/1266 1501/4944/1266
f 1501/4945/1267 1505/4946/1267 1503/4947/1267 1499/4948/1267
f 1500/4949/1268 1504/4950/1268 1506/4951/1268 1502/4952/1268
f 1503/4953/1269 1459/4954/1269 1460/4955/1269 1504/4956/1269
f 1506/4957/1270 1462/4958/1270 1461/4959/1270 1505/4960/1270
f 1505/4961/1271 1461/4962/1271 1459/4963/1271 1503/4964/1271
f 1504/4965/1272 1460/4966/1272 1462/4967/1272 1506/4968/1272
o cube
v 0.375 4.984375 -0.375
v 0.375 4.984375 -0.6875
v 0.375 4.953125 -0.375
v 0.375 4.953125 -0.6875
v 0.28125 4.984375 -0.375
v 0.28125 4.984375 -0.6875
v 0.28125 4.953125 -0.375
v 0.28125 4.953125 -0.6875
vt 0.59375 0.46875
vt 0.59375 0.484375
vt 0.5 0.484375
vt 0.5 0.46875
vt 0.59375 0.46875
vt 0.59375 0.484375
vt 0.5 0.484375
vt 0.5 0.46875
vt 0.53125 0.4375
vt 0.53125 0.484375
vt 0.5 0.484375
vt 0.5 0.4375
vt 0.53125 0.4375
vt 0.53125 0.484375
vt 0.5 0.484375
vt 0.5 0.4375
vt 0.53125 0.46875
vt 0.53125 0.484375
vt 0.5 0.484375
vt 0.5 0.46875
vt 0.53125 0.46875
vt 0.53125 0.484375
vt 0.5 0.484375
vt 0.5 0.46875
vn 1 0 0
vn -1 0 0
vn 0 1 0
vn 0 -1 0
vn 0 0 1
vn 0 0 -1
usemtl m_3d215661-f591-00a8-53e2-d8d611c756be
f 1510/4969/1273 1508/4970/1273 1507/4971/1273 1509/4972/1273
f 1513/4973/1274 1511/4974/1274 1512/4975/1274 1514/4976/1274
f 1507/4977/1275 1508/4978/1275 1512/4979/1275 1511/4980/1275
f 1510/4981/1276 1509/4982/1276 1513/4983/1276 1514/4984/1276
f 1509/4985/1277 1507/4986/1277 1511/4987/1277 1513/4988/1277
f 1514/4989/1278 1512/4990/1278 1508/4991/1278 1510/4992/1278
o cube
v 0.27904029130879215 4.981223056339526 -0.375
v 0.27904029130879215 4.981223056339526 -0.5625
v 0.3011373782208718 4.959125969427447 -0.375
v 0.3011373782208718 4.959125969427447 -0.5625
v 0.24589466094067275 4.948077425971407 -0.375
v 0.24589466094067275 4.948077425971407 -0.5625
v 0.26799174785275237 4.925980339059327 -0.375
v 0.26799174785275237 4.925980339059327 -0.5625
vt 0.5625 0.46875
vt 0.5625 0.484375
vt 0.5 0.484375
vt 0.5 0.46875
vt 0.5625 0.46875
vt 0.5625 0.484375
vt 0.5 0.484375
vt 0.5 0.46875
vt 0.51953125 0.453125
vt 0.51953125 0.484375
vt 0.5 0.484375
vt 0.5 0.453125
vt 0.51953125 0.453125
vt 0.51953125 0.484375
vt 0.5 0.484375
vt 0.5 0.453125
vt 0.51953125 0.46875
vt 0.51953125 0.484375
vt 0.5 0.484375
vt 0.5 0.46875
vt 0.51953125 0.46875
vt 0.51953125 0.484375
vt 0.5 0.484375
vt 0.5 0.46875
vn 0.7071067811865477 0.7071067811865474 0
vn -0.7071067811865475 -0.7071067811865476 0
vn -0.7071067811865477 0.7071067811865475 0
vn 0.7071067811865475 -0.7071067811865476 0
vn 0 0 1
vn 0 0 -1
usemtl m_3d215661-f591-00a8-53e2-d8d611c756be
f 1518/4993/1279 1516/4994/1279 1515/4995/1279 1517/4996/1279
f 1521/4997/1280 1519/4998/1280 1520/4999/1280 1522/5000/1280
f 1515/5001/1281 1516/5002/1281 1520/5003/1281 1519/5004/1281
f 1518/5005/1282 1517/5006/1282 1521/5007/1282 1522/5008/1282
f 1517/5009/1283 1515/5010/1283 1519/5011/1283 1521/5012/1283
f 1522/5013/1284 1520/5014/1284 1516/5015/1284 1518/5016/1284
o cube
v 0.41225096942744666 4.946181795603287 -0.375
v 0.41225096942744666 4.946181795603287 -0.5625
v 0.39015388251536703 4.924084708691208 -0.375
v 0.39015388251536703 4.924084708691208 -0.5625
v 0.37910533905932725 4.979327425971407 -0.375
v 0.37910533905932725 4.979327425971407 -0.5625
v 0.35700825214724763 4.957230339059327 -0.375
v 0.35700825214724763 4.957230339059327 -0.5625
vt 0.5625 0.46875
vt 0.5625 0.484375
vt 0.5 0.484375
vt 0.5 0.46875
vt 0.5625 0.46875
vt 0.5625 0.484375
vt 0.5 0.484375
vt 0.5 0.46875
vt 0.51953125 0.453125
vt 0.51953125 0.484375
vt 0.5 0.484375
vt 0.5 0.453125
vt 0.51953125 0.453125
vt 0.51953125 0.484375
vt 0.5 0.484375
vt 0.5 0.453125
vt 0.51953125 0.46875
vt 0.51953125 0.484375
vt 0.5 0.484375
vt 0.5 0.46875
vt 0.51953125 0.46875
vt 0.51953125 0.484375
vt 0.5 0.484375
vt 0.5 0.46875
vn 0.7071067811865474 -0.7071067811865477 0
vn -0.7071067811865475 0.7071067811865476 0
vn 0.7071067811865475 0.7071067811865476 0
vn -0.7071067811865477 -0.7071067811865475 0
vn 0 0 1
vn 0 0 -1
usemtl m_3d215661-f591-00a8-53e2-d8d611c756be
f 1526/5017/1285 1524/5018/1285 1523/5019/1285 1525/5020/1285
f 1529/5021/1286 1527/5022/1286 1528/5023/1286 1530/5024/1286
f 1523/5025/1287 1524/5026/1287 1528/5027/1287 1527/5028/1287
f 1526/5029/1288 1525/5030/1288 1529/5031/1288 1530/5032/1288
f 1525/5033/1289 1523/5034/1289 1527/5035/1289 1529/5036/1289
f 1530/5037/1290 1528/5038/1290 1524/5039/1290 1526/5040/1290
o circle
v 0.375 4.28125 -0.415625
v 0.40012 4.375 -0.415625
v 0.44362999999999997 4.34988 -0.415625
v 0.46875 4.30637 -0.415625
v 0.46875 4.25613 -0.415625
v 0.44362999999999997 4.21262 -0.415625
v 0.40012 4.1875 -0.415625
v 0.34988 4.1875 -0.415625
v 0.30637000000000003 4.21262 -0.415625
v 0.28125 4.25613 -0.415625
v 0.28125 4.30637 -0.415625
v 0.30637000000000003 4.34988 -0.415625
v 0.34988 4.375 -0.415625
vt 0.3247625 0.6752374999999999
vt 0.375 0.7622625000000001
vt 0.1875 0.8125
vt 0.375 0.7622625000000001
vt 0.375 0.8627374999999999
vt 0.1875 0.8125
vt 0.375 0.8627374999999999
vt 0.3247625 0.9497625
vt 0.1875 0.8125
vt 0.3247625 0.9497625
vt 0.2377375 1
vt 0.1875 0.8125
vt 0.2377375 1
vt 0.1372625 1
vt 0.1875 0.8125
vt 0.1372625 1
vt 0.0502375 0.9497625
vt 0.1875 0.8125
vt 0.0502375 0.9497625
vt 0 0.8627374999999999
vt 0.1875 0.8125
vt 0 0.8627374999999999
vt 0 0.7622625000000001
vt 0.1875 0.8125
vt 0 0.7622625000000001
vt 0.0502375 0.6752374999999999
vt 0.1875 0.8125
vt 0.0502375 0.6752374999999999
vt 0.1372625 0.625
vt 0.1875 0.8125
vt 0.1372625 0.625
vt 0.2377375 0.625
vt 0.1875 0.8125
vt 0.2377375 0.625
vt 0.3247625 0.6752374999999999
vt 0.1875 0.8125
vn -1.1730369563575763e-17 1.12836211089253e-16 -1
vn 0 6.905746321563724e-17 -1
vn 1.173036956357576e-17 1.12836211089253e-16 -1
vn 6.409901158068214e-17 1.6520485310635936e-16 -1
vn 0 1.4802973661668756e-16 -1
vn -6.409901158068214e-17 1.6520485310635936e-16 -1
vn -1.1730369563575763e-17 1.12836211089253e-16 -1
vn 0 6.905746321563724e-17 -1
vn 1.173036956357576e-17 1.12836211089253e-16 -1
vn 6.409901158068214e-17 1.6520485310635936e-16 -1
vn 0 1.4802973661668756e-16 -1
vn -6.409901158068214e-17 1.6520485310635936e-16 -1
usemtl m_ac3999ef-95b5-0d58-6ef6-8589e28d3a01
f 1533/5041/1291 1534/5042/1291 1531/5043/1291
f 1534/5044/1292 1535/5045/1292 1531/5046/1292
f 1535/5047/1293 1536/5048/1293 1531/5049/1293
f 1536/5050/1294 1537/5051/1294 1531/5052/1294
f 1537/5053/1295 1538/5054/1295 1531/5055/1295
f 1538/5056/1296 1539/5057/1296 1531/5058/1296
f 1539/5059/1297 1540/5060/1297 1531/5061/1297
f 1540/5062/1298 1541/5063/1298 1531/5064/1298
f 1541/5065/1299 1542/5066/1299 1531/5067/1299
f 1542/5068/1300 1543/5069/1300 1531/5070/1300
f 1543/5071/1301 1532/5072/1301 1531/5073/1301
f 1532/5074/1302 1533/5075/1302 1531/5076/1302
o tube
v 0.40221375 4.3828125 -0.375
v 0.40221375 4.3828125 -0.4375
v 0.3948 4.355145 -0.375
v 0.3948 4.355145 -0.4375
v 0.44934875 4.35559875 -0.375
v 0.44934875 4.35559875 -0.4375
v 0.429095 4.335345 -0.375
v 0.429095 4.335345 -0.4375
v 0.4765625 4.30846375 -0.375
v 0.4765625 4.30846375 -0.4375
v 0.448895 4.30105 -0.375
v 0.448895 4.30105 -0.4375
v 0.4765625 4.25403625 -0.375
v 0.4765625 4.25403625 -0.4375
v 0.448895 4.26145 -0.375
v 0.448895 4.26145 -0.4375
v 0.44934875 4.20690125 -0.375
v 0.44934875 4.20690125 -0.4375
v 0.429095 4.227155 -0.375
v 0.429095 4.227155 -0.4375
v 0.40221375 4.1796875 -0.375
v 0.40221375 4.1796875 -0.4375
v 0.3948 4.207355 -0.375
v 0.3948 4.207355 -0.4375
v 0.34778625 4.1796875 -0.375
v 0.34778625 4.1796875 -0.4375
v 0.3552 4.207355 -0.375
v 0.3552 4.207355 -0.4375
v 0.30065125 4.20690125 -0.375
v 0.30065125 4.20690125 -0.4375
v 0.320905 4.227155 -0.375
v 0.320905 4.227155 -0.4375
v 0.2734375 4.25403625 -0.375
v 0.2734375 4.25403625 -0.4375
v 0.301105 4.26145 -0.375
v 0.301105 4.26145 -0.4375
v 0.2734375 4.30846375 -0.375
v 0.2734375 4.30846375 -0.4375
v 0.301105 4.30105 -0.375
v 0.301105 4.30105 -0.4375
v 0.30065125 4.35559875 -0.375
v 0.30065125 4.35559875 -0.4375
v 0.320905 4.335345 -0.375
v 0.320905 4.335345 -0.4375
v 0.34778625 4.3828125 -0.375
v 0.34778625 4.3828125 -0.4375
v 0.3552 4.355145 -0.375
v 0.3552 4.355145 -0.4375
vt 0.28125 0.28125
vt 0.29485625 0.28125
vt 0.29485625 0.296875
vt 0.28125 0.296875
vt 0.29115 0.296875
vt 0.28125 0.296875
vt 0.28125 0.28125
vt 0.29115 0.28125
vt 0.28125 0.29502125
vt 0.28125 0.28512140625000004
vt 0.28816765625 0.2832678125
vt 0.28816703125 0.296875
vt 0.28125 0.2899575
vt 0.2948571875 0.2899575
vt 0.29300328125 0.296875
vt 0.2831034375 0.29687453124999996
vt 0.28125 0.28125
vt 0.29485625 0.28125
vt 0.29485625 0.296875
vt 0.28125 0.296875
vt 0.29115 0.296875
vt 0.28125 0.296875
vt 0.28125 0.28125
vt 0.29115 0.28125
vt 0.28125 0.2950215625
vt 0.28125 0.28512171875000003
vt 0.28816703125 0.2832678125
vt 0.28816765625 0.296875
vt 0.28125 0.2899575
vt 0.2948571875 0.2899575
vt 0.29300359375 0.29687453124999996
vt 0.28310390625 0.296875
vt 0.28125 0.28125
vt 0.29485625 0.28125
vt 0.29485625 0.296875
vt 0.28125 0.296875
vt 0.29115 0.296875
vt 0.28125 0.296875
vt 0.28125 0.28125
vt 0.29115 0.28125
vt 0.28125 0.295021875
vt 0.28125 0.28512187499999997
vt 0.2881671875 0.28326874999999996
vt 0.2881671875 0.296875
vt 0.2881671875 0.28326874999999996
vt 0.2881671875 0.296875
vt 0.28125 0.295021875
vt 0.28125 0.28512187499999997
vt 0.28125 0.28125
vt 0.29485625 0.28125
vt 0.29485625 0.296875
vt 0.28125 0.296875
vt 0.29115 0.296875
vt 0.28125 0.296875
vt 0.28125 0.28125
vt 0.29115 0.28125
vt 0.29300328125 0.296875
vt 0.2831034375 0.296875
vt 0.28125 0.28995734375000004
vt 0.2948571875 0.28995796875
vt 0.2881675 0.2832678125
vt 0.2881675 0.296875
vt 0.28125 0.29502109374999996
vt 0.28125046875 0.28512140625000004
vt 0.28125 0.28125
vt 0.29485625 0.28125
vt 0.29485625 0.296875
vt 0.28125 0.296875
vt 0.29115 0.296875
vt 0.28125 0.296875
vt 0.28125 0.28125
vt 0.29115 0.28125
vt 0.29300359375 0.296875
vt 0.28310375 0.296875
vt 0.28125 0.28995796875
vt 0.2948571875 0.28995734375000004
vt 0.2881675 0.2832678125
vt 0.2881675 0.296875
vt 0.28125046875 0.2950215625
vt 0.28125 0.28512171875000003
vt 0.28125 0.28125
vt 0.29485625 0.28125
vt 0.29485625 0.296875
vt 0.28125 0.296875
vt 0.29115 0.296875
vt 0.28125 0.296875
vt 0.28125 0.28125
vt 0.29115 0.28125
vt 0.293003125 0.296875
vt 0.283103125 0.296875
vt 0.28125 0.28995781249999997
vt 0.29485625 0.28995781249999997
vt 0.29485625 0.296875
vt 0.28125 0.296875
vt 0.283103125 0.28995781249999997
vt 0.293003125 0.28995781249999997
vt 0.28125 0.28125
vt 0.29485625 0.28125
vt 0.29485625 0.296875
vt 0.28125 0.296875
vt 0.29115 0.296875
vt 0.28125 0.296875
vt 0.28125 0.28125
vt 0.29115 0.28125
vt 0.28816765625 0.28512171875000003
vt 0.28816765625 0.2950215625
vt 0.28125 0.296875
vt 0.281250625 0.2832678125
vt 0.2948571875 0.296875
vt 0.28125 0.296875
vt 0.28310390625 0.2899575
vt 0.29300359375 0.28995796875
vt 0.28125 0.28125
vt 0.29485625 0.28125
vt 0.29485625 0.296875
vt 0.28125 0.296875
vt 0.29115 0.296875
vt 0.28125 0.296875
vt 0.28125 0.28125
vt 0.29115 0.28125
vt 0.28816765625 0.28512140625000004
vt 0.28816765625 0.29502125
vt 0.281250625 0.296875
vt 0.28125 0.2832678125
vt 0.2948571875 0.296875
vt 0.28125 0.296875
vt 0.2831034375 0.28995796875
vt 0.29300328125 0.2899575
vt 0.28125 0.28125
vt 0.29485625 0.28125
vt 0.29485625 0.296875
vt 0.28125 0.296875
vt 0.29115 0.296875
vt 0.28125 0.296875
vt 0.28125 0.28125
vt 0.29115 0.28125
vt 0.2881671875 0.28512187499999997
vt 0.2881671875 0.295021875
vt 0.28125 0.296875
vt 0.28125 0.28326874999999996
vt 0.28125 0.296875
vt 0.28125 0.28326874999999996
vt 0.2881671875 0.28512187499999997
vt 0.2881671875 0.295021875
vt 0.28125 0.28125
vt 0.29485625 0.28125
vt 0.29485625 0.296875
vt 0.28125 0.296875
vt 0.29115 0.296875
vt 0.28125 0.296875
vt 0.28125 0.28125
vt 0.29115 0.28125
vt 0.28310375 0.28995734375000004
vt 0.29300359375 0.28995734375000004
vt 0.2948571875 0.296875
vt 0.28125 0.296874375
vt 0.28125 0.296875
vt 0.28125 0.2832678125
vt 0.2881675 0.28512171875000003
vt 0.28816703125 0.2950215625
vt 0.28125 0.28125
vt 0.29485625 0.28125
vt 0.29485625 0.296875
vt 0.28125 0.296875
vt 0.29115 0.296875
vt 0.28125 0.296875
vt 0.28125 0.28125
vt 0.29115 0.28125
vt 0.2831034375 0.28995734375000004
vt 0.29300328125 0.28995734375000004
vt 0.2948571875 0.296874375
vt 0.28125 0.296875
vt 0.28125 0.296875
vt 0.28125 0.2832678125
vt 0.28816703125 0.28512140625000004
vt 0.2881675 0.29502109374999996
vt 0.28125 0.28125
vt 0.29485625 0.28125
vt 0.29485625 0.296875
vt 0.28125 0.296875
vt 0.29115 0.296875
vt 0.28125 0.296875
vt 0.28125 0.28125
vt 0.29115 0.28125
vt 0.283103125 0.28995781249999997
vt 0.293003125 0.28995781249999997
vt 0.29485625 0.296875
vt 0.28125 0.296875
vt 0.28125 0.28995781249999997
vt 0.29485625 0.28995781249999997
vt 0.293003125 0.296875
vt 0.283103125 0.296875
vn 0.5000047549191339 0.8660226585131923 0
vn -0.4999956916624099 -0.8660278911900172 -1.7522308367960474e-16
vn 2.87371910369571e-18 -3.4547170238616073e-16 1
vn 3.7620171963428513e-16 6.515922302131103e-16 -1
vn 0.8660226585131922 0.5000047549191339 6.374498086138453e-17
vn -0.8660278911900172 -0.49999569166240987 -8.761154183980233e-17
vn 2.3476139279252257e-17 -8.761100435120046e-17 1
vn 3.6606442754336843e-16 5.057764638352137e-16 -1
vn 1 0 0
vn -1 0 0
vn -4.695297118660372e-17 -1.7522459353301082e-16 1
vn 6.832346365309845e-17 2.54977498650764e-16 -1
vn 0.8660226585131923 -0.5000047549191339 -1.2748996172276903e-16
vn -0.8660278911900172 0.49999569166240987 8.761154183980235e-17
vn 1.5306314603417172e-16 -1.8953483724829323e-16 1
vn 1.8665798426758293e-16 1.8665798426758296e-16 -1
vn 0.5000047549191339 -0.8660226585131923 0
vn -0.49999569166240987 0.8660278911900174 1.752230836796048e-16
vn -4.982593850062846e-17 -2.6414713853677645e-16 1
vn 4.181684463550474e-18 5.027121991869919e-16 -1
vn 0 -1 0
vn 0 1 2.220446049250313e-16
vn 0 -2.507958400255617e-16 1
vn 0 5.015916800511232e-16 -1
vn -0.5000047549191339 -0.8660226585131923 -1.912349425841536e-16
vn 0.49999569166240987 0.8660278911900174 8.76115418398024e-17
vn 2.87371910369571e-18 -3.4547170238616073e-16 1
vn -1.8665798426758283e-16 1.8665798426758293e-16 -1
vn -0.8660226585131922 -0.5000047549191339 -6.374498086138453e-17
vn 0.8660278911900172 0.49999569166240987 4.3805770919901173e-17
vn 2.3476139279252257e-17 -8.761100435120046e-17 1
vn -6.832388582181182e-17 2.54979074149382e-16 -1
vn -1 0 0
vn 1 0 0
vn -4.695297118660372e-17 -1.7522459353301082e-16 1
vn -4.33268216398025e-16 2.54977498650764e-16 -1
vn -0.8660226585131923 0.5000047549191339 0
vn 0.8660278911900172 -0.49999569166240987 -8.761154183980237e-17
vn 1.5306314603417172e-16 -1.8953483724829323e-16 1
vn -4.649342459455275e-16 5.62859703901868e-16 -1
vn -0.5000047549191339 0.8660226585131922 1.912349425841536e-16
vn 0.4999956916624099 -0.8660278911900172 -1.7522308367960477e-16
vn -4.982593850062846e-17 -2.6414713853677645e-16 1
vn -2.5079738968583164e-16 4.3438831336518024e-16 -1
vn 0 1 2.2204460492503136e-16
vn 0 -1 -2.220446049250313e-16
vn 0 -2.507958400255617e-16 1
vn 0 5.015916800511234e-16 -1
usemtl m_3d215661-f591-00a8-53e2-d8d611c756be
f 1544/5077/1303 1548/5078/1303 1549/5079/1303 1545/5080/1303
f 1547/5081/1304 1551/5082/1304 1550/5083/1304 1546/5084/1304
f 1546/5085/1305 1550/5086/1305 1548/5087/1305 1544/5088/1305
f 1545/5089/1306 1549/5090/1306 1551/5091/1306 1547/5092/1306
f 1548/5093/1307 1552/5094/1307 1553/5095/1307 1549/5096/1307
f 1551/5097/1308 1555/5098/1308 1554/5099/1308 1550/5100/1308
f 1550/5101/1309 1554/5102/1309 1552/5103/1309 1548/5104/1309
f 1549/5105/1310 1553/5106/1310 1555/5107/1310 1551/5108/1310
f 1552/5109/1311 1556/5110/1311 1557/5111/1311 1553/5112/1311
f 1555/5113/1312 1559/5114/1312 1558/5115/1312 1554/5116/1312
f 1554/5117/1313 1558/5118/1313 1556/5119/1313 1552/5120/1313
f 1553/5121/1314 1557/5122/1314 1559/5123/1314 1555/5124/1314
f 1556/5125/1315 1560/5126/1315 1561/5127/1315 1557/5128/1315
f 1559/5129/1316 1563/5130/1316 1562/5131/1316 1558/5132/1316
f 1558/5133/1317 1562/5134/1317 1560/5135/1317 1556/5136/1317
f 1557/5137/1318 1561/5138/1318 1563/5139/1318 1559/5140/1318
f 1560/5141/1319 1564/5142/1319 1565/5143/1319 1561/5144/1319
f 1563/5145/1320 1567/5146/1320 1566/5147/1320 1562/5148/1320
f 1562/5149/1321 1566/5150/1321 1564/5151/1321 1560/5152/1321
f 1561/5153/1322 1565/5154/1322 1567/5155/1322 1563/5156/1322
f 1564/5157/1323 1568/5158/1323 1569/5159/1323 1565/5160/1323
f 1567/5161/1324 1571/5162/1324 1570/5163/1324 1566/5164/1324
f 1566/5165/1325 1570/5166/1325 1568/5167/1325 1564/5168/1325
f 1565/5169/1326 1569/5170/1326 1571/5171/1326 1567/5172/1326
f 1568/5173/1327 1572/5174/1327 1573/5175/1327 1569/5176/1327
f 1571/5177/1328 1575/5178/1328 1574/5179/1328 1570/5180/1328
f 1570/5181/1329 1574/5182/1329 1572/5183/1329 1568/5184/1329
f 1569/5185/1330 1573/5186/1330 1575/5187/1330 1571/5188/1330
f 1572/5189/1331 1576/5190/1331 1577/5191/1331 1573/5192/1331
f 1575/5193/1332 1579/5194/1332 1578/5195/1332 1574/5196/1332
f 1574/5197/1333 1578/5198/1333 1576/5199/1333 1572/5200/1333
f 1573/5201/1334 1577/5202/1334 1579/5203/1334 1575/5204/1334
f 1576/5205/1335 1580/5206/1335 1581/5207/1335 1577/5208/1335
f 1579/5209/1336 1583/5210/1336 1582/5211/1336 1578/5212/1336
f 1578/5213/1337 1582/5214/1337 1580/5215/1337 1576/5216/1337
f 1577/5217/1338 1581/5218/1338 1583/5219/1338 1579/5220/1338
f 1580/5221/1339 1584/5222/1339 1585/5223/1339 1581/5224/1339
f 1583/5225/1340 1587/5226/1340 1586/5227/1340 1582/5228/1340
f 1582/5229/1341 1586/5230/1341 1584/5231/1341 1580/5232/1341
f 1581/5233/1342 1585/5234/1342 1587/5235/1342 1583/5236/1342
f 1584/5237/1343 1588/5238/1343 1589/5239/1343 1585/5240/1343
f 1587/5241/1344 1591/5242/1344 1590/5243/1344 1586/5244/1344
f 1586/5245/1345 1590/5246/1345 1588/5247/1345 1584/5248/1345
f 1585/5249/1346 1589/5250/1346 1591/5251/1346 1587/5252/1346
f 1588/5253/1347 1544/5254/1347 1545/5255/1347 1589/5256/1347
f 1591/5257/1348 1547/5258/1348 1546/5259/1348 1590/5260/1348
f 1590/5261/1349 1546/5262/1349 1544/5263/1349 1588/5264/1349
f 1589/5265/1350 1545/5266/1350 1547/5267/1350 1591/5268/1350
o tube
v 0.15221375 4.3828125 -0.375
v 0.15221375 4.3828125 -0.4375
v 0.1448 4.355145 -0.375
v 0.1448 4.355145 -0.4375
v 0.19934875000000002 4.35559875 -0.375
v 0.19934875000000002 4.35559875 -0.4375
v 0.179095 4.335345 -0.375
v 0.179095 4.335345 -0.4375
v 0.2265625 4.30846375 -0.375
v 0.2265625 4.30846375 -0.4375
v 0.198895 4.30105 -0.375
v 0.198895 4.30105 -0.4375
v 0.2265625 4.25403625 -0.375
v 0.2265625 4.25403625 -0.4375
v 0.198895 4.26145 -0.375
v 0.198895 4.26145 -0.4375
v 0.19934875000000002 4.20690125 -0.375
v 0.19934875000000002 4.20690125 -0.4375
v 0.179095 4.227155 -0.375
v 0.179095 4.227155 -0.4375
v 0.15221375 4.1796875 -0.375
v 0.15221375 4.1796875 -0.4375
v 0.1448 4.207355 -0.375
v 0.1448 4.207355 -0.4375
v 0.09778625 4.1796875 -0.375
v 0.09778625 4.1796875 -0.4375
v 0.1052 4.207355 -0.375
v 0.1052 4.207355 -0.4375
v 0.050651249999999995 4.20690125 -0.375
v 0.050651249999999995 4.20690125 -0.4375
v 0.070905 4.227155 -0.375
v 0.070905 4.227155 -0.4375
v 0.0234375 4.25403625 -0.375
v 0.0234375 4.25403625 -0.4375
v 0.051105 4.26145 -0.375
v 0.051105 4.26145 -0.4375
v 0.0234375 4.30846375 -0.375
v 0.0234375 4.30846375 -0.4375
v 0.051105 4.30105 -0.375
v 0.051105 4.30105 -0.4375
v 0.050651249999999995 4.35559875 -0.375
v 0.050651249999999995 4.35559875 -0.4375
v 0.070905 4.335345 -0.375
v 0.070905 4.335345 -0.4375
v 0.09778625 4.3828125 -0.375
v 0.09778625 4.3828125 -0.4375
v 0.1052 4.355145 -0.375
v 0.1052 4.355145 -0.4375
vt 0.28125 0.28125
vt 0.29485625 0.28125
vt 0.29485625 0.296875
vt 0.28125 0.296875
vt 0.29115 0.296875
vt 0.28125 0.296875
vt 0.28125 0.28125
vt 0.29115 0.28125
vt 0.28125 0.29502125
vt 0.28125 0.28512140625000004
vt 0.28816765625 0.2832678125
vt 0.28816703125 0.296875
vt 0.28125 0.2899575
vt 0.2948571875 0.2899575
vt 0.29300328125 0.296875
vt 0.2831034375 0.29687453124999996
vt 0.28125 0.28125
vt 0.29485625 0.28125
vt 0.29485625 0.296875
vt 0.28125 0.296875
vt 0.29115 0.296875
vt 0.28125 0.296875
vt 0.28125 0.28125
vt 0.29115 0.28125
vt 0.28125 0.2950215625
vt 0.28125 0.28512171875000003
vt 0.28816703125 0.2832678125
vt 0.28816765625 0.296875
vt 0.28125 0.2899575
vt 0.2948571875 0.2899575
vt 0.29300359375 0.29687453124999996
vt 0.28310390625 0.296875
vt 0.28125 0.28125
vt 0.29485625 0.28125
vt 0.29485625 0.296875
vt 0.28125 0.296875
vt 0.29115 0.296875
vt 0.28125 0.296875
vt 0.28125 0.28125
vt 0.29115 0.28125
vt 0.28125 0.295021875
vt 0.28125 0.28512187499999997
vt 0.2881671875 0.28326874999999996
vt 0.2881671875 0.296875
vt 0.2881671875 0.28326874999999996
vt 0.2881671875 0.296875
vt 0.28125 0.295021875
vt 0.28125 0.28512187499999997
vt 0.28125 0.28125
vt 0.29485625 0.28125
vt 0.29485625 0.296875
vt 0.28125 0.296875
vt 0.29115 0.296875
vt 0.28125 0.296875
vt 0.28125 0.28125
vt 0.29115 0.28125
vt 0.29300328125 0.296875
vt 0.2831034375 0.296875
vt 0.28125 0.28995734375000004
vt 0.2948571875 0.28995796875
vt 0.2881675 0.2832678125
vt 0.2881675 0.296875
vt 0.28125 0.29502109374999996
vt 0.28125046875 0.28512140625000004
vt 0.28125 0.28125
vt 0.29485625 0.28125
vt 0.29485625 0.296875
vt 0.28125 0.296875
vt 0.29115 0.296875
vt 0.28125 0.296875
vt 0.28125 0.28125
vt 0.29115 0.28125
vt 0.29300359375 0.296875
vt 0.28310375 0.296875
vt 0.28125 0.28995796875
vt 0.2948571875 0.28995734375000004
vt 0.2881675 0.2832678125
vt 0.2881675 0.296875
vt 0.28125046875 0.2950215625
vt 0.28125 0.28512171875000003
vt 0.28125 0.28125
vt 0.29485625 0.28125
vt 0.29485625 0.296875
vt 0.28125 0.296875
vt 0.29115 0.296875
vt 0.28125 0.296875
vt 0.28125 0.28125
vt 0.29115 0.28125
vt 0.293003125 0.296875
vt 0.283103125 0.296875
vt 0.28125 0.28995781249999997
vt 0.29485625 0.28995781249999997
vt 0.29485625 0.296875
vt 0.28125 0.296875
vt 0.283103125 0.28995781249999997
vt 0.293003125 0.28995781249999997
vt 0.28125 0.28125
vt 0.29485625 0.28125
vt 0.29485625 0.296875
vt 0.28125 0.296875
vt 0.29115 0.296875
vt 0.28125 0.296875
vt 0.28125 0.28125
vt 0.29115 0.28125
vt 0.28816765625 0.28512171875000003
vt 0.28816765625 0.2950215625
vt 0.28125 0.296875
vt 0.281250625 0.2832678125
vt 0.2948571875 0.296875
vt 0.28125 0.296875
vt 0.28310390625 0.2899575
vt 0.29300359375 0.28995796875
vt 0.28125 0.28125
vt 0.29485625 0.28125
vt 0.29485625 0.296875
vt 0.28125 0.296875
vt 0.29115 0.296875
vt 0.28125 0.296875
vt 0.28125 0.28125
vt 0.29115 0.28125
vt 0.28816765625 0.28512140625000004
vt 0.28816765625 0.29502125
vt 0.281250625 0.296875
vt 0.28125 0.2832678125
vt 0.2948571875 0.296875
vt 0.28125 0.296875
vt 0.2831034375 0.28995796875
vt 0.29300328125 0.2899575
vt 0.28125 0.28125
vt 0.29485625 0.28125
vt 0.29485625 0.296875
vt 0.28125 0.296875
vt 0.29115 0.296875
vt 0.28125 0.296875
vt 0.28125 0.28125
vt 0.29115 0.28125
vt 0.2881671875 0.28512187499999997
vt 0.2881671875 0.295021875
vt 0.28125 0.296875
vt 0.28125 0.28326874999999996
vt 0.28125 0.296875
vt 0.28125 0.28326874999999996
vt 0.2881671875 0.28512187499999997
vt 0.2881671875 0.295021875
vt 0.28125 0.28125
vt 0.29485625 0.28125
vt 0.29485625 0.296875
vt 0.28125 0.296875
vt 0.29115 0.296875
vt 0.28125 0.296875
vt 0.28125 0.28125
vt 0.29115 0.28125
vt 0.28310375 0.28995734375000004
vt 0.29300359375 0.28995734375000004
vt 0.2948571875 0.296875
vt 0.28125 0.296874375
vt 0.28125 0.296875
vt 0.28125 0.2832678125
vt 0.2881675 0.28512171875000003
vt 0.28816703125 0.2950215625
vt 0.28125 0.28125
vt 0.29485625 0.28125
vt 0.29485625 0.296875
vt 0.28125 0.296875
vt 0.29115 0.296875
vt 0.28125 0.296875
vt 0.28125 0.28125
vt 0.29115 0.28125
vt 0.2831034375 0.28995734375000004
vt 0.29300328125 0.28995734375000004
vt 0.2948571875 0.296874375
vt 0.28125 0.296875
vt 0.28125 0.296875
vt 0.28125 0.2832678125
vt 0.28816703125 0.28512140625000004
vt 0.2881675 0.29502109374999996
vt 0.28125 0.28125
vt 0.29485625 0.28125
vt 0.29485625 0.296875
vt 0.28125 0.296875
vt 0.29115 0.296875
vt 0.28125 0.296875
vt 0.28125 0.28125
vt 0.29115 0.28125
vt 0.283103125 0.28995781249999997
vt 0.293003125 0.28995781249999997
vt 0.29485625 0.296875
vt 0.28125 0.296875
vt 0.28125 0.28995781249999997
vt 0.29485625 0.28995781249999997
vt 0.293003125 0.296875
vt 0.283103125 0.296875
vn 0.5000047549191339 0.8660226585131923 0
vn -0.4999956916624099 -0.8660278911900172 -1.7522308367960474e-16
vn 2.87371910369571e-18 -3.4547170238616073e-16 1
vn 3.7620171963428513e-16 6.515922302131103e-16 -1
vn 0.8660226585131922 0.5000047549191339 6.374498086138453e-17
vn -0.8660278911900172 -0.49999569166240987 -8.761154183980233e-17
vn 2.3476139279252257e-17 -8.761100435120046e-17 1
vn 3.6606442754336843e-16 5.057764638352137e-16 -1
vn 1 0 0
vn -1 0 0
vn -4.695297118660372e-17 -1.7522459353301082e-16 1
vn 6.832346365309845e-17 2.54977498650764e-16 -1
vn 0.8660226585131923 -0.5000047549191339 -1.2748996172276903e-16
vn -0.8660278911900172 0.49999569166240987 8.761154183980235e-17
vn 1.5306314603417172e-16 -1.8953483724829323e-16 1
vn 1.8665798426758293e-16 1.8665798426758296e-16 -1
vn 0.5000047549191339 -0.8660226585131923 0
vn -0.49999569166240987 0.8660278911900174 1.752230836796048e-16
vn -4.982593850062846e-17 -2.6414713853677645e-16 1
vn 4.181684463550474e-18 5.027121991869919e-16 -1
vn 0 -1 0
vn 0 1 2.220446049250313e-16
vn 0 -2.507958400255617e-16 1
vn 0 5.015916800511232e-16 -1
vn -0.5000047549191339 -0.8660226585131923 -1.912349425841536e-16
vn 0.49999569166240987 0.8660278911900174 8.76115418398024e-17
vn 2.87371910369571e-18 -3.4547170238616073e-16 1
vn -1.8665798426758283e-16 1.8665798426758293e-16 -1
vn -0.8660226585131922 -0.5000047549191339 -6.374498086138453e-17
vn 0.8660278911900172 0.49999569166240987 4.3805770919901173e-17
vn 2.3476139279252257e-17 -8.761100435120046e-17 1
vn -6.832388582181182e-17 2.54979074149382e-16 -1
vn -1 0 0
vn 1 0 0
vn -4.695297118660372e-17 -1.7522459353301082e-16 1
vn -4.33268216398025e-16 2.54977498650764e-16 -1
vn -0.8660226585131923 0.5000047549191339 0
vn 0.8660278911900172 -0.49999569166240987 -8.761154183980237e-17
vn 1.5306314603417172e-16 -1.8953483724829323e-16 1
vn -4.649342459455275e-16 5.62859703901868e-16 -1
vn -0.5000047549191339 0.8660226585131922 1.912349425841536e-16
vn 0.4999956916624099 -0.8660278911900172 -1.7522308367960477e-16
vn -4.982593850062846e-17 -2.6414713853677645e-16 1
vn -2.5079738968583164e-16 4.3438831336518024e-16 -1
vn 0 1 2.2204460492503136e-16
vn 0 -1 -2.220446049250313e-16
vn 0 -2.507958400255617e-16 1
vn 0 5.015916800511234e-16 -1
usemtl m_3d215661-f591-00a8-53e2-d8d611c756be
f 1592/5269/1351 1596/5270/1351 1597/5271/1351 1593/5272/1351
f 1595/5273/1352 1599/5274/1352 1598/5275/1352 1594/5276/1352
f 1594/5277/1353 1598/5278/1353 1596/5279/1353 1592/5280/1353
f 1593/5281/1354 1597/5282/1354 1599/5283/1354 1595/5284/1354
f 1596/5285/1355 1600/5286/1355 1601/5287/1355 1597/5288/1355
f 1599/5289/1356 1603/5290/1356 1602/5291/1356 1598/5292/1356
f 1598/5293/1357 1602/5294/1357 1600/5295/1357 1596/5296/1357
f 1597/5297/1358 1601/5298/1358 1603/5299/1358 1599/5300/1358
f 1600/5301/1359 1604/5302/1359 1605/5303/1359 1601/5304/1359
f 1603/5305/1360 1607/5306/1360 1606/5307/1360 1602/5308/1360
f 1602/5309/1361 1606/5310/1361 1604/5311/1361 1600/5312/1361
f 1601/5313/1362 1605/5314/1362 1607/5315/1362 1603/5316/1362
f 1604/5317/1363 1608/5318/1363 1609/5319/1363 1605/5320/1363
f 1607/5321/1364 1611/5322/1364 1610/5323/1364 1606/5324/1364
f 1606/5325/1365 1610/5326/1365 1608/5327/1365 1604/5328/1365
f 1605/5329/1366 1609/5330/1366 1611/5331/1366 1607/5332/1366
f 1608/5333/1367 1612/5334/1367 1613/5335/1367 1609/5336/1367
f 1611/5337/1368 1615/5338/1368 1614/5339/1368 1610/5340/1368
f 1610/5341/1369 1614/5342/1369 1612/5343/1369 1608/5344/1369
f 1609/5345/1370 1613/5346/1370 1615/5347/1370 1611/5348/1370
f 1612/5349/1371 1616/5350/1371 1617/5351/1371 1613/5352/1371
f 1615/5353/1372 1619/5354/1372 1618/5355/1372 1614/5356/1372
f 1614/5357/1373 1618/5358/1373 1616/5359/1373 1612/5360/1373
f 1613/5361/1374 1617/5362/1374 1619/5363/1374 1615/5364/1374
f 1616/5365/1375 1620/5366/1375 1621/5367/1375 1617/5368/1375
f 1619/5369/1376 1623/5370/1376 1622/5371/1376 1618/5372/1376
f 1618/5373/1377 1622/5374/1377 1620/5375/1377 1616/5376/1377
f 1617/5377/1378 1621/5378/1378 1623/5379/1378 1619/5380/1378
f 1620/5381/1379 1624/5382/1379 1625/5383/1379 1621/5384/1379
f 1623/5385/1380 1627/5386/1380 1626/5387/1380 1622/5388/1380
f 1622/5389/1381 1626/5390/1381 1624/5391/1381 1620/5392/1381
f 1621/5393/1382 1625/5394/1382 1627/5395/1382 1623/5396/1382
f 1624/5397/1383 1628/5398/1383 1629/5399/1383 1625/5400/1383
f 1627/5401/1384 1631/5402/1384 1630/5403/1384 1626/5404/1384
f 1626/5405/1385 1630/5406/1385 1628/5407/1385 1624/5408/1385
f 1625/5409/1386 1629/5410/1386 1631/5411/1386 1627/5412/1386
f 1628/5413/1387 1632/5414/1387 1633/5415/1387 1629/5416/1387
f 1631/5417/1388 1635/5418/1388 1634/5419/1388 1630/5420/1388
f 1630/5421/1389 1634/5422/1389 1632/5423/1389 1628/5424/1389
f 1629/5425/1390 1633/5426/1390 1635/5427/1390 1631/5428/1390
f 1632/5429/1391 1636/5430/1391 1637/5431/1391 1633/5432/1391
f 1635/5433/1392 1639/5434/1392 1638/5435/1392 1634/5436/1392
f 1634/5437/1393 1638/5438/1393 1636/5439/1393 1632/5440/1393
f 1633/5441/1394 1637/5442/1394 1639/5443/1394 1635/5444/1394
f 1636/5445/1395 1592/5446/1395 1593/5447/1395 1637/5448/1395
f 1639/5449/1396 1595/5450/1396 1594/5451/1396 1638/5452/1396
f 1638/5453/1397 1594/5454/1397 1592/5455/1397 1636/5456/1397
f 1637/5457/1398 1593/5458/1398 1595/5459/1398 1639/5460/1398
o circle
v 0.125 4.28125 -0.415625
v 0.15012 4.375 -0.415625
v 0.19363 4.34988 -0.415625
v 0.21875 4.30637 -0.415625
v 0.21875 4.25613 -0.415625
v 0.19363 4.21262 -0.415625
v 0.15012 4.1875 -0.415625
v 0.09988 4.1875 -0.415625
v 0.05637 4.21262 -0.415625
v 0.03125 4.25613 -0.415625
v 0.03125 4.30637 -0.415625
v 0.05637 4.34988 -0.415625
v 0.09988 4.375 -0.415625
vt 0.3247625 0.6752374999999999
vt 0.375 0.7622625000000001
vt 0.1875 0.8125
vt 0.375 0.7622625000000001
vt 0.375 0.8627374999999999
vt 0.1875 0.8125
vt 0.375 0.8627374999999999
vt 0.3247625 0.9497625
vt 0.1875 0.8125
vt 0.3247625 0.9497625
vt 0.2377375 1
vt 0.1875 0.8125
vt 0.2377375 1
vt 0.1372625 1
vt 0.1875 0.8125
vt 0.1372625 1
vt 0.0502375 0.9497625
vt 0.1875 0.8125
vt 0.0502375 0.9497625
vt 0 0.8627374999999999
vt 0.1875 0.8125
vt 0 0.8627374999999999
vt 0 0.7622625000000001
vt 0.1875 0.8125
vt 0 0.7622625000000001
vt 0.0502375 0.6752374999999999
vt 0.1875 0.8125
vt 0.0502375 0.6752374999999999
vt 0.1372625 0.625
vt 0.1875 0.8125
vt 0.1372625 0.625
vt 0.2377375 0.625
vt 0.1875 0.8125
vt 0.2377375 0.625
vt 0.3247625 0.6752374999999999
vt 0.1875 0.8125
vn -1.1730369563575763e-17 1.12836211089253e-16 -1
vn 0 6.905746321563724e-17 -1
vn 1.173036956357576e-17 1.12836211089253e-16 -1
vn 6.409901158068214e-17 1.6520485310635936e-16 -1
vn 0 1.4802973661668756e-16 -1
vn -6.409901158068214e-17 1.6520485310635936e-16 -1
vn -1.1730369563575763e-17 1.12836211089253e-16 -1
vn 0 6.905746321563724e-17 -1
vn 1.173036956357576e-17 1.12836211089253e-16 -1
vn 6.409901158068214e-17 1.6520485310635936e-16 -1
vn 0 1.4802973661668756e-16 -1
vn -6.409901158068214e-17 1.6520485310635936e-16 -1
usemtl m_ac3999ef-95b5-0d58-6ef6-8589e28d3a01
f 1642/5461/1399 1643/5462/1399 1640/5463/1399
f 1643/5464/1400 1644/5465/1400 1640/5466/1400
f 1644/5467/1401 1645/5468/1401 1640/5469/1401
f 1645/5470/1402 1646/5471/1402 1640/5472/1402
f 1646/5473/1403 1647/5474/1403 1640/5475/1403
f 1647/5476/1404 1648/5477/1404 1640/5478/1404
f 1648/5479/1405 1649/5480/1405 1640/5481/1405
f 1649/5482/1406 1650/5483/1406 1640/5484/1406
f 1650/5485/1407 1651/5486/1407 1640/5487/1407
f 1651/5488/1408 1652/5489/1408 1640/5490/1408
f 1652/5491/1409 1641/5492/1409 1640/5493/1409
f 1641/5494/1410 1642/5495/1410 1640/5496/1410