# Made in Blockbench 5.1.4
mtllib hv_hp_vr.mtl

o cube
v 0.09375 2.125 -0.125
v 0.09375 2.125 -0.25
v 0.09375 1.0625 -0.125
v 0.09375 1.0625 -0.25
v -0.09375 2.125 -0.125
v -0.09375 2.125 -0.25
v -0.09375 1.0625 -0.125
v -0.09375 1.0625 -0.25
v 0.06875 1.75 0.0625
v 0.06875 1.75 -0.125
v 0.06875 1.6875 0.0625
v 0.06875 1.6875 -0.125
v -0.05625 1.75 0.0625
v -0.05625 1.75 -0.125
v -0.05625 1.6875 0.0625
v -0.05625 1.6875 -0.125
v 0.06875 1.25 0.125
v 0.06875 1.25 -0.125
v 0.06875 1.1875 0.125
v 0.06875 1.1875 -0.125
v -0.05625 1.25 0.125
v -0.05625 1.25 -0.125
v -0.05625 1.1875 0.125
v -0.05625 1.1875 -0.125
v 0.09375 1.0625 0.0625
v 0.09375 2.125 0.1875
v 0.09375 2.125 0.0625
v 0.09375 1.0625 0.1875
v -0.09375 2.125 0.1875
v -0.09375 2.125 0.0625
v -0.09375 1.0625 0.1875
v -0.09375 1.0625 0.0625
v 0.06875 2.75 0.0625
v 0.06875 2.75 -0.125
v 0.06875 2.6875 0.0625
v 0.06875 2.6875 -0.125
v -0.05625 2.75 0.0625
v -0.05625 2.75 -0.125
v -0.05625 2.6875 0.0625
v -0.05625 2.6875 -0.125
v 0.06875 2.25 0.0625
v 0.06875 2.25 -0.125
v 0.06875 2.1875 0.0625
v 0.06875 2.1875 -0.125
v -0.05625 2.25 0.0625
v -0.05625 2.25 -0.125
v -0.05625 2.1875 0.0625
v -0.05625 2.1875 -0.125
v 0.09375 3.125 -0.125
v 0.09375 3.125 -0.25
v -0.09375 3.125 -0.125
v -0.09375 3.125 -0.25
v 0.09375 3.125 0.1875
v 0.09375 3.125 0.0625
v -0.09375 3.125 0.1875
v -0.09375 3.125 0.0625
v 0.09375 4.125 -0.125
v 0.09375 4.125 -0.25
v -0.09375 4.125 -0.125
v -0.09375 4.125 -0.25
v 0.09375 4.125 0.1875
v 0.09375 4.125 0.0625
v -0.09375 4.125 0.1875
v -0.09375 4.125 0.0625
v 0.06875 3.75 0.0625
v 0.06875 3.75 -0.125
v 0.06875 3.6875 0.0625
v 0.06875 3.6875 -0.125
v -0.05625 3.75 0.0625
v -0.05625 3.75 -0.125
v -0.05625 3.6875 0.0625
v -0.05625 3.6875 -0.125
v 0.06875 3.25 0.0625
v 0.06875 3.25 -0.125
v 0.06875 3.1875 0.0625
v 0.06875 3.1875 -0.125
v -0.05625 3.25 0.0625
v -0.05625 3.25 -0.125
v -0.05625 3.1875 0.0625
v -0.05625 3.1875 -0.125
v 0.09375 5.1875 -0.125
v 0.09375 5.1875 -0.25
v -0.09375 5.1875 -0.125
v -0.09375 5.1875 -0.25
v 0.09375 5.1875 0.1875
v 0.09375 5.1875 0.0625
v -0.09375 5.1875 0.1875
v -0.09375 5.1875 0.0625
v 0.06875 4.75 0.0625
v 0.06875 4.75 -0.125
v 0.06875 4.6875 0.0625
v 0.06875 4.6875 -0.125
v -0.05625 4.75 0.0625
v -0.05625 4.75 -0.125
v -0.05625 4.6875 0.0625
v -0.05625 4.6875 -0.125
v 0.06875 4.25 0.0625
v 0.06875 4.25 -0.125
v 0.06875 4.1875 0.0625
v 0.06875 4.1875 -0.125
v -0.05625 4.25 0.0625
v -0.05625 4.25 -0.125
v -0.05625 4.1875 0.0625
v -0.05625 4.1875 -0.125
v 0.09375 5.8125 -0.125
v 0.09375 5.8125 -0.25
v -0.09375 5.8125 -0.125
v -0.09375 5.8125 -0.25
v 0.09375 5.8125 0.1875
v 0.09375 5.8125 0.0625
v -0.09375 5.8125 0.1875
v -0.09375 5.8125 0.0625
v 0.06875 5.8125 0.0625
v 0.06875 5.8125 -0.125
v 0.06875 5.75 0.0625
v 0.06875 5.75 -0.125
v -0.05625 5.8125 0.0625
v -0.05625 5.8125 -0.125
v -0.05625 5.75 0.0625
v -0.05625 5.75 -0.125
v 0.06875 5.3125 0.0625
v 0.06875 5.3125 -0.125
v 0.06875 5.25 0.0625
v 0.06875 5.25 -0.125
v -0.05625 5.3125 0.0625
v -0.05625 5.3125 -0.125
v -0.05625 5.25 0.0625
v -0.05625 5.25 -0.125
v 0.375 0.25 0.375
v 0.375 0.25 -0.375
v 0.375 -0.1875 0.375
v 0.375 -0.1875 -0.375
v -0.375 0.25 0.375
v -0.375 0.25 -0.375
v -0.375 -0.1875 0.375
v -0.375 -0.1875 -0.375
v 0.3125 0.3125 0.3125
v 0.3125 0.3125 -0.3125
v 0.3125 0.25 0.3125
v 0.3125 0.25 -0.3125
v -0.3125 0.3125 0.3125
v -0.3125 0.3125 -0.3125
v -0.3125 0.25 0.3125
v -0.3125 0.25 -0.3125
v 0.08173650111207942 1.1151901117674297 -0.128125
v 0.08173650111207942 1.1151901117674297 -0.246875
v 0.34055554621460016 0.14926428547836135 -0.128125
v 0.34055554621460016 0.14926428547836135 -0.246875
v -0.0993745913171209 1.066661540810707 -0.128125
v -0.0993745913171209 1.066661540810707 -0.246875
v 0.15944445378539984 0.10073571452163876 -0.128125
v 0.15944445378539984 0.10073571452163876 -0.246875
v 0.0993745913171209 1.066661540810707 -0.13125
v 0.0993745913171209 1.066661540810707 -0.24375
v -0.15944445378539984 0.10073571452163876 -0.13125
v -0.15944445378539984 0.10073571452163876 -0.24375
v -0.08173650111207942 1.1151901117674297 -0.13125
v -0.08173650111207942 1.1151901117674297 -0.24375
v -0.34055554621460016 0.14926428547836135 -0.13125
v -0.34055554621460016 0.14926428547836135 -0.24375
v 0.08173650111207942 1.1151901117674297 0.184375
v 0.08173650111207942 1.1151901117674297 0.06562499999999999
v 0.34055554621460016 0.14926428547836135 0.184375
v 0.34055554621460016 0.14926428547836135 0.06562499999999999
v -0.0993745913171209 1.066661540810707 0.184375
v -0.0993745913171209 1.066661540810707 0.06562499999999999
v 0.15944445378539984 0.10073571452163876 0.184375
v 0.15944445378539984 0.10073571452163876 0.06562499999999999
v 0.0993745913171209 1.066661540810707 0.18125000000000002
v 0.0993745913171209 1.066661540810707 0.06874999999999998
v -0.15944445378539984 0.10073571452163876 0.18125000000000002
v -0.15944445378539984 0.10073571452163876 0.06874999999999998
v -0.08173650111207942 1.1151901117674297 0.18125000000000002
v -0.08173650111207942 1.1151901117674297 0.06874999999999998
v -0.34055554621460016 0.14926428547836135 0.18125000000000002
v -0.34055554621460016 0.14926428547836135 0.06874999999999998
v 0.3125 1.375 0.4375
v 0.3125 1.375 0
v 0.3125 0.5 0.4375
v 0.3125 0.5 0
v -0.3125 1.375 0.4375
v -0.3125 1.375 0
v -0.3125 0.5 0.4375
v -0.3125 0.5 0
v 0.09375 3 -0.25
v 0.09375 3 -0.3125
v 0.09375 1.1875 -0.25
v 0.09375 1.1875 -0.3125
v -0.09375 3 -0.25
v -0.09375 3 -0.3125
v -0.09375 1.1875 -0.25
v -0.09375 1.1875 -0.3125
v 0.109375 3.890625 -0.25
v 0.109375 3.890625 -0.28125
v 0.109375 3.640625 -0.25
v 0.109375 3.640625 -0.28125
v -0.109375 3.890625 -0.25
v -0.109375 3.890625 -0.28125
v -0.109375 3.640625 -0.25
v -0.109375 3.640625 -0.28125
v 0.375 7.25 -0.375
v 0.375 7.25 -0.4375
v 0.375 6.375 -0.375
v 0.375 6.375 -0.4375
v -0.375 7.25 -0.375
v -0.375 7.25 -0.4375
v -0.375 6.375 -0.375
v -0.375 6.375 -0.4375
v 0.375 5.8125 -0.375
v 0.375 5.8125 -0.4375
v -0.375 5.8125 -0.375
v -0.375 5.8125 -0.4375
v 0.25 7.375 -0.375
v 0.25 7.375 -0.4375
v 0.25 7.25 -0.375
v 0.25 7.25 -0.4375
v -0.25 7.375 -0.375
v -0.25 7.375 -0.4375
v -0.25 7.25 -0.375
v -0.25 7.25 -0.4375
v 0.37499973721942326 7.249999809560398 -0.36875
v 0.37499973721942326 7.249999809560398 -0.43125
v 0.28661138957110477 7.16161146191208 -0.36875
v 0.28661138957110477 7.16161146191208 -0.43125
v 0.25000005209169496 7.374999494688127 -0.36875
v 0.25000005209169496 7.374999494688127 -0.43125
v 0.16161170444337647 7.2866111470398085 -0.36875
v 0.16161170444337647 7.2866111470398085 -0.43125
v -0.37499993662986486 7.249999610149957 -0.43125
v -0.24999980956039816 7.374999737219423 -0.36875
v -0.24999980956039816 7.374999737219423 -0.43125
v -0.16161146191207967 7.286611389571105 -0.36875
v -0.16161146191207967 7.286611389571105 -0.43125
v -0.37499993662986486 7.249999610149957 -0.36875
v -0.2866115889815464 7.161611262501639 -0.36875
v -0.2866115889815464 7.161611262501639 -0.43125
v 0.265625 6.90625 -0.25
v 0.265625 6.90625 -0.375
v 0.265625 6.71875 -0.25
v 0.265625 6.71875 -0.375
v 0.078125 6.90625 -0.25
v 0.078125 6.90625 -0.375
v 0.078125 6.71875 -0.25
v 0.078125 6.71875 -0.375
v 0.234375 6.328125 -0.25
v 0.234375 6.328125 -0.375
v 0.234375 6.203125 -0.25
v 0.234375 6.203125 -0.375
v 0.109375 6.328125 -0.25
v 0.109375 6.328125 -0.375
v 0.109375 6.203125 -0.25
v 0.109375 6.203125 -0.375
v -0.109375 6.640625 -0.25
v -0.109375 6.640625 -0.375
v -0.109375 6.515625 -0.25
v -0.109375 6.515625 -0.375
v -0.234375 6.640625 -0.25
v -0.234375 6.640625 -0.375
v -0.234375 6.515625 -0.25
v -0.234375 6.515625 -0.375
v -0.078125 6.90625 -0.25
v -0.078125 6.90625 -0.375
v -0.078125 6.71875 -0.25
v -0.078125 6.71875 -0.375
v -0.265625 6.90625 -0.25
v -0.265625 6.90625 -0.375
v -0.265625 6.71875 -0.25
v -0.265625 6.71875 -0.375
v 0.3125 7.3125 -0.3125
v 0.3125 7.3125 -0.375
v 0.3125 7.25 -0.3125
v 0.3125 7.25 -0.375
v -0.3125 7.3125 -0.3125
v -0.3125 7.3125 -0.375
v -0.3125 7.25 -0.3125
v -0.3125 7.25 -0.375
v 0.1875 6.8125 -0.3125
v 0.1875 6.8125 -0.375
v 0.1875 6.75 -0.3125
v 0.1875 6.75 -0.375
v -0.1875 6.8125 -0.3125
v -0.1875 6.8125 -0.375
v -0.1875 6.75 -0.3125
v -0.1875 6.75 -0.375
v 0.16506912035787763 6.729979674479157 -0.3125
v 0.16506912035787763 6.729979674479157 -0.375
v 0.10297087937809093 6.737054875339652 -0.3125
v 0.10297087937809093 6.737054875339652 -0.375
v 0.20752032552084265 7.102569120357877 -0.3125
v 0.20752032552084265 7.102569120357877 -0.375
v 0.14542208454105593 7.109644321218372 -0.3125
v 0.14542208454105593 7.109644321218372 -0.375
v -0.14743087964212237 6.542479674479157 -0.3125
v -0.14743087964212237 6.542479674479157 -0.375
v -0.20952912062190907 6.549554875339652 -0.3125
v -0.20952912062190907 6.549554875339652 -0.375
v -0.11382367555477507 6.837446319133144 -0.3125
v -0.11382367555477507 6.837446319133144 -0.375
v -0.17592191653456177 6.844521519993639 -0.3125
v -0.17592191653456177 6.844521519993639 -0.375
v 0.1753334819723345 6.812916403057937 -0.3125
v 0.1753334819723345 6.812916403057937 -0.375
v 0.2080480224963365 6.063630236871544 -0.3125
v 0.2080480224963365 6.063630236871544 -0.375
v 0.11289296812346838 6.810190191347604 -0.3125
v 0.11289296812346838 6.810190191347604 -0.375
v 0.14560750864747038 6.060904025161211 -0.3125
v 0.14560750864747038 6.060904025161211 -0.375
v 0.3125 5.35 -0.30625
v 0.3125 5.35 -0.36875
v 0.3125 5.31875 -0.30625
v 0.3125 5.31875 -0.36875
v -0.3125 5.35 -0.30625
v -0.3125 5.35 -0.36875
v -0.3125 5.31875 -0.30625
v -0.3125 5.31875 -0.36875
v 0.265625 7.203125 -0.25
v 0.265625 7.203125 -0.375
v 0.265625 7.015625 -0.25
v 0.265625 7.015625 -0.375
v 0.078125 7.203125 -0.25
v 0.078125 7.203125 -0.375
v 0.078125 7.015625 -0.25
v 0.078125 7.015625 -0.375
v 0.265625 6.109375 -0.25
v 0.265625 6.109375 -0.375
v 0.265625 5.921875 -0.25
v 0.265625 5.921875 -0.375
v 0.078125 6.109375 -0.25
v 0.078125 6.109375 -0.375
v 0.078125 5.921875 -0.25
v 0.078125 5.921875 -0.375
v -0.1875 6.75 0.5
v -0.25 6.75 -0.234375
v -0.1875 6.6875 0.5
v -0.25 6.6875 -0.234375
v -0.25 6.75 0.5
v -0.3125 6.75 -0.234375
v -0.25 6.6875 0.5
v -0.3125 6.6875 -0.234375
v 0.25 6.75 0.5
v 0.3125 6.75 -0.234375
v 0.25 6.6875 0.5
v 0.3125 6.6875 -0.234375
v 0.1875 6.75 0.5
v 0.25 6.75 -0.234375
v 0.1875 6.6875 0.5
v 0.25 6.6875 -0.234375
v 0.25 6.75 0.4375
v 0.25 6.6875 0.4375
v -0.25 6.75 0.4375
v -0.25 6.6875 0.4375
v 0.25 5.875 0.5
v 0.25 5.875 -0.375
v 0.25 5.8125 0.5
v 0.25 5.8125 -0.375
v -0.25 5.875 0.5
v -0.25 5.875 -0.375
v -0.25 5.8125 0.5
v -0.25 5.8125 -0.375
v 0.071875 5.828125 0.296875
v 0.071875 5.828125 0.1875
v 0.071875 5.765625 0.296875
v 0.071875 5.765625 0.1875
v -0.071875 5.828125 0.296875
v -0.071875 5.828125 0.1875
v -0.071875 5.765625 0.296875
v -0.071875 5.765625 0.1875
v 0.078125 5.867343927173422 0.4622929423709574
v 0.078125 5.795523364417271 0.17423639863277096
v 0.078125 5.806700444281172 0.4774130608459367
v 0.078125 5.73487988152502 0.18935651710775026
v -0.078125 5.867343927173422 0.4622929423709574
v -0.078125 5.795523364417271 0.17423639863277096
v -0.078125 5.806700444281172 0.4774130608459367
v -0.078125 5.73487988152502 0.18935651710775026
v 0.25 5.875 0.4375
v 0.1875 6.6875 0.4375
v 0.1875 5.875 0.5
v 0.1875 5.875 0.4375
v -0.1875 6.6875 0.4375
v -0.1875 5.875 0.5
v -0.1875 5.875 0.4375
v -0.25 5.875 0.4375
v 0.34375 5.8125 -0.3125
v 0.34375 5.8125 -0.375
v 0.34375 5.3125 -0.3125
v 0.34375 5.3125 -0.375
v 0.3125 5.8125 -0.3125
v 0.3125 5.8125 -0.375
v 0.3125 5.3125 -0.3125
v 0.3125 5.3125 -0.375
v -0.3125 5.8125 -0.3125
v -0.3125 5.8125 -0.375
v -0.3125 5.3125 -0.3125
v -0.3125 5.3125 -0.375
v -0.34375 5.8125 -0.3125
v -0.34375 5.8125 -0.375
v -0.34375 5.3125 -0.3125
v -0.34375 5.3125 -0.375
v 0.0625 5.375 -0.25
v 0.0625 5.375 -0.5
v 0.0625 5.3125 -0.25
v 0.0625 5.3125 -0.5
v -0.0625 5.375 -0.25
v -0.0625 5.375 -0.5
v -0.0625 5.3125 -0.25
v -0.0625 5.3125 -0.5
v 0.04999999999999999 5.3125 -0.25
v 0.04999999999999999 5.3125 -0.375
v 0.04999999999999999 5.25 -0.25
v 0.04999999999999999 5.25 -0.375
v -0.04999999999999999 5.3125 -0.25
v -0.04999999999999999 5.3125 -0.375
v -0.04999999999999999 5.25 -0.25
v -0.04999999999999999 5.25 -0.375
v 0.05625 5.238368091822523 -0.1898137303927247
v 0.05625 5.381874378959432 -0.5362685550844573
v 0.05625 5.180625621040568 -0.2137314449155428
v 0.05625 5.324131908177477 -0.5601862696072752
v -0.05625 5.238368091822523 -0.1898137303927247
v -0.05625 5.381874378959432 -0.5362685550844573
v -0.05625 5.180625621040568 -0.2137314449155428
v -0.05625 5.324131908177477 -0.5601862696072752
v 0.203125 5.6875 -0.5
v 0.203125 5.6875 -0.625
v 0.203125 5.3125 -0.5
v 0.203125 5.3125 -0.625
v -0.203125 5.6875 -0.5
v -0.203125 5.6875 -0.625
v -0.203125 5.3125 -0.5
v -0.203125 5.3125 -0.625
v 0.046875 5.65625 -0.625
v 0.046875 5.65625 -0.8125
v 0.046875 5.625 -0.625
v 0.046875 5.625 -0.8125
v -0.046875 5.65625 -0.625
v -0.046875 5.65625 -0.8125
v -0.046875 5.625 -0.625
v -0.046875 5.625 -0.8125
v -0.049084708691207846 5.653098056339526 -0.75
v -0.02698762177912823 5.631000969427447 -0.625
v -0.02698762177912823 5.631000969427447 -0.75
v -0.08223033905932725 5.619952425971407 -0.625
v -0.08223033905932725 5.619952425971407 -0.75
v -0.06013325214724764 5.597855339059327 -0.625
v -0.06013325214724764 5.597855339059327 -0.75
v 0 5.578125 -0.65625
v 0.01465375 5.5234375 -0.65625
v 0.04003375 5.53809125 -0.65625
v 0.0546875 5.56347125 -0.65625
v 0.0546875 5.59277875 -0.65625
v 0.04003375 5.61815875 -0.65625
v 0.01465375 5.6328125 -0.65625
v -0.01465375 5.6328125 -0.65625
v -0.04003375 5.61815875 -0.65625
v -0.0546875 5.59277875 -0.65625
v -0.0546875 5.56347125 -0.65625
v -0.04003375 5.53809125 -0.65625
v -0.01465375 5.5234375 -0.65625
v 0.016746875 5.515625 -0.671875
v 0.016746875 5.515625 -0.609375
v 0.008964375 5.54467 -0.671875
v 0.008964375 5.54467 -0.609375
v 0.045753125 5.532371875 -0.671875
v 0.045753125 5.532371875 -0.609375
v 0.024490625 5.553634375 -0.671875
v 0.024490625 5.553634375 -0.609375
v 0.0625 5.561378125 -0.671875
v 0.0625 5.561378125 -0.609375
v 0.033455 5.569160625 -0.671875
v 0.033455 5.569160625 -0.609375
v 0.0625 5.594871875 -0.671875
v 0.0625 5.594871875 -0.609375
v 0.033455 5.587089375 -0.671875
v 0.033455 5.587089375 -0.609375
v 0.045753125 5.623878125 -0.671875
v 0.045753125 5.623878125 -0.609375
v 0.024490625 5.602615625 -0.671875
v 0.024490625 5.602615625 -0.609375
v 0.016746875 5.640625 -0.671875
v 0.016746875 5.640625 -0.609375
v 0.008964375 5.61158 -0.671875
v 0.008964375 5.61158 -0.609375
v -0.016746875 5.640625 -0.671875
v -0.016746875 5.640625 -0.609375
v -0.008964375 5.61158 -0.671875
v -0.008964375 5.61158 -0.609375
v -0.045753125 5.623878125 -0.671875
v -0.045753125 5.623878125 -0.609375
v -0.024490625 5.602615625 -0.671875
v -0.024490625 5.602615625 -0.609375
v -0.0625 5.594871875 -0.671875
v -0.0625 5.594871875 -0.609375
v -0.033455 5.587089375 -0.671875
v -0.033455 5.587089375 -0.609375
v -0.0625 5.561378125 -0.671875
v -0.0625 5.561378125 -0.609375
v -0.033455 5.569160625 -0.671875
v -0.033455 5.569160625 -0.609375
v -0.045753125 5.532371875 -0.671875
v -0.045753125 5.532371875 -0.609375
v -0.024490625 5.553634375 -0.671875
v -0.024490625 5.553634375 -0.609375
v -0.016746875 5.515625 -0.671875
v -0.016746875 5.515625 -0.609375
v -0.008964375 5.54467 -0.671875
v -0.008964375 5.54467 -0.609375
v 0.08412596942744667 5.618056795603287 -0.625
v 0.08412596942744667 5.618056795603287 -0.75
v 0.062028882515367055 5.595959708691208 -0.625
v 0.062028882515367055 5.595959708691208 -0.75
v 0.05098033905932726 5.651202425971407 -0.625
v 0.05098033905932726 5.651202425971407 -0.75
v 0.028883252147247643 5.629105339059327 -0.625
v 0.028883252147247643 5.629105339059327 -0.75
v 0.15625 5.46875 -0.625
v 0.15625 5.46875 -0.8125
v 0.15625 5.4375 -0.625
v 0.15625 5.4375 -0.8125
v 0.0625 5.46875 -0.625
v 0.0625 5.46875 -0.8125
v 0.0625 5.4375 -0.625
v 0.0625 5.4375 -0.8125
v 0.060290291308792154 5.465598056339526 -0.75
v 0.08238737822087178 5.443500969427447 -0.625
v 0.08238737822087178 5.443500969427447 -0.75
v 0.027144660940672742 5.432452425971407 -0.625
v 0.027144660940672742 5.432452425971407 -0.75
v 0.04924174785275236 5.410355339059327 -0.625
v 0.04924174785275236 5.410355339059327 -0.75
v 0.19350096942744666 5.430556795603287 -0.625
v 0.19350096942744666 5.430556795603287 -0.75
v 0.17140388251536706 5.408459708691208 -0.625
v 0.17140388251536706 5.408459708691208 -0.75
v 0.16035533905932725 5.463702425971407 -0.625
v 0.16035533905932725 5.463702425971407 -0.75
v 0.13825825214724763 5.441605339059327 -0.625
v 0.13825825214724763 5.441605339059327 -0.75
v 0.126121875 5.328125 -0.671875
v 0.126121875 5.328125 -0.609375
v 0.118339375 5.35717 -0.671875
v 0.118339375 5.35717 -0.609375
v 0.155128125 5.344871875 -0.671875
v 0.155128125 5.344871875 -0.609375
v 0.133865625 5.366134375 -0.671875
v 0.133865625 5.366134375 -0.609375
v 0.171875 5.373878125 -0.671875
v 0.171875 5.373878125 -0.609375
v 0.14283 5.381660625 -0.671875
v 0.14283 5.381660625 -0.609375
v 0.171875 5.407371875 -0.671875
v 0.171875 5.407371875 -0.609375
v 0.14283 5.399589375 -0.671875
v 0.14283 5.399589375 -0.609375
v 0.155128125 5.436378125 -0.671875
v 0.155128125 5.436378125 -0.609375
v 0.133865625 5.415115625 -0.671875
v 0.133865625 5.415115625 -0.609375
v 0.126121875 5.453125 -0.671875
v 0.126121875 5.453125 -0.609375
v 0.118339375 5.42408 -0.671875
v 0.118339375 5.42408 -0.609375
v 0.092628125 5.453125 -0.671875
v 0.092628125 5.453125 -0.609375
v 0.100410625 5.42408 -0.671875
v 0.100410625 5.42408 -0.609375
v 0.063621875 5.436378125 -0.671875
v 0.063621875 5.436378125 -0.609375
v 0.084884375 5.415115625 -0.671875
v 0.084884375 5.415115625 -0.609375
v 0.046875 5.407371875 -0.671875
v 0.046875 5.407371875 -0.609375
v 0.07592 5.399589375 -0.671875
v 0.07592 5.399589375 -0.609375
v 0.046875 5.373878125 -0.671875
v 0.046875 5.373878125 -0.609375
v 0.07592 5.381660625 -0.671875
v 0.07592 5.381660625 -0.609375
v 0.063621875 5.344871875 -0.671875
v 0.063621875 5.344871875 -0.609375
v 0.084884375 5.366134375 -0.671875
v 0.084884375 5.366134375 -0.609375
v 0.092628125 5.328125 -0.671875
v 0.092628125 5.328125 -0.609375
v 0.100410625 5.35717 -0.671875
v 0.100410625 5.35717 -0.609375
v 0.109375 5.390625 -0.65625
v 0.12402875 5.3359375 -0.65625
v 0.14940875 5.35059125 -0.65625
v 0.1640625 5.37597125 -0.65625
v 0.1640625 5.40527875 -0.65625
v 0.14940875 5.43065875 -0.65625
v 0.12402875 5.4453125 -0.65625
v 0.09472125 5.4453125 -0.65625
v 0.06934125 5.43065875 -0.65625
v 0.0546875 5.40527875 -0.65625
v 0.0546875 5.37597125 -0.65625
v 0.06934125 5.35059125 -0.65625
v 0.09472125 5.3359375 -0.65625
v -0.0625 5.46875 -0.625
v -0.0625 5.46875 -0.8125
v -0.0625 5.4375 -0.625
v -0.0625 5.4375 -0.8125
v -0.15625 5.46875 -0.625
v -0.15625 5.46875 -0.8125
v -0.15625 5.4375 -0.625
v -0.15625 5.4375 -0.8125
v -0.15845970869120785 5.465598056339526 -0.75
v -0.13636262177912822 5.443500969427447 -0.625
v -0.13636262177912822 5.443500969427447 -0.75
v -0.19160533905932725 5.432452425971407 -0.625
v -0.19160533905932725 5.432452425971407 -0.75
v -0.16950825214724763 5.410355339059327 -0.625
v -0.16950825214724763 5.410355339059327 -0.75
v -0.02524903057255333 5.430556795603287 -0.625
v -0.02524903057255333 5.430556795603287 -0.75
v -0.047346117484632945 5.408459708691208 -0.625
v -0.047346117484632945 5.408459708691208 -0.75
v -0.05839466094067274 5.463702425971407 -0.625
v -0.05839466094067274 5.463702425971407 -0.75
v -0.08049174785275236 5.441605339059327 -0.625
v -0.08049174785275236 5.441605339059327 -0.75
v -0.092628125 5.328125 -0.671875
v -0.092628125 5.328125 -0.609375
v -0.100410625 5.35717 -0.671875
v -0.100410625 5.35717 -0.609375
v -0.063621875 5.344871875 -0.671875
v -0.063621875 5.344871875 -0.609375
v -0.084884375 5.366134375 -0.671875
v -0.084884375 5.366134375 -0.609375
v -0.046875 5.373878125 -0.671875
v -0.046875 5.373878125 -0.609375
v -0.07592 5.381660625 -0.671875
v -0.07592 5.381660625 -0.609375
v -0.046875 5.407371875 -0.671875
v -0.046875 5.407371875 -0.609375
v -0.07592 5.399589375 -0.671875
v -0.07592 5.399589375 -0.609375
v -0.063621875 5.436378125 -0.671875
v -0.063621875 5.436378125 -0.609375
v -0.084884375 5.415115625 -0.671875
v -0.084884375 5.415115625 -0.609375
v -0.092628125 5.453125 -0.671875
v -0.092628125 5.453125 -0.609375
v -0.100410625 5.42408 -0.671875
v -0.100410625 5.42408 -0.609375
v -0.126121875 5.453125 -0.671875
v -0.126121875 5.453125 -0.609375
v -0.118339375 5.42408 -0.671875
v -0.118339375 5.42408 -0.609375
v -0.155128125 5.436378125 -0.671875
v -0.155128125 5.436378125 -0.609375
v -0.133865625 5.415115625 -0.671875
v -0.133865625 5.415115625 -0.609375
v -0.171875 5.407371875 -0.671875
v -0.171875 5.407371875 -0.609375
v -0.14283 5.399589375 -0.671875
v -0.14283 5.399589375 -0.609375
v -0.171875 5.373878125 -0.671875
v -0.171875 5.373878125 -0.609375
v -0.14283 5.381660625 -0.671875
v -0.14283 5.381660625 -0.609375
v -0.155128125 5.344871875 -0.671875
v -0.155128125 5.344871875 -0.609375
v -0.133865625 5.366134375 -0.671875
v -0.133865625 5.366134375 -0.609375
v -0.126121875 5.328125 -0.671875
v -0.126121875 5.328125 -0.609375
v -0.118339375 5.35717 -0.671875
v -0.118339375 5.35717 -0.609375
v -0.109375 5.390625 -0.65625
v -0.09472125 5.3359375 -0.65625
v -0.06934125 5.35059125 -0.65625
v -0.0546875 5.37597125 -0.65625
v -0.0546875 5.40527875 -0.65625
v -0.06934125 5.43065875 -0.65625
v -0.09472125 5.4453125 -0.65625
v -0.12402875 5.4453125 -0.65625
v -0.14940875 5.43065875 -0.65625
v -0.1640625 5.40527875 -0.65625
v -0.1640625 5.37597125 -0.65625
v -0.14940875 5.35059125 -0.65625
v -0.12402875 5.3359375 -0.65625
v 0.171875 7.125 -0.478125
v 0.196995 7.21875 -0.478125
v 0.240505 7.19363 -0.478125
v 0.265625 7.15012 -0.478125
v 0.265625 7.09988 -0.478125
v 0.240505 7.05637 -0.478125
v 0.196995 7.03125 -0.478125
v 0.146755 7.03125 -0.478125
v 0.103245 7.05637 -0.478125
v 0.078125 7.09988 -0.478125
v 0.078125 7.15012 -0.478125
v 0.103245 7.19363 -0.478125
v 0.146755 7.21875 -0.478125
v 0.19908875 7.2265625 -0.4375
v 0.19908875 7.2265625 -0.5
v 0.191675 7.198895 -0.4375
v 0.191675 7.198895 -0.5
v 0.24622375000000002 7.19934875 -0.4375
v 0.24622375000000002 7.19934875 -0.5
v 0.22597 7.179095 -0.4375
v 0.22597 7.179095 -0.5
v 0.2734375 7.15221375 -0.4375
v 0.2734375 7.15221375 -0.5
v 0.24577 7.1448 -0.4375
v 0.24577 7.1448 -0.5
v 0.2734375 7.09778625 -0.4375
v 0.2734375 7.09778625 -0.5
v 0.24577 7.1052 -0.4375
v 0.24577 7.1052 -0.5
v 0.24622375000000002 7.05065125 -0.4375
v 0.24622375000000002 7.05065125 -0.5
v 0.22597 7.070905 -0.4375
v 0.22597 7.070905 -0.5
v 0.19908875 7.0234375 -0.4375
v 0.19908875 7.0234375 -0.5
v 0.191675 7.051105 -0.4375
v 0.191675 7.051105 -0.5
v 0.14466125 7.0234375 -0.4375
v 0.14466125 7.0234375 -0.5
v 0.152075 7.051105 -0.4375
v 0.152075 7.051105 -0.5
v 0.09752625 7.05065125 -0.4375
v 0.09752625 7.05065125 -0.5
v 0.11778 7.070905 -0.4375
v 0.11778 7.070905 -0.5
v 0.0703125 7.09778625 -0.4375
v 0.0703125 7.09778625 -0.5
v 0.09798 7.1052 -0.4375
v 0.09798 7.1052 -0.5
v 0.0703125 7.15221375 -0.4375
v 0.0703125 7.15221375 -0.5
v 0.09798 7.1448 -0.4375
v 0.09798 7.1448 -0.5
v 0.09752625 7.19934875 -0.4375
v 0.09752625 7.19934875 -0.5
v 0.11778 7.179095 -0.4375
v 0.11778 7.179095 -0.5
v 0.14466125 7.2265625 -0.4375
v 0.14466125 7.2265625 -0.5
v 0.152075 7.198895 -0.4375
v 0.152075 7.198895 -0.5
v 0.171875 6.015625 -0.47812499999999997
v 0.196995 6.109375 -0.47812499999999997
v 0.240505 6.084255 -0.47812499999999997
v 0.265625 6.040745 -0.47812499999999997
v 0.265625 5.990505 -0.47812499999999997
v 0.240505 5.946995 -0.47812499999999997
v 0.196995 5.921875 -0.47812499999999997
v 0.146755 5.921875 -0.47812499999999997
v 0.103245 5.946995 -0.47812499999999997
v 0.078125 5.990505 -0.47812499999999997
v 0.078125 6.040745 -0.47812499999999997
v 0.103245 6.084255 -0.47812499999999997
v 0.146755 6.109375 -0.47812499999999997
v 0.19908875 6.1171875 -0.43749999999999994
v 0.19908875 6.1171875 -0.49999999999999994
v 0.191675 6.08952 -0.43749999999999994
v 0.191675 6.08952 -0.49999999999999994
v 0.24622375000000002 6.08997375 -0.43749999999999994
v 0.24622375000000002 6.08997375 -0.49999999999999994
v 0.22597 6.06972 -0.43749999999999994
v 0.22597 6.06972 -0.49999999999999994
v 0.2734375 6.04283875 -0.43749999999999994
v 0.2734375 6.04283875 -0.49999999999999994
v 0.24577 6.035425 -0.43749999999999994
v 0.24577 6.035425 -0.49999999999999994
v 0.2734375 5.98841125 -0.43749999999999994
v 0.2734375 5.98841125 -0.49999999999999994
v 0.24577 5.995825 -0.43749999999999994
v 0.24577 5.995825 -0.49999999999999994
v 0.24622375000000002 5.94127625 -0.43749999999999994
v 0.24622375000000002 5.94127625 -0.49999999999999994
v 0.22597 5.96153 -0.43749999999999994
v 0.22597 5.96153 -0.49999999999999994
v 0.19908875 5.9140625 -0.43749999999999994
v 0.19908875 5.9140625 -0.5
v 0.191675 5.94173 -0.43749999999999994
v 0.191675 5.94173 -0.49999999999999994
v 0.14466125 5.9140625 -0.43749999999999994
v 0.14466125 5.9140625 -0.5
v 0.152075 5.94173 -0.43749999999999994
v 0.152075 5.94173 -0.49999999999999994
v 0.09752625 5.94127625 -0.43749999999999994
v 0.09752625 5.94127625 -0.49999999999999994
v 0.11778 5.96153 -0.43749999999999994
v 0.11778 5.96153 -0.49999999999999994
v 0.0703125 5.98841125 -0.43749999999999994
v 0.0703125 5.98841125 -0.49999999999999994
v 0.09798 5.995825 -0.43749999999999994
v 0.09798 5.995825 -0.49999999999999994
v 0.0703125 6.04283875 -0.43749999999999994
v 0.0703125 6.04283875 -0.49999999999999994
v 0.09798 6.035425 -0.43749999999999994
v 0.09798 6.035425 -0.49999999999999994
v 0.09752625 6.08997375 -0.43749999999999994
v 0.09752625 6.08997375 -0.49999999999999994
v 0.11778 6.06972 -0.43749999999999994
v 0.11778 6.06972 -0.49999999999999994
v 0.14466125 6.1171875 -0.43749999999999994
v 0.14466125 6.1171875 -0.49999999999999994
v 0.152075 6.08952 -0.43749999999999994
v 0.152075 6.08952 -0.49999999999999994
v 0.171875 6.8125 -0.478125
v 0.196995 6.90625 -0.478125
v 0.240505 6.88113 -0.478125
v 0.265625 6.83762 -0.478125
v 0.265625 6.78738 -0.478125
v 0.240505 6.74387 -0.478125
v 0.196995 6.71875 -0.478125
v 0.146755 6.71875 -0.478125
v 0.103245 6.74387 -0.478125
v 0.078125 6.78738 -0.478125
v 0.078125 6.83762 -0.478125
v 0.103245 6.88113 -0.478125
v 0.146755 6.90625 -0.478125
v 0.19908875 6.9140625 -0.4375
v 0.19908875 6.9140625 -0.5
v 0.191675 6.886395 -0.4375
v 0.191675 6.886395 -0.5
v 0.24622375000000002 6.88684875 -0.4375
v 0.24622375000000002 6.88684875 -0.5
v 0.22597 6.866595 -0.4375
v 0.22597 6.866595 -0.5
v 0.2734375 6.83971375 -0.4375
v 0.2734375 6.83971375 -0.5
v 0.24577 6.8323 -0.4375
v 0.24577 6.8323 -0.5
v 0.2734375 6.78528625 -0.4375
v 0.2734375 6.78528625 -0.5
v 0.24577 6.7927 -0.4375
v 0.24577 6.7927 -0.5
v 0.24622375000000002 6.73815125 -0.4375
v 0.24622375000000002 6.73815125 -0.5
v 0.22597 6.758405 -0.4375
v 0.22597 6.758405 -0.5
v 0.19908875 6.7109375 -0.4375
v 0.19908875 6.7109375 -0.5
v 0.191675 6.738605 -0.4375
v 0.191675 6.738605 -0.5
v 0.14466125 6.7109375 -0.4375
v 0.14466125 6.7109375 -0.5
v 0.152075 6.738605 -0.4375
v 0.152075 6.738605 -0.5
v 0.09752625 6.73815125 -0.4375
v 0.09752625 6.73815125 -0.5
v 0.11778 6.758405 -0.4375
v 0.11778 6.758405 -0.5
v 0.0703125 6.78528625 -0.4375
v 0.0703125 6.78528625 -0.5
v 0.09798 6.7927 -0.4375
v 0.09798 6.7927 -0.5
v 0.0703125 6.83971375 -0.4375
v 0.0703125 6.83971375 -0.5
v 0.09798 6.8323 -0.4375
v 0.09798 6.8323 -0.5
v 0.09752625 6.88684875 -0.4375
v 0.09752625 6.88684875 -0.5
v 0.11778 6.866595 -0.4375
v 0.11778 6.866595 -0.5
v 0.14466125 6.9140625 -0.4375
v 0.14466125 6.9140625 -0.5
v 0.152075 6.886395 -0.4375
v 0.152075 6.886395 -0.5
v -0.171875 6.8125 -0.478125
v -0.146755 6.90625 -0.478125
v -0.103245 6.88113 -0.478125
v -0.078125 6.83762 -0.478125
v -0.078125 6.78738 -0.478125
v -0.103245 6.74387 -0.478125
v -0.146755 6.71875 -0.478125
v -0.196995 6.71875 -0.478125
v -0.240505 6.74387 -0.478125
v -0.265625 6.78738 -0.478125
v -0.265625 6.83762 -0.478125
v -0.240505 6.88113 -0.478125
v -0.196995 6.90625 -0.478125
v -0.14466125 6.9140625 -0.4375
v -0.14466125 6.9140625 -0.5
v -0.152075 6.886395 -0.4375
v -0.152075 6.886395 -0.5
v -0.09752625 6.88684875 -0.4375
v -0.09752625 6.88684875 -0.5
v -0.11778 6.866595 -0.4375
v -0.11778 6.866595 -0.5
v -0.0703125 6.83971375 -0.4375
v -0.0703125 6.83971375 -0.5
v -0.09798 6.8323 -0.4375
v -0.09798 6.8323 -0.5
v -0.0703125 6.78528625 -0.4375
v -0.0703125 6.78528625 -0.5
v -0.09798 6.7927 -0.4375
v -0.09798 6.7927 -0.5
v -0.09752625 6.73815125 -0.4375
v -0.09752625 6.73815125 -0.5
v -0.11778 6.758405 -0.4375
v -0.11778 6.758405 -0.5
v -0.14466125 6.7109375 -0.4375
v -0.14466125 6.7109375 -0.5
v -0.152075 6.738605 -0.4375
v -0.152075 6.738605 -0.5
v -0.19908875 6.7109375 -0.4375
v -0.19908875 6.7109375 -0.5
v -0.191675 6.738605 -0.4375
v -0.191675 6.738605 -0.5
v -0.24622375000000002 6.73815125 -0.4375
v -0.24622375000000002 6.73815125 -0.5
v -0.22597 6.758405 -0.4375
v -0.22597 6.758405 -0.5
v -0.2734375 6.78528625 -0.4375
v -0.2734375 6.78528625 -0.5
v -0.24577 6.7927 -0.4375
v -0.24577 6.7927 -0.5
v -0.2734375 6.83971375 -0.4375
v -0.2734375 6.83971375 -0.5
v -0.24577 6.8323 -0.4375
v -0.24577 6.8323 -0.5
v -0.24622375000000002 6.88684875 -0.4375
v -0.24622375000000002 6.88684875 -0.5
v -0.22597 6.866595 -0.4375
v -0.22597 6.866595 -0.5
v -0.19908875 6.9140625 -0.4375
v -0.19908875 6.9140625 -0.5
v -0.191675 6.886395 -0.4375
v -0.191675 6.886395 -0.5
v 0.234375 7.2625 -0.4375
v 0.234375 7.2625 -0.8125
v 0.234375 7.23125 -0.4375
v 0.234375 7.23125 -0.8125
v 0.109375 7.2625 -0.4375
v 0.109375 7.2625 -0.8125
v 0.109375 7.23125 -0.4375
v 0.109375 7.23125 -0.8125
v 0.04308375 7.153124999999999 -0.4375
v 0.04308375 7.153124999999999 -0.5
v 0.04308375 7.089514375 -0.4375
v 0.04308375 7.089514375 -0.5
v 0.011833750000000004 7.153124999999999 -0.4375
v 0.011833750000000004 7.153124999999999 -0.5
v 0.011833750000000004 7.089514375 -0.4375
v 0.011833750000000004 7.089514375 -0.5
v 0.33125 7.153124999999999 -0.4375
v 0.33125 7.153124999999999 -0.5
v 0.33125 7.089514375 -0.4375
v 0.33125 7.089514375 -0.5
v 0.3 7.153124999999999 -0.4375
v 0.3 7.153124999999999 -0.5
v 0.3 7.089514375 -0.4375
v 0.3 7.089514375 -0.5
v 0.234375 6.95 -0.4375
v 0.234375 6.95 -0.8125
v 0.234375 6.91875 -0.4375
v 0.234375 6.91875 -0.8125
v 0.109375 6.95 -0.4375
v 0.109375 6.95 -0.8125
v 0.109375 6.91875 -0.4375
v 0.109375 6.91875 -0.8125
v 0.04308375 6.840624999999999 -0.4375
v 0.04308375 6.840624999999999 -0.5
v 0.04308375 6.777014375 -0.4375
v 0.04308375 6.777014375 -0.5
v 0.011833750000000004 6.840624999999999 -0.4375
v 0.011833750000000004 6.840624999999999 -0.5
v 0.011833750000000004 6.777014375 -0.4375
v 0.011833750000000004 6.777014375 -0.5
v 0.33125 6.840624999999999 -0.4375
v 0.33125 6.840624999999999 -0.5
v 0.33125 6.777014375 -0.4375
v 0.33125 6.777014375 -0.5
v 0.3 6.840624999999999 -0.4375
v 0.3 6.840624999999999 -0.5
v 0.3 6.777014375 -0.4375
v 0.3 6.777014375 -0.5
v -0.109375 6.95 -0.4375
v -0.109375 6.95 -0.8125
v -0.109375 6.91875 -0.4375
v -0.109375 6.91875 -0.8125
v -0.234375 6.95 -0.4375
v -0.234375 6.95 -0.8125
v -0.234375 6.91875 -0.4375
v -0.234375 6.91875 -0.8125
v -0.30066625 6.840624999999999 -0.4375
v -0.30066625 6.840624999999999 -0.5
v -0.30066625 6.777014375 -0.4375
v -0.30066625 6.777014375 -0.5
v -0.33191625 6.840624999999999 -0.4375
v -0.33191625 6.840624999999999 -0.5
v -0.33191625 6.777014375 -0.4375
v -0.33191625 6.777014375 -0.5
v -0.012500000000000011 6.840624999999999 -0.4375
v -0.012500000000000011 6.840624999999999 -0.5
v -0.012500000000000011 6.777014375 -0.4375
v -0.012500000000000011 6.777014375 -0.5
v -0.04375000000000001 6.840624999999999 -0.4375
v -0.04375000000000001 6.840624999999999 -0.5
v -0.04375000000000001 6.777014375 -0.4375
v -0.04375000000000001 6.777014375 -0.5
v 0.234375 6.153125 -0.4375
v 0.234375 6.153125 -0.8125
v 0.234375 6.121875 -0.4375
v 0.234375 6.121875 -0.8125
v 0.109375 6.153125 -0.4375
v 0.109375 6.153125 -0.8125
v 0.109375 6.121875 -0.4375
v 0.109375 6.121875 -0.8125
v 0.04308375 6.043749999999999 -0.4375
v 0.04308375 6.043749999999999 -0.5
v 0.04308375 5.980139375 -0.4375
v 0.04308375 5.980139375 -0.5
v 0.011833750000000004 6.043749999999999 -0.4375
v 0.011833750000000004 6.043749999999999 -0.5
v 0.011833750000000004 5.980139375 -0.4375
v 0.011833750000000004 5.980139375 -0.5
v 0.33125 6.043749999999999 -0.4375
v 0.33125 6.043749999999999 -0.5
v 0.33125 5.980139375 -0.4375
v 0.33125 5.980139375 -0.5
v 0.3 6.043749999999999 -0.4375
v 0.3 6.043749999999999 -0.5
v 0.3 5.980139375 -0.4375
v 0.3 5.980139375 -0.5
v 0.21875 6.34375 -0.4375
v 0.21875 6.34375 -0.75
v 0.21875 6.3125 -0.4375
v 0.21875 6.3125 -0.75
v 0.125 6.34375 -0.4375
v 0.125 6.34375 -0.75
v 0.125 6.3125 -0.4375
v 0.125 6.3125 -0.75
v 0.12279029130879215 6.340598056339526 -0.625
v 0.14488737822087178 6.318500969427447 -0.4375
v 0.14488737822087178 6.318500969427447 -0.625
v 0.08964466094067275 6.307452425971407 -0.4375
v 0.08964466094067275 6.307452425971407 -0.625
v 0.11174174785275236 6.285355339059327 -0.4375
v 0.11174174785275236 6.285355339059327 -0.625
v 0.171875 6.265625 -0.46875
v 0.18652875 6.2109375 -0.46875
v 0.21190875 6.22559125 -0.46875
v 0.2265625 6.25097125 -0.46875
v 0.2265625 6.28027875 -0.46875
v 0.21190875 6.30565875 -0.46875
v 0.18652875 6.3203125 -0.46875
v 0.15722125 6.3203125 -0.46875
v 0.13184125 6.30565875 -0.46875
v 0.1171875 6.28027875 -0.46875
v 0.1171875 6.25097125 -0.46875
v 0.13184125 6.22559125 -0.46875
v 0.15722125 6.2109375 -0.46875
v 0.188621875 6.203125 -0.484375
v 0.188621875 6.203125 -0.421875
v 0.180839375 6.23217 -0.484375
v 0.180839375 6.23217 -0.421875
v 0.217628125 6.219871875 -0.484375
v 0.217628125 6.219871875 -0.421875
v 0.196365625 6.241134375 -0.484375
v 0.196365625 6.241134375 -0.421875
v 0.234375 6.248878125 -0.484375
v 0.234375 6.248878125 -0.421875
v 0.20533 6.256660625 -0.484375
v 0.20533 6.256660625 -0.421875
v 0.234375 6.282371875 -0.484375
v 0.234375 6.282371875 -0.421875
v 0.20533 6.274589375 -0.484375
v 0.20533 6.274589375 -0.421875
v 0.217628125 6.311378125 -0.484375
v 0.217628125 6.311378125 -0.421875
v 0.196365625 6.290115625 -0.484375
v 0.196365625 6.290115625 -0.421875
v 0.188621875 6.328125 -0.484375
v 0.188621875 6.328125 -0.421875
v 0.180839375 6.29908 -0.484375
v 0.180839375 6.29908 -0.421875
v 0.155128125 6.328125 -0.484375
v 0.155128125 6.328125 -0.421875
v 0.162910625 6.29908 -0.484375
v 0.162910625 6.29908 -0.421875
v 0.126121875 6.311378125 -0.484375
v 0.126121875 6.311378125 -0.421875
v 0.147384375 6.290115625 -0.484375
v 0.147384375 6.290115625 -0.421875
v 0.109375 6.282371875 -0.484375
v 0.109375 6.282371875 -0.421875
v 0.13842 6.274589375 -0.484375
v 0.13842 6.274589375 -0.421875
v 0.109375 6.248878125 -0.484375
v 0.109375 6.248878125 -0.421875
v 0.13842 6.256660625 -0.484375
v 0.13842 6.256660625 -0.421875
v 0.126121875 6.219871875 -0.484375
v 0.126121875 6.219871875 -0.421875
v 0.147384375 6.241134375 -0.484375
v 0.147384375 6.241134375 -0.421875
v 0.155128125 6.203125 -0.484375
v 0.155128125 6.203125 -0.421875
v 0.162910625 6.23217 -0.484375
v 0.162910625 6.23217 -0.421875
v 0.25600096942744666 6.305556795603287 -0.4375
v 0.25600096942744666 6.305556795603287 -0.625
v 0.23390388251536706 6.283459708691208 -0.4375
v 0.23390388251536706 6.283459708691208 -0.625
v 0.22285533905932725 6.338702425971407 -0.4375
v 0.22285533905932725 6.338702425971407 -0.625
v 0.20075825214724763 6.316605339059327 -0.4375
v 0.20075825214724763 6.316605339059327 -0.625
v -0.125 6.65625 -0.4375
v -0.125 6.65625 -0.75
v -0.125 6.625 -0.4375
v -0.125 6.625 -0.75
v -0.21875 6.65625 -0.4375
v -0.21875 6.65625 -0.75
v -0.21875 6.625 -0.4375
v -0.21875 6.625 -0.75
v -0.22095970869120785 6.653098056339526 -0.625
v -0.19886262177912822 6.631000969427447 -0.4375
v -0.19886262177912822 6.631000969427447 -0.625
v -0.25410533905932725 6.619952425971407 -0.4375
v -0.25410533905932725 6.619952425971407 -0.625
v -0.23200825214724763 6.597855339059327 -0.4375
v -0.23200825214724763 6.597855339059327 -0.625
v -0.171875 6.578125 -0.46875
v -0.15722125 6.5234375 -0.46875
v -0.13184125 6.53809125 -0.46875
v -0.1171875 6.56347125 -0.46875
v -0.1171875 6.59277875 -0.46875
v -0.13184125 6.61815875 -0.46875
v -0.15722125 6.6328125 -0.46875
v -0.18652875 6.6328125 -0.46875
v -0.21190875 6.61815875 -0.46875
v -0.2265625 6.59277875 -0.46875
v -0.2265625 6.56347125 -0.46875
v -0.21190875 6.53809125 -0.46875
v -0.18652875 6.5234375 -0.46875
v -0.155128125 6.515625 -0.484375
v -0.155128125 6.515625 -0.421875
v -0.162910625 6.54467 -0.484375
v -0.162910625 6.54467 -0.421875
v -0.126121875 6.532371875 -0.484375
v -0.126121875 6.532371875 -0.421875
v -0.147384375 6.553634375 -0.484375
v -0.147384375 6.553634375 -0.421875
v -0.109375 6.561378125 -0.484375
v -0.109375 6.561378125 -0.421875
v -0.13842 6.569160625 -0.484375
v -0.13842 6.569160625 -0.421875
v -0.109375 6.594871875 -0.484375
v -0.109375 6.594871875 -0.421875
v -0.13842 6.587089375 -0.484375
v -0.13842 6.587089375 -0.421875
v -0.126121875 6.623878125 -0.484375
v -0.126121875 6.623878125 -0.421875
v -0.147384375 6.602615625 -0.484375
v -0.147384375 6.602615625 -0.421875
v -0.155128125 6.640625 -0.484375
v -0.155128125 6.640625 -0.421875
v -0.162910625 6.61158 -0.484375
v -0.162910625 6.61158 -0.421875
v -0.188621875 6.640625 -0.484375
v -0.188621875 6.640625 -0.421875
v -0.180839375 6.61158 -0.484375
v -0.180839375 6.61158 -0.421875
v -0.217628125 6.623878125 -0.484375
v -0.217628125 6.623878125 -0.421875
v -0.196365625 6.602615625 -0.484375
v -0.196365625 6.602615625 -0.421875
v -0.234375 6.594871875 -0.484375
v -0.234375 6.594871875 -0.421875
v -0.20533 6.587089375 -0.484375
v -0.20533 6.587089375 -0.421875
v -0.234375 6.561378125 -0.484375
v -0.234375 6.561378125 -0.421875
v -0.20533 6.569160625 -0.484375
v -0.20533 6.569160625 -0.421875
v -0.217628125 6.532371875 -0.484375
v -0.217628125 6.532371875 -0.421875
v -0.196365625 6.553634375 -0.484375
v -0.196365625 6.553634375 -0.421875
v -0.188621875 6.515625 -0.484375
v -0.188621875 6.515625 -0.421875
v -0.180839375 6.54467 -0.484375
v -0.180839375 6.54467 -0.421875
v -0.08774903057255333 6.618056795603287 -0.4375
v -0.08774903057255333 6.618056795603287 -0.625
v -0.10984611748463294 6.595959708691208 -0.4375
v -0.10984611748463294 6.595959708691208 -0.625
v -0.12089466094067275 6.651202425971407 -0.4375
v -0.12089466094067275 6.651202425971407 -0.625
v -0.14299174785275237 6.629105339059327 -0.4375
v -0.14299174785275237 6.629105339059327 -0.625
v 0.125 6.0625 -0.265625
v 0.125 6.0625 -0.375
v 0.125 5.875 -0.265625
v 0.125 5.875 -0.375
v -0.125 6.0625 -0.265625
v -0.125 6.0625 -0.375
v -0.125 5.875 -0.265625
v -0.125 5.875 -0.375
v 0.078125 3.679843927173422 0.4622929423709574
v 0.078125 3.6080233644172703 0.17423639863277096
v 0.078125 3.619200444281172 0.4774130608459367
v 0.078125 3.547379881525021 0.18935651710775026
v -0.078125 3.679843927173422 0.4622929423709574
v -0.078125 3.6080233644172703 0.17423639863277096
v -0.078125 3.619200444281172 0.4774130608459367
v -0.078125 3.547379881525021 0.18935651710775026
v 0.071875 3.640625 0.296875
v 0.071875 3.640625 0.1875
v 0.071875 3.578125 0.296875
v 0.071875 3.578125 0.1875
v -0.071875 3.640625 0.296875
v -0.071875 3.640625 0.1875
v -0.071875 3.578125 0.296875
v -0.071875 3.578125 0.1875
v -0.25 4.5 0.625
v -0.25 4.5 0.5625
v -0.125 3.625 0.5
v -0.125 3.6875 0.4375
v -0.3125 4.5 0.625
v -0.3125 4.5 0.5625
v -0.1875 3.625 0.5
v -0.1875 3.6875 0.4375
v 0.3125 4.5 0.625
v 0.3125 4.5 0.5625
v 0.1875 3.625 0.5
v 0.1875 3.6875 0.4375
v 0.25 4.5 0.625
v 0.25 4.5 0.5625
v 0.125 3.625 0.5
v 0.125 3.6875 0.4375
v 0.25 3.6875 0.5
v 0.25 3.6875 0.1875
v 0.25 3.625 0.5
v 0.25 3.625 0.1875
v -0.25 3.6875 0.5
v -0.25 3.6875 0.1875
v -0.25 3.625 0.5
v -0.25 3.625 0.1875
v -0.25 4.5625 0.625
v -0.3125 4.5625 0.109375
v -0.3125 4.5 0.109375
v -0.3125 4.5625 0.625
v -0.375 4.5625 0.109375
v -0.375 4.5 0.109375
v 0.3125 4.5625 0.625
v 0.375 4.5625 0.109375
v 0.375 4.5 0.109375
v 0.25 4.5625 0.625
v 0.3125 4.5625 0.109375
v 0.3125 4.5 0.109375
v 0.3125 4.5625 0.5625
v -0.3125 4.5625 0.5625
v 0.5966213466261495 4.173905348670488 -0.3125
v 0.5966213466261495 4.173905348670488 -0.375
v 0.4198446513295126 3.9971286533738506 -0.3125
v 0.4198446513295126 3.9971286533738506 -0.375
v 0.44194173824159216 4.328584957055044 -0.3125
v 0.44194173824159216 4.328584957055044 -0.375
v 0.2651650429449553 4.151808261758408 -0.3125
v 0.2651650429449553 4.151808261758408 -0.375
v -0.2651650429449553 5.035691738241592 -0.3125
v -0.2651650429449553 5.035691738241592 -0.375
v -0.44194173824159216 4.858915042944956 -0.3125
v -0.44194173824159216 4.858915042944956 -0.375
v -0.4198446513295126 5.190371346626149 -0.3125
v -0.4198446513295126 5.190371346626149 -0.375
v -0.5966213466261495 5.013594651329512 -0.3125
v -0.5966213466261495 5.013594651329512 -0.375
v -0.109375 5.190625 -0.31875
v -0.109375 5.190625 -0.36875
v -0.109375 5.003125 -0.31875
v -0.109375 5.003125 -0.36875
v -0.421875 5.190625 -0.31875
v -0.421875 5.190625 -0.36875
v -0.421875 5.003125 -0.31875
v -0.421875 5.003125 -0.36875
v 0.109375 3.996875 -0.31875
v 0.109375 3.996875 -0.36875
v 0.109375 4.184375 -0.31875
v 0.109375 4.184375 -0.36875
v 0.421875 3.996875 -0.31875
v 0.421875 3.996875 -0.36875
v 0.421875 4.184375 -0.31875
v 0.421875 4.184375 -0.36875
v -0.5968749999999998 5.015625 -0.31875
v -0.5968749999999998 5.015625 -0.36875
v -0.40937499999999977 5.015625 -0.31875
v -0.40937499999999977 5.015625 -0.36875
v -0.5968749999999998 4.703125 -0.31875
v -0.5968749999999998 4.703125 -0.36875
v -0.4093749999999998 4.703125 -0.31875
v -0.4093749999999998 4.703125 -0.36875
v 0.5968749999999998 4.171875 -0.31875
v 0.5968749999999998 4.171875 -0.36875
v 0.4093749999999999 4.171875 -0.31875
v 0.4093749999999999 4.171875 -0.36875
v 0.5968749999999998 4.484375 -0.31875
v 0.5968749999999998 4.484375 -0.36875
v 0.4093749999999998 4.484375 -0.31875
v 0.4093749999999998 4.484375 -0.36875
v 0.5966213466261494 4.483264565439602 -0.3125
v 0.5966213466261494 4.483264565439602 -0.375
v 0.110485434560398 3.9971286533738506 -0.3125
v 0.110485434560398 3.9971286533738506 -0.375
v -0.110485434560398 5.190371346626149 -0.3125
v -0.110485434560398 5.190371346626149 -0.375
v -0.5966213466261494 4.704235434560398 -0.3125
v -0.5966213466261494 4.704235434560398 -0.375
v 0.33145630368119416 5.013594651329512 -0.3125
v 0.33145630368119416 5.013594651329512 -0.375
v 0.19887378220871652 4.881012129857035 -0.3125
v 0.19887378220871652 4.881012129857035 -0.375
v 0.287262129857035 5.057788825153672 -0.3125
v 0.287262129857035 5.057788825153672 -0.375
v 0.1546796083845573 4.925206303681194 -0.3125
v 0.1546796083845573 4.925206303681194 -0.375
v 0.4640388251536718 4.969400477505353 -0.3125
v 0.4640388251536718 4.969400477505353 -0.375
v 0.2872621298570349 4.792623782208716 -0.3125
v 0.2872621298570349 4.792623782208716 -0.375
v 0.3756504775053534 5.057788825153672 -0.3125
v 0.3756504775053534 5.057788825153672 -0.375
v 0.46403882515367184 4.881012129857035 -0.3125
v 0.46403882515367184 4.881012129857035 -0.375
v 0.33145630368119416 4.748429608384558 -0.3125
v 0.33145630368119416 4.748429608384558 -0.375
v 0.41984465132951265 4.925206303681194 -0.3125
v 0.41984465132951265 4.925206303681194 -0.375
v 0.46403875000000006 4.881011875 -0.30625
v 0.46403875000000006 4.881011875 -0.36875
v 0.40153875 4.881011875 -0.30625
v 0.40153875 4.881011875 -0.36875
v 0.46403875 4.9694 -0.30625
v 0.46403875 4.9694 -0.36875
v 0.40153875 4.9694 -0.30625
v 0.40153875 4.9694 -0.36875
v 0.375650625 5.05778875 -0.30625
v 0.375650625 5.05778875 -0.36875
v 0.375650625 4.99528875 -0.30625
v 0.375650625 4.99528875 -0.36875
v 0.287261875 5.05778875 -0.30625
v 0.287261875 5.05778875 -0.36875
v 0.287261875 4.99528875 -0.30625
v 0.287261875 4.99528875 -0.36875
v -0.3125 4.96875 -0.1875
v -0.3125 4.96875 -0.3125
v -0.3125 4.78125 -0.1875
v -0.3125 4.78125 -0.3125
v -0.5 4.96875 -0.1875
v -0.5 4.96875 -0.3125
v -0.5 4.78125 -0.1875
v -0.5 4.78125 -0.3125
v -0.0625 4.96875 -0.1875
v -0.0625 4.96875 -0.3125
v -0.0625 4.78125 -0.1875
v -0.0625 4.78125 -0.3125
v -0.25 4.96875 -0.1875
v -0.25 4.96875 -0.3125
v -0.25 4.78125 -0.1875
v -0.25 4.78125 -0.3125
v 0.25 4.34375 -0.1875
v 0.25 4.34375 -0.3125
v 0.25 4.15625 -0.1875
v 0.25 4.15625 -0.3125
v 0.0625 4.34375 -0.1875
v 0.0625 4.34375 -0.3125
v 0.0625 4.15625 -0.1875
v 0.0625 4.15625 -0.3125
v 0.5 4.34375 -0.1875
v 0.5 4.34375 -0.3125
v 0.5 4.15625 -0.1875
v 0.5 4.15625 -0.3125
v 0.3125 4.34375 -0.1875
v 0.3125 4.34375 -0.3125
v 0.3125 4.15625 -0.1875
v 0.3125 4.15625 -0.3125
v 0.125 4.4375 -0.25
v 0.125 4.4375 -0.3125
v 0.125 4.25 -0.25
v 0.125 4.25 -0.3125
v -0.125 4.4375 -0.25
v -0.125 4.4375 -0.3125
v -0.125 4.25 -0.25
v -0.125 4.25 -0.3125
v 0.125 4.9375 -0.25
v 0.125 4.9375 -0.3125
v 0.125 4.75 -0.25
v 0.125 4.75 -0.3125
v -0.125 4.9375 -0.25
v -0.125 4.9375 -0.3125
v -0.125 4.75 -0.25
v -0.125 4.75 -0.3125
v -0.078125 5.0125 -0.375
v -0.078125 5.0125 -0.75
v -0.078125 4.98125 -0.375
v -0.078125 4.98125 -0.75
v -0.453125 5.0125 -0.375
v -0.453125 5.0125 -0.75
v -0.453125 4.98125 -0.375
v -0.453125 4.98125 -0.75
v -0.51941625 4.903124999999999 -0.375
v -0.51941625 4.903124999999999 -0.4375
v -0.51941625 4.839514375 -0.375
v -0.51941625 4.839514375 -0.4375
v -0.55066625 4.903124999999999 -0.375
v -0.55066625 4.903124999999999 -0.4375
v -0.55066625 4.839514375 -0.375
v -0.55066625 4.839514375 -0.4375
v 0.01874999999999999 4.903124999999999 -0.375
v 0.01874999999999999 4.903124999999999 -0.4375
v 0.01874999999999999 4.839514375 -0.375
v 0.01874999999999999 4.839514375 -0.4375
v -0.012500000000000011 4.903124999999999 -0.375
v -0.012500000000000011 4.903124999999999 -0.4375
v -0.012500000000000011 4.839514375 -0.375
v -0.012500000000000011 4.839514375 -0.4375
v -0.140625 4.875 -0.415625
v -0.115505 4.96875 -0.415625
v -0.071995 4.94363 -0.415625
v -0.046875 4.90012 -0.415625
v -0.046875 4.84988 -0.415625
v -0.071995 4.80637 -0.415625
v -0.115505 4.78125 -0.415625
v -0.165745 4.78125 -0.415625
v -0.209255 4.80637 -0.415625
v -0.234375 4.84988 -0.415625
v -0.234375 4.90012 -0.415625
v -0.209255 4.94363 -0.415625
v -0.165745 4.96875 -0.415625
v -0.11341125 4.9765625 -0.375
v -0.11341125 4.9765625 -0.4375
v -0.120825 4.948895 -0.375
v -0.120825 4.948895 -0.4375
v -0.06627625 4.94934875 -0.375
v -0.06627625 4.94934875 -0.4375
v -0.08653 4.929095 -0.375
v -0.08653 4.929095 -0.4375
v -0.0390625 4.90221375 -0.375
v -0.0390625 4.90221375 -0.4375
v -0.06673 4.8948 -0.375
v -0.06673 4.8948 -0.4375
v -0.0390625 4.84778625 -0.375
v -0.0390625 4.84778625 -0.4375
v -0.06673 4.8552 -0.375
v -0.06673 4.8552 -0.4375
v -0.06627625 4.80065125 -0.375
v -0.06627625 4.80065125 -0.4375
v -0.08653 4.820905 -0.375
v -0.08653 4.820905 -0.4375
v -0.11341125 4.7734375 -0.375
v -0.11341125 4.7734375 -0.4375
v -0.120825 4.801105 -0.375
v -0.120825 4.801105 -0.4375
v -0.16783875 4.7734375 -0.375
v -0.16783875 4.7734375 -0.4375
v -0.160425 4.801105 -0.375
v -0.160425 4.801105 -0.4375
v -0.21497375000000002 4.80065125 -0.375
v -0.21497375000000002 4.80065125 -0.4375
v -0.19472 4.820905 -0.375
v -0.19472 4.820905 -0.4375
v -0.2421875 4.84778625 -0.375
v -0.2421875 4.84778625 -0.4375
v -0.21452 4.8552 -0.375
v -0.21452 4.8552 -0.4375
v -0.2421875 4.90221375 -0.375
v -0.2421875 4.90221375 -0.4375
v -0.21452 4.8948 -0.375
v -0.21452 4.8948 -0.4375
v -0.21497375000000002 4.94934875 -0.375
v -0.21497375000000002 4.94934875 -0.4375
v -0.19472 4.929095 -0.375
v -0.19472 4.929095 -0.4375
v -0.16783875 4.9765625 -0.375
v -0.16783875 4.9765625 -0.4375
v -0.160425 4.948895 -0.375
v -0.160425 4.948895 -0.4375
v -0.36341125 4.9765625 -0.375
v -0.36341125 4.9765625 -0.4375
v -0.370825 4.948895 -0.375
v -0.370825 4.948895 -0.4375
v -0.31627625 4.94934875 -0.375
v -0.31627625 4.94934875 -0.4375
v -0.33653 4.929095 -0.375
v -0.33653 4.929095 -0.4375
v -0.2890625 4.90221375 -0.375
v -0.2890625 4.90221375 -0.4375
v -0.31673 4.8948 -0.375
v -0.31673 4.8948 -0.4375
v -0.2890625 4.84778625 -0.375
v -0.2890625 4.84778625 -0.4375
v -0.31673 4.8552 -0.375
v -0.31673 4.8552 -0.4375
v -0.31627625 4.80065125 -0.375
v -0.31627625 4.80065125 -0.4375
v -0.33653 4.820905 -0.375
v -0.33653 4.820905 -0.4375
v -0.36341125 4.7734375 -0.375
v -0.36341125 4.7734375 -0.4375
v -0.370825 4.801105 -0.375
v -0.370825 4.801105 -0.4375
v -0.41783875 4.7734375 -0.375
v -0.41783875 4.7734375 -0.4375
v -0.410425 4.801105 -0.375
v -0.410425 4.801105 -0.4375
v -0.46497375 4.80065125 -0.375
v -0.46497375 4.80065125 -0.4375
v -0.44472 4.820905 -0.375
v -0.44472 4.820905 -0.4375
v -0.4921875 4.84778625 -0.375
v -0.4921875 4.84778625 -0.4375
v -0.46452 4.8552 -0.375
v -0.46452 4.8552 -0.4375
v -0.4921875 4.90221375 -0.375
v -0.4921875 4.90221375 -0.4375
v -0.46452 4.8948 -0.375
v -0.46452 4.8948 -0.4375
v -0.46497375 4.94934875 -0.375
v -0.46497375 4.94934875 -0.4375
v -0.44472 4.929095 -0.375
v -0.44472 4.929095 -0.4375
v -0.41783875 4.9765625 -0.375
v -0.41783875 4.9765625 -0.4375
v -0.410425 4.948895 -0.375
v -0.410425 4.948895 -0.4375
v -0.390625 4.875 -0.415625
v -0.365505 4.96875 -0.415625
v -0.32199500000000003 4.94363 -0.415625
v -0.296875 4.90012 -0.415625
v -0.296875 4.84988 -0.415625
v -0.32199500000000003 4.80637 -0.415625
v -0.365505 4.78125 -0.415625
v -0.415745 4.78125 -0.415625
v -0.45925499999999997 4.80637 -0.415625
v -0.484375 4.84988 -0.415625
v -0.484375 4.90012 -0.415625
v -0.45925499999999997 4.94363 -0.415625
v -0.415745 4.96875 -0.415625
v 0.4375 4.41875 -0.375
v 0.4375 4.41875 -0.75
v 0.4375 4.3875 -0.375
v 0.4375 4.3875 -0.75
v 0.0625 4.41875 -0.375
v 0.0625 4.41875 -0.75
v 0.0625 4.3875 -0.375
v 0.0625 4.3875 -0.75
v -0.003791249999999996 4.309374999999999 -0.375
v -0.003791249999999996 4.309374999999999 -0.4375
v -0.003791249999999996 4.245764375 -0.375
v -0.003791249999999996 4.245764375 -0.4375
v -0.035041249999999996 4.309374999999999 -0.375
v -0.035041249999999996 4.309374999999999 -0.4375
v -0.035041249999999996 4.245764375 -0.375
v -0.035041249999999996 4.245764375 -0.4375
v 0.534375 4.309374999999999 -0.375
v 0.534375 4.309374999999999 -0.4375
v 0.534375 4.245764375 -0.375
v 0.534375 4.245764375 -0.4375
v 0.503125 4.309374999999999 -0.375
v 0.503125 4.309374999999999 -0.4375
v 0.503125 4.245764375 -0.375
v 0.503125 4.245764375 -0.4375
v 0.375 4.28125 -0.415625
v 0.40012 4.375 -0.415625
v 0.44362999999999997 4.34988 -0.415625
v 0.46875 4.30637 -0.415625
v 0.46875 4.25613 -0.415625
v 0.44362999999999997 4.21262 -0.415625
v 0.40012 4.1875 -0.415625
v 0.34988 4.1875 -0.415625
v 0.30637000000000003 4.21262 -0.415625
v 0.28125 4.25613 -0.415625
v 0.28125 4.30637 -0.415625
v 0.30637000000000003 4.34988 -0.415625
v 0.34988 4.375 -0.415625
v 0.40221375 4.3828125 -0.375
v 0.40221375 4.3828125 -0.4375
v 0.3948 4.355145 -0.375
v 0.3948 4.355145 -0.4375
v 0.44934875 4.35559875 -0.375
v 0.44934875 4.35559875 -0.4375
v 0.429095 4.335345 -0.375
v 0.429095 4.335345 -0.4375
v 0.4765625 4.30846375 -0.375
v 0.4765625 4.30846375 -0.4375
v 0.448895 4.30105 -0.375
v 0.448895 4.30105 -0.4375
v 0.4765625 4.25403625 -0.375
v 0.4765625 4.25403625 -0.4375
v 0.448895 4.26145 -0.375
v 0.448895 4.26145 -0.4375
v 0.44934875 4.20690125 -0.375
v 0.44934875 4.20690125 -0.4375
v 0.429095 4.227155 -0.375
v 0.429095 4.227155 -0.4375
v 0.40221375 4.1796875 -0.375
v 0.40221375 4.1796875 -0.4375
v 0.3948 4.207355 -0.375
v 0.3948 4.207355 -0.4375
v 0.34778625 4.1796875 -0.375
v 0.34778625 4.1796875 -0.4375
v 0.3552 4.207355 -0.375
v 0.3552 4.207355 -0.4375
v 0.30065125 4.20690125 -0.375
v 0.30065125 4.20690125 -0.4375
v 0.320905 4.227155 -0.375
v 0.320905 4.227155 -0.4375
v 0.2734375 4.25403625 -0.375
v 0.2734375 4.25403625 -0.4375
v 0.301105 4.26145 -0.375
v 0.301105 4.26145 -0.4375
v 0.2734375 4.30846375 -0.375
v 0.2734375 4.30846375 -0.4375
v 0.301105 4.30105 -0.375
v 0.301105 4.30105 -0.4375
v 0.30065125 4.35559875 -0.375
v 0.30065125 4.35559875 -0.4375
v 0.320905 4.335345 -0.375
v 0.320905 4.335345 -0.4375
v 0.34778625 4.3828125 -0.375
v 0.34778625 4.3828125 -0.4375
v 0.3552 4.355145 -0.375
v 0.3552 4.355145 -0.4375
v 0.15221375 4.3828125 -0.375
v 0.15221375 4.3828125 -0.4375
v 0.1448 4.355145 -0.375
v 0.1448 4.355145 -0.4375
v 0.19934875000000002 4.35559875 -0.375
v 0.19934875000000002 4.35559875 -0.4375
v 0.179095 4.335345 -0.375
v 0.179095 4.335345 -0.4375
v 0.2265625 4.30846375 -0.375
v 0.2265625 4.30846375 -0.4375
v 0.198895 4.30105 -0.375
v 0.198895 4.30105 -0.4375
v 0.2265625 4.25403625 -0.375
v 0.2265625 4.25403625 -0.4375
v 0.198895 4.26145 -0.375
v 0.198895 4.26145 -0.4375
v 0.19934875000000002 4.20690125 -0.375
v 0.19934875000000002 4.20690125 -0.4375
v 0.179095 4.227155 -0.375
v 0.179095 4.227155 -0.4375
v 0.15221375 4.1796875 -0.375
v 0.15221375 4.1796875 -0.4375
v 0.1448 4.207355 -0.375
v 0.1448 4.207355 -0.4375
v 0.09778625 4.1796875 -0.375
v 0.09778625 4.1796875 -0.4375
v 0.1052 4.207355 -0.375
v 0.1052 4.207355 -0.4375
v 0.050651249999999995 4.20690125 -0.375
v 0.050651249999999995 4.20690125 -0.4375
v 0.070905 4.227155 -0.375
v 0.070905 4.227155 -0.4375
v 0.0234375 4.25403625 -0.375
v 0.0234375 4.25403625 -0.4375
v 0.051105 4.26145 -0.375
v 0.051105 4.26145 -0.4375
v 0.0234375 4.30846375 -0.375
v 0.0234375 4.30846375 -0.4375
v 0.051105 4.30105 -0.375
v 0.051105 4.30105 -0.4375
v 0.050651249999999995 4.35559875 -0.375
v 0.050651249999999995 4.35559875 -0.4375
v 0.070905 4.335345 -0.375
v 0.070905 4.335345 -0.4375
v 0.09778625 4.3828125 -0.375
v 0.09778625 4.3828125 -0.4375
v 0.1052 4.355145 -0.375
v 0.1052 4.355145 -0.4375
v 0.125 4.28125 -0.415625
v 0.15012 4.375 -0.415625
v 0.19363 4.34988 -0.415625
v 0.21875 4.30637 -0.415625
v 0.21875 4.25613 -0.415625
v 0.19363 4.21262 -0.415625
v 0.15012 4.1875 -0.415625
v 0.09988 4.1875 -0.415625
v 0.05637 4.21262 -0.415625
v 0.03125 4.25613 -0.415625
v 0.03125 4.30637 -0.415625
v 0.05637 4.34988 -0.415625
v 0.09988 4.375 -0.415625
v 0.375 4.984375 -0.375
v 0.375 4.984375 -0.6875
v 0.375 4.953125 -0.375
v 0.375 4.953125 -0.6875
v 0.28125 4.984375 -0.375
v 0.28125 4.984375 -0.6875
v 0.28125 4.953125 -0.375
v 0.28125 4.953125 -0.6875
v 0.27904029130879215 4.981223056339526 -0.5625
v 0.3011373782208718 4.959125969427447 -0.375
v 0.3011373782208718 4.959125969427447 -0.5625
v 0.24589466094067275 4.948077425971407 -0.375
v 0.24589466094067275 4.948077425971407 -0.5625
v 0.26799174785275237 4.925980339059327 -0.375
v 0.26799174785275237 4.925980339059327 -0.5625
v 0.328125 4.90625 -0.40625
v 0.34277875 4.8515625 -0.40625
v 0.36815875 4.86621625 -0.40625
v 0.3828125 4.89159625 -0.40625
v 0.3828125 4.92090375 -0.40625
v 0.36815875 4.94628375 -0.40625
v 0.34277875 4.9609375 -0.40625
v 0.31347125 4.9609375 -0.40625
v 0.28809125 4.94628375 -0.40625
v 0.2734375 4.92090375 -0.40625
v 0.2734375 4.89159625 -0.40625
v 0.28809125 4.86621625 -0.40625
v 0.31347125 4.8515625 -0.40625
v 0.344871875 4.84375 -0.421875
v 0.344871875 4.84375 -0.359375
v 0.337089375 4.872795 -0.421875
v 0.337089375 4.872795 -0.359375
v 0.373878125 4.860496875 -0.421875
v 0.373878125 4.860496875 -0.359375
v 0.352615625 4.881759375 -0.421875
v 0.352615625 4.881759375 -0.359375
v 0.390625 4.889503125 -0.421875
v 0.390625 4.889503125 -0.359375
v 0.36158 4.897285625 -0.421875
v 0.36158 4.897285625 -0.359375
v 0.390625 4.922996875 -0.421875
v 0.390625 4.922996875 -0.359375
v 0.36158 4.915214375 -0.421875
v 0.36158 4.915214375 -0.359375
v 0.373878125 4.952003125 -0.421875
v 0.373878125 4.952003125 -0.359375
v 0.352615625 4.930740625 -0.421875
v 0.352615625 4.930740625 -0.359375
v 0.344871875 4.96875 -0.421875
v 0.344871875 4.96875 -0.359375
v 0.337089375 4.939705 -0.421875
v 0.337089375 4.939705 -0.359375
v 0.311378125 4.96875 -0.421875
v 0.311378125 4.96875 -0.359375
v 0.319160625 4.939705 -0.421875
v 0.319160625 4.939705 -0.359375
v 0.282371875 4.952003125 -0.421875
v 0.282371875 4.952003125 -0.359375
v 0.303634375 4.930740625 -0.421875
v 0.303634375 4.930740625 -0.359375
v 0.265625 4.922996875 -0.421875
v 0.265625 4.922996875 -0.359375
v 0.29467 4.915214375 -0.421875
v 0.29467 4.915214375 -0.359375
v 0.265625 4.889503125 -0.421875
v 0.265625 4.889503125 -0.359375
v 0.29467 4.897285625 -0.421875
v 0.29467 4.897285625 -0.359375
v 0.282371875 4.860496875 -0.421875
v 0.282371875 4.860496875 -0.359375
v 0.303634375 4.881759375 -0.421875
v 0.303634375 4.881759375 -0.359375
v 0.311378125 4.84375 -0.421875
v 0.311378125 4.84375 -0.359375
v 0.319160625 4.872795 -0.421875
v 0.319160625 4.872795 -0.359375
v 0.41225096942744666 4.946181795603287 -0.375
v 0.41225096942744666 4.946181795603287 -0.5625
v 0.39015388251536703 4.924084708691208 -0.375
v 0.39015388251536703 4.924084708691208 -0.5625
v 0.37910533905932725 4.979327425971407 -0.375
v 0.37910533905932725 4.979327425971407 -0.5625
v 0.35700825214724763 4.957230339059327 -0.375
v 0.35700825214724763 4.957230339059327 -0.5625
vt 0.03125 0.75
vt 0.03125 1
vt 0 1
vt 0 0.75
vt 0.03125 0.75
vt 0.03125 1
vt 0 1
vt 0 0.75
vt 0.046875 0.96875
vt 0.046875 1
vt 0 1
vt 0 0.96875
vt 0.046875 0.75
vt 0.046875 1
vt 0 1
vt 0 0.75
vt 0.046875 0.75
vt 0.046875 1
vt 0 1
vt 0 0.75
vt 0.171875 0.9375
vt 0.171875 0.953125
vt 0.109375 0.953125
vt 0.109375 0.9375
vt 0.171875 0.9375
vt 0.171875 0.953125
vt 0.109375 0.953125
vt 0.109375 0.9375
vt 0.028125 0.9375
vt 0.028125 1
vt 0 1
vt 0 0.9375
vt 0.028125 0.9375
vt 0.028125 1
vt 0 1
vt 0 0.9375
vt 0.028125 0.984375
vt 0.028125 1
vt 0 1
vt 0 0.984375
vt 0.028125 0.984375
vt 0.028125 1
vt 0 1
vt 0 0.984375
vt 0.171875 0.9375
vt 0.171875 0.953125
vt 0.109375 0.953125
vt 0.109375 0.9375
vt 0.171875 0.9375
vt 0.171875 0.953125
vt 0.109375 0.953125
vt 0.109375 0.9375
vt 0.028125 0.9375
vt 0.028125 1
vt 0 1
vt 0 0.9375
vt 0.028125 0.9375
vt 0.028125 1
vt 0 1
vt 0 0.9375
vt 0.028125 0.984375
vt 0.028125 1
vt 0 1
vt 0 0.984375
vt 0.028125 0.984375
vt 0.028125 1
vt 0 1
vt 0 0.984375
vt 0.03125 0.734375
vt 0.03125 1
vt 0 1
vt 0 0.734375
vt 0.03125 0.734375
vt 0.03125 1
vt 0 1
vt 0 0.734375
vt 0.046875 0.96875
vt 0.046875 1
vt 0 1
vt 0 0.96875
vt 0.046875 0.734375
vt 0.046875 1
vt 0 1
vt 0 0.734375
vt 0.046875 0.734375
vt 0.046875 1
vt 0 1
vt 0 0.734375
vt 0.171875 0.9375
vt 0.171875 0.953125
vt 0.109375 0.953125
vt 0.109375 0.9375
vt 0.171875 0.9375
vt 0.171875 0.953125
vt 0.109375 0.953125
vt 0.109375 0.9375
vt 0.028125 0.9375
vt 0.028125 1
vt 0 1
vt 0 0.9375
vt 0.028125 0.9375
vt 0.028125 1
vt 0 1
vt 0 0.9375
vt 0.028125 0.984375
vt 0.028125 1
vt 0 1
vt 0 0.984375
vt 0.028125 0.984375
vt 0.028125 1
vt 0 1
vt 0 0.984375
vt 0.171875 0.9375
vt 0.171875 0.953125
vt 0.109375 0.953125
vt 0.109375 0.9375
vt 0.171875 0.9375
vt 0.171875 0.953125
vt 0.109375 0.953125
vt 0.109375 0.9375
vt 0.028125 0.9375
vt 0.028125 1
vt 0 1
vt 0 0.9375
vt 0.028125 0.9375
vt 0.028125 1
vt 0 1
vt 0 0.9375
vt 0.028125 0.984375
vt 0.028125 1
vt 0 1
vt 0 0.984375
vt 0.028125 0.984375
vt 0.028125 1
vt 0 1
vt 0 0.984375
vt 0.03125 0.75
vt 0.03125 1
vt 0 1
vt 0 0.75
vt 0.03125 0.75
vt 0.03125 1
vt 0 1
vt 0 0.75
vt 0.046875 0.96875
vt 0.046875 1
vt 0 1
vt 0 0.96875
vt 0.046875 0.75
vt 0.046875 1
vt 0 1
vt 0 0.75
vt 0.046875 0.75
vt 0.046875 1
vt 0 1
vt 0 0.75
vt 0.03125 0.75
vt 0.03125 1
vt 0 1
vt 0 0.75
vt 0.03125 0.75
vt 0.03125 1
vt 0 1
vt 0 0.75
vt 0.046875 0.96875
vt 0.046875 1
vt 0 1
vt 0 0.96875
vt 0.046875 0.75
vt 0.046875 1
vt 0 1
vt 0 0.75
vt 0.046875 0.75
vt 0.046875 1
vt 0 1
vt 0 0.75
vt 0.03125 0.75
vt 0.03125 1
vt 0 1
vt 0 0.75
vt 0.03125 0.75
vt 0.03125 1
vt 0 1
vt 0 0.75
vt 0.046875 0.96875
vt 0.046875 1
vt 0 1
vt 0 0.96875
vt 0.046875 0.75
vt 0.046875 1
vt 0 1
vt 0 0.75
vt 0.046875 0.75
vt 0.046875 1
vt 0 1
vt 0 0.75
vt 0.03125 0.75
vt 0.03125 1
vt 0 1
vt 0 0.75
vt 0.03125 0.75
vt 0.03125 1
vt 0 1
vt 0 0.75
vt 0.046875 0.96875
vt 0.046875 1
vt 0 1
vt 0 0.96875
vt 0.046875 0.75
vt 0.046875 1
vt 0 1
vt 0 0.75
vt 0.046875 0.75
vt 0.046875 1
vt 0 1
vt 0 0.75
vt 0.171875 0.9375
vt 0.171875 0.953125
vt 0.109375 0.953125
vt 0.109375 0.9375
vt 0.171875 0.9375
vt 0.171875 0.953125
vt 0.109375 0.953125
vt 0.109375 0.9375
vt 0.028125 0.9375
vt 0.028125 1
vt 0 1
vt 0 0.9375
vt 0.028125 0.9375
vt 0.028125 1
vt 0 1
vt 0 0.9375
vt 0.028125 0.984375
vt 0.028125 1
vt 0 1
vt 0 0.984375
vt 0.028125 0.984375
vt 0.028125 1
vt 0 1
vt 0 0.984375
vt 0.171875 0.9375
vt 0.171875 0.953125
vt 0.109375 0.953125
vt 0.109375 0.9375
vt 0.171875 0.9375
vt 0.171875 0.953125
vt 0.109375 0.953125
vt 0.109375 0.9375
vt 0.028125 0.9375
vt 0.028125 1
vt 0 1
vt 0 0.9375
vt 0.028125 0.9375
vt 0.028125 1
vt 0 1
vt 0 0.9375
vt 0.028125 0.984375
vt 0.028125 1
vt 0 1
vt 0 0.984375
vt 0.028125 0.984375
vt 0.028125 1
vt 0 1
vt 0 0.984375
vt 0.03125 0.75
vt 0.03125 1
vt 0 1
vt 0 0.75
vt 0.03125 0.75
vt 0.03125 1
vt 0 1
vt 0 0.75
vt 0.046875 0.96875
vt 0.046875 1
vt 0 1
vt 0 0.96875
vt 0.046875 0.75
vt 0.046875 1
vt 0 1
vt 0 0.75
vt 0.046875 0.75
vt 0.046875 1
vt 0 1
vt 0 0.75
vt 0.03125 0.75
vt 0.03125 1
vt 0 1
vt 0 0.75
vt 0.03125 0.75
vt 0.03125 1
vt 0 1
vt 0 0.75
vt 0.046875 0.96875
vt 0.046875 1
vt 0 1
vt 0 0.96875
vt 0.046875 0.75
vt 0.046875 1
vt 0 1
vt 0 0.75
vt 0.046875 0.75
vt 0.046875 1
vt 0 1
vt 0 0.75
vt 0.171875 0.9375
vt 0.171875 0.953125
vt 0.109375 0.953125
vt 0.109375 0.9375
vt 0.171875 0.9375
vt 0.171875 0.953125
vt 0.109375 0.953125
vt 0.109375 0.9375
vt 0.028125 0.9375
vt 0.028125 1
vt 0 1
vt 0 0.9375
vt 0.028125 0.9375
vt 0.028125 1
vt 0 1
vt 0 0.9375
vt 0.028125 0.984375
vt 0.028125 1
vt 0 1
vt 0 0.984375
vt 0.028125 0.984375
vt 0.028125 1
vt 0 1
vt 0 0.984375
vt 0.171875 0.9375
vt 0.171875 0.953125
vt 0.109375 0.953125
vt 0.109375 0.9375
vt 0.171875 0.9375
vt 0.171875 0.953125
vt 0.109375 0.953125
vt 0.109375 0.9375
vt 0.028125 0.9375
vt 0.028125 1
vt 0 1
vt 0 0.9375
vt 0.028125 0.9375
vt 0.028125 1
vt 0 1
vt 0 0.9375
vt 0.028125 0.984375
vt 0.028125 1
vt 0 1
vt 0 0.984375
vt 0.028125 0.984375
vt 0.028125 1
vt 0 1
vt 0 0.984375
vt 0.03125 0.75
vt 0.03125 0.90625
vt 0 0.90625
vt 0 0.75
vt 0.03125 0.75
vt 0.03125 0.90625
vt 0 0.90625
vt 0 0.75
vt 0.046875 0.96875
vt 0.046875 1
vt 0 1
vt 0 0.96875
vt 0.046875 0.96875
vt 0.046875 1
vt 0 1
vt 0 0.96875
vt 0.046875 0.75
vt 0.046875 0.90625
vt 0 0.90625
vt 0 0.75
vt 0.046875 0.75
vt 0.046875 0.90625
vt 0 0.90625
vt 0 0.75
vt 0.03125 0.75
vt 0.03125 0.90625
vt 0 0.90625
vt 0 0.75
vt 0.03125 0.75
vt 0.03125 0.90625
vt 0 0.90625
vt 0 0.75
vt 0.046875 0.96875
vt 0.046875 1
vt 0 1
vt 0 0.96875
vt 0.046875 0.96875
vt 0.046875 1
vt 0 1
vt 0 0.96875
vt 0.046875 0.75
vt 0.046875 0.90625
vt 0 0.90625
vt 0 0.75
vt 0.046875 0.75
vt 0.046875 0.90625
vt 0 0.90625
vt 0 0.75
vt 0.171875 0.9375
vt 0.171875 0.953125
vt 0.109375 0.953125
vt 0.109375 0.9375
vt 0.171875 0.9375
vt 0.171875 0.953125
vt 0.109375 0.953125
vt 0.109375 0.9375
vt 0.028125 0.9375
vt 0.028125 1
vt 0 1
vt 0 0.9375
vt 0.028125 0.9375
vt 0.028125 1
vt 0 1
vt 0 0.9375
vt 0.028125 0.984375
vt 0.028125 1
vt 0 1
vt 0 0.984375
vt 0.028125 0.984375
vt 0.028125 1
vt 0 1
vt 0 0.984375
vt 0.171875 0.9375
vt 0.171875 0.953125
vt 0.109375 0.953125
vt 0.109375 0.9375
vt 0.171875 0.9375
vt 0.171875 0.953125
vt 0.109375 0.953125
vt 0.109375 0.9375
vt 0.028125 0.9375
vt 0.028125 1
vt 0 1
vt 0 0.9375
vt 0.028125 0.9375
vt 0.028125 1
vt 0 1
vt 0 0.9375
vt 0.028125 0.984375
vt 0.028125 1
vt 0 1
vt 0 0.984375
vt 0.028125 0.984375
vt 0.028125 1
vt 0 1
vt 0 0.984375
vt 0.1875 0.578125
vt 0.1875 0.6875
vt 0 0.6875
vt 0 0.578125
vt 0.1875 0.578125
vt 0.1875 0.6875
vt 0 0.6875
vt 0 0.578125
vt 0.1875 0.5
vt 0.1875 0.6875
vt 0 0.6875
vt 0 0.5
vt 0.1875 0.5
vt 0.1875 0.6875
vt 0 0.6875
vt 0 0.5
vt 0.1875 0.578125
vt 0.1875 0.6875
vt 0 0.6875
vt 0 0.578125
vt 0.1875 0.578125
vt 0.1875 0.6875
vt 0 0.6875
vt 0 0.578125
vt 0.15625 0.984375
vt 0.15625 1
vt 0 1
vt 0 0.984375
vt 0.15625 0.984375
vt 0.15625 1
vt 0 1
vt 0 0.984375
vt 0.15625 0.84375
vt 0.15625 1
vt 0 1
vt 0 0.84375
vt 0.15625 0.84375
vt 0.15625 1
vt 0 1
vt 0 0.84375
vt 0.15625 0.984375
vt 0.15625 1
vt 0 1
vt 0 0.984375
vt 0.15625 0.984375
vt 0.15625 1
vt 0 1
vt 0 0.984375
vt 0.0296875 0.75
vt 0.0296875 1
vt 0 1
vt 0 0.75
vt 0.0296875 0.75
vt 0.0296875 1
vt 0 1
vt 0 0.75
vt 0.046875 0.9703125
vt 0.046875 1
vt 0 1
vt 0 0.9703125
vt 0.046875 0.9703125
vt 0.046875 1
vt 0 1
vt 0 0.9703125
vt 0.046875 0.75
vt 0.046875 1
vt 0 1
vt 0 0.75
vt 0.046875 0.75
vt 0.046875 1
vt 0 1
vt 0 0.75
vt 0.028125 0.75
vt 0.028125 1
vt 0 1
vt 0 0.75
vt 0.028125 0.75
vt 0.028125 1
vt 0 1
vt 0 0.75
vt 0.046875 0.971875
vt 0.046875 1
vt 0 1
vt 0 0.971875
vt 0.046875 0.971875
vt 0.046875 1
vt 0 1
vt 0 0.971875
vt 0.046875 0.75
vt 0.046875 1
vt 0 1
vt 0 0.75
vt 0.046875 0.75
vt 0.046875 1
vt 0 1
vt 0 0.75
vt 0.0296875 0.75
vt 0.0296875 1
vt 0 1
vt 0 0.75
vt 0.0296875 0.75
vt 0.0296875 1
vt 0 1
vt 0 0.75
vt 0.046875 0.9703125
vt 0.046875 1
vt 0 1
vt 0 0.9703125
vt 0.046875 0.9703125
vt 0.046875 1
vt 0 1
vt 0 0.9703125
vt 0.046875 0.75
vt 0.046875 1
vt 0 1
vt 0 0.75
vt 0.046875 0.75
vt 0.046875 1
vt 0 1
vt 0 0.75
vt 0.028125 0.75
vt 0.028125 1
vt 0 1
vt 0 0.75
vt 0.028125 0.75
vt 0.028125 1
vt 0 1
vt 0 0.75
vt 0.046875 0.971875
vt 0.046875 1
vt 0 1
vt 0 0.971875
vt 0.046875 0.971875
vt 0.046875 1
vt 0 1
vt 0 0.971875
vt 0.046875 0.75
vt 0.046875 1
vt 0 1
vt 0 0.75
vt 0.046875 0.75
vt 0.046875 1
vt 0 1
vt 0 0.75
vt 0.515625 0.84375
vt 0.515625 1
vt 0.4375 1
vt 0.4375 0.84375
vt 0.515625 0.84375
vt 0.515625 1
vt 0.4375 1
vt 0.4375 0.84375
vt 0.390625 0.75
vt 0.390625 0.828125
vt 0.265625 0.828125
vt 0.265625 0.75
vt 0.390625 0.75
vt 0.390625 0.828125
vt 0.265625 0.828125
vt 0.265625 0.75
vt 0.390625 0.84375
vt 0.390625 1
vt 0.265625 1
vt 0.265625 0.84375
vt 0.390625 0.84375
vt 0.390625 1
vt 0.265625 1
vt 0.265625 0.84375
vt 0.84375 0.484375
vt 0.84375 0.734375
vt 0.828125 0.734375
vt 0.828125 0.484375
vt 0.84375 0.484375
vt 0.84375 0.734375
vt 0.828125 0.734375
vt 0.828125 0.484375
vt 0.828125 0.734375
vt 0.828125 0.75
vt 0.765625 0.75
vt 0.765625 0.734375
vt 0.828125 0.734375
vt 0.828125 0.75
vt 0.765625 0.75
vt 0.765625 0.734375
vt 0.25 0.75
vt 0.25 1
vt 0.1875 1
vt 0.1875 0.75
vt 0.96875 0.484375
vt 0.96875 0.65625
vt 0.9375 0.65625
vt 0.9375 0.484375
vt 0.7734375 0.921875
vt 0.7734375 0.984375
vt 0.765625 0.984375
vt 0.765625 0.921875
vt 0.71875 0.921875
vt 0.71875 0.984375
vt 0.7265625 0.984375
vt 0.7265625 0.921875
vt 0.77734375 0.984375
vt 0.77734375 0.9921875
vt 0.72265625 0.9921875
vt 0.72265625 0.984375
vt 0.77734375 0.8984375
vt 0.77734375 0.90625
vt 0.72265625 0.90625
vt 0.72265625 0.8984375
vt 0.77734375 0.84375
vt 0.77734375 0.90625
vt 0.72265625 0.90625
vt 0.72265625 0.84375
vt 0.77734375 0.921875
vt 0.77734375 0.984375
vt 0.72265625 0.984375
vt 0.72265625 0.921875
vt 0.28125 0.484375
vt 0.28125 0.703125
vt 0.265625 0.703125
vt 0.265625 0.484375
vt 0.484375 0.484375
vt 0.484375 0.703125
vt 0.46875 0.703125
vt 0.46875 0.484375
vt 0.44140625 0.046875
vt 0.44140625 0.0625
vt 0.25390625 0.0625
vt 0.25390625 0.046875
vt 0.46875 0.484375
vt 0.46875 0.703125
vt 0.28125 0.703125
vt 0.28125 0.484375
vt 0.46875 0.484375
vt 0.46875 0.703125
vt 0.28125 0.703125
vt 0.28125 0.484375
vt 0.28125 0.328125
vt 0.28125 0.46875
vt 0.265625 0.46875
vt 0.265625 0.328125
vt 0.484375 0.328125
vt 0.484375 0.46875
vt 0.46875 0.46875
vt 0.46875 0.328125
vt 0.41015625 0.109375
vt 0.41015625 0.125
vt 0.22265625 0.125
vt 0.22265625 0.109375
vt 0.47265625 0.328125
vt 0.47265625 0.34375
vt 0.28515625 0.34375
vt 0.28515625 0.328125
vt 0.46875 0.328125
vt 0.46875 0.46875
vt 0.28125 0.46875
vt 0.28125 0.328125
vt 0.46875 0.328125
vt 0.46875 0.46875
vt 0.28125 0.46875
vt 0.28125 0.328125
vt 0.296875 0.703125
vt 0.296875 0.734375
vt 0.28125 0.734375
vt 0.28125 0.703125
vt 0.46875 0.703125
vt 0.46875 0.734375
vt 0.453125 0.734375
vt 0.453125 0.703125
vt 0.4375 0.71875
vt 0.4375 0.734375
vt 0.3125 0.734375
vt 0.3125 0.71875
vt 0.42578125 0.125
vt 0.42578125 0.140625
vt 0.30078125 0.140625
vt 0.30078125 0.125
vt 0.4375 0.703125
vt 0.4375 0.734375
vt 0.3125 0.734375
vt 0.3125 0.703125
vt 0.4375 0.703125
vt 0.4375 0.734375
vt 0.3125 0.734375
vt 0.3125 0.703125
vt 0.46875 0.703125
vt 0.46875 0.734375
vt 0.453125 0.734375
vt 0.453125 0.703125
vt 0.46875 0.703125
vt 0.46875 0.734375
vt 0.453125 0.734375
vt 0.453125 0.703125
vt 0.44921875 0.71875
vt 0.44921875 0.734375
vt 0.4140625 0.734375
vt 0.4140625 0.71875
vt 0.37109375 0.09375
vt 0.37109375 0.109375
vt 0.3359375 0.109375
vt 0.3359375 0.09375
vt 0.46484375 0.703125
vt 0.46484375 0.734375
vt 0.4296875 0.734375
vt 0.4296875 0.703125
vt 0.46484375 0.703125
vt 0.46484375 0.734375
vt 0.4296875 0.734375
vt 0.4296875 0.703125
vt 0.46875 0.703125
vt 0.46875 0.734375
vt 0.453125 0.734375
vt 0.453125 0.703125
vt 0.46875 0.703125
vt 0.46875 0.734375
vt 0.453125 0.734375
vt 0.453125 0.703125
vt 0.44921875 0.71875
vt 0.44921875 0.734375
vt 0.4140625 0.734375
vt 0.4140625 0.71875
vt 0.37109375 0.09375
vt 0.37109375 0.109375
vt 0.3359375 0.109375
vt 0.3359375 0.09375
vt 0.46484375 0.703125
vt 0.46484375 0.734375
vt 0.4296875 0.734375
vt 0.4296875 0.703125
vt 0.46484375 0.703125
vt 0.46484375 0.734375
vt 0.4296875 0.734375
vt 0.4296875 0.703125
vt 0.53125 0.4375
vt 0.53125 0.484375
vt 0.5 0.484375
vt 0.5 0.4375
vt 0.53125 0.4375
vt 0.53125 0.484375
vt 0.5 0.484375
vt 0.5 0.4375
vt 0.546875 0.453125
vt 0.546875 0.484375
vt 0.5 0.484375
vt 0.5 0.453125
vt 0.546875 0.453125
vt 0.546875 0.484375
vt 0.5 0.484375
vt 0.5 0.453125
vt 0.546875 0.4375
vt 0.546875 0.484375
vt 0.5 0.484375
vt 0.5 0.4375
vt 0.546875 0.4375
vt 0.546875 0.484375
vt 0.5 0.484375
vt 0.5 0.4375
vt 0.53125 0.4375
vt 0.53125 0.484375
vt 0.5 0.484375
vt 0.5 0.4375
vt 0.53125 0.4375
vt 0.53125 0.484375
vt 0.5 0.484375
vt 0.5 0.4375
vt 0.546875 0.453125
vt 0.546875 0.484375
vt 0.5 0.484375
vt 0.5 0.453125
vt 0.546875 0.453125
vt 0.546875 0.484375
vt 0.5 0.484375
vt 0.5 0.453125
vt 0.546875 0.4375
vt 0.546875 0.484375
vt 0.5 0.484375
vt 0.5 0.4375
vt 0.546875 0.4375
vt 0.546875 0.484375
vt 0.5 0.484375
vt 0.5 0.4375
vt 0.53125 0.4375
vt 0.53125 0.484375
vt 0.5 0.484375
vt 0.5 0.4375
vt 0.53125 0.4375
vt 0.53125 0.484375
vt 0.5 0.484375
vt 0.5 0.4375
vt 0.546875 0.453125
vt 0.546875 0.484375
vt 0.5 0.484375
vt 0.5 0.453125
vt 0.546875 0.453125
vt 0.546875 0.484375
vt 0.5 0.484375
vt 0.5 0.453125
vt 0.546875 0.4375
vt 0.546875 0.484375
vt 0.5 0.484375
vt 0.5 0.4375
vt 0.546875 0.4375
vt 0.546875 0.484375
vt 0.5 0.484375
vt 0.5 0.4375
vt 0.53125 0.4375
vt 0.53125 0.484375
vt 0.5 0.484375
vt 0.5 0.4375
vt 0.53125 0.4375
vt 0.53125 0.484375
vt 0.5 0.484375
vt 0.5 0.4375
vt 0.546875 0.453125
vt 0.546875 0.484375
vt 0.5 0.484375
vt 0.5 0.453125
vt 0.546875 0.453125
vt 0.546875 0.484375
vt 0.5 0.484375
vt 0.5 0.453125
vt 0.546875 0.4375
vt 0.546875 0.484375
vt 0.5 0.484375
vt 0.5 0.4375
vt 0.546875 0.4375
vt 0.546875 0.484375
vt 0.5 0.484375
vt 0.5 0.4375
vt 0.515625 0.46875
vt 0.515625 0.484375
vt 0.5 0.484375
vt 0.5 0.46875
vt 0.515625 0.46875
vt 0.515625 0.484375
vt 0.5 0.484375
vt 0.5 0.46875
vt 0.65625 0.46875
vt 0.65625 0.484375
vt 0.5 0.484375
vt 0.5 0.46875
vt 0.65625 0.46875
vt 0.65625 0.484375
vt 0.5 0.484375
vt 0.5 0.46875
vt 0.65625 0.46875
vt 0.65625 0.484375
vt 0.5 0.484375
vt 0.5 0.46875
vt 0.65625 0.46875
vt 0.65625 0.484375
vt 0.5 0.484375
vt 0.5 0.46875
vt 0.515625 0.46875
vt 0.515625 0.484375
vt 0.5 0.484375
vt 0.5 0.46875
vt 0.515625 0.46875
vt 0.515625 0.484375
vt 0.5 0.484375
vt 0.5 0.46875
vt 0.65625 0.46875
vt 0.65625 0.484375
vt 0.5 0.484375
vt 0.5 0.46875
vt 0.65625 0.46875
vt 0.65625 0.484375
vt 0.5 0.484375
vt 0.5 0.46875
vt 0.65625 0.46875
vt 0.65625 0.484375
vt 0.5 0.484375
vt 0.5 0.46875
vt 0.65625 0.46875
vt 0.65625 0.484375
vt 0.5 0.484375
vt 0.5 0.46875
vt 0.515625 0.46875
vt 0.515625 0.484375
vt 0.5 0.484375
vt 0.5 0.46875
vt 0.515625 0.46875
vt 0.515625 0.484375
vt 0.5 0.484375
vt 0.5 0.46875
vt 0.65625 0.46875
vt 0.65625 0.484375
vt 0.5 0.484375
vt 0.5 0.46875
vt 0.65625 0.46875
vt 0.65625 0.484375
vt 0.5 0.484375
vt 0.5 0.46875
vt 0.65625 0.46875
vt 0.65625 0.484375
vt 0.5 0.484375
vt 0.5 0.46875
vt 0.65625 0.46875
vt 0.65625 0.484375
vt 0.5 0.484375
vt 0.5 0.46875
vt 0.515625 0.46875
vt 0.515625 0.484375
vt 0.5 0.484375
vt 0.5 0.46875
vt 0.515625 0.46875
vt 0.515625 0.484375
vt 0.5 0.484375
vt 0.5 0.46875
vt 0.65625 0.46875
vt 0.65625 0.484375
vt 0.5 0.484375
vt 0.5 0.46875
vt 0.65625 0.46875
vt 0.65625 0.484375
vt 0.5 0.484375
vt 0.5 0.46875
vt 0.65625 0.46875
vt 0.65625 0.484375
vt 0.5 0.484375
vt 0.5 0.46875
vt 0.65625 0.46875
vt 0.65625 0.484375
vt 0.5 0.484375
vt 0.5 0.46875
vt 0.515625 0.390625
vt 0.515625 0.484375
vt 0.5 0.484375
vt 0.5 0.390625
vt 0.515625 0.390625
vt 0.515625 0.484375
vt 0.5 0.484375
vt 0.5 0.390625
vt 0.53125 0.4375
vt 0.53125 0.453125
vt 0.515625 0.453125
vt 0.515625 0.4375
vt 0.546875 0.4375
vt 0.546875 0.453125
vt 0.53125 0.453125
vt 0.53125 0.4375
vt 0.515625 0.390625
vt 0.515625 0.484375
vt 0.5 0.484375
vt 0.5 0.390625
vt 0.515625 0.390625
vt 0.515625 0.484375
vt 0.5 0.484375
vt 0.5 0.390625
vt 3.4375 0.8125
vt 3.4375 0.84375
vt 3.375 0.84375
vt 3.375 0.8125
vt 3.5 0.8125
vt 3.5 0.84375
vt 3.4375 0.84375
vt 3.4375 0.8125
vt 4 0.8125
vt 4 0.875
vt 3.375 0.875
vt 3.375 0.8125
vt 4 0.875
vt 4 0.9375
vt 3.375 0.9375
vt 3.375 0.875
vt 4 0.8125
vt 4 0.84375
vt 3.375 0.84375
vt 3.375 0.8125
vt 4 0.8125
vt 4 0.84375
vt 3.375 0.84375
vt 3.375 0.8125
vt 0.53125 0.4375
vt 0.53125 0.484375
vt 0.5 0.484375
vt 0.5 0.4375
vt 0.53125 0.4375
vt 0.53125 0.484375
vt 0.5 0.484375
vt 0.5 0.4375
vt 0.546875 0.453125
vt 0.546875 0.484375
vt 0.5 0.484375
vt 0.5 0.453125
vt 0.546875 0.453125
vt 0.546875 0.484375
vt 0.5 0.484375
vt 0.5 0.453125
vt 0.546875 0.4375
vt 0.546875 0.484375
vt 0.5 0.484375
vt 0.5 0.4375
vt 0.546875 0.4375
vt 0.546875 0.484375
vt 0.5 0.484375
vt 0.5 0.4375
vt 0.53125 0.4375
vt 0.53125 0.484375
vt 0.5 0.484375
vt 0.5 0.4375
vt 0.53125 0.4375
vt 0.53125 0.484375
vt 0.5 0.484375
vt 0.5 0.4375
vt 0.546875 0.453125
vt 0.546875 0.484375
vt 0.5 0.484375
vt 0.5 0.453125
vt 0.546875 0.453125
vt 0.546875 0.484375
vt 0.5 0.484375
vt 0.5 0.453125
vt 0.546875 0.4375
vt 0.546875 0.484375
vt 0.5 0.484375
vt 0.5 0.4375
vt 0.546875 0.4375
vt 0.546875 0.484375
vt 0.5 0.484375
vt 0.5 0.4375
vt 1 0
vt 1 0.0625
vt 0.375 0.0625
vt 0.375 0
vt 1 0
vt 1 0.0625
vt 0.375 0.0625
vt 0.375 0
vt 1 0
vt 1 0.625
vt 0.9375 0.625
vt 0.9375 0
vt 1 0
vt 1 0.625
vt 0.9375 0.625
vt 0.9375 0
vt 1 0
vt 1 0.0625
vt 0.9375 0.0625
vt 0.9375 0
vt 1 0
vt 1 0.0625
vt 0.9375 0.0625
vt 0.9375 0
vt 1 0
vt 1 0.0625
vt 0.375 0.0625
vt 0.375 0
vt 1 0
vt 1 0.0625
vt 0.375 0.0625
vt 0.375 0
vt 1 0
vt 1 0.625
vt 0.9375 0.625
vt 0.9375 0
vt 1 0
vt 1 0.625
vt 0.9375 0.625
vt 0.9375 0
vt 1 0
vt 1 0.0625
vt 0.9375 0.0625
vt 0.9375 0
vt 1 0
vt 1 0.0625
vt 0.9375 0.0625
vt 0.9375 0
vt 1 0
vt 1 0.0625
vt 0.9375 0.0625
vt 0.9375 0
vt 1 0
vt 1 0.0625
vt 0.9375 0.0625
vt 0.9375 0
vt 1 0
vt 1 0.0625
vt 0.375 0.0625
vt 0.375 0
vt 1 0
vt 1 0.0625
vt 0.375 0.0625
vt 0.375 0
vt 1 0
vt 1 0.0625
vt 0.375 0.0625
vt 0.375 0
vt 1 0
vt 1 0.0625
vt 0.375 0.0625
vt 0.375 0
vt 1 0.9375
vt 1 1
vt 0.125 1
vt 0.125 0.9375
vt 0.875 0.9375
vt 0.875 1
vt 0 1
vt 0 0.9375
vt 0.5 0.125
vt 0.5 1
vt 0 1
vt 0 0.125
vt 0.5 0
vt 0.5 0.875
vt 0 0.875
vt 0 0
vt 0.5 0.9375
vt 0.5 1
vt 0 1
vt 0 0.9375
vt 0.5 0.9375
vt 0.5 1
vt 0 1
vt 0 0.9375
vt 0.453125 0.9375
vt 0.453125 1
vt 0.34375 1
vt 0.34375 0.9375
vt 0.109375 0.9375
vt 0.109375 1
vt 0 1
vt 0 0.9375
vt 0.15 0.890625
vt 0.15 1
vt 0.00625 1
vt 0.00625 0.890625
vt 0.15 0.546875
vt 0.15 0.65625
vt 0.00625 0.65625
vt 0.00625 0.546875
vt 0.15 0.9375
vt 0.15 1
vt 0.00625 1
vt 0.00625 0.9375
vt 0.15 0.9375
vt 0.15 1
vt 0.00625 1
vt 0.00625 0.9375
vt 0.453125 0.9375
vt 0.453125 1
vt 0.15625 1
vt 0.15625 0.9375
vt 0.296875 0.9375
vt 0.296875 1
vt 0 1
vt 0 0.9375
vt 0.15625 0.703125
vt 0.15625 1
vt 0 1
vt 0 0.703125
vt 0.15625 0.546875
vt 0.15625 0.84375
vt 0 0.84375
vt 0 0.546875
vt 0.15625 0.9375
vt 0.15625 1
vt 0 1
vt 0 0.9375
vt 0.15625 0.9375
vt 0.15625 1
vt 0 1
vt 0 0.9375
vt 0.0625 0.0625
vt 0.0625 0.875
vt 0 0.875
vt 0 0.0625
vt 0.125 0.0625
vt 0.125 0.875
vt 0.0625 0.875
vt 0.0625 0.0625
vt 0.125 0.875
vt 0.125 0.9375
vt 0.0625 0.9375
vt 0.0625 0.875
vt 0.125 0.9375
vt 0.125 1
vt 0.0625 1
vt 0.0625 0.9375
vt 0.125 0.0625
vt 0.125 0.875
vt 0.0625 0.875
vt 0.0625 0.0625
vt 0.0625 0.0625
vt 0.0625 0.875
vt 0 0.875
vt 0 0.0625
vt 0.0625 0.0625
vt 0.0625 0.875
vt 0 0.875
vt 0 0.0625
vt 0.125 0.0625
vt 0.125 0.875
vt 0.0625 0.875
vt 0.0625 0.0625
vt 0.125 0.875
vt 0.125 0.9375
vt 0.0625 0.9375
vt 0.0625 0.875
vt 0.125 0.9375
vt 0.125 1
vt 0.0625 1
vt 0.0625 0.9375
vt 0.125 0.0625
vt 0.125 0.875
vt 0.0625 0.875
vt 0.0625 0.0625
vt 0.0625 0.0625
vt 0.0625 0.875
vt 0 0.875
vt 0 0.0625
vt 0.0625 0.5
vt 0.0625 1
vt 0 1
vt 0 0.5
vt 0.0625 0.5
vt 0.0625 1
vt 0 1
vt 0 0.5
vt 0.03125 0.9375
vt 0.03125 1
vt 0 1
vt 0 0.9375
vt 0.03125 0.9375
vt 0.03125 1
vt 0 1
vt 0 0.9375
vt 0.03125 0.5
vt 0.03125 1
vt 0 1
vt 0 0.5
vt 0.0625 0.5
vt 0.0625 1
vt 0.03125 1
vt 0.03125 0.5
vt 0.0625 0.5
vt 0.0625 1
vt 0 1
vt 0 0.5
vt 0.0625 0.5
vt 0.0625 1
vt 0 1
vt 0 0.5
vt 0.0625 0.9375
vt 0.0625 1
vt 0.03125 1
vt 0.03125 0.9375
vt 0.0625 0.9375
vt 0.0625 1
vt 0.03125 1
vt 0.03125 0.9375
vt 0.0625 0.5
vt 0.0625 1
vt 0.03125 1
vt 0.03125 0.5
vt 0.03125 0.5
vt 0.03125 1
vt 0 1
vt 0 0.5
vt 0.25 0.9375
vt 0.25 1
vt 0 1
vt 0 0.9375
vt 0.25 0.9375
vt 0.25 1
vt 0 1
vt 0 0.9375
vt 0.1875 0.75
vt 0.1875 1
vt 0.0625 1
vt 0.0625 0.75
vt 0.1875 0.75
vt 0.1875 1
vt 0.0625 1
vt 0.0625 0.75
vt 0.1875 0.9375
vt 0.1875 1
vt 0.0625 1
vt 0.0625 0.9375
vt 0.1875 0.9375
vt 0.1875 1
vt 0.0625 1
vt 0.0625 0.9375
vt 0.125 0.9375
vt 0.125 1
vt 0 1
vt 0 0.9375
vt 0.25 0.9375
vt 0.25 1
vt 0.125 1
vt 0.125 0.9375
vt 0.175 0.75
vt 0.175 0.875
vt 0.075 0.875
vt 0.075 0.75
vt 0.175 0.875
vt 0.175 1
vt 0.075 1
vt 0.075 0.875
vt 0.175 0.9375
vt 0.175 1
vt 0.075 1
vt 0.075 0.9375
vt 0.175 0.9375
vt 0.175 1
vt 0.075 1
vt 0.075 0.9375
vt 0.375 0.9375
vt 0.375 1
vt 0 1
vt 0 0.9375
vt 0.375 0.9375
vt 0.375 1
vt 0 1
vt 0 0.9375
vt 0.18125 0.625
vt 0.18125 1
vt 0.06875 1
vt 0.06875 0.625
vt 0.18125 0.625
vt 0.18125 1
vt 0.06875 1
vt 0.06875 0.625
vt 0.18125 0.9375
vt 0.18125 1
vt 0.06875 1
vt 0.06875 0.9375
vt 0.18125 0.9375
vt 0.18125 1
vt 0.06875 1
vt 0.06875 0.9375
vt 0.53125 0.390625
vt 0.53125 0.484375
vt 0.5 0.484375
vt 0.5 0.390625
vt 0.53125 0.390625
vt 0.53125 0.484375
vt 0.5 0.484375
vt 0.5 0.390625
vt 0.609375 0.453125
vt 0.609375 0.484375
vt 0.5 0.484375
vt 0.5 0.453125
vt 0.609375 0.453125
vt 0.609375 0.484375
vt 0.5 0.484375
vt 0.5 0.453125
vt 0.40625 0.625
vt 0.40625 0.71875
vt 0.296875 0.71875
vt 0.296875 0.625
vt 0.40625 0.625
vt 0.40625 0.71875
vt 0.296875 0.71875
vt 0.296875 0.625
vt 0.59375 0.46875
vt 0.59375 0.484375
vt 0.5 0.484375
vt 0.5 0.46875
vt 0.59375 0.46875
vt 0.59375 0.484375
vt 0.5 0.484375
vt 0.5 0.46875
vt 0.53125 0.4375
vt 0.53125 0.484375
vt 0.5 0.484375
vt 0.5 0.4375
vt 0.53125 0.4375
vt 0.53125 0.484375
vt 0.5 0.484375
vt 0.5 0.4375
vt 0.53125 0.46875
vt 0.53125 0.484375
vt 0.5 0.484375
vt 0.5 0.46875
vt 0.53125 0.46875
vt 0.53125 0.484375
vt 0.5 0.484375
vt 0.5 0.46875
vt 0.5625 0.46875
vt 0.5625 0.484375
vt 0.5 0.484375
vt 0.5 0.46875
vt 0.5625 0.46875
vt 0.5625 0.484375
vt 0.5 0.484375
vt 0.5 0.46875
vt 0.51953125 0.453125
vt 0.51953125 0.484375
vt 0.5 0.484375
vt 0.5 0.453125
vt 0.51953125 0.453125
vt 0.51953125 0.484375
vt 0.5 0.484375
vt 0.5 0.453125
vt 0.51953125 0.46875
vt 0.51953125 0.484375
vt 0.5 0.484375
vt 0.5 0.46875
vt 0.51953125 0.46875
vt 0.51953125 0.484375
vt 0.5 0.484375
vt 0.5 0.46875
vt 0.21078125 0.79703125
vt 0.2421875 0.85140625
vt 0.125 0.8828125
vt 0.2421875 0.85140625
vt 0.2421875 0.91421875
vt 0.125 0.8828125
vt 0.2421875 0.91421875
vt 0.21078125 0.96859375
vt 0.125 0.8828125
vt 0.21078125 0.96859375
vt 0.15640625 1
vt 0.125 0.8828125
vt 0.15640625 1
vt 0.09359375 1
vt 0.125 0.8828125
vt 0.09359375 1
vt 0.03921875 0.96859375
vt 0.125 0.8828125
vt 0.03921875 0.96859375
vt 0.0078125 0.91421875
vt 0.125 0.8828125
vt 0.0078125 0.91421875
vt 0.0078125 0.85140625
vt 0.125 0.8828125
vt 0.0078125 0.85140625
vt 0.03921875 0.79703125
vt 0.125 0.8828125
vt 0.03921875 0.79703125
vt 0.09359375 0.765625
vt 0.125 0.8828125
vt 0.09359375 0.765625
vt 0.15640625 0.765625
vt 0.125 0.8828125
vt 0.15640625 0.765625
vt 0.21078125 0.79703125
vt 0.125 0.8828125
vt 0.28125 0.28125
vt 0.289621875 0.28125
vt 0.289621875 0.296875
vt 0.28125 0.296875
vt 0.28573125 0.296875
vt 0.28125 0.296875
vt 0.28125 0.28125
vt 0.28573125 0.28125
vt 0.28125 0.29492734374999996
vt 0.28125 0.29044499999999995
vt 0.28851390625 0.28850062499999996
vt 0.2885103125 0.296875
vt 0.28125 0.28961187499999996
vt 0.289624375 0.28961187499999996
vt 0.287676875 0.296875
vt 0.28319453125 0.29687312499999996
vt 0.28125 0.28125
vt 0.289621875 0.28125
vt 0.289621875 0.296875
vt 0.28125 0.296875
vt 0.28573125 0.296875
vt 0.28125 0.296875
vt 0.28125 0.28125
vt 0.28573125 0.28125
vt 0.28125 0.294930625
vt 0.28125 0.29044828125
vt 0.2885103125 0.28850062499999996
vt 0.28851390625 0.296875
vt 0.28125 0.28961187499999996
vt 0.289624375 0.28961187499999996
vt 0.28767984375 0.29687312499999996
vt 0.2831975 0.296875
vt 0.28125 0.28125
vt 0.289621875 0.28125
vt 0.289621875 0.296875
vt 0.28125 0.296875
vt 0.28573125 0.296875
vt 0.28125 0.296875
vt 0.28125 0.28125
vt 0.28573125 0.28125
vt 0.28125 0.29492968750000004
vt 0.28125 0.29044843750000005
vt 0.2885109375 0.28850312499999997
vt 0.2885109375 0.296875
vt 0.2885109375 0.28850312499999997
vt 0.2885109375 0.296875
vt 0.28125 0.29492968750000004
vt 0.28125 0.29044843750000005
vt 0.28125 0.28125
vt 0.289621875 0.28125
vt 0.289621875 0.296875
vt 0.28125 0.296875
vt 0.28573125 0.296875
vt 0.28125 0.296875
vt 0.28125 0.28125
vt 0.28573125 0.28125
vt 0.28767671875 0.296875
vt 0.283194375 0.296875
vt 0.28125 0.28961109375000005
vt 0.289624375 0.28961468749999997
vt 0.288513125 0.28850062499999996
vt 0.288513125 0.296875
vt 0.28125 0.2949275
vt 0.281251875 0.29044515625
vt 0.28125 0.28125
vt 0.289621875 0.28125
vt 0.289621875 0.296875
vt 0.28125 0.296875
vt 0.28573125 0.296875
vt 0.28125 0.296875
vt 0.28125 0.28125
vt 0.28573125 0.28125
vt 0.28768 0.296875
vt 0.28319765625 0.296875
vt 0.28125 0.28961468749999997
vt 0.289624375 0.28961109375000005
vt 0.288513125 0.28850062499999996
vt 0.288513125 0.296875
vt 0.281251875 0.29493046874999995
vt 0.28125 0.29044812499999995
vt 0.28125 0.28125
vt 0.289621875 0.28125
vt 0.289621875 0.296875
vt 0.28125 0.296875
vt 0.28573125 0.296875
vt 0.28125 0.296875
vt 0.28125 0.28125
vt 0.28573125 0.28125
vt 0.2876765625 0.296875
vt 0.2831953125 0.296875
vt 0.28125 0.2896140625
vt 0.289621875 0.2896140625
vt 0.289621875 0.296875
vt 0.28125 0.296875
vt 0.2831953125 0.2896140625
vt 0.2876765625 0.2896140625
vt 0.28125 0.28125
vt 0.289621875 0.28125
vt 0.289621875 0.296875
vt 0.28125 0.296875
vt 0.28573125 0.296875
vt 0.28125 0.296875
vt 0.28125 0.28125
vt 0.28573125 0.28125
vt 0.28851390625 0.29044828125
vt 0.28851390625 0.294930625
vt 0.28125 0.296875
vt 0.28125359375 0.28850062499999996
vt 0.289624375 0.296875
vt 0.28125 0.296875
vt 0.2831975 0.28961187499999996
vt 0.28767984375 0.28961390625000005
vt 0.28125 0.28125
vt 0.289621875 0.28125
vt 0.289621875 0.296875
vt 0.28125 0.296875
vt 0.28573125 0.296875
vt 0.28125 0.296875
vt 0.28125 0.28125
vt 0.28573125 0.28125
vt 0.28851390625 0.29044499999999995
vt 0.28851390625 0.29492734374999996
vt 0.28125359375 0.296875
vt 0.28125 0.28850062499999996
vt 0.289624375 0.296875
vt 0.28125 0.296875
vt 0.28319453125 0.28961390625000005
vt 0.287676875 0.28961187499999996
vt 0.28125 0.28125
vt 0.289621875 0.28125
vt 0.289621875 0.296875
vt 0.28125 0.296875
vt 0.28573125 0.296875
vt 0.28125 0.296875
vt 0.28125 0.28125
vt 0.28573125 0.28125
vt 0.2885109375 0.29044843750000005
vt 0.2885109375 0.29492968750000004
vt 0.28125 0.296875
vt 0.28125 0.28850312499999997
vt 0.28125 0.296875
vt 0.28125 0.28850312499999997
vt 0.2885109375 0.29044843750000005
vt 0.2885109375 0.29492968750000004
vt 0.28125 0.28125
vt 0.289621875 0.28125
vt 0.289621875 0.296875
vt 0.28125 0.296875
vt 0.28573125 0.296875
vt 0.28125 0.296875
vt 0.28125 0.28125
vt 0.28573125 0.28125
vt 0.28319765625 0.28961109375000005
vt 0.28768 0.28961109375000005
vt 0.289624375 0.296875
vt 0.28125 0.29687140624999997
vt 0.28125 0.296875
vt 0.28125 0.28850062499999996
vt 0.288513125 0.29044812499999995
vt 0.28851109375 0.29493046874999995
vt 0.28125 0.28125
vt 0.289621875 0.28125
vt 0.289621875 0.296875
vt 0.28125 0.296875
vt 0.28573125 0.296875
vt 0.28125 0.296875
vt 0.28125 0.28125
vt 0.28573125 0.28125
vt 0.283194375 0.28961109375000005
vt 0.28767671875 0.28961109375000005
vt 0.289624375 0.29687140624999997
vt 0.28125 0.296875
vt 0.28125 0.296875
vt 0.28125 0.28850062499999996
vt 0.28851109375 0.29044515625
vt 0.288513125 0.2949275
vt 0.28125 0.28125
vt 0.289621875 0.28125
vt 0.289621875 0.296875
vt 0.28125 0.296875
vt 0.28573125 0.296875
vt 0.28125 0.296875
vt 0.28125 0.28125
vt 0.28573125 0.28125
vt 0.2831953125 0.2896140625
vt 0.2876765625 0.2896140625
vt 0.289621875 0.296875
vt 0.28125 0.296875
vt 0.28125 0.2896140625
vt 0.289621875 0.2896140625
vt 0.2876765625 0.296875
vt 0.2831953125 0.296875
vt 0.5625 0.46875
vt 0.5625 0.484375
vt 0.5 0.484375
vt 0.5 0.46875
vt 0.5625 0.46875
vt 0.5625 0.484375
vt 0.5 0.484375
vt 0.5 0.46875
vt 0.51953125 0.453125
vt 0.51953125 0.484375
vt 0.5 0.484375
vt 0.5 0.453125
vt 0.51953125 0.453125
vt 0.51953125 0.484375
vt 0.5 0.484375
vt 0.5 0.453125
vt 0.51953125 0.46875
vt 0.51953125 0.484375
vt 0.5 0.484375
vt 0.5 0.46875
vt 0.51953125 0.46875
vt 0.51953125 0.484375
vt 0.5 0.484375
vt 0.5 0.46875
vt 0.59375 0.46875
vt 0.59375 0.484375
vt 0.5 0.484375
vt 0.5 0.46875
vt 0.59375 0.46875
vt 0.59375 0.484375
vt 0.5 0.484375
vt 0.5 0.46875
vt 0.53125 0.4375
vt 0.53125 0.484375
vt 0.5 0.484375
vt 0.5 0.4375
vt 0.53125 0.4375
vt 0.53125 0.484375
vt 0.5 0.484375
vt 0.5 0.4375
vt 0.53125 0.46875
vt 0.53125 0.484375
vt 0.5 0.484375
vt 0.5 0.46875
vt 0.53125 0.46875
vt 0.53125 0.484375
vt 0.5 0.484375
vt 0.5 0.46875
vt 0.5625 0.46875
vt 0.5625 0.484375
vt 0.5 0.484375
vt 0.5 0.46875
vt 0.5625 0.46875
vt 0.5625 0.484375
vt 0.5 0.484375
vt 0.5 0.46875
vt 0.51953125 0.453125
vt 0.51953125 0.484375
vt 0.5 0.484375
vt 0.5 0.453125
vt 0.51953125 0.453125
vt 0.51953125 0.484375
vt 0.5 0.484375
vt 0.5 0.453125
vt 0.51953125 0.46875
vt 0.51953125 0.484375
vt 0.5 0.484375
vt 0.5 0.46875
vt 0.51953125 0.46875
vt 0.51953125 0.484375
vt 0.5 0.484375
vt 0.5 0.46875
vt 0.5625 0.46875
vt 0.5625 0.484375
vt 0.5 0.484375
vt 0.5 0.46875
vt 0.5625 0.46875
vt 0.5625 0.484375
vt 0.5 0.484375
vt 0.5 0.46875
vt 0.51953125 0.453125
vt 0.51953125 0.484375
vt 0.5 0.484375
vt 0.5 0.453125
vt 0.51953125 0.453125
vt 0.51953125 0.484375
vt 0.5 0.484375
vt 0.5 0.453125
vt 0.51953125 0.46875
vt 0.51953125 0.484375
vt 0.5 0.484375
vt 0.5 0.46875
vt 0.51953125 0.46875
vt 0.51953125 0.484375
vt 0.5 0.484375
vt 0.5 0.46875
vt 0.28125 0.28125
vt 0.289621875 0.28125
vt 0.289621875 0.296875
vt 0.28125 0.296875
vt 0.28573125 0.296875
vt 0.28125 0.296875
vt 0.28125 0.28125
vt 0.28573125 0.28125
vt 0.28125 0.29492734374999996
vt 0.28125 0.29044499999999995
vt 0.28851390625 0.28850062499999996
vt 0.2885103125 0.296875
vt 0.28125 0.28961187499999996
vt 0.289624375 0.28961187499999996
vt 0.287676875 0.296875
vt 0.28319453125 0.29687312499999996
vt 0.28125 0.28125
vt 0.289621875 0.28125
vt 0.289621875 0.296875
vt 0.28125 0.296875
vt 0.28573125 0.296875
vt 0.28125 0.296875
vt 0.28125 0.28125
vt 0.28573125 0.28125
vt 0.28125 0.294930625
vt 0.28125 0.29044828125
vt 0.2885103125 0.28850062499999996
vt 0.28851390625 0.296875
vt 0.28125 0.28961187499999996
vt 0.289624375 0.28961187499999996
vt 0.28767984375 0.29687312499999996
vt 0.2831975 0.296875
vt 0.28125 0.28125
vt 0.289621875 0.28125
vt 0.289621875 0.296875
vt 0.28125 0.296875
vt 0.28573125 0.296875
vt 0.28125 0.296875
vt 0.28125 0.28125
vt 0.28573125 0.28125
vt 0.28125 0.29492968750000004
vt 0.28125 0.29044843750000005
vt 0.2885109375 0.28850312499999997
vt 0.2885109375 0.296875
vt 0.2885109375 0.28850312499999997
vt 0.2885109375 0.296875
vt 0.28125 0.29492968750000004
vt 0.28125 0.29044843750000005
vt 0.28125 0.28125
vt 0.289621875 0.28125
vt 0.289621875 0.296875
vt 0.28125 0.296875
vt 0.28573125 0.296875
vt 0.28125 0.296875
vt 0.28125 0.28125
vt 0.28573125 0.28125
vt 0.28767671875 0.296875
vt 0.283194375 0.296875
vt 0.28125 0.28961109375000005
vt 0.289624375 0.28961468749999997
vt 0.288513125 0.28850062499999996
vt 0.288513125 0.296875
vt 0.28125 0.2949275
vt 0.281251875 0.29044515625
vt 0.28125 0.28125
vt 0.289621875 0.28125
vt 0.289621875 0.296875
vt 0.28125 0.296875
vt 0.28573125 0.296875
vt 0.28125 0.296875
vt 0.28125 0.28125
vt 0.28573125 0.28125
vt 0.28768 0.296875
vt 0.28319765625 0.296875
vt 0.28125 0.28961468749999997
vt 0.289624375 0.28961109375000005
vt 0.288513125 0.28850062499999996
vt 0.288513125 0.296875
vt 0.281251875 0.29493046874999995
vt 0.28125 0.29044812499999995
vt 0.28125 0.28125
vt 0.289621875 0.28125
vt 0.289621875 0.296875
vt 0.28125 0.296875
vt 0.28573125 0.296875
vt 0.28125 0.296875
vt 0.28125 0.28125
vt 0.28573125 0.28125
vt 0.2876765625 0.296875
vt 0.2831953125 0.296875
vt 0.28125 0.2896140625
vt 0.289621875 0.2896140625
vt 0.289621875 0.296875
vt 0.28125 0.296875
vt 0.2831953125 0.2896140625
vt 0.2876765625 0.2896140625
vt 0.28125 0.28125
vt 0.289621875 0.28125
vt 0.289621875 0.296875
vt 0.28125 0.296875
vt 0.28573125 0.296875
vt 0.28125 0.296875
vt 0.28125 0.28125
vt 0.28573125 0.28125
vt 0.28851390625 0.29044828125
vt 0.28851390625 0.294930625
vt 0.28125 0.296875
vt 0.28125359375 0.28850062499999996
vt 0.289624375 0.296875
vt 0.28125 0.296875
vt 0.2831975 0.28961187499999996
vt 0.28767984375 0.28961390625000005
vt 0.28125 0.28125
vt 0.289621875 0.28125
vt 0.289621875 0.296875
vt 0.28125 0.296875
vt 0.28573125 0.296875
vt 0.28125 0.296875
vt 0.28125 0.28125
vt 0.28573125 0.28125
vt 0.28851390625 0.29044499999999995
vt 0.28851390625 0.29492734374999996
vt 0.28125359375 0.296875
vt 0.28125 0.28850062499999996
vt 0.289624375 0.296875
vt 0.28125 0.296875
vt 0.28319453125 0.28961390625000005
vt 0.287676875 0.28961187499999996
vt 0.28125 0.28125
vt 0.289621875 0.28125
vt 0.289621875 0.296875
vt 0.28125 0.296875
vt 0.28573125 0.296875
vt 0.28125 0.296875
vt 0.28125 0.28125
vt 0.28573125 0.28125
vt 0.2885109375 0.29044843750000005
vt 0.2885109375 0.29492968750000004
vt 0.28125 0.296875
vt 0.28125 0.28850312499999997
vt 0.28125 0.296875
vt 0.28125 0.28850312499999997
vt 0.2885109375 0.29044843750000005
vt 0.2885109375 0.29492968750000004
vt 0.28125 0.28125
vt 0.289621875 0.28125
vt 0.289621875 0.296875
vt 0.28125 0.296875
vt 0.28573125 0.296875
vt 0.28125 0.296875
vt 0.28125 0.28125
vt 0.28573125 0.28125
vt 0.28319765625 0.28961109375000005
vt 0.28768 0.28961109375000005
vt 0.289624375 0.296875
vt 0.28125 0.29687140624999997
vt 0.28125 0.296875
vt 0.28125 0.28850062499999996
vt 0.288513125 0.29044812499999995
vt 0.28851109375 0.29493046874999995
vt 0.28125 0.28125
vt 0.289621875 0.28125
vt 0.289621875 0.296875
vt 0.28125 0.296875
vt 0.28573125 0.296875
vt 0.28125 0.296875
vt 0.28125 0.28125
vt 0.28573125 0.28125
vt 0.283194375 0.28961109375000005
vt 0.28767671875 0.28961109375000005
vt 0.289624375 0.29687140624999997
vt 0.28125 0.296875
vt 0.28125 0.296875
vt 0.28125 0.28850062499999996
vt 0.28851109375 0.29044515625
vt 0.288513125 0.2949275
vt 0.28125 0.28125
vt 0.289621875 0.28125
vt 0.289621875 0.296875
vt 0.28125 0.296875
vt 0.28573125 0.296875
vt 0.28125 0.296875
vt 0.28125 0.28125
vt 0.28573125 0.28125
vt 0.2831953125 0.2896140625
vt 0.2876765625 0.2896140625
vt 0.289621875 0.296875
vt 0.28125 0.296875
vt 0.28125 0.2896140625
vt 0.289621875 0.2896140625
vt 0.2876765625 0.296875
vt 0.2831953125 0.296875
vt 0.21078125 0.79703125
vt 0.2421875 0.85140625
vt 0.125 0.8828125
vt 0.2421875 0.85140625
vt 0.2421875 0.91421875
vt 0.125 0.8828125
vt 0.2421875 0.91421875
vt 0.21078125 0.96859375
vt 0.125 0.8828125
vt 0.21078125 0.96859375
vt 0.15640625 1
vt 0.125 0.8828125
vt 0.15640625 1
vt 0.09359375 1
vt 0.125 0.8828125
vt 0.09359375 1
vt 0.03921875 0.96859375
vt 0.125 0.8828125
vt 0.03921875 0.96859375
vt 0.0078125 0.91421875
vt 0.125 0.8828125
vt 0.0078125 0.91421875
vt 0.0078125 0.85140625
vt 0.125 0.8828125
vt 0.0078125 0.85140625
vt 0.03921875 0.79703125
vt 0.125 0.8828125
vt 0.03921875 0.79703125
vt 0.09359375 0.765625
vt 0.125 0.8828125
vt 0.09359375 0.765625
vt 0.15640625 0.765625
vt 0.125 0.8828125
vt 0.15640625 0.765625
vt 0.21078125 0.79703125
vt 0.125 0.8828125
vt 0.59375 0.46875
vt 0.59375 0.484375
vt 0.5 0.484375
vt 0.5 0.46875
vt 0.59375 0.46875
vt 0.59375 0.484375
vt 0.5 0.484375
vt 0.5 0.46875
vt 0.53125 0.4375
vt 0.53125 0.484375
vt 0.5 0.484375
vt 0.5 0.4375
vt 0.53125 0.4375
vt 0.53125 0.484375
vt 0.5 0.484375
vt 0.5 0.4375
vt 0.53125 0.46875
vt 0.53125 0.484375
vt 0.5 0.484375
vt 0.5 0.46875
vt 0.53125 0.46875
vt 0.53125 0.484375
vt 0.5 0.484375
vt 0.5 0.46875
vt 0.5625 0.46875
vt 0.5625 0.484375
vt 0.5 0.484375
vt 0.5 0.46875
vt 0.5625 0.46875
vt 0.5625 0.484375
vt 0.5 0.484375
vt 0.5 0.46875
vt 0.51953125 0.453125
vt 0.51953125 0.484375
vt 0.5 0.484375
vt 0.5 0.453125
vt 0.51953125 0.453125
vt 0.51953125 0.484375
vt 0.5 0.484375
vt 0.5 0.453125
vt 0.51953125 0.46875
vt 0.51953125 0.484375
vt 0.5 0.484375
vt 0.5 0.46875
vt 0.51953125 0.46875
vt 0.51953125 0.484375
vt 0.5 0.484375
vt 0.5 0.46875
vt 0.5625 0.46875
vt 0.5625 0.484375
vt 0.5 0.484375
vt 0.5 0.46875
vt 0.5625 0.46875
vt 0.5625 0.484375
vt 0.5 0.484375
vt 0.5 0.46875
vt 0.51953125 0.453125
vt 0.51953125 0.484375
vt 0.5 0.484375
vt 0.5 0.453125
vt 0.51953125 0.453125
vt 0.51953125 0.484375
vt 0.5 0.484375
vt 0.5 0.453125
vt 0.51953125 0.46875
vt 0.51953125 0.484375
vt 0.5 0.484375
vt 0.5 0.46875
vt 0.51953125 0.46875
vt 0.51953125 0.484375
vt 0.5 0.484375
vt 0.5 0.46875
vt 0.28125 0.28125
vt 0.289621875 0.28125
vt 0.289621875 0.296875
vt 0.28125 0.296875
vt 0.28573125 0.296875
vt 0.28125 0.296875
vt 0.28125 0.28125
vt 0.28573125 0.28125
vt 0.28125 0.29492734374999996
vt 0.28125 0.29044499999999995
vt 0.28851390625 0.28850062499999996
vt 0.2885103125 0.296875
vt 0.28125 0.28961187499999996
vt 0.289624375 0.28961187499999996
vt 0.287676875 0.296875
vt 0.28319453125 0.29687312499999996
vt 0.28125 0.28125
vt 0.289621875 0.28125
vt 0.289621875 0.296875
vt 0.28125 0.296875
vt 0.28573125 0.296875
vt 0.28125 0.296875
vt 0.28125 0.28125
vt 0.28573125 0.28125
vt 0.28125 0.294930625
vt 0.28125 0.29044828125
vt 0.2885103125 0.28850062499999996
vt 0.28851390625 0.296875
vt 0.28125 0.28961187499999996
vt 0.289624375 0.28961187499999996
vt 0.28767984375 0.29687312499999996
vt 0.2831975 0.296875
vt 0.28125 0.28125
vt 0.289621875 0.28125
vt 0.289621875 0.296875
vt 0.28125 0.296875
vt 0.28573125 0.296875
vt 0.28125 0.296875
vt 0.28125 0.28125
vt 0.28573125 0.28125
vt 0.28125 0.29492968750000004
vt 0.28125 0.29044843750000005
vt 0.2885109375 0.28850312499999997
vt 0.2885109375 0.296875
vt 0.2885109375 0.28850312499999997
vt 0.2885109375 0.296875
vt 0.28125 0.29492968750000004
vt 0.28125 0.29044843750000005
vt 0.28125 0.28125
vt 0.289621875 0.28125
vt 0.289621875 0.296875
vt 0.28125 0.296875
vt 0.28573125 0.296875
vt 0.28125 0.296875
vt 0.28125 0.28125
vt 0.28573125 0.28125
vt 0.28767671875 0.296875
vt 0.283194375 0.296875
vt 0.28125 0.28961109375000005
vt 0.289624375 0.28961468749999997
vt 0.288513125 0.28850062499999996
vt 0.288513125 0.296875
vt 0.28125 0.2949275
vt 0.281251875 0.29044515625
vt 0.28125 0.28125
vt 0.289621875 0.28125
vt 0.289621875 0.296875
vt 0.28125 0.296875
vt 0.28573125 0.296875
vt 0.28125 0.296875
vt 0.28125 0.28125
vt 0.28573125 0.28125
vt 0.28768 0.296875
vt 0.28319765625 0.296875
vt 0.28125 0.28961468749999997
vt 0.289624375 0.28961109375000005
vt 0.288513125 0.28850062499999996
vt 0.288513125 0.296875
vt 0.281251875 0.29493046874999995
vt 0.28125 0.29044812499999995
vt 0.28125 0.28125
vt 0.289621875 0.28125
vt 0.289621875 0.296875
vt 0.28125 0.296875
vt 0.28573125 0.296875
vt 0.28125 0.296875
vt 0.28125 0.28125
vt 0.28573125 0.28125
vt 0.2876765625 0.296875
vt 0.2831953125 0.296875
vt 0.28125 0.2896140625
vt 0.289621875 0.2896140625
vt 0.289621875 0.296875
vt 0.28125 0.296875
vt 0.2831953125 0.2896140625
vt 0.2876765625 0.2896140625
vt 0.28125 0.28125
vt 0.289621875 0.28125
vt 0.289621875 0.296875
vt 0.28125 0.296875
vt 0.28573125 0.296875
vt 0.28125 0.296875
vt 0.28125 0.28125
vt 0.28573125 0.28125
vt 0.28851390625 0.29044828125
vt 0.28851390625 0.294930625
vt 0.28125 0.296875
vt 0.28125359375 0.28850062499999996
vt 0.289624375 0.296875
vt 0.28125 0.296875
vt 0.2831975 0.28961187499999996
vt 0.28767984375 0.28961390625000005
vt 0.28125 0.28125
vt 0.289621875 0.28125
vt 0.289621875 0.296875
vt 0.28125 0.296875
vt 0.28573125 0.296875
vt 0.28125 0.296875
vt 0.28125 0.28125
vt 0.28573125 0.28125
vt 0.28851390625 0.29044499999999995
vt 0.28851390625 0.29492734374999996
vt 0.28125359375 0.296875
vt 0.28125 0.28850062499999996
vt 0.289624375 0.296875
vt 0.28125 0.296875
vt 0.28319453125 0.28961390625000005
vt 0.287676875 0.28961187499999996
vt 0.28125 0.28125
vt 0.289621875 0.28125
vt 0.289621875 0.296875
vt 0.28125 0.296875
vt 0.28573125 0.296875
vt 0.28125 0.296875
vt 0.28125 0.28125
vt 0.28573125 0.28125
vt 0.2885109375 0.29044843750000005
vt 0.2885109375 0.29492968750000004
vt 0.28125 0.296875
vt 0.28125 0.28850312499999997
vt 0.28125 0.296875
vt 0.28125 0.28850312499999997
vt 0.2885109375 0.29044843750000005
vt 0.2885109375 0.29492968750000004
vt 0.28125 0.28125
vt 0.289621875 0.28125
vt 0.289621875 0.296875
vt 0.28125 0.296875
vt 0.28573125 0.296875
vt 0.28125 0.296875
vt 0.28125 0.28125
vt 0.28573125 0.28125
vt 0.28319765625 0.28961109375000005
vt 0.28768 0.28961109375000005
vt 0.289624375 0.296875
vt 0.28125 0.29687140624999997
vt 0.28125 0.296875
vt 0.28125 0.28850062499999996
vt 0.288513125 0.29044812499999995
vt 0.28851109375 0.29493046874999995
vt 0.28125 0.28125
vt 0.289621875 0.28125
vt 0.289621875 0.296875
vt 0.28125 0.296875
vt 0.28573125 0.296875
vt 0.28125 0.296875
vt 0.28125 0.28125
vt 0.28573125 0.28125
vt 0.283194375 0.28961109375000005
vt 0.28767671875 0.28961109375000005
vt 0.289624375 0.29687140624999997
vt 0.28125 0.296875
vt 0.28125 0.296875
vt 0.28125 0.28850062499999996
vt 0.28851109375 0.29044515625
vt 0.288513125 0.2949275
vt 0.28125 0.28125
vt 0.289621875 0.28125
vt 0.289621875 0.296875
vt 0.28125 0.296875
vt 0.28573125 0.296875
vt 0.28125 0.296875
vt 0.28125 0.28125
vt 0.28573125 0.28125
vt 0.2831953125 0.2896140625
vt 0.2876765625 0.2896140625
vt 0.289621875 0.296875
vt 0.28125 0.296875
vt 0.28125 0.2896140625
vt 0.289621875 0.2896140625
vt 0.2876765625 0.296875
vt 0.2831953125 0.296875
vt 0.21078125 0.79703125
vt 0.2421875 0.85140625
vt 0.125 0.8828125
vt 0.2421875 0.85140625
vt 0.2421875 0.91421875
vt 0.125 0.8828125
vt 0.2421875 0.91421875
vt 0.21078125 0.96859375
vt 0.125 0.8828125
vt 0.21078125 0.96859375
vt 0.15640625 1
vt 0.125 0.8828125
vt 0.15640625 1
vt 0.09359375 1
vt 0.125 0.8828125
vt 0.09359375 1
vt 0.03921875 0.96859375
vt 0.125 0.8828125
vt 0.03921875 0.96859375
vt 0.0078125 0.91421875
vt 0.125 0.8828125
vt 0.0078125 0.91421875
vt 0.0078125 0.85140625
vt 0.125 0.8828125
vt 0.0078125 0.85140625
vt 0.03921875 0.79703125
vt 0.125 0.8828125
vt 0.03921875 0.79703125
vt 0.09359375 0.765625
vt 0.125 0.8828125
vt 0.09359375 0.765625
vt 0.15640625 0.765625
vt 0.125 0.8828125
vt 0.15640625 0.765625
vt 0.21078125 0.79703125
vt 0.125 0.8828125
vt 0.3247625 0.6752374999999999
vt 0.375 0.7622625000000001
vt 0.1875 0.8125
vt 0.375 0.7622625000000001
vt 0.375 0.8627374999999999
vt 0.1875 0.8125
vt 0.375 0.8627374999999999
vt 0.3247625 0.9497625
vt 0.1875 0.8125
vt 0.3247625 0.9497625
vt 0.2377375 1
vt 0.1875 0.8125
vt 0.2377375 1
vt 0.1372625 1
vt 0.1875 0.8125
vt 0.1372625 1
vt 0.0502375 0.9497625
vt 0.1875 0.8125
vt 0.0502375 0.9497625
vt 0 0.8627374999999999
vt 0.1875 0.8125
vt 0 0.8627374999999999
vt 0 0.7622625000000001
vt 0.1875 0.8125
vt 0 0.7622625000000001
vt 0.0502375 0.6752374999999999
vt 0.1875 0.8125
vt 0.0502375 0.6752374999999999
vt 0.1372625 0.625
vt 0.1875 0.8125
vt 0.1372625 0.625
vt 0.2377375 0.625
vt 0.1875 0.8125
vt 0.2377375 0.625
vt 0.3247625 0.6752374999999999
vt 0.1875 0.8125
vt 0.28125 0.28125
vt 0.29485625 0.28125
vt 0.29485625 0.296875
vt 0.28125 0.296875
vt 0.29115 0.296875
vt 0.28125 0.296875
vt 0.28125 0.28125
vt 0.29115 0.28125
vt 0.28125 0.29502125
vt 0.28125 0.28512140625000004
vt 0.28816765625 0.2832678125
vt 0.28816703125 0.296875
vt 0.28125 0.2899575
vt 0.2948571875 0.2899575
vt 0.29300328125 0.296875
vt 0.2831034375 0.29687453124999996
vt 0.28125 0.28125
vt 0.29485625 0.28125
vt 0.29485625 0.296875
vt 0.28125 0.296875
vt 0.29115 0.296875
vt 0.28125 0.296875
vt 0.28125 0.28125
vt 0.29115 0.28125
vt 0.28125 0.2950215625
vt 0.28125 0.28512171875000003
vt 0.28816703125 0.2832678125
vt 0.28816765625 0.296875
vt 0.28125 0.2899575
vt 0.2948571875 0.2899575
vt 0.29300359375 0.29687453124999996
vt 0.28310390625 0.296875
vt 0.28125 0.28125
vt 0.29485625 0.28125
vt 0.29485625 0.296875
vt 0.28125 0.296875
vt 0.29115 0.296875
vt 0.28125 0.296875
vt 0.28125 0.28125
vt 0.29115 0.28125
vt 0.28125 0.295021875
vt 0.28125 0.28512187499999997
vt 0.2881671875 0.28326874999999996
vt 0.2881671875 0.296875
vt 0.2881671875 0.28326874999999996
vt 0.2881671875 0.296875
vt 0.28125 0.295021875
vt 0.28125 0.28512187499999997
vt 0.28125 0.28125
vt 0.29485625 0.28125
vt 0.29485625 0.296875
vt 0.28125 0.296875
vt 0.29115 0.296875
vt 0.28125 0.296875
vt 0.28125 0.28125
vt 0.29115 0.28125
vt 0.29300328125 0.296875
vt 0.2831034375 0.296875
vt 0.28125 0.28995734375000004
vt 0.2948571875 0.28995796875
vt 0.2881675 0.2832678125
vt 0.2881675 0.296875
vt 0.28125 0.29502109374999996
vt 0.28125046875 0.28512140625000004
vt 0.28125 0.28125
vt 0.29485625 0.28125
vt 0.29485625 0.296875
vt 0.28125 0.296875
vt 0.29115 0.296875
vt 0.28125 0.296875
vt 0.28125 0.28125
vt 0.29115 0.28125
vt 0.29300359375 0.296875
vt 0.28310375 0.296875
vt 0.28125 0.28995796875
vt 0.2948571875 0.28995734375000004
vt 0.2881675 0.2832678125
vt 0.2881675 0.296875
vt 0.28125046875 0.2950215625
vt 0.28125 0.28512171875000003
vt 0.28125 0.28125
vt 0.29485625 0.28125
vt 0.29485625 0.296875
vt 0.28125 0.296875
vt 0.29115 0.296875
vt 0.28125 0.296875
vt 0.28125 0.28125
vt 0.29115 0.28125
vt 0.293003125 0.296875
vt 0.283103125 0.296875
vt 0.28125 0.28995781249999997
vt 0.29485625 0.28995781249999997
vt 0.29485625 0.296875
vt 0.28125 0.296875
vt 0.283103125 0.28995781249999997
vt 0.293003125 0.28995781249999997
vt 0.28125 0.28125
vt 0.29485625 0.28125
vt 0.29485625 0.296875
vt 0.28125 0.296875
vt 0.29115 0.296875
vt 0.28125 0.296875
vt 0.28125 0.28125
vt 0.29115 0.28125
vt 0.28816765625 0.28512171875000003
vt 0.28816765625 0.2950215625
vt 0.28125 0.296875
vt 0.281250625 0.2832678125
vt 0.2948571875 0.296875
vt 0.28125 0.296875
vt 0.28310390625 0.2899575
vt 0.29300359375 0.28995796875
vt 0.28125 0.28125
vt 0.29485625 0.28125
vt 0.29485625 0.296875
vt 0.28125 0.296875
vt 0.29115 0.296875
vt 0.28125 0.296875
vt 0.28125 0.28125
vt 0.29115 0.28125
vt 0.28816765625 0.28512140625000004
vt 0.28816765625 0.29502125
vt 0.281250625 0.296875
vt 0.28125 0.2832678125
vt 0.2948571875 0.296875
vt 0.28125 0.296875
vt 0.2831034375 0.28995796875
vt 0.29300328125 0.2899575
vt 0.28125 0.28125
vt 0.29485625 0.28125
vt 0.29485625 0.296875
vt 0.28125 0.296875
vt 0.29115 0.296875
vt 0.28125 0.296875
vt 0.28125 0.28125
vt 0.29115 0.28125
vt 0.2881671875 0.28512187499999997
vt 0.2881671875 0.295021875
vt 0.28125 0.296875
vt 0.28125 0.28326874999999996
vt 0.28125 0.296875
vt 0.28125 0.28326874999999996
vt 0.2881671875 0.28512187499999997
vt 0.2881671875 0.295021875
vt 0.28125 0.28125
vt 0.29485625 0.28125
vt 0.29485625 0.296875
vt 0.28125 0.296875
vt 0.29115 0.296875
vt 0.28125 0.296875
vt 0.28125 0.28125
vt 0.29115 0.28125
vt 0.28310375 0.28995734375000004
vt 0.29300359375 0.28995734375000004
vt 0.2948571875 0.296875
vt 0.28125 0.296874375
vt 0.28125 0.296875
vt 0.28125 0.2832678125
vt 0.2881675 0.28512171875000003
vt 0.28816703125 0.2950215625
vt 0.28125 0.28125
vt 0.29485625 0.28125
vt 0.29485625 0.296875
vt 0.28125 0.296875
vt 0.29115 0.296875
vt 0.28125 0.296875
vt 0.28125 0.28125
vt 0.29115 0.28125
vt 0.2831034375 0.28995734375000004
vt 0.29300328125 0.28995734375000004
vt 0.2948571875 0.296874375
vt 0.28125 0.296875
vt 0.28125 0.296875
vt 0.28125 0.2832678125
vt 0.28816703125 0.28512140625000004
vt 0.2881675 0.29502109374999996
vt 0.28125 0.28125
vt 0.29485625 0.28125
vt 0.29485625 0.296875
vt 0.28125 0.296875
vt 0.29115 0.296875
vt 0.28125 0.296875
vt 0.28125 0.28125
vt 0.29115 0.28125
vt 0.283103125 0.28995781249999997
vt 0.293003125 0.28995781249999997
vt 0.29485625 0.296875
vt 0.28125 0.296875
vt 0.28125 0.28995781249999997
vt 0.29485625 0.28995781249999997
vt 0.293003125 0.296875
vt 0.283103125 0.296875
vt 0.3247625 0.6752374999999999
vt 0.375 0.7622625000000001
vt 0.1875 0.8125
vt 0.375 0.7622625000000001
vt 0.375 0.8627374999999999
vt 0.1875 0.8125
vt 0.375 0.8627374999999999
vt 0.3247625 0.9497625
vt 0.1875 0.8125
vt 0.3247625 0.9497625
vt 0.2377375 1
vt 0.1875 0.8125
vt 0.2377375 1
vt 0.1372625 1
vt 0.1875 0.8125
vt 0.1372625 1
vt 0.0502375 0.9497625
vt 0.1875 0.8125
vt 0.0502375 0.9497625
vt 0 0.8627374999999999
vt 0.1875 0.8125
vt 0 0.8627374999999999
vt 0 0.7622625000000001
vt 0.1875 0.8125
vt 0 0.7622625000000001
vt 0.0502375 0.6752374999999999
vt 0.1875 0.8125
vt 0.0502375 0.6752374999999999
vt 0.1372625 0.625
vt 0.1875 0.8125
vt 0.1372625 0.625
vt 0.2377375 0.625
vt 0.1875 0.8125
vt 0.2377375 0.625
vt 0.3247625 0.6752374999999999
vt 0.1875 0.8125
vt 0.28125 0.28125
vt 0.29485625 0.28125
vt 0.29485625 0.296875
vt 0.28125 0.296875
vt 0.29115 0.296875
vt 0.28125 0.296875
vt 0.28125 0.28125
vt 0.29115 0.28125
vt 0.28125 0.29502125
vt 0.28125 0.28512140625000004
vt 0.28816765625 0.2832678125
vt 0.28816703125 0.296875
vt 0.28125 0.2899575
vt 0.2948571875 0.2899575
vt 0.29300328125 0.296875
vt 0.2831034375 0.29687453124999996
vt 0.28125 0.28125
vt 0.29485625 0.28125
vt 0.29485625 0.296875
vt 0.28125 0.296875
vt 0.29115 0.296875
vt 0.28125 0.296875
vt 0.28125 0.28125
vt 0.29115 0.28125
vt 0.28125 0.2950215625
vt 0.28125 0.28512171875000003
vt 0.28816703125 0.2832678125
vt 0.28816765625 0.296875
vt 0.28125 0.2899575
vt 0.2948571875 0.2899575
vt 0.29300359375 0.29687453124999996
vt 0.28310390625 0.296875
vt 0.28125 0.28125
vt 0.29485625 0.28125
vt 0.29485625 0.296875
vt 0.28125 0.296875
vt 0.29115 0.296875
vt 0.28125 0.296875
vt 0.28125 0.28125
vt 0.29115 0.28125
vt 0.28125 0.295021875
vt 0.28125 0.28512187499999997
vt 0.2881671875 0.28326874999999996
vt 0.2881671875 0.296875
vt 0.2881671875 0.28326874999999996
vt 0.2881671875 0.296875
vt 0.28125 0.295021875
vt 0.28125 0.28512187499999997
vt 0.28125 0.28125
vt 0.29485625 0.28125
vt 0.29485625 0.296875
vt 0.28125 0.296875
vt 0.29115 0.296875
vt 0.28125 0.296875
vt 0.28125 0.28125
vt 0.29115 0.28125
vt 0.29300328125 0.296875
vt 0.2831034375 0.296875
vt 0.28125 0.28995734375000004
vt 0.2948571875 0.28995796875
vt 0.2881675 0.2832678125
vt 0.2881675 0.296875
vt 0.28125 0.29502109374999996
vt 0.28125046875 0.28512140625000004
vt 0.28125 0.28125
vt 0.29485625 0.28125
vt 0.29485625 0.296875
vt 0.28125 0.296875
vt 0.29115 0.296875
vt 0.28125 0.296875
vt 0.28125 0.28125
vt 0.29115 0.28125
vt 0.29300359375 0.296875
vt 0.28310375 0.296875
vt 0.28125 0.28995796875
vt 0.2948571875 0.28995734375000004
vt 0.2881675 0.2832678125
vt 0.2881675 0.296875
vt 0.28125046875 0.2950215625
vt 0.28125 0.28512171875000003
vt 0.28125 0.28125
vt 0.29485625 0.28125
vt 0.29485625 0.296875
vt 0.28125 0.296875
vt 0.29115 0.296875
vt 0.28125 0.296875
vt 0.28125 0.28125
vt 0.29115 0.28125
vt 0.293003125 0.296875
vt 0.283103125 0.296875
vt 0.28125 0.28995781249999997
vt 0.29485625 0.28995781249999997
vt 0.29485625 0.296875
vt 0.28125 0.296875
vt 0.283103125 0.28995781249999997
vt 0.293003125 0.28995781249999997
vt 0.28125 0.28125
vt 0.29485625 0.28125
vt 0.29485625 0.296875
vt 0.28125 0.296875
vt 0.29115 0.296875
vt 0.28125 0.296875
vt 0.28125 0.28125
vt 0.29115 0.28125
vt 0.28816765625 0.28512171875000003
vt 0.28816765625 0.2950215625
vt 0.28125 0.296875
vt 0.281250625 0.2832678125
vt 0.2948571875 0.296875
vt 0.28125 0.296875
vt 0.28310390625 0.2899575
vt 0.29300359375 0.28995796875
vt 0.28125 0.28125
vt 0.29485625 0.28125
vt 0.29485625 0.296875
vt 0.28125 0.296875
vt 0.29115 0.296875
vt 0.28125 0.296875
vt 0.28125 0.28125
vt 0.29115 0.28125
vt 0.28816765625 0.28512140625000004
vt 0.28816765625 0.29502125
vt 0.281250625 0.296875
vt 0.28125 0.2832678125
vt 0.2948571875 0.296875
vt 0.28125 0.296875
vt 0.2831034375 0.28995796875
vt 0.29300328125 0.2899575
vt 0.28125 0.28125
vt 0.29485625 0.28125
vt 0.29485625 0.296875
vt 0.28125 0.296875
vt 0.29115 0.296875
vt 0.28125 0.296875
vt 0.28125 0.28125
vt 0.29115 0.28125
vt 0.2881671875 0.28512187499999997
vt 0.2881671875 0.295021875
vt 0.28125 0.296875
vt 0.28125 0.28326874999999996
vt 0.28125 0.296875
vt 0.28125 0.28326874999999996
vt 0.2881671875 0.28512187499999997
vt 0.2881671875 0.295021875
vt 0.28125 0.28125
vt 0.29485625 0.28125
vt 0.29485625 0.296875
vt 0.28125 0.296875
vt 0.29115 0.296875
vt 0.28125 0.296875
vt 0.28125 0.28125
vt 0.29115 0.28125
vt 0.28310375 0.28995734375000004
vt 0.29300359375 0.28995734375000004
vt 0.2948571875 0.296875
vt 0.28125 0.296874375
vt 0.28125 0.296875
vt 0.28125 0.2832678125
vt 0.2881675 0.28512171875000003
vt 0.28816703125 0.2950215625
vt 0.28125 0.28125
vt 0.29485625 0.28125
vt 0.29485625 0.296875
vt 0.28125 0.296875
vt 0.29115 0.296875
vt 0.28125 0.296875
vt 0.28125 0.28125
vt 0.29115 0.28125
vt 0.2831034375 0.28995734375000004
vt 0.29300328125 0.28995734375000004
vt 0.2948571875 0.296874375
vt 0.28125 0.296875
vt 0.28125 0.296875
vt 0.28125 0.2832678125
vt 0.28816703125 0.28512140625000004
vt 0.2881675 0.29502109374999996
vt 0.28125 0.28125
vt 0.29485625 0.28125
vt 0.29485625 0.296875
vt 0.28125 0.296875
vt 0.29115 0.296875
vt 0.28125 0.296875
vt 0.28125 0.28125
vt 0.29115 0.28125
vt 0.283103125 0.28995781249999997
vt 0.293003125 0.28995781249999997
vt 0.29485625 0.296875
vt 0.28125 0.296875
vt 0.28125 0.28995781249999997
vt 0.29485625 0.28995781249999997
vt 0.293003125 0.296875
vt 0.283103125 0.296875
vt 0.3247625 0.6752374999999999
vt 0.375 0.7622625000000001
vt 0.1875 0.8125
vt 0.375 0.7622625000000001
vt 0.375 0.8627374999999999
vt 0.1875 0.8125
vt 0.375 0.8627374999999999
vt 0.3247625 0.9497625
vt 0.1875 0.8125
vt 0.3247625 0.9497625
vt 0.2377375 1
vt 0.1875 0.8125
vt 0.2377375 1
vt 0.1372625 1
vt 0.1875 0.8125
vt 0.1372625 1
vt 0.0502375 0.9497625
vt 0.1875 0.8125
vt 0.0502375 0.9497625
vt 0 0.8627374999999999
vt 0.1875 0.8125
vt 0 0.8627374999999999
vt 0 0.7622625000000001
vt 0.1875 0.8125
vt 0 0.7622625000000001
vt 0.0502375 0.6752374999999999
vt 0.1875 0.8125
vt 0.0502375 0.6752374999999999
vt 0.1372625 0.625
vt 0.1875 0.8125
vt 0.1372625 0.625
vt 0.2377375 0.625
vt 0.1875 0.8125
vt 0.2377375 0.625
vt 0.3247625 0.6752374999999999
vt 0.1875 0.8125
vt 0.28125 0.28125
vt 0.29485625 0.28125
vt 0.29485625 0.296875
vt 0.28125 0.296875
vt 0.29115 0.296875
vt 0.28125 0.296875
vt 0.28125 0.28125
vt 0.29115 0.28125
vt 0.28125 0.29502125
vt 0.28125 0.28512140625000004
vt 0.28816765625 0.2832678125
vt 0.28816703125 0.296875
vt 0.28125 0.2899575
vt 0.2948571875 0.2899575
vt 0.29300328125 0.296875
vt 0.2831034375 0.29687453124999996
vt 0.28125 0.28125
vt 0.29485625 0.28125
vt 0.29485625 0.296875
vt 0.28125 0.296875
vt 0.29115 0.296875
vt 0.28125 0.296875
vt 0.28125 0.28125
vt 0.29115 0.28125
vt 0.28125 0.2950215625
vt 0.28125 0.28512171875000003
vt 0.28816703125 0.2832678125
vt 0.28816765625 0.296875
vt 0.28125 0.2899575
vt 0.2948571875 0.2899575
vt 0.29300359375 0.29687453124999996
vt 0.28310390625 0.296875
vt 0.28125 0.28125
vt 0.29485625 0.28125
vt 0.29485625 0.296875
vt 0.28125 0.296875
vt 0.29115 0.296875
vt 0.28125 0.296875
vt 0.28125 0.28125
vt 0.29115 0.28125
vt 0.28125 0.295021875
vt 0.28125 0.28512187499999997
vt 0.2881671875 0.28326874999999996
vt 0.2881671875 0.296875
vt 0.2881671875 0.28326874999999996
vt 0.2881671875 0.296875
vt 0.28125 0.295021875
vt 0.28125 0.28512187499999997
vt 0.28125 0.28125
vt 0.29485625 0.28125
vt 0.29485625 0.296875
vt 0.28125 0.296875
vt 0.29115 0.296875
vt 0.28125 0.296875
vt 0.28125 0.28125
vt 0.29115 0.28125
vt 0.29300328125 0.296875
vt 0.2831034375 0.296875
vt 0.28125 0.28995734375000004
vt 0.2948571875 0.28995796875
vt 0.2881675 0.2832678125
vt 0.2881675 0.296875
vt 0.28125 0.29502109374999996
vt 0.28125046875 0.28512140625000004
vt 0.28125 0.28125
vt 0.29485625 0.28125
vt 0.29485625 0.296875
vt 0.28125 0.296875
vt 0.29115 0.296875
vt 0.28125 0.296875
vt 0.28125 0.28125
vt 0.29115 0.28125
vt 0.29300359375 0.296875
vt 0.28310375 0.296875
vt 0.28125 0.28995796875
vt 0.2948571875 0.28995734375000004
vt 0.2881675 0.2832678125
vt 0.2881675 0.296875
vt 0.28125046875 0.2950215625
vt 0.28125 0.28512171875000003
vt 0.28125 0.28125
vt 0.29485625 0.28125
vt 0.29485625 0.296875
vt 0.28125 0.296875
vt 0.29115 0.296875
vt 0.28125 0.296875
vt 0.28125 0.28125
vt 0.29115 0.28125
vt 0.293003125 0.296875
vt 0.283103125 0.296875
vt 0.28125 0.28995781249999997
vt 0.29485625 0.28995781249999997
vt 0.29485625 0.296875
vt 0.28125 0.296875
vt 0.283103125 0.28995781249999997
vt 0.293003125 0.28995781249999997
vt 0.28125 0.28125
vt 0.29485625 0.28125
vt 0.29485625 0.296875
vt 0.28125 0.296875
vt 0.29115 0.296875
vt 0.28125 0.296875
vt 0.28125 0.28125
vt 0.29115 0.28125
vt 0.28816765625 0.28512171875000003
vt 0.28816765625 0.2950215625
vt 0.28125 0.296875
vt 0.281250625 0.2832678125
vt 0.2948571875 0.296875
vt 0.28125 0.296875
vt 0.28310390625 0.2899575
vt 0.29300359375 0.28995796875
vt 0.28125 0.28125
vt 0.29485625 0.28125
vt 0.29485625 0.296875
vt 0.28125 0.296875
vt 0.29115 0.296875
vt 0.28125 0.296875
vt 0.28125 0.28125
vt 0.29115 0.28125
vt 0.28816765625 0.28512140625000004
vt 0.28816765625 0.29502125
vt 0.281250625 0.296875
vt 0.28125 0.2832678125
vt 0.2948571875 0.296875
vt 0.28125 0.296875
vt 0.2831034375 0.28995796875
vt 0.29300328125 0.2899575
vt 0.28125 0.28125
vt 0.29485625 0.28125
vt 0.29485625 0.296875
vt 0.28125 0.296875
vt 0.29115 0.296875
vt 0.28125 0.296875
vt 0.28125 0.28125
vt 0.29115 0.28125
vt 0.2881671875 0.28512187499999997
vt 0.2881671875 0.295021875
vt 0.28125 0.296875
vt 0.28125 0.28326874999999996
vt 0.28125 0.296875
vt 0.28125 0.28326874999999996
vt 0.2881671875 0.28512187499999997
vt 0.2881671875 0.295021875
vt 0.28125 0.28125
vt 0.29485625 0.28125
vt 0.29485625 0.296875
vt 0.28125 0.296875
vt 0.29115 0.296875
vt 0.28125 0.296875
vt 0.28125 0.28125
vt 0.29115 0.28125
vt 0.28310375 0.28995734375000004
vt 0.29300359375 0.28995734375000004
vt 0.2948571875 0.296875
vt 0.28125 0.296874375
vt 0.28125 0.296875
vt 0.28125 0.2832678125
vt 0.2881675 0.28512171875000003
vt 0.28816703125 0.2950215625
vt 0.28125 0.28125
vt 0.29485625 0.28125
vt 0.29485625 0.296875
vt 0.28125 0.296875
vt 0.29115 0.296875
vt 0.28125 0.296875
vt 0.28125 0.28125
vt 0.29115 0.28125
vt 0.2831034375 0.28995734375000004
vt 0.29300328125 0.28995734375000004
vt 0.2948571875 0.296874375
vt 0.28125 0.296875
vt 0.28125 0.296875
vt 0.28125 0.2832678125
vt 0.28816703125 0.28512140625000004
vt 0.2881675 0.29502109374999996
vt 0.28125 0.28125
vt 0.29485625 0.28125
vt 0.29485625 0.296875
vt 0.28125 0.296875
vt 0.29115 0.296875
vt 0.28125 0.296875
vt 0.28125 0.28125
vt 0.29115 0.28125
vt 0.283103125 0.28995781249999997
vt 0.293003125 0.28995781249999997
vt 0.29485625 0.296875
vt 0.28125 0.296875
vt 0.28125 0.28995781249999997
vt 0.29485625 0.28995781249999997
vt 0.293003125 0.296875
vt 0.283103125 0.296875
vt 0.3247625 0.6752374999999999
vt 0.375 0.7622625000000001
vt 0.1875 0.8125
vt 0.375 0.7622625000000001
vt 0.375 0.8627374999999999
vt 0.1875 0.8125
vt 0.375 0.8627374999999999
vt 0.3247625 0.9497625
vt 0.1875 0.8125
vt 0.3247625 0.9497625
vt 0.2377375 1
vt 0.1875 0.8125
vt 0.2377375 1
vt 0.1372625 1
vt 0.1875 0.8125
vt 0.1372625 1
vt 0.0502375 0.9497625
vt 0.1875 0.8125
vt 0.0502375 0.9497625
vt 0 0.8627374999999999
vt 0.1875 0.8125
vt 0 0.8627374999999999
vt 0 0.7622625000000001
vt 0.1875 0.8125
vt 0 0.7622625000000001
vt 0.0502375 0.6752374999999999
vt 0.1875 0.8125
vt 0.0502375 0.6752374999999999
vt 0.1372625 0.625
vt 0.1875 0.8125
vt 0.1372625 0.625
vt 0.2377375 0.625
vt 0.1875 0.8125
vt 0.2377375 0.625
vt 0.3247625 0.6752374999999999
vt 0.1875 0.8125
vt 0.28125 0.28125
vt 0.29485625 0.28125
vt 0.29485625 0.296875
vt 0.28125 0.296875
vt 0.29115 0.296875
vt 0.28125 0.296875
vt 0.28125 0.28125
vt 0.29115 0.28125
vt 0.28125 0.29502125
vt 0.28125 0.28512140625000004
vt 0.28816765625 0.2832678125
vt 0.28816703125 0.296875
vt 0.28125 0.2899575
vt 0.2948571875 0.2899575
vt 0.29300328125 0.296875
vt 0.2831034375 0.29687453124999996
vt 0.28125 0.28125
vt 0.29485625 0.28125
vt 0.29485625 0.296875
vt 0.28125 0.296875
vt 0.29115 0.296875
vt 0.28125 0.296875
vt 0.28125 0.28125
vt 0.29115 0.28125
vt 0.28125 0.2950215625
vt 0.28125 0.28512171875000003
vt 0.28816703125 0.2832678125
vt 0.28816765625 0.296875
vt 0.28125 0.2899575
vt 0.2948571875 0.2899575
vt 0.29300359375 0.29687453124999996
vt 0.28310390625 0.296875
vt 0.28125 0.28125
vt 0.29485625 0.28125
vt 0.29485625 0.296875
vt 0.28125 0.296875
vt 0.29115 0.296875
vt 0.28125 0.296875
vt 0.28125 0.28125
vt 0.29115 0.28125
vt 0.28125 0.295021875
vt 0.28125 0.28512187499999997
vt 0.2881671875 0.28326874999999996
vt 0.2881671875 0.296875
vt 0.2881671875 0.28326874999999996
vt 0.2881671875 0.296875
vt 0.28125 0.295021875
vt 0.28125 0.28512187499999997
vt 0.28125 0.28125
vt 0.29485625 0.28125
vt 0.29485625 0.296875
vt 0.28125 0.296875
vt 0.29115 0.296875
vt 0.28125 0.296875
vt 0.28125 0.28125
vt 0.29115 0.28125
vt 0.29300328125 0.296875
vt 0.2831034375 0.296875
vt 0.28125 0.28995734375000004
vt 0.2948571875 0.28995796875
vt 0.2881675 0.2832678125
vt 0.2881675 0.296875
vt 0.28125 0.29502109374999996
vt 0.28125046875 0.28512140625000004
vt 0.28125 0.28125
vt 0.29485625 0.28125
vt 0.29485625 0.296875
vt 0.28125 0.296875
vt 0.29115 0.296875
vt 0.28125 0.296875
vt 0.28125 0.28125
vt 0.29115 0.28125
vt 0.29300359375 0.296875
vt 0.28310375 0.296875
vt 0.28125 0.28995796875
vt 0.2948571875 0.28995734375000004
vt 0.2881675 0.2832678125
vt 0.2881675 0.296875
vt 0.28125046875 0.2950215625
vt 0.28125 0.28512171875000003
vt 0.28125 0.28125
vt 0.29485625 0.28125
vt 0.29485625 0.296875
vt 0.28125 0.296875
vt 0.29115 0.296875
vt 0.28125 0.296875
vt 0.28125 0.28125
vt 0.29115 0.28125
vt 0.293003125 0.296875
vt 0.283103125 0.296875
vt 0.28125 0.28995781249999997
vt 0.29485625 0.28995781249999997
vt 0.29485625 0.296875
vt 0.28125 0.296875
vt 0.283103125 0.28995781249999997
vt 0.293003125 0.28995781249999997
vt 0.28125 0.28125
vt 0.29485625 0.28125
vt 0.29485625 0.296875
vt 0.28125 0.296875
vt 0.29115 0.296875
vt 0.28125 0.296875
vt 0.28125 0.28125
vt 0.29115 0.28125
vt 0.28816765625 0.28512171875000003
vt 0.28816765625 0.2950215625
vt 0.28125 0.296875
vt 0.281250625 0.2832678125
vt 0.2948571875 0.296875
vt 0.28125 0.296875
vt 0.28310390625 0.2899575
vt 0.29300359375 0.28995796875
vt 0.28125 0.28125
vt 0.29485625 0.28125
vt 0.29485625 0.296875
vt 0.28125 0.296875
vt 0.29115 0.296875
vt 0.28125 0.296875
vt 0.28125 0.28125
vt 0.29115 0.28125
vt 0.28816765625 0.28512140625000004
vt 0.28816765625 0.29502125
vt 0.281250625 0.296875
vt 0.28125 0.2832678125
vt 0.2948571875 0.296875
vt 0.28125 0.296875
vt 0.2831034375 0.28995796875
vt 0.29300328125 0.2899575
vt 0.28125 0.28125
vt 0.29485625 0.28125
vt 0.29485625 0.296875
vt 0.28125 0.296875
vt 0.29115 0.296875
vt 0.28125 0.296875
vt 0.28125 0.28125
vt 0.29115 0.28125
vt 0.2881671875 0.28512187499999997
vt 0.2881671875 0.295021875
vt 0.28125 0.296875
vt 0.28125 0.28326874999999996
vt 0.28125 0.296875
vt 0.28125 0.28326874999999996
vt 0.2881671875 0.28512187499999997
vt 0.2881671875 0.295021875
vt 0.28125 0.28125
vt 0.29485625 0.28125
vt 0.29485625 0.296875
vt 0.28125 0.296875
vt 0.29115 0.296875
vt 0.28125 0.296875
vt 0.28125 0.28125
vt 0.29115 0.28125
vt 0.28310375 0.28995734375000004
vt 0.29300359375 0.28995734375000004
vt 0.2948571875 0.296875
vt 0.28125 0.296874375
vt 0.28125 0.296875
vt 0.28125 0.2832678125
vt 0.2881675 0.28512171875000003
vt 0.28816703125 0.2950215625
vt 0.28125 0.28125
vt 0.29485625 0.28125
vt 0.29485625 0.296875
vt 0.28125 0.296875
vt 0.29115 0.296875
vt 0.28125 0.296875
vt 0.28125 0.28125
vt 0.29115 0.28125
vt 0.2831034375 0.28995734375000004
vt 0.29300328125 0.28995734375000004
vt 0.2948571875 0.296874375
vt 0.28125 0.296875
vt 0.28125 0.296875
vt 0.28125 0.2832678125
vt 0.28816703125 0.28512140625000004
vt 0.2881675 0.29502109374999996
vt 0.28125 0.28125
vt 0.29485625 0.28125
vt 0.29485625 0.296875
vt 0.28125 0.296875
vt 0.29115 0.296875
vt 0.28125 0.296875
vt 0.28125 0.28125
vt 0.29115 0.28125
vt 0.283103125 0.28995781249999997
vt 0.293003125 0.28995781249999997
vt 0.29485625 0.296875
vt 0.28125 0.296875
vt 0.28125 0.28995781249999997
vt 0.29485625 0.28995781249999997
vt 0.293003125 0.296875
vt 0.283103125 0.296875
vt 0.328125 0.21875
vt 0.328125 0.3125
vt 0.296875 0.3125
vt 0.296875 0.21875
vt 0.328125 0.21875
vt 0.328125 0.3125
vt 0.296875 0.3125
vt 0.296875 0.21875
vt 0.328125 0.3046875
vt 0.328125 0.3125
vt 0.296875 0.3125
vt 0.296875 0.3046875
vt 0.328125 0.3046875
vt 0.328125 0.3125
vt 0.296875 0.3125
vt 0.296875 0.3046875
vt 0.328125 0.26534734375
vt 0.328125 0.28125
vt 0.3125 0.28125
vt 0.3125 0.26534734375
vt 0.34375 0.26534734375
vt 0.34375 0.28125
vt 0.328125 0.28125
vt 0.328125 0.26534734375
vt 0.3678021875 0.296875
vt 0.3678021875 0.3125
vt 0.3599896875 0.3125
vt 0.3599896875 0.296875
vt 0.3678021875 0.26534734375
vt 0.3678021875 0.28125
vt 0.3599896875 0.28125
vt 0.3599896875 0.26534734375
vt 0.296875 0.26534734375
vt 0.296875 0.28125
vt 0.2890625 0.28125
vt 0.2890625 0.26534734375
vt 0.328125 0.26534734375
vt 0.328125 0.28125
vt 0.3125 0.28125
vt 0.3125 0.26534734375
vt 0.34375 0.26534734375
vt 0.34375 0.28125
vt 0.328125 0.28125
vt 0.328125 0.26534734375
vt 0.3678021875 0.296875
vt 0.3678021875 0.3125
vt 0.3599896875 0.3125
vt 0.3599896875 0.296875
vt 0.3678021875 0.26534734375
vt 0.3678021875 0.28125
vt 0.3599896875 0.28125
vt 0.3599896875 0.26534734375
vt 0.296875 0.26534734375
vt 0.296875 0.28125
vt 0.2890625 0.28125
vt 0.2890625 0.26534734375
vt 0.046875 1
vt 0 1
vt 0 0.984375
vt 0.046875 0.984375
vt 0.046875 0.984375
vt 0.046875 1
vt 0 1
vt 0 0.984375
vt 0.3125 0.265625
vt 0.359375 0.265625
vt 0.359375 0.3125
vt 0.3125 0.3125
vt 0.359375 0.265625
vt 0.359375 0.3125
vt 0.3125 0.3125
vt 0.3125 0.265625
vt 0.359375 0.265625
vt 0.359375 0.28125
vt 0.3125 0.28125
vt 0.3125 0.265625
vt 0.359375 0.28125
vt 0.3125 0.28125
vt 0.3125 0.265625
vt 0.359375 0.265625
vt 0.359375 0.28125
vt 0.3125 0.28125
vt 0.3125 0.265625
vt 0.359375 0.265625
vt 0.46875 0.078125
vt 0.46875 0.09375
vt 0.421875 0.09375
vt 0.421875 0.078125
vt 0.3125 0.265625
vt 0.359375 0.265625
vt 0.359375 0.3125
vt 0.3125 0.3125
vt 0.359375 0.265625
vt 0.359375 0.3125
vt 0.3125 0.3125
vt 0.3125 0.265625
vt 0.359375 0.25
vt 0.359375 0.265625
vt 0.3125 0.265625
vt 0.3125 0.25
vt 0.359375 0.265625
vt 0.3125 0.265625
vt 0.3125 0.25
vt 0.359375 0.25
vt 0.328125 0.21875
vt 0.328125 0.3125
vt 0.296875 0.3125
vt 0.296875 0.21875
vt 0.328125 0.21875
vt 0.328125 0.3125
vt 0.296875 0.3125
vt 0.296875 0.21875
vt 0.328125 0.3046875
vt 0.328125 0.3125
vt 0.296875 0.3125
vt 0.296875 0.3046875
vt 0.328125 0.3046875
vt 0.328125 0.3125
vt 0.296875 0.3125
vt 0.296875 0.3046875
vt 0.328125 0.26534734375
vt 0.328125 0.28125
vt 0.3125 0.28125
vt 0.3125 0.26534734375
vt 0.34375 0.26534734375
vt 0.34375 0.28125
vt 0.328125 0.28125
vt 0.328125 0.26534734375
vt 0.3678021875 0.296875
vt 0.3678021875 0.3125
vt 0.3599896875 0.3125
vt 0.3599896875 0.296875
vt 0.3678021875 0.26534734375
vt 0.3678021875 0.28125
vt 0.3599896875 0.28125
vt 0.3599896875 0.26534734375
vt 0.296875 0.26534734375
vt 0.296875 0.28125
vt 0.2890625 0.28125
vt 0.2890625 0.26534734375
vt 0.328125 0.26534734375
vt 0.328125 0.28125
vt 0.3125 0.28125
vt 0.3125 0.26534734375
vt 0.34375 0.26534734375
vt 0.34375 0.28125
vt 0.328125 0.28125
vt 0.328125 0.26534734375
vt 0.3678021875 0.296875
vt 0.3678021875 0.3125
vt 0.3599896875 0.3125
vt 0.3599896875 0.296875
vt 0.3678021875 0.26534734375
vt 0.3678021875 0.28125
vt 0.3599896875 0.28125
vt 0.3599896875 0.26534734375
vt 0.296875 0.26534734375
vt 0.296875 0.28125
vt 0.2890625 0.28125
vt 0.2890625 0.26534734375
vt 0.046875 1
vt 0 1
vt 0 0.984375
vt 0.046875 0.984375
vt 0.046875 0.984375
vt 0.046875 1
vt 0 1
vt 0 0.984375
vt 0.3125 0.265625
vt 0.359375 0.265625
vt 0.359375 0.3125
vt 0.3125 0.3125
vt 0.359375 0.265625
vt 0.359375 0.3125
vt 0.3125 0.3125
vt 0.3125 0.265625
vt 0.359375 0.265625
vt 0.359375 0.28125
vt 0.3125 0.28125
vt 0.3125 0.265625
vt 0.359375 0.28125
vt 0.3125 0.28125
vt 0.3125 0.265625
vt 0.359375 0.265625
vt 0.359375 0.28125
vt 0.3125 0.28125
vt 0.3125 0.265625
vt 0.359375 0.265625
vt 0.46875 0.078125
vt 0.46875 0.09375
vt 0.421875 0.09375
vt 0.421875 0.078125
vt 0.3125 0.265625
vt 0.359375 0.265625
vt 0.359375 0.3125
vt 0.3125 0.3125
vt 0.359375 0.265625
vt 0.359375 0.3125
vt 0.3125 0.3125
vt 0.3125 0.265625
vt 0.359375 0.25
vt 0.359375 0.265625
vt 0.3125 0.265625
vt 0.3125 0.25
vt 0.359375 0.265625
vt 0.3125 0.265625
vt 0.3125 0.25
vt 0.359375 0.25
vt 0.328125 0.21875
vt 0.328125 0.3125
vt 0.296875 0.3125
vt 0.296875 0.21875
vt 0.328125 0.21875
vt 0.328125 0.3125
vt 0.296875 0.3125
vt 0.296875 0.21875
vt 0.328125 0.3046875
vt 0.328125 0.3125
vt 0.296875 0.3125
vt 0.296875 0.3046875
vt 0.328125 0.3046875
vt 0.328125 0.3125
vt 0.296875 0.3125
vt 0.296875 0.3046875
vt 0.328125 0.26534734375
vt 0.328125 0.28125
vt 0.3125 0.28125
vt 0.3125 0.26534734375
vt 0.34375 0.26534734375
vt 0.34375 0.28125
vt 0.328125 0.28125
vt 0.328125 0.26534734375
vt 0.3678021875 0.296875
vt 0.3678021875 0.3125
vt 0.3599896875 0.3125
vt 0.3599896875 0.296875
vt 0.3678021875 0.26534734375
vt 0.3678021875 0.28125
vt 0.3599896875 0.28125
vt 0.3599896875 0.26534734375
vt 0.296875 0.26534734375
vt 0.296875 0.28125
vt 0.2890625 0.28125
vt 0.2890625 0.26534734375
vt 0.328125 0.26534734375
vt 0.328125 0.28125
vt 0.3125 0.28125
vt 0.3125 0.26534734375
vt 0.34375 0.26534734375
vt 0.34375 0.28125
vt 0.328125 0.28125
vt 0.328125 0.26534734375
vt 0.3678021875 0.296875
vt 0.3678021875 0.3125
vt 0.3599896875 0.3125
vt 0.3599896875 0.296875
vt 0.3678021875 0.26534734375
vt 0.3678021875 0.28125
vt 0.3599896875 0.28125
vt 0.3599896875 0.26534734375
vt 0.296875 0.26534734375
vt 0.296875 0.28125
vt 0.2890625 0.28125
vt 0.2890625 0.26534734375
vt 0.046875 1
vt 0 1
vt 0 0.984375
vt 0.046875 0.984375
vt 0.046875 0.984375
vt 0.046875 1
vt 0 1
vt 0 0.984375
vt 0.3125 0.265625
vt 0.359375 0.265625
vt 0.359375 0.3125
vt 0.3125 0.3125
vt 0.359375 0.265625
vt 0.359375 0.3125
vt 0.3125 0.3125
vt 0.3125 0.265625
vt 0.359375 0.265625
vt 0.359375 0.28125
vt 0.3125 0.28125
vt 0.3125 0.265625
vt 0.359375 0.28125
vt 0.3125 0.28125
vt 0.3125 0.265625
vt 0.359375 0.265625
vt 0.359375 0.28125
vt 0.3125 0.28125
vt 0.3125 0.265625
vt 0.359375 0.265625
vt 0.46875 0.078125
vt 0.46875 0.09375
vt 0.421875 0.09375
vt 0.421875 0.078125
vt 0.3125 0.265625
vt 0.359375 0.265625
vt 0.359375 0.3125
vt 0.3125 0.3125
vt 0.359375 0.265625
vt 0.359375 0.3125
vt 0.3125 0.3125
vt 0.3125 0.265625
vt 0.359375 0.25
vt 0.359375 0.265625
vt 0.3125 0.265625
vt 0.3125 0.25
vt 0.359375 0.265625
vt 0.3125 0.265625
vt 0.3125 0.25
vt 0.359375 0.25
vt 0.328125 0.21875
vt 0.328125 0.3125
vt 0.296875 0.3125
vt 0.296875 0.21875
vt 0.328125 0.21875
vt 0.328125 0.3125
vt 0.296875 0.3125
vt 0.296875 0.21875
vt 0.328125 0.3046875
vt 0.328125 0.3125
vt 0.296875 0.3125
vt 0.296875 0.3046875
vt 0.328125 0.3046875
vt 0.328125 0.3125
vt 0.296875 0.3125
vt 0.296875 0.3046875
vt 0.328125 0.26534734375
vt 0.328125 0.28125
vt 0.3125 0.28125
vt 0.3125 0.26534734375
vt 0.34375 0.26534734375
vt 0.34375 0.28125
vt 0.328125 0.28125
vt 0.328125 0.26534734375
vt 0.3678021875 0.296875
vt 0.3678021875 0.3125
vt 0.3599896875 0.3125
vt 0.3599896875 0.296875
vt 0.3678021875 0.26534734375
vt 0.3678021875 0.28125
vt 0.3599896875 0.28125
vt 0.3599896875 0.26534734375
vt 0.296875 0.26534734375
vt 0.296875 0.28125
vt 0.2890625 0.28125
vt 0.2890625 0.26534734375
vt 0.328125 0.26534734375
vt 0.328125 0.28125
vt 0.3125 0.28125
vt 0.3125 0.26534734375
vt 0.34375 0.26534734375
vt 0.34375 0.28125
vt 0.328125 0.28125
vt 0.328125 0.26534734375
vt 0.3678021875 0.296875
vt 0.3678021875 0.3125
vt 0.3599896875 0.3125
vt 0.3599896875 0.296875
vt 0.3678021875 0.26534734375
vt 0.3678021875 0.28125
vt 0.3599896875 0.28125
vt 0.3599896875 0.26534734375
vt 0.296875 0.26534734375
vt 0.296875 0.28125
vt 0.2890625 0.28125
vt 0.2890625 0.26534734375
vt 0.046875 1
vt 0 1
vt 0 0.984375
vt 0.046875 0.984375
vt 0.046875 0.984375
vt 0.046875 1
vt 0 1
vt 0 0.984375
vt 0.3125 0.265625
vt 0.359375 0.265625
vt 0.359375 0.3125
vt 0.3125 0.3125
vt 0.359375 0.265625
vt 0.359375 0.3125
vt 0.3125 0.3125
vt 0.3125 0.265625
vt 0.359375 0.265625
vt 0.359375 0.28125
vt 0.3125 0.28125
vt 0.3125 0.265625
vt 0.359375 0.28125
vt 0.3125 0.28125
vt 0.3125 0.265625
vt 0.359375 0.265625
vt 0.359375 0.28125
vt 0.3125 0.28125
vt 0.3125 0.265625
vt 0.359375 0.265625
vt 0.46875 0.078125
vt 0.46875 0.09375
vt 0.421875 0.09375
vt 0.421875 0.078125
vt 0.3125 0.265625
vt 0.359375 0.265625
vt 0.359375 0.3125
vt 0.3125 0.3125
vt 0.359375 0.265625
vt 0.359375 0.3125
vt 0.3125 0.3125
vt 0.3125 0.265625
vt 0.359375 0.25
vt 0.359375 0.265625
vt 0.3125 0.265625
vt 0.3125 0.25
vt 0.359375 0.265625
vt 0.3125 0.265625
vt 0.3125 0.25
vt 0.359375 0.25
vt 0.59375 0.46875
vt 0.59375 0.484375
vt 0.5 0.484375
vt 0.5 0.46875
vt 0.59375 0.46875
vt 0.59375 0.484375
vt 0.5 0.484375
vt 0.5 0.46875
vt 0.53125 0.4375
vt 0.53125 0.484375
vt 0.5 0.484375
vt 0.5 0.4375
vt 0.53125 0.4375
vt 0.53125 0.484375
vt 0.5 0.484375
vt 0.5 0.4375
vt 0.53125 0.46875
vt 0.53125 0.484375
vt 0.5 0.484375
vt 0.5 0.46875
vt 0.53125 0.46875
vt 0.53125 0.484375
vt 0.5 0.484375
vt 0.5 0.46875
vt 0.5625 0.46875
vt 0.5625 0.484375
vt 0.5 0.484375
vt 0.5 0.46875
vt 0.5625 0.46875
vt 0.5625 0.484375
vt 0.5 0.484375
vt 0.5 0.46875
vt 0.51953125 0.453125
vt 0.51953125 0.484375
vt 0.5 0.484375
vt 0.5 0.453125
vt 0.51953125 0.453125
vt 0.51953125 0.484375
vt 0.5 0.484375
vt 0.5 0.453125
vt 0.51953125 0.46875
vt 0.51953125 0.484375
vt 0.5 0.484375
vt 0.5 0.46875
vt 0.51953125 0.46875
vt 0.51953125 0.484375
vt 0.5 0.484375
vt 0.5 0.46875
vt 0.21078125 0.79703125
vt 0.2421875 0.85140625
vt 0.125 0.8828125
vt 0.2421875 0.85140625
vt 0.2421875 0.91421875
vt 0.125 0.8828125
vt 0.2421875 0.91421875
vt 0.21078125 0.96859375
vt 0.125 0.8828125
vt 0.21078125 0.96859375
vt 0.15640625 1
vt 0.125 0.8828125
vt 0.15640625 1
vt 0.09359375 1
vt 0.125 0.8828125
vt 0.09359375 1
vt 0.03921875 0.96859375
vt 0.125 0.8828125
vt 0.03921875 0.96859375
vt 0.0078125 0.91421875
vt 0.125 0.8828125
vt 0.0078125 0.91421875
vt 0.0078125 0.85140625
vt 0.125 0.8828125
vt 0.0078125 0.85140625
vt 0.03921875 0.79703125
vt 0.125 0.8828125
vt 0.03921875 0.79703125
vt 0.09359375 0.765625
vt 0.125 0.8828125
vt 0.09359375 0.765625
vt 0.15640625 0.765625
vt 0.125 0.8828125
vt 0.15640625 0.765625
vt 0.21078125 0.79703125
vt 0.125 0.8828125
vt 0.28125 0.28125
vt 0.289621875 0.28125
vt 0.289621875 0.296875
vt 0.28125 0.296875
vt 0.28573125 0.296875
vt 0.28125 0.296875
vt 0.28125 0.28125
vt 0.28573125 0.28125
vt 0.28125 0.29492734374999996
vt 0.28125 0.29044499999999995
vt 0.28851390625 0.28850062499999996
vt 0.2885103125 0.296875
vt 0.28125 0.28961187499999996
vt 0.289624375 0.28961187499999996
vt 0.287676875 0.296875
vt 0.28319453125 0.29687312499999996
vt 0.28125 0.28125
vt 0.289621875 0.28125
vt 0.289621875 0.296875
vt 0.28125 0.296875
vt 0.28573125 0.296875
vt 0.28125 0.296875
vt 0.28125 0.28125
vt 0.28573125 0.28125
vt 0.28125 0.294930625
vt 0.28125 0.29044828125
vt 0.2885103125 0.28850062499999996
vt 0.28851390625 0.296875
vt 0.28125 0.28961187499999996
vt 0.289624375 0.28961187499999996
vt 0.28767984375 0.29687312499999996
vt 0.2831975 0.296875
vt 0.28125 0.28125
vt 0.289621875 0.28125
vt 0.289621875 0.296875
vt 0.28125 0.296875
vt 0.28573125 0.296875
vt 0.28125 0.296875
vt 0.28125 0.28125
vt 0.28573125 0.28125
vt 0.28125 0.29492968750000004
vt 0.28125 0.29044843750000005
vt 0.2885109375 0.28850312499999997
vt 0.2885109375 0.296875
vt 0.2885109375 0.28850312499999997
vt 0.2885109375 0.296875
vt 0.28125 0.29492968750000004
vt 0.28125 0.29044843750000005
vt 0.28125 0.28125
vt 0.289621875 0.28125
vt 0.289621875 0.296875
vt 0.28125 0.296875
vt 0.28573125 0.296875
vt 0.28125 0.296875
vt 0.28125 0.28125
vt 0.28573125 0.28125
vt 0.28767671875 0.296875
vt 0.283194375 0.296875
vt 0.28125 0.28961109375000005
vt 0.289624375 0.28961468749999997
vt 0.288513125 0.28850062499999996
vt 0.288513125 0.296875
vt 0.28125 0.2949275
vt 0.281251875 0.29044515625
vt 0.28125 0.28125
vt 0.289621875 0.28125
vt 0.289621875 0.296875
vt 0.28125 0.296875
vt 0.28573125 0.296875
vt 0.28125 0.296875
vt 0.28125 0.28125
vt 0.28573125 0.28125
vt 0.28768 0.296875
vt 0.28319765625 0.296875
vt 0.28125 0.28961468749999997
vt 0.289624375 0.28961109375000005
vt 0.288513125 0.28850062499999996
vt 0.288513125 0.296875
vt 0.281251875 0.29493046874999995
vt 0.28125 0.29044812499999995
vt 0.28125 0.28125
vt 0.289621875 0.28125
vt 0.289621875 0.296875
vt 0.28125 0.296875
vt 0.28573125 0.296875
vt 0.28125 0.296875
vt 0.28125 0.28125
vt 0.28573125 0.28125
vt 0.2876765625 0.296875
vt 0.2831953125 0.296875
vt 0.28125 0.2896140625
vt 0.289621875 0.2896140625
vt 0.289621875 0.296875
vt 0.28125 0.296875
vt 0.2831953125 0.2896140625
vt 0.2876765625 0.2896140625
vt 0.28125 0.28125
vt 0.289621875 0.28125
vt 0.289621875 0.296875
vt 0.28125 0.296875
vt 0.28573125 0.296875
vt 0.28125 0.296875
vt 0.28125 0.28125
vt 0.28573125 0.28125
vt 0.28851390625 0.29044828125
vt 0.28851390625 0.294930625
vt 0.28125 0.296875
vt 0.28125359375 0.28850062499999996
vt 0.289624375 0.296875
vt 0.28125 0.296875
vt 0.2831975 0.28961187499999996
vt 0.28767984375 0.28961390625000005
vt 0.28125 0.28125
vt 0.289621875 0.28125
vt 0.289621875 0.296875
vt 0.28125 0.296875
vt 0.28573125 0.296875
vt 0.28125 0.296875
vt 0.28125 0.28125
vt 0.28573125 0.28125
vt 0.28851390625 0.29044499999999995
vt 0.28851390625 0.29492734374999996
vt 0.28125359375 0.296875
vt 0.28125 0.28850062499999996
vt 0.289624375 0.296875
vt 0.28125 0.296875
vt 0.28319453125 0.28961390625000005
vt 0.287676875 0.28961187499999996
vt 0.28125 0.28125
vt 0.289621875 0.28125
vt 0.289621875 0.296875
vt 0.28125 0.296875
vt 0.28573125 0.296875
vt 0.28125 0.296875
vt 0.28125 0.28125
vt 0.28573125 0.28125
vt 0.2885109375 0.29044843750000005
vt 0.2885109375 0.29492968750000004
vt 0.28125 0.296875
vt 0.28125 0.28850312499999997
vt 0.28125 0.296875
vt 0.28125 0.28850312499999997
vt 0.2885109375 0.29044843750000005
vt 0.2885109375 0.29492968750000004
vt 0.28125 0.28125
vt 0.289621875 0.28125
vt 0.289621875 0.296875
vt 0.28125 0.296875
vt 0.28573125 0.296875
vt 0.28125 0.296875
vt 0.28125 0.28125
vt 0.28573125 0.28125
vt 0.28319765625 0.28961109375000005
vt 0.28768 0.28961109375000005
vt 0.289624375 0.296875
vt 0.28125 0.29687140624999997
vt 0.28125 0.296875
vt 0.28125 0.28850062499999996
vt 0.288513125 0.29044812499999995
vt 0.28851109375 0.29493046874999995
vt 0.28125 0.28125
vt 0.289621875 0.28125
vt 0.289621875 0.296875
vt 0.28125 0.296875
vt 0.28573125 0.296875
vt 0.28125 0.296875
vt 0.28125 0.28125
vt 0.28573125 0.28125
vt 0.283194375 0.28961109375000005
vt 0.28767671875 0.28961109375000005
vt 0.289624375 0.29687140624999997
vt 0.28125 0.296875
vt 0.28125 0.296875
vt 0.28125 0.28850062499999996
vt 0.28851109375 0.29044515625
vt 0.288513125 0.2949275
vt 0.28125 0.28125
vt 0.289621875 0.28125
vt 0.289621875 0.296875
vt 0.28125 0.296875
vt 0.28573125 0.296875
vt 0.28125 0.296875
vt 0.28125 0.28125
vt 0.28573125 0.28125
vt 0.2831953125 0.2896140625
vt 0.2876765625 0.2896140625
vt 0.289621875 0.296875
vt 0.28125 0.296875
vt 0.28125 0.2896140625
vt 0.289621875 0.2896140625
vt 0.2876765625 0.296875
vt 0.2831953125 0.296875
vt 0.5625 0.46875
vt 0.5625 0.484375
vt 0.5 0.484375
vt 0.5 0.46875
vt 0.5625 0.46875
vt 0.5625 0.484375
vt 0.5 0.484375
vt 0.5 0.46875
vt 0.51953125 0.453125
vt 0.51953125 0.484375
vt 0.5 0.484375
vt 0.5 0.453125
vt 0.51953125 0.453125
vt 0.51953125 0.484375
vt 0.5 0.484375
vt 0.5 0.453125
vt 0.51953125 0.46875
vt 0.51953125 0.484375
vt 0.5 0.484375
vt 0.5 0.46875
vt 0.51953125 0.46875
vt 0.51953125 0.484375
vt 0.5 0.484375
vt 0.5 0.46875
vt 0.59375 0.46875
vt 0.59375 0.484375
vt 0.5 0.484375
vt 0.5 0.46875
vt 0.59375 0.46875
vt 0.59375 0.484375
vt 0.5 0.484375
vt 0.5 0.46875
vt 0.53125 0.4375
vt 0.53125 0.484375
vt 0.5 0.484375
vt 0.5 0.4375
vt 0.53125 0.4375
vt 0.53125 0.484375
vt 0.5 0.484375
vt 0.5 0.4375
vt 0.53125 0.46875
vt 0.53125 0.484375
vt 0.5 0.484375
vt 0.5 0.46875
vt 0.53125 0.46875
vt 0.53125 0.484375
vt 0.5 0.484375
vt 0.5 0.46875
vt 0.5625 0.46875
vt 0.5625 0.484375
vt 0.5 0.484375
vt 0.5 0.46875
vt 0.5625 0.46875
vt 0.5625 0.484375
vt 0.5 0.484375
vt 0.5 0.46875
vt 0.51953125 0.453125
vt 0.51953125 0.484375
vt 0.5 0.484375
vt 0.5 0.453125
vt 0.51953125 0.453125
vt 0.51953125 0.484375
vt 0.5 0.484375
vt 0.5 0.453125
vt 0.51953125 0.46875
vt 0.51953125 0.484375
vt 0.5 0.484375
vt 0.5 0.46875
vt 0.51953125 0.46875
vt 0.51953125 0.484375
vt 0.5 0.484375
vt 0.5 0.46875
vt 0.21078125 0.79703125
vt 0.2421875 0.85140625
vt 0.125 0.8828125
vt 0.2421875 0.85140625
vt 0.2421875 0.91421875
vt 0.125 0.8828125
vt 0.2421875 0.91421875
vt 0.21078125 0.96859375
vt 0.125 0.8828125
vt 0.21078125 0.96859375
vt 0.15640625 1
vt 0.125 0.8828125
vt 0.15640625 1
vt 0.09359375 1
vt 0.125 0.8828125
vt 0.09359375 1
vt 0.03921875 0.96859375
vt 0.125 0.8828125
vt 0.03921875 0.96859375
vt 0.0078125 0.91421875
vt 0.125 0.8828125
vt 0.0078125 0.91421875
vt 0.0078125 0.85140625
vt 0.125 0.8828125
vt 0.0078125 0.85140625
vt 0.03921875 0.79703125
vt 0.125 0.8828125
vt 0.03921875 0.79703125
vt 0.09359375 0.765625
vt 0.125 0.8828125
vt 0.09359375 0.765625
vt 0.15640625 0.765625
vt 0.125 0.8828125
vt 0.15640625 0.765625
vt 0.21078125 0.79703125
vt 0.125 0.8828125
vt 0.28125 0.28125
vt 0.289621875 0.28125
vt 0.289621875 0.296875
vt 0.28125 0.296875
vt 0.28573125 0.296875
vt 0.28125 0.296875
vt 0.28125 0.28125
vt 0.28573125 0.28125
vt 0.28125 0.29492734374999996
vt 0.28125 0.29044499999999995
vt 0.28851390625 0.28850062499999996
vt 0.2885103125 0.296875
vt 0.28125 0.28961187499999996
vt 0.289624375 0.28961187499999996
vt 0.287676875 0.296875
vt 0.28319453125 0.29687312499999996
vt 0.28125 0.28125
vt 0.289621875 0.28125
vt 0.289621875 0.296875
vt 0.28125 0.296875
vt 0.28573125 0.296875
vt 0.28125 0.296875
vt 0.28125 0.28125
vt 0.28573125 0.28125
vt 0.28125 0.294930625
vt 0.28125 0.29044828125
vt 0.2885103125 0.28850062499999996
vt 0.28851390625 0.296875
vt 0.28125 0.28961187499999996
vt 0.289624375 0.28961187499999996
vt 0.28767984375 0.29687312499999996
vt 0.2831975 0.296875
vt 0.28125 0.28125
vt 0.289621875 0.28125
vt 0.289621875 0.296875
vt 0.28125 0.296875
vt 0.28573125 0.296875
vt 0.28125 0.296875
vt 0.28125 0.28125
vt 0.28573125 0.28125
vt 0.28125 0.29492968750000004
vt 0.28125 0.29044843750000005
vt 0.2885109375 0.28850312499999997
vt 0.2885109375 0.296875
vt 0.2885109375 0.28850312499999997
vt 0.2885109375 0.296875
vt 0.28125 0.29492968750000004
vt 0.28125 0.29044843750000005
vt 0.28125 0.28125
vt 0.289621875 0.28125
vt 0.289621875 0.296875
vt 0.28125 0.296875
vt 0.28573125 0.296875
vt 0.28125 0.296875
vt 0.28125 0.28125
vt 0.28573125 0.28125
vt 0.28767671875 0.296875
vt 0.283194375 0.296875
vt 0.28125 0.28961109375000005
vt 0.289624375 0.28961468749999997
vt 0.288513125 0.28850062499999996
vt 0.288513125 0.296875
vt 0.28125 0.2949275
vt 0.281251875 0.29044515625
vt 0.28125 0.28125
vt 0.289621875 0.28125
vt 0.289621875 0.296875
vt 0.28125 0.296875
vt 0.28573125 0.296875
vt 0.28125 0.296875
vt 0.28125 0.28125
vt 0.28573125 0.28125
vt 0.28768 0.296875
vt 0.28319765625 0.296875
vt 0.28125 0.28961468749999997
vt 0.289624375 0.28961109375000005
vt 0.288513125 0.28850062499999996
vt 0.288513125 0.296875
vt 0.281251875 0.29493046874999995
vt 0.28125 0.29044812499999995
vt 0.28125 0.28125
vt 0.289621875 0.28125
vt 0.289621875 0.296875
vt 0.28125 0.296875
vt 0.28573125 0.296875
vt 0.28125 0.296875
vt 0.28125 0.28125
vt 0.28573125 0.28125
vt 0.2876765625 0.296875
vt 0.2831953125 0.296875
vt 0.28125 0.2896140625
vt 0.289621875 0.2896140625
vt 0.289621875 0.296875
vt 0.28125 0.296875
vt 0.2831953125 0.2896140625
vt 0.2876765625 0.2896140625
vt 0.28125 0.28125
vt 0.289621875 0.28125
vt 0.289621875 0.296875
vt 0.28125 0.296875
vt 0.28573125 0.296875
vt 0.28125 0.296875
vt 0.28125 0.28125
vt 0.28573125 0.28125
vt 0.28851390625 0.29044828125
vt 0.28851390625 0.294930625
vt 0.28125 0.296875
vt 0.28125359375 0.28850062499999996
vt 0.289624375 0.296875
vt 0.28125 0.296875
vt 0.2831975 0.28961187499999996
vt 0.28767984375 0.28961390625000005
vt 0.28125 0.28125
vt 0.289621875 0.28125
vt 0.289621875 0.296875
vt 0.28125 0.296875
vt 0.28573125 0.296875
vt 0.28125 0.296875
vt 0.28125 0.28125
vt 0.28573125 0.28125
vt 0.28851390625 0.29044499999999995
vt 0.28851390625 0.29492734374999996
vt 0.28125359375 0.296875
vt 0.28125 0.28850062499999996
vt 0.289624375 0.296875
vt 0.28125 0.296875
vt 0.28319453125 0.28961390625000005
vt 0.287676875 0.28961187499999996
vt 0.28125 0.28125
vt 0.289621875 0.28125
vt 0.289621875 0.296875
vt 0.28125 0.296875
vt 0.28573125 0.296875
vt 0.28125 0.296875
vt 0.28125 0.28125
vt 0.28573125 0.28125
vt 0.2885109375 0.29044843750000005
vt 0.2885109375 0.29492968750000004
vt 0.28125 0.296875
vt 0.28125 0.28850312499999997
vt 0.28125 0.296875
vt 0.28125 0.28850312499999997
vt 0.2885109375 0.29044843750000005
vt 0.2885109375 0.29492968750000004
vt 0.28125 0.28125
vt 0.289621875 0.28125
vt 0.289621875 0.296875
vt 0.28125 0.296875
vt 0.28573125 0.296875
vt 0.28125 0.296875
vt 0.28125 0.28125
vt 0.28573125 0.28125
vt 0.28319765625 0.28961109375000005
vt 0.28768 0.28961109375000005
vt 0.289624375 0.296875
vt 0.28125 0.29687140624999997
vt 0.28125 0.296875
vt 0.28125 0.28850062499999996
vt 0.288513125 0.29044812499999995
vt 0.28851109375 0.29493046874999995
vt 0.28125 0.28125
vt 0.289621875 0.28125
vt 0.289621875 0.296875
vt 0.28125 0.296875
vt 0.28573125 0.296875
vt 0.28125 0.296875
vt 0.28125 0.28125
vt 0.28573125 0.28125
vt 0.283194375 0.28961109375000005
vt 0.28767671875 0.28961109375000005
vt 0.289624375 0.29687140624999997
vt 0.28125 0.296875
vt 0.28125 0.296875
vt 0.28125 0.28850062499999996
vt 0.28851109375 0.29044515625
vt 0.288513125 0.2949275
vt 0.28125 0.28125
vt 0.289621875 0.28125
vt 0.289621875 0.296875
vt 0.28125 0.296875
vt 0.28573125 0.296875
vt 0.28125 0.296875
vt 0.28125 0.28125
vt 0.28573125 0.28125
vt 0.2831953125 0.2896140625
vt 0.2876765625 0.2896140625
vt 0.289621875 0.296875
vt 0.28125 0.296875
vt 0.28125 0.2896140625
vt 0.289621875 0.2896140625
vt 0.2876765625 0.296875
vt 0.2831953125 0.296875
vt 0.5625 0.46875
vt 0.5625 0.484375
vt 0.5 0.484375
vt 0.5 0.46875
vt 0.5625 0.46875
vt 0.5625 0.484375
vt 0.5 0.484375
vt 0.5 0.46875
vt 0.51953125 0.453125
vt 0.51953125 0.484375
vt 0.5 0.484375
vt 0.5 0.453125
vt 0.51953125 0.453125
vt 0.51953125 0.484375
vt 0.5 0.484375
vt 0.5 0.453125
vt 0.51953125 0.46875
vt 0.51953125 0.484375
vt 0.5 0.484375
vt 0.5 0.46875
vt 0.51953125 0.46875
vt 0.51953125 0.484375
vt 0.5 0.484375
vt 0.5 0.46875
vt 0.546875 0.421875
vt 0.546875 0.46875
vt 0.51953125 0.46875
vt 0.51953125 0.421875
vt 0.54296875 0.421875
vt 0.54296875 0.46875
vt 0.515625 0.46875
vt 0.515625 0.421875
vt 0.578125 0.44140625
vt 0.578125 0.46875
vt 0.515625 0.46875
vt 0.515625 0.44140625
vt 0.578125 0.4375
vt 0.578125 0.46484375
vt 0.515625 0.46484375
vt 0.515625 0.4375
vt 0.578125 0.421875
vt 0.578125 0.46875
vt 0.515625 0.46875
vt 0.515625 0.421875
vt 0.578125 0.421875
vt 0.578125 0.46875
vt 0.515625 0.46875
vt 0.515625 0.421875
vt 0.453125 0.9375
vt 0.453125 1
vt 0.15625 1
vt 0.15625 0.9375
vt 0.296875 0.9375
vt 0.296875 1
vt 0 1
vt 0 0.9375
vt 0.15625 0.703125
vt 0.15625 1
vt 0 1
vt 0 0.703125
vt 0.15625 0.546875
vt 0.15625 0.84375
vt 0 0.84375
vt 0 0.546875
vt 0.15625 0.9375
vt 0.15625 1
vt 0 1
vt 0 0.9375
vt 0.15625 0.9375
vt 0.15625 1
vt 0 1
vt 0 0.9375
vt 0.453125 0.9375
vt 0.453125 1
vt 0.34375 1
vt 0.34375 0.9375
vt 0.109375 0.9375
vt 0.109375 1
vt 0 1
vt 0 0.9375
vt 0.15 0.890625
vt 0.15 1
vt 0.00625 1
vt 0.00625 0.890625
vt 0.15 0.546875
vt 0.15 0.65625
vt 0.00625 0.65625
vt 0.00625 0.546875
vt 0.15 0.9375
vt 0.15 1
vt 0.00625 1
vt 0.00625 0.9375
vt 0.15 0.9375
vt 0.15 1
vt 0.00625 1
vt 0.00625 0.9375
vt 0.0625 0.1875
vt 0.0625 1
vt 0 1
vt 0 0.1875
vt 0.0625 0.1875
vt 0.0625 1
vt 0 1
vt 0 0.1875
vt 0.0625 0.9375
vt 0.0625 1
vt 0 1
vt 0 0.9375
vt 0.0625 0.9375
vt 0.0625 1
vt 0 1
vt 0 0.9375
vt 0.0625 0.1875
vt 0.0625 1
vt 0 1
vt 0 0.1875
vt 0.0625 0.1875
vt 0.0625 1
vt 0 1
vt 0 0.1875
vt 0.0625 0.1875
vt 0.0625 1
vt 0 1
vt 0 0.1875
vt 0.0625 0.1875
vt 0.0625 1
vt 0 1
vt 0 0.1875
vt 0.0625 0.9375
vt 0.0625 1
vt 0 1
vt 0 0.9375
vt 0.0625 0.9375
vt 0.0625 1
vt 0 1
vt 0 0.9375
vt 0.0625 0.1875
vt 0.0625 1
vt 0 1
vt 0 0.1875
vt 0.0625 0.1875
vt 0.0625 1
vt 0 1
vt 0 0.1875
vt 0.4375 0.9375
vt 0.4375 1
vt 0.125 1
vt 0.125 0.9375
vt 0.3125 0.9375
vt 0.3125 1
vt 0 1
vt 0 0.9375
vt 0.5 0.6875
vt 0.5 1
vt 0 1
vt 0 0.6875
vt 0.5 0.5625
vt 0.5 0.875
vt 0 0.875
vt 0 0.5625
vt 0.5 0.9375
vt 0.5 1
vt 0 1
vt 0 0.9375
vt 0.5 0.9375
vt 0.5 1
vt 0 1
vt 0 0.9375
vt 1 0
vt 1 0.0625
vt 0.375 0.0625
vt 0.375 0
vt 1 0
vt 1 0.0625
vt 0.375 0.0625
vt 0.375 0
vt 1 0
vt 1 0.625
vt 0.9375 0.625
vt 0.9375 0
vt 1 0
vt 1 0.625
vt 0.9375 0.625
vt 0.9375 0
vt 1 0
vt 1 0.0625
vt 0.9375 0.0625
vt 0.9375 0
vt 1 0
vt 1 0.0625
vt 0.9375 0.0625
vt 0.9375 0
vt 1 0
vt 1 0.0625
vt 0.375 0.0625
vt 0.375 0
vt 1 0
vt 1 0.0625
vt 0.375 0.0625
vt 0.375 0
vt 1 0
vt 1 0.625
vt 0.9375 0.625
vt 0.9375 0
vt 1 0
vt 1 0.625
vt 0.9375 0.625
vt 0.9375 0
vt 1 0
vt 1 0.0625
vt 0.9375 0.0625
vt 0.9375 0
vt 1 0
vt 1 0.0625
vt 0.9375 0.0625
vt 0.9375 0
vt 1 0
vt 1 0.0625
vt 0.9375 0.0625
vt 0.9375 0
vt 1 0
vt 1 0.0625
vt 0.9375 0.0625
vt 0.9375 0
vt 1 0
vt 1 0.0625
vt 0.375 0.0625
vt 0.375 0
vt 1 0
vt 1 0.0625
vt 0.375 0.0625
vt 0.375 0
vt 1 0
vt 1 0.0625
vt 0.375 0.0625
vt 0.375 0
vt 1 0
vt 1 0.0625
vt 0.375 0.0625
vt 0.375 0
vt 0.296875 0.6875
vt 0.296875 0.734375
vt 0.265625 0.734375
vt 0.265625 0.6875
vt 0.296875 0.6875
vt 0.296875 0.734375
vt 0.265625 0.734375
vt 0.265625 0.6875
vt 0.328125 0.703125
vt 0.328125 0.734375
vt 0.265625 0.734375
vt 0.265625 0.703125
vt 0.328125 0.703125
vt 0.328125 0.734375
vt 0.265625 0.734375
vt 0.265625 0.703125
vt 0.328125 0.6875
vt 0.328125 0.734375
vt 0.265625 0.734375
vt 0.265625 0.6875
vt 0.328125 0.6875
vt 0.328125 0.734375
vt 0.265625 0.734375
vt 0.265625 0.6875
vt 0.296875 0.6875
vt 0.296875 0.734375
vt 0.265625 0.734375
vt 0.265625 0.6875
vt 0.296875 0.6875
vt 0.296875 0.734375
vt 0.265625 0.734375
vt 0.265625 0.6875
vt 0.328125 0.703125
vt 0.328125 0.734375
vt 0.265625 0.734375
vt 0.265625 0.703125
vt 0.328125 0.703125
vt 0.328125 0.734375
vt 0.265625 0.734375
vt 0.265625 0.703125
vt 0.328125 0.6875
vt 0.328125 0.734375
vt 0.265625 0.734375
vt 0.265625 0.6875
vt 0.484375 0.328125
vt 0.484375 0.375
vt 0.421875 0.375
vt 0.421875 0.328125
vt 0.29375 0.6875
vt 0.29375 0.734375
vt 0.265625 0.734375
vt 0.265625 0.6875
vt 0.29375 0.6875
vt 0.29375 0.734375
vt 0.265625 0.734375
vt 0.265625 0.6875
vt 0.34765625 0.70625
vt 0.34765625 0.734375
vt 0.265625 0.734375
vt 0.265625 0.70625
vt 0.34765625 0.70625
vt 0.34765625 0.734375
vt 0.265625 0.734375
vt 0.265625 0.70625
vt 0.34765625 0.6875
vt 0.34765625 0.734375
vt 0.265625 0.734375
vt 0.265625 0.6875
vt 0.34765625 0.265625
vt 0.34765625 0.3125
vt 0.265625 0.3125
vt 0.265625 0.265625
vt 0.29375 0.6875
vt 0.29375 0.734375
vt 0.265625 0.734375
vt 0.265625 0.6875
vt 0.29375 0.6875
vt 0.29375 0.734375
vt 0.265625 0.734375
vt 0.265625 0.6875
vt 0.34765625 0.70625
vt 0.34765625 0.734375
vt 0.265625 0.734375
vt 0.265625 0.70625
vt 0.34765625 0.70625
vt 0.34765625 0.734375
vt 0.265625 0.734375
vt 0.265625 0.70625
vt 0.34765625 0.6875
vt 0.34765625 0.734375
vt 0.265625 0.734375
vt 0.265625 0.6875
vt 0.47265625 0.328125
vt 0.47265625 0.375
vt 0.390625 0.375
vt 0.390625 0.328125
vt 0.29375 0.6875
vt 0.29375 0.734375
vt 0.265625 0.734375
vt 0.265625 0.6875
vt 0.29375 0.6875
vt 0.29375 0.734375
vt 0.265625 0.734375
vt 0.265625 0.6875
vt 0.34765625 0.70625
vt 0.34765625 0.734375
vt 0.265625 0.734375
vt 0.265625 0.70625
vt 0.34765625 0.70625
vt 0.34765625 0.734375
vt 0.265625 0.734375
vt 0.265625 0.70625
vt 0.34765625 0.6875
vt 0.34765625 0.734375
vt 0.265625 0.734375
vt 0.265625 0.6875
vt 0.24609375 0.265625
vt 0.24609375 0.3125
vt 0.1640625 0.3125
vt 0.1640625 0.265625
vt 0.29375 0.6875
vt 0.29375 0.734375
vt 0.265625 0.734375
vt 0.265625 0.6875
vt 0.29375 0.6875
vt 0.29375 0.734375
vt 0.265625 0.734375
vt 0.265625 0.6875
vt 0.34765625 0.70625
vt 0.34765625 0.734375
vt 0.265625 0.734375
vt 0.265625 0.70625
vt 0.34765625 0.70625
vt 0.34765625 0.734375
vt 0.265625 0.734375
vt 0.265625 0.70625
vt 0.34765625 0.6875
vt 0.34765625 0.734375
vt 0.265625 0.734375
vt 0.265625 0.6875
vt 0.34765625 0.265625
vt 0.34765625 0.3125
vt 0.265625 0.3125
vt 0.265625 0.265625
vt 0.03125 0.25
vt 0.03125 0.421875
vt 0 0.421875
vt 0 0.25
vt 0.03125 0.25
vt 0.03125 0.421875
vt 0 0.421875
vt 0 0.25
vt 0.25 0.390625
vt 0.25 0.421875
vt 0 0.421875
vt 0 0.390625
vt 0.25 0.390625
vt 0.25 0.421875
vt 0 0.421875
vt 0 0.390625
vt 0.25 0.25
vt 0.25 0.421875
vt 0 0.421875
vt 0 0.25
vt 0.25 0.25
vt 0.25 0.421875
vt 0 0.421875
vt 0 0.25
vt 0.296875 0.171875
vt 0.296875 0.25
vt 0.265625 0.25
vt 0.265625 0.171875
vt 0.296875 0.171875
vt 0.296875 0.25
vt 0.265625 0.25
vt 0.265625 0.171875
vt 0.34375 0.21875
vt 0.34375 0.25
vt 0.265625 0.25
vt 0.265625 0.21875
vt 0.34375 0.21875
vt 0.34375 0.25
vt 0.265625 0.25
vt 0.265625 0.21875
vt 0.03125 0.328125
vt 0.03125 0.40625
vt 0.015625 0.40625
vt 0.015625 0.328125
vt 0.03125 0.328125
vt 0.03125 0.40625
vt 0.015625 0.40625
vt 0.015625 0.328125
vt 0.296875 0.171875
vt 0.296875 0.25
vt 0.265625 0.25
vt 0.265625 0.171875
vt 0.296875 0.171875
vt 0.296875 0.25
vt 0.265625 0.25
vt 0.265625 0.171875
vt 0.34375 0.21875
vt 0.34375 0.25
vt 0.265625 0.25
vt 0.265625 0.21875
vt 0.34375 0.21875
vt 0.34375 0.25
vt 0.265625 0.25
vt 0.265625 0.21875
vt 0.0625 0.328125
vt 0.0625 0.40625
vt 0.015625 0.40625
vt 0.015625 0.328125
vt 0.0625 0.328125
vt 0.0625 0.40625
vt 0.015625 0.40625
vt 0.015625 0.328125
vt 0.296875 0.171875
vt 0.296875 0.25
vt 0.265625 0.25
vt 0.265625 0.171875
vt 0.296875 0.171875
vt 0.296875 0.25
vt 0.265625 0.25
vt 0.265625 0.171875
vt 0.34375 0.21875
vt 0.34375 0.25
vt 0.265625 0.25
vt 0.265625 0.21875
vt 0.34375 0.21875
vt 0.34375 0.25
vt 0.265625 0.25
vt 0.265625 0.21875
vt 0.03125 0.328125
vt 0.03125 0.40625
vt 0.015625 0.40625
vt 0.015625 0.328125
vt 0.03125 0.328125
vt 0.03125 0.40625
vt 0.015625 0.40625
vt 0.015625 0.328125
vt 0.046875 0.359375
vt 0.046875 0.375
vt 0.03125 0.375
vt 0.03125 0.359375
vt 0.046875 0.328125
vt 0.046875 0.34375
vt 0.03125 0.34375
vt 0.03125 0.328125
vt 0.046875 0.390625
vt 0.046875 0.40625
vt 0.015625 0.40625
vt 0.015625 0.390625
vt 0.0625 0.375
vt 0.0625 0.390625
vt 0.03125 0.390625
vt 0.03125 0.375
vt 0.046875 0.390625
vt 0.046875 0.40625
vt 0.015625 0.40625
vt 0.015625 0.390625
vt 0.046875 0.390625
vt 0.046875 0.40625
vt 0.015625 0.40625
vt 0.015625 0.390625
vt 0.046875 0.359375
vt 0.046875 0.375
vt 0.03125 0.375
vt 0.03125 0.359375
vt 0.046875 0.328125
vt 0.046875 0.34375
vt 0.03125 0.34375
vt 0.03125 0.328125
vt 0.046875 0.390625
vt 0.046875 0.40625
vt 0.015625 0.40625
vt 0.015625 0.390625
vt 0.0625 0.375
vt 0.0625 0.390625
vt 0.03125 0.390625
vt 0.03125 0.375
vt 0.046875 0.390625
vt 0.046875 0.40625
vt 0.015625 0.40625
vt 0.015625 0.390625
vt 0.046875 0.390625
vt 0.046875 0.40625
vt 0.015625 0.40625
vt 0.015625 0.390625
vt 0.296875 0.6875
vt 0.296875 0.734375
vt 0.265625 0.734375
vt 0.265625 0.6875
vt 0.296875 0.6875
vt 0.296875 0.734375
vt 0.265625 0.734375
vt 0.265625 0.6875
vt 0.3125 0.703125
vt 0.3125 0.734375
vt 0.265625 0.734375
vt 0.265625 0.703125
vt 0.3125 0.703125
vt 0.3125 0.734375
vt 0.265625 0.734375
vt 0.265625 0.703125
vt 0.3125 0.6875
vt 0.3125 0.734375
vt 0.265625 0.734375
vt 0.265625 0.6875
vt 0.3125 0.6875
vt 0.3125 0.734375
vt 0.265625 0.734375
vt 0.265625 0.6875
vt 0.296875 0.6875
vt 0.296875 0.734375
vt 0.265625 0.734375
vt 0.265625 0.6875
vt 0.296875 0.6875
vt 0.296875 0.734375
vt 0.265625 0.734375
vt 0.265625 0.6875
vt 0.3125 0.703125
vt 0.3125 0.734375
vt 0.265625 0.734375
vt 0.265625 0.703125
vt 0.3125 0.703125
vt 0.3125 0.734375
vt 0.265625 0.734375
vt 0.265625 0.703125
vt 0.3125 0.6875
vt 0.3125 0.734375
vt 0.265625 0.734375
vt 0.265625 0.6875
vt 0.3125 0.6875
vt 0.3125 0.734375
vt 0.265625 0.734375
vt 0.265625 0.6875
vt 0.296875 0.6875
vt 0.296875 0.734375
vt 0.265625 0.734375
vt 0.265625 0.6875
vt 0.296875 0.6875
vt 0.296875 0.734375
vt 0.265625 0.734375
vt 0.265625 0.6875
vt 0.3125 0.703125
vt 0.3125 0.734375
vt 0.265625 0.734375
vt 0.265625 0.703125
vt 0.3125 0.703125
vt 0.3125 0.734375
vt 0.265625 0.734375
vt 0.265625 0.703125
vt 0.3125 0.6875
vt 0.3125 0.734375
vt 0.265625 0.734375
vt 0.265625 0.6875
vt 0.3125 0.6875
vt 0.3125 0.734375
vt 0.265625 0.734375
vt 0.265625 0.6875
vt 0.296875 0.6875
vt 0.296875 0.734375
vt 0.265625 0.734375
vt 0.265625 0.6875
vt 0.296875 0.6875
vt 0.296875 0.734375
vt 0.265625 0.734375
vt 0.265625 0.6875
vt 0.3125 0.703125
vt 0.3125 0.734375
vt 0.265625 0.734375
vt 0.265625 0.703125
vt 0.3125 0.703125
vt 0.3125 0.734375
vt 0.265625 0.734375
vt 0.265625 0.703125
vt 0.3125 0.6875
vt 0.3125 0.734375
vt 0.265625 0.734375
vt 0.265625 0.6875
vt 0.3125 0.6875
vt 0.3125 0.734375
vt 0.265625 0.734375
vt 0.265625 0.6875
vt 0.0625 0.8125
vt 0.0625 1
vt 0 1
vt 0 0.8125
vt 0.0625 0.8125
vt 0.0625 1
vt 0 1
vt 0 0.8125
vt 0.25 0.9375
vt 0.25 1
vt 0 1
vt 0 0.9375
vt 0.25 0.9375
vt 0.25 1
vt 0 1
vt 0 0.9375
vt 0.25 0.8125
vt 0.25 1
vt 0 1
vt 0 0.8125
vt 0.25 0.8125
vt 0.25 1
vt 0 1
vt 0 0.8125
vt 0.0625 0.8125
vt 0.0625 1
vt 0 1
vt 0 0.8125
vt 0.0625 0.8125
vt 0.0625 1
vt 0 1
vt 0 0.8125
vt 0.25 0.9375
vt 0.25 1
vt 0 1
vt 0 0.9375
vt 0.25 0.9375
vt 0.25 1
vt 0 1
vt 0 0.9375
vt 0.25 0.8125
vt 0.25 1
vt 0 1
vt 0 0.8125
vt 0.25 0.8125
vt 0.25 1
vt 0 1
vt 0 0.8125
vt 0.390625 0.21875
vt 0.390625 0.3125
vt 0.296875 0.3125
vt 0.296875 0.21875
vt 0.390625 0.21875
vt 0.390625 0.3125
vt 0.296875 0.3125
vt 0.296875 0.21875
vt 0.390625 0.3046875
vt 0.390625 0.3125
vt 0.296875 0.3125
vt 0.296875 0.3046875
vt 0.390625 0.3046875
vt 0.390625 0.3125
vt 0.296875 0.3125
vt 0.296875 0.3046875
vt 0.328125 0.26534734375
vt 0.328125 0.28125
vt 0.3125 0.28125
vt 0.3125 0.26534734375
vt 0.34375 0.26534734375
vt 0.34375 0.28125
vt 0.328125 0.28125
vt 0.328125 0.26534734375
vt 0.3678021875 0.296875
vt 0.3678021875 0.3125
vt 0.3599896875 0.3125
vt 0.3599896875 0.296875
vt 0.3678021875 0.26534734375
vt 0.3678021875 0.28125
vt 0.3599896875 0.28125
vt 0.3599896875 0.26534734375
vt 0.296875 0.26534734375
vt 0.296875 0.28125
vt 0.2890625 0.28125
vt 0.2890625 0.26534734375
vt 0.328125 0.26534734375
vt 0.328125 0.28125
vt 0.3125 0.28125
vt 0.3125 0.26534734375
vt 0.34375 0.26534734375
vt 0.34375 0.28125
vt 0.328125 0.28125
vt 0.328125 0.26534734375
vt 0.3678021875 0.296875
vt 0.3678021875 0.3125
vt 0.3599896875 0.3125
vt 0.3599896875 0.296875
vt 0.3678021875 0.26534734375
vt 0.3678021875 0.28125
vt 0.3599896875 0.28125
vt 0.3599896875 0.26534734375
vt 0.296875 0.26534734375
vt 0.296875 0.28125
vt 0.2890625 0.28125
vt 0.2890625 0.26534734375
vt 0.046875 1
vt 0 1
vt 0 0.984375
vt 0.046875 0.984375
vt 0.046875 0.984375
vt 0.046875 1
vt 0 1
vt 0 0.984375
vt 0.3125 0.265625
vt 0.359375 0.265625
vt 0.359375 0.3125
vt 0.3125 0.3125
vt 0.359375 0.265625
vt 0.359375 0.3125
vt 0.3125 0.3125
vt 0.3125 0.265625
vt 0.359375 0.265625
vt 0.359375 0.28125
vt 0.3125 0.28125
vt 0.3125 0.265625
vt 0.359375 0.28125
vt 0.3125 0.28125
vt 0.3125 0.265625
vt 0.359375 0.265625
vt 0.046875 1
vt 0 1
vt 0 0.984375
vt 0.046875 0.984375
vt 0.046875 0.984375
vt 0.046875 1
vt 0 1
vt 0 0.984375
vt 0.3125 0.265625
vt 0.359375 0.265625
vt 0.359375 0.3125
vt 0.3125 0.3125
vt 0.359375 0.265625
vt 0.359375 0.3125
vt 0.3125 0.3125
vt 0.3125 0.265625
vt 0.359375 0.25
vt 0.359375 0.265625
vt 0.3125 0.265625
vt 0.3125 0.25
vt 0.359375 0.265625
vt 0.3125 0.265625
vt 0.3125 0.25
vt 0.359375 0.25
vt 0.3247625 0.6752374999999999
vt 0.375 0.7622625000000001
vt 0.1875 0.8125
vt 0.375 0.7622625000000001
vt 0.375 0.8627374999999999
vt 0.1875 0.8125
vt 0.375 0.8627374999999999
vt 0.3247625 0.9497625
vt 0.1875 0.8125
vt 0.3247625 0.9497625
vt 0.2377375 1
vt 0.1875 0.8125
vt 0.2377375 1
vt 0.1372625 1
vt 0.1875 0.8125
vt 0.1372625 1
vt 0.0502375 0.9497625
vt 0.1875 0.8125
vt 0.0502375 0.9497625
vt 0 0.8627374999999999
vt 0.1875 0.8125
vt 0 0.8627374999999999
vt 0 0.7622625000000001
vt 0.1875 0.8125
vt 0 0.7622625000000001
vt 0.0502375 0.6752374999999999
vt 0.1875 0.8125
vt 0.0502375 0.6752374999999999
vt 0.1372625 0.625
vt 0.1875 0.8125
vt 0.1372625 0.625
vt 0.2377375 0.625
vt 0.1875 0.8125
vt 0.2377375 0.625
vt 0.3247625 0.6752374999999999
vt 0.1875 0.8125
vt 0.28125 0.28125
vt 0.29485625 0.28125
vt 0.29485625 0.296875
vt 0.28125 0.296875
vt 0.29115 0.296875
vt 0.28125 0.296875
vt 0.28125 0.28125
vt 0.29115 0.28125
vt 0.28125 0.29502125
vt 0.28125 0.28512140625000004
vt 0.28816765625 0.2832678125
vt 0.28816703125 0.296875
vt 0.28125 0.2899575
vt 0.2948571875 0.2899575
vt 0.29300328125 0.296875
vt 0.2831034375 0.29687453124999996
vt 0.28125 0.28125
vt 0.29485625 0.28125
vt 0.29485625 0.296875
vt 0.28125 0.296875
vt 0.29115 0.296875
vt 0.28125 0.296875
vt 0.28125 0.28125
vt 0.29115 0.28125
vt 0.28125 0.2950215625
vt 0.28125 0.28512171875000003
vt 0.28816703125 0.2832678125
vt 0.28816765625 0.296875
vt 0.28125 0.2899575
vt 0.2948571875 0.2899575
vt 0.29300359375 0.29687453124999996
vt 0.28310390625 0.296875
vt 0.28125 0.28125
vt 0.29485625 0.28125
vt 0.29485625 0.296875
vt 0.28125 0.296875
vt 0.29115 0.296875
vt 0.28125 0.296875
vt 0.28125 0.28125
vt 0.29115 0.28125
vt 0.28125 0.295021875
vt 0.28125 0.28512187499999997
vt 0.2881671875 0.28326874999999996
vt 0.2881671875 0.296875
vt 0.2881671875 0.28326874999999996
vt 0.2881671875 0.296875
vt 0.28125 0.295021875
vt 0.28125 0.28512187499999997
vt 0.28125 0.28125
vt 0.29485625 0.28125
vt 0.29485625 0.296875
vt 0.28125 0.296875
vt 0.29115 0.296875
vt 0.28125 0.296875
vt 0.28125 0.28125
vt 0.29115 0.28125
vt 0.29300328125 0.296875
vt 0.2831034375 0.296875
vt 0.28125 0.28995734375000004
vt 0.2948571875 0.28995796875
vt 0.2881675 0.2832678125
vt 0.2881675 0.296875
vt 0.28125 0.29502109374999996
vt 0.28125046875 0.28512140625000004
vt 0.28125 0.28125
vt 0.29485625 0.28125
vt 0.29485625 0.296875
vt 0.28125 0.296875
vt 0.29115 0.296875
vt 0.28125 0.296875
vt 0.28125 0.28125
vt 0.29115 0.28125
vt 0.29300359375 0.296875
vt 0.28310375 0.296875
vt 0.28125 0.28995796875
vt 0.2948571875 0.28995734375000004
vt 0.2881675 0.2832678125
vt 0.2881675 0.296875
vt 0.28125046875 0.2950215625
vt 0.28125 0.28512171875000003
vt 0.28125 0.28125
vt 0.29485625 0.28125
vt 0.29485625 0.296875
vt 0.28125 0.296875
vt 0.29115 0.296875
vt 0.28125 0.296875
vt 0.28125 0.28125
vt 0.29115 0.28125
vt 0.293003125 0.296875
vt 0.283103125 0.296875
vt 0.28125 0.28995781249999997
vt 0.29485625 0.28995781249999997
vt 0.29485625 0.296875
vt 0.28125 0.296875
vt 0.283103125 0.28995781249999997
vt 0.293003125 0.28995781249999997
vt 0.28125 0.28125
vt 0.29485625 0.28125
vt 0.29485625 0.296875
vt 0.28125 0.296875
vt 0.29115 0.296875
vt 0.28125 0.296875
vt 0.28125 0.28125
vt 0.29115 0.28125
vt 0.28816765625 0.28512171875000003
vt 0.28816765625 0.2950215625
vt 0.28125 0.296875
vt 0.281250625 0.2832678125
vt 0.2948571875 0.296875
vt 0.28125 0.296875
vt 0.28310390625 0.2899575
vt 0.29300359375 0.28995796875
vt 0.28125 0.28125
vt 0.29485625 0.28125
vt 0.29485625 0.296875
vt 0.28125 0.296875
vt 0.29115 0.296875
vt 0.28125 0.296875
vt 0.28125 0.28125
vt 0.29115 0.28125
vt 0.28816765625 0.28512140625000004
vt 0.28816765625 0.29502125
vt 0.281250625 0.296875
vt 0.28125 0.2832678125
vt 0.2948571875 0.296875
vt 0.28125 0.296875
vt 0.2831034375 0.28995796875
vt 0.29300328125 0.2899575
vt 0.28125 0.28125
vt 0.29485625 0.28125
vt 0.29485625 0.296875
vt 0.28125 0.296875
vt 0.29115 0.296875
vt 0.28125 0.296875
vt 0.28125 0.28125
vt 0.29115 0.28125
vt 0.2881671875 0.28512187499999997
vt 0.2881671875 0.295021875
vt 0.28125 0.296875
vt 0.28125 0.28326874999999996
vt 0.28125 0.296875
vt 0.28125 0.28326874999999996
vt 0.2881671875 0.28512187499999997
vt 0.2881671875 0.295021875
vt 0.28125 0.28125
vt 0.29485625 0.28125
vt 0.29485625 0.296875
vt 0.28125 0.296875
vt 0.29115 0.296875
vt 0.28125 0.296875
vt 0.28125 0.28125
vt 0.29115 0.28125
vt 0.28310375 0.28995734375000004
vt 0.29300359375 0.28995734375000004
vt 0.2948571875 0.296875
vt 0.28125 0.296874375
vt 0.28125 0.296875
vt 0.28125 0.2832678125
vt 0.2881675 0.28512171875000003
vt 0.28816703125 0.2950215625
vt 0.28125 0.28125
vt 0.29485625 0.28125
vt 0.29485625 0.296875
vt 0.28125 0.296875
vt 0.29115 0.296875
vt 0.28125 0.296875
vt 0.28125 0.28125
vt 0.29115 0.28125
vt 0.2831034375 0.28995734375000004
vt 0.29300328125 0.28995734375000004
vt 0.2948571875 0.296874375
vt 0.28125 0.296875
vt 0.28125 0.296875
vt 0.28125 0.2832678125
vt 0.28816703125 0.28512140625000004
vt 0.2881675 0.29502109374999996
vt 0.28125 0.28125
vt 0.29485625 0.28125
vt 0.29485625 0.296875
vt 0.28125 0.296875
vt 0.29115 0.296875
vt 0.28125 0.296875
vt 0.28125 0.28125
vt 0.29115 0.28125
vt 0.283103125 0.28995781249999997
vt 0.293003125 0.28995781249999997
vt 0.29485625 0.296875
vt 0.28125 0.296875
vt 0.28125 0.28995781249999997
vt 0.29485625 0.28995781249999997
vt 0.293003125 0.296875
vt 0.283103125 0.296875
vt 0.28125 0.28125
vt 0.29485625 0.28125
vt 0.29485625 0.296875
vt 0.28125 0.296875
vt 0.29115 0.296875
vt 0.28125 0.296875
vt 0.28125 0.28125
vt 0.29115 0.28125
vt 0.28125 0.29502125
vt 0.28125 0.28512140625000004
vt 0.28816765625 0.2832678125
vt 0.28816703125 0.296875
vt 0.28125 0.2899575
vt 0.2948571875 0.2899575
vt 0.29300328125 0.296875
vt 0.2831034375 0.29687453124999996
vt 0.28125 0.28125
vt 0.29485625 0.28125
vt 0.29485625 0.296875
vt 0.28125 0.296875
vt 0.29115 0.296875
vt 0.28125 0.296875
vt 0.28125 0.28125
vt 0.29115 0.28125
vt 0.28125 0.2950215625
vt 0.28125 0.28512171875000003
vt 0.28816703125 0.2832678125
vt 0.28816765625 0.296875
vt 0.28125 0.2899575
vt 0.2948571875 0.2899575
vt 0.29300359375 0.29687453124999996
vt 0.28310390625 0.296875
vt 0.28125 0.28125
vt 0.29485625 0.28125
vt 0.29485625 0.296875
vt 0.28125 0.296875
vt 0.29115 0.296875
vt 0.28125 0.296875
vt 0.28125 0.28125
vt 0.29115 0.28125
vt 0.28125 0.295021875
vt 0.28125 0.28512187499999997
vt 0.2881671875 0.28326874999999996
vt 0.2881671875 0.296875
vt 0.2881671875 0.28326874999999996
vt 0.2881671875 0.296875
vt 0.28125 0.295021875
vt 0.28125 0.28512187499999997
vt 0.28125 0.28125
vt 0.29485625 0.28125
vt 0.29485625 0.296875
vt 0.28125 0.296875
vt 0.29115 0.296875
vt 0.28125 0.296875
vt 0.28125 0.28125
vt 0.29115 0.28125
vt 0.29300328125 0.296875
vt 0.2831034375 0.296875
vt 0.28125 0.28995734375000004
vt 0.2948571875 0.28995796875
vt 0.2881675 0.2832678125
vt 0.2881675 0.296875
vt 0.28125 0.29502109374999996
vt 0.28125046875 0.28512140625000004
vt 0.28125 0.28125
vt 0.29485625 0.28125
vt 0.29485625 0.296875
vt 0.28125 0.296875
vt 0.29115 0.296875
vt 0.28125 0.296875
vt 0.28125 0.28125
vt 0.29115 0.28125
vt 0.29300359375 0.296875
vt 0.28310375 0.296875
vt 0.28125 0.28995796875
vt 0.2948571875 0.28995734375000004
vt 0.2881675 0.2832678125
vt 0.2881675 0.296875
vt 0.28125046875 0.2950215625
vt 0.28125 0.28512171875000003
vt 0.28125 0.28125
vt 0.29485625 0.28125
vt 0.29485625 0.296875
vt 0.28125 0.296875
vt 0.29115 0.296875
vt 0.28125 0.296875
vt 0.28125 0.28125
vt 0.29115 0.28125
vt 0.293003125 0.296875
vt 0.283103125 0.296875
vt 0.28125 0.28995781249999997
vt 0.29485625 0.28995781249999997
vt 0.29485625 0.296875
vt 0.28125 0.296875
vt 0.283103125 0.28995781249999997
vt 0.293003125 0.28995781249999997
vt 0.28125 0.28125
vt 0.29485625 0.28125
vt 0.29485625 0.296875
vt 0.28125 0.296875
vt 0.29115 0.296875
vt 0.28125 0.296875
vt 0.28125 0.28125
vt 0.29115 0.28125
vt 0.28816765625 0.28512171875000003
vt 0.28816765625 0.2950215625
vt 0.28125 0.296875
vt 0.281250625 0.2832678125
vt 0.2948571875 0.296875
vt 0.28125 0.296875
vt 0.28310390625 0.2899575
vt 0.29300359375 0.28995796875
vt 0.28125 0.28125
vt 0.29485625 0.28125
vt 0.29485625 0.296875
vt 0.28125 0.296875
vt 0.29115 0.296875
vt 0.28125 0.296875
vt 0.28125 0.28125
vt 0.29115 0.28125
vt 0.28816765625 0.28512140625000004
vt 0.28816765625 0.29502125
vt 0.281250625 0.296875
vt 0.28125 0.2832678125
vt 0.2948571875 0.296875
vt 0.28125 0.296875
vt 0.2831034375 0.28995796875
vt 0.29300328125 0.2899575
vt 0.28125 0.28125
vt 0.29485625 0.28125
vt 0.29485625 0.296875
vt 0.28125 0.296875
vt 0.29115 0.296875
vt 0.28125 0.296875
vt 0.28125 0.28125
vt 0.29115 0.28125
vt 0.2881671875 0.28512187499999997
vt 0.2881671875 0.295021875
vt 0.28125 0.296875
vt 0.28125 0.28326874999999996
vt 0.28125 0.296875
vt 0.28125 0.28326874999999996
vt 0.2881671875 0.28512187499999997
vt 0.2881671875 0.295021875
vt 0.28125 0.28125
vt 0.29485625 0.28125
vt 0.29485625 0.296875
vt 0.28125 0.296875
vt 0.29115 0.296875
vt 0.28125 0.296875
vt 0.28125 0.28125
vt 0.29115 0.28125
vt 0.28310375 0.28995734375000004
vt 0.29300359375 0.28995734375000004
vt 0.2948571875 0.296875
vt 0.28125 0.296874375
vt 0.28125 0.296875
vt 0.28125 0.2832678125
vt 0.2881675 0.28512171875000003
vt 0.28816703125 0.2950215625
vt 0.28125 0.28125
vt 0.29485625 0.28125
vt 0.29485625 0.296875
vt 0.28125 0.296875
vt 0.29115 0.296875
vt 0.28125 0.296875
vt 0.28125 0.28125
vt 0.29115 0.28125
vt 0.2831034375 0.28995734375000004
vt 0.29300328125 0.28995734375000004
vt 0.2948571875 0.296874375
vt 0.28125 0.296875
vt 0.28125 0.296875
vt 0.28125 0.2832678125
vt 0.28816703125 0.28512140625000004
vt 0.2881675 0.29502109374999996
vt 0.28125 0.28125
vt 0.29485625 0.28125
vt 0.29485625 0.296875
vt 0.28125 0.296875
vt 0.29115 0.296875
vt 0.28125 0.296875
vt 0.28125 0.28125
vt 0.29115 0.28125
vt 0.283103125 0.28995781249999997
vt 0.293003125 0.28995781249999997
vt 0.29485625 0.296875
vt 0.28125 0.296875
vt 0.28125 0.28995781249999997
vt 0.29485625 0.28995781249999997
vt 0.293003125 0.296875
vt 0.283103125 0.296875
vt 0.3247625 0.6752374999999999
vt 0.375 0.7622625000000001
vt 0.1875 0.8125
vt 0.375 0.7622625000000001
vt 0.375 0.8627374999999999
vt 0.1875 0.8125
vt 0.375 0.8627374999999999
vt 0.3247625 0.9497625
vt 0.1875 0.8125
vt 0.3247625 0.9497625
vt 0.2377375 1
vt 0.1875 0.8125
vt 0.2377375 1
vt 0.1372625 1
vt 0.1875 0.8125
vt 0.1372625 1
vt 0.0502375 0.9497625
vt 0.1875 0.8125
vt 0.0502375 0.9497625
vt 0 0.8627374999999999
vt 0.1875 0.8125
vt 0 0.8627374999999999
vt 0 0.7622625000000001
vt 0.1875 0.8125
vt 0 0.7622625000000001
vt 0.0502375 0.6752374999999999
vt 0.1875 0.8125
vt 0.0502375 0.6752374999999999
vt 0.1372625 0.625
vt 0.1875 0.8125
vt 0.1372625 0.625
vt 0.2377375 0.625
vt 0.1875 0.8125
vt 0.2377375 0.625
vt 0.3247625 0.6752374999999999
vt 0.1875 0.8125
vt 0.390625 0.21875
vt 0.390625 0.3125
vt 0.296875 0.3125
vt 0.296875 0.21875
vt 0.390625 0.21875
vt 0.390625 0.3125
vt 0.296875 0.3125
vt 0.296875 0.21875
vt 0.390625 0.3046875
vt 0.390625 0.3125
vt 0.296875 0.3125
vt 0.296875 0.3046875
vt 0.390625 0.3046875
vt 0.390625 0.3125
vt 0.296875 0.3125
vt 0.296875 0.3046875
vt 0.328125 0.26534734375
vt 0.328125 0.28125
vt 0.3125 0.28125
vt 0.3125 0.26534734375
vt 0.34375 0.26534734375
vt 0.34375 0.28125
vt 0.328125 0.28125
vt 0.328125 0.26534734375
vt 0.3678021875 0.296875
vt 0.3678021875 0.3125
vt 0.3599896875 0.3125
vt 0.3599896875 0.296875
vt 0.3678021875 0.26534734375
vt 0.3678021875 0.28125
vt 0.3599896875 0.28125
vt 0.3599896875 0.26534734375
vt 0.296875 0.26534734375
vt 0.296875 0.28125
vt 0.2890625 0.28125
vt 0.2890625 0.26534734375
vt 0.328125 0.26534734375
vt 0.328125 0.28125
vt 0.3125 0.28125
vt 0.3125 0.26534734375
vt 0.34375 0.26534734375
vt 0.34375 0.28125
vt 0.328125 0.28125
vt 0.328125 0.26534734375
vt 0.3678021875 0.296875
vt 0.3678021875 0.3125
vt 0.3599896875 0.3125
vt 0.3599896875 0.296875
vt 0.3678021875 0.26534734375
vt 0.3678021875 0.28125
vt 0.3599896875 0.28125
vt 0.3599896875 0.26534734375
vt 0.296875 0.26534734375
vt 0.296875 0.28125
vt 0.2890625 0.28125
vt 0.2890625 0.26534734375
vt 0.046875 1
vt 0 1
vt 0 0.984375
vt 0.046875 0.984375
vt 0.046875 0.984375
vt 0.046875 1
vt 0 1
vt 0 0.984375
vt 0.3125 0.265625
vt 0.359375 0.265625
vt 0.359375 0.3125
vt 0.3125 0.3125
vt 0.359375 0.265625
vt 0.359375 0.3125
vt 0.3125 0.3125
vt 0.3125 0.265625
vt 0.359375 0.265625
vt 0.359375 0.28125
vt 0.3125 0.28125
vt 0.3125 0.265625
vt 0.359375 0.28125
vt 0.3125 0.28125
vt 0.3125 0.265625
vt 0.359375 0.265625
vt 0.046875 1
vt 0 1
vt 0 0.984375
vt 0.046875 0.984375
vt 0.046875 0.984375
vt 0.046875 1
vt 0 1
vt 0 0.984375
vt 0.3125 0.265625
vt 0.359375 0.265625
vt 0.359375 0.3125
vt 0.3125 0.3125
vt 0.359375 0.265625
vt 0.359375 0.3125
vt 0.3125 0.3125
vt 0.3125 0.265625
vt 0.359375 0.25
vt 0.359375 0.265625
vt 0.3125 0.265625
vt 0.3125 0.25
vt 0.359375 0.265625
vt 0.3125 0.265625
vt 0.3125 0.25
vt 0.359375 0.25
vt 0.3247625 0.6752374999999999
vt 0.375 0.7622625000000001
vt 0.1875 0.8125
vt 0.375 0.7622625000000001
vt 0.375 0.8627374999999999
vt 0.1875 0.8125
vt 0.375 0.8627374999999999
vt 0.3247625 0.9497625
vt 0.1875 0.8125
vt 0.3247625 0.9497625
vt 0.2377375 1
vt 0.1875 0.8125
vt 0.2377375 1
vt 0.1372625 1
vt 0.1875 0.8125
vt 0.1372625 1
vt 0.0502375 0.9497625
vt 0.1875 0.8125
vt 0.0502375 0.9497625
vt 0 0.8627374999999999
vt 0.1875 0.8125
vt 0 0.8627374999999999
vt 0 0.7622625000000001
vt 0.1875 0.8125
vt 0 0.7622625000000001
vt 0.0502375 0.6752374999999999
vt 0.1875 0.8125
vt 0.0502375 0.6752374999999999
vt 0.1372625 0.625
vt 0.1875 0.8125
vt 0.1372625 0.625
vt 0.2377375 0.625
vt 0.1875 0.8125
vt 0.2377375 0.625
vt 0.3247625 0.6752374999999999
vt 0.1875 0.8125
vt 0.28125 0.28125
vt 0.29485625 0.28125
vt 0.29485625 0.296875
vt 0.28125 0.296875
vt 0.29115 0.296875
vt 0.28125 0.296875
vt 0.28125 0.28125
vt 0.29115 0.28125
vt 0.28125 0.29502125
vt 0.28125 0.28512140625000004
vt 0.28816765625 0.2832678125
vt 0.28816703125 0.296875
vt 0.28125 0.2899575
vt 0.2948571875 0.2899575
vt 0.29300328125 0.296875
vt 0.2831034375 0.29687453124999996
vt 0.28125 0.28125
vt 0.29485625 0.28125
vt 0.29485625 0.296875
vt 0.28125 0.296875
vt 0.29115 0.296875
vt 0.28125 0.296875
vt 0.28125 0.28125
vt 0.29115 0.28125
vt 0.28125 0.2950215625
vt 0.28125 0.28512171875000003
vt 0.28816703125 0.2832678125
vt 0.28816765625 0.296875
vt 0.28125 0.2899575
vt 0.2948571875 0.2899575
vt 0.29300359375 0.29687453124999996
vt 0.28310390625 0.296875
vt 0.28125 0.28125
vt 0.29485625 0.28125
vt 0.29485625 0.296875
vt 0.28125 0.296875
vt 0.29115 0.296875
vt 0.28125 0.296875
vt 0.28125 0.28125
vt 0.29115 0.28125
vt 0.28125 0.295021875
vt 0.28125 0.28512187499999997
vt 0.2881671875 0.28326874999999996
vt 0.2881671875 0.296875
vt 0.2881671875 0.28326874999999996
vt 0.2881671875 0.296875
vt 0.28125 0.295021875
vt 0.28125 0.28512187499999997
vt 0.28125 0.28125
vt 0.29485625 0.28125
vt 0.29485625 0.296875
vt 0.28125 0.296875
vt 0.29115 0.296875
vt 0.28125 0.296875
vt 0.28125 0.28125
vt 0.29115 0.28125
vt 0.29300328125 0.296875
vt 0.2831034375 0.296875
vt 0.28125 0.28995734375000004
vt 0.2948571875 0.28995796875
vt 0.2881675 0.2832678125
vt 0.2881675 0.296875
vt 0.28125 0.29502109374999996
vt 0.28125046875 0.28512140625000004
vt 0.28125 0.28125
vt 0.29485625 0.28125
vt 0.29485625 0.296875
vt 0.28125 0.296875
vt 0.29115 0.296875
vt 0.28125 0.296875
vt 0.28125 0.28125
vt 0.29115 0.28125
vt 0.29300359375 0.296875
vt 0.28310375 0.296875
vt 0.28125 0.28995796875
vt 0.2948571875 0.28995734375000004
vt 0.2881675 0.2832678125
vt 0.2881675 0.296875
vt 0.28125046875 0.2950215625
vt 0.28125 0.28512171875000003
vt 0.28125 0.28125
vt 0.29485625 0.28125
vt 0.29485625 0.296875
vt 0.28125 0.296875
vt 0.29115 0.296875
vt 0.28125 0.296875
vt 0.28125 0.28125
vt 0.29115 0.28125
vt 0.293003125 0.296875
vt 0.283103125 0.296875
vt 0.28125 0.28995781249999997
vt 0.29485625 0.28995781249999997
vt 0.29485625 0.296875
vt 0.28125 0.296875
vt 0.283103125 0.28995781249999997
vt 0.293003125 0.28995781249999997
vt 0.28125 0.28125
vt 0.29485625 0.28125
vt 0.29485625 0.296875
vt 0.28125 0.296875
vt 0.29115 0.296875
vt 0.28125 0.296875
vt 0.28125 0.28125
vt 0.29115 0.28125
vt 0.28816765625 0.28512171875000003
vt 0.28816765625 0.2950215625
vt 0.28125 0.296875
vt 0.281250625 0.2832678125
vt 0.2948571875 0.296875
vt 0.28125 0.296875
vt 0.28310390625 0.2899575
vt 0.29300359375 0.28995796875
vt 0.28125 0.28125
vt 0.29485625 0.28125
vt 0.29485625 0.296875
vt 0.28125 0.296875
vt 0.29115 0.296875
vt 0.28125 0.296875
vt 0.28125 0.28125
vt 0.29115 0.28125
vt 0.28816765625 0.28512140625000004
vt 0.28816765625 0.29502125
vt 0.281250625 0.296875
vt 0.28125 0.2832678125
vt 0.2948571875 0.296875
vt 0.28125 0.296875
vt 0.2831034375 0.28995796875
vt 0.29300328125 0.2899575
vt 0.28125 0.28125
vt 0.29485625 0.28125
vt 0.29485625 0.296875
vt 0.28125 0.296875
vt 0.29115 0.296875
vt 0.28125 0.296875
vt 0.28125 0.28125
vt 0.29115 0.28125
vt 0.2881671875 0.28512187499999997
vt 0.2881671875 0.295021875
vt 0.28125 0.296875
vt 0.28125 0.28326874999999996
vt 0.28125 0.296875
vt 0.28125 0.28326874999999996
vt 0.2881671875 0.28512187499999997
vt 0.2881671875 0.295021875
vt 0.28125 0.28125
vt 0.29485625 0.28125
vt 0.29485625 0.296875
vt 0.28125 0.296875
vt 0.29115 0.296875
vt 0.28125 0.296875
vt 0.28125 0.28125
vt 0.29115 0.28125
vt 0.28310375 0.28995734375000004
vt 0.29300359375 0.28995734375000004
vt 0.2948571875 0.296875
vt 0.28125 0.296874375
vt 0.28125 0.296875
vt 0.28125 0.2832678125
vt 0.2881675 0.28512171875000003
vt 0.28816703125 0.2950215625
vt 0.28125 0.28125
vt 0.29485625 0.28125
vt 0.29485625 0.296875
vt 0.28125 0.296875
vt 0.29115 0.296875
vt 0.28125 0.296875
vt 0.28125 0.28125
vt 0.29115 0.28125
vt 0.2831034375 0.28995734375000004
vt 0.29300328125 0.28995734375000004
vt 0.2948571875 0.296874375
vt 0.28125 0.296875
vt 0.28125 0.296875
vt 0.28125 0.2832678125
vt 0.28816703125 0.28512140625000004
vt 0.2881675 0.29502109374999996
vt 0.28125 0.28125
vt 0.29485625 0.28125
vt 0.29485625 0.296875
vt 0.28125 0.296875
vt 0.29115 0.296875
vt 0.28125 0.296875
vt 0.28125 0.28125
vt 0.29115 0.28125
vt 0.283103125 0.28995781249999997
vt 0.293003125 0.28995781249999997
vt 0.29485625 0.296875
vt 0.28125 0.296875
vt 0.28125 0.28995781249999997
vt 0.29485625 0.28995781249999997
vt 0.293003125 0.296875
vt 0.283103125 0.296875
vt 0.28125 0.28125
vt 0.29485625 0.28125
vt 0.29485625 0.296875
vt 0.28125 0.296875
vt 0.29115 0.296875
vt 0.28125 0.296875
vt 0.28125 0.28125
vt 0.29115 0.28125
vt 0.28125 0.29502125
vt 0.28125 0.28512140625000004
vt 0.28816765625 0.2832678125
vt 0.28816703125 0.296875
vt 0.28125 0.2899575
vt 0.2948571875 0.2899575
vt 0.29300328125 0.296875
vt 0.2831034375 0.29687453124999996
vt 0.28125 0.28125
vt 0.29485625 0.28125
vt 0.29485625 0.296875
vt 0.28125 0.296875
vt 0.29115 0.296875
vt 0.28125 0.296875
vt 0.28125 0.28125
vt 0.29115 0.28125
vt 0.28125 0.2950215625
vt 0.28125 0.28512171875000003
vt 0.28816703125 0.2832678125
vt 0.28816765625 0.296875
vt 0.28125 0.2899575
vt 0.2948571875 0.2899575
vt 0.29300359375 0.29687453124999996
vt 0.28310390625 0.296875
vt 0.28125 0.28125
vt 0.29485625 0.28125
vt 0.29485625 0.296875
vt 0.28125 0.296875
vt 0.29115 0.296875
vt 0.28125 0.296875
vt 0.28125 0.28125
vt 0.29115 0.28125
vt 0.28125 0.295021875
vt 0.28125 0.28512187499999997
vt 0.2881671875 0.28326874999999996
vt 0.2881671875 0.296875
vt 0.2881671875 0.28326874999999996
vt 0.2881671875 0.296875
vt 0.28125 0.295021875
vt 0.28125 0.28512187499999997
vt 0.28125 0.28125
vt 0.29485625 0.28125
vt 0.29485625 0.296875
vt 0.28125 0.296875
vt 0.29115 0.296875
vt 0.28125 0.296875
vt 0.28125 0.28125
vt 0.29115 0.28125
vt 0.29300328125 0.296875
vt 0.2831034375 0.296875
vt 0.28125 0.28995734375000004
vt 0.2948571875 0.28995796875
vt 0.2881675 0.2832678125
vt 0.2881675 0.296875
vt 0.28125 0.29502109374999996
vt 0.28125046875 0.28512140625000004
vt 0.28125 0.28125
vt 0.29485625 0.28125
vt 0.29485625 0.296875
vt 0.28125 0.296875
vt 0.29115 0.296875
vt 0.28125 0.296875
vt 0.28125 0.28125
vt 0.29115 0.28125
vt 0.29300359375 0.296875
vt 0.28310375 0.296875
vt 0.28125 0.28995796875
vt 0.2948571875 0.28995734375000004
vt 0.2881675 0.2832678125
vt 0.2881675 0.296875
vt 0.28125046875 0.2950215625
vt 0.28125 0.28512171875000003
vt 0.28125 0.28125
vt 0.29485625 0.28125
vt 0.29485625 0.296875
vt 0.28125 0.296875
vt 0.29115 0.296875
vt 0.28125 0.296875
vt 0.28125 0.28125
vt 0.29115 0.28125
vt 0.293003125 0.296875
vt 0.283103125 0.296875
vt 0.28125 0.28995781249999997
vt 0.29485625 0.28995781249999997
vt 0.29485625 0.296875
vt 0.28125 0.296875
vt 0.283103125 0.28995781249999997
vt 0.293003125 0.28995781249999997
vt 0.28125 0.28125
vt 0.29485625 0.28125
vt 0.29485625 0.296875
vt 0.28125 0.296875
vt 0.29115 0.296875
vt 0.28125 0.296875
vt 0.28125 0.28125
vt 0.29115 0.28125
vt 0.28816765625 0.28512171875000003
vt 0.28816765625 0.2950215625
vt 0.28125 0.296875
vt 0.281250625 0.2832678125
vt 0.2948571875 0.296875
vt 0.28125 0.296875
vt 0.28310390625 0.2899575
vt 0.29300359375 0.28995796875
vt 0.28125 0.28125
vt 0.29485625 0.28125
vt 0.29485625 0.296875
vt 0.28125 0.296875
vt 0.29115 0.296875
vt 0.28125 0.296875
vt 0.28125 0.28125
vt 0.29115 0.28125
vt 0.28816765625 0.28512140625000004
vt 0.28816765625 0.29502125
vt 0.281250625 0.296875
vt 0.28125 0.2832678125
vt 0.2948571875 0.296875
vt 0.28125 0.296875
vt 0.2831034375 0.28995796875
vt 0.29300328125 0.2899575
vt 0.28125 0.28125
vt 0.29485625 0.28125
vt 0.29485625 0.296875
vt 0.28125 0.296875
vt 0.29115 0.296875
vt 0.28125 0.296875
vt 0.28125 0.28125
vt 0.29115 0.28125
vt 0.2881671875 0.28512187499999997
vt 0.2881671875 0.295021875
vt 0.28125 0.296875
vt 0.28125 0.28326874999999996
vt 0.28125 0.296875
vt 0.28125 0.28326874999999996
vt 0.2881671875 0.28512187499999997
vt 0.2881671875 0.295021875
vt 0.28125 0.28125
vt 0.29485625 0.28125
vt 0.29485625 0.296875
vt 0.28125 0.296875
vt 0.29115 0.296875
vt 0.28125 0.296875
vt 0.28125 0.28125
vt 0.29115 0.28125
vt 0.28310375 0.28995734375000004
vt 0.29300359375 0.28995734375000004
vt 0.2948571875 0.296875
vt 0.28125 0.296874375
vt 0.28125 0.296875
vt 0.28125 0.2832678125
vt 0.2881675 0.28512171875000003
vt 0.28816703125 0.2950215625
vt 0.28125 0.28125
vt 0.29485625 0.28125
vt 0.29485625 0.296875
vt 0.28125 0.296875
vt 0.29115 0.296875
vt 0.28125 0.296875
vt 0.28125 0.28125
vt 0.29115 0.28125
vt 0.2831034375 0.28995734375000004
vt 0.29300328125 0.28995734375000004
vt 0.2948571875 0.296874375
vt 0.28125 0.296875
vt 0.28125 0.296875
vt 0.28125 0.2832678125
vt 0.28816703125 0.28512140625000004
vt 0.2881675 0.29502109374999996
vt 0.28125 0.28125
vt 0.29485625 0.28125
vt 0.29485625 0.296875
vt 0.28125 0.296875
vt 0.29115 0.296875
vt 0.28125 0.296875
vt 0.28125 0.28125
vt 0.29115 0.28125
vt 0.283103125 0.28995781249999997
vt 0.293003125 0.28995781249999997
vt 0.29485625 0.296875
vt 0.28125 0.296875
vt 0.28125 0.28995781249999997
vt 0.29485625 0.28995781249999997
vt 0.293003125 0.296875
vt 0.283103125 0.296875
vt 0.3247625 0.6752374999999999
vt 0.375 0.7622625000000001
vt 0.1875 0.8125
vt 0.375 0.7622625000000001
vt 0.375 0.8627374999999999
vt 0.1875 0.8125
vt 0.375 0.8627374999999999
vt 0.3247625 0.9497625
vt 0.1875 0.8125
vt 0.3247625 0.9497625
vt 0.2377375 1
vt 0.1875 0.8125
vt 0.2377375 1
vt 0.1372625 1
vt 0.1875 0.8125
vt 0.1372625 1
vt 0.0502375 0.9497625
vt 0.1875 0.8125
vt 0.0502375 0.9497625
vt 0 0.8627374999999999
vt 0.1875 0.8125
vt 0 0.8627374999999999
vt 0 0.7622625000000001
vt 0.1875 0.8125
vt 0 0.7622625000000001
vt 0.0502375 0.6752374999999999
vt 0.1875 0.8125
vt 0.0502375 0.6752374999999999
vt 0.1372625 0.625
vt 0.1875 0.8125
vt 0.1372625 0.625
vt 0.2377375 0.625
vt 0.1875 0.8125
vt 0.2377375 0.625
vt 0.3247625 0.6752374999999999
vt 0.1875 0.8125
vt 0.59375 0.46875
vt 0.59375 0.484375
vt 0.5 0.484375
vt 0.5 0.46875
vt 0.59375 0.46875
vt 0.59375 0.484375
vt 0.5 0.484375
vt 0.5 0.46875
vt 0.53125 0.4375
vt 0.53125 0.484375
vt 0.5 0.484375
vt 0.5 0.4375
vt 0.53125 0.4375
vt 0.53125 0.484375
vt 0.5 0.484375
vt 0.5 0.4375
vt 0.53125 0.46875
vt 0.53125 0.484375
vt 0.5 0.484375
vt 0.5 0.46875
vt 0.53125 0.46875
vt 0.53125 0.484375
vt 0.5 0.484375
vt 0.5 0.46875
vt 0.5625 0.46875
vt 0.5625 0.484375
vt 0.5 0.484375
vt 0.5 0.46875
vt 0.5625 0.46875
vt 0.5625 0.484375
vt 0.5 0.484375
vt 0.5 0.46875
vt 0.51953125 0.453125
vt 0.51953125 0.484375
vt 0.5 0.484375
vt 0.5 0.453125
vt 0.51953125 0.453125
vt 0.51953125 0.484375
vt 0.5 0.484375
vt 0.5 0.453125
vt 0.51953125 0.46875
vt 0.51953125 0.484375
vt 0.5 0.484375
vt 0.5 0.46875
vt 0.51953125 0.46875
vt 0.51953125 0.484375
vt 0.5 0.484375
vt 0.5 0.46875
vt 0.21078125 0.79703125
vt 0.2421875 0.85140625
vt 0.125 0.8828125
vt 0.2421875 0.85140625
vt 0.2421875 0.91421875
vt 0.125 0.8828125
vt 0.2421875 0.91421875
vt 0.21078125 0.96859375
vt 0.125 0.8828125
vt 0.21078125 0.96859375
vt 0.15640625 1
vt 0.125 0.8828125
vt 0.15640625 1
vt 0.09359375 1
vt 0.125 0.8828125
vt 0.09359375 1
vt 0.03921875 0.96859375
vt 0.125 0.8828125
vt 0.03921875 0.96859375
vt 0.0078125 0.91421875
vt 0.125 0.8828125
vt 0.0078125 0.91421875
vt 0.0078125 0.85140625
vt 0.125 0.8828125
vt 0.0078125 0.85140625
vt 0.03921875 0.79703125
vt 0.125 0.8828125
vt 0.03921875 0.79703125
vt 0.09359375 0.765625
vt 0.125 0.8828125
vt 0.09359375 0.765625
vt 0.15640625 0.765625
vt 0.125 0.8828125
vt 0.15640625 0.765625
vt 0.21078125 0.79703125
vt 0.125 0.8828125
vt 0.28125 0.28125
vt 0.289621875 0.28125
vt 0.289621875 0.296875
vt 0.28125 0.296875
vt 0.28573125 0.296875
vt 0.28125 0.296875
vt 0.28125 0.28125
vt 0.28573125 0.28125
vt 0.28125 0.29492734374999996
vt 0.28125 0.29044499999999995
vt 0.28851390625 0.28850062499999996
vt 0.2885103125 0.296875
vt 0.28125 0.28961187499999996
vt 0.289624375 0.28961187499999996
vt 0.287676875 0.296875
vt 0.28319453125 0.29687312499999996
vt 0.28125 0.28125
vt 0.289621875 0.28125
vt 0.289621875 0.296875
vt 0.28125 0.296875
vt 0.28573125 0.296875
vt 0.28125 0.296875
vt 0.28125 0.28125
vt 0.28573125 0.28125
vt 0.28125 0.294930625
vt 0.28125 0.29044828125
vt 0.2885103125 0.28850062499999996
vt 0.28851390625 0.296875
vt 0.28125 0.28961187499999996
vt 0.289624375 0.28961187499999996
vt 0.28767984375 0.29687312499999996
vt 0.2831975 0.296875
vt 0.28125 0.28125
vt 0.289621875 0.28125
vt 0.289621875 0.296875
vt 0.28125 0.296875
vt 0.28573125 0.296875
vt 0.28125 0.296875
vt 0.28125 0.28125
vt 0.28573125 0.28125
vt 0.28125 0.29492968750000004
vt 0.28125 0.29044843750000005
vt 0.2885109375 0.28850312499999997
vt 0.2885109375 0.296875
vt 0.2885109375 0.28850312499999997
vt 0.2885109375 0.296875
vt 0.28125 0.29492968750000004
vt 0.28125 0.29044843750000005
vt 0.28125 0.28125
vt 0.289621875 0.28125
vt 0.289621875 0.296875
vt 0.28125 0.296875
vt 0.28573125 0.296875
vt 0.28125 0.296875
vt 0.28125 0.28125
vt 0.28573125 0.28125
vt 0.28767671875 0.296875
vt 0.283194375 0.296875
vt 0.28125 0.28961109375000005
vt 0.289624375 0.28961468749999997
vt 0.288513125 0.28850062499999996
vt 0.288513125 0.296875
vt 0.28125 0.2949275
vt 0.281251875 0.29044515625
vt 0.28125 0.28125
vt 0.289621875 0.28125
vt 0.289621875 0.296875
vt 0.28125 0.296875
vt 0.28573125 0.296875
vt 0.28125 0.296875
vt 0.28125 0.28125
vt 0.28573125 0.28125
vt 0.28768 0.296875
vt 0.28319765625 0.296875
vt 0.28125 0.28961468749999997
vt 0.289624375 0.28961109375000005
vt 0.288513125 0.28850062499999996
vt 0.288513125 0.296875
vt 0.281251875 0.29493046874999995
vt 0.28125 0.29044812499999995
vt 0.28125 0.28125
vt 0.289621875 0.28125
vt 0.289621875 0.296875
vt 0.28125 0.296875
vt 0.28573125 0.296875
vt 0.28125 0.296875
vt 0.28125 0.28125
vt 0.28573125 0.28125
vt 0.2876765625 0.296875
vt 0.2831953125 0.296875
vt 0.28125 0.2896140625
vt 0.289621875 0.2896140625
vt 0.289621875 0.296875
vt 0.28125 0.296875
vt 0.2831953125 0.2896140625
vt 0.2876765625 0.2896140625
vt 0.28125 0.28125
vt 0.289621875 0.28125
vt 0.289621875 0.296875
vt 0.28125 0.296875
vt 0.28573125 0.296875
vt 0.28125 0.296875
vt 0.28125 0.28125
vt 0.28573125 0.28125
vt 0.28851390625 0.29044828125
vt 0.28851390625 0.294930625
vt 0.28125 0.296875
vt 0.28125359375 0.28850062499999996
vt 0.289624375 0.296875
vt 0.28125 0.296875
vt 0.2831975 0.28961187499999996
vt 0.28767984375 0.28961390625000005
vt 0.28125 0.28125
vt 0.289621875 0.28125
vt 0.289621875 0.296875
vt 0.28125 0.296875
vt 0.28573125 0.296875
vt 0.28125 0.296875
vt 0.28125 0.28125
vt 0.28573125 0.28125
vt 0.28851390625 0.29044499999999995
vt 0.28851390625 0.29492734374999996
vt 0.28125359375 0.296875
vt 0.28125 0.28850062499999996
vt 0.289624375 0.296875
vt 0.28125 0.296875
vt 0.28319453125 0.28961390625000005
vt 0.287676875 0.28961187499999996
vt 0.28125 0.28125
vt 0.289621875 0.28125
vt 0.289621875 0.296875
vt 0.28125 0.296875
vt 0.28573125 0.296875
vt 0.28125 0.296875
vt 0.28125 0.28125
vt 0.28573125 0.28125
vt 0.2885109375 0.29044843750000005
vt 0.2885109375 0.29492968750000004
vt 0.28125 0.296875
vt 0.28125 0.28850312499999997
vt 0.28125 0.296875
vt 0.28125 0.28850312499999997
vt 0.2885109375 0.29044843750000005
vt 0.2885109375 0.29492968750000004
vt 0.28125 0.28125
vt 0.289621875 0.28125
vt 0.289621875 0.296875
vt 0.28125 0.296875
vt 0.28573125 0.296875
vt 0.28125 0.296875
vt 0.28125 0.28125
vt 0.28573125 0.28125
vt 0.28319765625 0.28961109375000005
vt 0.28768 0.28961109375000005
vt 0.289624375 0.296875
vt 0.28125 0.29687140624999997
vt 0.28125 0.296875
vt 0.28125 0.28850062499999996
vt 0.288513125 0.29044812499999995
vt 0.28851109375 0.29493046874999995
vt 0.28125 0.28125
vt 0.289621875 0.28125
vt 0.289621875 0.296875
vt 0.28125 0.296875
vt 0.28573125 0.296875
vt 0.28125 0.296875
vt 0.28125 0.28125
vt 0.28573125 0.28125
vt 0.283194375 0.28961109375000005
vt 0.28767671875 0.28961109375000005
vt 0.289624375 0.29687140624999997
vt 0.28125 0.296875
vt 0.28125 0.296875
vt 0.28125 0.28850062499999996
vt 0.28851109375 0.29044515625
vt 0.288513125 0.2949275
vt 0.28125 0.28125
vt 0.289621875 0.28125
vt 0.289621875 0.296875
vt 0.28125 0.296875
vt 0.28573125 0.296875
vt 0.28125 0.296875
vt 0.28125 0.28125
vt 0.28573125 0.28125
vt 0.2831953125 0.2896140625
vt 0.2876765625 0.2896140625
vt 0.289621875 0.296875
vt 0.28125 0.296875
vt 0.28125 0.2896140625
vt 0.289621875 0.2896140625
vt 0.2876765625 0.296875
vt 0.2831953125 0.296875
vt 0.5625 0.46875
vt 0.5625 0.484375
vt 0.5 0.484375
vt 0.5 0.46875
vt 0.5625 0.46875
vt 0.5625 0.484375
vt 0.5 0.484375
vt 0.5 0.46875
vt 0.51953125 0.453125
vt 0.51953125 0.484375
vt 0.5 0.484375
vt 0.5 0.453125
vt 0.51953125 0.453125
vt 0.51953125 0.484375
vt 0.5 0.484375
vt 0.5 0.453125
vt 0.51953125 0.46875
vt 0.51953125 0.484375
vt 0.5 0.484375
vt 0.5 0.46875
vt 0.51953125 0.46875
vt 0.51953125 0.484375
vt 0.5 0.484375
vt 0.5 0.46875
vn 1 0 0
vn -1 0 0
vn 0 -1 0
vn 0 0 1
vn 0 0 -1
vn 1 0 0
vn -1 0 0
vn 0 1 0
vn 0 -1 0
vn 0 0 1
vn 0 0 -1
vn 1 0 0
vn -1 0 0
vn 0 1 0
vn 0 -1 0
vn 0 0 1
vn 0 0 -1
vn 1 0 0
vn -1 0 0
vn 0 -1 0
vn 0 0 1
vn 0 0 -1
vn 1 0 0
vn -1 0 0
vn 0 1 0
vn 0 -1 0
vn 0 0 1
vn 0 0 -1
vn 1 0 0
vn -1 0 0
vn 0 1 0
vn 0 -1 0
vn 0 0 1
vn 0 0 -1
vn 1 0 0
vn -1 0 0
vn 0 -1 0
vn 0 0 1
vn 0 0 -1
vn 1 0 0
vn -1 0 0
vn 0 -1 0
vn 0 0 1
vn 0 0 -1
vn 1 0 0
vn -1 0 0
vn 0 -1 0
vn 0 0 1
vn 0 0 -1
vn 1 0 0
vn -1 0 0
vn 0 -1 0
vn 0 0 1
vn 0 0 -1
vn 1 0 0
vn -1 0 0
vn 0 1 0
vn 0 -1 0
vn 0 0 1
vn 0 0 -1
vn 1 0 0
vn -1 0 0
vn 0 1 0
vn 0 -1 0
vn 0 0 1
vn 0 0 -1
vn 1 0 0
vn -1 0 0
vn 0 -1 0
vn 0 0 1
vn 0 0 -1
vn 1 0 0
vn -1 0 0
vn 0 -1 0
vn 0 0 1
vn 0 0 -1
vn 1 0 0
vn -1 0 0
vn 0 1 0
vn 0 -1 0
vn 0 0 1
vn 0 0 -1
vn 1 0 0
vn -1 0 0
vn 0 1 0
vn 0 -1 0
vn 0 0 1
vn 0 0 -1
vn 1 0 0
vn -1 0 0
vn 0 1 0
vn 0 -1 0
vn 0 0 1
vn 0 0 -1
vn 1 0 0
vn -1 0 0
vn 0 1 0
vn 0 -1 0
vn 0 0 1
vn 0 0 -1
vn 1 0 0
vn -1 0 0
vn 0 1 0
vn 0 -1 0
vn 0 0 1
vn 0 0 -1
vn 1 0 0
vn -1 0 0
vn 0 1 0
vn 0 -1 0
vn 0 0 1
vn 0 0 -1
vn 1 0 0
vn -1 0 0
vn 0 1 0
vn 0 -1 0
vn 0 0 1
vn 0 0 -1
vn 1 0 0
vn -1 0 0
vn 0 1 0
vn 0 -1 0
vn 0 0 1
vn 0 0 -1
vn 0.9659258262890683 0.25881904510252074 0
vn -0.9659258262890683 -0.2588190451025208 0
vn -0.258819045102521 0.9659258262890682 0
vn 0.2588190451025205 -0.9659258262890685 0
vn 0 0 1
vn 0 0 -1
vn 0.9659258262890683 -0.25881904510252074 0
vn -0.9659258262890684 0.25881904510252074 0
vn 0.2588190451025211 0.9659258262890683 0
vn -0.2588190451025205 -0.9659258262890685 0
vn 0 0 1
vn 0 0 -1
vn 0.9659258262890683 0.25881904510252074 0
vn -0.9659258262890683 -0.2588190451025208 0
vn -0.258819045102521 0.9659258262890682 0
vn 0.2588190451025205 -0.9659258262890685 0
vn 0 0 1
vn 0 0 -1
vn 0.9659258262890683 -0.25881904510252074 0
vn -0.9659258262890683 0.25881904510252074 0
vn 0.2588190451025211 0.9659258262890683 0
vn -0.25881904510252046 -0.9659258262890684 0
vn 0 0 1
vn 0 0 -1
vn 1 0 0
vn -1 0 0
vn 0 1 0
vn 0 -1 0
vn 0 0 1
vn 0 0 -1
vn 1 0 0
vn -1 0 0
vn 0 1 0
vn 0 -1 0
vn 0 0 1
vn 0 0 -1
vn 1 0 0
vn -1 0 0
vn 0 1 0
vn 0 -1 0
vn 0 0 1
vn 0 0 -1
vn 1 0 0
vn -1 0 0
vn 0 1 0
vn 0 0 1
vn 0 0 -1
vn 1 0 0
vn -1 0 0
vn 0 1 0
vn 0 -1 0
vn 0 0 1
vn 0 0 -1
vn 1 0 0
vn -1 0 0
vn 0 1 0
vn 0 -1 0
vn 0 0 1
vn 0 0 -1
vn 0.7071067811865467 -0.7071067811865485 0
vn -0.7071067811865467 0.7071067811865485 0
vn 0.7071067811865485 0.7071067811865466 0
vn -0.7071067811865485 -0.7071067811865466 0
vn 0 0 1
vn 0 0 -1
vn 0.7071067811865467 0.7071067811865485 0
vn -0.7071067811865467 -0.7071067811865485 0
vn -0.7071067811865458 0.7071067811865493 0
vn 0.7071067811865458 -0.7071067811865493 0
vn 0 0 1
vn 0 0 -1
vn 1 0 0
vn -1 0 0
vn 0 1 0
vn 0 -1 0
vn 0 0 1
vn 0 0 -1
vn 1 0 0
vn -1 0 0
vn 0 1 0
vn 0 -1 0
vn 0 0 1
vn 0 0 -1
vn 1 0 0
vn -1 0 0
vn 0 1 0
vn 0 -1 0
vn 0 0 1
vn 0 0 -1
vn 1 0 0
vn -1 0 0
vn 0 1 0
vn 0 -1 0
vn 0 0 1
vn 0 0 -1
vn 1 0 0
vn -1 0 0
vn 0 1 0
vn 0 -1 0
vn 0 0 1
vn 0 0 -1
vn 1 0 0
vn -1 0 0
vn 0 1 0
vn 0 -1 0
vn 0 0 1
vn 0 0 -1
vn -0.11320321376791746 -0.9935718556765865 0
vn 0.11320321376791741 0.9935718556765865 0
vn 0.9935718556765875 -0.11320321376790675 0
vn -0.9935718556765877 0.1132032137679067 0
vn 0 0 1
vn 0 0 -1
vn -0.11320321376791746 -0.9935718556765865 0
vn 0.11320321376791746 0.9935718556765865 0
vn 0.9935718556765876 -0.11320321376790678 0
vn -0.9935718556765876 0.11320321376790678 0
vn 0 0 1
vn 0 0 -1
vn 0.9990482215818578 0.043619387365336 0
vn -0.9990482215818578 -0.043619387365336 0
vn -0.04361938736532524 0.9990482215818582 0
vn 0.04361938736532524 -0.9990482215818582 0
vn 0 0 1
vn 0 0 -1
vn 1 0 0
vn -1 0 0
vn 0 1 0
vn 0 -1 0
vn 0 0 1
vn 0 0 -1
vn 1 0 0
vn -1 0 0
vn 0 1 0
vn 0 -1 0
vn 0 0 1
vn 0 0 -1
vn 1 0 0
vn -1 0 0
vn 0 1 0
vn 0 -1 0
vn 0 0 1
vn 0 0 -1
vn 0.9963980072059786 0 -0.08479983040050881
vn -0.9963980072059786 0 0.08479983040050881
vn 0 1 0
vn 0 -1 0
vn 0 0 1
vn 0 0 -1
vn 0.9963980072059786 0 0.08479983040050881
vn -0.9963980072059786 0 -0.08479983040050881
vn 0 1 0
vn 0 -1 0
vn 0 0 1
vn 0 0 -1
vn 1 0 0
vn -1 0 0
vn 0 1 0
vn 0 -1 0
vn 0 0 1
vn 0 0 -1
vn 1 0 0
vn -1 0 0
vn 0 1 0
vn 0 -1 0
vn 0 0 1
vn 0 0 -1
vn 1 0 0
vn -1 0 0
vn 0 1 0
vn 0 -1 0
vn 0 0 1
vn 0 0 -1
vn 1 0 0
vn -1 0 0
vn 0 0.970295726275997 -0.2419218955996659
vn 0 -0.9702957262759964 0.24192189559966873
vn 0 0.24192189559966962 0.970295726275996
vn 0 -0.2419218955996663 -0.9702957262759969
vn 1 0 0
vn -1 0 0
vn 0 1 0
vn 0 -1 0
vn 0 0 1
vn 0 0 -1
vn 1 0 0
vn -1 0 0
vn 0 1 0
vn 0 -1 0
vn 0 0 1
vn 0 0 -1
vn 1 0 0
vn -1 0 0
vn 0 1 0
vn 0 -1 0
vn 0 0 1
vn 0 0 -1
vn 1 0 0
vn -1 0 0
vn 0 1 0
vn 0 -1 0
vn 0 0 1
vn 0 0 -1
vn 1 0 0
vn -1 0 0
vn 0 1 0
vn 0 -1 0
vn 0 0 1
vn 0 0 -1
vn 1 0 0
vn -1 0 0
vn 0 1 0
vn 0 -1 0
vn 0 0 1
vn 0 0 -1
vn 1 0 0
vn -1 0 0
vn 0 0.9238795325112871 0.3826834323650891
vn 0 -0.923879532511287 -0.3826834323650893
vn 0 -0.3826834323650924 0.9238795325112856
vn 0 0.3826834323650909 -0.9238795325112863
vn 1 0 0
vn -1 0 0
vn 0 1 0
vn 0 -1 0
vn 0 0 1
vn 0 0 -1
vn 1 0 0
vn -1 0 0
vn 0 1 0
vn 0 -1 0
vn 0 0 1
vn 0 0 -1
vn 0.7067817666557669 0.7067817666557897 -0.030316144970527144
vn -0.7071067811865505 -0.7071067811865447 0
vn -0.707096737013926 0.707096737013939 -0.005330010178149067
vn 0.7071067811865505 -0.7071067811865447 0
vn 0 0 1
vn 0 0 -1
vn 0 0 1
vn 0 0 1
vn 0 0 1
vn 0 0 1
vn 0 0 1
vn 0 0 1
vn 0 0 1
vn 0 0 1
vn 0 0 1
vn 0 0 1
vn 0 0 1
vn 0 0 1
vn 0.5000024352623945 -0.8660239977804746 0
vn -0.5000121476207211 0.8660183902387492 0
vn 0 0 -1
vn 0 0 1
vn 0.8660239977804745 -0.5000024352623943 0
vn -0.8660183902387505 0.5000121476207188 0
vn 0 0 -1
vn 0 0 1
vn 1 0 0
vn -1 0 0
vn 0 0 -1
vn 0 0 1
vn 0.8660239977804745 0.5000024352623943 0
vn -0.8660183902387505 -0.5000121476207188 0
vn 0 0 -1
vn 0 0 1
vn 0.5000024352623945 0.8660239977804746 0
vn -0.5000121476207211 -0.8660183902387492 0
vn 0 0 -1
vn 0 0 1
vn 0 1 0
vn 0 -1 0
vn 0 0 -1
vn 0 0 1
vn -0.5000024352623945 0.8660239977804746 0
vn 0.5000121476207211 -0.8660183902387492 0
vn 0 0 -1
vn 0 0 1
vn -0.8660239977804745 0.5000024352623943 0
vn 0.8660183902387505 -0.5000121476207188 0
vn 0 0 -1
vn 0 0 1
vn -1 0 0
vn 1 0 0
vn 0 0 -1
vn 0 0 1
vn -0.8660239977804745 -0.5000024352623943 0
vn 0.8660183902387505 0.5000121476207188 0
vn 0 0 -1
vn 0 0 1
vn -0.5000024352623945 -0.8660239977804746 0
vn 0.5000121476207211 0.8660183902387492 0
vn 0 0 -1
vn 0 0 1
vn 0 -1 0
vn 0 1 0
vn 0 0 -1
vn 0 0 1
vn 0.7071067811865503 -0.7071067811865448 0
vn -0.7071067811865503 0.7071067811865448 0
vn 0.7071067811865505 0.7071067811865447 0
vn -0.7071067811865505 -0.7071067811865447 0
vn 0 0 1
vn 0 0 -1
vn 1 0 0
vn -1 0 0
vn 0 1 0
vn 0 -1 0
vn 0 0 1
vn 0 0 -1
vn 0.7067817666557668 0.7067817666557898 -0.03031614497052715
vn -0.7071067811865503 -0.7071067811865448 0
vn -0.707096737013926 0.7070967370139392 -0.0053300101781490715
vn 0.7071067811865503 -0.7071067811865447 0
vn 0 0 1
vn 0 0 -1
vn 0.7071067811865507 -0.7071067811865445 0
vn -0.7071067811865502 0.7071067811865449 0
vn 0.7071067811865506 0.7071067811865446 0
vn -0.7071067811865502 -0.7071067811865449 0
vn 0 0 1
vn 0 0 -1
vn 0.5000024352623944 -0.8660239977804746 0
vn -0.5000121476207212 0.8660183902387492 0
vn 0 0 -1
vn 0 0 1
vn 0.8660239977804747 -0.5000024352623942 0
vn -0.8660183902387498 0.5000121476207197 0
vn 0 0 -1
vn 0 0 1
vn 1 0 0
vn -1 0 0
vn 0 0 -1
vn 0 0 1
vn 0.8660239977804747 0.5000024352623942 0
vn -0.8660183902387498 -0.5000121476207197 0
vn 0 0 -1
vn 0 0 1
vn 0.5000024352623944 0.8660239977804746 0
vn -0.5000121476207212 -0.8660183902387492 0
vn 0 0 -1
vn 0 0 1
vn 0 1 0
vn 0 -1 0
vn 0 0 -1
vn 0 0 1
vn -0.5000024352623944 0.8660239977804746 0
vn 0.5000121476207209 -0.8660183902387492 0
vn 0 0 -1
vn 0 0 1
vn -0.8660239977804747 0.5000024352623942 0
vn 0.8660183902387505 -0.5000121476207186 0
vn 0 0 -1
vn 0 0 1
vn -1 0 0
vn 1 0 0
vn 0 0 -1
vn 0 0 1
vn -0.8660239977804747 -0.5000024352623942 0
vn 0.8660183902387505 0.5000121476207186 0
vn 0 0 -1
vn 0 0 1
vn -0.5000024352623944 -0.8660239977804746 0
vn 0.5000121476207209 0.8660183902387492 0
vn 0 0 -1
vn 0 0 1
vn 0 -1 0
vn 0 1 0
vn 0 0 -1
vn 0 0 1
vn 0 0 1
vn 0 0 1
vn 0 0 1
vn 0 0 1
vn 0 0 1
vn 0 0 1
vn 0 0 1
vn 0 0 1
vn 0 0 1
vn 0 0 1
vn 0 0 1
vn 0 0 1
vn 1 0 0
vn -1 0 0
vn 0 1 0
vn 0 -1 0
vn 0 0 1
vn 0 0 -1
vn 0.7067817666557668 0.7067817666557898 -0.03031614497052715
vn -0.7071067811865502 -0.7071067811865449 0
vn -0.707096737013926 0.707096737013939 -0.005330010178149067
vn 0.7071067811865506 -0.7071067811865446 0
vn 0 0 1
vn 0 0 -1
vn 0.7071067811865503 -0.7071067811865448 0
vn -0.7071067811865503 0.7071067811865448 0
vn 0.7071067811865505 0.7071067811865447 0
vn -0.7071067811865505 -0.7071067811865447 0
vn 0 0 1
vn 0 0 -1
vn 0.5000024352623944 -0.8660239977804746 0
vn -0.5000121476207209 0.8660183902387492 0
vn 0 0 -1
vn 0 0 1
vn 0.8660239977804747 -0.5000024352623942 0
vn -0.8660183902387505 0.5000121476207186 0
vn 0 0 -1
vn 0 0 1
vn 1 0 0
vn -1 0 0
vn 0 0 -1
vn 0 0 1
vn 0.8660239977804747 0.5000024352623942 0
vn -0.8660183902387505 -0.5000121476207186 0
vn 0 0 -1
vn 0 0 1
vn 0.5000024352623944 0.8660239977804746 0
vn -0.5000121476207209 -0.8660183902387492 0
vn 0 0 -1
vn 0 0 1
vn 0 1 0
vn 0 -1 0
vn 0 0 -1
vn 0 0 1
vn -0.5000024352623944 0.8660239977804746 0
vn 0.5000121476207212 -0.8660183902387492 0
vn 0 0 -1
vn 0 0 1
vn -0.8660239977804747 0.5000024352623942 0
vn 0.8660183902387498 -0.5000121476207197 0
vn 0 0 -1
vn 0 0 1
vn -1 0 0
vn 1 0 0
vn 0 0 -1
vn 0 0 1
vn -0.8660239977804747 -0.5000024352623942 0
vn 0.8660183902387498 0.5000121476207197 0
vn 0 0 -1
vn 0 0 1
vn -0.5000024352623944 -0.8660239977804746 0
vn 0.5000121476207212 0.8660183902387492 0
vn 0 0 -1
vn 0 0 1
vn 0 -1 0
vn 0 1 0
vn 0 0 -1
vn 0 0 1
vn 0 0 1
vn 0 0 1
vn 0 0 1
vn 0 0 1
vn 0 0 1
vn 0 0 1
vn 0 0 1
vn 0 0 1
vn 0 0 1
vn 0 0 1
vn 0 0 1
vn 0 0 1
vn 0 0 -1
vn 0 0 -1
vn 0 0 -1
vn 0 0 -1
vn 0 0 -1
vn 0 0 -1
vn 0 0 -1
vn 0 0 -1
vn 0 0 -1
vn 0 0 -1
vn 0 0 -1
vn 0 0 -1
vn 0.5000047549191283 0.8660226585131955 0
vn -0.4999956916624107 -0.866027891190017 0
vn 0 0 1
vn 0 0 -1
vn 0.8660226585131959 0.5000047549191272 0
vn -0.8660278911900187 -0.4999956916624074 0
vn 0 0 1
vn 0 0 -1
vn 1 0 0
vn -1 0 0
vn 0 0 1
vn 0 0 -1
vn 0.8660226585131959 -0.5000047549191272 0
vn -0.8660278911900187 0.4999956916624074 0
vn 0 0 1
vn 0 0 -1
vn 0.5000047549191283 -0.8660226585131955 0
vn -0.4999956916624107 0.866027891190017 0
vn 0 0 1
vn 0 0 -1
vn 0 -1 0
vn 0 1 0
vn 0 0 1
vn 0 0 -1
vn -0.5000047549191283 -0.8660226585131953 0
vn 0.4999956916624107 0.866027891190017 0
vn 0 0 1
vn 0 0 -1
vn -0.8660226585131958 -0.5000047549191274 0
vn 0.8660278911900187 0.49999569166240776 0
vn 0 0 1
vn 0 0 -1
vn -1 0 0
vn 1 0 0
vn 0 0 1
vn 0 0 -1
vn -0.8660226585131958 0.5000047549191274 0
vn 0.8660278911900187 -0.49999569166240776 0
vn 0 0 1
vn 0 0 -1
vn -0.5000047549191283 0.8660226585131953 0
vn 0.4999956916624107 -0.866027891190017 0
vn 0 0 1
vn 0 0 -1
vn 0 1 0
vn 0 -1 0
vn 0 0 1
vn 0 0 -1
vn 0 0 -1
vn 0 0 -1
vn 0 0 -1
vn 0 0 -1
vn 0 0 -1
vn 0 0 -1
vn 0 0 -1
vn 0 0 -1
vn 0 0 -1
vn 0 0 -1
vn 0 0 -1
vn 0 0 -1
vn 0.5000047549191283 0.8660226585131955 0
vn -0.4999956916624107 -0.866027891190017 0
vn 0 0 1
vn 0 0 -1
vn 0.8660226585131959 0.5000047549191272 0
vn -0.8660278911900187 -0.4999956916624074 0
vn 0 0 1
vn 0 0 -1
vn 1 0 0
vn -1 0 0
vn 0 0 1
vn 0 0 -1
vn 0.8660226585131959 -0.5000047549191272 0
vn -0.8660278911900187 0.4999956916624074 0
vn 0 0 1
vn 0 0 -1
vn 0.5000047549191283 -0.8660226585131955 0
vn -0.4999956916624107 0.866027891190017 0
vn 0 0 1
vn 1.6726737854207195e-17 2.0108487967479893e-15 -1
vn 0 -1 0
vn 0 1 0
vn 0 0 1
vn 0 2.006366720204513e-15 -1
vn -0.5000047549191283 -0.8660226585131953 0
vn 0.4999956916624107 0.866027891190017 0
vn 0 0 1
vn -7.466319370703382e-16 7.466319370703315e-16 -1
vn -0.8660226585131958 -0.5000047549191274 0
vn 0.8660278911900187 0.49999569166240776 0
vn 0 0 1
vn 0 0 -1
vn -1 0 0
vn 1 0 0
vn 0 0 1
vn 0 0 -1
vn -0.8660226585131958 0.5000047549191274 0
vn 0.8660278911900187 -0.49999569166240776 0
vn 0 0 1
vn 0 0 -1
vn -0.5000047549191283 0.8660226585131953 0
vn 0.4999956916624107 -0.866027891190017 0
vn 0 0 1
vn 0 0 -1
vn 0 1 0
vn 0 -1 0
vn 0 0 1
vn 0 0 -1
vn 0 0 -1
vn 0 0 -1
vn 0 0 -1
vn 0 0 -1
vn 0 0 -1
vn 0 0 -1
vn 0 0 -1
vn 0 0 -1
vn 0 0 -1
vn 0 0 -1
vn 0 0 -1
vn 0 0 -1
vn 0.5000047549191283 0.8660226585131955 0
vn -0.4999956916624107 -0.866027891190017 0
vn 0 0 1
vn 0 0 -1
vn 0.8660226585131959 0.5000047549191272 0
vn -0.8660278911900187 -0.4999956916624074 0
vn 0 0 1
vn 0 0 -1
vn 1 0 0
vn -1 0 0
vn 0 0 1
vn 0 0 -1
vn 0.8660226585131959 -0.5000047549191272 0
vn -0.8660278911900187 0.4999956916624074 0
vn 0 0 1
vn 0 0 -1
vn 0.5000047549191283 -0.8660226585131955 0
vn -0.4999956916624107 0.866027891190017 0
vn 0 0 1
vn 0 0 -1
vn 0 -1 0
vn 0 1 0
vn 0 0 1
vn 0 0 -1
vn -0.5000047549191283 -0.8660226585131953 0
vn 0.4999956916624107 0.866027891190017 0
vn 0 0 1
vn 0 0 -1
vn -0.8660226585131958 -0.5000047549191274 0
vn 0.8660278911900187 0.49999569166240776 0
vn 0 0 1
vn 0 0 -1
vn -1 0 0
vn 1 0 0
vn 0 0 1
vn 0 0 -1
vn -0.8660226585131958 0.5000047549191274 0
vn 0.8660278911900187 -0.49999569166240776 0
vn 0 0 1
vn 0 0 -1
vn -0.5000047549191283 0.8660226585131953 0
vn 0.4999956916624107 -0.866027891190017 0
vn 0 0 1
vn 0 0 -1
vn 0 1 0
vn 0 -1 0
vn 0 0 1
vn 0 0 -1
vn 0 0 -1
vn 0 0 -1
vn 0 0 -1
vn 0 0 -1
vn 0 0 -1
vn 0 0 -1
vn 0 0 -1
vn 0 0 -1
vn 0 0 -1
vn 0 0 -1
vn 0 0 -1
vn 0 0 -1
vn 0.5000047549191283 0.8660226585131953 0
vn -0.4999956916624107 -0.866027891190017 0
vn 0 0 1
vn 0 0 -1
vn 0.8660226585131958 0.5000047549191274 0
vn -0.8660278911900187 -0.49999569166240776 0
vn 0 0 1
vn 0 0 -1
vn 1 0 0
vn -1 0 0
vn 0 0 1
vn 0 0 -1
vn 0.8660226585131958 -0.5000047549191274 0
vn -0.8660278911900187 0.49999569166240776 0
vn 0 0 1
vn 0 0 -1
vn 0.5000047549191283 -0.8660226585131953 0
vn -0.4999956916624107 0.866027891190017 0
vn 0 0 1
vn 0 0 -1
vn 0 -1 0
vn 0 1 0
vn 0 0 1
vn 0 0 -1
vn -0.5000047549191283 -0.8660226585131955 0
vn 0.4999956916624107 0.866027891190017 0
vn 0 0 1
vn 0 0 -1
vn -0.8660226585131959 -0.5000047549191272 0
vn 0.8660278911900187 0.4999956916624074 0
vn 0 0 1
vn 0 0 -1
vn -1 0 0
vn 1 0 0
vn 0 0 1
vn 0 0 -1
vn -0.8660226585131959 0.5000047549191272 0
vn 0.8660278911900187 -0.4999956916624074 0
vn 0 0 1
vn 0 0 -1
vn -0.5000047549191283 0.8660226585131955 0
vn 0.4999956916624107 -0.866027891190017 0
vn 0 0 1
vn 0 0 -1
vn 0 1 0
vn 0 -1 0
vn 0 0 1
vn 0 0 -1
vn 0 1 0
vn 0 -1 0
vn 0 0 1
vn 0 0 -1
vn 1 0 0
vn -1 0 0
vn 0 -1 0
vn 0 0 1
vn 0 0 -1
vn 1 0 0
vn -1 0 0
vn 0 -1 0
vn 0 0 1
vn 0 0 -1
vn 0 -1 0
vn -1 0 0
vn 0.7485881801731658 0.663035245296227 0
vn -0.7657048647896149 -0.643192086423269 0
vn 0 0 1
vn 0 -0.9438583563660166 -0.3303504247281085
vn 0 -1 0
vn 1 0 0
vn 0.7624929033565013 -0.6469965782992778 0
vn -0.7463273826322269 0.6655790245593153 0
vn 0 0 1
vn 0 -0.9701425001453314 -0.2425356250363356
vn 0 1 0
vn 0 -1 0
vn 0 0 1
vn 0 0 -1
vn 1 0 0
vn -1 0 0
vn 0 -1 0
vn 0 0 1
vn 0 0 -1
vn 1 0 0
vn -1 0 0
vn 0 -1 0
vn 0 0 1
vn 0 0 -1
vn 0 -1 0
vn -1 0 0
vn 0.7485881801731658 0.663035245296227 0
vn -0.7657048647896149 -0.643192086423269 0
vn 0 0 1
vn 0 -0.9438583563660166 -0.3303504247281085
vn 0 -1 0
vn 1 0 0
vn 0.7624929033565013 -0.6469965782992778 0
vn -0.7463273826322269 0.6655790245593153 0
vn 0 0 1
vn 0 -0.9701425001453314 -0.2425356250363356
vn 0 1 0
vn 0 -1 0
vn 0 0 1
vn 0 0 -1
vn 1 0 0
vn -1 0 0
vn 0 -1 0
vn 0 0 1
vn 0 0 -1
vn 1 0 0
vn -1 0 0
vn 0 -1 0
vn 0 0 1
vn 0 0 -1
vn 0 -1 0
vn -1 0 0
vn 0.7485881801731658 0.663035245296227 0
vn -0.7657048647896149 -0.643192086423269 0
vn 0 0 1
vn 0 -0.9438583563660166 -0.3303504247281085
vn 0 -1 0
vn 1 0 0
vn 0.762492903356501 -0.6469965782992779 0
vn -0.7463273826322269 0.6655790245593154 0
vn 0 0 1
vn 0 -0.9701425001453314 -0.2425356250363356
vn 0 1 0
vn 0 -1 0
vn 0 0 1
vn 0 0 -1
vn 1 0 0
vn -1 0 0
vn 0 -1 0
vn 0 0 1
vn 0 0 -1
vn 1 0 0
vn -1 0 0
vn 0 -1 0
vn 0 0 1
vn 0 0 -1
vn 0 -1 0
vn -1 0 0
vn 0.7485881801731658 0.663035245296227 0
vn -0.7657048647896149 -0.643192086423269 0
vn 0 0 1
vn 0 -0.9438583563660166 -0.3303504247281085
vn 0 -1 0
vn 1 0 0
vn 0.7624929033565013 -0.6469965782992778 0
vn -0.7463273826322269 0.6655790245593153 0
vn 0 0 1
vn 0 -0.9701425001453314 -0.2425356250363356
vn 1 0 0
vn -1 0 0
vn 0 1 0
vn 0 -1 0
vn 0 0 1
vn 0 0 -1
vn 0.7069622749393933 0.7069622749394164 -0.02021592503455626
vn -0.7071067811865505 -0.7071067811865447 0
vn -0.7071023170569808 0.7071023170569938 -0.003553368159895092
vn 0.7071067811865505 -0.7071067811865448 0
vn 0 0 1
vn 0 0 -1
vn 0 0 1
vn 0 0 1
vn 0 0 1
vn 0 0 1
vn 0 0 1
vn 0 0 1
vn 0 0 1
vn 0 0 1
vn 0 0 1
vn 0 0 1
vn 0 0 1
vn 0 0 1
vn 0.5000024352623944 -0.8660239977804746 0
vn -0.5000121476207212 0.8660183902387492 0
vn 0 0 -1
vn 0 0 1
vn 0.8660239977804747 -0.5000024352623942 0
vn -0.8660183902387498 0.5000121476207197 0
vn 0 0 -1
vn 0 0 1
vn 1 0 0
vn -1 0 0
vn 0 0 -1
vn 0 0 1
vn 0.8660239977804747 0.5000024352623942 0
vn -0.8660183902387498 -0.5000121476207197 0
vn 0 0 -1
vn 0 0 1
vn 0.5000024352623944 0.8660239977804746 0
vn -0.5000121476207212 -0.8660183902387492 0
vn 0 0 -1
vn 0 0 1
vn 0 1 0
vn 0 -1 0
vn 0 0 -1
vn 0 0 1
vn -0.5000024352623944 0.8660239977804746 0
vn 0.5000121476207212 -0.8660183902387492 0
vn 0 0 -1
vn 0 0 1
vn -0.8660239977804747 0.5000024352623942 0
vn 0.8660183902387498 -0.5000121476207197 0
vn 0 0 -1
vn 0 0 1
vn -1 0 0
vn 1 0 0
vn 0 0 -1
vn 0 0 1
vn -0.8660239977804747 -0.5000024352623942 0
vn 0.8660183902387498 0.5000121476207197 0
vn 0 0 -1
vn 0 0 1
vn -0.5000024352623944 -0.8660239977804746 0
vn 0.5000121476207212 0.8660183902387492 0
vn 0 0 -1
vn 0 0 1
vn 0 -1 0
vn 0 1 0
vn 0 0 -1
vn 0 0 1
vn 0.7071067811865507 -0.7071067811865445 0
vn -0.7071067811865502 0.7071067811865449 0
vn 0.7071067811865505 0.7071067811865446 0
vn -0.7071067811865502 -0.7071067811865449 0
vn 0 0 1
vn 0 0 -1
vn 1 0 0
vn -1 0 0
vn 0 1 0
vn 0 -1 0
vn 0 0 1
vn 0 0 -1
vn 0.7069622749393933 0.7069622749394164 -0.02021592503455626
vn -0.7071067811865502 -0.7071067811865449 0
vn -0.7071023170569808 0.7071023170569938 -0.003553368159895092
vn 0.7071067811865505 -0.7071067811865446 0
vn 0 0 1
vn 0 0 -1
vn 0 0 1
vn 0 0 1
vn 0 0 1
vn 0 0 1
vn 0 0 1
vn 0 0 1
vn 0 0 1
vn 0 0 1
vn 0 0 1
vn 0 0 1
vn 0 0 1
vn 0 0 1
vn 0.5000024352623944 -0.8660239977804746 0
vn -0.5000121476207212 0.8660183902387492 0
vn 0 0 -1
vn 0 0 1
vn 0.8660239977804747 -0.5000024352623942 0
vn -0.8660183902387498 0.5000121476207197 0
vn 0 0 -1
vn 0 0 1
vn 1 0 0
vn -1 0 0
vn 0 0 -1
vn 0 0 1
vn 0.8660239977804747 0.5000024352623942 0
vn -0.8660183902387498 -0.5000121476207197 0
vn 0 0 -1
vn 0 0 1
vn 0.5000024352623944 0.8660239977804746 0
vn -0.5000121476207212 -0.8660183902387492 0
vn 0 0 -1
vn 0 0 1
vn 0 1 0
vn 0 -1 0
vn 0 0 -1
vn 0 0 1
vn -0.5000024352623944 0.8660239977804746 0
vn 0.5000121476207212 -0.8660183902387492 0
vn 0 0 -1
vn 0 0 1
vn -0.8660239977804747 0.5000024352623942 0
vn 0.8660183902387498 -0.5000121476207197 0
vn 0 0 -1
vn 0 0 1
vn -1 0 0
vn 1 0 0
vn 0 0 -1
vn 0 0 1
vn -0.8660239977804747 -0.5000024352623942 0
vn 0.8660183902387498 0.5000121476207197 0
vn 0 0 -1
vn 0 0 1
vn -0.5000024352623944 -0.8660239977804746 0
vn 0.5000121476207212 0.8660183902387492 0
vn 0 0 -1
vn 0 0 1
vn 0 -1 0
vn 0 1 0
vn 0 0 -1
vn 0 0 1
vn 0.7071067811865505 -0.7071067811865447 0
vn -0.7071067811865502 0.7071067811865449 0
vn 0.7071067811865505 0.7071067811865448 0
vn -0.7071067811865502 -0.7071067811865449 0
vn 0 0 1
vn 0 0 -1
vn 1 0 0
vn -1 0 0
vn 0 1 0
vn 0 -1 0
vn 0 0 1
vn 0 0 -1
vn 1 0 0
vn -1 0 0
vn 0 0.9702957262759964 -0.24192189559966873
vn 0 -0.9702957262759966 0.24192189559966729
vn 0 0.24192189559966798 0.9702957262759966
vn 0 -0.24192189559966962 -0.970295726275996
vn 1 0 0
vn -1 0 0
vn 0 1 0
vn 0 -1 0
vn 0 0 1
vn 0 0 -1
vn 0.9883716976506172 0.1520571842539411 0
vn -0.9899494936611667 -0.14142135623730953 0
vn 0 1 0
vn 0 -0.7071067811865476 -0.7071067811865476
vn 0 -0.14142135623730953 0.9899494936611667
vn 0 0.1520571842539411 -0.9883716976506172
vn 0.9883716976506172 -0.1520571842539411 0
vn -0.9899494936611667 0.14142135623730953 0
vn 0 1 0
vn 0 -0.7071067811865476 -0.7071067811865476
vn 0 -0.14142135623730953 0.9899494936611667
vn 0 0.1520571842539411 -0.9883716976506172
vn 1 0 0
vn -1 0 0
vn 0 1 0
vn 0 -1 0
vn 0 0 1
vn 0 0 -1
vn 0.9927337820337083 0 -0.12033136751923737
vn -0.9927337820337083 0 0.12033136751923737
vn 0 1 0
vn 0 -1 0
vn 0 0 1
vn 0 0 -1
vn 0.9927337820337083 0 0.12033136751923737
vn -0.9927337820337083 0 -0.12033136751923737
vn 0 1 0
vn 0 -1 0
vn 0 0 1
vn 0 0 -1
vn 1 0 0
vn -1 0 0
vn 0 1 0
vn 0 -1 0
vn 0 0 1
vn 0 0 -1
vn 0.7071067811865477 -0.7071067811865475 0
vn -0.7071067811865469 0.7071067811865482 0
vn 0.7071067811865461 0.7071067811865489 0
vn -0.7071067811865472 -0.7071067811865478 0
vn 0 0 1
vn 0 0 -1
vn 0.7071067811865469 -0.7071067811865482 0
vn -0.7071067811865468 0.7071067811865483 0
vn 0.7071067811865462 0.7071067811865488 0
vn -0.7071067811865461 -0.7071067811865489 0
vn 0 0 1
vn 0 0 -1
vn 1 0 0
vn -1 0 0
vn 0 1 0
vn 0 -1 0
vn 0 0 1
vn 0 0 -1
vn -1 0 0
vn 1 0 0
vn 0 -1 0
vn 0 1 0
vn 0 0 1
vn 0 0 -1
vn 0 1 0
vn 0 -1 0
vn -1 0 0
vn 1 -1.7763568394002506e-16 0
vn 0 0 1
vn 0 0 -1
vn 0 -1 0
vn 0 1 0
vn 1 0 0
vn -1 -1.7763568394002506e-16 0
vn 0 0 1
vn 0 0 -1
vn 0.7071067811865476 -0.7071067811865476 0
vn -0.7071067811865472 0.7071067811865479 0
vn 0.7071067811865474 0.7071067811865478 0
vn -0.7071067811865476 -0.7071067811865476 0
vn 0 0 1
vn 0 0 -1
vn 0.7071067811865481 -0.707106781186547 0
vn -0.707106781186548 0.7071067811865471 0
vn 0.7071067811865507 0.7071067811865445 0
vn -0.7071067811865505 -0.7071067811865447 0
vn 0 0 1
vn 0 0 -1
vn 0.7071067811865469 -0.7071067811865482 0
vn -0.7071067811865486 0.7071067811865465 0
vn 0.7071067811865507 0.7071067811865445 0
vn -0.707106781186547 -0.7071067811865481 0
vn 0 0 1
vn 0 0 -1
vn 0.7071067811865457 -0.7071067811865495 0
vn -0.7071067811865479 0.7071067811865472 0
vn 0.7071067811865507 0.7071067811865445 0
vn -0.7071067811865431 -0.707106781186552 0
vn 0 0 1
vn 0 0 -1
vn 0 -1 0
vn 0 1 0
vn 1 6.280385654889493e-16 0
vn -1 0 0
vn 0 0 1
vn 0 0 -1
vn 1 0 0
vn -1 0 0
vn 0 1 0
vn 0 -1 0
vn 0 0 1
vn 0 0 -1
vn 1 0 0
vn -1 0 0
vn 0 1 0
vn 0 -1 0
vn 0 0 1
vn 0 0 -1
vn 1 0 0
vn -1 0 0
vn 0 1 0
vn 0 -1 0
vn 0 0 1
vn 0 0 -1
vn 1 0 0
vn -1 0 0
vn 0 1 0
vn 0 -1 0
vn 0 0 1
vn 0 0 -1
vn 1 0 0
vn -1 0 0
vn 0 1 0
vn 0 -1 0
vn 0 0 1
vn 0 0 -1
vn 1 0 0
vn -1 0 0
vn 0 1 0
vn 0 -1 0
vn 0 0 1
vn 0 0 -1
vn 1 0 0
vn -1 0 0
vn 0 1 0
vn 0 -1 0
vn 0 0 1
vn 0 0 -1
vn 0 1 0
vn 0 -1 0
vn 0 0 1
vn 0 0 -1
vn 1 0 0
vn -1 0 0
vn 0 -1 0
vn 0 0 1
vn 0 0 -1
vn 1 0 0
vn -1 0 0
vn 0 -1 0
vn 0 0 1
vn 0 0 -1
vn 0 -1 0
vn -1 0 0
vn 0.7485881801731658 0.663035245296227 0
vn -0.7657048647896149 -0.643192086423269 0
vn 0 0 1
vn 0 -0.9438583563660166 -0.3303504247281085
vn 0 -1 0
vn 1 0 0
vn 0.762492903356501 -0.6469965782992779 0
vn -0.7463273826322269 0.6655790245593154 0
vn 0 0 1
vn 0 -0.9701425001453314 -0.2425356250363356
vn 0 0 -1
vn 0 0 -1
vn 0 0 -1
vn 0 0 -1
vn 0 0 -1
vn 0 0 -1
vn 0 0 -1
vn 0 0 -1
vn 0 0 -1
vn 0 0 -1
vn 0 0 -1
vn 0 0 -1
vn 0.5000047549191283 0.8660226585131955 0
vn -0.4999956916624105 -0.866027891190017 0
vn 0 0 1
vn 0 0 -1
vn 0.8660226585131958 0.5000047549191274 0
vn -0.8660278911900187 -0.49999569166240776 0
vn 0 0 1
vn 0 0 -1
vn 1 0 0
vn -1 0 0
vn 0 0 1
vn 0 0 -1
vn 0.8660226585131958 -0.5000047549191274 0
vn -0.8660278911900187 0.49999569166240776 0
vn 0 0 1
vn 0 0 -1
vn 0.5000047549191283 -0.8660226585131955 0
vn -0.4999956916624105 0.866027891190017 0
vn 0 0 1
vn 0 0 -1
vn 0 -1 0
vn 0 1 0
vn 0 0 1
vn 0 0 -1
vn -0.5000047549191283 -0.8660226585131955 0
vn 0.4999956916624107 0.866027891190017 0
vn 0 0 1
vn 0 0 -1
vn -0.8660226585131959 -0.5000047549191272 0
vn 0.8660278911900187 0.4999956916624074 0
vn 0 0 1
vn 0 0 -1
vn -1 0 0
vn 1 0 0
vn 0 0 1
vn 0 0 -1
vn -0.8660226585131959 0.5000047549191272 0
vn 0.8660278911900187 -0.4999956916624074 0
vn 0 0 1
vn 0 0 -1
vn -0.5000047549191283 0.8660226585131955 0
vn 0.4999956916624107 -0.866027891190017 0
vn 0 0 1
vn 0 0 -1
vn 0 1 0
vn 0 -1 0
vn 0 0 1
vn 0 0 -1
vn 0.500004754919128 0.8660226585131955 0
vn -0.4999956916624103 -0.866027891190017 0
vn 0 0 1
vn 0 0 -1
vn 0.8660226585131959 0.5000047549191272 0
vn -0.8660278911900187 -0.4999956916624074 0
vn 0 0 1
vn 0 0 -1
vn 1 0 0
vn -1 0 0
vn 0 0 1
vn 0 0 -1
vn 0.8660226585131959 -0.5000047549191272 0
vn -0.8660278911900187 0.4999956916624074 0
vn 0 0 1
vn 0 0 -1
vn 0.500004754919128 -0.8660226585131955 0
vn -0.4999956916624103 0.866027891190017 0
vn 0 0 1
vn 0 0 -1
vn 0 -1 0
vn 0 1 0
vn 0 0 1
vn 0 0 -1
vn -0.500004754919128 -0.8660226585131955 0
vn 0.4999956916624103 0.866027891190017 0
vn 0 0 1
vn 0 0 -1
vn -0.8660226585131959 -0.5000047549191272 0
vn 0.8660278911900187 0.4999956916624074 0
vn 0 0 1
vn 0 0 -1
vn -1 0 0
vn 1 0 0
vn 0 0 1
vn 0 0 -1
vn -0.8660226585131959 0.5000047549191272 0
vn 0.8660278911900187 -0.4999956916624074 0
vn 0 0 1
vn 0 0 -1
vn -0.500004754919128 0.8660226585131955 0
vn 0.4999956916624103 -0.866027891190017 0
vn 0 0 1
vn 0 0 -1
vn 0 1 0
vn 0 -1 0
vn 0 0 1
vn 0 0 -1
vn 0 0 -1
vn 0 0 -1
vn 0 0 -1
vn 0 0 -1
vn 0 0 -1
vn 0 0 -1
vn 0 0 -1
vn 0 0 -1
vn 0 0 -1
vn 0 0 -1
vn 0 0 -1
vn 0 0 -1
vn 0 1 0
vn 0 -1 0
vn 0 0 1
vn 0 0 -1
vn 1 0 0
vn -1 0 0
vn 0 -1 0
vn 0 0 1
vn 0 0 -1
vn 1 0 0
vn -1 0 0
vn 0 -1 0
vn 0 0 1
vn 0 0 -1
vn 0 -1 0
vn -1 0 0
vn 0.7485881801731655 0.6630352452962273 0
vn -0.7657048647896146 -0.6431920864232693 0
vn 0 0 1
vn 0 -0.9438583563660166 -0.33035042472810855
vn 0 -1 0
vn 1 0 0
vn 0.7624929033565013 -0.6469965782992778 0
vn -0.7463273826322269 0.6655790245593153 0
vn 0 0 1
vn 0 -0.9701425001453314 -0.2425356250363356
vn 0 0 -1
vn 0 0 -1
vn 0 0 -1
vn 0 0 -1
vn 0 0 -1
vn 0 0 -1
vn 0 0 -1
vn 0 0 -1
vn 0 0 -1
vn 0 0 -1
vn 0 0 -1
vn 0 0 -1
vn 0.500004754919128 0.8660226585131955 0
vn -0.4999956916624103 -0.866027891190017 0
vn 0 0 1
vn 0 0 -1
vn 0.8660226585131959 0.5000047549191272 0
vn -0.8660278911900187 -0.4999956916624074 0
vn 0 0 1
vn 0 0 -1
vn 1 0 0
vn -1 0 0
vn 0 0 1
vn 0 0 -1
vn 0.8660226585131959 -0.5000047549191272 0
vn -0.8660278911900187 0.4999956916624074 0
vn 0 0 1
vn 0 0 -1
vn 0.500004754919128 -0.8660226585131955 0
vn -0.4999956916624103 0.866027891190017 0
vn 0 0 1
vn 0 0 -1
vn 0 -1 0
vn 0 1 0
vn 0 0 1
vn 0 0 -1
vn -0.500004754919128 -0.8660226585131955 0
vn 0.4999956916624103 0.866027891190017 0
vn 0 0 1
vn 0 0 -1
vn -0.8660226585131959 -0.5000047549191272 0
vn 0.8660278911900187 0.4999956916624074 0
vn 0 0 1
vn 0 0 -1
vn -1 0 0
vn 1 0 0
vn 0 0 1
vn 0 0 -1
vn -0.8660226585131959 0.5000047549191272 0
vn 0.8660278911900187 -0.4999956916624074 0
vn 0 0 1
vn 0 0 -1
vn -0.500004754919128 0.8660226585131955 0
vn 0.4999956916624103 -0.866027891190017 0
vn 0 0 1
vn 0 0 -1
vn 0 1 0
vn 0 -1 0
vn 0 0 1
vn 0 0 -1
vn 0.5000047549191283 0.8660226585131955 0
vn -0.4999956916624107 -0.866027891190017 0
vn 0 0 1
vn 0 0 -1
vn 0.8660226585131959 0.5000047549191272 0
vn -0.8660278911900187 -0.4999956916624074 0
vn 0 0 1
vn 0 0 -1
vn 1 0 0
vn -1 0 0
vn 0 0 1
vn 0 0 -1
vn 0.8660226585131959 -0.5000047549191272 0
vn -0.8660278911900187 0.4999956916624074 0
vn 0 0 1
vn 0 0 -1
vn 0.5000047549191283 -0.8660226585131955 0
vn -0.4999956916624107 0.866027891190017 0
vn 0 0 1
vn 0 0 -1
vn 0 -1 0
vn 0 1 0
vn 0 0 1
vn 0 0 -1
vn -0.5000047549191283 -0.8660226585131955 0
vn 0.4999956916624105 0.866027891190017 0
vn 0 0 1
vn 0 0 -1
vn -0.8660226585131958 -0.5000047549191274 0
vn 0.8660278911900187 0.49999569166240776 0
vn 0 0 1
vn 0 0 -1
vn -1 0 0
vn 1 0 0
vn 0 0 1
vn 0 0 -1
vn -0.8660226585131958 0.5000047549191274 0
vn 0.8660278911900187 -0.49999569166240776 0
vn 0 0 1
vn 0 0 -1
vn -0.5000047549191283 0.8660226585131955 0
vn 0.4999956916624105 -0.866027891190017 0
vn 0 0 1
vn 0 0 -1
vn 0 1 0
vn 0 -1 0
vn 0 0 1
vn 0 0 -1
vn 0 0 -1
vn 0 0 -1
vn 0 0 -1
vn 0 0 -1
vn 0 0 -1
vn 0 0 -1
vn 0 0 -1
vn 0 0 -1
vn 0 0 -1
vn 0 0 -1
vn 0 0 -1
vn 0 0 -1
vn 1 0 0
vn -1 0 0
vn 0 1 0
vn 0 -1 0
vn 0 0 1
vn 0 0 -1
vn 0.7069622749393933 0.7069622749394164 -0.02021592503455626
vn -0.7071067811865502 -0.7071067811865449 0
vn -0.7071023170569808 0.7071023170569938 -0.003553368159895092
vn 0.7071067811865505 -0.7071067811865446 0
vn 0 0 1
vn 0 0 -1
vn 0 0 1
vn 0 0 1
vn 0 0 1
vn 0 0 1
vn 0 0 1
vn 0 0 1
vn 0 0 1
vn 0 0 1
vn 0 0 1
vn 0 0 1
vn 0 0 1
vn 0 0 1
vn 0.5000024352623944 -0.8660239977804746 0
vn -0.5000121476207219 0.8660183902387487 0
vn 0 0 -1
vn 0 0 1
vn 0.8660239977804747 -0.5000024352623942 0
vn -0.8660183902387498 0.5000121476207197 0
vn 0 0 -1
vn 0 0 1
vn 1 0 0
vn -1 0 0
vn 0 0 -1
vn 0 0 1
vn 0.8660239977804747 0.5000024352623942 0
vn -0.8660183902387498 -0.5000121476207197 0
vn 0 0 -1
vn 0 0 1
vn 0.5000024352623944 0.8660239977804746 0
vn -0.5000121476207219 -0.8660183902387487 0
vn 0 0 -1
vn 0 0 1
vn 0 1 0
vn 0 -1 0
vn 0 0 -1
vn 0 0 1
vn -0.5000024352623944 0.8660239977804746 0
vn 0.5000121476207219 -0.8660183902387487 0
vn 0 0 -1
vn 0 0 1
vn -0.8660239977804747 0.5000024352623942 0
vn 0.8660183902387498 -0.5000121476207197 0
vn 0 0 -1
vn 0 0 1
vn -1 0 0
vn 1 0 0
vn 0 0 -1
vn 0 0 1
vn -0.8660239977804747 -0.5000024352623942 0
vn 0.8660183902387498 0.5000121476207197 0
vn 0 0 -1
vn 0 0 1
vn -0.5000024352623944 -0.8660239977804746 0
vn 0.5000121476207219 0.8660183902387487 0
vn 0 0 -1
vn 0 0 1
vn 0 -1 0
vn 0 1 0
vn 0 0 -1
vn 0 0 1
vn 0.7071067811865502 -0.7071067811865449 0
vn -0.7071067811865502 0.7071067811865449 0
vn 0.7071067811865505 0.7071067811865446 0
vn -0.7071067811865505 -0.7071067811865446 0
vn 0 0 1
vn 0 0 -1
usemtl m_3d215661-f591-00a8-53e2-d8d611c756be
f 4/1/1 2/2/1 1/3/1 3/4/1
f 7/5/2 5/6/2 6/7/2 8/8/2
f 4/9/3 3/10/3 7/11/3 8/12/3
f 3/13/4 1/14/4 5/15/4 7/16/4
f 8/17/5 6/18/5 2/19/5 4/20/5
f 12/21/6 10/22/6 9/23/6 11/24/6
f 15/25/7 13/26/7 14/27/7 16/28/7
f 9/29/8 10/30/8 14/31/8 13/32/8
f 12/33/9 11/34/9 15/35/9 16/36/9
f 11/37/10 9/38/10 13/39/10 15/40/10
f 16/41/11 14/42/11 10/43/11 12/44/11
f 20/45/12 18/46/12 17/47/12 19/48/12
f 23/49/13 21/50/13 22/51/13 24/52/13
f 17/53/14 18/54/14 22/55/14 21/56/14
f 20/57/15 19/58/15 23/59/15 24/60/15
f 19/61/16 17/62/16 21/63/16 23/64/16
f 24/65/17 22/66/17 18/67/17 20/68/17
f 25/69/18 27/70/18 26/71/18 28/72/18
f 31/73/19 29/74/19 30/75/19 32/76/19
f 25/77/20 28/78/20 31/79/20 32/80/20
f 28/81/21 26/82/21 29/83/21 31/84/21
f 32/85/22 30/86/22 27/87/22 25/88/22
f 36/89/23 34/90/23 33/91/23 35/92/23
f 39/93/24 37/94/24 38/95/24 40/96/24
f 33/97/25 34/98/25 38/99/25 37/100/25
f 36/101/26 35/102/26 39/103/26 40/104/26
f 35/105/27 33/106/27 37/107/27 39/108/27
f 40/109/28 38/110/28 34/111/28 36/112/28
f 44/113/29 42/114/29 41/115/29 43/116/29
f 47/117/30 45/118/30 46/119/30 48/120/30
f 41/121/31 42/122/31 46/123/31 45/124/31
f 44/125/32 43/126/32 47/127/32 48/128/32
f 43/129/33 41/130/33 45/131/33 47/132/33
f 48/133/34 46/134/34 42/135/34 44/136/34
f 2/137/35 50/138/35 49/139/35 1/140/35
f 5/141/36 51/142/36 52/143/36 6/144/36
f 2/145/37 1/146/37 5/147/37 6/148/37
f 1/149/38 49/150/38 51/151/38 5/152/38
f 6/153/39 52/154/39 50/155/39 2/156/39
f 27/157/40 54/158/40 53/159/40 26/160/40
f 29/161/41 55/162/41 56/163/41 30/164/41
f 27/165/42 26/166/42 29/167/42 30/168/42
f 26/169/43 53/170/43 55/171/43 29/172/43
f 30/173/44 56/174/44 54/175/44 27/176/44
f 50/177/45 58/178/45 57/179/45 49/180/45
f 51/181/46 59/182/46 60/183/46 52/184/46
f 50/185/47 49/186/47 51/187/47 52/188/47
f 49/189/48 57/190/48 59/191/48 51/192/48
f 52/193/49 60/194/49 58/195/49 50/196/49
f 54/197/50 62/198/50 61/199/50 53/200/50
f 55/201/51 63/202/51 64/203/51 56/204/51
f 54/205/52 53/206/52 55/207/52 56/208/52
f 53/209/53 61/210/53 63/211/53 55/212/53
f 56/213/54 64/214/54 62/215/54 54/216/54
f 68/217/55 66/218/55 65/219/55 67/220/55
f 71/221/56 69/222/56 70/223/56 72/224/56
f 65/225/57 66/226/57 70/227/57 69/228/57
f 68/229/58 67/230/58 71/231/58 72/232/58
f 67/233/59 65/234/59 69/235/59 71/236/59
f 72/237/60 70/238/60 66/239/60 68/240/60
f 76/241/61 74/242/61 73/243/61 75/244/61
f 79/245/62 77/246/62 78/247/62 80/248/62
f 73/249/63 74/250/63 78/251/63 77/252/63
f 76/253/64 75/254/64 79/255/64 80/256/64
f 75/257/65 73/258/65 77/259/65 79/260/65
f 80/261/66 78/262/66 74/263/66 76/264/66
f 58/265/67 82/266/67 81/267/67 57/268/67
f 59/269/68 83/270/68 84/271/68 60/272/68
f 58/273/69 57/274/69 59/275/69 60/276/69
f 57/277/70 81/278/70 83/279/70 59/280/70
f 60/281/71 84/282/71 82/283/71 58/284/71
f 62/285/72 86/286/72 85/287/72 61/288/72
f 63/289/73 87/290/73 88/291/73 64/292/73
f 62/293/74 61/294/74 63/295/74 64/296/74
f 61/297/75 85/298/75 87/299/75 63/300/75
f 64/301/76 88/302/76 86/303/76 62/304/76
f 92/305/77 90/306/77 89/307/77 91/308/77
f 95/309/78 93/310/78 94/311/78 96/312/78
f 89/313/79 90/314/79 94/315/79 93/316/79
f 92/317/80 91/318/80 95/319/80 96/320/80
f 91/321/81 89/322/81 93/323/81 95/324/81
f 96/325/82 94/326/82 90/327/82 92/328/82
f 100/329/83 98/330/83 97/331/83 99/332/83
f 103/333/84 101/334/84 102/335/84 104/336/84
f 97/337/85 98/338/85 102/339/85 101/340/85
f 100/341/86 99/342/86 103/343/86 104/344/86
f 99/345/87 97/346/87 101/347/87 103/348/87
f 104/349/88 102/350/88 98/351/88 100/352/88
f 82/353/89 106/354/89 105/355/89 81/356/89
f 83/357/90 107/358/90 108/359/90 84/360/90
f 105/361/91 106/362/91 108/363/91 107/364/91
f 82/365/92 81/366/92 83/367/92 84/368/92
f 81/369/93 105/370/93 107/371/93 83/372/93
f 84/373/94 108/374/94 106/375/94 82/376/94
f 86/377/95 110/378/95 109/379/95 85/380/95
f 87/381/96 111/382/96 112/383/96 88/384/96
f 109/385/97 110/386/97 112/387/97 111/388/97
f 86/389/98 85/390/98 87/391/98 88/392/98
f 85/393/99 109/394/99 111/395/99 87/396/99
f 88/397/100 112/398/100 110/399/100 86/400/100
f 116/401/101 114/402/101 113/403/101 115/404/101
f 119/405/102 117/406/102 118/407/102 120/408/102
f 113/409/103 114/410/103 118/411/103 117/412/103
f 116/413/104 115/414/104 119/415/104 120/416/104
f 115/417/105 113/418/105 117/419/105 119/420/105
f 120/421/106 118/422/106 114/423/106 116/424/106
f 124/425/107 122/426/107 121/427/107 123/428/107
f 127/429/108 125/430/108 126/431/108 128/432/108
f 121/433/109 122/434/109 126/435/109 125/436/109
f 124/437/110 123/438/110 127/439/110 128/440/110
f 123/441/111 121/442/111 125/443/111 127/444/111
f 128/445/112 126/446/112 122/447/112 124/448/112
f 132/449/113 130/450/113 129/451/113 131/452/113
f 135/453/114 133/454/114 134/455/114 136/456/114
f 129/457/115 130/458/115 134/459/115 133/460/115
f 132/461/116 131/462/116 135/463/116 136/464/116
f 131/465/117 129/466/117 133/467/117 135/468/117
f 136/469/118 134/470/118 130/471/118 132/472/118
f 140/473/119 138/474/119 137/475/119 139/476/119
f 143/477/120 141/478/120 142/479/120 144/480/120
f 137/481/121 138/482/121 142/483/121 141/484/121
f 140/485/122 139/486/122 143/487/122 144/488/122
f 139/489/123 137/490/123 141/491/123 143/492/123
f 144/493/124 142/494/124 138/495/124 140/496/124
f 148/497/125 146/498/125 145/499/125 147/500/125
f 151/501/126 149/502/126 150/503/126 152/504/126
f 145/505/127 146/506/127 150/507/127 149/508/127
f 148/509/128 147/510/128 151/511/128 152/512/128
f 147/513/129 145/514/129 149/515/129 151/516/129
f 152/517/130 150/518/130 146/519/130 148/520/130
f 156/521/131 154/522/131 153/523/131 155/524/131
f 159/525/132 157/526/132 158/527/132 160/528/132
f 153/529/133 154/530/133 158/531/133 157/532/133
f 156/533/134 155/534/134 159/535/134 160/536/134
f 155/537/135 153/538/135 157/539/135 159/540/135
f 160/541/136 158/542/136 154/543/136 156/544/136
f 164/545/137 162/546/137 161/547/137 163/548/137
f 167/549/138 165/550/138 166/551/138 168/552/138
f 161/553/139 162/554/139 166/555/139 165/556/139
f 164/557/140 163/558/140 167/559/140 168/560/140
f 163/561/141 161/562/141 165/563/141 167/564/141
f 168/565/142 166/566/142 162/567/142 164/568/142
f 172/569/143 170/570/143 169/571/143 171/572/143
f 175/573/144 173/574/144 174/575/144 176/576/144
f 169/577/145 170/578/145 174/579/145 173/580/145
f 172/581/146 171/582/146 175/583/146 176/584/146
f 171/585/147 169/586/147 173/587/147 175/588/147
f 176/589/148 174/590/148 170/591/148 172/592/148
f 180/593/149 178/594/149 177/595/149 179/596/149
f 183/597/150 181/598/150 182/599/150 184/600/150
f 177/601/151 178/602/151 182/603/151 181/604/151
f 180/605/152 179/606/152 183/607/152 184/608/152
f 179/609/153 177/610/153 181/611/153 183/612/153
f 184/613/154 182/614/154 178/615/154 180/616/154
f 188/617/155 186/618/155 185/619/155 187/620/155
f 191/621/156 189/622/156 190/623/156 192/624/156
f 185/625/157 186/626/157 190/627/157 189/628/157
f 188/629/158 187/630/158 191/631/158 192/632/158
f 187/633/159 185/634/159 189/635/159 191/636/159
f 192/637/160 190/638/160 186/639/160 188/640/160
f 196/641/161 194/642/161 193/643/161 195/644/161
f 199/645/162 197/646/162 198/647/162 200/648/162
f 193/649/163 194/650/163 198/651/163 197/652/163
f 196/653/164 195/654/164 199/655/164 200/656/164
f 195/657/165 193/658/165 197/659/165 199/660/165
f 200/661/166 198/662/166 194/663/166 196/664/166
f 204/665/167 202/666/167 201/667/167 203/668/167
f 207/669/168 205/670/168 206/671/168 208/672/168
f 201/673/169 202/674/169 206/675/169 205/676/169
f 203/677/170 201/678/170 205/679/170 207/680/170
f 208/681/171 206/682/171 202/683/171 204/684/171
f 210/685/172 204/686/172 203/687/172 209/688/172
f 211/689/173 207/690/173 208/691/173 212/692/173
f 203/693/174 204/694/174 208/695/174 207/696/174
f 210/697/175 209/698/175 211/699/175 212/700/175
f 209/701/176 203/702/176 207/703/176 211/704/176
f 212/705/177 208/706/177 204/707/177 210/708/177
f 216/709/178 214/710/178 213/711/178 215/712/178
f 219/713/179 217/714/179 218/715/179 220/716/179
f 213/717/180 214/718/180 218/719/180 217/720/180
f 216/721/181 215/722/181 219/723/181 220/724/181
f 215/725/182 213/726/182 217/727/182 219/728/182
f 220/729/183 218/730/183 214/731/183 216/732/183
f 224/733/184 222/734/184 221/735/184 223/736/184
f 227/737/185 225/738/185 226/739/185 228/740/185
f 221/741/186 222/742/186 226/743/186 225/744/186
f 224/745/187 223/746/187 227/747/187 228/748/187
f 223/749/188 221/750/188 225/751/188 227/752/188
f 228/753/189 226/754/189 222/755/189 224/756/189
f 233/757/190 231/758/190 230/759/190 232/760/190
f 235/761/191 234/762/191 229/763/191 236/764/191
f 230/765/192 231/766/192 229/767/192 234/768/192
f 233/769/193 232/770/193 235/771/193 236/772/193
f 232/773/194 230/774/194 234/775/194 235/776/194
f 236/777/195 229/778/195 231/779/195 233/780/195
f 240/781/196 238/782/196 237/783/196 239/784/196
f 243/785/197 241/786/197 242/787/197 244/788/197
f 237/789/198 238/790/198 242/791/198 241/792/198
f 240/793/199 239/794/199 243/795/199 244/796/199
f 239/797/200 237/798/200 241/799/200 243/800/200
f 244/801/201 242/802/201 238/803/201 240/804/201
f 248/805/202 246/806/202 245/807/202 247/808/202
f 251/809/203 249/810/203 250/811/203 252/812/203
f 245/813/204 246/814/204 250/815/204 249/816/204
f 248/817/205 247/818/205 251/819/205 252/820/205
f 247/821/206 245/822/206 249/823/206 251/824/206
f 252/825/207 250/826/207 246/827/207 248/828/207
f 256/829/208 254/830/208 253/831/208 255/832/208
f 259/833/209 257/834/209 258/835/209 260/836/209
f 253/837/210 254/838/210 258/839/210 257/840/210
f 256/841/211 255/842/211 259/843/211 260/844/211
f 255/845/212 253/846/212 257/847/212 259/848/212
f 260/849/213 258/850/213 254/851/213 256/852/213
f 264/853/214 262/854/214 261/855/214 263/856/214
f 267/857/215 265/858/215 266/859/215 268/860/215
f 261/861/216 262/862/216 266/863/216 265/864/216
f 264/865/217 263/866/217 267/867/217 268/868/217
f 263/869/218 261/870/218 265/871/218 267/872/218
f 268/873/219 266/874/219 262/875/219 264/876/219
f 272/877/220 270/878/220 269/879/220 271/880/220
f 275/881/221 273/882/221 274/883/221 276/884/221
f 269/885/222 270/886/222 274/887/222 273/888/222
f 272/889/223 271/890/223 275/891/223 276/892/223
f 271/893/224 269/894/224 273/895/224 275/896/224
f 276/897/225 274/898/225 270/899/225 272/900/225
f 280/901/226 278/902/226 277/903/226 279/904/226
f 283/905/227 281/906/227 282/907/227 284/908/227
f 277/909/228 278/910/228 282/911/228 281/912/228
f 280/913/229 279/914/229 283/915/229 284/916/229
f 279/917/230 277/918/230 281/919/230 283/920/230
f 284/921/231 282/922/231 278/923/231 280/924/231
f 288/925/232 286/926/232 285/927/232 287/928/232
f 291/929/233 289/930/233 290/931/233 292/932/233
f 285/933/234 286/934/234 290/935/234 289/936/234
f 288/937/235 287/938/235 291/939/235 292/940/235
f 287/941/236 285/942/236 289/943/236 291/944/236
f 292/945/237 290/946/237 286/947/237 288/948/237
f 296/949/238 294/950/238 293/951/238 295/952/238
f 299/953/239 297/954/239 298/955/239 300/956/239
f 293/957/240 294/958/240 298/959/240 297/960/240
f 296/961/241 295/962/241 299/963/241 300/964/241
f 295/965/242 293/966/242 297/967/242 299/968/242
f 300/969/243 298/970/243 294/971/243 296/972/243
f 304/973/244 302/974/244 301/975/244 303/976/244
f 307/977/245 305/978/245 306/979/245 308/980/245
f 301/981/246 302/982/246 306/983/246 305/984/246
f 304/985/247 303/986/247 307/987/247 308/988/247
f 303/989/248 301/990/248 305/991/248 307/992/248
f 308/993/249 306/994/249 302/995/249 304/996/249
usemtl m_de520ccc-0234-6a6c-1047-8b7438fb9ffd
f 312/997/250 310/998/250 309/999/250 311/1000/250
f 315/1001/251 313/1002/251 314/1003/251 316/1004/251
f 309/1005/252 310/1006/252 314/1007/252 313/1008/252
f 312/1009/253 311/1010/253 315/1011/253 316/1012/253
f 311/1013/254 309/1014/254 313/1015/254 315/1016/254
f 316/1017/255 314/1018/255 310/1019/255 312/1020/255
usemtl m_3d215661-f591-00a8-53e2-d8d611c756be
f 320/1021/256 318/1022/256 317/1023/256 319/1024/256
f 323/1025/257 321/1026/257 322/1027/257 324/1028/257
f 317/1029/258 318/1030/258 322/1031/258 321/1032/258
f 320/1033/259 319/1034/259 323/1035/259 324/1036/259
f 319/1037/260 317/1038/260 321/1039/260 323/1040/260
f 324/1041/261 322/1042/261 318/1043/261 320/1044/261
f 328/1045/262 326/1046/262 325/1047/262 327/1048/262
f 331/1049/263 329/1050/263 330/1051/263 332/1052/263
f 325/1053/264 326/1054/264 330/1055/264 329/1056/264
f 328/1057/265 327/1058/265 331/1059/265 332/1060/265
f 327/1061/266 325/1062/266 329/1063/266 331/1064/266
f 332/1065/267 330/1066/267 326/1067/267 328/1068/267
usemtl m_de520ccc-0234-6a6c-1047-8b7438fb9ffd
f 336/1069/268 334/1070/268 333/1071/268 335/1072/268
f 339/1073/269 337/1074/269 338/1075/269 340/1076/269
f 333/1077/270 334/1078/270 338/1079/270 337/1080/270
f 336/1081/271 335/1082/271 339/1083/271 340/1084/271
f 335/1085/272 333/1086/272 337/1087/272 339/1088/272
f 340/1089/273 338/1090/273 334/1091/273 336/1092/273
f 344/1093/274 342/1094/274 341/1095/274 343/1096/274
f 347/1097/275 345/1098/275 346/1099/275 348/1100/275
f 341/1101/276 342/1102/276 346/1103/276 345/1104/276
f 344/1105/277 343/1106/277 347/1107/277 348/1108/277
f 343/1109/278 341/1110/278 345/1111/278 347/1112/278
f 348/1113/279 346/1114/279 342/1115/279 344/1116/279
f 350/1117/280 349/1118/280 341/1119/280 343/1120/280
f 339/1121/281 337/1122/281 351/1123/281 352/1124/281
f 341/1125/282 349/1126/282 351/1127/282 337/1128/282
f 350/1129/283 343/1130/283 339/1131/283 352/1132/283
f 343/1133/284 341/1134/284 337/1135/284 339/1136/284
f 352/1137/285 351/1138/285 349/1139/285 350/1140/285
f 356/1141/286 354/1142/286 353/1143/286 355/1144/286
f 359/1145/287 357/1146/287 358/1147/287 360/1148/287
f 353/1149/288 354/1150/288 358/1151/288 357/1152/288
f 356/1153/289 355/1154/289 359/1155/289 360/1156/289
f 355/1157/290 353/1158/290 357/1159/290 359/1160/290
f 360/1161/291 358/1162/291 354/1163/291 356/1164/291
f 364/1165/292 362/1166/292 361/1167/292 363/1168/292
f 367/1169/293 365/1170/293 366/1171/293 368/1172/293
f 361/1173/294 362/1174/294 366/1175/294 365/1176/294
f 364/1177/295 363/1178/295 367/1179/295 368/1180/295
f 363/1181/296 361/1182/296 365/1183/296 367/1184/296
f 368/1185/297 366/1186/297 362/1187/297 364/1188/297
f 372/1189/298 370/1190/298 369/1191/298 371/1192/298
f 375/1193/299 373/1194/299 374/1195/299 376/1196/299
f 369/1197/300 370/1198/300 374/1199/300 373/1200/300
f 372/1201/301 371/1202/301 375/1203/301 376/1204/301
f 371/1205/302 369/1206/302 373/1207/302 375/1208/302
f 376/1209/303 374/1210/303 370/1211/303 372/1212/303
f 377/1213/304 350/1214/304 343/1215/304 353/1216/304
f 379/1217/305 347/1218/305 378/1219/305 380/1220/305
f 343/1221/306 350/1222/306 378/1223/306 347/1224/306
f 377/1225/307 353/1226/307 379/1227/307 380/1228/307
f 353/1229/308 343/1230/308 347/1231/308 379/1232/308
f 380/1233/309 378/1234/309 350/1235/309 377/1236/309
f 383/1237/310 381/1238/310 335/1239/310 382/1240/310
f 357/1241/311 339/1242/311 352/1243/311 384/1244/311
f 335/1245/312 381/1246/312 352/1247/312 339/1248/312
f 383/1249/313 382/1250/313 357/1251/313 384/1252/313
f 382/1253/314 335/1254/314 339/1255/314 357/1256/314
f 384/1257/315 352/1258/315 381/1259/315 383/1260/315
f 388/1261/316 386/1262/316 385/1263/316 387/1264/316
f 391/1265/317 389/1266/317 390/1267/317 392/1268/317
f 385/1269/318 386/1270/318 390/1271/318 389/1272/318
f 388/1273/319 387/1274/319 391/1275/319 392/1276/319
f 387/1277/320 385/1278/320 389/1279/320 391/1280/320
f 392/1281/321 390/1282/321 386/1283/321 388/1284/321
f 396/1285/322 394/1286/322 393/1287/322 395/1288/322
f 399/1289/323 397/1290/323 398/1291/323 400/1292/323
f 393/1293/324 394/1294/324 398/1295/324 397/1296/324
f 396/1297/325 395/1298/325 399/1299/325 400/1300/325
f 395/1301/326 393/1302/326 397/1303/326 399/1304/326
f 400/1305/327 398/1306/327 394/1307/327 396/1308/327
f 404/1309/328 402/1310/328 401/1311/328 403/1312/328
f 407/1313/329 405/1314/329 406/1315/329 408/1316/329
f 401/1317/330 402/1318/330 406/1319/330 405/1320/330
f 404/1321/331 403/1322/331 407/1323/331 408/1324/331
f 403/1325/332 401/1326/332 405/1327/332 407/1328/332
f 408/1329/333 406/1330/333 402/1331/333 404/1332/333
f 412/1333/334 410/1334/334 409/1335/334 411/1336/334
f 415/1337/335 413/1338/335 414/1339/335 416/1340/335
f 409/1341/336 410/1342/336 414/1343/336 413/1344/336
f 412/1345/337 411/1346/337 415/1347/337 416/1348/337
f 411/1349/338 409/1350/338 413/1351/338 415/1352/338
f 416/1353/339 414/1354/339 410/1355/339 412/1356/339
f 420/1357/340 418/1358/340 417/1359/340 419/1360/340
f 423/1361/341 421/1362/341 422/1363/341 424/1364/341
f 417/1365/342 418/1366/342 422/1367/342 421/1368/342
f 420/1369/343 419/1370/343 423/1371/343 424/1372/343
f 419/1373/344 417/1374/344 421/1375/344 423/1376/344
f 424/1377/345 422/1378/345 418/1379/345 420/1380/345
usemtl m_3d215661-f591-00a8-53e2-d8d611c756be
f 428/1381/346 426/1382/346 425/1383/346 427/1384/346
f 431/1385/347 429/1386/347 430/1387/347 432/1388/347
f 425/1389/348 426/1390/348 430/1391/348 429/1392/348
f 428/1393/349 427/1394/349 431/1395/349 432/1396/349
f 427/1397/350 425/1398/350 429/1399/350 431/1400/350
f 432/1401/351 430/1402/351 426/1403/351 428/1404/351
f 436/1405/352 434/1406/352 433/1407/352 435/1408/352
f 439/1409/353 437/1410/353 438/1411/353 440/1412/353
f 433/1413/354 434/1414/354 438/1415/354 437/1416/354
f 436/1417/355 435/1418/355 439/1419/355 440/1420/355
f 435/1421/356 433/1422/356 437/1423/356 439/1424/356
f 440/1425/357 438/1426/357 434/1427/357 436/1428/357
f 443/1429/358 441/1430/358 437/1431/358 442/1432/358
f 446/1433/359 444/1434/359 445/1435/359 447/1436/359
f 437/1437/360 441/1438/360 445/1439/360 444/1440/360
f 443/1441/361 442/1442/361 446/1443/361 447/1444/361
f 442/1445/362 437/1446/362 444/1447/362 446/1448/362
f 447/1449/363 445/1450/363 441/1451/363 443/1452/363
usemtl m_ac3999ef-95b5-0d58-6ef6-8589e28d3a01
f 450/1453/364 451/1454/364 448/1455/364
f 451/1456/365 452/1457/365 448/1458/365
f 452/1459/366 453/1460/366 448/1461/366
f 453/1462/367 454/1463/367 448/1464/367
f 454/1465/368 455/1466/368 448/1467/368
f 455/1468/369 456/1469/369 448/1470/369
f 456/1471/370 457/1472/370 448/1473/370
f 457/1474/371 458/1475/371 448/1476/371
f 458/1477/372 459/1478/372 448/1479/372
f 459/1480/373 460/1481/373 448/1482/373
f 460/1483/374 449/1484/374 448/1485/374
f 449/1486/375 450/1487/375 448/1488/375
usemtl m_3d215661-f591-00a8-53e2-d8d611c756be
f 461/1489/376 465/1490/376 466/1491/376 462/1492/376
f 464/1493/377 468/1494/377 467/1495/377 463/1496/377
f 463/1497/378 467/1498/378 465/1499/378 461/1500/378
f 462/1501/379 466/1502/379 468/1503/379 464/1504/379
f 465/1505/380 469/1506/380 470/1507/380 466/1508/380
f 468/1509/381 472/1510/381 471/1511/381 467/1512/381
f 467/1513/382 471/1514/382 469/1515/382 465/1516/382
f 466/1517/383 470/1518/383 472/1519/383 468/1520/383
f 469/1521/384 473/1522/384 474/1523/384 470/1524/384
f 472/1525/385 476/1526/385 475/1527/385 471/1528/385
f 471/1529/386 475/1530/386 473/1531/386 469/1532/386
f 470/1533/387 474/1534/387 476/1535/387 472/1536/387
f 473/1537/388 477/1538/388 478/1539/388 474/1540/388
f 476/1541/389 480/1542/389 479/1543/389 475/1544/389
f 475/1545/390 479/1546/390 477/1547/390 473/1548/390
f 474/1549/391 478/1550/391 480/1551/391 476/1552/391
f 477/1553/392 481/1554/392 482/1555/392 478/1556/392
f 480/1557/393 484/1558/393 483/1559/393 479/1560/393
f 479/1561/394 483/1562/394 481/1563/394 477/1564/394
f 478/1565/395 482/1566/395 484/1567/395 480/1568/395
f 481/1569/396 485/1570/396 486/1571/396 482/1572/396
f 484/1573/397 488/1574/397 487/1575/397 483/1576/397
f 483/1577/398 487/1578/398 485/1579/398 481/1580/398
f 482/1581/399 486/1582/399 488/1583/399 484/1584/399
f 485/1585/400 489/1586/400 490/1587/400 486/1588/400
f 488/1589/401 492/1590/401 491/1591/401 487/1592/401
f 487/1593/402 491/1594/402 489/1595/402 485/1596/402
f 486/1597/403 490/1598/403 492/1599/403 488/1600/403
f 489/1601/404 493/1602/404 494/1603/404 490/1604/404
f 492/1605/405 496/1606/405 495/1607/405 491/1608/405
f 491/1609/406 495/1610/406 493/1611/406 489/1612/406
f 490/1613/407 494/1614/407 496/1615/407 492/1616/407
f 493/1617/408 497/1618/408 498/1619/408 494/1620/408
f 496/1621/409 500/1622/409 499/1623/409 495/1624/409
f 495/1625/410 499/1626/410 497/1627/410 493/1628/410
f 494/1629/411 498/1630/411 500/1631/411 496/1632/411
f 497/1633/412 501/1634/412 502/1635/412 498/1636/412
f 500/1637/413 504/1638/413 503/1639/413 499/1640/413
f 499/1641/414 503/1642/414 501/1643/414 497/1644/414
f 498/1645/415 502/1646/415 504/1647/415 500/1648/415
f 501/1649/416 505/1650/416 506/1651/416 502/1652/416
f 504/1653/417 508/1654/417 507/1655/417 503/1656/417
f 503/1657/418 507/1658/418 505/1659/418 501/1660/418
f 502/1661/419 506/1662/419 508/1663/419 504/1664/419
f 505/1665/420 461/1666/420 462/1667/420 506/1668/420
f 508/1669/421 464/1670/421 463/1671/421 507/1672/421
f 507/1673/422 463/1674/422 461/1675/422 505/1676/422
f 506/1677/423 462/1678/423 464/1679/423 508/1680/423
f 512/1681/424 510/1682/424 509/1683/424 511/1684/424
f 515/1685/425 513/1686/425 514/1687/425 516/1688/425
f 509/1689/426 510/1690/426 514/1691/426 513/1692/426
f 512/1693/427 511/1694/427 515/1695/427 516/1696/427
f 511/1697/428 509/1698/428 513/1699/428 515/1700/428
f 516/1701/429 514/1702/429 510/1703/429 512/1704/429
f 520/1705/430 518/1706/430 517/1707/430 519/1708/430
f 523/1709/431 521/1710/431 522/1711/431 524/1712/431
f 517/1713/432 518/1714/432 522/1715/432 521/1716/432
f 520/1717/433 519/1718/433 523/1719/433 524/1720/433
f 519/1721/434 517/1722/434 521/1723/434 523/1724/434
f 524/1725/435 522/1726/435 518/1727/435 520/1728/435
f 527/1729/436 525/1730/436 521/1731/436 526/1732/436
f 530/1733/437 528/1734/437 529/1735/437 531/1736/437
f 521/1737/438 525/1738/438 529/1739/438 528/1740/438
f 527/1741/439 526/1742/439 530/1743/439 531/1744/439
f 526/1745/440 521/1746/440 528/1747/440 530/1748/440
f 531/1749/441 529/1750/441 525/1751/441 527/1752/441
f 535/1753/442 533/1754/442 532/1755/442 534/1756/442
f 538/1757/443 536/1758/443 537/1759/443 539/1760/443
f 532/1761/444 533/1762/444 537/1763/444 536/1764/444
f 535/1765/445 534/1766/445 538/1767/445 539/1768/445
f 534/1769/446 532/1770/446 536/1771/446 538/1772/446
f 539/1773/447 537/1774/447 533/1775/447 535/1776/447
f 540/1777/448 544/1778/448 545/1779/448 541/1780/448
f 543/1781/449 547/1782/449 546/1783/449 542/1784/449
f 542/1785/450 546/1786/450 544/1787/450 540/1788/450
f 541/1789/451 545/1790/451 547/1791/451 543/1792/451
f 544/1793/452 548/1794/452 549/1795/452 545/1796/452
f 547/1797/453 551/1798/453 550/1799/453 546/1800/453
f 546/1801/454 550/1802/454 548/1803/454 544/1804/454
f 545/1805/455 549/1806/455 551/1807/455 547/1808/455
f 548/1809/456 552/1810/456 553/1811/456 549/1812/456
f 551/1813/457 555/1814/457 554/1815/457 550/1816/457
f 550/1817/458 554/1818/458 552/1819/458 548/1820/458
f 549/1821/459 553/1822/459 555/1823/459 551/1824/459
f 552/1825/460 556/1826/460 557/1827/460 553/1828/460
f 555/1829/461 559/1830/461 558/1831/461 554/1832/461
f 554/1833/462 558/1834/462 556/1835/462 552/1836/462
f 553/1837/463 557/1838/463 559/1839/463 555/1840/463
f 556/1841/464 560/1842/464 561/1843/464 557/1844/464
f 559/1845/465 563/1846/465 562/1847/465 558/1848/465
f 558/1849/466 562/1850/466 560/1851/466 556/1852/466
f 557/1853/467 561/1854/467 563/1855/467 559/1856/467
f 560/1857/468 564/1858/468 565/1859/468 561/1860/468
f 563/1861/469 567/1862/469 566/1863/469 562/1864/469
f 562/1865/470 566/1866/470 564/1867/470 560/1868/470
f 561/1869/471 565/1870/471 567/1871/471 563/1872/471
f 564/1873/472 568/1874/472 569/1875/472 565/1876/472
f 567/1877/473 571/1878/473 570/1879/473 566/1880/473
f 566/1881/474 570/1882/474 568/1883/474 564/1884/474
f 565/1885/475 569/1886/475 571/1887/475 567/1888/475
f 568/1889/476 572/1890/476 573/1891/476 569/1892/476
f 571/1893/477 575/1894/477 574/1895/477 570/1896/477
f 570/1897/478 574/1898/478 572/1899/478 568/1900/478
f 569/1901/479 573/1902/479 575/1903/479 571/1904/479
f 572/1905/480 576/1906/480 577/1907/480 573/1908/480
f 575/1909/481 579/1910/481 578/1911/481 574/1912/481
f 574/1913/482 578/1914/482 576/1915/482 572/1916/482
f 573/1917/483 577/1918/483 579/1919/483 575/1920/483
f 576/1921/484 580/1922/484 581/1923/484 577/1924/484
f 579/1925/485 583/1926/485 582/1927/485 578/1928/485
f 578/1929/486 582/1930/486 580/1931/486 576/1932/486
f 577/1933/487 581/1934/487 583/1935/487 579/1936/487
f 580/1937/488 584/1938/488 585/1939/488 581/1940/488
f 583/1941/489 587/1942/489 586/1943/489 582/1944/489
f 582/1945/490 586/1946/490 584/1947/490 580/1948/490
f 581/1949/491 585/1950/491 587/1951/491 583/1952/491
f 584/1953/492 540/1954/492 541/1955/492 585/1956/492
f 587/1957/493 543/1958/493 542/1959/493 586/1960/493
f 586/1961/494 542/1962/494 540/1963/494 584/1964/494
f 585/1965/495 541/1966/495 543/1967/495 587/1968/495
usemtl m_ac3999ef-95b5-0d58-6ef6-8589e28d3a01
f 590/1969/496 591/1970/496 588/1971/496
f 591/1972/497 592/1973/497 588/1974/497
f 592/1975/498 593/1976/498 588/1977/498
f 593/1978/499 594/1979/499 588/1980/499
f 594/1981/500 595/1982/500 588/1983/500
f 595/1984/501 596/1985/501 588/1986/501
f 596/1987/502 597/1988/502 588/1989/502
f 597/1990/503 598/1991/503 588/1992/503
f 598/1993/504 599/1994/504 588/1995/504
f 599/1996/505 600/1997/505 588/1998/505
f 600/1999/506 589/2000/506 588/2001/506
f 589/2002/507 590/2003/507 588/2004/507
usemtl m_3d215661-f591-00a8-53e2-d8d611c756be
f 604/2005/508 602/2006/508 601/2007/508 603/2008/508
f 607/2009/509 605/2010/509 606/2011/509 608/2012/509
f 601/2013/510 602/2014/510 606/2015/510 605/2016/510
f 604/2017/511 603/2018/511 607/2019/511 608/2020/511
f 603/2021/512 601/2022/512 605/2023/512 607/2024/512
f 608/2025/513 606/2026/513 602/2027/513 604/2028/513
f 611/2029/514 609/2030/514 605/2031/514 610/2032/514
f 614/2033/515 612/2034/515 613/2035/515 615/2036/515
f 605/2037/516 609/2038/516 613/2039/516 612/2040/516
f 611/2041/517 610/2042/517 614/2043/517 615/2044/517
f 610/2045/518 605/2046/518 612/2047/518 614/2048/518
f 615/2049/519 613/2050/519 609/2051/519 611/2052/519
f 619/2053/520 617/2054/520 616/2055/520 618/2056/520
f 622/2057/521 620/2058/521 621/2059/521 623/2060/521
f 616/2061/522 617/2062/522 621/2063/522 620/2064/522
f 619/2065/523 618/2066/523 622/2067/523 623/2068/523
f 618/2069/524 616/2070/524 620/2071/524 622/2072/524
f 623/2073/525 621/2074/525 617/2075/525 619/2076/525
f 624/2077/526 628/2078/526 629/2079/526 625/2080/526
f 627/2081/527 631/2082/527 630/2083/527 626/2084/527
f 626/2085/528 630/2086/528 628/2087/528 624/2088/528
f 625/2089/529 629/2090/529 631/2091/529 627/2092/529
f 628/2093/530 632/2094/530 633/2095/530 629/2096/530
f 631/2097/531 635/2098/531 634/2099/531 630/2100/531
f 630/2101/532 634/2102/532 632/2103/532 628/2104/532
f 629/2105/533 633/2106/533 635/2107/533 631/2108/533
f 632/2109/534 636/2110/534 637/2111/534 633/2112/534
f 635/2113/535 639/2114/535 638/2115/535 634/2116/535
f 634/2117/536 638/2118/536 636/2119/536 632/2120/536
f 633/2121/537 637/2122/537 639/2123/537 635/2124/537
f 636/2125/538 640/2126/538 641/2127/538 637/2128/538
f 639/2129/539 643/2130/539 642/2131/539 638/2132/539
f 638/2133/540 642/2134/540 640/2135/540 636/2136/540
f 637/2137/541 641/2138/541 643/2139/541 639/2140/541
f 640/2141/542 644/2142/542 645/2143/542 641/2144/542
f 643/2145/543 647/2146/543 646/2147/543 642/2148/543
f 642/2149/544 646/2150/544 644/2151/544 640/2152/544
f 641/2153/545 645/2154/545 647/2155/545 643/2156/545
f 644/2157/546 648/2158/546 649/2159/546 645/2160/546
f 647/2161/547 651/2162/547 650/2163/547 646/2164/547
f 646/2165/548 650/2166/548 648/2167/548 644/2168/548
f 645/2169/549 649/2170/549 651/2171/549 647/2172/549
f 648/2173/550 652/2174/550 653/2175/550 649/2176/550
f 651/2177/551 655/2178/551 654/2179/551 650/2180/551
f 650/2181/552 654/2182/552 652/2183/552 648/2184/552
f 649/2185/553 653/2186/553 655/2187/553 651/2188/553
f 652/2189/554 656/2190/554 657/2191/554 653/2192/554
f 655/2193/555 659/2194/555 658/2195/555 654/2196/555
f 654/2197/556 658/2198/556 656/2199/556 652/2200/556
f 653/2201/557 657/2202/557 659/2203/557 655/2204/557
f 656/2205/558 660/2206/558 661/2207/558 657/2208/558
f 659/2209/559 663/2210/559 662/2211/559 658/2212/559
f 658/2213/560 662/2214/560 660/2215/560 656/2216/560
f 657/2217/561 661/2218/561 663/2219/561 659/2220/561
f 660/2221/562 664/2222/562 665/2223/562 661/2224/562
f 663/2225/563 667/2226/563 666/2227/563 662/2228/563
f 662/2229/564 666/2230/564 664/2231/564 660/2232/564
f 661/2233/565 665/2234/565 667/2235/565 663/2236/565
f 664/2237/566 668/2238/566 669/2239/566 665/2240/566
f 667/2241/567 671/2242/567 670/2243/567 666/2244/567
f 666/2245/568 670/2246/568 668/2247/568 664/2248/568
f 665/2249/569 669/2250/569 671/2251/569 667/2252/569
f 668/2253/570 624/2254/570 625/2255/570 669/2256/570
f 671/2257/571 627/2258/571 626/2259/571 670/2260/571
f 670/2261/572 626/2262/572 624/2263/572 668/2264/572
f 669/2265/573 625/2266/573 627/2267/573 671/2268/573
usemtl m_ac3999ef-95b5-0d58-6ef6-8589e28d3a01
f 674/2269/574 675/2270/574 672/2271/574
f 675/2272/575 676/2273/575 672/2274/575
f 676/2275/576 677/2276/576 672/2277/576
f 677/2278/577 678/2279/577 672/2280/577
f 678/2281/578 679/2282/578 672/2283/578
f 679/2284/579 680/2285/579 672/2286/579
f 680/2287/580 681/2288/580 672/2289/580
f 681/2290/581 682/2291/581 672/2292/581
f 682/2293/582 683/2294/582 672/2295/582
f 683/2296/583 684/2297/583 672/2298/583
f 684/2299/584 673/2300/584 672/2301/584
f 673/2302/585 674/2303/585 672/2304/585
f 687/2305/586 688/2306/586 685/2307/586
f 688/2308/587 689/2309/587 685/2310/587
f 689/2311/588 690/2312/588 685/2313/588
f 690/2314/589 691/2315/589 685/2316/589
f 691/2317/590 692/2318/590 685/2319/590
f 692/2320/591 693/2321/591 685/2322/591
f 693/2323/592 694/2324/592 685/2325/592
f 694/2326/593 695/2327/593 685/2328/593
f 695/2329/594 696/2330/594 685/2331/594
f 696/2332/595 697/2333/595 685/2334/595
f 697/2335/596 686/2336/596 685/2337/596
f 686/2338/597 687/2339/597 685/2340/597
usemtl m_3d215661-f591-00a8-53e2-d8d611c756be
f 698/2341/598 702/2342/598 703/2343/598 699/2344/598
f 701/2345/599 705/2346/599 704/2347/599 700/2348/599
f 700/2349/600 704/2350/600 702/2351/600 698/2352/600
f 699/2353/601 703/2354/601 705/2355/601 701/2356/601
f 702/2357/602 706/2358/602 707/2359/602 703/2360/602
f 705/2361/603 709/2362/603 708/2363/603 704/2364/603
f 704/2365/604 708/2366/604 706/2367/604 702/2368/604
f 703/2369/605 707/2370/605 709/2371/605 705/2372/605
f 706/2373/606 710/2374/606 711/2375/606 707/2376/606
f 709/2377/607 713/2378/607 712/2379/607 708/2380/607
f 708/2381/608 712/2382/608 710/2383/608 706/2384/608
f 707/2385/609 711/2386/609 713/2387/609 709/2388/609
f 710/2389/610 714/2390/610 715/2391/610 711/2392/610
f 713/2393/611 717/2394/611 716/2395/611 712/2396/611
f 712/2397/612 716/2398/612 714/2399/612 710/2400/612
f 711/2401/613 715/2402/613 717/2403/613 713/2404/613
f 714/2405/614 718/2406/614 719/2407/614 715/2408/614
f 717/2409/615 721/2410/615 720/2411/615 716/2412/615
f 716/2413/616 720/2414/616 718/2415/616 714/2416/616
f 715/2417/617 719/2418/617 721/2419/617 717/2420/617
f 718/2421/618 722/2422/618 723/2423/618 719/2424/618
f 721/2425/619 725/2426/619 724/2427/619 720/2428/619
f 720/2429/620 724/2430/620 722/2431/620 718/2432/620
f 719/2433/621 723/2434/621 725/2435/621 721/2436/621
f 722/2437/622 726/2438/622 727/2439/622 723/2440/622
f 725/2441/623 729/2442/623 728/2443/623 724/2444/623
f 724/2445/624 728/2446/624 726/2447/624 722/2448/624
f 723/2449/625 727/2450/625 729/2451/625 725/2452/625
f 726/2453/626 730/2454/626 731/2455/626 727/2456/626
f 729/2457/627 733/2458/627 732/2459/627 728/2460/627
f 728/2461/628 732/2462/628 730/2463/628 726/2464/628
f 727/2465/629 731/2466/629 733/2467/629 729/2468/629
f 730/2469/630 734/2470/630 735/2471/630 731/2472/630
f 733/2473/631 737/2474/631 736/2475/631 732/2476/631
f 732/2477/632 736/2478/632 734/2479/632 730/2480/632
f 731/2481/633 735/2482/633 737/2483/633 733/2484/633
f 734/2485/634 738/2486/634 739/2487/634 735/2488/634
f 737/2489/635 741/2490/635 740/2491/635 736/2492/635
f 736/2493/636 740/2494/636 738/2495/636 734/2496/636
f 735/2497/637 739/2498/637 741/2499/637 737/2500/637
f 738/2501/638 742/2502/638 743/2503/638 739/2504/638
f 741/2505/639 745/2506/639 744/2507/639 740/2508/639
f 740/2509/640 744/2510/640 742/2511/640 738/2512/640
f 739/2513/641 743/2514/641 745/2515/641 741/2516/641
f 742/2517/642 698/2518/642 699/2519/642 743/2520/642
f 745/2521/643 701/2522/643 700/2523/643 744/2524/643
f 744/2525/644 700/2526/644 698/2527/644 742/2528/644
f 743/2529/645 699/2530/645 701/2531/645 745/2532/645
usemtl m_ac3999ef-95b5-0d58-6ef6-8589e28d3a01
f 748/2533/646 749/2534/646 746/2535/646
f 749/2536/647 750/2537/647 746/2538/647
f 750/2539/648 751/2540/648 746/2541/648
f 751/2542/649 752/2543/649 746/2544/649
f 752/2545/650 753/2546/650 746/2547/650
f 753/2548/651 754/2549/651 746/2550/651
f 754/2551/652 755/2552/652 746/2553/652
f 755/2554/653 756/2555/653 746/2556/653
f 756/2557/654 757/2558/654 746/2559/654
f 757/2560/655 758/2561/655 746/2562/655
f 758/2563/656 747/2564/656 746/2565/656
f 747/2566/657 748/2567/657 746/2568/657
usemtl m_3d215661-f591-00a8-53e2-d8d611c756be
f 759/2569/658 763/2570/658 764/2571/658 760/2572/658
f 762/2573/659 766/2574/659 765/2575/659 761/2576/659
f 761/2577/660 765/2578/660 763/2579/660 759/2580/660
f 760/2581/661 764/2582/661 766/2583/661 762/2584/661
f 763/2585/662 767/2586/662 768/2587/662 764/2588/662
f 766/2589/663 770/2590/663 769/2591/663 765/2592/663
f 765/2593/664 769/2594/664 767/2595/664 763/2596/664
f 764/2597/665 768/2598/665 770/2599/665 766/2600/665
f 767/2601/666 771/2602/666 772/2603/666 768/2604/666
f 770/2605/667 774/2606/667 773/2607/667 769/2608/667
f 769/2609/668 773/2610/668 771/2611/668 767/2612/668
f 768/2613/669 772/2614/669 774/2615/669 770/2616/669
f 771/2617/670 775/2618/670 776/2619/670 772/2620/670
f 774/2621/671 778/2622/671 777/2623/671 773/2624/671
f 773/2625/672 777/2626/672 775/2627/672 771/2628/672
f 772/2629/673 776/2630/673 778/2631/673 774/2632/673
f 775/2633/674 779/2634/674 780/2635/674 776/2636/674
f 778/2637/675 782/2638/675 781/2639/675 777/2640/675
f 777/2641/676 781/2642/676 779/2643/676 775/2644/676
f 776/2645/677 780/2646/677 782/2647/677 778/2648/677
f 779/2649/678 783/2650/678 784/2651/678 780/2652/678
f 782/2653/679 786/2654/679 785/2655/679 781/2656/679
f 781/2657/680 785/2658/680 783/2659/680 779/2660/680
f 780/2661/681 784/2662/681 786/2663/681 782/2664/681
f 783/2665/682 787/2666/682 788/2667/682 784/2668/682
f 786/2669/683 790/2670/683 789/2671/683 785/2672/683
f 785/2673/684 789/2674/684 787/2675/684 783/2676/684
f 784/2677/685 788/2678/685 790/2679/685 786/2680/685
f 787/2681/686 791/2682/686 792/2683/686 788/2684/686
f 790/2685/687 794/2686/687 793/2687/687 789/2688/687
f 789/2689/688 793/2690/688 791/2691/688 787/2692/688
f 788/2693/689 792/2694/689 794/2695/689 790/2696/689
f 791/2697/690 795/2698/690 796/2699/690 792/2700/690
f 794/2701/691 798/2702/691 797/2703/691 793/2704/691
f 793/2705/692 797/2706/692 795/2707/692 791/2708/692
f 792/2709/693 796/2710/693 798/2711/693 794/2712/693
f 795/2713/694 799/2714/694 800/2715/694 796/2716/694
f 798/2717/695 802/2718/695 801/2719/695 797/2720/695
f 797/2721/696 801/2722/696 799/2723/696 795/2724/696
f 796/2725/697 800/2726/697 802/2727/697 798/2728/697
f 799/2729/698 803/2730/698 804/2731/698 800/2732/698
f 802/2733/699 806/2734/699 805/2735/699 801/2736/699
f 801/2737/700 805/2738/700 803/2739/700 799/2740/700
f 800/2741/701 804/2742/701 806/2743/701 802/2744/701
f 803/2745/702 759/2746/702 760/2747/702 804/2748/702
f 806/2749/703 762/2750/703 761/2751/703 805/2752/703
f 805/2753/704 761/2754/704 759/2755/704 803/2756/704
f 804/2757/705 760/2758/705 762/2759/705 806/2760/705
usemtl m_ac3999ef-95b5-0d58-6ef6-8589e28d3a01
f 809/2761/706 810/2762/706 807/2763/706
f 810/2764/707 811/2765/707 807/2766/707
f 811/2767/708 812/2768/708 807/2769/708
f 812/2770/709 813/2771/709 807/2772/709
f 813/2773/710 814/2774/710 807/2775/710
f 814/2776/711 815/2777/711 807/2778/711
f 815/2779/712 816/2780/712 807/2781/712
f 816/2782/713 817/2783/713 807/2784/713
f 817/2785/714 818/2786/714 807/2787/714
f 818/2788/715 819/2789/715 807/2790/715
f 819/2791/716 808/2792/716 807/2793/716
f 808/2794/717 809/2795/717 807/2796/717
usemtl m_3d215661-f591-00a8-53e2-d8d611c756be
f 820/2797/718 824/2798/718 825/2799/718 821/2800/718
f 823/2801/719 827/2802/719 826/2803/719 822/2804/719
f 822/2805/720 826/2806/720 824/2807/720 820/2808/720
f 821/2809/721 825/2810/721 827/2811/721 823/2812/721
f 824/2813/722 828/2814/722 829/2815/722 825/2816/722
f 827/2817/723 831/2818/723 830/2819/723 826/2820/723
f 826/2821/724 830/2822/724 828/2823/724 824/2824/724
f 825/2825/725 829/2826/725 831/2827/725 827/2828/725
f 828/2829/726 832/2830/726 833/2831/726 829/2832/726
f 831/2833/727 835/2834/727 834/2835/727 830/2836/727
f 830/2837/728 834/2838/728 832/2839/728 828/2840/728
f 829/2841/729 833/2842/729 835/2843/729 831/2844/729
f 832/2845/730 836/2846/730 837/2847/730 833/2848/730
f 835/2849/731 839/2850/731 838/2851/731 834/2852/731
f 834/2853/732 838/2854/732 836/2855/732 832/2856/732
f 833/2857/733 837/2858/733 839/2859/733 835/2860/733
f 836/2861/734 840/2862/734 841/2863/734 837/2864/734
f 839/2865/735 843/2866/735 842/2867/735 838/2868/735
f 838/2869/736 842/2870/736 840/2871/736 836/2872/736
f 837/2873/737 841/2874/737 843/2875/737 839/2876/737
f 840/2877/738 844/2878/738 845/2879/738 841/2880/738
f 843/2881/739 847/2882/739 846/2883/739 842/2884/739
f 842/2885/740 846/2886/740 844/2887/740 840/2888/740
f 841/2889/741 845/2890/741 847/2891/741 843/2892/741
f 844/2893/742 848/2894/742 849/2895/742 845/2896/742
f 847/2897/743 851/2898/743 850/2899/743 846/2900/743
f 846/2901/744 850/2902/744 848/2903/744 844/2904/744
f 845/2905/745 849/2906/745 851/2907/745 847/2908/745
f 848/2909/746 852/2910/746 853/2911/746 849/2912/746
f 851/2913/747 855/2914/747 854/2915/747 850/2916/747
f 850/2917/748 854/2918/748 852/2919/748 848/2920/748
f 849/2921/749 853/2922/749 855/2923/749 851/2924/749
f 852/2925/750 856/2926/750 857/2927/750 853/2928/750
f 855/2929/751 859/2930/751 858/2931/751 854/2932/751
f 854/2933/752 858/2934/752 856/2935/752 852/2936/752
f 853/2937/753 857/2938/753 859/2939/753 855/2940/753
f 856/2941/754 860/2942/754 861/2943/754 857/2944/754
f 859/2945/755 863/2946/755 862/2947/755 858/2948/755
f 858/2949/756 862/2950/756 860/2951/756 856/2952/756
f 857/2953/757 861/2954/757 863/2955/757 859/2956/757
f 860/2957/758 864/2958/758 865/2959/758 861/2960/758
f 863/2961/759 867/2962/759 866/2963/759 862/2964/759
f 862/2965/760 866/2966/760 864/2967/760 860/2968/760
f 861/2969/761 865/2970/761 867/2971/761 863/2972/761
f 864/2973/762 820/2974/762 821/2975/762 865/2976/762
f 867/2977/763 823/2978/763 822/2979/763 866/2980/763
f 866/2981/764 822/2982/764 820/2983/764 864/2984/764
f 865/2985/765 821/2986/765 823/2987/765 867/2988/765
usemtl m_ac3999ef-95b5-0d58-6ef6-8589e28d3a01
f 870/2989/766 871/2990/766 868/2991/766
f 871/2992/767 872/2993/767 868/2994/767
f 872/2995/768 873/2996/768 868/2997/768
f 873/2998/769 874/2999/769 868/3000/769
f 874/3001/770 875/3002/770 868/3003/770
f 875/3004/771 876/3005/771 868/3006/771
f 876/3007/772 877/3008/772 868/3009/772
f 877/3010/773 878/3011/773 868/3012/773
f 878/3013/774 879/3014/774 868/3015/774
f 879/3016/775 880/3017/775 868/3018/775
f 880/3019/776 869/3020/776 868/3021/776
f 869/3022/777 870/3023/777 868/3024/777
usemtl m_3d215661-f591-00a8-53e2-d8d611c756be
f 881/3025/778 885/3026/778 886/3027/778 882/3028/778
f 884/3029/779 888/3030/779 887/3031/779 883/3032/779
f 883/3033/780 887/3034/780 885/3035/780 881/3036/780
f 882/3037/781 886/3038/781 888/3039/781 884/3040/781
f 885/3041/782 889/3042/782 890/3043/782 886/3044/782
f 888/3045/783 892/3046/783 891/3047/783 887/3048/783
f 887/3049/784 891/3050/784 889/3051/784 885/3052/784
f 886/3053/785 890/3054/785 892/3055/785 888/3056/785
f 889/3057/786 893/3058/786 894/3059/786 890/3060/786
f 892/3061/787 896/3062/787 895/3063/787 891/3064/787
f 891/3065/788 895/3066/788 893/3067/788 889/3068/788
f 890/3069/789 894/3070/789 896/3071/789 892/3072/789
f 893/3073/790 897/3074/790 898/3075/790 894/3076/790
f 896/3077/791 900/3078/791 899/3079/791 895/3080/791
f 895/3081/792 899/3082/792 897/3083/792 893/3084/792
f 894/3085/793 898/3086/793 900/3087/793 896/3088/793
f 897/3089/794 901/3090/794 902/3091/794 898/3092/794
f 900/3093/795 904/3094/795 903/3095/795 899/3096/795
f 899/3097/796 903/3098/796 901/3099/796 897/3100/796
f 898/3101/797 902/3102/797 904/3103/797 900/3104/797
f 901/3105/798 905/3106/798 906/3107/798 902/3108/798
f 904/3109/799 908/3110/799 907/3111/799 903/3112/799
f 903/3113/800 907/3114/800 905/3115/800 901/3116/800
f 902/3117/801 906/3118/801 908/3119/801 904/3120/801
f 905/3121/802 909/3122/802 910/3123/802 906/3124/802
f 908/3125/803 912/3126/803 911/3127/803 907/3128/803
f 907/3129/804 911/3130/804 909/3131/804 905/3132/804
f 906/3133/805 910/3134/805 912/3135/805 908/3136/805
f 909/3137/806 913/3138/806 914/3139/806 910/3140/806
f 912/3141/807 916/3142/807 915/3143/807 911/3144/807
f 911/3145/808 915/3146/808 913/3147/808 909/3148/808
f 910/3149/809 914/3150/809 916/3151/809 912/3152/809
f 913/3153/810 917/3154/810 918/3155/810 914/3156/810
f 916/3157/811 920/3158/811 919/3159/811 915/3160/811
f 915/3161/812 919/3162/812 917/3163/812 913/3164/812
f 914/3165/813 918/3166/813 920/3167/813 916/3168/813
f 917/3169/814 921/3170/814 922/3171/814 918/3172/814
f 920/3173/815 924/3174/815 923/3175/815 919/3176/815
f 919/3177/816 923/3178/816 921/3179/816 917/3180/816
f 918/3181/817 922/3182/817 924/3183/817 920/3184/817
f 921/3185/818 925/3186/818 926/3187/818 922/3188/818
f 924/3189/819 928/3190/819 927/3191/819 923/3192/819
f 923/3193/820 927/3194/820 925/3195/820 921/3196/820
f 922/3197/821 926/3198/821 928/3199/821 924/3200/821
f 925/3201/822 881/3202/822 882/3203/822 926/3204/822
f 928/3205/823 884/3206/823 883/3207/823 927/3208/823
f 927/3209/824 883/3210/824 881/3211/824 925/3212/824
f 926/3213/825 882/3214/825 884/3215/825 928/3216/825
f 929/3217/826 930/3218/826 934/3219/826 933/3220/826
f 932/3221/827 931/3222/827 935/3223/827 936/3224/827
f 931/3225/828 929/3226/828 933/3227/828 935/3228/828
f 936/3229/829 934/3230/829 930/3231/829 932/3232/829
f 940/3233/830 938/3234/830 937/3235/830 939/3236/830
f 943/3237/831 941/3238/831 942/3239/831 944/3240/831
f 940/3241/832 939/3242/832 943/3243/832 944/3244/832
f 939/3245/833 937/3246/833 941/3247/833 943/3248/833
f 944/3249/834 942/3250/834 938/3251/834 940/3252/834
f 948/3253/835 946/3254/835 945/3255/835 947/3256/835
f 951/3257/836 949/3258/836 950/3259/836 952/3260/836
f 948/3261/837 947/3262/837 951/3263/837 952/3264/837
f 947/3265/838 945/3266/838 949/3267/838 951/3268/838
f 952/3269/839 950/3270/839 946/3271/839 948/3272/839
f 946/3273/840 945/3274/840 949/3275/840 950/3276/840
f 931/3277/841 929/3278/841 930/3279/841 932/3280/841
f 929/3281/842 945/3282/842 946/3283/842 930/3284/842
f 950/3285/843 949/3286/843 931/3287/843 932/3288/843
f 949/3289/844 945/3290/844 929/3291/844 931/3292/844
f 930/3293/845 946/3294/845 950/3295/845 932/3296/845
f 938/3297/846 937/3298/846 941/3299/846 942/3300/846
f 933/3301/847 935/3302/847 936/3303/847 934/3304/847
f 935/3305/848 937/3306/848 938/3307/848 936/3308/848
f 942/3309/849 941/3310/849 933/3311/849 934/3312/849
f 941/3313/850 937/3314/850 935/3315/850 933/3316/850
f 936/3317/851 938/3318/851 942/3319/851 934/3320/851
f 953/3321/852 954/3322/852 958/3323/852 957/3324/852
f 956/3325/853 955/3326/853 959/3327/853 960/3328/853
f 955/3329/854 953/3330/854 957/3331/854 959/3332/854
f 960/3333/855 958/3334/855 954/3335/855 956/3336/855
f 964/3337/856 962/3338/856 961/3339/856 963/3340/856
f 967/3341/857 965/3342/857 966/3343/857 968/3344/857
f 964/3345/858 963/3346/858 967/3347/858 968/3348/858
f 963/3349/859 961/3350/859 965/3351/859 967/3352/859
f 968/3353/860 966/3354/860 962/3355/860 964/3356/860
f 972/3357/861 970/3358/861 969/3359/861 971/3360/861
f 975/3361/862 973/3362/862 974/3363/862 976/3364/862
f 972/3365/863 971/3366/863 975/3367/863 976/3368/863
f 971/3369/864 969/3370/864 973/3371/864 975/3372/864
f 976/3373/865 974/3374/865 970/3375/865 972/3376/865
f 970/3377/866 969/3378/866 973/3379/866 974/3380/866
f 955/3381/867 953/3382/867 954/3383/867 956/3384/867
f 953/3385/868 969/3386/868 970/3387/868 954/3388/868
f 974/3389/869 973/3390/869 955/3391/869 956/3392/869
f 973/3393/870 969/3394/870 953/3395/870 955/3396/870
f 954/3397/871 970/3398/871 974/3399/871 956/3400/871
f 962/3401/872 961/3402/872 965/3403/872 966/3404/872
f 957/3405/873 959/3406/873 960/3407/873 958/3408/873
f 959/3409/874 961/3410/874 962/3411/874 960/3412/874
f 966/3413/875 965/3414/875 957/3415/875 958/3416/875
f 965/3417/876 961/3418/876 959/3419/876 957/3420/876
f 960/3421/877 962/3422/877 966/3423/877 958/3424/877
f 977/3425/878 978/3426/878 982/3427/878 981/3428/878
f 980/3429/879 979/3430/879 983/3431/879 984/3432/879
f 979/3433/880 977/3434/880 981/3435/880 983/3436/880
f 984/3437/881 982/3438/881 978/3439/881 980/3440/881
f 988/3441/882 986/3442/882 985/3443/882 987/3444/882
f 991/3445/883 989/3446/883 990/3447/883 992/3448/883
f 988/3449/884 987/3450/884 991/3451/884 992/3452/884
f 987/3453/885 985/3454/885 989/3455/885 991/3456/885
f 992/3457/886 990/3458/886 986/3459/886 988/3460/886
f 996/3461/887 994/3462/887 993/3463/887 995/3464/887
f 999/3465/888 997/3466/888 998/3467/888 1000/3468/888
f 996/3469/889 995/3470/889 999/3471/889 1000/3472/889
f 995/3473/890 993/3474/890 997/3475/890 999/3476/890
f 1000/3477/891 998/3478/891 994/3479/891 996/3480/891
f 994/3481/892 993/3482/892 997/3483/892 998/3484/892
f 979/3485/893 977/3486/893 978/3487/893 980/3488/893
f 977/3489/894 993/3490/894 994/3491/894 978/3492/894
f 998/3493/895 997/3494/895 979/3495/895 980/3496/895
f 997/3497/896 993/3498/896 977/3499/896 979/3500/896
f 978/3501/897 994/3502/897 998/3503/897 980/3504/897
f 986/3505/898 985/3506/898 989/3507/898 990/3508/898
f 981/3509/899 983/3510/899 984/3511/899 982/3512/899
f 983/3513/900 985/3514/900 986/3515/900 984/3516/900
f 990/3517/901 989/3518/901 981/3519/901 982/3520/901
f 989/3521/902 985/3522/902 983/3523/902 981/3524/902
f 984/3525/903 986/3526/903 990/3527/903 982/3528/903
f 1001/3529/904 1002/3530/904 1006/3531/904 1005/3532/904
f 1004/3533/905 1003/3534/905 1007/3535/905 1008/3536/905
f 1003/3537/906 1001/3538/906 1005/3539/906 1007/3540/906
f 1008/3541/907 1006/3542/907 1002/3543/907 1004/3544/907
f 1012/3545/908 1010/3546/908 1009/3547/908 1011/3548/908
f 1015/3549/909 1013/3550/909 1014/3551/909 1016/3552/909
f 1012/3553/910 1011/3554/910 1015/3555/910 1016/3556/910
f 1011/3557/911 1009/3558/911 1013/3559/911 1015/3560/911
f 1016/3561/912 1014/3562/912 1010/3563/912 1012/3564/912
f 1020/3565/913 1018/3566/913 1017/3567/913 1019/3568/913
f 1023/3569/914 1021/3570/914 1022/3571/914 1024/3572/914
f 1020/3573/915 1019/3574/915 1023/3575/915 1024/3576/915
f 1019/3577/916 1017/3578/916 1021/3579/916 1023/3580/916
f 1024/3581/917 1022/3582/917 1018/3583/917 1020/3584/917
f 1018/3585/918 1017/3586/918 1021/3587/918 1022/3588/918
f 1003/3589/919 1001/3590/919 1002/3591/919 1004/3592/919
f 1001/3593/920 1017/3594/920 1018/3595/920 1002/3596/920
f 1022/3597/921 1021/3598/921 1003/3599/921 1004/3600/921
f 1021/3601/922 1017/3602/922 1001/3603/922 1003/3604/922
f 1002/3605/923 1018/3606/923 1022/3607/923 1004/3608/923
f 1010/3609/924 1009/3610/924 1013/3611/924 1014/3612/924
f 1005/3613/925 1007/3614/925 1008/3615/925 1006/3616/925
f 1007/3617/926 1009/3618/926 1010/3619/926 1008/3620/926
f 1014/3621/927 1013/3622/927 1005/3623/927 1006/3624/927
f 1013/3625/928 1009/3626/928 1007/3627/928 1005/3628/928
f 1008/3629/929 1010/3630/929 1014/3631/929 1006/3632/929
f 1028/3633/930 1026/3634/930 1025/3635/930 1027/3636/930
f 1031/3637/931 1029/3638/931 1030/3639/931 1032/3640/931
f 1025/3641/932 1026/3642/932 1030/3643/932 1029/3644/932
f 1028/3645/933 1027/3646/933 1031/3647/933 1032/3648/933
f 1027/3649/934 1025/3650/934 1029/3651/934 1031/3652/934
f 1032/3653/935 1030/3654/935 1026/3655/935 1028/3656/935
f 1035/3657/936 1033/3658/936 1029/3659/936 1034/3660/936
f 1038/3661/937 1036/3662/937 1037/3663/937 1039/3664/937
f 1029/3665/938 1033/3666/938 1037/3667/938 1036/3668/938
f 1035/3669/939 1034/3670/939 1038/3671/939 1039/3672/939
f 1034/3673/940 1029/3674/940 1036/3675/940 1038/3676/940
f 1039/3677/941 1037/3678/941 1033/3679/941 1035/3680/941
usemtl m_ac3999ef-95b5-0d58-6ef6-8589e28d3a01
f 1042/3681/942 1043/3682/942 1040/3683/942
f 1043/3684/943 1044/3685/943 1040/3686/943
f 1044/3687/944 1045/3688/944 1040/3689/944
f 1045/3690/945 1046/3691/945 1040/3692/945
f 1046/3693/946 1047/3694/946 1040/3695/946
f 1047/3696/947 1048/3697/947 1040/3698/947
f 1048/3699/948 1049/3700/948 1040/3701/948
f 1049/3702/949 1050/3703/949 1040/3704/949
f 1050/3705/950 1051/3706/950 1040/3707/950
f 1051/3708/951 1052/3709/951 1040/3710/951
f 1052/3711/952 1041/3712/952 1040/3713/952
f 1041/3714/953 1042/3715/953 1040/3716/953
usemtl m_3d215661-f591-00a8-53e2-d8d611c756be
f 1053/3717/954 1057/3718/954 1058/3719/954 1054/3720/954
f 1056/3721/955 1060/3722/955 1059/3723/955 1055/3724/955
f 1055/3725/956 1059/3726/956 1057/3727/956 1053/3728/956
f 1054/3729/957 1058/3730/957 1060/3731/957 1056/3732/957
f 1057/3733/958 1061/3734/958 1062/3735/958 1058/3736/958
f 1060/3737/959 1064/3738/959 1063/3739/959 1059/3740/959
f 1059/3741/960 1063/3742/960 1061/3743/960 1057/3744/960
f 1058/3745/961 1062/3746/961 1064/3747/961 1060/3748/961
f 1061/3749/962 1065/3750/962 1066/3751/962 1062/3752/962
f 1064/3753/963 1068/3754/963 1067/3755/963 1063/3756/963
f 1063/3757/964 1067/3758/964 1065/3759/964 1061/3760/964
f 1062/3761/965 1066/3762/965 1068/3763/965 1064/3764/965
f 1065/3765/966 1069/3766/966 1070/3767/966 1066/3768/966
f 1068/3769/967 1072/3770/967 1071/3771/967 1067/3772/967
f 1067/3773/968 1071/3774/968 1069/3775/968 1065/3776/968
f 1066/3777/969 1070/3778/969 1072/3779/969 1068/3780/969
f 1069/3781/970 1073/3782/970 1074/3783/970 1070/3784/970
f 1072/3785/971 1076/3786/971 1075/3787/971 1071/3788/971
f 1071/3789/972 1075/3790/972 1073/3791/972 1069/3792/972
f 1070/3793/973 1074/3794/973 1076/3795/973 1072/3796/973
f 1073/3797/974 1077/3798/974 1078/3799/974 1074/3800/974
f 1076/3801/975 1080/3802/975 1079/3803/975 1075/3804/975
f 1075/3805/976 1079/3806/976 1077/3807/976 1073/3808/976
f 1074/3809/977 1078/3810/977 1080/3811/977 1076/3812/977
f 1077/3813/978 1081/3814/978 1082/3815/978 1078/3816/978
f 1080/3817/979 1084/3818/979 1083/3819/979 1079/3820/979
f 1079/3821/980 1083/3822/980 1081/3823/980 1077/3824/980
f 1078/3825/981 1082/3826/981 1084/3827/981 1080/3828/981
f 1081/3829/982 1085/3830/982 1086/3831/982 1082/3832/982
f 1084/3833/983 1088/3834/983 1087/3835/983 1083/3836/983
f 1083/3837/984 1087/3838/984 1085/3839/984 1081/3840/984
f 1082/3841/985 1086/3842/985 1088/3843/985 1084/3844/985
f 1085/3845/986 1089/3846/986 1090/3847/986 1086/3848/986
f 1088/3849/987 1092/3850/987 1091/3851/987 1087/3852/987
f 1087/3853/988 1091/3854/988 1089/3855/988 1085/3856/988
f 1086/3857/989 1090/3858/989 1092/3859/989 1088/3860/989
f 1089/3861/990 1093/3862/990 1094/3863/990 1090/3864/990
f 1092/3865/991 1096/3866/991 1095/3867/991 1091/3868/991
f 1091/3869/992 1095/3870/992 1093/3871/992 1089/3872/992
f 1090/3873/993 1094/3874/993 1096/3875/993 1092/3876/993
f 1093/3877/994 1097/3878/994 1098/3879/994 1094/3880/994
f 1096/3881/995 1100/3882/995 1099/3883/995 1095/3884/995
f 1095/3885/996 1099/3886/996 1097/3887/996 1093/3888/996
f 1094/3889/997 1098/3890/997 1100/3891/997 1096/3892/997
f 1097/3893/998 1053/3894/998 1054/3895/998 1098/3896/998
f 1100/3897/999 1056/3898/999 1055/3899/999 1099/3900/999
f 1099/3901/1000 1055/3902/1000 1053/3903/1000 1097/3904/1000
f 1098/3905/1001 1054/3906/1001 1056/3907/1001 1100/3908/1001
f 1104/3909/1002 1102/3910/1002 1101/3911/1002 1103/3912/1002
f 1107/3913/1003 1105/3914/1003 1106/3915/1003 1108/3916/1003
f 1101/3917/1004 1102/3918/1004 1106/3919/1004 1105/3920/1004
f 1104/3921/1005 1103/3922/1005 1107/3923/1005 1108/3924/1005
f 1103/3925/1006 1101/3926/1006 1105/3927/1006 1107/3928/1006
f 1108/3929/1007 1106/3930/1007 1102/3931/1007 1104/3932/1007
f 1112/3933/1008 1110/3934/1008 1109/3935/1008 1111/3936/1008
f 1115/3937/1009 1113/3938/1009 1114/3939/1009 1116/3940/1009
f 1109/3941/1010 1110/3942/1010 1114/3943/1010 1113/3944/1010
f 1112/3945/1011 1111/3946/1011 1115/3947/1011 1116/3948/1011
f 1111/3949/1012 1109/3950/1012 1113/3951/1012 1115/3952/1012
f 1116/3953/1013 1114/3954/1013 1110/3955/1013 1112/3956/1013
f 1119/3957/1014 1117/3958/1014 1113/3959/1014 1118/3960/1014
f 1122/3961/1015 1120/3962/1015 1121/3963/1015 1123/3964/1015
f 1113/3965/1016 1117/3966/1016 1121/3967/1016 1120/3968/1016
f 1119/3969/1017 1118/3970/1017 1122/3971/1017 1123/3972/1017
f 1118/3973/1018 1113/3974/1018 1120/3975/1018 1122/3976/1018
f 1123/3977/1019 1121/3978/1019 1117/3979/1019 1119/3980/1019
usemtl m_ac3999ef-95b5-0d58-6ef6-8589e28d3a01
f 1126/3981/1020 1127/3982/1020 1124/3983/1020
f 1127/3984/1021 1128/3985/1021 1124/3986/1021
f 1128/3987/1022 1129/3988/1022 1124/3989/1022
f 1129/3990/1023 1130/3991/1023 1124/3992/1023
f 1130/3993/1024 1131/3994/1024 1124/3995/1024
f 1131/3996/1025 1132/3997/1025 1124/3998/1025
f 1132/3999/1026 1133/4000/1026 1124/4001/1026
f 1133/4002/1027 1134/4003/1027 1124/4004/1027
f 1134/4005/1028 1135/4006/1028 1124/4007/1028
f 1135/4008/1029 1136/4009/1029 1124/4010/1029
f 1136/4011/1030 1125/4012/1030 1124/4013/1030
f 1125/4014/1031 1126/4015/1031 1124/4016/1031
usemtl m_3d215661-f591-00a8-53e2-d8d611c756be
f 1137/4017/1032 1141/4018/1032 1142/4019/1032 1138/4020/1032
f 1140/4021/1033 1144/4022/1033 1143/4023/1033 1139/4024/1033
f 1139/4025/1034 1143/4026/1034 1141/4027/1034 1137/4028/1034
f 1138/4029/1035 1142/4030/1035 1144/4031/1035 1140/4032/1035
f 1141/4033/1036 1145/4034/1036 1146/4035/1036 1142/4036/1036
f 1144/4037/1037 1148/4038/1037 1147/4039/1037 1143/4040/1037
f 1143/4041/1038 1147/4042/1038 1145/4043/1038 1141/4044/1038
f 1142/4045/1039 1146/4046/1039 1148/4047/1039 1144/4048/1039
f 1145/4049/1040 1149/4050/1040 1150/4051/1040 1146/4052/1040
f 1148/4053/1041 1152/4054/1041 1151/4055/1041 1147/4056/1041
f 1147/4057/1042 1151/4058/1042 1149/4059/1042 1145/4060/1042
f 1146/4061/1043 1150/4062/1043 1152/4063/1043 1148/4064/1043
f 1149/4065/1044 1153/4066/1044 1154/4067/1044 1150/4068/1044
f 1152/4069/1045 1156/4070/1045 1155/4071/1045 1151/4072/1045
f 1151/4073/1046 1155/4074/1046 1153/4075/1046 1149/4076/1046
f 1150/4077/1047 1154/4078/1047 1156/4079/1047 1152/4080/1047
f 1153/4081/1048 1157/4082/1048 1158/4083/1048 1154/4084/1048
f 1156/4085/1049 1160/4086/1049 1159/4087/1049 1155/4088/1049
f 1155/4089/1050 1159/4090/1050 1157/4091/1050 1153/4092/1050
f 1154/4093/1051 1158/4094/1051 1160/4095/1051 1156/4096/1051
f 1157/4097/1052 1161/4098/1052 1162/4099/1052 1158/4100/1052
f 1160/4101/1053 1164/4102/1053 1163/4103/1053 1159/4104/1053
f 1159/4105/1054 1163/4106/1054 1161/4107/1054 1157/4108/1054
f 1158/4109/1055 1162/4110/1055 1164/4111/1055 1160/4112/1055
f 1161/4113/1056 1165/4114/1056 1166/4115/1056 1162/4116/1056
f 1164/4117/1057 1168/4118/1057 1167/4119/1057 1163/4120/1057
f 1163/4121/1058 1167/4122/1058 1165/4123/1058 1161/4124/1058
f 1162/4125/1059 1166/4126/1059 1168/4127/1059 1164/4128/1059
f 1165/4129/1060 1169/4130/1060 1170/4131/1060 1166/4132/1060
f 1168/4133/1061 1172/4134/1061 1171/4135/1061 1167/4136/1061
f 1167/4137/1062 1171/4138/1062 1169/4139/1062 1165/4140/1062
f 1166/4141/1063 1170/4142/1063 1172/4143/1063 1168/4144/1063
f 1169/4145/1064 1173/4146/1064 1174/4147/1064 1170/4148/1064
f 1172/4149/1065 1176/4150/1065 1175/4151/1065 1171/4152/1065
f 1171/4153/1066 1175/4154/1066 1173/4155/1066 1169/4156/1066
f 1170/4157/1067 1174/4158/1067 1176/4159/1067 1172/4160/1067
f 1173/4161/1068 1177/4162/1068 1178/4163/1068 1174/4164/1068
f 1176/4165/1069 1180/4166/1069 1179/4167/1069 1175/4168/1069
f 1175/4169/1070 1179/4170/1070 1177/4171/1070 1173/4172/1070
f 1174/4173/1071 1178/4174/1071 1180/4175/1071 1176/4176/1071
f 1177/4177/1072 1181/4178/1072 1182/4179/1072 1178/4180/1072
f 1180/4181/1073 1184/4182/1073 1183/4183/1073 1179/4184/1073
f 1179/4185/1074 1183/4186/1074 1181/4187/1074 1177/4188/1074
f 1178/4189/1075 1182/4190/1075 1184/4191/1075 1180/4192/1075
f 1181/4193/1076 1137/4194/1076 1138/4195/1076 1182/4196/1076
f 1184/4197/1077 1140/4198/1077 1139/4199/1077 1183/4200/1077
f 1183/4201/1078 1139/4202/1078 1137/4203/1078 1181/4204/1078
f 1182/4205/1079 1138/4206/1079 1140/4207/1079 1184/4208/1079
f 1188/4209/1080 1186/4210/1080 1185/4211/1080 1187/4212/1080
f 1191/4213/1081 1189/4214/1081 1190/4215/1081 1192/4216/1081
f 1185/4217/1082 1186/4218/1082 1190/4219/1082 1189/4220/1082
f 1188/4221/1083 1187/4222/1083 1191/4223/1083 1192/4224/1083
f 1187/4225/1084 1185/4226/1084 1189/4227/1084 1191/4228/1084
f 1192/4229/1085 1190/4230/1085 1186/4231/1085 1188/4232/1085
f 1196/4233/1086 1194/4234/1086 1193/4235/1086 1195/4236/1086
f 1199/4237/1087 1197/4238/1087 1198/4239/1087 1200/4240/1087
f 1193/4241/1088 1194/4242/1088 1198/4243/1088 1197/4244/1088
f 1196/4245/1089 1195/4246/1089 1199/4247/1089 1200/4248/1089
f 1195/4249/1090 1193/4250/1090 1197/4251/1090 1199/4252/1090
f 1200/4253/1091 1198/4254/1091 1194/4255/1091 1196/4256/1091
usemtl m_de520ccc-0234-6a6c-1047-8b7438fb9ffd
f 1204/4257/1092 1202/4258/1092 1201/4259/1092 1203/4260/1092
f 1207/4261/1093 1205/4262/1093 1206/4263/1093 1208/4264/1093
f 1201/4265/1094 1202/4266/1094 1206/4267/1094 1205/4268/1094
f 1204/4269/1095 1203/4270/1095 1207/4271/1095 1208/4272/1095
f 1203/4273/1096 1201/4274/1096 1205/4275/1096 1207/4276/1096
f 1208/4277/1097 1206/4278/1097 1202/4279/1097 1204/4280/1097
f 1212/4281/1098 1210/4282/1098 1209/4283/1098 1211/4284/1098
f 1215/4285/1099 1213/4286/1099 1214/4287/1099 1216/4288/1099
f 1209/4289/1100 1210/4290/1100 1214/4291/1100 1213/4292/1100
f 1212/4293/1101 1211/4294/1101 1215/4295/1101 1216/4296/1101
f 1211/4297/1102 1209/4298/1102 1213/4299/1102 1215/4300/1102
f 1216/4301/1103 1214/4302/1103 1210/4303/1103 1212/4304/1103
f 1220/4305/1104 1218/4306/1104 1217/4307/1104 1219/4308/1104
f 1223/4309/1105 1221/4310/1105 1222/4311/1105 1224/4312/1105
f 1217/4313/1106 1218/4314/1106 1222/4315/1106 1221/4316/1106
f 1220/4317/1107 1219/4318/1107 1223/4319/1107 1224/4320/1107
f 1219/4321/1108 1217/4322/1108 1221/4323/1108 1223/4324/1108
f 1224/4325/1109 1222/4326/1109 1218/4327/1109 1220/4328/1109
f 1228/4329/1110 1226/4330/1110 1225/4331/1110 1227/4332/1110
f 1231/4333/1111 1229/4334/1111 1230/4335/1111 1232/4336/1111
f 1225/4337/1112 1226/4338/1112 1230/4339/1112 1229/4340/1112
f 1228/4341/1113 1227/4342/1113 1231/4343/1113 1232/4344/1113
f 1227/4345/1114 1225/4346/1114 1229/4347/1114 1231/4348/1114
f 1232/4349/1115 1230/4350/1115 1226/4351/1115 1228/4352/1115
f 1236/4353/1116 1234/4354/1116 1233/4355/1116 1235/4356/1116
f 1239/4357/1117 1237/4358/1117 1238/4359/1117 1240/4360/1117
f 1233/4361/1118 1234/4362/1118 1238/4363/1118 1237/4364/1118
f 1236/4365/1119 1235/4366/1119 1239/4367/1119 1240/4368/1119
f 1235/4369/1120 1233/4370/1120 1237/4371/1120 1239/4372/1120
f 1240/4373/1121 1238/4374/1121 1234/4375/1121 1236/4376/1121
f 1243/4377/1122 1242/4378/1122 1241/4379/1122 1217/4380/1122
f 1221/4381/1123 1244/4382/1123 1245/4383/1123 1246/4384/1123
f 1241/4385/1124 1242/4386/1124 1245/4387/1124 1244/4388/1124
f 1243/4389/1125 1217/4390/1125 1221/4391/1125 1246/4392/1125
f 1217/4393/1126 1241/4394/1126 1244/4395/1126 1221/4396/1126
f 1246/4397/1127 1245/4398/1127 1242/4399/1127 1243/4400/1127
f 1249/4401/1128 1248/4402/1128 1247/4403/1128 1225/4404/1128
f 1229/4405/1129 1250/4406/1129 1251/4407/1129 1252/4408/1129
f 1247/4409/1130 1248/4410/1130 1251/4411/1130 1250/4412/1130
f 1249/4413/1131 1225/4414/1131 1229/4415/1131 1252/4416/1131
f 1225/4417/1132 1247/4418/1132 1250/4419/1132 1229/4420/1132
f 1252/4421/1133 1251/4422/1133 1248/4423/1133 1249/4424/1133
f 1226/4425/1134 1253/4426/1134 1247/4427/1134 1225/4428/1134
f 1221/4429/1135 1244/4430/1135 1254/4431/1135 1222/4432/1135
f 1247/4433/1136 1253/4434/1136 1254/4435/1136 1244/4436/1136
f 1226/4437/1137 1225/4438/1137 1221/4439/1137 1222/4440/1137
f 1225/4441/1138 1247/4442/1138 1244/4443/1138 1221/4444/1138
f 1222/4445/1139 1254/4446/1139 1253/4447/1139 1226/4448/1139
usemtl m_3d215661-f591-00a8-53e2-d8d611c756be
f 1258/4449/1140 1256/4450/1140 1255/4451/1140 1257/4452/1140
f 1261/4453/1141 1259/4454/1141 1260/4455/1141 1262/4456/1141
f 1255/4457/1142 1256/4458/1142 1260/4459/1142 1259/4460/1142
f 1258/4461/1143 1257/4462/1143 1261/4463/1143 1262/4464/1143
f 1257/4465/1144 1255/4466/1144 1259/4467/1144 1261/4468/1144
f 1262/4469/1145 1260/4470/1145 1256/4471/1145 1258/4472/1145
f 1266/4473/1146 1264/4474/1146 1263/4475/1146 1265/4476/1146
f 1269/4477/1147 1267/4478/1147 1268/4479/1147 1270/4480/1147
f 1263/4481/1148 1264/4482/1148 1268/4483/1148 1267/4484/1148
f 1266/4485/1149 1265/4486/1149 1269/4487/1149 1270/4488/1149
f 1265/4489/1150 1263/4490/1150 1267/4491/1150 1269/4492/1150
f 1270/4493/1151 1268/4494/1151 1264/4495/1151 1266/4496/1151
f 1274/4497/1152 1272/4498/1152 1271/4499/1152 1273/4500/1152
f 1277/4501/1153 1275/4502/1153 1276/4503/1153 1278/4504/1153
f 1271/4505/1154 1272/4506/1154 1276/4507/1154 1275/4508/1154
f 1274/4509/1155 1273/4510/1155 1277/4511/1155 1278/4512/1155
f 1273/4513/1156 1271/4514/1156 1275/4515/1156 1277/4516/1156
f 1278/4517/1157 1276/4518/1157 1272/4519/1157 1274/4520/1157
f 1282/4521/1158 1280/4522/1158 1279/4523/1158 1281/4524/1158
f 1285/4525/1159 1283/4526/1159 1284/4527/1159 1286/4528/1159
f 1279/4529/1160 1280/4530/1160 1284/4531/1160 1283/4532/1160
f 1282/4533/1161 1281/4534/1161 1285/4535/1161 1286/4536/1161
f 1281/4537/1162 1279/4538/1162 1283/4539/1162 1285/4540/1162
f 1286/4541/1163 1284/4542/1163 1280/4543/1163 1282/4544/1163
f 1290/4545/1164 1288/4546/1164 1287/4547/1164 1289/4548/1164
f 1293/4549/1165 1291/4550/1165 1292/4551/1165 1294/4552/1165
f 1287/4553/1166 1288/4554/1166 1292/4555/1166 1291/4556/1166
f 1290/4557/1167 1289/4558/1167 1293/4559/1167 1294/4560/1167
f 1289/4561/1168 1287/4562/1168 1291/4563/1168 1293/4564/1168
f 1294/4565/1169 1292/4566/1169 1288/4567/1169 1290/4568/1169
f 1298/4569/1170 1296/4570/1170 1295/4571/1170 1297/4572/1170
f 1301/4573/1171 1299/4574/1171 1300/4575/1171 1302/4576/1171
f 1295/4577/1172 1296/4578/1172 1300/4579/1172 1299/4580/1172
f 1298/4581/1173 1297/4582/1173 1301/4583/1173 1302/4584/1173
f 1297/4585/1174 1295/4586/1174 1299/4587/1174 1301/4588/1174
f 1302/4589/1175 1300/4590/1175 1296/4591/1175 1298/4592/1175
f 1306/4593/1176 1304/4594/1176 1303/4595/1176 1305/4596/1176
f 1309/4597/1177 1307/4598/1177 1308/4599/1177 1310/4600/1177
f 1303/4601/1178 1304/4602/1178 1308/4603/1178 1307/4604/1178
f 1306/4605/1179 1305/4606/1179 1309/4607/1179 1310/4608/1179
f 1305/4609/1180 1303/4610/1180 1307/4611/1180 1309/4612/1180
f 1310/4613/1181 1308/4614/1181 1304/4615/1181 1306/4616/1181
f 1314/4617/1182 1312/4618/1182 1311/4619/1182 1313/4620/1182
f 1317/4621/1183 1315/4622/1183 1316/4623/1183 1318/4624/1183
f 1311/4625/1184 1312/4626/1184 1316/4627/1184 1315/4628/1184
f 1314/4629/1185 1313/4630/1185 1317/4631/1185 1318/4632/1185
f 1313/4633/1186 1311/4634/1186 1315/4635/1186 1317/4636/1186
f 1318/4637/1187 1316/4638/1187 1312/4639/1187 1314/4640/1187
f 1322/4641/1188 1320/4642/1188 1319/4643/1188 1321/4644/1188
f 1313/4645/1189 1323/4646/1189 1324/4647/1189 1314/4648/1189
f 1319/4649/1190 1320/4650/1190 1324/4651/1190 1323/4652/1190
f 1322/4653/1191 1321/4654/1191 1313/4655/1191 1314/4656/1191
f 1321/4657/1192 1319/4658/1192 1323/4659/1192 1313/4660/1192
f 1314/4661/1193 1324/4662/1193 1320/4663/1193 1322/4664/1193
f 1328/4665/1194 1326/4666/1194 1325/4667/1194 1327/4668/1194
f 1321/4669/1195 1329/4670/1195 1330/4671/1195 1322/4672/1195
f 1325/4673/1196 1326/4674/1196 1330/4675/1196 1329/4676/1196
f 1328/4677/1197 1327/4678/1197 1321/4679/1197 1322/4680/1197
f 1327/4681/1198 1325/4682/1198 1329/4683/1198 1321/4684/1198
f 1322/4685/1199 1330/4686/1199 1326/4687/1199 1328/4688/1199
f 1334/4689/1200 1332/4690/1200 1331/4691/1200 1333/4692/1200
f 1337/4693/1201 1335/4694/1201 1336/4695/1201 1338/4696/1201
f 1331/4697/1202 1332/4698/1202 1336/4699/1202 1335/4700/1202
f 1334/4701/1203 1333/4702/1203 1337/4703/1203 1338/4704/1203
f 1333/4705/1204 1331/4706/1204 1335/4707/1204 1337/4708/1204
f 1338/4709/1205 1336/4710/1205 1332/4711/1205 1334/4712/1205
f 1342/4713/1206 1340/4714/1206 1339/4715/1206 1341/4716/1206
f 1345/4717/1207 1343/4718/1207 1344/4719/1207 1346/4720/1207
f 1339/4721/1208 1340/4722/1208 1344/4723/1208 1343/4724/1208
f 1342/4725/1209 1341/4726/1209 1345/4727/1209 1346/4728/1209
f 1341/4729/1210 1339/4730/1210 1343/4731/1210 1345/4732/1210
f 1346/4733/1211 1344/4734/1211 1340/4735/1211 1342/4736/1211
f 1350/4737/1212 1348/4738/1212 1347/4739/1212 1349/4740/1212
f 1353/4741/1213 1351/4742/1213 1352/4743/1213 1354/4744/1213
f 1347/4745/1214 1348/4746/1214 1352/4747/1214 1351/4748/1214
f 1350/4749/1215 1349/4750/1215 1353/4751/1215 1354/4752/1215
f 1349/4753/1216 1347/4754/1216 1351/4755/1216 1353/4756/1216
f 1354/4757/1217 1352/4758/1217 1348/4759/1217 1350/4760/1217
f 1358/4761/1218 1356/4762/1218 1355/4763/1218 1357/4764/1218
f 1361/4765/1219 1359/4766/1219 1360/4767/1219 1362/4768/1219
f 1355/4769/1220 1356/4770/1220 1360/4771/1220 1359/4772/1220
f 1358/4773/1221 1357/4774/1221 1361/4775/1221 1362/4776/1221
f 1357/4777/1222 1355/4778/1222 1359/4779/1222 1361/4780/1222
f 1362/4781/1223 1360/4782/1223 1356/4783/1223 1358/4784/1223
f 1366/4785/1224 1364/4786/1224 1363/4787/1224 1365/4788/1224
f 1369/4789/1225 1367/4790/1225 1368/4791/1225 1370/4792/1225
f 1363/4793/1226 1364/4794/1226 1368/4795/1226 1367/4796/1226
f 1366/4797/1227 1365/4798/1227 1369/4799/1227 1370/4800/1227
f 1365/4801/1228 1363/4802/1228 1367/4803/1228 1369/4804/1228
f 1370/4805/1229 1368/4806/1229 1364/4807/1229 1366/4808/1229
f 1374/4809/1230 1372/4810/1230 1371/4811/1230 1373/4812/1230
f 1377/4813/1231 1375/4814/1231 1376/4815/1231 1378/4816/1231
f 1371/4817/1232 1372/4818/1232 1376/4819/1232 1375/4820/1232
f 1374/4821/1233 1373/4822/1233 1377/4823/1233 1378/4824/1233
f 1373/4825/1234 1371/4826/1234 1375/4827/1234 1377/4828/1234
f 1378/4829/1235 1376/4830/1235 1372/4831/1235 1374/4832/1235
usemtl m_de520ccc-0234-6a6c-1047-8b7438fb9ffd
f 1382/4833/1236 1380/4834/1236 1379/4835/1236 1381/4836/1236
f 1385/4837/1237 1383/4838/1237 1384/4839/1237 1386/4840/1237
f 1379/4841/1238 1380/4842/1238 1384/4843/1238 1383/4844/1238
f 1382/4845/1239 1381/4846/1239 1385/4847/1239 1386/4848/1239
f 1381/4849/1240 1379/4850/1240 1383/4851/1240 1385/4852/1240
f 1386/4853/1241 1384/4854/1241 1380/4855/1241 1382/4856/1241
f 1390/4857/1242 1388/4858/1242 1387/4859/1242 1389/4860/1242
f 1393/4861/1243 1391/4862/1243 1392/4863/1243 1394/4864/1243
f 1387/4865/1244 1388/4866/1244 1392/4867/1244 1391/4868/1244
f 1390/4869/1245 1389/4870/1245 1393/4871/1245 1394/4872/1245
f 1389/4873/1246 1387/4874/1246 1391/4875/1246 1393/4876/1246
f 1394/4877/1247 1392/4878/1247 1388/4879/1247 1390/4880/1247
usemtl m_3d215661-f591-00a8-53e2-d8d611c756be
f 1395/4881/1248 1396/4882/1248 1400/4883/1248 1399/4884/1248
f 1398/4885/1249 1397/4886/1249 1401/4887/1249 1402/4888/1249
f 1397/4889/1250 1395/4890/1250 1399/4891/1250 1401/4892/1250
f 1402/4893/1251 1400/4894/1251 1396/4895/1251 1398/4896/1251
f 1406/4897/1252 1404/4898/1252 1403/4899/1252 1405/4900/1252
f 1409/4901/1253 1407/4902/1253 1408/4903/1253 1410/4904/1253
f 1406/4905/1254 1405/4906/1254 1409/4907/1254 1410/4908/1254
f 1405/4909/1255 1403/4910/1255 1407/4911/1255 1409/4912/1255
f 1410/4913/1256 1408/4914/1256 1404/4915/1256 1406/4916/1256
f 1414/4917/1257 1412/4918/1257 1411/4919/1257 1413/4920/1257
f 1417/4921/1258 1415/4922/1258 1416/4923/1258 1418/4924/1258
f 1414/4925/1259 1413/4926/1259 1417/4927/1259 1418/4928/1259
f 1413/4929/1260 1411/4930/1260 1415/4931/1260 1417/4932/1260
f 1418/4933/1261 1416/4934/1261 1412/4935/1261 1414/4936/1261
f 1412/4937/1262 1411/4938/1262 1415/4939/1262 1416/4940/1262
f 1397/4941/1263 1395/4942/1263 1396/4943/1263 1398/4944/1263
f 1395/4945/1264 1411/4946/1264 1412/4947/1264 1396/4948/1264
f 1416/4949/1265 1415/4950/1265 1397/4951/1265 1398/4952/1265
f 1415/4953/1266 1411/4954/1266 1395/4955/1266 1397/4956/1266
f 1396/4957/1267 1412/4958/1267 1416/4959/1267 1398/4960/1267
f 1404/4961/1268 1403/4962/1268 1407/4963/1268 1408/4964/1268
f 1399/4965/1269 1401/4966/1269 1402/4967/1269 1400/4968/1269
f 1401/4969/1270 1403/4970/1270 1404/4971/1270 1402/4972/1270
f 1408/4973/1271 1407/4974/1271 1399/4975/1271 1400/4976/1271
f 1407/4977/1272 1403/4978/1272 1401/4979/1272 1399/4980/1272
f 1402/4981/1273 1404/4982/1273 1408/4983/1273 1400/4984/1273
usemtl m_ac3999ef-95b5-0d58-6ef6-8589e28d3a01
f 1421/4985/1274 1422/4986/1274 1419/4987/1274
f 1422/4988/1275 1423/4989/1275 1419/4990/1275
f 1423/4991/1276 1424/4992/1276 1419/4993/1276
f 1424/4994/1277 1425/4995/1277 1419/4996/1277
f 1425/4997/1278 1426/4998/1278 1419/4999/1278
f 1426/5000/1279 1427/5001/1279 1419/5002/1279
f 1427/5003/1280 1428/5004/1280 1419/5005/1280
f 1428/5006/1281 1429/5007/1281 1419/5008/1281
f 1429/5009/1282 1430/5010/1282 1419/5011/1282
f 1430/5012/1283 1431/5013/1283 1419/5014/1283
f 1431/5015/1284 1420/5016/1284 1419/5017/1284
f 1420/5018/1285 1421/5019/1285 1419/5020/1285
usemtl m_3d215661-f591-00a8-53e2-d8d611c756be
f 1432/5021/1286 1436/5022/1286 1437/5023/1286 1433/5024/1286
f 1435/5025/1287 1439/5026/1287 1438/5027/1287 1434/5028/1287
f 1434/5029/1288 1438/5030/1288 1436/5031/1288 1432/5032/1288
f 1433/5033/1289 1437/5034/1289 1439/5035/1289 1435/5036/1289
f 1436/5037/1290 1440/5038/1290 1441/5039/1290 1437/5040/1290
f 1439/5041/1291 1443/5042/1291 1442/5043/1291 1438/5044/1291
f 1438/5045/1292 1442/5046/1292 1440/5047/1292 1436/5048/1292
f 1437/5049/1293 1441/5050/1293 1443/5051/1293 1439/5052/1293
f 1440/5053/1294 1444/5054/1294 1445/5055/1294 1441/5056/1294
f 1443/5057/1295 1447/5058/1295 1446/5059/1295 1442/5060/1295
f 1442/5061/1296 1446/5062/1296 1444/5063/1296 1440/5064/1296
f 1441/5065/1297 1445/5066/1297 1447/5067/1297 1443/5068/1297
f 1444/5069/1298 1448/5070/1298 1449/5071/1298 1445/5072/1298
f 1447/5073/1299 1451/5074/1299 1450/5075/1299 1446/5076/1299
f 1446/5077/1300 1450/5078/1300 1448/5079/1300 1444/5080/1300
f 1445/5081/1301 1449/5082/1301 1451/5083/1301 1447/5084/1301
f 1448/5085/1302 1452/5086/1302 1453/5087/1302 1449/5088/1302
f 1451/5089/1303 1455/5090/1303 1454/5091/1303 1450/5092/1303
f 1450/5093/1304 1454/5094/1304 1452/5095/1304 1448/5096/1304
f 1449/5097/1305 1453/5098/1305 1455/5099/1305 1451/5100/1305
f 1452/5101/1306 1456/5102/1306 1457/5103/1306 1453/5104/1306
f 1455/5105/1307 1459/5106/1307 1458/5107/1307 1454/5108/1307
f 1454/5109/1308 1458/5110/1308 1456/5111/1308 1452/5112/1308
f 1453/5113/1309 1457/5114/1309 1459/5115/1309 1455/5116/1309
f 1456/5117/1310 1460/5118/1310 1461/5119/1310 1457/5120/1310
f 1459/5121/1311 1463/5122/1311 1462/5123/1311 1458/5124/1311
f 1458/5125/1312 1462/5126/1312 1460/5127/1312 1456/5128/1312
f 1457/5129/1313 1461/5130/1313 1463/5131/1313 1459/5132/1313
f 1460/5133/1314 1464/5134/1314 1465/5135/1314 1461/5136/1314
f 1463/5137/1315 1467/5138/1315 1466/5139/1315 1462/5140/1315
f 1462/5141/1316 1466/5142/1316 1464/5143/1316 1460/5144/1316
f 1461/5145/1317 1465/5146/1317 1467/5147/1317 1463/5148/1317
f 1464/5149/1318 1468/5150/1318 1469/5151/1318 1465/5152/1318
f 1467/5153/1319 1471/5154/1319 1470/5155/1319 1466/5156/1319
f 1466/5157/1320 1470/5158/1320 1468/5159/1320 1464/5160/1320
f 1465/5161/1321 1469/5162/1321 1471/5163/1321 1467/5164/1321
f 1468/5165/1322 1472/5166/1322 1473/5167/1322 1469/5168/1322
f 1471/5169/1323 1475/5170/1323 1474/5171/1323 1470/5172/1323
f 1470/5173/1324 1474/5174/1324 1472/5175/1324 1468/5176/1324
f 1469/5177/1325 1473/5178/1325 1475/5179/1325 1471/5180/1325
f 1472/5181/1326 1476/5182/1326 1477/5183/1326 1473/5184/1326
f 1475/5185/1327 1479/5186/1327 1478/5187/1327 1474/5188/1327
f 1474/5189/1328 1478/5190/1328 1476/5191/1328 1472/5192/1328
f 1473/5193/1329 1477/5194/1329 1479/5195/1329 1475/5196/1329
f 1476/5197/1330 1432/5198/1330 1433/5199/1330 1477/5200/1330
f 1479/5201/1331 1435/5202/1331 1434/5203/1331 1478/5204/1331
f 1478/5205/1332 1434/5206/1332 1432/5207/1332 1476/5208/1332
f 1477/5209/1333 1433/5210/1333 1435/5211/1333 1479/5212/1333
f 1480/5213/1334 1484/5214/1334 1485/5215/1334 1481/5216/1334
f 1483/5217/1335 1487/5218/1335 1486/5219/1335 1482/5220/1335
f 1482/5221/1336 1486/5222/1336 1484/5223/1336 1480/5224/1336
f 1481/5225/1337 1485/5226/1337 1487/5227/1337 1483/5228/1337
f 1484/5229/1338 1488/5230/1338 1489/5231/1338 1485/5232/1338
f 1487/5233/1339 1491/5234/1339 1490/5235/1339 1486/5236/1339
f 1486/5237/1340 1490/5238/1340 1488/5239/1340 1484/5240/1340
f 1485/5241/1341 1489/5242/1341 1491/5243/1341 1487/5244/1341
f 1488/5245/1342 1492/5246/1342 1493/5247/1342 1489/5248/1342
f 1491/5249/1343 1495/5250/1343 1494/5251/1343 1490/5252/1343
f 1490/5253/1344 1494/5254/1344 1492/5255/1344 1488/5256/1344
f 1489/5257/1345 1493/5258/1345 1495/5259/1345 1491/5260/1345
f 1492/5261/1346 1496/5262/1346 1497/5263/1346 1493/5264/1346
f 1495/5265/1347 1499/5266/1347 1498/5267/1347 1494/5268/1347
f 1494/5269/1348 1498/5270/1348 1496/5271/1348 1492/5272/1348
f 1493/5273/1349 1497/5274/1349 1499/5275/1349 1495/5276/1349
f 1496/5277/1350 1500/5278/1350 1501/5279/1350 1497/5280/1350
f 1499/5281/1351 1503/5282/1351 1502/5283/1351 1498/5284/1351
f 1498/5285/1352 1502/5286/1352 1500/5287/1352 1496/5288/1352
f 1497/5289/1353 1501/5290/1353 1503/5291/1353 1499/5292/1353
f 1500/5293/1354 1504/5294/1354 1505/5295/1354 1501/5296/1354
f 1503/5297/1355 1507/5298/1355 1506/5299/1355 1502/5300/1355
f 1502/5301/1356 1506/5302/1356 1504/5303/1356 1500/5304/1356
f 1501/5305/1357 1505/5306/1357 1507/5307/1357 1503/5308/1357
f 1504/5309/1358 1508/5310/1358 1509/5311/1358 1505/5312/1358
f 1507/5313/1359 1511/5314/1359 1510/5315/1359 1506/5316/1359
f 1506/5317/1360 1510/5318/1360 1508/5319/1360 1504/5320/1360
f 1505/5321/1361 1509/5322/1361 1511/5323/1361 1507/5324/1361
f 1508/5325/1362 1512/5326/1362 1513/5327/1362 1509/5328/1362
f 1511/5329/1363 1515/5330/1363 1514/5331/1363 1510/5332/1363
f 1510/5333/1364 1514/5334/1364 1512/5335/1364 1508/5336/1364
f 1509/5337/1365 1513/5338/1365 1515/5339/1365 1511/5340/1365
f 1512/5341/1366 1516/5342/1366 1517/5343/1366 1513/5344/1366
f 1515/5345/1367 1519/5346/1367 1518/5347/1367 1514/5348/1367
f 1514/5349/1368 1518/5350/1368 1516/5351/1368 1512/5352/1368
f 1513/5353/1369 1517/5354/1369 1519/5355/1369 1515/5356/1369
f 1516/5357/1370 1520/5358/1370 1521/5359/1370 1517/5360/1370
f 1519/5361/1371 1523/5362/1371 1522/5363/1371 1518/5364/1371
f 1518/5365/1372 1522/5366/1372 1520/5367/1372 1516/5368/1372
f 1517/5369/1373 1521/5370/1373 1523/5371/1373 1519/5372/1373
f 1520/5373/1374 1524/5374/1374 1525/5375/1374 1521/5376/1374
f 1523/5377/1375 1527/5378/1375 1526/5379/1375 1522/5380/1375
f 1522/5381/1376 1526/5382/1376 1524/5383/1376 1520/5384/1376
f 1521/5385/1377 1525/5386/1377 1527/5387/1377 1523/5388/1377
f 1524/5389/1378 1480/5390/1378 1481/5391/1378 1525/5392/1378
f 1527/5393/1379 1483/5394/1379 1482/5395/1379 1526/5396/1379
f 1526/5397/1380 1482/5398/1380 1480/5399/1380 1524/5400/1380
f 1525/5401/1381 1481/5402/1381 1483/5403/1381 1527/5404/1381
usemtl m_ac3999ef-95b5-0d58-6ef6-8589e28d3a01
f 1530/5405/1382 1531/5406/1382 1528/5407/1382
f 1531/5408/1383 1532/5409/1383 1528/5410/1383
f 1532/5411/1384 1533/5412/1384 1528/5413/1384
f 1533/5414/1385 1534/5415/1385 1528/5416/1385
f 1534/5417/1386 1535/5418/1386 1528/5419/1386
f 1535/5420/1387 1536/5421/1387 1528/5422/1387
f 1536/5423/1388 1537/5424/1388 1528/5425/1388
f 1537/5426/1389 1538/5427/1389 1528/5428/1389
f 1538/5429/1390 1539/5430/1390 1528/5431/1390
f 1539/5432/1391 1540/5433/1391 1528/5434/1391
f 1540/5435/1392 1529/5436/1392 1528/5437/1392
f 1529/5438/1393 1530/5439/1393 1528/5440/1393
usemtl m_3d215661-f591-00a8-53e2-d8d611c756be
f 1541/5441/1394 1542/5442/1394 1546/5443/1394 1545/5444/1394
f 1544/5445/1395 1543/5446/1395 1547/5447/1395 1548/5448/1395
f 1543/5449/1396 1541/5450/1396 1545/5451/1396 1547/5452/1396
f 1548/5453/1397 1546/5454/1397 1542/5455/1397 1544/5456/1397
f 1552/5457/1398 1550/5458/1398 1549/5459/1398 1551/5460/1398
f 1555/5461/1399 1553/5462/1399 1554/5463/1399 1556/5464/1399
f 1552/5465/1400 1551/5466/1400 1555/5467/1400 1556/5468/1400
f 1551/5469/1401 1549/5470/1401 1553/5471/1401 1555/5472/1401
f 1556/5473/1402 1554/5474/1402 1550/5475/1402 1552/5476/1402
f 1560/5477/1403 1558/5478/1403 1557/5479/1403 1559/5480/1403
f 1563/5481/1404 1561/5482/1404 1562/5483/1404 1564/5484/1404
f 1560/5485/1405 1559/5486/1405 1563/5487/1405 1564/5488/1405
f 1559/5489/1406 1557/5490/1406 1561/5491/1406 1563/5492/1406
f 1564/5493/1407 1562/5494/1407 1558/5495/1407 1560/5496/1407
f 1558/5497/1408 1557/5498/1408 1561/5499/1408 1562/5500/1408
f 1543/5501/1409 1541/5502/1409 1542/5503/1409 1544/5504/1409
f 1541/5505/1410 1557/5506/1410 1558/5507/1410 1542/5508/1410
f 1562/5509/1411 1561/5510/1411 1543/5511/1411 1544/5512/1411
f 1561/5513/1412 1557/5514/1412 1541/5515/1412 1543/5516/1412
f 1542/5517/1413 1558/5518/1413 1562/5519/1413 1544/5520/1413
f 1550/5521/1414 1549/5522/1414 1553/5523/1414 1554/5524/1414
f 1545/5525/1415 1547/5526/1415 1548/5527/1415 1546/5528/1415
f 1547/5529/1416 1549/5530/1416 1550/5531/1416 1548/5532/1416
f 1554/5533/1417 1553/5534/1417 1545/5535/1417 1546/5536/1417
f 1553/5537/1418 1549/5538/1418 1547/5539/1418 1545/5540/1418
f 1548/5541/1419 1550/5542/1419 1554/5543/1419 1546/5544/1419
usemtl m_ac3999ef-95b5-0d58-6ef6-8589e28d3a01
f 1567/5545/1420 1568/5546/1420 1565/5547/1420
f 1568/5548/1421 1569/5549/1421 1565/5550/1421
f 1569/5551/1422 1570/5552/1422 1565/5553/1422
f 1570/5554/1423 1571/5555/1423 1565/5556/1423
f 1571/5557/1424 1572/5558/1424 1565/5559/1424
f 1572/5560/1425 1573/5561/1425 1565/5562/1425
f 1573/5563/1426 1574/5564/1426 1565/5565/1426
f 1574/5566/1427 1575/5567/1427 1565/5568/1427
f 1575/5569/1428 1576/5570/1428 1565/5571/1428
f 1576/5572/1429 1577/5573/1429 1565/5574/1429
f 1577/5575/1430 1566/5576/1430 1565/5577/1430
f 1566/5578/1431 1567/5579/1431 1565/5580/1431
usemtl m_3d215661-f591-00a8-53e2-d8d611c756be
f 1578/5581/1432 1582/5582/1432 1583/5583/1432 1579/5584/1432
f 1581/5585/1433 1585/5586/1433 1584/5587/1433 1580/5588/1433
f 1580/5589/1434 1584/5590/1434 1582/5591/1434 1578/5592/1434
f 1579/5593/1435 1583/5594/1435 1585/5595/1435 1581/5596/1435
f 1582/5597/1436 1586/5598/1436 1587/5599/1436 1583/5600/1436
f 1585/5601/1437 1589/5602/1437 1588/5603/1437 1584/5604/1437
f 1584/5605/1438 1588/5606/1438 1586/5607/1438 1582/5608/1438
f 1583/5609/1439 1587/5610/1439 1589/5611/1439 1585/5612/1439
f 1586/5613/1440 1590/5614/1440 1591/5615/1440 1587/5616/1440
f 1589/5617/1441 1593/5618/1441 1592/5619/1441 1588/5620/1441
f 1588/5621/1442 1592/5622/1442 1590/5623/1442 1586/5624/1442
f 1587/5625/1443 1591/5626/1443 1593/5627/1443 1589/5628/1443
f 1590/5629/1444 1594/5630/1444 1595/5631/1444 1591/5632/1444
f 1593/5633/1445 1597/5634/1445 1596/5635/1445 1592/5636/1445
f 1592/5637/1446 1596/5638/1446 1594/5639/1446 1590/5640/1446
f 1591/5641/1447 1595/5642/1447 1597/5643/1447 1593/5644/1447
f 1594/5645/1448 1598/5646/1448 1599/5647/1448 1595/5648/1448
f 1597/5649/1449 1601/5650/1449 1600/5651/1449 1596/5652/1449
f 1596/5653/1450 1600/5654/1450 1598/5655/1450 1594/5656/1450
f 1595/5657/1451 1599/5658/1451 1601/5659/1451 1597/5660/1451
f 1598/5661/1452 1602/5662/1452 1603/5663/1452 1599/5664/1452
f 1601/5665/1453 1605/5666/1453 1604/5667/1453 1600/5668/1453
f 1600/5669/1454 1604/5670/1454 1602/5671/1454 1598/5672/1454
f 1599/5673/1455 1603/5674/1455 1605/5675/1455 1601/5676/1455
f 1602/5677/1456 1606/5678/1456 1607/5679/1456 1603/5680/1456
f 1605/5681/1457 1609/5682/1457 1608/5683/1457 1604/5684/1457
f 1604/5685/1458 1608/5686/1458 1606/5687/1458 1602/5688/1458
f 1603/5689/1459 1607/5690/1459 1609/5691/1459 1605/5692/1459
f 1606/5693/1460 1610/5694/1460 1611/5695/1460 1607/5696/1460
f 1609/5697/1461 1613/5698/1461 1612/5699/1461 1608/5700/1461
f 1608/5701/1462 1612/5702/1462 1610/5703/1462 1606/5704/1462
f 1607/5705/1463 1611/5706/1463 1613/5707/1463 1609/5708/1463
f 1610/5709/1464 1614/5710/1464 1615/5711/1464 1611/5712/1464
f 1613/5713/1465 1617/5714/1465 1616/5715/1465 1612/5716/1465
f 1612/5717/1466 1616/5718/1466 1614/5719/1466 1610/5720/1466
f 1611/5721/1467 1615/5722/1467 1617/5723/1467 1613/5724/1467
f 1614/5725/1468 1618/5726/1468 1619/5727/1468 1615/5728/1468
f 1617/5729/1469 1621/5730/1469 1620/5731/1469 1616/5732/1469
f 1616/5733/1470 1620/5734/1470 1618/5735/1470 1614/5736/1470
f 1615/5737/1471 1619/5738/1471 1621/5739/1471 1617/5740/1471
f 1618/5741/1472 1622/5742/1472 1623/5743/1472 1619/5744/1472
f 1621/5745/1473 1625/5746/1473 1624/5747/1473 1620/5748/1473
f 1620/5749/1474 1624/5750/1474 1622/5751/1474 1618/5752/1474
f 1619/5753/1475 1623/5754/1475 1625/5755/1475 1621/5756/1475
f 1622/5757/1476 1578/5758/1476 1579/5759/1476 1623/5760/1476
f 1625/5761/1477 1581/5762/1477 1580/5763/1477 1624/5764/1477
f 1624/5765/1478 1580/5766/1478 1578/5767/1478 1622/5768/1478
f 1623/5769/1479 1579/5770/1479 1581/5771/1479 1625/5772/1479
f 1626/5773/1480 1630/5774/1480 1631/5775/1480 1627/5776/1480
f 1629/5777/1481 1633/5778/1481 1632/5779/1481 1628/5780/1481
f 1628/5781/1482 1632/5782/1482 1630/5783/1482 1626/5784/1482
f 1627/5785/1483 1631/5786/1483 1633/5787/1483 1629/5788/1483
f 1630/5789/1484 1634/5790/1484 1635/5791/1484 1631/5792/1484
f 1633/5793/1485 1637/5794/1485 1636/5795/1485 1632/5796/1485
f 1632/5797/1486 1636/5798/1486 1634/5799/1486 1630/5800/1486
f 1631/5801/1487 1635/5802/1487 1637/5803/1487 1633/5804/1487
f 1634/5805/1488 1638/5806/1488 1639/5807/1488 1635/5808/1488
f 1637/5809/1489 1641/5810/1489 1640/5811/1489 1636/5812/1489
f 1636/5813/1490 1640/5814/1490 1638/5815/1490 1634/5816/1490
f 1635/5817/1491 1639/5818/1491 1641/5819/1491 1637/5820/1491
f 1638/5821/1492 1642/5822/1492 1643/5823/1492 1639/5824/1492
f 1641/5825/1493 1645/5826/1493 1644/5827/1493 1640/5828/1493
f 1640/5829/1494 1644/5830/1494 1642/5831/1494 1638/5832/1494
f 1639/5833/1495 1643/5834/1495 1645/5835/1495 1641/5836/1495
f 1642/5837/1496 1646/5838/1496 1647/5839/1496 1643/5840/1496
f 1645/5841/1497 1649/5842/1497 1648/5843/1497 1644/5844/1497
f 1644/5845/1498 1648/5846/1498 1646/5847/1498 1642/5848/1498
f 1643/5849/1499 1647/5850/1499 1649/5851/1499 1645/5852/1499
f 1646/5853/1500 1650/5854/1500 1651/5855/1500 1647/5856/1500
f 1649/5857/1501 1653/5858/1501 1652/5859/1501 1648/5860/1501
f 1648/5861/1502 1652/5862/1502 1650/5863/1502 1646/5864/1502
f 1647/5865/1503 1651/5866/1503 1653/5867/1503 1649/5868/1503
f 1650/5869/1504 1654/5870/1504 1655/5871/1504 1651/5872/1504
f 1653/5873/1505 1657/5874/1505 1656/5875/1505 1652/5876/1505
f 1652/5877/1506 1656/5878/1506 1654/5879/1506 1650/5880/1506
f 1651/5881/1507 1655/5882/1507 1657/5883/1507 1653/5884/1507
f 1654/5885/1508 1658/5886/1508 1659/5887/1508 1655/5888/1508
f 1657/5889/1509 1661/5890/1509 1660/5891/1509 1656/5892/1509
f 1656/5893/1510 1660/5894/1510 1658/5895/1510 1654/5896/1510
f 1655/5897/1511 1659/5898/1511 1661/5899/1511 1657/5900/1511
f 1658/5901/1512 1662/5902/1512 1663/5903/1512 1659/5904/1512
f 1661/5905/1513 1665/5906/1513 1664/5907/1513 1660/5908/1513
f 1660/5909/1514 1664/5910/1514 1662/5911/1514 1658/5912/1514
f 1659/5913/1515 1663/5914/1515 1665/5915/1515 1661/5916/1515
f 1662/5917/1516 1666/5918/1516 1667/5919/1516 1663/5920/1516
f 1665/5921/1517 1669/5922/1517 1668/5923/1517 1664/5924/1517
f 1664/5925/1518 1668/5926/1518 1666/5927/1518 1662/5928/1518
f 1663/5929/1519 1667/5930/1519 1669/5931/1519 1665/5932/1519
f 1666/5933/1520 1670/5934/1520 1671/5935/1520 1667/5936/1520
f 1669/5937/1521 1673/5938/1521 1672/5939/1521 1668/5940/1521
f 1668/5941/1522 1672/5942/1522 1670/5943/1522 1666/5944/1522
f 1667/5945/1523 1671/5946/1523 1673/5947/1523 1669/5948/1523
f 1670/5949/1524 1626/5950/1524 1627/5951/1524 1671/5952/1524
f 1673/5953/1525 1629/5954/1525 1628/5955/1525 1672/5956/1525
f 1672/5957/1526 1628/5958/1526 1626/5959/1526 1670/5960/1526
f 1671/5961/1527 1627/5962/1527 1629/5963/1527 1673/5964/1527
usemtl m_ac3999ef-95b5-0d58-6ef6-8589e28d3a01
f 1676/5965/1528 1677/5966/1528 1674/5967/1528
f 1677/5968/1529 1678/5969/1529 1674/5970/1529
f 1678/5971/1530 1679/5972/1530 1674/5973/1530
f 1679/5974/1531 1680/5975/1531 1674/5976/1531
f 1680/5977/1532 1681/5978/1532 1674/5979/1532
f 1681/5980/1533 1682/5981/1533 1674/5982/1533
f 1682/5983/1534 1683/5984/1534 1674/5985/1534
f 1683/5986/1535 1684/5987/1535 1674/5988/1535
f 1684/5989/1536 1685/5990/1536 1674/5991/1536
f 1685/5992/1537 1686/5993/1537 1674/5994/1537
f 1686/5995/1538 1675/5996/1538 1674/5997/1538
f 1675/5998/1539 1676/5999/1539 1674/6000/1539
usemtl m_3d215661-f591-00a8-53e2-d8d611c756be
f 1690/6001/1540 1688/6002/1540 1687/6003/1540 1689/6004/1540
f 1693/6005/1541 1691/6006/1541 1692/6007/1541 1694/6008/1541
f 1687/6009/1542 1688/6010/1542 1692/6011/1542 1691/6012/1542
f 1690/6013/1543 1689/6014/1543 1693/6015/1543 1694/6016/1543
f 1689/6017/1544 1687/6018/1544 1691/6019/1544 1693/6020/1544
f 1694/6021/1545 1692/6022/1545 1688/6023/1545 1690/6024/1545
f 1697/6025/1546 1695/6026/1546 1691/6027/1546 1696/6028/1546
f 1700/6029/1547 1698/6030/1547 1699/6031/1547 1701/6032/1547
f 1691/6033/1548 1695/6034/1548 1699/6035/1548 1698/6036/1548
f 1697/6037/1549 1696/6038/1549 1700/6039/1549 1701/6040/1549
f 1696/6041/1550 1691/6042/1550 1698/6043/1550 1700/6044/1550
f 1701/6045/1551 1699/6046/1551 1695/6047/1551 1697/6048/1551
usemtl m_ac3999ef-95b5-0d58-6ef6-8589e28d3a01
f 1704/6049/1552 1705/6050/1552 1702/6051/1552
f 1705/6052/1553 1706/6053/1553 1702/6054/1553
f 1706/6055/1554 1707/6056/1554 1702/6057/1554
f 1707/6058/1555 1708/6059/1555 1702/6060/1555
f 1708/6061/1556 1709/6062/1556 1702/6063/1556
f 1709/6064/1557 1710/6065/1557 1702/6066/1557
f 1710/6067/1558 1711/6068/1558 1702/6069/1558
f 1711/6070/1559 1712/6071/1559 1702/6072/1559
f 1712/6073/1560 1713/6074/1560 1702/6075/1560
f 1713/6076/1561 1714/6077/1561 1702/6078/1561
f 1714/6079/1562 1703/6080/1562 1702/6081/1562
f 1703/6082/1563 1704/6083/1563 1702/6084/1563
usemtl m_3d215661-f591-00a8-53e2-d8d611c756be
f 1715/6085/1564 1719/6086/1564 1720/6087/1564 1716/6088/1564
f 1718/6089/1565 1722/6090/1565 1721/6091/1565 1717/6092/1565
f 1717/6093/1566 1721/6094/1566 1719/6095/1566 1715/6096/1566
f 1716/6097/1567 1720/6098/1567 1722/6099/1567 1718/6100/1567
f 1719/6101/1568 1723/6102/1568 1724/6103/1568 1720/6104/1568
f 1722/6105/1569 1726/6106/1569 1725/6107/1569 1721/6108/1569
f 1721/6109/1570 1725/6110/1570 1723/6111/1570 1719/6112/1570
f 1720/6113/1571 1724/6114/1571 1726/6115/1571 1722/6116/1571
f 1723/6117/1572 1727/6118/1572 1728/6119/1572 1724/6120/1572
f 1726/6121/1573 1730/6122/1573 1729/6123/1573 1725/6124/1573
f 1725/6125/1574 1729/6126/1574 1727/6127/1574 1723/6128/1574
f 1724/6129/1575 1728/6130/1575 1730/6131/1575 1726/6132/1575
f 1727/6133/1576 1731/6134/1576 1732/6135/1576 1728/6136/1576
f 1730/6137/1577 1734/6138/1577 1733/6139/1577 1729/6140/1577
f 1729/6141/1578 1733/6142/1578 1731/6143/1578 1727/6144/1578
f 1728/6145/1579 1732/6146/1579 1734/6147/1579 1730/6148/1579
f 1731/6149/1580 1735/6150/1580 1736/6151/1580 1732/6152/1580
f 1734/6153/1581 1738/6154/1581 1737/6155/1581 1733/6156/1581
f 1733/6157/1582 1737/6158/1582 1735/6159/1582 1731/6160/1582
f 1732/6161/1583 1736/6162/1583 1738/6163/1583 1734/6164/1583
f 1735/6165/1584 1739/6166/1584 1740/6167/1584 1736/6168/1584
f 1738/6169/1585 1742/6170/1585 1741/6171/1585 1737/6172/1585
f 1737/6173/1586 1741/6174/1586 1739/6175/1586 1735/6176/1586
f 1736/6177/1587 1740/6178/1587 1742/6179/1587 1738/6180/1587
f 1739/6181/1588 1743/6182/1588 1744/6183/1588 1740/6184/1588
f 1742/6185/1589 1746/6186/1589 1745/6187/1589 1741/6188/1589
f 1741/6189/1590 1745/6190/1590 1743/6191/1590 1739/6192/1590
f 1740/6193/1591 1744/6194/1591 1746/6195/1591 1742/6196/1591
f 1743/6197/1592 1747/6198/1592 1748/6199/1592 1744/6200/1592
f 1746/6201/1593 1750/6202/1593 1749/6203/1593 1745/6204/1593
f 1745/6205/1594 1749/6206/1594 1747/6207/1594 1743/6208/1594
f 1744/6209/1595 1748/6210/1595 1750/6211/1595 1746/6212/1595
f 1747/6213/1596 1751/6214/1596 1752/6215/1596 1748/6216/1596
f 1750/6217/1597 1754/6218/1597 1753/6219/1597 1749/6220/1597
f 1749/6221/1598 1753/6222/1598 1751/6223/1598 1747/6224/1598
f 1748/6225/1599 1752/6226/1599 1754/6227/1599 1750/6228/1599
f 1751/6229/1600 1755/6230/1600 1756/6231/1600 1752/6232/1600
f 1754/6233/1601 1758/6234/1601 1757/6235/1601 1753/6236/1601
f 1753/6237/1602 1757/6238/1602 1755/6239/1602 1751/6240/1602
f 1752/6241/1603 1756/6242/1603 1758/6243/1603 1754/6244/1603
f 1755/6245/1604 1759/6246/1604 1760/6247/1604 1756/6248/1604
f 1758/6249/1605 1762/6250/1605 1761/6251/1605 1757/6252/1605
f 1757/6253/1606 1761/6254/1606 1759/6255/1606 1755/6256/1606
f 1756/6257/1607 1760/6258/1607 1762/6259/1607 1758/6260/1607
f 1759/6261/1608 1715/6262/1608 1716/6263/1608 1760/6264/1608
f 1762/6265/1609 1718/6266/1609 1717/6267/1609 1761/6268/1609
f 1761/6269/1610 1717/6270/1610 1715/6271/1610 1759/6272/1610
f 1760/6273/1611 1716/6274/1611 1718/6275/1611 1762/6276/1611
f 1766/6277/1612 1764/6278/1612 1763/6279/1612 1765/6280/1612
f 1769/6281/1613 1767/6282/1613 1768/6283/1613 1770/6284/1613
f 1763/6285/1614 1764/6286/1614 1768/6287/1614 1767/6288/1614
f 1766/6289/1615 1765/6290/1615 1769/6291/1615 1770/6292/1615
f 1765/6293/1616 1763/6294/1616 1767/6295/1616 1769/6296/1616
f 1770/6297/1617 1768/6298/1617 1764/6299/1617 1766/6300/1617