# Made in Blockbench 5.1.6
mtllib ks_vr_400_right.mtl

o cube
v -0.25 2.734375 -0.11875
v -0.25 2.734375 -0.18125
v -0.25 1.921875 -0.11875
v -0.25 1.921875 -0.18125
v -0.8125 2.734375 -0.11875
v -0.8125 2.734375 -0.18125
v -0.8125 1.921875 -0.11875
v -0.8125 1.921875 -0.18125
v -0.40625 3.125 0.12500000000000003
v -0.40625 3.125 -0.125
v -0.40625 2.125 0.12500000000000003
v -0.40625 2.125 -0.125
v -0.65625 3.125 0.12500000000000003
v -0.65625 3.125 -0.125
v -0.65625 2.125 0.12500000000000003
v -0.65625 2.125 -0.125
v -0.40625 3.6875 0.12500000000000003
v -0.40625 3.6875 -0.125
v -0.40625 3.125 0.12500000000000003
v -0.40625 3.125 -0.125
v -0.65625 3.6875 0.12500000000000003
v -0.65625 3.6875 -0.125
v -0.65625 3.125 0.12500000000000003
v -0.65625 3.125 -0.125
v -0.40625 1.125 0.12500000000000003
v -0.40625 2.125 0.12500000000000003
v -0.40625 2.125 -0.125
v -0.40625 1.125 -0.125
v -0.65625 2.125 0.12500000000000003
v -0.65625 2.125 -0.125
v -0.65625 1.125 0.12500000000000003
v -0.65625 1.125 -0.125
v -0.40625 1.125 0.12500000000000003
v -0.40625 1.125 -0.125
v -0.40625 0.3125 0.12500000000000003
v -0.40625 0.3125 -0.125
v -0.65625 1.125 0.12500000000000003
v -0.65625 1.125 -0.125
v -0.65625 0.3125 0.12500000000000003
v -0.65625 0.3125 -0.125
v -0.21875 0.625 -0.0625
v -0.21875 0.625 -0.125
v -0.21875 0.5625 -0.0625
v -0.21875 0.5625 -0.125
v -0.40625 0.625 -0.0625
v -0.40625 0.625 -0.125
v -0.40625 0.5625 -0.0625
v -0.40625 0.5625 -0.125
v -0.21875 0.625 0.12500000000000003
v -0.21875 0.625 0.0625
v -0.21875 0.5625 0.12500000000000003
v -0.21875 0.5625 0.0625
v -0.40625 0.625 0.12500000000000003
v -0.40625 0.625 0.0625
v -0.40625 0.5625 0.12500000000000003
v -0.40625 0.5625 0.0625
v -0.21875 0.625 0.0625
v -0.21875 0.625 -0.0625
v -0.21875 0.5625 0.0625
v -0.21875 0.5625 -0.0625
v -0.28125 0.625 0.0625
v -0.28125 0.625 -0.0625
v -0.28125 0.5625 0.0625
v -0.28125 0.5625 -0.0625
v -0.21875 1 0.12500000000000003
v -0.21875 1 0.0625
v -0.21875 0.9375 0.12500000000000003
v -0.21875 0.9375 0.0625
v -0.40625 1 0.12500000000000003
v -0.40625 1 0.0625
v -0.40625 0.9375 0.12500000000000003
v -0.40625 0.9375 0.0625
v -0.21875 1 0.0625
v -0.21875 1 -0.0625
v -0.21875 0.9375 0.0625
v -0.21875 0.9375 -0.0625
v -0.28125 1 0.0625
v -0.28125 1 -0.0625
v -0.28125 0.9375 0.0625
v -0.28125 0.9375 -0.0625
v -0.21875 1 -0.0625
v -0.21875 1 -0.125
v -0.21875 0.9375 -0.0625
v -0.21875 0.9375 -0.125
v -0.40625 1 -0.0625
v -0.40625 1 -0.125
v -0.40625 0.9375 -0.0625
v -0.40625 0.9375 -0.125
v -0.21875 1.375 -0.0625
v -0.21875 1.375 -0.125
v -0.21875 1.3125 -0.0625
v -0.21875 1.3125 -0.125
v -0.40625 1.375 -0.0625
v -0.40625 1.375 -0.125
v -0.40625 1.3125 -0.0625
v -0.40625 1.3125 -0.125
v -0.21875 1.375 0.0625
v -0.21875 1.375 -0.0625
v -0.21875 1.3125 0.0625
v -0.21875 1.3125 -0.0625
v -0.28125 1.375 0.0625
v -0.28125 1.375 -0.0625
v -0.28125 1.3125 0.0625
v -0.28125 1.3125 -0.0625
v -0.21875 1.375 0.12500000000000003
v -0.21875 1.375 0.0625
v -0.21875 1.3125 0.12500000000000003
v -0.21875 1.3125 0.0625
v -0.40625 1.375 0.12500000000000003
v -0.40625 1.375 0.0625
v -0.40625 1.3125 0.12500000000000003
v -0.40625 1.3125 0.0625
v 0.0625 5 -0.15624999999999997
v 0.0625 5 -0.21874999999999997
v 0.0625 3.875 -0.15624999999999997
v 0.0625 3.875 -0.21874999999999997
v -0.06250000000000003 5 -0.15624999999999997
v -0.06250000000000003 5 -0.21874999999999997
v -0.06250000000000003 3.875 -0.15624999999999997
v -0.06250000000000003 3.875 -0.21874999999999997
v 0.0625 5 0.21875000000000003
v 0.0625 5 0.09375000000000003
v 0.0625 3.875 0.21875000000000003
v 0.0625 3.875 0.09375000000000003
v -0.06250000000000003 5 0.21875000000000003
v -0.06250000000000003 5 0.09375000000000003
v -0.06250000000000003 3.875 0.21875000000000003
v -0.06250000000000003 3.875 0.09375000000000003
v 0.0625 5 0.09375000000000003
v 0.0625 5 -0.15625
v 0.0625 4.9375 0.09375000000000003
v 0.0625 4.9375 -0.15625
v -0.06250000000000003 5 0.09375000000000003
v -0.06250000000000003 5 -0.15625
v -0.06250000000000003 4.9375 0.09375000000000003
v -0.06250000000000003 4.9375 -0.15625
v 0.0625 4.5625 0.09375000000000003
v 0.0625 4.5625 -0.15625
v 0.0625 4.5 0.09375000000000003
v 0.0625 4.5 -0.15625
v -0.06250000000000003 4.5625 0.09375000000000003
v -0.06250000000000003 4.5625 -0.15625
v -0.06250000000000003 4.5 0.09375000000000003
v -0.06250000000000003 4.5 -0.15625
v 0.0625 4.125 0.09375000000000003
v 0.0625 4.125 -0.15625
v 0.0625 3.9375 0.09375000000000003
v 0.0625 3.9375 -0.15625
v -0.06250000000000003 4.125 0.09375000000000003
v -0.06250000000000003 4.125 -0.15625
v -0.06250000000000003 3.9375 0.09375000000000003
v -0.06250000000000003 3.9375 -0.15625
v -0.21875 3.25 0.18750000000000003
v -0.21875 3.25 0.12500000000000003
v -0.21875 3.1875 0.18750000000000003
v -0.21875 3.1875 0.12500000000000003
v -0.59375 3.25 0.18750000000000003
v -0.59375 3.25 0.12500000000000003
v -0.59375 3.1875 0.18750000000000003
v -0.59375 3.1875 0.12500000000000003
v -0.46875 2.75 0.18750000000000003
v -0.46875 2.75 0.12500000000000003
v -0.46875 2.6875 0.18750000000000003
v -0.46875 2.6875 0.12500000000000003
v -0.84375 2.75 0.18750000000000003
v -0.84375 2.75 0.12500000000000003
v -0.84375 2.6875 0.18750000000000003
v -0.84375 2.6875 0.12500000000000003
v -0.21875 2.25 0.18750000000000003
v -0.21875 2.25 0.12500000000000003
v -0.21875 2.1875 0.18750000000000003
v -0.21875 2.1875 0.12500000000000003
v -0.59375 2.25 0.18750000000000003
v -0.59375 2.25 0.12500000000000003
v -0.59375 2.1875 0.18750000000000003
v -0.59375 2.1875 0.12500000000000003
v -0.46875 1.75 0.18750000000000003
v -0.46875 1.75 0.12500000000000003
v -0.46875 1.6875 0.18750000000000003
v -0.46875 1.6875 0.12500000000000003
v -0.84375 1.75 0.18750000000000003
v -0.84375 1.75 0.12500000000000003
v -0.84375 1.6875 0.18750000000000003
v -0.84375 1.6875 0.12500000000000003
v -0.15625 0.25 0.375
v -0.15625 0.25 -0.375
v -0.15625 -0.1875 0.375
v -0.15625 -0.1875 -0.375
v -0.90625 0.25 0.375
v -0.90625 0.25 -0.375
v -0.90625 -0.1875 0.375
v -0.90625 -0.1875 -0.375
v -0.21875 0.3125 0.25
v -0.21875 0.3125 -0.25
v -0.21875 0.25 0.25
v -0.21875 0.25 -0.25
v -0.84375 0.3125 0.25
v -0.84375 0.3125 -0.25
v -0.84375 0.25 0.25
v -0.84375 0.25 -0.25
v -0.5754441738241592 0.5075825214724778 -0.037500000000000006
v -0.5754441738241592 0.5075825214724778 -0.11875
v -0.48705582617584076 0.41919417382415913 -0.037500000000000006
v -0.48705582617584076 0.41919417382415913 -0.11875
v -0.7964150429449552 0.28661165235168173 -0.037500000000000006
v -0.7964150429449552 0.28661165235168173 -0.11875
v -0.7080266952966369 0.19822330470336302 -0.037500000000000006
v -0.7080266952966369 0.19822330470336302 -0.11875
v -0.2736674785275223 0.29419417382415913 -0.037500000000000006
v -0.2736674785275223 0.29419417382415913 -0.11875
v -0.36205582617584076 0.20580582617584087 -0.037500000000000006
v -0.36205582617584076 0.20580582617584087 -0.11875
v -0.49463834764831843 0.5151650429449552 -0.037500000000000006
v -0.49463834764831843 0.5151650429449552 -0.11875
v -0.5830266952966369 0.426776695296637 -0.037500000000000006
v -0.5830266952966369 0.426776695296637 -0.11875
v -0.2736674785275223 0.29419417382415913 0.11875
v -0.2736674785275223 0.29419417382415913 0.037500000000000006
v -0.36205582617584076 0.20580582617584087 0.11875
v -0.36205582617584076 0.20580582617584087 0.037500000000000006
v -0.49463834764831843 0.5151650429449552 0.11875
v -0.49463834764831843 0.5151650429449552 0.037500000000000006
v -0.5830266952966369 0.426776695296637 0.11875
v -0.5830266952966369 0.426776695296637 0.037500000000000006
v -0.5754441738241592 0.5075825214724778 0.11875
v -0.5754441738241592 0.5075825214724778 0.037500000000000006
v -0.48705582617584076 0.41919417382415913 0.11875
v -0.48705582617584076 0.41919417382415913 0.037500000000000006
v -0.7964150429449552 0.28661165235168173 0.11875
v -0.7964150429449552 0.28661165235168173 0.037500000000000006
v -0.7080266952966369 0.19822330470336302 0.11875
v -0.7080266952966369 0.19822330470336302 0.037500000000000006
v -0.21875 1.3125 0.5
v -0.21875 1.3125 0.12500000000000003
v -0.21875 0.5 0.5
v -0.21875 0.5 0.12500000000000003
v -0.84375 1.3125 0.5
v -0.84375 1.3125 0.12500000000000003
v -0.84375 0.5 0.5
v -0.84375 0.5 0.12500000000000003
v -0.34152913087920395 3.8611359120657514 0.11875
v -0.34152913087920395 3.8611359120657514 0.06875
v -0.20894660940672627 3.728553390593274 0.11875
v -0.20894660940672627 3.728553390593274 0.06875
v -0.5625 3.6401650429449552 0.11875
v -0.5625 3.6401650429449552 0.06875
v -0.4299174785275224 3.507582521472478 0.11875
v -0.4299174785275224 3.507582521472478 0.06875
v -0.34152913087920395 3.8611359120657514 -0.06875
v -0.34152913087920395 3.8611359120657514 -0.11875
v -0.20894660940672627 3.728553390593274 -0.06875
v -0.20894660940672627 3.728553390593274 -0.11875
v -0.5625 3.6401650429449552 -0.06875
v -0.5625 3.6401650429449552 -0.11875
v -0.4299174785275224 3.507582521472478 -0.06875
v -0.4299174785275224 3.507582521472478 -0.11875
v 0.1875 3.875 0.25
v 0.1875 3.875 -0.25
v 0.1875 3.8125 0.25
v 0.1875 3.8125 -0.25
v -0.375 3.875 0.25
v -0.375 3.875 -0.25
v -0.375 3.8125 0.25
v -0.375 3.8125 -0.25
v 0.1875 3.8125 0.18750000000000003
v 0.1875 3.8125 -0.1875
v 0.1875 3.6875 0.18750000000000003
v 0.1875 3.6875 -0.1875
v -0.65625 3.8125 0.18750000000000003
v -0.65625 3.8125 -0.1875
v -0.65625 3.6875 0.18750000000000003
v -0.65625 3.6875 -0.1875
v -0.375 3.875 0.18750000000000003
v -0.375 3.875 -0.1875
v -0.375 3.8125 0.18750000000000003
v -0.375 3.8125 -0.1875
v -0.65625 3.875 0.18750000000000003
v -0.65625 3.875 -0.1875
v -0.65625 3.8125 0.18750000000000003
v -0.65625 3.8125 -0.1875
v 0.125 3.8125 -0.1875
v 0.125 3.8125 -0.25
v 0.125 3.6875 -0.1875
v 0.0625 3.8125 -0.1875
v 0.0625 3.8125 -0.25
v 0.0625 3.6875 -0.1875
v -0.0625 3.8125 -0.1875
v -0.0625 3.8125 -0.25
v -0.0625 3.6875 -0.1875
v -0.125 3.8125 -0.1875
v -0.125 3.8125 -0.25
v -0.125 3.6875 -0.1875
v -0.25 3.8125 -0.1875
v -0.25 3.8125 -0.25
v -0.25 3.6875 -0.1875
v -0.3125 3.8125 -0.1875
v -0.3125 3.8125 -0.25
v -0.3125 3.6875 -0.1875
v 0.125 3.8125 0.18750000000000003
v 0.125 3.8125 0.25
v 0.125 3.6875 0.18750000000000003
v 0.0625 3.8125 0.18750000000000003
v 0.0625 3.8125 0.25
v 0.0625 3.6875 0.18750000000000003
v -0.0625 3.8125 0.18750000000000003
v -0.0625 3.8125 0.25
v -0.0625 3.6875 0.18750000000000003
v -0.125 3.8125 0.18750000000000003
v -0.125 3.8125 0.25
v -0.125 3.6875 0.18750000000000003
v -0.25 3.8125 0.18750000000000003
v -0.25 3.8125 0.25
v -0.25 3.6875 0.18750000000000003
v -0.3125 3.8125 0.18750000000000003
v -0.3125 3.8125 0.25
v -0.3125 3.6875 0.18750000000000003
v -0.0625 3.6875 0.0625
v -0.0625 3.6875 -0.0625
v -0.0625 3.4375 0.0625
v -0.0625 3.4375 -0.0625
v -0.125 3.6875 0.0625
v -0.125 3.6875 -0.0625
v -0.125 3.4375 0.0625
v -0.125 3.4375 -0.0625
v 0.109375 3.6875 0.03125
v 0.109375 3.6875 -0.03125
v 0.109375 3.5687499999999996 0.03125
v 0.109375 3.5687499999999996 -0.03125
v 0.0625 3.6875 0.03125
v 0.0625 3.6875 -0.03125
v 0.0625 3.5687499999999996 0.03125
v 0.0625 3.5687499999999996 -0.03125
v -0.015625 3.490625 0.03125
v -0.015625 3.490625 -0.03125
v -0.015625 3.44375 0.03125
v -0.015625 3.44375 -0.03125
v -0.21875 3.490625 0.03125
v -0.21875 3.490625 -0.03125
v -0.21875 3.44375 0.03125
v -0.21875 3.44375 -0.03125
v -0.21875 3.490625 0.03125
v -0.21875 3.490625 -0.03125
v -0.21875 3.44375 0.03125
v -0.21875 3.44375 -0.03125
v -0.40625 3.553125 0.03125
v -0.40625 3.553125 -0.03125
v -0.40625 3.50625 0.03125
v -0.40625 3.50625 -0.03125
v 0.0625 3.56875 0.03125
v 0.0625 3.56875 -0.03125
v 0.109375 3.56875 0.03125
v 0.109375 3.56875 -0.03125
v -0.015625 3.490625 0.03125
v -0.015625 3.490625 -0.03125
v -0.015625 3.44375 0.03125
v -0.015625 3.44375 -0.03125
v 0.0625 4 0.21875000000000003
v 0.0625 4 0.09375000000000003
v 0.125 3.875 0.21875000000000003
v 0.125 3.875 0.09375000000000003
v 0.0625 3.875 0.21875000000000003
v 0.0625 3.875 0.09375000000000003
v -0.0625 4 0.21875000000000003
v -0.0625 4 0.09375000000000003
v -0.125 3.875 0.21875000000000003
v -0.125 3.875 0.09375000000000003
v -0.0625 3.875 0.21875000000000003
v -0.0625 3.875 0.09375000000000003
v 0.0625 4 -0.15625
v 0.0625 4 -0.21875
v 0.125 3.875 -0.15625
v 0.125 3.875 -0.21875
v 0.0625 3.875 -0.15625
v 0.0625 3.875 -0.21875
v -0.0625 4 -0.15625
v -0.0625 4 -0.21875
v -0.125 3.875 -0.15625
v -0.125 3.875 -0.21875
v -0.0625 3.875 -0.15625
v -0.0625 3.875 -0.21875
v -0.38125000000000003 3.9375 0.30625
v -0.38125000000000003 3.9375 -0.69375
v -0.38125000000000003 3.875 0.30625
v -0.38125000000000003 3.875 -0.69375
v -1.13125 3.9375 0.30625
v -1.13125 3.9375 -0.69375
v -1.13125 3.875 0.30625
v -1.13125 3.875 -0.69375
v -0.38125 4.4375 -0.25625
v -0.38125 4.4375 -0.69375
v -0.38125 4.375 -0.25625
v -0.38125 4.375 -0.69375
v -0.44375 4.4375 -0.25625
v -0.44375 4.4375 -0.69375
v -0.44375 4.375 -0.25625
v -0.44375 4.375 -0.69375
v -0.38125 4.875 -0.25625
v -0.38125 4.875 -0.69375
v -0.38125 4.8125 -0.25625
v -0.38125 4.8125 -0.69375
v -0.44375 4.875 -0.25625
v -0.44375 4.875 -0.69375
v -0.44375 4.8125 -0.25625
v -0.44375 4.8125 -0.69375
v -0.38125000000000003 3.9375 -0.69375
v -0.38125000000000003 3.9375 -0.75625
v -0.38125000000000003 3.875 -0.69375
v -0.38125000000000003 3.875 -0.75625
v -1.13125 3.9375 -0.69375
v -1.13125 3.9375 -0.75625
v -1.13125 3.875 -0.69375
v -1.13125 3.875 -0.75625
v -0.44375000000000003 4.4375 -0.69375
v -0.44375000000000003 4.4375 -0.75625
v -0.44375000000000003 4.375 -0.69375
v -0.44375000000000003 4.375 -0.75625
v -1.06875 4.4375 -0.69375
v -1.06875 4.4375 -0.75625
v -1.06875 4.375 -0.69375
v -1.06875 4.375 -0.75625
v -0.44375000000000003 4.875 -0.69375
v -0.44375000000000003 4.875 -0.75625
v -0.44375000000000003 4.8125 -0.69375
v -0.44375000000000003 4.8125 -0.75625
v -1.06875 4.875 -0.69375
v -1.06875 4.875 -0.75625
v -1.06875 4.8125 -0.69375
v -1.06875 4.8125 -0.75625
v -1.06875 4.875 -0.69375
v -1.06875 4.875 -0.75625
v -1.06875 3.9375 -0.69375
v -1.06875 3.9375 -0.75625
v -1.13125 4.875 -0.69375
v -1.13125 4.875 -0.75625
v -1.13125 3.9375 -0.69375
v -1.13125 3.9375 -0.75625
v -0.38125 4.875 -0.69375
v -0.38125 4.875 -0.75625
v -0.38125 3.9375 -0.69375
v -0.38125 3.9375 -0.75625
v -0.44375 4.875 -0.69375
v -0.44375 4.875 -0.75625
v -0.44375 3.9375 -0.69375
v -0.44375 3.9375 -0.75625
v -0.38125 4.875 -0.19374999999999998
v -0.38125 4.875 -0.25625
v -0.38125 3.9375 -0.19374999999999998
v -0.38125 3.9375 -0.25625
v -0.44375 4.875 -0.19374999999999998
v -0.44375 4.875 -0.25625
v -0.44375 3.9375 -0.19374999999999998
v -0.44375 3.9375 -0.25625
v -1.06875 4.875 0.30625
v -1.06875 4.875 0.24375
v -1.06875 3.9375 0.30625
v -1.06875 3.9375 0.24375
v -1.13125 4.875 0.30625
v -1.13125 4.875 0.24375
v -1.13125 3.9375 0.30625
v -1.13125 3.9375 0.24375
v -1.06875 4.875 0.24375
v -1.06875 4.875 -0.69375
v -1.06875 4.8125 0.24375
v -1.06875 4.8125 -0.69375
v -1.13125 4.875 0.24375
v -1.13125 4.875 -0.69375
v -1.13125 4.8125 0.24375
v -1.13125 4.8125 -0.69375
v -1.06875 4.4375 0.24375
v -1.06875 4.4375 -0.69375
v -1.06875 4.375 0.24375
v -1.06875 4.375 -0.69375
v -1.13125 4.4375 0.24375
v -1.13125 4.4375 -0.69375
v -1.13125 4.375 0.24375
v -1.13125 4.375 -0.69375
v -0.6625 3.875 0.24375
v -0.6625 3.875 -0.69375
v -0.6625 3.8125 0.24375
v -0.6625 3.8125 -0.69375
v -0.85 3.875 0.24375
v -0.85 3.875 -0.69375
v -0.85 3.8125 0.24375
v -0.85 3.8125 -0.69375
v -0.6625 3.8125 0.24375
v -0.6625 3.8125 -0.69375
v -0.6625 3.6875 0.24375
v -0.6625 3.6875 -0.69375
v -0.725 3.8125 0.24375
v -0.725 3.8125 -0.69375
v -0.725 3.6875 0.24375
v -0.725 3.6875 -0.69375
v 0.375 6 -0.4375
v 0.375 6 -0.5
v 0.375 5 -0.4375
v 0.375 5 -0.5
v -0.375 6 -0.4375
v -0.375 6 -0.5
v -0.375 5 -0.4375
v -0.375 5 -0.5
v 0.3125 6 -0.3125
v 0.3125 6 -0.4375
v 0.3125 5 -0.3125
v 0.3125 5 -0.4375
v -0.3125 6 -0.3125
v -0.3125 6 -0.4375
v -0.3125 5 -0.3125
v -0.3125 5 -0.4375
v 0.15625 5.484375 -0.534375
v 0.18137000000000003 5.578125 -0.534375
v 0.22487999999999997 5.553005 -0.534375
v 0.25 5.509495 -0.534375
v 0.25 5.459255 -0.534375
v 0.22487999999999997 5.415745 -0.534375
v 0.18137000000000003 5.390625 -0.534375
v 0.13112999999999997 5.390625 -0.534375
v 0.08762000000000003 5.415745 -0.534375
v 0.0625 5.459255 -0.534375
v 0.0625 5.509495 -0.534375
v 0.08762000000000003 5.553005 -0.534375
v 0.13112999999999997 5.578125 -0.534375
v 0.18346375000000004 5.5859375 -0.5
v 0.18346375000000004 5.5859375 -0.5625
v 0.17605000000000004 5.55827 -0.5
v 0.17605000000000004 5.55827 -0.5625
v 0.23059874999999996 5.55872375 -0.5
v 0.23059874999999996 5.55872375 -0.5625
v 0.210345 5.53847 -0.5
v 0.210345 5.53847 -0.5625
v 0.2578125 5.51158875 -0.5
v 0.2578125 5.51158875 -0.5625
v 0.23014500000000004 5.504175 -0.5
v 0.23014500000000004 5.504175 -0.5625
v 0.2578125 5.45716125 -0.5
v 0.2578125 5.45716125 -0.5625
v 0.23014500000000004 5.464575 -0.5
v 0.23014500000000004 5.464575 -0.5625
v 0.23059874999999996 5.41002625 -0.5
v 0.23059874999999996 5.41002625 -0.5625
v 0.210345 5.43028 -0.5
v 0.210345 5.43028 -0.5625
v 0.18346375000000004 5.3828125 -0.5
v 0.18346375000000004 5.3828125 -0.5625
v 0.17605000000000004 5.41048 -0.5
v 0.17605000000000004 5.41048 -0.5625
v 0.12903624999999996 5.3828125 -0.5
v 0.12903624999999996 5.3828125 -0.5625
v 0.13644999999999996 5.41048 -0.5
v 0.13644999999999996 5.41048 -0.5625
v 0.08190124999999998 5.41002625 -0.5
v 0.08190124999999998 5.41002625 -0.5625
v 0.102155 5.43028 -0.5
v 0.102155 5.43028 -0.5625
v 0.0546875 5.45716125 -0.5
v 0.0546875 5.45716125 -0.5625
v 0.08235500000000001 5.464575 -0.5
v 0.08235500000000001 5.464575 -0.5625
v 0.0546875 5.51158875 -0.5
v 0.0546875 5.51158875 -0.5625
v 0.08235500000000001 5.504175 -0.5
v 0.08235500000000001 5.504175 -0.5625
v 0.08190124999999998 5.55872375 -0.5
v 0.08190124999999998 5.55872375 -0.5625
v 0.102155 5.53847 -0.5
v 0.102155 5.53847 -0.5625
v 0.12903624999999996 5.5859375 -0.5
v 0.12903624999999996 5.5859375 -0.5625
v 0.13644999999999996 5.55827 -0.5
v 0.13644999999999996 5.55827 -0.5625
v 0.21875 5.621875 -0.5
v 0.21875 5.621875 -0.9375
v 0.21875 5.590625 -0.5
v 0.21875 5.590625 -0.9375
v 0.09375 5.621875 -0.5
v 0.09375 5.621875 -0.9375
v 0.09375 5.590625 -0.5
v 0.09375 5.590625 -0.9375
v 0.027458750000000032 5.512499999999999 -0.5
v 0.027458750000000032 5.512499999999999 -0.5625
v 0.027458750000000032 5.448889375 -0.5
v 0.027458750000000032 5.448889375 -0.5625
v -0.0037912500000000238 5.512499999999999 -0.5
v -0.0037912500000000238 5.512499999999999 -0.5625
v -0.0037912500000000238 5.448889375 -0.5
v -0.0037912500000000238 5.448889375 -0.5625
v 0.31562500000000004 5.512499999999999 -0.5
v 0.31562500000000004 5.512499999999999 -0.5625
v 0.31562500000000004 5.448889375 -0.5
v 0.31562500000000004 5.448889375 -0.5625
v 0.28437500000000004 5.512499999999999 -0.5
v 0.28437500000000004 5.512499999999999 -0.5625
v 0.28437500000000004 5.448889375 -0.5
v 0.28437500000000004 5.448889375 -0.5625
v 0.31562500000000004 5.5125 -0.5
v 0.31562500000000004 5.5125 -0.5625
v 0.28437500000000004 5.5125 -0.5
v 0.28437500000000004 5.5125 -0.5625
v 0.21875 5.621875 -0.5
v 0.21875 5.621875 -0.9375
v 0.21875 5.590625 -0.5
v 0.21875 5.590625 -0.9375
v 0.027458749999999976 5.5125 -0.5
v 0.027458749999999976 5.5125 -0.5625
v -0.0037912500000000238 5.5125 -0.5
v -0.0037912500000000238 5.5125 -0.5625
v 0.09375 5.590625 -0.5
v 0.09375 5.590625 -0.9375
v 0.09375 5.621875 -0.5
v 0.09375 5.621875 -0.9375
v 0.18346375000000004 5.5859375 -0.5
v 0.18346375000000004 5.5859375 -0.5625
v 0.17605000000000004 5.55827 -0.5
v 0.17605000000000004 5.55827 -0.5625
v 0.23059874999999996 5.55872375 -0.5
v 0.23059874999999996 5.55872375 -0.5625
v 0.210345 5.53847 -0.5
v 0.210345 5.53847 -0.5625
v 0.2578125 5.51158875 -0.5
v 0.2578125 5.51158875 -0.5625
v 0.23014500000000004 5.504175 -0.5
v 0.23014500000000004 5.504175 -0.5625
v 0.2578125 5.45716125 -0.5
v 0.2578125 5.45716125 -0.5625
v 0.23014500000000004 5.464575 -0.5
v 0.23014500000000004 5.464575 -0.5625
v 0.23059874999999996 5.41002625 -0.5
v 0.23059874999999996 5.41002625 -0.5625
v 0.210345 5.43028 -0.5
v 0.210345 5.43028 -0.5625
v 0.18346375000000004 5.3828125 -0.5
v 0.18346375000000004 5.3828125 -0.5625
v 0.17605000000000004 5.41048 -0.5
v 0.17605000000000004 5.41048 -0.5625
v 0.12903624999999996 5.3828125 -0.5
v 0.12903624999999996 5.3828125 -0.5625
v 0.13644999999999996 5.41048 -0.5
v 0.13644999999999996 5.41048 -0.5625
v 0.08190124999999998 5.41002625 -0.5
v 0.08190124999999998 5.41002625 -0.5625
v 0.102155 5.43028 -0.5
v 0.102155 5.43028 -0.5625
v 0.0546875 5.45716125 -0.5
v 0.0546875 5.45716125 -0.5625
v 0.08235500000000001 5.464575 -0.5
v 0.08235500000000001 5.464575 -0.5625
v 0.0546875 5.51158875 -0.5
v 0.0546875 5.51158875 -0.5625
v 0.08235500000000001 5.504175 -0.5
v 0.08235500000000001 5.504175 -0.5625
v 0.08190124999999998 5.55872375 -0.5
v 0.08190124999999998 5.55872375 -0.5625
v 0.102155 5.53847 -0.5
v 0.102155 5.53847 -0.5625
v 0.12903624999999996 5.5859375 -0.5
v 0.12903624999999996 5.5859375 -0.5625
v 0.13644999999999996 5.55827 -0.5
v 0.13644999999999996 5.55827 -0.5625
v -0.15625 5.484375 -0.534375
v -0.13113 5.578125 -0.534375
v -0.08762 5.553005 -0.534375
v -0.0625 5.509495 -0.534375
v -0.0625 5.459255 -0.534375
v -0.08762 5.415745 -0.534375
v -0.13113 5.390625 -0.534375
v -0.18137 5.390625 -0.534375
v -0.22488 5.415745 -0.534375
v -0.25 5.459255 -0.534375
v -0.25 5.509495 -0.534375
v -0.22488 5.553005 -0.534375
v -0.18137 5.578125 -0.534375
v -0.12903625 5.5859375 -0.5
v -0.12903625 5.5859375 -0.5625
v -0.13645 5.55827 -0.5
v -0.13645 5.55827 -0.5625
v -0.08190124999999998 5.55872375 -0.5
v -0.08190124999999998 5.55872375 -0.5625
v -0.102155 5.53847 -0.5
v -0.102155 5.53847 -0.5625
v -0.0546875 5.51158875 -0.5
v -0.0546875 5.51158875 -0.5625
v -0.08235500000000001 5.504175 -0.5
v -0.08235500000000001 5.504175 -0.5625
v -0.0546875 5.45716125 -0.5
v -0.0546875 5.45716125 -0.5625
v -0.08235500000000001 5.464575 -0.5
v -0.08235500000000001 5.464575 -0.5625
v -0.08190124999999998 5.41002625 -0.5
v -0.08190124999999998 5.41002625 -0.5625
v -0.102155 5.43028 -0.5
v -0.102155 5.43028 -0.5625
v -0.12903625 5.3828125 -0.5
v -0.12903625 5.3828125 -0.5625
v -0.13645 5.41048 -0.5
v -0.13645 5.41048 -0.5625
v -0.18346375 5.3828125 -0.5
v -0.18346375 5.3828125 -0.5625
v -0.17605 5.41048 -0.5
v -0.17605 5.41048 -0.5625
v -0.23059875000000002 5.41002625 -0.5
v -0.23059875000000002 5.41002625 -0.5625
v -0.210345 5.43028 -0.5
v -0.210345 5.43028 -0.5625
v -0.2578125 5.45716125 -0.5
v -0.2578125 5.45716125 -0.5625
v -0.230145 5.464575 -0.5
v -0.230145 5.464575 -0.5625
v -0.2578125 5.51158875 -0.5
v -0.2578125 5.51158875 -0.5625
v -0.230145 5.504175 -0.5
v -0.230145 5.504175 -0.5625
v -0.23059875000000002 5.55872375 -0.5
v -0.23059875000000002 5.55872375 -0.5625
v -0.210345 5.53847 -0.5
v -0.210345 5.53847 -0.5625
v -0.18346375 5.5859375 -0.5
v -0.18346375 5.5859375 -0.5625
v -0.17605 5.55827 -0.5
v -0.17605 5.55827 -0.5625
v -0.09375 5.621875 -0.5
v -0.09375 5.621875 -0.9375
v -0.09375 5.590625 -0.5
v -0.09375 5.590625 -0.9375
v -0.21875 5.621875 -0.5
v -0.21875 5.621875 -0.9375
v -0.21875 5.590625 -0.5
v -0.21875 5.590625 -0.9375
v -0.28504125 5.512499999999999 -0.5
v -0.28504125 5.512499999999999 -0.5625
v -0.28504125 5.448889375 -0.5
v -0.28504125 5.448889375 -0.5625
v -0.31629125 5.512499999999999 -0.5
v -0.31629125 5.512499999999999 -0.5625
v -0.31629125 5.448889375 -0.5
v -0.31629125 5.448889375 -0.5625
v 0.003124999999999989 5.512499999999999 -0.5
v 0.003124999999999989 5.512499999999999 -0.5625
v 0.003124999999999989 5.448889375 -0.5
v 0.003124999999999989 5.448889375 -0.5625
v -0.02812500000000001 5.512499999999999 -0.5
v -0.02812500000000001 5.512499999999999 -0.5625
v -0.02812500000000001 5.448889375 -0.5
v -0.02812500000000001 5.448889375 -0.5625
v 0.003124999999999989 5.5125 -0.5
v 0.003124999999999989 5.5125 -0.5625
v -0.02812500000000001 5.5125 -0.5
v -0.02812500000000001 5.5125 -0.5625
v -0.09375 5.621875 -0.5
v -0.09375 5.621875 -0.9375
v -0.09375 5.590625 -0.5
v -0.09375 5.590625 -0.9375
v -0.28504125 5.5125 -0.5
v -0.28504125 5.5125 -0.5625
v -0.31629125 5.5125 -0.5
v -0.31629125 5.5125 -0.5625
v -0.21875 5.590625 -0.5
v -0.21875 5.590625 -0.9375
v -0.21875 5.621875 -0.5
v -0.21875 5.621875 -0.9375
v -0.12903625 5.5859375 -0.5
v -0.12903625 5.5859375 -0.5625
v -0.13645 5.55827 -0.5
v -0.13645 5.55827 -0.5625
v -0.08190124999999998 5.55872375 -0.5
v -0.08190124999999998 5.55872375 -0.5625
v -0.102155 5.53847 -0.5
v -0.102155 5.53847 -0.5625
v -0.0546875 5.51158875 -0.5
v -0.0546875 5.51158875 -0.5625
v -0.08235500000000001 5.504175 -0.5
v -0.08235500000000001 5.504175 -0.5625
v -0.0546875 5.45716125 -0.5
v -0.0546875 5.45716125 -0.5625
v -0.08235500000000001 5.464575 -0.5
v -0.08235500000000001 5.464575 -0.5625
v -0.08190124999999998 5.41002625 -0.5
v -0.08190124999999998 5.41002625 -0.5625
v -0.102155 5.43028 -0.5
v -0.102155 5.43028 -0.5625
v -0.12903625 5.3828125 -0.5
v -0.12903625 5.3828125 -0.5625
v -0.13645 5.41048 -0.5
v -0.13645 5.41048 -0.5625
v -0.18346375 5.3828125 -0.5
v -0.18346375 5.3828125 -0.5625
v -0.17605 5.41048 -0.5
v -0.17605 5.41048 -0.5625
v -0.23059875000000002 5.41002625 -0.5
v -0.23059875000000002 5.41002625 -0.5625
v -0.210345 5.43028 -0.5
v -0.210345 5.43028 -0.5625
v -0.2578125 5.45716125 -0.5
v -0.2578125 5.45716125 -0.5625
v -0.230145 5.464575 -0.5
v -0.230145 5.464575 -0.5625
v -0.2578125 5.51158875 -0.5
v -0.2578125 5.51158875 -0.5625
v -0.230145 5.504175 -0.5
v -0.230145 5.504175 -0.5625
v -0.23059875000000002 5.55872375 -0.5
v -0.23059875000000002 5.55872375 -0.5625
v -0.210345 5.53847 -0.5
v -0.210345 5.53847 -0.5625
v -0.18346375 5.5859375 -0.5
v -0.18346375 5.5859375 -0.5625
v -0.17605 5.55827 -0.5
v -0.17605 5.55827 -0.5625
v 0.265625 5.90625 -0.5
v 0.265625 5.90625 -0.6875
v 0.265625 5.875 -0.5
v 0.265625 5.875 -0.6875
v 0.171875 5.90625 -0.5
v 0.171875 5.90625 -0.6875
v 0.171875 5.875 -0.5
v 0.171875 5.875 -0.6875
v 0.21875 5.8125 -0.525
v 0.23340375000000002 5.7578125 -0.525
v 0.25878375 5.77246625 -0.525
v 0.2734375 5.79784625 -0.525
v 0.2734375 5.82715375 -0.525
v 0.25878375 5.85253375 -0.525
v 0.23340375000000002 5.8671875 -0.525
v 0.20409624999999998 5.8671875 -0.525
v 0.17871625000000002 5.85253375 -0.525
v 0.1640625 5.82715375 -0.525
v 0.1640625 5.79784625 -0.525
v 0.17871625000000002 5.77246625 -0.525
v 0.20409624999999998 5.7578125 -0.525
v 0.23549687499999994 5.75 -0.546875
v 0.23549687499999994 5.75 -0.484375
v 0.22771437500000002 5.779045 -0.546875
v 0.22771437500000002 5.779045 -0.484375
v 0.26450312500000006 5.766746875 -0.546875
v 0.26450312500000006 5.766746875 -0.484375
v 0.243240625 5.788009375 -0.546875
v 0.243240625 5.788009375 -0.484375
v 0.28125 5.795753125 -0.546875
v 0.28125 5.795753125 -0.484375
v 0.252205 5.803535625 -0.546875
v 0.252205 5.803535625 -0.484375
v 0.28125 5.829246875 -0.546875
v 0.28125 5.829246875 -0.484375
v 0.252205 5.821464375 -0.546875
v 0.252205 5.821464375 -0.484375
v 0.26450312500000006 5.858253125 -0.546875
v 0.26450312500000006 5.858253125 -0.484375
v 0.243240625 5.836990625 -0.546875
v 0.243240625 5.836990625 -0.484375
v 0.23549687499999994 5.875 -0.546875
v 0.23549687499999994 5.875 -0.484375
v 0.22771437500000002 5.845955 -0.546875
v 0.22771437500000002 5.845955 -0.484375
v 0.20200312500000006 5.875 -0.546875
v 0.20200312500000006 5.875 -0.484375
v 0.20978562499999998 5.845955 -0.546875
v 0.20978562499999998 5.845955 -0.484375
v 0.172996875 5.858253125 -0.546875
v 0.172996875 5.858253125 -0.484375
v 0.194259375 5.836990625 -0.546875
v 0.194259375 5.836990625 -0.484375
v 0.15625 5.829246875 -0.546875
v 0.15625 5.829246875 -0.484375
v 0.185295 5.821464375 -0.546875
v 0.185295 5.821464375 -0.484375
v 0.15625 5.795753125 -0.546875
v 0.15625 5.795753125 -0.484375
v 0.185295 5.803535625 -0.546875
v 0.185295 5.803535625 -0.484375
v 0.172996875 5.766746875 -0.546875
v 0.172996875 5.766746875 -0.484375
v 0.194259375 5.788009375 -0.546875
v 0.194259375 5.788009375 -0.484375
v 0.20200312500000006 5.75 -0.546875
v 0.20200312500000006 5.75 -0.484375
v 0.20978562499999998 5.779045 -0.546875
v 0.20978562499999998 5.779045 -0.484375
v 0.15662937499999996 5.84356125 -0.490625
v 0.15662937499999996 5.84356125 -0.56875
v 0.15662937499999996 5.78106125 -0.490625
v 0.15662937499999996 5.78106125 -0.56875
v 0.12537937499999996 5.84356125 -0.490625
v 0.12537937499999996 5.84356125 -0.56875
v 0.12537937499999996 5.78106125 -0.490625
v 0.12537937499999996 5.78106125 -0.56875
v 0.31287937500000007 5.84356125 -0.490625
v 0.31287937500000007 5.84356125 -0.56875
v 0.31287937500000007 5.78106125 -0.490625
v 0.31287937500000007 5.78106125 -0.56875
v 0.28162937500000007 5.84356125 -0.490625
v 0.28162937500000007 5.84356125 -0.56875
v 0.28162937500000007 5.78106125 -0.490625
v 0.28162937500000007 5.78106125 -0.56875
v 0.171875 5.90625 -0.5
v 0.171875 5.90625 -0.6875
v 0.171875 5.875 -0.5
v 0.171875 5.875 -0.6875
v 0.125 5.84375 -0.5
v 0.125 5.84375 -0.56875
v 0.15625 5.84375 -0.5
v 0.15625 5.84375 -0.56875
v 0.265625 5.90625 -0.5
v 0.265625 5.90625 -0.6875
v 0.3125 5.84375 -0.5
v 0.3125 5.84375 -0.571875
v 0.265625 5.875 -0.5
v 0.265625 5.875 -0.6875
v 0.28125 5.84375 -0.5
v 0.28125 5.84375 -0.571875
v 0.25 5.875 0.6875
v 0.25 5.875 0.625
v 0.25 5 0.6875
v 0.25 5 0.625
v 0.1875 5.875 0.6875
v 0.1875 5.875 0.625
v 0.1875 5 0.6875
v 0.1875 5 0.625
v -0.1875 5.875 0.6875
v -0.1875 5.875 0.625
v -0.1875 5 0.6875
v -0.1875 5 0.625
v -0.25 5.875 0.6875
v -0.25 5.875 0.625
v -0.25 5 0.6875
v -0.25 5 0.625
v 0.36875 5.884903495667446 0.3006974734590798
v 0.36875 5.874050484563263 0.23914698889581684
v 0.36875 5.0847471963450275 0.44178661781346074
v 0.36875 5.073894185240844 0.3802361332501978
v 0.30625 5.884903495667446 0.3006974734590798
v 0.30625 5.874050484563263 0.23914698889581684
v 0.30625 5.0847471963450275 0.44178661781346074
v 0.30625 5.073894185240844 0.3802361332501978
v 0.36875 5.0847471963450275 0.44178661781346074
v 0.36875 5.073894185240844 0.3802361332501978
v 0.24375000000000002 4.961646227218501 0.463492640021827
v 0.24375000000000002 4.950793216114318 0.40194215545856404
v 0.30625 5.0847471963450275 0.44178661781346074
v 0.30625 5.073894185240844 0.3802361332501978
v 0.18125000000000002 4.961646227218501 0.463492640021827
v 0.18125000000000002 4.950793216114318 0.40194215545856404
v -0.31875 5.0847471963450275 0.44178661781346074
v -0.31875 5.073894185240844 0.3802361332501978
v -0.19374999999999998 4.961646227218501 0.463492640021827
v -0.19374999999999998 4.950793216114318 0.40194215545856404
v -0.38125 5.0847471963450275 0.44178661781346074
v -0.38125 5.073894185240844 0.3802361332501978
v -0.25625 4.961646227218501 0.463492640021827
v -0.25625 4.950793216114318 0.40194215545856404
v -0.31875 5.884903495667446 0.3006974734590798
v -0.31875 5.874050484563263 0.23914698889581684
v -0.31875 5.0847471963450275 0.44178661781346074
v -0.31875 5.073894185240844 0.3802361332501978
v -0.38125 5.884903495667446 0.3006974734590798
v -0.38125 5.874050484563263 0.23914698889581684
v -0.38125 5.0847471963450275 0.44178661781346074
v -0.38125 5.073894185240844 0.3802361332501978
v 0.3125 5.9375 0.6875
v 0.3125 5.9375 0.625
v 0.3125 5.875 0.6875
v 0.3125 5.875 0.625
v -0.3125 5.9375 0.6875
v -0.3125 5.9375 0.625
v -0.3125 5.875 0.6875
v -0.3125 5.875 0.625
v 0.375 5.8125 -0.34375
v 0.375 5.8125 -0.4375
v 0.375 5 -0.34375
v 0.375 5 -0.4375
v 0.3125 5.8125 -0.34375
v 0.3125 5.8125 -0.4375
v 0.3125 5 -0.34375
v 0.3125 5 -0.4375
v -0.3125 5.8125 -0.34375
v -0.3125 5.8125 -0.4375
v -0.3125 5 -0.34375
v -0.3125 5 -0.4375
v -0.375 5.8125 -0.34375
v -0.375 5.8125 -0.4375
v -0.375 5 -0.34375
v -0.375 5 -0.4375
v -0.3125 5.9375 0.5625
v -0.3125 5.9375 0
v -0.3125 5.875 0.5625
v -0.3125 5.875 0
v -0.375 5.9375 0.5625
v -0.375 5.9375 0
v -0.375 5.875 0.5625
v -0.375 5.875 0
v 0.25 5 0.6875
v 0.25 5 0.21875000000000003
v 0.25 4.9375 0.6875
v 0.25 4.9375 0.21875000000000003
v -0.25 5 0.6875
v -0.25 5 0.21875000000000003
v -0.25 4.9375 0.6875
v -0.25 4.9375 0.21875000000000003
v -0.03125 4.9375 0.21875000000000003
v -0.1875 4.9375 0.6875
v -0.03125 4.875 0.21875000000000003
v -0.09375 4.9375 0.21875000000000003
v -0.25 4.9375 0.6875
v -0.09375 4.875 0.21875000000000003
v 0.09375 4.9375 0.21875000000000003
v 0.25 4.9375 0.6875
v 0.09375 4.875 0.21875000000000003
v 0.03125 4.9375 0.21875000000000003
v 0.1875 4.9375 0.6875
v 0.03125 4.875 0.21875000000000003
v -0.3125 5.9375 0.65625
v -0.3125 5.9375 0.5625
v -0.3125 5.875 0.65625
v -0.3125 5.875 0.5625
v -0.375 5.9375 0.65625
v -0.375 5.9375 0.5625
v -0.375 5.875 0.65625
v -0.375 5.875 0.5625
v 0.375 5.9375 0.5625
v 0.375 5.9375 0
v 0.375 5.875 0.5625
v 0.375 5.875 0
v 0.3125 5.9375 0.5625
v 0.3125 5.9375 0
v 0.3125 5.875 0.5625
v 0.3125 5.875 0
v 0.375 5.9375 0.65625
v 0.375 5.9375 0.5625
v 0.375 5.875 0.65625
v 0.375 5.875 0.5625
v 0.3125 5.9375 0.65625
v 0.3125 5.9375 0.5625
v 0.3125 5.875 0.65625
v 0.3125 5.875 0.5625
v 0.375 5 -0.34375
v 0.375 5 -0.4375
v 0.375 4.9375 -0.34375
v 0.375 4.9375 -0.4375
v -0.375 5 -0.34375
v -0.375 5 -0.4375
v -0.375 4.9375 -0.34375
v -0.375 4.9375 -0.4375
v 0.125 4.71875 -0.34375
v 0.125 4.71875 -0.4375
v 0.125 4.6875 -0.34375
v 0.125 4.6875 -0.4375
v -0.125 4.71875 -0.34375
v -0.125 4.71875 -0.4375
v -0.125 4.6875 -0.34375
v -0.125 4.6875 -0.4375
v 0.0625 4.71875 -0.21875
v 0.0625 4.71875 -0.34375
v 0.0625 4.6875 -0.21875
v 0.0625 4.6875 -0.34375
v -0.0625 4.71875 -0.21875
v -0.0625 4.71875 -0.34375
v -0.0625 4.6875 -0.21875
v -0.0625 4.6875 -0.34375
v -0.10290289161544272 4.70959728808792 -0.3375
v -0.10290289161544272 4.70959728808792 -0.43125
v -0.12499997852752234 4.68750020117584 -0.3375
v -0.12499997852752234 4.68750020117584 -0.43125
v -0.3529027038126378 4.959597100285116 -0.3375
v -0.3529027038126378 4.959597100285116 -0.43125
v -0.37499979072471745 4.937500013373036 -0.3375
v -0.37499979072471745 4.937500013373036 -0.43125
v 0.35290271191207956 4.959597108384558 -0.3375
v 0.35290271191207956 4.959597108384558 -0.43125
v 0.37499979882415924 4.937500021472478 -0.3375
v 0.37499979882415924 4.937500021472478 -0.43125
v 0.10290289971488453 4.709597296187362 -0.3375
v 0.10290289971488453 4.709597296187362 -0.43125
v 0.12499998662696415 4.687500209275282 -0.3375
v 0.12499998662696415 4.687500209275282 -0.43125
v 0.0625 5.0625 -0.1875
v 0.0625 5.0625 -0.3125
v 0.0625 4.9375 -0.1875
v 0.0625 4.9375 -0.3125
v -0.0625 5.0625 -0.1875
v -0.0625 5.0625 -0.3125
v -0.0625 4.9375 -0.1875
v -0.0625 4.9375 -0.3125
v -0.34375 5.8125 -0.21875
v -0.34375 5.8125 -0.40625
v -0.34375 5.78125 -0.21875
v -0.34375 5.78125 -0.40625
v -0.40625 5.8125 -0.21875
v -0.40625 5.8125 -0.40625
v -0.40625 5.78125 -0.21875
v -0.40625 5.78125 -0.40625
v -0.34375 5.15625 -0.21875
v -0.34375 5.15625 -0.40625
v -0.34375 5.125 -0.21875
v -0.34375 5.125 -0.40625
v -0.40625 5.15625 -0.21875
v -0.40625 5.15625 -0.40625
v -0.40625 5.125 -0.21875
v -0.40625 5.125 -0.40625
v 0.40625 5.8125 -0.21875
v 0.40625 5.78125 -0.1875
v 0.40625 5.78125 -0.21875
v 0.34375 5.8125 -0.21875
v 0.34375 5.78125 -0.1875
v 0.34375 5.78125 -0.21875
v 0.40625 5.78125 -0.1875
v 0.40625 5.78125 -0.21875
v 0.40625 5.15625 -0.1875
v 0.40625 5.15625 -0.21875
v 0.34375 5.78125 -0.1875
v 0.34375 5.78125 -0.21875
v 0.34375 5.15625 -0.1875
v 0.34375 5.15625 -0.21875
v 0.40625 5.15625 -0.1875
v 0.40625 5.15625 -0.21875
v 0.40625 5.125 -0.21875
v 0.34375 5.15625 -0.1875
v 0.34375 5.15625 -0.21875
v 0.34375 5.125 -0.21875
v 0.40625 5.8125 -0.21875
v 0.40625 5.8125 -0.40625
v 0.40625 5.78125 -0.21875
v 0.40625 5.78125 -0.40625
v 0.34375 5.8125 -0.21875
v 0.34375 5.8125 -0.40625
v 0.34375 5.78125 -0.21875
v 0.34375 5.78125 -0.40625
v 0.40625 5.15625 -0.21875
v 0.40625 5.15625 -0.40625
v 0.40625 5.125 -0.21875
v 0.40625 5.125 -0.40625
v 0.34375 5.15625 -0.21875
v 0.34375 5.15625 -0.40625
v 0.34375 5.125 -0.21875
v 0.34375 5.125 -0.40625
v -0.34375 5.78125 -0.1875
v -0.34375 5.78125 -0.21875
v -0.34375 5.15625 -0.1875
v -0.34375 5.15625 -0.21875
v -0.40625 5.78125 -0.1875
v -0.40625 5.78125 -0.21875
v -0.40625 5.15625 -0.1875
v -0.40625 5.15625 -0.21875
v -0.34375 5.8125 -0.21875
v -0.34375 5.78125 -0.1875
v -0.34375 5.78125 -0.21875
v -0.40625 5.8125 -0.21875
v -0.40625 5.78125 -0.1875
v -0.40625 5.78125 -0.21875
v -0.34375 5.15625 -0.1875
v -0.34375 5.15625 -0.21875
v -0.34375 5.125 -0.21875
v -0.40625 5.15625 -0.1875
v -0.40625 5.15625 -0.21875
v -0.40625 5.125 -0.21875
v -0.7656249999999982 2.678125 -0.18750000000000006
v -0.7656249999999989 2.678125 -0.18125000000000005
v -0.53125 2.328125 -0.1875
v -0.5312499999999998 2.328125 -0.18125000000000038
v -0.6874999999999992 2.678125 -0.1874999999999999
v -0.6874999999999991 2.678125 -0.18124999999999986
v -0.53125 2.4375 -0.1875
v -0.5312499999999998 2.4375 -0.18125000000000038
v -0.765624999999995 1.978125000000004 -0.18125000000000052
v -0.7656249999999954 1.9781250000000037 -0.18750000000000036
v -0.5312500000000004 2.328125 -0.1812500000000008
v -0.53125 2.328125 -0.1875
v -0.6874999999999972 1.978125000000004 -0.18125000000000077
v -0.6874999999999971 1.978125000000004 -0.18750000000000067
v -0.5312500000000004 2.2187500000000027 -0.18125000000000074
v -0.53125 2.2187500000000027 -0.1875
v -0.2968750000000034 1.9781250000000021 -0.18750000000000006
v -0.2968750000000028 1.978125000000002 -0.18125000000000005
v -0.53125 2.328125 -0.1875
v -0.5312500000000003 2.328125 -0.1812500000000004
v -0.3750000000000019 1.9781250000000021 -0.1874999999999999
v -0.375000000000002 1.9781250000000021 -0.18124999999999986
v -0.5312500000000002 2.218750000000001 -0.1875
v -0.5312500000000003 2.218750000000001 -0.1812500000000004
v -0.296875 2.678125 -0.18125
v -0.296875 2.678125 -0.1875
v -0.53125 2.328125 -0.18125
v -0.53125 2.328125 -0.1875
v -0.375 2.678125 -0.18125
v -0.375 2.678125 -0.1875
v -0.53125 2.4375 -0.18125
v -0.53125 2.4375 -0.1875
v -0.46875 3.6875 -0.125
v -0.46875 3.6875 -0.15625
v -0.46875 2.6875 -0.125
v -0.46875 2.6875 -0.15625
v -0.59375 3.6875 -0.125
v -0.59375 3.6875 -0.15625
v -0.59375 2.6875 -0.125
v -0.59375 2.6875 -0.15625
vt 0.546875 0.796875
vt 0.546875 1
vt 0.53125 1
vt 0.53125 0.796875
vt 0.546875 0.796875
vt 0.546875 1
vt 0.53125 1
vt 0.53125 0.796875
vt 0.671875 0.984375
vt 0.671875 1
vt 0.53125 1
vt 0.53125 0.984375
vt 0.671875 0.984375
vt 0.671875 1
vt 0.53125 1
vt 0.53125 0.984375
vt 0.140625 0.796875
vt 0.140625 1
vt 0 1
vt 0 0.796875
vt 0.671875 0.796875
vt 0.671875 1
vt 0.53125 1
vt 0.53125 0.796875
vt 0.078125 0.75
vt 0.078125 1
vt 0.015625 1
vt 0.015625 0.75
vt 0.078125 0.75
vt 0.078125 1
vt 0.015625 1
vt 0.015625 0.75
vt 0.0625 0.921875
vt 0.0625 0.984375
vt 0 0.984375
vt 0 0.921875
vt 0.0625 0.921875
vt 0.0625 0.984375
vt 0 0.984375
vt 0 0.921875
vt 0.0625 0.75
vt 0.0625 1
vt 0 1
vt 0 0.75
vt 0.078125 0.75
vt 0.078125 1
vt 0.015625 1
vt 0.015625 0.75
vt 0.078125 0.859375
vt 0.078125 1
vt 0.015625 1
vt 0.015625 0.859375
vt 0.078125 0.859375
vt 0.078125 1
vt 0.015625 1
vt 0.015625 0.859375
vt 0.0625 0.921875
vt 0.0625 0.984375
vt 0 0.984375
vt 0 0.921875
vt 0.0625 0.921875
vt 0.0625 0.984375
vt 0 0.984375
vt 0 0.921875
vt 0.0625 0.859375
vt 0.0625 1
vt 0 1
vt 0 0.859375
vt 0.078125 0.859375
vt 0.078125 1
vt 0.015625 1
vt 0.015625 0.859375
vt 0.078125 0.75
vt 0.078125 1
vt 0.015625 1
vt 0.015625 0.75
vt 0.078125 0.75
vt 0.078125 1
vt 0.015625 1
vt 0.015625 0.75
vt 0.0625 0.921875
vt 0.0625 0.984375
vt 0 0.984375
vt 0 0.921875
vt 0.0625 0.921875
vt 0.0625 0.984375
vt 0 0.984375
vt 0 0.921875
vt 0.0625 0.75
vt 0.0625 1
vt 0 1
vt 0 0.75
vt 0.078125 0.75
vt 0.078125 1
vt 0.015625 1
vt 0.015625 0.75
vt 0.078125 0.796875
vt 0.078125 1
vt 0.015625 1
vt 0.015625 0.796875
vt 0.078125 0.796875
vt 0.078125 1
vt 0.015625 1
vt 0.015625 0.796875
vt 0.0625 0.921875
vt 0.0625 0.984375
vt 0 0.984375
vt 0 0.921875
vt 0.0625 0.921875
vt 0.0625 0.984375
vt 0 0.984375
vt 0 0.921875
vt 0.0625 0.796875
vt 0.0625 1
vt 0 1
vt 0 0.796875
vt 0.078125 0.796875
vt 0.078125 1
vt 0.015625 1
vt 0.015625 0.796875
vt 0.03125 0.96875
vt 0.03125 0.984375
vt 0.015625 0.984375
vt 0.015625 0.96875
vt 0.015625 0.96875
vt 0.015625 0.984375
vt 0 0.984375
vt 0 0.96875
vt 0.0625 0.984375
vt 0.0625 1
vt 0.015625 1
vt 0.015625 0.984375
vt 0.0625 0.96875
vt 0.0625 0.984375
vt 0.015625 0.984375
vt 0.015625 0.96875
vt 0.0625 0.96875
vt 0.0625 0.984375
vt 0.015625 0.984375
vt 0.015625 0.96875
vt 0.046875 0.96875
vt 0.046875 0.984375
vt 0 0.984375
vt 0 0.96875
vt 0.03125 0.96875
vt 0.03125 0.984375
vt 0.015625 0.984375
vt 0.015625 0.96875
vt 0.015625 0.96875
vt 0.015625 0.984375
vt 0 0.984375
vt 0 0.96875
vt 0.0625 0.984375
vt 0.0625 1
vt 0.015625 1
vt 0.015625 0.984375
vt 0.0625 0.96875
vt 0.0625 0.984375
vt 0.015625 0.984375
vt 0.015625 0.96875
vt 0.0625 0.96875
vt 0.0625 0.984375
vt 0.015625 0.984375
vt 0.015625 0.96875
vt 0.046875 0.96875
vt 0.046875 0.984375
vt 0 0.984375
vt 0 0.96875
vt 0.046875 0.96875
vt 0.046875 0.984375
vt 0.015625 0.984375
vt 0.015625 0.96875
vt 0.03125 0.96875
vt 0.03125 0.984375
vt 0 0.984375
vt 0 0.96875
vt 0.0625 0.96875
vt 0.0625 1
vt 0.046875 1
vt 0.046875 0.96875
vt 0.0625 0.953125
vt 0.0625 0.984375
vt 0.046875 0.984375
vt 0.046875 0.953125
vt 0.0625 0.96875
vt 0.0625 0.984375
vt 0.046875 0.984375
vt 0.046875 0.96875
vt 0.015625 0.96875
vt 0.015625 0.984375
vt 0 0.984375
vt 0 0.96875
vt 0.03125 0.96875
vt 0.03125 0.984375
vt 0.015625 0.984375
vt 0.015625 0.96875
vt 0.015625 0.96875
vt 0.015625 0.984375
vt 0 0.984375
vt 0 0.96875
vt 0.0625 0.984375
vt 0.0625 1
vt 0.015625 1
vt 0.015625 0.984375
vt 0.0625 0.96875
vt 0.0625 0.984375
vt 0.015625 0.984375
vt 0.015625 0.96875
vt 0.0625 0.96875
vt 0.0625 0.984375
vt 0.015625 0.984375
vt 0.015625 0.96875
vt 0.046875 0.96875
vt 0.046875 0.984375
vt 0 0.984375
vt 0 0.96875
vt 0.046875 0.96875
vt 0.046875 0.984375
vt 0.015625 0.984375
vt 0.015625 0.96875
vt 0.03125 0.96875
vt 0.03125 0.984375
vt 0 0.984375
vt 0 0.96875
vt 0.0625 0.96875
vt 0.0625 1
vt 0.046875 1
vt 0.046875 0.96875
vt 0.0625 0.953125
vt 0.0625 0.984375
vt 0.046875 0.984375
vt 0.046875 0.953125
vt 0.0625 0.96875
vt 0.0625 0.984375
vt 0.046875 0.984375
vt 0.046875 0.96875
vt 0.015625 0.96875
vt 0.015625 0.984375
vt 0 0.984375
vt 0 0.96875
vt 0.03125 0.96875
vt 0.03125 0.984375
vt 0.015625 0.984375
vt 0.015625 0.96875
vt 0.015625 0.96875
vt 0.015625 0.984375
vt 0 0.984375
vt 0 0.96875
vt 0.0625 0.984375
vt 0.0625 1
vt 0.015625 1
vt 0.015625 0.984375
vt 0.0625 0.96875
vt 0.0625 0.984375
vt 0.015625 0.984375
vt 0.015625 0.96875
vt 0.0625 0.96875
vt 0.0625 0.984375
vt 0.015625 0.984375
vt 0.015625 0.96875
vt 0.046875 0.96875
vt 0.046875 0.984375
vt 0 0.984375
vt 0 0.96875
vt 0.03125 0.96875
vt 0.03125 0.984375
vt 0.015625 0.984375
vt 0.015625 0.96875
vt 0.015625 0.96875
vt 0.015625 0.984375
vt 0 0.984375
vt 0 0.96875
vt 0.0625 0.984375
vt 0.0625 1
vt 0.015625 1
vt 0.015625 0.984375
vt 0.0625 0.96875
vt 0.0625 0.984375
vt 0.015625 0.984375
vt 0.015625 0.96875
vt 0.0625 0.96875
vt 0.0625 0.984375
vt 0.015625 0.984375
vt 0.015625 0.96875
vt 0.046875 0.96875
vt 0.046875 0.984375
vt 0 0.984375
vt 0 0.96875
vt 0.046875 0.96875
vt 0.046875 0.984375
vt 0.015625 0.984375
vt 0.015625 0.96875
vt 0.03125 0.96875
vt 0.03125 0.984375
vt 0 0.984375
vt 0 0.96875
vt 0.0625 0.96875
vt 0.0625 1
vt 0.046875 1
vt 0.046875 0.96875
vt 0.0625 0.953125
vt 0.0625 0.984375
vt 0.046875 0.984375
vt 0.046875 0.953125
vt 0.0625 0.96875
vt 0.0625 0.984375
vt 0.046875 0.984375
vt 0.046875 0.96875
vt 0.015625 0.96875
vt 0.015625 0.984375
vt 0 0.984375
vt 0 0.96875
vt 0.03125 0.96875
vt 0.03125 0.984375
vt 0.015625 0.984375
vt 0.015625 0.96875
vt 0.015625 0.96875
vt 0.015625 0.984375
vt 0 0.984375
vt 0 0.96875
vt 0.0625 0.984375
vt 0.0625 1
vt 0.015625 1
vt 0.015625 0.984375
vt 0.0625 0.96875
vt 0.0625 0.984375
vt 0.015625 0.984375
vt 0.015625 0.96875
vt 0.0625 0.96875
vt 0.0625 0.984375
vt 0.015625 0.984375
vt 0.015625 0.96875
vt 0.046875 0.96875
vt 0.046875 0.984375
vt 0 0.984375
vt 0 0.96875
vt 0.03125 0.75
vt 0.03125 1
vt 0 1
vt 0 0.75
vt 0.03125 0.75
vt 0.03125 1
vt 0 1
vt 0 0.75
vt 0.046875 0.96875
vt 0.046875 1
vt 0 1
vt 0 0.96875
vt 0.046875 0.96875
vt 0.046875 1
vt 0 1
vt 0 0.96875
vt 0.046875 0.75
vt 0.046875 1
vt 0 1
vt 0 0.75
vt 0.046875 0.75
vt 0.046875 1
vt 0 1
vt 0 0.75
vt 0.03125 0.75
vt 0.03125 1
vt 0 1
vt 0 0.75
vt 0.03125 0.75
vt 0.03125 1
vt 0 1
vt 0 0.75
vt 0.046875 0.96875
vt 0.046875 1
vt 0 1
vt 0 0.96875
vt 0.046875 0.96875
vt 0.046875 1
vt 0 1
vt 0 0.96875
vt 0.046875 0.75
vt 0.046875 1
vt 0 1
vt 0 0.75
vt 0.046875 0.75
vt 0.046875 1
vt 0 1
vt 0 0.75
vt 0.171875 0.9375
vt 0.171875 0.953125
vt 0.109375 0.953125
vt 0.109375 0.9375
vt 0.171875 0.9375
vt 0.171875 0.953125
vt 0.109375 0.953125
vt 0.109375 0.9375
vt 0.028125 0.9375
vt 0.028125 1
vt 0 1
vt 0 0.9375
vt 0.028125 0.9375
vt 0.028125 1
vt 0 1
vt 0 0.9375
vt 0.028125 0.984375
vt 0.028125 1
vt 0 1
vt 0 0.984375
vt 0.028125 0.984375
vt 0.028125 1
vt 0 1
vt 0 0.984375
vt 0.15625 0.90625
vt 0.15625 0.921875
vt 0.09375 0.921875
vt 0.09375 0.90625
vt 0.15625 0.90625
vt 0.15625 0.921875
vt 0.09375 0.921875
vt 0.09375 0.90625
vt 0.046875 0.9375
vt 0.046875 1
vt 0 1
vt 0 0.9375
vt 0.046875 0.9375
vt 0.046875 1
vt 0 1
vt 0 0.9375
vt 0.140625 0.90625
vt 0.140625 0.921875
vt 0.09375 0.921875
vt 0.09375 0.90625
vt 0.140625 0.90625
vt 0.140625 0.921875
vt 0.09375 0.921875
vt 0.09375 0.90625
vt 0.15625 0.875
vt 0.15625 0.921875
vt 0.09375 0.921875
vt 0.09375 0.875
vt 0.15625 0.875
vt 0.15625 0.921875
vt 0.09375 0.921875
vt 0.09375 0.875
vt 0.046875 0.9375
vt 0.046875 1
vt 0 1
vt 0 0.9375
vt 0.046875 0.9375
vt 0.046875 1
vt 0 1
vt 0 0.9375
vt 0.140625 0.90625
vt 0.140625 0.921875
vt 0.09375 0.921875
vt 0.09375 0.90625
vt 0.140625 0.90625
vt 0.140625 0.921875
vt 0.09375 0.921875
vt 0.09375 0.90625
vt 0.75 0.71875
vt 0.75 0.734375
vt 0.734375 0.734375
vt 0.734375 0.71875
vt 0.75 0.71875
vt 0.75 0.734375
vt 0.734375 0.734375
vt 0.734375 0.71875
vt 0.609375 0.71875
vt 0.609375 0.734375
vt 0.5 0.734375
vt 0.5 0.71875
vt 0.609375 0.71875
vt 0.609375 0.734375
vt 0.5 0.734375
vt 0.5 0.71875
vt 0.609375 0.71875
vt 0.609375 0.734375
vt 0.5 0.734375
vt 0.5 0.71875
vt 0.609375 0.71875
vt 0.609375 0.734375
vt 0.5 0.734375
vt 0.5 0.71875
vt 0.75 0.71875
vt 0.75 0.734375
vt 0.734375 0.734375
vt 0.734375 0.71875
vt 0.75 0.71875
vt 0.75 0.734375
vt 0.734375 0.734375
vt 0.734375 0.71875
vt 0.609375 0.71875
vt 0.609375 0.734375
vt 0.5 0.734375
vt 0.5 0.71875
vt 0.609375 0.71875
vt 0.609375 0.734375
vt 0.5 0.734375
vt 0.5 0.71875
vt 0.609375 0.71875
vt 0.609375 0.734375
vt 0.5 0.734375
vt 0.5 0.71875
vt 0.609375 0.71875
vt 0.609375 0.734375
vt 0.5 0.734375
vt 0.5 0.71875
vt 0.75 0.71875
vt 0.75 0.734375
vt 0.734375 0.734375
vt 0.734375 0.71875
vt 0.75 0.71875
vt 0.75 0.734375
vt 0.734375 0.734375
vt 0.734375 0.71875
vt 0.609375 0.71875
vt 0.609375 0.734375
vt 0.5 0.734375
vt 0.5 0.71875
vt 0.609375 0.71875
vt 0.609375 0.734375
vt 0.5 0.734375
vt 0.5 0.71875
vt 0.609375 0.71875
vt 0.609375 0.734375
vt 0.5 0.734375
vt 0.5 0.71875
vt 0.609375 0.71875
vt 0.609375 0.734375
vt 0.5 0.734375
vt 0.5 0.71875
vt 0.75 0.71875
vt 0.75 0.734375
vt 0.734375 0.734375
vt 0.734375 0.71875
vt 0.75 0.71875
vt 0.75 0.734375
vt 0.734375 0.734375
vt 0.734375 0.71875
vt 0.609375 0.71875
vt 0.609375 0.734375
vt 0.5 0.734375
vt 0.5 0.71875
vt 0.609375 0.71875
vt 0.609375 0.734375
vt 0.5 0.734375
vt 0.5 0.71875
vt 0.609375 0.71875
vt 0.609375 0.734375
vt 0.5 0.734375
vt 0.5 0.71875
vt 0.609375 0.71875
vt 0.609375 0.734375
vt 0.5 0.734375
vt 0.5 0.71875
vt 0.1875 0.578125
vt 0.1875 0.6875
vt 0 0.6875
vt 0 0.578125
vt 0.1875 0.578125
vt 0.1875 0.6875
vt 0 0.6875
vt 0 0.578125
vt 0.1875 0.5
vt 0.1875 0.6875
vt 0 0.6875
vt 0 0.5
vt 0.1875 0.5
vt 0.1875 0.6875
vt 0 0.6875
vt 0 0.5
vt 0.1875 0.578125
vt 0.1875 0.6875
vt 0 0.6875
vt 0 0.578125
vt 0.1875 0.578125
vt 0.1875 0.6875
vt 0 0.6875
vt 0 0.578125
vt 0.140625 0.984375
vt 0.140625 1
vt 0.015625 1
vt 0.015625 0.984375
vt 0.140625 0.984375
vt 0.140625 1
vt 0.015625 1
vt 0.015625 0.984375
vt 0.15625 0.859375
vt 0.15625 0.984375
vt 0 0.984375
vt 0 0.859375
vt 0.15625 0.859375
vt 0.15625 0.984375
vt 0 0.984375
vt 0 0.859375
vt 0.15625 0.984375
vt 0.15625 1
vt 0 1
vt 0 0.984375
vt 0.15625 0.984375
vt 0.15625 1
vt 0 1
vt 0 0.984375
vt 0.0203125 0.96875
vt 0.0203125 1
vt 0 1
vt 0 0.96875
vt 0.028125 0.96875
vt 0.028125 1
vt 0.0078125 1
vt 0.0078125 0.96875
vt 0.078125 0.971875
vt 0.078125 0.9921875
vt 0 0.9921875
vt 0 0.971875
vt 0.078125 0.9796875
vt 0.078125 1
vt 0 1
vt 0 0.9796875
vt 0.078125 0.96875
vt 0.078125 1
vt 0 1
vt 0 0.96875
vt 0.078125 0.96875
vt 0.078125 1
vt 0 1
vt 0 0.96875
vt 0.0203125 0.96875
vt 0.0203125 1
vt 0 1
vt 0 0.96875
vt 0.028125 0.96875
vt 0.028125 1
vt 0.0078125 1
vt 0.0078125 0.96875
vt 0.078125 0.971875
vt 0.078125 0.9921875
vt 0 0.9921875
vt 0 0.971875
vt 0.078125 0.9796875
vt 0.078125 1
vt 0 1
vt 0 0.9796875
vt 0.078125 0.96875
vt 0.078125 1
vt 0 1
vt 0 0.96875
vt 0.078125 0.96875
vt 0.078125 1
vt 0 1
vt 0 0.96875
vt 0.028125 0.96875
vt 0.028125 1
vt 0.0078125 1
vt 0.0078125 0.96875
vt 0.0203125 0.96875
vt 0.0203125 1
vt 0 1
vt 0 0.96875
vt 0.078125 0.9796875
vt 0.078125 1
vt 0 1
vt 0 0.9796875
vt 0.078125 0.971875
vt 0.078125 0.9921875
vt 0 0.9921875
vt 0 0.971875
vt 0.078125 0.96875
vt 0.078125 1
vt 0 1
vt 0 0.96875
vt 0.078125 0.96875
vt 0.078125 1
vt 0 1
vt 0 0.96875
vt 0.028125 0.96875
vt 0.028125 1
vt 0.0078125 1
vt 0.0078125 0.96875
vt 0.0203125 0.96875
vt 0.0203125 1
vt 0 1
vt 0 0.96875
vt 0.078125 0.9796875
vt 0.078125 1
vt 0 1
vt 0 0.9796875
vt 0.078125 0.971875
vt 0.078125 0.9921875
vt 0 0.9921875
vt 0 0.971875
vt 0.078125 0.96875
vt 0.078125 1
vt 0 1
vt 0 0.96875
vt 0.078125 0.96875
vt 0.078125 1
vt 0 1
vt 0 0.96875
vt 0.515625 0.84375
vt 0.515625 1
vt 0.4375 1
vt 0.4375 0.84375
vt 0.515625 0.84375
vt 0.515625 1
vt 0.4375 1
vt 0.4375 0.84375
vt 0.390625 0.75
vt 0.390625 0.828125
vt 0.265625 0.828125
vt 0.265625 0.75
vt 0.390625 0.75
vt 0.390625 0.828125
vt 0.265625 0.828125
vt 0.265625 0.75
vt 0.390625 0.84375
vt 0.390625 1
vt 0.265625 1
vt 0.265625 0.84375
vt 0.390625 0.84375
vt 0.390625 1
vt 0.265625 1
vt 0.265625 0.84375
vt 0.0125 0.953125
vt 0.0125 1
vt 0 1
vt 0 0.953125
vt 0.090625 0.953125
vt 0.090625 1
vt 0.078125 1
vt 0.078125 0.953125
vt 0.078125 0.909375
vt 0.078125 0.921875
vt 0 0.921875
vt 0 0.909375
vt 0.078125 0.9875
vt 0.078125 1
vt 0 1
vt 0 0.9875
vt 0.078125 0.953125
vt 0.078125 1
vt 0 1
vt 0 0.953125
vt 0.078125 0.953125
vt 0.078125 1
vt 0 1
vt 0 0.953125
vt 0.0125 0.953125
vt 0.0125 1
vt 0 1
vt 0 0.953125
vt 0.090625 0.953125
vt 0.090625 1
vt 0.078125 1
vt 0.078125 0.953125
vt 0.078125 0.909375
vt 0.078125 0.921875
vt 0 0.921875
vt 0 0.909375
vt 0.078125 0.9875
vt 0.078125 1
vt 0 1
vt 0 0.9875
vt 0.078125 0.953125
vt 0.078125 1
vt 0 1
vt 0 0.953125
vt 0.078125 0.953125
vt 0.078125 1
vt 0 1
vt 0 0.953125
vt 0.125 0.984375
vt 0.125 1
vt 0 1
vt 0 0.984375
vt 0.125 0.984375
vt 0.125 1
vt 0 1
vt 0 0.984375
vt 0.21875 0.875
vt 0.21875 1
vt 0.078125 1
vt 0.078125 0.875
vt 0.21875 0.875
vt 0.21875 1
vt 0.078125 1
vt 0.078125 0.875
vt 0.21875 0.984375
vt 0.21875 1
vt 0.078125 1
vt 0.078125 0.984375
vt 0.140625 0.984375
vt 0.140625 1
vt 0 1
vt 0 0.984375
vt 0.109375 0.96875
vt 0.109375 1
vt 0.015625 1
vt 0.015625 0.96875
vt 0.109375 0.96875
vt 0.109375 1
vt 0.015625 1
vt 0.015625 0.96875
vt 0.2109375 0
vt 0.2109375 0.09375
vt 0 0.09375
vt 0 0
vt 0.2265625 0.90625
vt 0.2265625 1
vt 0.015625 1
vt 0.015625 0.90625
vt 0.21875 0.96875
vt 0.21875 1
vt 0.0078125 1
vt 0.0078125 0.96875
vt 0.2109375 0.96875
vt 0.2109375 1
vt 0 1
vt 0 0.96875
vt 0.109375 0.9375
vt 0.109375 0.953125
vt 0.015625 0.953125
vt 0.015625 0.9375
vt 0.109375 0.9375
vt 0.109375 0.953125
vt 0.015625 0.953125
vt 0.015625 0.9375
vt 0.2109375 0
vt 0.2109375 0.09375
vt 0 0.09375
vt 0 0
vt 0.2109375 0
vt 0.2109375 0.09375
vt 0 0.09375
vt 0 0
vt 0.109375 0.9375
vt 0.109375 0.953125
vt 0.0078125 0.953125
vt 0.0078125 0.9375
vt 0.1015625 0.9375
vt 0.1015625 0.953125
vt 0 0.953125
vt 0 0.9375
vt 0.125 1
vt 0.109375 1
vt 0.125 0.96875
vt 0.140625 1
vt 0.125 1
vt 0.125 0.96875
vt 0.140625 0.96875
vt 0.140625 0.984375
vt 0.125 0.984375
vt 0.125 0.96875
vt 0.140625 0.96875
vt 0.140625 1
vt 0.125 1
vt 0.125 0.96875
vt 0.125 0.96875
vt 0.125 1
vt 0.109375 1
vt 0.109375 0.96875
vt 0.125 1
vt 0.109375 1
vt 0.125 0.96875
vt 0.140625 1
vt 0.125 1
vt 0.125 0.96875
vt 0.140625 0.96875
vt 0.140625 0.984375
vt 0.125 0.984375
vt 0.125 0.96875
vt 0.140625 0.96875
vt 0.140625 1
vt 0.125 1
vt 0.125 0.96875
vt 0.125 0.96875
vt 0.125 1
vt 0.109375 1
vt 0.109375 0.96875
vt 0.125 1
vt 0.109375 1
vt 0.125 0.96875
vt 0.140625 1
vt 0.125 1
vt 0.125 0.96875
vt 0.140625 0.96875
vt 0.140625 0.984375
vt 0.125 0.984375
vt 0.125 0.96875
vt 0.140625 0.96875
vt 0.140625 1
vt 0.125 1
vt 0.125 0.96875
vt 0.125 0.96875
vt 0.125 1
vt 0.109375 1
vt 0.109375 0.96875
vt 0.109375 1
vt 0.125 1
vt 0.125 0.96875
vt 0.125 1
vt 0.140625 1
vt 0.125 0.96875
vt 0.125 0.984375
vt 0.140625 0.984375
vt 0.140625 0.96875
vt 0.125 0.96875
vt 0.125 1
vt 0.140625 1
vt 0.140625 0.96875
vt 0.125 0.96875
vt 0.109375 1
vt 0.125 1
vt 0.125 0.96875
vt 0.109375 0.96875
vt 0.109375 1
vt 0.125 1
vt 0.125 0.96875
vt 0.125 1
vt 0.140625 1
vt 0.125 0.96875
vt 0.125 0.984375
vt 0.140625 0.984375
vt 0.140625 0.96875
vt 0.125 0.96875
vt 0.125 1
vt 0.140625 1
vt 0.140625 0.96875
vt 0.125 0.96875
vt 0.109375 1
vt 0.125 1
vt 0.125 0.96875
vt 0.109375 0.96875
vt 0.109375 1
vt 0.125 1
vt 0.125 0.96875
vt 0.125 1
vt 0.140625 1
vt 0.125 0.96875
vt 0.125 0.984375
vt 0.140625 0.984375
vt 0.140625 0.96875
vt 0.125 0.96875
vt 0.125 1
vt 0.140625 1
vt 0.140625 0.96875
vt 0.125 0.96875
vt 0.109375 1
vt 0.125 1
vt 0.125 0.96875
vt 0.109375 0.96875
vt 0.03125 0.9375
vt 0.03125 1
vt 0 1
vt 0 0.9375
vt 0.03125 0.9375
vt 0.03125 1
vt 0 1
vt 0 0.9375
vt 0.03125 0.96875
vt 0.03125 1
vt 0.015625 1
vt 0.015625 0.96875
vt 0.03125 0.96875
vt 0.03125 1
vt 0.015625 1
vt 0.015625 0.96875
vt 0.03125 0.9375
vt 0.03125 1
vt 0.015625 1
vt 0.015625 0.9375
vt 0.015625 0.9375
vt 0.015625 1
vt 0 1
vt 0 0.9375
vt 0.3203125 0.4234375
vt 0.3203125 0.453125
vt 0.3046875 0.453125
vt 0.3046875 0.4234375
vt 0.3203125 0.4234375
vt 0.3203125 0.453125
vt 0.3046875 0.453125
vt 0.3046875 0.4234375
vt 0.328125 0.4296875
vt 0.328125 0.4453125
vt 0.31640625 0.4453125
vt 0.31640625 0.4296875
vt 0.328125 0.4296875
vt 0.328125 0.4453125
vt 0.31640625 0.4453125
vt 0.31640625 0.4296875
vt 0.328125 0.4234375
vt 0.328125 0.453125
vt 0.31640625 0.453125
vt 0.31640625 0.4234375
vt 0.30859375 0.4234375
vt 0.30859375 0.453125
vt 0.296875 0.453125
vt 0.296875 0.4234375
vt 0.3203125 0.4375
vt 0.3203125 0.44921875
vt 0.3046875 0.44921875
vt 0.3046875 0.4375
vt 0.3203125 0.4375
vt 0.3203125 0.44921875
vt 0.3046875 0.44921875
vt 0.3046875 0.4375
vt 0.34765625 0.4296875
vt 0.34765625 0.4453125
vt 0.296875 0.4453125
vt 0.296875 0.4296875
vt 0.34765625 0.4296875
vt 0.34765625 0.4453125
vt 0.296875 0.4453125
vt 0.296875 0.4296875
vt 0.34765625 0.4375
vt 0.34765625 0.44921875
vt 0.296875 0.44921875
vt 0.296875 0.4375
vt 0.35546875 0.4375
vt 0.35546875 0.44921875
vt 0.3046875 0.44921875
vt 0.3046875 0.4375
vt 0.3203125 0.4375
vt 0.3203125 0.44921875
vt 0.3046875 0.44921875
vt 0.3046875 0.4375
vt 0.3203125 0.4375
vt 0.3203125 0.44921875
vt 0.3046875 0.44921875
vt 0.3046875 0.4375
vt 0.35546875 0.4296875
vt 0.35546875 0.4453125
vt 0.32421875 0.4453125
vt 0.32421875 0.4296875
vt 0.35546875 0.4296875
vt 0.35546875 0.4453125
vt 0.32421875 0.4453125
vt 0.32421875 0.4296875
vt 0.35546875 0.4375
vt 0.35546875 0.44921875
vt 0.32421875 0.44921875
vt 0.32421875 0.4375
vt 0.328125 0.4375
vt 0.328125 0.44921875
vt 0.296875 0.44921875
vt 0.296875 0.4375
vt 0.3203125 0.4375
vt 0.3203125 0.44921875
vt 0.3046875 0.44921875
vt 0.3046875 0.4375
vt 0.3203125 0.4375
vt 0.3203125 0.44921875
vt 0.3046875 0.44921875
vt 0.3046875 0.4375
vt 0.35546875 0.4296875
vt 0.35546875 0.4453125
vt 0.296875 0.4453125
vt 0.296875 0.4296875
vt 0.35546875 0.4296875
vt 0.35546875 0.4453125
vt 0.296875 0.4453125
vt 0.296875 0.4296875
vt 0.35546875 0.4375
vt 0.35546875 0.44921875
vt 0.296875 0.44921875
vt 0.296875 0.4375
vt 0.35546875 0.4375
vt 0.35546875 0.44921875
vt 0.296875 0.44921875
vt 0.296875 0.4375
vt 0.0234375 0.953125
vt 0.0234375 0.984375
vt 0.0078125 0.984375
vt 0.0078125 0.953125
vt 0.0234375 0.953125
vt 0.0234375 0.984375
vt 0.0078125 0.984375
vt 0.0078125 0.953125
vt 0.0234375 0.9765625
vt 0.0234375 0.9921875
vt 0.0078125 0.9921875
vt 0.0078125 0.9765625
vt 0.0234375 0.984375
vt 0.0234375 0.953125
vt 0.0078125 0.953125
vt 0.0078125 0.984375
vt 0.0234375 0.953125
vt 0.0078125 0.953125
vt 0.0078125 0.984375
vt 0.0234375 0.984375
vt 0.0234375 0.953125
vt 0.0078125 0.953125
vt 0.0078125 0.984375
vt 0.0234375 0.984375
vt 0.0234375 0.953125
vt 0.0078125 0.953125
vt 0.0078125 0.9921875
vt 0.0234375 0.9921875
vt 0.0234375 0.9765625
vt 0.0078125 0.9765625
vt 0.0234375 0.953125
vt 0.0234375 0.984375
vt 0.0078125 0.953125
vt 0.0234375 0.953125
vt 0.0078125 0.984375
vt 0.0078125 0.953125
vt 0.0234375 0.953125
vt 0.0234375 0.984375
vt 0.0078125 0.984375
vt 0.0078125 0.953125
vt 0.0234375 0.953125
vt 0.0234375 0.984375
vt 0.0078125 0.984375
vt 0.0078125 0.953125
vt 0.0234375 0.9765625
vt 0.0234375 0.9921875
vt 0.0078125 0.9921875
vt 0.0078125 0.9765625
vt 0.0234375 0.984375
vt 0.0234375 0.953125
vt 0.0078125 0.953125
vt 0.0078125 0.984375
vt 0.0234375 0.953125
vt 0.0078125 0.953125
vt 0.0078125 0.984375
vt 0.0234375 0.984375
vt 0.0234375 0.953125
vt 0.0078125 0.953125
vt 0.0078125 0.984375
vt 0.0234375 0.984375
vt 0.0234375 0.953125
vt 0.0078125 0.953125
vt 0.0078125 0.9921875
vt 0.0234375 0.9921875
vt 0.0234375 0.9765625
vt 0.0078125 0.9765625
vt 0.0234375 0.953125
vt 0.0234375 0.984375
vt 0.0078125 0.953125
vt 0.0234375 0.953125
vt 0.0078125 0.984375
vt 0.0078125 0.953125
vt 1 0.875
vt 1 0.9375
vt 0 0.9375
vt 0 0.875
vt 1 0.875
vt 1 0.9375
vt 0 0.9375
vt 0 0.875
vt 1 0
vt 1 1
vt 0.25 1
vt 0.25 0
vt 1 0
vt 1 1
vt 0.25 1
vt 0.25 0
vt 1 0.875
vt 1 0.9375
vt 0.25 0.9375
vt 0.25 0.875
vt 0.75 0.875
vt 0.75 0.9375
vt 0 0.9375
vt 0 0.875
vt 1 0.875
vt 1 0.9375
vt 0.5625 0.9375
vt 0.5625 0.875
vt 0.4375 0.875
vt 0.4375 0.9375
vt 0 0.9375
vt 0 0.875
vt 1 0.5625
vt 1 1
vt 0.9375 1
vt 0.9375 0.5625
vt 1 0
vt 1 0.4375
vt 0.9375 0.4375
vt 0.9375 0
vt 1 0.875
vt 1 0.9375
vt 0.9375 0.9375
vt 0.9375 0.875
vt 0.0625 0.875
vt 0.0625 0.9375
vt 0 0.9375
vt 0 0.875
vt 1 0.875
vt 1 0.9375
vt 0.5625 0.9375
vt 0.5625 0.875
vt 0.4375 0.875
vt 0.4375 0.9375
vt 0 0.9375
vt 0 0.875
vt 1 0.5625
vt 1 1
vt 0.9375 1
vt 0.9375 0.5625
vt 1 0
vt 1 0.4375
vt 0.9375 0.4375
vt 0.9375 0
vt 1 0.875
vt 1 0.9375
vt 0.9375 0.9375
vt 0.9375 0.875
vt 0.0625 0.875
vt 0.0625 0.9375
vt 0 0.9375
vt 0 0.875
vt 0.0625 0.875
vt 0.0625 0.9375
vt 0 0.9375
vt 0 0.875
vt 1 0.875
vt 1 0.9375
vt 0.9375 0.9375
vt 0.9375 0.875
vt 1 0
vt 1 0.0625
vt 0.25 0.0625
vt 0.25 0
vt 1 0.9375
vt 1 1
vt 0.25 1
vt 0.25 0.9375
vt 1 0.875
vt 1 0.9375
vt 0.25 0.9375
vt 0.25 0.875
vt 0.75 0.875
vt 0.75 0.9375
vt 0 0.9375
vt 0 0.875
vt 0.0625 0.875
vt 0.0625 0.9375
vt 0 0.9375
vt 0 0.875
vt 1 0.875
vt 1 0.9375
vt 0.9375 0.9375
vt 0.9375 0.875
vt 0.9375 0
vt 0.9375 0.0625
vt 0.3125 0.0625
vt 0.3125 0
vt 0.9375 0.9375
vt 0.9375 1
vt 0.3125 1
vt 0.3125 0.9375
vt 0.9375 0.875
vt 0.9375 0.9375
vt 0.3125 0.9375
vt 0.3125 0.875
vt 0.6875 0.875
vt 0.6875 0.9375
vt 0.0625 0.9375
vt 0.0625 0.875
vt 0.0625 0.875
vt 0.0625 0.9375
vt 0 0.9375
vt 0 0.875
vt 1 0.875
vt 1 0.9375
vt 0.9375 0.9375
vt 0.9375 0.875
vt 0.9375 0
vt 0.9375 0.0625
vt 0.3125 0.0625
vt 0.3125 0
vt 0.9375 0.9375
vt 0.9375 1
vt 0.3125 1
vt 0.3125 0.9375
vt 0.9375 0.875
vt 0.9375 0.9375
vt 0.3125 0.9375
vt 0.3125 0.875
vt 0.6875 0.875
vt 0.6875 0.9375
vt 0.0625 0.9375
vt 0.0625 0.875
vt 0.0625 0
vt 0.0625 0.9375
vt 0 0.9375
vt 0 0
vt 1 0
vt 1 0.9375
vt 0.9375 0.9375
vt 0.9375 0
vt 0.3125 0
vt 0.3125 0.0625
vt 0.25 0.0625
vt 0.25 0
vt 0.3125 0.9375
vt 0.3125 1
vt 0.25 1
vt 0.25 0.9375
vt 0.3125 0
vt 0.3125 0.9375
vt 0.25 0.9375
vt 0.25 0
vt 0.75 0
vt 0.75 0.9375
vt 0.6875 0.9375
vt 0.6875 0
vt 0.0625 0
vt 0.0625 0.9375
vt 0 0.9375
vt 0 0
vt 1 0
vt 1 0.9375
vt 0.9375 0.9375
vt 0.9375 0
vt 0.3125 0
vt 0.3125 0.0625
vt 0.25 0.0625
vt 0.25 0
vt 0.3125 0.9375
vt 0.3125 1
vt 0.25 1
vt 0.25 0.9375
vt 0.3125 0
vt 0.3125 0.9375
vt 0.25 0.9375
vt 0.25 0
vt 0.75 0
vt 0.75 0.9375
vt 0.6875 0.9375
vt 0.6875 0
vt 0.0625 0
vt 0.0625 0.9375
vt 0 0.9375
vt 0 0
vt 1 0
vt 1 0.9375
vt 0.9375 0.9375
vt 0.9375 0
vt 0.3125 0
vt 0.3125 0.0625
vt 0.25 0.0625
vt 0.25 0
vt 0.3125 0.9375
vt 0.3125 1
vt 0.25 1
vt 0.25 0.9375
vt 0.3125 0
vt 0.3125 0.9375
vt 0.25 0.9375
vt 0.25 0
vt 0.75 0
vt 0.75 0.9375
vt 0.6875 0.9375
vt 0.6875 0
vt 0.0625 0
vt 0.0625 0.9375
vt 0 0.9375
vt 0 0
vt 1 0
vt 1 0.9375
vt 0.9375 0.9375
vt 0.9375 0
vt 0.3125 0
vt 0.3125 0.0625
vt 0.25 0.0625
vt 0.25 0
vt 0.3125 0.9375
vt 0.3125 1
vt 0.25 1
vt 0.25 0.9375
vt 0.3125 0
vt 0.3125 0.9375
vt 0.25 0.9375
vt 0.25 0
vt 0.75 0
vt 0.75 0.9375
vt 0.6875 0.9375
vt 0.6875 0
vt 0.9375 0.875
vt 0.9375 0.9375
vt 0 0.9375
vt 0 0.875
vt 1 0.875
vt 1 0.9375
vt 0.0625 0.9375
vt 0.0625 0.875
vt 0.3125 0
vt 0.3125 0.9375
vt 0.25 0.9375
vt 0.25 0
vt 0.3125 0.0625
vt 0.3125 1
vt 0.25 1
vt 0.25 0.0625
vt 0.3125 0.875
vt 0.3125 0.9375
vt 0.25 0.9375
vt 0.25 0.875
vt 0.75 0.875
vt 0.75 0.9375
vt 0.6875 0.9375
vt 0.6875 0.875
vt 0.9375 0.875
vt 0.9375 0.9375
vt 0 0.9375
vt 0 0.875
vt 1 0.875
vt 1 0.9375
vt 0.0625 0.9375
vt 0.0625 0.875
vt 0.3125 0
vt 0.3125 0.9375
vt 0.25 0.9375
vt 0.25 0
vt 0.3125 0.0625
vt 0.3125 1
vt 0.25 1
vt 0.25 0.0625
vt 0.3125 0.875
vt 0.3125 0.9375
vt 0.25 0.9375
vt 0.25 0.875
vt 0.75 0.875
vt 0.75 0.9375
vt 0.6875 0.9375
vt 0.6875 0.875
vt 0.9375 0.875
vt 0.9375 0.9375
vt 0 0.9375
vt 0 0.875
vt 1 0.875
vt 1 0.9375
vt 0.0625 0.9375
vt 0.0625 0.875
vt 0.21875 0
vt 0.21875 0.9375
vt 0.03125 0.9375
vt 0.03125 0
vt 0.21875 0.0625
vt 0.21875 1
vt 0.03125 1
vt 0.03125 0.0625
vt 0.21875 0.875
vt 0.21875 0.9375
vt 0.03125 0.9375
vt 0.03125 0.875
vt 0.59375 0.875
vt 0.59375 0.9375
vt 0.40625 0.9375
vt 0.40625 0.875
vt 0.9375 0.8125
vt 0.9375 0.9375
vt 0 0.9375
vt 0 0.8125
vt 1 0.8125
vt 1 0.9375
vt 0.0625 0.9375
vt 0.0625 0.8125
vt 0.21875 0
vt 0.21875 0.9375
vt 0.15625 0.9375
vt 0.15625 0
vt 0.21875 0.0625
vt 0.21875 1
vt 0.15625 1
vt 0.15625 0.0625
vt 0.21875 0.8125
vt 0.21875 0.9375
vt 0.15625 0.9375
vt 0.15625 0.8125
vt 0.46875 0.8125
vt 0.46875 0.9375
vt 0.40625 0.9375
vt 0.40625 0.8125
vt 0.46875 0.46875
vt 0.46875 0.671875
vt 0.453125 0.671875
vt 0.453125 0.46875
vt 0.296875 0.46875
vt 0.296875 0.671875
vt 0.28125 0.671875
vt 0.28125 0.46875
vt 0.46875 0.65625
vt 0.46875 0.671875
vt 0.28125 0.671875
vt 0.28125 0.65625
vt 0.46875 0.46875
vt 0.46875 0.484375
vt 0.28125 0.484375
vt 0.28125 0.46875
vt 0.46875 0.46875
vt 0.46875 0.671875
vt 0.28125 0.671875
vt 0.28125 0.46875
vt 0.46875 0.46875
vt 0.46875 0.671875
vt 0.28125 0.671875
vt 0.28125 0.46875
vt 0.46875 0.46875
vt 0.46875 0.671875
vt 0.4375 0.671875
vt 0.4375 0.46875
vt 0.3125 0.46875
vt 0.3125 0.671875
vt 0.28125 0.671875
vt 0.28125 0.46875
vt 0.46875 0.640625
vt 0.46875 0.671875
vt 0.28125 0.671875
vt 0.28125 0.640625
vt 0.46875 0.46875
vt 0.46875 0.5
vt 0.28125 0.5
vt 0.28125 0.46875
vt 0.46875 0.46875
vt 0.46875 0.671875
vt 0.28125 0.671875
vt 0.28125 0.46875
vt 0.03125 0.109375
vt 0.03125 0.125
vt 0 0.125
vt 0 0.109375
vt 0.3247625 0.6752374999999999
vt 0.375 0.7622625000000001
vt 0.1875 0.8125
vt 0.375 0.7622625000000001
vt 0.375 0.8627374999999999
vt 0.1875 0.8125
vt 0.375 0.8627374999999999
vt 0.3247625 0.9497625
vt 0.1875 0.8125
vt 0.3247625 0.9497625
vt 0.2377375 1
vt 0.1875 0.8125
vt 0.2377375 1
vt 0.1372625 1
vt 0.1875 0.8125
vt 0.1372625 1
vt 0.0502375 0.9497625
vt 0.1875 0.8125
vt 0.0502375 0.9497625
vt 0 0.8627374999999999
vt 0.1875 0.8125
vt 0 0.8627374999999999
vt 0 0.7622625000000001
vt 0.1875 0.8125
vt 0 0.7622625000000001
vt 0.0502375 0.6752374999999999
vt 0.1875 0.8125
vt 0.0502375 0.6752374999999999
vt 0.1372625 0.625
vt 0.1875 0.8125
vt 0.1372625 0.625
vt 0.2377375 0.625
vt 0.1875 0.8125
vt 0.2377375 0.625
vt 0.3247625 0.6752374999999999
vt 0.1875 0.8125
vt 0.296875 0.34375
vt 0.31048125 0.34375
vt 0.31048125 0.359375
vt 0.296875 0.359375
vt 0.306775 0.359375
vt 0.296875 0.359375
vt 0.296875 0.34375
vt 0.306775 0.34375
vt 0.296875 0.35752125
vt 0.296875 0.34762140625000004
vt 0.30379265625 0.3457678125
vt 0.30379203125 0.359375
vt 0.296875 0.3524575
vt 0.3104821875 0.3524575
vt 0.30862828125 0.359375
vt 0.2987284375 0.35937453124999996
vt 0.296875 0.34375
vt 0.31048125 0.34375
vt 0.31048125 0.359375
vt 0.296875 0.359375
vt 0.306775 0.359375
vt 0.296875 0.359375
vt 0.296875 0.34375
vt 0.306775 0.34375
vt 0.296875 0.3575215625
vt 0.296875 0.34762171875000003
vt 0.30379203125 0.3457678125
vt 0.30379265625 0.359375
vt 0.296875 0.3524575
vt 0.3104821875 0.3524575
vt 0.30862859375 0.35937453124999996
vt 0.29872890625 0.359375
vt 0.296875 0.34375
vt 0.31048125 0.34375
vt 0.31048125 0.359375
vt 0.296875 0.359375
vt 0.306775 0.359375
vt 0.296875 0.359375
vt 0.296875 0.34375
vt 0.306775 0.34375
vt 0.296875 0.357521875
vt 0.296875 0.34762187499999997
vt 0.3037921875 0.34576874999999996
vt 0.3037921875 0.359375
vt 0.3037921875 0.34576874999999996
vt 0.3037921875 0.359375
vt 0.296875 0.357521875
vt 0.296875 0.34762187499999997
vt 0.296875 0.34375
vt 0.31048125 0.34375
vt 0.31048125 0.359375
vt 0.296875 0.359375
vt 0.306775 0.359375
vt 0.296875 0.359375
vt 0.296875 0.34375
vt 0.306775 0.34375
vt 0.30862828125 0.359375
vt 0.2987284375 0.359375
vt 0.296875 0.35245734375000004
vt 0.3104821875 0.35245796875
vt 0.3037925 0.3457678125
vt 0.3037925 0.359375
vt 0.296875 0.35752109374999996
vt 0.29687546875 0.34762140625000004
vt 0.296875 0.34375
vt 0.31048125 0.34375
vt 0.31048125 0.359375
vt 0.296875 0.359375
vt 0.306775 0.359375
vt 0.296875 0.359375
vt 0.296875 0.34375
vt 0.306775 0.34375
vt 0.30862859375 0.359375
vt 0.29872875 0.359375
vt 0.296875 0.35245796875
vt 0.3104821875 0.35245734375000004
vt 0.3037925 0.3457678125
vt 0.3037925 0.359375
vt 0.29687546875 0.3575215625
vt 0.296875 0.34762171875000003
vt 0.296875 0.34375
vt 0.31048125 0.34375
vt 0.31048125 0.359375
vt 0.296875 0.359375
vt 0.306775 0.359375
vt 0.296875 0.359375
vt 0.296875 0.34375
vt 0.306775 0.34375
vt 0.308628125 0.359375
vt 0.298728125 0.359375
vt 0.296875 0.35245781249999997
vt 0.31048125 0.35245781249999997
vt 0.31048125 0.359375
vt 0.296875 0.359375
vt 0.298728125 0.35245781249999997
vt 0.308628125 0.35245781249999997
vt 0.296875 0.34375
vt 0.31048125 0.34375
vt 0.31048125 0.359375
vt 0.296875 0.359375
vt 0.306775 0.359375
vt 0.296875 0.359375
vt 0.296875 0.34375
vt 0.306775 0.34375
vt 0.30379265625 0.34762171875000003
vt 0.30379265625 0.3575215625
vt 0.296875 0.359375
vt 0.296875625 0.3457678125
vt 0.3104821875 0.359375
vt 0.296875 0.359375
vt 0.29872890625 0.3524575
vt 0.30862859375 0.35245796875
vt 0.296875 0.34375
vt 0.31048125 0.34375
vt 0.31048125 0.359375
vt 0.296875 0.359375
vt 0.306775 0.359375
vt 0.296875 0.359375
vt 0.296875 0.34375
vt 0.306775 0.34375
vt 0.30379265625 0.34762140625000004
vt 0.30379265625 0.35752125
vt 0.296875625 0.359375
vt 0.296875 0.3457678125
vt 0.3104821875 0.359375
vt 0.296875 0.359375
vt 0.2987284375 0.35245796875
vt 0.30862828125 0.3524575
vt 0.296875 0.34375
vt 0.31048125 0.34375
vt 0.31048125 0.359375
vt 0.296875 0.359375
vt 0.306775 0.359375
vt 0.296875 0.359375
vt 0.296875 0.34375
vt 0.306775 0.34375
vt 0.3037921875 0.34762187499999997
vt 0.3037921875 0.357521875
vt 0.296875 0.359375
vt 0.296875 0.34576874999999996
vt 0.296875 0.359375
vt 0.296875 0.34576874999999996
vt 0.3037921875 0.34762187499999997
vt 0.3037921875 0.357521875
vt 0.296875 0.34375
vt 0.31048125 0.34375
vt 0.31048125 0.359375
vt 0.296875 0.359375
vt 0.306775 0.359375
vt 0.296875 0.359375
vt 0.296875 0.34375
vt 0.306775 0.34375
vt 0.29872875 0.35245734375000004
vt 0.30862859375 0.35245734375000004
vt 0.3104821875 0.359375
vt 0.296875 0.359374375
vt 0.296875 0.359375
vt 0.296875 0.3457678125
vt 0.3037925 0.34762171875000003
vt 0.30379203125 0.3575215625
vt 0.296875 0.34375
vt 0.31048125 0.34375
vt 0.31048125 0.359375
vt 0.296875 0.359375
vt 0.306775 0.359375
vt 0.296875 0.359375
vt 0.296875 0.34375
vt 0.306775 0.34375
vt 0.2987284375 0.35245734375000004
vt 0.30862828125 0.35245734375000004
vt 0.3104821875 0.359374375
vt 0.296875 0.359375
vt 0.296875 0.359375
vt 0.296875 0.3457678125
vt 0.30379203125 0.34762140625000004
vt 0.3037925 0.35752109374999996
vt 0.296875 0.34375
vt 0.31048125 0.34375
vt 0.31048125 0.359375
vt 0.296875 0.359375
vt 0.306775 0.359375
vt 0.296875 0.359375
vt 0.296875 0.34375
vt 0.306775 0.34375
vt 0.298728125 0.35245781249999997
vt 0.308628125 0.35245781249999997
vt 0.31048125 0.359375
vt 0.296875 0.359375
vt 0.296875 0.35245781249999997
vt 0.31048125 0.35245781249999997
vt 0.308628125 0.359375
vt 0.298728125 0.359375
vt 0.34375 0.3515625
vt 0.34375 0.359375
vt 0.3125 0.359375
vt 0.3125 0.3515625
vt 0.34375 0.3515625
vt 0.34375 0.359375
vt 0.3125 0.359375
vt 0.3125 0.3515625
vt 0.3125 0.375
vt 0.3125 0.46875
vt 0.28125 0.46875
vt 0.28125 0.375
vt 0.3125 0.375
vt 0.3125 0.46875
vt 0.28125 0.46875
vt 0.28125 0.375
vt 0.359375 0.3671875
vt 0.359375 0.375
vt 0.328125 0.375
vt 0.328125 0.3671875
vt 0.328125 0.3671875
vt 0.328125 0.375
vt 0.296875 0.375
vt 0.296875 0.3671875
vt 0.40625 0.45284734375
vt 0.40625 0.46875
vt 0.390625 0.46875
vt 0.390625 0.45284734375
vt 0.4375 0.45284734375
vt 0.4375 0.46875
vt 0.421875 0.46875
vt 0.421875 0.45284734375
vt 0.3678021875 0.40625
vt 0.3678021875 0.421875
vt 0.3599896875 0.421875
vt 0.3599896875 0.40625
vt 0.3678021875 0.359375
vt 0.3678021875 0.375
vt 0.3599896875 0.375
vt 0.3599896875 0.359375
vt 0.3990521875 0.39034734375
vt 0.3990521875 0.40625
vt 0.3912396875 0.40625
vt 0.3912396875 0.39034734375
vt 0.359375 0.39034734375
vt 0.359375 0.40625
vt 0.3515625 0.40625
vt 0.3515625 0.39034734375
vt 0.375 0.34347234375
vt 0.375 0.359375
vt 0.359375 0.359375
vt 0.359375 0.34347234375
vt 0.40625 0.45284734375
vt 0.40625 0.46875
vt 0.390625 0.46875
vt 0.390625 0.45284734375
vt 0.3678021875 0.453125
vt 0.3678021875 0.46875
vt 0.3599896875 0.46875
vt 0.3599896875 0.453125
vt 0.3990521875 0.421875
vt 0.3990521875 0.4375
vt 0.3912396875 0.4375
vt 0.3912396875 0.421875
vt 0.4146771875 0.45284734375
vt 0.4146771875 0.46875
vt 0.4068646875 0.46875
vt 0.4068646875 0.45284734375
vt 0.34375 0.34347234375
vt 0.34375 0.359375
vt 0.3359375 0.359375
vt 0.3359375 0.34347234375
vt 0.046875 1
vt 0 1
vt 0 0.984375
vt 0.046875 0.984375
vt 0.046875 0.984375
vt 0.046875 1
vt 0 1
vt 0 0.984375
vt 0.375 0.421875
vt 0.421875 0.421875
vt 0.421875 0.46875
vt 0.375 0.46875
vt 0.34375 0.34375
vt 0.34375 0.390625
vt 0.296875 0.390625
vt 0.296875 0.34375
vt 0.375 0.359375
vt 0.375 0.375
vt 0.328125 0.375
vt 0.328125 0.359375
vt 0.390625 0.453125
vt 0.34375 0.453125
vt 0.34375 0.4375
vt 0.390625 0.4375
vt 0.390625 0.359375
vt 0.34375 0.359375
vt 0.34375 0.34375
vt 0.390625 0.34375
vt 0.46875 0.078125
vt 0.46875 0.09375
vt 0.421875 0.09375
vt 0.421875 0.078125
vt 0.3125 0.40625
vt 0.359375 0.40625
vt 0.359375 0.453125
vt 0.3125 0.453125
vt 0.390625 0.390625
vt 0.390625 0.4375
vt 0.34375 0.4375
vt 0.34375 0.390625
vt 0.375 0.328125
vt 0.375 0.34375
vt 0.328125 0.34375
vt 0.328125 0.328125
vt 0.359375 0.453125
vt 0.3125 0.453125
vt 0.3125 0.4375
vt 0.359375 0.4375
vt 0.28125 0.34375
vt 0.29485625 0.34375
vt 0.29485625 0.359375
vt 0.28125 0.359375
vt 0.29115 0.359375
vt 0.28125 0.359375
vt 0.28125 0.34375
vt 0.29115 0.34375
vt 0.28125 0.35752125
vt 0.28125 0.34762140625000004
vt 0.28816765625 0.3457678125
vt 0.28816703125 0.359375
vt 0.28125 0.3524575
vt 0.2948571875 0.3524575
vt 0.29300328125 0.359375
vt 0.2831034375 0.35937453124999996
vt 0.28125 0.34375
vt 0.29485625 0.34375
vt 0.29485625 0.359375
vt 0.28125 0.359375
vt 0.29115 0.359375
vt 0.28125 0.359375
vt 0.28125 0.34375
vt 0.29115 0.34375
vt 0.28125 0.3575215625
vt 0.28125 0.34762171875000003
vt 0.28816703125 0.3457678125
vt 0.28816765625 0.359375
vt 0.28125 0.3524575
vt 0.2948571875 0.3524575
vt 0.29300359375 0.35937453124999996
vt 0.28310390625 0.359375
vt 0.28125 0.34375
vt 0.29485625 0.34375
vt 0.29485625 0.359375
vt 0.28125 0.359375
vt 0.29115 0.359375
vt 0.28125 0.359375
vt 0.28125 0.34375
vt 0.29115 0.34375
vt 0.28125 0.357521875
vt 0.28125 0.34762187499999997
vt 0.2881671875 0.34576874999999996
vt 0.2881671875 0.359375
vt 0.2881671875 0.34576874999999996
vt 0.2881671875 0.359375
vt 0.28125 0.357521875
vt 0.28125 0.34762187499999997
vt 0.28125 0.34375
vt 0.29485625 0.34375
vt 0.29485625 0.359375
vt 0.28125 0.359375
vt 0.29115 0.359375
vt 0.28125 0.359375
vt 0.28125 0.34375
vt 0.29115 0.34375
vt 0.29300328125 0.359375
vt 0.2831034375 0.359375
vt 0.28125 0.35245734375000004
vt 0.2948571875 0.35245796875
vt 0.2881675 0.3457678125
vt 0.2881675 0.359375
vt 0.28125 0.35752109374999996
vt 0.28125046875 0.34762140625000004
vt 0.28125 0.34375
vt 0.29485625 0.34375
vt 0.29485625 0.359375
vt 0.28125 0.359375
vt 0.29115 0.359375
vt 0.28125 0.359375
vt 0.28125 0.34375
vt 0.29115 0.34375
vt 0.29300359375 0.359375
vt 0.28310375 0.359375
vt 0.28125 0.35245796875
vt 0.2948571875 0.35245734375000004
vt 0.2881675 0.3457678125
vt 0.2881675 0.359375
vt 0.28125046875 0.3575215625
vt 0.28125 0.34762171875000003
vt 0.28125 0.34375
vt 0.29485625 0.34375
vt 0.29485625 0.359375
vt 0.28125 0.359375
vt 0.29115 0.359375
vt 0.28125 0.359375
vt 0.28125 0.34375
vt 0.29115 0.34375
vt 0.293003125 0.359375
vt 0.283103125 0.359375
vt 0.28125 0.35245781249999997
vt 0.29485625 0.35245781249999997
vt 0.29485625 0.359375
vt 0.28125 0.359375
vt 0.283103125 0.35245781249999997
vt 0.293003125 0.35245781249999997
vt 0.28125 0.34375
vt 0.29485625 0.34375
vt 0.29485625 0.359375
vt 0.28125 0.359375
vt 0.29115 0.359375
vt 0.28125 0.359375
vt 0.28125 0.34375
vt 0.29115 0.34375
vt 0.28816765625 0.34762171875000003
vt 0.28816765625 0.3575215625
vt 0.28125 0.359375
vt 0.281250625 0.3457678125
vt 0.2948571875 0.359375
vt 0.28125 0.359375
vt 0.28310390625 0.3524575
vt 0.29300359375 0.35245796875
vt 0.28125 0.34375
vt 0.29485625 0.34375
vt 0.29485625 0.359375
vt 0.28125 0.359375
vt 0.29115 0.359375
vt 0.28125 0.359375
vt 0.28125 0.34375
vt 0.29115 0.34375
vt 0.28816765625 0.34762140625000004
vt 0.28816765625 0.35752125
vt 0.281250625 0.359375
vt 0.28125 0.3457678125
vt 0.2948571875 0.359375
vt 0.28125 0.359375
vt 0.2831034375 0.35245796875
vt 0.29300328125 0.3524575
vt 0.28125 0.34375
vt 0.29485625 0.34375
vt 0.29485625 0.359375
vt 0.28125 0.359375
vt 0.29115 0.359375
vt 0.28125 0.359375
vt 0.28125 0.34375
vt 0.29115 0.34375
vt 0.2881671875 0.34762187499999997
vt 0.2881671875 0.357521875
vt 0.28125 0.359375
vt 0.28125 0.34576874999999996
vt 0.28125 0.359375
vt 0.28125 0.34576874999999996
vt 0.2881671875 0.34762187499999997
vt 0.2881671875 0.357521875
vt 0.28125 0.34375
vt 0.29485625 0.34375
vt 0.29485625 0.359375
vt 0.28125 0.359375
vt 0.29115 0.359375
vt 0.28125 0.359375
vt 0.28125 0.34375
vt 0.29115 0.34375
vt 0.28310375 0.35245734375000004
vt 0.29300359375 0.35245734375000004
vt 0.2948571875 0.359375
vt 0.28125 0.359374375
vt 0.28125 0.359375
vt 0.28125 0.3457678125
vt 0.2881675 0.34762171875000003
vt 0.28816703125 0.3575215625
vt 0.28125 0.34375
vt 0.29485625 0.34375
vt 0.29485625 0.359375
vt 0.28125 0.359375
vt 0.29115 0.359375
vt 0.28125 0.359375
vt 0.28125 0.34375
vt 0.29115 0.34375
vt 0.2831034375 0.35245734375000004
vt 0.29300328125 0.35245734375000004
vt 0.2948571875 0.359374375
vt 0.28125 0.359375
vt 0.28125 0.359375
vt 0.28125 0.3457678125
vt 0.28816703125 0.34762140625000004
vt 0.2881675 0.35752109374999996
vt 0.28125 0.34375
vt 0.29485625 0.34375
vt 0.29485625 0.359375
vt 0.28125 0.359375
vt 0.29115 0.359375
vt 0.28125 0.359375
vt 0.28125 0.34375
vt 0.29115 0.34375
vt 0.283103125 0.35245781249999997
vt 0.293003125 0.35245781249999997
vt 0.29485625 0.359375
vt 0.28125 0.359375
vt 0.28125 0.35245781249999997
vt 0.29485625 0.35245781249999997
vt 0.293003125 0.359375
vt 0.283103125 0.359375
vt 0.3247625 0.6752374999999999
vt 0.375 0.7622625000000001
vt 0.1875 0.8125
vt 0.375 0.7622625000000001
vt 0.375 0.8627374999999999
vt 0.1875 0.8125
vt 0.375 0.8627374999999999
vt 0.3247625 0.9497625
vt 0.1875 0.8125
vt 0.3247625 0.9497625
vt 0.2377375 1
vt 0.1875 0.8125
vt 0.2377375 1
vt 0.1372625 1
vt 0.1875 0.8125
vt 0.1372625 1
vt 0.0502375 0.9497625
vt 0.1875 0.8125
vt 0.0502375 0.9497625
vt 0 0.8627374999999999
vt 0.1875 0.8125
vt 0 0.8627374999999999
vt 0 0.7622625000000001
vt 0.1875 0.8125
vt 0 0.7622625000000001
vt 0.0502375 0.6752374999999999
vt 0.1875 0.8125
vt 0.0502375 0.6752374999999999
vt 0.1372625 0.625
vt 0.1875 0.8125
vt 0.1372625 0.625
vt 0.2377375 0.625
vt 0.1875 0.8125
vt 0.2377375 0.625
vt 0.3247625 0.6752374999999999
vt 0.1875 0.8125
vt 0.296875 0.34375
vt 0.31048125 0.34375
vt 0.31048125 0.359375
vt 0.296875 0.359375
vt 0.306775 0.359375
vt 0.296875 0.359375
vt 0.296875 0.34375
vt 0.306775 0.34375
vt 0.296875 0.35752125
vt 0.296875 0.34762140625000004
vt 0.30379265625 0.3457678125
vt 0.30379203125 0.359375
vt 0.296875 0.3524575
vt 0.3104821875 0.3524575
vt 0.30862828125 0.359375
vt 0.2987284375 0.35937453124999996
vt 0.296875 0.34375
vt 0.31048125 0.34375
vt 0.31048125 0.359375
vt 0.296875 0.359375
vt 0.306775 0.359375
vt 0.296875 0.359375
vt 0.296875 0.34375
vt 0.306775 0.34375
vt 0.296875 0.3575215625
vt 0.296875 0.34762171875000003
vt 0.30379203125 0.3457678125
vt 0.30379265625 0.359375
vt 0.296875 0.3524575
vt 0.3104821875 0.3524575
vt 0.30862859375 0.35937453124999996
vt 0.29872890625 0.359375
vt 0.296875 0.34375
vt 0.31048125 0.34375
vt 0.31048125 0.359375
vt 0.296875 0.359375
vt 0.306775 0.359375
vt 0.296875 0.359375
vt 0.296875 0.34375
vt 0.306775 0.34375
vt 0.296875 0.357521875
vt 0.296875 0.34762187499999997
vt 0.3037921875 0.34576874999999996
vt 0.3037921875 0.359375
vt 0.3037921875 0.34576874999999996
vt 0.3037921875 0.359375
vt 0.296875 0.357521875
vt 0.296875 0.34762187499999997
vt 0.296875 0.34375
vt 0.31048125 0.34375
vt 0.31048125 0.359375
vt 0.296875 0.359375
vt 0.306775 0.359375
vt 0.296875 0.359375
vt 0.296875 0.34375
vt 0.306775 0.34375
vt 0.30862828125 0.359375
vt 0.2987284375 0.359375
vt 0.296875 0.35245734375000004
vt 0.3104821875 0.35245796875
vt 0.3037925 0.3457678125
vt 0.3037925 0.359375
vt 0.296875 0.35752109374999996
vt 0.29687546875 0.34762140625000004
vt 0.296875 0.34375
vt 0.31048125 0.34375
vt 0.31048125 0.359375
vt 0.296875 0.359375
vt 0.306775 0.359375
vt 0.296875 0.359375
vt 0.296875 0.34375
vt 0.306775 0.34375
vt 0.30862859375 0.359375
vt 0.29872875 0.359375
vt 0.296875 0.35245796875
vt 0.3104821875 0.35245734375000004
vt 0.3037925 0.3457678125
vt 0.3037925 0.359375
vt 0.29687546875 0.3575215625
vt 0.296875 0.34762171875000003
vt 0.296875 0.34375
vt 0.31048125 0.34375
vt 0.31048125 0.359375
vt 0.296875 0.359375
vt 0.306775 0.359375
vt 0.296875 0.359375
vt 0.296875 0.34375
vt 0.306775 0.34375
vt 0.308628125 0.359375
vt 0.298728125 0.359375
vt 0.296875 0.35245781249999997
vt 0.31048125 0.35245781249999997
vt 0.31048125 0.359375
vt 0.296875 0.359375
vt 0.298728125 0.35245781249999997
vt 0.308628125 0.35245781249999997
vt 0.296875 0.34375
vt 0.31048125 0.34375
vt 0.31048125 0.359375
vt 0.296875 0.359375
vt 0.306775 0.359375
vt 0.296875 0.359375
vt 0.296875 0.34375
vt 0.306775 0.34375
vt 0.30379265625 0.34762171875000003
vt 0.30379265625 0.3575215625
vt 0.296875 0.359375
vt 0.296875625 0.3457678125
vt 0.3104821875 0.359375
vt 0.296875 0.359375
vt 0.29872890625 0.3524575
vt 0.30862859375 0.35245796875
vt 0.296875 0.34375
vt 0.31048125 0.34375
vt 0.31048125 0.359375
vt 0.296875 0.359375
vt 0.306775 0.359375
vt 0.296875 0.359375
vt 0.296875 0.34375
vt 0.306775 0.34375
vt 0.30379265625 0.34762140625000004
vt 0.30379265625 0.35752125
vt 0.296875625 0.359375
vt 0.296875 0.3457678125
vt 0.3104821875 0.359375
vt 0.296875 0.359375
vt 0.2987284375 0.35245796875
vt 0.30862828125 0.3524575
vt 0.296875 0.34375
vt 0.31048125 0.34375
vt 0.31048125 0.359375
vt 0.296875 0.359375
vt 0.306775 0.359375
vt 0.296875 0.359375
vt 0.296875 0.34375
vt 0.306775 0.34375
vt 0.3037921875 0.34762187499999997
vt 0.3037921875 0.357521875
vt 0.296875 0.359375
vt 0.296875 0.34576874999999996
vt 0.296875 0.359375
vt 0.296875 0.34576874999999996
vt 0.3037921875 0.34762187499999997
vt 0.3037921875 0.357521875
vt 0.296875 0.34375
vt 0.31048125 0.34375
vt 0.31048125 0.359375
vt 0.296875 0.359375
vt 0.306775 0.359375
vt 0.296875 0.359375
vt 0.296875 0.34375
vt 0.306775 0.34375
vt 0.29872875 0.35245734375000004
vt 0.30862859375 0.35245734375000004
vt 0.3104821875 0.359375
vt 0.296875 0.359374375
vt 0.296875 0.359375
vt 0.296875 0.3457678125
vt 0.3037925 0.34762171875000003
vt 0.30379203125 0.3575215625
vt 0.296875 0.34375
vt 0.31048125 0.34375
vt 0.31048125 0.359375
vt 0.296875 0.359375
vt 0.306775 0.359375
vt 0.296875 0.359375
vt 0.296875 0.34375
vt 0.306775 0.34375
vt 0.2987284375 0.35245734375000004
vt 0.30862828125 0.35245734375000004
vt 0.3104821875 0.359374375
vt 0.296875 0.359375
vt 0.296875 0.359375
vt 0.296875 0.3457678125
vt 0.30379203125 0.34762140625000004
vt 0.3037925 0.35752109374999996
vt 0.296875 0.34375
vt 0.31048125 0.34375
vt 0.31048125 0.359375
vt 0.296875 0.359375
vt 0.306775 0.359375
vt 0.296875 0.359375
vt 0.296875 0.34375
vt 0.306775 0.34375
vt 0.298728125 0.35245781249999997
vt 0.308628125 0.35245781249999997
vt 0.31048125 0.359375
vt 0.296875 0.359375
vt 0.296875 0.35245781249999997
vt 0.31048125 0.35245781249999997
vt 0.308628125 0.359375
vt 0.298728125 0.359375
vt 0.34375 0.3515625
vt 0.34375 0.359375
vt 0.3125 0.359375
vt 0.3125 0.3515625
vt 0.34375 0.3515625
vt 0.34375 0.359375
vt 0.3125 0.359375
vt 0.3125 0.3515625
vt 0.3125 0.375
vt 0.3125 0.46875
vt 0.28125 0.46875
vt 0.28125 0.375
vt 0.3125 0.375
vt 0.3125 0.46875
vt 0.28125 0.46875
vt 0.28125 0.375
vt 0.359375 0.3671875
vt 0.359375 0.375
vt 0.328125 0.375
vt 0.328125 0.3671875
vt 0.328125 0.3671875
vt 0.328125 0.375
vt 0.296875 0.375
vt 0.296875 0.3671875
vt 0.40625 0.45284734375
vt 0.40625 0.46875
vt 0.390625 0.46875
vt 0.390625 0.45284734375
vt 0.4375 0.45284734375
vt 0.4375 0.46875
vt 0.421875 0.46875
vt 0.421875 0.45284734375
vt 0.3678021875 0.40625
vt 0.3678021875 0.421875
vt 0.3599896875 0.421875
vt 0.3599896875 0.40625
vt 0.3678021875 0.359375
vt 0.3678021875 0.375
vt 0.3599896875 0.375
vt 0.3599896875 0.359375
vt 0.3990521875 0.39034734375
vt 0.3990521875 0.40625
vt 0.3912396875 0.40625
vt 0.3912396875 0.39034734375
vt 0.359375 0.39034734375
vt 0.359375 0.40625
vt 0.3515625 0.40625
vt 0.3515625 0.39034734375
vt 0.375 0.34347234375
vt 0.375 0.359375
vt 0.359375 0.359375
vt 0.359375 0.34347234375
vt 0.40625 0.45284734375
vt 0.40625 0.46875
vt 0.390625 0.46875
vt 0.390625 0.45284734375
vt 0.3678021875 0.453125
vt 0.3678021875 0.46875
vt 0.3599896875 0.46875
vt 0.3599896875 0.453125
vt 0.3990521875 0.421875
vt 0.3990521875 0.4375
vt 0.3912396875 0.4375
vt 0.3912396875 0.421875
vt 0.4146771875 0.45284734375
vt 0.4146771875 0.46875
vt 0.4068646875 0.46875
vt 0.4068646875 0.45284734375
vt 0.34375 0.34347234375
vt 0.34375 0.359375
vt 0.3359375 0.359375
vt 0.3359375 0.34347234375
vt 0.046875 1
vt 0 1
vt 0 0.984375
vt 0.046875 0.984375
vt 0.046875 0.984375
vt 0.046875 1
vt 0 1
vt 0 0.984375
vt 0.375 0.421875
vt 0.421875 0.421875
vt 0.421875 0.46875
vt 0.375 0.46875
vt 0.34375 0.34375
vt 0.34375 0.390625
vt 0.296875 0.390625
vt 0.296875 0.34375
vt 0.375 0.359375
vt 0.375 0.375
vt 0.328125 0.375
vt 0.328125 0.359375
vt 0.390625 0.453125
vt 0.34375 0.453125
vt 0.34375 0.4375
vt 0.390625 0.4375
vt 0.390625 0.359375
vt 0.34375 0.359375
vt 0.34375 0.34375
vt 0.390625 0.34375
vt 0.46875 0.078125
vt 0.46875 0.09375
vt 0.421875 0.09375
vt 0.421875 0.078125
vt 0.3125 0.40625
vt 0.359375 0.40625
vt 0.359375 0.453125
vt 0.3125 0.453125
vt 0.390625 0.390625
vt 0.390625 0.4375
vt 0.34375 0.4375
vt 0.34375 0.390625
vt 0.375 0.328125
vt 0.375 0.34375
vt 0.328125 0.34375
vt 0.328125 0.328125
vt 0.359375 0.453125
vt 0.3125 0.453125
vt 0.3125 0.4375
vt 0.359375 0.4375
vt 0.28125 0.34375
vt 0.29485625 0.34375
vt 0.29485625 0.359375
vt 0.28125 0.359375
vt 0.29115 0.359375
vt 0.28125 0.359375
vt 0.28125 0.34375
vt 0.29115 0.34375
vt 0.28125 0.35752125
vt 0.28125 0.34762140625000004
vt 0.28816765625 0.3457678125
vt 0.28816703125 0.359375
vt 0.28125 0.3524575
vt 0.2948571875 0.3524575
vt 0.29300328125 0.359375
vt 0.2831034375 0.35937453124999996
vt 0.28125 0.34375
vt 0.29485625 0.34375
vt 0.29485625 0.359375
vt 0.28125 0.359375
vt 0.29115 0.359375
vt 0.28125 0.359375
vt 0.28125 0.34375
vt 0.29115 0.34375
vt 0.28125 0.3575215625
vt 0.28125 0.34762171875000003
vt 0.28816703125 0.3457678125
vt 0.28816765625 0.359375
vt 0.28125 0.3524575
vt 0.2948571875 0.3524575
vt 0.29300359375 0.35937453124999996
vt 0.28310390625 0.359375
vt 0.28125 0.34375
vt 0.29485625 0.34375
vt 0.29485625 0.359375
vt 0.28125 0.359375
vt 0.29115 0.359375
vt 0.28125 0.359375
vt 0.28125 0.34375
vt 0.29115 0.34375
vt 0.28125 0.357521875
vt 0.28125 0.34762187499999997
vt 0.2881671875 0.34576874999999996
vt 0.2881671875 0.359375
vt 0.2881671875 0.34576874999999996
vt 0.2881671875 0.359375
vt 0.28125 0.357521875
vt 0.28125 0.34762187499999997
vt 0.28125 0.34375
vt 0.29485625 0.34375
vt 0.29485625 0.359375
vt 0.28125 0.359375
vt 0.29115 0.359375
vt 0.28125 0.359375
vt 0.28125 0.34375
vt 0.29115 0.34375
vt 0.29300328125 0.359375
vt 0.2831034375 0.359375
vt 0.28125 0.35245734375000004
vt 0.2948571875 0.35245796875
vt 0.2881675 0.3457678125
vt 0.2881675 0.359375
vt 0.28125 0.35752109374999996
vt 0.28125046875 0.34762140625000004
vt 0.28125 0.34375
vt 0.29485625 0.34375
vt 0.29485625 0.359375
vt 0.28125 0.359375
vt 0.29115 0.359375
vt 0.28125 0.359375
vt 0.28125 0.34375
vt 0.29115 0.34375
vt 0.29300359375 0.359375
vt 0.28310375 0.359375
vt 0.28125 0.35245796875
vt 0.2948571875 0.35245734375000004
vt 0.2881675 0.3457678125
vt 0.2881675 0.359375
vt 0.28125046875 0.3575215625
vt 0.28125 0.34762171875000003
vt 0.28125 0.34375
vt 0.29485625 0.34375
vt 0.29485625 0.359375
vt 0.28125 0.359375
vt 0.29115 0.359375
vt 0.28125 0.359375
vt 0.28125 0.34375
vt 0.29115 0.34375
vt 0.293003125 0.359375
vt 0.283103125 0.359375
vt 0.28125 0.35245781249999997
vt 0.29485625 0.35245781249999997
vt 0.29485625 0.359375
vt 0.28125 0.359375
vt 0.283103125 0.35245781249999997
vt 0.293003125 0.35245781249999997
vt 0.28125 0.34375
vt 0.29485625 0.34375
vt 0.29485625 0.359375
vt 0.28125 0.359375
vt 0.29115 0.359375
vt 0.28125 0.359375
vt 0.28125 0.34375
vt 0.29115 0.34375
vt 0.28816765625 0.34762171875000003
vt 0.28816765625 0.3575215625
vt 0.28125 0.359375
vt 0.281250625 0.3457678125
vt 0.2948571875 0.359375
vt 0.28125 0.359375
vt 0.28310390625 0.3524575
vt 0.29300359375 0.35245796875
vt 0.28125 0.34375
vt 0.29485625 0.34375
vt 0.29485625 0.359375
vt 0.28125 0.359375
vt 0.29115 0.359375
vt 0.28125 0.359375
vt 0.28125 0.34375
vt 0.29115 0.34375
vt 0.28816765625 0.34762140625000004
vt 0.28816765625 0.35752125
vt 0.281250625 0.359375
vt 0.28125 0.3457678125
vt 0.2948571875 0.359375
vt 0.28125 0.359375
vt 0.2831034375 0.35245796875
vt 0.29300328125 0.3524575
vt 0.28125 0.34375
vt 0.29485625 0.34375
vt 0.29485625 0.359375
vt 0.28125 0.359375
vt 0.29115 0.359375
vt 0.28125 0.359375
vt 0.28125 0.34375
vt 0.29115 0.34375
vt 0.2881671875 0.34762187499999997
vt 0.2881671875 0.357521875
vt 0.28125 0.359375
vt 0.28125 0.34576874999999996
vt 0.28125 0.359375
vt 0.28125 0.34576874999999996
vt 0.2881671875 0.34762187499999997
vt 0.2881671875 0.357521875
vt 0.28125 0.34375
vt 0.29485625 0.34375
vt 0.29485625 0.359375
vt 0.28125 0.359375
vt 0.29115 0.359375
vt 0.28125 0.359375
vt 0.28125 0.34375
vt 0.29115 0.34375
vt 0.28310375 0.35245734375000004
vt 0.29300359375 0.35245734375000004
vt 0.2948571875 0.359375
vt 0.28125 0.359374375
vt 0.28125 0.359375
vt 0.28125 0.3457678125
vt 0.2881675 0.34762171875000003
vt 0.28816703125 0.3575215625
vt 0.28125 0.34375
vt 0.29485625 0.34375
vt 0.29485625 0.359375
vt 0.28125 0.359375
vt 0.29115 0.359375
vt 0.28125 0.359375
vt 0.28125 0.34375
vt 0.29115 0.34375
vt 0.2831034375 0.35245734375000004
vt 0.29300328125 0.35245734375000004
vt 0.2948571875 0.359374375
vt 0.28125 0.359375
vt 0.28125 0.359375
vt 0.28125 0.3457678125
vt 0.28816703125 0.34762140625000004
vt 0.2881675 0.35752109374999996
vt 0.28125 0.34375
vt 0.29485625 0.34375
vt 0.29485625 0.359375
vt 0.28125 0.359375
vt 0.29115 0.359375
vt 0.28125 0.359375
vt 0.28125 0.34375
vt 0.29115 0.34375
vt 0.283103125 0.35245781249999997
vt 0.293003125 0.35245781249999997
vt 0.29485625 0.359375
vt 0.28125 0.359375
vt 0.28125 0.35245781249999997
vt 0.29485625 0.35245781249999997
vt 0.293003125 0.359375
vt 0.283103125 0.359375
vt 0.359375 0.4375
vt 0.359375 0.453125
vt 0.265625 0.453125
vt 0.265625 0.4375
vt 0.359375 0.4375
vt 0.359375 0.453125
vt 0.265625 0.453125
vt 0.265625 0.4375
vt 0.296875 0.40625
vt 0.296875 0.453125
vt 0.265625 0.453125
vt 0.265625 0.40625
vt 0.296875 0.40625
vt 0.296875 0.453125
vt 0.265625 0.453125
vt 0.265625 0.40625
vt 0.296875 0.4375
vt 0.296875 0.453125
vt 0.265625 0.453125
vt 0.265625 0.4375
vt 0.296875 0.4375
vt 0.296875 0.453125
vt 0.265625 0.453125
vt 0.265625 0.4375
vt 0.21078125 0.79703125
vt 0.2421875 0.85140625
vt 0.125 0.8828125
vt 0.2421875 0.85140625
vt 0.2421875 0.91421875
vt 0.125 0.8828125
vt 0.2421875 0.91421875
vt 0.21078125 0.96859375
vt 0.125 0.8828125
vt 0.21078125 0.96859375
vt 0.15640625 1
vt 0.125 0.8828125
vt 0.15640625 1
vt 0.09359375 1
vt 0.125 0.8828125
vt 0.09359375 1
vt 0.03921875 0.96859375
vt 0.125 0.8828125
vt 0.03921875 0.96859375
vt 0.0078125 0.91421875
vt 0.125 0.8828125
vt 0.0078125 0.91421875
vt 0.0078125 0.85140625
vt 0.125 0.8828125
vt 0.0078125 0.85140625
vt 0.03921875 0.79703125
vt 0.125 0.8828125
vt 0.03921875 0.79703125
vt 0.09359375 0.765625
vt 0.125 0.8828125
vt 0.09359375 0.765625
vt 0.15640625 0.765625
vt 0.125 0.8828125
vt 0.15640625 0.765625
vt 0.21078125 0.79703125
vt 0.125 0.8828125
vt 0.28125 0.34375
vt 0.289621875 0.34375
vt 0.289621875 0.359375
vt 0.28125 0.359375
vt 0.28573125 0.359375
vt 0.28125 0.359375
vt 0.28125 0.34375
vt 0.28573125 0.34375
vt 0.28125 0.35742734374999996
vt 0.28125 0.35294499999999995
vt 0.28851390625 0.35100062499999996
vt 0.2885103125 0.359375
vt 0.28125 0.35211187499999996
vt 0.289624375 0.35211187499999996
vt 0.287676875 0.359375
vt 0.28319453125 0.35937312499999996
vt 0.28125 0.34375
vt 0.289621875 0.34375
vt 0.289621875 0.359375
vt 0.28125 0.359375
vt 0.28573125 0.359375
vt 0.28125 0.359375
vt 0.28125 0.34375
vt 0.28573125 0.34375
vt 0.28125 0.357430625
vt 0.28125 0.35294828125
vt 0.2885103125 0.35100062499999996
vt 0.28851390625 0.359375
vt 0.28125 0.35211187499999996
vt 0.289624375 0.35211187499999996
vt 0.28767984375 0.35937312499999996
vt 0.2831975 0.359375
vt 0.28125 0.34375
vt 0.289621875 0.34375
vt 0.289621875 0.359375
vt 0.28125 0.359375
vt 0.28573125 0.359375
vt 0.28125 0.359375
vt 0.28125 0.34375
vt 0.28573125 0.34375
vt 0.28125 0.35742968750000004
vt 0.28125 0.35294843750000005
vt 0.2885109375 0.35100312499999997
vt 0.2885109375 0.359375
vt 0.2885109375 0.35100312499999997
vt 0.2885109375 0.359375
vt 0.28125 0.35742968750000004
vt 0.28125 0.35294843750000005
vt 0.28125 0.34375
vt 0.289621875 0.34375
vt 0.289621875 0.359375
vt 0.28125 0.359375
vt 0.28573125 0.359375
vt 0.28125 0.359375
vt 0.28125 0.34375
vt 0.28573125 0.34375
vt 0.28767671875 0.359375
vt 0.283194375 0.359375
vt 0.28125 0.35211109375000005
vt 0.289624375 0.35211468749999997
vt 0.288513125 0.35100062499999996
vt 0.288513125 0.359375
vt 0.28125 0.3574275
vt 0.281251875 0.35294515625
vt 0.28125 0.34375
vt 0.289621875 0.34375
vt 0.289621875 0.359375
vt 0.28125 0.359375
vt 0.28573125 0.359375
vt 0.28125 0.359375
vt 0.28125 0.34375
vt 0.28573125 0.34375
vt 0.28768 0.359375
vt 0.28319765625 0.359375
vt 0.28125 0.35211468749999997
vt 0.289624375 0.35211109375000005
vt 0.288513125 0.35100062499999996
vt 0.288513125 0.359375
vt 0.281251875 0.35743046874999995
vt 0.28125 0.35294812499999995
vt 0.28125 0.34375
vt 0.289621875 0.34375
vt 0.289621875 0.359375
vt 0.28125 0.359375
vt 0.28573125 0.359375
vt 0.28125 0.359375
vt 0.28125 0.34375
vt 0.28573125 0.34375
vt 0.2876765625 0.359375
vt 0.2831953125 0.359375
vt 0.28125 0.3521140625
vt 0.289621875 0.3521140625
vt 0.289621875 0.359375
vt 0.28125 0.359375
vt 0.2831953125 0.3521140625
vt 0.2876765625 0.3521140625
vt 0.28125 0.34375
vt 0.289621875 0.34375
vt 0.289621875 0.359375
vt 0.28125 0.359375
vt 0.28573125 0.359375
vt 0.28125 0.359375
vt 0.28125 0.34375
vt 0.28573125 0.34375
vt 0.28851390625 0.35294828125
vt 0.28851390625 0.357430625
vt 0.28125 0.359375
vt 0.28125359375 0.35100062499999996
vt 0.289624375 0.359375
vt 0.28125 0.359375
vt 0.2831975 0.35211187499999996
vt 0.28767984375 0.35211390625000005
vt 0.28125 0.34375
vt 0.289621875 0.34375
vt 0.289621875 0.359375
vt 0.28125 0.359375
vt 0.28573125 0.359375
vt 0.28125 0.359375
vt 0.28125 0.34375
vt 0.28573125 0.34375
vt 0.28851390625 0.35294499999999995
vt 0.28851390625 0.35742734374999996
vt 0.28125359375 0.359375
vt 0.28125 0.35100062499999996
vt 0.289624375 0.359375
vt 0.28125 0.359375
vt 0.28319453125 0.35211390625000005
vt 0.287676875 0.35211187499999996
vt 0.28125 0.34375
vt 0.289621875 0.34375
vt 0.289621875 0.359375
vt 0.28125 0.359375
vt 0.28573125 0.359375
vt 0.28125 0.359375
vt 0.28125 0.34375
vt 0.28573125 0.34375
vt 0.2885109375 0.35294843750000005
vt 0.2885109375 0.35742968750000004
vt 0.28125 0.359375
vt 0.28125 0.35100312499999997
vt 0.28125 0.359375
vt 0.28125 0.35100312499999997
vt 0.2885109375 0.35294843750000005
vt 0.2885109375 0.35742968750000004
vt 0.28125 0.34375
vt 0.289621875 0.34375
vt 0.289621875 0.359375
vt 0.28125 0.359375
vt 0.28573125 0.359375
vt 0.28125 0.359375
vt 0.28125 0.34375
vt 0.28573125 0.34375
vt 0.28319765625 0.35211109375000005
vt 0.28768 0.35211109375000005
vt 0.289624375 0.359375
vt 0.28125 0.35937140624999997
vt 0.28125 0.359375
vt 0.28125 0.35100062499999996
vt 0.288513125 0.35294812499999995
vt 0.28851109375 0.35743046874999995
vt 0.28125 0.34375
vt 0.289621875 0.34375
vt 0.289621875 0.359375
vt 0.28125 0.359375
vt 0.28573125 0.359375
vt 0.28125 0.359375
vt 0.28125 0.34375
vt 0.28573125 0.34375
vt 0.283194375 0.35211109375000005
vt 0.28767671875 0.35211109375000005
vt 0.289624375 0.35937140624999997
vt 0.28125 0.359375
vt 0.28125 0.359375
vt 0.28125 0.35100062499999996
vt 0.28851109375 0.35294515625
vt 0.288513125 0.3574275
vt 0.28125 0.34375
vt 0.289621875 0.34375
vt 0.289621875 0.359375
vt 0.28125 0.359375
vt 0.28573125 0.359375
vt 0.28125 0.359375
vt 0.28125 0.34375
vt 0.28573125 0.34375
vt 0.2831953125 0.3521140625
vt 0.2876765625 0.3521140625
vt 0.289621875 0.359375
vt 0.28125 0.359375
vt 0.28125 0.3521140625
vt 0.289621875 0.3521140625
vt 0.2876765625 0.359375
vt 0.2831953125 0.359375
vt 0.32421875 0.421875
vt 0.32421875 0.4375
vt 0.3125 0.4375
vt 0.3125 0.421875
vt 0.34375 0.421875
vt 0.34375 0.4375
vt 0.33203125 0.4375
vt 0.33203125 0.421875
vt 0.328125 0.40625
vt 0.328125 0.41796875
vt 0.3203125 0.41796875
vt 0.3203125 0.40625
vt 0.328125 0.34765625
vt 0.328125 0.359375
vt 0.3203125 0.359375
vt 0.3203125 0.34765625
vt 0.3125 0.375
vt 0.3125 0.390625
vt 0.3046875 0.390625
vt 0.3046875 0.375
vt 0.3359375 0.515625
vt 0.3359375 0.53125
vt 0.328125 0.53125
vt 0.328125 0.515625
vt 0.29296875 0.40625
vt 0.29296875 0.421875
vt 0.28125 0.421875
vt 0.28125 0.40625
vt 0.3125 0.40625
vt 0.3125 0.421875
vt 0.30078125 0.421875
vt 0.30078125 0.40625
vt 0.296875 0.390625
vt 0.296875 0.40234375
vt 0.2890625 0.40234375
vt 0.2890625 0.390625
vt 0.296875 0.41015625
vt 0.296875 0.421875
vt 0.2890625 0.421875
vt 0.2890625 0.41015625
vt 0.328125 0.421875
vt 0.328125 0.4375
vt 0.3203125 0.4375
vt 0.3203125 0.421875
vt 0.3203125 0.40625
vt 0.3203125 0.421875
vt 0.3125 0.421875
vt 0.3125 0.40625
vt 0.375 0.40625
vt 0.3125 0.40625
vt 0.3125 0.34375
vt 0.375 0.34375
vt 0.390625 0.359375
vt 0.390625 0.421875
vt 0.328125 0.421875
vt 0.328125 0.359375
vt 0.328125 0.34375
vt 0.390625 0.34375
vt 0.390625 0.40625
vt 0.328125 0.40625
vt 0.359375 0.34375
vt 0.359375 0.40625
vt 0.296875 0.40625
vt 0.296875 0.34375
vt 0.375 0.34375
vt 0.375 0.40625
vt 0.3125 0.40625
vt 0.3125 0.34375
vt 0.390625 0.40625
vt 0.328125 0.40625
vt 0.328125 0.34375
vt 0.390625 0.34375
vt 0.390625 0.421875
vt 0.328125 0.421875
vt 0.328125 0.359375
vt 0.390625 0.359375
vt 0.375 0.328125
vt 0.375 0.390625
vt 0.3125 0.390625
vt 0.3125 0.328125
vt 0.328125 0.34375
vt 0.390625 0.34375
vt 0.390625 0.40625
vt 0.328125 0.40625
vt 0.375 0.359375
vt 0.375 0.421875
vt 0.3125 0.421875
vt 0.3125 0.359375
vt 0.375 0.34375
vt 0.375 0.40625
vt 0.3125 0.40625
vt 0.3125 0.34375
vt 0.375 0.40625
vt 0.3125 0.40625
vt 0.3125 0.34375
vt 0.375 0.34375
vt 0.515625 0.515625
vt 0.515625 0.71875
vt 0.5 0.71875
vt 0.5 0.515625
vt 0.515625 0.515625
vt 0.515625 0.71875
vt 0.5 0.71875
vt 0.5 0.515625
vt 0.515625 0.71875
vt 0.515625 0.734375
vt 0.5 0.734375
vt 0.5 0.71875
vt 0.515625 0.71875
vt 0.515625 0.734375
vt 0.5 0.734375
vt 0.5 0.71875
vt 0.515625 0.515625
vt 0.515625 0.71875
vt 0.5 0.71875
vt 0.5 0.515625
vt 0.515625 0.515625
vt 0.515625 0.71875
vt 0.5 0.71875
vt 0.5 0.515625
vt 0.515625 0.515625
vt 0.515625 0.71875
vt 0.5 0.71875
vt 0.5 0.515625
vt 0.515625 0.515625
vt 0.515625 0.71875
vt 0.5 0.71875
vt 0.5 0.515625
vt 0.515625 0.71875
vt 0.515625 0.734375
vt 0.5 0.734375
vt 0.5 0.71875
vt 0.515625 0.71875
vt 0.515625 0.734375
vt 0.5 0.734375
vt 0.5 0.71875
vt 0.515625 0.515625
vt 0.515625 0.71875
vt 0.5 0.71875
vt 0.5 0.515625
vt 0.515625 0.515625
vt 0.515625 0.71875
vt 0.5 0.71875
vt 0.5 0.515625
vt 1 0
vt 1 0.8125
vt 0.9375 0.8125
vt 0.9375 0
vt 1 0
vt 1 0.8125
vt 0.9375 0.8125
vt 0.9375 0
vt 1 0
vt 1 0.0625
vt 0.9375 0.0625
vt 0.9375 0
vt 1 0
vt 1 0.0625
vt 0.9375 0.0625
vt 0.9375 0
vt 1 0
vt 1 0.8125
vt 0.9375 0.8125
vt 0.9375 0
vt 1 0
vt 1 0.8125
vt 0.9375 0.8125
vt 0.9375 0
vt 0.0625 0.8125
vt 0.0625 1
vt 0 1
vt 0 0.8125
vt 0.0625 0.8125
vt 0.0625 1
vt 0 1
vt 0 0.8125
vt 1 0
vt 1 0.0625
vt 0.9375 0.0625
vt 0.9375 0
vt 1 0
vt 1 0.0625
vt 0.9375 0.0625
vt 0.9375 0
vt 0.0625 0.8125
vt 0.0625 1
vt 0 1
vt 0 0.8125
vt 0.0625 0.8125
vt 0.0625 1
vt 0 1
vt 0 0.8125
vt 0.0625 0.8125
vt 0.0625 1
vt 0 1
vt 0 0.8125
vt 0.0625 0.8125
vt 0.0625 1
vt 0 1
vt 0 0.8125
vt 1 0
vt 1 0.0625
vt 0.9375 0.0625
vt 0.9375 0
vt 1 0
vt 1 0.0625
vt 0.9375 0.0625
vt 0.9375 0
vt 0.0625 0.8125
vt 0.0625 1
vt 0 1
vt 0 0.8125
vt 0.0625 0.8125
vt 0.0625 1
vt 0 1
vt 0 0.8125
vt 1 0
vt 1 0.8125
vt 0.9375 0.8125
vt 0.9375 0
vt 1 0
vt 1 0.8125
vt 0.9375 0.8125
vt 0.9375 0
vt 1 0
vt 1 0.0625
vt 0.9375 0.0625
vt 0.9375 0
vt 1 0
vt 1 0.0625
vt 0.9375 0.0625
vt 0.9375 0
vt 1 0
vt 1 0.8125
vt 0.9375 0.8125
vt 0.9375 0
vt 1 0
vt 1 0.8125
vt 0.9375 0.8125
vt 0.9375 0
vt 0.75 0.71875
vt 0.75 0.734375
vt 0.734375 0.734375
vt 0.734375 0.71875
vt 0.515625 0.71875
vt 0.515625 0.734375
vt 0.5 0.734375
vt 0.5 0.71875
vt 0.703125 0.71875
vt 0.703125 0.734375
vt 0.546875 0.734375
vt 0.546875 0.71875
vt 0.703125 0.71875
vt 0.703125 0.734375
vt 0.546875 0.734375
vt 0.546875 0.71875
vt 0.703125 0.71875
vt 0.703125 0.734375
vt 0.546875 0.734375
vt 0.546875 0.71875
vt 0.703125 0.71875
vt 0.703125 0.734375
vt 0.546875 0.734375
vt 0.546875 0.71875
vt 0.125 0.1875
vt 0.125 1
vt 0.03125 1
vt 0.03125 0.1875
vt 0.09375 0.1875
vt 0.09375 1
vt 0 1
vt 0 0.1875
vt 0.125 0.90625
vt 0.125 1
vt 0.0625 1
vt 0.0625 0.90625
vt 0.125 0.875
vt 0.125 0.96875
vt 0.0625 0.96875
vt 0.0625 0.875
vt 0.125 0.1875
vt 0.125 1
vt 0.0625 1
vt 0.0625 0.1875
vt 0.0625 0.1875
vt 0.0625 1
vt 0 1
vt 0 0.1875
vt 0.125 0.1875
vt 0.125 1
vt 0.03125 1
vt 0.03125 0.1875
vt 0.09375 0.1875
vt 0.09375 1
vt 0 1
vt 0 0.1875
vt 0.125 0.90625
vt 0.125 1
vt 0.0625 1
vt 0.0625 0.90625
vt 0.125 0.875
vt 0.125 0.96875
vt 0.0625 0.96875
vt 0.0625 0.875
vt 0.125 0.1875
vt 0.125 1
vt 0.0625 1
vt 0.0625 0.1875
vt 0.0625 0.1875
vt 0.0625 1
vt 0 1
vt 0 0.1875
vt 1 0.9375
vt 1 1
vt 0 1
vt 0 0.9375
vt 1 0.9375
vt 1 1
vt 0 1
vt 0 0.9375
vt 0.0625 0
vt 0.0625 1
vt 0 1
vt 0 0
vt 0.0625 0
vt 0.0625 1
vt 0 1
vt 0 0
vt 0.125 0.9375
vt 0.125 1
vt 0.0625 1
vt 0.0625 0.9375
vt 0.0625 0.9375
vt 0.0625 1
vt 0 1
vt 0 0.9375
vt 1 0.625
vt 1 0.6875
vt 0.46875 0.6875
vt 0.46875 0.625
vt 0.84375 0.5625
vt 0.84375 0.625
vt 0.3125 0.625
vt 0.3125 0.5625
vt 0.65625 0.21875
vt 0.65625 0.75
vt 0.15625 0.75
vt 0.15625 0.21875
vt 0.5 0.375
vt 0.5 0.90625
vt 0 0.90625
vt 0 0.375
vt 0.71875 0.75
vt 0.71875 0.8125
vt 0.21875 0.8125
vt 0.21875 0.75
vt 0.84375 0.5
vt 0.84375 0.5625
vt 0.34375 0.5625
vt 0.34375 0.5
vt 1 1
vt 1 0.9375
vt 0.46875 0.9375
vt 0 1
vt 0.53125 0.9375
vt 0 0.9375
vt 0.09375 0.46875
vt 0.09375 1
vt 0.03125 1
vt 0.03125 0.46875
vt 0.09375 0
vt 0.09375 0.53125
vt 0.03125 0.53125
vt 0.03125 0
vt 0.53125 0.9375
vt 0.53125 1
vt 0.46875 1
vt 0.46875 0.9375
vt 1 1
vt 1 0.9375
vt 0.46875 0.9375
vt 0 1
vt 0.53125 0.9375
vt 0 0.9375
vt 0.09375 0.46875
vt 0.09375 1
vt 0.03125 1
vt 0.03125 0.46875
vt 0.09375 0
vt 0.09375 0.53125
vt 0.03125 0.53125
vt 0.03125 0
vt 0.53125 0.9375
vt 0.53125 1
vt 0.46875 1
vt 0.46875 0.9375
vt 0.9375 0.9375
vt 0.9375 1
vt 0.84375 1
vt 0.84375 0.9375
vt 0.15625 0.9375
vt 0.15625 1
vt 0.0625 1
vt 0.0625 0.9375
vt 0.125 0.84375
vt 0.125 0.9375
vt 0.0625 0.9375
vt 0.0625 0.84375
vt 0.125 0.0625
vt 0.125 0.15625
vt 0.0625 0.15625
vt 0.0625 0.0625
vt 0.125 0.9375
vt 0.125 1
vt 0.0625 1
vt 0.0625 0.9375
vt 0.0625 0.9375
vt 0.0625 1
vt 0 1
vt 0 0.9375
vt 0.5625 0.9375
vt 0.5625 1
vt 0 1
vt 0 0.9375
vt 1 0.9375
vt 1 1
vt 0.4375 1
vt 0.4375 0.9375
vt 0.125 0
vt 0.125 0.5625
vt 0.0625 0.5625
vt 0.0625 0
vt 0.125 0.4375
vt 0.125 1
vt 0.0625 1
vt 0.0625 0.4375
vt 0.125 0.9375
vt 0.125 1
vt 0.0625 1
vt 0.0625 0.9375
vt 0.0625 0.9375
vt 0.0625 1
vt 0 1
vt 0 0.9375
vt 0.9375 0.9375
vt 0.9375 1
vt 0.84375 1
vt 0.84375 0.9375
vt 0.15625 0.9375
vt 0.15625 1
vt 0.0625 1
vt 0.0625 0.9375
vt 0.125 0.84375
vt 0.125 0.9375
vt 0.0625 0.9375
vt 0.0625 0.84375
vt 0.125 0.0625
vt 0.125 0.15625
vt 0.0625 0.15625
vt 0.0625 0.0625
vt 0.125 0.9375
vt 0.125 1
vt 0.0625 1
vt 0.0625 0.9375
vt 0.0625 0.9375
vt 0.0625 1
vt 0 1
vt 0 0.9375
vt 0.125 0.9375
vt 0.125 1
vt 0.03125 1
vt 0.03125 0.9375
vt 0.09375 0.9375
vt 0.09375 1
vt 0 1
vt 0 0.9375
vt 0.75 0.90625
vt 0.75 1
vt 0 1
vt 0 0.90625
vt 0.75 0.875
vt 0.75 0.96875
vt 0 0.96875
vt 0 0.875
vt 0.75 0.9375
vt 0.75 1
vt 0 1
vt 0 0.9375
vt 0.75 0.9375
vt 0.75 1
vt 0 1
vt 0 0.9375
vt 0.125 0.9375
vt 0.125 0.96875
vt 0.03125 0.96875
vt 0.03125 0.9375
vt 0.09375 0.9375
vt 0.09375 0.96875
vt 0 0.96875
vt 0 0.9375
vt 0.5 0.90625
vt 0.5 1
vt 0.25 1
vt 0.25 0.90625
vt 0.5 0.875
vt 0.5 0.96875
vt 0.25 0.96875
vt 0.25 0.875
vt 0.5 0.9375
vt 0.5 0.96875
vt 0.25 0.96875
vt 0.25 0.9375
vt 0.5 0.9375
vt 0.5 0.96875
vt 0.25 0.96875
vt 0.25 0.9375
vt 0.15625 0.9375
vt 0.15625 0.96875
vt 0.03125 0.96875
vt 0.03125 0.9375
vt 0.15625 0.9375
vt 0.15625 0.96875
vt 0.03125 0.96875
vt 0.03125 0.9375
vt 0.4375 0.84375
vt 0.4375 0.96875
vt 0.3125 0.96875
vt 0.3125 0.84375
vt 0.4375 0.84375
vt 0.4375 0.96875
vt 0.3125 0.96875
vt 0.3125 0.84375
vt 0.4375 0.9375
vt 0.4375 0.96875
vt 0.3125 0.96875
vt 0.3125 0.9375
vt 0.4375 0.9375
vt 0.4375 0.96875
vt 0.3125 0.96875
vt 0.3125 0.9375
vt 0.125 0.9375
vt 0.125 0.96875
vt 0.03125 0.96875
vt 0.03125 0.9375
vt 0.09375 0.9375
vt 0.09375 0.96875
vt 0 0.96875
vt 0 0.9375
vt 0.5 0.90625
vt 0.5 1
vt 0.25 1
vt 0.25 0.90625
vt 0.5 0.875
vt 0.5 0.96875
vt 0.25 0.96875
vt 0.25 0.875
vt 0.5 0.9375
vt 0.5 0.96875
vt 0.25 0.96875
vt 0.25 0.9375
vt 0.5 0.9375
vt 0.5 0.96875
vt 0.25 0.96875
vt 0.25 0.9375
vt 0.125 0.9375
vt 0.125 0.96875
vt 0.03125 0.96875
vt 0.03125 0.9375
vt 0.09375 0.9375
vt 0.09375 0.96875
vt 0 0.96875
vt 0 0.9375
vt 0.603553125 0.90625
vt 0.603553125 1
vt 0.25 1
vt 0.25 0.90625
vt 0.603553125 0.875
vt 0.603553125 0.96875
vt 0.25 0.96875
vt 0.25 0.875
vt 0.603553125 0.9375
vt 0.603553125 0.96875
vt 0.25 0.96875
vt 0.25 0.9375
vt 0.603553125 0.9375
vt 0.603553125 0.96875
vt 0.25 0.96875
vt 0.25 0.9375
vt 0.125 0.875
vt 0.125 1
vt 0 1
vt 0 0.875
vt 0.125 0.875
vt 0.125 1
vt 0 1
vt 0 0.875
vt 0.125 0.875
vt 0.125 1
vt 0 1
vt 0 0.875
vt 0.125 0.875
vt 0.125 1
vt 0 1
vt 0 0.875
vt 0.125 0.875
vt 0.125 1
vt 0 1
vt 0 0.875
vt 0.125 0.875
vt 0.125 1
vt 0 1
vt 0 0.875
vt 0.1875 0.96875
vt 0.1875 1
vt 0 1
vt 0 0.96875
vt 0.1875 0.96875
vt 0.1875 1
vt 0 1
vt 0 0.96875
vt 0.125 0.8125
vt 0.125 1
vt 0.0625 1
vt 0.0625 0.8125
vt 0.125 0.8125
vt 0.125 1
vt 0.0625 1
vt 0.0625 0.8125
vt 0.125 0.96875
vt 0.125 1
vt 0.0625 1
vt 0.0625 0.96875
vt 0.0625 0.96875
vt 0.0625 1
vt 0 1
vt 0 0.96875
vt 0.1875 0.96875
vt 0.1875 1
vt 0 1
vt 0 0.96875
vt 0.1875 0.96875
vt 0.1875 1
vt 0 1
vt 0 0.96875
vt 0.125 0.8125
vt 0.125 1
vt 0.0625 1
vt 0.0625 0.8125
vt 0.125 0.8125
vt 0.125 1
vt 0.0625 1
vt 0.0625 0.8125
vt 0.125 0.96875
vt 0.125 1
vt 0.0625 1
vt 0.0625 0.96875
vt 0.0625 0.96875
vt 0.0625 1
vt 0 1
vt 0 0.96875
vt 0.09375 0.9375
vt 0.125 0.90625
vt 0.09375 0.90625
vt 0.03125 0.9375
vt 0.03125 0.90625
vt 0 0.90625
vt 0.125 0.875
vt 0.125 0.90625
vt 0.0625 0.90625
vt 0.0625 0.875
vt 0.125 0.90625
vt 0.125 0.9375
vt 0.0625 0.9375
vt 0.0625 0.90625
vt 0.0625 0.90625
vt 0.0625 0.9375
vt 0 0.9375
vt 0 0.90625
vt 0.125 0.34375
vt 0.125 0.96875
vt 0.09375 0.96875
vt 0.09375 0.34375
vt 0.03125 0.34375
vt 0.03125 0.96875
vt 0 0.96875
vt 0 0.34375
vt 0.125 0.96875
vt 0.125 1
vt 0.0625 1
vt 0.0625 0.96875
vt 0.125 0.875
vt 0.125 0.90625
vt 0.0625 0.90625
vt 0.0625 0.875
vt 0.125 0.34375
vt 0.125 0.96875
vt 0.0625 0.96875
vt 0.0625 0.34375
vt 0.0625 0.34375
vt 0.0625 0.96875
vt 0 0.96875
vt 0 0.34375
vt 0.125 0.9375
vt 0.09375 0.9375
vt 0.09375 0.90625
vt 0.03125 0.9375
vt 0 0.9375
vt 0.03125 0.90625
vt 0.125 0.96875
vt 0.125 1
vt 0.0625 1
vt 0.0625 0.96875
vt 0.125 0.90625
vt 0.125 0.9375
vt 0.0625 0.9375
vt 0.0625 0.90625
vt 0.0625 0.90625
vt 0.0625 0.9375
vt 0 0.9375
vt 0 0.90625
vt 0.1875 0.96875
vt 0.1875 1
vt 0 1
vt 0 0.96875
vt 0.1875 0.96875
vt 0.1875 1
vt 0 1
vt 0 0.96875
vt 0.125 0.8125
vt 0.125 1
vt 0.0625 1
vt 0.0625 0.8125
vt 0.125 0.8125
vt 0.125 1
vt 0.0625 1
vt 0.0625 0.8125
vt 0.125 0.96875
vt 0.125 1
vt 0.0625 1
vt 0.0625 0.96875
vt 0.0625 0.96875
vt 0.0625 1
vt 0 1
vt 0 0.96875
vt 0.1875 0.96875
vt 0.1875 1
vt 0 1
vt 0 0.96875
vt 0.1875 0.96875
vt 0.1875 1
vt 0 1
vt 0 0.96875
vt 0.125 0.8125
vt 0.125 1
vt 0.0625 1
vt 0.0625 0.8125
vt 0.125 0.8125
vt 0.125 1
vt 0.0625 1
vt 0.0625 0.8125
vt 0.125 0.96875
vt 0.125 1
vt 0.0625 1
vt 0.0625 0.96875
vt 0.0625 0.96875
vt 0.0625 1
vt 0 1
vt 0 0.96875
vt 0.125 0.34375
vt 0.125 0.96875
vt 0.09375 0.96875
vt 0.09375 0.34375
vt 0.03125 0.34375
vt 0.03125 0.96875
vt 0 0.96875
vt 0 0.34375
vt 0.125 0.96875
vt 0.125 1
vt 0.0625 1
vt 0.0625 0.96875
vt 0.125 0.875
vt 0.125 0.90625
vt 0.0625 0.90625
vt 0.0625 0.875
vt 0.125 0.34375
vt 0.125 0.96875
vt 0.0625 0.96875
vt 0.0625 0.34375
vt 0.0625 0.34375
vt 0.0625 0.96875
vt 0 0.96875
vt 0 0.34375
vt 0.09375 0.9375
vt 0.125 0.90625
vt 0.09375 0.90625
vt 0.03125 0.9375
vt 0.03125 0.90625
vt 0 0.90625
vt 0.125 0.875
vt 0.125 0.90625
vt 0.0625 0.90625
vt 0.0625 0.875
vt 0.125 0.90625
vt 0.125 0.9375
vt 0.0625 0.9375
vt 0.0625 0.90625
vt 0.0625 0.90625
vt 0.0625 0.9375
vt 0 0.9375
vt 0 0.90625
vt 0.125 0.9375
vt 0.09375 0.9375
vt 0.09375 0.90625
vt 0.03125 0.9375
vt 0 0.9375
vt 0.03125 0.90625
vt 0.125 0.96875
vt 0.125 1
vt 0.0625 1
vt 0.0625 0.96875
vt 0.125 0.90625
vt 0.125 0.9375
vt 0.0625 0.9375
vt 0.0625 0.90625
vt 0.0625 0.90625
vt 0.0625 0.9375
vt 0 0.9375
vt 0 0.90625
vt 0.6734375 0.8828125
vt 0.6734375 0.96875
vt 0.671875 0.96875
vt 0.671875 0.8828125
vt 0.671875 0.8828125
vt 0.671875 0.96875
vt 0.6703125 0.96875
vt 0.6703125 0.8828125
vt 0.6875 0.953125
vt 0.6875 0.9546875
vt 0.671875 0.9546875
vt 0.671875 0.953125
vt 0.6875 0.9515625
vt 0.6875 0.953125
vt 0.671875 0.953125
vt 0.671875 0.9515625
vt 0.6875 0.8828125
vt 0.6875 0.96875
vt 0.671875 0.96875
vt 0.671875 0.8828125
vt 0.671875 0.8828125
vt 0.671875 0.96875
vt 0.65625 0.96875
vt 0.65625 0.8828125
vt 0.6734375 0.8828125
vt 0.6734375 0.96875
vt 0.671875 0.96875
vt 0.671875 0.8828125
vt 0.671875 0.8828125
vt 0.671875 0.96875
vt 0.6703125 0.96875
vt 0.6703125 0.8828125
vt 0.6875 0.953125
vt 0.6875 0.9546875
vt 0.671875 0.9546875
vt 0.671875 0.953125
vt 0.6875 0.9515625
vt 0.6875 0.953125
vt 0.671875 0.953125
vt 0.671875 0.9515625
vt 0.6875 0.8828125
vt 0.6875 0.96875
vt 0.671875 0.96875
vt 0.671875 0.8828125
vt 0.671875 0.8828125
vt 0.671875 0.96875
vt 0.65625 0.96875
vt 0.65625 0.8828125
vt 0.6734375 0.8828125
vt 0.6734375 0.96875
vt 0.671875 0.96875
vt 0.671875 0.8828125
vt 0.671875 0.8828125
vt 0.671875 0.96875
vt 0.6703125 0.96875
vt 0.6703125 0.8828125
vt 0.6875 0.953125
vt 0.6875 0.9546875
vt 0.671875 0.9546875
vt 0.671875 0.953125
vt 0.6875 0.9515625
vt 0.6875 0.953125
vt 0.671875 0.953125
vt 0.671875 0.9515625
vt 0.6875 0.8828125
vt 0.6875 0.96875
vt 0.671875 0.96875
vt 0.671875 0.8828125
vt 0.671875 0.8828125
vt 0.671875 0.96875
vt 0.65625 0.96875
vt 0.65625 0.8828125
vt 0.6734375 0.8828125
vt 0.6734375 0.96875
vt 0.671875 0.96875
vt 0.671875 0.8828125
vt 0.671875 0.8828125
vt 0.671875 0.96875
vt 0.6703125 0.96875
vt 0.6703125 0.8828125
vt 0.6875 0.953125
vt 0.6875 0.9546875
vt 0.671875 0.9546875
vt 0.671875 0.953125
vt 0.6875 0.9515625
vt 0.6875 0.953125
vt 0.671875 0.953125
vt 0.671875 0.9515625
vt 0.6875 0.8828125
vt 0.6875 0.96875
vt 0.671875 0.96875
vt 0.671875 0.8828125
vt 0.671875 0.8828125
vt 0.671875 0.96875
vt 0.65625 0.96875
vt 0.65625 0.8828125
vt 0.03125 0
vt 0.03125 1
vt 0 1
vt 0 0
vt 0.125 0
vt 0.125 1
vt 0.09375 1
vt 0.09375 0
vt 0.125 0.875
vt 0.125 0.90625
vt 0 0.90625
vt 0 0.875
vt 0.125 0.96875
vt 0.125 1
vt 0 1
vt 0 0.96875
vt 0.125 0
vt 0.125 1
vt 0 1
vt 0 0
vt 0.125 0
vt 0.125 1
vt 0 1
vt 0 0
vn 1 0 0
vn -1 0 0
vn 0 1 0
vn 0 -1 0
vn 0 0 1
vn 0 0 -1
vn 1 0 0
vn -1 0 0
vn 0 1 0
vn 0 -1 0
vn 0 0 1
vn 0 0 -1
vn 1 0 0
vn -1 0 0
vn 0 1 0
vn 0 -1 0
vn 0 0 1
vn 0 0 -1
vn 1 0 0
vn -1 0 0
vn 0 1 0
vn 0 -1 0
vn 0 0 1
vn 0 0 -1
vn 1 0 0
vn -1 0 0
vn 0 1 0
vn 0 -1 0
vn 0 0 1
vn 0 0 -1
vn 1 0 0
vn -1 0 0
vn 0 1 0
vn 0 -1 0
vn 0 0 1
vn 0 0 -1
vn 1 0 0
vn -1 0 0
vn 0 1 0
vn 0 -1 0
vn 0 0 1
vn 0 0 -1
vn 1 0 0
vn -1 0 0
vn 0 1 0
vn 0 -1 0
vn 0 0 1
vn 0 0 -1
vn 1 0 0
vn -1 0 0
vn 0 1 0
vn 0 -1 0
vn 0 0 1
vn 0 0 -1
vn 1 0 0
vn -1 0 0
vn 0 1 0
vn 0 -1 0
vn 0 0 1
vn 0 0 -1
vn 1 0 0
vn -1 0 0
vn 0 1 0
vn 0 -1 0
vn 0 0 1
vn 0 0 -1
vn 1 0 0
vn -1 0 0
vn 0 1 0
vn 0 -1 0
vn 0 0 1
vn 0 0 -1
vn 1 0 0
vn -1 0 0
vn 0 1 0
vn 0 -1 0
vn 0 0 1
vn 0 0 -1
vn 1 0 0
vn -1 0 0
vn 0 1 0
vn 0 -1 0
vn 0 0 1
vn 0 0 -1
vn 1 0 0
vn -1 0 0
vn 0 1 0
vn 0 -1 0
vn 0 0 1
vn 0 0 -1
vn 1 0 0
vn -1 0 0
vn 0 1 0
vn 0 -1 0
vn 0 0 1
vn 0 0 -1
vn 1 0 0
vn -1 0 0
vn 0 1 0
vn 0 -1 0
vn 0 0 1
vn 0 0 -1
vn 1 0 0
vn -1 0 0
vn 0 1 0
vn 0 -1 0
vn 0 0 1
vn 0 0 -1
vn 1 0 0
vn -1 0 0
vn 0 1 0
vn 0 -1 0
vn 0 0 1
vn 0 0 -1
vn 1 0 0
vn -1 0 0
vn 0 1 0
vn 0 -1 0
vn 0 0 1
vn 0 0 -1
vn 1 0 0
vn -1 0 0
vn 0 1 0
vn 0 -1 0
vn 0 0 1
vn 0 0 -1
vn 1 0 0
vn -1 0 0
vn 0 1 0
vn 0 -1 0
vn 0 0 1
vn 0 0 -1
vn 1 0 0
vn -1 0 0
vn 0 1 0
vn 0 -1 0
vn 0 0 1
vn 0 0 -1
vn 1 0 0
vn -1 0 0
vn 0 1 0
vn 0 -1 0
vn 0 0 1
vn 0 0 -1
vn 1 0 0
vn -1 0 0
vn 0 1 0
vn 0 -1 0
vn 0 0 1
vn 0 0 -1
vn 0.7071067811865485 0.7071067811865467 0
vn -0.7071067811865489 -0.7071067811865462 0
vn -0.7071067811865478 0.7071067811865474 0
vn 0.7071067811865476 -0.7071067811865476 0
vn 0 0 1
vn 0 0 -1
vn 0.7071067811865469 -0.7071067811865481 0
vn -0.7071067811865469 0.7071067811865481 0
vn 0.7071067811865476 0.7071067811865476 0
vn -0.7071067811865476 -0.7071067811865476 0
vn 0 0 1
vn 0 0 -1
vn 0.7071067811865469 -0.7071067811865481 0
vn -0.7071067811865469 0.7071067811865481 0
vn 0.7071067811865476 0.7071067811865476 0
vn -0.7071067811865476 -0.7071067811865476 0
vn 0 0 1
vn 0 0 -1
vn 0.7071067811865485 0.7071067811865467 0
vn -0.7071067811865489 -0.7071067811865462 0
vn -0.7071067811865478 0.7071067811865474 0
vn 0.7071067811865476 -0.7071067811865476 0
vn 0 0 1
vn 0 0 -1
vn 1 0 0
vn -1 0 0
vn 0 1 0
vn 0 -1 0
vn 0 0 1
vn 0 0 -1
vn 0.7071067811865468 0.7071067811865482 0
vn -0.7071067811865469 -0.7071067811865481 0
vn -0.7071067811865476 0.7071067811865475 0
vn 0.7071067811865476 -0.7071067811865476 0
vn 0 0 1
vn 0 0 -1
vn 0.7071067811865468 0.7071067811865482 0
vn -0.7071067811865469 -0.7071067811865481 0
vn -0.7071067811865476 0.7071067811865475 0
vn 0.7071067811865476 -0.7071067811865476 0
vn 0 0 1
vn 0 0 -1
vn 1 0 0
vn -1 0 0
vn 0 1 0
vn 0 -1 0
vn 0 0 1
vn 0 0 -1
vn 1 0 0
vn -1 0 0
vn 0 1 0
vn 0 -1 0
vn 0 0 1
vn 0 0 -1
vn 1 0 0
vn -1 0 0
vn 0 1 0
vn 0 -1 0
vn 0 0 1
vn 0 0 -1
vn 1 0 0
vn -1 0 0
vn 0 1 0
vn 0 0 1
vn 0 -0.44721359549995804 -0.8944271909999161
vn 1 0 0
vn -1 0 0
vn 0 1 0
vn 0 0 1
vn 0 -0.44721359549995804 -0.8944271909999161
vn 1 0 0
vn -1 0 0
vn 0 1 0
vn 0 0 1
vn 0 -0.44721359549995804 -0.8944271909999161
vn 1 0 0
vn -1 0 0
vn 0 1 0
vn 0 0 -1
vn 0 -0.44721359549995804 0.8944271909999161
vn 1 0 0
vn -1 0 0
vn 0 1 0
vn 0 0 -1
vn 0 -0.44721359549995804 0.8944271909999161
vn 1 0 0
vn -1 0 0
vn 0 1 0
vn 0 0 -1
vn 0 -0.44721359549995804 0.8944271909999161
vn 1 0 0
vn -1 0 0
vn 0 1 0
vn 0 -1 0
vn 0 0 1
vn 0 0 -1
vn 1 0 0
vn -1 0 0
vn 0 1 0
vn 0 -1 0
vn 0 0 1
vn 0 0 -1
vn 1 0 0
vn -1 0 0
vn 0 1 0
vn 0 -1 0
vn 0 0 1
vn 0 0 -1
vn 1 0 0
vn -1 0 0
vn 0.316227766016838 0.948683298050514 0
vn -0.316227766016838 -0.948683298050514 0
vn 0 0 1
vn 0 0 -1
vn 0 1 0
vn -1 0 0
vn -0.7071067811865476 0.7071067811865476 0
vn 0.7071067811865476 -0.7071067811865476 0
vn 0 0 1
vn 0 0 -1
vn 0.8944271909999161 0.44721359549995804 0
vn -1 0 0
vn 0 -1 0
vn 0 0 -1
vn 0 0 1
vn -0.8944271909999161 0.44721359549995804 0
vn 1 0 0
vn 0 -1 0
vn 0 0 -1
vn 0 0 1
vn 0.8944271909999161 0.44721359549995804 0
vn -1 0 0
vn 0 -1 0
vn 0 0 -1
vn 0 0 1
vn -0.8944271909999161 0.44721359549995804 0
vn 1 0 0
vn 0 -1 0
vn 0 0 -1
vn 0 0 1
vn 1 0 0
vn -1 0 0
vn 0 1 0
vn 0 -1 0
vn 0 0 1
vn 0 0 -1
vn 1 0 0
vn -1 0 0
vn 0 1 0
vn 0 -1 0
vn 0 0 1
vn 0 0 -1
vn 1 0 0
vn -1 0 0
vn 0 1 0
vn 0 -1 0
vn 0 0 1
vn 0 0 -1
vn 1 0 0
vn -1 0 0
vn 0 1 0
vn 0 -1 0
vn 0 0 1
vn 0 0 -1
vn 1 0 0
vn -1 0 0
vn 0 1 0
vn 0 -1 0
vn 0 0 1
vn 0 0 -1
vn 1 0 0
vn -1 0 0
vn 0 1 0
vn 0 -1 0
vn 0 0 1
vn 0 0 -1
vn 1 0 0
vn -1 0 0
vn 0 1 0
vn 0 -1 0
vn 0 0 1
vn 0 0 -1
vn 1 0 0
vn -1 0 0
vn 0 1 0
vn 0 -1 0
vn 0 0 1
vn 0 0 -1
vn 1 0 0
vn -1 0 0
vn 0 1 0
vn 0 -1 0
vn 0 0 1
vn 0 0 -1
vn 1 0 0
vn -1 0 0
vn 0 1 0
vn 0 -1 0
vn 0 0 1
vn 0 0 -1
vn 1 0 0
vn -1 0 0
vn 0 1 0
vn 0 -1 0
vn 0 0 1
vn 0 0 -1
vn 1 0 0
vn -1 0 0
vn 0 1 0
vn 0 -1 0
vn 0 0 1
vn 0 0 -1
vn 1 0 0
vn -1 0 0
vn 0 1 0
vn 0 -1 0
vn 0 0 1
vn 0 0 -1
vn 1 0 0
vn -1 0 0
vn 0 1 0
vn 0 -1 0
vn 0 0 1
vn 0 0 -1
vn 1 0 0
vn -1 0 0
vn 0 1 0
vn 0 -1 0
vn 0 0 1
vn 0 0 -1
vn 1 0 0
vn -1 0 0
vn 0 1 0
vn 0 -1 0
vn 0 0 1
vn 0 0 -1
vn 0 0 -1
vn 0 0 -1
vn 0 0 -1
vn 0 0 -1
vn 0 0 -1
vn 0 0 -1
vn 0 0 -1
vn 0 0 -1
vn 0 0 -1
vn 0 0 -1
vn 0 0 -1
vn 0 0 -1
vn 0.500004754919129 0.8660226585131949 0
vn -0.4999956916624109 -0.8660278911900167 0
vn 0 0 1
vn 0 0 -1
vn 0.8660226585131955 0.500004754919128 0
vn -0.866027891190018 -0.4999956916624084 0
vn 0 0 1
vn 0 0 -1
vn 1 0 0
vn -1 0 0
vn 0 0 1
vn 0 0 -1
vn 0.8660226585131955 -0.500004754919128 0
vn -0.866027891190018 0.4999956916624084 0
vn 0 0 1
vn 0 0 -1
vn 0.500004754919129 -0.8660226585131949 0
vn -0.4999956916624109 0.8660278911900167 0
vn 0 0 1
vn 0 0 -1
vn 0 -1 0
vn 0 1 0
vn 0 0 1
vn 0 0 -1
vn -0.5000047549191285 -0.8660226585131954 0
vn 0.4999956916624109 0.8660278911900167 0
vn 0 0 1
vn 0 0 -1
vn -0.8660226585131959 -0.5000047549191272 0
vn 0.8660278911900187 0.4999956916624074 0
vn 0 0 1
vn 0 0 -1
vn -1 0 0
vn 1 0 0
vn 0 0 1
vn 0 0 -1
vn -0.8660226585131959 0.5000047549191272 0
vn 0.8660278911900187 -0.4999956916624074 0
vn 0 0 1
vn 0 0 -1
vn -0.5000047549191285 0.8660226585131954 0
vn 0.4999956916624109 -0.8660278911900167 0
vn 0 0 1
vn 0 0 -1
vn 0 1 0
vn 0 -1 0
vn 0 0 1
vn 0 0 -1
vn 1 0 0
vn -1 0 0
vn 0 1 0
vn 0 -1 0
vn 0 0 1
vn 0 0 -1
vn 1 0 0
vn -1 0 0
vn 0 1 0
vn 0 -1 0
vn 0 0 1
vn 0 0 -1
vn 1 0 0
vn -1 0 0
vn 0 1 0
vn 0 -1 0
vn 0 0 1
vn 0 0 -1
vn 0 -1 0
vn -1 0 0
vn 0.7485881801731629 0.6630352452962303 0
vn -0.765704864789611 -0.6431920864232736 0
vn 0 0 1
vn 0 -0.96 -0.28
vn 0 -1 0
vn 1 0 0
vn 0.7624929033564973 -0.6469965782992823 0
vn -0.7463273826322241 0.6655790245593184 0
vn 0 0 1
vn 0 -0.9789804197376051 -0.20395425411200105
vn 0.500004754919129 0.8660226585131949 0
vn -0.4999956916624109 -0.8660278911900167 0
vn 0 0 1
vn 0 0 -1
vn 0.8660226585131955 0.500004754919128 0
vn -0.866027891190018 -0.4999956916624084 0
vn 0 0 1
vn 0 0 -1
vn 1 0 0
vn -1 0 0
vn 0 0 1
vn 0 0 -1
vn 0.8660226585131955 -0.500004754919128 0
vn -0.866027891190018 0.4999956916624084 0
vn 0 0 1
vn 0 0 -1
vn 0.500004754919129 -0.8660226585131949 0
vn -0.4999956916624109 0.8660278911900167 0
vn 0 0 1
vn 0 0 -1
vn 0 -1 0
vn 0 1 0
vn 0 0 1
vn 0 0 -1
vn -0.5000047549191285 -0.8660226585131954 0
vn 0.4999956916624109 0.8660278911900167 0
vn 0 0 1
vn 0 0 -1
vn -0.8660226585131959 -0.5000047549191272 0
vn 0.8660278911900187 0.4999956916624074 0
vn 0 0 1
vn 0 0 -1
vn -1 0 0
vn 1 0 0
vn 0 0 1
vn 0 0 -1
vn -0.8660226585131959 0.5000047549191272 0
vn 0.8660278911900187 -0.4999956916624074 0
vn 0 0 1
vn 0 0 -1
vn -0.5000047549191285 0.8660226585131954 0
vn 0.4999956916624109 -0.8660278911900167 0
vn 0 0 1
vn 0 0 -1
vn 0 1 0
vn 0 -1 0
vn 0 0 1
vn 0 0 -1
vn 0 0 -1
vn 0 0 -1
vn 0 0 -1
vn 0 0 -1
vn 0 0 -1
vn 0 0 -1
vn 0 0 -1
vn 0 0 -1
vn 0 0 -1
vn 0 0 -1
vn 0 0 -1
vn 0 0 -1
vn 0.5000047549191283 0.8660226585131955 0
vn -0.4999956916624107 -0.866027891190017 0
vn 0 0 1
vn 0 0 -1
vn 0.8660226585131959 0.5000047549191272 0
vn -0.8660278911900187 -0.4999956916624074 0
vn 0 0 1
vn 0 0 -1
vn 1 0 0
vn -1 0 0
vn 0 0 1
vn 0 0 -1
vn 0.8660226585131959 -0.5000047549191272 0
vn -0.8660278911900187 0.4999956916624074 0
vn 0 0 1
vn 0 0 -1
vn 0.5000047549191283 -0.8660226585131955 0
vn -0.4999956916624107 0.866027891190017 0
vn 0 0 1
vn 0 0 -1
vn 0 -1 0
vn 0 1 0
vn 0 0 1
vn 0 0 -1
vn -0.5000047549191283 -0.8660226585131955 0
vn 0.4999956916624107 0.866027891190017 0
vn 0 0 1
vn 0 0 -1
vn -0.8660226585131959 -0.5000047549191272 0
vn 0.8660278911900187 0.4999956916624074 0
vn 0 0 1
vn 0 0 -1
vn -1 0 0
vn 1 0 0
vn 0 0 1
vn 0 0 -1
vn -0.8660226585131959 0.5000047549191272 0
vn 0.8660278911900187 -0.4999956916624074 0
vn 0 0 1
vn 0 0 -1
vn -0.5000047549191283 0.8660226585131955 0
vn 0.4999956916624107 -0.866027891190017 0
vn 0 0 1
vn 0 0 -1
vn 0 1 0
vn 0 -1 0
vn 0 0 1
vn 0 0 -1
vn 1 0 0
vn -1 0 0
vn 0 1 0
vn 0 -1 0
vn 0 0 1
vn 0 0 -1
vn 1 0 0
vn -1 0 0
vn 0 1 0
vn 0 -1 0
vn 0 0 1
vn 0 0 -1
vn 1 0 0
vn -1 0 0
vn 0 1 0
vn 0 -1 0
vn 0 0 1
vn 0 0 -1
vn 0 -1 0
vn -1 0 0
vn 0.7485881801731631 0.66303524529623 0
vn -0.7657048647896113 -0.6431920864232733 0
vn 0 0 1
vn 0 -0.9600000000000002 -0.27999999999999997
vn 0 -1 0
vn 1 0 0
vn 0.7624929033564973 -0.6469965782992823 0
vn -0.7463273826322241 0.6655790245593184 0
vn 0 0 1
vn 0 -0.9789804197376051 -0.20395425411200105
vn 0.5000047549191283 0.8660226585131955 0
vn -0.4999956916624107 -0.866027891190017 0
vn 0 0 1
vn 0 0 -1
vn 0.8660226585131959 0.5000047549191272 0
vn -0.8660278911900187 -0.4999956916624074 0
vn 0 0 1
vn 0 0 -1
vn 1 0 0
vn -1 0 0
vn 0 0 1
vn 0 0 -1
vn 0.8660226585131959 -0.5000047549191272 0
vn -0.8660278911900187 0.4999956916624074 0
vn 0 0 1
vn 0 0 -1
vn 0.5000047549191283 -0.8660226585131955 0
vn -0.4999956916624107 0.866027891190017 0
vn 0 0 1
vn 0 0 -1
vn 0 -1 0
vn 0 1 0
vn 0 0 1
vn 0 0 -1
vn -0.5000047549191283 -0.8660226585131955 0
vn 0.4999956916624107 0.866027891190017 0
vn 0 0 1
vn 0 0 -1
vn -0.8660226585131959 -0.5000047549191272 0
vn 0.8660278911900187 0.4999956916624074 0
vn 0 0 1
vn 0 0 -1
vn -1 0 0
vn 1 0 0
vn 0 0 1
vn 0 0 -1
vn -0.8660226585131959 0.5000047549191272 0
vn 0.8660278911900187 -0.4999956916624074 0
vn 0 0 1
vn 0 0 -1
vn -0.5000047549191283 0.8660226585131955 0
vn 0.4999956916624107 -0.866027891190017 0
vn 0 0 1
vn 0 0 -1
vn 0 1 0
vn 0 -1 0
vn 0 0 1
vn 0 0 -1
vn 1 0 0
vn -1 0 0
vn 0 1 0
vn 0 -1 0
vn 0 0 1
vn 0 0 -1
vn 0 0 1
vn 0 0 1
vn 0 0 1
vn 0 0 1
vn 0 0 1
vn 0 0 1
vn 0 0 1
vn 0 0 1
vn 0 0 1
vn 0 0 1
vn 0 0 1
vn 0 0 1
vn 0.5000024352623929 -0.8660239977804753 0
vn -0.5000121476207219 0.8660183902387487 0
vn 0 0 -1
vn 0 0 1
vn 0.8660239977804753 -0.5000024352623929 0
vn -0.8660183902387498 0.5000121476207197 0
vn 0 0 -1
vn 0 0 1
vn 1 0 0
vn -1 0 0
vn 0 0 -1
vn 0 0 1
vn 0.8660239977804753 0.5000024352623929 0
vn -0.8660183902387498 -0.5000121476207197 0
vn 0 0 -1
vn 0 0 1
vn 0.5000024352623929 0.8660239977804753 0
vn -0.5000121476207219 -0.8660183902387487 0
vn 0 0 -1
vn 0 0 1
vn 0 1 0
vn 0 -1 0
vn 0 0 -1
vn 0 0 1
vn -0.5000024352623936 0.866023997780475 0
vn 0.5000121476207219 -0.8660183902387487 0
vn 0 0 -1
vn 0 0 1
vn -0.8660239977804747 0.5000024352623942 0
vn 0.8660183902387498 -0.5000121476207197 0
vn 0 0 -1
vn 0 0 1
vn -1 0 0
vn 1 0 0
vn 0 0 -1
vn 0 0 1
vn -0.8660239977804747 -0.5000024352623942 0
vn 0.8660183902387498 0.5000121476207197 0
vn 0 0 -1
vn 0 0 1
vn -0.5000024352623936 -0.866023997780475 0
vn 0.5000121476207219 0.8660183902387487 0
vn 0 0 -1
vn 0 0 1
vn 0 -1 0
vn 0 1 0
vn 0 0 -1
vn 0 0 1
vn 1 0 0
vn -1 0 0
vn 0 1 0
vn 0 -1 0
vn 0 0 1
vn 0 0 -1
vn 1 0 0
vn -1 0 0
vn 0 1 0
vn 0 -1 0
vn 0 0 1
vn 0 0 -1
vn 1 0 0
vn 0 -1 0
vn -0.8 0.6 0
vn 0.8944271909999161 -0.44721359549995804 0
vn 0 0 1
vn -0.9301552213313229 0 -0.36716653473604843
vn 0.8 0.6 0
vn -0.8944271909999161 -0.44721359549995804 0
vn -1 0 0
vn 0 -1 0
vn 0 0 1
vn 0.926739268223405 0 -0.3757051087392183
vn 1 0 0
vn -1 0 0
vn 0 1 0
vn 0 -1 0
vn 0 0 1
vn 0 0 -1
vn 1 0 0
vn -1 0 0
vn 0 1 0
vn 0 -1 0
vn 0 0 1
vn 0 0 -1
vn 1 0 0
vn -1 0 0
vn 0 0.9848077530122077 -0.17364817766693355
vn 0 -0.9848077530122076 0.1736481776669337
vn 0 0.17364817766693044 0.9848077530122082
vn 0 -0.1736481776669305 -0.9848077530122081
vn 0.7071067811865466 -0.6963642403200194 0.12278780396897536
vn -0.707106781186549 0.696364240320017 -0.12278780396897493
vn 0 0.9848077530122076 -0.1736481776669337
vn 0 -0.98480775301221 0.1736481776669199
vn 0 0.1736481776669293 0.9848077530122082
vn 0 -0.17364817766693055 -0.9848077530122081
vn 0.7071067811865466 0.6963642403200194 -0.12278780396897536
vn -0.707106781186549 -0.696364240320017 0.12278780396897493
vn 0 0.9848077530122076 -0.1736481776669337
vn 0 -0.98480775301221 0.1736481776669199
vn 0 0.1736481776669293 0.9848077530122082
vn 0 -0.17364817766693055 -0.9848077530122081
vn 1 0 0
vn -1 0 0
vn 0 0.9848077530122077 -0.17364817766693355
vn 0 -0.9848077530122076 0.1736481776669337
vn 0 0.17364817766693044 0.9848077530122082
vn 0 -0.1736481776669305 -0.9848077530122081
vn 1 0 0
vn -1 0 0
vn 0 1 0
vn 0 -1 0
vn 0 0 1
vn 0 0 -1
vn 1 0 0
vn -1 0 0
vn 0 1 0
vn 0 -1 0
vn 0 0 1
vn 0 0 -1
vn 1 0 0
vn -1 0 0
vn 0 1 0
vn 0 -1 0
vn 0 0 1
vn 0 0 -1
vn 1 0 0
vn -1 0 0
vn 0 1 0
vn 0 -1 0
vn 0 0 1
vn 0 0 -1
vn 1 0 0
vn -1 0 0
vn 0 1 0
vn 0 -1 0
vn 0 0 1
vn 0 0 -1
vn -0.948683298050514 0 -0.316227766016838
vn 0.948683298050514 0 0.316227766016838
vn 0 1 0
vn 0 -0.9912279006826347 0.13216372009101796
vn 0 0 -1
vn -0.948683298050514 0 0.316227766016838
vn 0.948683298050514 0 -0.316227766016838
vn 0 1 0
vn 0 -0.9912279006826347 0.13216372009101796
vn 0 0 -1
vn 1 0 0
vn -1 0 0
vn 0 1 0
vn 0 -1 0
vn 0 0 1
vn 0 0 -1
vn 1 0 0
vn -1 0 0
vn 0 1 0
vn 0 -1 0
vn 0 0 1
vn 0 0 -1
vn 1 0 0
vn -1 0 0
vn 0 1 0
vn 0 -1 0
vn 0 0 1
vn 0 0 -1
vn 1 0 0
vn -1 0 0
vn 0 1 0
vn 0 -1 0
vn 0 0 1
vn 0 0 -1
vn 1 0 0
vn -1 0 0
vn 0 1 0
vn 0 -1 0
vn 0 0 1
vn 0 0 -1
vn 1 0 0
vn -1 0 0
vn 0 1 0
vn 0 -1 0
vn 0 0 1
vn 0 0 -1
vn 0.7071067811865502 -0.7071067811865449 0
vn -0.7071067811865493 0.7071067811865458 0
vn 0.7071067811865483 0.7071067811865468 0
vn -0.7071067811865482 -0.7071067811865468 0
vn 0 0 1
vn 0 0 -1
vn 0.7071067811865493 0.7071067811865458 0
vn -0.7071067811865502 -0.7071067811865449 0
vn -0.7071067811865483 0.7071067811865467 0
vn 0.7071067811865482 -0.7071067811865468 0
vn 0 0 1
vn 0 0 -1
vn 1 0 0
vn -1 0 0
vn 0 1 0
vn 0 -1 0
vn 0 0 1
vn 0 0 -1
vn 1 0 0
vn -1 0 0
vn 0 1 0
vn 0 -1 0
vn 0 0 1
vn 0 0 -1
vn 1 0 0
vn -1 0 0
vn 0 1 0
vn 0 -1 0
vn 0 0 1
vn 0 0 -1
vn -1 0 0
vn 1 0 0
vn 0 -1 0
vn 0 0.7071067811865476 0.7071067811865476
vn 0 0 -1
vn 1 0 0
vn -1 0 0
vn 0 1 0
vn 0 -1 0
vn 0 0 1
vn 0 0 -1
vn 1 0 0
vn -1 0 0
vn 0 1 0
vn 0 -0.7071067811865476 0.7071067811865476
vn 0 0 -1
vn 1 0 0
vn -1 0 0
vn 0 1 0
vn 0 -1 0
vn 0 0 1
vn 0 0 -1
vn 1 0 0
vn -1 0 0
vn 0 1 0
vn 0 -1 0
vn 0 0 1
vn 0 0 -1
vn 1 0 0
vn -1 0 0
vn 0 1 0
vn 0 -1 0
vn 0 0 1
vn 0 0 -1
vn -1 0 0
vn 1 0 0
vn 0 -1 0
vn 0 0.7071067811865476 0.7071067811865476
vn 0 0 -1
vn 1 0 0
vn -1 0 0
vn 0 1 0
vn 0 -0.7071067811865476 0.7071067811865476
vn 0 0 -1
vn -0.8309071769755092 -0.5564110560103833 -8.961353569415134e-14
vn 0.8386923819939381 0.5446054428532037 -1.5478617650990243e-14
vn 0 1 0
vn 1 0 -3.5527136788007187e-14
vn 2.1316282072803277e-15 1.2688263138573287e-15 -1
vn -2.4868995751603588e-15 -3.806478941571962e-15 1
vn -0.8309071769755104 0.5564110560103815 3.6899691168181394e-14
vn 0.8386923819939407 -0.5446054428531998 1.160896323824304e-14
vn 2.8421709430406e-15 -1 3.552713678800572e-14
vn 1 3.606221281010889e-29 7.10542735760191e-14
vn 3.1974423109205416e-15 -1.3481279584734307e-15 1
vn -3.90798504668065e-15 5.306000948857936e-15 -1
vn 0.8309071769755093 0.5564110560103831 -5.798522897856885e-14
vn -0.8386923819939383 -0.5446054428532037 -1.547861765099033e-14
vn -2.8421709430405177e-15 -1 -3.55271367880047e-14
vn -1 2.0301221021717313e-15 -5.3290705182011016e-14
vn -2.131628207280341e-15 -1.268826313857336e-15 -1
vn 2.4868995751603864e-15 3.921826788286294e-15 1
vn 0.8309071769755082 -0.5564110560103849 0
vn -0.8386923819939369 0.5446054428532056 0
vn 0 1 0
vn -1 0 0
vn 0 0 1
vn 0 0 -1
vn 1 0 0
vn -1 0 0
vn 0 1 0
vn 0 -1 0
vn 0 0 1
vn 0 0 -1
usemtl m_3d215661-f591-00a8-53e2-d8d611c756be
f 4/1/1 2/2/1 1/3/1 3/4/1
f 7/5/2 5/6/2 6/7/2 8/8/2
f 1/9/3 2/10/3 6/11/3 5/12/3
f 4/13/4 3/14/4 7/15/4 8/16/4
f 3/17/5 1/18/5 5/19/5 7/20/5
f 8/21/6 6/22/6 2/23/6 4/24/6
f 12/25/7 10/26/7 9/27/7 11/28/7
f 15/29/8 13/30/8 14/31/8 16/32/8
f 9/33/9 10/34/9 14/35/9 13/36/9
f 12/37/10 11/38/10 15/39/10 16/40/10
f 11/41/11 9/42/11 13/43/11 15/44/11
f 16/45/12 14/46/12 10/47/12 12/48/12
f 20/49/13 18/50/13 17/51/13 19/52/13
f 23/53/14 21/54/14 22/55/14 24/56/14
f 17/57/15 18/58/15 22/59/15 21/60/15
f 20/61/16 19/62/16 23/63/16 24/64/16
f 19/65/17 17/66/17 21/67/17 23/68/17
f 24/69/18 22/70/18 18/71/18 20/72/18
f 28/73/19 27/74/19 26/75/19 25/76/19
f 31/77/20 29/78/20 30/79/20 32/80/20
f 26/81/21 27/82/21 30/83/21 29/84/21
f 28/85/22 25/86/22 31/87/22 32/88/22
f 25/89/23 26/90/23 29/91/23 31/92/23
f 32/93/24 30/94/24 27/95/24 28/96/24
f 36/97/25 34/98/25 33/99/25 35/100/25
f 39/101/26 37/102/26 38/103/26 40/104/26
f 33/105/27 34/106/27 38/107/27 37/108/27
f 36/109/28 35/110/28 39/111/28 40/112/28
f 35/113/29 33/114/29 37/115/29 39/116/29
f 40/117/30 38/118/30 34/119/30 36/120/30
f 44/121/31 42/122/31 41/123/31 43/124/31
f 47/125/32 45/126/32 46/127/32 48/128/32
f 41/129/33 42/130/33 46/131/33 45/132/33
f 44/133/34 43/134/34 47/135/34 48/136/34
f 43/137/35 41/138/35 45/139/35 47/140/35
f 48/141/36 46/142/36 42/143/36 44/144/36
f 52/145/37 50/146/37 49/147/37 51/148/37
f 55/149/38 53/150/38 54/151/38 56/152/38
f 49/153/39 50/154/39 54/155/39 53/156/39
f 52/157/40 51/158/40 55/159/40 56/160/40
f 51/161/41 49/162/41 53/163/41 55/164/41
f 56/165/42 54/166/42 50/167/42 52/168/42
f 60/169/43 58/170/43 57/171/43 59/172/43
f 63/173/44 61/174/44 62/175/44 64/176/44
f 57/177/45 58/178/45 62/179/45 61/180/45
f 60/181/46 59/182/46 63/183/46 64/184/46
f 59/185/47 57/186/47 61/187/47 63/188/47
f 64/189/48 62/190/48 58/191/48 60/192/48
f 68/193/49 66/194/49 65/195/49 67/196/49
f 71/197/50 69/198/50 70/199/50 72/200/50
f 65/201/51 66/202/51 70/203/51 69/204/51
f 68/205/52 67/206/52 71/207/52 72/208/52
f 67/209/53 65/210/53 69/211/53 71/212/53
f 72/213/54 70/214/54 66/215/54 68/216/54
f 76/217/55 74/218/55 73/219/55 75/220/55
f 79/221/56 77/222/56 78/223/56 80/224/56
f 73/225/57 74/226/57 78/227/57 77/228/57
f 76/229/58 75/230/58 79/231/58 80/232/58
f 75/233/59 73/234/59 77/235/59 79/236/59
f 80/237/60 78/238/60 74/239/60 76/240/60
f 84/241/61 82/242/61 81/243/61 83/244/61
f 87/245/62 85/246/62 86/247/62 88/248/62
f 81/249/63 82/250/63 86/251/63 85/252/63
f 84/253/64 83/254/64 87/255/64 88/256/64
f 83/257/65 81/258/65 85/259/65 87/260/65
f 88/261/66 86/262/66 82/263/66 84/264/66
f 92/265/67 90/266/67 89/267/67 91/268/67
f 95/269/68 93/270/68 94/271/68 96/272/68
f 89/273/69 90/274/69 94/275/69 93/276/69
f 92/277/70 91/278/70 95/279/70 96/280/70
f 91/281/71 89/282/71 93/283/71 95/284/71
f 96/285/72 94/286/72 90/287/72 92/288/72
f 100/289/73 98/290/73 97/291/73 99/292/73
f 103/293/74 101/294/74 102/295/74 104/296/74
f 97/297/75 98/298/75 102/299/75 101/300/75
f 100/301/76 99/302/76 103/303/76 104/304/76
f 99/305/77 97/306/77 101/307/77 103/308/77
f 104/309/78 102/310/78 98/311/78 100/312/78
f 108/313/79 106/314/79 105/315/79 107/316/79
f 111/317/80 109/318/80 110/319/80 112/320/80
f 105/321/81 106/322/81 110/323/81 109/324/81
f 108/325/82 107/326/82 111/327/82 112/328/82
f 107/329/83 105/330/83 109/331/83 111/332/83
f 112/333/84 110/334/84 106/335/84 108/336/84
f 116/337/85 114/338/85 113/339/85 115/340/85
f 119/341/86 117/342/86 118/343/86 120/344/86
f 113/345/87 114/346/87 118/347/87 117/348/87
f 116/349/88 115/350/88 119/351/88 120/352/88
f 115/353/89 113/354/89 117/355/89 119/356/89
f 120/357/90 118/358/90 114/359/90 116/360/90
f 124/361/91 122/362/91 121/363/91 123/364/91
f 127/365/92 125/366/92 126/367/92 128/368/92
f 121/369/93 122/370/93 126/371/93 125/372/93
f 124/373/94 123/374/94 127/375/94 128/376/94
f 123/377/95 121/378/95 125/379/95 127/380/95
f 128/381/96 126/382/96 122/383/96 124/384/96
f 132/385/97 130/386/97 129/387/97 131/388/97
f 135/389/98 133/390/98 134/391/98 136/392/98
f 129/393/99 130/394/99 134/395/99 133/396/99
f 132/397/100 131/398/100 135/399/100 136/400/100
f 131/401/101 129/402/101 133/403/101 135/404/101
f 136/405/102 134/406/102 130/407/102 132/408/102
f 140/409/103 138/410/103 137/411/103 139/412/103
f 143/413/104 141/414/104 142/415/104 144/416/104
f 137/417/105 138/418/105 142/419/105 141/420/105
f 140/421/106 139/422/106 143/423/106 144/424/106
f 139/425/107 137/426/107 141/427/107 143/428/107
f 144/429/108 142/430/108 138/431/108 140/432/108
f 148/433/109 146/434/109 145/435/109 147/436/109
f 151/437/110 149/438/110 150/439/110 152/440/110
f 145/441/111 146/442/111 150/443/111 149/444/111
f 148/445/112 147/446/112 151/447/112 152/448/112
f 147/449/113 145/450/113 149/451/113 151/452/113
f 152/453/114 150/454/114 146/455/114 148/456/114
f 156/457/115 154/458/115 153/459/115 155/460/115
f 159/461/116 157/462/116 158/463/116 160/464/116
f 153/465/117 154/466/117 158/467/117 157/468/117
f 156/469/118 155/470/118 159/471/118 160/472/118
f 155/473/119 153/474/119 157/475/119 159/476/119
f 160/477/120 158/478/120 154/479/120 156/480/120
f 164/481/121 162/482/121 161/483/121 163/484/121
f 167/485/122 165/486/122 166/487/122 168/488/122
f 161/489/123 162/490/123 166/491/123 165/492/123
f 164/493/124 163/494/124 167/495/124 168/496/124
f 163/497/125 161/498/125 165/499/125 167/500/125
f 168/501/126 166/502/126 162/503/126 164/504/126
f 172/505/127 170/506/127 169/507/127 171/508/127
f 175/509/128 173/510/128 174/511/128 176/512/128
f 169/513/129 170/514/129 174/515/129 173/516/129
f 172/517/130 171/518/130 175/519/130 176/520/130
f 171/521/131 169/522/131 173/523/131 175/524/131
f 176/525/132 174/526/132 170/527/132 172/528/132
f 180/529/133 178/530/133 177/531/133 179/532/133
f 183/533/134 181/534/134 182/535/134 184/536/134
f 177/537/135 178/538/135 182/539/135 181/540/135
f 180/541/136 179/542/136 183/543/136 184/544/136
f 179/545/137 177/546/137 181/547/137 183/548/137
f 184/549/138 182/550/138 178/551/138 180/552/138
f 188/553/139 186/554/139 185/555/139 187/556/139
f 191/557/140 189/558/140 190/559/140 192/560/140
f 185/561/141 186/562/141 190/563/141 189/564/141
f 188/565/142 187/566/142 191/567/142 192/568/142
f 187/569/143 185/570/143 189/571/143 191/572/143
f 192/573/144 190/574/144 186/575/144 188/576/144
f 196/577/145 194/578/145 193/579/145 195/580/145
f 199/581/146 197/582/146 198/583/146 200/584/146
f 193/585/147 194/586/147 198/587/147 197/588/147
f 196/589/148 195/590/148 199/591/148 200/592/148
f 195/593/149 193/594/149 197/595/149 199/596/149
f 200/597/150 198/598/150 194/599/150 196/600/150
f 204/601/151 202/602/151 201/603/151 203/604/151
f 207/605/152 205/606/152 206/607/152 208/608/152
f 201/609/153 202/610/153 206/611/153 205/612/153
f 204/613/154 203/614/154 207/615/154 208/616/154
f 203/617/155 201/618/155 205/619/155 207/620/155
f 208/621/156 206/622/156 202/623/156 204/624/156
f 212/625/157 210/626/157 209/627/157 211/628/157
f 215/629/158 213/630/158 214/631/158 216/632/158
f 209/633/159 210/634/159 214/635/159 213/636/159
f 212/637/160 211/638/160 215/639/160 216/640/160
f 211/641/161 209/642/161 213/643/161 215/644/161
f 216/645/162 214/646/162 210/647/162 212/648/162
f 220/649/163 218/650/163 217/651/163 219/652/163
f 223/653/164 221/654/164 222/655/164 224/656/164
f 217/657/165 218/658/165 222/659/165 221/660/165
f 220/661/166 219/662/166 223/663/166 224/664/166
f 219/665/167 217/666/167 221/667/167 223/668/167
f 224/669/168 222/670/168 218/671/168 220/672/168
f 228/673/169 226/674/169 225/675/169 227/676/169
f 231/677/170 229/678/170 230/679/170 232/680/170
f 225/681/171 226/682/171 230/683/171 229/684/171
f 228/685/172 227/686/172 231/687/172 232/688/172
f 227/689/173 225/690/173 229/691/173 231/692/173
f 232/693/174 230/694/174 226/695/174 228/696/174
f 236/697/175 234/698/175 233/699/175 235/700/175
f 239/701/176 237/702/176 238/703/176 240/704/176
f 233/705/177 234/706/177 238/707/177 237/708/177
f 236/709/178 235/710/178 239/711/178 240/712/178
f 235/713/179 233/714/179 237/715/179 239/716/179
f 240/717/180 238/718/180 234/719/180 236/720/180
f 244/721/181 242/722/181 241/723/181 243/724/181
f 247/725/182 245/726/182 246/727/182 248/728/182
f 241/729/183 242/730/183 246/731/183 245/732/183
f 244/733/184 243/734/184 247/735/184 248/736/184
f 243/737/185 241/738/185 245/739/185 247/740/185
f 248/741/186 246/742/186 242/743/186 244/744/186
f 252/745/187 250/746/187 249/747/187 251/748/187
f 255/749/188 253/750/188 254/751/188 256/752/188
f 249/753/189 250/754/189 254/755/189 253/756/189
f 252/757/190 251/758/190 255/759/190 256/760/190
f 251/761/191 249/762/191 253/763/191 255/764/191
f 256/765/192 254/766/192 250/767/192 252/768/192
f 260/769/193 258/770/193 257/771/193 259/772/193
f 263/773/194 261/774/194 262/775/194 264/776/194
f 257/777/195 258/778/195 262/779/195 261/780/195
f 260/781/196 259/782/196 263/783/196 264/784/196
f 259/785/197 257/786/197 261/787/197 263/788/197
f 264/789/198 262/790/198 258/791/198 260/792/198
f 268/793/199 266/794/199 265/795/199 267/796/199
f 271/797/200 269/798/200 270/799/200 272/800/200
f 265/801/201 266/802/201 270/803/201 269/804/201
f 268/805/202 267/806/202 271/807/202 272/808/202
f 267/809/203 265/810/203 269/811/203 271/812/203
f 272/813/204 270/814/204 266/815/204 268/816/204
f 276/817/205 274/818/205 273/819/205 275/820/205
f 279/821/206 277/822/206 278/823/206 280/824/206
f 273/825/207 274/826/207 278/827/207 277/828/207
f 276/829/208 275/830/208 279/831/208 280/832/208
f 275/833/209 273/834/209 277/835/209 279/836/209
f 280/837/210 278/838/210 274/839/210 276/840/210
f 282/841/211 281/842/211 283/843/211
f 284/844/212 285/845/212 286/846/212
f 281/847/213 282/848/213 285/849/213 284/850/213
f 283/851/214 281/852/214 284/853/214 286/854/214
f 286/855/215 285/856/215 282/857/215 283/858/215
f 288/859/216 287/860/216 289/861/216
f 290/862/217 291/863/217 292/864/217
f 287/865/218 288/866/218 291/867/218 290/868/218
f 289/869/219 287/870/219 290/871/219 292/872/219
f 292/873/220 291/874/220 288/875/220 289/876/220
f 294/877/221 293/878/221 295/879/221
f 296/880/222 297/881/222 298/882/222
f 293/883/223 294/884/223 297/885/223 296/886/223
f 295/887/224 293/888/224 296/889/224 298/890/224
f 298/891/225 297/892/225 294/893/225 295/894/225
f 299/895/226 300/896/226 301/897/226
f 303/898/227 302/899/227 304/900/227
f 303/901/228 300/902/228 299/903/228 302/904/228
f 302/905/229 299/906/229 301/907/229 304/908/229
f 300/909/230 303/910/230 304/911/230 301/912/230
f 305/913/231 306/914/231 307/915/231
f 309/916/232 308/917/232 310/918/232
f 309/919/233 306/920/233 305/921/233 308/922/233
f 308/923/234 305/924/234 307/925/234 310/926/234
f 306/927/235 309/928/235 310/929/235 307/930/235
f 311/931/236 312/932/236 313/933/236
f 315/934/237 314/935/237 316/936/237
f 315/937/238 312/938/238 311/939/238 314/940/238
f 314/941/239 311/942/239 313/943/239 316/944/239
f 312/945/240 315/946/240 316/947/240 313/948/240
f 320/949/241 318/950/241 317/951/241 319/952/241
f 323/953/242 321/954/242 322/955/242 324/956/242
f 317/957/243 318/958/243 322/959/243 321/960/243
f 320/961/244 319/962/244 323/963/244 324/964/244
f 319/965/245 317/966/245 321/967/245 323/968/245
f 324/969/246 322/970/246 318/971/246 320/972/246
f 328/973/247 326/974/247 325/975/247 327/976/247
f 331/977/248 329/978/248 330/979/248 332/980/248
f 325/981/249 326/982/249 330/983/249 329/984/249
f 328/985/250 327/986/250 331/987/250 332/988/250
f 327/989/251 325/990/251 329/991/251 331/992/251
f 332/993/252 330/994/252 326/995/252 328/996/252
f 336/997/253 334/998/253 333/999/253 335/1000/253
f 339/1001/254 337/1002/254 338/1003/254 340/1004/254
f 333/1005/255 334/1006/255 338/1007/255 337/1008/255
f 336/1009/256 335/1010/256 339/1011/256 340/1012/256
f 335/1013/257 333/1014/257 337/1015/257 339/1016/257
f 340/1017/258 338/1018/258 334/1019/258 336/1020/258
f 344/1021/259 342/1022/259 341/1023/259 343/1024/259
f 347/1025/260 345/1026/260 346/1027/260 348/1028/260
f 341/1029/261 342/1030/261 346/1031/261 345/1032/261
f 344/1033/262 343/1034/262 347/1035/262 348/1036/262
f 343/1037/263 341/1038/263 345/1039/263 347/1040/263
f 348/1041/264 346/1042/264 342/1043/264 344/1044/264
f 352/1045/265 350/1046/265 349/1047/265 351/1048/265
f 355/1049/266 353/1050/266 354/1051/266 356/1052/266
f 349/1053/267 350/1054/267 354/1055/267 353/1056/267
f 352/1057/268 351/1058/268 355/1059/268 356/1060/268
f 351/1061/269 349/1062/269 353/1063/269 355/1064/269
f 356/1065/270 354/1066/270 350/1067/270 352/1068/270
f 360/1069/271 358/1070/271 357/1071/271 359/1072/271
f 361/1073/272 357/1074/272 358/1075/272 362/1076/272
f 360/1077/273 359/1078/273 361/1079/273 362/1080/273
f 357/1081/274 359/1082/274 361/1083/274
f 358/1084/275 362/1085/275 360/1086/275
f 363/1087/276 364/1088/276 366/1089/276 365/1090/276
f 364/1091/277 363/1092/277 367/1093/277 368/1094/277
f 367/1095/278 365/1096/278 366/1097/278 368/1098/278
f 365/1099/279 363/1100/279 367/1101/279
f 368/1102/280 364/1103/280 366/1104/280
f 372/1105/281 370/1106/281 369/1107/281 371/1108/281
f 373/1109/282 369/1110/282 370/1111/282 374/1112/282
f 372/1113/283 371/1114/283 373/1115/283 374/1116/283
f 369/1117/284 371/1118/284 373/1119/284
f 370/1120/285 374/1121/285 372/1122/285
f 375/1123/286 376/1124/286 378/1125/286 377/1126/286
f 376/1127/287 375/1128/287 379/1129/287 380/1130/287
f 379/1131/288 377/1132/288 378/1133/288 380/1134/288
f 377/1135/289 375/1136/289 379/1137/289
f 380/1138/290 376/1139/290 378/1140/290
usemtl m_b2af6bd8-ffc8-ff72-7f7b-7b18782af15d
f 384/1141/291 382/1142/291 381/1143/291 383/1144/291
f 387/1145/292 385/1146/292 386/1147/292 388/1148/292
f 381/1149/293 382/1150/293 386/1151/293 385/1152/293
f 384/1153/294 383/1154/294 387/1155/294 388/1156/294
f 383/1157/295 381/1158/295 385/1159/295 387/1160/295
f 388/1161/296 386/1162/296 382/1163/296 384/1164/296
f 392/1165/297 390/1166/297 389/1167/297 391/1168/297
f 395/1169/298 393/1170/298 394/1171/298 396/1172/298
f 389/1173/299 390/1174/299 394/1175/299 393/1176/299
f 392/1177/300 391/1178/300 395/1179/300 396/1180/300
f 391/1181/301 389/1182/301 393/1183/301 395/1184/301
f 396/1185/302 394/1186/302 390/1187/302 392/1188/302
f 400/1189/303 398/1190/303 397/1191/303 399/1192/303
f 403/1193/304 401/1194/304 402/1195/304 404/1196/304
f 397/1197/305 398/1198/305 402/1199/305 401/1200/305
f 400/1201/306 399/1202/306 403/1203/306 404/1204/306
f 399/1205/307 397/1206/307 401/1207/307 403/1208/307
f 404/1209/308 402/1210/308 398/1211/308 400/1212/308
f 408/1213/309 406/1214/309 405/1215/309 407/1216/309
f 411/1217/310 409/1218/310 410/1219/310 412/1220/310
f 405/1221/311 406/1222/311 410/1223/311 409/1224/311
f 408/1225/312 407/1226/312 411/1227/312 412/1228/312
f 407/1229/313 405/1230/313 409/1231/313 411/1232/313
f 412/1233/314 410/1234/314 406/1235/314 408/1236/314
f 416/1237/315 414/1238/315 413/1239/315 415/1240/315
f 419/1241/316 417/1242/316 418/1243/316 420/1244/316
f 413/1245/317 414/1246/317 418/1247/317 417/1248/317
f 416/1249/318 415/1250/318 419/1251/318 420/1252/318
f 415/1253/319 413/1254/319 417/1255/319 419/1256/319
f 420/1257/320 418/1258/320 414/1259/320 416/1260/320
f 424/1261/321 422/1262/321 421/1263/321 423/1264/321
f 427/1265/322 425/1266/322 426/1267/322 428/1268/322
f 421/1269/323 422/1270/323 426/1271/323 425/1272/323
f 424/1273/324 423/1274/324 427/1275/324 428/1276/324
f 423/1277/325 421/1278/325 425/1279/325 427/1280/325
f 428/1281/326 426/1282/326 422/1283/326 424/1284/326
f 432/1285/327 430/1286/327 429/1287/327 431/1288/327
f 435/1289/328 433/1290/328 434/1291/328 436/1292/328
f 429/1293/329 430/1294/329 434/1295/329 433/1296/329
f 432/1297/330 431/1298/330 435/1299/330 436/1300/330
f 431/1301/331 429/1302/331 433/1303/331 435/1304/331
f 436/1305/332 434/1306/332 430/1307/332 432/1308/332
f 440/1309/333 438/1310/333 437/1311/333 439/1312/333
f 443/1313/334 441/1314/334 442/1315/334 444/1316/334
f 437/1317/335 438/1318/335 442/1319/335 441/1320/335
f 440/1321/336 439/1322/336 443/1323/336 444/1324/336
f 439/1325/337 437/1326/337 441/1327/337 443/1328/337
f 444/1329/338 442/1330/338 438/1331/338 440/1332/338
f 448/1333/339 446/1334/339 445/1335/339 447/1336/339
f 451/1337/340 449/1338/340 450/1339/340 452/1340/340
f 445/1341/341 446/1342/341 450/1343/341 449/1344/341
f 448/1345/342 447/1346/342 451/1347/342 452/1348/342
f 447/1349/343 445/1350/343 449/1351/343 451/1352/343
f 452/1353/344 450/1354/344 446/1355/344 448/1356/344
f 456/1357/345 454/1358/345 453/1359/345 455/1360/345
f 459/1361/346 457/1362/346 458/1363/346 460/1364/346
f 453/1365/347 454/1366/347 458/1367/347 457/1368/347
f 456/1369/348 455/1370/348 459/1371/348 460/1372/348
f 455/1373/349 453/1374/349 457/1375/349 459/1376/349
f 460/1377/350 458/1378/350 454/1379/350 456/1380/350
f 464/1381/351 462/1382/351 461/1383/351 463/1384/351
f 467/1385/352 465/1386/352 466/1387/352 468/1388/352
f 461/1389/353 462/1390/353 466/1391/353 465/1392/353
f 464/1393/354 463/1394/354 467/1395/354 468/1396/354
f 463/1397/355 461/1398/355 465/1399/355 467/1400/355
f 468/1401/356 466/1402/356 462/1403/356 464/1404/356
f 472/1405/357 470/1406/357 469/1407/357 471/1408/357
f 475/1409/358 473/1410/358 474/1411/358 476/1412/358
f 469/1413/359 470/1414/359 474/1415/359 473/1416/359
f 472/1417/360 471/1418/360 475/1419/360 476/1420/360
f 471/1421/361 469/1422/361 473/1423/361 475/1424/361
f 476/1425/362 474/1426/362 470/1427/362 472/1428/362
f 480/1429/363 478/1430/363 477/1431/363 479/1432/363
f 483/1433/364 481/1434/364 482/1435/364 484/1436/364
f 477/1437/365 478/1438/365 482/1439/365 481/1440/365
f 480/1441/366 479/1442/366 483/1443/366 484/1444/366
f 479/1445/367 477/1446/367 481/1447/367 483/1448/367
f 484/1449/368 482/1450/368 478/1451/368 480/1452/368
f 488/1453/369 486/1454/369 485/1455/369 487/1456/369
f 491/1457/370 489/1458/370 490/1459/370 492/1460/370
f 485/1461/371 486/1462/371 490/1463/371 489/1464/371
f 488/1465/372 487/1466/372 491/1467/372 492/1468/372
f 487/1469/373 485/1470/373 489/1471/373 491/1472/373
f 492/1473/374 490/1474/374 486/1475/374 488/1476/374
usemtl m_3d215661-f591-00a8-53e2-d8d611c756be
f 496/1477/375 494/1478/375 493/1479/375 495/1480/375
f 499/1481/376 497/1482/376 498/1483/376 500/1484/376
f 493/1485/377 494/1486/377 498/1487/377 497/1488/377
f 496/1489/378 495/1490/378 499/1491/378 500/1492/378
f 495/1493/379 493/1494/379 497/1495/379 499/1496/379
f 500/1497/380 498/1498/380 494/1499/380 496/1500/380
f 504/1501/381 502/1502/381 501/1503/381 503/1504/381
f 507/1505/382 505/1506/382 506/1507/382 508/1508/382
f 501/1509/383 502/1510/383 506/1511/383 505/1512/383
f 504/1513/384 503/1514/384 507/1515/384 508/1516/384
f 503/1517/385 501/1518/385 505/1519/385 507/1520/385
f 508/1521/386 506/1522/386 502/1523/386 504/1524/386
usemtl m_409504fd-f58c-4195-329e-2b61b82ac830
f 511/1525/387 512/1526/387 509/1527/387
f 512/1528/388 513/1529/388 509/1530/388
f 513/1531/389 514/1532/389 509/1533/389
f 514/1534/390 515/1535/390 509/1536/390
f 515/1537/391 516/1538/391 509/1539/391
f 516/1540/392 517/1541/392 509/1542/392
f 517/1543/393 518/1544/393 509/1545/393
f 518/1546/394 519/1547/394 509/1548/394
f 519/1549/395 520/1550/395 509/1551/395
f 520/1552/396 521/1553/396 509/1554/396
f 521/1555/397 510/1556/397 509/1557/397
f 510/1558/398 511/1559/398 509/1560/398
usemtl m_3d215661-f591-00a8-53e2-d8d611c756be
f 522/1561/399 526/1562/399 527/1563/399 523/1564/399
f 525/1565/400 529/1566/400 528/1567/400 524/1568/400
f 524/1569/401 528/1570/401 526/1571/401 522/1572/401
f 523/1573/402 527/1574/402 529/1575/402 525/1576/402
f 526/1577/403 530/1578/403 531/1579/403 527/1580/403
f 529/1581/404 533/1582/404 532/1583/404 528/1584/404
f 528/1585/405 532/1586/405 530/1587/405 526/1588/405
f 527/1589/406 531/1590/406 533/1591/406 529/1592/406
f 530/1593/407 534/1594/407 535/1595/407 531/1596/407
f 533/1597/408 537/1598/408 536/1599/408 532/1600/408
f 532/1601/409 536/1602/409 534/1603/409 530/1604/409
f 531/1605/410 535/1606/410 537/1607/410 533/1608/410
f 534/1609/411 538/1610/411 539/1611/411 535/1612/411
f 537/1613/412 541/1614/412 540/1615/412 536/1616/412
f 536/1617/413 540/1618/413 538/1619/413 534/1620/413
f 535/1621/414 539/1622/414 541/1623/414 537/1624/414
f 538/1625/415 542/1626/415 543/1627/415 539/1628/415
f 541/1629/416 545/1630/416 544/1631/416 540/1632/416
f 540/1633/417 544/1634/417 542/1635/417 538/1636/417
f 539/1637/418 543/1638/418 545/1639/418 541/1640/418
f 542/1641/419 546/1642/419 547/1643/419 543/1644/419
f 545/1645/420 549/1646/420 548/1647/420 544/1648/420
f 544/1649/421 548/1650/421 546/1651/421 542/1652/421
f 543/1653/422 547/1654/422 549/1655/422 545/1656/422
f 546/1657/423 550/1658/423 551/1659/423 547/1660/423
f 549/1661/424 553/1662/424 552/1663/424 548/1664/424
f 548/1665/425 552/1666/425 550/1667/425 546/1668/425
f 547/1669/426 551/1670/426 553/1671/426 549/1672/426
f 550/1673/427 554/1674/427 555/1675/427 551/1676/427
f 553/1677/428 557/1678/428 556/1679/428 552/1680/428
f 552/1681/429 556/1682/429 554/1683/429 550/1684/429
f 551/1685/430 555/1686/430 557/1687/430 553/1688/430
f 554/1689/431 558/1690/431 559/1691/431 555/1692/431
f 557/1693/432 561/1694/432 560/1695/432 556/1696/432
f 556/1697/433 560/1698/433 558/1699/433 554/1700/433
f 555/1701/434 559/1702/434 561/1703/434 557/1704/434
f 558/1705/435 562/1706/435 563/1707/435 559/1708/435
f 561/1709/436 565/1710/436 564/1711/436 560/1712/436
f 560/1713/437 564/1714/437 562/1715/437 558/1716/437
f 559/1717/438 563/1718/438 565/1719/438 561/1720/438
f 562/1721/439 566/1722/439 567/1723/439 563/1724/439
f 565/1725/440 569/1726/440 568/1727/440 564/1728/440
f 564/1729/441 568/1730/441 566/1731/441 562/1732/441
f 563/1733/442 567/1734/442 569/1735/442 565/1736/442
f 566/1737/443 522/1738/443 523/1739/443 567/1740/443
f 569/1741/444 525/1742/444 524/1743/444 568/1744/444
f 568/1745/445 524/1746/445 522/1747/445 566/1748/445
f 567/1749/446 523/1750/446 525/1751/446 569/1752/446
f 573/1753/447 571/1754/447 570/1755/447 572/1756/447
f 576/1757/448 574/1758/448 575/1759/448 577/1760/448
f 570/1761/449 571/1762/449 575/1763/449 574/1764/449
f 573/1765/450 572/1766/450 576/1767/450 577/1768/450
f 572/1769/451 570/1770/451 574/1771/451 576/1772/451
f 577/1773/452 575/1774/452 571/1775/452 573/1776/452
f 581/1777/453 579/1778/453 578/1779/453 580/1780/453
f 584/1781/454 582/1782/454 583/1783/454 585/1784/454
f 578/1785/455 579/1786/455 583/1787/455 582/1788/455
f 581/1789/456 580/1790/456 584/1791/456 585/1792/456
f 580/1793/457 578/1794/457 582/1795/457 584/1796/457
f 585/1797/458 583/1798/458 579/1799/458 581/1800/458
f 589/1801/459 587/1802/459 586/1803/459 588/1804/459
f 592/1805/460 590/1806/460 591/1807/460 593/1808/460
f 586/1809/461 587/1810/461 591/1811/461 590/1812/461
f 589/1813/462 588/1814/462 592/1815/462 593/1816/462
f 588/1817/463 586/1818/463 590/1819/463 592/1820/463
f 593/1821/464 591/1822/464 587/1823/464 589/1824/464
f 595/1825/465 594/1826/465 596/1827/465 597/1828/465
f 600/1829/466 598/1830/466 599/1831/466 601/1832/466
f 598/1833/467 594/1834/467 595/1835/467 599/1836/467
f 597/1837/468 596/1838/468 600/1839/468 601/1840/468
f 596/1841/469 594/1842/469 598/1843/469 600/1844/469
f 599/1845/470 595/1846/470 597/1847/470 601/1848/470
f 603/1849/471 602/1850/471 604/1851/471 605/1852/471
f 608/1853/472 606/1854/472 607/1855/472 609/1856/472
f 606/1857/473 602/1858/473 603/1859/473 607/1860/473
f 605/1861/474 604/1862/474 608/1863/474 609/1864/474
f 604/1865/475 602/1866/475 606/1867/475 608/1868/475
f 607/1869/476 603/1870/476 605/1871/476 609/1872/476
f 610/1873/477 614/1874/477 615/1875/477 611/1876/477
f 613/1877/478 617/1878/478 616/1879/478 612/1880/478
f 612/1881/479 616/1882/479 614/1883/479 610/1884/479
f 611/1885/480 615/1886/480 617/1887/480 613/1888/480
f 614/1889/481 618/1890/481 619/1891/481 615/1892/481
f 617/1893/482 621/1894/482 620/1895/482 616/1896/482
f 616/1897/483 620/1898/483 618/1899/483 614/1900/483
f 615/1901/484 619/1902/484 621/1903/484 617/1904/484
f 618/1905/485 622/1906/485 623/1907/485 619/1908/485
f 621/1909/486 625/1910/486 624/1911/486 620/1912/486
f 620/1913/487 624/1914/487 622/1915/487 618/1916/487
f 619/1917/488 623/1918/488 625/1919/488 621/1920/488
f 622/1921/489 626/1922/489 627/1923/489 623/1924/489
f 625/1925/490 629/1926/490 628/1927/490 624/1928/490
f 624/1929/491 628/1930/491 626/1931/491 622/1932/491
f 623/1933/492 627/1934/492 629/1935/492 625/1936/492
f 626/1937/493 630/1938/493 631/1939/493 627/1940/493
f 629/1941/494 633/1942/494 632/1943/494 628/1944/494
f 628/1945/495 632/1946/495 630/1947/495 626/1948/495
f 627/1949/496 631/1950/496 633/1951/496 629/1952/496
f 630/1953/497 634/1954/497 635/1955/497 631/1956/497
f 633/1957/498 637/1958/498 636/1959/498 632/1960/498
f 632/1961/499 636/1962/499 634/1963/499 630/1964/499
f 631/1965/500 635/1966/500 637/1967/500 633/1968/500
f 634/1969/501 638/1970/501 639/1971/501 635/1972/501
f 637/1973/502 641/1974/502 640/1975/502 636/1976/502
f 636/1977/503 640/1978/503 638/1979/503 634/1980/503
f 635/1981/504 639/1982/504 641/1983/504 637/1984/504
f 638/1985/505 642/1986/505 643/1987/505 639/1988/505
f 641/1989/506 645/1990/506 644/1991/506 640/1992/506
f 640/1993/507 644/1994/507 642/1995/507 638/1996/507
f 639/1997/508 643/1998/508 645/1999/508 641/2000/508
f 642/2001/509 646/2002/509 647/2003/509 643/2004/509
f 645/2005/510 649/2006/510 648/2007/510 644/2008/510
f 644/2009/511 648/2010/511 646/2011/511 642/2012/511
f 643/2013/512 647/2014/512 649/2015/512 645/2016/512
f 646/2017/513 650/2018/513 651/2019/513 647/2020/513
f 649/2021/514 653/2022/514 652/2023/514 648/2024/514
f 648/2025/515 652/2026/515 650/2027/515 646/2028/515
f 647/2029/516 651/2030/516 653/2031/516 649/2032/516
f 650/2033/517 654/2034/517 655/2035/517 651/2036/517
f 653/2037/518 657/2038/518 656/2039/518 652/2040/518
f 652/2041/519 656/2042/519 654/2043/519 650/2044/519
f 651/2045/520 655/2046/520 657/2047/520 653/2048/520
f 654/2049/521 610/2050/521 611/2051/521 655/2052/521
f 657/2053/522 613/2054/522 612/2055/522 656/2056/522
f 656/2057/523 612/2058/523 610/2059/523 654/2060/523
f 655/2061/524 611/2062/524 613/2063/524 657/2064/524
usemtl m_409504fd-f58c-4195-329e-2b61b82ac830
f 660/2065/525 661/2066/525 658/2067/525
f 661/2068/526 662/2069/526 658/2070/526
f 662/2071/527 663/2072/527 658/2073/527
f 663/2074/528 664/2075/528 658/2076/528
f 664/2077/529 665/2078/529 658/2079/529
f 665/2080/530 666/2081/530 658/2082/530
f 666/2083/531 667/2084/531 658/2085/531
f 667/2086/532 668/2087/532 658/2088/532
f 668/2089/533 669/2090/533 658/2091/533
f 669/2092/534 670/2093/534 658/2094/534
f 670/2095/535 659/2096/535 658/2097/535
f 659/2098/536 660/2099/536 658/2100/536
usemtl m_3d215661-f591-00a8-53e2-d8d611c756be
f 671/2101/537 675/2102/537 676/2103/537 672/2104/537
f 674/2105/538 678/2106/538 677/2107/538 673/2108/538
f 673/2109/539 677/2110/539 675/2111/539 671/2112/539
f 672/2113/540 676/2114/540 678/2115/540 674/2116/540
f 675/2117/541 679/2118/541 680/2119/541 676/2120/541
f 678/2121/542 682/2122/542 681/2123/542 677/2124/542
f 677/2125/543 681/2126/543 679/2127/543 675/2128/543
f 676/2129/544 680/2130/544 682/2131/544 678/2132/544
f 679/2133/545 683/2134/545 684/2135/545 680/2136/545
f 682/2137/546 686/2138/546 685/2139/546 681/2140/546
f 681/2141/547 685/2142/547 683/2143/547 679/2144/547
f 680/2145/548 684/2146/548 686/2147/548 682/2148/548
f 683/2149/549 687/2150/549 688/2151/549 684/2152/549
f 686/2153/550 690/2154/550 689/2155/550 685/2156/550
f 685/2157/551 689/2158/551 687/2159/551 683/2160/551
f 684/2161/552 688/2162/552 690/2163/552 686/2164/552
f 687/2165/553 691/2166/553 692/2167/553 688/2168/553
f 690/2169/554 694/2170/554 693/2171/554 689/2172/554
f 689/2173/555 693/2174/555 691/2175/555 687/2176/555
f 688/2177/556 692/2178/556 694/2179/556 690/2180/556
f 691/2181/557 695/2182/557 696/2183/557 692/2184/557
f 694/2185/558 698/2186/558 697/2187/558 693/2188/558
f 693/2189/559 697/2190/559 695/2191/559 691/2192/559
f 692/2193/560 696/2194/560 698/2195/560 694/2196/560
f 695/2197/561 699/2198/561 700/2199/561 696/2200/561
f 698/2201/562 702/2202/562 701/2203/562 697/2204/562
f 697/2205/563 701/2206/563 699/2207/563 695/2208/563
f 696/2209/564 700/2210/564 702/2211/564 698/2212/564
f 699/2213/565 703/2214/565 704/2215/565 700/2216/565
f 702/2217/566 706/2218/566 705/2219/566 701/2220/566
f 701/2221/567 705/2222/567 703/2223/567 699/2224/567
f 700/2225/568 704/2226/568 706/2227/568 702/2228/568
f 703/2229/569 707/2230/569 708/2231/569 704/2232/569
f 706/2233/570 710/2234/570 709/2235/570 705/2236/570
f 705/2237/571 709/2238/571 707/2239/571 703/2240/571
f 704/2241/572 708/2242/572 710/2243/572 706/2244/572
f 707/2245/573 711/2246/573 712/2247/573 708/2248/573
f 710/2249/574 714/2250/574 713/2251/574 709/2252/574
f 709/2253/575 713/2254/575 711/2255/575 707/2256/575
f 708/2257/576 712/2258/576 714/2259/576 710/2260/576
f 711/2261/577 715/2262/577 716/2263/577 712/2264/577
f 714/2265/578 718/2266/578 717/2267/578 713/2268/578
f 713/2269/579 717/2270/579 715/2271/579 711/2272/579
f 712/2273/580 716/2274/580 718/2275/580 714/2276/580
f 715/2277/581 671/2278/581 672/2279/581 716/2280/581
f 718/2281/582 674/2282/582 673/2283/582 717/2284/582
f 717/2285/583 673/2286/583 671/2287/583 715/2288/583
f 716/2289/584 672/2290/584 674/2291/584 718/2292/584
f 722/2293/585 720/2294/585 719/2295/585 721/2296/585
f 725/2297/586 723/2298/586 724/2299/586 726/2300/586
f 719/2301/587 720/2302/587 724/2303/587 723/2304/587
f 722/2305/588 721/2306/588 725/2307/588 726/2308/588
f 721/2309/589 719/2310/589 723/2311/589 725/2312/589
f 726/2313/590 724/2314/590 720/2315/590 722/2316/590
f 730/2317/591 728/2318/591 727/2319/591 729/2320/591
f 733/2321/592 731/2322/592 732/2323/592 734/2324/592
f 727/2325/593 728/2326/593 732/2327/593 731/2328/593
f 730/2329/594 729/2330/594 733/2331/594 734/2332/594
f 729/2333/595 727/2334/595 731/2335/595 733/2336/595
f 734/2337/596 732/2338/596 728/2339/596 730/2340/596
f 738/2341/597 736/2342/597 735/2343/597 737/2344/597
f 741/2345/598 739/2346/598 740/2347/598 742/2348/598
f 735/2349/599 736/2350/599 740/2351/599 739/2352/599
f 738/2353/600 737/2354/600 741/2355/600 742/2356/600
f 737/2357/601 735/2358/601 739/2359/601 741/2360/601
f 742/2361/602 740/2362/602 736/2363/602 738/2364/602
f 744/2365/603 743/2366/603 745/2367/603 746/2368/603
f 749/2369/604 747/2370/604 748/2371/604 750/2372/604
f 747/2373/605 743/2374/605 744/2375/605 748/2376/605
f 746/2377/606 745/2378/606 749/2379/606 750/2380/606
f 745/2381/607 743/2382/607 747/2383/607 749/2384/607
f 748/2385/608 744/2386/608 746/2387/608 750/2388/608
f 752/2389/609 751/2390/609 753/2391/609 754/2392/609
f 757/2393/610 755/2394/610 756/2395/610 758/2396/610
f 755/2397/611 751/2398/611 752/2399/611 756/2400/611
f 754/2401/612 753/2402/612 757/2403/612 758/2404/612
f 753/2405/613 751/2406/613 755/2407/613 757/2408/613
f 756/2409/614 752/2410/614 754/2411/614 758/2412/614
f 759/2413/615 763/2414/615 764/2415/615 760/2416/615
f 762/2417/616 766/2418/616 765/2419/616 761/2420/616
f 761/2421/617 765/2422/617 763/2423/617 759/2424/617
f 760/2425/618 764/2426/618 766/2427/618 762/2428/618
f 763/2429/619 767/2430/619 768/2431/619 764/2432/619
f 766/2433/620 770/2434/620 769/2435/620 765/2436/620
f 765/2437/621 769/2438/621 767/2439/621 763/2440/621
f 764/2441/622 768/2442/622 770/2443/622 766/2444/622
f 767/2445/623 771/2446/623 772/2447/623 768/2448/623
f 770/2449/624 774/2450/624 773/2451/624 769/2452/624
f 769/2453/625 773/2454/625 771/2455/625 767/2456/625
f 768/2457/626 772/2458/626 774/2459/626 770/2460/626
f 771/2461/627 775/2462/627 776/2463/627 772/2464/627
f 774/2465/628 778/2466/628 777/2467/628 773/2468/628
f 773/2469/629 777/2470/629 775/2471/629 771/2472/629
f 772/2473/630 776/2474/630 778/2475/630 774/2476/630
f 775/2477/631 779/2478/631 780/2479/631 776/2480/631
f 778/2481/632 782/2482/632 781/2483/632 777/2484/632
f 777/2485/633 781/2486/633 779/2487/633 775/2488/633
f 776/2489/634 780/2490/634 782/2491/634 778/2492/634
f 779/2493/635 783/2494/635 784/2495/635 780/2496/635
f 782/2497/636 786/2498/636 785/2499/636 781/2500/636
f 781/2501/637 785/2502/637 783/2503/637 779/2504/637
f 780/2505/638 784/2506/638 786/2507/638 782/2508/638
f 783/2509/639 787/2510/639 788/2511/639 784/2512/639
f 786/2513/640 790/2514/640 789/2515/640 785/2516/640
f 785/2517/641 789/2518/641 787/2519/641 783/2520/641
f 784/2521/642 788/2522/642 790/2523/642 786/2524/642
f 787/2525/643 791/2526/643 792/2527/643 788/2528/643
f 790/2529/644 794/2530/644 793/2531/644 789/2532/644
f 789/2533/645 793/2534/645 791/2535/645 787/2536/645
f 788/2537/646 792/2538/646 794/2539/646 790/2540/646
f 791/2541/647 795/2542/647 796/2543/647 792/2544/647
f 794/2545/648 798/2546/648 797/2547/648 793/2548/648
f 793/2549/649 797/2550/649 795/2551/649 791/2552/649
f 792/2553/650 796/2554/650 798/2555/650 794/2556/650
f 795/2557/651 799/2558/651 800/2559/651 796/2560/651
f 798/2561/652 802/2562/652 801/2563/652 797/2564/652
f 797/2565/653 801/2566/653 799/2567/653 795/2568/653
f 796/2569/654 800/2570/654 802/2571/654 798/2572/654
f 799/2573/655 803/2574/655 804/2575/655 800/2576/655
f 802/2577/656 806/2578/656 805/2579/656 801/2580/656
f 801/2581/657 805/2582/657 803/2583/657 799/2584/657
f 800/2585/658 804/2586/658 806/2587/658 802/2588/658
f 803/2589/659 759/2590/659 760/2591/659 804/2592/659
f 806/2593/660 762/2594/660 761/2595/660 805/2596/660
f 805/2597/661 761/2598/661 759/2599/661 803/2600/661
f 804/2601/662 760/2602/662 762/2603/662 806/2604/662
f 810/2605/663 808/2606/663 807/2607/663 809/2608/663
f 813/2609/664 811/2610/664 812/2611/664 814/2612/664
f 807/2613/665 808/2614/665 812/2615/665 811/2616/665
f 810/2617/666 809/2618/666 813/2619/666 814/2620/666
f 809/2621/667 807/2622/667 811/2623/667 813/2624/667
f 814/2625/668 812/2626/668 808/2627/668 810/2628/668
usemtl m_409504fd-f58c-4195-329e-2b61b82ac830
f 817/2629/669 818/2630/669 815/2631/669
f 818/2632/670 819/2633/670 815/2634/670
f 819/2635/671 820/2636/671 815/2637/671
f 820/2638/672 821/2639/672 815/2640/672
f 821/2641/673 822/2642/673 815/2643/673
f 822/2644/674 823/2645/674 815/2646/674
f 823/2647/675 824/2648/675 815/2649/675
f 824/2650/676 825/2651/676 815/2652/676
f 825/2653/677 826/2654/677 815/2655/677
f 826/2656/678 827/2657/678 815/2658/678
f 827/2659/679 816/2660/679 815/2661/679
f 816/2662/680 817/2663/680 815/2664/680
usemtl m_3d215661-f591-00a8-53e2-d8d611c756be
f 828/2665/681 832/2666/681 833/2667/681 829/2668/681
f 831/2669/682 835/2670/682 834/2671/682 830/2672/682
f 830/2673/683 834/2674/683 832/2675/683 828/2676/683
f 829/2677/684 833/2678/684 835/2679/684 831/2680/684
f 832/2681/685 836/2682/685 837/2683/685 833/2684/685
f 835/2685/686 839/2686/686 838/2687/686 834/2688/686
f 834/2689/687 838/2690/687 836/2691/687 832/2692/687
f 833/2693/688 837/2694/688 839/2695/688 835/2696/688
f 836/2697/689 840/2698/689 841/2699/689 837/2700/689
f 839/2701/690 843/2702/690 842/2703/690 838/2704/690
f 838/2705/691 842/2706/691 840/2707/691 836/2708/691
f 837/2709/692 841/2710/692 843/2711/692 839/2712/692
f 840/2713/693 844/2714/693 845/2715/693 841/2716/693
f 843/2717/694 847/2718/694 846/2719/694 842/2720/694
f 842/2721/695 846/2722/695 844/2723/695 840/2724/695
f 841/2725/696 845/2726/696 847/2727/696 843/2728/696
f 844/2729/697 848/2730/697 849/2731/697 845/2732/697
f 847/2733/698 851/2734/698 850/2735/698 846/2736/698
f 846/2737/699 850/2738/699 848/2739/699 844/2740/699
f 845/2741/700 849/2742/700 851/2743/700 847/2744/700
f 848/2745/701 852/2746/701 853/2747/701 849/2748/701
f 851/2749/702 855/2750/702 854/2751/702 850/2752/702
f 850/2753/703 854/2754/703 852/2755/703 848/2756/703
f 849/2757/704 853/2758/704 855/2759/704 851/2760/704
f 852/2761/705 856/2762/705 857/2763/705 853/2764/705
f 855/2765/706 859/2766/706 858/2767/706 854/2768/706
f 854/2769/707 858/2770/707 856/2771/707 852/2772/707
f 853/2773/708 857/2774/708 859/2775/708 855/2776/708
f 856/2777/709 860/2778/709 861/2779/709 857/2780/709
f 859/2781/710 863/2782/710 862/2783/710 858/2784/710
f 858/2785/711 862/2786/711 860/2787/711 856/2788/711
f 857/2789/712 861/2790/712 863/2791/712 859/2792/712
f 860/2793/713 864/2794/713 865/2795/713 861/2796/713
f 863/2797/714 867/2798/714 866/2799/714 862/2800/714
f 862/2801/715 866/2802/715 864/2803/715 860/2804/715
f 861/2805/716 865/2806/716 867/2807/716 863/2808/716
f 864/2809/717 868/2810/717 869/2811/717 865/2812/717
f 867/2813/718 871/2814/718 870/2815/718 866/2816/718
f 866/2817/719 870/2818/719 868/2819/719 864/2820/719
f 865/2821/720 869/2822/720 871/2823/720 867/2824/720
f 868/2825/721 872/2826/721 873/2827/721 869/2828/721
f 871/2829/722 875/2830/722 874/2831/722 870/2832/722
f 870/2833/723 874/2834/723 872/2835/723 868/2836/723
f 869/2837/724 873/2838/724 875/2839/724 871/2840/724
f 872/2841/725 828/2842/725 829/2843/725 873/2844/725
f 875/2845/726 831/2846/726 830/2847/726 874/2848/726
f 874/2849/727 830/2850/727 828/2851/727 872/2852/727
f 873/2853/728 829/2854/728 831/2855/728 875/2856/728
f 879/2857/729 877/2858/729 876/2859/729 878/2860/729
f 882/2861/730 880/2862/730 881/2863/730 883/2864/730
f 876/2865/731 877/2866/731 881/2867/731 880/2868/731
f 879/2869/732 878/2870/732 882/2871/732 883/2872/732
f 878/2873/733 876/2874/733 880/2875/733 882/2876/733
f 883/2877/734 881/2878/734 877/2879/734 879/2880/734
f 887/2881/735 885/2882/735 884/2883/735 886/2884/735
f 890/2885/736 888/2886/736 889/2887/736 891/2888/736
f 884/2889/737 885/2890/737 889/2891/737 888/2892/737
f 887/2893/738 886/2894/738 890/2895/738 891/2896/738
f 886/2897/739 884/2898/739 888/2899/739 890/2900/739
f 891/2901/740 889/2902/740 885/2903/740 887/2904/740
f 893/2905/741 892/2906/741 894/2907/741 895/2908/741
f 898/2909/742 896/2910/742 897/2911/742 899/2912/742
f 896/2913/743 892/2914/743 893/2915/743 897/2916/743
f 895/2917/744 894/2918/744 898/2919/744 899/2920/744
f 894/2921/745 892/2922/745 896/2923/745 898/2924/745
f 897/2925/746 893/2926/746 895/2927/746 899/2928/746
f 901/2929/747 900/2930/747 902/2931/747 903/2932/747
f 906/2933/748 904/2934/748 905/2935/748 907/2936/748
f 904/2937/749 900/2938/749 901/2939/749 905/2940/749
f 903/2941/750 902/2942/750 906/2943/750 907/2944/750
f 902/2945/751 900/2946/751 904/2947/751 906/2948/751
f 905/2949/752 901/2950/752 903/2951/752 907/2952/752
f 911/2953/753 909/2954/753 908/2955/753 910/2956/753
f 914/2957/754 912/2958/754 913/2959/754 915/2960/754
f 908/2961/755 909/2962/755 913/2963/755 912/2964/755
f 911/2965/756 910/2966/756 914/2967/756 915/2968/756
f 910/2969/757 908/2970/757 912/2971/757 914/2972/757
f 915/2973/758 913/2974/758 909/2975/758 911/2976/758
f 919/2977/759 917/2978/759 916/2979/759 918/2980/759
f 922/2981/760 920/2982/760 921/2983/760 923/2984/760
f 916/2985/761 917/2986/761 921/2987/761 920/2988/761
f 919/2989/762 918/2990/762 922/2991/762 923/2992/762
f 918/2993/763 916/2994/763 920/2995/763 922/2996/763
f 923/2997/764 921/2998/764 917/2999/764 919/3000/764
usemtl m_b2af6bd8-ffc8-ff72-7f7b-7b18782af15d
f 927/3001/765 925/3002/765 924/3003/765 926/3004/765
f 930/3005/766 928/3006/766 929/3007/766 931/3008/766
f 924/3009/767 925/3010/767 929/3011/767 928/3012/767
f 927/3013/768 926/3014/768 930/3015/768 931/3016/768
f 926/3017/769 924/3018/769 928/3019/769 930/3020/769
f 931/3021/770 929/3022/770 925/3023/770 927/3024/770
f 935/3025/771 933/3026/771 932/3027/771 934/3028/771
f 938/3029/772 936/3030/772 937/3031/772 939/3032/772
f 932/3033/773 933/3034/773 937/3035/773 936/3036/773
f 935/3037/774 934/3038/774 938/3039/774 939/3040/774
f 934/3041/775 932/3042/775 936/3043/775 938/3044/775
f 939/3045/776 937/3046/776 933/3047/776 935/3048/776
f 943/3049/777 941/3050/777 940/3051/777 942/3052/777
f 946/3053/778 944/3054/778 945/3055/778 947/3056/778
f 940/3057/779 941/3058/779 945/3059/779 944/3060/779
f 943/3061/780 942/3062/780 946/3063/780 947/3064/780
f 942/3065/781 940/3066/781 944/3067/781 946/3068/781
f 947/3069/782 945/3070/782 941/3071/782 943/3072/782
f 951/3073/783 949/3074/783 948/3075/783 950/3076/783
f 954/3077/784 952/3078/784 953/3079/784 955/3080/784
f 948/3081/785 949/3082/785 953/3083/785 952/3084/785
f 951/3085/786 950/3086/786 954/3087/786 955/3088/786
f 950/3089/787 948/3090/787 952/3091/787 954/3092/787
f 955/3093/788 953/3094/788 949/3095/788 951/3096/788
usemtl m_3d215661-f591-00a8-53e2-d8d611c756be
f 959/3097/789 957/3098/789 956/3099/789 958/3100/789
f 962/3101/790 960/3102/790 961/3103/790 963/3104/790
f 956/3105/791 957/3106/791 961/3107/791 960/3108/791
f 959/3109/792 958/3110/792 962/3111/792 963/3112/792
f 958/3113/793 956/3114/793 960/3115/793 962/3116/793
f 963/3117/794 961/3118/794 957/3119/794 959/3120/794
usemtl m_b2af6bd8-ffc8-ff72-7f7b-7b18782af15d
f 967/3121/795 965/3122/795 964/3123/795 966/3124/795
f 970/3125/796 968/3126/796 969/3127/796 971/3128/796
f 964/3129/797 965/3130/797 969/3131/797 968/3132/797
f 967/3133/798 966/3134/798 970/3135/798 971/3136/798
f 966/3137/799 964/3138/799 968/3139/799 970/3140/799
f 971/3141/800 969/3142/800 965/3143/800 967/3144/800
f 975/3145/801 973/3146/801 972/3147/801 974/3148/801
f 978/3149/802 976/3150/802 977/3151/802 979/3152/802
f 972/3153/803 973/3154/803 977/3155/803 976/3156/803
f 975/3157/804 974/3158/804 978/3159/804 979/3160/804
f 974/3161/805 972/3162/805 976/3163/805 978/3164/805
f 979/3165/806 977/3166/806 973/3167/806 975/3168/806
f 983/3169/807 981/3170/807 980/3171/807 982/3172/807
f 986/3173/808 984/3174/808 985/3175/808 987/3176/808
f 980/3177/809 981/3178/809 985/3179/809 984/3180/809
f 983/3181/810 982/3182/810 986/3183/810 987/3184/810
f 982/3185/811 980/3186/811 984/3187/811 986/3188/811
f 987/3189/812 985/3190/812 981/3191/812 983/3192/812
f 991/3193/813 989/3194/813 988/3195/813 990/3196/813
f 994/3197/814 992/3198/814 993/3199/814 995/3200/814
f 988/3201/815 989/3202/815 993/3203/815 992/3204/815
f 991/3205/816 990/3206/816 994/3207/816 995/3208/816
f 990/3209/817 988/3210/817 992/3211/817 994/3212/817
f 995/3213/818 993/3214/818 989/3215/818 991/3216/818
f 996/3217/819 998/3218/819 997/3219/819
f 999/3220/820 1000/3221/820 1001/3222/820
f 997/3223/821 996/3224/821 999/3225/821 1000/3226/821
f 998/3227/822 997/3228/822 1000/3229/822 1001/3230/822
f 1001/3231/823 999/3232/823 996/3233/823 998/3234/823
f 1002/3235/824 1004/3236/824 1003/3237/824
f 1005/3238/825 1006/3239/825 1007/3240/825
f 1003/3241/826 1002/3242/826 1005/3243/826 1006/3244/826
f 1004/3245/827 1003/3246/827 1006/3247/827 1007/3248/827
f 1007/3249/828 1005/3250/828 1002/3251/828 1004/3252/828
f 1011/3253/829 1009/3254/829 1008/3255/829 1010/3256/829
f 1014/3257/830 1012/3258/830 1013/3259/830 1015/3260/830
f 1008/3261/831 1009/3262/831 1013/3263/831 1012/3264/831
f 1011/3265/832 1010/3266/832 1014/3267/832 1015/3268/832
f 1010/3269/833 1008/3270/833 1012/3271/833 1014/3272/833
f 1015/3273/834 1013/3274/834 1009/3275/834 1011/3276/834
f 1019/3277/835 1017/3278/835 1016/3279/835 1018/3280/835
f 1022/3281/836 1020/3282/836 1021/3283/836 1023/3284/836
f 1016/3285/837 1017/3286/837 1021/3287/837 1020/3288/837
f 1019/3289/838 1018/3290/838 1022/3291/838 1023/3292/838
f 1018/3293/839 1016/3294/839 1020/3295/839 1022/3296/839
f 1023/3297/840 1021/3298/840 1017/3299/840 1019/3300/840
f 1027/3301/841 1025/3302/841 1024/3303/841 1026/3304/841
f 1030/3305/842 1028/3306/842 1029/3307/842 1031/3308/842
f 1024/3309/843 1025/3310/843 1029/3311/843 1028/3312/843
f 1027/3313/844 1026/3314/844 1030/3315/844 1031/3316/844
f 1026/3317/845 1024/3318/845 1028/3319/845 1030/3320/845
f 1031/3321/846 1029/3322/846 1025/3323/846 1027/3324/846
f 1035/3325/847 1033/3326/847 1032/3327/847 1034/3328/847
f 1038/3329/848 1036/3330/848 1037/3331/848 1039/3332/848
f 1032/3333/849 1033/3334/849 1037/3335/849 1036/3336/849
f 1035/3337/850 1034/3338/850 1038/3339/850 1039/3340/850
f 1034/3341/851 1032/3342/851 1036/3343/851 1038/3344/851
f 1039/3345/852 1037/3346/852 1033/3347/852 1035/3348/852
f 1043/3349/853 1041/3350/853 1040/3351/853 1042/3352/853
f 1046/3353/854 1044/3354/854 1045/3355/854 1047/3356/854
f 1040/3357/855 1041/3358/855 1045/3359/855 1044/3360/855
f 1043/3361/856 1042/3362/856 1046/3363/856 1047/3364/856
f 1042/3365/857 1040/3366/857 1044/3367/857 1046/3368/857
f 1047/3369/858 1045/3370/858 1041/3371/858 1043/3372/858
f 1051/3373/859 1049/3374/859 1048/3375/859 1050/3376/859
f 1054/3377/860 1052/3378/860 1053/3379/860 1055/3380/860
f 1048/3381/861 1049/3382/861 1053/3383/861 1052/3384/861
f 1051/3385/862 1050/3386/862 1054/3387/862 1055/3388/862
f 1050/3389/863 1048/3390/863 1052/3391/863 1054/3392/863
f 1055/3393/864 1053/3394/864 1049/3395/864 1051/3396/864
f 1059/3397/865 1057/3398/865 1056/3399/865 1058/3400/865
f 1062/3401/866 1060/3402/866 1061/3403/866 1063/3404/866
f 1056/3405/867 1057/3406/867 1061/3407/867 1060/3408/867
f 1059/3409/868 1058/3410/868 1062/3411/868 1063/3412/868
f 1058/3413/869 1056/3414/869 1060/3415/869 1062/3416/869
f 1063/3417/870 1061/3418/870 1057/3419/870 1059/3420/870
f 1067/3421/871 1065/3422/871 1064/3423/871 1066/3424/871
f 1070/3425/872 1068/3426/872 1069/3427/872 1071/3428/872
f 1064/3429/873 1065/3430/873 1069/3431/873 1068/3432/873
f 1067/3433/874 1066/3434/874 1070/3435/874 1071/3436/874
f 1066/3437/875 1064/3438/875 1068/3439/875 1070/3440/875
f 1071/3441/876 1069/3442/876 1065/3443/876 1067/3444/876
f 1075/3445/877 1073/3446/877 1072/3447/877 1074/3448/877
f 1078/3449/878 1076/3450/878 1077/3451/878 1079/3452/878
f 1072/3453/879 1073/3454/879 1077/3455/879 1076/3456/879
f 1075/3457/880 1074/3458/880 1078/3459/880 1079/3460/880
f 1074/3461/881 1072/3462/881 1076/3463/881 1078/3464/881
f 1079/3465/882 1077/3466/882 1073/3467/882 1075/3468/882
f 1083/3469/883 1081/3470/883 1080/3471/883 1082/3472/883
f 1086/3473/884 1084/3474/884 1085/3475/884 1087/3476/884
f 1080/3477/885 1081/3478/885 1085/3479/885 1084/3480/885
f 1083/3481/886 1082/3482/886 1086/3483/886 1087/3484/886
f 1082/3485/887 1080/3486/887 1084/3487/887 1086/3488/887
f 1087/3489/888 1085/3490/888 1081/3491/888 1083/3492/888
f 1091/3493/889 1089/3494/889 1088/3495/889 1090/3496/889
f 1094/3497/890 1092/3498/890 1093/3499/890 1095/3500/890
f 1088/3501/891 1089/3502/891 1093/3503/891 1092/3504/891
f 1091/3505/892 1090/3506/892 1094/3507/892 1095/3508/892
f 1090/3509/893 1088/3510/893 1092/3511/893 1094/3512/893
f 1095/3513/894 1093/3514/894 1089/3515/894 1091/3516/894
f 1096/3517/895 1098/3518/895 1097/3519/895
f 1099/3520/896 1100/3521/896 1101/3522/896
f 1098/3523/897 1097/3524/897 1100/3525/897 1101/3526/897
f 1097/3527/898 1096/3528/898 1099/3529/898 1100/3530/898
f 1101/3531/899 1099/3532/899 1096/3533/899 1098/3534/899
f 1105/3535/900 1103/3536/900 1102/3537/900 1104/3538/900
f 1108/3539/901 1106/3540/901 1107/3541/901 1109/3542/901
f 1102/3543/902 1103/3544/902 1107/3545/902 1106/3546/902
f 1105/3547/903 1104/3548/903 1108/3549/903 1109/3550/903
f 1104/3551/904 1102/3552/904 1106/3553/904 1108/3554/904
f 1109/3555/905 1107/3556/905 1103/3557/905 1105/3558/905
f 1111/3559/906 1110/3560/906 1112/3561/906
f 1113/3562/907 1114/3563/907 1115/3564/907
f 1110/3565/908 1111/3566/908 1114/3567/908 1113/3568/908
f 1112/3569/909 1110/3570/909 1113/3571/909 1115/3572/909
f 1115/3573/910 1114/3574/910 1111/3575/910 1112/3576/910
f 1119/3577/911 1117/3578/911 1116/3579/911 1118/3580/911
f 1122/3581/912 1120/3582/912 1121/3583/912 1123/3584/912
f 1116/3585/913 1117/3586/913 1121/3587/913 1120/3588/913
f 1119/3589/914 1118/3590/914 1122/3591/914 1123/3592/914
f 1118/3593/915 1116/3594/915 1120/3595/915 1122/3596/915
f 1123/3597/916 1121/3598/916 1117/3599/916 1119/3600/916
f 1127/3601/917 1125/3602/917 1124/3603/917 1126/3604/917
f 1130/3605/918 1128/3606/918 1129/3607/918 1131/3608/918
f 1124/3609/919 1125/3610/919 1129/3611/919 1128/3612/919
f 1127/3613/920 1126/3614/920 1130/3615/920 1131/3616/920
f 1126/3617/921 1124/3618/921 1128/3619/921 1130/3620/921
f 1131/3621/922 1129/3622/922 1125/3623/922 1127/3624/922
f 1135/3625/923 1133/3626/923 1132/3627/923 1134/3628/923
f 1138/3629/924 1136/3630/924 1137/3631/924 1139/3632/924
f 1132/3633/925 1133/3634/925 1137/3635/925 1136/3636/925
f 1135/3637/926 1134/3638/926 1138/3639/926 1139/3640/926
f 1134/3641/927 1132/3642/927 1136/3643/927 1138/3644/927
f 1139/3645/928 1137/3646/928 1133/3647/928 1135/3648/928
f 1140/3649/929 1142/3650/929 1141/3651/929
f 1143/3652/930 1144/3653/930 1145/3654/930
f 1142/3655/931 1141/3656/931 1144/3657/931 1145/3658/931
f 1141/3659/932 1140/3660/932 1143/3661/932 1144/3662/932
f 1145/3663/933 1143/3664/933 1140/3665/933 1142/3666/933
f 1147/3667/934 1146/3668/934 1148/3669/934
f 1149/3670/935 1150/3671/935 1151/3672/935
f 1146/3673/936 1147/3674/936 1150/3675/936 1149/3676/936
f 1148/3677/937 1146/3678/937 1149/3679/937 1151/3680/937
f 1151/3681/938 1150/3682/938 1147/3683/938 1148/3684/938
usemtl m_3d215661-f591-00a8-53e2-d8d611c756be
f 1155/3685/939 1153/3686/939 1152/3687/939 1154/3688/939
f 1158/3689/940 1156/3690/940 1157/3691/940 1159/3692/940
f 1152/3693/941 1153/3694/941 1157/3695/941 1156/3696/941
f 1155/3697/942 1154/3698/942 1158/3699/942 1159/3700/942
f 1154/3701/943 1152/3702/943 1156/3703/943 1158/3704/943
f 1159/3705/944 1157/3706/944 1153/3707/944 1155/3708/944
f 1163/3709/945 1161/3710/945 1160/3711/945 1162/3712/945
f 1166/3713/946 1164/3714/946 1165/3715/946 1167/3716/946
f 1160/3717/947 1161/3718/947 1165/3719/947 1164/3720/947
f 1163/3721/948 1162/3722/948 1166/3723/948 1167/3724/948
f 1162/3725/949 1160/3726/949 1164/3727/949 1166/3728/949
f 1167/3729/950 1165/3730/950 1161/3731/950 1163/3732/950
f 1171/3733/951 1169/3734/951 1168/3735/951 1170/3736/951
f 1174/3737/952 1172/3738/952 1173/3739/952 1175/3740/952
f 1168/3741/953 1169/3742/953 1173/3743/953 1172/3744/953
f 1171/3745/954 1170/3746/954 1174/3747/954 1175/3748/954
f 1170/3749/955 1168/3750/955 1172/3751/955 1174/3752/955
f 1175/3753/956 1173/3754/956 1169/3755/956 1171/3756/956
f 1179/3757/957 1177/3758/957 1176/3759/957 1178/3760/957
f 1182/3761/958 1180/3762/958 1181/3763/958 1183/3764/958
f 1176/3765/959 1177/3766/959 1181/3767/959 1180/3768/959
f 1179/3769/960 1178/3770/960 1182/3771/960 1183/3772/960
f 1178/3773/961 1176/3774/961 1180/3775/961 1182/3776/961
f 1183/3777/962 1181/3778/962 1177/3779/962 1179/3780/962
usemtl m_b2af6bd8-ffc8-ff72-7f7b-7b18782af15d
f 1187/3781/963 1185/3782/963 1184/3783/963 1186/3784/963
f 1190/3785/964 1188/3786/964 1189/3787/964 1191/3788/964
f 1184/3789/965 1185/3790/965 1189/3791/965 1188/3792/965
f 1187/3793/966 1186/3794/966 1190/3795/966 1191/3796/966
f 1186/3797/967 1184/3798/967 1188/3799/967 1190/3800/967
f 1191/3801/968 1189/3802/968 1185/3803/968 1187/3804/968