# Made in Blockbench 5.1.4
mtllib vr.mtl

o cube
v 0.09374999999999989 3.125 -0.25
v 0.5966213466261494 5.795764565439602 -0.3125
v 0.5966213466261494 5.795764565439602 -0.375
v 0.11048543456039803 5.30962865337385 -0.3125
v 0.11048543456039803 5.30962865337385 -0.375
v -0.11048543456039803 6.50287134662615 -0.3125
v -0.11048543456039803 6.50287134662615 -0.375
v -0.5966213466261494 6.016735434560398 -0.3125
v -0.5966213466261494 6.016735434560398 -0.375
v 0.09375000000000022 2.1250000000000004 -0.12500000000000003
v 0.09375000000000022 2.1250000000000004 -0.25
v 0.09374999999999978 1.0625000000000009 -0.12500000000000003
v 0.09374999999999978 1.0625000000000009 -0.25
v -0.09375000000000022 2.125 -0.12500000000000003
v -0.09375000000000022 2.125 -0.25
v -0.09374999999999978 1.0625 -0.12500000000000003
v -0.09374999999999978 1.0625 -0.25
v 0.09375000000000022 2.1250000000000004 0.25
v 0.09375000000000022 2.1250000000000004 0.125
v 0.09374999999999933 1.125 0.25
v 0.09374999999999933 1.125 0.125
v -0.09375000000000022 2.125 0.25
v -0.09375000000000022 2.125 0.125
v -0.09375 1.125 0.25
v -0.09375 1.125 0.125
v 0.06874999999999987 1.75 0.125
v 0.06874999999999987 1.75 -0.12500000000000003
v 0.06874999999999964 1.6875 0.125
v 0.06874999999999964 1.6875 -0.12500000000000003
v -0.05625000000000013 1.75 0.125
v -0.05625000000000013 1.75 -0.12500000000000003
v -0.056250000000000355 1.6875 0.125
v -0.056250000000000355 1.6875 -0.12500000000000003
v 0.06874999999999987 1.25 0.125
v 0.06874999999999987 1.25 -0.12500000000000003
v 0.06874999999999964 1.1875 0.125
v 0.06874999999999964 1.1875 -0.12500000000000003
v -0.05625000000000013 1.2500000000000009 0.125
v -0.05625000000000013 1.2500000000000009 -0.12500000000000003
v -0.05625000000000013 1.1875 0.125
v -0.05625000000000013 1.1875 -0.12500000000000003
v 0.06874999999999964 2.75 0.125
v 0.06874999999999964 2.75 -0.12500000000000003
v 0.06874999999999987 2.6875 0.125
v 0.06874999999999987 2.6875 -0.12500000000000003
v -0.05625000000000058 2.7499999999999996 0.125
v -0.05625000000000058 2.7499999999999996 -0.12500000000000003
v -0.05625000000000013 2.6874999999999996 0.125
v -0.05625000000000013 2.6874999999999996 -0.12500000000000003
v 0.06874999999999987 2.2500000000000004 0.125
v 0.06874999999999987 2.2500000000000004 -0.12500000000000003
v 0.06874999999999964 2.1875000000000004 0.125
v 0.06874999999999964 2.1875000000000004 -0.12500000000000003
v -0.05625000000000013 2.250000000000001 0.125
v -0.05625000000000013 2.250000000000001 -0.12500000000000003
v -0.056250000000000355 2.1875 0.125
v -0.056250000000000355 2.1875 -0.12500000000000003
v 0.09374999999999989 3.125 -0.12500000000000003
v 0.09374999999999989 3.125 -0.25
v 0.09375000000000022 2.1250000000000004 -0.12500000000000003
v 0.09375000000000022 2.1250000000000004 -0.25
v -0.09375000000000067 3.125 -0.12500000000000003
v -0.09375000000000067 3.125 -0.25
v -0.09375000000000022 2.125 -0.12500000000000003
v -0.09375000000000022 2.125 -0.25
v 0.09374999999999989 3.125 0.25
v 0.09374999999999989 3.125 0.125
v 0.09375000000000022 2.1250000000000004 0.25
v 0.09375000000000022 2.1250000000000004 0.125
v -0.09375000000000067 3.125 0.25
v -0.09375000000000067 3.125 0.125
v -0.09375000000000022 2.125 0.25
v -0.09375000000000022 2.125 0.125
v 0.09374999999999978 4.125 -0.12500000000000003
v 0.09374999999999978 4.125 -0.25
v 0.09374999999999989 3.125 -0.12500000000000003
v -0.09375000000000044 4.125 -0.12500000000000003
v -0.09375000000000044 4.125 -0.25
v -0.09375000000000067 3.125 -0.12500000000000003
v -0.09375000000000067 3.125 -0.25
v 0.09374999999999978 4.125 0.25
v 0.09374999999999978 4.125 0.125
v 0.09374999999999989 3.125 0.25
v 0.09374999999999989 3.125 0.125
v -0.09375000000000044 4.125 0.25
v -0.09375000000000044 4.125 0.125
v -0.09375000000000067 3.125 0.25
v -0.09375000000000067 3.125 0.125
v 0.06874999999999964 3.75 0.125
v 0.06874999999999964 3.75 -0.12500000000000003
v 0.06874999999999987 3.6875 0.125
v 0.06874999999999987 3.6875 -0.12500000000000003
v -0.05625000000000058 3.7499999999999996 0.125
v -0.05625000000000058 3.7499999999999996 -0.12500000000000003
v -0.056250000000000466 3.6875 0.125
v -0.056250000000000466 3.6875 -0.12500000000000003
v 0.06874999999999964 3.25 0.125
v 0.06874999999999964 3.25 -0.12500000000000003
v 0.0687500000000002 3.1875000000000004 0.125
v 0.0687500000000002 3.1875000000000004 -0.12500000000000003
v -0.0562500000000008 3.25 0.125
v -0.0562500000000008 3.25 -0.12500000000000003
v -0.05625000000000013 3.1875 0.125
v -0.05625000000000013 3.1875 -0.12500000000000003
v 0.09374999999999975 5.1875 -0.12500000000000003
v 0.09374999999999975 5.1875 -0.25
v 0.09374999999999978 4.125 -0.12500000000000003
v 0.09374999999999978 4.125 -0.25
v -0.0937500000000005 5.1875 -0.12500000000000003
v -0.0937500000000005 5.1875 -0.25
v -0.09375000000000044 4.125 -0.12500000000000003
v -0.09375000000000044 4.125 -0.25
v 0.09374999999999975 5.1875 0.25
v 0.09374999999999975 5.1875 0.125
v 0.09374999999999978 4.125 0.25
v 0.09374999999999978 4.125 0.125
v -0.0937500000000005 5.1875 0.25
v -0.0937500000000005 5.1875 0.125
v -0.09375000000000044 4.125 0.25
v -0.09375000000000044 4.125 0.125
v 0.06874999999999981 4.75 0.125
v 0.06874999999999981 4.75 -0.12500000000000003
v 0.06874999999999987 4.6875 0.125
v 0.06874999999999987 4.6875 -0.12500000000000003
v -0.05625000000000052 4.75 0.125
v -0.05625000000000052 4.75 -0.12500000000000003
v -0.05625000000000058 4.6875 0.125
v -0.05625000000000058 4.6875 -0.12500000000000003
v 0.06874999999999987 4.25 0.125
v 0.06874999999999987 4.25 -0.12500000000000003
v 0.06874999999999976 4.1875 0.125
v 0.06874999999999976 4.1875 -0.12500000000000003
v -0.05625000000000058 4.25 0.125
v -0.05625000000000058 4.25 -0.12500000000000003
v -0.05625000000000058 4.1875 0.125
v -0.05625000000000058 4.1875 -0.12500000000000003
v 0.09374999999999888 6.25 -0.12500000000000003
v 0.09374999999999888 6.25 -0.25
v 0.09374999999999975 5.1875 -0.12500000000000003
v 0.09374999999999975 5.1875 -0.25
v -0.09375000000000008 6.25 -0.12500000000000003
v -0.09375000000000008 6.25 -0.25
v -0.0937500000000005 5.1875 -0.12500000000000003
v -0.0937500000000005 5.1875 -0.25
v 0.09374999999999888 6.25 0.25
v 0.09374999999999888 6.25 0.125
v 0.09374999999999975 5.1875 0.25
v 0.09374999999999975 5.1875 0.125
v -0.09375000000000008 6.25 0.25
v -0.09375000000000008 6.25 0.125
v -0.0937500000000005 5.1875 0.25
v -0.0937500000000005 5.1875 0.125
v 0.06874999999999892 5.8125 0.125
v 0.06874999999999892 5.8125 -0.12500000000000003
v 0.06874999999999953 5.75 0.125
v 0.06874999999999953 5.75 -0.12500000000000003
v -0.05625000000000084 5.8125 0.125
v -0.05625000000000084 5.8125 -0.12500000000000003
v -0.056250000000000216 5.75 0.125
v -0.056250000000000216 5.75 -0.12500000000000003
v 0.06874999999999895 6.25 0.125
v 0.06874999999999895 6.25 -0.12500000000000003
v 0.06874999999999895 6.1875 0.125
v 0.06874999999999895 6.1875 -0.12500000000000003
v -0.056250000000000785 6.25 0.125
v -0.056250000000000785 6.25 -0.12500000000000003
v -0.05625000000000081 6.1875 0.125
v -0.05625000000000081 6.1875 -0.12500000000000003
v 0.06874999999999987 5.3125 0.125
v 0.06874999999999987 5.3125 -0.12500000000000003
v 0.06874999999999978 5.25 0.125
v 0.06874999999999978 5.25 -0.12500000000000003
v -0.05625000000000058 5.3125 0.125
v -0.05625000000000058 5.3125 -0.12500000000000003
v -0.05625000000000052 5.25 0.125
v -0.05625000000000052 5.25 -0.12500000000000003
v 0.375 0.25 0.375
v 0.375 0.25 -0.375
v 0.375 -0.1874999999999991 0.375
v 0.375 -0.1874999999999991 -0.375
v -0.3749999999999998 0.2500000000000009 0.375
v -0.3749999999999998 0.2500000000000009 -0.375
v -0.3750000000000002 -0.1874999999999991 0.375
v -0.3750000000000002 -0.1874999999999991 -0.375
v 0.3125 0.3125 0.3125
v 0.3125 0.3125 -0.3125
v 0.31249999999999956 0.25 0.3125
v 0.31249999999999956 0.25 -0.3125
v -0.3125000000000002 0.3125 0.3125
v -0.3125000000000002 0.3125 -0.3125
v -0.31250000000000067 0.25 0.3125
v -0.31250000000000067 0.25 -0.3125
v 0.08173650111207964 1.1151901117674292 -0.12812500000000002
v 0.08173650111207964 1.1151901117674292 -0.246875
v 0.34055554621459994 0.14926428547836146 -0.12812500000000002
v 0.34055554621459994 0.14926428547836146 -0.246875
v -0.09937459131712134 1.0666615408107072 -0.12812500000000002
v -0.09937459131712134 1.0666615408107072 -0.246875
v 0.15944445378539918 0.10073571452163854 -0.12812500000000002
v 0.15944445378539918 0.10073571452163854 -0.246875
v 0.09937459131712068 1.0666615408107063 -0.13125000000000003
v 0.09937459131712068 1.0666615408107063 -0.24375
v -0.15944445378539962 0.10073571452163943 -0.13125000000000003
v -0.15944445378539962 0.10073571452163943 -0.24375
v -0.08173650111207986 1.1151901117674292 -0.13125000000000003
v -0.08173650111207986 1.1151901117674292 -0.24375
v -0.34055554621460016 0.14926428547836146 -0.13125000000000003
v -0.34055554621460016 0.14926428547836146 -0.24375
v 0.08173650111207964 1.1151901117674292 0.24687499999999996
v 0.08173650111207964 1.1151901117674292 0.12812499999999993
v 0.34055554621459994 0.14926428547836146 0.24687499999999996
v 0.34055554621459994 0.14926428547836146 0.12812499999999993
v -0.09937459131712134 1.0666615408107072 0.24687499999999996
v -0.09937459131712134 1.0666615408107072 0.12812499999999993
v 0.15944445378539918 0.10073571452163854 0.24687499999999996
v 0.15944445378539918 0.10073571452163854 0.12812499999999993
v 0.09937459131712068 1.0666615408107063 0.2437499999999999
v 0.09937459131712068 1.0666615408107063 0.13124999999999998
v -0.15944445378539962 0.10073571452163943 0.2437499999999999
v -0.15944445378539962 0.10073571452163943 0.13124999999999998
v -0.08173650111207986 1.1151901117674292 0.2437499999999999
v -0.08173650111207986 1.1151901117674292 0.13124999999999998
v -0.34055554621460016 0.14926428547836146 0.2437499999999999
v -0.34055554621460016 0.14926428547836146 0.13124999999999998
v 0.3124999999999998 1.375 0.5
v 0.3124999999999998 1.375 0.062499999999999944
v 0.31249999999999956 0.5000000000000009 0.5
v 0.31249999999999956 0.5000000000000009 0.062499999999999944
v -0.3124999999999998 1.375 0.5
v -0.3124999999999998 1.375 0.062499999999999944
v -0.3125 0.5000000000000009 0.5
v -0.3125 0.5000000000000009 0.062499999999999944
v 0.3749999999999998 2.375 -0.25
v 0.3749999999999998 2.375 -0.3125
v 0.37499999999999956 1.3750000000000009 -0.25
v 0.37499999999999956 1.3750000000000009 -0.3125
v -0.3750000000000001 2.375 -0.25
v -0.3750000000000001 2.375 -0.3125
v -0.37500000000000044 1.375 -0.25
v -0.37500000000000044 1.375 -0.3125
v 0.10937499999999989 5.015625 -0.25
v 0.10937499999999989 5.015625 -0.28125
v 0.109375 4.765625 -0.25
v 0.109375 4.765625 -0.28125
v -0.10937500000000067 5.015625 -0.25
v -0.10937500000000067 5.015625 -0.28125
v -0.10937500000000056 4.765625 -0.25
v -0.10937500000000056 4.765625 -0.28125
v 0.06249999999999961 5 0.5625
v 0.06249999999999961 5 0.25
v 0.062499999999999556 4.9375 0.5625
v 0.062499999999999556 4.9375 0.25
v -0.06250000000000022 5 0.5625
v -0.06250000000000022 5 0.25
v -0.06250000000000017 4.9375 0.5625
v -0.06250000000000017 4.9375 0.25
v -0.1250000000000004 5.875 0.6875
v -0.1250000000000004 5.875 0.625
v -0.12500000000000006 5.0625 0.6875
v -0.12500000000000006 5.0625 0.625
v -0.1875000000000009 5.875 0.6875
v -0.1875000000000009 5.875 0.625
v -0.18750000000000058 5.0625 0.6875
v -0.18750000000000058 5.0625 0.625
v 0.18749999999999964 5.875 0.6875
v 0.18749999999999964 5.875 0.625
v 0.18749999999999983 5.0625 0.6875
v 0.18749999999999983 5.0625 0.625
v 0.12499999999999913 5.875 0.6875
v 0.12499999999999913 5.875 0.625
v 0.12499999999999944 5.0625 0.6875
v 0.12499999999999944 5.0625 0.625
v 0.2499999999999999 5.0625 0.6875
v 0.2499999999999999 5.0625 0.25
v 0.2499999999999999 5 0.6875
v 0.2499999999999999 5 0.25
v -0.25000000000000044 5.0625 0.6875
v -0.25000000000000044 5.0625 0.25
v -0.2500000000000005 5 0.6875
v -0.2500000000000005 5 0.25
v 0.3124999999999994 5.9375 0.625
v 0.3124999999999994 5.9375 0.3125
v 0.31249999999999933 5.875 0.625
v 0.31249999999999933 5.875 0.3125
v 0.2499999999999989 5.9375 0.625
v 0.2499999999999989 5.9375 0.3125
v 0.24999999999999922 5.875 0.625
v 0.24999999999999922 5.875 0.3125
v -0.2500000000000001 5.9375 0.625
v -0.2500000000000001 5.9375 0.3125
v -0.25000000000000044 5.875 0.625
v -0.25000000000000044 5.875 0.3125
v -0.31250000000000067 5.9375 0.625
v -0.31250000000000067 5.9375 0.3125
v -0.31250000000000067 5.875 0.625
v -0.31250000000000067 5.875 0.3125
v 0.2812499999999991 5.9375 0.6875
v 0.2812499999999991 5.9375 0.625
v 0.2812499999999991 5.875 0.6875
v 0.2812499999999991 5.875 0.625
v -0.2812500000000004 5.9375 0.6875
v -0.2812500000000004 5.9375 0.625
v -0.2812500000000004 5.875 0.6875
v -0.2812500000000004 5.875 0.625
v 0.5966213466261492 5.486405348670488 -0.3125
v 0.5966213466261492 5.486405348670488 -0.375
v 0.4198446513295123 5.309628653373851 -0.3125
v 0.4198446513295123 5.309628653373851 -0.375
v 0.44194173824159216 5.641084957055044 -0.3125
v 0.44194173824159216 5.641084957055044 -0.375
v 0.265165042944955 5.464308261758408 -0.3125
v 0.265165042944955 5.464308261758408 -0.375
v -0.26516504294495535 6.348191738241592 -0.3125
v -0.26516504294495535 6.348191738241592 -0.375
v -0.4419417382415929 6.171415042944956 -0.3125
v -0.4419417382415929 6.171415042944956 -0.375
v -0.41984465132951315 6.502871346626149 -0.3125
v -0.41984465132951315 6.502871346626149 -0.375
v -0.59662134662615 6.3260946513295115 -0.3125
v -0.59662134662615 6.3260946513295115 -0.375
v -0.1093750000000002 6.503125 -0.31875
v -0.1093750000000002 6.503125 -0.36875
v -0.10937500000000028 6.315625 -0.31875
v -0.10937500000000028 6.315625 -0.36875
v -0.4218750000000002 6.503125 -0.31875
v -0.4218750000000002 6.503125 -0.36875
v -0.4218750000000002 6.315625 -0.31875
v -0.4218750000000002 6.315625 -0.36875
v 0.10937499999999956 5.309375 -0.31875
v 0.10937499999999956 5.309375 -0.36875
v 0.10937499999999994 5.496875 -0.31875
v 0.10937499999999994 5.496875 -0.36875
v 0.42187499999999906 5.309375 -0.31875
v 0.42187499999999906 5.309375 -0.36875
v 0.4218749999999996 5.496874999999999 -0.31875
v 0.4218749999999996 5.496874999999999 -0.36875
v -0.5968749999999998 6.328125 -0.31875
v -0.5968749999999998 6.328125 -0.36875
v -0.409375000000001 6.328125 -0.31875
v -0.409375000000001 6.328125 -0.36875
v -0.5968750000000002 6.015625 -0.31875
v -0.5968750000000002 6.015625 -0.36875
v -0.4093750000000006 6.015625000000001 -0.31875
v -0.4093750000000006 6.015625000000001 -0.36875
v 0.5968749999999995 5.484375 -0.31875
v 0.5968749999999995 5.484375 -0.36875
v 0.40937499999999927 5.484375 -0.31875
v 0.40937499999999927 5.484375 -0.36875
v 0.5968749999999989 5.796874999999999 -0.31875
v 0.5968749999999989 5.796874999999999 -0.36875
v 0.4093749999999994 5.796875 -0.31875
v 0.4093749999999994 5.796875 -0.36875
v 0.46403882515367123 6.193512129857035 -0.3125
v 0.46403882515367123 6.193512129857035 -0.375
v 0.33145630368119355 6.060929608384558 -0.3125
v 0.33145630368119355 6.060929608384558 -0.375
v 0.41984465132951254 6.237706303681194 -0.3125
v 0.41984465132951254 6.237706303681194 -0.375
v 0.2872621298570343 6.105123782208716 -0.3125
v 0.2872621298570343 6.105123782208716 -0.375
v 0.33145630368119355 6.326094651329512 -0.3125
v 0.33145630368119355 6.326094651329512 -0.375
v 0.19887378220871585 6.193512129857035 -0.3125
v 0.19887378220871585 6.193512129857035 -0.375
v 0.28726212985703425 6.370288825153672 -0.3125
v 0.28726212985703425 6.370288825153672 -0.375
v 0.15467960838455727 6.237706303681194 -0.3125
v 0.15467960838455727 6.237706303681194 -0.375
v 0.4640388251536711 6.281900477505353 -0.3125
v 0.4640388251536711 6.281900477505353 -0.375
v 0.2872621298570343 6.105123782208716 -0.3125
v 0.2872621298570343 6.105123782208716 -0.375
v 0.3756504775053528 6.370288825153672 -0.3125
v 0.3756504775053528 6.370288825153672 -0.375
v 0.19887378220871585 6.193512129857035 -0.3125
v 0.19887378220871585 6.193512129857035 -0.375
v 0.3756506249999991 6.37028875 -0.30625
v 0.3756506249999991 6.37028875 -0.36875
v 0.3756506249999991 6.30778875 -0.30625
v 0.3756506249999991 6.30778875 -0.36875
v 0.28726187499999944 6.37028875 -0.30625
v 0.28726187499999944 6.37028875 -0.36875
v 0.28726187499999944 6.30778875 -0.30625
v 0.28726187499999944 6.30778875 -0.36875
v 0.46403874999999983 6.193511875 -0.30625
v 0.46403874999999983 6.193511875 -0.36875
v 0.4015387499999994 6.193511875 -0.30625
v 0.4015387499999994 6.193511875 -0.36875
v 0.46403874999999983 6.2819 -0.30625
v 0.46403874999999983 6.2819 -0.36875
v 0.4015387499999994 6.2819 -0.30625
v 0.4015387499999994 6.2819 -0.36875
v -0.3125000000000006 6.28125 -0.1875
v -0.3125000000000006 6.28125 -0.3125
v -0.3125000000000006 6.09375 -0.1875
v -0.3125000000000006 6.09375 -0.3125
v -0.5000000000000009 6.28125 -0.1875
v -0.5000000000000009 6.28125 -0.3125
v -0.5000000000000008 6.09375 -0.1875
v -0.5000000000000008 6.09375 -0.3125
v -0.06250000000000114 6.28125 -0.1875
v -0.06250000000000114 6.28125 -0.3125
v -0.06250000000000115 6.09375 -0.1875
v -0.06250000000000115 6.09375 -0.3125
v -0.2500000000000001 6.28125 -0.1875
v -0.2500000000000001 6.28125 -0.3125
v -0.2500000000000001 6.09375 -0.1875
v -0.2500000000000001 6.09375 -0.3125
v 0.24999999999999914 5.65625 -0.1875
v 0.24999999999999914 5.65625 -0.3125
v 0.24999999999999978 5.46875 -0.1875
v 0.24999999999999978 5.46875 -0.3125
v 0.062499999999999556 5.65625 -0.1875
v 0.062499999999999556 5.65625 -0.3125
v 0.06249999999999953 5.46875 -0.1875
v 0.06249999999999953 5.46875 -0.3125
v 0.4999999999999996 5.65625 -0.1875
v 0.4999999999999996 5.65625 -0.3125
v 0.49999999999999956 5.46875 -0.1875
v 0.49999999999999956 5.46875 -0.3125
v 0.31249999999999933 5.65625 -0.1875
v 0.31249999999999933 5.65625 -0.3125
v 0.31249999999999944 5.46875 -0.1875
v 0.31249999999999944 5.46875 -0.3125
v 0.12499999999999974 5.75 -0.25
v 0.12499999999999974 5.75 -0.3125
v 0.12499999999999943 5.5625 -0.25
v 0.12499999999999943 5.5625 -0.3125
v -0.12499999999999975 5.75 -0.25
v -0.12499999999999975 5.75 -0.3125
v -0.1250000000000004 5.5625 -0.25
v -0.1250000000000004 5.5625 -0.3125
v 0.12499999999999911 6.25 -0.25
v 0.12499999999999911 6.25 -0.3125
v 0.12499999999999975 6.0625 -0.25
v 0.12499999999999975 6.0625 -0.3125
v -0.12500000000000033 6.25 -0.25
v -0.12500000000000033 6.25 -0.3125
v -0.12499999999999974 6.0625 -0.25
v -0.12499999999999974 6.0625 -0.3125
v -0.07812499999999936 6.325 -0.375
v -0.07812499999999936 6.325 -0.75
v -0.07812499999999997 6.29375 -0.375
v -0.07812499999999997 6.29375 -0.75
v -0.45312499999999983 6.325 -0.375
v -0.45312499999999983 6.325 -0.75
v -0.45312500000000044 6.29375 -0.375
v -0.45312500000000044 6.29375 -0.75
v -0.5194162500000005 6.215624999999999 -0.375
v -0.5194162500000005 6.215624999999999 -0.4375
v -0.5194162500000009 6.152014375000001 -0.375
v -0.5194162500000009 6.152014375000001 -0.4375
v -0.5506662499999995 6.215624999999999 -0.375
v -0.5506662499999995 6.215624999999999 -0.4375
v -0.5506662500000004 6.152014375 -0.375
v -0.5506662500000004 6.152014375 -0.4375
v 0.018749999999999642 6.215624999999999 -0.375
v 0.018749999999999642 6.215624999999999 -0.4375
v 0.018749999999999017 6.152014375 -0.375
v 0.018749999999999017 6.152014375 -0.4375
v -0.012500000000000594 6.215624999999999 -0.375
v -0.012500000000000594 6.215624999999999 -0.4375
v -0.012500000000001218 6.152014375 -0.375
v -0.012500000000001218 6.152014375 -0.4375
v 0.018749999999999017 6.215625 -0.375
v 0.018749999999999017 6.215625 -0.4375
v -0.012500000000001218 6.215625 -0.375
v -0.012500000000001218 6.215625 -0.4375
v -0.07812499999999936 6.325 -0.375
v -0.07812499999999936 6.325 -0.75
v -0.07812499999999997 6.29375 -0.375
v -0.07812499999999997 6.29375 -0.75
v -0.519416250000001 6.215625 -0.375
v -0.519416250000001 6.215625 -0.4375
v -0.55066625 6.215625 -0.375
v -0.55066625 6.215625 -0.4375
v -0.45312500000000044 6.29375 -0.375
v -0.45312500000000044 6.29375 -0.75
v -0.45312499999999983 6.325 -0.375
v -0.45312499999999983 6.325 -0.75
v -0.1406250000000005 6.1875 -0.415625
v -0.11550500000000039 6.28125 -0.415625
v -0.07199500000000113 6.25613 -0.415625
v -0.046875000000001 6.21262 -0.415625
v -0.04687500000000035 6.16238 -0.415625
v -0.07199500000000045 6.11887 -0.415625
v -0.11550500000000039 6.09375 -0.415625
v -0.1657450000000006 6.09375 -0.415625
v -0.20925500000000052 6.11887 -0.415625
v -0.234375 6.162379999999999 -0.415625
v -0.2343750000000006 6.212619999999999 -0.415625
v -0.2092550000000012 6.25613 -0.415625
v -0.1657450000000006 6.28125 -0.415625
v -0.11341125000000023 6.2890625 -0.375
v -0.11341125000000023 6.2890625 -0.4375
v -0.12082500000000086 6.261394999999999 -0.375
v -0.12082500000000086 6.261394999999999 -0.4375
v -0.06627625000000059 6.26184875 -0.375
v -0.06627625000000059 6.26184875 -0.4375
v -0.08653000000000077 6.241595 -0.375
v -0.08653000000000077 6.241595 -0.4375
v -0.03906250000000093 6.21471375 -0.375
v -0.03906250000000093 6.21471375 -0.4375
v -0.06673000000000111 6.2073 -0.375
v -0.06673000000000111 6.2073 -0.4375
v -0.03906250000000093 6.16028625 -0.375
v -0.03906250000000093 6.16028625 -0.4375
v -0.06673000000000112 6.167699999999999 -0.375
v -0.06673000000000112 6.167699999999999 -0.4375
v -0.06627625000000122 6.11315125 -0.375
v -0.06627625000000122 6.11315125 -0.4375
v -0.08653000000000075 6.133405 -0.375
v -0.08653000000000075 6.133405 -0.4375
v -0.11341125000000024 6.0859375 -0.375
v -0.11341125000000024 6.0859375 -0.4375
v -0.12082500000000085 6.113605 -0.375
v -0.12082500000000085 6.113605 -0.4375
v -0.16783875000000076 6.0859375 -0.375
v -0.16783875000000076 6.0859375 -0.4375
v -0.16042500000000015 6.113605 -0.375
v -0.16042500000000015 6.113605 -0.4375
v -0.21497375000000107 6.11315125 -0.375
v -0.21497375000000107 6.11315125 -0.4375
v -0.19472000000000023 6.133405 -0.375
v -0.19472000000000023 6.133405 -0.4375
v -0.24218750000000003 6.16028625 -0.375
v -0.24218750000000003 6.16028625 -0.4375
v -0.21452000000000115 6.167699999999999 -0.375
v -0.21452000000000115 6.167699999999999 -0.4375
v -0.24218750000000006 6.21471375 -0.375
v -0.24218750000000006 6.21471375 -0.4375
v -0.21452000000000115 6.2073 -0.375
v -0.21452000000000115 6.2073 -0.4375
v -0.2149737500000004 6.26184875 -0.375
v -0.2149737500000004 6.26184875 -0.4375
v -0.19472000000000023 6.241595 -0.375
v -0.19472000000000023 6.241595 -0.4375
v -0.16783875000000076 6.2890625 -0.375
v -0.16783875000000076 6.2890625 -0.4375
v -0.16042500000000015 6.261395 -0.375
v -0.16042500000000015 6.261395 -0.4375
v -0.36341125000000096 6.2890625 -0.375
v -0.36341125000000096 6.2890625 -0.4375
v -0.3708250000000004 6.261394999999999 -0.375
v -0.3708250000000004 6.261394999999999 -0.4375
v -0.31627625000000015 6.26184875 -0.375
v -0.31627625000000015 6.26184875 -0.4375
v -0.3365300000000002 6.241595 -0.375
v -0.3365300000000002 6.241595 -0.4375
v -0.28906250000000044 6.21471375 -0.375
v -0.28906250000000044 6.21471375 -0.4375
v -0.3167300000000006 6.2073 -0.375
v -0.3167300000000006 6.2073 -0.4375
v -0.28906250000000044 6.16028625 -0.375
v -0.28906250000000044 6.16028625 -0.4375
v -0.3167300000000006 6.1677 -0.375
v -0.3167300000000006 6.1677 -0.4375
v -0.3162762500000007 6.11315125 -0.375
v -0.3162762500000007 6.11315125 -0.4375
v -0.33653000000000033 6.133405 -0.375
v -0.33653000000000033 6.133405 -0.4375
v -0.36341125000000096 6.0859375 -0.375
v -0.36341125000000096 6.0859375 -0.4375
v -0.37082500000000035 6.113605 -0.375
v -0.37082500000000035 6.113605 -0.4375
v -0.41783875000000026 6.0859375 -0.375
v -0.41783875000000026 6.0859375 -0.4375
v -0.4104250000000009 6.113605 -0.375
v -0.4104250000000009 6.113605 -0.4375
v -0.4649737500000005 6.11315125 -0.375
v -0.4649737500000005 6.11315125 -0.4375
v -0.444720000000001 6.133405 -0.375
v -0.444720000000001 6.133405 -0.4375
v -0.49218750000000083 6.16028625 -0.375
v -0.49218750000000083 6.16028625 -0.4375
v -0.46452000000000065 6.1677 -0.375
v -0.46452000000000065 6.1677 -0.4375
v -0.4921875000000009 6.21471375 -0.375
v -0.4921875000000009 6.21471375 -0.4375
v -0.46452000000000054 6.2073 -0.375
v -0.46452000000000054 6.2073 -0.4375
v -0.46497374999999996 6.26184875 -0.375
v -0.46497374999999996 6.26184875 -0.4375
v -0.444720000000001 6.241595 -0.375
v -0.444720000000001 6.241595 -0.4375
v -0.4178387500000003 6.2890625 -0.375
v -0.4178387500000003 6.2890625 -0.4375
v -0.4104250000000008 6.261394999999999 -0.375
v -0.4104250000000008 6.261394999999999 -0.4375
v -0.39062500000000067 6.1875 -0.415625
v -0.36550500000000113 6.28125 -0.415625
v -0.3219950000000006 6.25613 -0.415625
v -0.29687500000000044 6.21262 -0.415625
v -0.2968749999999999 6.16238 -0.415625
v -0.3219949999999999 6.11887 -0.415625
v -0.3655050000000012 6.09375 -0.415625
v -0.41574500000000014 6.09375 -0.415625
v -0.459255 6.11887 -0.415625
v -0.48437500000000017 6.16238 -0.415625
v -0.4843750000000007 6.21262 -0.415625
v -0.4592550000000005 6.25613 -0.415625
v -0.4157450000000001 6.28125 -0.415625
v 0.4374999999999991 5.731249999999999 -0.375
v 0.4374999999999991 5.731249999999999 -0.75
v 0.4374999999999997 5.7 -0.375
v 0.4374999999999997 5.7 -0.75
v 0.06249999999999986 5.731249999999999 -0.375
v 0.06249999999999986 5.731249999999999 -0.75
v 0.06250000000000018 5.7 -0.375
v 0.06250000000000018 5.7 -0.75
v -0.0037912500000004123 5.621874999999999 -0.375
v -0.0037912500000004123 5.621874999999999 -0.4375
v -0.003791250000000454 5.558264375 -0.375
v -0.003791250000000454 5.558264375 -0.4375
v -0.03504125000000036 5.621874999999999 -0.375
v -0.03504125000000036 5.621874999999999 -0.4375
v -0.035041250000000065 5.558264375 -0.375
v -0.035041250000000065 5.558264375 -0.4375
v 0.5343749999999999 5.621874999999999 -0.375
v 0.5343749999999999 5.621874999999999 -0.4375
v 0.5343749999999996 5.558264375 -0.375
v 0.5343749999999996 5.558264375 -0.4375
v 0.5031249999999997 5.621874999999999 -0.375
v 0.5031249999999997 5.621874999999999 -0.4375
v 0.5031249999999995 5.558264375 -0.375
v 0.5031249999999995 5.558264375 -0.4375
v 0.5343749999999994 5.621875 -0.375
v 0.5343749999999994 5.621875 -0.4375
v 0.5031249999999992 5.621875 -0.375
v 0.5031249999999992 5.621875 -0.4375
v 0.4374999999999991 5.731249999999999 -0.375
v 0.4374999999999991 5.731249999999999 -0.75
v 0.4374999999999997 5.7 -0.375
v 0.4374999999999997 5.7 -0.75
v -0.0037912500000007315 5.621875 -0.375
v -0.0037912500000007315 5.621875 -0.4375
v -0.03504125000000069 5.621875 -0.375
v -0.03504125000000069 5.621875 -0.4375
v 0.06250000000000018 5.7 -0.375
v 0.06250000000000018 5.7 -0.75
v 0.06249999999999986 5.731249999999999 -0.375
v 0.06249999999999986 5.731249999999999 -0.75
v 0.3749999999999992 5.59375 -0.415625
v 0.40011999999999964 5.6875 -0.415625
v 0.44362999999999925 5.66238 -0.415625
v 0.4687499999999996 5.61887 -0.415625
v 0.46875 5.56863 -0.415625
v 0.44362999999999997 5.52512 -0.415625
v 0.4001199999999991 5.5 -0.415625
v 0.3498799999999994 5.5 -0.415625
v 0.3063699999999998 5.52512 -0.415625
v 0.2812499999999997 5.56863 -0.415625
v 0.28124999999999944 5.61887 -0.415625
v 0.30636999999999925 5.66238 -0.415625
v 0.34987999999999947 5.6875 -0.415625
v 0.4022137499999992 5.6953125 -0.375
v 0.4022137499999992 5.6953125 -0.4375
v 0.3947999999999995 5.667645 -0.375
v 0.3947999999999995 5.667645 -0.4375
v 0.44934874999999974 5.66809875 -0.375
v 0.44934874999999974 5.66809875 -0.4375
v 0.42909499999999956 5.647845 -0.375
v 0.42909499999999956 5.647845 -0.4375
v 0.4765624999999995 5.62096375 -0.375
v 0.4765624999999995 5.62096375 -0.4375
v 0.4488949999999996 5.61355 -0.375
v 0.4488949999999996 5.61355 -0.4375
v 0.4765624999999995 5.56653625 -0.375
v 0.4765624999999995 5.56653625 -0.4375
v 0.448895 5.57395 -0.375
v 0.448895 5.57395 -0.4375
v 0.4493487499999995 5.51940125 -0.375
v 0.4493487499999995 5.51940125 -0.4375
v 0.42909499999999967 5.539655 -0.375
v 0.42909499999999967 5.539655 -0.4375
v 0.4022137499999998 5.4921875 -0.375
v 0.4022137499999998 5.4921875 -0.4375
v 0.3947999999999998 5.519855 -0.375
v 0.3947999999999998 5.519855 -0.4375
v 0.3477862499999996 5.4921875 -0.375
v 0.3477862499999996 5.4921875 -0.4375
v 0.35519999999999957 5.519855 -0.375
v 0.35519999999999957 5.519855 -0.4375
v 0.3006512499999997 5.51940125 -0.375
v 0.3006512499999997 5.51940125 -0.4375
v 0.3209049999999998 5.539655 -0.375
v 0.3209049999999998 5.539655 -0.4375
v 0.2734374999999991 5.56653625 -0.375
v 0.2734374999999991 5.56653625 -0.4375
v 0.30110499999999984 5.57395 -0.375
v 0.30110499999999984 5.57395 -0.4375
v 0.27343749999999906 5.62096375 -0.375
v 0.27343749999999906 5.62096375 -0.4375
v 0.3011049999999995 5.61355 -0.375
v 0.3011049999999995 5.61355 -0.4375
v 0.3006512499999999 5.66809875 -0.375
v 0.3006512499999999 5.66809875 -0.4375
v 0.32090499999999955 5.647844999999999 -0.375
v 0.32090499999999955 5.647844999999999 -0.4375
v 0.3477862499999996 5.6953125 -0.375
v 0.3477862499999996 5.6953125 -0.4375
v 0.35519999999999924 5.667644999999999 -0.375
v 0.35519999999999924 5.667644999999999 -0.4375
v 0.1522137499999994 5.6953125 -0.375
v 0.1522137499999994 5.6953125 -0.4375
v 0.14479999999999968 5.667645 -0.375
v 0.14479999999999968 5.667645 -0.4375
v 0.1993487500000003 5.66809875 -0.375
v 0.1993487500000003 5.66809875 -0.4375
v 0.1790949999999995 5.647844999999999 -0.375
v 0.1790949999999995 5.647844999999999 -0.4375
v 0.22656249999999964 5.62096375 -0.375
v 0.22656249999999964 5.62096375 -0.4375
v 0.1988949999999997 5.61355 -0.375
v 0.1988949999999997 5.61355 -0.4375
v 0.2265624999999996 5.56653625 -0.375
v 0.2265624999999996 5.56653625 -0.4375
v 0.19889499999999946 5.57395 -0.375
v 0.19889499999999946 5.57395 -0.4375
v 0.19934874999999963 5.5194012500000005 -0.375
v 0.19934874999999963 5.5194012500000005 -0.4375
v 0.17909499999999978 5.539655 -0.375
v 0.17909499999999978 5.539655 -0.4375
v 0.15221374999999976 5.4921875 -0.375
v 0.15221374999999976 5.4921875 -0.4375
v 0.14479999999999937 5.519855 -0.375
v 0.14479999999999937 5.519855 -0.4375
v 0.0977862499999998 5.4921875 -0.375
v 0.0977862499999998 5.4921875 -0.4375
v 0.1051999999999998 5.519855 -0.375
v 0.1051999999999998 5.519855 -0.4375
v 0.050651249999999454 5.51940125 -0.375
v 0.050651249999999454 5.51940125 -0.4375
v 0.07090499999999966 5.539655 -0.375
v 0.07090499999999966 5.539655 -0.4375
v 0.023437499999999556 5.56653625 -0.375
v 0.023437499999999556 5.56653625 -0.4375
v 0.05110499999999939 5.57395 -0.375
v 0.05110499999999939 5.57395 -0.4375
v 0.023437499999999584 5.62096375 -0.375
v 0.023437499999999584 5.62096375 -0.4375
v 0.051104999999999734 5.61355 -0.375
v 0.051104999999999734 5.61355 -0.4375
v 0.05065125000000015 5.66809875 -0.375
v 0.05065125000000015 5.66809875 -0.4375
v 0.0709049999999997 5.647845 -0.375
v 0.0709049999999997 5.647845 -0.4375
v 0.09778624999999913 5.6953125 -0.375
v 0.09778624999999913 5.6953125 -0.4375
v 0.10519999999999947 5.667645 -0.375
v 0.10519999999999947 5.667645 -0.4375
v 0.12499999999999943 5.59375 -0.415625
v 0.1501199999999992 5.6875 -0.415625
v 0.19362999999999944 5.662380000000001 -0.415625
v 0.21874999999999983 5.618870000000001 -0.415625
v 0.21874999999999956 5.56863 -0.415625
v 0.19362999999999947 5.52512 -0.415625
v 0.15011999999999925 5.5 -0.415625
v 0.09987999999999961 5.5 -0.415625
v 0.05636999999999942 5.52512 -0.415625
v 0.031249999999999903 5.56863 -0.415625
v 0.031249999999999917 5.61887 -0.415625
v 0.05636999999999942 5.662380000000001 -0.415625
v 0.09987999999999933 5.6875 -0.415625
v 0.3749999999999999 6.296875 -0.375
v 0.3749999999999999 6.296875 -0.6875
v 0.3749999999999999 6.265625 -0.375
v 0.3749999999999999 6.265625 -0.6875
v 0.28124999999999917 6.296875 -0.375
v 0.28124999999999917 6.296875 -0.6875
v 0.2812499999999991 6.265625 -0.375
v 0.2812499999999991 6.265625 -0.6875
v 0.27904029130879193 6.293723056339526 -0.375
v 0.27904029130879193 6.293723056339526 -0.5625
v 0.30113737822087155 6.271625969427447 -0.375
v 0.30113737822087155 6.271625969427447 -0.5625
v 0.2458946609406725 6.260577425971407 -0.375
v 0.2458946609406725 6.260577425971407 -0.5625
v 0.26799174785275215 6.238480339059327 -0.375
v 0.26799174785275215 6.238480339059327 -0.5625
v 0.3281250000000001 6.21875 -0.40625
v 0.34277874999999913 6.1640625 -0.40625
v 0.3681587499999991 6.17871625 -0.40625
v 0.38281249999999933 6.20409625 -0.40625
v 0.38281249999999994 6.23340375 -0.40625
v 0.3681587499999991 6.25878375 -0.40625
v 0.34277874999999913 6.2734375 -0.40625
v 0.3134712499999999 6.2734375 -0.40625
v 0.2880912499999999 6.25878375 -0.40625
v 0.27343749999999906 6.23340375 -0.40625
v 0.27343749999999906 6.20409625 -0.40625
v 0.2880912499999999 6.17871625 -0.40625
v 0.31347124999999987 6.1640625 -0.40625
v 0.34487187499999916 6.15625 -0.421875
v 0.34487187499999916 6.15625 -0.359375
v 0.33708937499999914 6.185295 -0.421875
v 0.33708937499999914 6.185295 -0.359375
v 0.37387812499999906 6.172996875 -0.421875
v 0.37387812499999906 6.172996875 -0.359375
v 0.352615624999999 6.194259375 -0.421875
v 0.352615624999999 6.194259375 -0.359375
v 0.39062499999999933 6.202003125 -0.421875
v 0.39062499999999933 6.202003125 -0.359375
v 0.3615800000000005 6.209785625 -0.421875
v 0.3615800000000005 6.209785625 -0.359375
v 0.3906249999999988 6.235496875 -0.421875
v 0.3906249999999988 6.235496875 -0.359375
v 0.3615800000000005 6.227714375 -0.421875
v 0.3615800000000005 6.227714375 -0.359375
v 0.37387812499999906 6.264503125 -0.421875
v 0.37387812499999906 6.264503125 -0.359375
v 0.352615624999999 6.243240625 -0.421875
v 0.352615624999999 6.243240625 -0.359375
v 0.3448718749999992 6.28125 -0.421875
v 0.3448718749999992 6.28125 -0.359375
v 0.3370893749999992 6.252205 -0.421875
v 0.3370893749999992 6.252205 -0.359375
v 0.31137812499999984 6.28125 -0.421875
v 0.31137812499999984 6.28125 -0.359375
v 0.31916062499999986 6.252205 -0.421875
v 0.31916062499999986 6.252205 -0.359375
v 0.28237187499999994 6.264503125 -0.421875
v 0.28237187499999994 6.264503125 -0.359375
v 0.3036343749999988 6.243240625 -0.421875
v 0.3036343749999988 6.243240625 -0.359375
v 0.265624999999999 6.235496875 -0.421875
v 0.265624999999999 6.235496875 -0.359375
v 0.29466999999999977 6.227714375 -0.421875
v 0.29466999999999977 6.227714375 -0.359375
v 0.265624999999999 6.202003125 -0.421875
v 0.265624999999999 6.202003125 -0.359375
v 0.29466999999999977 6.209785625 -0.421875
v 0.29466999999999977 6.209785625 -0.359375
v 0.28237187499999994 6.172996875 -0.421875
v 0.28237187499999994 6.172996875 -0.359375
v 0.3036343749999988 6.194259375 -0.421875
v 0.3036343749999988 6.194259375 -0.359375
v 0.31137812499999984 6.15625 -0.421875
v 0.31137812499999984 6.15625 -0.359375
v 0.31916062499999986 6.185295 -0.421875
v 0.31916062499999986 6.185295 -0.359375
v 0.41225096942744566 6.258681795603287 -0.375
v 0.41225096942744566 6.258681795603287 -0.5625
v 0.3901538825153661 6.236584708691208 -0.375
v 0.3901538825153661 6.236584708691208 -0.5625
v 0.3791053390593263 6.291827425971407 -0.375
v 0.3791053390593263 6.291827425971407 -0.5625
v 0.35700825214724663 6.269730339059327 -0.375
v 0.35700825214724663 6.269730339059327 -0.5625
vt 0.03125 0.25
vt 0.03125 0.421875
vt 0 0.421875
vt 0 0.25
vt 0.03125 0.25
vt 0.03125 0.421875
vt 0 0.421875
vt 0 0.25
vt 0.25 0.390625
vt 0.25 0.421875
vt 0 0.421875
vt 0 0.390625
vt 0.25 0.390625
vt 0.25 0.421875
vt 0 0.421875
vt 0 0.390625
vt 0.25 0.25
vt 0.25 0.421875
vt 0 0.421875
vt 0 0.25
vt 0.25 0.25
vt 0.25 0.421875
vt 0 0.421875
vt 0 0.25
vt 0.03125 0.75
vt 0.03125 1
vt 0 1
vt 0 0.75
vt 0.03125 0.75
vt 0.03125 1
vt 0 1
vt 0 0.75
vt 0.046875 0.96875
vt 0.046875 1
vt 0 1
vt 0 0.96875
vt 0.046875 0.96875
vt 0.046875 1
vt 0 1
vt 0 0.96875
vt 0.046875 0.75
vt 0.046875 1
vt 0 1
vt 0 0.75
vt 0.046875 0.75
vt 0.046875 1
vt 0 1
vt 0 0.75
vt 0.03125 0.75
vt 0.03125 1
vt 0 1
vt 0 0.75
vt 0.03125 0.75
vt 0.03125 1
vt 0 1
vt 0 0.75
vt 0.046875 0.96875
vt 0.046875 1
vt 0 1
vt 0 0.96875
vt 0.046875 0.96875
vt 0.046875 1
vt 0 1
vt 0 0.96875
vt 0.046875 0.75
vt 0.046875 1
vt 0 1
vt 0 0.75
vt 0.046875 0.75
vt 0.046875 1
vt 0 1
vt 0 0.75
vt 0.171875 0.9375
vt 0.171875 0.953125
vt 0.109375 0.953125
vt 0.109375 0.9375
vt 0.171875 0.9375
vt 0.171875 0.953125
vt 0.109375 0.953125
vt 0.109375 0.9375
vt 0.028125 0.9375
vt 0.028125 1
vt 0 1
vt 0 0.9375
vt 0.028125 0.9375
vt 0.028125 1
vt 0 1
vt 0 0.9375
vt 0.028125 0.984375
vt 0.028125 1
vt 0 1
vt 0 0.984375
vt 0.028125 0.984375
vt 0.028125 1
vt 0 1
vt 0 0.984375
vt 0.171875 0.9375
vt 0.171875 0.953125
vt 0.109375 0.953125
vt 0.109375 0.9375
vt 0.171875 0.9375
vt 0.171875 0.953125
vt 0.109375 0.953125
vt 0.109375 0.9375
vt 0.028125 0.9375
vt 0.028125 1
vt 0 1
vt 0 0.9375
vt 0.028125 0.9375
vt 0.028125 1
vt 0 1
vt 0 0.9375
vt 0.028125 0.984375
vt 0.028125 1
vt 0 1
vt 0 0.984375
vt 0.028125 0.984375
vt 0.028125 1
vt 0 1
vt 0 0.984375
vt 0.171875 0.9375
vt 0.171875 0.953125
vt 0.109375 0.953125
vt 0.109375 0.9375
vt 0.171875 0.9375
vt 0.171875 0.953125
vt 0.109375 0.953125
vt 0.109375 0.9375
vt 0.028125 0.9375
vt 0.028125 1
vt 0 1
vt 0 0.9375
vt 0.028125 0.9375
vt 0.028125 1
vt 0 1
vt 0 0.9375
vt 0.028125 0.984375
vt 0.028125 1
vt 0 1
vt 0 0.984375
vt 0.028125 0.984375
vt 0.028125 1
vt 0 1
vt 0 0.984375
vt 0.171875 0.9375
vt 0.171875 0.953125
vt 0.109375 0.953125
vt 0.109375 0.9375
vt 0.171875 0.9375
vt 0.171875 0.953125
vt 0.109375 0.953125
vt 0.109375 0.9375
vt 0.028125 0.9375
vt 0.028125 1
vt 0 1
vt 0 0.9375
vt 0.028125 0.9375
vt 0.028125 1
vt 0 1
vt 0 0.9375
vt 0.028125 0.984375
vt 0.028125 1
vt 0 1
vt 0 0.984375
vt 0.028125 0.984375
vt 0.028125 1
vt 0 1
vt 0 0.984375
vt 0.03125 0.75
vt 0.03125 1
vt 0 1
vt 0 0.75
vt 0.03125 0.75
vt 0.03125 1
vt 0 1
vt 0 0.75
vt 0.046875 0.96875
vt 0.046875 1
vt 0 1
vt 0 0.96875
vt 0.046875 0.96875
vt 0.046875 1
vt 0 1
vt 0 0.96875
vt 0.046875 0.75
vt 0.046875 1
vt 0 1
vt 0 0.75
vt 0.046875 0.75
vt 0.046875 1
vt 0 1
vt 0 0.75
vt 0.03125 0.75
vt 0.03125 1
vt 0 1
vt 0 0.75
vt 0.03125 0.75
vt 0.03125 1
vt 0 1
vt 0 0.75
vt 0.046875 0.96875
vt 0.046875 1
vt 0 1
vt 0 0.96875
vt 0.046875 0.96875
vt 0.046875 1
vt 0 1
vt 0 0.96875
vt 0.046875 0.75
vt 0.046875 1
vt 0 1
vt 0 0.75
vt 0.046875 0.75
vt 0.046875 1
vt 0 1
vt 0 0.75
vt 0.03125 0.75
vt 0.03125 1
vt 0 1
vt 0 0.75
vt 0.03125 0.75
vt 0.03125 1
vt 0 1
vt 0 0.75
vt 0.046875 0.96875
vt 0.046875 1
vt 0 1
vt 0 0.96875
vt 0.046875 0.96875
vt 0.046875 1
vt 0 1
vt 0 0.96875
vt 0.046875 0.75
vt 0.046875 1
vt 0 1
vt 0 0.75
vt 0.046875 0.75
vt 0.046875 1
vt 0 1
vt 0 0.75
vt 0.03125 0.75
vt 0.03125 1
vt 0 1
vt 0 0.75
vt 0.03125 0.75
vt 0.03125 1
vt 0 1
vt 0 0.75
vt 0.046875 0.96875
vt 0.046875 1
vt 0 1
vt 0 0.96875
vt 0.046875 0.96875
vt 0.046875 1
vt 0 1
vt 0 0.96875
vt 0.046875 0.75
vt 0.046875 1
vt 0 1
vt 0 0.75
vt 0.046875 0.75
vt 0.046875 1
vt 0 1
vt 0 0.75
vt 0.171875 0.9375
vt 0.171875 0.953125
vt 0.109375 0.953125
vt 0.109375 0.9375
vt 0.171875 0.9375
vt 0.171875 0.953125
vt 0.109375 0.953125
vt 0.109375 0.9375
vt 0.028125 0.9375
vt 0.028125 1
vt 0 1
vt 0 0.9375
vt 0.028125 0.9375
vt 0.028125 1
vt 0 1
vt 0 0.9375
vt 0.028125 0.984375
vt 0.028125 1
vt 0 1
vt 0 0.984375
vt 0.028125 0.984375
vt 0.028125 1
vt 0 1
vt 0 0.984375
vt 0.171875 0.9375
vt 0.171875 0.953125
vt 0.109375 0.953125
vt 0.109375 0.9375
vt 0.171875 0.9375
vt 0.171875 0.953125
vt 0.109375 0.953125
vt 0.109375 0.9375
vt 0.028125 0.9375
vt 0.028125 1
vt 0 1
vt 0 0.9375
vt 0.028125 0.9375
vt 0.028125 1
vt 0 1
vt 0 0.9375
vt 0.028125 0.984375
vt 0.028125 1
vt 0 1
vt 0 0.984375
vt 0.028125 0.984375
vt 0.028125 1
vt 0 1
vt 0 0.984375
vt 0.03125 0.75
vt 0.03125 1
vt 0 1
vt 0 0.75
vt 0.03125 0.75
vt 0.03125 1
vt 0 1
vt 0 0.75
vt 0.046875 0.96875
vt 0.046875 1
vt 0 1
vt 0 0.96875
vt 0.046875 0.96875
vt 0.046875 1
vt 0 1
vt 0 0.96875
vt 0.046875 0.75
vt 0.046875 1
vt 0 1
vt 0 0.75
vt 0.046875 0.75
vt 0.046875 1
vt 0 1
vt 0 0.75
vt 0.03125 0.75
vt 0.03125 1
vt 0 1
vt 0 0.75
vt 0.03125 0.75
vt 0.03125 1
vt 0 1
vt 0 0.75
vt 0.046875 0.96875
vt 0.046875 1
vt 0 1
vt 0 0.96875
vt 0.046875 0.96875
vt 0.046875 1
vt 0 1
vt 0 0.96875
vt 0.046875 0.75
vt 0.046875 1
vt 0 1
vt 0 0.75
vt 0.046875 0.75
vt 0.046875 1
vt 0 1
vt 0 0.75
vt 0.171875 0.9375
vt 0.171875 0.953125
vt 0.109375 0.953125
vt 0.109375 0.9375
vt 0.171875 0.9375
vt 0.171875 0.953125
vt 0.109375 0.953125
vt 0.109375 0.9375
vt 0.028125 0.9375
vt 0.028125 1
vt 0 1
vt 0 0.9375
vt 0.028125 0.9375
vt 0.028125 1
vt 0 1
vt 0 0.9375
vt 0.028125 0.984375
vt 0.028125 1
vt 0 1
vt 0 0.984375
vt 0.028125 0.984375
vt 0.028125 1
vt 0 1
vt 0 0.984375
vt 0.171875 0.9375
vt 0.171875 0.953125
vt 0.109375 0.953125
vt 0.109375 0.9375
vt 0.171875 0.9375
vt 0.171875 0.953125
vt 0.109375 0.953125
vt 0.109375 0.9375
vt 0.028125 0.9375
vt 0.028125 1
vt 0 1
vt 0 0.9375
vt 0.028125 0.9375
vt 0.028125 1
vt 0 1
vt 0 0.9375
vt 0.028125 0.984375
vt 0.028125 1
vt 0 1
vt 0 0.984375
vt 0.028125 0.984375
vt 0.028125 1
vt 0 1
vt 0 0.984375
vt 0.03125 0.75
vt 0.03125 1
vt 0 1
vt 0 0.75
vt 0.03125 0.75
vt 0.03125 1
vt 0 1
vt 0 0.75
vt 0.046875 0.96875
vt 0.046875 1
vt 0 1
vt 0 0.96875
vt 0.046875 0.96875
vt 0.046875 1
vt 0 1
vt 0 0.96875
vt 0.046875 0.75
vt 0.046875 1
vt 0 1
vt 0 0.75
vt 0.046875 0.75
vt 0.046875 1
vt 0 1
vt 0 0.75
vt 0.03125 0.75
vt 0.03125 1
vt 0 1
vt 0 0.75
vt 0.03125 0.75
vt 0.03125 1
vt 0 1
vt 0 0.75
vt 0.046875 0.96875
vt 0.046875 1
vt 0 1
vt 0 0.96875
vt 0.046875 0.96875
vt 0.046875 1
vt 0 1
vt 0 0.96875
vt 0.046875 0.75
vt 0.046875 1
vt 0 1
vt 0 0.75
vt 0.046875 0.75
vt 0.046875 1
vt 0 1
vt 0 0.75
vt 0.171875 0.9375
vt 0.171875 0.953125
vt 0.109375 0.953125
vt 0.109375 0.9375
vt 0.171875 0.9375
vt 0.171875 0.953125
vt 0.109375 0.953125
vt 0.109375 0.9375
vt 0.028125 0.9375
vt 0.028125 1
vt 0 1
vt 0 0.9375
vt 0.028125 0.9375
vt 0.028125 1
vt 0 1
vt 0 0.9375
vt 0.028125 0.984375
vt 0.028125 1
vt 0 1
vt 0 0.984375
vt 0.028125 0.984375
vt 0.028125 1
vt 0 1
vt 0 0.984375
vt 0.171875 0.9375
vt 0.171875 0.953125
vt 0.109375 0.953125
vt 0.109375 0.9375
vt 0.171875 0.9375
vt 0.171875 0.953125
vt 0.109375 0.953125
vt 0.109375 0.9375
vt 0.028125 0.9375
vt 0.028125 1
vt 0 1
vt 0 0.9375
vt 0.028125 0.9375
vt 0.028125 1
vt 0 1
vt 0 0.9375
vt 0.028125 0.984375
vt 0.028125 1
vt 0 1
vt 0 0.984375
vt 0.028125 0.984375
vt 0.028125 1
vt 0 1
vt 0 0.984375
vt 0.171875 0.9375
vt 0.171875 0.953125
vt 0.109375 0.953125
vt 0.109375 0.9375
vt 0.171875 0.9375
vt 0.171875 0.953125
vt 0.109375 0.953125
vt 0.109375 0.9375
vt 0.028125 0.9375
vt 0.028125 1
vt 0 1
vt 0 0.9375
vt 0.028125 0.9375
vt 0.028125 1
vt 0 1
vt 0 0.9375
vt 0.028125 0.984375
vt 0.028125 1
vt 0 1
vt 0 0.984375
vt 0.028125 0.984375
vt 0.028125 1
vt 0 1
vt 0 0.984375
vt 0.1875 0.578125
vt 0.1875 0.6875
vt 0 0.6875
vt 0 0.578125
vt 0.1875 0.578125
vt 0.1875 0.6875
vt 0 0.6875
vt 0 0.578125
vt 0.1875 0.5
vt 0.1875 0.6875
vt 0 0.6875
vt 0 0.5
vt 0.1875 0.5
vt 0.1875 0.6875
vt 0 0.6875
vt 0 0.5
vt 0.1875 0.578125
vt 0.1875 0.6875
vt 0 0.6875
vt 0 0.578125
vt 0.1875 0.578125
vt 0.1875 0.6875
vt 0 0.6875
vt 0 0.578125
vt 0.15625 0.984375
vt 0.15625 1
vt 0 1
vt 0 0.984375
vt 0.15625 0.984375
vt 0.15625 1
vt 0 1
vt 0 0.984375
vt 0.15625 0.84375
vt 0.15625 1
vt 0 1
vt 0 0.84375
vt 0.15625 0.84375
vt 0.15625 1
vt 0 1
vt 0 0.84375
vt 0.15625 0.984375
vt 0.15625 1
vt 0 1
vt 0 0.984375
vt 0.15625 0.984375
vt 0.15625 1
vt 0 1
vt 0 0.984375
vt 0.0296875 0.75
vt 0.0296875 1
vt 0 1
vt 0 0.75
vt 0.0296875 0.75
vt 0.0296875 1
vt 0 1
vt 0 0.75
vt 0.046875 0.9703125
vt 0.046875 1
vt 0 1
vt 0 0.9703125
vt 0.046875 0.9703125
vt 0.046875 1
vt 0 1
vt 0 0.9703125
vt 0.046875 0.75
vt 0.046875 1
vt 0 1
vt 0 0.75
vt 0.046875 0.75
vt 0.046875 1
vt 0 1
vt 0 0.75
vt 0.028125 0.75
vt 0.028125 1
vt 0 1
vt 0 0.75
vt 0.028125 0.75
vt 0.028125 1
vt 0 1
vt 0 0.75
vt 0.046875 0.971875
vt 0.046875 1
vt 0 1
vt 0 0.971875
vt 0.046875 0.971875
vt 0.046875 1
vt 0 1
vt 0 0.971875
vt 0.046875 0.75
vt 0.046875 1
vt 0 1
vt 0 0.75
vt 0.046875 0.75
vt 0.046875 1
vt 0 1
vt 0 0.75
vt 0.0296875 0.75
vt 0.0296875 1
vt 0 1
vt 0 0.75
vt 0.0296875 0.75
vt 0.0296875 1
vt 0 1
vt 0 0.75
vt 0.046875 0.9703125
vt 0.046875 1
vt 0 1
vt 0 0.9703125
vt 0.046875 0.9703125
vt 0.046875 1
vt 0 1
vt 0 0.9703125
vt 0.046875 0.75
vt 0.046875 1
vt 0 1
vt 0 0.75
vt 0.046875 0.75
vt 0.046875 1
vt 0 1
vt 0 0.75
vt 0.028125 0.75
vt 0.028125 1
vt 0 1
vt 0 0.75
vt 0.028125 0.75
vt 0.028125 1
vt 0 1
vt 0 0.75
vt 0.046875 0.971875
vt 0.046875 1
vt 0 1
vt 0 0.971875
vt 0.046875 0.971875
vt 0.046875 1
vt 0 1
vt 0 0.971875
vt 0.046875 0.75
vt 0.046875 1
vt 0 1
vt 0 0.75
vt 0.046875 0.75
vt 0.046875 1
vt 0 1
vt 0 0.75
vt 0.515625 0.84375
vt 0.515625 1
vt 0.4375 1
vt 0.4375 0.84375
vt 0.515625 0.84375
vt 0.515625 1
vt 0.4375 1
vt 0.4375 0.84375
vt 0.390625 0.75
vt 0.390625 0.828125
vt 0.265625 0.828125
vt 0.265625 0.75
vt 0.390625 0.75
vt 0.390625 0.828125
vt 0.265625 0.828125
vt 0.265625 0.75
vt 0.390625 0.84375
vt 0.390625 1
vt 0.265625 1
vt 0.265625 0.84375
vt 0.390625 0.84375
vt 0.390625 1
vt 0.265625 1
vt 0.265625 0.84375
vt 0.6875 0.78125
vt 0.6875 1
vt 0.671875 1
vt 0.671875 0.78125
vt 0.546875 0.78125
vt 0.546875 1
vt 0.53125 1
vt 0.53125 0.78125
vt 0.6875 0.984375
vt 0.6875 1
vt 0.53125 1
vt 0.53125 0.984375
vt 0.6875 0.984375
vt 0.6875 1
vt 0.53125 1
vt 0.53125 0.984375
vt 0.15625 0.8125
vt 0.15625 1
vt 0 1
vt 0 0.8125
vt 0.6875 0.78125
vt 0.6875 1
vt 0.53125 1
vt 0.53125 0.78125
vt 0.7734375 0.921875
vt 0.7734375 0.984375
vt 0.765625 0.984375
vt 0.765625 0.921875
vt 0.71875 0.921875
vt 0.71875 0.984375
vt 0.7265625 0.984375
vt 0.7265625 0.921875
vt 0.77734375 0.984375
vt 0.77734375 0.9921875
vt 0.72265625 0.9921875
vt 0.72265625 0.984375
vt 0.77734375 0.8984375
vt 0.77734375 0.90625
vt 0.72265625 0.90625
vt 0.72265625 0.8984375
vt 0.77734375 0.84375
vt 0.77734375 0.90625
vt 0.72265625 0.90625
vt 0.72265625 0.84375
vt 0.77734375 0.921875
vt 0.77734375 0.984375
vt 0.72265625 0.984375
vt 0.72265625 0.921875
vt 0.3125 0.9375
vt 0.3125 1
vt 0 1
vt 0 0.9375
vt 0.3125 0.9375
vt 0.3125 1
vt 0 1
vt 0 0.9375
vt 0.125 0.6875
vt 0.125 1
vt 0 1
vt 0 0.6875
vt 0.125 0.6875
vt 0.125 1
vt 0 1
vt 0 0.6875
vt 0.125 0.9375
vt 0.125 1
vt 0 1
vt 0 0.9375
vt 0.125 0.9375
vt 0.125 1
vt 0 1
vt 0 0.9375
vt 0.0625 0.1875
vt 0.0625 1
vt 0 1
vt 0 0.1875
vt 0.0625 0.1875
vt 0.0625 1
vt 0 1
vt 0 0.1875
vt 0.0625 0.9375
vt 0.0625 1
vt 0 1
vt 0 0.9375
vt 0.0625 0.9375
vt 0.0625 1
vt 0 1
vt 0 0.9375
vt 0.0625 0.1875
vt 0.0625 1
vt 0 1
vt 0 0.1875
vt 0.0625 0.1875
vt 0.0625 1
vt 0 1
vt 0 0.1875
vt 0.0625 0.1875
vt 0.0625 1
vt 0 1
vt 0 0.1875
vt 0.0625 0.1875
vt 0.0625 1
vt 0 1
vt 0 0.1875
vt 0.0625 0.9375
vt 0.0625 1
vt 0 1
vt 0 0.9375
vt 0.0625 0.9375
vt 0.0625 1
vt 0 1
vt 0 0.9375
vt 0.0625 0.1875
vt 0.0625 1
vt 0 1
vt 0 0.1875
vt 0.0625 0.1875
vt 0.0625 1
vt 0 1
vt 0 0.1875
vt 0.4375 0.9375
vt 0.4375 1
vt 0 1
vt 0 0.9375
vt 0.4375 0.9375
vt 0.4375 1
vt 0 1
vt 0 0.9375
vt 0.5 0.5625
vt 0.5 1
vt 0 1
vt 0 0.5625
vt 0.5 0.5625
vt 0.5 1
vt 0 1
vt 0 0.5625
vt 0.5 0.9375
vt 0.5 1
vt 0 1
vt 0 0.9375
vt 0.5 0.9375
vt 0.5 1
vt 0 1
vt 0 0.9375
vt 0.3125 0.9375
vt 0.3125 1
vt 0 1
vt 0 0.9375
vt 0.3125 0.9375
vt 0.3125 1
vt 0 1
vt 0 0.9375
vt 0.0625 0.6875
vt 0.0625 1
vt 0 1
vt 0 0.6875
vt 0.0625 0.6875
vt 0.0625 1
vt 0 1
vt 0 0.6875
vt 0.0625 0.9375
vt 0.0625 1
vt 0 1
vt 0 0.9375
vt 0.0625 0.9375
vt 0.0625 1
vt 0 1
vt 0 0.9375
vt 0.3125 0.9375
vt 0.3125 1
vt 0 1
vt 0 0.9375
vt 0.3125 0.9375
vt 0.3125 1
vt 0 1
vt 0 0.9375
vt 0.0625 0.6875
vt 0.0625 1
vt 0 1
vt 0 0.6875
vt 0.0625 0.6875
vt 0.0625 1
vt 0 1
vt 0 0.6875
vt 0.0625 0.9375
vt 0.0625 1
vt 0 1
vt 0 0.9375
vt 0.0625 0.9375
vt 0.0625 1
vt 0 1
vt 0 0.9375
vt 0.0625 0.9375
vt 0.0625 1
vt 0 1
vt 0 0.9375
vt 0.0625 0.9375
vt 0.0625 1
vt 0 1
vt 0 0.9375
vt 0.5625 0.9375
vt 0.5625 1
vt 0 1
vt 0 0.9375
vt 0.5625 0.9375
vt 0.5625 1
vt 0 1
vt 0 0.9375
vt 0.5625 0.9375
vt 0.5625 1
vt 0 1
vt 0 0.9375
vt 0.5625 0.9375
vt 0.5625 1
vt 0 1
vt 0 0.9375
vt 0.296875 0.6875
vt 0.296875 0.734375
vt 0.265625 0.734375
vt 0.265625 0.6875
vt 0.296875 0.6875
vt 0.296875 0.734375
vt 0.265625 0.734375
vt 0.265625 0.6875
vt 0.328125 0.703125
vt 0.328125 0.734375
vt 0.265625 0.734375
vt 0.265625 0.703125
vt 0.328125 0.703125
vt 0.328125 0.734375
vt 0.265625 0.734375
vt 0.265625 0.703125
vt 0.328125 0.6875
vt 0.328125 0.734375
vt 0.265625 0.734375
vt 0.265625 0.6875
vt 0.328125 0.6875
vt 0.328125 0.734375
vt 0.265625 0.734375
vt 0.265625 0.6875
vt 0.296875 0.6875
vt 0.296875 0.734375
vt 0.265625 0.734375
vt 0.265625 0.6875
vt 0.296875 0.6875
vt 0.296875 0.734375
vt 0.265625 0.734375
vt 0.265625 0.6875
vt 0.328125 0.703125
vt 0.328125 0.734375
vt 0.265625 0.734375
vt 0.265625 0.703125
vt 0.328125 0.703125
vt 0.328125 0.734375
vt 0.265625 0.734375
vt 0.265625 0.703125
vt 0.328125 0.6875
vt 0.328125 0.734375
vt 0.265625 0.734375
vt 0.265625 0.6875
vt 0.484375 0.328125
vt 0.484375 0.375
vt 0.421875 0.375
vt 0.421875 0.328125
vt 0.29375 0.6875
vt 0.29375 0.734375
vt 0.265625 0.734375
vt 0.265625 0.6875
vt 0.29375 0.6875
vt 0.29375 0.734375
vt 0.265625 0.734375
vt 0.265625 0.6875
vt 0.34765625 0.70625
vt 0.34765625 0.734375
vt 0.265625 0.734375
vt 0.265625 0.70625
vt 0.34765625 0.70625
vt 0.34765625 0.734375
vt 0.265625 0.734375
vt 0.265625 0.70625
vt 0.34765625 0.6875
vt 0.34765625 0.734375
vt 0.265625 0.734375
vt 0.265625 0.6875
vt 0.34765625 0.265625
vt 0.34765625 0.3125
vt 0.265625 0.3125
vt 0.265625 0.265625
vt 0.29375 0.6875
vt 0.29375 0.734375
vt 0.265625 0.734375
vt 0.265625 0.6875
vt 0.29375 0.6875
vt 0.29375 0.734375
vt 0.265625 0.734375
vt 0.265625 0.6875
vt 0.34765625 0.70625
vt 0.34765625 0.734375
vt 0.265625 0.734375
vt 0.265625 0.70625
vt 0.34765625 0.70625
vt 0.34765625 0.734375
vt 0.265625 0.734375
vt 0.265625 0.70625
vt 0.34765625 0.6875
vt 0.34765625 0.734375
vt 0.265625 0.734375
vt 0.265625 0.6875
vt 0.47265625 0.328125
vt 0.47265625 0.375
vt 0.390625 0.375
vt 0.390625 0.328125
vt 0.29375 0.6875
vt 0.29375 0.734375
vt 0.265625 0.734375
vt 0.265625 0.6875
vt 0.29375 0.6875
vt 0.29375 0.734375
vt 0.265625 0.734375
vt 0.265625 0.6875
vt 0.34765625 0.70625
vt 0.34765625 0.734375
vt 0.265625 0.734375
vt 0.265625 0.70625
vt 0.34765625 0.70625
vt 0.34765625 0.734375
vt 0.265625 0.734375
vt 0.265625 0.70625
vt 0.34765625 0.6875
vt 0.34765625 0.734375
vt 0.265625 0.734375
vt 0.265625 0.6875
vt 0.34765625 0.265625
vt 0.34765625 0.3125
vt 0.265625 0.3125
vt 0.265625 0.265625
vt 0.29375 0.6875
vt 0.29375 0.734375
vt 0.265625 0.734375
vt 0.265625 0.6875
vt 0.29375 0.6875
vt 0.29375 0.734375
vt 0.265625 0.734375
vt 0.265625 0.6875
vt 0.34765625 0.70625
vt 0.34765625 0.734375
vt 0.265625 0.734375
vt 0.265625 0.70625
vt 0.34765625 0.70625
vt 0.34765625 0.734375
vt 0.265625 0.734375
vt 0.265625 0.70625
vt 0.34765625 0.6875
vt 0.34765625 0.734375
vt 0.265625 0.734375
vt 0.265625 0.6875
vt 0.34765625 0.265625
vt 0.34765625 0.3125
vt 0.265625 0.3125
vt 0.265625 0.265625
vt 0.296875 0.171875
vt 0.296875 0.25
vt 0.265625 0.25
vt 0.265625 0.171875
vt 0.296875 0.171875
vt 0.296875 0.25
vt 0.265625 0.25
vt 0.265625 0.171875
vt 0.34375 0.21875
vt 0.34375 0.25
vt 0.265625 0.25
vt 0.265625 0.21875
vt 0.34375 0.21875
vt 0.34375 0.25
vt 0.265625 0.25
vt 0.265625 0.21875
vt 0.03125 0.328125
vt 0.03125 0.40625
vt 0.015625 0.40625
vt 0.015625 0.328125
vt 0.03125 0.328125
vt 0.03125 0.40625
vt 0.015625 0.40625
vt 0.015625 0.328125
vt 0.296875 0.171875
vt 0.296875 0.25
vt 0.265625 0.25
vt 0.265625 0.171875
vt 0.296875 0.171875
vt 0.296875 0.25
vt 0.265625 0.25
vt 0.265625 0.171875
vt 0.34375 0.21875
vt 0.34375 0.25
vt 0.265625 0.25
vt 0.265625 0.21875
vt 0.34375 0.21875
vt 0.34375 0.25
vt 0.265625 0.25
vt 0.265625 0.21875
vt 0.03125 0.328125
vt 0.03125 0.40625
vt 0.015625 0.40625
vt 0.015625 0.328125
vt 0.03125 0.328125
vt 0.03125 0.40625
vt 0.015625 0.40625
vt 0.015625 0.328125
vt 0.296875 0.171875
vt 0.296875 0.25
vt 0.265625 0.25
vt 0.265625 0.171875
vt 0.296875 0.171875
vt 0.296875 0.25
vt 0.265625 0.25
vt 0.265625 0.171875
vt 0.34375 0.21875
vt 0.34375 0.25
vt 0.265625 0.25
vt 0.265625 0.21875
vt 0.34375 0.21875
vt 0.34375 0.25
vt 0.265625 0.25
vt 0.265625 0.21875
vt 0.0625 0.328125
vt 0.0625 0.40625
vt 0.015625 0.40625
vt 0.015625 0.328125
vt 0.0625 0.328125
vt 0.0625 0.40625
vt 0.015625 0.40625
vt 0.015625 0.328125
vt 0.046875 0.359375
vt 0.046875 0.375
vt 0.03125 0.375
vt 0.03125 0.359375
vt 0.046875 0.328125
vt 0.046875 0.34375
vt 0.03125 0.34375
vt 0.03125 0.328125
vt 0.046875 0.390625
vt 0.046875 0.40625
vt 0.015625 0.40625
vt 0.015625 0.390625
vt 0.0625 0.375
vt 0.0625 0.390625
vt 0.03125 0.390625
vt 0.03125 0.375
vt 0.046875 0.390625
vt 0.046875 0.40625
vt 0.015625 0.40625
vt 0.015625 0.390625
vt 0.046875 0.390625
vt 0.046875 0.40625
vt 0.015625 0.40625
vt 0.015625 0.390625
vt 0.046875 0.359375
vt 0.046875 0.375
vt 0.03125 0.375
vt 0.03125 0.359375
vt 0.046875 0.328125
vt 0.046875 0.34375
vt 0.03125 0.34375
vt 0.03125 0.328125
vt 0.046875 0.390625
vt 0.046875 0.40625
vt 0.015625 0.40625
vt 0.015625 0.390625
vt 0.0625 0.375
vt 0.0625 0.390625
vt 0.03125 0.390625
vt 0.03125 0.375
vt 0.046875 0.390625
vt 0.046875 0.40625
vt 0.015625 0.40625
vt 0.015625 0.390625
vt 0.046875 0.390625
vt 0.046875 0.40625
vt 0.015625 0.40625
vt 0.015625 0.390625
vt 0.296875 0.6875
vt 0.296875 0.734375
vt 0.265625 0.734375
vt 0.265625 0.6875
vt 0.296875 0.6875
vt 0.296875 0.734375
vt 0.265625 0.734375
vt 0.265625 0.6875
vt 0.3125 0.703125
vt 0.3125 0.734375
vt 0.265625 0.734375
vt 0.265625 0.703125
vt 0.3125 0.703125
vt 0.3125 0.734375
vt 0.265625 0.734375
vt 0.265625 0.703125
vt 0.3125 0.6875
vt 0.3125 0.734375
vt 0.265625 0.734375
vt 0.265625 0.6875
vt 0.3125 0.6875
vt 0.3125 0.734375
vt 0.265625 0.734375
vt 0.265625 0.6875
vt 0.296875 0.6875
vt 0.296875 0.734375
vt 0.265625 0.734375
vt 0.265625 0.6875
vt 0.296875 0.6875
vt 0.296875 0.734375
vt 0.265625 0.734375
vt 0.265625 0.6875
vt 0.3125 0.703125
vt 0.3125 0.734375
vt 0.265625 0.734375
vt 0.265625 0.703125
vt 0.3125 0.703125
vt 0.3125 0.734375
vt 0.265625 0.734375
vt 0.265625 0.703125
vt 0.3125 0.6875
vt 0.3125 0.734375
vt 0.265625 0.734375
vt 0.265625 0.6875
vt 0.3125 0.6875
vt 0.3125 0.734375
vt 0.265625 0.734375
vt 0.265625 0.6875
vt 0.296875 0.6875
vt 0.296875 0.734375
vt 0.265625 0.734375
vt 0.265625 0.6875
vt 0.296875 0.6875
vt 0.296875 0.734375
vt 0.265625 0.734375
vt 0.265625 0.6875
vt 0.3125 0.703125
vt 0.3125 0.734375
vt 0.265625 0.734375
vt 0.265625 0.703125
vt 0.3125 0.703125
vt 0.3125 0.734375
vt 0.265625 0.734375
vt 0.265625 0.703125
vt 0.3125 0.6875
vt 0.3125 0.734375
vt 0.265625 0.734375
vt 0.265625 0.6875
vt 0.3125 0.6875
vt 0.3125 0.734375
vt 0.265625 0.734375
vt 0.265625 0.6875
vt 0.296875 0.6875
vt 0.296875 0.734375
vt 0.265625 0.734375
vt 0.265625 0.6875
vt 0.296875 0.6875
vt 0.296875 0.734375
vt 0.265625 0.734375
vt 0.265625 0.6875
vt 0.3125 0.703125
vt 0.3125 0.734375
vt 0.265625 0.734375
vt 0.265625 0.703125
vt 0.3125 0.703125
vt 0.3125 0.734375
vt 0.265625 0.734375
vt 0.265625 0.703125
vt 0.3125 0.6875
vt 0.3125 0.734375
vt 0.265625 0.734375
vt 0.265625 0.6875
vt 0.3125 0.6875
vt 0.3125 0.734375
vt 0.265625 0.734375
vt 0.265625 0.6875
vt 0.0625 0.8125
vt 0.0625 1
vt 0 1
vt 0 0.8125
vt 0.0625 0.8125
vt 0.0625 1
vt 0 1
vt 0 0.8125
vt 0.25 0.9375
vt 0.25 1
vt 0 1
vt 0 0.9375
vt 0.25 0.9375
vt 0.25 1
vt 0 1
vt 0 0.9375
vt 0.25 0.8125
vt 0.25 1
vt 0 1
vt 0 0.8125
vt 0.25 0.8125
vt 0.25 1
vt 0 1
vt 0 0.8125
vt 0.0625 0.8125
vt 0.0625 1
vt 0 1
vt 0 0.8125
vt 0.0625 0.8125
vt 0.0625 1
vt 0 1
vt 0 0.8125
vt 0.25 0.9375
vt 0.25 1
vt 0 1
vt 0 0.9375
vt 0.25 0.9375
vt 0.25 1
vt 0 1
vt 0 0.9375
vt 0.25 0.8125
vt 0.25 1
vt 0 1
vt 0 0.8125
vt 0.25 0.8125
vt 0.25 1
vt 0 1
vt 0 0.8125
vt 0.390625 0.3046875
vt 0.390625 0.3125
vt 0.296875 0.3125
vt 0.296875 0.3046875
vt 0.390625 0.3046875
vt 0.390625 0.3125
vt 0.296875 0.3125
vt 0.296875 0.3046875
vt 0.390625 0.21875
vt 0.390625 0.3125
vt 0.296875 0.3125
vt 0.296875 0.21875
vt 0.390625 0.21875
vt 0.390625 0.3125
vt 0.296875 0.3125
vt 0.296875 0.21875
vt 0.390625 0.3046875
vt 0.390625 0.3125
vt 0.296875 0.3125
vt 0.296875 0.3046875
vt 0.390625 0.3046875
vt 0.390625 0.3125
vt 0.296875 0.3125
vt 0.296875 0.3046875
vt 0.328125 0.26534734375
vt 0.328125 0.28125
vt 0.3125 0.28125
vt 0.3125 0.26534734375
vt 0.34375 0.26534734375
vt 0.34375 0.28125
vt 0.328125 0.28125
vt 0.328125 0.26534734375
vt 0.3209271875 0.296875
vt 0.3209271875 0.3125
vt 0.3131146875 0.3125
vt 0.3131146875 0.296875
vt 0.3678021875 0.296875
vt 0.3678021875 0.3125
vt 0.3599896875 0.3125
vt 0.3599896875 0.296875
vt 0.3678021875 0.26534734375
vt 0.3678021875 0.28125
vt 0.3599896875 0.28125
vt 0.3599896875 0.26534734375
vt 0.296875 0.26534734375
vt 0.296875 0.28125
vt 0.2890625 0.28125
vt 0.2890625 0.26534734375
vt 0.328125 0.26534734375
vt 0.328125 0.28125
vt 0.3125 0.28125
vt 0.3125 0.26534734375
vt 0.34375 0.26534734375
vt 0.34375 0.28125
vt 0.328125 0.28125
vt 0.328125 0.26534734375
vt 0.3209271875 0.296875
vt 0.3209271875 0.3125
vt 0.3131146875 0.3125
vt 0.3131146875 0.296875
vt 0.3678021875 0.296875
vt 0.3678021875 0.3125
vt 0.3599896875 0.3125
vt 0.3599896875 0.296875
vt 0.3678021875 0.26534734375
vt 0.3678021875 0.28125
vt 0.3599896875 0.28125
vt 0.3599896875 0.26534734375
vt 0.296875 0.26534734375
vt 0.296875 0.28125
vt 0.2890625 0.28125
vt 0.2890625 0.26534734375
vt 0.046875 1
vt 0 1
vt 0 0.984375
vt 0.046875 0.984375
vt 0.046875 0.984375
vt 0.046875 1
vt 0 1
vt 0 0.984375
vt 0.3125 0.265625
vt 0.359375 0.265625
vt 0.359375 0.3125
vt 0.3125 0.3125
vt 0.359375 0.265625
vt 0.359375 0.3125
vt 0.3125 0.3125
vt 0.3125 0.265625
vt 0.359375 0.265625
vt 0.359375 0.28125
vt 0.3125 0.28125
vt 0.3125 0.265625
vt 0.359375 0.28125
vt 0.3125 0.28125
vt 0.3125 0.265625
vt 0.359375 0.265625
vt 0.046875 1
vt 0 1
vt 0 0.984375
vt 0.046875 0.984375
vt 0.046875 0.984375
vt 0.046875 1
vt 0 1
vt 0 0.984375
vt 0.3125 0.265625
vt 0.359375 0.265625
vt 0.359375 0.3125
vt 0.3125 0.3125
vt 0.359375 0.265625
vt 0.359375 0.3125
vt 0.3125 0.3125
vt 0.3125 0.265625
vt 0.359375 0.25
vt 0.359375 0.265625
vt 0.3125 0.265625
vt 0.3125 0.25
vt 0.359375 0.265625
vt 0.3125 0.265625
vt 0.3125 0.25
vt 0.359375 0.25
vt 0.3247625 0.6752374999999999
vt 0.375 0.7622625000000001
vt 0.1875 0.8125
vt 0.375 0.7622625000000001
vt 0.375 0.8627374999999999
vt 0.1875 0.8125
vt 0.375 0.8627374999999999
vt 0.3247625 0.9497625
vt 0.1875 0.8125
vt 0.3247625 0.9497625
vt 0.2377375 1
vt 0.1875 0.8125
vt 0.2377375 1
vt 0.1372625 1
vt 0.1875 0.8125
vt 0.1372625 1
vt 0.0502375 0.9497625
vt 0.1875 0.8125
vt 0.0502375 0.9497625
vt 0 0.8627374999999999
vt 0.1875 0.8125
vt 0 0.8627374999999999
vt 0 0.7622625000000001
vt 0.1875 0.8125
vt 0 0.7622625000000001
vt 0.0502375 0.6752374999999999
vt 0.1875 0.8125
vt 0.0502375 0.6752374999999999
vt 0.1372625 0.625
vt 0.1875 0.8125
vt 0.1372625 0.625
vt 0.2377375 0.625
vt 0.1875 0.8125
vt 0.2377375 0.625
vt 0.3247625 0.6752374999999999
vt 0.1875 0.8125
vt 0.28125 0.28125
vt 0.29485625 0.28125
vt 0.29485625 0.296875
vt 0.28125 0.296875
vt 0.29115 0.296875
vt 0.28125 0.296875
vt 0.28125 0.28125
vt 0.29115 0.28125
vt 0.28125 0.29502125
vt 0.28125 0.28512140625000004
vt 0.28816765625 0.2832678125
vt 0.28816703125 0.296875
vt 0.28125 0.2899575
vt 0.2948571875 0.2899575
vt 0.29300328125 0.296875
vt 0.2831034375 0.29687453124999996
vt 0.28125 0.28125
vt 0.29485625 0.28125
vt 0.29485625 0.296875
vt 0.28125 0.296875
vt 0.29115 0.296875
vt 0.28125 0.296875
vt 0.28125 0.28125
vt 0.29115 0.28125
vt 0.28125 0.2950215625
vt 0.28125 0.28512171875000003
vt 0.28816703125 0.2832678125
vt 0.28816765625 0.296875
vt 0.28125 0.2899575
vt 0.2948571875 0.2899575
vt 0.29300359375 0.29687453124999996
vt 0.28310390625 0.296875
vt 0.28125 0.28125
vt 0.29485625 0.28125
vt 0.29485625 0.296875
vt 0.28125 0.296875
vt 0.29115 0.296875
vt 0.28125 0.296875
vt 0.28125 0.28125
vt 0.29115 0.28125
vt 0.28125 0.295021875
vt 0.28125 0.28512187499999997
vt 0.2881671875 0.28326874999999996
vt 0.2881671875 0.296875
vt 0.2881671875 0.28326874999999996
vt 0.2881671875 0.296875
vt 0.28125 0.295021875
vt 0.28125 0.28512187499999997
vt 0.28125 0.28125
vt 0.29485625 0.28125
vt 0.29485625 0.296875
vt 0.28125 0.296875
vt 0.29115 0.296875
vt 0.28125 0.296875
vt 0.28125 0.28125
vt 0.29115 0.28125
vt 0.29300328125 0.296875
vt 0.2831034375 0.296875
vt 0.28125 0.28995734375000004
vt 0.2948571875 0.28995796875
vt 0.2881675 0.2832678125
vt 0.2881675 0.296875
vt 0.28125 0.29502109374999996
vt 0.28125046875 0.28512140625000004
vt 0.28125 0.28125
vt 0.29485625 0.28125
vt 0.29485625 0.296875
vt 0.28125 0.296875
vt 0.29115 0.296875
vt 0.28125 0.296875
vt 0.28125 0.28125
vt 0.29115 0.28125
vt 0.29300359375 0.296875
vt 0.28310375 0.296875
vt 0.28125 0.28995796875
vt 0.2948571875 0.28995734375000004
vt 0.2881675 0.2832678125
vt 0.2881675 0.296875
vt 0.28125046875 0.2950215625
vt 0.28125 0.28512171875000003
vt 0.28125 0.28125
vt 0.29485625 0.28125
vt 0.29485625 0.296875
vt 0.28125 0.296875
vt 0.29115 0.296875
vt 0.28125 0.296875
vt 0.28125 0.28125
vt 0.29115 0.28125
vt 0.293003125 0.296875
vt 0.283103125 0.296875
vt 0.28125 0.28995781249999997
vt 0.29485625 0.28995781249999997
vt 0.29485625 0.296875
vt 0.28125 0.296875
vt 0.283103125 0.28995781249999997
vt 0.293003125 0.28995781249999997
vt 0.28125 0.28125
vt 0.29485625 0.28125
vt 0.29485625 0.296875
vt 0.28125 0.296875
vt 0.29115 0.296875
vt 0.28125 0.296875
vt 0.28125 0.28125
vt 0.29115 0.28125
vt 0.28816765625 0.28512171875000003
vt 0.28816765625 0.2950215625
vt 0.28125 0.296875
vt 0.281250625 0.2832678125
vt 0.2948571875 0.296875
vt 0.28125 0.296875
vt 0.28310390625 0.2899575
vt 0.29300359375 0.28995796875
vt 0.28125 0.28125
vt 0.29485625 0.28125
vt 0.29485625 0.296875
vt 0.28125 0.296875
vt 0.29115 0.296875
vt 0.28125 0.296875
vt 0.28125 0.28125
vt 0.29115 0.28125
vt 0.28816765625 0.28512140625000004
vt 0.28816765625 0.29502125
vt 0.281250625 0.296875
vt 0.28125 0.2832678125
vt 0.2948571875 0.296875
vt 0.28125 0.296875
vt 0.2831034375 0.28995796875
vt 0.29300328125 0.2899575
vt 0.28125 0.28125
vt 0.29485625 0.28125
vt 0.29485625 0.296875
vt 0.28125 0.296875
vt 0.29115 0.296875
vt 0.28125 0.296875
vt 0.28125 0.28125
vt 0.29115 0.28125
vt 0.2881671875 0.28512187499999997
vt 0.2881671875 0.295021875
vt 0.28125 0.296875
vt 0.28125 0.28326874999999996
vt 0.28125 0.296875
vt 0.28125 0.28326874999999996
vt 0.2881671875 0.28512187499999997
vt 0.2881671875 0.295021875
vt 0.28125 0.28125
vt 0.29485625 0.28125
vt 0.29485625 0.296875
vt 0.28125 0.296875
vt 0.29115 0.296875
vt 0.28125 0.296875
vt 0.28125 0.28125
vt 0.29115 0.28125
vt 0.28310375 0.28995734375000004
vt 0.29300359375 0.28995734375000004
vt 0.2948571875 0.296875
vt 0.28125 0.296874375
vt 0.28125 0.296875
vt 0.28125 0.2832678125
vt 0.2881675 0.28512171875000003
vt 0.28816703125 0.2950215625
vt 0.28125 0.28125
vt 0.29485625 0.28125
vt 0.29485625 0.296875
vt 0.28125 0.296875
vt 0.29115 0.296875
vt 0.28125 0.296875
vt 0.28125 0.28125
vt 0.29115 0.28125
vt 0.2831034375 0.28995734375000004
vt 0.29300328125 0.28995734375000004
vt 0.2948571875 0.296874375
vt 0.28125 0.296875
vt 0.28125 0.296875
vt 0.28125 0.2832678125
vt 0.28816703125 0.28512140625000004
vt 0.2881675 0.29502109374999996
vt 0.28125 0.28125
vt 0.29485625 0.28125
vt 0.29485625 0.296875
vt 0.28125 0.296875
vt 0.29115 0.296875
vt 0.28125 0.296875
vt 0.28125 0.28125
vt 0.29115 0.28125
vt 0.283103125 0.28995781249999997
vt 0.293003125 0.28995781249999997
vt 0.29485625 0.296875
vt 0.28125 0.296875
vt 0.28125 0.28995781249999997
vt 0.29485625 0.28995781249999997
vt 0.293003125 0.296875
vt 0.283103125 0.296875
vt 0.28125 0.28125
vt 0.29485625 0.28125
vt 0.29485625 0.296875
vt 0.28125 0.296875
vt 0.29115 0.296875
vt 0.28125 0.296875
vt 0.28125 0.28125
vt 0.29115 0.28125
vt 0.28125 0.29502125
vt 0.28125 0.28512140625000004
vt 0.28816765625 0.2832678125
vt 0.28816703125 0.296875
vt 0.28125 0.2899575
vt 0.2948571875 0.2899575
vt 0.29300328125 0.296875
vt 0.2831034375 0.29687453124999996
vt 0.28125 0.28125
vt 0.29485625 0.28125
vt 0.29485625 0.296875
vt 0.28125 0.296875
vt 0.29115 0.296875
vt 0.28125 0.296875
vt 0.28125 0.28125
vt 0.29115 0.28125
vt 0.28125 0.2950215625
vt 0.28125 0.28512171875000003
vt 0.28816703125 0.2832678125
vt 0.28816765625 0.296875
vt 0.28125 0.2899575
vt 0.2948571875 0.2899575
vt 0.29300359375 0.29687453124999996
vt 0.28310390625 0.296875
vt 0.28125 0.28125
vt 0.29485625 0.28125
vt 0.29485625 0.296875
vt 0.28125 0.296875
vt 0.29115 0.296875
vt 0.28125 0.296875
vt 0.28125 0.28125
vt 0.29115 0.28125
vt 0.28125 0.295021875
vt 0.28125 0.28512187499999997
vt 0.2881671875 0.28326874999999996
vt 0.2881671875 0.296875
vt 0.2881671875 0.28326874999999996
vt 0.2881671875 0.296875
vt 0.28125 0.295021875
vt 0.28125 0.28512187499999997
vt 0.28125 0.28125
vt 0.29485625 0.28125
vt 0.29485625 0.296875
vt 0.28125 0.296875
vt 0.29115 0.296875
vt 0.28125 0.296875
vt 0.28125 0.28125
vt 0.29115 0.28125
vt 0.29300328125 0.296875
vt 0.2831034375 0.296875
vt 0.28125 0.28995734375000004
vt 0.2948571875 0.28995796875
vt 0.2881675 0.2832678125
vt 0.2881675 0.296875
vt 0.28125 0.29502109374999996
vt 0.28125046875 0.28512140625000004
vt 0.28125 0.28125
vt 0.29485625 0.28125
vt 0.29485625 0.296875
vt 0.28125 0.296875
vt 0.29115 0.296875
vt 0.28125 0.296875
vt 0.28125 0.28125
vt 0.29115 0.28125
vt 0.29300359375 0.296875
vt 0.28310375 0.296875
vt 0.28125 0.28995796875
vt 0.2948571875 0.28995734375000004
vt 0.2881675 0.2832678125
vt 0.2881675 0.296875
vt 0.28125046875 0.2950215625
vt 0.28125 0.28512171875000003
vt 0.28125 0.28125
vt 0.29485625 0.28125
vt 0.29485625 0.296875
vt 0.28125 0.296875
vt 0.29115 0.296875
vt 0.28125 0.296875
vt 0.28125 0.28125
vt 0.29115 0.28125
vt 0.293003125 0.296875
vt 0.283103125 0.296875
vt 0.28125 0.28995781249999997
vt 0.29485625 0.28995781249999997
vt 0.29485625 0.296875
vt 0.28125 0.296875
vt 0.283103125 0.28995781249999997
vt 0.293003125 0.28995781249999997
vt 0.28125 0.28125
vt 0.29485625 0.28125
vt 0.29485625 0.296875
vt 0.28125 0.296875
vt 0.29115 0.296875
vt 0.28125 0.296875
vt 0.28125 0.28125
vt 0.29115 0.28125
vt 0.28816765625 0.28512171875000003
vt 0.28816765625 0.2950215625
vt 0.28125 0.296875
vt 0.281250625 0.2832678125
vt 0.2948571875 0.296875
vt 0.28125 0.296875
vt 0.28310390625 0.2899575
vt 0.29300359375 0.28995796875
vt 0.28125 0.28125
vt 0.29485625 0.28125
vt 0.29485625 0.296875
vt 0.28125 0.296875
vt 0.29115 0.296875
vt 0.28125 0.296875
vt 0.28125 0.28125
vt 0.29115 0.28125
vt 0.28816765625 0.28512140625000004
vt 0.28816765625 0.29502125
vt 0.281250625 0.296875
vt 0.28125 0.2832678125
vt 0.2948571875 0.296875
vt 0.28125 0.296875
vt 0.2831034375 0.28995796875
vt 0.29300328125 0.2899575
vt 0.28125 0.28125
vt 0.29485625 0.28125
vt 0.29485625 0.296875
vt 0.28125 0.296875
vt 0.29115 0.296875
vt 0.28125 0.296875
vt 0.28125 0.28125
vt 0.29115 0.28125
vt 0.2881671875 0.28512187499999997
vt 0.2881671875 0.295021875
vt 0.28125 0.296875
vt 0.28125 0.28326874999999996
vt 0.28125 0.296875
vt 0.28125 0.28326874999999996
vt 0.2881671875 0.28512187499999997
vt 0.2881671875 0.295021875
vt 0.28125 0.28125
vt 0.29485625 0.28125
vt 0.29485625 0.296875
vt 0.28125 0.296875
vt 0.29115 0.296875
vt 0.28125 0.296875
vt 0.28125 0.28125
vt 0.29115 0.28125
vt 0.28310375 0.28995734375000004
vt 0.29300359375 0.28995734375000004
vt 0.2948571875 0.296875
vt 0.28125 0.296874375
vt 0.28125 0.296875
vt 0.28125 0.2832678125
vt 0.2881675 0.28512171875000003
vt 0.28816703125 0.2950215625
vt 0.28125 0.28125
vt 0.29485625 0.28125
vt 0.29485625 0.296875
vt 0.28125 0.296875
vt 0.29115 0.296875
vt 0.28125 0.296875
vt 0.28125 0.28125
vt 0.29115 0.28125
vt 0.2831034375 0.28995734375000004
vt 0.29300328125 0.28995734375000004
vt 0.2948571875 0.296874375
vt 0.28125 0.296875
vt 0.28125 0.296875
vt 0.28125 0.2832678125
vt 0.28816703125 0.28512140625000004
vt 0.2881675 0.29502109374999996
vt 0.28125 0.28125
vt 0.29485625 0.28125
vt 0.29485625 0.296875
vt 0.28125 0.296875
vt 0.29115 0.296875
vt 0.28125 0.296875
vt 0.28125 0.28125
vt 0.29115 0.28125
vt 0.283103125 0.28995781249999997
vt 0.293003125 0.28995781249999997
vt 0.29485625 0.296875
vt 0.28125 0.296875
vt 0.28125 0.28995781249999997
vt 0.29485625 0.28995781249999997
vt 0.293003125 0.296875
vt 0.283103125 0.296875
vt 0.3247625 0.6752374999999999
vt 0.375 0.7622625000000001
vt 0.1875 0.8125
vt 0.375 0.7622625000000001
vt 0.375 0.8627374999999999
vt 0.1875 0.8125
vt 0.375 0.8627374999999999
vt 0.3247625 0.9497625
vt 0.1875 0.8125
vt 0.3247625 0.9497625
vt 0.2377375 1
vt 0.1875 0.8125
vt 0.2377375 1
vt 0.1372625 1
vt 0.1875 0.8125
vt 0.1372625 1
vt 0.0502375 0.9497625
vt 0.1875 0.8125
vt 0.0502375 0.9497625
vt 0 0.8627374999999999
vt 0.1875 0.8125
vt 0 0.8627374999999999
vt 0 0.7622625000000001
vt 0.1875 0.8125
vt 0 0.7622625000000001
vt 0.0502375 0.6752374999999999
vt 0.1875 0.8125
vt 0.0502375 0.6752374999999999
vt 0.1372625 0.625
vt 0.1875 0.8125
vt 0.1372625 0.625
vt 0.2377375 0.625
vt 0.1875 0.8125
vt 0.2377375 0.625
vt 0.3247625 0.6752374999999999
vt 0.1875 0.8125
vt 0.390625 0.3046875
vt 0.390625 0.3125
vt 0.296875 0.3125
vt 0.296875 0.3046875
vt 0.390625 0.3046875
vt 0.390625 0.3125
vt 0.296875 0.3125
vt 0.296875 0.3046875
vt 0.390625 0.21875
vt 0.390625 0.3125
vt 0.296875 0.3125
vt 0.296875 0.21875
vt 0.390625 0.21875
vt 0.390625 0.3125
vt 0.296875 0.3125
vt 0.296875 0.21875
vt 0.390625 0.3046875
vt 0.390625 0.3125
vt 0.296875 0.3125
vt 0.296875 0.3046875
vt 0.390625 0.3046875
vt 0.390625 0.3125
vt 0.296875 0.3125
vt 0.296875 0.3046875
vt 0.328125 0.26534734375
vt 0.328125 0.28125
vt 0.3125 0.28125
vt 0.3125 0.26534734375
vt 0.34375 0.26534734375
vt 0.34375 0.28125
vt 0.328125 0.28125
vt 0.328125 0.26534734375
vt 0.3209271875 0.296875
vt 0.3209271875 0.3125
vt 0.3131146875 0.3125
vt 0.3131146875 0.296875
vt 0.3678021875 0.296875
vt 0.3678021875 0.3125
vt 0.3599896875 0.3125
vt 0.3599896875 0.296875
vt 0.3678021875 0.26534734375
vt 0.3678021875 0.28125
vt 0.3599896875 0.28125
vt 0.3599896875 0.26534734375
vt 0.296875 0.26534734375
vt 0.296875 0.28125
vt 0.2890625 0.28125
vt 0.2890625 0.26534734375
vt 0.328125 0.26534734375
vt 0.328125 0.28125
vt 0.3125 0.28125
vt 0.3125 0.26534734375
vt 0.34375 0.26534734375
vt 0.34375 0.28125
vt 0.328125 0.28125
vt 0.328125 0.26534734375
vt 0.3209271875 0.296875
vt 0.3209271875 0.3125
vt 0.3131146875 0.3125
vt 0.3131146875 0.296875
vt 0.3678021875 0.296875
vt 0.3678021875 0.3125
vt 0.3599896875 0.3125
vt 0.3599896875 0.296875
vt 0.3678021875 0.26534734375
vt 0.3678021875 0.28125
vt 0.3599896875 0.28125
vt 0.3599896875 0.26534734375
vt 0.296875 0.26534734375
vt 0.296875 0.28125
vt 0.2890625 0.28125
vt 0.2890625 0.26534734375
vt 0.046875 1
vt 0 1
vt 0 0.984375
vt 0.046875 0.984375
vt 0.046875 0.984375
vt 0.046875 1
vt 0 1
vt 0 0.984375
vt 0.3125 0.265625
vt 0.359375 0.265625
vt 0.359375 0.3125
vt 0.3125 0.3125
vt 0.359375 0.265625
vt 0.359375 0.3125
vt 0.3125 0.3125
vt 0.3125 0.265625
vt 0.359375 0.265625
vt 0.359375 0.28125
vt 0.3125 0.28125
vt 0.3125 0.265625
vt 0.359375 0.28125
vt 0.3125 0.28125
vt 0.3125 0.265625
vt 0.359375 0.265625
vt 0.046875 1
vt 0 1
vt 0 0.984375
vt 0.046875 0.984375
vt 0.046875 0.984375
vt 0.046875 1
vt 0 1
vt 0 0.984375
vt 0.3125 0.265625
vt 0.359375 0.265625
vt 0.359375 0.3125
vt 0.3125 0.3125
vt 0.359375 0.265625
vt 0.359375 0.3125
vt 0.3125 0.3125
vt 0.3125 0.265625
vt 0.359375 0.25
vt 0.359375 0.265625
vt 0.3125 0.265625
vt 0.3125 0.25
vt 0.359375 0.265625
vt 0.3125 0.265625
vt 0.3125 0.25
vt 0.359375 0.25
vt 0.3247625 0.6752374999999999
vt 0.375 0.7622625000000001
vt 0.1875 0.8125
vt 0.375 0.7622625000000001
vt 0.375 0.8627374999999999
vt 0.1875 0.8125
vt 0.375 0.8627374999999999
vt 0.3247625 0.9497625
vt 0.1875 0.8125
vt 0.3247625 0.9497625
vt 0.2377375 1
vt 0.1875 0.8125
vt 0.2377375 1
vt 0.1372625 1
vt 0.1875 0.8125
vt 0.1372625 1
vt 0.0502375 0.9497625
vt 0.1875 0.8125
vt 0.0502375 0.9497625
vt 0 0.8627374999999999
vt 0.1875 0.8125
vt 0 0.8627374999999999
vt 0 0.7622625000000001
vt 0.1875 0.8125
vt 0 0.7622625000000001
vt 0.0502375 0.6752374999999999
vt 0.1875 0.8125
vt 0.0502375 0.6752374999999999
vt 0.1372625 0.625
vt 0.1875 0.8125
vt 0.1372625 0.625
vt 0.2377375 0.625
vt 0.1875 0.8125
vt 0.2377375 0.625
vt 0.3247625 0.6752374999999999
vt 0.1875 0.8125
vt 0.28125 0.28125
vt 0.29485625 0.28125
vt 0.29485625 0.296875
vt 0.28125 0.296875
vt 0.29115 0.296875
vt 0.28125 0.296875
vt 0.28125 0.28125
vt 0.29115 0.28125
vt 0.28125 0.29502125
vt 0.28125 0.28512140625000004
vt 0.28816765625 0.2832678125
vt 0.28816703125 0.296875
vt 0.28125 0.2899575
vt 0.2948571875 0.2899575
vt 0.29300328125 0.296875
vt 0.2831034375 0.29687453124999996
vt 0.28125 0.28125
vt 0.29485625 0.28125
vt 0.29485625 0.296875
vt 0.28125 0.296875
vt 0.29115 0.296875
vt 0.28125 0.296875
vt 0.28125 0.28125
vt 0.29115 0.28125
vt 0.28125 0.2950215625
vt 0.28125 0.28512171875000003
vt 0.28816703125 0.2832678125
vt 0.28816765625 0.296875
vt 0.28125 0.2899575
vt 0.2948571875 0.2899575
vt 0.29300359375 0.29687453124999996
vt 0.28310390625 0.296875
vt 0.28125 0.28125
vt 0.29485625 0.28125
vt 0.29485625 0.296875
vt 0.28125 0.296875
vt 0.29115 0.296875
vt 0.28125 0.296875
vt 0.28125 0.28125
vt 0.29115 0.28125
vt 0.28125 0.295021875
vt 0.28125 0.28512187499999997
vt 0.2881671875 0.28326874999999996
vt 0.2881671875 0.296875
vt 0.2881671875 0.28326874999999996
vt 0.2881671875 0.296875
vt 0.28125 0.295021875
vt 0.28125 0.28512187499999997
vt 0.28125 0.28125
vt 0.29485625 0.28125
vt 0.29485625 0.296875
vt 0.28125 0.296875
vt 0.29115 0.296875
vt 0.28125 0.296875
vt 0.28125 0.28125
vt 0.29115 0.28125
vt 0.29300328125 0.296875
vt 0.2831034375 0.296875
vt 0.28125 0.28995734375000004
vt 0.2948571875 0.28995796875
vt 0.2881675 0.2832678125
vt 0.2881675 0.296875
vt 0.28125 0.29502109374999996
vt 0.28125046875 0.28512140625000004
vt 0.28125 0.28125
vt 0.29485625 0.28125
vt 0.29485625 0.296875
vt 0.28125 0.296875
vt 0.29115 0.296875
vt 0.28125 0.296875
vt 0.28125 0.28125
vt 0.29115 0.28125
vt 0.29300359375 0.296875
vt 0.28310375 0.296875
vt 0.28125 0.28995796875
vt 0.2948571875 0.28995734375000004
vt 0.2881675 0.2832678125
vt 0.2881675 0.296875
vt 0.28125046875 0.2950215625
vt 0.28125 0.28512171875000003
vt 0.28125 0.28125
vt 0.29485625 0.28125
vt 0.29485625 0.296875
vt 0.28125 0.296875
vt 0.29115 0.296875
vt 0.28125 0.296875
vt 0.28125 0.28125
vt 0.29115 0.28125
vt 0.293003125 0.296875
vt 0.283103125 0.296875
vt 0.28125 0.28995781249999997
vt 0.29485625 0.28995781249999997
vt 0.29485625 0.296875
vt 0.28125 0.296875
vt 0.283103125 0.28995781249999997
vt 0.293003125 0.28995781249999997
vt 0.28125 0.28125
vt 0.29485625 0.28125
vt 0.29485625 0.296875
vt 0.28125 0.296875
vt 0.29115 0.296875
vt 0.28125 0.296875
vt 0.28125 0.28125
vt 0.29115 0.28125
vt 0.28816765625 0.28512171875000003
vt 0.28816765625 0.2950215625
vt 0.28125 0.296875
vt 0.281250625 0.2832678125
vt 0.2948571875 0.296875
vt 0.28125 0.296875
vt 0.28310390625 0.2899575
vt 0.29300359375 0.28995796875
vt 0.28125 0.28125
vt 0.29485625 0.28125
vt 0.29485625 0.296875
vt 0.28125 0.296875
vt 0.29115 0.296875
vt 0.28125 0.296875
vt 0.28125 0.28125
vt 0.29115 0.28125
vt 0.28816765625 0.28512140625000004
vt 0.28816765625 0.29502125
vt 0.281250625 0.296875
vt 0.28125 0.2832678125
vt 0.2948571875 0.296875
vt 0.28125 0.296875
vt 0.2831034375 0.28995796875
vt 0.29300328125 0.2899575
vt 0.28125 0.28125
vt 0.29485625 0.28125
vt 0.29485625 0.296875
vt 0.28125 0.296875
vt 0.29115 0.296875
vt 0.28125 0.296875
vt 0.28125 0.28125
vt 0.29115 0.28125
vt 0.2881671875 0.28512187499999997
vt 0.2881671875 0.295021875
vt 0.28125 0.296875
vt 0.28125 0.28326874999999996
vt 0.28125 0.296875
vt 0.28125 0.28326874999999996
vt 0.2881671875 0.28512187499999997
vt 0.2881671875 0.295021875
vt 0.28125 0.28125
vt 0.29485625 0.28125
vt 0.29485625 0.296875
vt 0.28125 0.296875
vt 0.29115 0.296875
vt 0.28125 0.296875
vt 0.28125 0.28125
vt 0.29115 0.28125
vt 0.28310375 0.28995734375000004
vt 0.29300359375 0.28995734375000004
vt 0.2948571875 0.296875
vt 0.28125 0.296874375
vt 0.28125 0.296875
vt 0.28125 0.2832678125
vt 0.2881675 0.28512171875000003
vt 0.28816703125 0.2950215625
vt 0.28125 0.28125
vt 0.29485625 0.28125
vt 0.29485625 0.296875
vt 0.28125 0.296875
vt 0.29115 0.296875
vt 0.28125 0.296875
vt 0.28125 0.28125
vt 0.29115 0.28125
vt 0.2831034375 0.28995734375000004
vt 0.29300328125 0.28995734375000004
vt 0.2948571875 0.296874375
vt 0.28125 0.296875
vt 0.28125 0.296875
vt 0.28125 0.2832678125
vt 0.28816703125 0.28512140625000004
vt 0.2881675 0.29502109374999996
vt 0.28125 0.28125
vt 0.29485625 0.28125
vt 0.29485625 0.296875
vt 0.28125 0.296875
vt 0.29115 0.296875
vt 0.28125 0.296875
vt 0.28125 0.28125
vt 0.29115 0.28125
vt 0.283103125 0.28995781249999997
vt 0.293003125 0.28995781249999997
vt 0.29485625 0.296875
vt 0.28125 0.296875
vt 0.28125 0.28995781249999997
vt 0.29485625 0.28995781249999997
vt 0.293003125 0.296875
vt 0.283103125 0.296875
vt 0.28125 0.28125
vt 0.29485625 0.28125
vt 0.29485625 0.296875
vt 0.28125 0.296875
vt 0.29115 0.296875
vt 0.28125 0.296875
vt 0.28125 0.28125
vt 0.29115 0.28125
vt 0.28125 0.29502125
vt 0.28125 0.28512140625000004
vt 0.28816765625 0.2832678125
vt 0.28816703125 0.296875
vt 0.28125 0.2899575
vt 0.2948571875 0.2899575
vt 0.29300328125 0.296875
vt 0.2831034375 0.29687453124999996
vt 0.28125 0.28125
vt 0.29485625 0.28125
vt 0.29485625 0.296875
vt 0.28125 0.296875
vt 0.29115 0.296875
vt 0.28125 0.296875
vt 0.28125 0.28125
vt 0.29115 0.28125
vt 0.28125 0.2950215625
vt 0.28125 0.28512171875000003
vt 0.28816703125 0.2832678125
vt 0.28816765625 0.296875
vt 0.28125 0.2899575
vt 0.2948571875 0.2899575
vt 0.29300359375 0.29687453124999996
vt 0.28310390625 0.296875
vt 0.28125 0.28125
vt 0.29485625 0.28125
vt 0.29485625 0.296875
vt 0.28125 0.296875
vt 0.29115 0.296875
vt 0.28125 0.296875
vt 0.28125 0.28125
vt 0.29115 0.28125
vt 0.28125 0.295021875
vt 0.28125 0.28512187499999997
vt 0.2881671875 0.28326874999999996
vt 0.2881671875 0.296875
vt 0.2881671875 0.28326874999999996
vt 0.2881671875 0.296875
vt 0.28125 0.295021875
vt 0.28125 0.28512187499999997
vt 0.28125 0.28125
vt 0.29485625 0.28125
vt 0.29485625 0.296875
vt 0.28125 0.296875
vt 0.29115 0.296875
vt 0.28125 0.296875
vt 0.28125 0.28125
vt 0.29115 0.28125
vt 0.29300328125 0.296875
vt 0.2831034375 0.296875
vt 0.28125 0.28995734375000004
vt 0.2948571875 0.28995796875
vt 0.2881675 0.2832678125
vt 0.2881675 0.296875
vt 0.28125 0.29502109374999996
vt 0.28125046875 0.28512140625000004
vt 0.28125 0.28125
vt 0.29485625 0.28125
vt 0.29485625 0.296875
vt 0.28125 0.296875
vt 0.29115 0.296875
vt 0.28125 0.296875
vt 0.28125 0.28125
vt 0.29115 0.28125
vt 0.29300359375 0.296875
vt 0.28310375 0.296875
vt 0.28125 0.28995796875
vt 0.2948571875 0.28995734375000004
vt 0.2881675 0.2832678125
vt 0.2881675 0.296875
vt 0.28125046875 0.2950215625
vt 0.28125 0.28512171875000003
vt 0.28125 0.28125
vt 0.29485625 0.28125
vt 0.29485625 0.296875
vt 0.28125 0.296875
vt 0.29115 0.296875
vt 0.28125 0.296875
vt 0.28125 0.28125
vt 0.29115 0.28125
vt 0.293003125 0.296875
vt 0.283103125 0.296875
vt 0.28125 0.28995781249999997
vt 0.29485625 0.28995781249999997
vt 0.29485625 0.296875
vt 0.28125 0.296875
vt 0.283103125 0.28995781249999997
vt 0.293003125 0.28995781249999997
vt 0.28125 0.28125
vt 0.29485625 0.28125
vt 0.29485625 0.296875
vt 0.28125 0.296875
vt 0.29115 0.296875
vt 0.28125 0.296875
vt 0.28125 0.28125
vt 0.29115 0.28125
vt 0.28816765625 0.28512171875000003
vt 0.28816765625 0.2950215625
vt 0.28125 0.296875
vt 0.281250625 0.2832678125
vt 0.2948571875 0.296875
vt 0.28125 0.296875
vt 0.28310390625 0.2899575
vt 0.29300359375 0.28995796875
vt 0.28125 0.28125
vt 0.29485625 0.28125
vt 0.29485625 0.296875
vt 0.28125 0.296875
vt 0.29115 0.296875
vt 0.28125 0.296875
vt 0.28125 0.28125
vt 0.29115 0.28125
vt 0.28816765625 0.28512140625000004
vt 0.28816765625 0.29502125
vt 0.281250625 0.296875
vt 0.28125 0.2832678125
vt 0.2948571875 0.296875
vt 0.28125 0.296875
vt 0.2831034375 0.28995796875
vt 0.29300328125 0.2899575
vt 0.28125 0.28125
vt 0.29485625 0.28125
vt 0.29485625 0.296875
vt 0.28125 0.296875
vt 0.29115 0.296875
vt 0.28125 0.296875
vt 0.28125 0.28125
vt 0.29115 0.28125
vt 0.2881671875 0.28512187499999997
vt 0.2881671875 0.295021875
vt 0.28125 0.296875
vt 0.28125 0.28326874999999996
vt 0.28125 0.296875
vt 0.28125 0.28326874999999996
vt 0.2881671875 0.28512187499999997
vt 0.2881671875 0.295021875
vt 0.28125 0.28125
vt 0.29485625 0.28125
vt 0.29485625 0.296875
vt 0.28125 0.296875
vt 0.29115 0.296875
vt 0.28125 0.296875
vt 0.28125 0.28125
vt 0.29115 0.28125
vt 0.28310375 0.28995734375000004
vt 0.29300359375 0.28995734375000004
vt 0.2948571875 0.296875
vt 0.28125 0.296874375
vt 0.28125 0.296875
vt 0.28125 0.2832678125
vt 0.2881675 0.28512171875000003
vt 0.28816703125 0.2950215625
vt 0.28125 0.28125
vt 0.29485625 0.28125
vt 0.29485625 0.296875
vt 0.28125 0.296875
vt 0.29115 0.296875
vt 0.28125 0.296875
vt 0.28125 0.28125
vt 0.29115 0.28125
vt 0.2831034375 0.28995734375000004
vt 0.29300328125 0.28995734375000004
vt 0.2948571875 0.296874375
vt 0.28125 0.296875
vt 0.28125 0.296875
vt 0.28125 0.2832678125
vt 0.28816703125 0.28512140625000004
vt 0.2881675 0.29502109374999996
vt 0.28125 0.28125
vt 0.29485625 0.28125
vt 0.29485625 0.296875
vt 0.28125 0.296875
vt 0.29115 0.296875
vt 0.28125 0.296875
vt 0.28125 0.28125
vt 0.29115 0.28125
vt 0.283103125 0.28995781249999997
vt 0.293003125 0.28995781249999997
vt 0.29485625 0.296875
vt 0.28125 0.296875
vt 0.28125 0.28995781249999997
vt 0.29485625 0.28995781249999997
vt 0.293003125 0.296875
vt 0.283103125 0.296875
vt 0.3247625 0.6752374999999999
vt 0.375 0.7622625000000001
vt 0.1875 0.8125
vt 0.375 0.7622625000000001
vt 0.375 0.8627374999999999
vt 0.1875 0.8125
vt 0.375 0.8627374999999999
vt 0.3247625 0.9497625
vt 0.1875 0.8125
vt 0.3247625 0.9497625
vt 0.2377375 1
vt 0.1875 0.8125
vt 0.2377375 1
vt 0.1372625 1
vt 0.1875 0.8125
vt 0.1372625 1
vt 0.0502375 0.9497625
vt 0.1875 0.8125
vt 0.0502375 0.9497625
vt 0 0.8627374999999999
vt 0.1875 0.8125
vt 0 0.8627374999999999
vt 0 0.7622625000000001
vt 0.1875 0.8125
vt 0 0.7622625000000001
vt 0.0502375 0.6752374999999999
vt 0.1875 0.8125
vt 0.0502375 0.6752374999999999
vt 0.1372625 0.625
vt 0.1875 0.8125
vt 0.1372625 0.625
vt 0.2377375 0.625
vt 0.1875 0.8125
vt 0.2377375 0.625
vt 0.3247625 0.6752374999999999
vt 0.1875 0.8125
vt 0.59375 0.46875
vt 0.59375 0.484375
vt 0.5 0.484375
vt 0.5 0.46875
vt 0.59375 0.46875
vt 0.59375 0.484375
vt 0.5 0.484375
vt 0.5 0.46875
vt 0.53125 0.4375
vt 0.53125 0.484375
vt 0.5 0.484375
vt 0.5 0.4375
vt 0.53125 0.4375
vt 0.53125 0.484375
vt 0.5 0.484375
vt 0.5 0.4375
vt 0.53125 0.46875
vt 0.53125 0.484375
vt 0.5 0.484375
vt 0.5 0.46875
vt 0.53125 0.46875
vt 0.53125 0.484375
vt 0.5 0.484375
vt 0.5 0.46875
vt 0.5625 0.46875
vt 0.5625 0.484375
vt 0.5 0.484375
vt 0.5 0.46875
vt 0.5625 0.46875
vt 0.5625 0.484375
vt 0.5 0.484375
vt 0.5 0.46875
vt 0.51953125 0.453125
vt 0.51953125 0.484375
vt 0.5 0.484375
vt 0.5 0.453125
vt 0.51953125 0.453125
vt 0.51953125 0.484375
vt 0.5 0.484375
vt 0.5 0.453125
vt 0.51953125 0.46875
vt 0.51953125 0.484375
vt 0.5 0.484375
vt 0.5 0.46875
vt 0.51953125 0.46875
vt 0.51953125 0.484375
vt 0.5 0.484375
vt 0.5 0.46875
vt 0.21078125 0.79703125
vt 0.2421875 0.85140625
vt 0.125 0.8828125
vt 0.2421875 0.85140625
vt 0.2421875 0.91421875
vt 0.125 0.8828125
vt 0.2421875 0.91421875
vt 0.21078125 0.96859375
vt 0.125 0.8828125
vt 0.21078125 0.96859375
vt 0.15640625 1
vt 0.125 0.8828125
vt 0.15640625 1
vt 0.09359375 1
vt 0.125 0.8828125
vt 0.09359375 1
vt 0.03921875 0.96859375
vt 0.125 0.8828125
vt 0.03921875 0.96859375
vt 0.0078125 0.91421875
vt 0.125 0.8828125
vt 0.0078125 0.91421875
vt 0.0078125 0.85140625
vt 0.125 0.8828125
vt 0.0078125 0.85140625
vt 0.03921875 0.79703125
vt 0.125 0.8828125
vt 0.03921875 0.79703125
vt 0.09359375 0.765625
vt 0.125 0.8828125
vt 0.09359375 0.765625
vt 0.15640625 0.765625
vt 0.125 0.8828125
vt 0.15640625 0.765625
vt 0.21078125 0.79703125
vt 0.125 0.8828125
vt 0.28125 0.28125
vt 0.289621875 0.28125
vt 0.289621875 0.296875
vt 0.28125 0.296875
vt 0.28573125 0.296875
vt 0.28125 0.296875
vt 0.28125 0.28125
vt 0.28573125 0.28125
vt 0.28125 0.29492734374999996
vt 0.28125 0.29044499999999995
vt 0.28851390625 0.28850062499999996
vt 0.2885103125 0.296875
vt 0.28125 0.28961187499999996
vt 0.289624375 0.28961187499999996
vt 0.287676875 0.296875
vt 0.28319453125 0.29687312499999996
vt 0.28125 0.28125
vt 0.289621875 0.28125
vt 0.289621875 0.296875
vt 0.28125 0.296875
vt 0.28573125 0.296875
vt 0.28125 0.296875
vt 0.28125 0.28125
vt 0.28573125 0.28125
vt 0.28125 0.294930625
vt 0.28125 0.29044828125
vt 0.2885103125 0.28850062499999996
vt 0.28851390625 0.296875
vt 0.28125 0.28961187499999996
vt 0.289624375 0.28961187499999996
vt 0.28767984375 0.29687312499999996
vt 0.2831975 0.296875
vt 0.28125 0.28125
vt 0.289621875 0.28125
vt 0.289621875 0.296875
vt 0.28125 0.296875
vt 0.28573125 0.296875
vt 0.28125 0.296875
vt 0.28125 0.28125
vt 0.28573125 0.28125
vt 0.28125 0.29492968750000004
vt 0.28125 0.29044843750000005
vt 0.2885109375 0.28850312499999997
vt 0.2885109375 0.296875
vt 0.2885109375 0.28850312499999997
vt 0.2885109375 0.296875
vt 0.28125 0.29492968750000004
vt 0.28125 0.29044843750000005
vt 0.28125 0.28125
vt 0.289621875 0.28125
vt 0.289621875 0.296875
vt 0.28125 0.296875
vt 0.28573125 0.296875
vt 0.28125 0.296875
vt 0.28125 0.28125
vt 0.28573125 0.28125
vt 0.28767671875 0.296875
vt 0.283194375 0.296875
vt 0.28125 0.28961109375000005
vt 0.289624375 0.28961468749999997
vt 0.288513125 0.28850062499999996
vt 0.288513125 0.296875
vt 0.28125 0.2949275
vt 0.281251875 0.29044515625
vt 0.28125 0.28125
vt 0.289621875 0.28125
vt 0.289621875 0.296875
vt 0.28125 0.296875
vt 0.28573125 0.296875
vt 0.28125 0.296875
vt 0.28125 0.28125
vt 0.28573125 0.28125
vt 0.28768 0.296875
vt 0.28319765625 0.296875
vt 0.28125 0.28961468749999997
vt 0.289624375 0.28961109375000005
vt 0.288513125 0.28850062499999996
vt 0.288513125 0.296875
vt 0.281251875 0.29493046874999995
vt 0.28125 0.29044812499999995
vt 0.28125 0.28125
vt 0.289621875 0.28125
vt 0.289621875 0.296875
vt 0.28125 0.296875
vt 0.28573125 0.296875
vt 0.28125 0.296875
vt 0.28125 0.28125
vt 0.28573125 0.28125
vt 0.2876765625 0.296875
vt 0.2831953125 0.296875
vt 0.28125 0.2896140625
vt 0.289621875 0.2896140625
vt 0.289621875 0.296875
vt 0.28125 0.296875
vt 0.2831953125 0.2896140625
vt 0.2876765625 0.2896140625
vt 0.28125 0.28125
vt 0.289621875 0.28125
vt 0.289621875 0.296875
vt 0.28125 0.296875
vt 0.28573125 0.296875
vt 0.28125 0.296875
vt 0.28125 0.28125
vt 0.28573125 0.28125
vt 0.28851390625 0.29044828125
vt 0.28851390625 0.294930625
vt 0.28125 0.296875
vt 0.28125359375 0.28850062499999996
vt 0.289624375 0.296875
vt 0.28125 0.296875
vt 0.2831975 0.28961187499999996
vt 0.28767984375 0.28961390625000005
vt 0.28125 0.28125
vt 0.289621875 0.28125
vt 0.289621875 0.296875
vt 0.28125 0.296875
vt 0.28573125 0.296875
vt 0.28125 0.296875
vt 0.28125 0.28125
vt 0.28573125 0.28125
vt 0.28851390625 0.29044499999999995
vt 0.28851390625 0.29492734374999996
vt 0.28125359375 0.296875
vt 0.28125 0.28850062499999996
vt 0.289624375 0.296875
vt 0.28125 0.296875
vt 0.28319453125 0.28961390625000005
vt 0.287676875 0.28961187499999996
vt 0.28125 0.28125
vt 0.289621875 0.28125
vt 0.289621875 0.296875
vt 0.28125 0.296875
vt 0.28573125 0.296875
vt 0.28125 0.296875
vt 0.28125 0.28125
vt 0.28573125 0.28125
vt 0.2885109375 0.29044843750000005
vt 0.2885109375 0.29492968750000004
vt 0.28125 0.296875
vt 0.28125 0.28850312499999997
vt 0.28125 0.296875
vt 0.28125 0.28850312499999997
vt 0.2885109375 0.29044843750000005
vt 0.2885109375 0.29492968750000004
vt 0.28125 0.28125
vt 0.289621875 0.28125
vt 0.289621875 0.296875
vt 0.28125 0.296875
vt 0.28573125 0.296875
vt 0.28125 0.296875
vt 0.28125 0.28125
vt 0.28573125 0.28125
vt 0.28319765625 0.28961109375000005
vt 0.28768 0.28961109375000005
vt 0.289624375 0.296875
vt 0.28125 0.29687140624999997
vt 0.28125 0.296875
vt 0.28125 0.28850062499999996
vt 0.288513125 0.29044812499999995
vt 0.28851109375 0.29493046874999995
vt 0.28125 0.28125
vt 0.289621875 0.28125
vt 0.289621875 0.296875
vt 0.28125 0.296875
vt 0.28573125 0.296875
vt 0.28125 0.296875
vt 0.28125 0.28125
vt 0.28573125 0.28125
vt 0.283194375 0.28961109375000005
vt 0.28767671875 0.28961109375000005
vt 0.289624375 0.29687140624999997
vt 0.28125 0.296875
vt 0.28125 0.296875
vt 0.28125 0.28850062499999996
vt 0.28851109375 0.29044515625
vt 0.288513125 0.2949275
vt 0.28125 0.28125
vt 0.289621875 0.28125
vt 0.289621875 0.296875
vt 0.28125 0.296875
vt 0.28573125 0.296875
vt 0.28125 0.296875
vt 0.28125 0.28125
vt 0.28573125 0.28125
vt 0.2831953125 0.2896140625
vt 0.2876765625 0.2896140625
vt 0.289621875 0.296875
vt 0.28125 0.296875
vt 0.28125 0.2896140625
vt 0.289621875 0.2896140625
vt 0.2876765625 0.296875
vt 0.2831953125 0.296875
vt 0.5625 0.46875
vt 0.5625 0.484375
vt 0.5 0.484375
vt 0.5 0.46875
vt 0.5625 0.46875
vt 0.5625 0.484375
vt 0.5 0.484375
vt 0.5 0.46875
vt 0.51953125 0.453125
vt 0.51953125 0.484375
vt 0.5 0.484375
vt 0.5 0.453125
vt 0.51953125 0.453125
vt 0.51953125 0.484375
vt 0.5 0.484375
vt 0.5 0.453125
vt 0.51953125 0.46875
vt 0.51953125 0.484375
vt 0.5 0.484375
vt 0.5 0.46875
vt 0.51953125 0.46875
vt 0.51953125 0.484375
vt 0.5 0.484375
vt 0.5 0.46875
vn 0.7071067811865478 -0.7071067811865472 0
vn -0.7071067811865478 0.7071067811865472 0
vn 0.7071067811865478 0.7071067811865474 0
vn -0.7071067811865478 -0.7071067811865474 0
vn 0 0 1
vn 0 0 -1
vn 1 -4.179663151530003e-16 0
vn -1 -4.179663151530001e-16 0
vn -2.3684757858669954e-15 1 0
vn 4.736951571734012e-15 -1 0
vn 0 0 1
vn 0 0 -1
vn 1 -8.881784197001248e-16 0
vn -1 -2.220446049250313e-16 0
vn -2.368475785866995e-15 1 0
vn 0 -1 0
vn 0 0 1
vn 0 0 -1
vn 1 -3.552713678800501e-15 0
vn -1 3.552713678800501e-15 0
vn 0 1 0
vn 0 -1 0
vn 0 0 1
vn 0 0 -1
vn 1 -3.552713678800501e-15 0
vn -1 0 0
vn 7.105427357601002e-15 1 0
vn 0 -1 0
vn 0 0 1
vn 0 0 -1
vn 1 3.552713678800501e-15 0
vn -1 -7.105427357601002e-15 0
vn -3.5527136788004946e-15 1 0
vn 3.552713678800501e-15 -1 0
vn 0 0 1
vn 0 0 -1
vn 1 -3.552713678800501e-15 0
vn -1 3.5527136788004504e-15 0
vn 3.552713678800501e-15 1 0
vn 3.552713678800501e-15 -1 0
vn 0 0 1
vn 0 0 -1
vn 1 3.330669073875471e-16 0
vn -1 -4.440892098500626e-16 0
vn 0 1 0
vn 2.3684757858669954e-15 -1 0
vn 0 0 1
vn 0 0 -1
vn 1 3.330669073875471e-16 0
vn -1 -4.440892098500626e-16 0
vn 0 1 0
vn 2.368475785866995e-15 -1 0
vn 0 0 1
vn 0 0 -1
vn 1 1.1102230246251565e-16 0
vn -1 2.220446049250313e-16 0
vn 0 1 0
vn 0 -1 0
vn 0 0 1
vn 0 0 -1
vn 1 1.1102230246251565e-16 0
vn -1 2.220446049250313e-16 0
vn 0 1 0
vn 0 -1 0
vn 0 0 1
vn 0 0 -1
vn 1 3.552713678800501e-15 0
vn -1 -1.776356839400263e-15 0
vn -3.5527136788004946e-15 1 0
vn 0 -1 0
vn 0 0 1
vn 0 0 -1
vn 1 8.881784197001315e-15 0
vn -1 -1.0658141036401503e-14 0
vn 0 1 0
vn 3.5527136788004915e-15 -1 0
vn 0 0 1
vn 0 0 -1
vn 1 2.6122894697062506e-17 0
vn -1 -5.224578939412501e-17 0
vn 0 1 0
vn 0 -1 0
vn 0 0 1
vn 0 0 -1
vn 1 2.6122894697062506e-17 0
vn -1 -5.224578939412501e-17 0
vn 0 1 0
vn 0 -1 0
vn 0 0 1
vn 0 0 -1
vn 1 8.881784197001252e-16 0
vn -1 8.881784197001252e-16 0
vn 0 1 0
vn 0 -1 0
vn 0 0 1
vn 0 0 -1
vn 1 -1.7763568394002505e-15 0
vn -1 0 0
vn 0 1 0
vn 0 -1 0
vn 0 0 1
vn 0 0 -1
vn 1 8.22871182957469e-16 0
vn -1 3.918434204559376e-16 0
vn 0 1 0
vn 0 -1 0
vn 0 0 1
vn 0 0 -1
vn 1 8.22871182957469e-16 0
vn -1 3.918434204559376e-16 0
vn 0 1 0
vn 0 -1 0
vn 0 0 1
vn 0 0 -1
vn 1 9.769962616701378e-15 0
vn -1 -9.992007221626409e-15 0
vn 0 1 0
vn 0 -1 0
vn 0 0 1
vn 0 0 -1
vn 1 0 0
vn -1 4.440892098500626e-16 0
vn 0 1 0
vn 0 -1 0
vn 0 0 1
vn 0 0 -1
vn 1 -1.3322676295501878e-15 0
vn -1 -8.881784197001252e-16 0
vn 0 1 0
vn 0 -1 0
vn 0 0 1
vn 0 0 -1
vn 1 0 0
vn -1 1.0150610510858574e-15 0
vn 1.1842378929335008e-15 1 0
vn 0 -1 0
vn 0 0 1
vn 0 0 -1
vn 1 -7.105427357601002e-15 0
vn -1 7.105427357601002e-15 0
vn 0 1 0
vn 0 -1 0
vn 0 0 1
vn 0 0 -1
vn 0.9659258262890684 0.25881904510252046 0
vn -0.9659258262890684 -0.25881904510252046 0
vn -0.25881904510251685 0.9659258262890695 0
vn 0.2588190451025215 -0.9659258262890681 0
vn 0 0 1
vn 0 0 -1
vn 0.9659258262890683 -0.2588190451025207 0
vn -0.9659258262890685 0.2588190451025205 0
vn 0.25881904510252185 0.965925826289068 0
vn -0.25881904510251746 -0.9659258262890693 0
vn 0 0 1
vn 0 0 -1
vn 0.9659258262890684 0.25881904510252046 0
vn -0.9659258262890684 -0.25881904510252046 0
vn -0.25881904510251685 0.9659258262890695 0
vn 0.2588190451025215 -0.9659258262890681 0
vn 0 0 1
vn 0 0 -1
vn 0.9659258262890684 -0.25881904510252074 0
vn -0.9659258262890685 0.2588190451025205 0
vn 0.2588190451025218 0.965925826289068 0
vn -0.2588190451025174 -0.9659258262890693 0
vn 0 0 1
vn 0 0 -1
vn 1 -2.537652627714646e-16 0
vn -1 2.537652627714646e-16 0
vn 0 1 0
vn 0 -1 0
vn 0 0 1
vn 0 0 -1
vn 1 -2.220446049250315e-16 0
vn -1 3.3306690738754696e-16 0
vn 0 1 0
vn 1.1842378929335002e-15 -1 0
vn 0 0 1
vn 0 0 -1
vn 1 4.440892098500626e-16 0
vn -1 -4.440892098500626e-16 0
vn 0 1 0
vn 0 -1 0
vn 0 0 1
vn 0 0 -1
vn 1 -8.881784197001252e-16 0
vn -1 -8.881784197001252e-16 0
vn 0 1 0
vn 0 -1 0
vn 0 0 1
vn 0 0 -1
vn 1 4.099285014000578e-16 0
vn -1 -3.75767792950053e-16 0
vn 0 1 0
vn 0 -1 0
vn 0 0 1
vn 0 0 -1
vn 1 2.391249591500337e-16 0
vn -1 -3.928481471750554e-16 0
vn 0 1 0
vn 0 -1 0
vn 0 0 1
vn 0 0 -1
vn 1 0 0
vn -1 8.881784197001252e-16 0
vn 0 1 0
vn 0 -1 0
vn 0 0 1
vn 0 0 -1
vn 1 -8.881784197001252e-16 0
vn -1 -5.329070518200751e-15 0
vn 0 1 0
vn 0 -1 0
vn 0 0 1
vn 0 0 -1
vn 1 -5.329070518200751e-15 0
vn -1 0 0
vn 0 1 0
vn 0 -1 0
vn 0 0 1
vn 0 0 -1
vn 1 0 0
vn -1 0 0
vn 0 1 0
vn 0 -1 0
vn 0 0 1
vn 0 0 -1
vn 0.7071067811865469 -0.7071067811865482 0
vn -0.7071067811865464 0.7071067811865488 0
vn 0.7071067811865469 0.7071067811865482 0
vn -0.7071067811865462 -0.7071067811865488 0
vn 0 0 1
vn 0 0 -1
vn 0.7071067811865456 -0.7071067811865496 0
vn -0.7071067811865488 0.7071067811865464 0
vn 0.7071067811865451 0.7071067811865499 0
vn -0.7071067811865447 -0.7071067811865503 0
vn 0 0 1
vn 0 0 -1
vn 1 -4.440892098500626e-16 0
vn -1 0 0
vn 0 1 0
vn 0 -1 0
vn 0 0 1
vn 0 0 -1
vn -1 2.0724163126336257e-15 0
vn 1 -2.960594732333765e-15 0
vn 0 -1 0
vn 2.842170943040404e-15 1 0
vn 0 0 1
vn 0 0 -1
vn 0 1 0
vn 4.736951571734013e-15 -1 0
vn -1 1.0658141036401502e-15 0
vn 1 1.243449787580179e-15 0
vn 0 0 1
vn 0 0 -1
vn 0 -1 0
vn 4.736951571734013e-15 1 0
vn 1 1.7763568394002556e-15 0
vn -1 3.552713678800501e-16 0
vn 0 0 1
vn 0 0 -1
vn 0.7071067811865457 -0.7071067811865495 0
vn -0.7071067811865465 0.7071067811865486 0
vn 0.7071067811865547 0.7071067811865405 0
vn -0.7071067811865431 -0.707106781186552 0
vn 0 0 1
vn 0 0 -1
vn 0.707106781186548 -0.7071067811865472 0
vn -0.7071067811865499 0.7071067811865452 0
vn 0.7071067811865498 0.7071067811865454 0
vn -0.7071067811865556 -0.7071067811865396 0
vn 0 0 1
vn 0 0 -1
vn 0.707106781186547 -0.7071067811865481 0
vn -0.7071067811865486 0.7071067811865467 0
vn 0.7071067811865509 0.7071067811865442 0
vn -0.7071067811865468 -0.7071067811865483 0
vn 0 0 1
vn 0 0 -1
vn 1 0 0
vn -1 0 0
vn 0 1 0
vn 0 -1 0
vn 0 0 1
vn 0 0 -1
vn 0 -1 0
vn 0 1 0
vn 1 0 0
vn -1 0 0
vn 0 0 1
vn 0 0 -1
vn 1 0 0
vn -1 -5.921189464667501e-16 0
vn 0 1 0
vn 0 -1 0
vn 0 0 1
vn 0 0 -1
vn 1 -7.401486830834377e-17 0
vn -1 0 0
vn 0 1 0
vn 0 -1 0
vn 0 0 1
vn 0 0 -1
vn 1 3.4046839421838135e-15 0
vn -1 1.4802973661668753e-16 0
vn 0 1 0
vn 0 -1 0
vn 0 0 1
vn 0 0 -1
vn 1 -2.9605947323337506e-16 0
vn -1 -5.921189464667501e-16 0
vn 0 1 0
vn 0 -1 0
vn 0 0 1
vn 0 0 -1
vn 1 -1.6283271027835629e-15 0
vn -1 3.4046839421838135e-15 0
vn 0 1 0
vn 0 -1 0
vn 0 0 1
vn 0 0 -1
vn 1 3.4046839421838135e-15 0
vn -1 -3.1826393372587822e-15 0
vn 0 1 0
vn 0 -1 0
vn 0 0 1
vn 0 0 -1
vn 1 -1.9539925233402755e-14 0
vn -1 1.9539925233402755e-14 0
vn 0 1 0
vn 0 -1 0
vn 0 0 1
vn 0 0 -1
vn 1 -6.981368440415034e-15 0
vn -1 1.3962736880829873e-14 0
vn 0 1 0
vn 2.842170943040451e-14 -1 0
vn 0 0 1
vn 0 0 -1
vn 1 -9.817549369333505e-15 0
vn -1 9.817549369333505e-15 0
vn 0 1 0
vn 0 -1 0
vn 0 0 1
vn 0 0 -1
vn 0 -1 0
vn -1 1.9539925233402755e-14 0
vn 0.7485881801731685 0.6630352452962238 0
vn -0.7657048647896172 -0.6431920864232662 0
vn 0 0 1
vn 0 -0.9438583563660174 -0.33035042472810616
vn 0 -1 0
vn 1 -1.9539925233402755e-14 0
vn 0.7624929033564947 -0.6469965782992854 0
vn -0.7463273826322236 0.665579024559319 0
vn 0 0 1
vn 0 -0.9701425001453319 -0.24253562503633297
vn 0 0 -1
vn 0 0 -1
vn 0 0 -1
vn 0 0 -1
vn 0 0 -1
vn 0 0 -1
vn 0 0 -1
vn 0 0 -1
vn 0 0 -1
vn 0 0 -1
vn 0 0 -1
vn 0 0 -1
vn 0.5000047549191312 0.8660226585131936 0
vn -0.4999956916623928 -0.8660278911900273 0
vn 0 0 1
vn 0 0 -1
vn 0.8660226585131985 0.5000047549191228 0
vn -0.8660278911900223 -0.4999956916624015 0
vn 0 0 1
vn 0 0 -1
vn 1 0 0
vn -1 3.5044918706601306e-16 0
vn 0 0 1
vn 0 0 -1
vn 0.8660226585131935 -0.5000047549191314 0
vn -0.866027891190017 0.4999956916624103 0
vn 0 0 1
vn 0 0 -1
vn 0.5000047549191362 -0.8660226585131909 0
vn -0.4999956916624094 0.8660278911900176 0
vn 0 0 1
vn 0 0 -1
vn 0 -1 0
vn 0 1 0
vn 0 0 1
vn 0 0 -1
vn -0.5000047549191259 -0.8660226585131969 0
vn 0.4999956916624097 0.8660278911900173 0
vn 0 0 1
vn 0 0 -1
vn -0.866022658513204 -0.5000047549191131 0
vn 0.8660278911900028 0.499995691662435 0
vn 0 0 1
vn 0 0 -1
vn -1 -5.099549973015356e-16 0
vn 1 0 0
vn 0 0 1
vn 0 0 -1
vn -0.8660226585131986 0.5000047549191227 0
vn 0.8660278911900084 -0.49999569166242536 0
vn 0 0 1
vn 0 0 -1
vn -0.5000047549191312 0.8660226585131937 0
vn 0.4999956916624097 -0.8660278911900173 0
vn 0 0 1
vn 0 0 -1
vn 0 1 0
vn -2.242874797222579e-14 -1 0
vn 0 0 1
vn 0 0 -1
vn 0.5000047549191219 0.866022658513199 0
vn -0.49999569166239166 -0.8660278911900278 0
vn 0 0 1
vn 0 0 -1
vn 0.8660226585131982 0.5000047549191234 0
vn -0.8660278911900231 -0.49999569166240015 0
vn 0 0 1
vn 0 0 -1
vn 1 0 0
vn -1 0 0
vn 0 0 1
vn 0 0 -1
vn 0.8660226585131937 -0.500004754919131 0
vn -0.8660278911900219 0.49999569166240226 0
vn 0 0 1
vn 0 0 -1
vn 0.5000047549191263 -0.8660226585131966 0
vn -0.4999956916624103 0.866027891190017 0
vn 0 0 1
vn 0 0 -1
vn 0 -1 0
vn 0 1 0
vn 0 0 1
vn 0 0 -1
vn -0.5000047549191263 -0.8660226585131966 0
vn 0.4999956916624091 0.8660278911900177 0
vn 0 0 1
vn 0 0 -1
vn -0.8660226585131933 -0.5000047549191318 0
vn 0.8660278911900223 0.4999956916624011 0
vn 0 0 1
vn 0 0 -1
vn -1 -1.0199099946030713e-15 0
vn 1 -2.8035934965281676e-15 0
vn 0 0 1
vn 0 0 -1
vn -0.8660226585131884 0.5000047549191402 0
vn 0.8660278911900235 -0.499995691662399 0
vn 0 0 1
vn 0 0 -1
vn -0.5000047549191312 0.8660226585131937 0
vn 0.49999569166239166 -0.8660278911900278 0
vn 0 0 1
vn 0 0 -1
vn 0 1 0
vn 0 -1 0
vn 0 0 1
vn 0 0 -1
vn 0 0 -1
vn 0 0 -1
vn 0 0 -1
vn 0 0 -1
vn 0 0 -1
vn 0 0 -1
vn 0 0 -1
vn 0 0 -1
vn 0 0 -1
vn 0 0 -1
vn 0 0 -1
vn 0 0 -1
vn 1 1.953992523340331e-14 0
vn -1 -1.021405182655173e-14 0
vn 0 1 0
vn 0 -1 0
vn 0 0 1
vn 0 0 -1
vn 1 -6.545032912889003e-16 0
vn -1 -4.581523039022302e-15 0
vn 0 1 0
vn 0 -1 0
vn 0 0 1
vn 0 0 -1
vn 1 -5.236026330311202e-15 0
vn -1 3.4906842202074682e-15 0
vn 0 1 0
vn 0 -1 0
vn 0 0 1
vn 0 0 -1
vn 0 -1 0
vn -1 -1.953992523340331e-14 0
vn 0.7485881801731594 0.6630352452962341 0
vn -0.765704864789614 -0.6431920864232701 0
vn 0 0 1
vn 0 -0.9438583563660184 -0.33035042472810366
vn 0 -1 0
vn 1 1.021405182655173e-14 0
vn 0.762492903356493 -0.6469965782992873 0
vn -0.7463273826322198 0.6655790245593235 0
vn 0 0 1
vn 0 -0.970142500145332 -0.242535625036333
vn 0 0 -1
vn 0 0 -1
vn 0 0 -1
vn 0 0 -1
vn 0 0 -1
vn 0 0 -1
vn 0 0 -1
vn 0 0 -1
vn 0 0 -1
vn 0 0 -1
vn 0 0 -1
vn 0 0 -1
vn 0.5000047549191241 0.8660226585131978 0
vn -0.4999956916624097 -0.8660278911900173 0
vn 0 0 1
vn 0 0 -1
vn 0.8660226585131977 0.5000047549191241 0
vn -0.866027891190018 -0.4999956916624084 0
vn 0 0 1
vn 0 0 -1
vn 1 0 0
vn -1 -9.812577237848586e-15 0
vn 0 0 1
vn 0 0 -1
vn 0.8660226585131959 -0.5000047549191272 0
vn -0.8660278911900152 0.4999956916624138 0
vn 0 0 1
vn 0 0 -1
vn 0.5000047549191308 -0.8660226585131939 0
vn -0.49999569166241215 0.866027891190016 0
vn 0 0 1
vn 0 0 -1
vn 0 -1 0
vn 0 1 0
vn 0 0 1
vn 0 0 -1
vn -0.5000047549191294 -0.8660226585131947 0
vn 0.49999569166241276 0.8660278911900157 0
vn 0 0 1
vn 0 0 -1
vn -0.866022658513191 -0.5000047549191357 0
vn 0.8660278911900194 0.4999956916624065 0
vn 0 0 1
vn 0 0 -1
vn -1 -1.0199099946030713e-15 0
vn 1 8.410780489584503e-15 0
vn 0 0 1
vn 0 0 -1
vn -0.866022658513189 0.5000047549191395 0
vn 0.8660278911900124 -0.4999956916624182 0
vn 0 0 1
vn 0 0 -1
vn -0.5000047549191312 0.8660226585131937 0
vn 0.499995691662414 -0.866027891190015 0
vn 0 0 1
vn 0 0 -1
vn 0 1 0
vn 2.2428747972225246e-14 -1 0
vn 0 0 1
vn 0 0 -1
vn 0.5000047549191212 0.8660226585131996 0
vn -0.4999956916624293 -0.8660278911900062 0
vn 0 0 1
vn 0 0 -1
vn 0.866022658513201 0.5000047549191184 0
vn -0.8660278911900107 -0.49999569166242136 0
vn 0 0 1
vn 0 0 -1
vn 1 -5.099549973015356e-16 0
vn -1 6.308085367188377e-15 0
vn 0 0 1
vn 0 0 -1
vn 0.8660226585131919 -0.5000047549191343 0
vn -0.8660278911900221 0.4999956916624017 0
vn 0 0 1
vn 0 0 -1
vn 0.5000047549191416 -0.8660226585131876 0
vn -0.499995691662406 0.8660278911900194 0
vn 0 0 1
vn 0 0 -1
vn 0 -1 0
vn 0 1 0
vn 0 0 1
vn 0 0 -1
vn -0.5000047549191257 -0.8660226585131968 0
vn 0.4999956916624091 0.8660278911900177 0
vn 0 0 1
vn 0 0 -1
vn -0.8660226585131966 -0.5000047549191261 0
vn 0.8660278911900157 0.49999569166241303 0
vn 0 0 1
vn 0 0 -1
vn -1 5.099549973015356e-16 0
vn 1 -8.761229676650523e-15 0
vn 0 0 1
vn 0 0 -1
vn -0.8660226585131913 0.5000047549191352 0
vn 0.866027891190019 -0.49999569166240726 0
vn 0 0 1
vn 0 0 -1
vn -0.5000047549191365 0.8660226585131907 0
vn 0.49999569166241303 -0.8660278911900154 0
vn 0 0 1
vn 0 0 -1
vn 0 1 0
vn 0 -1 0
vn 0 0 1
vn 0 0 -1
vn 0 0 -1
vn 0 0 -1
vn 0 0 -1
vn 0 0 -1
vn 0 0 -1
vn 0 0 -1
vn 0 0 -1
vn 0 0 -1
vn 0 0 -1
vn 0 0 -1
vn 0 0 -1
vn 0 0 -1
vn 1 0 0
vn -1 1.7763568394002505e-15 0
vn 0 1 0
vn 0 -1 0
vn 0 0 1
vn 0 0 -1
vn 0.707106781186536 0.7071067811865591 0
vn -0.7071067811865498 -0.7071067811865454 0
vn -0.7071067811865407 0.7071067811865543 0
vn 0.7071067811865505 -0.7071067811865446 0
vn 0 0 1
vn 0 0 -1
vn 0 0 1
vn 0 0 1
vn 0 0 1
vn 0 0 1
vn 0 0 1
vn 0 0 1
vn 0 0 1
vn 0 0 1
vn 0 0 1
vn 0 0 1
vn 0 0 1
vn 0 0 1
vn 0.5000024352623959 -0.8660239977804738 0
vn -0.5000121476207245 0.866018390238747 0
vn 0 0 -1
vn 0 0 1
vn 0.866023997780471 -0.5000024352624004 0
vn -0.8660183902387136 0.5000121476207824 0
vn 0 0 -1
vn 0 0 1
vn 1 1.657358499160531e-14 0
vn -1 0 0
vn 0 0 -1
vn 0 0 1
vn 0.8660239977804782 0.500002435262388 0
vn -0.8660183902387136 -0.5000121476207824 0
vn 0 0 -1
vn 0 0 1
vn 0.5000024352623965 0.8660239977804733 0
vn -0.5000121476207259 -0.8660183902387463 0
vn 0 0 -1
vn 0 0 1
vn 0 1 0
vn 0 -1 0
vn 0 0 -1
vn 0 0 1
vn -0.5000024352623959 0.8660239977804738 0
vn 0.5000121476206951 -0.8660183902387643 0
vn 0 0 -1
vn 0 0 1
vn -0.8660239977804625 0.5000024352624153 0
vn 0.8660183902387739 -0.5000121476206779 0
vn 0 0 -1
vn 0 0 1
vn -1 0 0
vn 1 0 0
vn 0 0 -1
vn 0 0 1
vn -0.8660239977804625 -0.5000024352624153 0
vn 0.8660183902387739 0.5000121476206779 0
vn 0 0 -1
vn 0 0 1
vn -0.5000024352623959 -0.8660239977804738 0
vn 0.5000121476206951 0.8660183902387643 0
vn 0 0 -1
vn 0 0 1
vn 0 -1 0
vn 0 1 0
vn 0 0 -1
vn 0 0 1
vn 0.7071067811865511 -0.707106781186544 0
vn -0.7071067811865493 0.7071067811865458 0
vn 0.7071067811865511 0.707106781186544 0
vn -0.7071067811865499 -0.7071067811865451 0
vn 0 0 1
vn 0 0 -1
usemtl m_3d215661-f591-00a8-53e2-d8d611c756be
f 5/1/1 3/2/1 2/3/1 4/4/1
f 8/5/2 6/6/2 7/7/2 9/8/2
f 2/9/3 3/10/3 7/11/3 6/12/3
f 5/13/4 4/14/4 8/15/4 9/16/4
f 4/17/5 2/18/5 6/19/5 8/20/5
f 9/21/6 7/22/6 3/23/6 5/24/6
f 13/25/7 11/26/7 10/27/7 12/28/7
f 16/29/8 14/30/8 15/31/8 17/32/8
f 10/33/9 11/34/9 15/35/9 14/36/9
f 13/37/10 12/38/10 16/39/10 17/40/10
f 12/41/11 10/42/11 14/43/11 16/44/11
f 17/45/12 15/46/12 11/47/12 13/48/12
f 21/49/13 19/50/13 18/51/13 20/52/13
f 24/53/14 22/54/14 23/55/14 25/56/14
f 18/57/15 19/58/15 23/59/15 22/60/15
f 21/61/16 20/62/16 24/63/16 25/64/16
f 20/65/17 18/66/17 22/67/17 24/68/17
f 25/69/18 23/70/18 19/71/18 21/72/18
f 29/73/19 27/74/19 26/75/19 28/76/19
f 32/77/20 30/78/20 31/79/20 33/80/20
f 26/81/21 27/82/21 31/83/21 30/84/21
f 29/85/22 28/86/22 32/87/22 33/88/22
f 28/89/23 26/90/23 30/91/23 32/92/23
f 33/93/24 31/94/24 27/95/24 29/96/24
f 37/97/25 35/98/25 34/99/25 36/100/25
f 40/101/26 38/102/26 39/103/26 41/104/26
f 34/105/27 35/106/27 39/107/27 38/108/27
f 37/109/28 36/110/28 40/111/28 41/112/28
f 36/113/29 34/114/29 38/115/29 40/116/29
f 41/117/30 39/118/30 35/119/30 37/120/30
f 45/121/31 43/122/31 42/123/31 44/124/31
f 48/125/32 46/126/32 47/127/32 49/128/32
f 42/129/33 43/130/33 47/131/33 46/132/33
f 45/133/34 44/134/34 48/135/34 49/136/34
f 44/137/35 42/138/35 46/139/35 48/140/35
f 49/141/36 47/142/36 43/143/36 45/144/36
f 53/145/37 51/146/37 50/147/37 52/148/37
f 56/149/38 54/150/38 55/151/38 57/152/38
f 50/153/39 51/154/39 55/155/39 54/156/39
f 53/157/40 52/158/40 56/159/40 57/160/40
f 52/161/41 50/162/41 54/163/41 56/164/41
f 57/165/42 55/166/42 51/167/42 53/168/42
f 61/169/43 59/170/43 58/171/43 60/172/43
f 64/173/44 62/174/44 63/175/44 65/176/44
f 58/177/45 59/178/45 63/179/45 62/180/45
f 61/181/46 60/182/46 64/183/46 65/184/46
f 60/185/47 58/186/47 62/187/47 64/188/47
f 65/189/48 63/190/48 59/191/48 61/192/48
f 69/193/49 67/194/49 66/195/49 68/196/49
f 72/197/50 70/198/50 71/199/50 73/200/50
f 66/201/51 67/202/51 71/203/51 70/204/51
f 69/205/52 68/206/52 72/207/52 73/208/52
f 68/209/53 66/210/53 70/211/53 72/212/53
f 73/213/54 71/214/54 67/215/54 69/216/54
f 1/217/55 75/218/55 74/219/55 76/220/55
f 79/221/56 77/222/56 78/223/56 80/224/56
f 74/225/57 75/226/57 78/227/57 77/228/57
f 1/229/58 76/230/58 79/231/58 80/232/58
f 76/233/59 74/234/59 77/235/59 79/236/59
f 80/237/60 78/238/60 75/239/60 1/240/60
f 84/241/61 82/242/61 81/243/61 83/244/61
f 87/245/62 85/246/62 86/247/62 88/248/62
f 81/249/63 82/250/63 86/251/63 85/252/63
f 84/253/64 83/254/64 87/255/64 88/256/64
f 83/257/65 81/258/65 85/259/65 87/260/65
f 88/261/66 86/262/66 82/263/66 84/264/66
f 92/265/67 90/266/67 89/267/67 91/268/67
f 95/269/68 93/270/68 94/271/68 96/272/68
f 89/273/69 90/274/69 94/275/69 93/276/69
f 92/277/70 91/278/70 95/279/70 96/280/70
f 91/281/71 89/282/71 93/283/71 95/284/71
f 96/285/72 94/286/72 90/287/72 92/288/72
f 100/289/73 98/290/73 97/291/73 99/292/73
f 103/293/74 101/294/74 102/295/74 104/296/74
f 97/297/75 98/298/75 102/299/75 101/300/75
f 100/301/76 99/302/76 103/303/76 104/304/76
f 99/305/77 97/306/77 101/307/77 103/308/77
f 104/309/78 102/310/78 98/311/78 100/312/78
f 108/313/79 106/314/79 105/315/79 107/316/79
f 111/317/80 109/318/80 110/319/80 112/320/80
f 105/321/81 106/322/81 110/323/81 109/324/81
f 108/325/82 107/326/82 111/327/82 112/328/82
f 107/329/83 105/330/83 109/331/83 111/332/83
f 112/333/84 110/334/84 106/335/84 108/336/84
f 116/337/85 114/338/85 113/339/85 115/340/85
f 119/341/86 117/342/86 118/343/86 120/344/86
f 113/345/87 114/346/87 118/347/87 117/348/87
f 116/349/88 115/350/88 119/351/88 120/352/88
f 115/353/89 113/354/89 117/355/89 119/356/89
f 120/357/90 118/358/90 114/359/90 116/360/90
f 124/361/91 122/362/91 121/363/91 123/364/91
f 127/365/92 125/366/92 126/367/92 128/368/92
f 121/369/93 122/370/93 126/371/93 125/372/93
f 124/373/94 123/374/94 127/375/94 128/376/94
f 123/377/95 121/378/95 125/379/95 127/380/95
f 128/381/96 126/382/96 122/383/96 124/384/96
f 132/385/97 130/386/97 129/387/97 131/388/97
f 135/389/98 133/390/98 134/391/98 136/392/98
f 129/393/99 130/394/99 134/395/99 133/396/99
f 132/397/100 131/398/100 135/399/100 136/400/100
f 131/401/101 129/402/101 133/403/101 135/404/101
f 136/405/102 134/406/102 130/407/102 132/408/102
f 140/409/103 138/410/103 137/411/103 139/412/103
f 143/413/104 141/414/104 142/415/104 144/416/104
f 137/417/105 138/418/105 142/419/105 141/420/105
f 140/421/106 139/422/106 143/423/106 144/424/106
f 139/425/107 137/426/107 141/427/107 143/428/107
f 144/429/108 142/430/108 138/431/108 140/432/108
f 148/433/109 146/434/109 145/435/109 147/436/109
f 151/437/110 149/438/110 150/439/110 152/440/110
f 145/441/111 146/442/111 150/443/111 149/444/111
f 148/445/112 147/446/112 151/447/112 152/448/112
f 147/449/113 145/450/113 149/451/113 151/452/113
f 152/453/114 150/454/114 146/455/114 148/456/114
f 156/457/115 154/458/115 153/459/115 155/460/115
f 159/461/116 157/462/116 158/463/116 160/464/116
f 153/465/117 154/466/117 158/467/117 157/468/117
f 156/469/118 155/470/118 159/471/118 160/472/118
f 155/473/119 153/474/119 157/475/119 159/476/119
f 160/477/120 158/478/120 154/479/120 156/480/120
f 164/481/121 162/482/121 161/483/121 163/484/121
f 167/485/122 165/486/122 166/487/122 168/488/122
f 161/489/123 162/490/123 166/491/123 165/492/123
f 164/493/124 163/494/124 167/495/124 168/496/124
f 163/497/125 161/498/125 165/499/125 167/500/125
f 168/501/126 166/502/126 162/503/126 164/504/126
f 172/505/127 170/506/127 169/507/127 171/508/127
f 175/509/128 173/510/128 174/511/128 176/512/128
f 169/513/129 170/514/129 174/515/129 173/516/129
f 172/517/130 171/518/130 175/519/130 176/520/130
f 171/521/131 169/522/131 173/523/131 175/524/131
f 176/525/132 174/526/132 170/527/132 172/528/132
f 180/529/133 178/530/133 177/531/133 179/532/133
f 183/533/134 181/534/134 182/535/134 184/536/134
f 177/537/135 178/538/135 182/539/135 181/540/135
f 180/541/136 179/542/136 183/543/136 184/544/136
f 179/545/137 177/546/137 181/547/137 183/548/137
f 184/549/138 182/550/138 178/551/138 180/552/138
f 188/553/139 186/554/139 185/555/139 187/556/139
f 191/557/140 189/558/140 190/559/140 192/560/140
f 185/561/141 186/562/141 190/563/141 189/564/141
f 188/565/142 187/566/142 191/567/142 192/568/142
f 187/569/143 185/570/143 189/571/143 191/572/143
f 192/573/144 190/574/144 186/575/144 188/576/144
f 196/577/145 194/578/145 193/579/145 195/580/145
f 199/581/146 197/582/146 198/583/146 200/584/146
f 193/585/147 194/586/147 198/587/147 197/588/147
f 196/589/148 195/590/148 199/591/148 200/592/148
f 195/593/149 193/594/149 197/595/149 199/596/149
f 200/597/150 198/598/150 194/599/150 196/600/150
f 204/601/151 202/602/151 201/603/151 203/604/151
f 207/605/152 205/606/152 206/607/152 208/608/152
f 201/609/153 202/610/153 206/611/153 205/612/153
f 204/613/154 203/614/154 207/615/154 208/616/154
f 203/617/155 201/618/155 205/619/155 207/620/155
f 208/621/156 206/622/156 202/623/156 204/624/156
f 212/625/157 210/626/157 209/627/157 211/628/157
f 215/629/158 213/630/158 214/631/158 216/632/158
f 209/633/159 210/634/159 214/635/159 213/636/159
f 212/637/160 211/638/160 215/639/160 216/640/160
f 211/641/161 209/642/161 213/643/161 215/644/161
f 216/645/162 214/646/162 210/647/162 212/648/162
f 220/649/163 218/650/163 217/651/163 219/652/163
f 223/653/164 221/654/164 222/655/164 224/656/164
f 217/657/165 218/658/165 222/659/165 221/660/165
f 220/661/166 219/662/166 223/663/166 224/664/166
f 219/665/167 217/666/167 221/667/167 223/668/167
f 224/669/168 222/670/168 218/671/168 220/672/168
f 228/673/169 226/674/169 225/675/169 227/676/169
f 231/677/170 229/678/170 230/679/170 232/680/170
f 225/681/171 226/682/171 230/683/171 229/684/171
f 228/685/172 227/686/172 231/687/172 232/688/172
f 227/689/173 225/690/173 229/691/173 231/692/173
f 232/693/174 230/694/174 226/695/174 228/696/174
f 236/697/175 234/698/175 233/699/175 235/700/175
f 239/701/176 237/702/176 238/703/176 240/704/176
f 233/705/177 234/706/177 238/707/177 237/708/177
f 236/709/178 235/710/178 239/711/178 240/712/178
f 235/713/179 233/714/179 237/715/179 239/716/179
f 240/717/180 238/718/180 234/719/180 236/720/180
f 244/721/181 242/722/181 241/723/181 243/724/181
f 247/725/182 245/726/182 246/727/182 248/728/182
f 241/729/183 242/730/183 246/731/183 245/732/183
f 244/733/184 243/734/184 247/735/184 248/736/184
f 243/737/185 241/738/185 245/739/185 247/740/185
f 248/741/186 246/742/186 242/743/186 244/744/186
usemtl m_de520ccc-0234-6a6c-1047-8b7438fb9ffd
f 252/745/187 250/746/187 249/747/187 251/748/187
f 255/749/188 253/750/188 254/751/188 256/752/188
f 249/753/189 250/754/189 254/755/189 253/756/189
f 252/757/190 251/758/190 255/759/190 256/760/190
f 251/761/191 249/762/191 253/763/191 255/764/191
f 256/765/192 254/766/192 250/767/192 252/768/192
f 260/769/193 258/770/193 257/771/193 259/772/193
f 263/773/194 261/774/194 262/775/194 264/776/194
f 257/777/195 258/778/195 262/779/195 261/780/195
f 260/781/196 259/782/196 263/783/196 264/784/196
f 259/785/197 257/786/197 261/787/197 263/788/197
f 264/789/198 262/790/198 258/791/198 260/792/198
f 268/793/199 266/794/199 265/795/199 267/796/199
f 271/797/200 269/798/200 270/799/200 272/800/200
f 265/801/201 266/802/201 270/803/201 269/804/201
f 268/805/202 267/806/202 271/807/202 272/808/202
f 267/809/203 265/810/203 269/811/203 271/812/203
f 272/813/204 270/814/204 266/815/204 268/816/204
f 276/817/205 274/818/205 273/819/205 275/820/205
f 279/821/206 277/822/206 278/823/206 280/824/206
f 273/825/207 274/826/207 278/827/207 277/828/207
f 276/829/208 275/830/208 279/831/208 280/832/208
f 275/833/209 273/834/209 277/835/209 279/836/209
f 280/837/210 278/838/210 274/839/210 276/840/210
f 284/841/211 282/842/211 281/843/211 283/844/211
f 287/845/212 285/846/212 286/847/212 288/848/212
f 281/849/213 282/850/213 286/851/213 285/852/213
f 284/853/214 283/854/214 287/855/214 288/856/214
f 283/857/215 281/858/215 285/859/215 287/860/215
f 288/861/216 286/862/216 282/863/216 284/864/216
f 292/865/217 290/866/217 289/867/217 291/868/217
f 295/869/218 293/870/218 294/871/218 296/872/218
f 289/873/219 290/874/219 294/875/219 293/876/219
f 292/877/220 291/878/220 295/879/220 296/880/220
f 291/881/221 289/882/221 293/883/221 295/884/221
f 296/885/222 294/886/222 290/887/222 292/888/222
f 300/889/223 298/890/223 297/891/223 299/892/223
f 303/893/224 301/894/224 302/895/224 304/896/224
f 297/897/225 298/898/225 302/899/225 301/900/225
f 300/901/226 299/902/226 303/903/226 304/904/226
f 299/905/227 297/906/227 301/907/227 303/908/227
f 304/909/228 302/910/228 298/911/228 300/912/228
usemtl m_3d215661-f591-00a8-53e2-d8d611c756be
f 308/913/229 306/914/229 305/915/229 307/916/229
f 311/917/230 309/918/230 310/919/230 312/920/230
f 305/921/231 306/922/231 310/923/231 309/924/231
f 308/925/232 307/926/232 311/927/232 312/928/232
f 307/929/233 305/930/233 309/931/233 311/932/233
f 312/933/234 310/934/234 306/935/234 308/936/234
f 316/937/235 314/938/235 313/939/235 315/940/235
f 319/941/236 317/942/236 318/943/236 320/944/236
f 313/945/237 314/946/237 318/947/237 317/948/237
f 316/949/238 315/950/238 319/951/238 320/952/238
f 315/953/239 313/954/239 317/955/239 319/956/239
f 320/957/240 318/958/240 314/959/240 316/960/240
f 324/961/241 322/962/241 321/963/241 323/964/241
f 327/965/242 325/966/242 326/967/242 328/968/242
f 321/969/243 322/970/243 326/971/243 325/972/243
f 324/973/244 323/974/244 327/975/244 328/976/244
f 323/977/245 321/978/245 325/979/245 327/980/245
f 328/981/246 326/982/246 322/983/246 324/984/246
f 332/985/247 330/986/247 329/987/247 331/988/247
f 335/989/248 333/990/248 334/991/248 336/992/248
f 329/993/249 330/994/249 334/995/249 333/996/249
f 332/997/250 331/998/250 335/999/250 336/1000/250
f 331/1001/251 329/1002/251 333/1003/251 335/1004/251
f 336/1005/252 334/1006/252 330/1007/252 332/1008/252
f 340/1009/253 338/1010/253 337/1011/253 339/1012/253
f 343/1013/254 341/1014/254 342/1015/254 344/1016/254
f 337/1017/255 338/1018/255 342/1019/255 341/1020/255
f 340/1021/256 339/1022/256 343/1023/256 344/1024/256
f 339/1025/257 337/1026/257 341/1027/257 343/1028/257
f 344/1029/258 342/1030/258 338/1031/258 340/1032/258
f 348/1033/259 346/1034/259 345/1035/259 347/1036/259
f 351/1037/260 349/1038/260 350/1039/260 352/1040/260
f 345/1041/261 346/1042/261 350/1043/261 349/1044/261
f 348/1045/262 347/1046/262 351/1047/262 352/1048/262
f 347/1049/263 345/1050/263 349/1051/263 351/1052/263
f 352/1053/264 350/1054/264 346/1055/264 348/1056/264
f 356/1057/265 354/1058/265 353/1059/265 355/1060/265
f 359/1061/266 357/1062/266 358/1063/266 360/1064/266
f 353/1065/267 354/1066/267 358/1067/267 357/1068/267
f 356/1069/268 355/1070/268 359/1071/268 360/1072/268
f 355/1073/269 353/1074/269 357/1075/269 359/1076/269
f 360/1077/270 358/1078/270 354/1079/270 356/1080/270
f 364/1081/271 362/1082/271 361/1083/271 363/1084/271
f 367/1085/272 365/1086/272 366/1087/272 368/1088/272
f 361/1089/273 362/1090/273 366/1091/273 365/1092/273
f 364/1093/274 363/1094/274 367/1095/274 368/1096/274
f 363/1097/275 361/1098/275 365/1099/275 367/1100/275
f 368/1101/276 366/1102/276 362/1103/276 364/1104/276
f 372/1105/277 370/1106/277 369/1107/277 371/1108/277
f 375/1109/278 373/1110/278 374/1111/278 376/1112/278
f 369/1113/279 370/1114/279 374/1115/279 373/1116/279
f 372/1117/280 371/1118/280 375/1119/280 376/1120/280
f 371/1121/281 369/1122/281 373/1123/281 375/1124/281
f 376/1125/282 374/1126/282 370/1127/282 372/1128/282
f 380/1129/283 378/1130/283 377/1131/283 379/1132/283
f 383/1133/284 381/1134/284 382/1135/284 384/1136/284
f 377/1137/285 378/1138/285 382/1139/285 381/1140/285
f 380/1141/286 379/1142/286 383/1143/286 384/1144/286
f 379/1145/287 377/1146/287 381/1147/287 383/1148/287
f 384/1149/288 382/1150/288 378/1151/288 380/1152/288
f 388/1153/289 386/1154/289 385/1155/289 387/1156/289
f 391/1157/290 389/1158/290 390/1159/290 392/1160/290
f 385/1161/291 386/1162/291 390/1163/291 389/1164/291
f 388/1165/292 387/1166/292 391/1167/292 392/1168/292
f 387/1169/293 385/1170/293 389/1171/293 391/1172/293
f 392/1173/294 390/1174/294 386/1175/294 388/1176/294
f 396/1177/295 394/1178/295 393/1179/295 395/1180/295
f 399/1181/296 397/1182/296 398/1183/296 400/1184/296
f 393/1185/297 394/1186/297 398/1187/297 397/1188/297
f 396/1189/298 395/1190/298 399/1191/298 400/1192/298
f 395/1193/299 393/1194/299 397/1195/299 399/1196/299
f 400/1197/300 398/1198/300 394/1199/300 396/1200/300
f 404/1201/301 402/1202/301 401/1203/301 403/1204/301
f 407/1205/302 405/1206/302 406/1207/302 408/1208/302
f 401/1209/303 402/1210/303 406/1211/303 405/1212/303
f 404/1213/304 403/1214/304 407/1215/304 408/1216/304
f 403/1217/305 401/1218/305 405/1219/305 407/1220/305
f 408/1221/306 406/1222/306 402/1223/306 404/1224/306
f 412/1225/307 410/1226/307 409/1227/307 411/1228/307
f 415/1229/308 413/1230/308 414/1231/308 416/1232/308
f 409/1233/309 410/1234/309 414/1235/309 413/1236/309
f 412/1237/310 411/1238/310 415/1239/310 416/1240/310
f 411/1241/311 409/1242/311 413/1243/311 415/1244/311
f 416/1245/312 414/1246/312 410/1247/312 412/1248/312
f 420/1249/313 418/1250/313 417/1251/313 419/1252/313
f 423/1253/314 421/1254/314 422/1255/314 424/1256/314
f 417/1257/315 418/1258/315 422/1259/315 421/1260/315
f 420/1261/316 419/1262/316 423/1263/316 424/1264/316
f 419/1265/317 417/1266/317 421/1267/317 423/1268/317
f 424/1269/318 422/1270/318 418/1271/318 420/1272/318
usemtl m_de520ccc-0234-6a6c-1047-8b7438fb9ffd
f 428/1273/319 426/1274/319 425/1275/319 427/1276/319
f 431/1277/320 429/1278/320 430/1279/320 432/1280/320
f 425/1281/321 426/1282/321 430/1283/321 429/1284/321
f 428/1285/322 427/1286/322 431/1287/322 432/1288/322
f 427/1289/323 425/1290/323 429/1291/323 431/1292/323
f 432/1293/324 430/1294/324 426/1295/324 428/1296/324
f 436/1297/325 434/1298/325 433/1299/325 435/1300/325
f 439/1301/326 437/1302/326 438/1303/326 440/1304/326
f 433/1305/327 434/1306/327 438/1307/327 437/1308/327
f 436/1309/328 435/1310/328 439/1311/328 440/1312/328
f 435/1313/329 433/1314/329 437/1315/329 439/1316/329
f 440/1317/330 438/1318/330 434/1319/330 436/1320/330
usemtl m_3d215661-f591-00a8-53e2-d8d611c756be
f 444/1321/331 442/1322/331 441/1323/331 443/1324/331
f 447/1325/332 445/1326/332 446/1327/332 448/1328/332
f 441/1329/333 442/1330/333 446/1331/333 445/1332/333
f 444/1333/334 443/1334/334 447/1335/334 448/1336/334
f 443/1337/335 441/1338/335 445/1339/335 447/1340/335
f 448/1341/336 446/1342/336 442/1343/336 444/1344/336
f 452/1345/337 450/1346/337 449/1347/337 451/1348/337
f 455/1349/338 453/1350/338 454/1351/338 456/1352/338
f 449/1353/339 450/1354/339 454/1355/339 453/1356/339
f 452/1357/340 451/1358/340 455/1359/340 456/1360/340
f 451/1361/341 449/1362/341 453/1363/341 455/1364/341
f 456/1365/342 454/1366/342 450/1367/342 452/1368/342
f 460/1369/343 458/1370/343 457/1371/343 459/1372/343
f 463/1373/344 461/1374/344 462/1375/344 464/1376/344
f 457/1377/345 458/1378/345 462/1379/345 461/1380/345
f 460/1381/346 459/1382/346 463/1383/346 464/1384/346
f 459/1385/347 457/1386/347 461/1387/347 463/1388/347
f 464/1389/348 462/1390/348 458/1391/348 460/1392/348
f 466/1393/349 465/1394/349 467/1395/349 468/1396/349
f 471/1397/350 469/1398/350 470/1399/350 472/1400/350
f 469/1401/351 465/1402/351 466/1403/351 470/1404/351
f 468/1405/352 467/1406/352 471/1407/352 472/1408/352
f 467/1409/353 465/1410/353 469/1411/353 471/1412/353
f 470/1413/354 466/1414/354 468/1415/354 472/1416/354
f 474/1417/355 473/1418/355 475/1419/355 476/1420/355
f 479/1421/356 477/1422/356 478/1423/356 480/1424/356
f 477/1425/357 473/1426/357 474/1427/357 478/1428/357
f 476/1429/358 475/1430/358 479/1431/358 480/1432/358
f 475/1433/359 473/1434/359 477/1435/359 479/1436/359
f 478/1437/360 474/1438/360 476/1439/360 480/1440/360
usemtl m_ac3999ef-95b5-0d58-6ef6-8589e28d3a01
f 483/1441/361 484/1442/361 481/1443/361
f 484/1444/362 485/1445/362 481/1446/362
f 485/1447/363 486/1448/363 481/1449/363
f 486/1450/364 487/1451/364 481/1452/364
f 487/1453/365 488/1454/365 481/1455/365
f 488/1456/366 489/1457/366 481/1458/366
f 489/1459/367 490/1460/367 481/1461/367
f 490/1462/368 491/1463/368 481/1464/368
f 491/1465/369 492/1466/369 481/1467/369
f 492/1468/370 493/1469/370 481/1470/370
f 493/1471/371 482/1472/371 481/1473/371
f 482/1474/372 483/1475/372 481/1476/372
usemtl m_3d215661-f591-00a8-53e2-d8d611c756be
f 494/1477/373 498/1478/373 499/1479/373 495/1480/373
f 497/1481/374 501/1482/374 500/1483/374 496/1484/374
f 496/1485/375 500/1486/375 498/1487/375 494/1488/375
f 495/1489/376 499/1490/376 501/1491/376 497/1492/376
f 498/1493/377 502/1494/377 503/1495/377 499/1496/377
f 501/1497/378 505/1498/378 504/1499/378 500/1500/378
f 500/1501/379 504/1502/379 502/1503/379 498/1504/379
f 499/1505/380 503/1506/380 505/1507/380 501/1508/380
f 502/1509/381 506/1510/381 507/1511/381 503/1512/381
f 505/1513/382 509/1514/382 508/1515/382 504/1516/382
f 504/1517/383 508/1518/383 506/1519/383 502/1520/383
f 503/1521/384 507/1522/384 509/1523/384 505/1524/384
f 506/1525/385 510/1526/385 511/1527/385 507/1528/385
f 509/1529/386 513/1530/386 512/1531/386 508/1532/386
f 508/1533/387 512/1534/387 510/1535/387 506/1536/387
f 507/1537/388 511/1538/388 513/1539/388 509/1540/388
f 510/1541/389 514/1542/389 515/1543/389 511/1544/389
f 513/1545/390 517/1546/390 516/1547/390 512/1548/390
f 512/1549/391 516/1550/391 514/1551/391 510/1552/391
f 511/1553/392 515/1554/392 517/1555/392 513/1556/392
f 514/1557/393 518/1558/393 519/1559/393 515/1560/393
f 517/1561/394 521/1562/394 520/1563/394 516/1564/394
f 516/1565/395 520/1566/395 518/1567/395 514/1568/395
f 515/1569/396 519/1570/396 521/1571/396 517/1572/396
f 518/1573/397 522/1574/397 523/1575/397 519/1576/397
f 521/1577/398 525/1578/398 524/1579/398 520/1580/398
f 520/1581/399 524/1582/399 522/1583/399 518/1584/399
f 519/1585/400 523/1586/400 525/1587/400 521/1588/400
f 522/1589/401 526/1590/401 527/1591/401 523/1592/401
f 525/1593/402 529/1594/402 528/1595/402 524/1596/402
f 524/1597/403 528/1598/403 526/1599/403 522/1600/403
f 523/1601/404 527/1602/404 529/1603/404 525/1604/404
f 526/1605/405 530/1606/405 531/1607/405 527/1608/405
f 529/1609/406 533/1610/406 532/1611/406 528/1612/406
f 528/1613/407 532/1614/407 530/1615/407 526/1616/407
f 527/1617/408 531/1618/408 533/1619/408 529/1620/408
f 530/1621/409 534/1622/409 535/1623/409 531/1624/409
f 533/1625/410 537/1626/410 536/1627/410 532/1628/410
f 532/1629/411 536/1630/411 534/1631/411 530/1632/411
f 531/1633/412 535/1634/412 537/1635/412 533/1636/412
f 534/1637/413 538/1638/413 539/1639/413 535/1640/413
f 537/1641/414 541/1642/414 540/1643/414 536/1644/414
f 536/1645/415 540/1646/415 538/1647/415 534/1648/415
f 535/1649/416 539/1650/416 541/1651/416 537/1652/416
f 538/1653/417 494/1654/417 495/1655/417 539/1656/417
f 541/1657/418 497/1658/418 496/1659/418 540/1660/418
f 540/1661/419 496/1662/419 494/1663/419 538/1664/419
f 539/1665/420 495/1666/420 497/1667/420 541/1668/420
f 542/1669/421 546/1670/421 547/1671/421 543/1672/421
f 545/1673/422 549/1674/422 548/1675/422 544/1676/422
f 544/1677/423 548/1678/423 546/1679/423 542/1680/423
f 543/1681/424 547/1682/424 549/1683/424 545/1684/424
f 546/1685/425 550/1686/425 551/1687/425 547/1688/425
f 549/1689/426 553/1690/426 552/1691/426 548/1692/426
f 548/1693/427 552/1694/427 550/1695/427 546/1696/427
f 547/1697/428 551/1698/428 553/1699/428 549/1700/428
f 550/1701/429 554/1702/429 555/1703/429 551/1704/429
f 553/1705/430 557/1706/430 556/1707/430 552/1708/430
f 552/1709/431 556/1710/431 554/1711/431 550/1712/431
f 551/1713/432 555/1714/432 557/1715/432 553/1716/432
f 554/1717/433 558/1718/433 559/1719/433 555/1720/433
f 557/1721/434 561/1722/434 560/1723/434 556/1724/434
f 556/1725/435 560/1726/435 558/1727/435 554/1728/435
f 555/1729/436 559/1730/436 561/1731/436 557/1732/436
f 558/1733/437 562/1734/437 563/1735/437 559/1736/437
f 561/1737/438 565/1738/438 564/1739/438 560/1740/438
f 560/1741/439 564/1742/439 562/1743/439 558/1744/439
f 559/1745/440 563/1746/440 565/1747/440 561/1748/440
f 562/1749/441 566/1750/441 567/1751/441 563/1752/441
f 565/1753/442 569/1754/442 568/1755/442 564/1756/442
f 564/1757/443 568/1758/443 566/1759/443 562/1760/443
f 563/1761/444 567/1762/444 569/1763/444 565/1764/444
f 566/1765/445 570/1766/445 571/1767/445 567/1768/445
f 569/1769/446 573/1770/446 572/1771/446 568/1772/446
f 568/1773/447 572/1774/447 570/1775/447 566/1776/447
f 567/1777/448 571/1778/448 573/1779/448 569/1780/448
f 570/1781/449 574/1782/449 575/1783/449 571/1784/449
f 573/1785/450 577/1786/450 576/1787/450 572/1788/450
f 572/1789/451 576/1790/451 574/1791/451 570/1792/451
f 571/1793/452 575/1794/452 577/1795/452 573/1796/452
f 574/1797/453 578/1798/453 579/1799/453 575/1800/453
f 577/1801/454 581/1802/454 580/1803/454 576/1804/454
f 576/1805/455 580/1806/455 578/1807/455 574/1808/455
f 575/1809/456 579/1810/456 581/1811/456 577/1812/456
f 578/1813/457 582/1814/457 583/1815/457 579/1816/457
f 581/1817/458 585/1818/458 584/1819/458 580/1820/458
f 580/1821/459 584/1822/459 582/1823/459 578/1824/459
f 579/1825/460 583/1826/460 585/1827/460 581/1828/460
f 582/1829/461 586/1830/461 587/1831/461 583/1832/461
f 585/1833/462 589/1834/462 588/1835/462 584/1836/462
f 584/1837/463 588/1838/463 586/1839/463 582/1840/463
f 583/1841/464 587/1842/464 589/1843/464 585/1844/464
f 586/1845/465 542/1846/465 543/1847/465 587/1848/465
f 589/1849/466 545/1850/466 544/1851/466 588/1852/466
f 588/1853/467 544/1854/467 542/1855/467 586/1856/467
f 587/1857/468 543/1858/468 545/1859/468 589/1860/468
usemtl m_ac3999ef-95b5-0d58-6ef6-8589e28d3a01
f 592/1861/469 593/1862/469 590/1863/469
f 593/1864/470 594/1865/470 590/1866/470
f 594/1867/471 595/1868/471 590/1869/471
f 595/1870/472 596/1871/472 590/1872/472
f 596/1873/473 597/1874/473 590/1875/473
f 597/1876/474 598/1877/474 590/1878/474
f 598/1879/475 599/1880/475 590/1881/475
f 599/1882/476 600/1883/476 590/1884/476
f 600/1885/477 601/1886/477 590/1887/477
f 601/1888/478 602/1889/478 590/1890/478
f 602/1891/479 591/1892/479 590/1893/479
f 591/1894/480 592/1895/480 590/1896/480
usemtl m_3d215661-f591-00a8-53e2-d8d611c756be
f 606/1897/481 604/1898/481 603/1899/481 605/1900/481
f 609/1901/482 607/1902/482 608/1903/482 610/1904/482
f 603/1905/483 604/1906/483 608/1907/483 607/1908/483
f 606/1909/484 605/1910/484 609/1911/484 610/1912/484
f 605/1913/485 603/1914/485 607/1915/485 609/1916/485
f 610/1917/486 608/1918/486 604/1919/486 606/1920/486
f 614/1921/487 612/1922/487 611/1923/487 613/1924/487
f 617/1925/488 615/1926/488 616/1927/488 618/1928/488
f 611/1929/489 612/1930/489 616/1931/489 615/1932/489
f 614/1933/490 613/1934/490 617/1935/490 618/1936/490
f 613/1937/491 611/1938/491 615/1939/491 617/1940/491
f 618/1941/492 616/1942/492 612/1943/492 614/1944/492
f 622/1945/493 620/1946/493 619/1947/493 621/1948/493
f 625/1949/494 623/1950/494 624/1951/494 626/1952/494
f 619/1953/495 620/1954/495 624/1955/495 623/1956/495
f 622/1957/496 621/1958/496 625/1959/496 626/1960/496
f 621/1961/497 619/1962/497 623/1963/497 625/1964/497
f 626/1965/498 624/1966/498 620/1967/498 622/1968/498
f 628/1969/499 627/1970/499 629/1971/499 630/1972/499
f 633/1973/500 631/1974/500 632/1975/500 634/1976/500
f 631/1977/501 627/1978/501 628/1979/501 632/1980/501
f 630/1981/502 629/1982/502 633/1983/502 634/1984/502
f 629/1985/503 627/1986/503 631/1987/503 633/1988/503
f 632/1989/504 628/1990/504 630/1991/504 634/1992/504
f 636/1993/505 635/1994/505 637/1995/505 638/1996/505
f 641/1997/506 639/1998/506 640/1999/506 642/2000/506
f 639/2001/507 635/2002/507 636/2003/507 640/2004/507
f 638/2005/508 637/2006/508 641/2007/508 642/2008/508
f 637/2009/509 635/2010/509 639/2011/509 641/2012/509
f 640/2013/510 636/2014/510 638/2015/510 642/2016/510
usemtl m_ac3999ef-95b5-0d58-6ef6-8589e28d3a01
f 645/2017/511 646/2018/511 643/2019/511
f 646/2020/512 647/2021/512 643/2022/512
f 647/2023/513 648/2024/513 643/2025/513
f 648/2026/514 649/2027/514 643/2028/514
f 649/2029/515 650/2030/515 643/2031/515
f 650/2032/516 651/2033/516 643/2034/516
f 651/2035/517 652/2036/517 643/2037/517
f 652/2038/518 653/2039/518 643/2040/518
f 653/2041/519 654/2042/519 643/2043/519
f 654/2044/520 655/2045/520 643/2046/520
f 655/2047/521 644/2048/521 643/2049/521
f 644/2050/522 645/2051/522 643/2052/522
usemtl m_3d215661-f591-00a8-53e2-d8d611c756be
f 656/2053/523 660/2054/523 661/2055/523 657/2056/523
f 659/2057/524 663/2058/524 662/2059/524 658/2060/524
f 658/2061/525 662/2062/525 660/2063/525 656/2064/525
f 657/2065/526 661/2066/526 663/2067/526 659/2068/526
f 660/2069/527 664/2070/527 665/2071/527 661/2072/527
f 663/2073/528 667/2074/528 666/2075/528 662/2076/528
f 662/2077/529 666/2078/529 664/2079/529 660/2080/529
f 661/2081/530 665/2082/530 667/2083/530 663/2084/530
f 664/2085/531 668/2086/531 669/2087/531 665/2088/531
f 667/2089/532 671/2090/532 670/2091/532 666/2092/532
f 666/2093/533 670/2094/533 668/2095/533 664/2096/533
f 665/2097/534 669/2098/534 671/2099/534 667/2100/534
f 668/2101/535 672/2102/535 673/2103/535 669/2104/535
f 671/2105/536 675/2106/536 674/2107/536 670/2108/536
f 670/2109/537 674/2110/537 672/2111/537 668/2112/537
f 669/2113/538 673/2114/538 675/2115/538 671/2116/538
f 672/2117/539 676/2118/539 677/2119/539 673/2120/539
f 675/2121/540 679/2122/540 678/2123/540 674/2124/540
f 674/2125/541 678/2126/541 676/2127/541 672/2128/541
f 673/2129/542 677/2130/542 679/2131/542 675/2132/542
f 676/2133/543 680/2134/543 681/2135/543 677/2136/543
f 679/2137/544 683/2138/544 682/2139/544 678/2140/544
f 678/2141/545 682/2142/545 680/2143/545 676/2144/545
f 677/2145/546 681/2146/546 683/2147/546 679/2148/546
f 680/2149/547 684/2150/547 685/2151/547 681/2152/547
f 683/2153/548 687/2154/548 686/2155/548 682/2156/548
f 682/2157/549 686/2158/549 684/2159/549 680/2160/549
f 681/2161/550 685/2162/550 687/2163/550 683/2164/550
f 684/2165/551 688/2166/551 689/2167/551 685/2168/551
f 687/2169/552 691/2170/552 690/2171/552 686/2172/552
f 686/2173/553 690/2174/553 688/2175/553 684/2176/553
f 685/2177/554 689/2178/554 691/2179/554 687/2180/554
f 688/2181/555 692/2182/555 693/2183/555 689/2184/555
f 691/2185/556 695/2186/556 694/2187/556 690/2188/556
f 690/2189/557 694/2190/557 692/2191/557 688/2192/557
f 689/2193/558 693/2194/558 695/2195/558 691/2196/558
f 692/2197/559 696/2198/559 697/2199/559 693/2200/559
f 695/2201/560 699/2202/560 698/2203/560 694/2204/560
f 694/2205/561 698/2206/561 696/2207/561 692/2208/561
f 693/2209/562 697/2210/562 699/2211/562 695/2212/562
f 696/2213/563 700/2214/563 701/2215/563 697/2216/563
f 699/2217/564 703/2218/564 702/2219/564 698/2220/564
f 698/2221/565 702/2222/565 700/2223/565 696/2224/565
f 697/2225/566 701/2226/566 703/2227/566 699/2228/566
f 700/2229/567 656/2230/567 657/2231/567 701/2232/567
f 703/2233/568 659/2234/568 658/2235/568 702/2236/568
f 702/2237/569 658/2238/569 656/2239/569 700/2240/569
f 701/2241/570 657/2242/570 659/2243/570 703/2244/570
f 704/2245/571 708/2246/571 709/2247/571 705/2248/571
f 707/2249/572 711/2250/572 710/2251/572 706/2252/572
f 706/2253/573 710/2254/573 708/2255/573 704/2256/573
f 705/2257/574 709/2258/574 711/2259/574 707/2260/574
f 708/2261/575 712/2262/575 713/2263/575 709/2264/575
f 711/2265/576 715/2266/576 714/2267/576 710/2268/576
f 710/2269/577 714/2270/577 712/2271/577 708/2272/577
f 709/2273/578 713/2274/578 715/2275/578 711/2276/578
f 712/2277/579 716/2278/579 717/2279/579 713/2280/579
f 715/2281/580 719/2282/580 718/2283/580 714/2284/580
f 714/2285/581 718/2286/581 716/2287/581 712/2288/581
f 713/2289/582 717/2290/582 719/2291/582 715/2292/582
f 716/2293/583 720/2294/583 721/2295/583 717/2296/583
f 719/2297/584 723/2298/584 722/2299/584 718/2300/584
f 718/2301/585 722/2302/585 720/2303/585 716/2304/585
f 717/2305/586 721/2306/586 723/2307/586 719/2308/586
f 720/2309/587 724/2310/587 725/2311/587 721/2312/587
f 723/2313/588 727/2314/588 726/2315/588 722/2316/588
f 722/2317/589 726/2318/589 724/2319/589 720/2320/589
f 721/2321/590 725/2322/590 727/2323/590 723/2324/590
f 724/2325/591 728/2326/591 729/2327/591 725/2328/591
f 727/2329/592 731/2330/592 730/2331/592 726/2332/592
f 726/2333/593 730/2334/593 728/2335/593 724/2336/593
f 725/2337/594 729/2338/594 731/2339/594 727/2340/594
f 728/2341/595 732/2342/595 733/2343/595 729/2344/595
f 731/2345/596 735/2346/596 734/2347/596 730/2348/596
f 730/2349/597 734/2350/597 732/2351/597 728/2352/597
f 729/2353/598 733/2354/598 735/2355/598 731/2356/598
f 732/2357/599 736/2358/599 737/2359/599 733/2360/599
f 735/2361/600 739/2362/600 738/2363/600 734/2364/600
f 734/2365/601 738/2366/601 736/2367/601 732/2368/601
f 733/2369/602 737/2370/602 739/2371/602 735/2372/602
f 736/2373/603 740/2374/603 741/2375/603 737/2376/603
f 739/2377/604 743/2378/604 742/2379/604 738/2380/604
f 738/2381/605 742/2382/605 740/2383/605 736/2384/605
f 737/2385/606 741/2386/606 743/2387/606 739/2388/606
f 740/2389/607 744/2390/607 745/2391/607 741/2392/607
f 743/2393/608 747/2394/608 746/2395/608 742/2396/608
f 742/2397/609 746/2398/609 744/2399/609 740/2400/609
f 741/2401/610 745/2402/610 747/2403/610 743/2404/610
f 744/2405/611 748/2406/611 749/2407/611 745/2408/611
f 747/2409/612 751/2410/612 750/2411/612 746/2412/612
f 746/2413/613 750/2414/613 748/2415/613 744/2416/613
f 745/2417/614 749/2418/614 751/2419/614 747/2420/614
f 748/2421/615 704/2422/615 705/2423/615 749/2424/615
f 751/2425/616 707/2426/616 706/2427/616 750/2428/616
f 750/2429/617 706/2430/617 704/2431/617 748/2432/617
f 749/2433/618 705/2434/618 707/2435/618 751/2436/618
usemtl m_ac3999ef-95b5-0d58-6ef6-8589e28d3a01
f 754/2437/619 755/2438/619 752/2439/619
f 755/2440/620 756/2441/620 752/2442/620
f 756/2443/621 757/2444/621 752/2445/621
f 757/2446/622 758/2447/622 752/2448/622
f 758/2449/623 759/2450/623 752/2451/623
f 759/2452/624 760/2453/624 752/2454/624
f 760/2455/625 761/2456/625 752/2457/625
f 761/2458/626 762/2459/626 752/2460/626
f 762/2461/627 763/2462/627 752/2463/627
f 763/2464/628 764/2465/628 752/2466/628
f 764/2467/629 753/2468/629 752/2469/629
f 753/2470/630 754/2471/630 752/2472/630
usemtl m_3d215661-f591-00a8-53e2-d8d611c756be
f 768/2473/631 766/2474/631 765/2475/631 767/2476/631
f 771/2477/632 769/2478/632 770/2479/632 772/2480/632
f 765/2481/633 766/2482/633 770/2483/633 769/2484/633
f 768/2485/634 767/2486/634 771/2487/634 772/2488/634
f 767/2489/635 765/2490/635 769/2491/635 771/2492/635
f 772/2493/636 770/2494/636 766/2495/636 768/2496/636
f 776/2497/637 774/2498/637 773/2499/637 775/2500/637
f 779/2501/638 777/2502/638 778/2503/638 780/2504/638
f 773/2505/639 774/2506/639 778/2507/639 777/2508/639
f 776/2509/640 775/2510/640 779/2511/640 780/2512/640
f 775/2513/641 773/2514/641 777/2515/641 779/2516/641
f 780/2517/642 778/2518/642 774/2519/642 776/2520/642
usemtl m_ac3999ef-95b5-0d58-6ef6-8589e28d3a01
f 783/2521/643 784/2522/643 781/2523/643
f 784/2524/644 785/2525/644 781/2526/644
f 785/2527/645 786/2528/645 781/2529/645
f 786/2530/646 787/2531/646 781/2532/646
f 787/2533/647 788/2534/647 781/2535/647
f 788/2536/648 789/2537/648 781/2538/648
f 789/2539/649 790/2540/649 781/2541/649
f 790/2542/650 791/2543/650 781/2544/650
f 791/2545/651 792/2546/651 781/2547/651
f 792/2548/652 793/2549/652 781/2550/652
f 793/2551/653 782/2552/653 781/2553/653
f 782/2554/654 783/2555/654 781/2556/654
usemtl m_3d215661-f591-00a8-53e2-d8d611c756be
f 794/2557/655 798/2558/655 799/2559/655 795/2560/655
f 797/2561/656 801/2562/656 800/2563/656 796/2564/656
f 796/2565/657 800/2566/657 798/2567/657 794/2568/657
f 795/2569/658 799/2570/658 801/2571/658 797/2572/658
f 798/2573/659 802/2574/659 803/2575/659 799/2576/659
f 801/2577/660 805/2578/660 804/2579/660 800/2580/660
f 800/2581/661 804/2582/661 802/2583/661 798/2584/661
f 799/2585/662 803/2586/662 805/2587/662 801/2588/662
f 802/2589/663 806/2590/663 807/2591/663 803/2592/663
f 805/2593/664 809/2594/664 808/2595/664 804/2596/664
f 804/2597/665 808/2598/665 806/2599/665 802/2600/665
f 803/2601/666 807/2602/666 809/2603/666 805/2604/666
f 806/2605/667 810/2606/667 811/2607/667 807/2608/667
f 809/2609/668 813/2610/668 812/2611/668 808/2612/668
f 808/2613/669 812/2614/669 810/2615/669 806/2616/669
f 807/2617/670 811/2618/670 813/2619/670 809/2620/670
f 810/2621/671 814/2622/671 815/2623/671 811/2624/671
f 813/2625/672 817/2626/672 816/2627/672 812/2628/672
f 812/2629/673 816/2630/673 814/2631/673 810/2632/673
f 811/2633/674 815/2634/674 817/2635/674 813/2636/674
f 814/2637/675 818/2638/675 819/2639/675 815/2640/675
f 817/2641/676 821/2642/676 820/2643/676 816/2644/676
f 816/2645/677 820/2646/677 818/2647/677 814/2648/677
f 815/2649/678 819/2650/678 821/2651/678 817/2652/678
f 818/2653/679 822/2654/679 823/2655/679 819/2656/679
f 821/2657/680 825/2658/680 824/2659/680 820/2660/680
f 820/2661/681 824/2662/681 822/2663/681 818/2664/681
f 819/2665/682 823/2666/682 825/2667/682 821/2668/682
f 822/2669/683 826/2670/683 827/2671/683 823/2672/683
f 825/2673/684 829/2674/684 828/2675/684 824/2676/684
f 824/2677/685 828/2678/685 826/2679/685 822/2680/685
f 823/2681/686 827/2682/686 829/2683/686 825/2684/686
f 826/2685/687 830/2686/687 831/2687/687 827/2688/687
f 829/2689/688 833/2690/688 832/2691/688 828/2692/688
f 828/2693/689 832/2694/689 830/2695/689 826/2696/689
f 827/2697/690 831/2698/690 833/2699/690 829/2700/690
f 830/2701/691 834/2702/691 835/2703/691 831/2704/691
f 833/2705/692 837/2706/692 836/2707/692 832/2708/692
f 832/2709/693 836/2710/693 834/2711/693 830/2712/693
f 831/2713/694 835/2714/694 837/2715/694 833/2716/694
f 834/2717/695 838/2718/695 839/2719/695 835/2720/695
f 837/2721/696 841/2722/696 840/2723/696 836/2724/696
f 836/2725/697 840/2726/697 838/2727/697 834/2728/697
f 835/2729/698 839/2730/698 841/2731/698 837/2732/698
f 838/2733/699 794/2734/699 795/2735/699 839/2736/699
f 841/2737/700 797/2738/700 796/2739/700 840/2740/700
f 840/2741/701 796/2742/701 794/2743/701 838/2744/701
f 839/2745/702 795/2746/702 797/2747/702 841/2748/702
f 845/2749/703 843/2750/703 842/2751/703 844/2752/703
f 848/2753/704 846/2754/704 847/2755/704 849/2756/704
f 842/2757/705 843/2758/705 847/2759/705 846/2760/705
f 845/2761/706 844/2762/706 848/2763/706 849/2764/706
f 844/2765/707 842/2766/707 846/2767/707 848/2768/707
f 849/2769/708 847/2770/708 843/2771/708 845/2772/708